Date,Open,High,Low,Close,Volume,Dividends,Stock Splits
2005-04-01 00:00:00-05:00,22.429950541554362,22.429950541554362,21.90218612216351,22.258914947509766,3583200,0.0,0.0
2005-04-04 00:00:00-04:00,22.503242100694905,22.576543310428914,21.57477067411827,21.858198165893555,4540700,0.0,0.0
2005-04-05 00:00:00-04:00,21.799569796764676,22.16118456609865,21.56012066777744,21.93151092529297,3292200,0.0,0.0
2005-04-06 00:00:00-04:00,22.102540434284855,22.58632447916173,21.965713452113864,22.341989517211914,3645900,0.0,0.0
2005-04-07 00:00:00-04:00,22.591213315010535,22.615646441577855,21.960828583282126,22.19050407409668,4285200,0.0,0.0
2005-04-08 00:00:00-04:00,22.190494101700747,22.341982400944275,21.789785040865322,21.823991775512695,2642900,0.0,0.0
2005-04-11 00:00:00-04:00,21.775126756624807,21.951046317122167,21.50147100008336,21.892406463623047,2832700,0.0,0.0
2005-04-12 00:00:00-04:00,21.867972904985603,21.872858782625457,21.227814814781762,21.5014705657959,3711000,0.0,0.0
2005-04-13 00:00:00-04:00,21.408627859496594,21.726262159245692,21.10076531679905,21.1740665435791,3472000,0.0,0.0
2005-04-14 00:00:00-04:00,21.306013769422233,21.628535932929314,21.066566485068364,21.13986587524414,3191300,0.0,0.0
2005-04-15 00:00:00-04:00,21.55033900690397,21.79467392473339,20.96393669541535,21.042123794555664,5863100,0.0,0.0
2005-04-18 00:00:00-04:00,21.15940583368108,21.755583695142775,21.154519955004307,21.50636100769043,4143500,0.0,0.0
2005-04-19 00:00:00-04:00,21.745809425454233,22.239365178714674,21.721376304543295,21.99991798400879,3898400,0.0,0.0
2005-04-20 00:00:00-04:00,22.03900313897088,22.283337993567574,21.51612669926412,21.54056167602539,3843700,0.0,0.0
2005-04-21 00:00:00-04:00,21.545455095458465,22.327326158231745,21.462380246466996,22.268686294555664,4079500,0.0,0.0
2005-04-22 00:00:00-04:00,22.60097296341606,22.77689434852674,22.146510006589107,22.478805541992188,3860500,0.0,0.0
2005-04-25 00:00:00-04:00,22.698717498247596,22.869751219634118,22.488589289614005,22.713376998901367,2629500,0.0,0.0
2005-04-26 00:00:00-04:00,22.503239602581978,22.68404687195977,22.048776626586914,22.048776626586914,3235200,0.0,0.0
2005-04-27 00:00:00-04:00,22.136747157944775,22.26380238194466,21.408630015965674,21.44283676147461,3662000,0.0,0.0
2005-04-28 00:00:00-04:00,21.442830611592765,21.882632298054254,21.25713557199669,21.42816925048828,3930500,0.0,0.0
2005-04-29 00:00:00-04:00,21.84354332314462,21.941277668902213,21.369532957903218,21.56011390686035,3776600,0.0,0.0
2005-05-02 00:00:00-04:00,21.5161330341788,22.185612075057396,21.349985209569688,22.151405334472656,2457200,0.0,0.0
2005-05-03 00:00:00-04:00,21.848427924382143,21.990142624240065,21.34021084745355,21.418399810791016,3220500,0.0,0.0
2005-05-04 00:00:00-04:00,21.447719595023624,21.95593669060324,21.20827241046139,21.84842872619629,3124500,0.0,0.0
2005-05-05 00:00:00-04:00,21.92436971162589,22.218326993705045,21.684303165077882,21.97336196899414,2990800,0.115,0.0
2005-05-06 00:00:00-04:00,22.169337980059055,22.35061160156655,22.027257796393812,22.10074806213379,2354400,0.0,0.0
2005-05-09 00:00:00-04:00,22.149750225484436,22.424111888733933,21.983173835107227,22.28693199157715,1884700,0.0,0.0
2005-05-10 00:00:00-04:00,22.19383427605385,22.26242419448511,21.762695242997935,21.811689376831055,2629700,0.0,0.0
2005-05-11 00:00:00-04:00,21.728403850313516,21.948872816412877,21.51283523286937,21.74310302734375,2426400,0.0,0.0
2005-05-12 00:00:00-04:00,21.698997948155956,21.74309171844201,20.73873569407573,20.90041160583496,4669300,0.0,0.0
2005-05-13 00:00:00-04:00,20.82203061341788,21.057196852544266,20.567266720463845,20.826929092407227,4304100,0.0,0.0
2005-05-16 00:00:00-04:00,20.8269252139217,21.106187056622442,20.483975680479148,21.091487884521484,6441700,0.0,0.0
2005-05-17 00:00:00-04:00,20.973903217596025,21.277659283356794,20.944506745838055,21.243364334106445,3476700,0.0,0.0
2005-05-18 00:00:00-04:00,21.365841566476732,21.478525210388835,20.900407824103006,21.16497039794922,4240000,0.0,0.0
2005-05-19 00:00:00-04:00,21.164980832289515,21.73329967725116,21.018002175114695,21.703903198242188,2868800,0.0,0.0
2005-05-20 00:00:00-04:00,21.806779898170365,21.95865884605649,21.49812539446774,21.542219161987305,2365700,0.0,0.0
2005-05-23 00:00:00-04:00,21.542227012975825,21.91457306522565,21.483434055566637,21.826385498046875,2630300,0.0,0.0
2005-05-24 00:00:00-04:00,21.89987790103454,22.03215926473309,21.733301576629163,21.919475555419922,2353300,0.0,0.0
2005-05-25 00:00:00-04:00,21.96846443985923,22.43879685907796,21.860679226271014,22.296716690063477,3748000,0.0,0.0
2005-05-26 00:00:00-04:00,22.39470492526915,22.414302578253565,22.188935175737942,22.345712661743164,2356400,0.0,0.0
2005-05-27 00:00:00-04:00,22.34570685980505,22.71805282515613,22.257519313207634,22.634765625,1474400,0.0,0.0
2005-05-31 00:00:00-04:00,22.634781254976485,22.73276769318439,22.218339359826853,22.629880905151367,2166300,0.0,0.0
2005-06-01 00:00:00-04:00,22.752348615513537,22.972817490156377,22.669061412278822,22.8160400390625,2046300,0.0,0.0
2005-06-02 00:00:00-04:00,22.78174878063597,23.002217691009758,22.463293480214393,22.88953399658203,2035000,0.0,0.0
2005-06-03 00:00:00-04:00,23.012018150209713,23.32557312546957,22.948326711817845,23.036514282226562,1891800,0.0,0.0
2005-06-06 00:00:00-04:00,23.1589895354904,23.345163444412172,22.977715972793522,23.27167320251465,2131100,0.0,0.0
2005-06-07 00:00:00-04:00,23.183489688387496,23.350065979224492,22.865034410073157,22.909128189086914,2206900,0.0,0.0
2005-06-08 00:00:00-04:00,22.811143867786203,23.384361130880357,22.732755134313457,23.02671241760254,2795700,0.0,0.0
2005-06-09 00:00:00-04:00,23.149190093456177,23.94287608764446,23.090399022869676,23.928178787231445,2944000,0.0,0.0
2005-06-10 00:00:00-04:00,23.88898486650562,24.104555252596825,23.555834201421522,23.791000366210938,2562300,0.0,0.0
2005-06-13 00:00:00-04:00,23.722420086038387,24.15355919804647,23.52644912162413,24.124164581298828,2218900,0.0,0.0
2005-06-14 00:00:00-04:00,23.933077938948927,24.202540913678657,23.859589565878128,23.991870880126953,1779200,0.0,0.0
2005-06-15 00:00:00-04:00,24.06046052816434,24.398511526252086,23.98697028691574,24.37891387939453,3048100,0.0,0.0
2005-06-16 00:00:00-04:00,24.32502174233358,24.888440039784115,24.320121396436328,24.829648971557617,3009800,0.0,0.0
2005-06-17 00:00:00-04:00,25.099118136276715,25.280391745190485,24.65818217927552,25.255895614624023,3711300,0.0,0.0
2005-06-20 00:00:00-04:00,25.255895245858998,25.45186802539919,25.113815074139108,25.26079559326172,2925500,0.0,0.0
2005-06-21 00:00:00-04:00,25.260792926658834,25.26569140460952,24.7561637267402,24.79045867919922,2613700,0.0,0.0
2005-06-22 00:00:00-04:00,24.98643654448521,25.05992681130774,24.57489516193628,24.94234275817871,2517000,0.0,0.0
2005-06-23 00:00:00-04:00,24.96193649349712,25.52535493126609,24.829655155342277,24.991331100463867,2244600,0.0,0.0
2005-06-24 00:00:00-04:00,25.079511858463782,25.197095861250194,24.66797065211283,24.692468643188477,2511400,0.0,0.0
2005-06-27 00:00:00-04:00,24.96193049418812,25.515551842534954,24.96193049418812,25.451860427856445,3045900,0.0,0.0
2005-06-28 00:00:00-04:00,25.39797969898826,25.39797969898826,24.82476043701172,24.82476043701172,2575000,0.0,0.0
2005-06-29 00:00:00-04:00,24.824755020896486,25.035425094325493,24.60428799101785,24.86884880065918,2244000,0.0,0.0
2005-06-30 00:00:00-04:00,24.677776055858775,25.329383918408745,24.677776055858775,25.064821243286133,3372600,0.0,0.0
2005-07-01 00:00:00-04:00,25.280381426361426,25.471455652231942,25.0746117708713,25.265684127807617,2354900,0.0,0.0
2005-07-05 00:00:00-04:00,25.388174855327193,26.13286875013893,25.344081076393117,26.025083541870117,3361200,0.0,0.0
2005-07-06 00:00:00-04:00,26.142666635329512,26.392530127681752,25.750722986083478,25.917299270629883,2845500,0.0,0.0
2005-07-07 00:00:00-04:00,25.57435365553222,26.755085216962666,25.4420722935958,26.034887313842773,2939600,0.0,0.0
2005-07-08 00:00:00-04:00,26.09856783601385,26.225948796657246,25.564544132632513,25.667428970336914,2245200,0.0,0.0
2005-07-11 00:00:00-04:00,25.280381966360945,25.96138609386976,25.14810253868272,25.956485748291016,2368100,0.0,0.0
2005-07-12 00:00:00-04:00,26.088778092110676,26.421930713036467,25.897705650183976,26.201461791992188,2354900,0.0,0.0
2005-07-13 00:00:00-04:00,26.186763444099387,26.31904479145829,25.84871048898166,25.927099227905273,2669200,0.0,0.0
2005-07-14 00:00:00-04:00,26.03978716301373,26.137771693887977,25.3048919678461,25.491064071655273,2557500,0.0,0.0
2005-07-15 00:00:00-04:00,25.613545393149337,25.67233835161625,25.30489077140572,25.314687728881836,2305500,0.0,0.0
2005-07-18 00:00:00-04:00,25.314679461410115,25.608638550936035,24.88844093087212,25.25098991394043,1840800,0.0,0.0
2005-07-19 00:00:00-04:00,25.42247550914016,26.16716957092285,25.265698008652773,26.16716957092285,2245600,0.0,0.0
2005-07-20 00:00:00-04:00,25.966299547467912,26.069184436753027,25.427377096887046,25.72133445739746,3612000,0.0,0.0
2005-07-21 00:00:00-04:00,25.721313879540673,26.02017134936094,25.206887975736624,25.691917419433594,2221300,0.0,0.0
2005-07-22 00:00:00-04:00,26.407227530532534,27.11762452954607,26.343536107754318,26.970645904541016,3876600,0.0,0.0
2005-07-25 00:00:00-04:00,26.701187102911334,27.852521946013415,26.701187102911334,27.828025817871094,4259400,0.0,0.0
2005-07-26 00:00:00-04:00,27.828025931269114,27.926012313172468,27.362592018929284,27.53896713256836,3348100,0.0,0.0
2005-07-27 00:00:00-04:00,27.607550347592927,27.974997788966043,27.31849161895537,27.93580436706543,2468300,0.0,0.0
2005-07-28 00:00:00-04:00,28.0631866389611,28.151374178536322,27.377285837629223,28.087684631347656,3505700,0.0,0.0
2005-07-29 00:00:00-04:00,28.342448712411052,28.52862262888117,27.641848688604526,27.700641632080078,2545200,0.0,0.0
2005-08-01 00:00:00-04:00,27.818220363494927,28.2640565176036,27.779026941594314,27.93580436706543,2657700,0.0,0.0
2005-08-02 00:00:00-04:00,28.112182541936505,28.538421097690467,28.072987246773845,28.401241302490234,2301000,0.0,0.0
2005-08-03 00:00:00-04:00,28.562911342945768,28.73438792058167,28.29345028544267,28.47472381591797,2776200,0.0,0.0
2005-08-04 00:00:00-04:00,28.398639615792693,28.707907960872642,28.374094925182508,28.482093811035156,2172100,0.115,0.0
2005-08-05 00:00:00-04:00,28.516462519650506,28.57537016355654,27.902835767095315,28.167922973632812,2518000,0.0,0.0
2005-08-08 00:00:00-04:00,28.545922650082026,28.825736352095106,28.487013122449365,28.550830841064453,1946300,0.0,0.0
2005-08-09 00:00:00-04:00,28.619542966051757,28.712815403558483,28.305366460563114,28.38882064819336,2035600,0.0,0.0
2005-08-10 00:00:00-04:00,28.487004903802077,28.884635673721373,28.290645486265674,28.688274383544922,2516100,0.0,0.0
2005-08-11 00:00:00-04:00,28.732462430399742,29.051549134850934,28.639191825281014,29.041730880737305,2578400,0.0,0.0
2005-08-12 00:00:00-04:00,29.00245424114478,29.076088324083067,28.599913389326893,28.74227523803711,2622000,0.0,0.0
2005-08-15 00:00:00-04:00,28.747186151927014,28.86500143717382,28.33973709823468,28.48700714111328,2353500,0.0,0.0
2005-08-16 00:00:00-04:00,28.491911759395123,28.78645178887084,27.902829827803856,27.971555709838867,2687800,0.0,0.0
2005-08-17 00:00:00-04:00,28.030473327675033,28.221926474947438,27.348120580596,27.40703010559082,3451000,0.0,0.0
2005-08-18 00:00:00-04:00,26.90630482246289,27.441387391834112,26.85721356177188,27.141937255859375,3365400,0.0,0.0
2005-08-19 00:00:00-04:00,27.407021943121823,27.65247260624429,27.245023606593822,27.46101951599121,2438100,0.0,0.0
2005-08-22 00:00:00-04:00,27.608298120247017,27.834112335754487,27.02412420158327,27.25484848022461,1997400,0.0,0.0
2005-08-23 00:00:00-04:00,27.387388240038543,27.750654209912632,27.073211658750637,27.569021224975586,2284400,0.0,0.0
2005-08-24 00:00:00-04:00,27.686830725578975,28.22191315286772,27.367744170056106,27.8341007232666,2293100,0.0,0.0
2005-08-25 00:00:00-04:00,27.804659889554525,27.834114652888577,27.49048323788688,27.647571563720703,1272000,0.0,0.0
2005-08-26 00:00:00-04:00,27.68682950761433,27.897917181648545,27.230291224018426,27.2646541595459,1533000,0.0,0.0
2005-08-29 00:00:00-04:00,27.328484558185846,27.834114357192423,27.328484558185846,27.534664154052734,2251000,0.0,0.0
2005-08-30 00:00:00-04:00,27.711375959505396,28.388820209393995,27.711375959505396,28.09427833557129,3510100,0.0,0.0
2005-08-31 00:00:00-04:00,28.17773616944534,28.845360383391753,28.163007856631886,28.840452194213867,4368200,0.0,0.0
2005-09-01 00:00:00-04:00,28.963183111337795,29.242996764466618,28.48209995556122,29.056453704833984,3277600,0.0,0.0
2005-09-02 00:00:00-04:00,29.06136270017504,29.06136270017504,28.39864469923242,28.437917709350586,2352900,0.0,0.0
2005-09-06 00:00:00-04:00,28.55573046742191,28.889543533325195,28.271008659822062,28.889543533325195,3101100,0.0,0.0
2005-09-07 00:00:00-04:00,28.791369346037865,29.027001805490695,28.52137206398119,28.71773338317871,2813200,0.0,0.0
2005-09-08 00:00:00-04:00,28.79136919532274,28.865003285156114,28.482100774629693,28.570463180541992,2126300,0.0,0.0
2005-09-09 00:00:00-04:00,28.76191256667854,29.223359199957095,28.66373191397411,29.1153621673584,2549400,0.0,0.0
2005-09-12 00:00:00-04:00,29.115368108562546,29.184094017687613,28.261198690166758,28.354469299316406,3082700,0.0,0.0
2005-09-13 00:00:00-04:00,28.388828046418126,28.64900518170901,27.92737954516691,28.374099731445312,3609700,0.0,0.0
2005-09-14 00:00:00-04:00,28.5459111856841,29.02208417064721,28.541001124033027,28.815906524658203,2869300,0.0,0.0
2005-09-15 00:00:00-04:00,28.98773329355915,29.32645652813687,28.614648976322947,28.81100845336914,3746900,0.0,0.0
2005-09-16 00:00:00-04:00,29.01225830301663,29.031894799185824,28.56063012696124,28.864988327026367,3472300,0.0,0.0
2005-09-19 00:00:00-04:00,29.38045165425961,29.969533781235135,29.336270447920434,29.822263717651367,3387500,0.0,0.0
2005-09-20 00:00:00-04:00,29.699524506102662,29.944975121855578,29.385348017561267,29.694616317749023,3118900,0.0,0.0
2005-09-21 00:00:00-04:00,30.008794933181537,30.04315787201127,29.267532972392186,29.841888427734375,3606200,0.0,0.0
2005-09-22 00:00:00-04:00,29.994079286195642,30.386801963165684,29.174274724197772,29.650449752807617,3975400,0.0,0.0
2005-09-23 00:00:00-04:00,29.665171481106434,29.665171481106434,28.93863764045313,29.046634674072266,2472300,0.0,0.0
2005-09-26 00:00:00-04:00,28.889550970658544,29.68481270614642,28.889550970658544,29.650449752807617,2575300,0.0,0.0
2005-09-27 00:00:00-04:00,29.316624764176826,29.748616538199382,29.193899445335013,29.704435348510742,2291700,0.0,0.0
2005-09-28 00:00:00-04:00,29.920434778067715,29.920434778067715,29.517895859611432,29.640621185302734,2612900,0.0,0.0
2005-09-29 00:00:00-04:00,29.714251293842782,29.871339539964012,29.38043830267527,29.807523727416992,2247700,0.0,0.0
2005-09-30 00:00:00-04:00,29.81243542623689,29.905705998154083,29.267534689062092,29.29698944091797,1942800,0.0,0.0
2005-10-03 00:00:00-04:00,29.316625762229307,29.444259274208445,28.77663321735803,29.017175674438477,2248400,0.0,0.0
2005-10-04 00:00:00-04:00,28.98772645648347,28.992636519019882,28.177740293510944,28.192466735839844,2726400,0.0,0.0
2005-10-05 00:00:00-04:00,28.256287878527825,28.496828538156098,27.156667816591675,27.25484848022461,3845500,0.0,0.0
2005-10-06 00:00:00-04:00,26.27303905631829,27.245023452053122,26.243584302760286,26.734485626220703,5186700,0.0,0.0
2005-10-07 00:00:00-04:00,26.87684552452781,26.999570846557617,26.44485186664374,26.999570846557617,3110800,0.0,0.0
2005-10-10 00:00:00-04:00,27.0241214564764,27.0241214564764,26.174862266703894,26.832670211791992,3061500,0.0,0.0
2005-10-11 00:00:00-04:00,27.490467278746017,27.78009906248124,27.235198429298066,27.240108489990234,2703000,0.0,0.0
2005-10-12 00:00:00-04:00,27.24502409273316,27.392294118706424,26.547945095894384,26.778667449951172,2754700,0.0,0.0
2005-10-13 00:00:00-04:00,27.245023563866198,27.245023563866198,25.610321251167054,26.204313278198242,3987200,0.0,0.0
2005-10-14 00:00:00-04:00,26.140488981695672,26.577390751438788,25.683950714457715,26.493938446044922,3544900,0.0,0.0
2005-10-17 00:00:00-04:00,26.744295578622584,26.798295007069537,26.33193851996508,26.55775260925293,3149300,0.0,0.0
2005-10-18 00:00:00-04:00,26.385952594020033,26.56267741334198,25.232334950593454,25.291242599487305,3265800,0.0,0.0
2005-10-19 00:00:00-04:00,25.35504808631041,25.97358278306425,24.844510381683424,25.944128036499023,3918900,0.0,0.0
2005-10-20 00:00:00-04:00,25.698688881963555,25.91468670772459,24.72670428395988,25.134153366088867,3902300,0.0,0.0
2005-10-21 00:00:00-04:00,25.06052152124553,26.13559701849644,24.93779614467465,25.4777889251709,3662900,0.0,0.0
2005-10-24 00:00:00-04:00,25.242150653821298,26.317225984951886,25.227424210153323,26.287771224975586,3074800,0.0,0.0
2005-10-25 00:00:00-04:00,26.336858953687926,27.52974941919821,26.282859503972137,27.475749969482422,4455400,0.0,0.0
2005-10-26 00:00:00-04:00,27.441387549933566,28.580278587564855,27.25975269329055,27.785017013549805,5406100,0.0,0.0
2005-10-27 00:00:00-04:00,28.06973609082743,28.104099031535153,27.117388256310896,27.195932388305664,3460000,0.0,0.0
2005-10-28 00:00:00-04:00,26.631400565447535,27.04866600036621,25.359965882901207,27.04866600036621,8868900,0.0,0.0
2005-10-31 00:00:00-05:00,26.63139334006319,27.294109291635614,26.56757565195987,26.97993278503418,4467200,0.0,0.0
2005-11-01 00:00:00-05:00,26.979944955984802,27.60339006179485,26.78849367794875,27.534664154052734,3430800,0.0,0.0
2005-11-02 00:00:00-05:00,27.29411611066928,28.33482838959282,27.24502672148843,28.1777400970459,4104200,0.0,0.0
2005-11-03 00:00:00-05:00,28.394218649977685,29.21588564394238,28.394218649977685,28.85179328918457,4020800,0.13,0.0
2005-11-04 00:00:00-05:00,28.85179468729388,28.85671589438732,27.897285092238864,28.010448455810547,3685500,0.0,0.0
2005-11-07 00:00:00-05:00,28.010445401566333,28.044886339902703,27.085455642370064,27.498748779296875,3872000,0.0,0.0
2005-11-08 00:00:00-05:00,27.38067203083317,27.872687687258633,27.06086110340031,27.282268524169922,3435100,0.0,0.0
2005-11-09 00:00:00-05:00,27.277337172608043,27.60698851580505,26.32282782978776,26.509794235229492,6465400,0.0,0.0
2005-11-10 00:00:00-05:00,26.509803733304246,26.770571427059277,25.535612972053887,25.943984985351562,5210100,0.0,0.0
2005-11-11 00:00:00-05:00,25.58972864693851,26.332673199321572,25.49132703569265,25.993183135986328,3402500,0.0,0.0
2005-11-14 00:00:00-05:00,26.170309819407297,26.549162067217697,26.05714645347286,26.121109008789062,2508200,0.0,0.0
2005-11-15 00:00:00-05:00,26.003027531366367,26.795173064104425,25.589734291541763,25.816062927246094,4137300,0.0,0.0
2005-11-16 00:00:00-05:00,26.126025330146465,26.66232236243835,25.93413956318806,26.603281021118164,3421100,0.0,0.0
2005-11-17 00:00:00-05:00,26.987051438493385,27.31178161765487,26.913250234119147,27.228139877319336,4288300,0.0,0.0
2005-11-18 00:00:00-05:00,27.528268550728868,27.53318788006702,27.06085343421439,27.3905029296875,3496600,0.0,0.0
2005-11-21 00:00:00-05:00,27.469235830243345,28.05473380342364,27.30686975780286,28.044893264770508,3536000,0.0,0.0
2005-11-22 00:00:00-05:00,28.340092553590903,28.615621914174753,28.01044306363167,28.502458572387695,3460100,0.0,0.0
2005-11-23 00:00:00-05:00,28.305659439563176,29.063363982870403,27.980929189130183,28.674671173095703,2840300,0.0,0.0
2005-11-25 00:00:00-05:00,28.733710216336707,28.861633439495503,28.60578511628745,28.787830352783203,922100,0.0,0.0
2005-11-28 00:00:00-05:00,28.38929982757443,28.46310103970406,27.94648504723457,27.990766525268555,3109800,0.0,0.0
2005-11-29 00:00:00-05:00,27.995697717739272,28.507392685777575,27.793971329608187,27.91205406188965,3420400,0.0,0.0
2005-11-30 00:00:00-05:00,27.848078949878918,28.53690146001472,27.848078949878918,28.217090606689453,3453100,0.0,0.0
2005-12-01 00:00:00-05:00,28.463111601614475,29.373341904099878,28.389310362099152,29.314300537109375,4852900,0.0,0.0
2005-12-02 00:00:00-05:00,29.388102477840185,29.476665468884708,28.886246154218316,29.23065757751465,3567300,0.0,0.0
2005-12-05 00:00:00-05:00,29.52585317379178,29.860423907508153,29.29952646477495,29.437292098999023,4932300,0.0,0.0
2005-12-06 00:00:00-05:00,29.25033149595698,29.752187696675726,29.225731088222794,29.363494873046875,2856800,0.0,0.0
2005-12-07 00:00:00-05:00,29.683299740648962,29.914545778381022,29.245404314112893,29.68821907043457,3495300,0.0,0.0
2005-12-08 00:00:00-05:00,29.766949982892253,30.765741257746175,29.75219011243146,30.69685935974121,3805600,0.0,0.0
2005-12-09 00:00:00-05:00,30.59353624025224,30.790343270134386,30.28848703313676,30.49021339416504,2729400,0.0,0.0
2005-12-12 00:00:00-05:00,30.775579595685812,30.987146482648548,30.258963520710385,30.878902435302734,2560800,0.0,0.0
2005-12-13 00:00:00-05:00,30.923186578823213,30.996989685974782,30.140881525958687,30.22944450378418,3368500,0.0,0.0
2005-12-14 00:00:00-05:00,30.229447222034683,30.97731139264781,30.08184287134985,30.849388122558594,3047100,0.0,0.0
2005-12-15 00:00:00-05:00,30.800176042625676,30.996983034873164,30.455766621528436,30.775575637817383,3033800,0.0,0.0
2005-12-16 00:00:00-05:00,31.046179459102657,31.06094120141494,30.14579200744629,30.14579200744629,3302600,0.0,0.0
2005-12-19 00:00:00-05:00,30.234358677550997,30.416403922107957,29.447132599692072,29.57997703552246,2887100,0.0,0.0
2005-12-20 00:00:00-05:00,29.84076279953348,30.288497159155046,29.653796246328074,30.091690063476562,2412200,0.0,0.0
2005-12-21 00:00:00-05:00,30.332775094951845,30.687025197868014,30.111367607572152,30.544342041015625,2822000,0.0,0.0
2005-12-22 00:00:00-05:00,30.726374038823963,30.869059010693213,30.43608476500642,30.613210678100586,2095700,0.0,0.0
2005-12-23 00:00:00-05:00,30.50497707941649,30.726384546500167,29.845675886817972,30.701784133911133,1619300,0.0,0.0
2005-12-27 00:00:00-05:00,30.50496675085258,30.509886080948302,29.49633516108153,29.83090591430664,2097700,0.0,0.0
2005-12-28 00:00:00-05:00,29.899788545340073,30.29340065401808,29.698062222336933,30.135955810546875,2258800,0.0,0.0
2005-12-29 00:00:00-05:00,30.09167357786218,30.50004742075686,29.78170322889675,29.83090591430664,1778700,0.0,0.0
2005-12-30 00:00:00-05:00,29.570132431637884,30.42624027473027,29.452049756177733,29.90470314025879,1574400,0.0,0.0
2006-01-03 00:00:00-05:00,29.816144571964298,31.454557418823242,29.816144571964298,31.454557418823242,3764800,0.0,0.0
2006-01-04 00:00:00-05:00,31.21839708110949,31.961339975145926,31.031430586341592,31.78421401977539,2720700,0.0,0.0
2006-01-05 00:00:00-05:00,31.685803950828557,31.912130666089645,30.97730031781579,31.62183952331543,3945900,0.0,0.0
2006-01-06 00:00:00-05:00,31.956419038734396,33.11757642102284,31.784214290043735,32.97981262207031,3928500,0.0,0.0
2006-01-09 00:00:00-05:00,33.078217927378915,33.132336202150704,32.3254307357989,32.91093063354492,2741000,0.0,0.0
2006-01-10 00:00:00-05:00,32.91093292514508,33.52103139867202,32.84205102105893,33.43246841430664,2710900,0.0,0.0
2006-01-11 00:00:00-05:00,33.432466669639865,34.11145076560255,32.76824619845284,33.95892333984375,3253200,0.0,0.0
2006-01-12 00:00:00-05:00,34.24430176301051,34.455868724669294,33.289793584595735,33.59484100341797,4183600,0.0,0.0
2006-01-13 00:00:00-05:00,33.58990519499264,33.88511757414183,33.412783022796994,33.65386962890625,3313100,0.0,0.0
2006-01-17 00:00:00-05:00,34.07207884443929,34.23936233947799,33.85067333541019,33.99827575683594,3169100,0.0,0.0
2006-01-18 00:00:00-05:00,33.99827701841486,34.17048172669207,33.555462230144116,34.11635971069336,4174200,0.0,0.0
2006-01-19 00:00:00-05:00,34.39189577462674,35.75477751661263,34.17048647284787,35.656375885009766,4016200,0.0,0.0
2006-01-20 00:00:00-05:00,36.23695448417367,36.97497798179928,35.735096403670546,36.3648796081543,5864000,0.0,0.0
2006-01-23 00:00:00-05:00,36.33534018181364,37.65886294170451,36.13361579955643,37.58998107910156,4210400,0.0,0.0
2006-01-24 00:00:00-05:00,37.393194368437356,37.39811557665006,36.71421403258252,36.93069839477539,4767600,0.0,0.0
2006-01-25 00:00:00-05:00,36.974980328322566,37.05370088776532,35.52845297996607,35.897464752197266,4669700,0.0,0.0
2006-01-26 00:00:00-05:00,35.794136310154315,36.28123072228528,35.45464433156965,36.14346694946289,5017200,0.0,0.0
2006-01-27 00:00:00-05:00,36.512479684470584,37.06845599855147,35.91714121883139,36.620723724365234,4931500,0.0,0.0
2006-01-30 00:00:00-05:00,36.92579833951397,38.347724126643925,36.90119604064003,38.082035064697266,4482000,0.0,0.0
2006-01-31 00:00:00-05:00,37.95901481508768,38.53959353420735,37.49651882164833,38.10169982910156,4021500,0.0,0.0
2006-02-01 00:00:00-05:00,38.22469642405285,38.49530277485469,36.61088571907255,36.67976760864258,4595400,0.0,0.0
2006-02-02 00:00:00-05:00,36.74384602649208,37.236721204525026,35.73345040738886,36.487548828125,5351800,0.13,0.0
2006-02-03 00:00:00-05:00,36.645273453096834,37.20222488260375,35.85667381877252,36.43826675415039,3412400,0.0,0.0
2006-02-06 00:00:00-05:00,37.01492891922295,37.52258980307367,36.65513210810176,37.41908645629883,3663300,0.0,0.0
2006-02-07 00:00:00-05:00,36.59598780197964,36.6009176074407,35.25536650239417,35.472232818603516,4273700,0.0,0.0
2006-02-08 00:00:00-05:00,35.5855811728658,35.87637944097639,34.79205195084796,35.5461540222168,4652000,0.0,0.0
2006-02-09 00:00:00-05:00,36.05383157381778,36.08340289066341,34.32876789813598,34.42734146118164,4255700,0.0,0.0
2006-02-10 00:00:00-05:00,34.994132977069896,34.994132977069896,33.599295506629346,34.53575897216797,5658600,0.0,0.0
2006-02-13 00:00:00-05:00,34.53574017677365,34.81667868750613,33.71264008958122,34.136512756347656,3319400,0.0,0.0
2006-02-14 00:00:00-05:00,33.71266191294391,34.13160504957119,32.99799067014295,33.11628341674805,5945100,0.0,0.0
2006-02-15 00:00:00-05:00,33.88516312457671,34.180887432505294,32.04673734705069,32.61354446411133,5082100,0.0,0.0
2006-02-16 00:00:00-05:00,33.397224933086946,34.23018147224159,33.17050279009969,34.08232116699219,5830900,0.0,0.0
2006-02-17 00:00:00-05:00,34.42731678093379,34.58996642766524,33.64364736359851,33.7767219543457,4303000,0.0,0.0
2006-02-21 00:00:00-05:00,34.64912312883529,36.02424143186959,34.599832607584574,35.90595245361328,4840000,0.0,0.0
2006-02-22 00:00:00-05:00,35.36379542490523,35.373651274307115,33.76195103283635,34.02317428588867,5565600,0.0,0.0
2006-02-23 00:00:00-05:00,34.023166191103634,34.86598212716732,33.53029111080872,34.11681365966797,4559800,0.0,0.0
2006-02-24 00:00:00-05:00,34.747690284801806,34.99412780455218,34.166097587777415,34.23509979248047,2483200,0.0,0.0
2006-02-27 00:00:00-05:00,34.00838243781661,34.13653101873798,33.229638865020114,33.4366455078125,3720500,0.0,0.0
2006-02-28 00:00:00-05:00,33.31836584557675,33.658450968299285,32.91420829465796,33.49087142944336,3642100,0.0,0.0
2006-03-01 00:00:00-05:00,33.64366168722977,33.98374301296628,33.4317252040772,33.82602310180664,2955400,0.0,0.0
2006-03-02 00:00:00-05:00,34.10695444230113,34.80191011842654,33.840805204996165,34.619544982910156,3392600,0.0,0.0
2006-03-03 00:00:00-05:00,34.62446667955641,35.092696397422486,34.46674683940112,34.560394287109375,2450100,0.0,0.0
2006-03-06 00:00:00-05:00,34.378032464057576,34.38296226712627,32.766332811689175,32.864906311035156,3579600,0.0,0.0
2006-03-07 00:00:00-05:00,32.40654178015529,32.726911386323486,31.548940054381468,32.01716995239258,4696200,0.0,0.0
2006-03-08 00:00:00-05:00,31.741152328917792,32.51989577008561,31.322207430003925,32.32767105102539,4304800,0.0,0.0
2006-03-09 00:00:00-05:00,32.529760410394495,32.67762446185008,31.637657578205804,31.918596267700195,3717700,0.0,0.0
2006-03-10 00:00:00-05:00,31.79537177968046,32.52975458018691,31.29756690669498,32.071380615234375,2821200,0.0,0.0
2006-03-13 00:00:00-05:00,32.35725585667359,32.85013102963027,32.26360837050329,32.731842041015625,2560500,0.0,0.0
2006-03-14 00:00:00-05:00,32.79591402988747,33.55986828175288,32.268537752150266,33.451438903808594,2767300,0.0,0.0
2006-03-15 00:00:00-05:00,33.362718500536594,33.752090301530686,33.06699041650345,33.584510803222656,3704300,0.0,0.0
2006-03-16 00:00:00-05:00,33.58943419139276,33.855587159980885,32.83533599389546,33.57957458496094,3692700,0.0,0.0
2006-03-17 00:00:00-05:00,33.70278499252893,33.742215887810374,32.924045492574756,33.062049865722656,2791300,0.0,0.0
2006-03-20 00:00:00-05:00,32.899429204535856,33.23458458879344,31.63273972115686,31.755958557128906,3583500,0.0,0.0
2006-03-21 00:00:00-05:00,31.642579209149545,32.58890223787141,31.361642439006914,31.99744987487793,3203800,0.0,0.0
2006-03-22 00:00:00-05:00,32.05167154194311,32.79098429321784,31.79537810938374,32.22910690307617,2854600,0.0,0.0
2006-03-23 00:00:00-05:00,32.431183243511164,33.042347317619786,32.367107073579575,32.781124114990234,2339800,0.0,0.0
2006-03-24 00:00:00-05:00,32.78112922570283,33.20007237600886,32.50511656828468,32.94377517700195,2617200,0.0,0.0
2006-03-27 00:00:00-05:00,32.62834209442156,33.10150567322791,32.24389997693887,32.993072509765625,2680700,0.0,0.0
2006-03-28 00:00:00-05:00,33.31834107880723,34.1513008278869,33.22962345014586,33.83586120605469,3750600,0.0,0.0
2006-03-29 00:00:00-05:00,33.73729192008187,34.23016691532244,33.46621292890224,34.171024322509766,2965100,0.0,0.0
2006-03-30 00:00:00-05:00,34.353388749065964,34.594900225864784,33.850657863323995,34.23509979248047,2661900,0.0,0.0
2006-03-31 00:00:00-05:00,33.76194086661666,33.97387728816369,33.17541835482269,33.71265411376953,2702700,0.0,0.0
2006-04-03 00:00:00-04:00,33.95909920763061,34.59983465813592,33.31835999678626,33.39229202270508,2454400,0.0,0.0
2006-04-04 00:00:00-04:00,33.26906803529486,33.97880935668945,32.84026536022921,33.97880935668945,3912300,0.0,0.0
2006-04-05 00:00:00-04:00,34.205533549372674,34.73783957319531,33.63872641809888,34.53575897216797,2816200,0.0,0.0
2006-04-06 00:00:00-04:00,34.9694772741981,35.09269601548891,34.323812273142245,34.95962142944336,2825000,0.0,0.0
2006-04-07 00:00:00-04:00,34.95963336864366,35.048351043084864,34.02316986295067,34.25482177734375,2384100,0.0,0.0
2006-04-10 00:00:00-04:00,34.87090800889739,35.90594480903734,34.71811795449872,35.75315475463867,3755600,0.0,0.0
2006-04-11 00:00:00-04:00,35.89115760400534,36.10309400592119,34.68854139217235,34.979339599609375,3541200,0.0,0.0
2006-04-12 00:00:00-04:00,35.102557939709975,35.54614618973106,34.8462608351032,34.93497848510742,3310200,0.0,0.0
2006-04-13 00:00:00-04:00,34.7476950759313,35.270141486530555,34.30410672714955,35.25535583496094,2533100,0.0,0.0
2006-04-17 00:00:00-04:00,35.74824572927898,36.019328654647836,35.3638035880942,35.80739212036133,2655700,0.0,0.0
2006-04-18 00:00:00-04:00,36.078448819808756,36.462894481944424,35.93551837762269,36.324886322021484,3138800,0.0,0.0
2006-04-19 00:00:00-04:00,35.979875857353605,37.177562286306426,35.979875857353605,36.980411529541016,3550100,0.0,0.0
2006-04-20 00:00:00-04:00,36.98535824841025,37.18250909534582,35.797527121869685,36.867069244384766,3288700,0.0,0.0
2006-04-21 00:00:00-04:00,37.45852281213523,38.67099559928721,37.22194101350893,38.41962814331055,5121100,0.0,0.0
2006-04-24 00:00:00-04:00,38.424559119014546,38.424559119014546,37.4782394163796,37.926753997802734,3599200,0.0,0.0
2006-04-25 00:00:00-04:00,38.22246255508667,38.43439898212057,36.76847886625563,37.42400360107422,4464400,0.0,0.0
2006-04-26 00:00:00-04:00,38.621686451100224,39.972162938427,38.621686451100224,38.93712615966797,7935100,0.0,0.0
2006-04-27 00:00:00-04:00,38.56256068000638,40.16933513843913,37.39937472363665,38.991363525390625,7168800,0.0,0.0
2006-04-28 00:00:00-04:00,39.87359335864368,40.213674595167866,39.55322381554667,39.83909225463867,4489000,0.0,0.0
2006-05-01 00:00:00-04:00,39.927833352362676,41.574035224478855,39.62224928014028,41.194522857666016,4681500,0.0,0.0
2006-05-02 00:00:00-04:00,41.682446343760226,42.840702056884766,41.19450105599955,42.840702056884766,6058900,0.0,0.0
2006-05-03 00:00:00-04:00,42.75691911545533,42.939284274050195,42.091538417311426,42.36261749267578,5546900,0.0,0.0
2006-05-04 00:00:00-04:00,42.105930141959334,43.17215099549453,41.83443671585562,43.1129150390625,5602800,0.13,0.0
2006-05-05 00:00:00-04:00,43.33998661709963,43.56705214639318,42.693339631423854,43.01419448852539,3902000,0.0,0.0
2006-05-08 00:00:00-04:00,42.52551974867974,43.45352739710299,42.105941962755665,43.374549865722656,3247500,0.0,0.0
2006-05-09 00:00:00-04:00,42.99443978317485,43.81385343117413,42.895716971479594,43.428829193115234,2584500,0.0,0.0
2006-05-10 00:00:00-04:00,42.994452668199365,43.25113808118736,42.6242363643411,42.945091247558594,4595000,0.0,0.0
2006-05-11 00:00:00-04:00,43.315310552980115,43.369609249258126,42.061510798439706,42.15530014038086,4243900,0.0,0.0
2006-05-12 00:00:00-04:00,42.01215580669672,42.01215580669672,40.358523368232674,40.39801025390625,5305800,0.0,0.0
2006-05-15 00:00:00-04:00,39.48975415391098,40.27954848378191,38.99613222698709,39.593414306640625,5318500,0.0,0.0
2006-05-16 00:00:00-04:00,40.08209386111005,40.595461051731725,39.400897044380734,39.810604095458984,3889000,0.0,0.0
2006-05-17 00:00:00-04:00,39.49468570281696,40.126521075127584,38.75425291975871,39.020809173583984,4108500,0.0,0.0
2006-05-18 00:00:00-04:00,39.04547409150557,39.39101152674321,38.40376816783772,38.50249099731445,4416100,0.0,0.0
2006-05-19 00:00:00-04:00,38.50742158904639,39.22810866411185,37.6485173042405,38.922061920166016,5909800,0.0,0.0
2006-05-22 00:00:00-04:00,38.83323573465063,39.489753795347006,37.984205425484845,39.119537353515625,5381000,0.0,0.0
2006-05-23 00:00:00-04:00,39.93399429321289,41.01996047268306,39.711862279661375,39.93399429321289,5918100,0.0,0.0
2006-05-24 00:00:00-04:00,39.93400679090353,40.90644239834269,38.887527155774485,40.05247497558594,6548000,0.0,0.0
2006-05-25 00:00:00-04:00,40.526339622831806,41.76533110781914,40.1906767260795,41.730777740478516,6011000,0.0,0.0
2006-05-26 00:00:00-04:00,41.711041397916226,42.219471240792615,41.56295335399467,41.67155075073242,3869000,0.0,0.0
2006-05-30 00:00:00-04:00,42.13062614828195,42.38731163147155,41.296407743005815,41.37538528442383,3562600,0.0,0.0
2006-05-31 00:00:00-04:00,41.37536503566349,42.65384702063607,41.04957671694375,42.59954833984375,4484200,0.0,0.0
2006-06-01 00:00:00-04:00,42.45145093948944,42.940135192326785,41.90846801788869,42.67851638793945,4064400,0.0,0.0
2006-06-02 00:00:00-04:00,43.04382247707866,43.9323432859045,42.72790480417074,43.734893798828125,4047700,0.0,0.0
2006-06-05 00:00:00-04:00,44.05572958371264,44.08041217112555,41.98745379084217,42.05656051635742,4798300,0.0,0.0
2006-06-06 00:00:00-04:00,41.9578362626639,42.801928752024004,41.439532073005644,42.204647064208984,5600400,0.0,0.0
2006-06-07 00:00:00-04:00,42.155301959001584,42.30338623757399,39.983365312287525,40.01298141479492,6007600,0.0,0.0
2006-06-08 00:00:00-04:00,39.637835624099715,40.62014204027213,38.50744114814678,40.452308654785156,8407000,0.0,0.0
2006-06-09 00:00:00-04:00,40.64974371770228,40.950853237288065,39.3317747643881,40.28940200805664,4955400,0.0,0.0
2006-06-12 00:00:00-04:00,40.402906539457234,40.53618641225947,38.2309718572622,38.25071716308594,4519200,0.0,0.0
2006-06-13 00:00:00-04:00,37.56461134927943,38.64070682690401,36.4046010848669,36.779754638671875,6624100,0.0,0.0
2006-06-14 00:00:00-04:00,36.838993760052574,37.73738528984532,36.62673623436352,37.59423828125,4907800,0.0,0.0
2006-06-15 00:00:00-04:00,37.91508834559862,40.012980945398155,37.89040951581043,39.78591537475586,4941800,0.0,0.0
2006-06-16 00:00:00-04:00,39.48973343503314,39.840204367344924,38.64564083478344,39.46011734008789,4480500,0.0,0.0
2006-06-19 00:00:00-04:00,39.465060947200385,39.465060947200385,37.95951673423222,38.07304763793945,4255200,0.0,0.0
2006-06-20 00:00:00-04:00,38.27050165773522,38.33960841586731,36.873550909998414,36.97721481323242,4643500,0.0,0.0
2006-06-21 00:00:00-04:00,36.97720590560588,38.324791130590945,36.922907213577254,37.653465270996094,5230800,0.0,0.0
2006-06-22 00:00:00-04:00,37.613963243067225,38.00392474685598,37.13021619910008,37.44119644165039,4190600,0.0,0.0
2006-06-23 00:00:00-04:00,37.81142407525165,38.166832326335395,37.44120777471191,37.653465270996094,4045100,0.0,0.0
2006-06-26 00:00:00-04:00,37.712696154745686,38.08784967658048,37.145030483845474,37.95950698852539,3163900,0.0,0.0
2006-06-27 00:00:00-04:00,38.329734792419515,38.749312583105905,37.69296219740981,37.83611297607422,3280600,0.0,0.0
2006-06-28 00:00:00-04:00,37.90027447986606,38.502493571628904,37.65840089525199,38.34947204589844,2701200,0.0,0.0
2006-06-29 00:00:00-04:00,38.62589304468572,40.07220458984375,38.62589304468572,40.07220458984375,3820700,0.0,0.0
2006-06-30 00:00:00-04:00,40.131445355141004,40.67936573849127,39.929058652266285,40.40293502807617,2834100,0.0,0.0
2006-07-03 00:00:00-04:00,40.62507072264774,41.37043683876369,40.481919966073384,41.197669982910156,1179300,0.0,0.0
2006-07-05 00:00:00-04:00,41.202587497911594,41.31611833473305,40.01789513635667,40.8471794128418,3262700,0.0,0.0
2006-07-06 00:00:00-04:00,40.83734132592068,40.87682821561892,39.55885865028027,39.692138671875,4011400,0.0,0.0
2006-07-07 00:00:00-04:00,39.9142572486337,40.5263471985306,38.79867097647114,38.87271499633789,3168800,0.0,0.0
2006-07-10 00:00:00-04:00,38.877644267287415,39.75629024825135,38.75917235346893,39.13926315307617,2448300,0.0,0.0
2006-07-11 00:00:00-04:00,39.29723048796084,40.79784116181074,39.163950497428445,40.669498443603516,3383600,0.0,0.0
2006-07-12 00:00:00-04:00,41.069321580251135,41.439537834037175,40.555958355778166,40.906429290771484,3991300,0.0,0.0
2006-07-13 00:00:00-04:00,41.0939979448429,41.19272075781634,40.23016015020656,40.422672271728516,3561500,0.0,0.0
2006-07-14 00:00:00-04:00,41.19273533064602,41.360568691316296,39.79085130709967,41.29146194458008,3948700,0.0,0.0
2006-07-17 00:00:00-04:00,40.60533815353184,40.91631859173397,38.84310813831407,39.1294059753418,4361900,0.0,0.0
2006-07-18 00:00:00-04:00,39.42556039058391,39.75628597419439,38.45312519056535,39.28240966796875,5021900,0.0,0.0
2006-07-19 00:00:00-04:00,39.28241640271922,40.29433864388607,39.06522164619952,40.151187896728516,3594700,0.0,0.0
2006-07-20 00:00:00-04:00,40.15120232118163,40.50167717366941,38.305057525634766,38.305057525634766,4294500,0.0,0.0
2006-07-21 00:00:00-04:00,38.30997850538674,38.502490657390936,37.18452168873622,37.391841888427734,4917000,0.0,0.0
2006-07-24 00:00:00-04:00,37.39183777310999,38.81346668514705,37.22400822974553,38.117462158203125,4242400,0.0,0.0
2006-07-25 00:00:00-04:00,38.35438929330585,39.85993638452149,38.35438929330585,39.6624870300293,4121500,0.0,0.0
2006-07-26 00:00:00-04:00,39.667433414138884,40.13143893890747,38.675252910211306,39.850074768066406,5850500,0.0,0.0
2006-07-27 00:00:00-04:00,40.40295420524341,40.71887193906628,39.36634890575985,39.909332275390625,7108900,0.0,0.0
2006-07-28 00:00:00-04:00,39.11952119624986,39.124458467925265,37.539933203256865,38.45313262939453,6852600,0.0,0.0
2006-07-31 00:00:00-04:00,38.92207043949601,40.01791122022011,38.778919694028616,39.46505355834961,5809100,0.0,0.0
2006-08-01 00:00:00-04:00,39.356459947406655,39.761229592301305,38.907262391005375,39.46505355834961,3188600,0.0,0.0
2006-08-02 00:00:00-04:00,39.46998542170011,40.18573905096489,38.79865969785448,39.242919921875,4018100,0.0,0.0
2006-08-03 00:00:00-04:00,38.565561217456256,39.59891867531754,38.34801069066289,39.12921142578125,3807100,0.13,0.0
2006-08-04 00:00:00-04:00,39.752201352419895,39.762088299763946,38.06125044126772,38.47657012939453,3449800,0.0,0.0
2006-08-07 00:00:00-04:00,39.05998992919922,39.608807810993355,38.550727372915375,39.05998992919922,3627200,0.0,0.0
2006-08-08 00:00:00-04:00,39.06494804971926,39.30721789625876,38.194749465232576,38.26396942138672,3995600,0.0,0.0
2006-08-09 00:00:00-04:00,38.78805901458664,38.936389626808534,38.06619116432873,38.19474411010742,4125300,0.0,0.0
2006-08-10 00:00:00-04:00,38.33317216596276,38.33317216596276,37.2652049132409,37.70030212402344,3698700,0.0,0.0
2006-08-11 00:00:00-04:00,37.705236420051804,37.87334082528401,37.022920541351475,37.31463623046875,2959500,0.0,0.0
2006-08-14 00:00:00-04:00,37.03282129405041,37.2998140443301,36.48894884964492,36.53839111328125,3358700,0.0,0.0
2006-08-15 00:00:00-04:00,36.909212567975956,37.07237542773821,36.23678724186741,37.01304244995117,3373300,0.0,0.0
2006-08-16 00:00:00-04:00,37.0822554461654,37.50746561039093,36.58782537354986,36.948760986328125,4242500,0.0,0.0
2006-08-17 00:00:00-04:00,36.587841717739146,36.87461219328817,36.09341142425619,36.399959564208984,4363200,0.0,0.0
2006-08-18 00:00:00-04:00,36.68671629928837,37.47780757167417,36.24667375943021,37.42341995239258,2821100,0.0,0.0
2006-08-21 00:00:00-04:00,37.79918210192435,37.80412745946361,37.3640849435339,37.76457214355469,2467700,0.0,0.0
2006-08-22 00:00:00-04:00,37.601414417490346,37.9821239732324,37.4679161645529,37.51241683959961,2170300,0.0,0.0
2006-08-23 00:00:00-04:00,37.51244030862174,37.586601859759696,36.40985872450856,36.48402404785156,2637000,0.0,0.0
2006-08-24 00:00:00-04:00,36.68671376573044,37.270141464112356,36.40488874537152,37.09709167480469,3242000,0.0,0.0
2006-08-25 00:00:00-04:00,37.289930703941884,37.80413864631252,37.10699391508368,37.19599151611328,2327700,0.0,0.0
2006-08-28 00:00:00-04:00,36.98338267739001,37.07732185590162,36.21701431274414,36.21701431274414,2482500,0.0,0.0
2006-08-29 00:00:00-04:00,36.10329856914289,36.88449934247621,35.870919498577585,36.82022476196289,3300500,0.0,0.0
2006-08-30 00:00:00-04:00,36.82515335965345,36.82515335965345,35.72257264120109,36.04395294189453,3264800,0.0,0.0
2006-08-31 00:00:00-04:00,35.69785963463829,35.93024243677049,35.06498956971842,35.19354248046875,4644000,0.0,0.0
2006-09-01 00:00:00-04:00,34.956229585234475,35.60393600794748,34.545855198812845,35.58910369873047,3881100,0.0,0.0
2006-09-05 00:00:00-04:00,35.46547995949298,36.62739017681245,35.233097161588475,36.508724212646484,5085900,0.0,0.0
2006-09-06 00:00:00-04:00,36.01922916696561,36.41477472439994,35.21330952603051,35.277584075927734,4284200,0.0,0.0
2006-09-07 00:00:00-04:00,34.93150309051218,35.17377289267687,34.25907754914553,34.486515045166016,5811500,0.0,0.0
2006-09-08 00:00:00-04:00,34.68427873522735,34.84744160397246,33.220765819065925,33.41359329223633,4704900,0.0,0.0
2006-09-11 00:00:00-04:00,32.83015860851349,32.98837608583781,31.47047586606318,31.58913803100586,8093100,0.0,0.0
2006-09-12 00:00:00-04:00,31.64353337363591,32.00446908594832,30.748614016416205,31.14910316467285,7099100,0.0,0.0
2006-09-13 00:00:00-04:00,31.584203265797736,32.32090513010883,31.539704470153417,32.06874465942383,5594500,0.0,0.0
2006-09-14 00:00:00-04:00,31.895688393262173,32.06379282496423,30.565670151020928,30.738719940185547,5653500,0.0,0.0
2006-09-15 00:00:00-04:00,30.738733730317577,31.084835350017528,30.19980646340031,30.842565536499023,8007800,0.0,0.0
2006-09-18 00:00:00-04:00,31.025489062977687,32.128069855980826,31.025489062977687,31.895687103271484,5942000,0.0,0.0
2006-09-19 00:00:00-04:00,31.940188540961543,32.12312906364961,30.901885928214124,31.341928482055664,5496700,0.0,0.0
2006-09-20 00:00:00-04:00,31.154047271243396,31.579257561386104,30.8821110279968,30.961219787597656,6889400,0.0,0.0
2006-09-21 00:00:00-04:00,31.069987503575202,31.959961304754653,31.02548871921117,31.52486228942871,5700800,0.0,0.0
2006-09-22 00:00:00-04:00,31.663319979390483,31.66826533909403,31.05022551719544,31.18866729736328,4681200,0.0,0.0
2006-09-25 00:00:00-04:00,31.149109117579705,31.791870020950988,30.71400992243196,31.618818283081055,6588300,0.0,0.0
2006-09-26 00:00:00-04:00,31.668264229383006,32.72139947708303,31.33204956710099,32.25663375854492,6096300,0.0,0.0
2006-09-27 00:00:00-04:00,32.59779316082787,33.79431370376299,32.57307013442007,33.527320861816406,8440100,0.0,0.0
2006-09-28 00:00:00-04:00,33.448206103425655,34.0662438962746,33.00321813813375,33.10704803466797,5839500,0.0,0.0
2006-09-29 00:00:00-04:00,33.111999000484765,33.93275136683041,33.01805603295816,33.72014617919922,4374900,0.0,0.0
2006-10-02 00:00:00-04:00,33.725084446387946,34.041519481591514,33.35426178586472,33.38392639160156,4792500,0.0,0.0
2006-10-03 00:00:00-04:00,33.18614288915642,33.383911870984974,32.37527799261448,32.662044525146484,6497100,0.0,0.0
2006-10-04 00:00:00-04:00,32.75600332096457,33.72508613636191,32.098410198022435,33.601478576660156,6464000,0.0,0.0
2006-10-05 00:00:00-04:00,34.14040026058962,34.723827935402646,33.932736749606974,34.51122283935547,5702300,0.0,0.0
2006-10-06 00:00:00-04:00,34.2640067755102,34.585383316526325,33.80912822544316,34.22939682006836,4671000,0.0,0.0
2006-10-09 00:00:00-04:00,34.65956678400646,34.783174371518754,33.27516406719129,33.37899398803711,4738700,0.0,0.0
2006-10-10 00:00:00-04:00,33.1367138585506,34.38762556586683,33.131772272012725,33.883304595947266,5752400,0.0,0.0
2006-10-11 00:00:00-04:00,33.759709815147545,33.878372064444065,32.96367650554885,33.26033401489258,5074000,0.0,0.0
2006-10-12 00:00:00-04:00,33.37405038124272,34.11569594527034,33.275165814920804,34.066253662109375,3640500,0.0,0.0
2006-10-13 00:00:00-04:00,34.23928169525876,35.114421242718876,34.23928169525876,34.49638366699219,4080000,0.0,0.0
2006-10-16 00:00:00-04:00,34.49639713784813,35.34187619113989,34.43212256286603,35.33198547363281,3492400,0.0,0.0
2006-10-17 00:00:00-04:00,35.35175236855884,35.36658466809818,34.60022027168158,35.242977142333984,3973000,0.0,0.0
2006-10-18 00:00:00-04:00,35.24792285732803,35.54952552502994,34.38761552549426,34.78315734863281,4496100,0.0,0.0
2006-10-19 00:00:00-04:00,35.10453038436757,35.84123003621744,34.72382093996777,35.83628845214844,4080500,0.0,0.0
2006-10-20 00:00:00-04:00,35.89562472748082,35.92034774151459,35.00565280530004,35.242977142333984,4085700,0.0,0.0
2006-10-23 00:00:00-04:00,34.956218919872384,35.92036021906543,34.763391414474505,35.32704162597656,4159400,0.0,0.0
2006-10-24 00:00:00-04:00,35.327028590591816,36.38016710153851,35.20342106750059,36.08845138549805,5125000,0.0,0.0
2006-10-25 00:00:00-04:00,35.89563721163658,37.12182595344298,35.74731039245431,36.701560974121094,5975300,0.0,0.0
2006-10-26 00:00:00-04:00,36.884506257049225,37.12183450348831,36.251635962817666,36.95867156982422,4160400,0.0,0.0
2006-10-27 00:00:00-04:00,36.51366042887559,36.51366042887559,34.521107822288954,34.901817321777344,8187500,0.0,0.0
2006-10-30 00:00:00-05:00,34.61505003894004,35.1045347489411,33.982180156877654,34.13545227050781,6415200,0.0,0.0
2006-10-31 00:00:00-05:00,34.125567674242696,34.33817279200454,33.43831005984568,34.140403747558594,6371900,0.0,0.0
2006-11-01 00:00:00-05:00,34.09095721704937,34.09095721704937,33.38886731177872,33.54708480834961,5449400,0.0,0.0
2006-11-02 00:00:00-05:00,33.55202855927779,33.99786673174745,33.32910569360031,33.507442474365234,4856000,0.13,0.0
2006-11-03 00:00:00-05:00,33.76011061141668,34.56262290960697,33.69570886342688,34.13164520263672,4662300,0.0,0.0
2006-11-06 00:00:00-05:00,34.03256068780448,34.64187896656048,33.75019460239184,34.453636169433594,4282500,0.0,0.0
2006-11-07 00:00:00-05:00,34.36447381861815,34.77068481657649,34.057337198914915,34.61216354370117,4335100,0.0,0.0
2006-11-08 00:00:00-05:00,34.35455439269589,35.07285665986418,34.225754713851195,34.8945198059082,4623300,0.0,0.0
2006-11-09 00:00:00-05:00,35.246241856186025,35.69703510382314,34.65673921444678,35.062950134277344,4832800,0.0,0.0
2006-11-10 00:00:00-05:00,34.67655882858902,34.765727273897475,33.84432126552509,34.14154815673828,4511000,0.0,0.0
2006-11-13 00:00:00-05:00,33.958262903868835,34.641885186172765,33.71552425149209,34.30502700805664,3777000,0.0,0.0
2006-11-14 00:00:00-05:00,34.40410195628222,34.934157826858545,34.032567361594744,34.84003829956055,4473500,0.0,0.0
2006-11-15 00:00:00-05:00,34.840042016551045,35.51375845581696,34.78554996782764,35.1917610168457,3523300,0.0,0.0
2006-11-16 00:00:00-05:00,35.518705539097375,35.593013213502914,34.16632173858689,34.26539611816406,5387200,0.0,0.0
2006-11-17 00:00:00-05:00,34.082113755876236,34.24558613117976,33.53224216586142,33.93349838256836,5945700,0.0,0.0
2006-11-20 00:00:00-05:00,33.933489100595146,34.21090035681268,33.36380203133851,33.95825958251953,3717900,0.0,0.0
2006-11-21 00:00:00-05:00,34.14153869639205,34.77067249158628,34.072185900307566,34.339691162109375,3139400,0.0,0.0
2006-11-22 00:00:00-05:00,34.33969246175406,34.85984223151753,34.06723233865052,34.66168975830078,3995900,0.0,0.0
2006-11-24 00:00:00-05:00,34.701327613607084,35.16203059525884,34.44868306768327,34.869754791259766,1399300,0.0,0.0
2006-11-27 00:00:00-05:00,34.91928726911115,35.13725537971131,34.44867842607275,34.50812530517578,4071600,0.0,0.0
2006-11-28 00:00:00-05:00,34.582431082130306,35.1025809094235,34.567570306398125,35.01341247558594,4253000,0.0,0.0
2006-11-29 00:00:00-05:00,35.15708257503765,36.68285229242732,35.058004410596126,36.578819274902344,5424800,0.0,0.0
2006-11-30 00:00:00-05:00,36.578828466592704,36.75716542795522,36.0487724368337,36.37572479248047,5203100,0.0,0.0
2006-12-01 00:00:00-05:00,36.37571230839033,36.54909435591984,35.59796674137634,36.187469482421875,5480100,0.0,0.0
2006-12-04 00:00:00-05:00,35.964542388916016,36.118112567408,35.627684257869525,35.964542388916016,3842200,0.0,0.0
2006-12-05 00:00:00-05:00,36.38561992848126,36.454972750722455,35.70695248520028,36.20728302001953,4003000,0.0,0.0
2006-12-06 00:00:00-05:00,35.964546467502345,36.45001998003017,35.91005442692947,36.187469482421875,4668400,0.0,0.0
2006-12-07 00:00:00-05:00,36.16269212177093,36.28653695780439,35.69208325662156,35.801063537597656,3321300,0.0,0.0
2006-12-08 00:00:00-05:00,36.15278625488281,36.638255896411025,35.85060455212885,36.15278625488281,3256800,0.0,0.0
2006-12-11 00:00:00-05:00,35.9150084115576,36.187468607837104,35.667318698374444,35.78125762939453,2609900,0.0,0.0
2006-12-12 00:00:00-05:00,35.90510571644976,36.13793089305586,35.43449295139262,35.64255142211914,3236000,0.0,0.0
2006-12-13 00:00:00-05:00,35.77629639534349,36.885945054227506,35.66731233627156,36.76210021972656,5339700,0.0,0.0
2006-12-14 00:00:00-05:00,37.27729273222304,38.63958582210495,36.9354798020669,38.094669342041016,7729100,0.0,0.0
2006-12-15 00:00:00-05:00,38.094670227117696,38.951674328902335,37.93119414546713,38.763431549072266,5466600,0.0,0.0
2006-12-18 00:00:00-05:00,39.03588830391544,39.06065499994968,37.510119232892244,37.58442687988281,4944600,0.0,0.0
2006-12-19 00:00:00-05:00,37.15345115846589,38.258148769199856,37.05437680048778,38.045135498046875,3526800,0.0,0.0
2006-12-20 00:00:00-05:00,37.28721270040918,38.253204977490135,37.28721270040918,37.59930419921875,3341700,0.0,0.0
2006-12-21 00:00:00-05:00,37.69837005461762,37.866801009095404,37.33179037173501,37.589385986328125,4341300,0.0,0.0
2006-12-22 00:00:00-05:00,37.71818672154658,37.8321256450158,37.168315292364994,37.38132858276367,2263300,0.0,0.0
2006-12-26 00:00:00-05:00,38.2333993501576,38.2333993501576,36.70762920840711,37.13861083984375,1911500,0.0,0.0
2006-12-27 00:00:00-05:00,37.143549359638605,37.475452653115674,36.6828463629298,37.30207061767578,2316000,0.0,0.0
2006-12-28 00:00:00-05:00,37.20299126120574,37.74790783179886,37.064285637357834,37.376373291015625,2360400,0.0,0.0
2006-12-29 00:00:00-05:00,37.25749139744379,37.34170500459924,36.74725112186648,36.98503494262695,2649400,0.0,0.0
2007-01-03 00:00:00-05:00,36.98502094097194,36.98502094097194,35.206607260346864,35.419620513916016,5351800,0.0,0.0
2007-01-04 00:00:00-05:00,35.17194139266175,35.30569218288917,33.49756019118887,33.82450866699219,8014100,0.0,0.0
2007-01-05 00:00:00-05:00,33.93348604694335,34.18117572611812,33.41829106072648,33.57185745239258,7243300,0.0,0.0
2007-01-08 00:00:00-05:00,33.90873284695494,34.369436036169645,33.53719813886071,33.77002716064453,3718200,0.0,0.0
2007-01-09 00:00:00-05:00,33.066587838709324,34.20100756041734,32.97246450659953,33.84433364868164,5207500,0.0,0.0
2007-01-10 00:00:00-05:00,33.6956978733139,33.78486629730154,33.02693658312856,33.126014709472656,5223700,0.0,0.0
2007-01-11 00:00:00-05:00,33.12602072994035,34.08705416375401,32.67026882481532,32.84365463256836,5385000,0.0,0.0
2007-01-12 00:00:00-05:00,32.94769435176362,33.72048522680775,32.86347695735946,33.67094802856445,4488200,0.0,0.0
2007-01-16 00:00:00-05:00,33.244900682122726,33.566897939976116,32.87832110736101,33.29939270019531,4578300,0.0,0.0
2007-01-17 00:00:00-05:00,33.19535877464158,33.76999663847641,33.11609629441991,33.244895935058594,5946800,0.0,0.0
2007-01-18 00:00:00-05:00,33.28949544756148,33.49260282350059,32.47212242970515,32.69504165649414,5216300,0.0,0.0
2007-01-19 00:00:00-05:00,32.947677548021865,33.433147134434755,32.591003855464784,33.210227966308594,5436900,0.0,0.0
2007-01-22 00:00:00-05:00,33.27463612646986,33.670941190828394,32.86347028360078,33.239959716796875,6011400,0.0,0.0
2007-01-23 00:00:00-05:00,33.51242069539043,34.18613705270129,33.48765021100367,33.95330810546875,6646600,0.0,0.0
2007-01-24 00:00:00-05:00,33.908708348369785,34.24061532018165,33.3092999059092,34.19107437133789,4917400,0.0,0.0
2007-01-25 00:00:00-05:00,34.06724029625444,34.07219514858936,33.07648147818813,33.21519088745117,5005500,0.0,0.0
2007-01-26 00:00:00-05:00,33.41334064579834,33.58672646779994,32.98236296564999,33.00712966918945,4623000,0.0,0.0
2007-01-29 00:00:00-05:00,32.84365709614779,33.388573702895386,32.73467301890926,32.784210205078125,4373000,0.0,0.0
2007-01-30 00:00:00-05:00,33.16565209529631,33.89881533164234,33.04180723492635,33.68084716796875,8051100,0.0,0.0
2007-01-31 00:00:00-05:00,33.51242633806847,34.28026235055433,33.34399533065843,34.196048736572266,7536300,0.0,0.0
2007-02-01 00:00:00-05:00,34.245675059221526,34.50375674140034,33.918105915011466,34.34493637084961,6471900,0.13,0.0
2007-02-02 00:00:00-05:00,34.543467209533596,35.54602400376711,34.156342743343615,35.26808547973633,6099600,0.0,0.0
2007-02-05 00:00:00-05:00,35.44178450775513,35.60556524972775,34.786646393563394,34.836280822753906,3486600,0.0,0.0
2007-02-06 00:00:00-05:00,35.06460113687671,35.06460113687671,34.310201386146794,34.92066955566406,4932500,0.0,0.0
2007-02-07 00:00:00-05:00,35.16385832143423,35.357420545547086,34.3945736269432,34.642730712890625,3781400,0.0,0.0
2007-02-08 00:00:00-05:00,34.81642995764108,35.02488094143796,34.26055688094053,34.96036148071289,3425400,0.0,0.0
2007-02-09 00:00:00-05:00,35.084441928903985,35.402082622710246,34.851173716076566,35.14399719238281,3908100,0.0,0.0
2007-02-12 00:00:00-05:00,34.69235956672494,34.861104558827755,34.44420249369626,34.79658508300781,3436200,0.0,0.0
2007-02-13 00:00:00-05:00,34.88591399809024,35.3822280334253,34.88591399809024,35.23829650878906,3057900,0.0,0.0
2007-02-14 00:00:00-05:00,35.18867067730945,36.00758970497715,35.158889256243064,35.704837799072266,4845900,0.0,0.0
2007-02-15 00:00:00-05:00,33.253052401380806,33.253052401380806,32.1462700359574,32.3547248840332,23533600,0.0,0.0
2007-02-16 00:00:00-05:00,32.508568525095605,32.652500046236995,32.156186022953094,32.28522872924805,10839600,0.0,0.0
2007-02-20 00:00:00-05:00,32.1413007948079,32.1413007948079,31.44149612632899,31.565574645996094,8543900,0.0,0.0
2007-02-21 00:00:00-05:00,31.51595125484919,32.101602154040165,31.436541059702364,32.03708267211914,7021900,0.0,0.0
2007-02-22 00:00:00-05:00,32.05196632647012,32.59791109345747,31.813733886135473,32.439090728759766,5598400,0.0,0.0
2007-02-23 00:00:00-05:00,32.51849901782053,32.64257754607112,32.38449587340342,32.439090728759766,4970100,0.0,0.0
2007-02-26 00:00:00-05:00,32.558198300683216,32.88080316451809,32.48375044186356,32.5532341003418,4413100,0.0,0.0
2007-02-27 00:00:00-05:00,31.813736442003314,32.478799375876235,31.689657903784443,32.04700469970703,7365300,0.0,0.0
2007-02-28 00:00:00-05:00,32.0271545568843,32.503615732066244,31.793886278221123,32.31501770019531,7519800,0.0,0.0
2007-03-01 00:00:00-05:00,31.78892698192094,32.736885163447745,31.590400538627154,32.3547248840332,7169700,0.0,0.0
2007-03-02 00:00:00-05:00,32.359677105814825,32.46886681130652,31.898104851330096,32.13633728027344,5633800,0.0,0.0
2007-03-05 00:00:00-05:00,31.79884152685033,32.161152455081464,31.501053849531676,31.585426330566406,6277300,0.0,0.0
2007-03-06 00:00:00-05:00,31.83854160981513,32.17107105756362,31.679721292489358,31.858394622802734,5968700,0.0,0.0
2007-03-07 00:00:00-05:00,31.76410486772418,32.568135135355945,31.75417835775843,31.947742462158203,6531100,0.0,0.0
2007-03-08 00:00:00-05:00,32.21078071475259,32.59790504521486,32.04203197862196,32.32989501953125,4765500,0.0,0.0
2007-03-09 00:00:00-05:00,32.56813931620336,32.56813931620336,31.962635383580203,32.22568130493164,4814200,0.0,0.0
2007-03-12 00:00:00-04:00,32.091665742973795,32.31004133276667,31.893139381418585,32.14129638671875,4617700,0.0,0.0
2007-03-13 00:00:00-04:00,31.94773576949306,32.583017127911546,31.486161672576905,31.649946212768555,6486300,0.0,0.0
2007-03-14 00:00:00-04:00,31.724397997257583,31.937813222713054,30.90051662455326,31.43653678894043,8062900,0.0,0.0
2007-03-15 00:00:00-04:00,31.252898997668105,31.69461823688457,31.252898997668105,31.496091842651367,4758900,0.0,0.0
2007-03-16 00:00:00-04:00,31.649951097616164,31.774027732124935,31.069262603017084,31.138748168945312,4911700,0.0,0.0
2007-03-19 00:00:00-04:00,31.5060195191015,31.888181611523667,31.486166500284952,31.71943473815918,3630600,0.0,0.0
2007-03-20 00:00:00-04:00,31.73927317648525,32.17106572430244,31.501042739989998,31.922908782958984,6278200,0.0,0.0
2007-03-21 00:00:00-04:00,32.037066254939745,32.70212511518421,31.962618406826227,32.424190521240234,5807800,0.0,0.0
2007-03-22 00:00:00-04:00,32.63265313139768,33.00985291984985,32.58302247710623,32.761695861816406,5148000,0.0,0.0
2007-03-23 00:00:00-04:00,33.00489348288836,33.203419915288755,32.63265784210391,32.8609619140625,3149100,0.0,0.0
2007-03-26 00:00:00-04:00,33.094220771896104,33.2034104679776,32.61775974164788,32.99991989135742,3208100,0.0,0.0
2007-03-27 00:00:00-04:00,32.81628142204212,32.9999151695624,32.62271927453011,32.885765075683594,2490400,0.0,0.0
2007-03-28 00:00:00-04:00,33.0545165232403,33.12400019057365,32.60287268557349,32.846065521240234,4185800,0.0,0.0
2007-03-29 00:00:00-04:00,33.11904706087514,33.76921742817799,32.94037365226758,33.332462310791016,4840500,0.0,0.0
2007-03-30 00:00:00-04:00,33.2629701729829,33.37712408501774,32.75673144403228,32.821250915527344,4134200,0.0,0.0
2007-04-02 00:00:00-04:00,32.90066738742698,33.47638986617183,32.59791543524525,33.39201736450195,3795700,0.0,0.0
2007-04-03 00:00:00-04:00,33.36720392749259,33.46150104665087,32.92052040898048,33.39201736450195,3834200,0.0,0.0
2007-04-04 00:00:00-04:00,33.26295770535388,33.392000386552375,32.93539248271123,33.1190299987793,3717300,0.0,0.0
2007-04-05 00:00:00-04:00,33.17859254796418,33.734465631429266,33.00488339268621,33.62031173706055,3500800,0.0,0.0
2007-04-09 00:00:00-04:00,33.61535607686501,33.858548928646115,33.15378380666555,33.33741760253906,4015300,0.0,0.0
2007-04-10 00:00:00-04:00,33.501191077122655,34.533524985017884,33.48133806505834,34.48389434814453,4936700,0.0,0.0
2007-04-11 00:00:00-04:00,33.74935433653003,34.692351759130545,33.63024002852462,34.459083557128906,4896900,0.0,0.0
2007-04-12 00:00:00-04:00,34.6327937226902,35.11421895592388,34.1960387228721,34.94050979614258,4120600,0.0,0.0
2007-04-13 00:00:00-04:00,34.77673797445142,35.109267600058004,34.61791757217834,34.92066955566406,3193600,0.0,0.0
2007-04-16 00:00:00-04:00,34.940505258647235,36.08202515080814,34.78664534861399,36.00261688232422,5909900,0.0,0.0
2007-04-17 00:00:00-04:00,36.032390789341555,36.52374052291865,35.69986136290932,35.972835540771484,5754400,0.0,0.0
2007-04-18 00:00:00-04:00,35.79416275024414,35.94801886008752,35.55096619307735,35.79416275024414,5197100,0.0,0.0
2007-04-19 00:00:00-04:00,35.48644913804735,35.665122471598494,35.26310936439598,35.41696548461914,4764600,0.0,0.0
2007-04-20 00:00:00-04:00,35.77927463907941,35.987729398022275,35.49637580898767,35.982765197753906,4501000,0.0,0.0
2007-04-23 00:00:00-04:00,36.27063260005088,36.53864264821785,35.933138886052745,36.21603775024414,3734700,0.0,0.0
2007-04-24 00:00:00-04:00,36.26069937418727,36.35500024523053,35.77431377807795,36.13166046142578,4595000,0.0,0.0
2007-04-25 00:00:00-04:00,37.0002257659594,39.13933879333227,36.97044433857094,38.96562957763672,9321400,0.0,0.0
2007-04-26 00:00:00-04:00,38.81174722435353,40.504179517611874,38.62314929697294,40.112091064453125,7197300,0.0,0.0
2007-04-27 00:00:00-04:00,39.75474668298601,41.06997940929972,39.506589707703235,40.20639419555664,5289200,0.0,0.0
2007-04-30 00:00:00-04:00,40.26594908581802,41.42732568876554,39.87386061399161,39.898677825927734,6322400,0.0,0.0
2007-05-01 00:00:00-04:00,40.15180778825708,40.60841580986786,39.41230090689009,40.35033416748047,6767000,0.0,0.0
2007-05-02 00:00:00-04:00,40.44959389166334,40.87146006450667,40.19151225930672,40.84168243408203,4015800,0.0,0.0
2007-05-03 00:00:00-04:00,40.65279174871635,41.433237720738,40.42412646056767,41.24931335449219,3985700,0.13,0.0
2007-05-04 00:00:00-04:00,41.25923880580821,41.850788142066946,40.68757389516626,40.89635467529297,5155800,0.0,0.0
2007-05-07 00:00:00-04:00,40.90134427153062,40.93614108314199,40.36944798400357,40.6130256652832,4054000,0.0,0.0
2007-05-08 00:00:00-04:00,40.48873116270019,40.548384436207776,39.648636034723914,40.41416931152344,4343400,0.0,0.0
2007-05-09 00:00:00-04:00,40.265045166015625,40.66272614147215,39.5293364991911,40.265045166015625,4294500,0.0,0.0
2007-05-10 00:00:00-04:00,40.2650457516947,40.57324870178484,39.18634111522955,39.19628143310547,4679300,0.0,0.0
2007-05-11 00:00:00-04:00,39.370272209919264,40.046327718736876,39.370272209919264,39.951881408691406,3918200,0.0,0.0
2007-05-14 00:00:00-04:00,40.14077911899088,40.4738348280901,39.564141957654,39.872344970703125,3492500,0.0,0.0
2007-05-15 00:00:00-04:00,39.76795967028818,40.329680735306454,39.574091170300974,39.792816162109375,3503500,0.0,0.0
2007-05-16 00:00:00-04:00,39.767946416544305,39.95187453404491,39.0720065957414,39.6983528137207,3488900,0.0,0.0
2007-05-17 00:00:00-04:00,39.69835224115853,40.44897328086347,39.300671265702,40.265045166015625,5719400,0.0,0.0
2007-05-18 00:00:00-04:00,40.27001209914033,41.11010726927438,40.27001209914033,41.06039810180664,4778600,0.0,0.0
2007-05-21 00:00:00-04:00,41.189653992331955,41.58236294869819,40.513598547520104,41.0057258605957,5018400,0.0,0.0
2007-05-22 00:00:00-04:00,41.00573387448119,41.557514584959044,40.74227176440162,40.866546630859375,3599400,0.0,0.0
2007-05-23 00:00:00-04:00,40.980861190965676,41.681769123829554,40.74722394915568,41.07033920288086,3822200,0.0,0.0
2007-05-24 00:00:00-04:00,41.154853409360285,41.75634313512732,40.08111705116778,40.265045166015625,4599900,0.0,0.0
2007-05-25 00:00:00-04:00,40.637867608936304,40.93612642920415,40.33960878866845,40.59809875488281,2427600,0.0,0.0
2007-05-29 00:00:00-04:00,40.47382234466162,40.82179411514644,40.24515713166295,40.57821273803711,3086400,0.0,0.0
2007-05-30 00:00:00-04:00,40.46388682818384,41.45808550311432,40.27001838997775,41.164794921875,4461800,0.0,0.0
2007-05-31 00:00:00-04:00,41.16480287013924,41.65196198364727,40.52851620213769,41.000762939453125,3795900,0.0,0.0
2007-06-01 00:00:00-04:00,41.3089417644507,41.66685378662265,41.23934818153569,41.3437385559082,2694200,0.0,0.0
2007-06-04 00:00:00-04:00,41.259257875309565,42.66107829238242,41.164807758117774,42.52686309814453,4004600,0.0,0.0
2007-06-05 00:00:00-04:00,42.73065187684209,42.73065187684209,41.975062671390695,42.49204635620117,4597700,0.0,0.0
2007-06-06 00:00:00-04:00,42.42743244449535,42.49205779284441,41.50779932573213,41.70166778564453,4510500,0.0,0.0
2007-06-07 00:00:00-04:00,41.517755040632636,42.18387044656326,41.11510559651298,41.17475891113281,4785100,0.0,0.0
2007-06-08 00:00:00-04:00,41.01070171501481,41.33381709310116,40.66770190523125,41.26919174194336,4129000,0.0,0.0
2007-06-11 00:00:00-04:00,42.00489271925219,42.00489271925219,41.00075375729653,41.746402740478516,2960600,0.0,0.0
2007-06-12 00:00:00-04:00,41.74640402906023,41.80108146701979,41.13497017524852,41.164794921875,2922500,0.0,0.0
2007-06-13 00:00:00-04:00,41.289076800388834,41.97010437422744,41.259252048674085,41.756351470947266,5731200,0.0,0.0
2007-06-14 00:00:00-04:00,41.7811956219722,42.99411527522291,41.7811956219722,42.93943405151367,4147900,0.0,0.0
2007-06-15 00:00:00-04:00,43.183047311512446,43.963493598574665,42.97923463764374,43.74974060058594,4853200,0.0,0.0
2007-06-18 00:00:00-04:00,43.75468038120761,44.61466387164108,43.739768008451186,44.42079544067383,4960700,0.0,0.0
2007-06-19 00:00:00-04:00,44.31639534409402,44.50031962461022,43.709933700890765,44.25177001953125,4422900,0.0,0.0
2007-06-20 00:00:00-04:00,44.34125376053537,44.3810226127043,43.004059291311954,43.1531867980957,3916700,0.0,0.0
2007-06-21 00:00:00-04:00,43.27250748934402,44.21699338518533,43.138288517573585,44.09769058227539,3431500,0.0,0.0
2007-06-22 00:00:00-04:00,44.25178088216912,44.714083412801656,43.21284509833953,44.05294418334961,5529200,0.0,0.0
2007-06-25 00:00:00-04:00,44.05294012763764,44.05294012763764,42.94440705019745,43.23769760131836,4381900,0.0,0.0
2007-06-26 00:00:00-04:00,43.24765346276723,43.34707183875791,42.13415172288627,42.23357009887695,4441200,0.0,0.0
2007-06-27 00:00:00-04:00,41.90050195785812,42.492051359737566,41.37357789454374,42.387657165527344,7061000,0.0,0.0
2007-06-28 00:00:00-04:00,42.5566786103573,43.192965215705144,41.80108542208126,41.98004150390625,4177400,0.0,0.0
2007-06-29 00:00:00-04:00,41.557502778005386,42.25841464612279,41.5425904050781,41.82096481323242,6371400,0.0,0.0
2007-07-02 00:00:00-04:00,42.054622002611154,42.69588088989258,41.761335082747856,42.69588088989258,3046100,0.0,0.0
2007-07-03 00:00:00-04:00,42.65112872724111,43.33712451285038,42.64615667147491,43.29735565185547,1905600,0.0,0.0
2007-07-05 00:00:00-04:00,43.68011844143664,43.80439327094646,43.053772238788426,43.39179992675781,3651800,0.0,0.0
2007-07-06 00:00:00-04:00,43.62049774944608,43.844191092671785,43.39183234740634,43.56084442138672,2421300,0.0,0.0
2007-07-09 00:00:00-04:00,43.729826101360636,44.14738769363093,43.47630439601556,43.89883804321289,3249500,0.0,0.0
2007-07-10 00:00:00-04:00,43.595626905114734,44.11758292434562,43.57077420436037,43.6204833984375,3146800,0.0,0.0
2007-07-11 00:00:00-04:00,43.123380023527474,43.43655133157268,42.49206535070261,43.307308197021484,4439800,0.0,0.0
2007-07-12 00:00:00-04:00,43.37192343992658,44.53016597323768,43.30730188207392,44.30646896362305,3791200,0.0,0.0
2007-07-13 00:00:00-04:00,42.05461036579765,42.497028548215376,41.33381772052858,41.756351470947266,13740900,0.0,0.0
2007-07-16 00:00:00-04:00,41.76130401821574,41.88060676190987,40.43404629842594,40.70248031616211,6624800,0.0,0.0
2007-07-17 00:00:00-04:00,40.81186899951948,41.209550124420446,40.09107622727581,40.21535110473633,5769300,0.0,0.0
2007-07-18 00:00:00-04:00,40.115918024790446,40.99081398625821,40.115918024790446,40.9162483215332,6080400,0.0,0.0
2007-07-19 00:00:00-04:00,41.25924941114538,41.731492315089376,40.83174363191367,41.62710189819336,4240500,0.0,0.0
2007-07-20 00:00:00-04:00,41.184664938831574,41.85574805106577,40.71242225051713,40.96097183227539,4810600,0.0,0.0
2007-07-23 00:00:00-04:00,41.617164024259175,41.935307349463024,41.07035542110053,41.681785583496094,6568800,0.0,0.0
2007-07-24 00:00:00-04:00,41.25924113671675,41.577384379425865,40.64780734029875,40.901329040527344,4319800,0.0,0.0
2007-07-25 00:00:00-04:00,41.16978328945104,41.29405817305752,40.29488704694227,41.274173736572266,4485200,0.0,0.0
2007-07-26 00:00:00-04:00,40.88644906759619,41.77128589957315,39.87733731444112,40.39432144165039,6081600,0.0,0.0
2007-07-27 00:00:00-04:00,40.19048409080384,40.9162487300681,39.350388718044634,39.48460388183594,6545600,0.0,0.0
2007-07-30 00:00:00-04:00,39.643661402911,39.90712337344895,38.74391305992685,39.38019943237305,6028000,0.0,0.0
2007-07-31 00:00:00-04:00,39.75800256090033,40.19047651245478,39.23604679360138,39.29570007324219,6026300,0.0,0.0
2007-08-01 00:00:00-04:00,39.270846745194895,40.27001745214959,38.5599945574716,39.33546829223633,6267100,0.0,0.0
2007-08-02 00:00:00-04:00,40.14209490829016,40.14209490829016,38.36950670112479,38.86742401123047,5983100,0.13,0.0
2007-08-03 00:00:00-04:00,38.92718708721718,39.370333321715975,37.49318617321295,37.76205825805664,7311100,0.0,0.0
2007-08-06 00:00:00-04:00,38.080720224614744,38.10063357546776,36.67161322627188,38.04088592529297,7812000,0.0,0.0
2007-08-07 00:00:00-04:00,37.46827857137578,40.1819264633344,37.46827857137578,39.57447052001953,7632800,0.0,0.0
2007-08-08 00:00:00-04:00,39.36037205892009,40.87403761463756,39.30062060324376,39.55953598022461,6515400,0.0,0.0
2007-08-09 00:00:00-04:00,38.986942155515926,41.362006982554405,38.9172340087305,39.53963088989258,9259400,0.0,0.0
2007-08-10 00:00:00-04:00,39.659116522111745,40.49561779748839,38.65830161434859,40.09728240966797,6483600,0.0,0.0
2007-08-13 00:00:00-04:00,40.95369846113901,41.3570102638005,39.534634897323066,39.67903137207031,3425200,0.0,0.0
2007-08-14 00:00:00-04:00,39.80848459266759,39.95786129460024,38.79771313283765,38.95704650878906,3676000,0.0,0.0
2007-08-15 00:00:00-04:00,38.912246320598754,39.534643082608305,37.55293012089422,38.43424606323242,5763400,0.0,0.0
2007-08-16 00:00:00-04:00,37.936324457434,38.56369758900297,36.81103017252479,38.14046859741211,7596200,0.0,0.0
2007-08-17 00:00:00-04:00,39.584431100094434,41.79518544885037,38.613493743577614,39.14128494262695,6913300,0.0,0.0
2007-08-20 00:00:00-04:00,38.86245141531612,39.6392012802541,38.513906984499556,39.23588943481445,3752600,0.0,0.0
2007-08-21 00:00:00-04:00,39.1860965132011,39.47488950698596,38.26495011463312,38.807682037353516,4010000,0.0,0.0
2007-08-22 00:00:00-04:00,39.245842664194875,39.45994726185821,38.792739882372445,38.976966857910156,3486300,0.0,0.0
2007-08-23 00:00:00-04:00,39.464935807102854,39.838373872426814,38.976975063603824,39.50974655151367,3089500,0.0,0.0
2007-08-24 00:00:00-04:00,39.783601360171176,40.91885243407566,39.6143074673423,40.65495681762695,3303300,0.0,0.0
2007-08-27 00:00:00-04:00,40.40598113747165,40.59020806840112,39.81345845975275,40.21677017211914,2118400,0.0,0.0
2007-08-28 00:00:00-04:00,40.0823431747318,40.32134515333597,39.5495718087094,39.67903137207031,2863500,0.0,0.0
2007-08-29 00:00:00-04:00,39.93297731013731,41.327147666606514,39.878206087638326,40.92383575439453,3156800,0.0,0.0
2007-08-30 00:00:00-04:00,40.60516939355945,41.45162753541994,40.57529176349719,40.96864700317383,2602400,0.0,0.0
2007-08-31 00:00:00-04:00,41.501405508405625,41.98936612580537,41.35203260016221,41.75534439086914,3120400,0.0,0.0
2007-09-04 00:00:00-04:00,41.755342198984636,42.90552986695366,41.461569036887745,42.507198333740234,3974200,0.0,0.0
2007-09-05 00:00:00-04:00,42.14869754406714,42.89059321056785,42.093926340620044,42.74619674682617,3536800,0.0,0.0
2007-09-06 00:00:00-04:00,42.885624453814465,43.43831307377321,42.293105328801985,42.93043899536133,4618700,0.0,0.0
2007-09-07 00:00:00-04:00,42.48729735998087,42.6316938778325,41.76531477072276,42.47733688354492,3373900,0.0,0.0
2007-09-10 00:00:00-04:00,42.2731790721256,42.38769792255364,41.227553513206715,41.99434280395508,3203900,0.0,0.0
2007-09-11 00:00:00-04:00,42.298064720937326,42.92544145809327,41.41675294631914,42.68644332885742,3931000,0.0,0.0
2007-09-12 00:00:00-04:00,42.67150630979429,43.41838217611839,42.57192438047391,43.0001335144043,3511600,0.0,0.0
2007-09-13 00:00:00-04:00,43.02505506060452,43.69724295806045,43.00015766488758,43.26405334472656,2790100,0.0,0.0
2007-09-14 00:00:00-04:00,42.94536853603336,43.66734712523202,42.8756604156476,43.353660583496094,2306300,0.0,0.0
2007-09-17 00:00:00-04:00,43.09476191827718,43.28894944285903,42.43253071967284,42.69642639160156,3476300,0.0,0.0
2007-09-18 00:00:00-04:00,42.706388036739995,44.15034974034972,42.402661815869905,44.055747985839844,3530400,0.0,0.0
2007-09-19 00:00:00-04:00,44.354472830605445,44.81255582285866,43.58767975289075,43.931243896484375,4237900,0.0,0.0
2007-09-20 00:00:00-04:00,43.742058094610634,44.588520249279824,43.51799670594475,44.339561462402344,3243400,0.0,0.0
2007-09-21 00:00:00-04:00,44.76278725621335,45.37522369829765,44.299723795677,45.17605972290039,5134700,0.0,0.0
2007-09-24 00:00:00-04:00,45.011743144545505,45.434972263401676,44.83747277781756,45.14617919921875,3746600,0.0,0.0
2007-09-25 00:00:00-04:00,44.568585981343944,44.82750134882705,44.28974966389119,44.70302200317383,2809300,0.0,0.0
2007-09-26 00:00:00-04:00,45.0615211460856,45.20093739928079,43.74701961766244,44.459041595458984,4302000,0.0,0.0
2007-09-27 00:00:00-04:00,44.64328525506227,45.34534696068315,44.24494973213347,45.14617919921875,2657800,0.0,0.0
2007-09-28 00:00:00-04:00,45.54450015939133,45.85818671920103,44.70799886775762,44.99679183959961,2859200,0.0,0.0
2007-10-01 00:00:00-04:00,44.996801280536204,46.3063228051981,44.74286231761546,45.97769546508789,4054200,0.0,0.0
2007-10-02 00:00:00-04:00,45.78351195665313,46.08724193125353,45.10634386234493,46.032470703125,3829900,0.0,0.0
2007-10-03 00:00:00-04:00,45.80838968132246,46.67974491982587,45.73370132968926,46.11709976196289,3280000,0.0,0.0
2007-10-04 00:00:00-04:00,46.00756251751834,46.54531415107612,45.34533155020039,46.38100051879883,3359300,0.0,0.0
2007-10-05 00:00:00-04:00,46.555298122784116,46.62998652659337,45.48975470494819,46.00260925292969,3587600,0.0,0.0
2007-10-08 00:00:00-04:00,45.678936193754474,45.888064365872616,45.225833384915546,45.36524963378906,1964600,0.0,0.0
2007-10-09 00:00:00-04:00,45.46482610655017,46.057348891694126,45.031640499562336,45.9129524230957,3524700,0.0,0.0
2007-10-10 00:00:00-04:00,45.70881341525653,48.233254181728704,45.68391602868779,48.14860534667969,7073500,0.0,0.0
2007-10-11 00:00:00-04:00,48.497154348097865,49.622448708577714,47.13286176872472,47.69550704956055,6672100,0.0,0.0
2007-10-12 00:00:00-04:00,47.974340383565526,48.591756891437626,47.08804802577939,48.098819732666016,2708600,0.0,0.0
2007-10-15 00:00:00-04:00,48.79590215537753,49.52286105816191,48.407527215419535,49.04486083984375,3582000,0.0,0.0
2007-10-16 00:00:00-04:00,48.84569620597079,49.93613652816389,48.61167442003818,49.12950897216797,4454500,0.0,0.0
2007-10-17 00:00:00-04:00,49.253977113837614,49.3585392882412,47.8249569315146,48.317893981933594,3613200,0.0,0.0
2007-10-18 00:00:00-04:00,47.94945194824653,48.54695136864484,47.77517780172241,47.9942626953125,3812200,0.0,0.0
2007-10-19 00:00:00-04:00,46.520403176247925,46.67475628940568,45.071462331085726,45.205902099609375,9174400,0.0,0.0
2007-10-22 00:00:00-04:00,44.46900327797595,45.31546516580551,44.2200445695805,45.156131744384766,4148400,0.0,0.0
2007-10-23 00:00:00-04:00,45.65404986542241,46.05238152571462,44.66817169349285,45.439945220947266,4174400,0.0,0.0
2007-10-24 00:00:00-04:00,45.47976683148906,46.68472965010142,45.01670736416589,46.28141403198242,3482800,0.0,0.0
2007-10-25 00:00:00-04:00,46.70465830834079,47.01336469596323,45.40011322236134,46.64988708496094,4679500,0.0,0.0
2007-10-26 00:00:00-04:00,46.88888063518319,46.953612328405164,43.56279225201844,44.83746337890625,7760500,0.0,0.0
2007-10-29 00:00:00-04:00,44.84242950398902,45.09636838318918,43.51797150030874,43.81174087524414,4971300,0.0,0.0
2007-10-30 00:00:00-04:00,43.51299130774198,43.60759680767449,42.74121799512996,42.94536590576172,4790800,0.0,0.0
2007-10-31 00:00:00-04:00,43.18935807511994,43.811754880786104,42.19352318605408,43.17940139770508,4966500,0.0,0.0
2007-11-01 00:00:00-04:00,42.49620421985972,43.58329336373549,41.937698414135895,42.067352294921875,4673900,0.13,0.0
2007-11-02 00:00:00-04:00,42.36656950545674,43.00984768387871,41.43406477155612,42.48624801635742,3927800,0.0,0.0
2007-11-05 00:00:00-05:00,41.99757004387035,42.17210204599688,41.53879912270566,41.977622985839844,3218800,0.0,0.0
2007-11-06 00:00:00-05:00,42.34661307297134,43.42871475468084,42.271812593535245,43.388824462890625,3381700,0.0,0.0
2007-11-07 00:00:00-05:00,43.009841894428554,43.583307213923085,42.38651085248031,42.49123001098633,4206800,0.0,0.0
2007-11-08 00:00:00-05:00,42.70067213708185,43.37885667557938,42.25686069998568,43.159446716308594,4404900,0.0,0.0
2007-11-09 00:00:00-05:00,42.4962177267025,43.10957334148411,42.11723138791608,42.51117706298828,3719200,0.0,0.0
2007-11-12 00:00:00-05:00,43.124544473609504,43.124544473609504,40.68108557535569,40.7259635925293,5102200,0.0,0.0
2007-11-13 00:00:00-05:00,40.6661224087795,41.47894479201595,39.81838983167851,41.194705963134766,5983600,0.0,0.0
2007-11-14 00:00:00-05:00,41.528812498929526,42.08731855972277,40.47164533981794,40.63121795654297,5013000,0.0,0.0
2007-11-15 00:00:00-05:00,40.55643138434814,40.99026756387052,38.85598165572281,39.24992752075195,6179800,0.0,0.0
2007-11-16 00:00:00-05:00,39.60397135399805,40.27218439804413,39.34965495630107,40.16746520996094,4880400,0.0,0.0
2007-11-19 00:00:00-05:00,39.992908205138924,40.137521427525655,38.900835077716756,39.065391540527344,3874400,0.0,0.0
2007-11-20 00:00:00-05:00,39.27483959809157,41.07501977933802,39.27483959809157,40.666114807128906,5844200,0.0,0.0
2007-11-21 00:00:00-05:00,40.252241203356625,40.970320052815815,40.02783966064453,40.02783966064453,2829100,0.0,0.0
2007-11-23 00:00:00-05:00,40.21234302007158,41.25455478944034,39.93309185331791,41.04511260986328,1179700,0.0,0.0
2007-11-26 00:00:00-05:00,40.840662315711185,41.15481988112391,39.38456149814638,39.539146423339844,3487900,0.0,0.0
2007-11-27 00:00:00-05:00,39.02553368582449,39.220012779904785,38.09302853392984,39.01057434082031,4555700,0.0,0.0
2007-11-28 00:00:00-05:00,39.384544445511196,40.137525494374835,39.384544445511196,39.773502349853516,5436200,0.0,0.0
2007-11-29 00:00:00-05:00,40.14252471113409,40.45169832076937,39.58401864987685,40.23228454589844,3970000,0.0,0.0
2007-11-30 00:00:00-05:00,40.631227685517,40.631227685517,39.68874729334571,40.02783966064453,3474800,0.0,0.0
2007-12-03 00:00:00-05:00,40.36692811426628,40.436740906249376,39.668800194435356,40.34698486328125,2595200,0.0,0.0
2007-12-04 00:00:00-05:00,39.91814415082754,40.50158142482696,39.69374256539574,40.047794342041016,2422800,0.0,0.0
2007-12-05 00:00:00-05:00,40.35195734024944,40.92043494504328,40.23227884569041,40.64617156982422,4220300,0.0,0.0
2007-12-06 00:00:00-05:00,40.671108139456244,41.957664498110326,40.34199128288849,41.847957611083984,3425300,0.0,0.0
2007-12-07 00:00:00-05:00,42.007528321849186,42.007528321849186,41.39915656103485,41.613582611083984,2821400,0.0,0.0
2007-12-10 00:00:00-05:00,42.02749054969415,42.36658294188085,41.52882549086149,42.18207550048828,2546200,0.0,0.0
2007-12-11 00:00:00-05:00,42.316705793915574,42.90513055695715,41.46398922963279,41.6335334777832,2841300,0.0,0.0
2007-12-12 00:00:00-05:00,42.655813348845165,43.37887622607956,41.72330823701097,42.38154602050781,3674100,0.0,0.0
2007-12-13 00:00:00-05:00,42.12720870078128,42.43637847655497,41.90779494673989,42.396484375,3484900,0.0,0.0
2007-12-14 00:00:00-05:00,41.98758129054804,42.30672650875135,41.10494612869131,41.26451873779297,2559300,0.0,0.0
2007-12-17 00:00:00-05:00,41.16976733000513,41.16976733000513,39.82337380483619,39.98793411254883,3225500,0.0,0.0
2007-12-18 00:00:00-05:00,40.232282620412946,40.71100044807468,39.57903284587107,40.56638717651367,3298200,0.0,0.0
2007-12-19 00:00:00-05:00,40.22232261144915,40.38189526674809,39.45936192989789,39.76853561401367,3457900,0.0,0.0
2007-12-20 00:00:00-05:00,40.017856590741474,40.23727035522461,39.46932598404475,40.23727035522461,2799700,0.0,0.0
2007-12-21 00:00:00-05:00,40.611278448193126,40.99026110549863,40.27218609909578,40.91047668457031,3440800,0.0,0.0
2007-12-24 00:00:00-05:00,40.9553451628316,41.00022698030949,40.75588225474217,40.87556076049805,1367900,0.0,0.0
2007-12-26 00:00:00-05:00,40.97033846091761,41.57870686559326,40.760896166047466,41.42412185668945,2737100,0.0,0.0
2007-12-27 00:00:00-05:00,41.518850487637074,41.59863491221628,40.93042561388079,41.01519775390625,2820300,0.0,0.0
2007-12-28 00:00:00-05:00,41.239585883117854,41.55374720633761,41.04510687565385,41.189720153808594,1493800,0.0,0.0
2007-12-31 00:00:00-05:00,41.13487066071748,41.144846090244116,40.44172668457031,40.44172668457031,1949500,0.0,0.0
2008-01-02 00:00:00-05:00,40.31208223199112,40.73096286705278,39.85829899889624,40.466670989990234,4242100,0.0,0.0
2008-01-03 00:00:00-05:00,40.67111207953915,40.955350948683844,40.391860925154646,40.561405181884766,4060300,0.0,0.0
2008-01-04 00:00:00-05:00,40.252237452113356,40.292131563257044,39.49925227345162,39.6987190246582,3885200,0.0,0.0
2008-01-07 00:00:00-05:00,39.98793211009717,40.137529269563125,38.86094858046961,39.08534622192383,5847600,0.0,0.0
2008-01-08 00:00:00-05:00,39.44938287170858,39.728634014746696,38.66149137012362,38.82106399536133,4437400,0.0,0.0
2008-01-09 00:00:00-05:00,38.74126636885959,39.514194463096395,38.67643751526173,39.374568939208984,4629400,0.0,0.0
2008-01-10 00:00:00-05:00,39.005567531769,39.73361780020401,38.65151592342458,39.319725036621094,5440100,0.0,0.0
2008-01-11 00:00:00-05:00,39.38953020457775,40.30208767195583,39.349639913304195,39.549102783203125,4659500,0.0,0.0
2008-01-14 00:00:00-05:00,40.1475028200045,40.1475028200045,39.294786496014034,39.63886260986328,3838500,0.0,0.0
2008-01-15 00:00:00-05:00,38.66149146521268,39.23994461094178,37.97333523052843,38.202720642089844,5237000,0.0,0.0
2008-01-16 00:00:00-05:00,37.9533902884597,37.9533902884597,36.462383128096185,37.130592346191406,5606800,0.0,0.0
2008-01-17 00:00:00-05:00,37.31510004944345,38.28250748943066,35.59969136134514,35.74430465698242,7284700,0.0,0.0
2008-01-18 00:00:00-05:00,35.72434997924825,36.0634422335065,34.5225696546417,35.7841911315918,9076500,0.0,0.0
2008-01-22 00:00:00-05:00,34.38294781757395,35.40521251770681,33.669856765388964,34.86665344238281,6539600,0.0,0.0
2008-01-23 00:00:00-05:00,33.91421070900696,35.4600715845639,33.066477851466956,35.41020584106445,7263600,0.0,0.0
2008-01-24 00:00:00-05:00,35.54483974061705,36.5970231697971,35.42516120874457,35.988651275634766,5297600,0.0,0.0
2008-01-25 00:00:00-05:00,36.636917281925236,37.27520785792771,35.6844653285536,35.988651275634766,4561100,0.0,0.0
2008-01-28 00:00:00-05:00,36.11831064022094,37.14057554046696,35.709405441025034,36.81145477294922,2996000,0.0,0.0
2008-01-29 00:00:00-05:00,36.886240007146505,37.27021027228279,36.13824272314438,36.6219482421875,4247700,0.0,0.0
2008-01-30 00:00:00-05:00,34.70707912930789,34.70707912930789,33.300844148005694,33.545188903808594,12918600,0.0,0.0
2008-01-31 00:00:00-05:00,32.93562389295965,32.975595226266,32.076259286253745,32.41600799560547,11388800,0.13,0.0
2008-02-01 00:00:00-05:00,32.51595188761632,32.545928496001686,31.711546526333063,32.08626937866211,10024000,0.0,0.0
2008-02-04 00:00:00-05:00,32.29111504132442,33.19544875994658,31.926386942618013,32.76076889038086,9380700,0.0,0.0
2008-02-05 00:00:00-05:00,31.74152664639607,32.91066405718505,31.726538340545176,32.25614547729492,6170900,0.0,0.0
2008-02-06 00:00:00-05:00,31.861423518928053,33.0055754236311,31.82644955143581,31.941364288330078,5838300,0.0,0.0
2008-02-07 00:00:00-05:00,31.701547320583416,32.42101436640343,31.396772490289955,32.03630065917969,4613100,0.0,0.0
2008-02-08 00:00:00-05:00,31.926380157470703,32.426010507941676,31.7265272549069,31.926380157470703,3964800,0.0,0.0
2008-02-11 00:00:00-05:00,31.846439090556423,32.47597248786203,31.301841937214736,32.261131286621094,8702600,0.0,0.0
2008-02-12 00:00:00-05:00,31.916403513662075,32.77076948304285,31.831465319902907,32.3610725402832,7042800,0.0,0.0
2008-02-13 00:00:00-05:00,32.660841423859765,33.73504376078737,32.50095984440115,33.685081481933594,7135800,0.0,0.0
2008-02-14 00:00:00-05:00,33.80000391944497,34.22468907995933,33.3753187589306,33.44526672363281,4146400,0.0,0.0
2008-02-15 00:00:00-05:00,33.50522054248532,33.67509689685374,32.91066283189148,33.420284271240234,3941200,0.0,0.0
2008-02-19 00:00:00-05:00,34.224694462835636,34.93916633913349,33.954893494316295,34.809261322021484,5035100,0.0,0.0
2008-02-20 00:00:00-05:00,34.63937068274369,35.23392816601426,34.42452949463911,35.094032287597656,4056200,0.0,0.0
2008-02-21 00:00:00-05:00,35.19396308353177,35.19396308353177,34.04481175346321,34.18470764160156,4322700,0.0,0.0
2008-02-22 00:00:00-05:00,34.25965775469293,34.51447033627644,33.38030714796782,34.464508056640625,2670600,0.0,0.0
2008-02-25 00:00:00-05:00,34.48947130530568,35.34883583950183,34.34457809320276,35.148983001708984,2900900,0.0,0.0
2008-02-26 00:00:00-05:00,35.03409531114027,35.923437074473846,34.899192928862874,35.52872848510742,3070400,0.0,0.0
2008-02-27 00:00:00-05:00,35.54869682152424,35.728564035557916,34.95413554114201,34.96912384033203,3337600,0.0,0.0
2008-02-28 00:00:00-05:00,34.7942722219556,35.34886245374199,34.71932687487228,35.15900421142578,4052900,0.0,0.0
2008-02-29 00:00:00-05:00,34.844229441521506,34.874209863115865,33.465252028281704,33.62013626098633,3445900,0.0,0.0
2008-03-03 00:00:00-05:00,33.80998608799132,34.16472319184901,33.00058733142598,33.65010452270508,3264800,0.0,0.0
2008-03-04 00:00:00-05:00,33.27537682981985,33.77500712399696,32.76075823671769,33.37530517578125,4274800,0.0,0.0
2008-03-05 00:00:00-05:00,33.84997864347168,34.97914505004883,33.490243943190144,34.97914505004883,5360100,0.0,0.0
2008-03-06 00:00:00-05:00,35.23893137659049,35.60865680394797,34.769277582462465,34.849220275878906,5802300,0.0,0.0
2008-03-07 00:00:00-05:00,34.47450464862463,34.69933684984264,33.51021762699232,33.9099235534668,3937800,0.0,0.0
2008-03-10 00:00:00-04:00,33.97486934361114,33.97486934361114,33.1554757408625,33.310359954833984,3840100,0.0,0.0
2008-03-11 00:00:00-04:00,33.99485826570676,34.32960977195462,33.47024473774132,33.97487258911133,6490100,0.0,0.0
2008-03-12 00:00:00-04:00,34.11475885683234,34.11475885683234,33.02056719719362,33.090518951416016,4904400,0.0,0.0
2008-03-13 00:00:00-04:00,32.77575329634645,34.35458718131532,32.341077290352146,34.209693908691406,5960100,0.0,0.0
2008-03-14 00:00:00-04:00,34.44453627890973,34.44453627890973,32.92565873155546,33.88994598388672,3778600,0.0,0.0
2008-03-17 00:00:00-04:00,33.02056793542863,33.72504855721363,32.47597268472424,33.220420837402344,4486700,0.0,0.0
2008-03-18 00:00:00-04:00,33.785010637320376,34.98412060521116,33.65510565977708,34.93415832519531,4617800,0.0,0.0
2008-03-19 00:00:00-04:00,34.97414245289091,35.27392005439703,32.84571500200314,32.98561096191406,6967000,0.0,0.0
2008-03-20 00:00:00-04:00,32.900661095770836,33.5551795122085,32.07627017294065,32.755767822265625,8207600,0.0,0.0
2008-03-24 00:00:00-04:00,32.8956699455696,33.69508178669476,32.640861137792164,32.815731048583984,7086100,0.0,0.0
2008-03-25 00:00:00-04:00,32.835711759147124,33.78001294646831,32.63086145757748,33.50521469116211,5245100,0.0,0.0
2008-03-26 00:00:00-04:00,33.39530564725784,35.029099754526015,33.15548510703052,34.81925582885742,5506900,0.0,0.0
2008-03-27 00:00:00-04:00,35.004108312515335,35.20396125606313,34.30962228789206,34.52946090698242,4358400,0.0,0.0
2008-03-28 00:00:00-04:00,34.434524047996526,34.58441468314866,33.40528670970865,33.65010452270508,4147300,0.0,0.0
2008-03-31 00:00:00-04:00,33.50522407343489,34.75929784410154,33.50522407343489,34.224693298339844,5314200,0.0,0.0
2008-04-01 00:00:00-04:00,34.22968965077933,35.28890396489069,33.71507080014921,35.218955993652344,4080300,0.0,0.0
2008-04-02 00:00:00-04:00,35.47376896733052,36.3331341212284,34.77928280939926,35.998382568359375,4525500,0.0,0.0
2008-04-03 00:00:00-04:00,35.693603875056674,36.203225304050335,35.63864421551406,35.67861557006836,3873100,0.0,0.0
2008-04-04 00:00:00-04:00,35.5986752993924,36.78280102899579,35.57369224811514,36.053340911865234,5322000,0.0,0.0
2008-04-07 00:00:00-04:00,36.72782788142029,37.39733071681096,36.4880036375944,36.612911224365234,4975500,0.0,0.0
2008-04-08 00:00:00-04:00,36.27317914571953,37.05759899952137,36.12329225967286,36.38809585571289,3816600,0.0,0.0
2008-04-09 00:00:00-04:00,36.353113541019894,36.353113541019894,35.37883185142333,35.938419342041016,4858100,0.0,0.0
2008-04-10 00:00:00-04:00,35.97339862148715,36.46803178520662,35.628652331563444,36.353118896484375,3927400,0.0,0.0
2008-04-11 00:00:00-04:00,36.293157960634716,36.53797582984708,35.703593838536925,35.87846374511719,3070600,0.0,0.0
2008-04-14 00:00:00-04:00,36.07330067914954,36.81275508853253,35.75853501003357,36.50798034667969,2789300,0.0,0.0
2008-04-15 00:00:00-04:00,36.89770114779549,37.622167453469466,36.74781432763603,37.54722213745117,5391800,0.0,0.0
2008-04-16 00:00:00-04:00,37.86698377605015,38.45155035668445,37.43230400969601,38.41657638549805,4743000,0.0,0.0
2008-04-17 00:00:00-04:00,38.271666073055904,38.73632223280181,37.821998206870305,38.661376953125,3284500,0.0,0.0
2008-04-18 00:00:00-04:00,38.67139585943219,40.51502954523832,38.636421881974556,40.370140075683594,4988600,0.0,0.0
2008-04-21 00:00:00-04:00,40.51003907954026,40.974695565182145,39.70063635271564,40.879764556884766,5048700,0.0,0.0
2008-04-22 00:00:00-04:00,40.874764070518204,41.07461700397462,40.07535614857017,40.53002166748047,4201300,0.0,0.0
2008-04-23 00:00:00-04:00,40.46505994549298,41.96894832790167,40.195259105959806,41.80906677246094,5577800,0.0,0.0
2008-04-24 00:00:00-04:00,41.609229658606736,41.609229658606736,39.49079729247362,40.195274353027344,3727900,0.0,0.0
2008-04-25 00:00:00-04:00,40.37512471692707,40.99466905486461,40.04537068972001,40.90972900390625,3016900,0.0,0.0
2008-04-28 00:00:00-04:00,41.10459830538359,41.62421446697712,40.77984153978097,40.814815521240234,2503000,0.0,0.0
2008-04-29 00:00:00-04:00,39.935460679719235,40.23523817727547,39.6256884388471,39.710628509521484,2574100,0.0,0.0
2008-04-30 00:00:00-04:00,39.80555431322329,40.639936192785676,39.61569612748907,40.41010665893555,3212100,0.0,0.0
2008-05-01 00:00:00-04:00,40.03978116787278,40.03978116787278,37.91793530405431,38.483428955078125,6414600,0.13,0.0
2008-05-02 00:00:00-04:00,38.608542331693094,39.003886248555915,38.338307104292646,38.61854934692383,5760600,0.0,0.0
2008-05-05 00:00:00-04:00,38.75866548368729,39.48429808005775,38.60353195046941,39.02389907836914,4201300,0.0,0.0
2008-05-06 00:00:00-04:00,39.05894057178743,40.18491895551976,39.05894057178743,39.8846549987793,4052000,0.0,0.0
2008-05-07 00:00:00-04:00,40.05979874826324,40.36506421678797,39.23408074025394,39.45426940917969,2985800,0.0,0.0
2008-05-08 00:00:00-04:00,39.77455737797646,40.7053625417794,39.41924532982976,40.68534851074219,3827300,0.0,0.0
2008-05-09 00:00:00-04:00,40.590280344892754,40.77043723785963,39.509338987091496,40.36008071899414,3474300,0.0,0.0
2008-05-12 00:00:00-04:00,40.08984053029227,40.5402327082302,39.634442934261884,40.37008285522461,2487800,0.0,0.0
2008-05-13 00:00:00-04:00,40.41010883748074,40.76041165933054,39.469292817359566,40.64030838012695,3969300,0.0,0.0
2008-05-14 00:00:00-04:00,40.68536295546405,40.88553388101835,39.93471053058845,40.01477813720703,3482300,0.0,0.0
2008-05-15 00:00:00-04:00,40.315019006723304,41.295870579939944,39.83460214339355,41.270851135253906,5351800,0.0,0.0
2008-05-16 00:00:00-04:00,41.53608761780979,42.712108612060554,41.53608761780979,42.71210861206055,4534000,0.0,0.0
2008-05-19 00:00:00-04:00,42.807199860104234,43.38770233237319,42.36181312477237,42.857242584228516,4172000,0.0,0.0
2008-05-20 00:00:00-04:00,43.527814111657825,43.71797793289662,42.7971760524456,43.552833557128906,4323700,0.0,0.0
2008-05-21 00:00:00-04:00,43.983217808924415,44.75889333860238,43.34266182421698,43.387699127197266,5486300,0.0,0.0
2008-05-22 00:00:00-04:00,43.41271256902108,43.6228942380463,42.5069269348786,42.94230270385742,4133600,0.0,0.0
2008-05-23 00:00:00-04:00,43.15250645778267,43.768039294491146,42.23170418491306,42.77217483520508,3924200,0.0,0.0
2008-05-27 00:00:00-04:00,42.59701901392752,43.99323280872049,42.26673015541049,43.778045654296875,4701100,0.0,0.0
2008-05-28 00:00:00-04:00,43.53782071768747,44.75888265843074,43.08742870528102,44.703834533691406,4726900,0.0,0.0
2008-05-29 00:00:00-04:00,44.38856668479149,44.76889821427661,43.59788257661841,43.90814971923828,5073100,0.0,0.0
2008-05-30 00:00:00-04:00,44.49366018144873,44.868986283817435,44.00323239442723,44.348533630371094,3976700,0.0,0.0
2008-06-02 00:00:00-04:00,44.04327347143836,44.994100477111,43.712984628388014,44.08330535888672,4811400,0.0,0.0
2008-06-03 00:00:00-04:00,43.65293282640528,43.91816268104662,42.55197388625265,42.67207717895508,5117500,0.0,0.0
2008-06-04 00:00:00-04:00,42.536952850626875,44.0882997792234,42.416849582210226,42.93229675292969,4932200,0.0,0.0
2008-06-05 00:00:00-04:00,43.11245725949211,44.26846038486046,42.91228258296578,44.258453369140625,3699900,0.0,0.0
2008-06-06 00:00:00-04:00,44.53869192886697,45.444477587903016,43.62790085337924,43.647918701171875,3887500,0.0,0.0
2008-06-09 00:00:00-04:00,43.72297843527332,45.23929487251052,43.702960590337845,44.81892776489258,3421600,0.0,0.0
2008-06-10 00:00:00-04:00,44.538688764057376,44.60874931734625,42.88725270964523,43.49778366088867,4258700,0.0,0.0
2008-06-11 00:00:00-04:00,43.68294347521347,44.233420857088554,42.78716494395615,43.62789535522461,3159500,0.0,0.0
2008-06-12 00:00:00-04:00,43.662942654521764,43.662942654521764,42.53696419065158,43.182525634765625,3321100,0.0,0.0
2008-06-13 00:00:00-04:00,43.167500359358684,43.71797779213134,42.66206021909732,42.83721160888672,3712700,0.0,0.0
2008-06-16 00:00:00-04:00,43.2125389852399,43.68795427849653,42.77215778903612,42.93229675292969,2959400,0.0,0.0
2008-06-17 00:00:00-04:00,43.047411912207366,43.50781495926964,42.54697697158734,43.37770080566406,3103800,0.0,0.0
2008-06-18 00:00:00-04:00,43.03239599920686,43.6229093341642,42.53696651705253,43.267601013183594,3023900,0.0,0.0
2008-06-19 00:00:00-04:00,43.68294947076169,43.98821497150223,42.68207997797672,43.17750930786133,4412200,0.0,0.0
2008-06-20 00:00:00-04:00,43.15749472204773,44.03826101131813,42.00649700915147,42.251708984375,5861500,0.0,0.0
2008-06-23 00:00:00-04:00,42.20665818002259,44.848956441302555,42.06653708348779,44.81892776489258,5148700,0.0,0.0
2008-06-24 00:00:00-04:00,44.553716431099005,44.838964157901366,43.82808738758874,44.073299407958984,4690800,0.0,0.0
2008-06-25 00:00:00-04:00,44.288491345555954,44.37856978575906,42.8122098279103,43.743019104003906,3898200,0.0,0.0
2008-06-26 00:00:00-04:00,43.667945847741166,44.18839854713427,42.55697987576885,43.417728424072266,4218200,0.0,0.0
2008-06-27 00:00:00-04:00,43.53783227643396,44.46864140985409,43.25258456251586,43.91315841674805,4576500,0.0,0.0
2008-06-30 00:00:00-04:00,44.05826859426569,44.99908439488164,43.46275011804926,43.70796203613281,4649400,0.0,0.0
2008-07-01 00:00:00-04:00,43.56286126280722,44.34353851533909,42.97234790516978,44.32352066040039,4911200,0.0,0.0
2008-07-02 00:00:00-04:00,44.29346721126742,45.27932397738824,42.42684448614349,42.43685531616211,4833200,0.0,0.0
2008-07-03 00:00:00-04:00,42.396837704209716,43.202538053563266,41.03565441044435,42.481910705566406,4188700,0.0,0.0
2008-07-07 00:00:00-04:00,41.836351224995404,42.85223332388403,41.105716827853904,41.64118194580078,4536700,0.0,0.0
2008-07-08 00:00:00-04:00,41.04065690935285,41.471031120691634,39.54435418522677,40.755409240722656,7528500,0.0,0.0
2008-07-09 00:00:00-04:00,41.56611842911363,41.56611842911363,39.94971596243033,40.044795989990234,4547500,0.0,0.0
2008-07-10 00:00:00-04:00,40.3450584729581,40.84549331665039,39.22408167411666,40.84549331665039,4921000,0.0,0.0
2008-07-11 00:00:00-04:00,40.72037940976231,42.01149824004895,40.039787803743835,40.71537399291992,4428200,0.0,0.0
2008-07-14 00:00:00-04:00,41.08569818591518,41.806325552470454,40.60528121421656,41.29087829589844,3007600,0.0,0.0
2008-07-15 00:00:00-04:00,41.52105929821108,41.56609657948384,39.75452577427007,39.9196662902832,4502200,0.0,0.0
2008-07-16 00:00:00-04:00,39.689504635756904,40.2950306192492,38.668616623070314,39.84964370727539,5696100,0.0,0.0
2008-07-17 00:00:00-04:00,40.3250222595404,41.26583796280758,38.90879138043114,39.40422058105469,6091300,0.0,0.0
2008-07-18 00:00:00-04:00,40.0697977904186,41.15573994311774,39.96971239881988,40.965576171875,5444800,0.0,0.0
2008-07-21 00:00:00-04:00,40.99059640810682,42.41683413235758,40.89050720587091,42.21665954589844,4955400,0.0,0.0
2008-07-22 00:00:00-04:00,43.84809743658864,44.75388317981383,42.62703533384328,43.2876091003418,10346800,0.0,0.0
2008-07-23 00:00:00-04:00,43.27759096332082,44.033244548971005,41.050654441348236,41.74125671386719,8014300,0.0,0.0
2008-07-24 00:00:00-04:00,42.00149702720074,42.74214228361045,40.91555432124835,41.771297454833984,9263700,0.0,0.0
2008-07-25 00:00:00-04:00,41.23082371144844,42.2667236159552,40.670335349477845,41.55110168457031,5582500,0.0,0.0
2008-07-28 00:00:00-04:00,41.81132984242197,42.737133475984216,41.48604645278804,41.51607131958008,4020500,0.0,0.0
2008-07-29 00:00:00-04:00,41.546118674472396,41.84137735713203,40.280018532565,40.66535568237305,5735500,0.0,0.0
2008-07-30 00:00:00-04:00,40.810466778070264,43.1174719247927,40.43514061083362,43.09745407104492,5505700,0.0,0.0
2008-07-31 00:00:00-04:00,42.81170576107969,43.1726481481711,41.43812285436111,41.56344985961914,4212800,0.15,0.0
2008-08-01 00:00:00-04:00,41.13231974805517,42.906946565062505,41.13231974805517,42.034671783447266,4954700,0.0,0.0
2008-08-04 00:00:00-04:00,41.27768185557548,42.12489324996574,39.54817149893346,39.78378677368164,4981400,0.0,0.0
2008-08-05 00:00:00-04:00,39.57325358488217,40.179835788155515,39.12708978392345,39.85398483276367,4836600,0.0,0.0
2008-08-06 00:00:00-04:00,40.07957390634151,40.77639173490565,39.40782300817096,40.63101577758789,4496500,0.0,0.0
2008-08-07 00:00:00-04:00,41.0170407233743,41.55845454946713,40.05954395794344,40.35029983520508,4983700,0.0,0.0
2008-08-08 00:00:00-04:00,40.16479568069031,40.16479568069031,38.49042508258862,38.70097351074219,5700900,0.0,0.0
2008-08-11 00:00:00-04:00,38.94661002032022,39.05188421507583,37.59809061310082,38.465354919433594,5735900,0.0,0.0
2008-08-12 00:00:00-04:00,38.630794141498434,38.70097695713286,37.67329782838497,37.91893768310547,4736900,0.0,0.0
2008-08-13 00:00:00-04:00,37.93899171151886,39.52312309114574,37.77857329554808,39.38777160644531,4750400,0.0,0.0
2008-08-14 00:00:00-04:00,38.6057296185052,39.638422860367044,38.36510009896601,39.478004455566406,4345200,0.0,0.0
2008-08-15 00:00:00-04:00,39.407811820197864,39.407811820197864,38.154542149856184,38.9817008972168,4815900,0.0,0.0
2008-08-18 00:00:00-04:00,39.18224201452999,39.52312784285916,38.31497733897596,38.41523742675781,3647200,0.0,0.0
2008-08-19 00:00:00-04:00,38.390173407823546,39.864016551627984,38.17461078198902,39.42286682128906,3935100,0.0,0.0
2008-08-20 00:00:00-04:00,40.1046419840481,40.525738889035786,39.19727568305555,40.37033462524414,4176500,0.0,0.0
2008-08-21 00:00:00-04:00,41.067165053904496,41.09724614538747,40.25003410005027,40.6711311340332,4846900,0.0,0.0
2008-08-22 00:00:00-04:00,40.2199314771641,41.04708639025941,39.87904197779632,40.34024429321289,3503700,0.0,0.0
2008-08-25 00:00:00-04:00,40.03945977214452,40.555806251058094,39.60332056123261,39.97930145263672,3000800,0.0,0.0
2008-08-26 00:00:00-04:00,40.330189657425755,40.946799608279036,40.04444451548716,40.83149719238281,3378900,0.0,0.0
2008-08-27 00:00:00-04:00,41.302778635426144,41.48826402988893,40.64105202299696,41.06215286254883,2776100,0.0,0.0
2008-08-28 00:00:00-04:00,41.157399019102,41.548418770509834,39.89410414342458,40.676143646240234,2965400,0.0,0.0
2008-08-29 00:00:00-04:00,41.01703141664755,41.01703141664755,40.04449241170587,40.10966491699219,2209700,0.0,0.0
2008-09-02 00:00:00-04:00,38.71601491519799,39.267452898878254,38.18462588393418,38.29491424560547,5483800,0.0,0.0
2008-09-03 00:00:00-04:00,38.09938950441337,38.620750030276824,36.585441762226424,37.1819953918457,7505800,0.0,0.0
2008-09-04 00:00:00-04:00,37.19705211947424,37.41261471274726,35.74827230352644,36.60049819946289,5818500,0.0,0.0
2008-09-05 00:00:00-04:00,36.43506679415576,36.90128340251276,35.46252801819722,36.33981704711914,5112600,0.0,0.0
2008-09-08 00:00:00-04:00,36.720809119280524,37.41261274696507,34.64539441155058,34.98126983642578,6995200,0.0,0.0
2008-09-09 00:00:00-04:00,34.56017640281378,34.830883194769115,31.928307364143613,32.048622131347656,9148000,0.0,0.0
2008-09-10 00:00:00-04:00,32.52988711358907,32.805608139233975,31.582414970449804,32.43965148925781,9599800,0.0,0.0
2008-09-11 00:00:00-04:00,32.41958670096954,32.705332101450374,31.206422286624704,32.534889221191406,9868600,0.0,0.0
2008-09-12 00:00:00-04:00,32.600058933319275,33.17656390365298,32.27922211628908,32.73040008544922,9219200,0.0,0.0
2008-09-15 00:00:00-04:00,31.68767844395368,32.12381778390535,30.228872230184873,30.544696807861328,9341700,0.0,0.0
2008-09-16 00:00:00-04:00,29.46688739210591,31.772905634076032,28.464271264033293,31.742826461791992,10038500,0.0,0.0
2008-09-17 00:00:00-04:00,31.582402766757472,32.61509598253596,30.569760416818955,32.45467758178711,9336900,0.0,0.0
2008-09-18 00:00:00-04:00,33.03619666375924,33.38209656935547,31.206421770892142,32.52486038208008,8977900,0.0,0.0
2008-09-19 00:00:00-04:00,34.33458451242624,34.34461281443883,32.02355619414188,33.72298812866211,8965500,0.0,0.0
2008-09-22 00:00:00-04:00,34.068886939589774,34.665444608516644,33.46731894505964,33.52747344970703,4887700,0.0,0.0
2008-09-23 00:00:00-04:00,33.472338385045354,33.79818939775877,32.2641879167313,32.35442352294922,5687700,0.0,0.0
2008-09-24 00:00:00-04:00,32.57999657995772,32.7103376937846,31.421976653315276,31.64255142211914,5421200,0.0,0.0
2008-09-25 00:00:00-04:00,31.77790830349661,32.48976462213298,31.261561764983238,32.304283142089844,6477400,0.0,0.0
2008-09-26 00:00:00-04:00,31.712734223640876,32.13383290042933,30.965786586883958,31.78291893005371,4754800,0.0,0.0
2008-09-29 00:00:00-04:00,30.424376384847253,30.800357317537426,28.338935554685936,29.105937957763672,7493800,0.0,0.0
2008-09-30 00:00:00-04:00,29.612275619186608,30.705127662868478,29.341568728585255,30.349199295043945,4840600,0.0,0.0
2008-10-01 00:00:00-04:00,29.822815345501663,29.908036792105936,27.787504068952014,28.278785705566406,6770500,0.0,0.0
2008-10-02 00:00:00-04:00,27.862696749427403,27.862696749427403,25.44137843556829,25.63187599182129,8117000,0.0,0.0
2008-10-03 00:00:00-04:00,25.827384462354473,26.86007947377208,24.71949440977344,24.729520797729492,8028600,0.0,0.0
2008-10-06 00:00:00-04:00,24.082833535696036,24.14800219003615,20.759161407844385,22.593948364257812,11918100,0.0,0.0
2008-10-07 00:00:00-04:00,22.96492029439942,23.3158343664535,20.413262483910597,20.503498077392578,11693900,0.0,0.0
2008-10-08 00:00:00-04:00,20.01721657047954,21.84699043643737,19.405620565860968,20.764163970947266,12315400,0.0,0.0
2008-10-09 00:00:00-04:00,21.29556848372002,21.491078342485668,18.74892425537109,18.748924255371094,9622000,0.0,0.0
2008-10-10 00:00:00-04:00,17.490633353054548,19.029648543524598,16.016788728869564,16.442899703979492,13883300,0.0,0.0
2008-10-13 00:00:00-04:00,17.72123983959836,20.984756506986454,17.661083405532818,20.87948226928711,10493200,0.0,0.0
2008-10-14 00:00:00-04:00,21.711649188125065,22.849618526224468,19.475814155699624,20.20271110534668,10656400,0.0,0.0
2008-10-15 00:00:00-04:00,19.47079448688885,19.47079448688885,17.149738901997434,17.370315551757812,8002800,0.0,0.0
2008-10-16 00:00:00-04:00,17.92677188256313,18.71382714238028,16.598306930453173,18.678733825683594,11988400,0.0,0.0
2008-10-17 00:00:00-04:00,18.167402098580542,18.984532731883508,16.447915568329954,17.565832138061523,13499800,0.0,0.0
2008-10-20 00:00:00-04:00,18.13230441871166,19.601136604774066,18.10222717094073,19.45074462890625,8252600,0.0,0.0
2008-10-21 00:00:00-04:00,18.934400260859988,20.142552264737784,18.583484336375836,19.525943756103516,8060300,0.0,0.0
2008-10-22 00:00:00-04:00,18.27267679823093,18.307768204890056,14.793599045581843,15.21469783782959,14967000,0.0,0.0
2008-10-23 00:00:00-04:00,15.705975133343616,16.046863673177462,14.287273935216264,15.82127571105957,12160500,0.0,0.0
2008-10-24 00:00:00-04:00,14.4176178272182,15.946606805774815,13.831087443922787,15.756110191345215,9545900,0.0,0.0
2008-10-27 00:00:00-04:00,15.475382383618516,16.041860149430764,14.888851833658178,14.918930053710938,7379700,0.0,0.0
2008-10-28 00:00:00-04:00,15.340022618367072,15.650832994834753,14.257197582357065,15.59568977355957,8523800,0.0,0.0
2008-10-29 00:00:00-04:00,15.881436135959406,17.67611761689212,15.801226939811656,16.52812385559082,10259400,0.0,0.0
2008-10-30 00:00:00-04:00,17.0770445216272,17.474888251125662,16.42740125514156,16.981361389160156,8583200,0.15,0.0
2008-10-31 00:00:00-04:00,16.62380828103104,18.169859549112633,16.281362602016422,17.600791931152344,6289700,0.0,0.0
2008-11-03 00:00:00-05:00,17.429563215655296,17.53531855380895,16.36193378055625,16.72956085205078,4542100,0.0,0.0
2008-11-04 00:00:00-05:00,17.49503558326002,18.79432041112723,17.374170940141095,18.703672409057617,6102100,0.0,0.0
2008-11-05 00:00:00-05:00,18.275617754102456,18.325976912077806,17.021654741297407,17.384246826171875,6316600,0.0,0.0
2008-11-06 00:00:00-05:00,17.147543853136316,17.515170855889444,15.898618688404753,16.820205688476562,7978400,0.0,0.0
2008-11-07 00:00:00-05:00,16.971292290582518,17.595754181066315,16.583520701955116,17.23819923400879,5678100,0.0,0.0
2008-11-10 00:00:00-05:00,17.741796549038924,18.245395662850115,16.356898986058145,16.815174102783203,4053700,0.0,0.0
2008-11-11 00:00:00-05:00,15.98423321177569,17.102222720613987,15.364806630954698,15.79790210723877,4121900,0.0,0.0
2008-11-12 00:00:00-05:00,15.460494410058303,15.712293987026424,14.841066720706964,14.906535148620605,6769600,0.0,0.0
2008-11-13 00:00:00-05:00,14.992146544975833,16.568412382314,14.337467090292252,16.482799530029297,8900600,0.0,0.0
2008-11-14 00:00:00-05:00,15.460494275306056,16.61373678882729,15.389989741202864,15.581357955932617,4897300,0.0,0.0
2008-11-17 00:00:00-05:00,15.228839025160157,16.296469704996504,15.228839025160157,15.541070938110352,4226500,0.0,0.0
2008-11-18 00:00:00-05:00,15.510853316487117,16.225965102947757,15.33459438377408,16.140352249145508,5963600,0.0,0.0
2008-11-19 00:00:00-05:00,15.954022877377712,16.54323302176,15.530999470739724,15.55617904663086,7299400,0.0,0.0
2008-11-20 00:00:00-05:00,15.123079592313532,15.269122815160642,13.531706694830918,13.587101936340332,10228800,0.0,0.0
2008-11-21 00:00:00-05:00,14.090702020506342,15.057612292022561,13.571995583122407,14.765524864196777,10333100,0.0,0.0
2008-11-24 00:00:00-05:00,15.027396274395958,16.402221500278102,15.007251850605936,16.089990615844727,6729800,0.0,0.0
2008-11-25 00:00:00-05:00,16.089996449742145,16.56337905397838,15.259056917363296,15.878484725952148,4913300,0.0,0.0
2008-11-26 00:00:00-05:00,15.82811995976719,17.64611302883082,15.626680510690388,17.580644607543945,4611500,0.0,0.0
2008-11-28 00:00:00-05:00,17.434598422765735,17.998630737078383,17.102223129474808,17.540355682373047,2295700,0.0,0.0
2008-12-01 00:00:00-05:00,16.321644825890747,16.52308521052349,14.453292846679688,14.453292846679688,5527000,0.0,0.0
2008-12-02 00:00:00-05:00,14.765528293070007,15.128120329427144,14.261929096386643,14.815888404846191,5618500,0.0,0.0
2008-12-03 00:00:00-05:00,14.151136705451727,14.619484081821618,13.723077223794343,14.312288284301758,7028200,0.0,0.0
2008-12-04 00:00:00-05:00,13.753288492265051,14.1863839418801,12.80148668470896,13.103646278381348,6946100,0.0,0.0
2008-12-05 00:00:00-05:00,12.917317015342848,13.707967466557085,12.287818126090865,13.682787895202637,5560500,0.0,0.0
2008-12-08 00:00:00-05:00,14.47847427123199,15.102937046274352,13.682787723617151,14.780633926391602,6494300,0.0,0.0
2008-12-09 00:00:00-05:00,14.559050834270309,15.510852886704239,14.473438943379382,14.700058937072754,4350200,0.0,0.0
2008-12-10 00:00:00-05:00,14.946824473104263,15.858338760020745,14.946824473104263,15.55617904663086,5266400,0.0,0.0
2008-12-11 00:00:00-05:00,15.66696652257199,16.1806377765505,14.780632092336209,15.148259162902832,5315300,0.0,0.0
2008-12-12 00:00:00-05:00,14.493583668042431,15.374882167484218,14.21660356332296,15.34466552734375,4527100,0.0,0.0
2008-12-15 00:00:00-05:00,15.651864051818846,16.22093075987562,15.28927295150704,15.651864051818848,4925800,0.0,0.0
2008-12-16 00:00:00-05:00,15.802935279745864,15.918763773029674,14.931709290864008,15.87343978881836,5438000,0.0,0.0
2008-12-17 00:00:00-05:00,15.833160759088585,16.220931453296426,15.25402181113099,15.62668514251709,3644000,0.0,0.0
2008-12-18 00:00:00-05:00,15.59646428392778,15.59646428392778,14.146099251815254,14.226675033569336,5687600,0.0,0.0
2008-12-19 00:00:00-05:00,14.04537933991363,15.50581757615165,13.924515664739145,15.102937698364258,7332200,0.0,0.0
2008-12-22 00:00:00-05:00,15.148257186837219,15.359768795558264,14.8007736238229,15.012285232543945,5561500,0.0,0.0
2008-12-23 00:00:00-05:00,15.299338067664504,15.339625951534723,14.397896305866272,14.735307693481445,3494500,0.0,0.0
2008-12-24 00:00:00-05:00,14.508691543732029,14.825959552720056,14.35257607294222,14.755455017089844,1390600,0.0,0.0
2008-12-26 00:00:00-05:00,14.564086190819744,14.98710951690265,14.559050084492679,14.916605949401855,1432300,0.0,0.0
2008-12-29 00:00:00-05:00,15.274160539472035,15.898623303092549,14.951857425484429,15.70221996307373,2883000,0.0,0.0
2008-12-30 00:00:00-05:00,15.702219102737764,16.089990615844727,15.410131681555415,16.089990615844727,3596700,0.0,0.0
2008-12-31 00:00:00-05:00,16.115175072838476,16.392154260187173,15.626684174237202,16.150426864624023,3330900,0.0,0.0
2009-01-02 00:00:00-05:00,16.205821855878998,17.510143816149082,16.115173849290464,17.28856086730957,3435300,0.0,0.0
2009-01-05 00:00:00-05:00,17.238199268110392,18.320938246359898,16.97129232415611,18.013742446899414,7518700,0.0,0.0
2009-01-06 00:00:00-05:00,18.305821731049043,19.615180201402577,18.305821731049043,19.17704963684082,7772500,0.0,0.0
2009-01-07 00:00:00-05:00,18.733891294913132,18.759070871598897,17.837483380487203,18.089282989501953,4612300,0.0,0.0
2009-01-08 00:00:00-05:00,17.86769741154162,18.728851487347022,17.58568119910903,18.693599700927734,4424700,0.0,0.0
2009-01-09 00:00:00-05:00,18.743961752529863,18.779213540800736,17.122371807756114,17.318775177001953,4291900,0.0,0.0
2009-01-12 00:00:00-05:00,17.10222157729763,17.253300893067564,16.15545684056459,16.392147064208984,3761800,0.0,0.0
2009-01-13 00:00:00-05:00,16.3820776675944,17.16265778846011,16.120205912109103,17.066972732543945,4760000,0.0,0.0
2009-01-14 00:00:00-05:00,16.39215366968224,16.82021414478136,15.707259406925699,15.964095115661621,4526500,0.0,0.0
2009-01-15 00:00:00-05:00,15.923802329139683,16.472724408065215,15.420203280863195,16.346824645996094,4441500,0.0,0.0
2009-01-16 00:00:00-05:00,16.76985574078761,16.76985574078761,15.656901786343298,16.054744720458984,4581900,0.0,0.0
2009-01-20 00:00:00-05:00,15.359771278964178,16.05473755681787,14.579193122773393,14.69502067565918,5169800,0.0,0.0
2009-01-21 00:00:00-05:00,14.836032978476647,16.0799237016961,14.82596172380252,15.98423957824707,6195300,0.0,0.0
2009-01-22 00:00:00-05:00,15.70222178659733,16.0094175781288,15.087830203534388,15.410134315490723,4046300,0.0,0.0
2009-01-23 00:00:00-05:00,14.946824257501984,16.43747741326574,14.730276450020533,16.210857391357422,7278300,0.0,0.0
2009-01-26 00:00:00-05:00,16.533158937775447,17.495033116488422,16.100062455320344,16.372005462646484,5648500,0.0,0.0
2009-01-27 00:00:00-05:00,16.3921468310846,16.86553111379651,15.813008181484376,16.502939224243164,5196000,0.0,0.0
2009-01-28 00:00:00-05:00,17.2986317817771,18.255471031879416,16.87057322946098,17.8828067779541,7602200,0.0,0.0
2009-01-29 00:00:00-05:00,17.55408409039288,17.9586722278179,17.23547201736166,17.43776512145996,5226100,0.15,0.0
2009-01-30 00:00:00-05:00,17.938438736368255,17.973840066899808,16.719616263020676,16.851106643676758,5049800,0.0,0.0
2009-02-02 00:00:00-05:00,16.537545498280576,16.962363248062676,16.284677836010925,16.56283187866211,4531400,0.0,0.0
2009-02-03 00:00:00-05:00,16.669040204777485,17.053400232581932,16.350428255814453,16.830875396728516,4279400,0.0,0.0
2009-02-04 00:00:00-05:00,16.987654564913978,17.837290311375188,16.987654564913978,17.38718605041504,4130300,0.0,0.0
2009-02-05 00:00:00-05:00,17.24052840576829,18.115450849780874,16.7853655485463,18.009246826171875,4650800,0.0,0.0
2009-02-06 00:00:00-05:00,17.66028083815733,18.661638718383063,17.65016782696344,18.428998947143555,3876800,0.0,0.0
2009-02-09 00:00:00-05:00,18.474508578265436,18.99035877910008,17.89291418214814,18.17106819152832,4585300,0.0,0.0
2009-02-10 00:00:00-05:00,18.201418382901828,18.5908329536232,17.23546382017041,17.463043212890625,6537800,0.0,0.0
2009-02-11 00:00:00-05:00,17.69568650812555,17.948554265474296,16.744903200310453,17.33155632019043,3820400,0.0,0.0
2009-02-12 00:00:00-05:00,17.053389295748676,17.194994515583378,16.320072967327043,16.805578231811523,6444300,0.0,0.0
2009-02-13 00:00:00-05:00,16.851103638579012,17.245576639427764,16.52237485172007,16.820758819580078,5644300,0.0,0.0
2009-02-17 00:00:00-05:00,16.304906088989085,16.37570871870043,15.39963948516099,15.495728492736816,6015900,0.0,0.0
2009-02-18 00:00:00-05:00,15.864920985195441,15.986297373572603,15.207464342385249,15.778945922851562,5404600,0.0,0.0
2009-02-19 00:00:00-05:00,16.168363625706164,16.451575236279318,15.864923096684747,15.950898170471191,5739400,0.0,0.0
2009-02-20 00:00:00-05:00,15.55642570767862,15.930669900703368,14.732076217077424,15.247926712036133,7315000,0.0,0.0
2009-02-23 00:00:00-05:00,15.106321435186171,15.601942047017973,14.261743020707318,14.317373275756836,6392500,0.0,0.0
2009-02-24 00:00:00-05:00,14.458976844017227,15.445161374506128,14.362886836754974,15.35412883758545,6616800,0.0,0.0
2009-02-25 00:00:00-05:00,15.273206602322356,15.435041745642222,14.529775086353094,14.73206901550293,9317400,0.0,0.0
2009-02-26 00:00:00-05:00,14.924247905048162,15.475499425468037,14.924247905048162,14.954591751098633,8808100,0.0,0.0
2009-02-27 00:00:00-05:00,14.509551305855098,15.354129602708198,14.33760116412832,14.82310676574707,7648500,0.0,0.0
2009-03-02 00:00:00-05:00,14.413461668483155,14.716903159689794,13.467735864401686,13.5537109375,7141600,0.0,0.0
2009-03-03 00:00:00-05:00,13.847033947247677,14.24656535086214,13.523363620501343,13.685198783874512,6279100,0.0,0.0
2009-03-04 00:00:00-05:00,14.342660795747127,14.863567805392835,14.160595685401194,14.453922271728516,6713100,0.0,0.0
2009-03-05 00:00:00-05:00,14.039218248196207,14.327487342254667,13.528425253704528,13.670031547546387,6283900,0.0,0.0
2009-03-06 00:00:00-05:00,13.841978132203124,13.968411980465575,12.992342517541264,13.4424467086792,8261100,0.0,0.0
2009-03-09 00:00:00-04:00,13.214865159089134,14.347713268074823,13.133947574820684,13.740830421447754,5811800,0.0,0.0
2009-03-10 00:00:00-04:00,14.008868507420578,15.000109254452545,13.968409721105264,14.797815322875977,5729600,0.0,0.0
2009-03-11 00:00:00-04:00,14.72701622559491,14.969769001799111,14.211165852700647,14.51966381072998,4304900,0.0,0.0
2009-03-12 00:00:00-04:00,14.509552968689642,15.167008787381409,14.201053979422552,15.081033706665039,5274000,0.0,0.0
2009-03-13 00:00:00-04:00,14.888849774691675,15.12148758518648,14.524719685759031,14.833218574523926,4711100,0.0,0.0
2009-03-16 00:00:00-04:00,14.898962902209712,15.789057231228611,14.428629838430217,15.227691650390625,4935900,0.0,0.0
2009-03-17 00:00:00-04:00,15.293441048334806,15.708143994345543,14.848394243122131,15.571596145629883,4876800,0.0,0.0
2009-03-18 00:00:00-04:00,15.414816578103459,16.3453699009971,14.969769798056594,16.07227325439453,5412100,0.0,0.0
2009-03-19 00:00:00-04:00,16.689268462372986,17.351782541310293,16.38582798929356,16.820758819580078,7088200,0.0,0.0
2009-03-20 00:00:00-04:00,16.82075803308085,16.987651635930217,15.642395590851482,15.69296932220459,5856300,0.0,0.0
2009-03-23 00:00:00-04:00,16.183534320431686,17.346725463867188,15.986297804577847,17.346725463867188,5543700,0.0,0.0
2009-03-24 00:00:00-04:00,17.01293981186209,17.301208856950367,16.603295342119583,16.926965713500977,4541500,0.0,0.0
2009-03-25 00:00:00-04:00,16.856157623724847,17.184884394586575,15.910431271444367,16.552715301513672,5766700,0.0,0.0
2009-03-26 00:00:00-04:00,16.73477772034241,17.250627852001827,16.421222438864728,16.577999114990234,6877800,0.0,0.0
2009-03-27 00:00:00-04:00,16.218935662983235,16.30996819796123,15.612053704152967,15.834576606750488,4916600,0.0,0.0
2009-03-30 00:00:00-04:00,15.35412573808764,15.566534626486177,14.777586775512393,14.964709281921387,5102500,0.0,0.0
2009-03-31 00:00:00-04:00,15.28332366778887,15.28332366778887,14.367942850281771,14.438745498657227,6212900,0.0,0.0
2009-04-01 00:00:00-04:00,14.185881031639116,14.646100280313531,13.831866744374004,14.529781341552734,5385400,0.0,0.0
2009-04-02 00:00:00-04:00,15.303555146552913,15.728373010432904,15.04057247565314,15.136662483215332,5656800,0.0,0.0
2009-04-03 00:00:00-04:00,15.096200899767972,16.117786572743505,15.075971022070874,15.9306640625,6272600,0.0,0.0
2009-04-06 00:00:00-04:00,15.586765580361227,15.703084496127799,15.070915217465428,15.359185218811035,5116700,0.0,0.0
2009-04-07 00:00:00-04:00,15.040569556814908,15.161945927995246,14.681497912649782,14.777586936950684,3296800,0.0,0.0
2009-04-08 00:00:00-04:00,14.797821124772513,15.121491542198996,14.236454400511265,15.045631408691406,4554600,0.0,0.0
2009-04-09 00:00:00-04:00,15.551364816678051,15.662626266479494,15.16700576561788,15.662626266479492,4256700,0.0,0.0
2009-04-13 00:00:00-04:00,15.303555585421673,15.70308610897242,14.87368023885654,15.551365852355957,3768100,0.0,0.0
2009-04-14 00:00:00-04:00,15.394583950363673,16.057096972688292,15.12148640497901,15.566534042358398,6073800,0.0,0.0
2009-04-15 00:00:00-04:00,15.480562371919621,15.986297819918418,15.475504901685975,15.834576606750488,3487800,0.0,0.0
2009-04-16 00:00:00-04:00,15.96606306376671,16.866271268974295,15.763769139260146,16.67409324645996,5137400,0.0,0.0
2009-04-17 00:00:00-04:00,16.744901812830772,16.947194844411072,16.380771655067417,16.81064796447754,4194800,0.0,0.0
2009-04-20 00:00:00-04:00,16.29479683840995,16.481918414979503,15.657569090179901,15.723315238952637,3605500,0.0,0.0
2009-04-21 00:00:00-04:00,15.531137091442679,16.55272305593615,15.40470321359786,16.547666549682617,5037900,0.0,0.0
2009-04-22 00:00:00-04:00,16.3605455146862,17.543966868829774,16.148137493566463,16.95225715637207,5402400,0.0,0.0
2009-04-23 00:00:00-04:00,17.023057095801835,17.351785947184933,16.492035199068102,16.98259925842285,4537500,0.0,0.0
2009-04-24 00:00:00-04:00,17.38212836216233,18.04464255281682,17.321440643158407,17.933380126953125,5032600,0.0,0.0
2009-04-27 00:00:00-04:00,17.488335871032646,17.82717775625689,17.144435550048883,17.442819595336914,4222200,0.0,0.0
2009-04-28 00:00:00-04:00,17.245580923021304,17.503507125509294,16.906739041559305,17.164663314819336,3289600,0.0,0.0
2009-04-29 00:00:00-04:00,17.700739535057068,18.995422892714572,17.463043272519215,18.68692398071289,6930500,0.0,0.0
2009-04-30 00:00:00-04:00,18.818952455480062,18.829108625199304,17.793202558932588,18.067413330078125,6216300,0.15,0.0
2009-05-01 00:00:00-04:00,18.26037145723122,18.956054429615303,17.991239787925394,18.742778778076172,5041400,0.0,0.0
2009-05-04 00:00:00-04:00,18.915431602966958,19.550177629912156,18.869729811543255,19.489242553710938,5309100,0.0,0.0
2009-05-05 00:00:00-04:00,19.575567882797557,20.057975270389733,19.00683596182015,19.423229217529297,4858200,0.0,0.0
2009-05-06 00:00:00-04:00,20.159526464595142,20.311865065165804,19.60602806408576,19.986875534057617,4200200,0.0,0.0
2009-05-07 00:00:00-04:00,20.464217230859546,20.641947330246005,18.986528145336052,19.357219696044922,5107700,0.0,0.0
2009-05-08 00:00:00-04:00,19.616188040591197,19.946254749779488,19.321665010115623,19.90563201904297,5681100,0.0,0.0
2009-05-11 00:00:00-04:00,19.621277874297807,19.62635692961392,18.91036316031272,19.098247528076172,3218400,0.0,0.0
2009-05-12 00:00:00-04:00,19.443545976516134,19.443545976516134,18.676771485567276,19.143945693969727,4173700,0.0,0.0
2009-05-13 00:00:00-04:00,18.8341843067367,19.088082719101934,18.356855988842877,18.493959426879883,6022600,0.0,0.0
2009-05-14 00:00:00-04:00,18.174043594006058,18.534578770950194,18.108029483395388,18.255290985107422,4443700,0.0,0.0
2009-05-15 00:00:00-04:00,18.138498480204,18.554891613183965,17.798273688862423,17.935379028320312,4385700,0.0,0.0
2009-05-18 00:00:00-04:00,18.255302724217778,18.92559461610927,18.229913261376343,18.89004898071289,3858000,0.0,0.0
2009-05-19 00:00:00-04:00,18.854494221197246,18.98652052633728,18.336541294095433,18.732622146606445,4559300,0.0,0.0
2009-05-20 00:00:00-04:00,18.99667654454188,19.6111101537553,18.81894845496474,18.895116806030273,4454800,0.0,0.0
2009-05-21 00:00:00-04:00,18.42287650750207,18.42795556281588,17.701805620303283,18.00648307800293,4041900,0.0,0.0
2009-05-22 00:00:00-04:00,18.3314648816127,18.554896727690053,18.006475218690575,18.2095947265625,2688000,0.0,0.0
2009-05-26 00:00:00-04:00,17.99631255506877,18.818944521696114,17.691635340304153,18.727540969848633,4080500,0.0,0.0
2009-05-27 00:00:00-04:00,18.8544961999114,19.067769931464003,18.41779063100908,18.443180084228516,3211800,0.0,0.0
2009-05-28 00:00:00-04:00,18.732629565058296,19.28612832955043,18.285767697381388,19.062698364257812,4656600,0.0,0.0
2009-05-29 00:00:00-04:00,19.341979724130958,19.86500979567813,19.296277935746865,19.834543228149414,5520300,0.0,0.0
2009-06-01 00:00:00-04:00,20.372808245379556,21.03294373592978,20.286483714218214,20.78412437438965,5601600,0.0,0.0
2009-06-02 00:00:00-04:00,20.79427997395608,20.855215049406574,20.296639327412944,20.647018432617188,4878400,0.0,0.0
2009-06-03 00:00:00-04:00,20.220468993055217,20.3169496904318,19.382603474516177,19.77360725402832,4022500,0.0,0.0
2009-06-04 00:00:00-04:00,20.063052803820153,20.469291835773912,19.941182643907037,20.34741973876953,3534800,0.0,0.0
2009-06-05 00:00:00-04:00,20.62163153946523,20.773970215550015,19.570492156261437,19.870092391967773,4165800,0.0,0.0
2009-06-08 00:00:00-04:00,19.65173844229544,19.798999993396677,19.08808363001165,19.636503219604492,4280900,0.0,0.0
2009-06-09 00:00:00-04:00,20.271243200432014,20.44897320651363,19.834539668469876,20.129060745239258,3971700,0.0,0.0
2009-06-10 00:00:00-04:00,20.535302268426413,20.81459206318284,20.28140386380501,20.64194107055664,4694600,0.0,0.0
2009-06-11 00:00:00-04:00,20.758742465555404,21.83527159237515,20.738430120102304,21.49504852294922,5000400,0.0,0.0
2009-06-12 00:00:00-04:00,21.200520762851653,21.26653490282219,20.905997628438076,21.185287475585938,3882400,0.0,0.0
2009-06-15 00:00:00-04:00,20.875531444114866,20.875531444114866,20.21031678943339,20.484527587890625,3159900,0.0,0.0
2009-06-16 00:00:00-04:00,20.916140043585266,21.063401513946292,19.961483885656968,20.103666305541992,5287000,0.0,0.0
2009-06-17 00:00:00-04:00,19.93102365172205,19.981802554979215,19.209953152597183,19.372447967529297,5726400,0.0,0.0
2009-06-18 00:00:00-04:00,19.423219556360344,19.76852139232953,19.133775655193567,19.255645751953125,3684700,0.0,0.0
2009-06-19 00:00:00-04:00,19.555265616792873,19.57557796584885,18.849427952381546,19.138872146606445,5547300,0.0,0.0
2009-06-22 00:00:00-04:00,18.661536598197443,18.676769885755267,18.13342734248935,18.148662567138672,6602500,0.0,0.0
2009-06-23 00:00:00-04:00,18.367002150354967,18.732616323381567,18.11818290033766,18.483797073364258,4551700,0.0,0.0
2009-06-24 00:00:00-04:00,18.697083571487045,18.783410060401454,18.179130449275497,18.260377883911133,4863100,0.0,0.0
2009-06-25 00:00:00-04:00,18.372086815161335,18.712309712398337,18.09787610159991,18.56505012512207,5603300,0.0,0.0
2009-06-26 00:00:00-04:00,18.37208292789625,18.884956691404472,18.37208292789625,18.727540969848633,7746200,0.0,0.0
2009-06-29 00:00:00-04:00,19.062694036421146,19.118551999335686,18.600598984707073,18.676767349243164,3747800,0.0,0.0
2009-06-30 00:00:00-04:00,18.676767060557157,19.042381403371067,18.265452861982713,18.50411605834961,4426000,0.0,0.0
2009-07-01 00:00:00-04:00,18.773247984195944,18.976365538352763,18.43810217960072,18.509193420410156,4927700,0.0,0.0
2009-07-02 00:00:00-04:00,18.108039034148966,18.108039034148966,17.50376136518555,17.63071060180664,4038200,0.0,0.0
2009-07-06 00:00:00-04:00,17.163531150539303,17.585003416925975,17.056894289317743,17.554534912109375,4910300,0.0,0.0
2009-07-07 00:00:00-04:00,17.51899678713658,17.579931885749595,16.813159255502587,16.965497970581055,7065700,0.0,0.0
2009-07-08 00:00:00-04:00,16.990882515412547,17.574849680785874,16.823310558459024,17.52406883239746,10239300,0.0,0.0
2009-07-09 00:00:00-04:00,17.686570447566044,18.001404045318502,17.32603310521803,17.671335220336914,5615400,0.0,0.0
2009-07-10 00:00:00-04:00,17.371730618927295,17.656097566117783,17.102598895200224,17.534225463867188,4018600,0.0,0.0
2009-07-13 00:00:00-04:00,17.54438689049507,17.889689023725264,16.970575707760784,17.859220504760742,3708500,0.0,0.0
2009-07-14 00:00:00-04:00,18.04202354770743,18.361936142600037,17.965855173651132,18.3111572265625,4085000,0.0,0.0
2009-07-15 00:00:00-04:00,18.641216222341246,19.10839018937406,18.625982941348987,19.01190757751465,3665900,0.0,0.0
2009-07-16 00:00:00-04:00,18.895121294697788,19.4029181707956,18.722470279340875,19.326749801635742,3056600,0.0,0.0
2009-07-17 00:00:00-04:00,19.341984939715694,19.71267646230355,19.113475936177554,19.575571060180664,3945500,0.0,0.0
2009-07-20 00:00:00-04:00,19.85486030845995,20.057979866757453,19.392765153570217,20.02243423461914,3661400,0.0,0.0
2009-07-21 00:00:00-04:00,20.261095752206547,20.388044968856736,19.70251803669093,20.068132400512695,3928500,0.0,0.0
2009-07-22 00:00:00-04:00,19.763448663764834,20.15953144766144,19.499396057288273,19.804073333740234,3504700,0.0,0.0
2009-07-23 00:00:00-04:00,19.677120156146778,20.784117006350147,19.575560438890506,20.748571395874023,4691600,0.0,0.0
2009-07-24 00:00:00-04:00,20.291559873286793,21.073567418289016,20.27632658899814,21.053255081176758,4159200,0.0,0.0
2009-07-27 00:00:00-04:00,21.05833067247015,21.190356967815422,20.611469014910174,20.895835876464844,2929500,0.0,0.0
2009-07-28 00:00:00-04:00,20.62670762041929,20.707955039391788,19.84470193921822,20.34741973876953,3723400,0.0,0.0
2009-07-29 00:00:00-04:00,20.017347311780657,20.057971982307954,19.382601362973446,19.76852798461914,4442300,0.0,0.0
2009-07-30 00:00:00-04:00,20.237509867262347,20.640221479753187,19.96223849078124,20.39553451538086,2848400,0.15,0.0
2009-07-31 00:00:00-04:00,20.2375180825189,20.660618826642022,20.04380830066576,20.645326614379883,4725100,0.0,0.0
2009-08-03 00:00:00-04:00,21.0837117164283,21.792279075830713,21.022540951225157,21.54759407043457,5944800,0.0,0.0
2009-08-04 00:00:00-04:00,21.38957750800002,21.618970415711367,20.961378061800332,21.394676208496094,7097400,0.0,0.0
2009-08-05 00:00:00-04:00,20.32417090091002,20.390440376617526,19.67677418560234,19.71755599975586,13075100,0.0,0.0
2009-08-06 00:00:00-04:00,19.564630165443,19.564630165443,18.76940220617706,19.396408081054688,10045200,0.0,0.0
2009-08-07 00:00:00-04:00,19.605409990960393,19.743045711142738,18.922330089639193,19.04977035522461,6951400,0.0,0.0
2009-08-10 00:00:00-04:00,19.10583826706487,19.243473943187357,18.7846883561124,18.968202590942383,5797600,0.0,0.0
2009-08-11 00:00:00-04:00,18.968204629486333,18.968204629486333,18.565493009171963,18.733715057373047,6348000,0.0,0.0
2009-08-12 00:00:00-04:00,18.698031831957678,18.93762010111388,18.55529938799247,18.764301300048828,7637800,0.0,0.0
2009-08-13 00:00:00-04:00,18.952912064849773,19.345428225315146,18.78978871823867,19.3199405670166,7449200,0.0,0.0
2009-08-14 00:00:00-04:00,19.3658197556303,19.3658197556303,18.667445839262083,18.845863342285156,4848200,0.0,0.0
2009-08-17 00:00:00-04:00,18.346302022744542,18.402374107781853,17.948687060239482,18.086322784423828,3212200,0.0,0.0
2009-08-18 00:00:00-04:00,18.142393270429626,18.74900813371885,18.00475757312861,18.662349700927734,4145500,0.0,0.0
2009-08-19 00:00:00-04:00,18.478836192368508,19.116037440381216,18.178077125523156,18.912132263183594,3823500,0.0,0.0
2009-08-20 00:00:00-04:00,18.93762945413292,19.330143868894385,18.89684762452491,19.172119140625,3846100,0.0,0.0
2009-08-21 00:00:00-04:00,19.421898334409008,19.829708795320464,19.319947663765536,19.732852935791016,5037100,0.0,0.0
2009-08-24 00:00:00-04:00,19.901074474358065,20.23241803365709,19.85519589604474,19.972440719604492,3372100,0.0,0.0
2009-08-25 00:00:00-04:00,20.145750771067963,20.257898790052746,19.396401634366903,19.523841857910156,3794800,0.0,0.0
2009-08-26 00:00:00-04:00,19.401504676777577,19.59521245983943,19.26386897118062,19.54423713684082,2565100,0.0,0.0
2009-08-27 00:00:00-04:00,19.40659646498612,19.48815812766216,18.932518692999324,19.416791915893555,2614500,0.0,0.0
2009-08-28 00:00:00-04:00,19.579915241245633,19.727746362528272,19.263864041448908,19.416791915893555,2194300,0.0,0.0
2009-08-31 00:00:00-04:00,18.49412550812104,18.524711863293053,17.418529658533473,17.561264038085938,21832000,0.0,0.0
2009-09-01 00:00:00-04:00,17.69889938388444,18.198464841386528,17.591848115104064,18.060829162597656,17636100,0.0,0.0
2009-09-02 00:00:00-04:00,17.928296697662642,18.2902285513799,17.84673500061035,17.84673500061035,12017000,0.0,0.0
2009-09-03 00:00:00-04:00,18.065930641182486,18.167883238571264,17.994564406385557,18.16278648376465,7875100,0.0,0.0
2009-09-04 00:00:00-04:00,18.091424404937136,18.249449119836395,17.989471784127762,18.157691955566406,6905100,0.0,0.0
2009-09-08 00:00:00-04:00,18.540005470635304,18.759202837818748,18.336102254486242,18.412565231323242,15009500,0.0,0.0
2009-09-09 00:00:00-04:00,18.56549569785701,18.580789851007125,18.122004148183642,18.229053497314453,10547300,0.0,0.0
2009-09-10 00:00:00-04:00,18.26983679635434,18.545108240399077,18.13220107433197,18.524717330932617,10128500,0.0,0.0
2009-09-11 00:00:00-04:00,18.611374210211437,19.187404714278248,18.606277455566595,19.15682029724121,11793800,0.0,0.0
2009-09-14 00:00:00-04:00,18.83566542860997,19.55952496493559,18.733712860858667,19.523841857910156,7586600,0.0,0.0
2009-09-15 00:00:00-04:00,19.513653839172274,19.819511658923425,19.28935966035548,19.758338928222656,7789500,0.0,0.0
2009-09-16 00:00:00-04:00,19.880683260424806,20.59434959119686,19.753242983114394,20.324174880981445,8250100,0.0,0.0
2009-09-17 00:00:00-04:00,20.421025031421074,20.956273657680043,20.21711986685396,20.78805160522461,12303400,0.0,0.0
2009-09-18 00:00:00-04:00,21.129592986427525,22.556923339924037,20.981761835691753,22.434579849243164,22821900,0.0,0.0
2009-09-21 00:00:00-04:00,21.996183188431843,22.607894700962472,21.868742965890714,21.970693588256836,12914800,0.0,0.0
2009-09-22 00:00:00-04:00,22.36321977026451,22.740443854350136,22.29185352466072,22.398902893066406,6029200,0.0,0.0
2009-09-23 00:00:00-04:00,22.373423373015797,22.643596242491554,21.771904877341992,22.10325050354004,7816500,0.0,0.0
2009-09-24 00:00:00-04:00,22.031870293465037,22.06755340668556,21.338595045894106,21.532304763793945,5432900,0.0,0.0
2009-09-25 00:00:00-04:00,21.313114406932375,21.771898275728066,21.26723582559436,21.59857940673828,6905200,0.0,0.0
2009-09-28 00:00:00-04:00,21.62406068497406,22.077749608390423,21.56288990946215,22.072650909423828,5139800,0.0,0.0
2009-09-29 00:00:00-04:00,21.675043130300278,22.00128993708889,21.557798305647143,21.935020446777344,6227700,0.0,0.0
2009-09-30 00:00:00-04:00,22.10832286431811,22.17459230534604,21.409951191368588,21.74639320373535,5938200,0.0,0.0
2009-10-01 00:00:00-04:00,21.960508732326605,22.194998367471932,21.180572940827403,21.231550216674805,6971200,0.0,0.0
2009-10-02 00:00:00-04:00,20.844125817338206,21.073518643472184,20.482195994206695,20.72688102722168,5169000,0.0,0.0
2009-10-05 00:00:00-04:00,20.64532062869794,21.308009543912206,20.624929721870696,21.28761863708496,4461200,0.0,0.0
2009-10-06 00:00:00-04:00,21.736208519765555,22.17460328668165,21.644451385081542,21.75659942626953,6092700,0.0,0.0
2009-10-07 00:00:00-04:00,21.731116632618402,22.296951775040412,21.65975038845424,22.261266708374023,4724300,0.0,0.0
2009-10-08 00:00:00-04:00,22.39889851807252,23.05649070055279,21.991090091001645,22.92905044555664,6838100,0.0,0.0
2009-10-09 00:00:00-04:00,22.70985636614432,23.06668952113396,22.643586879390064,22.87807846069336,4127500,0.0,0.0
2009-10-12 00:00:00-04:00,23.066690553376667,23.49998672516437,22.95964118546455,23.122764587402344,3477700,0.0,0.0
2009-10-13 00:00:00-04:00,23.209418857968537,23.260396127245254,22.449876019293338,22.954538345336914,4800000,0.0,0.0
2009-10-14 00:00:00-04:00,23.341948824811645,23.591730542035787,23.27058261989046,23.556047439575195,4921000,0.0,0.0
2009-10-15 00:00:00-04:00,23.06159247989553,24.300310134887695,22.98003078358773,24.300310134887695,7972900,0.0,0.0
2009-10-16 00:00:00-04:00,24.086204272298826,24.234035410723067,23.576443335318956,23.974056243896484,5513400,0.0,0.0
2009-10-19 00:00:00-04:00,24.11678978016897,24.239131311773466,23.734469090883632,24.132081985473633,4726400,0.0,0.0
2009-10-20 00:00:00-04:00,24.132080200707197,24.162666553638,23.1584369951195,23.69368553161621,4403300,0.0,0.0
2009-10-21 00:00:00-04:00,23.367443077625786,24.56538058621526,23.357247624816814,23.744667053222656,5197300,0.0,0.0
2009-10-22 00:00:00-04:00,23.744665882612644,24.0403262211617,23.163536768653493,23.90778923034668,4103700,0.0,0.0
2009-10-23 00:00:00-04:00,23.97406471972869,24.157579033054798,22.88827494018981,23.122764587402344,4476700,0.0,0.0
2009-10-26 00:00:00-04:00,23.163536826839085,23.7854458070021,22.505946680389794,22.541629791259766,5314700,0.0,0.0
2009-10-27 00:00:00-04:00,22.87298771294735,22.87298771294735,22.17461531531656,22.470277786254883,5658900,0.0,0.0
2009-10-28 00:00:00-04:00,22.383608890830963,22.424390710532656,21.445648428118187,21.47113609313965,5698800,0.0,0.0
2009-10-29 00:00:00-04:00,21.732037119331604,22.704045220370613,21.726922150004107,22.63753890991211,5334300,0.15,0.0
2009-10-30 00:00:00-04:00,22.4584887722511,22.46360374227593,21.240920995295507,21.52229118347168,6341400,0.0,0.0
2009-11-02 00:00:00-05:00,21.645063934255766,22.13618283961593,21.102785589879097,21.593904495239258,5001800,0.0,0.0
2009-11-03 00:00:00-05:00,21.281853996681857,22.3817583294876,21.15395823479907,22.21805191040039,4772100,0.0,0.0
2009-11-04 00:00:00-05:00,21.875286367789087,21.931560805266326,20.734456608637938,20.91862678527832,12561300,0.0,0.0
2009-11-05 00:00:00-05:00,21.10791090969357,21.573451299620945,21.010710855193217,21.54787254333496,5792400,0.0,0.0
2009-11-06 00:00:00-05:00,21.179531122648623,21.46090130451867,20.847001484008008,21.06698226928711,6674700,0.0,0.0
2009-11-09 00:00:00-05:00,21.43020232117138,22.1054914339938,21.43020232117138,22.02875518798828,4736700,0.0,0.0
2009-11-10 00:00:00-05:00,21.946905346761238,22.079916030911537,21.363699250470383,21.742271423339844,4597400,0.0,0.0
2009-11-11 00:00:00-05:00,21.962253364546036,22.279434206172063,21.870168289310445,22.110612869262695,4376300,0.0,0.0
2009-11-12 00:00:00-05:00,21.880412504618693,22.05946583423741,21.020952619378996,21.19489097595215,5901600,0.0,0.0
2009-11-13 00:00:00-05:00,21.169298000687327,21.435321305828687,20.862347132508706,21.205108642578125,4275100,0.0,0.0
2009-11-16 00:00:00-05:00,21.43021088986738,22.458493780679433,21.29720017268783,22.172006607055664,5594900,0.0,0.0
2009-11-17 00:00:00-05:00,22.156650882864245,22.248735939297614,21.68599371092331,22.02875518798828,5234900,0.0,0.0
2009-11-18 00:00:00-05:00,22.13106591994775,22.192457246767564,21.261376923530694,21.593904495239258,7512300,0.0,0.0
2009-11-19 00:00:00-05:00,21.373931203775577,21.481365087226898,20.92885466330718,21.06698226928711,7428600,0.0,0.0
2009-11-20 00:00:00-05:00,20.928856959922907,21.225575987151277,20.621907991751577,20.713993072509766,4614400,0.0,0.0
2009-11-23 00:00:00-05:00,21.24091911344333,21.58367866921933,20.811189462680208,20.959548950195312,5606400,0.0,0.0
2009-11-24 00:00:00-05:00,20.92374178164968,21.061867449881237,20.55540146227506,20.974899291992188,3332400,0.0,0.0
2009-11-25 00:00:00-05:00,20.877706837684475,21.358594245081136,20.724230347749593,21.27674102783203,3448700,0.0,0.0
2009-11-27 00:00:00-05:00,21.041404792142103,21.041404792142103,20.386577366521106,20.647485733032227,2253200,0.0,0.0
2009-11-30 00:00:00-05:00,20.35076363050519,20.893042113607688,20.105204115006007,20.84188461303711,5485600,0.0,0.0
2009-12-01 00:00:00-05:00,21.148834918491154,21.33812002496349,20.959549812018818,21.005592346191406,5246000,0.0,0.0
2009-12-02 00:00:00-05:00,20.86235205803383,21.066986018466245,20.529824311748758,20.708877563476562,3636300,0.0,0.0
2009-12-03 00:00:00-05:00,20.66794268398346,20.729332063999816,20.094968632053448,20.130779266357422,4460800,0.0,0.0
2009-12-04 00:00:00-05:00,20.46331249806655,20.74468265460825,19.808487122619155,19.997772216796875,6015400,0.0,0.0
2009-12-07 00:00:00-05:00,19.94661734553848,20.304723800233578,19.828951565814304,19.910804748535156,4230600,0.0,0.0
2009-12-08 00:00:00-05:00,19.629434586570493,19.757330306749015,19.307138776824956,19.460613250732422,3821800,0.0,0.0
2009-12-09 00:00:00-05:00,19.522003852510355,19.772680338176382,19.266212396396995,19.603857040405273,4699600,0.0,0.0
2009-12-10 00:00:00-05:00,19.736872378693974,20.09497890480125,19.557817164106137,19.931272506713867,3813200,0.0,0.0
2009-12-11 00:00:00-05:00,20.013124264352253,20.187062543734317,19.73175403487558,20.105209350585938,4514900,0.0,0.0
2009-12-14 00:00:00-05:00,20.442852036954736,20.647485975779727,20.360998851731516,20.386577606201172,4952700,0.0,0.0
2009-12-15 00:00:00-05:00,20.366116367768832,21.020941868660476,20.31495690580297,20.862350463867188,5863200,0.0,0.0
2009-12-16 00:00:00-05:00,21.026057520709294,21.230691472138684,20.882814925629116,20.944204330444336,5929700,0.0,0.0
2009-12-17 00:00:00-05:00,20.91351020519055,21.08744847513006,20.65260182451431,21.015827178955078,4727900,0.0,0.0
2009-12-18 00:00:00-05:00,21.230699876914564,21.240931773690022,20.545178405237138,20.724231719970703,5950500,0.0,0.0
2009-12-21 00:00:00-05:00,20.990244594907495,21.210225385793574,20.790727587251236,20.903276443481445,3510500,0.0,0.0
2009-12-22 00:00:00-05:00,20.887930825345045,21.077215952655088,20.678179962053015,20.76515007019043,4408200,0.0,0.0
2009-12-23 00:00:00-05:00,20.944204306351526,21.092563823390474,20.775382955420373,20.88793182373047,3225900,0.0,0.0
2009-12-24 00:00:00-05:00,20.944198935005208,21.113022194173965,20.944198935005208,20.985126495361328,1171700,0.0,0.0
2009-12-28 00:00:00-05:00,21.281852098828494,21.404632877961898,20.928860530063165,21.031177520751953,1886800,0.0,0.0
2009-12-29 00:00:00-05:00,21.14883634155425,21.164183203466546,20.708874752419533,20.831655502319336,2188200,0.0,0.0
2009-12-30 00:00:00-05:00,20.7651531578438,20.93397452580848,20.601446760984757,20.908395767211914,2145900,0.0,0.0
2009-12-31 00:00:00-05:00,20.95955406742956,21.020943474945653,20.678181883951474,20.708877563476562,1541900,0.0,0.0
2010-01-04 00:00:00-05:00,21.087449152673624,21.230691749625997,20.974900282763034,21.097681045532227,5888000,0.0,0.0
2010-01-05 00:00:00-05:00,21.194882641865455,22.4175656301492,21.097682579940535,22.335712432861328,10663400,0.0,0.0
2010-01-06 00:00:00-05:00,22.187353383911088,23.548164038031093,22.187353383911088,23.450963973999023,10315800,0.0,0.0
2010-01-07 00:00:00-05:00,23.37933885881607,23.645362200300458,23.128662379800467,23.619781494140625,5608800,0.0,0.0
2010-01-08 00:00:00-05:00,23.456073855682224,24.13648001087587,23.353758842705123,24.095552444458008,4875600,0.0,0.0
2010-01-11 00:00:00-05:00,24.284836364521556,24.54574273625371,23.66581968764558,23.839757919311523,6026300,0.0,0.0
2010-01-12 00:00:00-05:00,23.583967905820426,23.849991214124756,23.24120834320927,23.384450912475586,5533200,0.0,0.0
2010-01-13 00:00:00-05:00,23.497007093381335,23.916504992746336,22.99565599295814,23.81418800354004,3961800,0.0,0.0
2010-01-14 00:00:00-05:00,23.660712816692914,24.428087286423498,23.660712816692914,24.31553840637207,4990600,0.0,0.0
2010-01-15 00:00:00-05:00,24.387156258083092,24.53040079919264,23.81418394824664,24.187639236450195,6627700,0.0,0.0
2010-01-19 00:00:00-05:00,24.029045975248007,24.61225008497119,23.931843989271737,24.581554412841797,3592500,0.0,0.0
2010-01-20 00:00:00-05:00,24.254151671309934,24.366700563779467,23.558398429742663,24.116024017333984,4840100,0.0,0.0
2010-01-21 00:00:00-05:00,24.01369769176552,24.596903765854,23.834644479238563,23.8551082611084,8282300,0.0,0.0
2010-01-22 00:00:00-05:00,23.732334869697997,23.732334869697997,22.617083782412575,22.64777946472168,7313700,0.0,0.0
2010-01-25 00:00:00-05:00,22.596615644099007,23.34864312785695,22.4380261948679,22.811481475830078,6932500,0.0,0.0
2010-01-26 00:00:00-05:00,23.722099585998816,24.93455251825133,23.302601745386763,23.988122940063477,14179300,0.0,0.0
2010-01-27 00:00:00-05:00,23.99835356666562,24.535515217010378,23.6607089334603,24.35134506225586,9707700,0.0,0.0
2010-01-28 00:00:00-05:00,24.56688469989131,24.67978933209194,23.330072715366832,23.848405838012695,5357500,0.15,0.0
2010-01-29 00:00:00-05:00,24.130676451533198,24.833760259325864,23.099142832986423,23.237707138061523,7382800,0.0,0.0
2010-02-01 00:00:00-05:00,23.684186201782325,24.351345962881172,23.52509346061057,24.289762496948242,5406900,0.0,0.0
2010-02-02 00:00:00-05:00,24.448850340072813,25.14680272905034,24.084478770378116,24.253833770751953,5542600,0.0,0.0
2010-02-03 00:00:00-05:00,24.19225364241995,24.607946449528214,24.048558233509837,24.284629821777344,4127600,0.0,0.0
2010-02-04 00:00:00-05:00,23.971574263206872,23.971574263206872,23.119662244386486,23.206907272338867,7603500,0.0,0.0
2010-02-05 00:00:00-05:00,23.17611479789417,23.40192212114436,22.144583531268232,22.9554386138916,8597500,0.0,0.0
2010-02-08 00:00:00-05:00,23.09913731285622,23.42245394743334,22.837406104286373,22.863065719604492,4549800,0.0,0.0
2010-02-09 00:00:00-05:00,23.283888395912314,23.65339310083728,23.09400490374945,23.376264572143555,6075700,0.0,0.0
2010-02-10 00:00:00-05:00,23.283884566912494,23.499429595240354,22.940041490143056,23.227432250976562,5894800,0.0,0.0
2010-02-11 00:00:00-05:00,23.140194186169914,24.002370570357865,23.037553767537414,23.9561824798584,5286600,0.0,0.0
2010-02-12 00:00:00-05:00,23.494297299422673,24.022894673990944,23.401921135234154,23.863801956176758,4814300,0.0,0.0
2010-02-16 00:00:00-05:00,24.22818537100342,24.6798021771556,24.161470742437206,24.602821350097656,4892300,0.0,0.0
2010-02-17 00:00:00-05:00,24.720839424230558,24.77216059130355,24.42831562387272,24.659255981445312,3699400,0.0,0.0
2010-02-18 00:00:00-05:00,24.69518292662228,25.069818683730155,24.566882929350985,24.967180252075195,4124500,0.0,0.0
2010-02-19 00:00:00-05:00,24.93638884006645,25.23404383115386,24.813219974914716,25.074953079223633,6560300,0.0,0.0
2010-02-22 00:00:00-05:00,25.43932666742605,25.66000284853972,24.61820735935392,24.700319290161133,9763800,0.0,0.0
2010-02-23 00:00:00-05:00,24.505306733345776,24.679794859598147,23.95104964135478,24.151199340820312,7170500,0.0,0.0
2010-02-24 00:00:00-05:00,24.377005632232134,24.792698433049623,24.258969839884642,24.587417602539062,6116800,0.0,0.0
2010-02-25 00:00:00-05:00,24.002370556324376,24.643870725273487,23.84841090731722,24.5771541595459,4355100,0.0,0.0
2010-02-26 00:00:00-05:00,24.479641880036755,24.690053814522848,24.258965710002226,24.592544555664062,3625100,0.0,0.0
2010-03-01 00:00:00-05:00,24.864543695459975,24.99797485180071,24.710584066542847,24.792695999145508,5599600,0.0,0.0
2010-03-02 00:00:00-05:00,24.869676761662014,25.42393381795113,24.869676761662014,25.264841079711914,5456000,0.0,0.0
2010-03-03 00:00:00-05:00,25.423933988067727,26.00898180181888,25.352086285705735,25.660005569458008,5188400,0.0,0.0
2010-03-04 00:00:00-05:00,25.7215864790599,25.99871498152425,25.377743378289697,25.618946075439453,6225300,0.0,0.0
2010-03-05 00:00:00-05:00,25.849884563414697,26.173201125474378,25.736981889797562,26.116748809814453,5569100,0.0,0.0
2010-03-08 00:00:00-05:00,26.21426064480175,26.475991820405486,25.76777517214992,25.834491729736328,3684000,0.0,0.0
2010-03-09 00:00:00-05:00,25.618954815541723,25.92687613145278,25.398280515371905,25.62921905517578,4915900,0.0,0.0
2010-03-10 00:00:00-05:00,25.670272510279897,25.932003733265336,25.269977007701016,25.649744033813477,6222300,0.0,0.0
2010-03-11 00:00:00-05:00,25.536839370951423,25.665139412311657,25.398277049061246,25.649744033813477,2974200,0.0,0.0
2010-03-12 00:00:00-05:00,25.834488250231114,25.99358095606279,25.434192874032075,25.68052864074707,4693000,0.0,0.0
2010-03-15 00:00:00-04:00,25.572758093861182,25.83962038312704,25.208384589562073,25.593284606933594,5932600,0.0,0.0
2010-03-16 00:00:00-04:00,25.778038558169445,26.234786294426407,25.593286224918796,26.1937313079834,4454000,0.0,0.0
2010-03-17 00:00:00-04:00,26.352822232621637,26.89681499964676,26.24505069013736,26.61455535888672,4442900,0.0,0.0
2010-03-18 00:00:00-04:00,26.645360925335996,26.717210617979593,25.25458846270725,25.336700439453125,7937600,0.0,0.0
2010-03-19 00:00:00-04:00,24.392398834228516,25.275103585927884,24.176855743345413,24.392398834228516,10119500,0.0,0.0
2010-03-22 00:00:00-04:00,24.08448297678353,24.813226243449467,23.761166337071014,24.371875762939453,7501800,0.0,0.0
2010-03-23 00:00:00-04:00,24.459110494078658,24.474505866715226,23.951041662344124,24.181982040405273,6974400,0.0,0.0
2010-03-24 00:00:00-04:00,23.966455701029915,24.207658523869643,23.78683441166837,23.889474868774414,5739200,0.0,0.0
2010-03-25 00:00:00-04:00,24.13066945883537,24.217912538024862,22.98623344600726,23.02728843688965,7552600,0.0,0.0
2010-03-26 00:00:00-04:00,23.18638117610368,23.484036222535952,22.847669181085955,23.02728843688965,5814900,0.0,0.0
2010-03-29 00:00:00-04:00,23.160711883882232,23.689307150964986,23.13505228059028,23.427576065063477,5664600,0.0,0.0
2010-03-30 00:00:00-04:00,23.442980614823224,23.67392105028224,23.181247468735336,23.581544876098633,5128300,0.0,0.0
2010-03-31 00:00:00-04:00,23.637990866697994,24.08960542203484,23.617462398445642,24.038286209106445,6840000,0.0,0.0
2010-04-01 00:00:00-04:00,24.2897556545934,24.818351000162036,24.069079509652553,24.802955627441406,7075800,0.0,0.0
2010-04-05 00:00:00-04:00,25.00824420347277,25.660008658318457,24.81322758951263,25.495784759521484,4968500,0.0,0.0
2010-04-06 00:00:00-04:00,25.223783751710457,25.680531492233442,25.054426792081287,25.618946075439453,4202300,0.0,0.0
2010-04-07 00:00:00-04:00,25.593294170449163,25.624086888118264,24.93639852180266,25.14681053161621,5742400,0.0,0.0
2010-04-08 00:00:00-04:00,24.87480816662002,25.110879730368833,24.710584299864074,25.01337242126465,3989600,0.0,0.0
2010-04-09 00:00:00-04:00,25.213514277981616,25.25970235213104,24.731105068487103,25.064685821533203,3454000,0.0,0.0
2010-04-12 00:00:00-04:00,25.013372690378365,25.367480039811348,24.956920368504353,25.059560775756836,1955900,0.0,0.0
2010-04-13 00:00:00-04:00,24.967184253802156,24.967184253802156,24.217910661790647,24.741374969482422,4773400,0.0,0.0
2010-04-14 00:00:00-04:00,24.84914110338403,25.32641722241381,24.48990269783687,25.285362243652344,4728200,0.0,0.0
2010-04-15 00:00:00-04:00,25.208390821735968,25.495783610530705,25.044166930339895,25.187864303588867,3205800,0.0,0.0
2010-04-16 00:00:00-04:00,24.956911139470044,25.136530317461744,24.13065900530381,24.382125854492188,7095500,0.0,0.0
2010-04-19 00:00:00-04:00,24.223036116824275,24.782424096415404,24.120395743397022,24.44371223449707,5042800,0.0,0.0
2010-04-20 00:00:00-04:00,24.81836870906181,26.065445689538027,24.720859391714267,25.80884552001953,9308400,0.0,0.0
2010-04-21 00:00:00-04:00,25.860148798780386,26.33229383708848,25.613813023112016,26.116748809814453,5948600,0.0,0.0
2010-04-22 00:00:00-04:00,25.624077705362417,26.768513539609007,25.506041933152527,26.58376121520996,5938800,0.0,0.0
2010-04-23 00:00:00-04:00,26.717190511378025,27.969397703802912,26.604285894182283,27.805173873901367,8457600,0.0,0.0
2010-04-26 00:00:00-04:00,27.928348798084592,28.12336538630681,27.54344871900821,27.651222229003906,4143300,0.0,0.0
2010-04-27 00:00:00-04:00,27.338173338237617,27.507528376625626,26.080832528016327,26.14241600036621,8537300,0.0,0.0
2010-04-28 00:00:00-04:00,26.229662515249345,26.352829466841605,25.639481502617617,26.29637908935547,8629500,0.0,0.0
2010-04-29 00:00:00-04:00,26.737718595403713,27.53318014307541,26.35281860435067,26.388742446899414,12031700,0.0,0.0
2010-04-30 00:00:00-04:00,26.250196224993434,26.311779713063732,24.684933738051686,25.536846160888672,11629900,0.0,0.0
2010-05-03 00:00:00-04:00,25.654872768566396,26.404144412830085,25.352084644144366,26.029508590698242,7957300,0.0,0.0
2010-05-04 00:00:00-04:00,25.449602616920025,25.660014658814152,24.525842480743467,24.602821350097656,9522200,0.0,0.0
2010-05-05 00:00:00-04:00,24.274365584326173,24.530965647496014,23.981841668928805,24.284629821777344,9578400,0.0,0.0
2010-05-06 00:00:00-04:00,24.20225130749384,24.62956280755965,21.931842279970258,23.594751358032227,10510300,0.15,0.0
2010-05-07 00:00:00-04:00,23.6513841393013,24.094140025315472,22.63201689574536,22.78131866455078,10488300,0.0,0.0
2010-05-10 00:00:00-04:00,24.027216596992243,24.495715760296413,23.810988026786212,24.274337768554688,8990300,0.0,0.0
2010-05-11 00:00:00-04:00,24.06325924206564,24.588386387267505,23.98088616400171,24.042665481567383,7901700,0.0,0.0
2010-05-12 00:00:00-04:00,24.22800169053378,24.552344531065547,23.991177408903717,24.413339614868164,6135300,0.0,0.0
2010-05-13 00:00:00-04:00,24.217702105251824,24.54204490953453,23.919098548882705,24.078697204589844,6665300,0.0,0.0
2010-05-14 00:00:00-04:00,23.93454253164646,23.939689987945485,22.951213408548202,23.357929229736328,6614100,0.0,0.0
2010-05-17 00:00:00-04:00,23.49178095437384,23.83671739654485,22.72468053287834,23.337331771850586,6080500,0.0,0.0
2010-05-18 00:00:00-04:00,23.847016766768736,24.439074319664364,22.7658704120085,22.910022735595703,6856700,0.0,0.0
2010-05-19 00:00:00-04:00,22.781325737290793,23.0130006290999,21.85977559205515,22.513612747192383,7271100,0.0,0.0
2010-05-20 00:00:00-04:00,21.607502209715218,21.803136978695502,20.8404015753681,20.958812713623047,12726200,0.0,0.0
2010-05-21 00:00:00-04:00,20.655059075375195,21.767096105257604,20.536647952277555,21.535423278808594,9678700,0.0,0.0
2010-05-24 00:00:00-04:00,21.535432760472812,21.94729814474245,20.77862876667612,20.7940731048584,5759500,0.0,0.0
2010-05-25 00:00:00-04:00,20.16082724785652,20.95366924327189,20.02697175077817,20.917631149291992,9018100,0.0,0.0
2010-05-26 00:00:00-04:00,21.355230397699792,21.602349513619977,20.8249540841999,20.922771453857422,6553400,0.0,0.0
2010-05-27 00:00:00-04:00,21.442754190692252,21.669279570070707,20.61902178908934,21.154447555541992,10445800,0.0,0.0
2010-05-28 00:00:00-04:00,20.768327448800427,20.783771783682557,19.44005965893501,19.635696411132812,14214900,0.0,0.0
2010-06-01 00:00:00-04:00,19.28045937681274,19.50698475666029,18.45672697350401,18.467023849487305,13448400,0.0,0.0
2010-06-02 00:00:00-04:00,18.616326112991874,20.413090760541415,18.33831634564696,20.402793884277344,18156800,0.0,0.0
2010-06-03 00:00:00-04:00,20.505770451767077,20.629329097941564,19.398880275170406,20.27409553527832,10901900,0.0,0.0
2010-06-04 00:00:00-04:00,20.26378988811686,20.67050768068356,19.692325995966158,19.80558967590332,9193700,0.0,0.0
2010-06-07 00:00:00-04:00,19.86736417483058,20.382196102694625,19.55331638460504,19.599651336669922,5923200,0.0,0.0
2010-06-08 00:00:00-04:00,19.012753608675958,19.72322260599431,18.709002527237093,19.656293869018555,8721300,0.0,0.0
2010-06-09 00:00:00-04:00,19.88281363842692,20.7425842012157,19.645991361799,19.74380874633789,7745100,0.0,0.0
2010-06-10 00:00:00-04:00,20.577846325295205,21.911261974400535,20.57269690282862,21.839183807373047,10128200,0.0,0.0
2010-06-11 00:00:00-04:00,21.57146238309238,22.21500240688478,21.494236794665976,21.936992645263672,6818800,0.0,0.0
2010-06-14 00:00:00-04:00,22.374599278764514,22.374599278764514,21.5251276180125,21.59205436706543,5116500,0.0,0.0
2010-06-15 00:00:00-04:00,21.92155628550679,22.523909024152484,21.63839700091709,22.44153594970703,4009100,0.0,0.0
2010-06-16 00:00:00-04:00,22.24074838571112,22.82250924190759,22.194413415502044,22.642316818237305,5366200,0.0,0.0
2010-06-17 00:00:00-04:00,22.565091554355803,22.70409449105761,22.245894243014078,22.580535888671875,5022900,0.0,0.0
2010-06-18 00:00:00-04:00,22.61142122980126,23.193181958547036,22.431230809535357,22.99754524230957,6702000,0.0,0.0
2010-06-21 00:00:00-04:00,23.296155035646958,23.383675559393392,22.47757182987039,22.698949813842773,5519700,0.0,0.0
2010-06-22 00:00:00-04:00,22.786464433893062,22.827651938346424,21.550868759216797,21.700170516967773,7204200,0.0,0.0
2010-06-23 00:00:00-04:00,21.77739565110773,22.029664223546124,21.417012817879364,21.89065933227539,4337300,0.0,0.0
2010-06-24 00:00:00-04:00,21.76194947115585,21.978177974387087,21.283155540940086,21.370676040649414,4374500,0.0,0.0
2010-06-25 00:00:00-04:00,21.504532421722242,22.13262807692051,21.247116427156158,22.00906753540039,7528000,0.0,0.0
2010-06-28 00:00:00-04:00,22.06569776350391,22.3179643200305,21.581754472004828,21.622941970825195,3164600,0.0,0.0
2010-06-29 00:00:00-04:00,21.205930090323857,21.22652384236326,20.665356864823405,21.025739669799805,6776700,0.0,0.0
2010-06-30 00:00:00-04:00,21.036029687856413,21.936985424612384,20.999991615500385,21.401559829711914,7142500,0.0,0.0
2010-07-01 00:00:00-04:00,21.8958014630722,22.0656969435005,21.02058874887247,21.483936309814453,7907900,0.0,0.0
2010-07-02 00:00:00-04:00,21.67442275098514,22.075992978582327,21.545714772739558,21.777389526367188,5332900,0.0,0.0
2010-07-06 00:00:00-04:00,22.225301729182707,23.399120300972495,22.12233687608721,22.616575241088867,8171900,0.0,0.0
2010-07-07 00:00:00-04:00,22.678355811970697,23.26526414867109,22.647467139888864,23.23952293395996,6175600,0.0,0.0
2010-07-08 00:00:00-04:00,23.661682998629416,23.836725992325608,23.059330380395494,23.780094146728516,3940600,0.0,0.0
2010-07-09 00:00:00-04:00,23.790390380112285,23.90365406823876,23.50723312372465,23.816131591796875,3332900,0.0,0.0
2010-07-12 00:00:00-04:00,23.70802509712005,24.19711613519168,23.213786600595313,23.68743133544922,3920700,0.0,0.0
2010-07-13 00:00:00-04:00,23.944834283589636,24.227993440869415,23.584453472375596,24.037504196166992,5411000,0.0,0.0
2010-07-14 00:00:00-04:00,23.718312972813496,24.433929225778336,23.671978008610743,24.17136573791504,3932800,0.0,0.0
2010-07-15 00:00:00-04:00,24.15592321666726,24.351559980986632,23.538126215959817,24.279483795166016,4671000,0.0,0.0
2010-07-16 00:00:00-04:00,24.0426547495348,24.0426547495348,23.45059716502858,23.68227195739746,6638200,0.0,0.0
2010-07-19 00:00:00-04:00,24.032360463822325,24.856090965541718,23.88820811700354,24.5574893951416,7306300,0.0,0.0
2010-07-20 00:00:00-04:00,24.197099099895887,25.386361486075,24.1868022263097,25.31428337097168,6670000,0.0,0.0
2010-07-21 00:00:00-04:00,25.427555463073745,25.67982403991493,24.542043679788527,24.845794677734375,7383900,0.0,0.0
2010-07-22 00:00:00-04:00,25.2370686635892,25.64893393262182,25.098063767054093,25.43785285949707,6502500,0.0,0.0
2010-07-23 00:00:00-04:00,25.11351177253518,25.309148540401154,24.58323528387427,25.262813568115234,5229000,0.0,0.0
2010-07-26 00:00:00-04:00,25.473886486471788,25.59229760783543,25.185579866676722,25.582000732421875,3709000,0.0,0.0
2010-07-27 00:00:00-04:00,25.679823920597414,25.73130634146287,24.701642212726004,25.17013931274414,3850800,0.0,0.0
2010-07-28 00:00:00-04:00,25.118662126823175,25.396671970864595,24.76342667146062,25.164997100830078,2773500,0.0,0.0
2010-07-29 00:00:00-04:00,25.438702317521344,25.62977803915512,24.80867487340824,24.984256744384766,3613500,0.15,0.0
2010-07-30 00:00:00-04:00,24.59693795112307,25.108189588343475,24.483325600641123,24.927444458007812,3829900,0.0,0.0
2010-08-02 00:00:00-04:00,25.397376144051798,26.079046102397776,25.309584271400038,25.939613342285156,4731800,0.0,0.0
2010-08-03 00:00:00-04:00,23.496965694897433,23.595084183114107,22.097476562566502,22.5467586517334,27055800,0.0,0.0
2010-08-04 00:00:00-04:00,22.515774707956645,22.515774707956645,21.405479621218934,22.118135452270508,19155800,0.0,0.0
2010-08-05 00:00:00-04:00,21.968373186500983,22.355685822497232,21.87541799626397,21.937387466430664,9275300,0.0,0.0
2010-08-06 00:00:00-04:00,21.751472017552587,21.79278630135286,21.266041002740273,21.55006980895996,7935300,0.0,0.0
2010-08-09 00:00:00-04:00,21.75664549266424,21.818614971760482,21.29186947450687,21.601720809936523,5112100,0.0,0.0
2010-08-10 00:00:00-04:00,21.276374983705743,21.405479198449136,20.920046090230635,21.198911666870117,7230000,0.0,0.0
2010-08-11 00:00:00-04:00,20.703157976233456,20.961366480816075,20.37265140556363,20.754798889160156,7521200,0.0,0.0
2010-08-12 00:00:00-04:00,20.36748200790919,20.842586584520188,20.290020654204913,20.625690460205078,5153900,0.0,0.0
2010-08-13 00:00:00-04:00,20.54306203840077,20.93553995476574,20.527570163009038,20.548227310180664,5337500,0.0,0.0
2010-08-16 00:00:00-04:00,20.45009928452147,20.68248717934011,20.372637966230762,20.62051773071289,3059500,0.0,0.0
2010-08-17 00:00:00-04:00,20.9045529937027,21.462284114401506,20.75995691202843,21.1730899810791,5364300,0.0,0.0
2010-08-18 00:00:00-04:00,21.10078854474024,21.16275800263236,20.666998399548312,21.012996673583984,3515900,0.0,0.0
2010-08-19 00:00:00-04:00,20.878726596204174,20.951024616437703,20.341652774507526,20.527563095092773,4518400,0.0,0.0
2010-08-20 00:00:00-04:00,20.315838577359084,20.43977948582667,19.814913611847878,20.14542007446289,5048000,0.0,0.0
2010-08-23 00:00:00-04:00,20.0008239895623,20.372644744991145,19.820078883436558,20.14542007446289,4230900,0.0,0.0
2010-08-24 00:00:00-04:00,19.861384684169554,20.362309485186433,19.680639637397103,20.031803131103516,5544400,0.0,0.0
2010-08-25 00:00:00-04:00,19.892379752353534,20.16091678387758,19.556707970454934,20.10927391052246,5469900,0.0,0.0
2010-08-26 00:00:00-04:00,20.217732285262265,20.305522255498897,19.221047024478167,19.412120819091797,6811600,0.0,0.0
2010-08-27 00:00:00-04:00,19.60317726844855,20.042132641161118,18.983476840484162,19.995655059814453,5305200,0.0,0.0
2010-08-30 00:00:00-04:00,19.959514012007006,19.985334463062653,19.685811714889553,19.69614028930664,3941500,0.0,0.0
2010-08-31 00:00:00-04:00,19.51538557600558,19.82523477642402,19.184879236899736,19.406938552856445,5306700,0.0,0.0
2010-09-01 00:00:00-04:00,19.685804764801325,20.53272786825421,19.685804764801325,20.398460388183594,6265700,0.0,0.0
2010-09-02 00:00:00-04:00,20.336495698732804,20.548226524208285,20.011152538133043,20.506912231445312,4804700,0.0,0.0
2010-09-03 00:00:00-04:00,20.656674652511423,20.889062636346978,20.300347723946246,20.39330291748047,4971500,0.0,0.0
2010-09-07 00:00:00-04:00,20.145410602689008,20.269351452883285,19.902696141433562,20.067949295043945,4358900,0.0,0.0
2010-09-08 00:00:00-04:00,20.135097374182543,20.625691891612295,20.0163197443061,20.357154846191406,5293600,0.0,0.0
2010-09-09 00:00:00-04:00,20.59986131088378,20.842577783949032,20.093773194471407,20.155742645263672,6330300,0.0,0.0
2010-09-10 00:00:00-04:00,20.248698658764727,20.455266130065066,20.145414923114558,20.34165382385254,4987300,0.0,0.0
2010-09-13 00:00:00-04:00,20.641183188942442,20.94070395299625,20.398466626538767,20.88389778137207,4610700,0.0,0.0
2010-09-14 00:00:00-04:00,20.801269632394693,21.09562707285508,20.51207746350668,20.72380828857422,4306500,0.0,0.0
2010-09-15 00:00:00-04:00,20.52756743471588,20.69798592127072,20.22288144933876,20.651508331298828,2863500,0.0,0.0
2010-09-16 00:00:00-04:00,20.568883398084818,20.780614220755204,20.377807751548364,20.58953857421875,3313300,0.0,0.0
2010-09-17 00:00:00-04:00,20.646340744919677,20.66699788702929,20.357146665305574,20.59469985961914,3444400,0.0,0.0
2010-09-20 00:00:00-04:00,20.71348672339861,21.10596278680761,20.40880060668291,20.961366653442383,3836000,0.0,0.0
2010-09-21 00:00:00-04:00,20.92521456014041,21.069810672360887,20.656677516035042,20.790945053100586,4309600,0.0,0.0
2010-09-22 00:00:00-04:00,20.827090118973334,21.038820924406675,20.568881723568104,20.651508331298828,4042400,0.0,0.0
2010-09-23 00:00:00-04:00,20.455274085377454,20.51208026057635,20.08345328042044,20.33133316040039,5110400,0.0,0.0
2010-09-24 00:00:00-04:00,20.599875434469617,21.369337691757387,20.56889167281721,21.204084396362305,4898600,0.0,0.0
2010-09-27 00:00:00-04:00,21.317687293204724,21.477777228565774,20.971688943520682,20.982017517089844,2939100,0.0,0.0
2010-09-28 00:00:00-04:00,20.951024621417048,21.183412522203838,20.672159140472896,21.111114501953125,3157900,0.0,0.0
2010-09-29 00:00:00-04:00,20.95618678285103,21.865079141138917,20.940692945114677,21.74630355834961,5044300,0.0,0.0
2010-09-30 00:00:00-04:00,22.004520587447,22.273057565021293,21.854759239765873,21.99935531616211,7722000,0.0,0.0
2010-10-01 00:00:00-04:00,22.29372287996209,22.546768098720364,22.102649124965854,22.479633331298828,5271500,0.0,0.0
2010-10-04 00:00:00-04:00,22.391830142280043,22.52609762777587,21.797950103802926,22.112964630126953,4366100,0.0,0.0
2010-10-05 00:00:00-04:00,22.46929629891828,22.83078848827034,22.298879762636307,22.65520668029785,5958900,0.0,0.0
2010-10-06 00:00:00-04:00,22.655196810792244,22.913405123561617,22.603555936227608,22.887584686279297,4953700,0.0,0.0
2010-10-07 00:00:00-04:00,22.9908721972463,23.032184509717,22.329859437927833,22.5983943939209,4479500,0.0,0.0
2010-10-08 00:00:00-04:00,22.624223005359223,23.238758350321547,22.52093924091856,23.01153564453125,3224800,0.0,0.0
2010-10-11 00:00:00-04:00,23.011529125812316,23.383347814506166,22.856602538052034,22.97021484375,2348700,0.0,0.0
2010-10-12 00:00:00-04:00,22.877273335737748,23.32139228315874,22.49512584840427,23.099332809448242,4314200,0.0,0.0
2010-10-13 00:00:00-04:00,23.171616073088025,23.66737758719873,23.161287503005166,23.373018264770508,3265400,0.0,0.0
2010-10-14 00:00:00-04:00,23.404017269062464,23.55377866537203,22.76366131997412,23.161300659179688,5258500,0.0,0.0
2010-10-15 00:00:00-04:00,23.29556156362365,23.58991897444969,22.91857754572317,23.55893325805664,4767200,0.0,0.0
2010-10-18 00:00:00-04:00,23.419499649829923,23.46597723776677,23.016695201026355,23.300724029541016,3426800,0.0,0.0
2010-10-19 00:00:00-04:00,22.763652987205464,22.918577629791606,22.42798128662406,22.830785751342773,5655300,0.0,0.0
2010-10-20 00:00:00-04:00,22.835945462725817,23.465972451851574,22.794631184108663,23.336868286132812,4589200,0.0,0.0
2010-10-21 00:00:00-04:00,23.424665201219224,23.755171621628705,23.001203603822866,23.290395736694336,4122600,0.0,0.0
2010-10-22 00:00:00-04:00,23.409176162079937,24.09084622918465,23.409176162079937,24.049531936645508,4699500,0.0,0.0
2010-10-25 00:00:00-04:00,24.173474588752363,24.55562197244739,23.951415175264426,24.054698944091797,3953300,0.0,0.0
2010-10-26 00:00:00-04:00,23.941083951054487,24.29224754420856,23.848128766397597,24.230276107788086,2928500,0.0,0.0
2010-10-27 00:00:00-04:00,24.02886838408131,24.065017395428487,23.765496734269956,24.003047943115234,3301200,0.0,0.0
2010-10-28 00:00:00-04:00,24.210275328048038,24.210275328048038,23.516036660134993,23.82689094543457,3977500,0.15,0.0
2010-10-29 00:00:00-04:00,23.728469976808015,24.060046539153454,23.505691603416132,24.049684524536133,4533200,0.0,0.0
2010-11-01 00:00:00-04:00,25.091033998661334,25.640208690552264,24.80090363714985,25.059947967529297,9856400,0.0,0.0
2010-11-02 00:00:00-04:00,25.350081858661202,25.702382355137946,25.179111628157045,25.53141212463379,4102600,0.0,0.0
2010-11-03 00:00:00-04:00,25.640210961535086,25.723105075544478,25.21019638636965,25.541772842407227,3833600,0.0,0.0
2010-11-04 00:00:00-04:00,25.90443995712563,26.370720666894663,25.868173899293808,26.287826538085938,5742600,0.0,0.0
2010-11-05 00:00:00-04:00,26.339628843461057,26.489875036543832,25.712742008483044,25.873348236083984,5205200,0.0,0.0
2010-11-08 00:00:00-05:00,25.78528012844639,26.256740863157003,25.774918115157462,26.070228576660156,3502600,0.0,0.0
2010-11-09 00:00:00-05:00,26.173848379228946,26.51060493871349,25.464067223291785,25.650577545166016,4629600,0.0,0.0
2010-11-10 00:00:00-05:00,25.73346885318107,26.147941459860785,25.17393399632643,26.049503326416016,5078800,0.0,0.0
2010-11-11 00:00:00-05:00,25.738650043255817,26.03914049971926,25.707564005820924,25.940704345703125,3623100,0.0,0.0
2010-11-12 00:00:00-05:00,25.58839948394458,25.87852985504014,24.956330664506723,25.137662887573242,5222200,0.0,0.0
2010-11-15 00:00:00-05:00,25.220562905180664,25.334543073446394,24.749102176925046,24.82163429260254,3907600,0.0,0.0
2010-11-16 00:00:00-05:00,24.4952407439687,24.826817299175723,24.262102337330877,24.552230834960938,5396900,0.0,0.0
2010-11-17 00:00:00-05:00,24.572954473063195,25.01332920787996,24.329452079550418,24.800912857055664,3003300,0.0,0.0
2010-11-18 00:00:00-05:00,25.16356761879425,25.8578065453066,25.07031149610218,25.847444534301758,4721500,0.0,0.0
2010-11-19 00:00:00-05:00,25.852623493784368,26.023591714419783,25.44333300071131,25.98732566833496,5194900,0.0,0.0
2010-11-22 00:00:00-05:00,25.919973365486268,25.9251553585108,25.58321694388853,25.88888931274414,4869900,0.0,0.0
2010-11-23 00:00:00-05:00,25.531421234008498,25.59359332711153,25.1169504950835,25.588411331176758,3778000,0.0,0.0
2010-11-24 00:00:00-05:00,25.70756259547274,26.422525606437162,25.70756259547274,26.267099380493164,4251300,0.0,0.0
2010-11-26 00:00:00-05:00,25.769739417710902,26.168666079848986,25.759377403890788,25.806005477905273,1261900,0.0,0.0
2010-11-29 00:00:00-05:00,25.58322300281985,26.474334308010413,25.29827458587487,26.30854606628418,4189600,0.0,0.0
2010-11-30 00:00:00-05:00,25.951064559139567,27.453522666355177,25.842266400187505,27.023508071899414,8107000,0.0,0.0
2010-12-01 00:00:00-05:00,27.489788818590142,28.19438783364624,27.489788818590142,27.883535385131836,6705600,0.0,0.0
2010-12-02 00:00:00-05:00,27.785100924928184,28.30318968814932,27.785100924928184,28.23065757751465,2706400,0.0,0.0
2010-12-03 00:00:00-05:00,28.038967589743084,28.624408534875688,27.976797482050447,28.525972366333008,4461800,0.0,0.0
2010-12-06 00:00:00-05:00,28.484527522798054,28.78502003384762,28.220303053040947,28.707305908203125,2137100,0.0,0.0
2010-12-07 00:00:00-05:00,29.111412311407577,29.266840550379822,27.36545340781601,27.551965713500977,7033600,0.0,0.0
2010-12-08 00:00:00-05:00,27.640034266048616,28.02860083198005,27.329181803844172,27.681482315063477,3843100,0.0,0.0
2010-12-09 00:00:00-05:00,27.93534367406703,28.090771875823723,27.42761695035643,27.95088768005371,2317700,0.0,0.0
2010-12-10 00:00:00-05:00,27.945706708297894,28.033782824272283,27.68148231307824,27.935344696044922,3244500,0.0,0.0
2010-12-13 00:00:00-05:00,28.152947499913317,29.00261287692866,28.132223472095365,28.520790100097656,3286000,0.0,0.0
2010-12-14 00:00:00-05:00,28.505249891371044,29.39118138557972,28.30837556720727,28.582962036132812,4984900,0.0,0.0
2010-12-15 00:00:00-05:00,28.360175748988546,28.81091235573202,28.261737633062477,28.386079788208008,3077600,0.0,0.0
2010-12-16 00:00:00-05:00,28.34982117107672,28.7539298226379,27.961254551851884,28.733205795288086,3528900,0.0,0.0
2010-12-17 00:00:00-05:00,28.7746554046088,29.20466812541372,28.629589181674593,29.142498016357422,4949200,0.0,0.0
2010-12-20 00:00:00-05:00,29.261657219124466,29.541425664879466,28.67621628108576,28.966346740722656,4947500,0.0,0.0
2010-12-21 00:00:00-05:00,29.142499183525672,29.448171698460296,28.89899678013728,29.386001586914062,2235900,0.0,0.0
2010-12-22 00:00:00-05:00,29.499969609011877,29.531055642227088,29.24610725498468,29.406713485717773,2036900,0.0,0.0
2010-12-23 00:00:00-05:00,29.37563419280254,29.479252343972494,29.189121915966993,29.391176223754883,1565500,0.0,0.0
2010-12-27 00:00:00-05:00,29.313462873931964,29.323822909901573,28.966342378396952,29.116588592529297,1651200,0.0,0.0
2010-12-28 00:00:00-05:00,29.225383120449017,29.323819260724665,28.96633877370639,28.99224281311035,1418100,0.0,0.0
2010-12-29 00:00:00-05:00,29.12695928997063,29.525887989713922,29.090693224207822,29.453353881835938,2548500,0.0,0.0
2010-12-30 00:00:00-05:00,29.38600089480223,29.624321297076616,29.2720207126918,29.437808990478516,1501500,0.0,0.0
2010-12-31 00:00:00-05:00,29.328998893428174,29.76419343997663,29.189114720285666,29.61912727355957,1637200,0.0,0.0
2011-01-03 00:00:00-05:00,29.88853924561884,30.235659735468747,29.660580907337284,29.681304931640625,2861700,0.0,0.0
2011-01-04 00:00:00-05:00,29.71239395305059,29.986982380040672,28.59850414149964,28.966346740722656,5518100,0.0,0.0
2011-01-05 00:00:00-05:00,28.790198884054682,29.277201719439088,28.494888380762234,29.007797241210938,5099700,0.0,0.0
2011-01-06 00:00:00-05:00,29.069965765134462,29.0803277793236,28.147768242174624,28.40681266784668,4907300,0.0,0.0
2011-01-07 00:00:00-05:00,28.98188541575304,29.98697890598191,28.98188541575304,29.323823928833008,7562700,0.0,0.0
2011-01-10 00:00:00-05:00,29.24612053085907,29.323832684646167,28.691765533164258,29.02334213256836,3392100,0.0,0.0
2011-01-11 00:00:00-05:00,29.277204960340345,30.230488683476576,29.225396857181213,29.924816131591797,3469600,0.0,0.0
2011-01-12 00:00:00-05:00,30.173500914811846,30.992080417181405,29.96108452720147,30.44290542602539,4542800,0.0,0.0
2011-01-13 00:00:00-05:00,30.163125863346995,30.5154263505005,29.862633457571278,30.287466049194336,3351200,0.0,0.0
2011-01-14 00:00:00-05:00,30.19939048196913,30.914351457530078,30.14758042669922,30.867725372314453,4173200,0.0,0.0
2011-01-18 00:00:00-05:00,30.831475446248636,30.971359713074506,30.448090693928265,30.72267723083496,3373100,0.0,0.0
2011-01-19 00:00:00-05:00,30.748571514887704,30.847009658237123,30.126866495017133,30.432538986206055,4549800,0.0,0.0
2011-01-20 00:00:00-05:00,30.401438208394158,30.57758840566731,29.6709333854219,30.31336212158203,5443700,0.0,0.0
2011-01-21 00:00:00-05:00,30.89881339123209,31.178581796509267,30.30819251988145,30.551694869995117,9163900,0.0,0.0
2011-01-24 00:00:00-05:00,30.47397953818197,30.670853812821754,29.935166774089765,30.308191299438477,5430700,0.0,0.0
2011-01-25 00:00:00-05:00,31.095688686574693,32.38054861859846,31.095688686574693,32.28729248046875,15951500,0.0,0.0
2011-01-26 00:00:00-05:00,33.00744796078234,34.53581280114765,32.60333919470028,34.188690185546875,12891000,0.0,0.0
2011-01-27 00:00:00-05:00,34.053969198395926,34.970984383028345,34.017703150477196,34.54096984863281,8852100,0.0,0.0
2011-01-28 00:00:00-05:00,34.4891581900923,35.78437969933822,34.287103950866126,34.8621826171875,11871700,0.0,0.0
2011-01-31 00:00:00-05:00,34.82073822944481,36.11595987442953,34.69121606494634,35.49425506591797,8469600,0.0,0.0
2011-02-01 00:00:00-05:00,35.6704160414943,35.84656830347842,35.12642512809666,35.514991760253906,7190800,0.0,0.0
2011-02-02 00:00:00-05:00,35.39581994161148,35.877642592294826,35.18858367039334,35.447628021240234,4609700,0.0,0.0
2011-02-03 00:00:00-05:00,35.60858927781487,35.66570456579586,34.82455538393845,35.58262634277344,5309600,0.15,0.0
2011-02-04 00:00:00-05:00,35.603403546790815,35.64494266722539,34.69475608457438,35.20878982543945,4414100,0.0,0.0
2011-02-07 00:00:00-05:00,35.36455347641852,36.340698870754565,35.307438185971364,35.551475524902344,3835800,0.0,0.0
2011-02-08 00:00:00-05:00,35.31263692823989,35.385328406868695,34.33648742427289,35.17244338989258,4338200,0.0,0.0
2011-02-09 00:00:00-05:00,34.81936146447345,35.333399048327735,34.17032771238358,34.61686325073242,4173600,0.0,0.0
2011-02-10 00:00:00-05:00,34.51822368172925,34.923220236718706,34.243029956636704,34.876487731933594,5384300,0.0,0.0
2011-02-11 00:00:00-05:00,34.75186905788038,35.08936745638284,34.580523168602284,34.855712890625,6104700,0.0,0.0
2011-02-14 00:00:00-05:00,34.90244914385102,35.593022193934786,34.87129678295329,35.2036018371582,5625600,0.0,0.0
2011-02-15 00:00:00-05:00,35.08417877236793,35.32302278876062,34.74668032869109,34.7882194519043,5169200,0.0,0.0
2011-02-16 00:00:00-05:00,35.03225404363565,36.60551156650143,34.98033212447151,36.16416931152344,7524400,0.0,0.0
2011-02-17 00:00:00-05:00,36.00320983667631,37.015705188551166,35.67090476690713,36.963783264160156,5730200,0.0,0.0
2011-02-18 00:00:00-05:00,36.9014726878805,37.166279638516244,36.563974254542984,36.776859283447266,4412100,0.0,0.0
2011-02-22 00:00:00-05:00,36.82358612754415,37.30127412368083,35.3334068394451,35.76436233520508,7148100,0.0,0.0
2011-02-23 00:00:00-05:00,35.82147592452685,36.90146922531264,35.75917120885081,36.62108612060547,4809400,0.0,0.0
2011-02-24 00:00:00-05:00,36.34070303720002,36.56916422518164,35.49436430386828,35.79551696777344,3969000,0.0,0.0
2011-02-25 00:00:00-05:00,36.02395912705004,37.14029769951289,35.837037135317345,37.12472152709961,3272700,0.0,0.0
2011-02-28 00:00:00-05:00,37.24934287565965,37.3324210949062,36.117427887444336,36.89107894897461,4380000,0.0,0.0
2011-03-01 00:00:00-05:00,37.176651650710646,37.22857355737586,35.831855649560204,35.935699462890625,3594000,0.0,0.0
2011-03-02 00:00:00-05:00,35.79033604253403,36.112258377500254,35.2866849545182,35.72802734375,4281600,0.0,0.0
2011-03-03 00:00:00-05:00,36.15897767020445,36.496476103085655,35.55667624843424,36.45493698120117,4975800,0.0,0.0
2011-03-04 00:00:00-05:00,36.36146947264041,36.67819828826546,35.790320513138646,36.20570373535156,3634400,0.0,0.0
2011-03-07 00:00:00-05:00,36.18492993126646,36.88588557026877,35.52550944050029,36.06550598144531,3891300,0.0,0.0
2011-03-08 00:00:00-05:00,36.24725826619429,36.26802783454711,35.43207152494888,35.80591583251953,2883000,0.0,0.0
2011-03-09 00:00:00-05:00,35.80070856433667,36.13820698673447,35.22436614060513,35.478790283203125,2697000,0.0,0.0
2011-03-10 00:00:00-05:00,34.85052840866817,35.2399487787058,34.00937898328689,34.65841293334961,6141700,0.0,0.0
2011-03-11 00:00:00-05:00,34.372817278308325,36.19530470484778,33.8016685124414,35.82146072387695,5562100,0.0,0.0
2011-03-14 00:00:00-04:00,35.21917612173738,36.278399910517656,35.13609788196394,36.16416931152344,5089700,0.0,0.0
2011-03-15 00:00:00-04:00,35.271087027055906,36.91703551506083,35.04781927911863,36.563961029052734,7014200,0.0,0.0
2011-03-16 00:00:00-04:00,36.46532362357813,36.714550431295756,34.627259080758726,35.0114860534668,8873200,0.0,0.0
2011-03-17 00:00:00-04:00,35.702058477804805,36.25763134704587,35.48398007310032,36.0966682434082,3792600,0.0,0.0
2011-03-18 00:00:00-04:00,36.46012204366288,36.47050484107089,35.35416595378966,35.56705093383789,5777100,0.0,0.0
2011-03-21 00:00:00-04:00,36.278389880484205,36.66261672973633,35.87338951564355,36.66261672973633,4832900,0.0,0.0
2011-03-22 00:00:00-04:00,36.70415583813856,37.12472841689579,36.28877267689106,36.66261672973633,3567800,0.0,0.0
2011-03-23 00:00:00-04:00,36.610706305991954,37.09358769878344,36.31993641737872,36.98455047607422,2700600,0.0,0.0
2011-03-24 00:00:00-04:00,37.56607611356003,37.5920390505035,36.60031348780506,37.031272888183594,4273600,0.0,0.0
2011-03-25 00:00:00-04:00,37.057242146908095,37.20262511126198,36.470512947551626,36.90666580200195,5888400,0.0,0.0
2011-03-28 00:00:00-04:00,36.896268207817556,38.910871440611764,36.558773837396885,38.29818344116211,7010700,0.0,0.0
2011-03-29 00:00:00-04:00,38.3137706126052,38.832997745512614,37.960696003772604,38.50588607788086,6954200,0.0,0.0
2011-03-30 00:00:00-04:00,38.874527138965284,38.874527138965284,37.75818829028784,38.37087631225586,4954500,0.0,0.0
2011-03-31 00:00:00-04:00,38.51626278688011,38.89530027697563,37.851652795676806,38.1268424987793,4462800,0.0,0.0
2011-04-01 00:00:00-04:00,38.45395818877954,38.99395485419045,37.56088693296105,37.59723663330078,6753700,0.0,0.0
2011-04-04 00:00:00-04:00,37.98146952998918,38.261852686399806,37.566086195738826,37.70627975463867,3315500,0.0,0.0
2011-04-05 00:00:00-04:00,37.48819643188561,38.178769451342774,37.4466612729936,37.90357971191406,3948100,0.0,0.0
2011-04-06 00:00:00-04:00,38.1216607639328,38.381274368636326,36.844362304158146,36.97936248779297,3748400,0.0,0.0
2011-04-07 00:00:00-04:00,36.92224717784705,37.2857046398763,36.74570786672625,36.97936248779297,3907700,0.0,0.0
2011-04-08 00:00:00-04:00,37.81011321219437,38.00741806295335,36.86512014990583,37.16107940673828,4225200,0.0,0.0
2011-04-11 00:00:00-04:00,37.07280777332236,37.15069261387937,35.909740428203584,35.98762130737305,4543300,0.0,0.0
2011-04-12 00:00:00-04:00,35.863034440141114,35.87861062748496,34.40400679187385,35.07381057739258,5752200,0.0,0.0
2011-04-13 00:00:00-04:00,35.30743613020476,35.65012785293458,34.96474440747494,35.4683952331543,4072100,0.0,0.0
2011-04-14 00:00:00-04:00,35.224357000411885,36.127814812653185,35.07897407744548,35.98762130737305,5111900,0.0,0.0
2011-04-15 00:00:00-04:00,36.143386807752286,36.901457647952974,35.58262077427109,36.595115661621094,6244200,0.0,0.0
2011-04-18 00:00:00-04:00,36.174553325811615,37.000126525387884,35.49956043122944,36.71455001831055,8303900,0.0,0.0
2011-04-19 00:00:00-04:00,36.75606314809734,37.913936614990234,36.67817834111598,37.913936614990234,4099600,0.0,0.0
2011-04-20 00:00:00-04:00,38.4695457821457,38.52666109764234,37.76858977360196,38.42281723022461,4605300,0.0,0.0
2011-04-21 00:00:00-04:00,38.43319106216705,38.94203540108559,38.27742529739592,38.67203903198242,4151500,0.0,0.0
2011-04-25 00:00:00-04:00,38.864142151685904,38.864142151685904,37.95549485506685,38.28779983520508,2563100,0.0,0.0
2011-04-26 00:00:00-04:00,38.3812651290971,38.459149984036756,37.908770542202916,38.453956604003906,4900000,0.0,0.0
2011-04-27 00:00:00-04:00,40.50490727790184,41.143554394065,39.025110831609695,40.12586975097656,11684700,0.0,0.0
2011-04-28 00:00:00-04:00,40.04798866566405,40.541256835148374,39.466456792774785,40.499717712402344,5939100,0.0,0.0
2011-04-29 00:00:00-04:00,40.79568379736509,40.915107804724656,39.980497194835074,40.193382263183594,4915300,0.0,0.0
2011-05-02 00:00:00-04:00,40.39066861725476,40.52047536665021,38.24626254334147,38.57856750488281,6873800,0.0,0.0
2011-05-03 00:00:00-04:00,38.47472565990026,38.67722390326382,37.34800385218234,37.88800048828125,7522000,0.0,0.0
2011-05-04 00:00:00-04:00,38.02299366464177,38.02299366464177,36.93261383247802,37.498573303222656,5799000,0.0,0.0
2011-05-05 00:00:00-04:00,37.07714033569946,37.233230316636686,35.67751087971486,36.28627014160156,10736200,0.15,0.0
2011-05-06 00:00:00-04:00,37.0459234484676,37.38412440073171,35.75035779956582,36.04172897338867,6745800,0.0,0.0
2011-05-09 00:00:00-04:00,36.89502177485836,37.89401162949826,36.75974065819895,37.28004837036133,7871000,0.0,0.0
2011-05-10 00:00:00-04:00,37.316488235078715,38.04492018684048,36.74935048369725,37.59225082397461,5651800,0.0,0.0
2011-05-11 00:00:00-04:00,37.274855900089754,37.33209008399133,35.98969481188268,36.197818756103516,5789500,0.0,0.0
2011-05-12 00:00:00-04:00,36.052138488957446,36.78577063744433,35.479800535390346,36.62968063354492,6400000,0.0,0.0
2011-05-13 00:00:00-04:00,36.73373948085247,36.98348903672528,35.85442176852721,36.04172897338867,5831400,0.0,0.0
2011-05-16 00:00:00-04:00,36.02091554778944,36.70251758646954,35.72434022099549,35.78157043457031,5596500,0.0,0.0
2011-05-17 00:00:00-04:00,35.5838505395119,36.15618833226147,35.2508538611982,35.82839584350586,4704400,0.0,0.0
2011-05-18 00:00:00-04:00,36.04171180331506,37.22281247814121,36.04171180331506,36.84819030761719,5853600,0.0,0.0
2011-05-19 00:00:00-04:00,36.90022367387533,37.170785919512575,36.421541509603884,36.718116760253906,4556900,0.0,0.0
2011-05-20 00:00:00-04:00,36.57244492578142,37.0251142545653,36.06254140704897,36.48399353027344,5770200,0.0,0.0
2011-05-23 00:00:00-04:00,35.864806680095775,36.02610078224351,35.40693737452317,35.7347297668457,4854200,0.0,0.0
2011-05-24 00:00:00-04:00,36.12496093779325,36.85339245461489,36.12496093779325,36.572425842285156,5657000,0.0,0.0
2011-05-25 00:00:00-04:00,36.44756719775223,38.5912330413804,36.44756719775223,38.38831329345703,7111800,0.0,0.0
2011-05-26 00:00:00-04:00,38.15936534843664,38.86698414794413,38.024088202672544,38.76292419433594,4258300,0.0,0.0
2011-05-27 00:00:00-04:00,38.9866663568802,39.14276029572034,38.190596001989775,38.2218132019043,3460700,0.0,0.0
2011-05-31 00:00:00-04:00,38.89822235320561,39.28324911381688,38.22182044948476,38.466365814208984,4739200,0.0,0.0
2011-06-01 00:00:00-04:00,38.42993759688859,38.65887431806364,37.3685091209413,37.446556091308594,4164500,0.0,0.0
2011-06-02 00:00:00-04:00,37.57662399566364,38.612035242065076,37.50378123277908,38.294647216796875,4610100,0.0,0.0
2011-06-03 00:00:00-04:00,37.571423156045924,39.88159089811729,37.42573761729066,38.8045539855957,6280200,0.0,0.0
2011-06-06 00:00:00-04:00,38.5079840123805,38.8097595400138,37.46736834150135,37.58183670043945,4501000,0.0,0.0
2011-06-07 00:00:00-04:00,38.19058725867884,38.52878806898264,37.74312230405525,37.76393508911133,3818600,0.0,0.0
2011-06-08 00:00:00-04:00,38.17497252731833,38.388296593003034,37.779537614067586,37.821163177490234,4470100,0.0,0.0
2011-06-09 00:00:00-04:00,37.883611478487076,39.10113385353468,37.883611478487076,38.86699295043945,4207900,0.0,0.0
2011-06-10 00:00:00-04:00,38.513177723526475,38.56000748501094,37.46736200918146,37.50898361206055,4092800,0.0,0.0
2011-06-13 00:00:00-04:00,37.5714243061025,37.951250732026516,36.385123203201935,36.92103958129883,3733700,0.0,0.0
2011-06-14 00:00:00-04:00,37.36849511444914,37.93042832690878,37.3268695499042,37.63905334472656,3280600,0.0,0.0
2011-06-15 00:00:00-04:00,37.056323325371366,37.63386531924303,36.25504881162479,36.6192626953125,4977100,0.0,0.0
2011-06-16 00:00:00-04:00,36.58803295174,37.01468505618893,35.95846118600634,36.33828353881836,4609200,0.0,0.0
2011-06-17 00:00:00-04:00,36.58285396495024,36.58285396495024,35.77117476066418,36.08335876464844,5086900,0.0,0.0
2011-06-20 00:00:00-04:00,35.87002469799612,36.31228557963587,35.42775984672249,36.05213165283203,3642200,0.0,0.0
2011-06-21 00:00:00-04:00,36.213422706811926,37.103148583706805,36.213422706811926,36.75454330444336,3314300,0.0,0.0
2011-06-22 00:00:00-04:00,36.478774566470165,37.378904699068336,36.478774566470165,36.790958404541016,2620100,0.0,0.0
2011-06-23 00:00:00-04:00,36.07814604249116,36.62967508774353,35.39133980826746,36.55162811279297,4826600,0.0,0.0
2011-06-24 00:00:00-04:00,36.483982789164436,36.55162137117477,35.001102447509766,35.001102447509766,6926700,0.0,0.0
2011-06-27 00:00:00-04:00,34.95949771792339,35.68272556023083,34.60048390784444,35.45378875732422,5158900,0.0,0.0
2011-06-28 00:00:00-04:00,35.83359521966375,36.900223697049356,35.73473547950732,36.80656814575195,5025700,0.0,0.0
2011-06-29 00:00:00-04:00,36.978278378177336,37.64427178450647,36.68170306537033,37.18119812011719,5523100,0.0,0.0
2011-06-30 00:00:00-04:00,37.295662978229444,37.84198775191452,37.16558602922189,37.75353240966797,4372000,0.0,0.0
2011-07-01 00:00:00-04:00,37.75351823645697,38.10732756371775,37.17597648211022,37.9460334777832,3093300,0.0,0.0
2011-07-05 00:00:00-04:00,37.9356306903063,38.91901177999712,37.654664097590036,38.44552993774414,3882700,0.0,0.0
2011-07-06 00:00:00-04:00,38.294655259202386,38.5339963831784,37.90962857886129,38.51318359375,3236300,0.0,0.0
2011-07-07 00:00:00-04:00,39.04389955255961,39.33527066344253,38.29465501642218,39.220802307128906,5179600,0.0,0.0
2011-07-08 00:00:00-04:00,38.36229118596898,39.132344413540196,38.19058868009038,39.05950164794922,3278700,0.0,0.0
2011-07-11 00:00:00-04:00,38.25302938928516,38.64326025642258,37.58703601117868,37.94084548950195,3167600,0.0,0.0
2011-07-12 00:00:00-04:00,37.77953810245494,38.26862855491316,37.51418009424546,37.685882568359375,3159400,0.0,0.0
2011-07-13 00:00:00-04:00,37.94604950943549,39.25722347051146,37.90962812078432,38.934635162353516,5021000,0.0,0.0
2011-07-14 00:00:00-04:00,39.116734363217226,39.220794318871484,38.138557283315485,38.294647216796875,4352400,0.0,0.0
2011-07-15 00:00:00-04:00,38.66407085523999,39.29364280886491,38.518385308237,39.27803421020508,4475300,0.0,0.0
2011-07-18 00:00:00-04:00,39.25202271106121,40.07410603926733,39.16356736586645,40.06370162963867,6856100,0.0,0.0
2011-07-19 00:00:00-04:00,40.27704419899955,40.974255013809724,40.17818440868302,40.92742919921875,5804700,0.0,0.0
2011-07-20 00:00:00-04:00,41.000262032238666,41.073104816980305,40.54238856285234,40.87538528442383,3251800,0.0,0.0
2011-07-21 00:00:00-04:00,41.114714353514465,41.55697909192806,41.114714353514465,41.364463806152344,6146500,0.0,0.0
2011-07-22 00:00:00-04:00,41.468522137701456,41.57258605957031,40.72448196727822,41.57258605957031,5934900,0.0,0.0
2011-07-25 00:00:00-04:00,40.422714130765385,41.95762054829781,40.412305751801924,41.593406677246094,8331000,0.0,0.0
2011-07-26 00:00:00-04:00,41.90559630576072,42.14493744948815,41.42170982811086,41.49455261230469,7401700,0.0,0.0
2011-07-27 00:00:00-04:00,41.161553694764265,41.48414598584558,40.433121922098145,40.64645004272461,4985700,0.0,0.0
2011-07-28 00:00:00-04:00,40.656846237021256,41.23438814245467,40.59961206840115,40.672454833984375,5819700,0.0,0.0
2011-07-29 00:00:00-04:00,40.13654462452409,40.44352830029484,39.803547939723245,40.261417388916016,5697600,0.0,0.0
2011-08-01 00:00:00-04:00,40.82336645443133,41.062707665408304,38.78375998465221,39.24683380126953,6918500,0.0,0.0
2011-08-02 00:00:00-04:00,39.1271447858002,39.54339261167118,38.20620173082501,38.21660614013672,5359000,0.0,0.0
2011-08-03 00:00:00-04:00,38.3362820263746,38.47676339732868,37.00949543903204,37.446556091308594,8598900,0.0,0.0
2011-08-04 00:00:00-04:00,37.00336293732957,37.00857799539239,34.45895560030427,34.61537551879883,11297700,0.15,0.0
2011-08-05 00:00:00-04:00,35.33490467496603,35.4861095622819,32.597585449045916,33.65080261230469,10161000,0.0,0.0
2011-08-08 00:00:00-04:00,32.11790867087938,32.983423684085984,29.875912141629755,30.02190399169922,12113000,0.0,0.0
2011-08-09 00:00:00-04:00,30.710134771842203,31.763349840435744,29.495284714174723,31.69556999206543,10420200,0.0,0.0
2011-08-10 00:00:00-04:00,31.049036303254326,31.74770488288673,30.17309354702977,30.548498153686523,9778000,0.0,0.0
2011-08-11 00:00:00-04:00,31.01253756571493,32.143964407566266,30.136594845882193,31.685136795043945,8103700,0.0,0.0
2011-08-12 00:00:00-04:00,32.27953061198575,32.602794617001074,31.888484770947816,32.20132064819336,6502800,0.0,0.0
2011-08-15 00:00:00-04:00,32.540227138037835,33.71857770515972,32.50894275540272,33.666439056396484,6386300,0.0,0.0
2011-08-16 00:00:00-04:00,33.03555755752548,33.43702959313285,32.30039135382322,32.52980422973633,5172200,0.0,0.0
2011-08-17 00:00:00-04:00,32.858276474356316,33.47873511600159,32.75399719292167,33.22846603393555,5553300,0.0,0.0
2011-08-18 00:00:00-04:00,32.237825458922174,32.26910785847946,30.006255468581067,30.386873245239258,9696200,0.0,0.0
2011-08-19 00:00:00-04:00,29.933249502195675,30.31386713836231,28.389922706214424,28.58283805847168,11824300,0.0,0.0
2011-08-22 00:00:00-04:00,29.401429124510276,29.49528027315894,27.58697689890568,27.712112426757812,9643300,0.0,0.0
2011-08-23 00:00:00-04:00,27.972811304279354,29.1563748821334,27.482699278721714,29.109451293945312,12374000,0.0,0.0
2011-08-24 00:00:00-04:00,28.916538962384884,29.286728586047523,28.447285098139375,29.213733673095703,5431500,0.0,0.0
2011-08-25 00:00:00-04:00,29.510918216758885,29.703835550481976,28.155293757359516,28.290855407714844,6734800,0.0,0.0
2011-08-26 00:00:00-04:00,27.774674087452784,29.620410352764317,27.71732039727668,29.50570297241211,7048700,0.0,0.0
2011-08-29 00:00:00-04:00,30.042736768971885,30.684051471477265,29.81853707757229,30.652769088745117,4613700,0.0,0.0
2011-08-30 00:00:00-04:00,30.454647649302693,31.304521101230733,30.06881490770926,31.033395767211914,5271100,0.0,0.0
2011-08-31 00:00:00-04:00,31.408798936520405,32.30559593504847,31.111602304302004,31.862411499023438,8544500,0.0,0.0
2011-09-01 00:00:00-04:00,32.11269532982381,32.576736232124546,31.168970333833286,31.19504165649414,8175800,0.0,0.0
2011-09-02 00:00:00-04:00,29.99582385564287,30.736205052927623,29.901972689945335,30.381656646728516,5782400,0.0,0.0
2011-09-06 00:00:00-04:00,28.953031153095065,30.105314318855786,28.723618327118672,30.011463165283203,5156500,0.0,0.0
2011-09-07 00:00:00-04:00,30.64756741788363,31.48701286315918,30.454652013920107,31.48701286315918,4273200,0.0,0.0
2011-09-08 00:00:00-04:00,31.106394325543647,31.80506300219963,30.579786780486607,30.81962776184082,4004000,0.0,0.0
2011-09-09 00:00:00-04:00,30.402504995217672,30.465071759754203,29.271078231479933,29.6099853515625,5906300,0.0,0.0
2011-09-12 00:00:00-04:00,29.010386052414898,30.120956756151735,28.91132182576644,30.08445930480957,5383200,0.0,0.0
2011-09-13 00:00:00-04:00,30.16267112914724,30.319091070834176,29.35972510810357,30.115745544433594,4790700,0.0,0.0
2011-09-14 00:00:00-04:00,30.115749210095284,30.631930704774526,29.020821418786184,30.24088478088379,6464900,0.0,0.0
2011-09-15 00:00:00-04:00,30.720558836277707,31.19502967660088,30.48593293413527,31.080322265625,5555500,0.0,0.0
2011-09-16 00:00:00-04:00,31.356660167526996,31.497436899903043,30.256517620743786,30.84048080444336,4763400,0.0,0.0
2011-09-19 00:00:00-04:00,30.053177795090654,30.423367402064184,29.49007278558984,30.1001033782959,3739400,0.0,0.0
2011-09-20 00:00:00-04:00,30.360794181438195,31.372298551708056,30.06359954715886,30.173091888427734,5793600,0.0,0.0
2011-09-21 00:00:00-04:00,30.25130894520034,30.579788035117513,28.254367067610012,28.327363967895508,6952800,0.0,0.0
2011-09-22 00:00:00-04:00,26.919589533547356,27.107291808620044,25.897655145813996,26.61717987060547,10346500,0.0,0.0
2011-09-23 00:00:00-04:00,26.085363496796976,26.356488847391212,25.444048566895244,25.866378784179688,7274500,0.0,0.0
2011-09-26 00:00:00-04:00,26.127077122453368,26.570261624884644,24.953939568881353,26.52855110168457,7406900,0.0,0.0
2011-09-27 00:00:00-04:00,27.560915949979837,27.63391086800096,26.66933175592926,26.867460250854492,6156600,0.0,0.0
2011-09-28 00:00:00-04:00,26.98216126312486,26.98737433218707,25.365839355024832,25.42319107055664,5699400,0.0,0.0
2011-09-29 00:00:00-04:00,26.22093741889025,26.36171421302841,24.67239467233326,25.334566116333008,7234500,0.0,0.0
2011-09-30 00:00:00-04:00,24.693241858574737,24.693241858574737,24.00500133286801,24.062355041503906,7812500,0.0,0.0
2011-10-03 00:00:00-04:00,23.608739118664147,24.5837481333602,23.186410903930664,23.186410903930664,9549800,0.0,0.0
2011-10-04 00:00:00-04:00,22.65459058012955,23.624384632290923,21.851642602645178,23.582672119140625,12600000,0.0,0.0
2011-10-05 00:00:00-04:00,23.73387981851015,25.590045106245984,23.00392666326422,25.449268341064453,9066800,0.0,0.0
2011-10-06 00:00:00-04:00,25.115565849656004,26.58589980298608,24.92786554717292,25.83509063720703,7682700,0.0,0.0
2011-10-07 00:00:00-04:00,25.960227820005787,26.262635539687,25.271987366704483,25.715171813964844,6361600,0.0,0.0
2011-10-10 00:00:00-04:00,26.429482015036402,27.4618427116047,26.429482015036402,27.164648056030273,5599300,0.0,0.0
2011-10-11 00:00:00-04:00,26.935242572956838,28.19180336820597,26.8518195238974,27.75383186340332,6692500,0.0,0.0
2011-10-12 00:00:00-04:00,27.946739211038928,28.525487316723417,27.248070631314864,27.884172439575195,6417800,0.0,0.0
2011-10-13 00:00:00-04:00,27.665185215377907,27.972807964642694,27.034296533691393,27.83203125,5094900,0.0,0.0
2011-10-14 00:00:00-04:00,28.348211916754025,29.568274846935488,28.243932642840058,29.54741859436035,6323300,0.0,0.0
2011-10-17 00:00:00-04:00,29.151164357525598,29.672558820717946,27.80075261829894,27.863319396972656,7652000,0.0,0.0
2011-10-18 00:00:00-04:00,27.790323631705373,29.229373419471806,27.22200360482696,29.052099227905273,7348100,0.0,0.0
2011-10-19 00:00:00-04:00,28.947823747313226,29.76641297775967,28.124019457891475,28.311721801757812,7788900,0.0,0.0
2011-10-20 00:00:00-04:00,28.405566428421015,28.410781486194654,27.289782740274823,28.07708740234375,6769300,0.0,0.0
2011-10-21 00:00:00-04:00,28.3690693534602,28.99474303409804,27.920669849187057,28.410781860351562,7861700,0.0,0.0
2011-10-24 00:00:00-04:00,28.567199865055112,29.516137520970506,28.567199865055112,29.46399688720703,4569200,0.0,0.0
2011-10-25 00:00:00-04:00,29.682984541163872,29.724695060575993,28.7079775309833,28.890464782714844,5623100,0.0,0.0
2011-10-26 00:00:00-04:00,29.291944391727608,29.693418412160113,28.57241939478609,29.448362350463867,6048400,0.0,0.0
2011-10-27 00:00:00-04:00,30.6944866748402,32.27431300291088,30.59542245840451,31.685136795043945,9460100,0.0,0.0
2011-10-28 00:00:00-04:00,31.2784573191814,31.857203550651555,31.122037376066125,31.747711181640625,5061500,0.0,0.0
2011-10-31 00:00:00-04:00,31.20545832120918,31.215886449313796,29.995823306542317,30.235666275024414,8297500,0.0,0.0
2011-11-01 00:00:00-04:00,27.47227221365973,28.415996862172868,26.78403171483048,27.91545867919922,15171500,0.0,0.0
2011-11-02 00:00:00-04:00,29.036454007988045,29.23979949883388,28.176154423943277,28.744474411010742,6349500,0.0,0.0
2011-11-03 00:00:00-04:00,29.105219005122315,29.86330399077064,28.503980701902783,29.722143173217773,6042200,0.15,0.0
2011-11-04 00:00:00-04:00,29.424137329235386,29.920813830974964,28.964059848859794,29.356172561645508,3960700,0.0,0.0
2011-11-07 00:00:00-05:00,29.35617690352575,29.95218799600999,28.80199013617598,29.696006774902344,4697700,0.0,0.0
2011-11-08 00:00:00-05:00,29.97308868519145,31.138969932576646,29.863295639317904,31.044862747192383,7051600,0.0,0.0
2011-11-09 00:00:00-05:00,29.91035103266673,30.182216029656043,29.021562002968583,29.157495498657227,7383500,0.0,0.0
2011-11-10 00:00:00-05:00,30.218826471118565,30.386127775207573,29.220245939792164,29.926050186157227,5871900,0.0,0.0
2011-11-11 00:00:00-05:00,30.3652105201887,31.08146920936924,30.145626356102387,30.427947998046875,4175800,0.0,0.0
2011-11-14 00:00:00-05:00,30.1613153632603,30.312932788759856,29.66986804663521,29.94696044921875,3454200,0.0,0.0
2011-11-15 00:00:00-05:00,29.831933358037055,30.234502614763645,29.51824201797555,29.617578506469727,5361900,0.0,0.0
2011-11-16 00:00:00-05:00,29.424134988230648,31.285363901485965,29.392767250112,30.2345027923584,6650800,0.0,0.0
2011-11-17 00:00:00-05:00,30.135170123367775,30.307700682444114,28.781074078186318,29.099992752075195,5482400,0.0,0.0
2011-11-18 00:00:00-05:00,29.4398223976422,29.596667079636468,28.05435671885143,28.258255004882812,5851800,0.0,0.0
2011-11-21 00:00:00-05:00,27.683161509345812,27.683161509345812,26.804828759320948,27.379926681518555,5148100,0.0,0.0
2011-11-22 00:00:00-05:00,27.29627347588248,27.57859511782721,26.559101629285763,26.815282821655273,4101300,0.0,0.0
2011-11-23 00:00:00-05:00,26.344750221267823,26.527737381170148,25.58666511741813,25.60757827758789,6772700,0.0,0.0
2011-11-25 00:00:00-05:00,25.508239767506833,26.135620513722582,25.43504571275287,25.550064086914062,2047400,0.0,0.0
2011-11-28 00:00:00-05:00,26.70025914201932,27.2962700937962,26.48590429104012,26.80482292175293,5382700,0.0,0.0
2011-11-29 00:00:00-05:00,27.034859045981165,27.374690798890356,26.637519114408782,26.674116134643555,4373200,0.0,0.0
2011-11-30 00:00:00-05:00,28.00208125147034,28.598092355224363,27.432210600718232,28.55103874206543,7533100,0.0,0.0
2011-12-01 00:00:00-05:00,28.40987204955954,29.068620503679913,28.273940525321095,28.885635375976562,5366900,0.0,0.0
2011-12-02 00:00:00-05:00,28.885639542688786,29.335262486346842,27.923656173165778,28.033447265625,6876000,0.0,0.0
2011-12-05 00:00:00-05:00,28.791527101900126,29.246377255609836,28.362817394837965,28.598085403442383,5631200,0.0,0.0
2011-12-06 00:00:00-05:00,28.660822913414492,28.93268794657439,27.5367657565407,27.604732513427734,8446400,0.0,0.0
2011-12-07 00:00:00-05:00,27.526311673086912,27.526311673086912,26.386570626390117,26.517274856567383,10531000,0.0,0.0
2011-12-08 00:00:00-05:00,26.323832632787884,27.092374187435038,25.497782888931248,25.618030548095703,7989300,0.0,0.0
2011-12-09 00:00:00-05:00,25.67554058213835,26.522503477713244,25.644170847343585,26.344745635986328,5256300,0.0,0.0
2011-12-12 00:00:00-05:00,25.821921240123327,25.821921240123327,25.04292533079613,25.40889549255371,4324200,0.0,0.0
2011-12-13 00:00:00-05:00,25.581433830388438,25.926492941758468,24.859945872291675,25.0324764251709,5586400,0.0,0.0
2011-12-14 00:00:00-05:00,24.650824833801583,24.880863619021202,23.96070648375394,24.028671264648438,7847700,0.0,0.0
2011-12-15 00:00:00-05:00,24.509654970004362,24.62467332308983,23.359457478433352,23.43265151977539,8177300,0.0,0.0
2011-12-16 00:00:00-05:00,23.762027643855607,24.399862882586383,23.673147736990586,24.01297950744629,7237800,0.0,0.0
2011-12-19 00:00:00-05:00,24.195967794815218,24.30576086999149,23.44833939716523,23.49016571044922,5179000,0.0,0.0
2011-12-20 00:00:00-05:00,24.065261353193282,25.257285245557718,24.065261353193282,25.11089515686035,11439600,0.0,0.0
2011-12-21 00:00:00-05:00,25.246832988559063,25.628489152881873,24.629908779273276,25.492555618286133,6578400,0.0,0.0
2011-12-22 00:00:00-05:00,25.58142973050441,26.104246602994774,25.393215337305787,26.051965713500977,6048500,0.0,0.0
2011-12-23 00:00:00-05:00,26.051977662879377,26.140855614662506,25.90558751525274,26.083345413208008,3321700,0.0,0.0
2011-12-27 00:00:00-05:00,26.088565540245117,26.21926977242192,25.837611659403944,25.848068237304688,2288400,0.0,0.0
2011-12-28 00:00:00-05:00,25.753958997963984,25.87420863713769,25.0429297063261,25.063840866088867,3252000,0.0,0.0
2011-12-29 00:00:00-05:00,25.26774802211984,25.445503897741258,24.907002994940928,25.18409538269043,3392000,0.0,0.0
2011-12-30 00:00:00-05:00,25.236373585650608,25.56574881174423,25.142266378195288,25.4298152923584,2460100,0.0,0.0
2012-01-03 00:00:00-05:00,26.50681490088802,26.83096079199086,26.140842704152284,26.674116134643555,5725200,0.0,0.0
2012-01-04 00:00:00-05:00,26.470225550433714,27.14465797188357,26.261097950450306,26.940759658813477,4895200,0.0,0.0
2012-01-05 00:00:00-05:00,26.70549646486629,26.715951051036537,26.26633005332977,26.569562911987305,4976600,0.0,0.0
2012-01-06 00:00:00-05:00,26.642748303281813,26.935526480403695,26.43362274338461,26.799592971801758,4093600,0.0,0.0
2012-01-09 00:00:00-05:00,26.632302875408453,27.034872289586115,26.527741048880436,26.966907501220703,4753800,0.0,0.0
2012-01-10 00:00:00-05:00,27.55245591469857,27.688387455272224,27.029638921988496,27.160343170166016,6283100,0.0,0.0
2012-01-11 00:00:00-05:00,27.087147290564307,27.092374582609274,26.119934722395236,26.250638961791992,6246700,0.0,0.0
2012-01-12 00:00:00-05:00,26.37088917211669,26.574789480573976,25.184094324334087,25.24683380126953,9837500,0.0,0.0
2012-01-13 00:00:00-05:00,24.922681900904372,25.262513700502296,24.7396967745906,25.105669021606445,6633800,0.0,0.0
2012-01-17 00:00:00-05:00,25.523930052602832,25.612809994561474,24.839038949986982,24.93837547302246,6442200,0.0,0.0
2012-01-18 00:00:00-05:00,24.974968848988137,25.419362510479335,24.703103764004734,25.38799476623535,9917600,0.0,0.0
2012-01-19 00:00:00-05:00,25.628489819461986,26.11470979356889,25.34094086564541,25.497785568237305,11198400,0.0,0.0
2012-01-20 00:00:00-05:00,25.743508392670503,25.978774432858614,25.30434205959039,25.764419555664062,7865800,0.0,0.0
2012-01-23 00:00:00-05:00,25.727828658872607,25.79579543936772,24.849495783388885,24.954059600830078,11370300,0.0,0.0
2012-01-24 00:00:00-05:00,24.049575546567574,25.06383953642138,23.793394407779918,24.802431106567383,17053400,0.0,0.0
2012-01-25 00:00:00-05:00,24.556715810774662,25.304344301106582,24.180286922107225,25.17886734008789,12730500,0.0,0.0
2012-01-26 00:00:00-05:00,25.534380702191395,25.811473055999386,24.9906505788348,25.14749526977539,8791600,0.0,0.0
2012-01-27 00:00:00-05:00,25.084758061198333,25.978774604093612,25.02202058302721,25.780105590820312,7056000,0.0,0.0
2012-01-30 00:00:00-05:00,25.40367513007983,25.9683163867688,25.23114458301009,25.83761215209961,6198400,0.0,0.0
2012-01-31 00:00:00-05:00,26.083338945918353,26.29769382903434,25.628488729430963,25.685998916625977,7499900,0.0,0.0
2012-02-01 00:00:00-05:00,26.083338541489823,26.292466129067563,25.696455097176035,25.921266555786133,6071100,0.0,0.0
2012-02-02 00:00:00-05:00,26.07858482174372,26.676404468905254,25.97370372565,26.561037063598633,6070400,0.15,0.0
2012-02-03 00:00:00-05:00,27.006779147129436,27.059218694811733,26.524328907042648,26.744577407836914,6256200,0.0,0.0
2012-02-06 00:00:00-05:00,26.52957214773366,27.347642297139867,26.492864064148815,27.316177368164062,5461400,0.0,0.0
2012-02-07 00:00:00-05:00,27.300446169612623,27.39483895701824,26.561037335228974,26.76030921936035,6428500,0.0,0.0
2012-02-08 00:00:00-05:00,26.88091546420589,26.991041690594265,26.08906726753563,26.172971725463867,7665200,0.0,0.0
2012-02-09 00:00:00-05:00,26.314570837802098,26.314570837802098,25.506988874161806,25.716751098632812,7579500,0.0,0.0
2012-02-10 00:00:00-05:00,25.386372818504295,25.506985380902577,24.89867741377528,24.97209358215332,7677100,0.0,0.0
2012-02-13 00:00:00-05:00,25.19234125472652,25.454542969699677,24.856723379631333,25.118925094604492,7244100,0.0,0.0
2012-02-14 00:00:00-05:00,25.13990462051288,25.229054261240893,24.830506456411058,25.171369552612305,4149400,0.0,0.0
2012-02-15 00:00:00-05:00,25.239540290172773,25.323444767745176,24.730868269642272,24.867212295532227,7361700,0.0,0.0
2012-02-16 00:00:00-05:00,24.930138351130193,25.47551837237732,24.594520492036647,25.433565139770508,8167900,0.0,0.0
2012-02-17 00:00:00-05:00,25.790162799031457,26.361762661003244,25.47552151739802,26.251638412475586,8637800,0.0,0.0
2012-02-21 00:00:00-05:00,26.435176104792404,27.216538074360596,26.435176104792404,26.870431900024414,10227000,0.0,0.0
2012-02-22 00:00:00-05:00,26.73934454135638,27.75668696108092,26.73934454135638,27.45777702331543,8689300,0.0,0.0
2012-02-23 00:00:00-05:00,27.483983846275446,27.531180235267804,27.001533648078308,27.478740692138672,5470600,0.0,0.0
2012-02-24 00:00:00-05:00,27.578381603271207,27.740947417025765,27.185078957474662,27.24800682067871,6196600,0.0,0.0
2012-02-27 00:00:00-05:00,26.749815979259658,26.896650288405223,26.246389206178176,26.519079208374023,7658900,0.0,0.0
2012-02-28 00:00:00-05:00,26.707869324371202,26.912386360948886,26.298835251215838,26.744577407836914,5597300,0.0,0.0
2012-02-29 00:00:00-05:00,26.72359889473309,27.03299700518938,26.220172071074156,26.36700439453125,5409600,0.0,0.0
2012-03-01 00:00:00-05:00,26.49809894878726,26.681641309869025,26.36699811963167,26.618711471557617,4678800,0.0,0.0
2012-03-02 00:00:00-05:00,26.58200783120572,26.671157450123374,25.622350642020624,25.711498260498047,10923100,0.0,0.0
2012-03-05 00:00:00-05:00,25.622357518755685,25.68004222875366,24.919656688712713,25.202835083007812,7518300,0.0,0.0
2012-03-06 00:00:00-05:00,24.751840334511147,24.79379156535755,24.521101563315323,24.736106872558594,7122300,0.0,0.0
2012-03-07 00:00:00-05:00,24.977337988433305,25.171366713392366,24.709891096856833,24.93538475036621,3770700,0.0,0.0
2012-03-08 00:00:00-05:00,25.15564022754343,25.67479864849996,25.0035627101154,25.564674377441406,4454000,0.0,0.0
2012-03-09 00:00:00-05:00,25.711503304423214,25.842604181154627,25.501743101917334,25.585647583007812,4998900,0.0,0.0
2012-03-12 00:00:00-04:00,25.611862207769008,25.648570285836627,24.851476875550752,24.956357955932617,3973200,0.0,0.0
2012-03-13 00:00:00-04:00,25.12416625789959,25.51746879919447,24.87769602521394,25.486003875732422,5011400,0.0,0.0
2012-03-14 00:00:00-04:00,25.538447438473476,25.56991036398844,25.04550693404213,25.118925094604492,6502200,0.0,0.0
2012-03-15 00:00:00-04:00,25.160874962435138,25.17660642433834,24.7675724113333,24.956357955932617,7431900,0.0,0.0
2012-03-16 00:00:00-04:00,25.129407412593267,25.92125758632329,25.103187645347376,25.669544219970703,10849500,0.0,0.0
2012-03-19 00:00:00-04:00,25.50698334870047,25.826869771524844,25.197585234871692,25.627595901489258,4802600,0.0,0.0
2012-03-20 00:00:00-04:00,25.344414059620025,25.375876979337715,24.809522419579707,25.076967239379883,5238200,0.0,0.0
2012-03-21 00:00:00-04:00,24.138293264914697,24.542084213351085,23.55620504055108,23.6191349029541,24552300,0.0,0.0
2012-03-22 00:00:00-04:00,23.37266251270293,23.37266251270293,22.49690967745839,22.664718627929688,16408700,0.0,0.0
2012-03-23 00:00:00-04:00,22.753871461589473,23.33595976685575,22.696186746589614,22.921680450439453,9005200,0.0,0.0
2012-03-26 00:00:00-04:00,23.00034506127467,23.07376125428589,22.407768359847875,22.60704231262207,9064600,0.0,0.0
2012-03-27 00:00:00-04:00,22.617529987625232,22.738142587088298,21.99348836376006,21.998733520507812,11484600,0.0,0.0
2012-03-28 00:00:00-04:00,21.88335402552075,22.019700032157157,21.316999383822544,21.406147003173828,12360800,0.0,0.0
2012-03-29 00:00:00-04:00,21.23835098188005,21.6054339915317,21.081030263584047,21.39042854309082,10722100,0.0,0.0
2012-03-30 00:00:00-04:00,21.6159152957009,22.1140970753284,21.537253961843497,21.993484497070312,8248500,0.0,0.0
2012-04-02 00:00:00-04:00,21.94103527711419,22.465438604004643,21.820422751982175,22.266164779663086,7101400,0.0,0.0
2012-04-03 00:00:00-04:00,22.203244513726567,22.218975978758248,21.705060783170246,21.88860321044922,7144700,0.0,0.0
2012-04-04 00:00:00-04:00,21.54249646250546,21.752256659537068,21.358954039607163,21.67359733581543,6745400,0.0,0.0
2012-04-05 00:00:00-04:00,21.5844499895029,21.883359852296273,21.400909547591453,21.500545501708984,6207000,0.0,0.0
2012-04-09 00:00:00-04:00,21.191142886143446,21.50578414931045,21.081018644079034,21.280292510986328,4561400,0.0,0.0
2012-04-10 00:00:00-04:00,21.243588890677895,21.332738542633894,20.661502576832866,21.122976303100586,8652300,0.0,0.0
2012-04-11 00:00:00-04:00,21.453347443619034,21.589691475577332,21.16492591415448,21.227853775024414,5840500,0.0,0.0
2012-04-12 00:00:00-04:00,21.296023316932022,22.087871605053014,21.269803545883832,21.90433120727539,5417800,0.0,0.0
2012-04-13 00:00:00-04:00,21.75749888758356,21.909574359828902,21.41139270862606,21.52676010131836,5672800,0.0,0.0
2012-04-16 00:00:00-04:00,21.67360138609269,21.684087697529428,21.08102476786989,21.395666122436523,6238800,0.0,0.0
2012-04-17 00:00:00-04:00,21.63163869175996,22.009209752702414,21.50053785120384,21.778470993041992,6147600,0.0,0.0
2012-04-18 00:00:00-04:00,21.720789616609427,22.360562456260762,21.505784285316164,21.66310691833496,6635000,0.0,0.0
2012-04-19 00:00:00-04:00,21.736521917928368,22.09835955355539,21.41139236125886,21.511028289794922,7073600,0.0,0.0
2012-04-20 00:00:00-04:00,21.726041209422124,22.07214750383353,21.212125923807672,21.217369079589844,6855100,0.0,0.0
2012-04-23 00:00:00-04:00,20.934182015594427,21.830913317708188,20.729665017013442,21.537246704101562,7432900,0.0,0.0
2012-04-24 00:00:00-04:00,22.46545424967489,23.25730294455499,22.302888384964337,22.570335388183594,16725700,0.0,0.0
2012-04-25 00:00:00-04:00,22.82203523238077,23.00557561435809,22.192750779195467,22.748619079589844,7887700,0.0,0.0
2012-04-26 00:00:00-04:00,22.696183958763296,22.916434479850587,22.549351611665564,22.68569564819336,4731300,0.0,0.0
2012-04-27 00:00:00-04:00,22.837777113360357,22.858753738139868,22.28715371576496,22.502159118652344,4654300,0.0,0.0
2012-04-30 00:00:00-04:00,22.48642127582314,23.13143730163574,22.47068781147812,23.131437301635742,5578300,0.0,0.0
2012-05-01 00:00:00-04:00,23.283515997816508,23.687304928919406,23.162901433477057,23.472299575805664,6242800,0.0,0.0
2012-05-02 00:00:00-04:00,23.273037297092873,23.3412083393304,22.98461565560087,23.288768768310547,5952600,0.0,0.0
2012-05-03 00:00:00-04:00,23.188786113885214,23.493971920536545,22.49948859029778,22.541584014892578,5227000,0.15,0.0
2012-05-04 00:00:00-04:00,22.331112066640937,22.331112066640937,21.43660632694818,21.66812515258789,7163300,0.0,0.0
2012-05-07 00:00:00-04:00,21.510264329445153,22.262702777386135,21.289267425066658,21.98382568359375,6069100,0.0,0.0
2012-05-08 00:00:00-04:00,21.8312428666906,21.85755150595934,21.236657984558704,21.778623580932617,6532600,0.0,0.0
2012-05-09 00:00:00-04:00,21.310315624465506,21.857543964209228,21.06301008478482,21.757568359375,6631200,0.0,0.0
2012-05-10 00:00:00-04:00,21.941737791520897,22.146947963941912,21.76283625529381,21.92595100402832,5454600,0.0,0.0
2012-05-11 00:00:00-04:00,21.68390955541926,22.23113805070804,21.64707706123832,21.95226287841797,5773000,0.0,0.0
2012-05-14 00:00:00-04:00,21.58393154402491,21.925947778675198,21.49447978545977,21.87859344482422,5643400,0.0,0.0
2012-05-15 00:00:00-04:00,21.88911779154495,21.97856956032479,21.43134111373111,21.5523624420166,8000800,0.0,0.0
2012-05-16 00:00:00-04:00,21.489224059219044,22.031189643605316,21.162992523617447,21.462915420532227,6628700,0.0,0.0
2012-05-17 00:00:00-04:00,21.505009399408465,21.862812515057616,21.341894630982292,21.457653045654297,5963900,0.0,0.0
2012-05-18 00:00:00-04:00,21.626025278016787,21.994352157724375,21.19455727834276,21.27348518371582,6255600,0.0,0.0
2012-05-21 00:00:00-04:00,21.352416924979764,22.136425159799238,21.34189306855811,22.094331741333008,4430700,0.0,0.0
2012-05-22 00:00:00-04:00,21.994354104103653,22.446869852884983,21.631290123142445,21.815452575683594,5587500,0.0,0.0
2012-05-23 00:00:00-04:00,21.56288821636469,22.099592855141722,21.24718054989368,21.95226287841797,5277200,0.0,0.0
2012-05-24 00:00:00-04:00,21.915427232867767,21.952259721752313,21.37345974015788,21.704954147338867,6001700,0.0,0.0
2012-05-25 00:00:00-04:00,21.715482513544394,22.06802269673942,21.647078445454124,21.85755157470703,3090100,0.0,0.0
2012-05-29 00:00:00-04:00,22.14694864438506,22.830983242544818,22.131163863627787,22.799413681030273,7069300,0.0,0.0
2012-05-30 00:00:00-04:00,22.46791921389663,22.646820755455558,22.204828829675872,22.39951515197754,8447000,0.0,0.0
2012-05-31 00:00:00-04:00,22.415302002079834,22.52580149914122,21.541841926118728,21.9575252532959,8726900,0.0,0.0
2012-06-01 00:00:00-04:00,21.362946062800436,21.731273134342732,21.28928104993619,21.436613082885742,6914500,0.0,0.0
2012-06-04 00:00:00-04:00,21.568143743962356,21.731258445846834,21.110365175346665,21.489215850830078,6158900,0.0,0.0
2012-06-05 00:00:00-04:00,21.394512045210625,21.831243088955983,21.315584119380333,21.615509033203125,6659800,0.0,0.0
2012-06-06 00:00:00-04:00,21.778620518033087,22.236397200033984,21.05775346590428,21.38924789428711,12948700,0.0,0.0
2012-06-07 00:00:00-04:00,21.647081096866195,21.799674033903656,21.0788067898319,21.110376358032227,7121900,0.0,0.0
2012-06-08 00:00:00-04:00,20.952514532567182,21.068274924563465,20.47369019370074,20.652591705322266,8660600,0.0,0.0
2012-06-11 00:00:00-04:00,20.852530221984797,20.941979928269724,20.289517343547406,20.321086883544922,4378500,0.0,0.0
2012-06-12 00:00:00-04:00,20.42633473719929,20.67890123386335,20.157983461750003,20.663116455078125,6043600,0.0,0.0
2012-06-13 00:00:00-04:00,20.536834584551592,20.815711754489257,20.247435565683737,20.357933044433594,4799600,0.0,0.0
2012-06-14 00:00:00-04:00,20.36319158376277,20.91041994222969,20.205337789994974,20.80518341064453,4986900,0.0,0.0
2012-06-15 00:00:00-04:00,20.92619718476295,21.25242850871634,20.79465206945055,21.247167587280273,4580800,0.0,0.0
2012-06-18 00:00:00-04:00,20.96304136762055,21.01039771587773,20.563144876842355,20.84202003479004,3387500,0.0,0.0
2012-06-19 00:00:00-04:00,21.04723029052113,21.678647600680822,20.947256669240463,21.56288719177246,3895100,0.0,0.0
2012-06-20 00:00:00-04:00,21.641806673692617,21.804921360251754,21.289264659969596,21.51026153564453,4060500,0.0,0.0
2012-06-21 00:00:00-04:00,21.410287691964836,21.415550621958843,20.505258433304544,20.547351837158203,5471800,0.0,0.0
2012-06-22 00:00:00-04:00,20.77361473746368,20.789399516869285,20.400026905249856,20.59471321105957,5257800,0.0,0.0
2012-06-25 00:00:00-04:00,20.263217788810334,20.263217788810334,19.879106120288256,20.063270568847656,4528300,0.0,0.0
2012-06-26 00:00:00-04:00,20.079058445205998,20.215864564561226,19.510784247673005,20.131675720214844,5028300,0.0,0.0
2012-06-27 00:00:00-04:00,20.25269776523565,20.752567867382435,20.21060234215536,20.726259231567383,4201600,0.0,0.0
2012-06-28 00:00:00-04:00,20.521049139144235,21.073538522215603,20.48947757171549,21.026182174682617,5162500,0.0,0.0
2012-06-29 00:00:00-04:00,21.536580196177766,21.852287871700536,21.336630931162443,21.62602996826172,5959200,0.0,0.0
2012-07-02 00:00:00-04:00,21.652338645384468,21.794405681399383,21.236655371535633,21.52605438232422,3759400,0.0,0.0
2012-07-03 00:00:00-04:00,21.95752335526882,22.204828960200555,21.67864818866604,22.157472610473633,2850900,0.0,0.0
2012-07-05 00:00:00-04:00,21.99961641222175,21.99961641222175,21.373460076879727,21.42081642150879,4791500,0.0,0.0
2012-07-06 00:00:00-04:00,21.04196821154391,21.389247411993342,21.03144435610966,21.19455909729004,3452300,0.0,0.0
2012-07-09 00:00:00-04:00,21.11037561459354,21.383989903611567,20.899904474194,21.057758331298828,3005800,0.0,0.0
2012-07-10 00:00:00-04:00,21.220867803609476,21.28926984686182,20.48947497180205,20.652591705322266,6705400,0.0,0.0
2012-07-11 00:00:00-04:00,20.710478573610157,20.941997424971092,20.57367042859001,20.76309585571289,4402900,0.0,0.0
2012-07-12 00:00:00-04:00,20.436854860796892,20.563139089682167,20.068528034369535,20.442115783691406,6683400,0.0,0.0
2012-07-13 00:00:00-04:00,20.53156224585958,20.74729615896003,20.53156224585958,20.678892135620117,3857800,0.0,0.0
2012-07-16 00:00:00-04:00,20.58418572043128,20.984084123990332,20.410547155974708,20.773611068725586,4930700,0.0,0.0
2012-07-17 00:00:00-04:00,20.94725406073914,21.541836797206074,20.810445956843708,21.531312942504883,5658400,0.0,0.0
2012-07-18 00:00:00-04:00,21.41029505228612,22.115377372396672,21.341892996606553,22.015403747558594,6949200,0.0,0.0
2012-07-19 00:00:00-04:00,22.13641425698625,22.26269846462713,21.841752443970446,21.968036651611328,7303700,0.0,0.0
2012-07-20 00:00:00-04:00,24.3884752552637,24.78311079018525,23.704440729510374,23.98857879638672,20605400,0.0,0.0
2012-07-23 00:00:00-04:00,23.409777545150735,24.598944907783427,23.2466608242326,24.32533073425293,9967800,0.0,0.0
2012-07-24 00:00:00-04:00,24.288499332379647,24.377951088875644,23.48344356001536,23.751794815063477,5885800,0.0,0.0
2012-07-25 00:00:00-04:00,23.888612779292092,24.004371208100228,23.45714461782898,23.688663482666016,4086000,0.0,0.0
2012-07-26 00:00:00-04:00,24.141180459059484,24.546339996367116,24.05172866154491,24.45688819885254,4840000,0.0,0.0
2012-07-27 00:00:00-04:00,24.641051029616907,25.119875539552236,24.246415378333257,24.914663314819336,5978900,0.0,0.0
2012-07-30 00:00:00-04:00,24.830474456167654,25.17775374900843,24.730500813775254,24.914663314819336,4641400,0.0,0.0
2012-07-31 00:00:00-04:00,24.772588662384575,25.067248573842605,24.346381566885498,24.372690200805664,3994100,0.0,0.0
2012-08-01 00:00:00-04:00,24.467397977958857,25.01462628543518,24.20430767712059,24.72522735595703,3654300,0.0,0.0
2012-08-02 00:00:00-04:00,24.35045419119033,24.69356581321557,24.033733447418673,24.355731964111328,4023300,0.15,0.0
2012-08-03 00:00:00-04:00,24.83080788125496,25.06834789557242,24.69356164469454,24.799135208129883,2806000,0.0,0.0
2012-08-06 00:00:00-04:00,24.86775104169524,25.195027180189694,24.841358161979947,24.89942169189453,2144500,0.0,0.0
2012-08-07 00:00:00-04:00,25.04195124487422,25.73345612409659,24.968050359727176,25.448408126831055,4645600,0.0,0.0
2012-08-08 00:00:00-04:00,25.195039819907873,25.400907204072354,24.8466483974029,25.08418846130371,3959100,0.0,0.0
2012-08-09 00:00:00-04:00,25.179200949153746,25.902376585512513,24.9997264831616,25.564542770385742,4576800,0.0,0.0
2012-08-10 00:00:00-04:00,25.374507913742654,25.7281790338611,25.25837679763687,25.701784133911133,2865100,0.0,0.0
2012-08-13 00:00:00-04:00,25.54341276579669,25.72816691014523,25.14751361688193,25.33226776123047,2537800,0.0,0.0
2012-08-14 00:00:00-04:00,25.34811181012011,25.50119335034812,24.89942474534641,24.97332763671875,3137300,0.0,0.0
2012-08-15 00:00:00-04:00,24.89942678765021,25.052508340434297,24.756904805290475,24.915264129638672,2398800,0.0,0.0
2012-08-16 00:00:00-04:00,24.894146837215757,25.07362125940796,24.793853077091363,24.978605270385742,2595100,0.0,0.0
2012-08-17 00:00:00-04:00,25.063063703555727,25.221423014043467,24.92581950477246,24.978605270385742,2173200,0.0,0.0
2012-08-20 00:00:00-04:00,24.899423184128413,25.311159784223605,24.80440921418866,25.237258911132812,3165200,0.0,0.0
2012-08-21 00:00:00-04:00,25.305881034551938,25.453684800425094,24.983884647725063,25.100013732910156,2604800,0.0,0.0
2012-08-22 00:00:00-04:00,24.994446872769572,25.226709132537714,24.894153087464122,25.179201126098633,3027600,0.0,0.0
2012-08-23 00:00:00-04:00,25.12112873268563,25.395619138204705,24.946932085209976,24.99444007873535,3150100,0.0,0.0
2012-08-24 00:00:00-04:00,24.95749051000699,25.163357817903826,24.74634543093369,25.078899383544922,2485000,0.0,0.0
2012-08-27 00:00:00-04:00,25.073627539544443,25.24254444819266,24.873037955406538,24.909988403320312,1404200,0.0,0.0
2012-08-28 00:00:00-04:00,24.830809311314425,24.9574959838144,24.624941958265698,24.756908416748047,2176000,0.0,0.0
2012-08-29 00:00:00-04:00,24.783284884456453,24.799120204614475,24.07066527264031,24.1815185546875,3653600,0.0,0.0
2012-08-30 00:00:00-04:00,24.07068024515918,24.07068024515918,23.315831972172923,23.75396156311035,6137900,0.0,0.0
2012-08-31 00:00:00-04:00,24.012615166726423,24.250153156298666,23.796190277936326,24.0706787109375,3326600,0.0,0.0
2012-09-04 00:00:00-04:00,23.93343660858716,23.98622238567755,23.19970343332984,23.574487686157227,4452200,0.0,0.0
2012-09-05 00:00:00-04:00,23.395015040211057,23.637832855504904,23.26832835990491,23.468915939331055,3841300,0.0,0.0
2012-09-06 00:00:00-04:00,23.717015224134204,24.244881128052352,23.685342544985613,23.907047271728516,3057700,0.0,0.0
2012-09-07 00:00:00-04:00,23.96511069101765,24.80969525597442,23.949273346041405,24.67245101928711,4083100,0.0,0.0
2012-09-10 00:00:00-04:00,24.64605970119753,24.809698865436292,24.519373004847104,24.62494659423828,2881300,0.0,0.0
2012-09-11 00:00:00-04:00,24.719947287271953,25.073616276623003,24.646044410992758,24.95748519897461,2335700,0.0,0.0
2012-09-12 00:00:00-04:00,25.068343919197794,25.42201298491125,24.99972081180268,25.348112106323242,3168600,0.0,0.0
2012-09-13 00:00:00-04:00,25.342832204234796,25.91820591669826,25.15280223745104,25.84430503845215,3452700,0.0,0.0
2012-09-14 00:00:00-04:00,26.071288472959,26.905317305400406,25.928764482086812,26.41440200805664,5295500,0.0,0.0
2012-09-17 00:00:00-04:00,26.37745623854885,26.704732490184433,26.292997786073588,26.446077346801758,3814500,0.0,0.0
2012-09-18 00:00:00-04:00,26.308820715046267,26.308820715046267,25.522300111035683,25.8126277923584,4952700,0.0,0.0
2012-09-19 00:00:00-04:00,25.802084947366204,25.802084947366204,25.279496836735042,25.395627975463867,3732900,0.0,0.0
2012-09-20 00:00:00-04:00,25.147523394286413,25.21086671891956,24.85719764159916,25.052507400512695,5317400,0.0,0.0
2012-09-21 00:00:00-04:00,25.18976003869996,25.268938711255828,24.635499262566388,24.762187957763672,6189800,0.0,0.0
2012-09-24 00:00:00-04:00,24.698841193995417,25.04723254044404,24.598545403550002,24.75162696838379,3620000,0.0,0.0
2012-09-25 00:00:00-04:00,24.804413840575535,24.809691612360215,24.361006505681043,24.450742721557617,6179500,0.0,0.0
2012-09-26 00:00:00-04:00,24.3029433091432,24.355729086711378,23.859535931166146,23.94927215576172,5267800,0.0,0.0
2012-09-27 00:00:00-04:00,24.149861001238985,24.250154781030204,23.859535206139537,24.186811447143555,3911000,0.0,0.0
2012-09-28 00:00:00-04:00,24.033723603790293,24.107624476307773,23.574481029111837,23.875364303588867,5129000,0.0,0.0
2012-10-01 00:00:00-04:00,24.054843999842817,24.165695332977087,23.69589509990006,23.780353546142578,4079600,0.0,0.0
2012-10-02 00:00:00-04:00,23.706455694304186,23.875372608428343,23.389736983733503,23.801471710205078,3807100,0.0,0.0
2012-10-03 00:00:00-04:00,23.60615932401893,23.60615932401893,22.867146395314734,22.95160484313965,6371100,0.0,0.0
2012-10-04 00:00:00-04:00,22.972722123575966,23.252490380803767,22.877706109112104,23.215539932250977,5607200,0.0,0.0
2012-10-05 00:00:00-04:00,23.315817713150203,23.331655047120954,22.882968172694433,22.956871032714844,3531200,0.0,0.0
2012-10-08 00:00:00-04:00,22.89353829149047,23.27888006886071,22.80380207553286,23.252487182617188,2637500,0.0,0.0
2012-10-09 00:00:00-04:00,23.299993411238606,23.833138935590963,23.28943585481452,23.685335159301758,5038100,0.0,0.0
2012-10-10 00:00:00-04:00,23.548090672286676,23.627269324051166,23.247207365556083,23.310550689697266,3377700,0.0,0.0
2012-10-11 00:00:00-04:00,23.595602941190613,23.87537118598163,23.31055491047052,23.569210052490234,4258800,0.0,0.0
2012-10-12 00:00:00-04:00,23.537525693421692,23.80673624636207,23.331658444647168,23.63254165649414,3422100,0.0,0.0
2012-10-15 00:00:00-04:00,23.574484215249516,23.753958650040186,23.379174452392856,23.72756576538086,2931700,0.0,0.0
2012-10-16 00:00:00-04:00,23.81729987596514,24.24487181887985,23.775071666963107,24.06011962890625,4267300,0.0,0.0
2012-10-17 00:00:00-04:00,23.9123195708353,24.683003130857863,23.590321120972245,24.661890029907227,6210000,0.0,0.0
2012-10-18 00:00:00-04:00,24.683005698113817,25.13697064096356,24.48769590188138,24.86248016357422,5431000,0.0,0.0
2012-10-19 00:00:00-04:00,23.796194538014923,24.756910266454184,23.368622455672767,23.621997833251953,11212100,0.0,0.0
2012-10-22 00:00:00-04:00,23.463632899634387,23.63254977789034,22.877701597213036,23.236650466918945,6004600,0.0,0.0
2012-10-23 00:00:00-04:00,22.84603162114896,23.030785862908406,22.487082709120152,22.72462272644043,5445100,0.0,0.0
2012-10-24 00:00:00-04:00,22.787966645141022,22.962163333532807,22.370954174743833,22.545148849487305,3783200,0.0,0.0
2012-10-25 00:00:00-04:00,22.809080080199703,22.993834313086968,22.671835862143254,22.919931411743164,2995400,0.0,0.0
2012-10-26 00:00:00-04:00,22.840752752204192,23.125800759300088,22.729901420660735,22.919931411743164,3257000,0.0,0.0
2012-10-31 00:00:00-04:00,23.152199656425065,23.152199656425065,22.070074919273484,22.15453338623047,7143500,0.0,0.0
2012-11-01 00:00:00-04:00,22.387617704198664,22.678986813236758,22.143929013794533,22.541248321533203,5908900,0.15,0.0
2012-11-02 00:00:00-04:00,22.716064319258052,22.731956441063847,21.96910428133552,22.03267478942871,4601900,0.0,0.0
2012-11-05 00:00:00-05:00,21.947921009558076,22.382323336309092,21.799589099215012,22.265775680541992,3048800,0.0,0.0
2012-11-06 00:00:00-05:00,22.350539892979572,22.65250247493827,22.249886372617,22.60482406616211,2704700,0.0,0.0
2012-11-07 00:00:00-05:00,22.085658761822984,22.133337167292986,21.661851835906738,21.8896484375,4658500,0.0,0.0
2012-11-08 00:00:00-05:00,21.937322005455734,22.085653891599268,21.529407297690632,21.55059814453125,4279200,0.0,0.0
2012-11-09 00:00:00-05:00,21.487031329988266,21.92673036296325,21.402269948880395,21.56649398803711,3975100,0.0,0.0
2012-11-12 00:00:00-05:00,21.640659943897656,21.778398451242158,21.561197285848813,21.56649398803711,2725000,0.0,0.0
2012-11-13 00:00:00-05:00,21.412871150145893,21.75721552301963,21.243348326203225,21.322813034057617,3852200,0.0,0.0
2012-11-14 00:00:00-05:00,21.418163085621693,21.44994936286156,20.957273180433166,20.999652862548828,4657500,0.0,0.0
2012-11-15 00:00:00-05:00,21.264531409881396,21.603576933808178,20.89369961025995,21.121496200561523,5574800,0.0,0.0
2012-11-16 00:00:00-05:00,21.147978343190758,21.42345326612776,20.89899298699152,21.312204360961914,5344100,0.0,0.0
2012-11-19 00:00:00-05:00,21.698927870996823,22.048568725585938,21.667143624769746,22.048568725585938,3152500,0.0,0.0
2012-11-20 00:00:00-05:00,21.969115558674105,21.969115558674105,21.62477125640726,21.831377029418945,2817100,0.0,0.0
2012-11-21 00:00:00-05:00,21.868457477306283,22.032683544413658,21.661851728253314,21.894947052001953,1747400,0.0,0.0
2012-11-23 00:00:00-05:00,21.985001004059647,22.175714589120883,21.820774967841267,22.159822463989258,1002200,0.0,0.0
2012-11-26 00:00:00-05:00,21.947913438347786,22.053865632416446,21.693629385105012,22.03267478942871,4480900,0.0,0.0
2012-11-27 00:00:00-05:00,22.022081180106646,22.276365254274165,21.905533554953546,22.048568725585938,2534000,0.0,0.0
2012-11-28 00:00:00-05:00,21.905532229208962,22.461780754960266,21.79958205370401,22.445886611938477,3281900,0.0,0.0
2012-11-29 00:00:00-05:00,22.626011675837145,22.874999110518516,22.557144444820718,22.753154754638672,3185700,0.0,0.0
2012-11-30 00:00:00-05:00,22.726668184616415,23.09749797032977,22.68428648289445,22.859107971191406,4987900,0.0,0.0
2012-12-03 00:00:00-05:00,23.060416976043467,23.134582939567913,22.631313323974613,22.63131332397461,3174900,0.0,0.0
2012-12-04 00:00:00-05:00,22.62071238649484,22.97564998856496,22.371724980291923,22.382320404052734,4490000,0.0,0.0
2012-12-05 00:00:00-05:00,22.440591492424055,22.636601755960978,22.186307415732053,22.2498779296875,4809500,0.0,0.0
2012-12-06 00:00:00-05:00,22.18631703033373,22.40881493603399,22.154530749146087,22.23929214477539,3787400,0.0,0.0
2012-12-07 00:00:00-05:00,22.33994061799207,22.49357124434612,22.26047796430146,22.387619018554688,2072000,0.0,0.0
2012-12-10 00:00:00-05:00,22.38232729993398,22.56774222069743,22.30286260768046,22.4617919921875,2130800,0.0,0.0
2012-12-11 00:00:00-05:00,22.493583531186662,22.869712218374787,22.493583531186662,22.72138023376465,2910400,0.0,0.0
2012-12-12 00:00:00-05:00,22.76374275331218,22.906777912474507,22.583624629278507,22.737253189086914,2205300,0.0,0.0
2012-12-13 00:00:00-05:00,22.663092365552178,22.790235431521893,22.175714991220957,22.345237731933594,3126400,0.0,0.0
2012-12-14 00:00:00-05:00,21.9585168063047,22.016790635174402,21.61417255618596,21.767803192138672,5200300,0.0,0.0
2012-12-17 00:00:00-05:00,21.598286310918297,21.788999977025156,21.49233404965101,21.529417037963867,4774600,0.0,0.0
2012-12-18 00:00:00-05:00,21.004947175597337,22.604817730878104,21.004947175597337,22.212797164916992,11570300,0.0,0.0
2012-12-19 00:00:00-05:00,22.29225967440658,22.50416206173606,21.767797375590966,21.783689498901367,6859000,0.0,0.0
2012-12-20 00:00:00-05:00,21.804887562907258,21.90554107864717,21.63536478857116,21.826078414916992,6733900,0.0,0.0
2012-12-21 00:00:00-05:00,21.592985567515537,21.773103788568182,21.4552490553558,21.540010452270508,5811200,0.0,0.0
2012-12-24 00:00:00-05:00,21.539996645640247,21.592971726929495,21.285712617886187,21.359878540039062,1541000,0.0,0.0
2012-12-26 00:00:00-05:00,21.460530860522244,21.545292198595202,21.211545566672143,21.2645206451416,3197900,0.0,0.0
2012-12-27 00:00:00-05:00,21.190370245551506,21.306917928580816,20.957276900364064,21.227453231811523,3531600,0.0,0.0
2012-12-28 00:00:00-05:00,21.33869705217907,21.33869705217907,20.962568555902315,21.153282165527344,3671200,0.0,0.0
2012-12-31 00:00:00-05:00,21.068522388106974,21.645959963000312,21.063223664730685,21.640661239624023,3807700,0.0,0.0
2013-01-02 00:00:00-05:00,22.07505778473941,22.32404517523207,21.70952478197237,22.318748474121094,4605200,0.0,0.0
2013-01-03 00:00:00-05:00,22.27107208145393,22.816723284069813,22.011489244548308,22.541248321533203,4456800,0.0,0.0
2013-01-04 00:00:00-05:00,22.530657978831407,23.0975001573756,22.482979570315027,23.06041717529297,3245500,0.0,0.0
2013-01-07 00:00:00-05:00,22.86969827599183,22.885592422418657,22.599522037181682,22.784936904907227,2785600,0.0,0.0
2013-01-08 00:00:00-05:00,22.48297530365256,22.48297530365256,22.128037679398965,22.440595626831055,3289700,0.0,0.0
2013-01-09 00:00:00-05:00,22.514761376338463,22.57833190143966,22.29756022977802,22.467082977294922,2460800,0.0,0.0
2013-01-10 00:00:00-05:00,22.678994195276545,22.83262284174689,22.620720354500722,22.79553985595703,1818300,0.0,0.0
2013-01-11 00:00:00-05:00,22.83261530244672,22.880293699986215,22.604818738743628,22.784936904907227,2142500,0.0,0.0
2013-01-14 00:00:00-05:00,22.72666573853,22.795532965109814,22.212798775248245,22.255178451538086,3350800,0.0,0.0
2013-01-15 00:00:00-05:00,22.154526039623224,22.435297724046606,22.059169237201953,22.350536346435547,2966800,0.0,0.0
2013-01-16 00:00:00-05:00,22.302864189097008,22.546554986213877,22.260484498862255,22.498876571655273,1887000,0.0,0.0
2013-01-17 00:00:00-05:00,22.578332391792916,22.721367592029953,22.430000489711812,22.636606216430664,2514300,0.0,0.0
2013-01-18 00:00:00-05:00,22.774352729912618,23.46833610534668,22.774352729912618,23.46833610534668,8071200,0.0,0.0
2013-01-22 00:00:00-05:00,23.415349087929094,23.91332183921058,23.18225382577455,23.75969123840332,6218400,0.0,0.0
2013-01-23 00:00:00-05:00,23.78618869295062,24.104043401991134,23.468331963039155,23.95041275024414,5592700,0.0,0.0
2013-01-24 00:00:00-05:00,23.971593433591146,24.114628598240742,23.595465049255225,23.796772003173828,2699000,0.0,0.0
2013-01-25 00:00:00-05:00,24.05106453261013,24.84570320191394,23.976896559277105,24.16231346130371,5110600,0.0,0.0
2013-01-28 00:00:00-05:00,24.21529048057185,24.46957463236792,24.05106643594338,24.167612075805664,2858200,0.0,0.0
2013-01-29 00:00:00-05:00,24.135826801273815,24.337133816572383,23.99808829515299,24.28945541381836,2975200,0.0,0.0
2013-01-30 00:00:00-05:00,24.236478532080756,24.331835330597933,23.743802413365536,23.812671661376953,4611100,0.0,0.0
2013-01-31 00:00:00-05:00,23.748891242029593,23.9561887582775,23.64258425154325,23.770153045654297,4279300,0.15,0.0
2013-02-01 00:00:00-05:00,23.993390196898073,24.05185912914771,23.716992898395883,23.934921264648438,3732800,0.0,0.0
2013-02-04 00:00:00-05:00,23.764837262776435,23.876458693552934,23.568170642698238,23.584115982055664,2362100,0.0,0.0
2013-02-05 00:00:00-05:00,23.738256664009384,23.97213038475089,23.573480752891598,23.966815948486328,2483800,0.0,0.0
2013-02-06 00:00:00-05:00,23.775461507553672,24.126273068647492,23.600056740825103,24.035913467407227,3449700,0.0,0.0
2013-02-07 00:00:00-05:00,24.08907032691166,24.2113226478604,23.796727643978844,23.833934783935547,2847200,0.0,0.0
2013-02-08 00:00:00-05:00,23.913665156528744,24.264476776123043,23.87114155287512,24.264476776123047,2118900,0.0,0.0
2013-02-11 00:00:00-05:00,23.97213032243629,24.248527643123342,23.97213032243629,24.131591796875,3001300,0.0,0.0
2013-02-12 00:00:00-05:00,24.105018192498207,24.360155789866532,24.04655127189012,24.354839324951172,2155500,0.0,0.0
2013-02-13 00:00:00-05:00,24.37609724336551,24.57808029756697,24.360151906435927,24.519611358642578,2369500,0.0,0.0
2013-02-14 00:00:00-05:00,24.487719673852297,25.391325977389414,24.461143435320594,25.120243072509766,6129100,0.0,0.0
2013-02-15 00:00:00-05:00,25.210608433191737,25.263760918090806,24.588713816158563,24.758806228637695,4132800,0.0,0.0
2013-02-19 00:00:00-05:00,24.902314015041632,25.061775497296974,24.76411636174224,24.796009063720703,4087700,0.0,0.0
2013-02-20 00:00:00-05:00,24.99267255868192,25.008617893876046,24.477085092613486,24.493032455444336,4753300,0.0,0.0
2013-02-21 00:00:00-05:00,24.35483430245584,24.35483430245584,23.88177040440821,24.216636657714844,3621000,0.0,0.0
2013-02-22 00:00:00-05:00,24.381416816786775,24.466462011057864,24.004028893936137,24.344209671020508,2267300,0.0,0.0
2013-02-25 00:00:00-05:00,24.48240370646489,24.695015629062215,23.493752284858466,23.520328521728516,2866500,0.0,0.0
2013-02-26 00:00:00-05:00,23.67979032794982,23.817990017651155,23.201411933754763,23.6319522857666,2994300,0.0,0.0
2013-02-27 00:00:00-05:00,23.520326011088773,24.13690396778812,23.520326011088773,24.035913467407227,2490000,0.0,0.0
2013-02-28 00:00:00-05:00,23.977454001638687,24.057182735213203,23.6851112565905,23.82330894470215,3045000,0.0,0.0
2013-03-01 00:00:00-05:00,23.653216492795302,23.674478297624027,23.233304971795867,23.59474754333496,3059200,0.0,0.0
2013-03-04 00:00:00-05:00,23.515015855691132,23.584113671227783,22.877175984606826,23.142942428588867,3788800,0.0,0.0
2013-03-05 00:00:00-05:00,23.33960151134726,23.64789146032721,23.132304076236938,23.48843002319336,3285700,0.0,0.0
2013-03-06 00:00:00-05:00,23.626638436772566,23.658529113930115,23.30771747173702,23.61069107055664,2288900,0.0,0.0
2013-03-07 00:00:00-05:00,23.6851081945376,24.1315959387996,23.61069188079625,24.046550750732422,4139900,0.0,0.0
2013-03-08 00:00:00-05:00,24.126273524885665,24.50366132714927,24.1209590890332,24.493032455444336,3980900,0.0,0.0
2013-03-11 00:00:00-04:00,24.407990557839963,24.445199727429426,24.195378607774998,24.365468978881836,3354400,0.0,0.0
2013-03-12 00:00:00-04:00,24.39204794010918,24.60466194152832,24.195381306760776,24.60466194152832,3871500,0.0,0.0
2013-03-13 00:00:00-04:00,24.594022313366942,24.72158904685112,24.386724850727653,24.466453552246094,2162000,0.0,0.0
2013-03-14 00:00:00-04:00,24.519607242327293,25.10960894131654,24.43987651579057,25.09897804260254,3770400,0.0,0.0
2013-03-15 00:00:00-04:00,25.067091288531532,25.513579002175078,25.008622345562948,25.49231719970703,6777800,0.0,0.0
2013-03-18 00:00:00-04:00,25.083034777353173,25.18402731781232,24.67907069842739,24.833215713500977,4229100,0.0,0.0
2013-03-19 00:00:00-04:00,24.94483119463322,25.136183301958784,23.73293721841993,23.977441787719727,6894300,0.0,0.0
2013-03-20 00:00:00-04:00,24.062496845095946,24.184749180052265,23.663847133336844,23.892406463623047,4983200,0.0,0.0
2013-03-21 00:00:00-04:00,23.74357032775879,23.881769997783564,23.594741785550703,23.74357032775879,3488100,0.0,0.0
2013-03-22 00:00:00-04:00,23.99339377570406,24.09970075677478,23.897717695504117,24.051862716674805,2885200,0.0,0.0
2013-03-25 00:00:00-04:00,24.17942887366609,24.22195044489444,23.690417624900906,23.86050796508789,3128400,0.0,0.0
2013-03-26 00:00:00-04:00,23.988079531136147,24.32826025117632,23.865827211599022,24.28042221069336,3537500,0.0,0.0
2013-03-27 00:00:00-04:00,24.073120652472788,24.75879844124588,23.998706385964706,24.69501304626465,4160200,0.0,0.0
2013-03-28 00:00:00-04:00,24.663117800940277,24.838522535506083,24.47708014154685,24.668432235717773,3932900,0.0,0.0
2013-04-01 00:00:00-04:00,24.58338884094681,24.769424485985876,24.14221570037351,24.306991577148438,2634700,0.0,0.0
2013-04-02 00:00:00-04:00,24.376093741072495,24.44519357056751,23.950867920404438,24.089065551757812,3079400,0.0,0.0
2013-04-03 00:00:00-04:00,24.126281433597534,24.30700272637359,23.509703263121125,23.66916275024414,2992200,0.0,0.0
2013-04-04 00:00:00-04:00,23.61600406911112,23.871139587111646,23.392759223587625,23.706363677978516,2443600,0.0,0.0
2013-04-05 00:00:00-04:00,23.33961187244873,23.91366843464287,23.31835006770733,23.759523391723633,2653600,0.0,0.0
2013-04-08 00:00:00-04:00,23.786099823455192,23.988082914834155,23.647902146808946,23.791414260864258,3625300,0.0,0.0
2013-04-09 00:00:00-04:00,23.903036615687075,24.147541277925562,23.679791729737463,24.046550750732422,3611200,0.0,0.0
2013-04-10 00:00:00-04:00,24.227273938980524,24.91294993474162,24.083759792620093,24.753490447998047,4412100,0.0,0.0
2013-04-11 00:00:00-04:00,24.74285341478568,24.982043599456794,24.423934520315456,24.82258415222168,2657400,0.0,0.0
2013-04-12 00:00:00-04:00,24.609975226849837,24.620606129186775,24.067811373489626,24.450515747070312,3400500,0.0,0.0
2013-04-15 00:00:00-04:00,24.13691498195306,24.190067474274052,23.456553347583814,23.499074935913086,4883300,0.0,0.0
2013-04-16 00:00:00-04:00,23.71167647315435,24.041226212795944,23.50969345895751,23.918973922729492,3398600,0.0,0.0
2013-04-17 00:00:00-04:00,23.546904998121832,23.573481235262225,23.057895746300485,23.403390884399414,4903200,0.0,0.0
2013-04-18 00:00:00-04:00,23.509697096368352,23.8764540233122,22.845281051272128,23.706363677978516,5815000,0.0,0.0
2013-04-19 00:00:00-04:00,24.24852916676642,24.370781484584047,22.754923087120513,23.164203643798828,8347100,0.0,0.0
2013-04-22 00:00:00-04:00,23.21734955345318,23.483115915532416,22.824014445415877,23.089780807495117,4442500,0.0,0.0
2013-04-23 00:00:00-04:00,23.13762729801201,23.13762729801201,22.64330152149881,22.96753692626953,6489500,0.0,0.0
2013-04-24 00:00:00-04:00,23.270509100823926,23.988079713524275,23.174833019130542,23.621320724487305,5484500,0.0,0.0
2013-04-25 00:00:00-04:00,23.663842633991084,23.791409382022103,23.387445309741352,23.520328521728516,3454000,0.0,0.0
2013-04-26 00:00:00-04:00,23.39807023129657,23.71167461255896,23.084465850034178,23.456539154052734,3789600,0.0,0.0
2013-04-29 00:00:00-04:00,23.621316459145962,23.903030216656738,23.37681186236329,23.855192184448242,2457700,0.0,0.0
2013-04-30 00:00:00-04:00,23.75951719708705,24.13690500848571,23.520327025201713,24.12627410888672,3149000,0.0,0.0
2013-05-01 00:00:00-04:00,23.860498099754217,23.91365257635846,23.525631993873336,23.647886276245117,2661600,0.0,0.0
2013-05-02 00:00:00-04:00,23.74389549414069,24.218559741229132,23.599895885277416,24.09589385986328,2307200,0.15,0.0
2013-05-03 00:00:00-04:00,24.357228504662512,24.97056003673141,24.31456307785147,24.842561721801758,3827000,0.0,0.0
2013-05-06 00:00:00-04:00,24.83189398333118,25.167891074079527,24.794560973248032,25.02389144897461,2474800,0.0,0.0
2013-05-07 00:00:00-04:00,25.09855950363737,25.28522455405312,24.730559783537092,25.02389144897461,3446300,0.0,0.0
2013-05-08 00:00:00-04:00,25.023887568599946,25.1892208979708,24.890554829122337,25.151887893676758,2147900,0.0,0.0
2013-05-09 00:00:00-04:00,25.055888629901318,25.221221962382792,24.89588974641715,25.02922248840332,1872200,0.0,0.0
2013-05-10 00:00:00-04:00,24.91722681233687,25.0078921124785,24.597226967992192,24.981225967407227,1797400,0.0,0.0
2013-05-13 00:00:00-04:00,24.89056059121679,24.98656034862403,24.682561794999966,24.874561309814453,1871700,0.0,0.0
2013-05-14 00:00:00-04:00,24.869227867870723,25.130558947641745,24.70922895696039,24.842561721801758,2544800,0.0,0.0
2013-05-15 00:00:00-04:00,24.639893154289776,24.70389230605259,24.255894174720183,24.538558959960938,2648100,0.0,0.0
2013-05-16 00:00:00-04:00,24.415892993551807,24.901224131406934,24.415892993551807,24.66655921936035,1956900,0.0,0.0
2013-05-17 00:00:00-04:00,24.84789176765105,25.43988951261157,24.82655803903171,25.34922218322754,2859000,0.0,0.0
2013-05-20 00:00:00-04:00,25.253220892572045,25.88788605590793,25.205221023365937,25.717220306396484,2521400,0.0,0.0
2013-05-21 00:00:00-04:00,25.73322110683415,25.850554579499992,25.381222723332954,25.541221618652344,2519500,0.0,0.0
2013-05-22 00:00:00-04:00,25.498557611565094,25.935888899148402,25.08789246893268,25.279891967773438,7214200,0.0,0.0
2013-05-23 00:00:00-04:00,24.83722397108844,25.135890057059918,24.618558347188547,25.10388946533203,2756200,0.0,0.0
2013-05-24 00:00:00-04:00,24.90655289170104,25.210551335286915,24.66655358505538,25.157217025756836,1980900,0.0,0.0
2013-05-28 00:00:00-04:00,25.53055853685161,25.669225758636674,25.317227322985058,25.413227081298828,2520900,0.0,0.0
2013-05-29 00:00:00-04:00,25.215889406505088,25.38655516630067,25.039891231808042,25.28522300720215,2761200,0.0,0.0
2013-05-30 00:00:00-04:00,24.66122915222443,25.050560582558102,24.458562779414933,24.799894332885742,4810100,0.0,0.0
2013-05-31 00:00:00-04:00,24.618566694569314,24.75723190341463,24.255901336669925,24.255901336669922,3526800,0.0,0.0
2013-06-03 00:00:00-04:00,24.33589693257801,24.53322885589027,24.026563940010618,24.394563674926758,3037200,0.0,0.0
2013-06-04 00:00:00-04:00,24.309230950236767,24.53322902126387,24.021231686490584,24.223896026611328,2394700,0.0,0.0
2013-06-05 00:00:00-04:00,24.41056687629917,24.51189906195131,24.186566736309082,24.20256805419922,3616100,0.0,0.0
2013-06-06 00:00:00-04:00,24.255890863560115,24.52255633308188,24.03722525993211,24.330556869506836,4469900,0.0,0.0
2013-06-07 00:00:00-04:00,24.394561222410314,24.869225494425585,24.2665608852001,24.794559478759766,2572100,0.0,0.0
2013-06-10 00:00:00-04:00,25.007880117510407,25.039880696944813,24.618548889621465,24.655881881713867,2688800,0.0,0.0
2013-06-11 00:00:00-04:00,24.34122988117723,24.533229393252576,24.181230965946643,24.250564575195312,3350300,0.0,0.0
2013-06-12 00:00:00-04:00,24.463893966365283,24.53322757046255,24.095896285227063,24.186561584472656,3066500,0.0,0.0
2013-06-13 00:00:00-04:00,24.24522437532418,25.071886936717636,24.24522437532418,25.039888381958008,3901400,0.0,0.0
2013-06-14 00:00:00-04:00,25.07188508440424,25.098553257395157,24.415888311847596,24.54922103881836,4358100,0.0,0.0
2013-06-17 00:00:00-04:00,24.735886124962235,24.93321797564542,24.559885962693816,24.76255226135254,3113600,0.0,0.0
2013-06-18 00:00:00-04:00,24.767886596030237,25.0985532233057,24.735888043678127,24.93321990966797,2073000,0.0,0.0
2013-06-19 00:00:00-04:00,24.874550288340213,25.03454913496075,24.474552154541016,24.474552154541016,2346000,0.0,0.0
2013-06-20 00:00:00-04:00,24.138564173097087,24.282563811148183,23.86656621310945,23.957231521606445,4030500,0.0,0.0
2013-06-21 00:00:00-04:00,24.181233065189893,24.181233065189893,23.57856832985578,23.930566787719727,4449000,0.0,0.0
2013-06-24 00:00:00-04:00,23.647897188509077,23.946563288090427,23.114566175718615,23.64256477355957,4152000,0.0,0.0
2013-06-25 00:00:00-04:00,23.871887117567802,24.19721925023132,23.845220982897736,24.04255485534668,2951800,0.0,0.0
2013-06-26 00:00:00-04:00,24.191888304256032,24.223886854002455,23.90388914956351,24.16522216796875,2408900,0.0,0.0
2013-06-27 00:00:00-04:00,24.277221271629518,24.623885113934424,24.266554410166872,24.463886260986328,3061700,0.0,0.0
2013-06-28 00:00:00-04:00,24.389226825689246,24.858558683812017,24.373227546439537,24.60256004333496,4041800,0.0,0.0
2013-07-01 00:00:00-04:00,24.735898509305837,25.162563008653077,24.693231042122708,24.901229858398438,2296500,0.0,0.0
2013-07-02 00:00:00-04:00,24.869220251635944,25.605215423323195,24.858553389575793,25.375885009765625,3968900,0.0,0.0
2013-07-03 00:00:00-04:00,25.29589035787403,25.434555527437976,25.17855688282243,25.3972225189209,1130600,0.0,0.0
2013-07-05 00:00:00-04:00,25.55189604050323,25.743895585473332,25.30656419281785,25.64789581298828,1996600,0.0,0.0
2013-07-08 00:00:00-04:00,25.797214527329185,26.01054769669494,25.727882976606818,25.967880249023438,3227900,0.0,0.0
2013-07-09 00:00:00-04:00,26.111886978149414,26.19188744717602,26.026554093952708,26.111886978149414,3198900,0.0,0.0
2013-07-10 00:00:00-04:00,26.058551854119774,26.21321832568364,25.89321851887948,26.015884399414062,3221300,0.0,0.0
2013-07-11 00:00:00-04:00,26.405222524530302,26.42122384138722,25.903892010442842,26.02655792236328,3571700,0.0,0.0
2013-07-12 00:00:00-04:00,26.01588718056569,26.250554137541034,25.93588874618482,26.21855354309082,3012800,0.0,0.0
2013-07-15 00:00:00-04:00,26.229219957723828,26.399885722869534,26.05855419257812,26.085220336914062,2342300,0.0,0.0
2013-07-16 00:00:00-04:00,26.06921441999532,26.15987969455344,25.75988152786456,25.967880249023438,3226700,0.0,0.0
2013-07-17 00:00:00-04:00,26.010551886401775,26.26655051017869,25.909219733603475,26.079885482788086,3195300,0.0,0.0
2013-07-18 00:00:00-04:00,26.133212985390674,26.38921156233255,26.122546123706115,26.175880432128906,3828500,0.0,0.0
2013-07-19 00:00:00-04:00,25.46122272517487,25.658554624663346,24.986556428248736,25.493221282958984,11261200,0.0,0.0
2013-07-22 00:00:00-04:00,25.439884742319247,25.64255105720788,25.162552425760058,25.338550567626953,4190300,0.0,0.0
2013-07-23 00:00:00-04:00,25.70655784353779,25.855889891300937,25.461226040927883,25.4665584564209,2951000,0.0,0.0
2013-07-24 00:00:00-04:00,25.530558147327863,25.55722429434225,25.253225742485675,25.471891403198242,3117400,0.0,0.0
2013-07-25 00:00:00-04:00,25.34922265697088,25.48788986109177,25.093224012243528,25.3118896484375,2878000,0.0,0.0
2013-07-26 00:00:00-04:00,25.26389159151965,25.6212244575218,25.162559423144142,25.589223861694336,4243900,0.0,0.0
2013-07-29 00:00:00-04:00,25.477221967273135,25.503888110220153,25.114556726604057,25.194557189941406,2641500,0.0,0.0
2013-07-30 00:00:00-04:00,25.19988819974865,25.263887346152572,25.055888594467685,25.135889053344727,2639600,0.0,0.0
2013-07-31 00:00:00-04:00,25.22122098630496,25.471885148080684,25.141220530410855,25.295886993408203,2345300,0.0,0.0
2013-08-01 00:00:00-04:00,25.723910365900004,25.93791837083223,25.66505750123455,25.900466918945312,3514400,0.15,0.0
2013-08-02 00:00:00-04:00,25.868359865071856,25.986065571948966,25.707853381753498,25.905811309814453,2000700,0.0,0.0
2013-08-05 00:00:00-04:00,25.89511114158972,25.89511114158972,25.632949002675762,25.69715118408203,1768100,0.0,0.0
2013-08-06 00:00:00-04:00,25.622250680204633,25.691804240413344,25.269135588226888,25.376140594482422,3133800,0.0,0.0
2013-08-07 00:00:00-04:00,25.285180228683256,25.499190195522125,25.1460751789032,25.434988021850586,2607600,0.0,0.0
2013-08-08 00:00:00-04:00,25.499198660753663,25.809513011593246,25.445697171757658,25.638303756713867,2319100,0.0,0.0
2013-08-09 00:00:00-04:00,25.6008519823764,25.729258411673854,25.220986108837497,25.381492614746094,1949600,0.0,0.0
2013-08-12 00:00:00-04:00,25.204934940969945,25.47779578469118,25.162132119472023,25.429643630981445,1931900,0.0,0.0
2013-08-13 00:00:00-04:00,25.52059662338719,25.627601627867463,25.25843446445805,25.274486541748047,3240500,0.0,0.0
2013-08-14 00:00:00-04:00,25.253087517712867,25.402893313563375,25.17818461978761,25.2637882232666,2437500,0.0,0.0
2013-08-15 00:00:00-04:00,25.188882595676183,25.54734700860128,25.183531223003783,25.327987670898438,2706700,0.0,0.0
2013-08-16 00:00:00-04:00,25.327991161628802,25.397544729301213,24.980225364217706,25.07118034362793,3132800,0.0,0.0
2013-08-19 00:00:00-04:00,24.996285397428203,25.167492663907716,24.809026046562003,24.846477508544922,2196200,0.0,0.0
2013-08-20 00:00:00-04:00,24.803678733891747,25.183544759792635,24.76622726885655,25.060489654541016,2130600,0.0,0.0
2013-08-21 00:00:00-04:00,24.942769630747446,24.996273150903853,24.65920811724561,24.728761672973633,2691000,0.0,0.0
2013-08-22 00:00:00-04:00,24.776915954065114,25.32798899294753,24.776915954065114,25.210283279418945,2491000,0.0,0.0
2013-08-23 00:00:00-04:00,25.253083781288318,25.515243885237727,25.14072945102429,25.4189395904541,2996200,0.0,0.0
2013-08-26 00:00:00-04:00,25.429644359645273,25.558050786867547,25.226337074557144,25.27983856201172,1874300,0.0,0.0
2013-08-27 00:00:00-04:00,24.990926141811364,25.15678402182899,24.74481602897305,24.958826065063477,3617700,0.0,0.0
2013-08-28 00:00:00-04:00,24.985570173540523,25.4135880910952,24.921367996144927,25.247730255126953,3158200,0.0,0.0
2013-08-29 00:00:00-04:00,25.199584804476498,25.311941195946996,24.93207327983895,24.958826065063477,1949000,0.0,0.0
2013-08-30 00:00:00-04:00,24.969526536585057,25.055132189975662,24.78762064598336,24.87322425842285,2739700,0.0,0.0
2013-09-03 00:00:00-04:00,25.167476345684133,25.311932765791216,24.916014943169912,25.065820693969727,3861000,0.0,0.0
2013-09-04 00:00:00-04:00,25.0230280703856,25.632954015397218,25.00162665874812,25.536649703979492,3266300,0.0,0.0
2013-09-05 00:00:00-04:00,25.61155537957952,26.173329229768193,25.59015600657369,25.911169052124023,3093400,0.0,0.0
2013-09-06 00:00:00-04:00,26.103781773907272,26.472947038058248,25.846970889156395,26.210786819458008,3931100,0.0,0.0
2013-09-09 00:00:00-04:00,26.27498167121426,27.024012698375067,26.232178848601745,26.82070541381836,5333200,0.0,0.0
2013-09-10 00:00:00-04:00,26.895610991072548,27.136371789868925,26.74045380507587,26.868860244750977,6400500,0.0,0.0
2013-09-11 00:00:00-04:00,26.793947829525713,26.868850709023604,26.553187116175064,26.826047897338867,4669400,0.0,0.0
2013-09-12 00:00:00-04:00,26.735104446843838,26.75115448643134,26.32313642283866,26.43014144897461,3594700,0.0,0.0
2013-09-13 00:00:00-04:00,26.52644645017183,26.719053053025476,26.44619216826943,26.590648651123047,2549400,0.0,0.0
2013-09-16 00:00:00-04:00,26.847450780894228,26.88490222270454,26.446183583540428,26.724395751953125,3090400,0.0,0.0
2013-09-17 00:00:00-04:00,26.740454878237358,27.109620090573248,26.670901302249018,26.890260696411133,3409000,0.0,0.0
2013-09-18 00:00:00-04:00,26.84210755824605,27.221975504862446,26.633448878822907,26.954463958740234,4005900,0.0,0.0
2013-09-19 00:00:00-04:00,26.965159605528694,27.029361793084266,26.724398851006864,26.874204635620117,2340600,0.0,0.0
2013-09-20 00:00:00-04:00,26.917017507164243,27.00797047008974,26.574600950102486,26.665555953979492,3253200,0.0,0.0
2013-09-23 00:00:00-04:00,26.542489940915203,26.76719860927405,26.333831308596082,26.344532012939453,2238000,0.0,0.0
2013-09-24 00:00:00-04:00,26.31779221965225,26.57460312777951,26.151936322855377,26.355243682861328,2216600,0.0,0.0
2013-09-25 00:00:00-04:00,26.472947616153643,26.76720996713042,26.349892525416138,26.440845489501953,2400300,0.0,0.0
2013-09-26 00:00:00-04:00,26.46760368347168,26.585307423311452,26.339197191612353,26.46760368347168,2445400,0.0,0.0
2013-09-27 00:00:00-04:00,26.2535808963857,26.537142459739933,26.21612944616725,26.499691009521484,2587700,0.0,0.0
2013-09-30 00:00:00-04:00,26.20007510185712,26.419434434635853,26.109120137024135,26.26962661743164,2637600,0.0,0.0
2013-10-01 00:00:00-04:00,26.258930194284268,26.697648897267268,26.119823069367236,26.569242477416992,2153600,0.0,0.0
2013-10-02 00:00:00-04:00,26.430135194718737,26.724397416246955,26.37663167383593,26.553190231323242,2683900,0.0,0.0
2013-10-03 00:00:00-04:00,26.488986360470875,26.521088473429824,26.012816243475104,26.103771209716797,3705100,0.0,0.0
2013-10-04 00:00:00-04:00,26.21078377339922,26.670901946177704,25.895120048232396,26.456893920898438,4384100,0.0,0.0
2013-10-07 00:00:00-04:00,26.19472867093755,26.44083879005441,26.08772365016252,26.221479415893555,2422400,0.0,0.0
2013-10-08 00:00:00-04:00,26.269627625247676,26.483637634635112,26.167973993311534,26.178674697875977,2400200,0.0,0.0
2013-10-09 00:00:00-04:00,26.17867092635039,26.205421663432197,25.87905736456304,26.023513793945312,2496600,0.0,0.0
2013-10-10 00:00:00-04:00,26.307086448226087,26.563899347891113,26.16798133177954,26.558547973632812,2068200,0.0,0.0
2013-10-11 00:00:00-04:00,26.365932385174194,27.040062497835322,26.296380865718465,26.874204635620117,2842600,0.0,0.0
2013-10-14 00:00:00-04:00,26.681598332999858,27.05076553542023,26.44618893102743,26.975860595703125,3676900,0.0,0.0
2013-10-15 00:00:00-04:00,26.820704766727598,26.970510560355283,26.494340395509404,26.815353393554688,4332800,0.0,0.0
2013-10-16 00:00:00-04:00,27.098918005048738,27.39318027116788,26.997262320442363,27.275474548339844,4618800,0.0,0.0
2013-10-17 00:00:00-04:00,27.18987521959339,27.799801259362933,27.16312447136602,27.7034969329834,6902700,0.0,0.0
2013-10-18 00:00:00-04:00,29.945238373298302,30.683568653927495,29.543971117801686,29.72052764892578,15598900,0.0,0.0
2013-10-21 00:00:00-04:00,29.67772502167645,30.08969295658153,29.490465756201047,29.961286544799805,5302600,0.0,0.0
2013-10-22 00:00:00-04:00,30.153901778540064,30.977837829689506,30.137851738891413,30.576570510864258,7368200,0.0,0.0
2013-10-23 00:00:00-04:00,30.330458513397062,30.37326134064315,29.82753753896235,30.06829833984375,5459900,0.0,0.0
2013-10-24 00:00:00-04:00,30.132498498872756,30.806628695681514,29.907789793903834,30.53376579284668,5176200,0.0,0.0
2013-10-25 00:00:00-04:00,30.672868961846568,31.38979780832725,30.656816884318125,31.154388427734375,5929900,0.0,0.0
2013-10-28 00:00:00-04:00,31.042036357513457,31.10088921719876,30.849427740707338,31.058086395263672,4581800,0.0,0.0
2013-10-29 00:00:00-04:00,31.202541104029326,31.416551119773867,31.063436022460913,31.384449005126953,2861100,0.0,0.0
2013-10-30 00:00:00-04:00,31.405856239818103,31.47540981397798,30.924334635559195,31.229297637939453,3390300,0.0,0.0
2013-10-31 00:00:00-04:00,31.21320239582933,31.443855203398904,30.875270925751483,31.159563064575195,3192600,0.15,0.0
2013-11-01 00:00:00-04:00,31.304386008005697,31.34729705594498,30.71434324072115,31.26683807373047,4613800,0.0,0.0
2013-11-04 00:00:00-05:00,31.35266191491018,31.465305716654772,31.159557085514344,31.331205368041992,3478300,0.0,0.0
2013-11-05 00:00:00-05:00,31.26147055555241,31.39557089533595,30.93426539908716,31.046911239624023,3370400,0.0,0.0
2013-11-06 00:00:00-05:00,31.272197397425767,31.320473599387327,30.848439852008624,31.089820861816406,3868800,0.0,0.0
2013-11-07 00:00:00-05:00,31.266843575290284,31.272206689898006,29.888291899453762,30.02239227294922,8411500,0.0,0.0
2013-11-08 00:00:00-05:00,30.059950490365924,31.084477612275844,30.059950490365924,31.068384170532227,5423000,0.0,0.0
2013-11-11 00:00:00-05:00,31.0898245493025,31.502853871471146,31.036185227964832,31.299020767211914,2989500,0.0,0.0
2013-11-12 00:00:00-05:00,30.880632994909263,30.993276814454916,30.47833188549543,30.644617080688477,4533700,0.0,0.0
2013-11-13 00:00:00-05:00,30.499796716681473,30.875278263322336,30.397879098384635,30.86991310119629,4530000,0.0,0.0
2013-11-14 00:00:00-05:00,30.97719195697116,31.282940700901634,30.91282433883045,31.261484146118164,4424900,0.0,0.0
2013-11-15 00:00:00-05:00,31.374118198245764,31.390209585157276,31.068367523464612,31.2561092376709,2853300,0.0,0.0
2013-11-18 00:00:00-05:00,31.3258491743912,31.417036449411114,30.64461900740768,30.75189971923828,3114100,0.0,0.0
2013-11-19 00:00:00-05:00,30.800176701560048,30.961098807094793,30.510521413258562,30.66071319580078,3113000,0.0,0.0
2013-11-20 00:00:00-05:00,30.735807599745534,30.86454486870173,30.462243716751633,30.526611328125,2929600,0.0,0.0
2013-11-21 00:00:00-05:00,30.741178082104383,31.143479303690523,30.580255956502068,31.052289962768555,3038600,0.0,0.0
2013-11-22 00:00:00-05:00,31.063013076782227,31.17565690900938,30.569524642524513,31.063013076782227,4004200,0.0,0.0
2013-11-25 00:00:00-05:00,31.030827713646367,31.030827713646367,30.274501637667548,30.590978622436523,4509300,0.0,0.0
2013-11-26 00:00:00-05:00,30.569520963549348,30.639251682035464,30.430055434158636,30.531970977783203,4051100,0.0,0.0
2013-11-27 00:00:00-05:00,30.4246944108477,30.644618948886222,30.183313321242153,30.430057525634766,2786300,0.0,0.0
2013-11-29 00:00:00-05:00,30.596341751662862,30.794809731781964,30.36032378439865,30.553428649902344,1426000,0.0,0.0
2013-12-02 00:00:00-05:00,30.6338959630408,30.666078749739356,30.11895091376655,30.172590255737305,3569400,0.0,0.0
2013-12-03 00:00:00-05:00,30.017029533168913,30.42469584735281,29.850746366196866,30.387147903442383,3402600,0.0,0.0
2013-12-04 00:00:00-05:00,30.2530407311654,30.462236956359646,28.842304431802173,29.341157913208008,9548600,0.0,0.0
2013-12-05 00:00:00-05:00,29.217788512549035,29.239243016073523,28.76721119918754,28.965679168701172,6429100,0.0,0.0
2013-12-06 00:00:00-05:00,29.335798136983698,29.42162229758877,28.67066140384674,28.874494552612305,3961700,0.0,0.0
2013-12-09 00:00:00-05:00,28.799388316972827,28.917397271103912,28.57410072767763,28.826210021972656,4269500,0.0,0.0
2013-12-10 00:00:00-05:00,28.836944278123976,29.008594643841697,28.558017293579944,28.584836959838867,3472400,0.0,0.0
2013-12-11 00:00:00-05:00,28.5794702239923,28.590198499146563,28.08061668347002,28.12889289855957,3481600,0.0,0.0
2013-12-12 00:00:00-05:00,28.096717523402205,28.724306438740445,28.026984739628023,28.445377349853516,5006500,0.0,0.0
2013-12-13 00:00:00-05:00,28.4882907940517,28.499019072158227,28.09135268894952,28.27372932434082,4069200,0.0,0.0
2013-12-16 00:00:00-05:00,28.370275762308854,28.670661346935034,28.30590815353517,28.55265235900879,3090800,0.0,0.0
2013-12-17 00:00:00-05:00,28.52046247456273,28.7242955867821,28.241535537263417,28.246898651123047,3604100,0.0,0.0
2013-12-18 00:00:00-05:00,28.257629121045277,28.847669909491813,28.123528755833867,28.783302307128906,4463400,0.0,0.0
2013-12-19 00:00:00-05:00,28.777939005038647,28.777939005038647,28.295176874944552,28.531192779541016,3259400,0.0,0.0
2013-12-20 00:00:00-05:00,28.633116689952708,29.040780987240005,28.55265563509658,28.86376953125,4062100,0.0,0.0
2013-12-23 00:00:00-05:00,29.03004014845751,29.190960142327715,28.702835001403145,28.772567749023438,2765800,0.0,0.0
2013-12-24 00:00:00-05:00,28.836941916508227,29.056866435755552,28.70820671052449,28.965679168701172,1284700,0.0,0.0
2013-12-26 00:00:00-05:00,29.078316830486486,29.36797405195201,29.013949241119295,29.27678680419922,2386400,0.0,0.0
2013-12-27 00:00:00-05:00,29.308973220951277,29.48062151141763,29.14269009055458,29.378705978393555,1872400,0.0,0.0
2013-12-30 00:00:00-05:00,29.426984376634657,29.544993352435686,29.1909664250326,29.207059860229492,2223300,0.0,0.0
2013-12-31 00:00:00-05:00,29.26606871625474,29.679098146996118,29.23924700232636,29.64154815673828,2244900,0.0,0.0
2014-01-02 00:00:00-05:00,29.49135248830247,29.72736839777288,28.87985514169474,29.00322723388672,3475200,0.0,0.0
2014-01-03 00:00:00-05:00,29.046141722608972,29.20706176158941,28.65993199208847,28.745756149291992,3195400,0.0,0.0
2014-01-06 00:00:00-05:00,28.93885735024045,28.944220464170005,28.44000386022067,28.643836975097656,2940300,0.0,0.0
2014-01-07 00:00:00-05:00,28.29518048706146,28.35418498229529,28.032342839076986,28.31663703918457,4494200,0.0,0.0
2014-01-08 00:00:00-05:00,28.3595486132763,28.3595486132763,27.715866361336126,28.005523681640625,5122500,0.0,0.0
2014-01-09 00:00:00-05:00,28.161084665962225,28.161084665962225,27.565678548488318,27.79633140563965,3258300,0.0,0.0
2014-01-10 00:00:00-05:00,27.356477950353,28.499013778865212,27.249197235423452,28.46146583557129,8784900,0.0,0.0
2014-01-13 00:00:00-05:00,28.68138908374655,28.68138908374655,28.021615479139804,28.187898635864258,6200400,0.0,0.0
2014-01-14 00:00:00-05:00,27.930421254979386,28.558011968707525,27.930421254979386,28.45073127746582,4329000,0.0,0.0
2014-01-15 00:00:00-05:00,28.6062919784111,28.70284236252752,28.289815022612306,28.697479248046875,4901200,0.0,0.0
2014-01-16 00:00:00-05:00,28.69747448295516,28.836937944596475,28.53118931473647,28.820846557617188,5071800,0.0,0.0
2014-01-17 00:00:00-05:00,28.944226672654793,29.072963942877607,28.783306619533395,29.04077911376953,6107800,0.0,0.0
2014-01-21 00:00:00-05:00,29.577179039834757,30.52124684668992,29.502083155559564,30.430057525634766,10040300,0.0,0.0
2014-01-22 00:00:00-05:00,30.47832376255804,30.574876166781415,29.995561741441165,30.456867218017578,4144700,0.0,0.0
2014-01-23 00:00:00-05:00,30.220861628633788,30.580249663782812,30.220861628633788,30.542701721191406,6770500,0.0,0.0
2014-01-24 00:00:00-05:00,30.295952276177324,30.6017009251113,30.006295015226492,30.269132614135742,6222000,0.0,0.0
2014-01-27 00:00:00-05:00,30.247686152980247,30.44079105801052,29.979485350707026,30.172590255737305,4920600,0.0,0.0
2014-01-28 00:00:00-05:00,29.829285667554373,30.25304331416925,29.657637363190478,30.167219161987305,6430900,0.0,0.0
2014-01-29 00:00:00-05:00,29.84537799097782,30.05457424058227,29.5449944720419,29.936567306518555,5998100,0.0,0.0
2014-01-30 00:00:00-05:00,30.522818214014958,30.84014803610626,30.44751995991254,30.65727996826172,5766100,0.15,0.0
2014-01-31 00:00:00-05:00,30.205491034616337,30.74333809865988,30.097921211462886,30.46365737915039,5699000,0.0,0.0
2014-02-03 00:00:00-05:00,30.522816623771686,30.598114873951054,30.060267884985915,30.227001190185547,5276400,0.0,0.0
2014-02-04 00:00:00-05:00,30.366834306452297,30.737949966193664,30.226995020621953,30.68416404724121,4873500,0.0,0.0
2014-02-05 00:00:00-05:00,30.635766749888003,30.727201813118402,30.361465663644044,30.66265869140625,5566700,0.0,0.0
2014-02-06 00:00:00-05:00,30.700317003899738,31.39413828384316,30.657288246095195,31.281190872192383,6248200,0.0,0.0
2014-02-07 00:00:00-05:00,31.22740182715865,32.10947069945471,31.22740182715865,32.00727844238281,7905500,0.0,0.0
2014-02-10 00:00:00-05:00,31.95349415287533,32.039549601484566,31.679193051597053,31.770626068115234,4334500,0.0,0.0
2014-02-11 00:00:00-05:00,31.82979748068232,32.840950791817754,31.82979748068232,32.53437805175781,6015500,0.0,0.0
2014-02-12 00:00:00-05:00,32.58815871187108,33.201304131044886,32.04493399627515,32.104095458984375,6888600,0.0,0.0
2014-02-13 00:00:00-05:00,31.969623314255106,32.40528010070239,31.840541189790013,32.14711380004883,6418700,0.0,0.0
2014-02-14 00:00:00-05:00,32.16862979088935,32.4644452303816,32.07181716680483,32.09870910644531,5073600,0.0,0.0
2014-02-18 00:00:00-05:00,32.25468967546158,33.03994591087193,32.14711985034641,32.90010452270508,4631800,0.0,0.0
2014-02-19 00:00:00-05:00,32.765648590550114,33.28198343272918,32.58816009146054,32.64732360839844,4528300,0.0,0.0
2014-02-20 00:00:00-05:00,32.75488080164014,33.07758815810303,32.5451187630436,32.932369232177734,3665800,0.0,0.0
2014-02-21 00:00:00-05:00,32.99153454872119,33.0614552321158,32.66344755555046,32.81942367553711,3339400,0.0,0.0
2014-02-24 00:00:00-05:00,33.5293908940431,34.16942825401483,33.394929108624524,33.927398681640625,6327200,0.0,0.0
2014-02-25 00:00:00-05:00,33.72301703256689,33.73377422187496,33.08297760494284,33.507877349853516,3633000,0.0,0.0
2014-02-26 00:00:00-05:00,33.448699883873076,33.55089211381584,33.15826410058509,33.3734016418457,2915100,0.0,0.0
2014-02-27 00:00:00-05:00,33.378795948838885,33.56166406783138,33.16365626118038,33.5401496887207,2292200,0.0,0.0
2014-02-28 00:00:00-05:00,33.593923504926195,34.28774663513312,33.48635369337324,34.03495788574219,3650100,0.0,0.0
2014-03-03 00:00:00-05:00,33.760647316880096,34.293114554086465,33.69072665128429,33.99729919433594,3843800,0.0,0.0
2014-03-04 00:00:00-05:00,34.36842158614288,34.52439769705384,33.97041393273617,34.406070709228516,2472200,0.0,0.0
2014-03-05 00:00:00-05:00,34.29850423257751,34.52977656036178,33.792928779459096,33.90587615966797,2954700,0.0,0.0
2014-03-06 00:00:00-05:00,33.916629981231715,34.233959769186164,33.67459843927946,34.14252471923828,3822800,0.0,0.0
2014-03-07 00:00:00-05:00,34.16404233081536,34.28774689694261,33.70687114115535,34.04571533203125,2744600,0.0,0.0
2014-03-10 00:00:00-04:00,33.965042681163006,34.08874725883437,33.674604776165694,34.06185531616211,2193700,0.0,0.0
2014-03-11 00:00:00-04:00,34.16404934891786,34.25010480615044,33.43257693657895,33.534767150878906,2825600,0.0,0.0
2014-03-12 00:00:00-04:00,33.26582950184936,33.38953609272029,32.82479521385331,33.17439651489258,3534400,0.0,0.0
2014-03-13 00:00:00-04:00,33.22818849097577,33.33575830613604,32.765639721993075,33.12062072753906,3316500,0.0,0.0
2014-03-14 00:00:00-04:00,33.18516874373996,33.41106355631967,33.00767820380676,33.23895263671875,2283300,0.0,0.0
2014-03-17 00:00:00-04:00,33.61543693196773,33.900495180599314,33.53475906264163,33.776790618896484,2725800,0.0,0.0
2014-03-18 00:00:00-04:00,33.87898479547062,33.916633922847105,33.082969397935884,33.260459899902344,4803400,0.0,0.0
2014-03-19 00:00:00-04:00,33.276605531178255,33.35190381054409,32.80867904388756,33.08835983276367,3383900,0.0,0.0
2014-03-20 00:00:00-04:00,33.02380408452822,33.351889005884246,32.9646405907961,32.996910095214844,4258300,0.0,0.0
2014-03-21 00:00:00-04:00,33.25508888562253,33.62620266506026,32.959271324051905,33.40568542480469,6476000,0.0,0.0
2014-03-24 00:00:00-04:00,33.54551732142346,33.830577630894474,33.0883481852182,33.152889251708984,2686100,0.0,0.0
2014-03-25 00:00:00-04:00,33.36265293228254,33.8574733011574,33.28735467112683,33.74452590942383,3911900,0.0,0.0
2014-03-26 00:00:00-04:00,33.8359541161725,34.11025517877904,33.73914149367056,33.776790618896484,4225000,0.0,0.0
2014-03-27 00:00:00-04:00,33.74990401777601,34.416835294750285,33.74990401777601,34.20707321166992,3868200,0.0,0.0
2014-03-28 00:00:00-04:00,34.34153239488134,35.22898082411726,34.22320744224721,35.10527420043945,4963600,0.0,0.0
2014-03-31 00:00:00-04:00,35.28814179851953,35.363440049817534,34.73953556369474,34.97080993652344,3026200,0.0,0.0
2014-04-01 00:00:00-04:00,34.80946200828294,35.29890069386725,34.80946200828294,35.272010803222656,3133700,0.0,0.0
2014-04-02 00:00:00-04:00,35.2989083627503,35.44412939688121,35.08914829429301,35.34731674194336,2455300,0.0,0.0
2014-04-03 00:00:00-04:00,35.255871254048635,35.65925648989154,35.11602988999132,35.30427551269531,2809700,0.0,0.0
2014-04-04 00:00:00-04:00,35.55706861437668,35.71842436989614,35.261251097073455,35.3257942199707,2600100,0.0,0.0
2014-04-07 00:00:00-04:00,35.25049661047078,35.26125174609462,34.11025937231606,34.12639617919922,3730700,0.0,0.0
2014-04-08 00:00:00-04:00,34.2716182805116,34.79333063033445,34.061858237266016,34.77181625366211,3722300,0.0,0.0
2014-04-09 00:00:00-04:00,34.906275198732814,35.02997772525448,34.5136450373458,34.917030334472656,2751000,0.0,0.0
2014-04-10 00:00:00-04:00,34.879365386932975,35.19669714389348,34.47598027273534,34.49211502075195,2327800,0.0,0.0
2014-04-11 00:00:00-04:00,34.38456917226545,34.39532636169403,33.93815504373781,34.0833740234375,3491200,0.0,0.0
2014-04-14 00:00:00-04:00,34.26085300197197,34.93315967457406,34.12639125710687,34.67499542236328,3284200,0.0,0.0
2014-04-15 00:00:00-04:00,34.52441339595277,35.22899192127474,34.26086736279067,35.132179260253906,3705300,0.0,0.0
2014-04-16 00:00:00-04:00,35.45488227887363,35.79910411820654,35.20747308831861,35.664642333984375,3574100,0.0,0.0
2014-04-17 00:00:00-04:00,37.057671359928065,37.54173464049167,36.675800356219085,36.7510986328125,9855400,0.0,0.0
2014-04-21 00:00:00-04:00,36.84791095388326,38.02041795461031,36.75109829865082,37.78376388549805,6756700,0.0,0.0
2014-04-22 00:00:00-04:00,37.9128432243264,38.09571338318559,37.55248663034691,37.75149154663086,7135300,0.0,0.0
2014-04-23 00:00:00-04:00,37.6224090175725,38.13874592714308,37.60089874116807,37.85368347167969,4154200,0.0,0.0
2014-04-24 00:00:00-04:00,37.75686723614621,37.91822301802765,37.32121236989351,37.52559280395508,4453800,0.0,0.0
2014-04-25 00:00:00-04:00,37.61701802605366,37.76761451962552,37.25665744106761,37.477176666259766,3087700,0.0,0.0
2014-04-28 00:00:00-04:00,37.55786488312012,37.68156742117111,36.88555599191482,37.28356170654297,3036000,0.0,0.0
2014-04-29 00:00:00-04:00,37.53634302720225,38.020406153111736,37.342717776838455,37.40726089477539,4281800,0.0,0.0
2014-04-30 00:00:00-04:00,37.31045030337846,37.68156196726578,37.003877657499075,37.59550857543945,4677000,0.0,0.0
2014-05-01 00:00:00-04:00,37.498483923686145,37.724864470692886,37.0618922812772,37.2667121887207,3569300,0.15,0.0
2014-05-02 00:00:00-04:00,37.255943207566716,37.85962481666146,37.16970062782602,37.563175201416016,3526000,0.0,0.0
2014-05-05 00:00:00-04:00,37.4661596860702,37.972820521181184,37.27750915638669,37.77339172363281,3370300,0.0,0.0
2014-05-06 00:00:00-04:00,37.81110496346804,38.204575305256704,37.62784159332725,37.8919563293457,4258100,0.0,0.0
2014-05-07 00:00:00-04:00,38.085993054058754,38.54953232665623,37.78414826783501,38.42556381225586,5553600,0.0,0.0
2014-05-08 00:00:00-04:00,38.350111266944076,38.51180989773077,37.71408678306463,37.789546966552734,3711400,0.0,0.0
2014-05-09 00:00:00-04:00,37.85422601691092,38.037485273699254,37.05110766280789,37.12656784057617,6043600,0.0,0.0
2014-05-12 00:00:00-04:00,37.417637913477165,37.89196382727271,37.25054807326579,37.78416061401367,3527800,0.0,0.0
2014-05-13 00:00:00-04:00,37.31522412995608,37.83266713536744,37.31522412995608,37.730255126953125,3719800,0.0,0.0
2014-05-14 00:00:00-04:00,37.89735859994276,38.26388137491287,37.58473949868501,37.82728958129883,4359400,0.0,0.0
2014-05-15 00:00:00-04:00,37.71947901652743,37.730257280636636,36.47437772992167,37.14813232421875,4643700,0.0,0.0
2014-05-16 00:00:00-04:00,37.051128424661954,37.19127059573465,36.803187114163215,37.0942497253418,2658300,0.0,0.0
2014-05-19 00:00:00-04:00,37.01338255207826,37.68175009116341,36.96487419367644,37.57933807373047,2606000,0.0,0.0
2014-05-20 00:00:00-04:00,37.43918661938754,37.71407958521378,37.2505361966718,37.30443572998047,3004700,0.0,0.0
2014-05-21 00:00:00-04:00,37.59551231501347,37.73565444425479,37.37990998824351,37.53083038330078,2491200,0.0,0.0
2014-05-22 00:00:00-04:00,37.61168666206964,37.91352749144497,37.530835264980425,37.568565368652344,2712200,0.0,0.0
2014-05-23 00:00:00-04:00,37.487698564557874,37.85960821788391,37.487698564557874,37.724857330322266,2534700,0.0,0.0
2014-05-27 00:00:00-04:00,37.730258886575385,37.875788075738264,37.50387832020118,37.687137603759766,2400400,0.0,0.0
2014-05-28 00:00:00-04:00,37.730248517260534,37.962020208357394,37.546989284066655,37.724857330322266,3083300,0.0,0.0
2014-05-29 00:00:00-04:00,37.827280827224904,38.23692480145499,37.584730800742555,38.09678268432617,4581900,0.0,0.0
2014-05-30 00:00:00-04:00,38.026702125272394,38.172231274479905,37.81109988266026,38.010528564453125,3196300,0.0,0.0
2014-06-02 00:00:00-04:00,38.01055149353873,38.23154505640045,37.929704202026606,38.053672790527344,2465900,0.0,0.0
2014-06-03 00:00:00-04:00,38.09138828994166,38.09138828994166,37.714087366662675,38.005149841308594,3359200,0.0,0.0
2014-06-04 00:00:00-04:00,37.91891754150274,37.951260566730056,37.52005587006309,37.881187438964844,5324500,0.0,0.0
2014-06-05 00:00:00-04:00,37.84345624092052,38.38785122944184,37.73565712601076,38.215370178222656,4076400,0.0,0.0
2014-06-06 00:00:00-04:00,38.360895407042534,38.80826950073242,38.269265757666695,38.80826950073242,3397200,0.0,0.0
2014-06-09 00:00:00-04:00,38.808254760316856,39.02924818492524,38.59804370934679,38.67350387573242,2673900,0.0,0.0
2014-06-10 00:00:00-04:00,38.60882235488601,38.71123434411582,38.40939367556987,38.452510833740234,2209900,0.0,0.0
2014-06-11 00:00:00-04:00,38.393238612182415,38.51181598191715,38.04288535505425,38.2369270324707,2192800,0.0,0.0
2014-06-12 00:00:00-04:00,38.452520765679424,38.6735142495674,37.94046891181337,37.97819900512695,3222600,0.0,0.0
2014-06-13 00:00:00-04:00,38.21536199412344,38.36089117931274,37.8703999655612,38.35011291503906,2162800,0.0,0.0
2014-06-16 00:00:00-04:00,38.323155676679704,38.44712831582305,37.90273352072854,38.16145706176758,1670600,0.0,0.0
2014-06-17 00:00:00-04:00,37.99976766969415,38.54954973296211,37.85423845397613,38.45792007446289,2310400,0.0,0.0
2014-06-18 00:00:00-04:00,38.581879220252326,39.08315273982805,38.31237741644325,39.06159210205078,2744900,0.0,0.0
2014-06-19 00:00:00-04:00,38.878332486608194,39.347267150878906,38.75436394777203,39.347267150878906,2750300,0.0,0.0
2014-06-20 00:00:00-04:00,39.643747013270044,40.41990999979829,39.530552551132764,40.225868225097656,4315800,0.0,0.0
2014-06-23 00:00:00-04:00,40.382157138747885,40.446839064642084,39.4496830193371,39.71918487548828,4269000,0.0,0.0
2014-06-24 00:00:00-04:00,39.692233579188304,39.853936339964186,38.43096684931573,38.51181411743164,3616100,0.0,0.0
2014-06-25 00:00:00-04:00,38.56031743853094,39.36343163862058,38.5387568013933,39.26641082763672,4116500,0.0,0.0
2014-06-26 00:00:00-04:00,39.455083649322795,39.643738303253265,39.061613107048494,39.40118408203125,2802400,0.0,0.0
2014-06-27 00:00:00-04:00,39.30414367859061,39.88087739769991,39.1693927712074,39.864707946777344,3588600,0.0,0.0
2014-06-30 00:00:00-04:00,39.87549405139638,40.15577415556587,39.525140836980725,40.128822326660156,2573000,0.0,0.0
2014-07-01 00:00:00-04:00,40.339037320204575,40.51152246218825,40.1557780252551,40.17194747924805,3517800,0.0,0.0
2014-07-02 00:00:00-04:00,40.46300556337718,40.770237492464105,40.2797462884668,40.61392593383789,3658000,0.0,0.0
2014-07-03 00:00:00-04:00,40.6300920808041,40.72172582307656,40.18810926943661,40.457611083984375,1880500,0.0,0.0
2014-07-07 00:00:00-04:00,40.22045463973656,40.38215327057511,39.93477924527246,40.0479736328125,2297400,0.0,0.0
2014-07-08 00:00:00-04:00,39.89703867205636,40.101862641155535,39.42810824231983,39.71377944946289,3649100,0.0,0.0
2014-07-09 00:00:00-04:00,39.886270744669076,40.04797348719123,39.59520827549215,39.94017028808594,2497700,0.0,0.0
2014-07-10 00:00:00-04:00,39.56826121374701,39.7784723151364,39.110104806454174,39.562870025634766,2942500,0.0,0.0
2014-07-11 00:00:00-04:00,39.48201961782923,39.55747980415802,39.04542795231671,39.18556594848633,2845100,0.0,0.0
2014-07-14 00:00:00-04:00,39.49279517637655,39.70301038077251,39.27180582077425,39.573646545410156,3190200,0.0,0.0
2014-07-15 00:00:00-04:00,39.487395540320826,39.90242640467901,39.099312382221136,39.2502326965332,4193200,0.0,0.0
2014-07-16 00:00:00-04:00,39.63294162436902,40.13421523265929,39.250249488704476,40.09648513793945,5678700,0.0,0.0
2014-07-17 00:00:00-04:00,39.967127232706545,40.425279578811995,38.87833739984484,39.09933090209961,4950900,0.0,0.0
2014-07-18 00:00:00-04:00,39.19094852336839,39.88626361224351,38.996906911948784,39.4981803894043,3736600,0.0,0.0
2014-07-21 00:00:00-04:00,39.47662423185565,40.112648672046724,39.43889414270327,40.06414031982422,4230200,0.0,0.0
2014-07-22 00:00:00-04:00,40.37677928618277,40.50613905525029,40.166564007072786,40.25819778442383,3317700,0.0,0.0
2014-07-23 00:00:00-04:00,40.26357059219059,40.43605159390953,39.940169228001515,40.231231689453125,2797800,0.0,0.0
2014-07-24 00:00:00-04:00,40.33902966034857,40.403711576310194,39.78924776762445,39.864707946777344,2666400,0.0,0.0
2014-07-25 00:00:00-04:00,39.71917983212494,40.03179882023865,39.46584746154632,39.573646545410156,2413600,0.0,0.0
2014-07-28 00:00:00-04:00,39.56286116273102,39.56286116273102,39.08314833499815,39.15321731567383,1931000,0.0,0.0
2014-07-29 00:00:00-04:00,39.04003954597417,39.25564185610762,38.77592887500351,38.840606689453125,2914500,0.0,0.0
2014-07-30 00:00:00-04:00,39.0885468859857,39.217910736050555,37.983591757850505,38.16685104370117,4054800,0.0,0.0
2014-07-31 00:00:00-04:00,37.896707918593066,37.918320451034,36.76207675954285,37.156494140625,5129700,0.17,0.0
2014-08-01 00:00:00-04:00,36.95658322100368,37.69679283257149,36.62159517143996,37.01061248779297,4142300,0.0,0.0
2014-08-04 00:00:00-04:00,37.075453662004406,37.38882508851537,36.61619454451794,37.25374984741211,5258500,0.0,0.0
2014-08-05 00:00:00-04:00,37.064648854054425,37.253753385123,36.270405701396825,36.7026481628418,5273900,0.0,0.0
2014-08-06 00:00:00-04:00,36.40547530674455,37.3347935691418,36.37846273345145,36.832313537597656,2969000,0.0,0.0
2014-08-07 00:00:00-04:00,37.05922544832895,37.18890059273614,36.367641166827184,36.518924713134766,3508900,0.0,0.0
2014-08-08 00:00:00-04:00,36.708045181691226,36.95658310588282,36.545953259659456,36.91876220703125,2727600,0.0,0.0
2014-08-11 00:00:00-04:00,37.18351199310541,37.54551264786872,37.059240958247536,37.07004928588867,2218300,0.0,0.0
2014-08-12 00:00:00-04:00,36.897144728318175,37.18890767555086,36.71344029983763,37.00520324707031,1892300,0.0,0.0
2014-08-13 00:00:00-04:00,37.097059293552476,37.3996264582388,36.988996647472746,37.22673034667969,1624900,0.0,0.0
2014-08-14 00:00:00-04:00,37.3185743885819,37.35639527796974,36.06507675465513,36.10289764404297,3192900,0.0,0.0
2014-08-15 00:00:00-04:00,36.14612152108764,36.59997217899709,36.065075582984484,36.5567512512207,3178600,0.0,0.0
2014-08-18 00:00:00-04:00,36.783687504365155,36.967387837932016,36.572970476017815,36.67562484741211,2962500,0.0,0.0
2014-08-19 00:00:00-04:00,36.740470767567864,37.302384344555755,36.637812250740616,37.18351745605469,3720300,0.0,0.0
2014-08-20 00:00:00-04:00,37.12947499251745,37.4644588806167,36.929562194462356,37.42123794555664,2689300,0.0,0.0
2014-08-21 00:00:00-04:00,37.44285368171397,37.46446209001091,36.9025527865791,37.1132698059082,3147000,0.0,0.0
2014-08-22 00:00:00-04:00,37.048433887919686,37.15109238172618,36.62159566682341,36.783687591552734,2624900,0.0,0.0
2014-08-25 00:00:00-04:00,36.972784210269154,37.269951301558685,36.805292279997595,37.21051788330078,2992200,0.0,0.0
2014-08-26 00:00:00-04:00,37.151085529570665,37.902103339438796,37.151085529570665,37.626548767089844,3635100,0.0,0.0
2014-08-27 00:00:00-04:00,37.804861722169676,37.804861722169676,37.421248505890155,37.523902893066406,2716700,0.0,0.0
2014-08-28 00:00:00-04:00,37.48606094477327,37.54549435132904,37.16188135039362,37.39421081542969,2293400,0.0,0.0
2014-08-29 00:00:00-04:00,37.399624592408244,37.534699801642795,37.102457483224946,37.35639953613281,2845900,0.0,0.0
2014-09-02 00:00:00-04:00,37.42124480582409,37.60494514946923,36.50273072109109,36.913360595703125,3854600,0.0,0.0
2014-09-03 00:00:00-04:00,37.22672990597998,37.61574718292479,37.01060873854748,37.286163330078125,4182600,0.0,0.0
2014-09-04 00:00:00-04:00,38.031788642320194,38.096626248998405,36.47031901713779,36.64321517944336,3524200,0.0,0.0
2014-09-05 00:00:00-04:00,36.59996502968073,37.07002808112436,36.200143701217286,37.01599884033203,2530400,0.0,0.0
2014-09-08 00:00:00-04:00,36.68643585738828,36.79989856386083,36.162343268799006,36.33523941040039,2387400,0.0,0.0
2014-09-09 00:00:00-04:00,36.33524150961573,36.708050511113434,35.91921156184753,36.11371612548828,2620400,0.0,0.0
2014-09-10 00:00:00-04:00,36.086689126317324,36.44328549299961,35.77331368863112,36.346031188964844,3023700,0.0,0.0
2014-09-11 00:00:00-04:00,36.02185611864986,36.6810238049213,35.811139120208104,36.578365325927734,2966100,0.0,0.0
2014-09-12 00:00:00-04:00,36.40006603148299,36.524332905879184,35.778719292998225,35.924598693847656,2443700,0.0,0.0
2014-09-15 00:00:00-04:00,35.82195232103639,36.20016131274983,35.60583113055636,36.04887771606445,2855500,0.0,0.0
2014-09-16 00:00:00-04:00,36.086693118859884,37.070040469709696,35.94621374811899,36.71343994140625,3818400,0.0,0.0
2014-09-17 00:00:00-04:00,37.048421247378755,37.06462960988779,36.40006201401272,36.518924713134766,2733600,0.0,0.0
2014-09-18 00:00:00-04:00,36.64860336517437,36.891737070415054,36.38925717370549,36.686424255371094,2931400,0.0,0.0
2014-09-19 00:00:00-04:00,36.89714267925525,37.010605354294384,36.459500343794595,36.5999755859375,3000300,0.0,0.0
2014-09-22 00:00:00-04:00,36.5189362634012,36.5189362634012,35.443738614506465,35.74090576171875,3055700,0.0,0.0
2014-09-23 00:00:00-04:00,35.70306188302821,36.016437196173,35.508553352260144,35.816524505615234,3094300,0.0,0.0
2014-09-24 00:00:00-04:00,35.74090752747569,36.319029360657794,35.09794809837981,35.94622039794922,4151200,0.0,0.0
2014-09-25 00:00:00-04:00,36.0272556552492,36.032659817178185,34.995279201704776,35.38429641723633,4456200,0.0,0.0
2014-09-26 00:00:00-04:00,35.330278825693625,36.059684284481705,35.16818689166555,35.843563079833984,3547400,0.0,0.0
2014-09-29 00:00:00-04:00,35.31407256731248,35.821956810263565,35.11956388372139,35.746315002441406,4042600,0.0,0.0
2014-09-30 00:00:00-04:00,35.6598617374475,36.173145977224976,34.83320196580826,35.1519775390625,4417400,0.0,0.0
2014-10-01 00:00:00-04:00,35.08713761269959,35.49236323974308,34.044354773136824,34.27128219604492,4792500,0.0,0.0
2014-10-02 00:00:00-04:00,34.06596845638978,34.09838724964284,32.72602258485954,33.55808639526367,6427500,0.0,0.0
2014-10-03 00:00:00-04:00,33.714776701225134,33.795820598893734,33.01238388825784,33.33116149902344,3731600,0.0,0.0
2014-10-06 00:00:00-04:00,33.395998645511725,33.92008910558926,33.16366909867199,33.390594482421875,3610600,0.0,0.0
2014-10-07 00:00:00-04:00,33.28253055343958,33.94710239308295,33.08261982194227,33.163665771484375,3235600,0.0,0.0
2014-10-08 00:00:00-04:00,33.02859173877181,33.33656306026084,31.87234824250291,33.28253173828125,5939100,0.0,0.0
2014-10-09 00:00:00-04:00,33.04480759236316,33.07182222893205,31.461725568627745,31.661636352539062,5984700,0.0,0.0
2014-10-10 00:00:00-04:00,31.602199567331485,31.602199567331485,30.213624401218254,30.62425422668457,7434800,0.0,0.0
2014-10-13 00:00:00-04:00,30.53240697553582,30.97545566811625,28.85207268642036,28.862876892089844,8844000,0.0,0.0
2014-10-14 00:00:00-04:00,29.030370515862288,29.45720877160434,28.117262629715857,28.349592208862305,7459800,0.0,0.0
2014-10-15 00:00:00-04:00,28.300959454554064,29.176246265412875,27.54994159342154,28.976335525512695,9336800,0.0,0.0
2014-10-16 00:00:00-04:00,26.01548787606282,28.365795850685952,25.669693585810343,28.10104751586914,19830400,0.0,0.0
2014-10-17 00:00:00-04:00,28.82504725597243,29.64630473071052,28.436032076105768,28.7061824798584,10908400,0.0,0.0
2014-10-20 00:00:00-04:00,28.727796837816445,29.041172337946374,28.014599840171297,28.446842193603516,6407600,0.0,0.0
2014-10-21 00:00:00-04:00,28.781833405286836,29.33294065132388,28.733206234722253,29.300521850585938,5623400,0.0,0.0
2014-10-22 00:00:00-04:00,29.359948162037746,29.49502337403441,28.257733937484787,28.279346466064453,6621100,0.0,0.0
2014-10-23 00:00:00-04:00,28.798040343862866,29.624702202376017,28.538696134102615,29.241086959838867,6336200,0.0,0.0
2014-10-24 00:00:00-04:00,29.21407503242877,29.21407503242877,28.452250701552114,28.90070152282715,4067600,0.0,0.0
2014-10-27 00:00:00-04:00,28.387405821642698,28.387405821642698,27.387848059394273,27.625581741333008,6197800,0.0,0.0
2014-10-28 00:00:00-04:00,27.798482913152995,28.273948302711915,27.630988884956757,28.149677276611328,4986500,0.0,0.0
2014-10-29 00:00:00-04:00,28.47926176299743,28.798039396797634,28.10105069662837,28.45764923095703,5266200,0.0,0.0
2014-10-30 00:00:00-04:00,28.17578360508975,28.658208199784497,28.08905561129922,28.219148635864258,5600100,0.17,0.0
2014-10-31 00:00:00-04:00,27.95354140469608,28.739514966913045,27.85597215875144,28.70699119567871,5973500,0.0,0.0
2014-11-03 00:00:00-05:00,28.728682053738865,29.06475284973462,27.99691456437929,28.132427215576172,7470800,0.0,0.0
2014-11-04 00:00:00-05:00,27.682515814629735,27.834289276197786,26.804394680508633,27.11336326599121,9165000,0.0,0.0
2014-11-05 00:00:00-05:00,27.677094596497398,28.143256210791034,27.319341409674063,27.834287643432617,5860700,0.0,0.0
2014-11-06 00:00:00-05:00,27.54158465939544,27.93728124767364,27.167568518054235,27.910179138183594,5155600,0.0,0.0
2014-11-07 00:00:00-05:00,27.986064641744598,28.89128787902556,27.964382128002242,28.3492374420166,5062000,0.0,0.0
2014-11-10 00:00:00-05:00,28.701568535594756,29.043060859928456,27.855969183640216,27.99148178100586,4828000,0.0,0.0
2014-11-11 00:00:00-05:00,28.143256072798607,28.186621097780666,27.50363849637882,27.904754638671875,3985000,0.0,0.0
2014-11-12 00:00:00-05:00,27.61204742180991,28.213723713870017,27.44401311636633,27.633729934692383,4184200,0.0,0.0
2014-11-13 00:00:00-05:00,27.47111763472129,33.47703569050212,26.37075585633531,31.8454647064209,19316200,0.0,0.0
2014-11-14 00:00:00-05:00,33.58002648903645,33.62881111326081,31.43892675348049,32.463401794433594,43896000,0.0,0.0
2014-11-17 00:00:00-05:00,36.06804076421133,36.75644307954466,35.1899174654751,35.35795593261719,69691600,0.0,0.0
2014-11-18 00:00:00-05:00,35.78617482901038,36.046360907822326,34.425628883506405,34.44731140136719,26338600,0.0,0.0
2014-11-19 00:00:00-05:00,34.45814862039016,34.604502497153696,33.769744267209916,34.42562484741211,18245500,0.0,0.0
2014-11-20 00:00:00-05:00,34.45814293173668,35.02729749221997,34.20880025001071,34.91346740722656,10130000,0.0,0.0
2014-11-21 00:00:00-05:00,35.536825826755134,35.92710280857336,35.17365302137522,35.68318176269531,13584900,0.0,0.0
2014-11-24 00:00:00-05:00,35.265807654139934,35.834962388986064,34.98394318621304,35.081512451171875,8923500,0.0,0.0
2014-11-25 00:00:00-05:00,35.28748200449573,35.43925546251888,34.176279041629904,34.25758743286133,6627500,0.0,0.0
2014-11-26 00:00:00-05:00,34.00824057886021,34.263002842603875,33.62338325082883,33.921512603759766,5260400,0.0,0.0
2014-11-28 00:00:00-05:00,32.116490866008554,32.181536344486325,30.37650932547924,30.89687728881836,8822500,0.0,0.0
2014-12-01 00:00:00-05:00,30.62584604634732,31.032383825723613,30.121739034500074,30.63126564025879,10837100,0.0,0.0
2014-12-02 00:00:00-05:00,30.75052463236644,31.0540736569125,30.387351789707516,30.76136589050293,9835700,0.0,0.0
2014-12-03 00:00:00-05:00,31.335945340506072,31.802107110813246,31.04323752575404,31.18416976928711,8447800,0.0,0.0
2014-12-04 00:00:00-05:00,30.88060999318288,31.65574218149356,30.75051699561157,31.227521896362305,5719600,0.0,0.0
2014-12-05 00:00:00-05:00,31.314252654109776,31.39555897552679,30.587905016889984,30.90771484375,4311700,0.0,0.0
2014-12-08 00:00:00-05:00,30.474068698504958,30.696309240040417,29.82360792130724,29.942859649658203,8272300,0.0,0.0
2014-12-09 00:00:00-05:00,29.574275824766755,30.761365667360817,29.49838701836181,30.739683151245117,9075800,0.0,0.0
2014-12-10 00:00:00-05:00,30.137996762896037,30.436126091104114,29.89407577473722,29.9970645904541,9138200,0.0,0.0
2014-12-11 00:00:00-05:00,30.029597843363103,30.658376326336178,29.953709038173812,30.23015594482422,4410800,0.0,0.0
2014-12-12 00:00:00-05:00,29.818193162331507,30.257254753814795,29.644737190630075,29.807353973388672,5846800,0.0,0.0
2014-12-15 00:00:00-05:00,30.159677440092203,30.403600481194434,29.709776780066075,29.774822235107422,5332500,0.0,0.0
2014-12-16 00:00:00-05:00,29.525488553149113,30.913136376142383,29.357452169939236,29.89408302307129,6084400,0.0,0.0
2014-12-17 00:00:00-05:00,29.839880861354658,31.167905055533463,29.552594746003813,30.544546127319336,8720800,0.0,0.0
2014-12-18 00:00:00-05:00,31.11911841374217,31.34135903097166,29.720629230818655,30.23015594482422,9241700,0.0,0.0
2014-12-19 00:00:00-05:00,30.47407666727089,31.205843940621907,30.354824907736393,30.97818374633789,8514800,0.0,0.0
2014-12-22 00:00:00-05:00,30.85350787630676,30.91313375134293,30.28435536799838,30.387346267700195,4514000,0.0,0.0
2014-12-23 00:00:00-05:00,30.452392463246603,30.674633050563127,30.230151875930076,30.593324661254883,4887600,0.0,0.0
2014-12-24 00:00:00-05:00,30.403610917777627,30.72342077750151,30.143426940541687,30.53912353515625,2094800,0.0,0.0
2014-12-26 00:00:00-05:00,30.81013612240862,30.902283671875626,30.419859282883422,30.53369140625,2180900,0.0,0.0
2014-12-29 00:00:00-05:00,30.50659261792433,31.05948421547247,30.50659261792433,30.734254837036133,2804200,0.0,0.0
2014-12-30 00:00:00-05:00,30.945658120011004,30.99986233413613,30.50117694735868,30.51201820373535,2947700,0.0,0.0
2014-12-31 00:00:00-05:00,30.224724887133064,30.696310153597057,29.894075929355676,30.39276123046875,3202200,0.0,0.0
2015-01-02 00:00:00-05:00,30.284351485134255,30.783038866059766,30.186782259904437,30.44696617126465,2787600,0.0,0.0
2015-01-05 00:00:00-05:00,29.99165718905937,30.17053279094136,29.791097001687927,29.899507522583008,5565300,0.0,0.0
2015-01-06 00:00:00-05:00,29.83445608126234,30.246413497113668,29.666419704032325,29.807353973388672,5931400,0.0,0.0
2015-01-07 00:00:00-05:00,30.170528907772304,30.615010125251302,30.072959658300483,30.609590530395508,3921000,0.0,0.0
2015-01-08 00:00:00-05:00,30.92398632544184,31.005294742569067,30.528289635457835,30.913145065307617,4396200,0.0,0.0
2015-01-09 00:00:00-05:00,31.037808827790244,31.064913005344533,30.54996464818957,30.609590530395508,2790400,0.0,0.0
2015-01-12 00:00:00-05:00,29.969961758977213,30.143417690573568,29.736879963190017,29.86155128479004,5785900,0.0,0.0
2015-01-13 00:00:00-05:00,30.10005266604342,30.474068698504958,29.88323378548272,29.942859649658203,5763700,0.0,0.0
2015-01-14 00:00:00-05:00,29.639316422190074,30.035012971195915,29.118948527696766,29.70978355407715,7385400,0.0,0.0
2015-01-15 00:00:00-05:00,30.083796814667135,30.306037393110206,28.988854772560884,29.01595687866211,5278000,0.0,0.0
2015-01-16 00:00:00-05:00,29.281571585699723,30.72884559264437,29.281571585699723,30.65838050842285,5642200,0.0,0.0
2015-01-20 00:00:00-05:00,30.63668941191881,31.167898565424625,29.861557160436288,31.037805557250977,6731700,0.0,0.0
2015-01-21 00:00:00-05:00,31.146220074719583,31.66116844410895,30.896877350260223,31.61780548095703,4906700,0.0,0.0
2015-01-22 00:00:00-05:00,31.704528967335126,31.85630241842573,31.270886990919355,31.552753448486328,4269000,0.0,0.0
2015-01-23 00:00:00-05:00,31.666581833108538,32.25199722911894,31.411819563592672,31.655742645263672,3905600,0.0,0.0
2015-01-26 00:00:00-05:00,31.867150291777982,31.953878291518436,31.390145259326165,31.943037033081055,4893000,0.0,0.0
2015-01-27 00:00:00-05:00,31.75331682075727,32.28452602144273,31.65574757290092,32.1381721496582,4767500,0.0,0.0
2015-01-28 00:00:00-05:00,32.04602632110682,32.05144798427834,30.864356016271845,30.86977767944336,5322900,0.0,0.0
2015-01-29 00:00:00-05:00,31.10826942398356,31.151634444742044,30.148840051161194,30.940235137939453,4099200,0.0,0.0
2015-01-30 00:00:00-05:00,30.59874412240951,31.726207828653152,30.512016145006154,31.433502197265625,5863700,0.0,0.0
2015-02-02 00:00:00-05:00,31.94303844887461,32.392939321294364,31.574443916701007,32.376678466796875,4684400,0.0,0.0
2015-02-03 00:00:00-05:00,32.94582911092684,33.67759853508023,32.940409515677665,33.482460021972656,7904000,0.0,0.0
2015-02-04 00:00:00-05:00,32.853679271078654,33.330684262976426,32.63685825628191,33.054237365722656,5058200,0.0,0.0
2015-02-05 00:00:00-05:00,33.47702943773307,34.01366020577315,33.40656437947901,33.75889587402344,6270600,0.0,0.0
2015-02-06 00:00:00-05:00,34.06787183358686,34.38226210444347,33.704699004588846,33.97030258178711,5640500,0.0,0.0
2015-02-09 00:00:00-05:00,34.138337253898925,34.49067087516423,34.04076800701802,34.07329177856445,5319600,0.0,0.0
2015-02-10 00:00:00-05:00,33.95404814408801,34.024515298758786,33.140972270646216,33.6396598815918,4535100,0.0,0.0
2015-02-11 00:00:00-05:00,33.211427919792506,33.40114473076794,32.90245936034215,33.384883880615234,3714200,0.0,0.0
2015-02-12 00:00:00-05:00,33.80768106051342,34.122071268219294,33.62338385166192,33.81310272216797,4091700,0.0,0.0
2015-02-13 00:00:00-05:00,34.279272604533524,34.91347272914841,34.14917958202638,34.8592643737793,4721800,0.0,0.0
2015-02-17 00:00:00-05:00,34.962255172275455,35.25496292114258,34.420204704488235,35.25496292114258,4772800,0.0,0.0
2015-02-18 00:00:00-05:00,34.918889294528256,35.227857888244806,34.696650758600036,34.935150146484375,3330700,0.0,0.0
2015-02-19 00:00:00-05:00,34.013666745726525,35.173654412269315,34.013666745726525,34.837581634521484,5243900,0.0,0.0
2015-02-20 00:00:00-05:00,34.78337587606326,34.875523458693685,34.32263382739444,34.4147834777832,4292900,0.0,0.0
2015-02-23 00:00:00-05:00,33.98655858283639,34.3226292329703,33.829363479411896,34.10580825805664,3906100,0.0,0.0
2015-02-24 00:00:00-05:00,34.35515850611072,34.47982986295355,33.23311422676685,34.16543960571289,6580300,0.0,0.0
2015-02-25 00:00:00-05:00,34.192535675537904,34.550288809231986,33.93777135974921,34.517765045166016,3093900,0.0,0.0
2015-02-26 00:00:00-05:00,34.21965098668728,34.31722024878766,33.769748048362324,33.87815856933594,2946100,0.0,0.0
2015-02-27 00:00:00-05:00,33.98656253029312,34.197961868120515,33.851049922172145,33.88357162475586,2654600,0.0,0.0
2015-03-02 00:00:00-05:00,33.883582086761336,34.04664029577683,33.42158348231782,33.99772262573242,2657600,0.17,0.0
2015-03-03 00:00:00-05:00,33.9542314914523,34.31296027591608,33.763995241974875,34.052066802978516,3229100,0.0,0.0
2015-03-04 00:00:00-05:00,33.9977053343737,34.04662297953841,33.67158908220664,33.948787689208984,3171500,0.0,0.0
2015-03-05 00:00:00-05:00,33.74768986351523,33.856395994994685,33.6009368970275,33.75312423706055,3199200,0.0,0.0
2015-03-06 00:00:00-05:00,33.47049388519077,33.7042092875498,33.04110577174127,33.11176300048828,5552100,0.0,0.0
2015-03-09 00:00:00-04:00,33.01937296284091,33.43789036689782,32.89436159384694,32.94327926635742,4072300,0.0,0.0
2015-03-10 00:00:00-04:00,32.557362337812144,33.079149270048546,32.4432197617504,32.64976119995117,4137000,0.0,0.0
2015-03-11 00:00:00-04:00,32.5301916191759,32.93783814108736,32.39430944520541,32.70412063598633,3875400,0.0,0.0
2015-03-12 00:00:00-04:00,32.8182525576251,32.850862941791036,32.44321655254284,32.46495819091797,3326800,0.0,0.0
2015-03-13 00:00:00-04:00,32.1279662767409,32.17688391905842,31.74749595575983,31.99751853942871,3842500,0.0,0.0
2015-03-16 00:00:00-04:00,31.606194404820577,32.60628728532912,31.41052374311712,32.57910919189453,5063600,0.0,0.0
2015-03-17 00:00:00-04:00,32.4975770001618,32.56823422859584,32.117106547820846,32.204071044921875,3753000,0.0,0.0
2015-03-18 00:00:00-04:00,32.00840136781839,33.041106616079766,31.970354528783233,33.02479934692383,4364200,0.0,0.0
2015-03-19 00:00:00-04:00,32.55193243191661,33.18242562007515,32.44322628084154,33.11720275878906,2699500,0.0,0.0
2015-03-20 00:00:00-04:00,33.49223448515659,34.10098805969024,33.40526998499424,33.9542350769043,6437900,0.0,0.0
2015-03-23 00:00:00-04:00,33.975974828566464,34.35101092215715,33.720517774259584,33.7259521484375,2587600,0.0,0.0
2015-03-24 00:00:00-04:00,33.758561976547945,34.046631473610645,33.633550646249084,33.86183166503906,2849200,0.0,0.0
2015-03-25 00:00:00-04:00,34.057495638787685,34.83473948424814,33.948789524390115,34.40535354614258,5132500,0.0,0.0
2015-03-26 00:00:00-04:00,34.80212881962463,35.05758787538178,34.11728382923728,34.155330657958984,5052900,0.0,0.0
2015-03-27 00:00:00-04:00,34.12272975084643,34.35644724832325,33.79117692543061,34.12816619873047,2559600,0.0,0.0
2015-03-30 00:00:00-04:00,34.2694716649875,34.64994203138399,34.2042488252442,34.50318908691406,2259500,0.0,0.0
2015-03-31 00:00:00-04:00,34.32382727599771,34.769520501832126,34.16076705933901,34.55754470825195,2975200,0.0,0.0
2015-04-01 00:00:00-04:00,34.70973704891186,34.95432326245736,34.41079673082518,34.69343185424805,3796500,0.0,0.0
2015-04-02 00:00:00-04:00,34.51406373500154,35.03041421090214,34.45427526135488,34.65538024902344,4331700,0.0,0.0
2015-04-06 00:00:00-04:00,34.88366709366837,36.052254459249774,34.75321931221391,35.68809127807617,3425700,0.0,0.0
2015-04-07 00:00:00-04:00,35.72613944460753,35.92724238809415,34.87823194370975,34.9651985168457,2986200,0.0,0.0
2015-04-08 00:00:00-04:00,35.06302690977367,35.32935473048588,34.67712007462832,34.90540313720703,2725000,0.0,0.0
2015-04-09 00:00:00-04:00,35.01954441549332,36.11747025479102,35.01954441549332,35.80765914916992,4132400,0.0,0.0
2015-04-10 00:00:00-04:00,35.80223011589383,36.20987656294538,35.709827102998624,36.1663932800293,2663500,0.0,0.0
2015-04-13 00:00:00-04:00,36.193571645932565,36.307716314238455,35.53047016098053,35.655479431152344,1617900,0.0,0.0
2015-04-14 00:00:00-04:00,35.88919659261011,36.25879624559603,35.7750560721461,36.21531295776367,2718500,0.0,0.0
2015-04-15 00:00:00-04:00,36.45989707295559,37.59586978139802,36.19900153761334,37.45998764038086,4185800,0.0,0.0
2015-04-16 00:00:00-04:00,37.231708015940434,37.655659648109356,36.93820208287103,37.084957122802734,2574600,0.0,0.0
2015-04-17 00:00:00-04:00,36.95994545290729,37.03060267930958,36.12291089650556,36.405548095703125,4020600,0.0,0.0
2015-04-20 00:00:00-04:00,36.329463114601346,37.72089966675277,36.329463114601346,37.14475631713867,5080400,0.0,0.0
2015-04-21 00:00:00-04:00,36.878407926988814,37.112125348059216,36.1989973014113,36.60664367675781,3536300,0.0,0.0
2015-04-22 00:00:00-04:00,36.66644362324053,36.79145704207561,36.30771685695643,36.4544677734375,2915400,0.0,0.0
2015-04-23 00:00:00-04:00,36.51425607675529,37.36215947173661,36.50338732798652,37.16105651855469,3069600,0.0,0.0
2015-04-24 00:00:00-04:00,36.96538240395088,37.35128722441266,36.63926606310375,37.00886154174805,3142000,0.0,0.0
2015-04-27 00:00:00-04:00,37.139317505786735,37.48717554616016,37.05778737046282,37.177364349365234,3102100,0.0,0.0
2015-04-28 00:00:00-04:00,37.036036950943334,37.50347185948624,37.00885886334206,37.193660736083984,2846700,0.0,0.0
2015-04-29 00:00:00-04:00,37.11757298463151,37.76980572310826,36.97625437080352,37.36759567260742,3429800,0.0,0.0
2015-04-30 00:00:00-04:00,37.47629642772626,37.77523882534961,37.12300614463681,37.20996856689453,2692500,0.0,0.0
2015-05-01 00:00:00-04:00,37.22084524303168,37.63392404761428,36.965386103979874,37.514347076416016,2471100,0.0,0.0
2015-05-04 00:00:00-04:00,37.65022468500271,37.867636956599696,37.38933327652166,37.57413101196289,1982000,0.0,0.0
2015-05-05 00:00:00-04:00,37.87306455723642,38.291579661197225,36.764265963203556,36.77513885498047,3308500,0.0,0.0
2015-05-06 00:00:00-04:00,37.14474051039373,37.35128402109226,36.27509562711909,36.54142761230469,3354000,0.0,0.0
2015-05-07 00:00:00-04:00,36.38379304034295,36.38922533874445,35.59024206049289,35.92722702026367,3286800,0.0,0.0
2015-05-08 00:00:00-04:00,36.34032438719178,36.878416567622324,35.81853740210847,36.7968864440918,2798200,0.0,0.0
2015-05-11 00:00:00-04:00,36.7914532489223,36.80775844387308,36.06312274903175,36.10116958618164,2692000,0.0,0.0
2015-05-12 00:00:00-04:00,36.10116151998939,36.51968078192142,35.79135044476393,36.410972595214844,2327800,0.0,0.0
2015-05-13 00:00:00-04:00,36.53055428843586,36.80775501717519,36.112039118749614,36.144649505615234,2522800,0.0,0.0
2015-05-14 00:00:00-04:00,36.198992812735,36.34031136643377,35.448925067951464,35.601112365722656,4304200,0.0,0.0
2015-05-15 00:00:00-04:00,35.508725888758,36.06855970621892,35.340229196031196,35.791358947753906,3409200,0.0,0.0
2015-05-18 00:00:00-04:00,35.79135967249398,35.916373082739184,35.448938126370074,35.883758544921875,1795800,0.0,0.0
2015-05-19 00:00:00-04:00,35.51415467552296,35.51415467552296,34.927146973103106,35.03041458129883,2561500,0.0,0.0
2015-05-20 00:00:00-04:00,35.122821363749395,35.2858774637457,34.77496130087358,34.92715072631836,2021000,0.0,0.0
2015-05-21 00:00:00-04:00,35.15542655211299,35.84027368177838,35.06302769444211,35.80765914916992,2491500,0.0,0.0
2015-05-22 00:00:00-04:00,35.486982125478725,35.910933762033544,35.33479478382254,35.617427825927734,1521300,0.0,0.0
2015-05-26 00:00:00-04:00,35.14999676023919,35.55221094647318,35.079339528665685,35.1119499206543,2165900,0.0,0.0
2015-05-27 00:00:00-04:00,35.111952703514966,35.465247182972504,34.774965494741444,35.2750129699707,1873800,0.0,0.0
2015-05-28 00:00:00-04:00,35.144556365567695,35.23695521945212,34.823872379954,35.068458557128906,1548800,0.0,0.0
2015-05-29 00:00:00-04:00,35.17173649456864,35.42719560939751,34.99237105477889,35.03585433959961,1919800,0.0,0.0
2015-06-01 00:00:00-04:00,35.08489311685669,35.270183631930045,34.93230337371315,35.05219650268555,1595100,0.17,0.0
2015-06-02 00:00:00-04:00,35.13940897797704,35.84786227260624,35.09581070077386,35.54268264770508,1618200,0.0,0.0
2015-06-03 00:00:00-04:00,35.40642733837738,35.913245679322436,35.23748927731534,35.25383758544922,2196000,0.0,0.0
2015-06-04 00:00:00-04:00,34.926850645228534,35.1720877113991,34.65436986686831,34.681617736816406,1858900,0.0,0.0
2015-06-05 00:00:00-04:00,34.54538003657451,35.43912357215825,34.430937723113544,35.24838638305664,2867500,0.0,0.0
2015-06-08 00:00:00-04:00,35.11214343670426,35.53176523476525,34.87235925511521,34.88325881958008,1609700,0.0,0.0
2015-06-09 00:00:00-04:00,35.20479157932733,35.40643043203438,34.87236417124202,34.894161224365234,1943100,0.0,0.0
2015-06-10 00:00:00-04:00,35.324681899254855,35.73885705864226,35.27563697449318,35.47182083129883,1966300,0.0,0.0
2015-06-11 00:00:00-04:00,35.62440436933085,35.62440436933085,35.03584049702595,35.095787048339844,1253500,0.0,0.0
2015-06-12 00:00:00-04:00,34.88326474935532,35.16664515809607,34.785170731375935,34.94865798950195,1432200,0.0,0.0
2015-06-15 00:00:00-04:00,34.55628633290974,35.12304926759136,34.43094443010131,34.7579231262207,2752100,0.0,0.0
2015-06-16 00:00:00-04:00,34.77972899737476,34.99226539890994,34.5508442815308,34.65983581542969,3977000,0.0,0.0
2015-06-17 00:00:00-04:00,35.08489737068821,35.2974337040867,34.659824703891225,34.774269104003906,2919500,0.0,0.0
2015-06-18 00:00:00-04:00,34.97046399113332,35.16120124195853,33.880532091834716,33.95682907104492,6746600,0.0,0.0
2015-06-19 00:00:00-04:00,33.695244838509225,34.153014229265736,33.422761870365555,33.74974060058594,4032300,0.0,0.0
2015-06-22 00:00:00-04:00,34.10940457352023,34.10940457352023,33.37370168144207,34.01131057739258,3288900,0.0,0.0
2015-06-23 00:00:00-04:00,33.82057908416718,34.42548938999831,33.782431643588986,34.27289962768555,4449600,0.0,0.0
2015-06-24 00:00:00-04:00,34.11485477143718,34.452735029793445,34.10395728596186,34.136653900146484,2244400,0.0,0.0
2015-06-25 00:00:00-04:00,34.03856844870845,34.13121372955145,33.744286373861094,33.82058334350586,1993800,0.0,0.0
2015-06-26 00:00:00-04:00,33.70068829396608,33.78243400313152,33.41730580210689,33.7333869934082,3623200,0.0,0.0
2015-06-29 00:00:00-04:00,33.34101151863959,33.640742326201014,33.25381706409663,33.30286407470703,2159300,0.0,0.0
2015-06-30 00:00:00-04:00,33.57535026246314,33.72794005299749,33.27016860251446,33.62439727783203,2788100,0.0,0.0
2015-07-01 00:00:00-04:00,33.65164114942852,33.766083478697865,32.41456842370056,32.703399658203125,4174600,0.0,0.0
2015-07-02 00:00:00-04:00,32.80149268381327,33.068526856233944,32.605306730527495,32.88868713378906,2565100,0.0,0.0
2015-07-06 00:00:00-04:00,32.26742790425007,32.85599202785861,32.15843431703963,32.31647491455078,3464700,0.0,0.0
2015-07-07 00:00:00-04:00,32.20202774121899,33.10667084493784,31.896846158696214,33.06852340698242,2986000,0.0,0.0
2015-07-08 00:00:00-04:00,33.024920277203414,33.04127066168715,32.41455928104195,32.556251525878906,5344200,0.0,0.0
2015-07-09 00:00:00-04:00,33.06308168460473,33.11757952445371,32.62710936021305,32.779701232910156,2561800,0.0,0.0
2015-07-10 00:00:00-04:00,32.94317726964143,33.05761956871393,32.51810260627629,32.53990173339844,2622200,0.0,0.0
2015-07-13 00:00:00-04:00,32.50176139075702,32.9431844563223,32.37641950077963,32.8614387512207,3525000,0.0,0.0
2015-07-14 00:00:00-04:00,32.86144001588329,33.493600312507944,32.7578972537988,33.31376266479492,2610000,0.0,0.0
2015-07-15 00:00:00-04:00,33.14481930939252,33.166618440007724,32.41456506481935,32.42546463012695,4155300,0.0,0.0
2015-07-16 00:00:00-04:00,32.67069439067296,32.69794226011389,31.97858769670172,32.082130432128906,2326200,0.0,0.0
2015-07-17 00:00:00-04:00,31.918649221212238,32.20748045242603,31.53717271577835,31.782407760620117,3680700,0.0,0.0
2015-07-20 00:00:00-04:00,32.087595907497565,32.85054699467315,32.087595907497565,32.4036750793457,4831900,0.0,0.0
2015-07-21 00:00:00-04:00,32.40365892685642,33.482690726887384,32.34916319025167,33.04671859741211,4019600,0.0,0.0
2015-07-22 00:00:00-04:00,32.921388478133146,33.624394956936214,28.774197830143983,31.760610580444336,27297500,0.0,0.0
2015-07-23 00:00:00-04:00,32.098480385617016,32.5617003965264,31.875044532996856,32.2946662902832,4051000,0.0,0.0
2015-07-24 00:00:00-04:00,32.39822260329352,32.50176537408311,31.826008834092317,31.96769905090332,4466800,0.0,0.0
2015-07-27 00:00:00-04:00,31.455418567825124,31.804196257686353,31.18293573776116,31.466318130493164,3354500,0.0,0.0
2015-07-28 00:00:00-04:00,31.553524517303995,31.95134935057761,31.063054405662665,31.907751083374023,2859700,0.0,0.0
2015-07-29 00:00:00-04:00,31.640715174026088,32.56170662988907,31.44452715292402,32.51810836791992,5948200,0.0,0.0
2015-07-30 00:00:00-04:00,32.4963065072296,32.79058641645758,31.79330022859985,31.984037399291992,2551500,0.0,0.0
2015-07-31 00:00:00-04:00,31.875050570715125,32.1257343398942,31.673411727833237,31.689762115478516,2468800,0.0,0.0
2015-08-03 00:00:00-04:00,31.33008700222783,31.40093106451216,30.191108315438647,30.272851943969727,5326400,0.0,0.0
2015-08-04 00:00:00-04:00,30.45813802679592,30.70882179419748,29.95131966985651,30.136608123779297,4635100,0.0,0.0
2015-08-05 00:00:00-04:00,30.398192704214885,30.986756786318995,30.33279738805208,30.697925567626953,2869800,0.0,0.0
2015-08-06 00:00:00-04:00,30.496291910826365,30.926815479873866,30.18566150755918,30.823272705078125,2619200,0.0,0.0
2015-08-07 00:00:00-04:00,30.5180911945397,30.932264374615546,30.278306940693682,30.365501403808594,2289600,0.0,0.0
2015-08-10 00:00:00-04:00,30.38184520621265,31.5535225793494,30.29465075604059,31.5153751373291,2825600,0.0,0.0
2015-08-11 00:00:00-04:00,30.83416181618819,31.449971590598874,30.779663996187733,31.357328414916992,2379800,0.0,0.0
2015-08-12 00:00:00-04:00,31.237440079319686,32.158431550307455,30.50718581038041,31.934995651245117,3105300,0.0,0.0
2015-08-13 00:00:00-04:00,31.711564603533517,31.81510945381158,30.986761045986583,31.008560180664062,2462100,0.0,0.0
2015-08-14 00:00:00-04:00,30.94861305006328,31.602572526613304,30.94861305006328,31.242895126342773,2363800,0.0,0.0
2015-08-17 00:00:00-04:00,31.08484086332192,31.291926311453135,30.817806782792044,30.932249069213867,2434100,0.0,0.0
2015-08-18 00:00:00-04:00,30.94315851274482,31.210192678547543,30.79056874878876,30.872314453125,1760200,0.0,0.0
2015-08-19 00:00:00-04:00,30.53989116120257,30.605286490598537,29.384561894886897,29.47720718383789,4342000,0.0,0.0
2015-08-20 00:00:00-04:00,29.29735545852622,29.53169087856591,27.983988189384295,27.989439010620117,5902200,0.0,0.0
2015-08-21 00:00:00-04:00,27.896797638306918,28.27827410156655,26.943107519597575,26.986705780029297,4832900,0.0,0.0
2015-08-24 00:00:00-04:00,25.809581995530372,26.51803715749478,24.03844305117952,24.93763542175293,7055800,0.0,0.0
2015-08-25 00:00:00-04:00,25.885877510186976,26.64337969839064,25.618843332743236,26.01667022705078,5486500,0.0,0.0
2015-08-26 00:00:00-04:00,26.599774895449155,26.888606033074858,25.994862673805184,26.81231117248535,4411500,0.0,0.0
2015-08-27 00:00:00-04:00,27.439029293201138,29.351860561403228,27.275539956495926,29.291913986206055,5948000,0.0,0.0
2015-08-28 00:00:00-04:00,29.188367811219205,30.00036565607594,28.92133366535498,29.820528030395508,4012600,0.0,0.0
2015-08-31 00:00:00-04:00,29.596390446382948,30.640518667177663,29.21919301391582,30.61318588256836,3728900,0.17,0.0
2015-09-01 00:00:00-04:00,29.574528906921003,30.246927628940252,29.290265391475142,29.727596282958984,5127300,0.0,0.0
2015-09-02 00:00:00-04:00,30.15946402573254,30.18679890502778,29.197335915793452,29.924400329589844,2968500,0.0,0.0
2015-09-03 00:00:00-04:00,29.935327604979925,30.58039146166604,29.694796132372204,29.968128204345703,5413000,0.0,0.0
2015-09-04 00:00:00-04:00,29.49799503862441,29.743994306559625,29.038797100264706,29.11532974243164,3728700,0.0,0.0
2015-09-08 00:00:00-04:00,29.67840080314742,29.754933459771376,29.18093644973321,29.525333404541016,4247700,0.0,0.0
2015-09-09 00:00:00-04:00,29.79319726980275,30.126662747213835,28.907601898160316,28.967735290527344,3346500,0.0,0.0
2015-09-10 00:00:00-04:00,29.038792323093844,29.700257375914962,28.54132814548849,29.344924926757812,3043500,0.0,0.0
2015-09-11 00:00:00-04:00,29.34493301867267,29.34493301867267,28.541336015810117,29.016935348510742,4253400,0.0,0.0
2015-09-14 00:00:00-04:00,28.7763913759254,29.399587975188478,28.727191534648966,29.071590423583984,2735300,0.0,0.0
2015-09-15 00:00:00-04:00,29.20826665286253,29.46519947904741,28.995067961074355,29.20279884338379,1979300,0.0,0.0
2015-09-16 00:00:00-04:00,29.33945444139721,30.492915758534913,29.284788878218883,30.427316665649414,2543200,0.0,0.0
2015-09-17 00:00:00-04:00,30.37812479462076,30.689723174274498,30.071992138575812,30.225059509277344,2220100,0.0,0.0
2015-09-18 00:00:00-04:00,29.623729830486194,29.765863678691247,29.060666417737142,29.230133056640625,4364500,0.0,0.0
2015-09-21 00:00:00-04:00,29.68385293740518,30.082917382351376,29.235588652103566,29.91891860961914,5218400,0.0,0.0
2015-09-22 00:00:00-04:00,29.142673117565707,30.050135726497047,28.98413997805537,29.678403854370117,3932700,0.0,0.0
2015-09-23 00:00:00-04:00,29.858794306609422,29.858794306609422,29.36679783901329,29.51986312866211,1725800,0.0,0.0
2015-09-24 00:00:00-04:00,29.142667010881727,29.514398805114325,28.97320037118919,29.08799934387207,3452900,0.0,0.0
2015-09-25 00:00:00-04:00,29.38866314494239,29.43786300078278,28.410135922674087,28.699867248535156,2630200,0.0,0.0
2015-09-28 00:00:00-04:00,28.39373241323692,28.475732861831325,27.584669800894797,27.606536865234375,3266400,0.0,0.0
2015-09-29 00:00:00-04:00,27.88534221849667,28.186009221518507,27.31681298859766,27.590145111083984,2423000,0.0,0.0
2015-09-30 00:00:00-04:00,27.797867014747318,28.5030641627272,27.781467760027112,28.44839859008789,4118900,0.0,0.0
2015-10-01 00:00:00-04:00,28.770932960975415,28.956798843519618,27.622937068076002,27.978269577026367,2681500,0.0,0.0
2015-10-02 00:00:00-04:00,27.699473423466294,29.16453361511231,27.650275648457523,29.164533615112305,3167100,0.0,0.0
2015-10-05 00:00:00-04:00,29.547195434844944,30.017326914342178,29.28479690601447,29.864261627197266,3212800,0.0,0.0
2015-10-06 00:00:00-04:00,30.066531498149722,30.826394415081968,29.66746687578093,30.235998153686523,3408900,0.0,0.0
2015-10-07 00:00:00-04:00,30.68426133858045,31.83225529483133,30.580393808629708,30.984926223754883,3471000,0.0,0.0
2015-10-08 00:00:00-04:00,30.98492698825507,31.394925137797586,30.307062463453736,31.340259552001953,1778900,0.0,0.0
2015-10-09 00:00:00-04:00,31.433188269170287,31.6354534184803,30.580391454095146,30.853723526000977,2140500,0.0,0.0
2015-10-12 00:00:00-04:00,30.930261555481597,30.990392866010907,30.07199683966339,30.438262939453125,1444500,0.0,0.0
2015-10-13 00:00:00-04:00,30.241456232159575,30.82638662113205,29.92985787860818,30.077457427978516,1832400,0.0,0.0
2015-10-14 00:00:00-04:00,30.09385993983176,30.296125084034184,29.815062151085613,30.071992874145508,2087000,0.0,0.0
2015-10-15 00:00:00-04:00,30.093859508789233,30.727989807100585,29.63466156274597,30.717056274414062,2558400,0.0,0.0
2015-10-16 00:00:00-04:00,31.0559962917216,31.0559962917216,29.15907070753933,29.426937103271484,5427900,0.0,0.0
2015-10-19 00:00:00-04:00,29.109862749943847,29.525326540178952,28.918531152866763,29.153596878051758,3513800,0.0,0.0
2015-10-20 00:00:00-04:00,29.126255424937412,29.45972077766882,28.956790930200654,29.06612205505371,3546200,0.0,0.0
2015-10-21 00:00:00-04:00,28.94586466930576,30.12665904830552,28.94586466930576,29.743993759155273,3866100,0.0,0.0
2015-10-22 00:00:00-04:00,30.050129776185866,30.706125105000293,30.050129776185866,30.389060974121094,4318400,0.0,0.0
2015-10-23 00:00:00-04:00,30.099332871017438,30.285198790263564,28.453872391882342,29.48160171508789,3389600,0.0,0.0
2015-10-26 00:00:00-04:00,29.39959988530013,29.470666814902234,28.590537122938642,28.678003311157227,2931200,0.0,0.0
2015-10-27 00:00:00-04:00,28.224278536890957,29.022407918476624,28.09854599749257,28.15321159362793,4670600,0.0,0.0
2015-10-28 00:00:00-04:00,28.47573199522863,29.268395327871943,28.213333487213365,28.863862991333008,2275300,0.0,0.0
2015-10-29 00:00:00-04:00,28.831063936370644,29.15359582071594,28.486664988764463,28.74906349182129,1528000,0.0,0.0
2015-10-30 00:00:00-04:00,28.869338111459665,29.18093654897896,28.45933994784391,28.79827117919922,2404200,0.0,0.0
2015-11-02 00:00:00-05:00,28.80920666870831,29.230138395493285,28.32267581519384,29.131738662719727,3681900,0.0,0.0
2015-11-03 00:00:00-05:00,29.36132799447659,29.93532487622663,29.104397288285593,29.771326065063477,3967000,0.0,0.0
2015-11-04 00:00:00-05:00,29.65106073084007,29.667459985988614,27.7158693797085,28.18600082397461,5678000,0.0,0.0
2015-11-05 00:00:00-05:00,28.04934247532553,28.21880705249931,27.114545054377025,27.26761245727539,8398300,0.0,0.0
2015-11-06 00:00:00-05:00,27.05440628882393,28.50853266100809,26.857606885987913,28.470266342163086,3944700,0.0,0.0
2015-11-09 00:00:00-05:00,28.399202350796774,28.410135883786136,27.480806433272097,28.24066925048828,2399300,0.0,0.0
2015-11-10 00:00:00-05:00,28.054802810150882,28.142268986992143,27.18560676544666,27.24027442932129,4165600,0.0,0.0
2015-11-11 00:00:00-05:00,27.305872298829076,27.305872298829076,26.081343793380906,26.786540985107422,3384400,0.0,0.0
2015-11-12 00:00:00-05:00,26.332815046383395,27.20201125841088,26.108682794746546,26.316415786743164,6345100,0.0,0.0
2015-11-13 00:00:00-05:00,26.239882027725308,26.45308073554322,25.605751628802953,26.05401611328125,3366400,0.0,0.0
2015-11-16 00:00:00-05:00,26.004815741393678,27.273076514381607,26.004815741393678,26.999744415283203,4510200,0.0,0.0
2015-11-17 00:00:00-05:00,27.01067360004863,27.218406545813213,26.65534109429538,27.043474197387695,3150100,0.0,0.0
2015-11-18 00:00:00-05:00,27.316808862964333,28.339070262771536,27.300407520048388,28.251604080200195,5667200,0.0,0.0
2015-11-19 00:00:00-05:00,28.02747004330671,28.14226900949802,27.551872836686893,27.80880355834961,2832600,0.0,0.0
2015-11-20 00:00:00-05:00,27.808808985224264,27.961876388708518,27.130946503217416,27.88534164428711,4404600,0.0,0.0
2015-11-23 00:00:00-05:00,27.781470817434496,28.14773686757155,27.584671397702127,28.109468460083008,2277800,0.0,0.0
2015-11-24 00:00:00-05:00,28.224267031414016,29.350393701469756,28.136800862037276,29.022396087646484,2950500,0.0,0.0
2015-11-25 00:00:00-05:00,28.874799605888047,29.082532562253927,28.62333460286304,28.699867248535156,1614400,0.0,0.0
2015-11-27 00:00:00-05:00,28.470276283641393,28.940405805809043,28.32267667997437,28.85293960571289,981200,0.0,0.0
2015-11-30 00:00:00-05:00,29.00600600847833,30.170399365651967,28.86933994525863,29.558135986328125,3900300,0.0,0.0
2015-12-01 00:00:00-05:00,29.519747736366416,30.073619084158445,29.14684346761975,30.029747009277344,3262400,0.17,0.0
2015-12-02 00:00:00-05:00,29.766517365492263,30.29297174301085,29.218129045025947,29.530710220336914,4845300,0.0,0.0
2015-12-03 00:00:00-05:00,29.963938227929475,30.09555234850981,28.664258462400273,28.85619354248047,5601000,0.0,0.0
2015-12-04 00:00:00-05:00,28.4723212903846,28.9658716276415,28.022643023966303,28.85619354248047,3876900,0.0,0.0
2015-12-07 00:00:00-05:00,28.225543417975146,28.40102748764264,26.76134572751405,27.34263801574707,6474300,0.0,0.0
2015-12-08 00:00:00-05:00,26.87650871724186,28.066512374193167,26.602314576885878,27.073928833007812,3161300,0.0,0.0
2015-12-09 00:00:00-05:00,27.145221708512523,29.32232399778629,27.145221708512523,29.081031799316406,7452000,0.0,0.0
2015-12-10 00:00:00-05:00,28.932969955132055,29.333295312699114,28.159742424431673,28.34071159362793,7793900,0.0,0.0
2015-12-11 00:00:00-05:00,27.923930132444177,28.121350247380967,25.790700064143817,26.21295928955078,8541700,0.0,0.0
2015-12-14 00:00:00-05:00,24.803606732473348,25.867479460428918,23.580700868687646,25.653608322143555,12964200,0.0,0.0
2015-12-15 00:00:00-05:00,26.136189551404534,27.28780428814418,25.26425196206659,25.500059127807617,10745800,0.0,0.0
2015-12-16 00:00:00-05:00,25.467154814712288,25.741348996105582,24.496507161547758,24.545862197875977,8231400,0.0,0.0
2015-12-17 00:00:00-05:00,24.61167061372932,24.90231578020193,23.761669059224722,23.778120040893555,6107300,0.0,0.0
2015-12-18 00:00:00-05:00,23.712304961216468,24.40327312243407,23.460044817720846,24.085206985473633,9370900,0.0,0.0
2015-12-21 00:00:00-05:00,24.249732988545297,24.342958001925336,23.673923559793774,23.997472763061523,3074900,0.0,0.0
2015-12-22 00:00:00-05:00,24.183928819259375,24.902318412478817,24.090703790700918,24.77070426940918,2274000,0.0,0.0
2015-12-23 00:00:00-05:00,25.220379226605882,26.136186697607965,25.143603106195524,26.119735717773438,3402600,0.0,0.0
2015-12-24 00:00:00-05:00,26.147158048493623,26.651674352473734,25.807157839640258,26.16909408569336,1498000,0.0,0.0
2015-12-28 00:00:00-05:00,25.68651180800664,25.955223034711985,25.017477314853632,25.055864334106445,2338800,0.0,0.0
2015-12-29 00:00:00-05:00,25.724891831322708,25.796182887091177,25.116180560231722,25.494569778442383,1181700,0.0,0.0
2015-12-30 00:00:00-05:00,25.19844101910518,25.675538220580403,25.083279986324126,25.09424591064453,1481900,0.0,0.0
2015-12-31 00:00:00-05:00,24.88585961255516,25.445215884022584,24.852955564138778,25.30811882019043,1341200,0.0,0.0
2016-01-04 00:00:00-05:00,25.14361125485517,26.01006606715841,24.984580183732625,25.91135597229004,2987400,0.0,0.0
2016-01-05 00:00:00-05:00,25.878445020215153,26.25683431378126,24.984573531907795,25.181991577148438,2560500,0.0,0.0
2016-01-06 00:00:00-05:00,24.39230828481799,24.95166453195108,23.88230706219473,23.93714714050293,4854900,0.0,0.0
2016-01-07 00:00:00-05:00,23.344893366078427,24.035863902188336,23.20779626992249,23.317474365234375,3202200,0.0,0.0
2016-01-08 00:00:00-05:00,23.5203740340488,23.586180044815432,22.69230861510131,22.801986694335938,1905000,0.0,0.0
2016-01-11 00:00:00-05:00,22.83489429334899,23.180379596086162,22.357796936573962,22.76360321044922,4344300,0.0,0.0
2016-01-12 00:00:00-05:00,23.14199176653498,23.169410769176427,22.006827903305343,22.505861282348633,2517200,0.0,0.0
2016-01-13 00:00:00-05:00,22.922628190851132,23.136499271395166,21.19520647665575,21.52423858642578,4142400,0.0,0.0
2016-01-14 00:00:00-05:00,21.63391637023418,22.785530831277093,21.1787531293491,22.5771427154541,2356700,0.0,0.0
2016-01-15 00:00:00-05:00,21.650363129250604,22.056171266049624,21.3816541169362,21.875202178955078,2455800,0.0,0.0
2016-01-19 00:00:00-05:00,21.995851876455088,22.412626003915076,21.529720633498407,21.82036781311035,3032300,0.0,0.0
2016-01-20 00:00:00-05:00,21.38714658003275,21.573598710818153,20.608436093299122,21.321340560913086,3123800,0.0,0.0
2016-01-21 00:00:00-05:00,21.261013089226026,22.664887787790228,21.112948008007777,22.335853576660156,3398100,0.0,0.0
2016-01-22 00:00:00-05:00,23.317473061333473,23.55328022089033,22.297470388261598,23.05424690246582,2047900,0.0,0.0
2016-01-25 00:00:00-05:00,22.626497732720914,22.906176905007236,21.452947240533078,21.485851287841797,2800500,0.0,0.0
2016-01-26 00:00:00-05:00,22.100045859987944,22.259078953137458,21.60101264060527,21.919078826904297,2590600,0.0,0.0
2016-01-27 00:00:00-05:00,21.853267605600127,22.966497006485188,21.792946664490106,22.390689849853516,2722500,0.0,0.0
2016-01-28 00:00:00-05:00,23.032309124248286,23.739730549414695,22.791019019852904,23.646503448486328,2857400,0.0,0.0
2016-01-29 00:00:00-05:00,23.745215305776338,24.216829624845854,23.333924040346254,23.860376358032227,4162700,0.0,0.0
2016-02-01 00:00:00-05:00,23.339405737881084,23.93714904132858,23.065211600371867,23.739728927612305,2744300,0.0,0.0
2016-02-02 00:00:00-05:00,23.141980907482015,23.30649693806966,22.911656791111454,23.032302856445312,1739100,0.0,0.0
2016-02-03 00:00:00-05:00,23.42715568261977,24.381350431617104,23.010379281500047,24.353931427001953,2771700,0.0,0.0
2016-02-04 00:00:00-05:00,24.66651416863488,25.143611571890343,24.07973864837207,24.26070785522461,2297200,0.0,0.0
2016-02-05 00:00:00-05:00,23.99198854008766,24.72682895847862,23.388762236425325,24.59521484375,4157300,0.0,0.0
2016-02-08 00:00:00-05:00,23.651993890244512,23.90973503330002,23.15296049589975,23.481992721557617,6173600,0.0,0.0
2016-02-09 00:00:00-05:00,23.15844410171727,23.52586545275725,22.80747582677133,22.895217895507812,5533500,0.0,0.0
2016-02-10 00:00:00-05:00,22.89521735642296,23.207798599682725,22.604572152814796,22.76360321044922,3310000,0.0,0.0
2016-02-11 00:00:00-05:00,22.15488834827194,22.478437531745982,21.447466933092795,21.81488609313965,3393600,0.0,0.0
2016-02-12 00:00:00-05:00,22.154891441012726,22.368762575007302,21.606503059719696,21.88069725036621,4239400,0.0,0.0
2016-02-16 00:00:00-05:00,22.313916335848685,22.74166057796094,22.07810922948561,22.593595504760742,4099100,0.0,0.0
2016-02-17 00:00:00-05:00,22.933598421647154,23.54230976625141,22.74166335440047,23.3010196685791,2398200,0.0,0.0
2016-02-18 00:00:00-05:00,23.61359829137693,23.76166336673185,22.939081009383486,23.026823043823242,1830300,0.0,0.0
2016-02-19 00:00:00-05:00,23.10360211987671,23.16940813712778,22.648438778379212,23.109085083007812,2585900,0.0,0.0
2016-02-22 00:00:00-05:00,23.646496353071278,23.975530496991134,23.454561338069105,23.849401473999023,2629100,0.0,0.0
2016-02-23 00:00:00-05:00,23.84940796578144,23.97005196864993,23.2297286042009,23.3010196685791,3534300,0.0,0.0
2016-02-24 00:00:00-05:00,22.83488703523818,23.18585519036444,22.59359695157268,22.982952117919922,1873300,0.0,0.0
2016-02-25 00:00:00-05:00,22.93908955608602,24.008445345514016,22.758120365914582,23.71780014038086,3071600,0.0,0.0
2016-02-26 00:00:00-05:00,24.18392856779152,24.781672031309693,23.997476420677522,24.26618766784668,2425300,0.0,0.0
2016-02-29 00:00:00-05:00,24.315726639068767,24.51390813768972,23.247751129837475,23.600072860717773,3488400,0.17,0.0
2016-03-01 00:00:00-05:00,23.83128580621987,24.48087979858184,23.759719796890987,24.365272521972656,3002500,0.0,0.0
2016-03-02 00:00:00-05:00,24.348758059415168,25.05340153479402,23.721184701655478,24.99835205078125,3298600,0.0,0.0
2016-03-03 00:00:00-05:00,24.849717439497443,25.86814975587231,24.849717439497443,25.625926971435547,3166100,0.0,0.0
2016-03-04 00:00:00-05:00,25.691981671787055,26.121375567974916,25.06440840043893,25.433246612548828,3415600,0.0,0.0
2016-03-07 00:00:00-05:00,25.2020365433258,26.159913062667243,25.13597674544115,25.642440795898438,4999000,0.0,0.0
2016-03-08 00:00:00-05:00,25.460779715474676,25.576384913965693,24.15058116589897,24.249671936035156,3933700,0.0,0.0
2016-03-09 00:00:00-05:00,24.640524156018127,24.93779641031404,24.040475539014842,24.392799377441406,3295000,0.0,0.0
2016-03-10 00:00:00-05:00,24.332247749099114,24.557954031726357,23.451441155916946,23.963409423828125,2274400,0.0,0.0
2016-03-11 00:00:00-05:00,24.35977066080486,25.32315142140166,24.15608503085106,25.20754623413086,3679500,0.0,0.0
2016-03-14 00:00:00-04:00,24.734117932779018,25.003863422807186,23.88634219268286,24.156089782714844,4924500,0.0,0.0
2016-03-15 00:00:00-04:00,23.82577752884591,24.343251874437406,23.53951561639175,24.337745666503906,2138100,0.0,0.0
2016-03-16 00:00:00-04:00,24.5799679455104,25.32865050991758,24.39279677940786,25.268096923828125,4071800,0.0,0.0
2016-03-17 00:00:00-04:00,25.471791620663428,25.90118358465871,25.180025501538807,25.76906394958496,6545600,0.0,0.0
2016-03-18 00:00:00-04:00,26.027792901086244,26.132389862239044,25.658956732819426,26.115873336791992,5405200,0.0,0.0
2016-03-21 00:00:00-04:00,25.94522295103075,26.198453982930456,25.570880512568756,25.89567756652832,2501800,0.0,0.0
2016-03-22 00:00:00-04:00,25.620423556636073,25.96723911646776,25.422242036730317,25.55986785888672,2481400,0.0,0.0
2016-03-23 00:00:00-04:00,25.449761067240097,25.653446650299607,24.72860116505248,24.750621795654297,2057400,0.0,0.0
2016-03-24 00:00:00-04:00,24.37077700179636,24.690067766918816,24.090019192806256,24.59648323059082,2644300,0.0,0.0
2016-03-28 00:00:00-04:00,24.673554116047487,24.73410980615877,23.985425092061327,24.150575637817383,1845900,0.0,0.0
2016-03-29 00:00:00-04:00,23.85330918266907,23.908358673096185,23.302805878384106,23.517501831054688,2894100,0.0,0.0
2016-03-30 00:00:00-04:00,23.820282378643657,24.398310528852633,23.462454328512294,23.87533187866211,3782300,0.0,0.0
2016-03-31 00:00:00-04:00,23.847801271401664,24.244164294196104,23.776235258951935,24.128559112548828,2126500,0.0,0.0
2016-04-01 00:00:00-04:00,23.644115447998047,24.23315376847176,23.489973107124122,23.644115447998047,3035100,0.0,0.0
2016-04-04 00:00:00-04:00,23.0110354795467,23.440429443473477,22.15225175169964,22.829370498657227,7146100,0.0,0.0
2016-04-05 00:00:00-04:00,22.45502440497829,22.61467082541153,21.00720050588233,21.667804718017578,11392700,0.0,0.0
2016-04-06 00:00:00-04:00,21.469629515691114,23.80926862958053,21.34301400388105,23.57805824279785,14881000,0.0,0.0
2016-04-07 00:00:00-04:00,23.24225375610159,23.84780664401364,22.609174018735906,23.08260726928711,8520500,0.0,0.0
2016-04-08 00:00:00-04:00,23.759721551943077,24.15608458673097,23.341339981891803,23.732196807861328,5291400,0.0,0.0
2016-04-11 00:00:00-04:00,23.930376724458508,24.079012852561117,22.67522789825979,22.97800636291504,4467100,0.0,0.0
2016-04-12 00:00:00-04:00,22.98351232865204,23.214722702160206,22.21280688361804,22.697250366210938,6654800,0.0,0.0
2016-04-13 00:00:00-04:00,22.63669377447679,22.917451616939335,22.399977201421432,22.73578453063965,5481900,0.0,0.0
2016-04-14 00:00:00-04:00,22.862399751856163,24.15057746628793,22.6697244505536,23.77073097229004,8396700,0.0,0.0
2016-04-15 00:00:00-04:00,23.737700980214164,24.167094969051515,23.368864788524128,24.112043380737305,3492100,0.0,0.0
2016-04-18 00:00:00-04:00,23.627594987351173,25.22956122391494,23.51198982595057,25.157995223999023,3344700,0.0,0.0
2016-04-19 00:00:00-04:00,25.22406527054714,25.65345724459715,24.981844533904223,25.598407745361328,2918500,0.0,0.0
2016-04-20 00:00:00-04:00,25.532347622698893,25.967243701500074,25.113963873467586,25.873659133911133,7722900,0.0,0.0
2016-04-21 00:00:00-04:00,25.642449319832792,26.104870158744077,25.521337900115757,25.7030029296875,3469700,0.0,0.0
2016-04-22 00:00:00-04:00,25.934210263152394,26.51223829620859,25.15800071019044,25.55986785888672,4487800,0.0,0.0
2016-04-25 00:00:00-04:00,25.416731480683616,25.543349063414407,24.502896261863352,24.79466438293457,3519300,0.0,0.0
2016-04-26 00:00:00-04:00,24.95982171524968,25.218558959078962,24.63502465810359,25.21305274963379,2588000,0.0,0.0
2016-04-27 00:00:00-04:00,24.3487550416643,26.242485197040278,24.249664302719918,25.840618133544922,5430000,0.0,0.0
2016-04-28 00:00:00-04:00,25.515828561335013,26.48471560025722,25.515828561335013,26.347089767456055,5561600,0.0,0.0
2016-04-29 00:00:00-04:00,26.369098795051993,27.11227712497409,26.04430188864103,26.622329711914062,3650400,0.0,0.0
2016-05-02 00:00:00-04:00,27.216887896530086,27.943552231388626,25.284621847020748,26.093862533569336,13238100,0.0,0.0
2016-05-03 00:00:00-04:00,25.70299122433946,25.851627326301077,24.855217972414355,25.069913864135742,8688700,0.0,0.0
2016-05-04 00:00:00-04:00,25.047891447387315,25.34516363010421,24.299206883508933,24.491884231567383,4560800,0.0,0.0
2016-05-05 00:00:00-04:00,24.844217898479382,25.113963376191776,24.38179497954013,24.8001766204834,4238600,0.0,0.0
2016-05-06 00:00:00-04:00,24.546939920704816,25.47728965414144,24.497394544367765,25.257089614868164,4059300,0.0,0.0
2016-05-09 00:00:00-04:00,25.020372209447963,25.152491808571984,24.16709262342784,24.35976791381836,3671900,0.0,0.0
2016-05-10 00:00:00-04:00,24.513908783801153,24.921282108370583,24.293708746198753,24.899261474609375,3852500,0.0,0.0
2016-05-11 00:00:00-04:00,24.838705928322547,25.16350292820545,24.58547493858421,24.673555374145508,3133700,0.0,0.0
2016-05-12 00:00:00-04:00,24.943306879450155,25.1084574600461,24.679065530495926,25.031387329101562,3174500,0.0,0.0
2016-05-13 00:00:00-04:00,24.932294179783348,25.113959171089352,24.563455888338577,24.56896209716797,2895200,0.0,0.0
2016-05-16 00:00:00-04:00,24.93779672291755,25.47728965414144,24.783656485425933,25.257089614868164,3860000,0.0,0.0
2016-05-17 00:00:00-04:00,25.047897906146872,26.077338396926066,25.042393797641456,25.763551712036133,4436900,0.0,0.0
2016-05-18 00:00:00-04:00,25.675470251106713,25.917693015741825,25.06991753952526,25.295623779296875,3709400,0.0,0.0
2016-05-19 00:00:00-04:00,25.003856643253,25.246079417606285,24.541435928585617,24.904767990112305,2644400,0.0,0.0
2016-05-20 00:00:00-04:00,25.025877188545913,25.157998892270417,24.73411113865848,24.954313278198242,3556500,0.0,0.0
2016-05-23 00:00:00-04:00,24.822181024806937,25.03137275846088,24.601978978855175,24.712080001831055,4130600,0.0,0.0
2016-05-24 00:00:00-04:00,24.72309940228267,24.855221098421826,24.079011646112473,24.20012092590332,5833600,0.0,0.0
2016-05-25 00:00:00-04:00,24.392799441986583,25.229564622957806,24.38729323355734,25.075422286987305,3983300,0.0,0.0
2016-05-26 00:00:00-04:00,25.21305082552267,25.42774677742068,24.976334237531674,25.086435317993164,3704300,0.0,0.0
2016-05-27 00:00:00-04:00,25.00354650218616,25.462176101737004,24.964867151364587,25.440073013305664,2557900,0.17,0.0
2016-05-31 00:00:00-04:00,25.406918278596642,25.89317568280005,25.379290472101722,25.627944946289062,3733500,0.0,0.0
2016-06-01 00:00:00-04:00,25.241154837018307,25.937385408728684,24.99250030859782,25.600322723388672,3807700,0.0,0.0
2016-06-02 00:00:00-04:00,25.41244757447555,25.578216537422847,25.097483804648945,25.362716674804688,3252300,0.0,0.0
2016-06-03 00:00:00-04:00,25.35166501004244,25.782664733246865,25.285355738882746,25.550588607788086,3888000,0.0,0.0
2016-06-06 00:00:00-04:00,25.832400185234672,27.44588812620468,25.79372082417492,27.363004684448242,5040600,0.0,0.0
2016-06-07 00:00:00-04:00,27.434828189485597,27.60059711743705,27.003826447372287,27.020404815673828,4489100,0.0,0.0
2016-06-08 00:00:00-04:00,27.075670564560866,27.24143955460721,26.274451320158608,26.484426498413086,4417100,0.0,0.0
2016-06-09 00:00:00-04:00,26.296555304324848,26.47337584740809,26.05342758455218,26.274452209472656,2226100,0.0,0.0
2016-06-10 00:00:00-04:00,25.97053636189637,26.16393312995531,25.3461377698013,25.384817123413086,2383300,0.0,0.0
2016-06-13 00:00:00-04:00,25.196946828932166,25.860024820823398,25.09196030579723,25.141691207885742,2913100,0.0,0.0
2016-06-14 00:00:00-04:00,24.92619037642435,25.340613841939188,24.71069051161532,25.202472686767578,2953600,0.0,0.0
2016-06-15 00:00:00-04:00,25.18589179249314,25.672147051640053,25.064326923773233,25.412443161010742,3377500,0.0,0.0
2016-06-16 00:00:00-04:00,25.06432764508609,25.45664795905171,24.66648050536523,25.39034080505371,2382700,0.0,0.0
2016-06-17 00:00:00-04:00,25.633478425732992,25.97054326062971,25.45665787429,25.865556716918945,3116500,0.0,0.0
2016-06-20 00:00:00-04:00,26.186038428865093,26.39048675918286,25.335088361891785,25.346139907836914,2686000,0.0,0.0
2016-06-21 00:00:00-04:00,25.312994749455992,25.926339919026145,25.180378267361043,25.74951934814453,2913400,0.0,0.0
2016-06-22 00:00:00-04:00,25.926329881481802,25.9815876059061,25.417971463978233,25.451126098632812,1950400,0.0,0.0
2016-06-23 00:00:00-04:00,25.90975477889995,26.081050570489694,25.683203368277,26.064472198486328,2108000,0.0,0.0
2016-06-24 00:00:00-04:00,24.88750530926819,25.65004279312901,24.788043531744385,24.986967086791992,7761800,0.0,0.0
2016-06-27 00:00:00-04:00,24.627807862496248,24.76042431446906,23.064050898724275,23.24087142944336,4798100,0.0,0.0
2016-06-28 00:00:00-04:00,23.765804036115625,24.180227512578835,23.528203182180842,24.14154815673828,4046900,0.0,0.0
2016-06-29 00:00:00-04:00,24.439933854947895,24.970395405211253,24.412306044430043,24.926191329956055,3901900,0.0,0.0
2016-06-30 00:00:00-04:00,24.89302870959462,25.06984916964399,24.76041441849067,24.93723487854004,3315900,0.0,0.0
2016-07-01 00:00:00-04:00,25.036707467888032,25.41797635437146,24.98697656027132,25.32404136657715,2819400,0.0,0.0
2016-07-05 00:00:00-04:00,24.865413927568206,25.130644756518198,24.12497707296593,24.340476989746094,2011200,0.0,0.0
2016-07-06 00:00:00-04:00,24.158125215368774,24.445459063034704,23.85421299619646,24.42888069152832,1413100,0.0,0.0
2016-07-07 00:00:00-04:00,24.600181302993334,24.837784298476276,23.865269222111877,24.05866813659668,2783100,0.0,0.0
2016-07-08 00:00:00-04:00,24.44546039243808,24.694112792022562,23.854214293446436,24.14154815673828,3525300,0.0,0.0
2016-07-11 00:00:00-04:00,24.345999196381012,24.721743326370625,24.08076841777661,24.09181785583496,2510900,0.0,0.0
2016-07-12 00:00:00-04:00,24.351518326908025,25.368237132161838,24.33494206575778,25.318506240844727,3797500,0.0,0.0
2016-07-13 00:00:00-04:00,25.390348059263456,25.43455213860275,24.699642193167428,25.009077072143555,2782000,0.0,0.0
2016-07-14 00:00:00-04:00,25.318507682559492,25.699776465790414,25.19141808814918,25.517431259155273,2290500,0.0,0.0
2016-07-15 00:00:00-04:00,25.611365046563495,25.683199025453515,25.169313845444908,25.373762130737305,2172900,0.0,0.0
2016-07-18 00:00:00-04:00,25.20799787007935,25.937383014198193,25.14169070457767,25.893178939819336,2316500,0.0,0.0
2016-07-19 00:00:00-04:00,25.74398828886084,25.85450164541833,25.158268974613005,25.274309158325195,3325700,0.0,0.0
2016-07-20 00:00:00-04:00,25.230095051115867,25.423491783470897,25.009068407396153,25.257722854614258,2955800,0.0,0.0
2016-07-21 00:00:00-04:00,25.19694595867691,25.467703551333315,24.555971080489048,24.583600997924805,4037300,0.0,0.0
2016-07-22 00:00:00-04:00,24.53387490162091,24.84883662968816,24.213386345837577,24.616758346557617,2546100,0.0,0.0
2016-07-25 00:00:00-04:00,24.412309239579947,24.417833959259877,23.898423886795214,24.152603149414062,2136300,0.0,0.0
2016-07-26 00:00:00-04:00,23.992358554885083,24.8322571620743,23.810013297751684,24.743846893310547,2795300,0.0,0.0
2016-07-27 00:00:00-04:00,24.782527716540585,25.169323455656528,24.064193976963665,24.6057071685791,3287600,0.0,0.0
2016-07-28 00:00:00-04:00,25.07537758460378,25.793711012583664,24.893030287941396,25.445594787597656,6166000,0.0,0.0
2016-07-29 00:00:00-04:00,25.257730104236977,26.51205213545674,25.23562701194759,26.429168701171875,5623800,0.0,0.0
2016-08-01 00:00:00-04:00,26.147363120958758,26.35733831069757,25.196951101173052,25.279836654663086,4114000,0.0,0.0
2016-08-02 00:00:00-04:00,25.51191106925884,25.959489233021415,25.16379682753277,25.793720245361328,4012500,0.0,0.0
2016-08-03 00:00:00-04:00,25.710824173010273,26.147350611190156,25.655568569031175,26.0423641204834,3947400,0.0,0.0
2016-08-04 00:00:00-04:00,26.003556147072622,26.391752124445745,25.903734263876736,26.108924865722656,2932700,0.17,0.0
2016-08-05 00:00:00-04:00,26.26974169592942,26.31965262720214,25.95363983636801,26.097827911376953,3498700,0.0,0.0
2016-08-08 00:00:00-04:00,26.236472497010418,26.913040399356056,26.203197833420546,26.613576889038086,3974000,0.0,0.0
2016-08-09 00:00:00-04:00,26.757765141398917,26.785492972331873,26.430571659195053,26.535938262939453,2670300,0.0,0.0
2016-08-10 00:00:00-04:00,26.73003301263083,26.896402086976533,26.38065647565656,26.474933624267578,3242200,0.0,0.0
2016-08-11 00:00:00-04:00,26.569205406001494,26.985129098716293,26.47493038442484,26.957401275634766,2921600,0.0,0.0
2016-08-12 00:00:00-04:00,27.12377439899495,27.68943095981208,27.001769420535094,27.59515380859375,4727000,0.0,0.0
2016-08-15 00:00:00-04:00,27.728250575594434,28.205176823974277,27.606245596102575,28.083171844482422,2398900,0.0,0.0
2016-08-16 00:00:00-04:00,28.083169209984685,28.62109789764707,27.97225579498763,28.393726348876953,3525100,0.0,0.0
2016-08-17 00:00:00-04:00,28.28281237496187,28.432545164924296,28.00552990069754,28.127534866333008,4278500,0.0,0.0
2016-08-18 00:00:00-04:00,28.38817286138316,29.031467979002706,28.266170037427393,28.86509895324707,3585500,0.0,0.0
2016-08-19 00:00:00-04:00,28.77082575188147,29.297662796059626,28.75418736741466,29.225568771362305,3339000,0.0,0.0
2016-08-22 00:00:00-04:00,28.881746774110358,28.937202428984023,28.51018711686438,28.72646713256836,3720900,0.0,0.0
2016-08-23 00:00:00-04:00,28.78746483759883,28.915014515006934,28.648823607959944,28.759737014770508,2295800,0.0,0.0
2016-08-24 00:00:00-04:00,28.52682229104695,28.79301323207956,28.310542283676558,28.410364151000977,2861800,0.0,0.0
2016-08-25 00:00:00-04:00,28.432542866205637,28.74309997385278,28.28281008834883,28.643278121948242,2424600,0.0,0.0
2016-08-26 00:00:00-04:00,28.759744272991064,28.85956615276332,28.121993609501384,28.20517921447754,2613300,0.0,0.0
2016-08-29 00:00:00-04:00,28.08871078491211,28.249532985273092,27.84470089450765,28.08871078491211,2991400,0.0,0.0
2016-08-30 00:00:00-04:00,28.260630461518886,28.604462267269845,27.63397356640315,27.728248596191406,2883800,0.0,0.0
2016-08-31 00:00:00-04:00,27.728253877298435,27.80589264967521,27.096050027375693,27.24578285217285,3804300,0.0,0.0
2016-09-01 00:00:00-04:00,27.23468097185246,27.694968711657538,26.924123884582432,27.633968353271484,4523300,0.0,0.0
2016-09-02 00:00:00-04:00,27.916796416257323,28.110893279952645,27.550783676505322,27.606239318847656,2879300,0.0,0.0
2016-09-06 00:00:00-04:00,27.656151390516932,27.728245420950632,27.27350236528682,27.70606231689453,2597200,0.0,0.0
2016-09-07 00:00:00-04:00,27.628424318027463,27.761520830479032,27.02394846682545,27.67279052734375,5493200,0.0,0.0
2016-09-08 00:00:00-04:00,27.872436358727498,28.476912301795586,27.62288379763781,28.443639755249023,3202200,0.0,0.0
2016-09-09 00:00:00-04:00,28.060986126384577,28.22181047248438,27.245777073822087,27.25132179260254,3723700,0.0,0.0
2016-09-12 00:00:00-04:00,26.93521922382116,27.67833633513864,26.624662092875948,27.561878204345703,3942700,0.0,0.0
2016-09-13 00:00:00-04:00,27.15149641688817,27.15149641688817,26.62465935003103,26.807666778564453,3754300,0.0,0.0
2016-09-14 00:00:00-04:00,26.68011415070942,27.284589896425338,26.5359261110908,26.852027893066406,3200700,0.0,0.0
2016-09-15 00:00:00-04:00,26.974038678163144,27.500875800806423,26.785486511601253,27.27350425720215,3543300,0.0,0.0
2016-09-16 00:00:00-04:00,26.8520394518772,26.935225057888342,26.596940029506523,26.84095001220703,4977000,0.0,0.0
2016-09-19 00:00:00-04:00,27.223601583567852,27.367787582667777,26.885316524893458,26.896408081054688,2266800,0.0,0.0
2016-09-20 00:00:00-04:00,26.857581394240764,27.1404085952565,26.663484502906183,26.88530921936035,2263600,0.0,0.0
2016-09-21 00:00:00-04:00,27.17368467615773,27.894618744466484,26.996224047512424,27.833616256713867,3424600,0.0,0.0
2016-09-22 00:00:00-04:00,28.260633935367466,28.260633935367466,27.761526668583336,27.811437606811523,2320800,0.0,0.0
2016-09-23 00:00:00-04:00,27.439876185280102,27.850255219675514,27.17922995604933,27.306781768798828,3602900,0.0,0.0
2016-09-26 00:00:00-04:00,27.495329481748026,27.661698533031245,27.168136097508885,27.26241111755371,2944200,0.0,0.0
2016-09-27 00:00:00-04:00,26.80212805556962,26.807672774872767,26.36402118820394,26.652395248413086,3307300,0.0,0.0
2016-09-28 00:00:00-04:00,26.95739693430246,27.678330795806435,26.713387053287878,27.628419876098633,5496900,0.0,0.0
2016-09-29 00:00:00-04:00,27.761522108613192,28.310540223446512,27.511967458462866,27.84470558166504,5242400,0.0,0.0
2016-09-30 00:00:00-04:00,28.060989253274812,28.160811126425795,27.70052325844974,27.9888973236084,4441000,0.0,0.0
2016-10-03 00:00:00-04:00,27.861348571974247,27.938987339182543,27.517516723626457,27.744888305664062,2840400,0.0,0.0
2016-10-04 00:00:00-04:00,27.828067273705834,27.855795096027336,27.49532917485332,27.70606231689453,2361100,0.0,0.0
2016-10-05 00:00:00-04:00,27.988897625097255,28.659920800897662,27.850256368171667,28.404821395874023,4959700,0.0,0.0
2016-10-06 00:00:00-04:00,28.449181145982,29.18675353543396,28.404817050611264,28.998201370239258,3274000,0.0,0.0
2016-10-07 00:00:00-04:00,29.175669127318336,29.60822921172176,28.953842249651103,29.303218841552734,4719500,0.0,0.0
2016-10-10 00:00:00-04:00,29.541676398994667,30.20160795603225,29.480673913416048,29.586040496826172,4511200,0.0,0.0
2016-10-11 00:00:00-04:00,29.497312860645092,29.530587523659364,28.964930945402788,29.125755310058594,3813400,0.0,0.0
2016-10-12 00:00:00-04:00,28.98711115711934,29.192299603123384,28.80965053644058,28.948291778564453,3404300,0.0,0.0
2016-10-13 00:00:00-04:00,28.682105910287994,29.23112414132837,28.565645638569205,29.114665985107422,2594900,0.0,0.0
2016-10-14 00:00:00-04:00,29.25884391545517,29.314301676122508,28.482454305587805,28.698734283447266,3532900,0.0,0.0
2016-10-17 00:00:00-04:00,28.69319559092611,28.79301535009573,28.28281653779403,28.476913452148438,3183000,0.0,0.0
2016-10-18 00:00:00-04:00,28.831831183808653,29.0481111645956,28.53236561864336,28.615549087524414,3546900,0.0,0.0
2016-10-19 00:00:00-04:00,28.94274698252898,29.552769760134105,28.81519728465187,29.297670364379883,4814300,0.0,0.0
2016-10-20 00:00:00-04:00,29.08693040511599,29.292118832668955,28.854012039233822,28.976016998291016,2782000,0.0,0.0
2016-10-21 00:00:00-04:00,28.676548175980578,29.08138026671774,28.493542873687055,29.031469345092773,3138400,0.0,0.0
2016-10-24 00:00:00-04:00,29.070303003854587,29.103577673124807,28.66547071414159,28.92057228088379,3056100,0.0,0.0
2016-10-25 00:00:00-04:00,30.94472882807516,31.815395772174842,29.8799649660543,30.162792205810547,10501300,0.0,0.0
2016-10-26 00:00:00-04:00,30.08514237717089,30.678526582927866,29.929864899925164,30.367969512939453,5031500,0.0,0.0
2016-10-27 00:00:00-04:00,30.53434563958739,30.623075943279908,30.168332872418585,30.251516342163086,3358300,0.0,0.0
2016-10-28 00:00:00-04:00,31.9817651190951,32.93561767313776,31.416110635020893,32.785884857177734,14737200,0.0,0.0
2016-10-31 00:00:00-04:00,34.38303050559611,34.47176082228097,30.251520771743504,30.722902297973633,19920400,0.0,0.0
2016-11-01 00:00:00-04:00,30.800540115050993,30.850451048872547,29.741321066613576,30.689626693725586,9991300,0.0,0.0
2016-11-02 00:00:00-04:00,30.295881978997823,30.412340103736803,29.635948374482396,30.20160484313965,5250900,0.0,0.0
2016-11-03 00:00:00-04:00,30.22942201625072,30.71896790487987,30.12372550073423,30.713403701782227,4099800,0.17,0.0
2016-11-04 00:00:00-04:00,30.691151526075434,32.443502030820184,30.563202440775726,32.32667922973633,8452700,0.0,0.0
2016-11-07 00:00:00-05:00,32.47687544288285,33.033176827752484,32.365614741484656,32.66045379638672,4887500,0.0,0.0
2016-11-08 00:00:00-05:00,32.57701410101634,32.92748249116155,32.209855224110655,32.74390411376953,2917200,0.0,0.0
2016-11-09 00:00:00-05:00,32.40456642538814,33.47822862435961,32.15423029467317,32.82179260253906,3369900,0.0,0.0
2016-11-10 00:00:00-05:00,32.660459514789494,33.311333352549234,32.23210711878663,33.027618408203125,3865800,0.0,0.0
2016-11-11 00:00:00-05:00,32.827348126812694,33.022054910527835,32.28217295222928,32.621517181396484,2840500,0.0,0.0
2016-11-14 00:00:00-05:00,32.63821231794807,33.16113715550578,32.38787830742255,32.81623077392578,2880900,0.0,0.0
2016-11-15 00:00:00-05:00,33.133318795997695,34.13466109248771,32.960864563431905,33.945518493652344,4288100,0.0,0.0
2016-11-16 00:00:00-05:00,33.8509448743124,34.04008746611386,33.13887964499948,34.028961181640625,3900000,0.0,0.0
2016-11-17 00:00:00-05:00,34.00114247178217,34.37942761021786,33.85094083251022,34.06233596801758,2845300,0.0,0.0
2016-11-18 00:00:00-05:00,34.05677904504472,34.067905329874435,33.55610683831671,33.856510162353516,2996100,0.0,0.0
2016-11-21 00:00:00-05:00,34.40724344695806,34.71321093871668,34.19028622343585,34.50181579589844,1946900,0.0,0.0
2016-11-22 00:00:00-05:00,34.41281569765826,34.429504065794575,33.82869946954429,34.251487731933594,2473900,0.0,0.0
2016-11-23 00:00:00-05:00,33.99001995232632,34.59638865706849,33.96220530244529,34.490692138671875,2758300,0.0,0.0
2016-11-25 00:00:00-05:00,34.195855212246805,34.4239387512207,33.82313208926689,34.4239387512207,888700,0.0,0.0
2016-11-28 00:00:00-05:00,34.674278988328055,34.76884923964125,33.78419517451995,34.084598541259766,2415800,0.0,0.0
2016-11-29 00:00:00-05:00,33.422587990152905,33.95663680662063,33.21119287117225,33.64510726928711,2867100,0.0,0.0
2016-11-30 00:00:00-05:00,35.08593185686923,36.003830087102905,34.779966487498534,35.78687286376953,6397500,0.0,0.0
2016-12-01 00:00:00-05:00,36.10953462059297,36.19854065905429,35.447534436765636,35.60329818725586,3724100,0.0,0.0
2016-12-02 00:00:00-05:00,35.53097135206793,36.57681862324603,35.30845205576976,36.32648468017578,4626800,0.0,0.0
2016-12-05 00:00:00-05:00,36.63800988324385,37.23881640303431,36.354294985969005,36.888343811035156,4766500,0.0,0.0
2016-12-06 00:00:00-05:00,36.46556420843319,37.311140602084556,36.28198369891402,37.21100616455078,2387600,0.0,0.0
2016-12-07 00:00:00-05:00,36.93285282795125,37.18875098496298,36.47668580993152,36.79377746582031,2923700,0.0,0.0
2016-12-08 00:00:00-05:00,36.932854851045846,37.038553490213104,35.73124586341975,36.610198974609375,3481200,0.0,0.0
2016-12-09 00:00:00-05:00,36.88834525184065,37.055237373048605,36.510060122113174,36.8939094543457,2220000,0.0,0.0
2016-12-12 00:00:00-05:00,37.24437730762019,38.15671127082491,36.459994534828176,36.905033111572266,5644400,0.0,0.0
2016-12-13 00:00:00-05:00,36.98293221143305,37.878573882146156,36.65471206063928,36.84385681152344,2818300,0.0,0.0
2016-12-14 00:00:00-05:00,36.71589071887778,36.821589338195835,35.74236331345299,36.014949798583984,3555700,0.0,0.0
2016-12-15 00:00:00-05:00,35.820252532574465,36.62132803478961,35.66448879475342,36.35430145263672,4902500,0.0,0.0
2016-12-16 00:00:00-05:00,36.4766904375365,37.010739386562065,36.13734617134675,36.932857513427734,6142300,0.0,0.0
2016-12-19 00:00:00-05:00,36.77152553953451,37.016299539309436,36.33761108120135,36.565696716308594,2380200,0.0,0.0
2016-12-20 00:00:00-05:00,36.76596249328137,37.04411323114276,36.070585648627905,36.2430419921875,2209000,0.0,0.0
2016-12-21 00:00:00-05:00,36.49337748564585,36.66583383642195,36.026086263721574,36.09840393066406,2359500,0.0,0.0
2016-12-22 00:00:00-05:00,36.11509014456365,36.682520016510075,36.11509014456365,36.498939514160156,2688500,0.0,0.0
2016-12-23 00:00:00-05:00,36.29867519612526,36.42662641677432,36.00940026509472,36.12065887451172,1176600,0.0,0.0
2016-12-27 00:00:00-05:00,36.24304328073411,36.543446597613844,36.120656272644936,36.4655647277832,2224500,0.0,0.0
2016-12-28 00:00:00-05:00,36.4544390326098,36.56013768277488,35.80356725307976,35.99827194213867,2255500,0.0,0.0
2016-12-29 00:00:00-05:00,35.92595190026619,36.103968210554164,35.60886021493313,36.00383377075195,1461300,0.0,0.0
2016-12-30 00:00:00-05:00,35.95932569030548,36.359863416746535,35.93150891987469,36.142906188964844,1872700,0.0,0.0
2017-01-03 00:00:00-05:00,36.32092053417656,36.60463544921007,35.4364011838676,36.1762809753418,2710300,0.0,0.0
2017-01-04 00:00:00-05:00,35.647805850340674,36.41550049388244,35.647805850340674,36.02052688598633,2122600,0.0,0.0
2017-01-05 00:00:00-05:00,36.07058303596814,36.35986215916728,35.653356959396525,35.797996520996094,2028500,0.0,0.0
2017-01-06 00:00:00-05:00,35.697866048484066,36.003833569571036,35.30845669823119,35.5810432434082,2554500,0.0,0.0
2017-01-09 00:00:00-05:00,35.22501067623948,35.5699170107334,35.07480901715621,35.18050765991211,1836600,0.0,0.0
2017-01-10 00:00:00-05:00,35.32514059128296,35.39189616828506,34.64089009117726,34.702083587646484,3270000,0.0,0.0
2017-01-11 00:00:00-05:00,34.77997266821861,35.39746771951526,34.624208915503054,35.258392333984375,1857000,0.0,0.0
2017-01-12 00:00:00-05:00,35.39191630651619,35.49205079005727,34.71322962288774,34.7243537902832,1672600,0.0,0.0
2017-01-13 00:00:00-05:00,34.60751825860108,34.67983805292107,33.78419223490003,33.889888763427734,3107900,0.0,0.0
2017-01-17 00:00:00-05:00,34.18473010536904,34.485133446699635,33.990023292822784,34.43506622314453,2927700,0.0,0.0
2017-01-18 00:00:00-05:00,34.195856221922355,34.529636295892935,33.99558732869123,34.3460578918457,2468200,0.0,0.0
2017-01-19 00:00:00-05:00,34.23479918305553,34.807789122012835,34.23479918305553,34.46844482421875,1882500,0.0,0.0
2017-01-20 00:00:00-05:00,34.57969910056832,34.87453819897153,34.101279499454044,34.47956466674805,2144200,0.0,0.0
2017-01-23 00:00:00-05:00,34.15691706537458,34.284866171140145,33.52273149636144,34.16804122924805,2002600,0.0,0.0
2017-01-24 00:00:00-05:00,34.429497918833356,34.94685845991165,34.28486046919032,34.86897659301758,1668100,0.0,0.0
2017-01-25 00:00:00-05:00,34.69651736205431,35.43083503262847,34.69651736205431,35.380767822265625,3122600,0.0,0.0
2017-01-26 00:00:00-05:00,35.519849101149134,35.575480523130096,34.040087230403714,35.102622985839844,5783500,0.0,0.0
2017-01-27 00:00:00-05:00,35.04699393814435,35.314018399208926,34.83003669616198,35.09706115722656,2067400,0.0,0.0
2017-01-30 00:00:00-05:00,35.041426264952456,35.21944254392048,34.02339368011523,34.39055252075195,2790800,0.0,0.0
2017-01-31 00:00:00-05:00,34.440632963745124,35.1526983531888,34.22367567303164,35.09150695800781,2535900,0.0,0.0
2017-02-01 00:00:00-05:00,35.419717306411236,35.48091081409513,34.46288012028732,34.813350677490234,2909600,0.0,0.0
2017-02-02 00:00:00-05:00,34.91375405835159,34.975114247626564,34.59579864838336,34.81334686279297,2110300,0.17,0.0
2017-02-03 00:00:00-05:00,34.84682074119177,34.863554566454866,34.24995685724626,34.500972747802734,2569400,0.0,0.0
2017-02-06 00:00:00-05:00,34.60136672414098,34.62367990122788,34.227630583492896,34.406131744384766,1519600,0.0,0.0
2017-02-07 00:00:00-05:00,34.23321929151699,34.37267350321378,33.926420451364514,34.22764205932617,3022400,0.0,0.0
2017-02-08 00:00:00-05:00,34.02124958287346,34.32804841546036,33.81485582256208,34.1160774230957,4015600,0.0,0.0
2017-02-09 00:00:00-05:00,34.49539153483409,34.81334694555824,34.054715745268254,34.06029510498047,2300500,0.0,0.0
2017-02-10 00:00:00-05:00,35.03090467261404,35.1926721017578,34.01567797535082,34.11050796508789,3130700,0.0,0.0
2017-02-13 00:00:00-05:00,34.15512294106559,34.18859271563212,33.697713328167616,34.06029510498047,4155400,0.0,0.0
2017-02-14 00:00:00-05:00,34.17742751930591,34.361505913321025,33.65308061719123,34.30572509765625,1939500,0.0,0.0
2017-02-15 00:00:00-05:00,34.12164457573942,34.41728885688751,34.01008294440988,34.30572509765625,2247500,0.0,0.0
2017-02-16 00:00:00-05:00,34.30573420673278,34.45634500250085,33.98219943184529,34.138389587402344,1949200,0.0,0.0
2017-02-17 00:00:00-05:00,33.90969173492759,34.07703638859148,33.68656411144059,33.8929557800293,1680200,0.0,0.0
2017-02-21 00:00:00-05:00,34.188591790544166,34.21648220464382,33.720025598802664,33.77580642700195,1686600,0.0,0.0
2017-02-22 00:00:00-05:00,33.731182190022956,33.859479797203086,33.580571400402235,33.77580642700195,2161200,0.0,0.0
2017-02-23 00:00:00-05:00,34.021247716334145,34.1383887341474,33.36302371923744,33.452274322509766,2114500,0.0,0.0
2017-02-24 00:00:00-05:00,33.201256737542856,33.574992978298134,33.15105313960087,33.357444763183594,2730100,0.0,0.0
2017-02-27 00:00:00-05:00,33.39649230068288,33.90968487979564,33.31282105471715,33.608463287353516,2265700,0.0,0.0
2017-02-28 00:00:00-05:00,33.48574415454818,33.80369958245395,33.3407127127272,33.62519836425781,2913300,0.0,0.0
2017-03-01 00:00:00-05:00,33.98220693000757,34.71852724775442,33.88180183857679,34.48982238769531,1990900,0.0,0.0
2017-03-02 00:00:00-05:00,34.34477166790408,34.44517883717575,33.842735821545695,33.870628356933594,1757700,0.0,0.0
2017-03-03 00:00:00-05:00,33.87063898953439,33.93757641409447,33.40207276180913,33.407649993896484,1612200,0.0,0.0
2017-03-06 00:00:00-05:00,33.36302371923744,33.48574196879799,33.084115318023656,33.452274322509766,1805900,0.0,0.0
2017-03-07 00:00:00-05:00,33.54710240626536,33.59730600397217,33.017176014449575,33.139896392822266,1748600,0.0,0.0
2017-03-08 00:00:00-05:00,32.950239650686584,33.03949025748427,32.096780590189795,32.19160842895508,2703800,0.0,0.0
2017-03-09 00:00:00-05:00,31.9852184246914,32.1581424151044,31.58358960974633,32.0186882019043,3845700,0.0,0.0
2017-03-10 00:00:00-05:00,32.17487093685348,32.314325127069424,31.3604589766889,31.3939266204834,3277600,0.0,0.0
2017-03-13 00:00:00-04:00,31.51107146866952,31.72304031721916,31.321413674560453,31.617055892944336,1665100,0.0,0.0
2017-03-14 00:00:00-04:00,31.37162416389874,31.806720675671613,31.198700154600534,31.499921798706055,2040800,0.0,0.0
2017-03-15 00:00:00-04:00,31.74535539496664,32.41473600990045,31.51665058205367,32.19160842895508,2294000,0.0,0.0
2017-03-16 00:00:00-04:00,32.180457897578314,32.70480717317857,31.97406622947115,32.48725891113281,1974600,0.0,0.0
2017-03-17 00:00:00-04:00,32.60997957882344,33.323986747907995,32.53746490476165,32.872154235839844,3693900,0.0,0.0
2017-03-20 00:00:00-04:00,32.77173245540779,33.70886471968395,32.50398068388631,33.69770812988281,2763000,0.0,0.0
2017-03-21 00:00:00-04:00,33.680986316633785,33.85390820044441,33.463438057709006,33.597312927246094,2418400,0.0,0.0
2017-03-22 00:00:00-04:00,33.46343430742972,34.13839219611795,33.29051031509617,33.770233154296875,2892500,0.0,0.0
2017-03-23 00:00:00-04:00,33.60846679991455,33.64751381102665,32.92792952984225,33.00044631958008,2587000,0.0,0.0
2017-03-24 00:00:00-04:00,33.017178427397916,33.3574470447334,32.83309997428838,32.905616760253906,1562400,0.0,0.0
2017-03-27 00:00:00-04:00,32.52072699193048,32.643447398963175,32.24739788450661,32.39242935180664,1854600,0.0,0.0
2017-03-28 00:00:00-04:00,32.548612276796526,33.033914467349376,32.169296649374765,32.95024108886719,2862300,0.0,0.0
2017-03-29 00:00:00-04:00,32.94465997318392,33.870635747936625,32.78846982695547,33.48016357421875,1839600,0.0,0.0
2017-03-30 00:00:00-04:00,33.675398501202075,33.70328891469487,32.961393701856146,33.08411407470703,5912900,0.0,0.0
2017-03-31 00:00:00-04:00,33.151054528456875,33.680980944956296,33.08411710436398,33.36860275268555,2652700,0.0,0.0
2017-04-03 00:00:00-04:00,33.368594494368146,33.49689207875343,33.23471967931473,33.296077728271484,1908900,0.0,0.0
2017-04-04 00:00:00-04:00,33.301666772823076,33.61404285073865,32.94466432497532,33.55268478393555,1831100,0.0,0.0
2017-04-05 00:00:00-04:00,33.826010717354464,34.48981407721329,33.53594572338374,33.669822692871094,1951700,0.0,0.0
2017-04-06 00:00:00-04:00,33.85390439734892,34.08818858457372,33.73676336768774,33.99335861206055,1403300,0.0,0.0
2017-04-07 00:00:00-04:00,34.03797868114317,34.5846388462682,33.81485112774836,34.18301010131836,1168800,0.0,0.0
2017-04-10 00:00:00-04:00,34.3001523997273,34.69620177582623,34.23321285860202,34.42287063598633,1383100,0.0,0.0
2017-04-11 00:00:00-04:00,34.478668323664245,34.478668323664245,33.759083908270426,33.95431900024414,1348800,0.0,0.0
2017-04-12 00:00:00-04:00,33.8817999472502,34.27784944145628,33.580578306064176,33.65867233276367,1757100,0.0,0.0
2017-04-13 00:00:00-04:00,33.58058258970855,33.74235002445171,33.078546457023876,33.16779708862305,1482300,0.0,0.0
2017-04-17 00:00:00-04:00,33.167783706169246,33.30166066350312,32.97812592455578,33.25703430175781,2120200,0.0,0.0
2017-04-18 00:00:00-04:00,32.99486580826766,33.72002724987636,32.96139603296795,33.474586486816406,2517000,0.0,0.0
2017-04-19 00:00:00-04:00,33.41880517828083,33.547102789909374,33.089693173528545,33.17336654663086,2940700,0.0,0.0
2017-04-20 00:00:00-04:00,33.296082229073455,33.457849603039925,33.117581032938766,33.19009780883789,1945000,0.0,0.0
2017-04-21 00:00:00-04:00,32.88887427927362,33.25145600922479,32.174869537353516,32.174869537353516,3399300,0.0,0.0
2017-04-24 00:00:00-04:00,32.470516876712644,32.88330226354253,32.27528183909856,32.71595764160156,3070100,0.0,0.0
2017-04-25 00:00:00-04:00,31.68957443615414,33.20683474560897,31.287945643229648,33.072959899902344,4597400,0.0,0.0
2017-04-26 00:00:00-04:00,32.565355857304354,33.36303430817949,32.41474501749895,33.16779708862305,3784300,0.0,0.0
2017-04-27 00:00:00-04:00,32.81636734679421,33.28493147285598,32.50398913485055,33.27377700805664,3989100,0.0,0.0
2017-04-28 00:00:00-04:00,33.47458665523283,33.52479025448383,33.00044320623073,33.117584228515625,3082500,0.0,0.0
2017-05-01 00:00:00-04:00,33.11757794855621,33.43553330755246,32.994859717581704,33.30723571777344,2191100,0.0,0.0
2017-05-02 00:00:00-04:00,33.34628989001302,33.446697091071066,33.061804238950145,33.229148864746094,2578400,0.0,0.0
2017-05-03 00:00:00-04:00,33.067369225134335,33.35185689874458,32.570912763702566,32.93907165527344,3066600,0.0,0.0
2017-05-04 00:00:00-04:00,32.69852702739561,32.74887557116725,31.8314151149249,32.116722106933594,3235300,0.17,0.0
2017-05-05 00:00:00-04:00,32.21742556985346,33.269149728956904,32.11113512710034,33.19083023071289,3052900,0.0,0.0
2017-05-08 00:00:00-04:00,33.08452913571533,33.431373453228865,32.8551640353207,33.27473449707031,1925500,0.0,0.0
2017-05-09 00:00:00-04:00,33.174043597662646,33.24117428651989,32.76566186154136,32.78244400024414,1936800,0.0,0.0
2017-05-10 00:00:00-04:00,33.09572236826263,33.839761777718316,32.894328178213094,33.604801177978516,2343100,0.0,0.0
2017-05-11 00:00:00-04:00,33.82857715532418,33.99640495642512,33.15166834754461,33.19083023071289,1804100,0.0,0.0
2017-05-12 00:00:00-04:00,33.09013155840313,33.2915236297726,32.17826429901392,32.59223937988281,4096300,0.0,0.0
2017-05-15 00:00:00-04:00,33.26914672464809,33.31949527383636,32.446787799254984,32.4523811340332,2222800,0.0,0.0
2017-05-16 00:00:00-04:00,32.6817405528065,32.6817405528065,32.13909754435755,32.16706848144531,2879200,0.0,0.0
2017-05-17 00:00:00-04:00,32.16707035502656,32.50272588772155,31.90973430435735,32.12791061401367,3420300,0.0,0.0
2017-05-18 00:00:00-04:00,31.909738272939133,32.480354456724235,31.909738272939133,31.960086822509766,2080000,0.0,0.0
2017-05-19 00:00:00-04:00,32.12791422851838,32.62021091469588,32.03281046532626,32.569862365722656,2620700,0.0,0.0
2017-05-22 00:00:00-04:00,32.76565837888107,32.78244051580008,32.116722764780015,32.44678497314453,1868600,0.0,0.0
2017-05-23 00:00:00-04:00,32.36286978785672,32.50832208692904,32.04399638441201,32.26217269897461,1269800,0.0,0.0
2017-05-24 00:00:00-04:00,32.34050039342061,32.530705804375884,31.79785510515633,31.848203659057617,2024300,0.0,0.0
2017-05-25 00:00:00-04:00,31.775470221203143,31.93211131639378,30.63423801674439,30.678993225097656,4413700,0.0,0.0
2017-05-26 00:00:00-04:00,30.712563783223334,31.126538846225063,30.628648823239864,31.020248413085938,2353600,0.0,0.0
2017-05-30 00:00:00-04:00,30.863606754190723,31.13213376779916,30.55592212973669,30.80766487121582,2319000,0.0,0.0
2017-05-31 00:00:00-04:00,30.40487907610808,31.003466237947535,30.326559579650016,30.8524227142334,3906100,0.0,0.0
2017-06-01 00:00:00-04:00,30.852417780048068,31.06499862670898,30.388092076668208,31.064998626708984,2748800,0.0,0.0
2017-06-02 00:00:00-04:00,30.77409428565069,30.84682043088759,30.348930484206907,30.740530014038086,2309900,0.0,0.0
2017-06-05 00:00:00-04:00,30.69017684839036,30.891570983904337,30.595073113710793,30.617450714111328,1577000,0.0,0.0
2017-06-06 00:00:00-04:00,30.539141487891595,31.165699570901506,30.393691304603028,31.104162216186523,3228800,0.0,0.0
2017-06-07 00:00:00-04:00,31.042619823587323,31.115343831406744,29.884603423589578,30.365711212158203,4172000,0.0,0.0
2017-06-08 00:00:00-04:00,30.365716045998877,30.60067664402511,30.1251621134214,30.399282455444336,2626400,0.0,0.0
2017-06-09 00:00:00-04:00,30.444033955464054,31.21045092605159,30.36571447153152,31.064998626708984,3154700,0.0,0.0
2017-06-12 00:00:00-04:00,31.423039472106343,31.56849180708824,31.126543600557223,31.41744613647461,3176700,0.0,0.0
2017-06-13 00:00:00-04:00,31.344714424990954,31.926519393920902,31.10416048849196,31.9265193939209,2917300,0.0,0.0
2017-06-14 00:00:00-04:00,31.758691114681334,31.764284449236165,30.953116493887723,31.389469146728516,3816600,0.0,0.0
2017-06-15 00:00:00-04:00,31.13213693678053,31.674780085820757,31.13213693678053,31.5069522857666,2633300,0.0,0.0
2017-06-16 00:00:00-04:00,31.652401954411776,32.18385625430758,31.24961356084806,32.04959487915039,3687700,0.0,0.0
2017-06-19 00:00:00-04:00,32.02721201345661,32.02721201345661,31.5349154059353,31.63561248779297,1794700,0.0,0.0
2017-06-20 00:00:00-04:00,31.193674987673944,31.423040166478664,30.930745526244337,31.031442642211914,4323000,0.0,0.0
2017-06-21 00:00:00-04:00,30.969902380575274,31.031439738357648,30.438445903600353,30.684593200683594,3700100,0.0,0.0
2017-06-22 00:00:00-04:00,30.64542727302865,30.807661704645025,30.29298960522927,30.499977111816406,6118800,0.0,0.0
2017-06-23 00:00:00-04:00,30.427251319754706,30.634238828760658,29.968521092203222,30.203481674194336,6400100,0.0,0.0
2017-06-26 00:00:00-04:00,30.337747978586954,30.44963388662309,30.030063332022234,30.04125213623047,1978800,0.0,0.0
2017-06-27 00:00:00-04:00,30.08599732362762,30.242638407389776,29.82866129650887,29.856632232666016,2195700,0.0,0.0
2017-06-28 00:00:00-04:00,29.974120373313784,30.24823859745281,29.851045665469908,29.929365158081055,1995400,0.0,0.0
2017-06-29 00:00:00-04:00,30.03005622154124,30.444031208994378,29.767124720019865,29.940547943115234,3293700,0.0,0.0
2017-06-30 00:00:00-04:00,30.242646049897246,30.723751821897256,30.058033983325313,30.494386672973633,5106100,0.0,0.0
2017-07-03 00:00:00-04:00,30.768507068499076,32.29574361781358,30.527953115239846,32.26777267456055,4124500,0.0,0.0
2017-07-05 00:00:00-04:00,32.765680179165926,32.78174215501827,29.914745330810547,29.914745330810547,5883300,17.5,0.0
2017-07-06 00:00:00-04:00,30.589338118957375,30.589338118957375,29.328501906847908,29.722009658813477,5133800,0.0,0.0
2017-07-07 00:00:00-04:00,30.62948081364609,30.990867545558856,29.007258310899502,30.444772720336914,6086000,0.0,0.0
2017-07-10 00:00:00-04:00,30.219907300870467,30.653568259324462,29.553349297095163,29.89867401123047,4721500,0.0,0.0
2017-07-11 00:00:00-04:00,29.96292763863361,30.340373303285347,29.625632313499317,29.99504852294922,2796200,0.0,0.0
2017-07-12 00:00:00-04:00,30.332347510492326,30.5090261813481,29.91474532888418,30.0111141204834,3268800,0.0,0.0
2017-07-13 00:00:00-04:00,30.07535535417664,30.235972013561682,29.465012661215088,29.58547592163086,4086800,0.0,0.0
2017-07-14 00:00:00-04:00,29.713971638260876,30.107482340332837,29.641694287411262,29.99504852294922,2874700,0.0,0.0
2017-07-17 00:00:00-04:00,30.284162620759155,30.814195587981754,30.227947235107422,30.227947235107422,3926100,0.0,0.0
2017-07-18 00:00:00-04:00,30.13157684757825,30.34037640274718,29.497142599032184,29.51320457458496,3279000,0.0,0.0
2017-07-19 00:00:00-04:00,29.384704483509637,29.78624458136382,29.19999640611765,29.34455108642578,4235200,0.0,0.0
2017-07-20 00:00:00-04:00,29.38471248161363,29.63366851290836,27.99538373250341,28.083723068237305,6623500,0.0,0.0
2017-07-21 00:00:00-04:00,27.890979652957345,28.011442928550345,26.8550052860843,27.401100158691406,7851700,0.0,0.0
2017-07-24 00:00:00-04:00,27.513525973548496,27.67414262432065,27.20835770694,27.593835830688477,2850900,0.0,0.0
2017-07-25 00:00:00-04:00,27.95522993870624,28.33267564503047,27.92310598733565,28.308584213256836,2979800,0.0,0.0
2017-07-26 00:00:00-04:00,28.573598426387203,29.055445378992406,28.284489029420797,28.9510440826416,3826000,0.0,0.0
2017-07-27 00:00:00-04:00,28.88680068086472,29.746096395739013,28.66996862241396,29.039384841918945,4730100,0.0,0.0
2017-07-28 00:00:00-04:00,27.98734655942971,30.115510528873354,27.489437643134618,29.79427719116211,4263800,0.0,0.0
2017-07-31 00:00:00-04:00,29.826407165209183,29.850498598178273,29.25622078587635,29.62563705444336,3318800,0.0,0.0
2017-08-01 00:00:00-04:00,29.569416739895953,29.57744925855264,28.437073626455376,28.669967651367188,2955200,0.0,0.0
2017-08-02 00:00:00-04:00,28.396921831855725,28.549505996383015,28.13190384432532,28.38888931274414,3405700,0.0,0.0
2017-08-03 00:00:00-04:00,28.316614996266928,28.517385106478294,28.164030815369447,28.35677146911621,3200200,0.0,0.0
2017-08-04 00:00:00-04:00,28.445095099396493,28.541466915183527,28.155988842557594,28.292510986328125,3115500,0.0,0.0
2017-08-07 00:00:00-04:00,28.188118526283716,28.324643776225066,27.62596474272627,27.754457473754883,2058600,0.0,0.0
2017-08-08 00:00:00-04:00,27.907037671829247,28.485256411107667,27.818698357383052,28.059621810913086,2155700,0.0,0.0
2017-08-09 00:00:00-04:00,28.075766147702698,28.479269530986198,28.051553851334866,28.261377334594727,2267000,0.17,0.0
2017-08-10 00:00:00-04:00,28.253309659705774,28.47927368064009,27.898227738933212,28.00313949584961,1984500,0.0,0.0
2017-08-11 00:00:00-04:00,27.84980542254395,28.15646889174397,27.66419421390593,27.672266006469727,1193200,0.0,0.0
2017-08-14 00:00:00-04:00,27.84980007743621,27.874012371993754,27.55120845810756,27.648048400878906,1933500,0.0,0.0
2017-08-15 00:00:00-04:00,27.46244387216434,27.77717607118265,27.46244387216434,27.68840789794922,2158600,0.0,0.0
2017-08-16 00:00:00-04:00,27.736814216665632,27.8497946409252,27.24453972940407,27.30103302001953,1383400,0.0,0.0
2017-08-17 00:00:00-04:00,27.26876000154417,27.510861421325167,26.42947220638257,26.46982192993164,2230700,0.0,0.0
2017-08-18 00:00:00-04:00,26.421406547202068,26.736138737146923,26.171233306700987,26.445615768432617,3248500,0.0,0.0
2017-08-21 00:00:00-04:00,26.445613331698382,26.623155813661885,26.195440114248598,26.26000213623047,2354700,0.0,0.0
2017-08-22 00:00:00-04:00,26.324559882441733,26.590873593274605,26.17122970493846,26.38105010986328,1874800,0.0,0.0
2017-08-23 00:00:00-04:00,26.235789854528598,26.82490753076436,26.235789854528598,26.66350555419922,1580000,0.0,0.0
2017-08-24 00:00:00-04:00,26.703857957205027,26.703857957205027,26.26000478599592,26.485965728759766,1787200,0.0,0.0
2017-08-25 00:00:00-04:00,26.53438312012342,26.962095717636032,26.52631132857423,26.84104347229004,2037100,0.0,0.0
2017-08-28 00:00:00-04:00,26.849117801059037,26.954029551707208,26.48596410918981,26.832977294921875,2518100,0.0,0.0
2017-08-29 00:00:00-04:00,26.71191755567884,27.284894588343903,26.71191755567884,27.236473083496094,2253000,0.0,0.0
2017-08-30 00:00:00-04:00,27.11542591283592,27.22033765364398,26.82490606507638,27.042795181274414,1637300,0.0,0.0
2017-08-31 00:00:00-04:00,27.430157501113666,27.72067731038303,27.0024418814799,27.357526779174805,3648400,0.0,0.0
2017-09-01 00:00:00-04:00,27.414021544888623,27.79331264148222,27.220338561436495,27.68033218383789,1724400,0.0,0.0
2017-09-05 00:00:00-04:00,28.10805071988309,28.608394116596674,27.833668261333013,28.221031188964844,4386800,0.0,0.0
2017-09-06 00:00:00-04:00,28.55996624304208,28.842420431401397,28.019273238860364,28.03541374206543,3353300,0.0,0.0
2017-09-07 00:00:00-04:00,28.0596299634117,28.446992901589375,27.672267025234028,28.043489456176758,2086000,0.0,0.0
2017-09-08 00:00:00-04:00,28.059626310735442,28.229096996910933,27.4866522316736,27.777172088623047,3019000,0.0,0.0
2017-09-11 00:00:00-04:00,27.857878709603646,28.729444565551688,27.736826442547542,28.632604598999023,2849500,0.0,0.0
2017-09-12 00:00:00-04:00,28.55189436169355,29.37504146287307,28.438913930284063,29.019956588745117,3548600,0.0,0.0
2017-09-13 00:00:00-04:00,29.00382756776143,29.641363772765644,28.97154963064365,29.124879837036133,4303400,0.0,0.0
2017-09-14 00:00:00-04:00,29.334701119991585,29.972237343219028,29.21365192574392,29.35891342163086,4785700,0.0,0.0
2017-09-15 00:00:00-04:00,29.35083353943789,29.786617907000583,29.35083353943789,29.778549194335938,8293100,0.0,0.0
2017-09-18 00:00:00-04:00,29.786609569315935,30.254674813491913,29.681697863123823,30.149763107299805,3251900,0.0,0.0
2017-09-19 00:00:00-04:00,30.109421776221943,30.222402224256875,29.90767009659204,30.173980712890625,2961500,0.0,0.0
2017-09-20 00:00:00-04:00,30.303100344080594,30.408012074892174,30.052930242473376,30.26275062561035,2254100,0.0,0.0
2017-09-21 00:00:00-04:00,29.996440492420398,30.069071225656938,29.350835685032553,29.520309448242188,2626500,0.0,0.0
2017-09-22 00:00:00-04:00,29.47995511153445,29.649428865919848,29.278203427325238,29.59293556213379,3605800,0.0,0.0
2017-09-25 00:00:00-04:00,29.738187047196284,30.746945129916448,29.56064771800758,30.27888298034668,4737000,0.0,0.0
2017-09-26 00:00:00-04:00,30.133632401780428,30.133632401780428,29.584867561246668,29.891530990600586,2629100,0.0,0.0
2017-09-27 00:00:00-04:00,29.939952670989936,30.020655202455018,29.60907998820009,29.802762985229492,2168600,0.0,0.0
2017-09-28 00:00:00-04:00,29.9560879101425,30.05293093087282,29.504166127346053,29.88345718383789,2129600,0.0,0.0
2017-09-29 00:00:00-04:00,29.697852809712305,29.899604531352317,29.31048987358192,29.55259132385254,3251200,0.0,0.0
2017-10-02 00:00:00-04:00,29.01996192142504,29.786618947779964,28.98768091266587,29.74626922607422,1908600,0.0,0.0
2017-10-03 00:00:00-04:00,29.730128308208975,29.939948705252544,29.366974660935117,29.59293556213379,2465800,0.0,0.0
2017-10-04 00:00:00-04:00,29.657498446999398,29.931880868696133,29.47995597458196,29.62521743774414,1970200,0.0,0.0
2017-10-05 00:00:00-04:00,29.73013633857703,29.794695294148987,29.42347283377036,29.439613342285156,1909800,0.0,0.0
2017-10-06 00:00:00-04:00,29.181371588994445,29.625224801883103,29.084531615642994,29.479963302612305,1827900,0.0,0.0
2017-10-09 00:00:00-04:00,29.528381370624242,29.592940319135977,28.890845207203814,28.923126220703125,3165100,0.0,0.0
2017-10-10 00:00:00-04:00,29.100668799155947,29.237858489187538,28.18067838273259,28.221031188964844,4350100,0.0,0.0
2017-10-11 00:00:00-04:00,28.091904623367206,28.164535350251562,27.6238392548933,27.752960205078125,4578200,0.0,0.0
2017-10-12 00:00:00-04:00,27.55120730903836,27.68032825351038,27.26068441435478,27.37366485595703,4677500,0.0,0.0
2017-10-13 00:00:00-04:00,27.64805724953067,27.92243974060309,27.204204034748386,27.22034454345703,2854900,0.0,0.0
2017-10-16 00:00:00-04:00,27.47051319755857,27.623843386810897,27.147709234569025,27.196130752563477,2896300,0.0,0.0
2017-10-17 00:00:00-04:00,27.147704631238668,27.494717755140407,26.873322232769528,27.268756866455078,4636800,0.0,0.0
2017-10-18 00:00:00-04:00,27.309113595375198,27.648055015406488,27.236482851298923,27.276832580566406,2631400,0.0,0.0
2017-10-19 00:00:00-04:00,27.075074395171466,27.3494567985999,26.671571041805315,26.752273559570312,4702300,0.0,0.0
2017-10-20 00:00:00-04:00,25.832285022695025,26.97823622224793,25.372292955201857,26.84104347229004,7152600,0.0,0.0
2017-10-23 00:00:00-04:00,26.71192385556184,26.841044820456,25.340013218750546,25.396503448486328,5767300,0.0,0.0
2017-10-24 00:00:00-04:00,25.46913337731583,25.549834362630595,24.718616830602095,24.767038345336914,4213800,0.0,0.0
2017-10-25 00:00:00-04:00,24.775108237860856,24.904229196791302,24.21020288810771,24.266693115234375,4849000,0.0,0.0
2017-10-26 00:00:00-04:00,24.30704660264109,24.484587552616468,23.992312889591183,24.161785125732422,2599000,0.0,0.0
2017-10-27 00:00:00-04:00,24.040736419675664,25.26738574447546,23.903545184364983,25.259315490722656,4641700,0.0,0.0
2017-10-30 00:00:00-04:00,25.16247150283778,25.638605623455422,25.08984076991351,25.420713424682617,4545500,0.0,0.0
2017-10-31 00:00:00-04:00,25.251239225259962,25.444920639679644,25.057556271597228,25.364219665527344,3144700,0.0,0.0
2017-11-01 00:00:00-04:00,25.62246597358948,26.098600110096434,25.469134250160973,25.703166961669922,3127200,0.0,0.0
2017-11-02 00:00:00-04:00,25.65474531906731,25.961405667529945,25.097910230628468,25.24317169189453,3900500,0.0,0.0
2017-11-03 00:00:00-04:00,25.088952165516726,25.53537418485679,25.04025194751556,25.30810546875,4539100,0.18,0.0
2017-11-06 00:00:00-05:00,25.608424000090444,27.580800533849384,25.600308587624422,27.5320987701416,8134500,0.0,0.0
2017-11-07 00:00:00-05:00,27.62949842745464,27.661966265378677,27.036974318706424,27.11002540588379,4451300,0.0,0.0
2017-11-08 00:00:00-05:00,26.98016120329945,27.369766028001838,26.61490571254599,26.655488967895508,3370200,0.0,0.0
2017-11-09 00:00:00-05:00,26.53373730069326,26.744775192102708,26.12789853631023,26.574323654174805,4218700,0.0,0.0
2017-11-10 00:00:00-05:00,26.50126934747941,26.89898955454137,26.298349989830424,26.74477195739746,2512600,0.0,0.0
2017-11-13 00:00:00-05:00,26.57432457337739,26.61490783195865,25.84381353369802,25.876279830932617,3665000,0.0,0.0
2017-11-14 00:00:00-05:00,25.535376936607047,25.77076418725725,24.30974510456338,24.764284133911133,6311900,0.0,0.0
2017-11-15 00:00:00-05:00,24.22857364777656,25.024017225010148,24.041888194616998,24.837331771850586,4733200,0.0,0.0
2017-11-16 00:00:00-05:00,24.84545080903942,25.28375588996441,24.43961202573934,24.472078323364258,3926900,0.0,0.0
2017-11-17 00:00:00-05:00,24.512658972084072,25.178234216078955,24.480191131815133,25.08894920349121,2690600,0.0,0.0
2017-11-20 00:00:00-05:00,25.097069057379333,25.097069057379333,24.601945273250557,24.70746421813965,3927200,0.0,0.0
2017-11-21 00:00:00-05:00,24.79674898430801,25.15388754628717,24.79674898430801,24.88603401184082,3346100,0.0,0.0
2017-11-22 00:00:00-05:00,24.95908069395444,25.26751743272545,24.837329390443564,24.926612854003906,3378900,0.0,0.0
2017-11-24 00:00:00-05:00,24.98343574680321,25.2512892785264,24.837333538926547,24.99966812133789,1314100,0.0,0.0
2017-11-27 00:00:00-05:00,24.89415221775553,24.999669625262992,24.496430376916365,24.601947784423828,2622600,0.0,0.0
2017-11-28 00:00:00-05:00,24.512668045696625,24.65065332161259,24.342214917493415,24.415266036987305,4314500,0.0,0.0
2017-11-29 00:00:00-05:00,24.374675990594877,24.593827739972742,24.26915704816111,24.334091186523438,4887900,0.0,0.0
2017-11-30 00:00:00-05:00,24.36656325484669,24.861685565154694,24.10682665636008,24.131175994873047,11606400,0.0,0.0
2017-12-01 00:00:00-05:00,24.382795718299484,25.02402021387279,24.212342618160857,24.918502807617188,10813100,0.0,0.0
2017-12-04 00:00:00-05:00,24.91850347745687,26.45257367918141,24.83733540607335,25.738296508789062,7928400,0.0,0.0
2017-12-05 00:00:00-05:00,25.7707631555211,25.965565588871193,24.959085575819646,25.00778579711914,4719800,0.0,0.0
2017-12-06 00:00:00-05:00,24.877918504210026,25.29999123410903,24.585715616562563,24.764284133911133,4477500,0.0,0.0
2017-12-07 00:00:00-05:00,24.77239944113214,25.243172362834954,24.593829387559023,24.65064811706543,3670100,0.0,0.0
2017-12-08 00:00:00-05:00,24.796750833863314,24.999670240190028,24.407145945272557,24.561365127563477,4723800,0.0,0.0
2017-12-11 00:00:00-05:00,24.7236932580606,24.910380239654984,24.520773904800805,24.829212188720703,7036900,0.0,0.0
2017-12-12 00:00:00-05:00,24.902262822862753,25.69770630149066,24.829211733177356,25.121416091918945,5889000,0.0,0.0
2017-12-13 00:00:00-05:00,25.080841093355566,25.17824310037945,24.42338257743957,24.61818504333496,5404100,0.0,0.0
2017-12-14 00:00:00-05:00,24.415256522292506,25.032131541980498,24.36655631099266,24.829212188720703,7625300,0.0,0.0
2017-12-15 00:00:00-05:00,24.975320902248235,25.03213808831536,24.43149683136656,24.561365127563477,9025300,0.0,0.0
2017-12-18 00:00:00-05:00,24.699348738486336,25.348690176163565,24.618180671738653,25.186355590820312,6014800,0.0,0.0
2017-12-19 00:00:00-05:00,25.324342852136354,26.046735452473126,25.04837233215669,25.8356990814209,6025200,0.0,0.0
2017-12-20 00:00:00-05:00,25.892512858007123,26.687958012793406,25.819461756566014,26.574323654174805,4432100,0.0,0.0
2017-12-21 00:00:00-05:00,26.56620565859426,26.882759405524705,26.209068653701678,26.21718406677246,6206700,0.0,0.0
2017-12-22 00:00:00-05:00,25.868161318292177,26.34704959515002,25.55972301668325,26.160364151000977,2640600,0.0,0.0
2017-12-26 00:00:00-05:00,26.160368347594087,26.355172331519203,25.89251480488723,26.022384643554688,2191600,0.0,0.0
2017-12-27 00:00:00-05:00,26.038617971816635,26.25776819130551,25.87628029015437,25.998031616210938,2930100,0.0,0.0
2017-12-28 00:00:00-05:00,25.973680167880698,26.07919911052782,25.381155960607394,25.48667335510254,2746400,0.0,0.0
2017-12-29 00:00:00-05:00,25.632778278357456,25.811346791157657,25.21070555920919,25.68147850036621,3050200,0.0,0.0
2018-01-02 00:00:00-05:00,25.73829150045818,26.168482659526987,25.65712499302078,26.160364151000977,3653300,0.0,0.0
2018-01-03 00:00:00-05:00,26.322705330069052,27.31295301223659,26.30647140619531,27.21554946899414,4954200,0.0,0.0
2018-01-04 00:00:00-05:00,27.418468703159736,28.140861281393416,27.028863821515873,28.108396530151367,6213700,0.0,0.0
2018-01-05 00:00:00-05:00,28.16521578469905,28.16521578469905,27.34541960359002,27.954177856445312,4034600,0.0,0.0
2018-01-08 00:00:00-05:00,27.937940943788185,28.067812329627905,27.312951929107957,28.0109920501709,4656800,0.0,0.0
2018-01-09 00:00:00-05:00,28.019111199677994,28.44929933802933,27.670089583025437,28.43306541442871,3396700,0.0,0.0
2018-01-10 00:00:00-05:00,28.384368088791156,28.936309132223915,28.303198466930766,28.790206909179688,3495700,0.0,0.0
2018-01-11 00:00:00-05:00,28.814558264327374,29.72363641865915,28.489885946770823,29.626235961914062,5641500,0.0,0.0
2018-01-12 00:00:00-05:00,29.56129962802427,30.218759663686324,29.42331590861011,30.19441032409668,4082400,0.0,0.0
2018-01-16 00:00:00-05:00,30.09700691091924,30.113237738180437,29.269095386903523,29.447662353515625,3872600,0.0,0.0
2018-01-17 00:00:00-05:00,29.512602945098184,29.747990231401936,29.17169668626088,29.455785751342773,4074900,0.0,0.0
2018-01-18 00:00:00-05:00,29.27720311265513,29.31778636276005,28.11650420109407,28.197673797607422,7035400,0.0,0.0
2018-01-19 00:00:00-05:00,27.897350934963292,28.360006798027097,27.759367265345865,28.197673797607422,5061800,0.0,0.0
2018-01-22 00:00:00-05:00,28.40871295116039,29.025586498583262,27.889239838319238,28.855134963989258,6013100,0.0,0.0
2018-01-23 00:00:00-05:00,28.863250736234747,29.25285553392328,28.40059484546063,29.07428550720215,6187300,0.0,0.0
2018-01-24 00:00:00-05:00,29.18793199128178,29.350268165239076,26.915234844794558,27.418474197387695,10236300,0.0,0.0
2018-01-25 00:00:00-05:00,27.43469552081128,27.499631199084497,26.20906400828814,26.225297927856445,6468800,0.0,0.0
2018-01-26 00:00:00-05:00,26.35517034985148,26.79347386219408,26.05484743486912,26.574323654174805,3885100,0.0,0.0
2018-01-29 00:00:00-05:00,26.379518920503834,26.54185504081388,25.421739216608916,25.48667335510254,4832600,0.0,0.0
2018-01-30 00:00:00-05:00,25.226939221887864,25.884397630744047,24.934734796550835,25.860048294067383,6497600,0.0,0.0
2018-01-31 00:00:00-05:00,25.86816391996558,26.63925665523625,25.689593870079197,26.095434188842773,7545900,0.0,0.0
2018-02-01 00:00:00-05:00,26.379522928916263,26.84217892950367,26.01426737679346,26.338939666748047,6530500,0.0,0.0
2018-02-02 00:00:00-05:00,25.955318189541824,26.102235337565123,25.220734006212805,25.343164443969727,6506400,0.18,0.0
2018-02-05 00:00:00-05:00,25.122792798170607,25.498246385849335,23.841349521228203,23.980104446411133,4453400,0.0,0.0
2018-02-06 00:00:00-05:00,23.547518972793046,24.151510599131452,22.878230996493404,23.84951400756836,8368700,0.0,0.0
2018-02-07 00:00:00-05:00,24.020921459432213,24.347403257627395,23.376118545807216,23.514873504638672,3656300,0.0,0.0
2018-02-08 00:00:00-05:00,23.620980374754502,23.718924132969217,22.404834738870637,22.44564437866211,7637900,0.0,0.0
2018-02-09 00:00:00-05:00,22.584388615243096,22.674171648320208,20.96014112513622,21.62942886352539,6341900,0.0,0.0
2018-02-12 00:00:00-05:00,21.93959861268272,22.135489262099743,21.22950084650146,21.91511344909668,9381400,0.0,0.0
2018-02-13 00:00:00-05:00,21.817156716674738,21.841643424245333,21.139706708428008,21.17235565185547,4477000,0.0,0.0
2018-02-14 00:00:00-05:00,20.927501587674577,21.735544578121658,20.919339348564456,21.56414222717285,6140900,0.0,0.0
2018-02-15 00:00:00-05:00,21.6294342208415,21.84980996200363,20.83771586829575,21.335599899291992,4577400,0.0,0.0
2018-02-16 00:00:00-05:00,21.221331878581626,22.05386142590886,21.221331878581626,21.653921127319336,4532100,0.0,0.0
2018-02-20 00:00:00-05:00,21.67024299706326,22.021211410236074,21.44170658423449,21.580461502075195,3625400,0.0,0.0
2018-02-21 00:00:00-05:00,21.482513679156227,23.041464983296468,21.115222391811134,21.841644287109375,11370000,0.0,0.0
2018-02-22 00:00:00-05:00,22.102831174928383,23.318976429156272,22.102831174928383,22.886388778686523,9084300,0.0,0.0
2018-02-23 00:00:00-05:00,22.959848404477334,23.245520496187243,22.584394811843715,22.87822914123535,4811600,0.0,0.0
2018-02-26 00:00:00-05:00,23.033305556871746,23.033305556871746,22.24974946952231,22.55174446105957,5885800,0.0,0.0
2018-02-27 00:00:00-05:00,22.617039508959685,22.83741522972613,22.02937247703664,22.037534713745117,3075400,0.0,0.0
2018-02-28 00:00:00-05:00,22.159969176121248,22.2579144776271,21.45803381634901,21.547815322875977,3674300,0.0,0.0
2018-03-01 00:00:00-05:00,21.588626156173383,22.429316437691696,21.53149048978201,22.143644332885742,8132200,0.0,0.0
2018-03-02 00:00:00-05:00,22.013053169948037,22.50277658987939,21.490682352308106,22.40483283996582,3327600,0.0,0.0
2018-03-05 00:00:00-05:00,22.257911906553247,23.01698284598101,22.143642141864746,22.870065689086914,4058500,0.0,0.0
2018-03-06 00:00:00-05:00,22.959846193328392,23.37611093428227,22.902712091846244,23.30265235900879,5565900,0.0,0.0
2018-03-07 00:00:00-05:00,23.05779676896989,23.669950665491214,23.041472291433568,23.60465431213379,6977400,0.0,0.0
2018-03-08 00:00:00-05:00,23.759727846226554,24.322908170552818,23.53118988772551,23.9229679107666,7533500,0.0,0.0
2018-03-09 00:00:00-05:00,24.118853641656862,24.747331774458946,24.118853641656862,24.682035446166992,5969600,0.0,0.0
2018-03-12 00:00:00-04:00,24.763661839826103,25.26154742851636,24.70652773426249,25.13095474243164,5750100,0.0,0.0
2018-03-13 00:00:00-04:00,25.196254767953867,25.43295346228102,24.404534741467817,24.771827697753906,4864500,0.0,0.0
2018-03-14 00:00:00-04:00,24.837119031339906,25.237059304706293,24.796307846228522,24.975873947143555,4037700,0.0,0.0
2018-03-15 00:00:00-04:00,25.02484823453729,25.04933494797409,23.9556199897335,24.39636993408203,5505400,0.0,0.0
2018-03-16 00:00:00-04:00,24.46165772127116,25.343158858340736,24.420848103275777,25.23705291748047,9629400,0.0,0.0
2018-03-19 00:00:00-04:00,25.098306477797763,25.171765060324574,24.624907588618125,24.95138931274414,4544000,0.0,0.0
2018-03-20 00:00:00-04:00,24.967711462762427,25.17176271593519,24.355557703244134,24.363719940185547,5588500,0.0,0.0
2018-03-21 00:00:00-04:00,24.412692075953352,25.46559730126688,24.2820993970166,25.26970672607422,5739100,0.0,0.0
2018-03-22 00:00:00-04:00,24.98403343496935,25.04932976717495,24.282096696168658,24.306583404541016,4531900,0.0,0.0
2018-03-23 00:00:00-04:00,24.510637204659634,24.54328459578842,23.710755105372854,23.833187103271484,5951400,0.0,0.0
2018-03-26 00:00:00-04:00,24.14334541831977,24.53512347033929,23.376112232190856,24.41269302368164,6501900,0.0,0.0
2018-03-27 00:00:00-04:00,24.306585950545283,24.788147034798158,23.686269951223146,23.833187103271484,5779800,0.0,0.0
2018-03-28 00:00:00-04:00,23.833189875461134,24.102537499950113,22.870067594928514,22.910877227783203,4761700,0.0,0.0
2018-03-29 00:00:00-04:00,22.910878456180722,22.992499283054016,22.576234467109234,22.666017532348633,7008300,0.0,0.0
2018-04-02 00:00:00-04:00,22.943527409645153,22.95168964801126,22.184456366262776,22.666017532348633,4745000,0.0,0.0
2018-04-03 00:00:00-04:00,23.13941759986364,23.65362618795489,22.241591573608126,23.60465431213379,5743900,0.0,0.0
2018-04-04 00:00:00-04:00,23.163898732801,24.526961234385585,22.90271336477313,24.453502655029297,6282900,0.0,0.0
2018-04-05 00:00:00-04:00,24.494311199952406,24.975872254110573,24.045397534882753,24.249448776245117,5216600,0.0,0.0
2018-04-06 00:00:00-04:00,23.914808798142825,24.33923582360962,23.8739991658735,24.143346786499023,3700100,0.0,0.0
2018-04-09 00:00:00-04:00,24.339231775791028,24.396365874181278,23.83318556994531,23.99642562866211,3758600,0.0,0.0
2018-04-10 00:00:00-04:00,24.331070754946992,25.481919687066018,24.331070754946992,25.21257209777832,4223000,0.0,0.0
2018-04-11 00:00:00-04:00,25.171768671141507,25.963487160315264,25.130959033567102,25.48192596435547,3364200,0.0,0.0
2018-04-12 00:00:00-04:00,25.620675410240587,26.3144515543382,25.392138998035538,26.224668502807617,4044500,0.0,0.0
2018-04-13 00:00:00-04:00,26.31445330326454,26.82049958402675,26.012456736909552,26.583799362182617,3357200,0.0,0.0
2018-04-16 00:00:00-04:00,26.60012126441264,26.877631090936482,26.102235712686774,26.80417251586914,3279600,0.0,0.0
2018-04-17 00:00:00-04:00,26.90211485050484,27.14697571684718,26.747037028322158,26.779685974121094,3252500,0.0,0.0
2018-04-18 00:00:00-04:00,26.95109230139702,27.96318486398601,26.86946992468803,27.555082321166992,4437800,0.0,0.0
2018-04-19 00:00:00-04:00,27.54692164050319,28.04480724091841,27.000065727637498,27.514272689819336,4564700,0.0,0.0
2018-04-20 00:00:00-04:00,27.522437356613597,29.12219862792395,27.06536137327832,27.742813110351562,8271300,0.0,0.0
2018-04-23 00:00:00-04:00,27.767294383528434,28.697767582337196,27.579567607766577,28.526365280151367,5526800,0.0,0.0
2018-04-24 00:00:00-04:00,28.63247733210552,28.926308562241815,27.824432886898183,28.26518440246582,3588500,0.0,0.0
2018-04-25 00:00:00-04:00,28.265183368284102,29.097712940481227,28.04480761856351,28.65696144104004,4332600,0.0,0.0
2018-04-26 00:00:00-04:00,28.656952822195137,29.448672524158503,28.56716979039627,29.367050170898438,3711300,0.0,0.0
2018-04-27 00:00:00-04:00,29.073223995913697,29.783324655287892,29.073223995913697,29.38338279724121,4649300,0.0,0.0
2018-04-30 00:00:00-04:00,29.195651885563244,29.783320454973804,29.163002939801583,29.473161697387695,3522500,0.0,0.0
2018-05-01 00:00:00-04:00,29.228304591512416,29.48948996405723,28.86917236908187,29.089548110961914,4065000,0.0,0.0
2018-05-02 00:00:00-04:00,28.885499598481204,29.47316829953265,28.869175121943602,29.056901931762695,3925300,0.0,0.0
2018-05-03 00:00:00-04:00,28.967121981169203,29.114036042856526,28.71409726519971,29.056901931762695,3838300,0.0,0.0
2018-05-04 00:00:00-04:00,28.836526889697577,29.538460641117325,28.812038620135354,29.38338279724121,3047800,0.0,0.0
2018-05-07 00:00:00-04:00,29.54662512964432,30.06899589347322,29.032415046811025,29.081388473510742,3529000,0.0,0.0
2018-05-08 00:00:00-04:00,29.073217823329085,29.530293690686264,28.66511537112344,29.407861709594727,3299800,0.0,0.0
2018-05-09 00:00:00-04:00,29.76700523278753,30.819907595425544,29.62008804477742,29.685382843017578,5141300,0.0,0.0
2018-05-10 00:00:00-04:00,29.326252658049434,29.636411501334237,28.942635223291273,29.530303955078125,3814700,0.0,0.0
2018-05-11 00:00:00-04:00,29.489484711554176,29.620077374566144,29.13035255309025,29.18748664855957,2741800,0.0,0.0
2018-05-14 00:00:00-04:00,29.179324568189745,29.718019666444114,29.08954153288493,29.122190475463867,2073400,0.0,0.0
2018-05-15 00:00:00-04:00,29.220139783950533,29.489488941433066,28.983439575297723,29.440515518188477,2359100,0.0,0.0
2018-05-16 00:00:00-04:00,29.546624631023132,30.17510291864104,29.37522231082969,30.07715606689453,2877000,0.0,0.0
2018-05-17 00:00:00-04:00,30.19958456863311,30.534228489310102,29.8486161745603,29.905750274658203,4268100,0.0,0.0
2018-05-18 00:00:00-04:00,29.971045407737783,30.028179502573312,29.260944891511073,29.27726936340332,3681500,0.0,0.0
2018-05-21 00:00:00-04:00,29.490564537748348,29.86791175332701,29.40853049352767,29.769474029541016,2980400,0.18,0.0
2018-05-22 00:00:00-04:00,29.925319508846908,30.409309182586323,29.58898791382645,29.859695434570312,3080300,0.0,0.0
2018-05-23 00:00:00-04:00,29.50696601919883,29.966344066780035,29.2526652219462,29.564388275146484,4017400,0.0,0.0
2018-05-24 00:00:00-04:00,29.14601975691634,29.818683087260673,28.727657199469185,29.2608642578125,3014700,0.0,0.0
2018-05-25 00:00:00-04:00,28.465167999267578,28.604621207688382,27.74328391590501,28.465167999267578,3602500,0.0,0.0
2018-05-29 00:00:00-04:00,28.11242253331501,28.719458784910003,27.890935318507537,28.6046142578125,3065900,0.0,0.0
2018-05-30 00:00:00-04:00,28.94094903036999,29.876115282411618,28.711259952122287,29.277280807495117,2507900,0.0,0.0
2018-05-31 00:00:00-04:00,29.080396859197748,29.162427754830215,28.36671805350541,28.374919891357422,5033900,0.0,0.0
2018-06-01 00:00:00-04:00,28.694852663084536,29.063998053587813,28.21086273537556,28.653837203979492,2905400,0.0,0.0
2018-06-04 00:00:00-04:00,28.301097855222245,28.555398701621154,26.455374082055577,26.799907684326172,6237100,0.0,0.0
2018-06-05 00:00:00-04:00,26.717867946818938,27.66944065274107,26.611225287826215,27.571002960205078,5632600,0.0,0.0
2018-06-06 00:00:00-04:00,27.6776499210204,28.703051838037958,27.63663134091705,28.415937423706055,6149400,0.0,0.0
2018-06-07 00:00:00-04:00,28.56359572492653,29.269072748837115,28.333906695477808,28.456953048706055,4293000,0.0,0.0
2018-06-08 00:00:00-04:00,28.37493209768733,28.51438530610813,27.800706193405272,28.465167999267578,3121300,0.0,0.0
2018-06-11 00:00:00-04:00,28.35851053659348,28.46515319474966,27.972958477375013,28.01397705078125,3581500,0.0,0.0
2018-06-12 00:00:00-04:00,28.079605374872,28.547188392941063,27.997574474230444,28.333906173706055,4079400,0.0,0.0
2018-06-13 00:00:00-04:00,28.28468667092432,28.28468667092432,27.72686776653397,27.940153121948242,4910900,0.0,0.0
2018-06-14 00:00:00-04:00,28.128837698770962,28.235477288886113,27.546409921571232,27.628440856933594,4253600,0.0,0.0
2018-06-15 00:00:00-04:00,27.39874491974736,27.431555408163767,26.68506281663095,26.717876434326172,8217400,0.0,0.0
2018-06-18 00:00:00-04:00,26.693260192871094,27.004980084471406,26.520993442890195,26.693260192871094,5268100,0.0,0.0
2018-06-19 00:00:00-04:00,26.512785860106263,27.23466952643997,26.274891916875735,26.865524291992188,5834300,0.0,0.0
2018-06-20 00:00:00-04:00,27.046001783226274,27.21006358542607,26.373338380516586,27.128032684326172,3138300,0.0,0.0
2018-06-21 00:00:00-04:00,26.73427978414758,27.03779788536053,26.447168489659447,26.512792587280273,4137700,0.0,0.0
2018-06-22 00:00:00-04:00,27.316704319913196,27.571005102104603,26.73427682735147,26.840919494628906,9963700,0.0,0.0
2018-06-25 00:00:00-04:00,26.81630932256754,26.99678105806946,26.348726307201897,26.611228942871094,3520200,0.0,0.0
2018-06-26 00:00:00-04:00,26.66044840135634,27.44795628003119,26.53739892625421,27.1772518157959,3695800,0.0,0.0
2018-06-27 00:00:00-04:00,27.538192717263016,28.415936478697272,27.497177267801995,27.562801361083984,4098500,0.0,0.0
2018-06-28 00:00:00-04:00,27.44796088898032,27.620227679627124,26.88194009287853,27.029598236083984,2929800,0.0,0.0
2018-06-29 00:00:00-04:00,27.095216751098636,27.431548423642067,26.95576360531922,27.095216751098633,3390300,0.0,0.0
2018-07-02 00:00:00-04:00,26.931156271415457,27.16084528940134,26.406147884296306,27.02138900756836,3634600,0.0,0.0
2018-07-03 00:00:00-04:00,27.562801772636526,27.759680313978585,27.234675042770768,27.308504104614258,2004600,0.0,0.0
2018-07-05 00:00:00-04:00,27.341313477403386,27.521782055602426,27.21826401698233,27.275686264038086,2406100,0.0,0.0
2018-07-06 00:00:00-04:00,27.21006511919616,27.825306299960022,27.04600330774857,27.62022590637207,2491800,0.0,0.0
2018-07-09 00:00:00-04:00,27.800698667226246,28.51437758672262,27.743276405271285,28.251874923706055,2481900,0.0,0.0
2018-07-10 00:00:00-04:00,28.30109270426635,28.56359534277525,27.808901039381727,28.11241912841797,2315600,0.0,0.0
2018-07-11 00:00:00-04:00,27.776086199277053,27.948352961442986,26.80810658909017,27.004981994628906,3758100,0.0,0.0
2018-07-12 00:00:00-04:00,27.070610604159803,27.24287737515948,26.635841192795386,26.88193702697754,4180800,0.0,0.0
2018-07-13 00:00:00-04:00,26.808111021291065,27.144442763197304,26.594825645870326,26.7670955657959,2337600,0.0,0.0
2018-07-16 00:00:00-04:00,26.455370773096202,26.652249327825025,26.31591760750874,26.520998001098633,1387700,0.0,0.0
2018-07-17 00:00:00-04:00,26.414353015534452,26.898342827348763,26.24208468633726,26.775293350219727,3691500,0.0,0.0
2018-07-18 00:00:00-04:00,26.381536936518106,26.84091806164478,26.094424124473672,26.701461791992188,4141700,0.0,0.0
2018-07-19 00:00:00-04:00,26.455369048245657,26.701464878652754,26.028801481876833,26.0698184967041,5255800,0.0,0.0
2018-07-20 00:00:00-04:00,25.676062333576965,26.824513685710144,25.27410498618599,26.250288009643555,8592000,0.0,0.0
2018-07-23 00:00:00-04:00,26.12724316418518,26.87373412726783,25.708878962169717,26.660451889038086,5229800,0.0,0.0
2018-07-24 00:00:00-04:00,27.06241226196289,27.42335265677555,26.93116092482386,27.06241226196289,5201900,0.0,0.0
2018-07-25 00:00:00-04:00,27.15264270495173,27.44795897072386,26.726078242479158,27.292098999023438,4976700,0.0,0.0
2018-07-26 00:00:00-04:00,27.292096077318426,27.91553902665703,26.980373038010065,27.907337188720703,3515400,0.0,0.0
2018-07-27 00:00:00-04:00,27.751479556670027,28.744067881791185,27.751479556670027,28.48976707458496,3865000,0.0,0.0
2018-07-30 00:00:00-04:00,28.965554655740117,29.022976913102298,28.407735759126087,28.456953048706055,3035100,0.0,0.0
2018-07-31 00:00:00-04:00,28.096008812523856,28.62921899060408,28.096008812523856,28.366716384887695,3416200,0.0,0.0
2018-08-01 00:00:00-04:00,28.087810483957224,28.161639546617746,27.677649720127278,28.11241912841797,2943700,0.0,0.0
2018-08-02 00:00:00-04:00,27.759680144664973,28.03038461692117,27.58741337784028,27.841711044311523,2175300,0.0,0.0
2018-08-03 00:00:00-04:00,27.792499542236328,28.038595421687855,27.34952508165625,27.792499542236328,4126300,0.0,0.0
2018-08-06 00:00:00-04:00,27.817099465530468,28.7030481087799,27.751475378592307,28.62921905517578,4814300,0.0,0.0
2018-08-07 00:00:00-04:00,28.91633568186249,29.162431529894985,28.711255286955662,28.85891342163086,2661200,0.0,0.0
2018-08-08 00:00:00-04:00,28.7194618473125,28.842511356197175,28.530788228493936,28.752275466918945,2312500,0.0,0.0
2018-08-09 00:00:00-04:00,28.596409129712846,28.793284545158844,28.21085700798684,28.4405460357666,3040200,0.0,0.0
2018-08-10 00:00:00-04:00,28.399529508771476,28.744066166663007,28.194449133374526,28.50617218017578,2381200,0.0,0.0
2018-08-13 00:00:00-04:00,28.448455131410846,28.596882105481384,27.912468486648105,28.135108947753906,4305700,0.18,0.0
2018-08-14 00:00:00-04:00,28.217564349332516,28.46494154028905,27.739299053987796,27.978431701660156,4357300,0.0,0.0
2018-08-15 00:00:00-04:00,27.62386139949025,27.68983033957264,26.213808333737177,26.23029899597168,4941400,0.0,0.0
2018-08-16 00:00:00-04:00,26.444690149975564,26.560132635652796,25.900459042088738,26.040639877319336,3431300,0.0,0.0
2018-08-17 00:00:00-04:00,26.073621628845743,26.13134286567496,25.405700415515778,25.570619583129883,4408900,0.0,0.0
2018-08-20 00:00:00-04:00,25.999415245506853,26.452942293638344,25.83449603295246,26.395217895507812,3837100,0.0,0.0
2018-08-21 00:00:00-04:00,26.856993198156484,26.856993198156484,26.58487914953017,26.626108169555664,2823800,0.0,0.0
2018-08-22 00:00:00-04:00,26.898215771753932,26.95593701507066,26.53539607868137,26.815757751464844,2482500,0.0,0.0
2018-08-23 00:00:00-04:00,26.700314625724157,26.749788178484657,26.43644519242893,26.642593383789062,2958500,0.0,0.0
2018-08-24 00:00:00-04:00,26.931203010887117,27.145595773055348,26.741547028238102,27.030153274536133,1727700,0.0,0.0
2018-08-27 00:00:00-04:00,26.964181720869693,27.821758877501825,26.964181720869693,27.44244384765625,1756900,0.0,0.0
2018-08-28 00:00:00-04:00,27.500171579185416,28.011421434977844,27.409469003711507,27.54964828491211,3089700,0.0,0.0
2018-08-29 00:00:00-04:00,27.57438446796454,28.184584576426406,27.5166632186526,28.036157608032227,2639500,0.0,0.0
2018-08-30 00:00:00-04:00,27.970188060823755,28.159847185096446,27.862993254757402,28.019664764404297,1767500,0.0,0.0
2018-08-31 00:00:00-04:00,27.961936951228243,27.961936951228243,26.988917361601988,27.18682098388672,2893000,0.0,0.0
2018-09-04 00:00:00-04:00,27.19507377762833,27.401222005001717,26.576629095508174,26.700319290161133,2243900,0.0,0.0
2018-09-05 00:00:00-04:00,26.452939317601647,26.452939317601647,25.859231477428725,26.11485481262207,2178100,0.0,0.0
2018-09-06 00:00:00-04:00,26.114857805414456,26.321006035146876,25.30675712233205,25.554134368896484,2983500,0.0,0.0
2018-09-07 00:00:00-04:00,25.314998532669897,26.057131707142034,25.108850341272866,25.90870475769043,3463100,0.0,0.0
2018-09-10 00:00:00-04:00,26.024148399476484,26.62610234045589,25.97467327171994,26.329248428344727,1898500,0.0,0.0
2018-09-11 00:00:00-04:00,26.370477725010357,27.02190680080311,26.213806223286458,26.87347984313965,2682000,0.0,0.0
2018-09-12 00:00:00-04:00,27.178576339502207,27.401216759916768,26.675574257703207,26.716806411743164,2647100,0.0,0.0
2018-09-13 00:00:00-04:00,26.61785316467285,26.634345397266156,26.13959100175403,26.61785316467285,2502300,0.0,0.0
2018-09-14 00:00:00-04:00,26.46942824568711,26.65908736226087,25.842739086966937,26.02414894104004,3560300,0.0,0.0
2018-09-17 00:00:00-04:00,26.114851404367016,26.41170371292522,25.89221099335902,26.06537628173828,2239400,0.0,0.0
2018-09-18 00:00:00-04:00,26.329243549370467,26.617849718458054,26.189062736048353,26.59311294555664,3243200,0.0,0.0
2018-09-19 00:00:00-04:00,26.774532931491983,27.2940242026421,26.60136602886961,27.104368209838867,2636400,0.0,0.0
2018-09-20 00:00:00-04:00,27.425952774473956,27.640348645471416,26.692065749169874,26.766279220581055,2204900,0.0,0.0
2018-09-21 00:00:00-04:00,26.782773999547274,27.145593702297997,26.54364133052951,27.129104614257812,3918300,0.0,0.0
2018-09-24 00:00:00-04:00,27.40121482314744,27.656839690497236,26.815754765793375,27.07962417602539,3079700,0.0,0.0
2018-09-25 00:00:00-04:00,27.33525732561474,27.871240851357268,27.3105173983292,27.5991268157959,2961900,0.0,0.0
2018-09-26 00:00:00-04:00,27.40121599437303,27.986676076751742,27.261036740383037,27.887725830078125,3592400,0.0,0.0
2018-09-27 00:00:00-04:00,27.879477161268767,28.34124700779454,27.39296739755686,27.89596939086914,4855100,0.0,0.0
2018-09-28 00:00:00-04:00,27.846492702068023,28.44020038539677,27.722802552850816,27.89596939086914,3297700,0.0,0.0
2018-10-01 00:00:00-04:00,27.961947708596103,28.0856379133059,27.170339206056603,27.19507598876953,4288900,0.0,0.0
2018-10-02 00:00:00-04:00,27.21155743266261,27.62385375739992,26.27152231555295,26.59311294555664,3909900,0.0,0.0
2018-10-03 00:00:00-04:00,26.568381572849432,26.593118350778756,25.826246779250077,26.411706924438477,6746500,0.0,0.0
2018-10-04 00:00:00-04:00,26.452937973170016,27.038398093823172,26.353984574455694,26.675575256347656,3206900,0.0,0.0
2018-10-05 00:00:00-04:00,26.518902511322825,26.782771937658637,25.99940977482242,26.304508209228516,2578000,0.0,0.0
2018-10-08 00:00:00-04:00,25.933446819393318,26.36223392356538,25.70256024577289,26.296266555786133,2330900,0.0,0.0
2018-10-09 00:00:00-04:00,27.063138957677275,27.203321387573077,26.18082479878145,26.90646743774414,2625800,0.0,0.0
2018-10-10 00:00:00-04:00,26.70031454161283,26.9559362849282,26.11485286214572,26.321001052856445,3777100,0.0,0.0
2018-10-11 00:00:00-04:00,26.05713251073913,26.27152682513823,25.22429360307622,25.282014846801758,3271600,0.0,0.0
2018-10-12 00:00:00-04:00,25.59536327018915,25.776773134184467,25.117097898882623,25.438690185546875,2514000,0.0,0.0
2018-10-15 00:00:00-04:00,25.54588232438361,25.694309267002012,25.298505135210146,25.306751251220703,2407800,0.0,0.0
2018-10-16 00:00:00-04:00,25.306752302982666,25.562375618790526,25.18306370325537,25.43044090270996,3662100,0.0,0.0
2018-10-17 00:00:00-04:00,25.23254048657662,25.570623415346162,25.10060576182685,25.38921356201172,2337100,0.0,0.0
2018-10-18 00:00:00-04:00,25.265524821615227,25.77677308875344,24.985163122343636,25.117097854614258,4214700,0.0,0.0
2018-10-19 00:00:00-04:00,25.207803431983326,25.7355423581168,24.67181838853076,24.688310623168945,2728500,0.0,0.0
2018-10-22 00:00:00-04:00,24.713045730344806,24.737784080628376,24.094601128329096,24.729537963867188,3779400,0.0,0.0
2018-10-23 00:00:00-04:00,24.0616182869749,24.094601181306224,23.60809130082796,23.814239501953125,4074000,0.0,0.0
2018-10-24 00:00:00-04:00,23.929681196351385,24.053369790230903,22.56085740214167,22.585594177246094,3614000,0.0,0.0
2018-10-25 00:00:00-04:00,22.9401677875043,23.220529420635245,22.65156003895354,22.717527389526367,3299900,0.0,0.0
2018-10-26 00:00:00-04:00,22.346461583390113,23.047365664681866,22.000132600445113,22.560855865478516,4953100,0.0,0.0
2018-10-29 00:00:00-04:00,22.676299733631126,22.898940144848094,21.52187024356706,21.925920486450195,4944100,0.0,0.0
2018-10-30 00:00:00-04:00,22.68454554602316,22.68454554602316,21.06834302332955,22.478397369384766,7803700,0.0,0.0
2018-10-31 00:00:00-04:00,22.593837070004167,22.841215795258304,21.95890038647314,22.008377075195312,6849900,0.0,0.0
2018-11-01 00:00:00-04:00,22.18979223691432,22.3712020876494,21.076591636601083,21.34870719909668,5757400,0.0,0.0
2018-11-02 00:00:00-04:00,21.538363837162514,21.835216164768,21.07659075371239,21.497133255004883,5121800,0.0,0.0
2018-11-05 00:00:00-05:00,21.859959993759993,22.231025889479454,21.480646406755643,22.140321731567383,4957900,0.0,0.0
2018-11-06 00:00:00-05:00,22.165056113395476,22.51138518889163,21.934171111588782,22.39594268798828,6124100,0.0,0.0
2018-11-07 00:00:00-05:00,22.70104065366599,22.915434973266287,21.89293850354612,22.305234909057617,3369600,0.0,0.0
2018-11-08 00:00:00-05:00,22.264003789313488,22.51962709614409,21.90118254644094,22.0578556060791,4053300,0.0,0.0
2018-11-09 00:00:00-05:00,21.686791695762594,22.189793846133032,20.90342941857366,21.035364151000977,8250500,0.0,0.0
2018-11-12 00:00:00-05:00,21.117822741944405,21.167297871041843,19.336702366576727,19.49337387084961,7951600,0.0,0.0
2018-11-13 00:00:00-05:00,19.62531089782715,20.169542100062298,19.33670463360107,19.62531089782715,12869600,0.0,0.0
2018-11-14 00:00:00-05:00,19.180028755297116,19.592325156126066,18.594567048271312,19.089323043823242,79090500,0.0,0.0
2018-11-15 00:00:00-05:00,19.280464329491146,19.754165123563308,19.03945777244497,19.346948623657227,15060200,0.18,0.0
2018-11-16 00:00:00-05:00,19.529785528978273,19.779101305942085,19.32202185313808,19.421749114990234,16835800,0.0,0.0
2018-11-19 00:00:00-05:00,19.36356585579747,19.571329444744272,18.84831304287123,19.11425018310547,9407800,0.0,0.0
2018-11-20 00:00:00-05:00,18.673794712719296,18.881558345155423,18.20009388438264,18.623931884765625,10927500,0.0,0.0
2018-11-21 00:00:00-05:00,18.93142936276159,19.097639375629168,18.623938382034098,18.715354919433594,5112200,0.0,0.0
2018-11-23 00:00:00-05:00,18.133609097248513,18.67379421001845,18.008951238164787,18.665483474731445,3648100,0.0,0.0
2018-11-26 00:00:00-05:00,18.864938498753173,19.06439139609628,18.56575836018315,18.831695556640625,6159300,0.0,0.0
2018-11-27 00:00:00-05:00,18.81507338377725,18.873246945193593,18.4494105448429,18.5989990234375,9160300,0.0,0.0
2018-11-28 00:00:00-05:00,18.665486562969555,19.09763535872957,18.382929442015175,19.064393997192383,5843900,0.0,0.0
2018-11-29 00:00:00-05:00,19.11425290369268,19.454985111254004,18.948041374833714,19.205669403076172,6214900,0.0,0.0
2018-11-30 00:00:00-05:00,18.99790740187457,19.18073883109562,18.62393222266021,18.964664459228516,14481800,0.0,0.0
2018-12-03 00:00:00-05:00,19.39681461832695,19.57133532462107,18.873249329222862,19.322019577026367,8005200,0.0,0.0
2018-12-04 00:00:00-05:00,19.338642128481546,19.488232219428475,18.33306517551107,18.39954948425293,6976500,0.0,0.0
2018-12-06 00:00:00-05:00,17.97571153826856,18.0421958474419,17.49369990048409,17.842742919921875,7052100,0.0,0.0
2018-12-07 00:00:00-05:00,18.249954658614822,18.532513293739655,17.884291847956078,18.000638961791992,5081200,0.0,0.0
2018-12-10 00:00:00-05:00,17.734704403484347,17.95077877888675,17.327487860072008,17.676530838012695,4871000,0.0,0.0
2018-12-11 00:00:00-05:00,17.93415259364231,18.050499694006,17.294240371421292,17.693147659301758,6700000,0.0,0.0
2018-12-12 00:00:00-05:00,18.000639219645254,18.34968215126347,17.917533457810336,17.925844192504883,5014300,0.0,0.0
2018-12-13 00:00:00-05:00,17.801186538112574,18.416166646278576,17.676528686544298,18.308130264282227,5966900,0.0,0.0
2018-12-14 00:00:00-05:00,18.125298930754294,18.34968403521287,17.684841042495666,17.826120376586914,9238400,0.0,0.0
2018-12-17 00:00:00-05:00,17.78456658649275,18.35799465478288,17.68484093077056,17.96739959716797,6505000,0.0,0.0
2018-12-18 00:00:00-05:00,17.959087757292497,18.10867781678758,17.493696108838765,17.63497543334961,5191400,0.0,0.0
2018-12-19 00:00:00-05:00,17.85105259563544,18.466032815211985,17.302556681280393,17.485389709472656,8910800,0.0,0.0
2018-12-20 00:00:00-05:00,17.244379619732207,17.776253953780138,17.19451679719285,17.302553176879883,6532900,0.0,0.0
2018-12-21 00:00:00-05:00,17.1945185138794,17.726392901029232,17.161275572127185,17.34410858154297,10352800,0.0,0.0
2018-12-24 00:00:00-05:00,17.23607101424201,17.65159828532338,17.003375171796574,17.019996643066406,2644100,0.0,0.0
2018-12-26 00:00:00-05:00,17.119724251357603,17.884294509887695,16.69588623558552,17.884294509887695,4106300,0.0,0.0
2018-12-27 00:00:00-05:00,17.49370135924148,17.85936588274222,16.96182684150302,17.851055145263672,6581000,0.0,0.0
2018-12-28 00:00:00-05:00,17.97571120662152,18.382929376045006,17.576805358941172,17.817811965942383,4525200,0.0,0.0
2018-12-31 00:00:00-05:00,17.92584552864008,17.934156263954083,17.46045544683063,17.867671966552734,3802100,0.0,0.0
2019-01-02 00:00:00-05:00,17.610046838162727,17.975709708846423,17.31917742071508,17.493698120117188,7150000,0.0,0.0
2019-01-03 00:00:00-05:00,17.526937996682605,17.74301233797065,17.069858695760924,17.377347946166992,6672900,0.0,0.0
2019-01-04 00:00:00-05:00,17.734703226615306,18.382926309806646,17.676529665004033,18.249956130981445,5040400,0.0,0.0
2019-01-07 00:00:00-05:00,18.23334164677522,18.90649554999901,18.133614379392256,18.740283966064453,4740000,0.0,0.0
2019-01-08 00:00:00-05:00,18.972974472791808,19.33863890242772,18.815073671454144,19.288774490356445,4959100,0.0,0.0
2019-01-09 00:00:00-05:00,19.529783080047807,19.762478938449988,19.255535125732422,19.255535125732422,5217000,0.0,0.0
2019-01-10 00:00:00-05:00,19.130880478448866,19.75417153290224,19.05608542510557,19.405128479003906,5316500,0.0,0.0
2019-01-11 00:00:00-05:00,19.2306080831157,19.322024620815384,18.86494510253953,19.19736671447754,4876100,0.0,0.0
2019-01-14 00:00:00-05:00,18.997909199566607,19.413436511297384,18.856629850173707,19.313709259033203,4804100,0.0,0.0
2019-01-15 00:00:00-05:00,19.413433285625857,19.654438262127453,19.072701073430423,19.130874633789062,3370700,0.0,0.0
2019-01-16 00:00:00-05:00,19.056079262178685,19.346948643875745,18.931421408625834,19.238910675048828,4029200,0.0,0.0
2019-01-17 00:00:00-05:00,19.0394597451157,19.70430275566064,18.923112614548028,19.65443992614746,3884300,0.0,0.0
2019-01-18 00:00:00-05:00,19.928685705505202,20.24448729010851,19.72092208909641,20.045034408569336,4566700,0.0,0.0
2019-01-22 00:00:00-05:00,19.83727141561157,19.96192927235251,19.52146982108317,19.754165649414062,5088900,0.0,0.0
2019-01-23 00:00:00-05:00,19.745854515587038,19.86220163484795,19.06439009972635,19.097631454467773,4654900,0.0,0.0
2019-01-24 00:00:00-05:00,18.981287527480216,19.41343630757185,18.93973543078755,19.147499084472656,4706600,0.0,0.0
2019-01-25 00:00:00-05:00,19.37187716674597,19.662746516959903,19.097629284569507,19.521467208862305,6687200,0.0,0.0
2019-01-28 00:00:00-05:00,19.346948748026236,19.346948748026236,18.79845292135248,19.097631454467773,4181100,0.0,0.0
2019-01-29 00:00:00-05:00,19.28877881602166,19.41343828904506,19.130879564384497,19.24722671508789,3365200,0.0,0.0
2019-01-30 00:00:00-05:00,19.346949035180398,20.078276286563145,19.263843269427426,19.895444869995117,4274900,0.0,0.0
2019-01-31 00:00:00-05:00,20.0034846973447,20.74312281106295,19.47992097771389,19.58795738220215,9064600,0.0,0.0
2019-02-01 00:00:00-05:00,19.696828866029872,20.5929003143916,19.579584753176835,20.39191246032715,4559400,0.18,0.0
2019-02-04 00:00:00-05:00,20.32491317802425,20.944626025822043,20.065302511424832,20.584522247314453,6067000,0.0,0.0
2019-02-05 00:00:00-05:00,20.5677773712571,21.103746609049853,20.55940267721086,20.961380004882812,6189200,0.0,0.0
2019-02-06 00:00:00-05:00,20.952998475622163,21.24610628238588,20.819006609211726,20.83575439453125,4800900,0.0,0.0
2019-02-07 00:00:00-05:00,20.676641467020428,20.96974929385046,19.981558013439635,20.425405502319336,5052300,0.0,0.0
2019-02-08 00:00:00-05:00,20.333287396236866,20.676641782319276,20.2495420733928,20.60964584350586,4403700,0.0,0.0
2019-02-11 00:00:00-05:00,20.450527546465707,20.88600189750775,20.37515692427347,20.785507202148438,3831100,0.0,0.0
2019-02-12 00:00:00-05:00,21.036741520423952,21.18748115588074,20.584517822126987,20.718509674072266,6388400,0.0,0.0
2019-02-13 00:00:00-05:00,20.735266477061277,21.413600670006925,20.693393010021765,21.045122146606445,4004400,0.0,0.0
2019-02-14 00:00:00-05:00,20.936250069182304,21.564337571257774,20.91950068577277,21.472217559814453,6223600,0.0,0.0
2019-02-15 00:00:00-05:00,21.681578947801754,21.798823028342376,21.505715222954375,21.631332397460938,4119200,0.0,0.0
2019-02-19 00:00:00-05:00,21.51409368683986,21.890945276442476,21.39684958573986,21.84907341003418,2939700,0.0,0.0
2019-02-20 00:00:00-05:00,21.882567265136533,22.594400067291023,21.882567265136533,22.25942039489746,4672700,0.0,0.0
2019-02-21 00:00:00-05:00,22.334792778590337,22.334792778590337,21.874195892464,21.999813079833984,4052300,0.0,0.0
2019-02-22 00:00:00-05:00,22.18405311158646,22.242674363424616,21.949566506924537,22.066810607910156,3507200,0.0,0.0
2019-02-25 00:00:00-05:00,21.991436508621817,22.544153363669672,21.924440574595078,22.40178680419922,3393000,0.0,0.0
2019-02-26 00:00:00-05:00,22.426910878450144,22.68651992314012,22.14217775950924,22.40178680419922,4086700,0.0,0.0
2019-02-27 00:00:00-05:00,22.443658978801363,22.519029605302332,22.217548696607547,22.33479118347168,2526600,0.0,0.0
2019-02-28 00:00:00-05:00,22.410160350402037,22.44365751704909,21.907690072224437,22.091928482055664,4311600,0.0,0.0
2019-03-01 00:00:00-05:00,22.25942228819222,22.720019177246208,22.21755042457248,22.694896697998047,4128500,0.0,0.0
2019-03-04 00:00:00-05:00,22.845633642274503,23.038246734194043,22.385035243017317,22.6865177154541,4308300,0.0,0.0
2019-03-05 00:00:00-05:00,22.736765217654884,22.761889290517182,22.41016025698987,22.70326805114746,4287700,0.0,0.0
2019-03-06 00:00:00-05:00,22.636274982986578,22.636274982986578,21.92444213497269,22.033309936523438,4412400,0.0,0.0
2019-03-07 00:00:00-05:00,22.016562152364646,22.075183399153335,21.564338367464746,21.81557273864746,3988700,0.0,0.0
2019-03-08 00:00:00-05:00,21.472215819116357,21.597834587195152,21.12048678257551,21.54758644104004,3554700,0.0,0.0
2019-03-11 00:00:00-04:00,21.8406975909757,22.426913274316867,21.79882572672672,22.192426681518555,4563000,0.0,0.0
2019-03-12 00:00:00-04:00,22.31804070261537,22.53577787987369,22.251044770944272,22.460407257080078,3879400,0.0,0.0
2019-03-13 00:00:00-04:00,22.678146206019655,22.921007475618527,22.57765150200757,22.820512771606445,3097600,0.0,0.0
2019-03-14 00:00:00-04:00,22.845639675197795,23.272739424832572,22.82051559675716,23.20574188232422,5624200,0.0,0.0
2019-03-15 00:00:00-04:00,23.080121521704278,23.473724043452606,23.080121521704278,23.322982788085938,9978700,0.0,0.0
2019-03-18 00:00:00-04:00,23.456971984035167,23.791951625906595,23.456971984035167,23.59933853149414,4398000,0.0,0.0
2019-03-19 00:00:00-04:00,23.83382669104953,23.959445471309483,23.163867317105783,23.29785919189453,4848400,0.0,0.0
2019-03-20 00:00:00-04:00,23.31460842251648,23.850575918152998,23.138743089692536,23.657962799072266,4939700,0.0,0.0
2019-03-21 00:00:00-04:00,23.590968285291723,23.992943931269124,23.41510294185834,23.83382797241211,3163700,0.0,0.0
2019-03-22 00:00:00-04:00,23.67471795460001,23.716589826414165,22.73677301125339,22.745147705078125,4306300,0.0,0.0
2019-03-25 00:00:00-04:00,22.569278721728875,23.00475151901914,22.51903057036876,22.971254348754883,2448300,0.0,0.0
2019-03-26 00:00:00-04:00,23.180618286132812,23.54072207324645,22.895885133406182,23.180618286132812,2738100,0.0,0.0
2019-03-27 00:00:00-04:00,23.18899267291333,23.34810703469166,22.703271700659556,22.845638275146484,2487800,0.0,0.0
2019-03-28 00:00:00-04:00,22.745147705078125,22.988009034066895,22.50228797339888,22.745147705078125,3084900,0.0,0.0
2019-03-29 00:00:00-04:00,23.01312921046099,23.2978623827107,22.87913731732105,23.2141170501709,7450800,0.0,0.0
2019-04-01 00:00:00-04:00,23.381603554888432,23.57421666734117,23.147116984961787,23.314607620239258,4567200,0.0,0.0
2019-04-02 00:00:00-04:00,23.331357785101677,23.389979030220566,22.477158391717264,22.60277557373047,5730000,0.0,0.0
2019-04-03 00:00:00-04:00,22.761891515365697,22.97962870952797,21.983062750906964,22.167301177978516,5338000,0.0,0.0
2019-04-04 00:00:00-04:00,22.242668022507047,22.426908015543216,21.924437775830988,22.418533325195312,4255900,0.0,0.0
2019-04-05 00:00:00-04:00,22.468784170183604,22.72839323141872,22.31804290968929,22.426912307739258,3982600,0.0,0.0
2019-04-08 00:00:00-04:00,22.485531330447618,22.837260371048135,22.18404883927317,22.460407257080078,4881700,0.0,0.0
2019-04-09 00:00:00-04:00,22.351544859158437,22.468787368539015,22.091934163659456,22.343170166015625,4457700,0.0,0.0
2019-04-10 00:00:00-04:00,22.452034944255715,22.594401513801024,22.343167142748914,22.502283096313477,3018900,0.0,0.0
2019-04-11 00:00:00-04:00,22.477155345184542,22.602772510171715,22.10030225291411,22.326414108276367,2695500,0.0,0.0
2019-04-12 00:00:00-04:00,22.669769381825358,22.720015930450423,22.050056624419607,22.091928482055664,4508600,0.0,0.0
2019-04-15 00:00:00-04:00,21.983064986416295,22.142180951659817,21.706706519050865,21.731830596923828,2892500,0.0,0.0
2019-04-16 00:00:00-04:00,21.815571294028047,21.89094191985368,21.447094453668363,21.639707565307617,4412300,0.0,0.0
2019-04-17 00:00:00-04:00,21.756957093796174,22.00819312697581,21.41360261936263,21.589468002319336,3486900,0.0,0.0
2019-04-18 00:00:00-04:00,21.66483259052564,21.815572251483594,21.304728828511838,21.438720703125,2879400,0.0,0.0
2019-04-22 00:00:00-04:00,21.61458445167221,22.343166667934934,21.480592576983987,22.27617073059082,4087700,0.0,0.0
2019-04-23 00:00:00-04:00,22.276169587733968,22.552528014763777,21.614583342757385,21.74857521057129,7332300,0.0,0.0
2019-04-24 00:00:00-04:00,21.840696811720203,21.974688689307325,21.421971794933153,21.44709587097168,3725300,0.0,0.0
2019-04-25 00:00:00-04:00,21.438721182976828,21.698330246186885,21.304729305364592,21.413597106933594,4365800,0.0,0.0
2019-04-26 00:00:00-04:00,21.204233181534683,21.58946100190901,21.061866621421636,21.42197036743164,3062900,0.0,0.0
2019-04-29 00:00:00-04:00,21.338224915727572,21.81557114447824,21.32147553292357,21.74857521057129,3722000,0.0,0.0
2019-04-30 00:00:00-04:00,21.472217173079443,21.61458373487809,19.889437207495547,20.115549087524414,10785700,0.0,0.0
2019-05-01 00:00:00-04:00,20.056926051951635,20.38353100682868,19.61307702310393,19.72194480895996,7400400,0.0,0.0
2019-05-02 00:00:00-04:00,19.60470691174262,19.94806132843486,19.412093770146356,19.696826934814453,4682400,0.0,0.0
2019-05-03 00:00:00-04:00,19.931306098870714,20.333283247033055,19.897808934954014,20.207664489746094,4917100,0.0,0.0
2019-05-06 00:00:00-04:00,19.939684072197608,20.29978782811822,19.847565658277976,20.048553466796875,3463100,0.0,0.0
2019-05-07 00:00:00-04:00,19.76382048663794,19.797317656320544,19.269724854673807,19.437213897705078,2857100,0.0,0.0
2019-05-08 00:00:00-04:00,19.470714906656273,19.596332102721224,19.1608576655407,19.219480514526367,3673900,0.0,0.0
2019-05-09 00:00:00-04:00,19.060361054267673,19.068735745445014,18.566265455967642,18.934743881225586,6478600,0.0,0.0
2019-05-10 00:00:00-04:00,18.859373720192288,18.90124557979628,18.45739811768135,18.691883087158203,3950600,0.0,0.0
2019-05-13 00:00:00-04:00,18.432273366116746,18.499269297406357,17.846057769350907,18.206161499023438,4444100,0.0,0.0
2019-05-14 00:00:00-04:00,18.398777466010397,18.809127808703355,18.398777466010397,18.658388137817383,3404000,0.0,0.0
2019-05-15 00:00:00-04:00,18.440646295148557,19.110605544028633,18.356900989711338,19.043609619140625,2678900,0.0,0.0
2019-05-16 00:00:00-04:00,19.093859042962478,19.26134967909564,18.917995312600837,19.244600296020508,3052500,0.0,0.0
2019-05-17 00:00:00-04:00,19.010119885262153,19.487466236318753,18.976621111071072,19.185983657836914,4270100,0.0,0.0
2019-05-20 00:00:00-04:00,19.12689601152914,19.71775399435755,19.101572974565016,19.658668518066406,4750600,0.18,0.0
2019-05-21 00:00:00-04:00,19.65866605208819,20.11446939055722,19.641784029563116,19.92877197265625,3882600,0.0,0.0
2019-05-22 00:00:00-04:00,19.709311445001937,19.86968744668415,19.608020915003078,19.71775245666504,5351200,0.0,0.0
2019-05-23 00:00:00-04:00,19.29571361586819,19.481411062623884,18.941199137546565,19.464529037475586,6555600,0.0,0.0
2019-05-24 00:00:00-04:00,19.599577821636032,19.71775036240979,18.68796958830315,18.747055053710938,5048200,0.0,0.0
2019-05-28 00:00:00-04:00,18.78081763914633,18.890547550678896,18.476947714966823,18.71329116821289,4250300,0.0,0.0
2019-05-29 00:00:00-04:00,18.43474694277744,18.43474694277744,18.021147047197225,18.31657600402832,4033000,0.0,0.0
2019-05-30 00:00:00-04:00,18.265934899664234,18.375666466857144,17.72572290720294,17.869216918945312,3345400,0.0,0.0
2019-05-31 00:00:00-04:00,17.5231415616718,18.12243897634923,17.388088577801998,18.071794509887695,5449900,0.0,0.0
2019-06-03 00:00:00-04:00,18.147757861044763,18.687969672884588,18.122434828630446,18.43474578857422,5017400,0.0,0.0
2019-06-04 00:00:00-04:00,18.67953110331904,18.814585683887554,18.156201244694458,18.603565216064453,4720500,0.0,0.0
2019-06-05 00:00:00-04:00,18.61200580702502,18.80614587339312,18.105557939862344,18.763940811157227,3905700,0.0,0.0
2019-06-06 00:00:00-04:00,18.79770153354171,19.481407321154524,18.747055467823557,19.37167739868164,5709900,0.0,0.0
2019-06-07 00:00:00-04:00,19.48140345631212,19.86968183333108,19.261942044946256,19.683982849121094,4241000,0.0,0.0
2019-06-10 00:00:00-04:00,19.81903991985477,20.06382441021611,19.633342506791788,19.75995445251465,3219600,0.0,0.0
2019-06-11 00:00:00-04:00,19.920333333864857,20.021622261162044,19.53205481933638,19.54893684387207,3697500,0.0,0.0
2019-06-12 00:00:00-04:00,19.34636012975113,19.405445614067627,18.806148147476055,18.823028564453125,3622500,0.0,0.0
2019-06-13 00:00:00-04:00,19.0931326827529,19.236626665614676,18.865230190568,19.228185653686523,3088800,0.0,0.0
2019-06-14 00:00:00-04:00,19.202862482572304,19.202862482572304,18.37566263894382,18.696413040161133,4031700,0.0,0.0
2019-06-17 00:00:00-04:00,18.671092559055744,19.270389942422987,18.49383452076334,18.907434463500977,3804700,0.0,0.0
2019-06-18 00:00:00-04:00,18.966519516963643,19.548936472719458,18.941198090599332,19.489850997924805,5238100,0.0,0.0
2019-06-19 00:00:00-04:00,19.548929920581777,19.726187895513316,19.35479153705125,19.683982849121094,3187400,0.0,0.0
2019-06-20 00:00:00-04:00,19.98785842101396,20.62936081877821,19.98785842101396,20.56183433532715,4282400,0.0,0.0
2019-06-21 00:00:00-04:00,20.620923934170413,21.270867473690434,20.620923934170413,21.24554443359375,7018100,0.0,0.0
2019-06-24 00:00:00-04:00,21.27086216607071,21.397474115043863,20.789734184039496,20.86570167541504,3145700,0.0,0.0
2019-06-25 00:00:00-04:00,20.806621020742927,20.94167401222362,20.55339706420629,20.781299591064453,2885700,0.0,0.0
2019-06-26 00:00:00-04:00,20.916350487662413,21.372153885768974,20.789736912116457,20.891027450561523,3669700,0.0,0.0
2019-06-27 00:00:00-04:00,20.882585071428558,21.110487560544858,20.73065007868436,20.840381622314453,3301900,0.0,0.0
2019-06-28 00:00:00-04:00,20.89946733897817,21.161132268448007,20.61247937376929,20.789735794067383,9899300,0.0,0.0
2019-07-01 00:00:00-04:00,21.093606531822278,21.524088494915606,21.042962068504963,21.253982543945312,4256600,0.0,0.0
2019-07-02 00:00:00-04:00,21.23710181214054,21.405918846751444,20.45210533812938,20.696889877319336,6348600,0.0,0.0
2019-07-03 00:00:00-04:00,20.80661698706861,20.80661698706861,20.274846137449956,20.688446044921875,1584500,0.0,0.0
2019-07-05 00:00:00-04:00,20.561835529136378,20.722209930419922,20.40145951789438,20.722209930419922,1951800,0.0,0.0
2019-07-08 00:00:00-04:00,20.67156461406549,21.270863573463323,20.536511644897207,21.262422561645508,3622900,0.0,0.0
2019-07-09 00:00:00-04:00,21.152695252336564,21.21178073693067,20.966997785046697,21.10205078125,3473200,0.0,0.0
2019-07-10 00:00:00-04:00,21.313066319295732,21.481883330164578,21.12736889530667,21.42279624938965,2234200,0.0,0.0
2019-07-11 00:00:00-04:00,21.37215103747298,21.40591508244105,21.10204511756152,21.304624557495117,3322800,0.0,0.0
2019-07-12 00:00:00-04:00,21.389033926693827,21.47344243257617,21.085163949500725,21.11048698425293,2563700,0.0,0.0
2019-07-15 00:00:00-04:00,21.127369584173856,21.152691009658966,20.78129614957135,20.840381622314453,3081300,0.0,0.0
2019-07-16 00:00:00-04:00,20.789736260405068,20.80661828460978,20.291729426033573,20.333932876586914,5331900,0.0,0.0
2019-07-17 00:00:00-04:00,20.342377133304627,20.485871142015142,19.574262619018555,19.574262619018555,8302000,0.0,0.0
2019-07-18 00:00:00-04:00,19.523613554527845,19.692430577784116,19.06781016766944,19.675548553466797,11212900,0.0,0.0
2019-07-19 00:00:00-04:00,19.667108480081282,20.063828020682653,19.439207580752875,19.88656997680664,5471900,0.0,0.0
2019-07-22 00:00:00-04:00,20.004739442289942,20.38457528894105,20.004739442289942,20.224199295043945,4344400,0.0,0.0
2019-07-23 00:00:00-04:00,20.22420144666453,20.696888467390913,20.207321032320227,20.519630432128906,4163300,0.0,0.0
2019-07-24 00:00:00-04:00,20.5111882801984,21.102046218293975,20.5111882801984,20.983875274658203,2889200,0.0,0.0
2019-07-25 00:00:00-04:00,21.102050043341436,21.118932069766185,20.59560052030951,20.781299591064453,3396000,0.0,0.0
2019-07-26 00:00:00-04:00,20.67156248125178,21.026076891230655,20.67156248125178,20.966991424560547,3898300,0.0,0.0
2019-07-29 00:00:00-04:00,20.924790844084328,20.958553282535313,20.148235440210396,20.333932876586914,2924700,0.0,0.0
2019-07-30 00:00:00-04:00,20.190437631648713,20.739090504419284,19.9540941373969,20.688446044921875,6000100,0.0,0.0
2019-07-31 00:00:00-04:00,21.017638251134223,21.903925181036257,20.77285534589466,21.431238174438477,7307200,0.0,0.0
2019-08-01 00:00:00-04:00,21.051399600806732,21.76886942069395,20.891023615194722,21.329946517944336,6346400,0.0,0.0
2019-08-02 00:00:00-04:00,21.414355304929458,21.414355304929458,20.198877100139228,20.325489044189453,5043200,0.0,0.0
2019-08-05 00:00:00-04:00,19.91189394498964,20.2157639715723,19.75151791874228,20.097591400146484,4401200,0.0,0.0
2019-08-06 00:00:00-04:00,20.266405681656998,20.409899662466767,19.54893577760815,19.996299743652344,3429900,0.0,0.0
2019-08-07 00:00:00-04:00,19.48140895997327,19.80215935337934,19.194421003261247,19.71775245666504,4421600,0.0,0.0
2019-08-08 00:00:00-04:00,19.751518208840952,20.3930207132938,19.472971217035248,20.37613868713379,4279500,0.0,0.0
2019-08-09 00:00:00-04:00,20.34237224852652,20.350813259948296,19.743073317246964,19.987857818603516,3147200,0.0,0.0
2019-08-12 00:00:00-04:00,19.987860686995703,20.353596269770986,19.80924654040693,19.919816970825195,4479000,0.18,0.0
2019-08-13 00:00:00-04:00,19.826253256470437,20.38761423561344,19.7582095505831,20.047395706176758,3328000,0.0,0.0
2019-08-14 00:00:00-04:00,19.503048335237114,19.571092049065687,18.507908006562925,18.720544815063477,5437400,0.0,0.0
2019-08-15 00:00:00-04:00,18.51641313427032,18.592962512884156,17.376679744119922,17.614831924438477,7326700,0.0,0.0
2019-08-16 00:00:00-04:00,17.750922362622767,18.116656328552125,17.5382855436384,17.912525177001953,6012700,0.0,0.0
2019-08-19 00:00:00-04:00,18.286768930947122,18.456879058290703,18.065626414316636,18.218725204467773,4087000,0.0,0.0
2019-08-20 00:00:00-04:00,18.099644507072686,18.108150173515835,17.631842586439454,17.95505142211914,4000000,0.0,0.0
2019-08-21 00:00:00-04:00,18.10815066307743,18.20170975190149,17.946546240868543,18.065622329711914,2906000,0.0,0.0
2019-08-22 00:00:00-04:00,18.099646399267797,18.678017177256724,18.099646399267797,18.22722816467285,4029700,0.0,0.0
2019-08-23 00:00:00-04:00,17.895513249407276,18.584456003401513,17.68287645674202,17.759424209594727,5048700,0.0,0.0
2019-08-26 00:00:00-04:00,18.031600026171095,18.26975218722778,17.818963241061955,18.116653442382812,4018400,0.0,0.0
2019-08-27 00:00:00-04:00,18.337791196284662,18.558933590826598,18.074122104530225,18.108144760131836,3887400,0.0,0.0
2019-08-28 00:00:00-04:00,18.159182088618028,18.70353174883243,18.006083341110237,18.405839920043945,4271400,0.0,0.0
2019-08-29 00:00:00-04:00,18.592960383477376,18.941684569539625,18.50790534783759,18.609970092773438,3308500,0.0,0.0
2019-08-30 00:00:00-04:00,18.73755229502328,18.882145359954357,18.363311134797602,18.448366165161133,4984700,0.0,0.0
2019-09-03 00:00:00-04:00,18.09114158232004,18.89065488166139,17.946548475453586,18.839622497558594,5157400,0.0,0.0
2019-09-04 00:00:00-04:00,19.094787576736827,19.29891873451977,18.873645083566082,19.23087501525879,5410500,0.0,0.0
2019-09-05 00:00:00-04:00,19.59660721629263,20.447154370702066,19.511552176393693,20.00486946105957,4927400,0.0,0.0
2019-09-06 00:00:00-04:00,19.885792857900785,20.11544099166277,19.698673057589193,20.013376235961914,3744000,0.0,0.0
2019-09-09 00:00:00-04:00,20.123945857385664,20.659791481502726,20.02188110574716,20.56623077392578,4558800,0.0,0.0
2019-09-10 00:00:00-04:00,20.736339390415438,21.034031225803627,20.430143510901576,20.50669288635254,3551500,0.0,0.0
2019-09-11 00:00:00-04:00,19.775222823491962,20.15796972060461,18.899158604706386,18.958698272705078,12446500,0.0,0.0
2019-09-12 00:00:00-04:00,18.41434801773245,19.460520767454142,18.167690153737414,19.256389617919922,67849800,0.0,0.0
2019-09-13 00:00:00-04:00,19.528561584928973,19.562584249279055,18.882147185176624,19.324430465698242,10862400,0.0,0.0
2019-09-16 00:00:00-04:00,20.013371845638908,20.31956766786149,19.25638389918243,20.251523971557617,22371500,0.0,0.0
2019-09-17 00:00:00-04:00,19.894301261121782,20.157972097912925,19.43500655271026,19.88579559326172,8635700,0.0,0.0
2019-09-18 00:00:00-04:00,19.860277514029416,20.19199040405861,19.63062937987534,19.758211135864258,5777700,0.0,0.0
2019-09-19 00:00:00-04:00,19.95383243503806,20.013372089533007,19.647636609084003,19.741195678710938,4691400,0.0,0.0
2019-09-20 00:00:00-04:00,19.792232520872716,20.072913014786558,19.494540694651377,20.064407348632812,14539200,0.0,0.0
2019-09-23 00:00:00-04:00,19.945333929365027,20.744847187056926,19.945333929365027,20.328079223632812,12239800,0.0,0.0
2019-09-24 00:00:00-04:00,20.14946494493358,20.5066948572752,19.76671803089251,20.115442276000977,8521300,0.0,0.0
2019-09-25 00:00:00-04:00,19.902802009527317,20.6597900390625,19.860275303028764,20.6597900390625,8950800,0.0,0.0
2019-09-26 00:00:00-04:00,20.48117749531541,20.566232543860675,19.90280511195577,20.353595733642578,8708600,0.0,0.0
2019-09-27 00:00:00-04:00,20.277041130795247,20.73633567900605,20.166469109471926,20.44715118408203,31637300,0.0,0.0
2019-09-30 00:00:00-04:00,20.311069254479325,20.421641314380523,19.5881053314973,19.732698440551758,8175900,0.0,0.0
2019-10-01 00:00:00-04:00,19.885793893771982,19.89429956090513,19.27340046079654,19.281906127929688,6917300,0.0,0.0
2019-10-02 00:00:00-04:00,19.264895017751684,19.264895017751684,18.771577674321804,18.83111572265625,4997400,0.0,0.0
2019-10-03 00:00:00-04:00,18.737556708954525,19.30742343765472,18.524919894100577,19.298917770385742,5886300,0.0,0.0
2019-10-04 00:00:00-04:00,19.298920703892627,19.39247981349239,18.958702072869855,19.111799240112305,4581000,0.0,0.0
2019-10-07 00:00:00-04:00,19.128806628094267,19.179839006639448,18.61847797577225,18.626983642578125,3898900,0.0,0.0
2019-10-08 00:00:00-04:00,18.44836890030601,18.558939320568875,18.176194060622034,18.1846981048584,3177000,0.0,0.0
2019-10-09 00:00:00-04:00,18.397335028263083,18.431357694603662,18.091139142647968,18.380325317382812,2512300,0.0,0.0
2019-10-10 00:00:00-04:00,18.482387395114447,18.678012831371284,18.439860690637673,18.54192543029785,2959700,0.0,0.0
2019-10-11 00:00:00-04:00,18.81410425907371,19.128805805914478,18.66951117416876,18.907663345336914,5342900,0.0,0.0
2019-10-14 00:00:00-04:00,18.643994326438325,19.043750918642342,18.541927950614955,18.98421287536621,3646300,0.0,0.0
2019-10-15 00:00:00-04:00,18.984212565651525,19.298915732206904,18.88214781378328,18.967201232910156,4672500,0.0,0.0
2019-10-16 00:00:00-04:00,18.975708023433473,19.06926873676371,18.6780161719837,18.703533172607422,3471300,0.0,0.0
2019-10-17 00:00:00-04:00,18.856632082831048,19.188344982146408,18.746061657155956,18.78008270263672,4242400,0.0,0.0
2019-10-18 00:00:00-04:00,18.78008270263672,18.78008270263672,18.78008270263672,18.78008270263672,0,0.0,0.0
2019-10-21 00:00:00-04:00,18.50790658042087,18.992718206878152,18.32078678738349,18.814104080200195,7115800,0.0,0.0
2019-10-22 00:00:00-04:00,18.950190736491738,19.443508009501,18.797091992749227,19.247880935668945,2916400,0.0,0.0
2019-10-23 00:00:00-04:00,19.137313751991393,19.732697495413866,18.96720364750206,19.664653778076172,3881000,0.0,0.0
2019-10-24 00:00:00-04:00,19.605109136380523,19.622120466975446,18.669508665716638,18.99271583557129,3629500,0.0,0.0
2019-10-25 00:00:00-04:00,18.967204083831373,19.23087491408445,18.91617170022668,19.035247802734375,4476300,0.0,0.0
2019-10-28 00:00:00-04:00,19.179839161553016,19.298916875506972,18.567445747194395,18.703533172607422,4157000,0.0,0.0
2019-10-29 00:00:00-04:00,18.558939930421193,19.128806628094267,18.363314460756275,18.626983642578125,8288500,0.0,0.0
2019-10-30 00:00:00-04:00,19.162829952992908,19.664652955731793,18.32078837779294,18.388832092285156,6093800,0.0,0.0
2019-10-31 00:00:00-04:00,18.261247791721136,18.303776125075935,17.793447480848606,18.201709747314453,5654300,0.0,0.0
2019-11-01 00:00:00-04:00,18.28676508179347,18.68652168792918,18.15918332428548,18.626983642578125,4244600,0.0,0.0
2019-11-04 00:00:00-05:00,18.780081262404558,19.179837844314463,18.678014889209493,19.009729385375977,4639400,0.0,0.0
2019-11-05 00:00:00-05:00,18.91616807242011,19.383969969665557,18.797091992749227,19.247880935668945,4229300,0.0,0.0
2019-11-06 00:00:00-05:00,19.19685015355921,19.290410865223873,18.584456750102436,18.669511795043945,3532500,0.0,0.0
2019-11-07 00:00:00-05:00,18.87532963677216,19.15833087599468,18.789571338525203,18.935359954833984,3944100,0.18,0.0
2019-11-08 00:00:00-05:00,18.755268584322568,19.09830013399236,18.515145681701988,19.081148147583008,2989000,0.0,0.0
2019-11-11 00:00:00-05:00,18.780995231596542,19.141178773493614,18.446539669729074,19.046844482421875,2449300,0.0,0.0
2019-11-12 00:00:00-05:00,19.201214445557227,19.25267041996522,18.7895764645169,18.943941116333008,3221800,0.0,0.0
2019-11-13 00:00:00-05:00,18.832448684224563,18.89248063484818,18.497993137838577,18.55802345275879,2236500,0.0,0.0
2019-11-14 00:00:00-05:00,18.55802216679224,18.87532734100171,18.472265514679194,18.772417068481445,2587200,0.0,0.0
2019-11-15 00:00:00-05:00,18.978242540788813,19.595701118030554,18.94394019522197,19.45848846435547,4469300,0.0,0.0
2019-11-18 00:00:00-05:00,19.3641502838868,19.3641502838868,18.712389491256967,19.012542724609375,10998300,0.0,0.0
2019-11-19 00:00:00-05:00,18.995390609565046,19.158331215551833,18.712389365326693,18.875329971313477,3622600,0.0,0.0
2019-11-20 00:00:00-05:00,19.089725617200624,19.54424347798049,18.918209011248788,19.226938247680664,3204800,0.0,0.0
2019-11-21 00:00:00-05:00,19.36414854024852,19.467058818535563,19.124025648047674,19.372724533081055,3067800,0.0,0.0
2019-11-22 00:00:00-05:00,19.372726872028654,19.76721277573287,19.201210266076814,19.226938247680664,3481100,0.0,0.0
2019-11-25 00:00:00-05:00,19.124026767196607,19.509938288727554,18.935359820950076,19.32984733581543,3678500,0.0,0.0
2019-11-26 00:00:00-05:00,19.346999256533394,19.475635895579707,19.201210629426605,19.38987922668457,7738700,0.0,0.0
2019-11-27 00:00:00-05:00,19.31269833434088,19.441334982833606,19.003969069395353,19.338424682617188,3115500,0.0,0.0
2019-11-29 00:00:00-05:00,19.141179944704746,19.441333187268672,19.063997635596778,19.226938247680664,1993600,0.0,0.0
2019-12-02 00:00:00-05:00,19.218365277350774,19.33842593898351,18.75527298555033,18.986818313598633,3491400,0.0,0.0
2019-12-03 00:00:00-05:00,18.712391676965968,18.806725981933532,18.275025766257777,18.283601760864258,5252300,0.0,0.0
2019-12-04 00:00:00-05:00,18.455116225928347,19.012542724609375,18.377933919189058,19.012542724609375,4406600,0.0,0.0
2019-12-05 00:00:00-05:00,19.14118295610006,19.244093263002288,18.918211987565094,18.986818313598633,2855600,0.0,0.0
2019-12-06 00:00:00-05:00,18.986814164722944,19.329847355637092,18.88390551601148,19.046844482421875,5339700,0.0,0.0
2019-12-09 00:00:00-05:00,18.978237864830344,19.4584836700715,18.909631554896386,19.081148147583008,4963500,0.0,0.0
2019-12-10 00:00:00-05:00,19.595700669012086,19.664306994277574,19.021122081524688,19.158334732055664,8649500,0.0,0.0
2019-12-11 00:00:00-05:00,19.192636183011874,19.484213460737042,19.192636183011874,19.44991111755371,7882000,0.0,0.0
2019-12-12 00:00:00-05:00,19.630003399644075,20.48758330017135,19.467064396250667,20.3760986328125,7255400,0.0,0.0
2019-12-13 00:00:00-05:00,20.573340919472567,20.624795253761683,20.230309298038804,20.2731876373291,4890600,0.0,0.0
2019-12-16 00:00:00-05:00,20.479003840247195,20.796309069470336,20.3503672040716,20.53903579711914,5239300,0.0,0.0
2019-12-17 00:00:00-05:00,20.530458079991156,20.907791963006378,20.47042776386162,20.89921760559082,4806600,0.0,0.0
2019-12-18 00:00:00-05:00,20.90779165802235,21.35373347948455,20.796307020508507,21.207944869995117,5406800,0.0,0.0
2019-12-19 00:00:00-05:00,21.105037367642243,21.4823712655739,21.105037367642243,21.41376495361328,4404500,0.0,0.0
2019-12-20 00:00:00-05:00,21.499525867443115,21.67961848055881,21.336585243329623,21.516677856445312,10048100,0.0,0.0
2019-12-23 00:00:00-05:00,21.456647653527305,21.95404388751386,21.430919669876655,21.876861572265625,3453700,0.0,0.0
2019-12-24 00:00:00-05:00,21.79967901553002,22.074104295282126,21.791103021074807,21.851133346557617,958400,0.0,0.0
2019-12-26 00:00:00-05:00,22.048379246772157,22.056955242368918,21.79968191728164,21.919742584228516,2146700,0.0,0.0
2019-12-27 00:00:00-05:00,22.005497416640544,22.134134058795393,21.739648138093372,21.859708786010742,2555900,0.0,0.0
2019-12-30 00:00:00-05:00,21.928314424924473,22.21131568317995,21.859708108853557,21.979768753051758,2828500,0.0,0.0
2019-12-31 00:00:00-05:00,21.782525798810827,21.988344747023575,21.516676528498976,21.979768753051758,3114100,0.0,0.0
2020-01-02 00:00:00-05:00,22.022648194805075,22.06552652793232,21.731070949569837,21.962617874145508,4714900,0.0,0.0
2020-01-03 00:00:00-05:00,22.254197022225405,22.28849936451951,21.74822479668368,21.988346099853516,3125700,0.0,0.0
2020-01-06 00:00:00-05:00,22.056951991261673,22.116983951590548,21.833981045722574,21.88543701171875,4248600,0.0,0.0
2020-01-07 00:00:00-05:00,21.662466491556607,21.8339814744675,20.847765006692843,21.516677856445312,5493400,0.0,0.0
2020-01-08 00:00:00-05:00,21.456645376396043,21.671040310287204,21.207946467944602,21.242250442504883,5871700,0.0,0.0
2020-01-09 00:00:00-05:00,21.319432234100454,21.52525116937525,21.045006987067392,21.473796844482422,3452800,0.0,0.0
2020-01-10 00:00:00-05:00,21.4051879641143,21.439491936350105,21.207945030868704,21.31943130493164,3548700,0.0,0.0
2020-01-13 00:00:00-05:00,21.293704826088963,21.293704826088963,20.847762969823417,20.933521270751953,6227500,0.0,0.0
2020-01-14 00:00:00-05:00,20.581911887482633,20.659094187916963,20.333213000371256,20.599063873291016,7147100,0.0,0.0
2020-01-15 00:00:00-05:00,20.401819875571107,20.539032483448317,19.904422127387082,19.998756408691406,4815400,0.0,0.0
2020-01-16 00:00:00-05:00,20.0502168097084,20.34179409881971,20.015914465185553,20.16170310974121,5742700,0.0,0.0
2020-01-17 00:00:00-05:00,20.093089108933967,20.45327258519577,20.0673611335927,20.247453689575195,5454800,0.0,0.0
2020-01-21 00:00:00-05:00,20.13597118969814,20.161699169840492,19.44990807627027,19.492786407470703,9750500,0.0,0.0
2020-01-22 00:00:00-05:00,19.587123761694524,20.03306567300405,18.729543917962555,19.44991111755371,8477900,0.0,0.0
2020-01-23 00:00:00-05:00,19.175484489899684,19.852971668560762,19.13260451928593,19.690031051635742,7188500,0.0,0.0
2020-01-24 00:00:00-05:00,19.595696848957896,19.767211810833977,19.338421952588526,19.604272842407227,5023600,0.0,0.0
2020-01-27 00:00:00-05:00,18.49799386572948,19.261239275240086,18.455115535014478,18.909631729125977,5917000,0.0,0.0
2020-01-28 00:00:00-05:00,18.95251485282015,19.158333818805524,18.72954389741006,18.78099822998047,5238800,0.0,0.0
2020-01-29 00:00:00-05:00,18.918208795556595,19.0639974182424,18.33505430481336,18.420812606811523,5450300,0.0,0.0
2020-01-30 00:00:00-05:00,18.172112241084534,19.17548044177517,18.112081930601864,19.16690444946289,7351100,0.0,0.0
2020-01-31 00:00:00-05:00,18.786506092663576,18.85566941920646,18.483915920669542,18.725988388061523,5341300,0.18,0.0
2020-02-03 00:00:00-05:00,18.648179838286875,18.88160668872883,18.527144426494964,18.5963077545166,4837000,0.0,0.0
2020-02-04 00:00:00-05:00,18.864317767714276,19.054518179935783,18.32830232177951,18.42340087890625,6352300,0.0,0.0
2020-02-05 00:00:00-05:00,18.75192640543622,18.993997238709948,18.639534962287236,18.8902530670166,4678400,0.0,0.0
2020-02-06 00:00:00-05:00,18.985353632996027,19.305235102495647,18.890255073672403,19.218780517578125,4529100,0.0,0.0
2020-02-07 00:00:00-05:00,19.002639658427928,19.495428513375124,18.916185097265494,19.40897560119629,4115900,0.0,0.0
2020-02-10 00:00:00-05:00,19.244720278746254,19.331174876651236,19.045875857853805,19.149620056152344,3184000,0.0,0.0
2020-02-11 00:00:00-05:00,19.443562369361548,19.521371333252333,19.115036915476978,19.140972137451172,4126700,0.0,0.0
2020-02-12 00:00:00-05:00,19.38303964809162,19.53001191427231,18.942122849549555,19.15825843811035,6027900,0.0,0.0
2020-02-13 00:00:00-05:00,19.115038664713644,19.201491611184487,18.9940015714828,19.089101791381836,3625000,0.0,0.0
2020-02-14 00:00:00-05:00,19.071805004339723,19.17555081855653,18.829734186140136,19.002641677856445,2657700,0.0,0.0
2020-02-18 00:00:00-05:00,18.639539534318285,18.70870288207332,17.999778155338092,18.077587127685547,6982600,0.0,0.0
2020-02-19 00:00:00-05:00,18.250496529987625,18.28507737976792,17.87009728849857,17.991132736206055,6735100,0.0,0.0
2020-02-20 00:00:00-05:00,17.896032691233867,18.120812318786083,17.723123509595368,17.8614501953125,5011000,0.0,0.0
2020-02-21 00:00:00-05:00,17.688542212508587,17.78364243375356,17.351371099344444,17.749061584472656,5956200,0.0,0.0
2020-02-24 00:00:00-05:00,17.057425171136618,17.09200766678868,16.57328177489678,16.841289520263672,8661100,0.0,0.0
2020-02-25 00:00:00-05:00,17.022842349589023,17.03148797249903,16.045908397549724,16.097782135009766,8797800,0.0,0.0
2020-02-26 00:00:00-05:00,16.23611049815409,16.23611049815409,15.276467691777519,15.354276657104492,11815200,0.0,0.0
2020-02-27 00:00:00-05:00,15.034392414288572,15.21594718307772,14.411922454833984,14.411922454833984,10552800,0.0,0.0
2020-02-28 00:00:00-05:00,13.858619843938474,14.178499714182403,13.58196562388909,13.910491943359375,28759000,0.0,0.0
2020-03-02 00:00:00-05:00,14.169852506503501,14.861487567116841,13.737582036481275,14.844196319580078,10606600,0.0,0.0
2020-03-03 00:00:00-05:00,14.81825960351327,15.043040876893638,14.005590748581334,14.290889739990234,9925000,0.0,0.0
2020-03-04 00:00:00-05:00,14.532958789570715,14.956584411629006,14.351405658253135,14.939294815063477,8520500,0.0,0.0
2020-03-05 00:00:00-05:00,14.403276597616996,14.69722115258745,14.282241186388152,14.662638664245605,9556400,0.0,0.0
2020-03-06 00:00:00-05:00,14.126623345514115,14.368695817961429,13.798097125328683,13.90184211730957,14904900,0.0,0.0
2020-03-09 00:00:00-04:00,11.524352012287709,12.752002487182619,10.590646133422853,10.806781768798828,20122900,0.0,0.0
2020-03-10 00:00:00-04:00,11.481123990348667,11.965268145585643,10.69439045951905,11.89610481262207,11374600,0.0,0.0
2020-03-11 00:00:00-04:00,11.377378596311948,11.515705257441637,10.616581135606733,10.988334655761719,10754200,0.0,0.0
2020-03-12 00:00:00-04:00,10.028693377947631,10.435027761264344,9.146859627957527,9.250604629516602,11140900,0.0,0.0
2020-03-13 00:00:00-04:00,10.227536911583677,11.005624771118164,9.423512185437302,11.005624771118164,9728900,0.0,0.0
2020-03-16 00:00:00-04:00,9.570485333831755,10.832717432990027,8.654070733801166,10.037338256835938,14284800,0.0,0.0
2020-03-17 00:00:00-04:00,10.262120069958797,10.40044674739337,9.24195958714077,9.726103782653809,12478600,0.0,0.0
2020-03-18 00:00:00-04:00,8.76646081120937,9.440803696843341,7.936500019470661,8.386061668395996,12774000,0.0,0.0
2020-03-19 00:00:00-04:00,8.44658166060857,9.414869280874706,7.945146190344601,8.766462326049805,9060500,0.0,0.0
2020-03-20 00:00:00-04:00,8.80968949566004,9.181443109755401,8.299610009972639,8.645426750183105,12003100,0.0,0.0
2020-03-23 00:00:00-04:00,8.740524078914637,8.766460946660803,7.884627231097905,8.066181182861328,9820100,0.0,0.0
2020-03-24 00:00:00-04:00,8.360126606249347,9.812558368296434,8.360126606249347,9.726103782653809,9503200,0.0,0.0
2020-03-25 00:00:00-04:00,9.916304157673379,10.703037815937918,9.094988827325519,10.045985221862793,5693500,0.0,0.0
2020-03-26 00:00:00-04:00,10.184311090902572,10.919172594171057,9.968175451646198,10.720327377319336,5350800,0.0,0.0
2020-03-27 00:00:00-04:00,10.184309776549291,10.530127249424652,9.985465409851798,10.270764350891113,6679100,0.0,0.0
2020-03-30 00:00:00-04:00,9.959528817730535,10.192954836384782,9.22466744985407,9.475384712219238,11667500,0.0,0.0
2020-03-31 00:00:00-04:00,9.648293739279671,9.786620401213268,8.904787519140623,9.077695846557617,10741600,0.0,0.0
2020-04-01 00:00:00-04:00,8.723235297782647,8.731880921989655,8.161282091708639,8.472517967224121,9627800,0.0,0.0
2020-04-02 00:00:00-04:00,8.792397553561363,9.691521747435772,8.558970675833468,8.956660270690918,8703600,0.0,0.0
2020-04-03 00:00:00-04:00,9.233313942920505,9.397576651213875,8.861560412977674,8.991241455078125,7730300,0.0,0.0
2020-04-06 00:00:00-04:00,9.743395680043676,10.244830331465563,9.33706041958384,10.15837574005127,7939400,0.0,0.0
2020-04-07 00:00:00-04:00,10.901878834298786,11.498413522855609,10.581998260873583,10.728970527648926,8167800,0.0,0.0
2020-04-08 00:00:00-04:00,11.204473212182489,11.239054886546022,10.68574727223735,11.152600288391113,4948800,0.0,0.0
2020-04-09 00:00:00-04:00,11.775070760325235,12.224633332793452,10.486902413393961,11.11801815032959,7339500,0.0,0.0
2020-04-13 00:00:00-04:00,11.532996268784247,11.636741262530665,10.910525481813828,11.489768981933594,7174300,0.0,0.0
2020-04-14 00:00:00-04:00,11.446542936417117,11.654032946411455,10.953753956557561,11.541643142700195,5122800,0.0,0.0
2020-04-15 00:00:00-04:00,10.850007511367155,11.213115392905541,10.599290243113687,11.161242485046387,6779700,0.0,0.0
2020-04-16 00:00:00-04:00,11.178535708707201,11.18718050780467,10.694391506091023,10.884591102600098,6425100,0.0,0.0
2020-04-17 00:00:00-04:00,10.703034774113373,11.290923856942577,10.694389152426623,11.264986991882324,7624800,0.0,0.0
2020-04-20 00:00:00-04:00,10.44367552723636,11.723199124675066,10.383157803364933,11.221763610839844,5615600,0.0,0.0
2020-04-21 00:00:00-04:00,10.772200435632197,11.498416325033116,10.737618765874632,11.022917747497559,6510900,0.0,0.0
2020-04-22 00:00:00-04:00,11.671323629495099,12.086303629454335,10.452318848999882,11.230406761169434,11573000,0.0,0.0
2020-04-23 00:00:00-04:00,11.377377880694256,12.017139060425139,11.195823943257992,11.731840133666992,9172600,0.0,0.0
2020-04-24 00:00:00-04:00,12.03442972679382,12.302437396892948,11.472477522140672,11.602158546447754,6927500,0.0,0.0
2020-04-27 00:00:00-04:00,11.325507842295906,11.930687468141727,11.048853663015391,11.757779121398926,5428400,0.0,0.0
2020-04-28 00:00:00-04:00,12.103597105101427,12.328378392074276,11.749134750370766,12.276505470275879,5881300,0.0,0.0
2020-04-29 00:00:00-04:00,12.769295204168458,12.898976270530166,12.362959932013865,12.803876876831055,6011200,0.0,0.0
2020-04-30 00:00:00-04:00,12.682839411485828,12.786584419667655,11.922041860327063,12.060368537902832,6904300,0.0,0.0
2020-05-01 00:00:00-04:00,11.740485663348476,11.999848546861898,11.636740674841482,11.844230651855469,5571500,0.0,0.0
2020-05-04 00:00:00-04:00,11.507059840855133,12.146821026431493,11.489768596897555,12.077657699584961,5112600,0.0,0.0
2020-05-05 00:00:00-04:00,12.535867093987546,12.656903348953524,11.671324535781508,11.757779121398926,5556200,0.0,0.0
2020-05-06 00:00:00-04:00,11.714552744141155,11.878815480261764,11.16989079096425,11.178536415100098,5167500,0.0,0.0
2020-05-07 00:00:00-04:00,11.524350175071282,12.164111355915109,11.498414133818663,12.120884895324707,6381300,0.0,0.0
2020-05-08 00:00:00-04:00,12.423475315769508,12.98542842142923,12.224630941492038,12.97678279876709,7740900,0.0,0.0
2020-05-11 00:00:00-04:00,12.752001868079704,12.873038114831132,12.440766865065719,12.63961124420166,4734000,0.0,0.0
2020-05-12 00:00:00-04:00,12.803875845897316,12.994074617981246,12.397540606459748,12.59638500213623,6059500,0.0,0.0
2020-05-13 00:00:00-04:00,12.39753867952664,12.587738246540148,11.714550187219688,11.766422271728516,5050300,0.0,0.0
2020-05-14 00:00:00-04:00,11.507061735260972,12.38889470997622,11.325507766276653,12.103595733642578,4876600,0.0,0.0
2020-05-15 00:00:00-04:00,12.034431478549216,12.527220432037666,11.852877523396845,11.89610481262207,5540400,0.0,0.0
2020-05-18 00:00:00-04:00,12.587738274674845,13.39176218229407,12.397538707236224,13.262081146240234,4992000,0.0,0.0
2020-05-19 00:00:00-04:00,12.994072475667302,13.115108712531862,12.527219597035302,12.544510841369629,4844100,0.0,0.0
2020-05-20 00:00:00-04:00,12.950847232560825,13.590609357502853,12.743357214764945,13.495509147644043,4473400,0.0,0.0
2020-05-21 00:00:00-04:00,13.599252162929792,13.599252162929792,13.01136386535757,13.331244468688965,3607100,0.0,0.0
2020-05-22 00:00:00-04:00,13.208780804359337,13.296255671176683,12.911364421874117,13.226275444030762,3346200,0.18,0.0
2020-05-26 00:00:00-04:00,13.689894662061393,14.144766972893878,13.64615764575298,14.004806518554688,4190400,0.0,0.0
2020-05-27 00:00:00-04:00,14.249738673446128,14.485920906066895,13.908583593508958,14.485920906066895,4719200,0.0,0.0
2020-05-28 00:00:00-04:00,14.547152282025408,14.573395491840303,14.205998896732558,14.337211608886719,5899300,0.0,0.0
2020-05-29 00:00:00-04:00,14.179755452464144,14.63462773764035,14.022301201558655,14.442182540893555,11849100,0.0,0.0
2020-06-01 00:00:00-04:00,14.433437211612798,14.643377916293735,14.197253293174091,14.28472900390625,4898700,0.0,0.0
2020-06-02 00:00:00-04:00,14.32846569520499,15.133239212186465,14.32846569520499,14.967037200927734,5434300,0.0,0.0
2020-06-03 00:00:00-04:00,15.413161383616027,15.465646139998192,15.150734264784553,15.1594820022583,4609800,0.0,0.0
2020-06-04 00:00:00-04:00,15.028267860521312,15.299441022805667,14.765840766425987,15.00202465057373,6776100,0.0,0.0
2020-06-05 00:00:00-04:00,15.92051819393011,15.98175068669395,15.34318087864208,15.526878356933594,9735700,0.0,0.0
2020-06-08 00:00:00-04:00,16.532845321470695,16.882746483125988,16.20918737261218,16.672805786132812,9745200,0.0,0.0
2020-06-09 00:00:00-04:00,16.04298115898471,16.375386792893515,15.754312537695979,16.331649780273438,7092600,0.0,0.0
2020-06-10 00:00:00-04:00,15.911770663487662,16.086720406736035,15.098249435424805,15.098249435424805,6661400,0.0,0.0
2020-06-11 00:00:00-04:00,13.952318472886178,14.450928546410037,13.567427291265096,13.67239761352539,7459200,0.0,0.0
2020-06-12 00:00:00-04:00,14.36345518939056,14.617132883640776,13.541186280364638,13.943572998046875,5858500,0.0,0.0
2020-06-15 00:00:00-04:00,13.200032472659618,14.477171977644135,13.191284736102995,14.30222225189209,7040400,0.0,0.0
2020-06-16 00:00:00-04:00,15.098249717431782,15.211966969244232,14.389699656851814,14.730853080749512,6417500,0.0,0.0
2020-06-17 00:00:00-04:00,14.678366995675097,14.783336500396,14.031049488362203,14.083534240722656,7883100,0.0,0.0
2020-06-18 00:00:00-04:00,13.943574212516952,14.25848525778055,13.768623631814954,14.092283248901367,7564300,0.0,0.0
2020-06-19 00:00:00-04:00,14.590891740046171,14.590891740046171,13.453711782131784,13.549934387207031,14872700,0.0,0.0
2020-06-22 00:00:00-04:00,13.401225090817139,13.637408966874073,13.31375023001202,13.427468299865723,8578000,0.0,0.0
2020-06-23 00:00:00-04:00,13.637410605152237,13.847351297381008,13.514944784237043,13.593672752380371,12063100,0.0,0.0
2020-06-24 00:00:00-04:00,13.339992031388213,13.357487503335197,12.3077825449567,12.51772403717041,6794700,0.0,0.0
2020-06-25 00:00:00-04:00,12.438998233802739,13.0950635291729,12.34277478990781,13.077568054199219,6040500,0.0,0.0
2020-06-26 00:00:00-04:00,13.00758728354655,13.068819774955774,12.675180780897671,12.858879089355469,6852900,0.0,0.0
2020-06-29 00:00:00-04:00,12.911363366192942,13.18253651565373,12.683927229449669,12.990091323852539,6746700,0.0,0.0
2020-06-30 00:00:00-04:00,12.823888937905298,13.549934432507076,12.80639429793773,13.462459564208984,4992000,0.0,0.0
2020-07-01 00:00:00-04:00,13.646159359288186,13.96981815914662,13.357490677408224,13.479955673217773,8575900,0.0,0.0
2020-07-02 00:00:00-04:00,13.768624355097735,14.07478851308204,13.453713293291472,13.479955673217773,7851300,0.0,0.0
2020-07-06 00:00:00-04:00,13.75987571537153,14.00480735940088,13.374984442829948,13.56743049621582,6061800,0.0,0.0
2020-07-07 00:00:00-04:00,13.409973825017804,13.567429754105564,13.270013369930957,13.313751220703125,5590200,0.0,0.0
2020-07-08 00:00:00-04:00,13.348741438639946,13.742380430200942,13.32249822743379,13.576177597045898,5178800,0.0,0.0
2020-07-09 00:00:00-04:00,13.576178149183571,13.654905283313472,12.78015156238866,12.815141677856445,4833900,0.0,0.0
2020-07-10 00:00:00-04:00,12.788897606378564,13.20003203435754,12.745159759277815,13.16504192352295,2982600,0.0,0.0
2020-07-13 00:00:00-04:00,13.313752352359328,13.532440790578363,12.998840467416597,13.173791885375977,4632000,0.0,0.0
2020-07-14 00:00:00-04:00,13.112557732586646,13.672400399620182,12.972597274385796,13.611167907714844,5190200,0.0,0.0
2020-07-15 00:00:00-04:00,13.987311631593789,14.022302580877016,13.611168103330709,13.646158218383789,5622600,0.0,0.0
2020-07-16 00:00:00-04:00,13.383731598779613,13.724885003333386,13.208781027953304,13.462459564208984,3411000,0.0,0.0
2020-07-17 00:00:00-04:00,13.549934801916947,13.646158244167337,13.339994111201793,13.357489585876465,4114400,0.0,0.0
2020-07-20 00:00:00-04:00,13.331244741429742,13.427468171897402,12.928858049716927,13.16504192352295,5579700,0.0,0.0
2020-07-21 00:00:00-04:00,13.471204431241599,14.337210251629275,13.401224213486838,14.267230033874512,6592200,0.0,0.0
2020-07-22 00:00:00-04:00,13.978562827137354,14.739599231346434,13.847350114262731,14.398444175720215,9046600,0.0,0.0
2020-07-23 00:00:00-04:00,14.459678487870283,14.695860706201742,14.057290939803757,14.599638938903809,7188400,0.0,0.0
2020-07-24 00:00:00-04:00,14.68711594843579,15.028269369713367,14.293476101992177,14.319719314575195,7759200,0.0,0.0
2020-07-27 00:00:00-04:00,14.328466025042125,14.42468947369354,13.961070208965587,14.28472900390625,4360900,0.0,0.0
2020-07-28 00:00:00-04:00,14.136018958277893,14.232242394418632,13.794865566084637,13.882340431213379,5209600,0.0,0.0
2020-07-29 00:00:00-04:00,13.85609638448725,13.908581130390463,13.191283485359934,13.829854011535645,8650000,0.0,0.0
2020-07-30 00:00:00-04:00,13.47995145122137,13.584921772279497,12.998836854032485,13.409971237182617,8388100,0.0,0.0
2020-07-31 00:00:00-04:00,13.2000332467242,13.724884957448447,13.2000332467242,13.549934387207031,15626000,0.0,0.0
2020-08-03 00:00:00-04:00,13.427466861584703,13.899833728871013,13.165040638818983,13.67239761352539,5234900,0.0,0.0
2020-08-04 00:00:00-04:00,13.52369136899976,14.188503504394935,13.52369136899976,14.162261962890625,4369400,0.0,0.0
2020-08-05 00:00:00-04:00,14.477172369990054,14.87955992019915,14.188503729638827,14.660871505737305,7066500,0.0,0.0
2020-08-06 00:00:00-04:00,14.599639332836704,14.739599787646695,14.45093114104356,14.6696195602417,5187000,0.0,0.0
2020-08-07 00:00:00-04:00,14.48392577054234,14.669618013101495,14.307077862911845,14.651932716369629,5260100,0.18,0.0
2020-08-10 00:00:00-04:00,14.713829675994972,15.394698426087649,14.67846076883525,15.262062072753906,6256600,0.0,0.0
2020-08-11 00:00:00-04:00,15.509650918773008,15.713026769706127,15.138268123495585,15.191322326660156,8010400,0.0,0.0
2020-08-12 00:00:00-04:00,15.45659452215654,15.598073516997491,15.22669073389933,15.500807762145996,4979500,0.0,0.0
2020-08-13 00:00:00-04:00,15.315117345705795,15.403542149620884,15.04984462052339,15.138269424438477,4617500,0.0,0.0
2020-08-14 00:00:00-04:00,14.99678539537077,15.341641885388864,14.970259140681863,15.2355318069458,3826200,0.0,0.0
2020-08-17 00:00:00-04:00,15.102897546360838,15.147109101284416,14.439714103130889,14.740357398986816,5647700,0.0,0.0
2020-08-18 00:00:00-04:00,14.625407712159515,15.041002101624837,14.501612310982052,14.554666519165039,4490900,0.0,0.0
2020-08-19 00:00:00-04:00,14.475087893787851,14.678463789861276,14.315923562404096,14.439717292785645,3556700,0.0,0.0
2020-08-20 00:00:00-04:00,14.27170646583527,14.27170646583527,13.882639235736823,13.90916633605957,4620600,0.0,0.0
2020-08-21 00:00:00-04:00,13.794216330289064,13.820743432618311,13.45820327542023,13.661579132080078,4977800,0.0,0.0
2020-08-24 00:00:00-04:00,13.696949840422901,14.280551192150865,13.696949840422901,14.06833267211914,3528500,0.0,0.0
2020-08-25 00:00:00-04:00,14.25402456408046,14.360132978081648,13.82958669166863,13.838428497314453,3371100,0.0,0.0
2020-08-26 00:00:00-04:00,13.732316388946387,13.785371428213178,13.228297310677444,13.307879447937012,5064800,0.0,0.0
2020-08-27 00:00:00-04:00,13.316722885605268,13.396304184308116,12.9807098657174,13.024921417236328,6289900,0.0,0.0
2020-08-28 00:00:00-04:00,13.069135305163872,13.192929856091556,12.954183402862748,13.086820602416992,4372600,0.0,0.0
2020-08-31 00:00:00-04:00,13.166403970285504,13.210615530941407,12.485535142181844,12.62701416015625,8577900,0.0,0.0
2020-09-01 00:00:00-04:00,12.432477799091327,12.547428839766711,12.167204285597645,12.273313522338867,6092100,0.0,0.0
2020-09-02 00:00:00-04:00,12.246788286437575,12.54743074795143,12.016884483561054,12.476691246032715,7738400,0.0,0.0
2020-09-03 00:00:00-04:00,12.865758895874023,13.131032440349218,12.644697749358254,12.865758895874023,11846000,0.0,0.0
2020-09-04 00:00:00-04:00,13.016083806082205,13.192932598974307,12.706597786059852,12.848076820373535,9650500,0.0,0.0
2020-09-08 00:00:00-04:00,12.60048639435981,12.671225899637562,12.034569508856375,12.370582580566406,11612900,0.0,0.0
2020-09-09 00:00:00-04:00,12.529747070226888,12.573959472485024,12.273316149067414,12.48553466796875,6643800,0.0,0.0
2020-09-10 00:00:00-04:00,12.467848696081651,12.529745545743245,12.184889862025798,12.264472007751465,8190200,0.0,0.0
2020-09-11 00:00:00-04:00,12.282159450292335,12.352898960348671,11.98151611091217,12.335213661193848,6885800,0.0,0.0
2020-09-14 00:00:00-04:00,12.299842291743913,13.095662940344079,12.06109668746082,12.936498641967773,8095600,0.0,0.0
2020-09-15 00:00:00-04:00,12.945342483675615,13.201773408429831,12.865760327151644,13.00723934173584,7440200,0.0,0.0
2020-09-16 00:00:00-04:00,13.042608623884197,13.475888301205353,12.865759862047135,13.272512435913086,9027300,0.0,0.0
2020-09-17 00:00:00-04:00,13.086821035904752,13.484730961185079,12.803862173451801,13.431675910949707,7666900,0.0,0.0
2020-09-18 00:00:00-04:00,13.281355562770072,13.803059218143154,13.272512913539652,13.413991928100586,8862200,0.0,0.0
2020-09-21 00:00:00-04:00,13.060294642252918,13.095664396571701,12.494377729870928,12.671226501464844,6700300,0.0,0.0
2020-09-22 00:00:00-04:00,12.759650772707968,12.892287135009305,12.57395935951724,12.733122825622559,4559500,0.0,0.0
2020-09-23 00:00:00-04:00,12.724281954555842,12.812705921491567,11.937303842123407,11.963830947875977,6465300,0.0,0.0
2020-09-24 00:00:00-04:00,11.804667062498005,12.034570043218196,11.583605887869064,11.778139114379883,6886500,0.0,0.0
2020-09-25 00:00:00-04:00,11.60129052157298,11.716242435339902,11.504023906823186,11.610133171081543,6254000,0.0,0.0
2020-09-28 00:00:00-04:00,11.875406384651066,12.096467555812664,11.804666877341871,11.910776138305664,5526200,0.0,0.0
2020-09-29 00:00:00-04:00,11.875406753368175,12.008043122870754,11.459811502561834,11.610133171081543,4779800,0.0,0.0
2020-09-30 00:00:00-04:00,11.645502449674947,11.972672878581296,11.627817151380931,11.751611709594727,5729800,0.0,0.0
2020-10-01 00:00:00-04:00,11.495181328910755,11.645502998366721,11.11495583048902,11.282962799072266,5442600,0.0,0.0
2020-10-02 00:00:00-04:00,10.867368771211499,11.371388047237504,10.72588973536431,11.185696601867676,5973200,0.0,0.0
2020-10-05 00:00:00-04:00,11.371384511730794,11.557075899366831,11.282960563459206,11.459809303283691,6843500,0.0,0.0
2020-10-06 00:00:00-04:00,11.698557209185607,11.769297562413247,11.265277499944986,11.282962799072266,6223300,0.0,0.0
2020-10-07 00:00:00-04:00,11.327174665720072,11.521707887193564,11.141483250108877,11.468653678894043,5242000,0.0,0.0
2020-10-08 00:00:00-04:00,11.627816271688182,11.866562720906602,11.49517991764331,11.831192970275879,5671100,0.0,0.0
2020-10-09 00:00:00-04:00,11.86656355908965,12.034569675632197,11.592447339878577,11.672029495239258,4379900,0.0,0.0
2020-10-12 00:00:00-04:00,11.610133171081543,11.68971533009568,11.406756448791919,11.610133171081543,4825100,0.0,0.0
2020-10-13 00:00:00-04:00,11.539390589805809,11.574760335143218,11.265274430979964,11.371383666992188,6947900,0.0,0.0
2020-10-14 00:00:00-04:00,11.380227947362256,12.061096696922716,11.327173743382778,11.627816200256348,8812800,0.0,0.0
2020-10-15 00:00:00-04:00,11.397913721580593,11.981515049485633,11.34485867209768,11.89309024810791,7062800,0.0,0.0
2020-10-16 00:00:00-04:00,11.786978858585575,11.901930742253912,11.601287483933838,11.618972778320312,7910100,0.0,0.0
2020-10-19 00:00:00-04:00,11.831192772435593,12.052253921001396,11.565919225500357,11.592446327209473,7471900,0.0,0.0
2020-10-20 00:00:00-04:00,11.795824695515925,12.122995140605404,11.742769641291007,12.052255630493164,9800400,0.0,0.0
2020-10-21 00:00:00-04:00,11.848877128918796,12.68006751296661,11.742767879668696,12.414793968200684,10954300,0.0,0.0
2020-10-22 00:00:00-04:00,12.5297457866289,12.839231727449432,12.35289703899489,12.786176681518555,7498200,0.0,0.0
2020-10-23 00:00:00-04:00,12.90113020495703,12.980712362246893,12.432480753816277,12.635856628417969,6998400,0.0,0.0
2020-10-26 00:00:00-04:00,12.432481184008005,12.432481184008005,12.114152543833667,12.291001319885254,4193400,0.0,0.0
2020-10-27 00:00:00-04:00,12.229103687322178,12.565116762255515,12.043412273366425,12.529747009277344,5904800,0.0,0.0
2020-10-28 00:00:00-04:00,12.184891461631034,12.405952631764377,12.043412447670725,12.114151954650879,9975300,0.0,0.0
2020-10-29 00:00:00-04:00,11.937303126071221,12.697753243854441,11.813508567849166,12.688911437988281,9574800,0.0,0.0
2020-10-30 00:00:00-04:00,12.60932824748825,13.07797765119439,12.5385887466753,13.060293197631836,10456400,0.0,0.0
2020-11-02 00:00:00-05:00,13.263668669139907,14.08601639647661,13.086819922207644,13.89148235321045,10397600,0.0,0.0
2020-11-03 00:00:00-05:00,14.13023018682666,14.298237155460052,13.78537528655655,14.0418062210083,8610800,0.0,0.0
2020-11-04 00:00:00-05:00,13.918010469508301,14.192125836424953,13.475888148291787,13.847270965576172,7658400,0.0,0.0
2020-11-05 00:00:00-05:00,13.78537263903254,14.13907012094022,13.75000289084177,13.90916633605957,6399700,0.0,0.0
2020-11-06 00:00:00-05:00,13.882332985407805,14.258013881143096,13.739215438171996,13.927056312561035,7022600,0.18,0.0
2020-11-09 00:00:00-05:00,15.572900634213683,16.494215883316723,15.13460552718961,15.805465698242188,14116800,0.0,0.0
2020-11-10 00:00:00-05:00,15.832298656017173,16.297427017373224,15.268775230363163,15.742850303649902,9989900,0.0,0.0
2020-11-11 00:00:00-05:00,15.966475250186367,16.011198587104843,15.35822831401379,15.707075119018555,5727700,0.0,0.0
2020-11-12 00:00:00-05:00,15.402952608332587,15.662352755623916,15.161444185441065,15.429787635803223,7570400,0.0,0.0
2020-11-13 00:00:00-05:00,15.662347301712686,16.046974031094265,15.546063929251277,15.984360694885254,4629500,0.0,0.0
2020-11-16 00:00:00-05:00,16.699946924376768,17.075628710862084,16.26165179115819,16.80728530883789,8335200,0.0,0.0
2020-11-17 00:00:00-05:00,16.494216214280726,17.352916431537132,16.38687783408084,17.227689743041992,11196400,0.0,0.0
2020-11-18 00:00:00-05:00,17.31713715368574,17.31713715368574,16.61049697938691,16.619441986083984,8241800,0.0,0.0
2020-11-19 00:00:00-05:00,16.44948802522143,16.619439717091833,16.10958634756597,16.3779296875,9324300,0.0,0.0
2020-11-20 00:00:00-05:00,16.24375934107767,16.34215270324375,16.082752641564255,16.288482666015625,7444500,0.0,0.0
2020-11-23 00:00:00-05:00,16.538939544147368,17.34397142434667,16.3958228412713,17.227689743041992,8670200,0.0,0.0
2020-11-24 00:00:00-05:00,17.889608198021573,18.265290038423466,17.621264757485644,18.122173309326172,8996500,0.0,0.0
2020-11-25 00:00:00-05:00,17.71965100014889,17.80015434880164,17.433417629865982,17.69281768798828,8643700,0.0,0.0
2020-11-27 00:00:00-05:00,17.648092657578164,17.755431024476984,17.53181099068278,17.69281768798828,2415200,0.0,0.0
2020-11-30 00:00:00-05:00,17.460254154084282,17.621260865276845,16.72678065294981,16.74466896057129,12001800,0.0,0.0
2020-12-01 00:00:00-05:00,17.34397003922482,17.460253417328566,17.12929500205507,17.20085334777832,6500100,0.0,0.0
2020-12-02 00:00:00-05:00,17.030907131450057,17.8985524796096,16.91462372747951,17.59442901611328,6720200,0.0,0.0
2020-12-03 00:00:00-05:00,17.773323927364057,18.444184137858006,17.612317203871793,18.265287399291992,6883700,0.0,0.0
2020-12-04 00:00:00-05:00,18.62307766939374,19.490724563598633,18.551519320951794,19.490724563598633,11665500,0.0,0.0
2020-12-07 00:00:00-05:00,19.284993210375404,19.74117833073279,19.10609818868282,19.696455001831055,7006700,0.0,0.0
2020-12-08 00:00:00-05:00,19.284995189926267,20.10791715122257,19.240271856433807,20.054248809814453,6728100,0.0,0.0
2020-12-09 00:00:00-05:00,20.25997698877332,20.832445499516155,20.036356929943405,20.33153533935547,7427000,0.0,0.0
2020-12-10 00:00:00-05:00,19.973743481152407,21.011340412166636,19.902185130947483,20.680383682250977,5463800,0.0,0.0
2020-12-11 00:00:00-05:00,20.43887499627269,20.617770030871174,20.0542481980616,20.277868270874023,6101800,0.0,0.0
2020-12-14 00:00:00-05:00,20.528322403052744,20.573045733081695,19.267105388076764,19.392332077026367,8371500,0.0,0.0
2020-12-15 00:00:00-05:00,19.472836378606427,19.848518169727267,19.21343627484133,19.687511444091797,6023300,0.0,0.0
2020-12-16 00:00:00-05:00,19.544393574582923,19.544393574582923,18.95403675299099,19.231325149536133,5950600,0.0,0.0
2020-12-17 00:00:00-05:00,19.38338685849682,19.553338581708335,18.90931171736393,19.231325149536133,4765600,0.0,0.0
2020-12-18 00:00:00-05:00,19.150824682326267,19.392334792911576,18.721474512009667,18.93614959716797,12639200,0.0,0.0
2020-12-21 00:00:00-05:00,18.15794875173391,19.159767402227804,18.14900545041241,19.007705688476562,5381800,0.0,0.0
2020-12-22 00:00:00-05:00,18.980870027879945,19.338663487792218,18.882478361881162,18.954036712646484,5431400,0.0,0.0
2020-12-23 00:00:00-05:00,19.123989738756176,19.311831505377413,18.819867979711283,18.90036964416504,3898600,0.0,0.0
2020-12-24 00:00:00-05:00,18.962983430688546,18.99876175625648,18.649914978061528,18.793031692504883,1213400,0.0,0.0
2020-12-28 00:00:00-05:00,18.95403646685292,18.95403646685292,18.560464689704602,18.676746368408203,3207900,0.0,0.0
2020-12-29 00:00:00-05:00,18.873529403143475,18.9808660537751,18.435234383212862,18.560461044311523,3775200,0.0,0.0
2020-12-30 00:00:00-05:00,18.551522487233864,19.079266036847972,18.542577478891232,18.971927642822266,3582200,0.0,0.0
2020-12-31 00:00:00-05:00,18.936149135083426,18.936149135083426,18.56941232695979,18.64991569519043,2799300,0.0,0.0
2021-01-04 00:00:00-05:00,18.980876052946876,19.222386203224115,18.623084185547,18.80198097229004,4973500,0.0,0.0
2021-01-05 00:00:00-05:00,19.106105272664294,19.72329562955533,18.998766854982307,19.01665687561035,7773900,0.0,0.0
2021-01-06 00:00:00-05:00,19.437055200253216,20.090025365808355,19.213435140316335,19.82168197631836,8205500,0.0,0.0
2021-01-07 00:00:00-05:00,19.86640644973457,20.331536610644992,19.86640644973457,20.277868270874023,5536700,0.0,0.0
2021-01-08 00:00:00-05:00,20.385205523612697,20.492542197189497,19.911130381405773,20.098970413208008,5298400,0.0,0.0
2021-01-11 00:00:00-05:00,19.499670622022887,20.32259259852782,19.284995546337147,20.259979248046875,4140000,0.0,0.0
2021-01-12 00:00:00-05:00,20.420983944798067,21.020285777769388,20.277867241946918,20.60882568359375,5394600,0.0,0.0
2021-01-13 00:00:00-05:00,20.57304573059082,20.778775778436167,20.2510322949472,20.57304573059082,4843400,0.0,0.0
2021-01-14 00:00:00-05:00,20.653549264351458,21.503306190677957,20.6088259339493,21.208126068115234,7846000,0.0,0.0
2021-01-15 00:00:00-05:00,20.716166471535974,20.91295155051276,20.00952782414379,20.456768035888672,6391600,0.0,0.0
2021-01-19 00:00:00-05:00,20.581994749229715,20.68038814176111,20.215257912085793,20.456768035888672,12059900,0.0,0.0
2021-01-20 00:00:00-05:00,20.626714961204502,20.698273315992846,20.16158650812315,20.474653244018555,7008500,0.0,0.0
2021-01-21 00:00:00-05:00,20.06319363736259,21.360189063927958,19.839573559738994,20.170530319213867,10725400,0.0,0.0
2021-01-22 00:00:00-05:00,19.839568632322614,20.0184636263391,19.39232858815334,19.830623626708984,7016000,0.0,0.0
2021-01-25 00:00:00-05:00,19.59805937587342,19.59805937587342,18.524682544884595,18.828805923461914,8287300,0.0,0.0
2021-01-26 00:00:00-05:00,19.123986357459827,19.41916476188644,18.372624542080327,18.435237884521484,7515700,0.0,0.0
2021-01-27 00:00:00-05:00,18.21161670105023,18.918255144069025,17.585479903263764,18.25634002685547,7279200,0.0,0.0
2021-01-28 00:00:00-05:00,18.506795773737892,18.596244134752176,17.97010731373777,18.426292419433594,5261100,0.0,0.0
2021-01-29 00:00:00-05:00,18.229508347726423,18.614135162030568,17.826993223474002,17.970109939575195,7079100,0.0,0.0
2021-02-01 00:00:00-05:00,18.220561134604075,18.336842801693304,17.84487940896011,18.16689109802246,3956500,0.0,0.0
2021-02-02 00:00:00-05:00,18.614132761873993,18.76619446638499,18.166892655204652,18.23845100402832,4098500,0.0,0.0
2021-02-03 00:00:00-05:00,18.256341014391293,19.195544555789585,18.256341014391293,19.141876220703125,4688300,0.0,0.0
2021-02-04 00:00:00-05:00,19.231322570519012,20.018464325053362,18.954034211159634,20.00057601928711,7338200,0.0,0.0
2021-02-05 00:00:00-05:00,20.37625887126977,20.412037190878042,19.571225354014558,19.7501220703125,4783200,0.0,0.0
2021-02-08 00:00:00-05:00,19.99361780516797,20.579808328473177,19.921471305685916,20.336313247680664,4331200,0.18,0.0
2021-02-09 00:00:00-05:00,20.15594776868994,20.309259294415682,19.91245268898878,20.08380126953125,4252400,0.0,0.0
2021-02-10 00:00:00-05:00,20.210058132264503,20.796248679604627,20.020674208399605,20.751157760620117,6245200,0.0,0.0
2021-02-11 00:00:00-05:00,20.5798135631595,20.606869152387723,19.858348384826915,20.318283081054688,5500600,0.0,0.0
2021-02-12 00:00:00-05:00,20.13791139711656,20.59784598989855,20.047727840081375,20.471590042114258,4895800,0.0,0.0
2021-02-16 00:00:00-05:00,20.913487774320078,21.292257341310254,20.787230105251158,20.949560165405273,7240700,0.0,0.0
2021-02-17 00:00:00-05:00,21.111893673364715,21.301279347842723,20.90447266045289,21.238149642944336,5462700,0.0,0.0
2021-02-18 00:00:00-05:00,21.15698266611326,21.175019723007285,20.76919626354231,20.814287185668945,5053000,0.0,0.0
2021-02-19 00:00:00-05:00,20.805266414918975,21.33734749518825,20.805266414918975,21.10287094116211,4616800,0.0,0.0
2021-02-22 00:00:00-05:00,21.129928001482998,22.22114410066161,20.96759793579499,21.76120948791504,6767800,0.0,0.0
2021-02-23 00:00:00-05:00,21.833354115258544,22.04077680363989,20.985633187505314,21.56280517578125,6420700,0.0,0.0
2021-02-24 00:00:00-05:00,21.64396952094758,22.834387569382393,21.589860078775494,22.681076049804688,7150300,0.0,0.0
2021-02-25 00:00:00-05:00,22.960644140482405,23.122974191579694,22.031758190482904,22.30230712890625,6680300,0.0,0.0
2021-02-26 00:00:00-05:00,21.950596835433384,22.302310858217716,21.193057617045216,22.076852798461914,10833100,0.0,0.0
2021-03-01 00:00:00-05:00,22.32034241566243,22.942606988880854,22.23917739654229,22.52776336669922,11466200,0.0,0.0
2021-03-02 00:00:00-05:00,22.428563805674994,22.906533690566896,21.88746423248986,21.97764778137207,10530300,0.0,0.0
2021-03-03 00:00:00-05:00,22.13998003884519,22.293291583151404,21.905505178243622,22.058815002441406,11263200,0.0,0.0
2021-03-04 00:00:00-05:00,21.99568655581749,22.266237244785998,20.74214036259943,21.67102813720703,12831900,0.0,0.0
2021-03-05 00:00:00-05:00,22.103906810405842,22.347401910423937,20.336314853369892,21.959613800048828,13361500,0.0,0.0
2021-03-08 00:00:00-05:00,22.094891378729276,22.139982305744464,21.2471685339966,21.941579818725586,9542700,0.0,0.0
2021-03-09 00:00:00-05:00,21.851390740325925,22.293288250175614,21.346365260513167,21.598878860473633,8403400,0.0,0.0
2021-03-10 00:00:00-05:00,21.562812742487047,22.112931061924726,21.46361062715007,21.98667335510254,7699500,0.0,0.0
2021-03-11 00:00:00-05:00,22.004704744036097,22.46463936007654,21.75219283569823,21.788265228271484,8986000,0.0,0.0
2021-03-12 00:00:00-05:00,21.88746423248986,22.04077574955718,21.680043274136466,21.97764778137207,7763100,0.0,0.0
2021-03-15 00:00:00-04:00,22.167033001487614,22.41052808188799,21.725135477858164,21.84237289428711,5931300,0.0,0.0
2021-03-16 00:00:00-04:00,21.418512736233243,21.63495223747061,20.73312012226079,20.760175704956055,9156300,0.0,0.0
2021-03-17 00:00:00-04:00,20.669994823993193,21.671029151838884,20.633920709065055,21.62593650817871,9413100,0.0,0.0
2021-03-18 00:00:00-04:00,21.481641150204595,21.968631328070167,20.561771960975147,20.724102020263672,9264800,0.0,0.0
2021-03-19 00:00:00-04:00,20.408461388143696,20.967598094169222,20.164968007880862,20.399444580078125,21924200,0.0,0.0
2021-03-22 00:00:00-04:00,20.237114097971123,20.35435152161028,19.849325994989684,20.119874954223633,9762600,0.0,0.0
2021-03-23 00:00:00-04:00,19.759143894645828,20.05674845982798,19.407429877641956,19.560741424560547,8149000,0.0,0.0
2021-03-24 00:00:00-04:00,19.840306779790502,20.065764811379033,19.741104695456904,19.90343475341797,7478900,0.0,0.0
2021-03-25 00:00:00-04:00,19.51564513489576,19.632884265397212,18.676941047878216,19.416444778442383,9500900,0.0,0.0
2021-03-26 00:00:00-04:00,19.795212952721723,20.164963932585437,19.6058273395602,20.146926879882812,6041200,0.0,0.0
2021-03-29 00:00:00-04:00,20.011659470415445,20.327301123408542,19.759145803999242,19.984603881835938,6771200,0.0,0.0
2021-03-30 00:00:00-04:00,19.723068959352755,20.056745876061363,19.53368332221124,19.596811294555664,5138800,0.0,0.0
2021-03-31 00:00:00-04:00,19.569757174087602,19.68699458973703,19.36233448469521,19.48859214782715,5308500,0.0,0.0
2021-04-01 00:00:00-04:00,19.497610932346525,19.596811294555664,19.05571168571906,19.596811294555664,9454000,0.0,0.0
2021-04-05 00:00:00-04:00,19.59681163609408,19.59681163609408,19.100804656079124,19.308225631713867,5387800,0.0,0.0
2021-04-06 00:00:00-04:00,19.380374234397244,19.71405291321331,19.136879121756476,19.1639347076416,8315300,0.0,0.0
2021-04-07 00:00:00-04:00,19.236077969433786,19.551719537711552,19.073747921741894,19.326261520385742,6556900,0.0,0.0
2021-04-08 00:00:00-04:00,19.073749449218425,19.16393300739252,18.289156449352884,18.676942825317383,13464400,0.0,0.0
2021-04-09 00:00:00-04:00,18.70399868502956,18.713017212990987,17.910387145615438,18.135845184326172,11896400,0.0,0.0
2021-04-12 00:00:00-04:00,18.334248820347852,18.469523308267767,17.973516279191927,18.117809295654297,8244000,0.0,0.0
2021-04-13 00:00:00-04:00,17.91940611977882,18.22602747756078,17.748057524461668,17.928422927856445,8779000,0.0,0.0
2021-04-14 00:00:00-04:00,18.108788399300444,18.69497891704514,18.09075134457397,18.352283477783203,10735900,0.0,0.0
2021-04-15 00:00:00-04:00,18.307195211329436,18.370324917942654,17.85627905617247,17.946462631225586,7231000,0.0,0.0
2021-04-16 00:00:00-04:00,18.13584576824203,18.280138780054006,17.910387722272272,18.126827239990234,7861500,0.0,0.0
2021-04-19 00:00:00-04:00,18.379337677921004,18.49657681569192,17.99155131481632,18.063697814941406,6892800,0.0,0.0
2021-04-20 00:00:00-04:00,17.865296532435405,18.00057102698563,17.36027095006393,17.59474754333496,13491800,0.0,0.0
2021-04-21 00:00:00-04:00,17.116773375617335,17.684928579484886,16.909352399015397,17.630817413330078,11208100,0.0,0.0
2021-04-22 00:00:00-04:00,17.61278291935137,18.126826981618112,17.61278291935137,17.874313354492188,9291700,0.0,0.0
2021-04-23 00:00:00-04:00,17.90136891669294,18.244064384410255,17.684929402328056,18.04566192626953,8240500,0.0,0.0
2021-04-26 00:00:00-04:00,18.226025078870798,18.4063921786362,18.054678226212626,18.16289710998535,8211100,0.0,0.0
2021-04-27 00:00:00-04:00,18.334251552035045,18.35228861180736,17.648858761665387,17.964500427246094,8295100,0.0,0.0
2021-04-28 00:00:00-04:00,18.117803435240166,18.433444951694344,17.991547516701644,18.262096405029297,9709500,0.0,0.0
2021-04-29 00:00:00-04:00,18.460502358044838,18.622832410297377,18.117806918929194,18.523632049560547,12228000,0.0,0.0
2021-04-30 00:00:00-04:00,18.262102901269156,18.676944906954553,18.09977282248496,18.10879135131836,11436600,0.0,0.0
2021-05-03 00:00:00-04:00,18.559707105262195,19.795218009265948,18.52363471075053,19.560741424560547,10171700,0.0,0.0
2021-05-04 00:00:00-04:00,19.596813385554935,19.86736407889538,19.4074294483142,19.4525203704834,10941900,0.0,0.0
2021-05-05 00:00:00-04:00,19.74110506781256,20.489625678000696,19.578775006789634,20.381406784057617,17918100,0.0,0.0
2021-05-06 00:00:00-04:00,20.669992856099654,20.84134144547807,20.210058255204956,20.805267333984375,10928300,0.0,0.0
2021-05-07 00:00:00-04:00,20.37238553154585,22.329361089719082,20.37238553154585,22.212121963500977,15966400,0.0,0.0
2021-05-10 00:00:00-04:00,22.22114049014145,22.753221521172982,22.17604957704715,22.212121963500977,12150300,0.0,0.0
2021-05-11 00:00:00-04:00,21.671026542959634,22.82537055995811,21.671026542959634,22.374454498291016,13119300,0.0,0.0
2021-05-12 00:00:00-04:00,22.491692984238085,22.75322339795167,21.56280530494756,21.616914749145508,11932700,0.0,0.0
2021-05-13 00:00:00-04:00,21.490660656334356,22.401511359280725,21.238147028155403,21.959613800048828,13209800,0.0,0.0
2021-05-14 00:00:00-04:00,22.130962692434135,22.753225662924297,22.121944164152026,22.635988235473633,7097800,0.0,0.0
2021-05-17 00:00:00-04:00,22.428562706568204,23.799346045991978,22.428562706568204,23.72719955444336,7559700,0.0,0.0
2021-05-18 00:00:00-04:00,23.808368179685292,23.96167971246804,23.222177632024774,23.276287078857422,8940600,0.0,0.0
2021-05-19 00:00:00-04:00,22.861444027794573,22.98769997107703,22.16703289952461,22.753223419189453,8870400,0.0,0.0
2021-05-20 00:00:00-04:00,22.635982067429435,22.969658922402502,22.284266440699113,22.897512435913086,6086400,0.0,0.0
2021-05-21 00:00:00-04:00,23.01475789577115,23.141013851904347,22.69911628532977,23.032794952392578,6377900,0.0,0.0
2021-05-24 00:00:00-04:00,23.205354888054956,23.24168504337303,22.760320879311443,22.84206199645996,6439100,0.18,0.0
2021-05-25 00:00:00-04:00,22.705828522558548,22.860228225804633,21.8702539636357,21.924747467041016,8973000,0.0,0.0
2021-05-26 00:00:00-04:00,21.861174085349028,22.197221150607024,21.715856903701635,21.951997756958008,10776500,0.0,0.0
2021-05-27 00:00:00-04:00,22.169969853978003,22.524180208981033,22.04281777419582,22.106393814086914,14682000,0.0,0.0
2021-05-28 00:00:00-04:00,22.11548341729802,22.23355299590814,21.870259985971938,22.1608943939209,5327200,0.0,0.0
2021-06-01 00:00:00-04:00,22.68766526310522,23.323429205639975,22.55143062750988,23.178112030029297,6747800,0.0,0.0
2021-06-02 00:00:00-04:00,23.305260713661838,23.986435524230245,22.97829625024752,23.859283447265625,10875200,0.0,0.0
2021-06-03 00:00:00-04:00,23.713970080133112,23.868369797812807,23.368840484229132,23.48691177368164,9880900,0.0,0.0
2021-06-04 00:00:00-04:00,23.65039202269913,23.768461569805737,22.923804464378303,23.632226943969727,9386500,0.0,0.0
2021-06-07 00:00:00-04:00,23.677639869384766,23.804791966386418,23.40517059514768,23.5595703125,6010300,0.0,0.0
2021-06-08 00:00:00-04:00,23.3052627513792,23.641309782861736,23.11453461925577,23.56865119934082,5380600,0.0,0.0
2021-06-09 00:00:00-04:00,23.69580178777318,23.75937782779075,23.441495895385742,23.441495895385742,6734300,0.0,0.0
2021-06-10 00:00:00-04:00,23.713969504560353,23.82295651891404,22.76940614113582,23.169029235839844,5495300,0.0,0.0
2021-06-11 00:00:00-04:00,23.36883778365964,23.614061142044694,23.17810965979384,23.532320022583008,5336400,0.0,0.0
2021-06-14 00:00:00-04:00,23.405171190919177,23.42333627161534,22.260797091822404,22.469690322875977,12729100,0.0,0.0
2021-06-15 00:00:00-04:00,22.496935314241618,22.85114568482579,22.46060515709594,22.660417556762695,6793200,0.0,0.0
2021-06-16 00:00:00-04:00,22.57867822895778,22.805736532202108,22.224466097920807,22.433361053466797,5751800,0.0,0.0
2021-06-17 00:00:00-04:00,22.44244016913469,22.524181290725263,21.307148738507063,21.779430389404297,9587500,0.0,0.0
2021-06-18 00:00:00-04:00,21.025598825610917,21.37981096156122,20.58964729309082,20.58964729309082,15598600,0.0,0.0
2021-06-21 00:00:00-04:00,20.84395744203699,21.743108309610662,20.84395744203699,21.652284622192383,7037000,0.0,0.0
2021-06-22 00:00:00-04:00,21.525131684429034,21.797601004052616,21.34348431646819,21.697694778442383,4707500,0.0,0.0
2021-06-23 00:00:00-04:00,21.797597525564644,22.042820913483425,21.107340062710342,21.1890811920166,8607700,0.0,0.0
2021-06-24 00:00:00-04:00,21.388891220092773,21.470632346880784,21.134587032145497,21.388891220092773,5500000,0.0,0.0
2021-06-25 00:00:00-04:00,21.370727872608935,21.50696250648317,21.116421952344304,21.388891220092773,6949300,0.0,0.0
2021-06-28 00:00:00-04:00,21.325315194027414,21.388891241076603,20.444329610613533,20.571481704711914,6832200,0.0,0.0
2021-06-29 00:00:00-04:00,20.762212347070978,20.95294049528185,20.57148246654268,20.598730087280273,4428400,0.0,0.0
2021-06-30 00:00:00-04:00,20.707719665254157,21.016519142514202,20.57148500936123,20.771297454833984,5793900,0.0,0.0
2021-07-01 00:00:00-04:00,21.307150014316544,21.579621013372282,21.16183284108042,21.379810333251953,7101700,0.0,0.0
2021-07-02 00:00:00-04:00,21.143669572046093,21.461549806980187,20.87119857198027,21.388891220092773,8048600,0.0,0.0
2021-07-06 00:00:00-04:00,21.34347842517176,21.370726042540216,20.262680521997222,20.353504180908203,11507900,0.0,0.0
2021-07-07 00:00:00-04:00,20.208185451694167,20.635054363444123,19.881220997909562,20.217267990112305,6672500,0.0,0.0
2021-07-08 00:00:00-04:00,19.81764948204054,20.271766112636584,19.726825809457836,19.95388412475586,6812900,0.0,0.0
2021-07-09 00:00:00-04:00,20.353505896373218,20.74404644998452,20.11736505622877,20.644140243530273,5645400,0.0,0.0
2021-07-12 00:00:00-04:00,20.417079319203634,21.016513016253203,20.162775164283897,20.90752601623535,6280300,0.0,0.0
2021-07-13 00:00:00-04:00,20.69863870668012,20.79854319637717,20.27176792703024,20.317180633544922,6424500,0.0,0.0
2021-07-14 00:00:00-04:00,20.544235889455283,20.725881491331318,19.545179016026328,19.681413650512695,5889000,0.0,0.0
2021-07-15 00:00:00-04:00,19.39077634705522,19.83581034246944,19.20004650198221,19.272705078125,5717000,0.0,0.0
2021-07-16 00:00:00-04:00,19.499762201271373,19.499762201271373,18.55520076682229,18.7096004486084,5716600,0.0,0.0
2021-07-19 00:00:00-04:00,18.12833256410514,18.29181480576543,17.592476607565732,17.84678077697754,9150800,0.0,0.0
2021-07-20 00:00:00-04:00,17.728710945348013,18.373555630024807,17.528898549958537,18.200992584228516,9298200,0.0,0.0
2021-07-21 00:00:00-04:00,18.70960316349393,18.818590170971206,17.46532299062717,18.37355613708496,14733900,0.0,0.0
2021-07-22 00:00:00-04:00,18.373555536577427,18.446214116626642,17.792286896183708,18.055673599243164,9036000,0.0,0.0
2021-07-23 00:00:00-04:00,18.164664312288007,18.564287412207207,17.983016976238172,18.355392456054688,12320700,0.0,0.0
2021-07-26 00:00:00-04:00,18.418967138297273,19.07289431991743,18.35538936875119,18.97298812866211,10035200,0.0,0.0
2021-07-27 00:00:00-04:00,18.718684600057692,18.945742873295394,18.53703728854067,18.773178100585938,8094200,0.0,0.0
2021-07-28 00:00:00-04:00,18.83675612052303,19.263625095459115,18.55520431715316,19.07289695739746,8987000,0.0,0.0
2021-07-29 00:00:00-04:00,19.290871218094658,19.572422999620773,19.12738897968685,19.236377716064453,5337600,0.0,0.0
2021-07-30 00:00:00-04:00,19.11831156483225,19.74499306925668,19.09106567267314,19.290876388549805,11243900,0.0,0.0
2021-08-02 00:00:00-04:00,19.318119003828087,19.899387650067965,18.836754823462435,18.945743560791016,8021100,0.0,0.0
2021-08-03 00:00:00-04:00,18.954828839931746,19.363532766280148,18.52795810036574,19.354450225830078,4987700,0.0,0.0
2021-08-04 00:00:00-04:00,18.982072193623004,19.236378095306215,18.718685485020067,18.736848831176758,6517200,0.0,0.0
2021-08-05 00:00:00-04:00,18.909413404242418,19.063813104939538,18.537037961205346,18.945743560791016,4565600,0.0,0.0
2021-08-06 00:00:00-04:00,19.200051620058268,19.372616434016173,18.927582319971105,19.245464324951172,6393300,0.0,0.0
2021-08-09 00:00:00-04:00,18.934016655770304,19.47446526122619,18.70501306861641,19.318742752075195,8412600,0.18,0.0
2021-08-10 00:00:00-04:00,19.437821652211834,19.804228747981796,19.32790092120766,19.566064834594727,5117700,0.0,0.0
2021-08-11 00:00:00-04:00,19.492783560556802,19.831707849285472,19.19965753758156,19.703466415405273,3795000,0.0,0.0
2021-08-12 00:00:00-04:00,19.685147189972664,19.877511102400348,19.236300390519574,19.55690574645996,3606500,0.0,0.0
2021-08-13 00:00:00-04:00,19.611862554372266,20.069869623362106,19.428659027913007,19.840866088867188,6768900,0.0,0.0
2021-08-16 00:00:00-04:00,19.52942416278597,19.630186292639213,19.22713952038482,19.49278450012207,5816900,0.0,0.0
2021-08-17 00:00:00-04:00,19.749268419317737,19.996592707156275,19.3187423142037,19.59354591369629,6558400,0.0,0.0
2021-08-18 00:00:00-04:00,19.621025385931667,20.06987216062662,19.355380413698317,19.401182174682617,5460100,0.0,0.0
2021-08-19 00:00:00-04:00,19.062259313589475,19.117221435944007,18.173725968097163,18.49433135986328,8616600,0.0,0.0
2021-08-20 00:00:00-04:00,18.25616335420997,18.89737224832661,18.182882287820686,18.714170455932617,9542600,0.0,0.0
2021-08-23 00:00:00-04:00,19.208822233821863,19.83171233438318,19.18134291872344,19.712631225585938,7157000,0.0,0.0
2021-08-24 00:00:00-04:00,19.91414977257831,20.436277620442105,19.859189406265944,20.326356887817383,6738500,0.0,0.0
2021-08-25 00:00:00-04:00,20.326356064701596,20.63780103979059,20.152312873408693,20.482078552246094,5003700,0.0,0.0
2021-08-26 00:00:00-04:00,20.33552016741972,20.601163432135042,20.25307873250422,20.427120208740234,7989200,0.0,0.0
2021-08-27 00:00:00-04:00,20.656122237570482,21.30649331393636,20.656122237570482,21.132450103759766,6249800,0.0,0.0
2021-08-30 00:00:00-04:00,21.260689909367507,21.361452035984318,20.848484545055918,20.88512420654297,4520300,0.0,0.0
2021-08-31 00:00:00-04:00,20.802683562744033,21.059168191385872,20.766043899885823,20.866806030273438,7632600,0.0,0.0
2021-09-01 00:00:00-04:00,20.79352459751794,20.940086740731367,20.546200325660823,20.610321044921875,4302700,0.0,0.0
2021-09-02 00:00:00-04:00,20.83016392769458,21.489693561641634,20.75688285725602,21.388933181762695,5143400,0.0,0.0
2021-09-03 00:00:00-04:00,21.352289392376985,21.608773983895507,21.14160655675017,21.214887619018555,3041100,0.0,0.0
2021-09-07 00:00:00-04:00,21.11412634115864,21.425571304948992,20.875964189703346,21.086647033691406,5624200,0.0,0.0
2021-09-08 00:00:00-04:00,21.224054234054403,21.33397673347759,20.72024700066536,20.80268669128418,4514200,0.0,0.0
2021-09-09 00:00:00-04:00,20.821005840533534,21.810301272655092,20.77520582171147,21.535497665405273,7831200,0.0,0.0
2021-09-10 00:00:00-04:00,21.846939730440326,22.08510363985038,21.608775821030267,21.85610008239746,7367800,0.0,0.0
2021-09-13 00:00:00-04:00,22.240830484403432,22.552275523304843,22.15838904780254,22.341590881347656,7840700,0.0,0.0
2021-09-14 00:00:00-04:00,22.543112087265673,22.579751750101472,22.085104945287313,22.295787811279297,7745400,0.0,0.0
2021-09-15 00:00:00-04:00,22.543109830437192,23.340041199288596,22.405706303872506,23.01943588256836,13137400,0.0,0.0
2021-09-16 00:00:00-04:00,22.836239500953013,23.07440345700461,22.094268318703808,22.341590881347656,8721700,0.0,0.0
2021-09-17 00:00:00-04:00,22.24998573600452,22.304946098749195,21.810297592571818,21.929380416870117,30925500,0.0,0.0
2021-09-20 00:00:00-04:00,21.086651557654328,21.343134467219627,20.646965072263427,20.95840835571289,10931700,0.0,0.0
2021-09-21 00:00:00-04:00,21.178252929926064,21.443896187785047,20.839326845448046,21.28817367553711,10417300,0.0,0.0
2021-09-22 00:00:00-04:00,21.801140390331845,22.075945738070693,21.44389536014589,21.471376419067383,8430700,0.0,0.0
2021-09-23 00:00:00-04:00,21.526337952650152,22.31411087936986,21.407256851874717,22.020986557006836,10449200,0.0,0.0
2021-09-24 00:00:00-04:00,21.801139331794317,22.350748253427493,21.71869790619141,22.18586540222168,6938300,0.0,0.0
2021-09-27 00:00:00-04:00,22.707992973042593,23.065237953783218,22.662191214512745,22.82707405090332,10096300,0.0,0.0
2021-09-28 00:00:00-04:00,23.101877613448657,23.697288244227618,22.707992973042593,22.82707405090332,11749600,0.0,0.0
2021-09-29 00:00:00-04:00,22.8087575561669,23.239285429996354,22.579753962737193,22.94615936279297,8202800,0.0,0.0
2021-09-30 00:00:00-04:00,22.717153021715937,23.01943765859537,22.488149455984292,22.653032302856445,9607600,0.0,0.0
2021-10-01 00:00:00-04:00,22.82707881475098,23.175163516428416,22.543114841238427,23.065242767333984,7791100,0.0,0.0
2021-10-04 00:00:00-04:00,23.202642364085293,23.65148916558481,23.101880231060978,23.312564849853516,11063100,0.0,0.0
2021-10-05 00:00:00-04:00,23.605686001252792,23.77056883433901,22.92783571302155,23.21179962158203,7280700,0.0,0.0
2021-10-06 00:00:00-04:00,22.781276801113773,22.927838951858902,22.00266428330611,22.698835372924805,12159400,0.0,0.0
2021-10-07 00:00:00-04:00,22.753796386627766,23.111041420784705,22.497311741985598,22.707996368408203,9940400,0.0,0.0
2021-10-08 00:00:00-04:00,22.891195643535287,23.257600990033065,22.72631280082166,23.12019920349121,7635600,0.0,0.0
2021-10-11 00:00:00-04:00,23.2850837916218,23.853013431633443,23.156842347524407,23.312564849853516,8780200,0.0,0.0
2021-10-12 00:00:00-04:00,23.248443834734964,23.697292411466638,23.010281637131982,23.587369918823242,10808200,0.0,0.0
2021-10-13 00:00:00-04:00,23.266766996178333,24.16446075003727,23.266766996178333,24.045379638671875,10051700,0.0,0.0
2021-10-14 00:00:00-04:00,24.301858489631417,24.585822415685342,24.0362135205924,24.576662063598633,8306400,0.0,0.0
2021-10-15 00:00:00-04:00,24.924744661184384,25.33695173545821,24.494218631399338,24.631620407104492,13012700,0.0,0.0
2021-10-18 00:00:00-04:00,24.9339113290521,24.9339113290521,24.38430408699893,24.69574737548828,12523600,0.0,0.0
2021-10-19 00:00:00-04:00,24.83314927712468,24.888109648233122,24.32934034262811,24.613306045532227,12608000,0.0,0.0
2021-10-20 00:00:00-04:00,24.439267478468963,24.439267478468963,22.634717770261723,23.22096824645996,23532100,0.0,0.0
2021-10-21 00:00:00-04:00,23.15684515295343,23.184324467355598,21.938546044956542,22.231670379638672,17613600,0.0,0.0
2021-10-22 00:00:00-04:00,22.149227120585838,22.69883607649501,22.13090641438517,22.570592880249023,10298300,0.0,0.0
2021-10-25 00:00:00-04:00,22.891196373397136,23.10187923595595,22.524791015216906,23.046918869018555,15603000,0.0,0.0
2021-10-26 00:00:00-04:00,23.184323228760686,23.871334006653765,23.138523209097983,23.53240966796875,13011800,0.0,0.0
2021-10-27 00:00:00-04:00,23.230122634740567,23.38584513179018,22.781275848458414,22.909517288208008,9178800,0.0,0.0
2021-10-28 00:00:00-04:00,22.78127734654698,23.248443121257885,22.762956640475537,23.23928451538086,8114500,0.0,0.0
2021-10-29 00:00:00-04:00,23.230123167081256,23.239283519724516,22.872876402628684,22.9736385345459,8744700,0.0,0.0
2021-11-01 00:00:00-04:00,23.185845290757253,23.850144434007593,23.167393905502678,23.8132381439209,6731300,0.18,0.0
2021-11-02 00:00:00-04:00,23.72097510878974,23.914729619766074,23.51799578471872,23.896276473999023,9127100,0.0,0.0
2021-11-03 00:00:00-04:00,23.425730446493578,24.071576432281393,23.351919627528293,23.370372772216797,7575000,0.0,0.0
2021-11-04 00:00:00-04:00,23.73020275759495,23.914730704054207,22.872152557989466,23.010547637939453,9392800,0.0,0.0
2021-11-05 00:00:00-04:00,23.324241020371158,23.48108922627552,22.872149546832386,22.88137435913086,6758600,0.0,0.0
2021-11-08 00:00:00-05:00,23.028996207796638,23.250430420376997,22.503093912442868,22.9736385345459,8347100,0.0,0.0
2021-11-09 00:00:00-05:00,22.99209019321559,23.342691114200466,22.61380955749956,23.32423973083496,7184400,0.0,0.0
2021-11-10 00:00:00-05:00,23.07513109228181,23.361147815580246,22.13404176554507,22.217079162597656,7531700,0.0,0.0
2021-11-11 00:00:00-05:00,22.272434663418164,22.521546830223482,22.2078504186439,22.45696258544922,4447100,0.0,0.0
2021-11-12 00:00:00-05:00,22.309339508992906,22.72452466702969,22.217075553944095,22.475414276123047,5480500,0.0,0.0
2021-11-15 00:00:00-05:00,22.558454539059202,22.86292439773094,22.226304962403198,22.816791534423828,6228400,0.0,0.0
2021-11-16 00:00:00-05:00,22.936733058538124,23.582577245898413,22.715300614889856,23.26888084411621,7896900,0.0,0.0
2021-11-17 00:00:00-05:00,22.96441173135159,23.195070753996063,22.392378340674956,22.45696258544922,8713000,0.0,0.0
2021-11-18 00:00:00-05:00,22.4754176882376,22.58613304327361,21.792667132886077,22.078683853149414,6362500,0.0,0.0
2021-11-19 00:00:00-05:00,21.423609051375312,21.718854073920255,20.694727466419316,20.805442810058594,9780700,0.0,0.0
2021-11-22 00:00:00-05:00,20.833124642506156,21.109914789514864,20.574785881452886,20.897708892822266,8980300,0.0,0.0
2021-11-23 00:00:00-05:00,21.248309135602604,22.004870424670575,21.082234362921607,21.921833038330078,9700000,0.0,0.0
2021-11-24 00:00:00-05:00,21.580458732254126,22.669169658051032,21.52510105664427,22.253984451293945,8001300,0.0,0.0
2021-11-26 00:00:00-05:00,20.97151966754917,21.386706646891643,20.75008719849613,21.275989532470703,7881300,0.0,0.0
2021-11-29 00:00:00-05:00,21.82956906512682,21.95873755055014,21.340571319213552,21.709627151489258,11140400,0.0,0.0
2021-11-30 00:00:00-05:00,21.423611345409864,21.70040325372418,21.063783800368988,21.53432846069336,31133200,0.0,0.0
2021-12-01 00:00:00-05:00,22.364696462977832,22.72452394039499,21.58968208101125,21.608135223388672,9814200,0.0,0.0
2021-12-02 00:00:00-05:00,21.746534741487267,22.33702134062696,21.589686518617174,22.143268585205078,9414700,0.0,0.0
2021-12-03 00:00:00-05:00,22.42005557641221,22.512319534461817,21.894153303254654,22.087907791137695,7949500,0.0,0.0
2021-12-06 00:00:00-05:00,22.373924958719023,23.084355163262682,22.373924958719023,22.530773162841797,7015500,0.0,0.0
2021-12-07 00:00:00-05:00,22.779883455279553,23.093579837750088,22.65993978915278,22.955183029174805,8147500,0.0,0.0
2021-12-08 00:00:00-05:00,23.333467993123023,23.333467993123023,22.909054468769337,23.019771575927734,5565700,0.0,0.0
2021-12-09 00:00:00-05:00,22.696846938014684,23.028994715788546,22.595356410473137,22.945959091186523,4315100,0.0,0.0
2021-12-10 00:00:00-05:00,22.936730199543216,23.554896354262805,22.936730199543216,23.471858978271484,5996700,0.0,0.0
2021-12-13 00:00:00-05:00,23.33346833236393,23.554900790111372,22.5307741332143,22.659942626953125,7927000,0.0,0.0
2021-12-14 00:00:00-05:00,22.512322458878472,22.81679232814167,22.143268338527452,22.217079162597656,8449600,0.0,0.0
2021-12-15 00:00:00-05:00,22.23553186391055,22.281662968111107,21.082236661008434,21.986419677734375,8881200,0.0,0.0
2021-12-16 00:00:00-05:00,22.549226055770166,22.862922460523386,22.217076507257662,22.392377853393555,7545500,0.0,0.0
2021-12-17 00:00:00-05:00,21.967966293779465,22.189398759159403,21.24831122124187,21.848024368286133,19815400,0.0,0.0
2021-12-20 00:00:00-05:00,21.21140645804725,21.48819837954769,21.00842712344474,21.28521728515625,7535000,0.0,0.0
2021-12-21 00:00:00-05:00,21.635817963888638,22.041776594256003,21.562007143841047,21.949514389038086,6491900,0.0,0.0
2021-12-22 00:00:00-05:00,21.91260599559731,22.11558529129579,21.62658931534295,22.069454193115234,3421900,0.0,0.0
2021-12-23 00:00:00-05:00,22.2170782226495,22.493868361255263,22.106361111333925,22.34624671936035,3146600,0.0,0.0
2021-12-27 00:00:00-05:00,22.189393733056953,22.724522509794063,21.875697371543296,22.71529769897461,3437300,0.0,0.0
2021-12-28 00:00:00-05:00,22.770660190828245,22.862924156680904,22.44773719023833,22.678396224975586,3180000,0.0,0.0
2021-12-29 00:00:00-05:00,22.62303687101865,22.687621114387493,22.30934046626543,22.392377853393555,4302800,0.0,0.0
2021-12-30 00:00:00-05:00,22.281663633271464,22.47541814823324,22.014100053300954,22.097137451171875,3986500,0.0,0.0
2021-12-31 00:00:00-05:00,21.97719498519661,22.263211727245643,21.912610729874796,22.198627471923828,3861300,0.0,0.0
2022-01-03 00:00:00-05:00,22.235531437321356,23.13048786407966,22.235531437321356,23.10280990600586,4790600,0.0,0.0
2022-01-04 00:00:00-05:00,23.416507388384684,23.933184958470882,23.342696558342226,23.610261917114258,7798700,0.0,0.0
2022-01-05 00:00:00-05:00,23.99776435741777,24.182290515279632,23.63793685376679,23.693294525146484,7700300,0.0,0.0
2022-01-06 00:00:00-05:00,24.329914842189826,24.532894151590963,23.601031475169385,23.942407608032227,5841900,0.0,0.0
2022-01-07 00:00:00-05:00,23.988537506892413,24.163838850645135,23.813236163139695,24.099254608154297,6915200,0.0,0.0
2022-01-10 00:00:00-05:00,24.099260158213806,24.22842867294299,23.56413119174986,24.05312728881836,9974100,0.0,0.0
2022-01-11 00:00:00-05:00,24.246882107083934,24.957310706274434,24.117711831040072,24.8742733001709,9988300,0.0,0.0
2022-01-12 00:00:00-05:00,25.06802593169898,25.123383611636715,24.440633026441585,24.662065505981445,8317900,0.0,0.0
2022-01-13 00:00:00-05:00,24.366820321444354,24.911175784935303,24.154614431551618,24.237651824951172,9390700,0.0,0.0
2022-01-14 00:00:00-05:00,24.14538507212941,25.41862202431836,24.025443162056334,25.33558464050293,12025900,0.0,0.0
2022-01-18 00:00:00-05:00,25.621604553837347,25.68618879834981,24.45908287324697,24.726646423339844,10407500,0.0,0.0
2022-01-19 00:00:00-05:00,25.012666790482566,25.077251039934964,24.20997255922991,24.256105422973633,10458900,0.0,0.0
2022-01-20 00:00:00-05:00,25.1879647111131,25.723093576278938,24.551347072066832,24.652835845947266,12793300,0.0,0.0
2022-01-21 00:00:00-05:00,24.44985416555072,25.520111792014387,24.26532626038587,25.132604598999023,15878200,0.0,0.0
2022-01-24 00:00:00-05:00,24.615931982278603,25.012665795752838,23.54567422303073,24.975759506225586,11878600,0.0,0.0
2022-01-25 00:00:00-05:00,24.865043135422326,25.98143195091387,23.877821048601984,25.76922607421875,13512800,0.0,0.0
2022-01-26 00:00:00-05:00,25.935298916256023,26.184409302592734,25.031114285111247,25.39094352722168,12946600,0.0,0.0
2022-01-27 00:00:00-05:00,26.06447238543367,26.20286746207112,24.60670727462221,25.18796730041504,11477600,0.0,0.0
2022-01-28 00:00:00-05:00,24.994215489433948,25.409402494822128,24.431406828749733,25.058799743652344,8108400,0.0,0.0
2022-01-31 00:00:00-05:00,24.468309582147633,25.630831269240296,24.459083010053003,25.317134857177734,11173000,0.0,0.0
2022-02-01 00:00:00-05:00,24.92962882089778,25.732321273859338,24.680516641790216,25.372493743896484,8566100,0.0,0.0
2022-02-02 00:00:00-05:00,25.086478266593225,25.335588698147443,24.615933602874808,24.791234970092773,9553200,0.0,0.0
2022-02-03 00:00:00-05:00,24.828137400612736,24.892721646281686,24.182291424345816,24.320688247680664,8933900,0.0,0.0
2022-02-04 00:00:00-05:00,24.46932747390618,25.02671569461995,24.3857191522047,24.70157241821289,7713700,0.18,0.0
2022-02-07 00:00:00-05:00,24.68298681490943,25.90923956000741,24.599378512117486,25.57480812072754,9541200,0.0,0.0
2022-02-08 00:00:00-05:00,25.574811997200236,25.686288569894494,24.859497196840763,25.416885375976562,5726900,0.0,0.0
2022-02-09 00:00:00-05:00,25.48191393365491,26.169358711954796,25.379725597729184,25.686288833618164,7297500,0.0,0.0
2022-02-10 00:00:00-05:00,25.500493317675186,26.252966373940865,25.286826641347968,25.49120330810547,7381200,0.0,0.0
2022-02-11 00:00:00-05:00,25.70486933043675,27.20052727033197,25.584102744554635,27.07046890258789,10092400,0.0,0.0
2022-02-14 00:00:00-05:00,26.838222063479435,27.107627017926195,26.150777321223423,26.513080596923828,7327300,0.0,0.0
2022-02-15 00:00:00-05:00,25.853509230545956,26.782489083274,25.69558258470665,26.745330810546875,6366200,0.0,0.0
2022-02-16 00:00:00-05:00,26.940410408024963,27.971578407888043,26.940410408024963,27.599985122680664,10323200,0.0,0.0
2022-02-17 00:00:00-05:00,27.507088986708517,27.74862391696843,27.209815771584974,27.339872360229492,5502400,0.0,0.0
2022-02-18 00:00:00-05:00,26.9589885109749,27.479216592654822,26.671003558214398,27.0425968170166,5039000,0.0,0.0
2022-02-22 00:00:00-05:00,27.637147301398496,27.841522206587893,26.392314306407975,26.56882095336914,15255900,0.0,0.0
2022-02-23 00:00:00-05:00,26.596688720286657,27.33987356266981,26.410893838607027,26.986860275268555,7211700,0.0,0.0
2022-02-24 00:00:00-05:00,27.358452461633263,27.414190746664946,25.918532885191013,26.680295944213867,11866300,0.0,0.0
2022-02-25 00:00:00-05:00,26.84751332292846,27.49779983009599,26.568820118078477,27.4049015045166,7092200,0.0,0.0
2022-02-28 00:00:00-05:00,27.172654219171502,27.572115744186195,26.866091011676886,27.293420791625977,11034200,0.0,0.0
2022-03-01 00:00:00-05:00,27.507092445212326,27.665019082089053,25.751319418314964,26.327287673950195,12167200,0.0,0.0
2022-03-02 00:00:00-05:00,26.977570234315294,28.473226285214196,26.968280225068956,28.231691360473633,11545600,0.0,0.0
2022-03-03 00:00:00-05:00,27.813651172519357,29.151380590614416,27.813651172519357,28.993453979492188,13542800,0.0,0.0
2022-03-04 00:00:00-05:00,28.659021920736798,30.91644093174317,28.584703621261955,30.86070442199707,14323100,0.0,0.0
2022-03-07 00:00:00-05:00,30.84212751552671,33.368949952578575,30.84212751552671,32.309913635253906,19497500,0.0,0.0
2022-03-08 00:00:00-05:00,32.75582486587033,34.29793112984017,31.74323678301337,32.328495025634766,22307600,0.0,0.0
2022-03-09 00:00:00-05:00,31.492416076778998,32.347075776548714,30.414799669717343,31.4088077545166,21479200,0.0,0.0
2022-03-10 00:00:00-05:00,31.529568522139503,34.279351021001055,31.52028028476051,34.130714416503906,13964300,0.0,0.0
2022-03-11 00:00:00-05:00,33.48972259900476,35.682115593368664,33.48972259900476,34.966800689697266,15390700,0.0,0.0
2022-03-14 00:00:00-04:00,34.065687018448614,34.81816192013577,33.703385469265534,34.35367202758789,12763500,0.0,0.0
2022-03-15 00:00:00-04:00,32.950918048543144,33.70338949636379,32.03122639214593,32.39352798461914,14491500,0.0,0.0
2022-03-16 00:00:00-04:00,32.24488624919701,32.48642296854109,30.266161934615024,31.260169982910156,20716500,0.0,0.0
2022-03-17 00:00:00-04:00,31.817549995926846,32.709369524868535,31.510985039479255,32.495704650878906,15890200,0.0,0.0
2022-03-18 00:00:00-04:00,32.21702077260923,33.02523223206808,32.16128070707604,32.78369903564453,24795600,0.0,0.0
2022-03-21 00:00:00-04:00,33.45255562328029,34.493015382364966,33.341079057584125,33.64764404296875,19941400,0.0,0.0
2022-03-22 00:00:00-04:00,33.59191007777463,34.33509322343356,33.35037688435176,33.944923400878906,16908500,0.0,0.0
2022-03-23 00:00:00-04:00,34.372247169243984,35.38483513300789,34.10284221930309,34.920345306396484,15181200,0.0,0.0
2022-03-24 00:00:00-04:00,34.82745363146221,36.95481464172195,34.762421786363646,35.57063674926758,13293800,0.0,0.0
2022-03-25 00:00:00-04:00,35.23620174463358,35.9886766081473,35.23620174463358,35.970096588134766,11991900,0.0,0.0
2022-03-28 00:00:00-04:00,35.22690533419656,35.245485351767826,34.13071264769973,34.37224578857422,7384500,0.0,0.0
2022-03-29 00:00:00-04:00,33.62906720537127,34.112137094111745,32.672215666003424,34.0656852722168,13403000,0.0,0.0
2022-03-30 00:00:00-04:00,34.660235014066984,34.89247994664744,34.009948494086416,34.697391510009766,9134100,0.0,0.0
2022-03-31 00:00:00-04:00,34.41869263327273,35.08755906299652,33.53616132600402,33.82414627075195,11010200,0.0,0.0
2022-04-01 00:00:00-04:00,34.09354791024193,34.5580376541314,33.54544987070134,33.833431243896484,8558800,0.0,0.0
2022-04-04 00:00:00-04:00,34.08426848563905,34.17716859435647,33.25747700882636,33.842735290527344,8290000,0.0,0.0
2022-04-05 00:00:00-04:00,33.81485556065052,34.6509349928694,32.83013600489876,32.997352600097656,12705300,0.0,0.0
2022-04-06 00:00:00-04:00,33.331791665771384,33.805569739829025,32.783693516847165,33.18315505981445,8523600,0.0,0.0
2022-04-07 00:00:00-04:00,33.14599494102475,33.64764481381418,32.58860855599843,33.554744720458984,9536200,0.0,0.0
2022-04-08 00:00:00-04:00,33.73125904304544,34.929640335448376,33.703387238261534,34.855323791503906,12765800,0.0,0.0
2022-04-11 00:00:00-04:00,34.11213536448766,34.53946517155272,33.814862147070556,33.87989044189453,7655500,0.0,0.0
2022-04-12 00:00:00-04:00,33.935628257435994,34.530174715083405,33.48971841420043,33.740543365478516,8028100,0.0,0.0
2022-04-13 00:00:00-04:00,34.25147702147646,34.669518552205616,33.49900580993993,34.576622009277344,6849800,0.0,0.0
2022-04-14 00:00:00-04:00,34.205037127946035,34.966800306621714,34.15858884510519,34.641658782958984,6853500,0.0,0.0
2022-04-18 00:00:00-04:00,34.92963811755084,35.2176231235197,34.53017653085519,34.77171325683594,10120500,0.0,0.0
2022-04-19 00:00:00-04:00,34.50230415585869,34.976085769039486,33.91704597524908,34.130714416503906,10264000,0.0,0.0
2022-04-20 00:00:00-04:00,33.4154006223013,33.78699037246914,30.470533158801224,32.82085418701172,23404100,0.0,0.0
2022-04-21 00:00:00-04:00,33.025233478999816,33.11813359172943,29.98746889639188,30.57272720336914,19153700,0.0,0.0
2022-04-22 00:00:00-04:00,30.284736725445132,31.603889738852896,29.745930343579545,29.91314697265625,12918100,0.0,0.0
2022-04-25 00:00:00-04:00,28.779788163081164,29.086351366387383,27.367738717354573,28.556833267211914,16705400,0.0,0.0
2022-04-26 00:00:00-04:00,28.909851161365225,30.312610823748212,28.816952830182508,29.123516082763672,17393700,0.0,0.0
2022-04-27 00:00:00-04:00,29.225699885158296,29.68090148766446,28.677603504041645,29.05848503112793,9187900,0.0,0.0
2022-04-28 00:00:00-04:00,29.26286211957209,30.09894531192761,28.66831564668661,29.699481964111328,11759100,0.0,0.0
2022-04-29 00:00:00-04:00,29.745931484992536,29.931728140404537,28.631155096296983,28.816951751708984,13335200,0.0,0.0
2022-05-02 00:00:00-04:00,28.55683322085646,29.13280136316641,28.092343412244183,28.714759826660156,8737800,0.0,0.0
2022-05-03 00:00:00-04:00,28.547544579697487,29.448655985583578,28.426778003303397,29.262859344482422,9766500,0.0,0.0
2022-05-04 00:00:00-04:00,29.90385039814824,30.619165075930336,28.87268430393173,30.507688522338867,11857600,0.0,0.0
2022-05-05 00:00:00-04:00,30.582009302041904,30.75851770889771,29.002744912404644,29.745929718017578,9915500,0.0,0.0
2022-05-06 00:00:00-04:00,29.941014377980075,30.247579370493337,29.32788793672976,29.84811782836914,6917500,0.0,0.0
2022-05-09 00:00:00-04:00,29.402206060864312,29.402206060864312,27.841519939207195,27.91583824157715,13366300,0.0,0.0
2022-05-10 00:00:00-04:00,28.203823309580944,29.24427954629877,27.952998373771287,28.631153106689453,8439300,0.0,0.0
2022-05-11 00:00:00-04:00,29.28143903451955,30.45195183590766,29.030614103412926,30.18255043029785,13027700,0.0,0.0
2022-05-12 00:00:00-04:00,29.848114431384353,30.117515812106237,28.68688820263654,29.64373779296875,12987100,0.0,0.0
2022-05-13 00:00:00-04:00,30.136096524979955,31.77110258253086,30.061780000787216,31.6874942779541,9974900,0.0,0.0
2022-05-16 00:00:00-04:00,31.46454466780091,32.542161088366576,31.40880814811195,32.44926452636719,8788800,0.0,0.0
2022-05-17 00:00:00-04:00,33.04380725091561,33.21102387842095,32.42139256036062,32.662925720214844,9523700,0.0,0.0
2022-05-18 00:00:00-04:00,32.923042280066916,33.18315902944089,31.650340967824313,32.17985916137695,7188600,0.0,0.0
2022-05-19 00:00:00-04:00,31.492415428106693,33.04380993351563,31.38093530486864,32.48642349243164,7785600,0.0,0.0
2022-05-20 00:00:00-04:00,32.81155953685935,33.0438044393251,31.548146700441507,32.09624481201172,9027700,0.0,0.0
2022-05-23 00:00:00-04:00,32.51428775615677,33.44326740633267,32.291331080853055,33.17386245727539,9358500,0.0,0.0
2022-05-24 00:00:00-04:00,32.70938004660774,33.833444827612446,32.607191694920594,33.70338821411133,7961500,0.0,0.0
2022-05-25 00:00:00-04:00,33.77770148364217,33.972786364502596,32.83943002922088,33.18315505981445,9187800,0.0,0.0
2022-05-26 00:00:00-04:00,33.74983386769289,34.7066818152061,33.70338204813198,34.465145111083984,6687000,0.0,0.0
2022-05-27 00:00:00-04:00,34.10107311942365,34.959903011637905,34.10107311942365,34.707855224609375,7577800,0.18,0.0
2022-05-31 00:00:00-04:00,34.90389376120743,35.435993496880954,33.25158274372783,33.587646484375,21917500,0.0,0.0
2022-06-01 00:00:00-04:00,34.101084136230746,35.28664104590673,34.101084136230746,34.92257308959961,8349800,0.0,0.0
2022-06-02 00:00:00-04:00,34.91322757209893,34.98790641799338,34.26910427586187,34.455806732177734,7678600,0.0,0.0
2022-06-03 00:00:00-04:00,34.23176884683914,35.464003841964455,34.11974877857457,35.30530548095703,5939500,0.0,0.0
2022-06-06 00:00:00-04:00,35.473336501448834,35.65070190197675,35.03458619992006,35.17461395263672,6681900,0.0,0.0
2022-06-07 00:00:00-04:00,34.95056414306742,35.40798496896582,34.77319877358394,35.15593719482422,6771800,0.0,0.0
2022-06-08 00:00:00-04:00,35.361313643624754,36.08944935372582,34.9225633767416,34.99724578857422,7251700,0.0,0.0
2022-06-09 00:00:00-04:00,34.58650480218335,34.78254082089135,33.63432527567518,33.68100357055664,8662800,0.0,0.0
2022-06-10 00:00:00-04:00,33.13956767990932,33.755683443628854,32.476777180964106,32.88751983642578,9472000,0.0,0.0
2022-06-13 00:00:00-04:00,32.03802742723089,32.10337276996451,30.665768107716612,31.085847854614258,13025700,0.0,0.0
2022-06-14 00:00:00-04:00,31.963349891003546,32.20606066538606,30.35771326322085,30.74045181274414,9909100,0.0,0.0
2022-06-15 00:00:00-04:00,30.983156740534035,30.983156740534035,29.218825624175757,29.62957000732422,13069200,0.0,0.0
2022-06-16 00:00:00-04:00,28.77074185050901,29.284172775232168,27.846568322639474,27.902578353881836,14673200,0.0,0.0
2022-06-17 00:00:00-04:00,27.939919255341128,28.191967063958007,26.931729801400373,27.977258682250977,28201900,0.0,0.0
2022-06-21 00:00:00-04:00,28.490691276771184,29.144146420598286,28.201302243699832,28.453350067138672,10414000,0.0,0.0
2022-06-22 00:00:00-04:00,27.00641193542444,27.921250202101767,26.819709448927206,27.55718231201172,11023900,0.0,0.0
2022-06-23 00:00:00-04:00,27.61319224342836,27.81856355339281,26.21292894146845,26.754364013671875,11185300,0.0,0.0
2022-06-24 00:00:00-04:00,26.847716192763194,27.333141248362672,26.492981813468603,26.576997756958008,18456700,0.0,0.0
2022-06-27 00:00:00-04:00,27.23978757016422,27.67853607324866,26.885053222541256,27.482500076293945,6675400,0.0,0.0
2022-06-28 00:00:00-04:00,28.005268519422987,28.434681782067837,27.613194688929983,28.070613861083984,6503700,0.0,0.0
2022-06-29 00:00:00-04:00,28.219971996904732,28.500025719116604,27.305133754838298,27.659866333007812,8727700,0.0,0.0
2022-06-30 00:00:00-04:00,27.239790479183476,28.266650643847093,26.773036020747917,26.950403213500977,8592500,0.0,0.0
2022-07-01 00:00:00-04:00,27.17444376756281,27.463831018631097,26.156918957116687,27.155773162841797,5441400,0.0,0.0
2022-07-05 00:00:00-04:00,26.222262725227495,26.87571960717653,25.52213111479357,26.324949264526367,10379000,0.0,0.0
2022-07-06 00:00:00-04:00,25.951543546600572,26.810371701206762,25.055375966416744,25.671491622924805,8647100,0.0,0.0
2022-07-07 00:00:00-04:00,26.53032302414253,27.20244879153086,26.418301172647677,26.576997756958008,6656400,0.0,0.0
2022-07-08 00:00:00-04:00,26.97840686906808,27.06242281255749,26.250271066195786,26.576997756958008,5640500,0.0,0.0
2022-07-11 00:00:00-04:00,26.03556025023441,26.558326468004346,25.96087961634253,26.324949264526367,5347700,0.0,0.0
2022-07-12 00:00:00-04:00,25.540803594772218,25.830190849797464,25.158065095392313,25.662158966064453,7188400,0.0,0.0
2022-07-13 00:00:00-04:00,25.242080757021736,25.708835193086248,24.859340481364114,24.980697631835938,8540600,0.0,0.0
2022-07-14 00:00:00-04:00,24.02851552152845,24.663301769890975,23.897824863522054,24.588621139526367,6392000,0.0,0.0
2022-07-15 00:00:00-04:00,24.868672284485744,25.092714168608623,24.28989786229996,24.90601348876953,7010400,0.0,0.0
2022-07-18 00:00:00-04:00,25.662159041942697,25.75551028657338,25.232745809379214,25.354101181030273,6237500,0.0,0.0
2022-07-19 00:00:00-04:00,25.4007761053861,26.42763624304396,25.08338472008191,26.34362030029297,8769100,0.0,0.0
2022-07-20 00:00:00-04:00,23.729796228764393,24.579289182442004,22.74961259929851,24.16854476928711,29797900,0.0,0.0
2022-07-21 00:00:00-04:00,23.505753056528967,23.552427786676546,22.338866997571227,23.26304054260254,17634100,0.0,0.0
2022-07-22 00:00:00-04:00,23.384394249157197,23.813809214241825,22.310859507235666,22.478891372680664,10269700,0.0,0.0
2022-07-25 00:00:00-04:00,22.796283288108416,22.889634517337765,22.320193621512686,22.777612686157227,8569600,0.0,0.0
2022-07-26 00:00:00-04:00,23.151019578054747,23.253706124917272,22.525568555443435,22.68426513671875,12965200,0.0,0.0
2022-07-27 00:00:00-04:00,22.85229885409931,23.468414623656372,22.320199033166123,23.393733978271484,11933400,0.0,0.0
2022-07-28 00:00:00-04:00,23.571097643271436,23.78580424398273,22.63758882571613,23.319049835205078,6618100,0.0,0.0
2022-07-29 00:00:00-04:00,23.711123629051926,24.028516769720582,23.207029793036675,23.981842041015625,12847400,0.0,0.0
2022-08-01 00:00:00-04:00,23.813811414920064,23.813811414920064,22.973653790581253,23.020328521728516,10625100,0.0,0.0
2022-08-02 00:00:00-04:00,23.067005088966503,23.935168689414002,23.057671566415607,23.72979736328125,6529400,0.0,0.0
2022-08-03 00:00:00-04:00,24.06586211319681,24.429930045141134,23.431075722761634,23.552431106567383,8617400,0.0,0.0
2022-08-04 00:00:00-04:00,23.505748486860156,23.617768529647662,22.086814887690934,22.13348960876465,13526200,0.0,0.0
2022-08-05 00:00:00-04:00,21.974800865656267,22.70293668485234,21.909453745511907,22.460224151611328,6764800,0.0,0.0
2022-08-08 00:00:00-04:00,22.50724658255512,22.930490839783968,22.356759496347408,22.8270320892334,7643900,0.18,0.0
2022-08-09 00:00:00-04:00,23.14682348150402,23.278499266930357,22.309736833434794,22.432008743286133,7346100,0.0,0.0
2022-08-10 00:00:00-04:00,22.54487255152868,23.05276792770794,22.20627742802382,22.902280807495117,7516800,0.0,0.0
2022-08-11 00:00:00-04:00,23.20325383867705,24.059149963012718,23.20325383867705,23.776987075805664,7721500,0.0,0.0
2022-08-12 00:00:00-04:00,23.63590398285503,24.501205781251095,23.485416869564226,24.463584899902344,6855600,0.0,0.0
2022-08-15 00:00:00-04:00,23.31611891497204,23.814606777275255,23.250279236867048,23.795795440673828,5749400,0.0,0.0
2022-08-16 00:00:00-04:00,23.993314527383447,24.313100122334703,23.259688434151496,23.570068359375,10857200,0.0,0.0
2022-08-17 00:00:00-04:00,23.353739339567255,23.692336216009803,23.03395379935991,23.27849578857422,11387600,0.0,0.0
2022-08-18 00:00:00-04:00,23.75817627248414,24.07796184194817,23.419579365063882,23.504228591918945,10401100,0.0,0.0
2022-08-19 00:00:00-04:00,23.447796620858924,23.8146087451587,23.175037599442614,23.664121627807617,8615700,0.0,0.0
2022-08-22 00:00:00-04:00,23.513632372181604,24.06855423968091,23.15622594946147,23.767580032348633,8429900,0.0,0.0
2022-08-23 00:00:00-04:00,24.15320580559774,25.10315686097086,24.143800136461614,24.548234939575195,8780400,0.0,0.0
2022-08-24 00:00:00-04:00,24.388340961411643,25.027912079857817,24.369529624057847,24.8962345123291,6576900,0.0,0.0
2022-08-25 00:00:00-04:00,25.018506135407907,25.253642467894924,24.661097905416852,25.065532684326172,6798700,0.0,0.0
2022-08-26 00:00:00-04:00,25.178400619749496,25.357102952908914,24.256666564476394,24.57645034790039,7216800,0.0,0.0
2022-08-29 00:00:00-04:00,24.50120516962013,24.877424737403352,24.31309717967637,24.670503616333008,9403100,0.0,0.0
2022-08-30 00:00:00-04:00,24.162607673601403,24.190822882623156,23.32552119165184,23.560657501220703,7639300,0.0,0.0
2022-08-31 00:00:00-04:00,23.043360240842407,23.983905556795158,22.87406179693926,23.758174896240234,13351700,0.0,0.0
2022-09-01 00:00:00-04:00,23.41017213867876,23.551255370016648,22.902278605284906,23.137414932250977,8670400,0.0,0.0
2022-09-02 00:00:00-04:00,23.795796619391016,24.15320485673103,23.447795844765512,23.776987075805664,6103100,0.0,0.0
2022-09-06 00:00:00-04:00,23.795798808656517,24.040340837243377,23.250282527639076,23.410175323486328,11101600,0.0,0.0
2022-09-07 00:00:00-04:00,22.87406379972472,22.95871302908793,22.450819446856652,22.902280807495117,12209000,0.0,0.0
2022-09-08 00:00:00-04:00,22.94930571438747,23.015143600516566,22.37557428244258,22.469627380371094,11737200,0.0,0.0
2022-09-09 00:00:00-04:00,23.024549420067455,23.861635989913086,22.92109065287816,23.748769760131836,8810900,0.0,0.0
2022-09-12 00:00:00-04:00,24.200231011159413,24.266068897502006,23.776986687265083,23.9462833404541,9306300,0.0,0.0
2022-09-13 00:00:00-04:00,23.71114582846614,24.538826685786677,22.94930464816364,23.080982208251953,10450600,0.0,0.0
2022-09-14 00:00:00-04:00,23.4101728128711,24.237853712238923,23.25028003417149,23.88044548034668,8974700,0.0,0.0
2022-09-15 00:00:00-04:00,23.3537393632514,23.54184913789864,22.780006165130292,22.883466720581055,10941400,0.0,0.0
2022-09-16 00:00:00-04:00,22.45081701837402,22.638925001318604,22.065191796349886,22.384977340698242,35834500,0.0,0.0
2022-09-19 00:00:00-04:00,21.86768027362959,22.798819992587802,21.66076093406597,22.742387771606445,12383700,0.0,0.0
2022-09-20 00:00:00-04:00,22.685955170201773,22.685955170201773,21.378595882763204,21.632543563842773,9078600,0.0,0.0
2022-09-21 00:00:00-04:00,22.055792499243363,22.19687396421704,21.51027618578316,21.651357650756836,8826100,0.0,0.0
2022-09-22 00:00:00-04:00,22.055789383842548,22.35676361165968,21.585516704391303,21.604326248168945,7187100,0.0,0.0
2022-09-23 00:00:00-04:00,20.626161022367697,20.76724247435331,20.0054011984726,20.438051223754883,13033000,0.0,0.0
2022-09-26 00:00:00-04:00,20.108859444450673,20.249942686674895,19.20593674032416,19.234153747558594,14415800,0.0,0.0
2022-09-27 00:00:00-04:00,19.553937601066817,20.15588601755581,19.441071376001236,19.525720596313477,9083400,0.0,0.0
2022-09-28 00:00:00-04:00,19.779670397558522,20.09945597690844,19.506911370605014,20.014806747436523,8066300,0.0,0.0
2022-09-29 00:00:00-04:00,19.77026395260569,19.939562404907118,19.37523482855165,19.86431884765625,7510200,0.0,0.0
2022-09-30 00:00:00-04:00,19.742047956019256,19.977184308702594,19.61037217257995,19.713830947875977,8438500,0.0,0.0
2022-10-03 00:00:00-04:00,20.550914221027437,21.096430398244266,20.522697217500674,20.95534896850586,8641200,0.0,0.0
2022-10-04 00:00:00-04:00,21.303351528765855,21.88649042716624,21.181081424267056,21.811246871948242,9193000,0.0,0.0
2022-10-05 00:00:00-04:00,21.547888123015554,22.45081235293805,21.547888123015554,22.300323486328125,6891000,0.0,0.0
2022-10-06 00:00:00-04:00,22.05578365166128,22.497839209636307,21.961728781425812,22.328540802001953,6639300,0.0,0.0
2022-10-07 00:00:00-04:00,22.347357097638927,22.347357097638927,21.41621744281412,21.519676208496094,7364700,0.0,0.0
2022-10-10 00:00:00-04:00,21.538486865684053,21.924110292562737,20.880106236501128,21.03999900817871,6546400,0.0,0.0
2022-10-11 00:00:00-04:00,20.804861560601903,21.31275505887402,20.579129123650205,20.92713165283203,7512900,0.0,0.0
2022-10-12 00:00:00-04:00,20.70140070036708,21.472647500921852,20.635562821385236,21.293943405151367,6162700,0.0,0.0
2022-10-13 00:00:00-04:00,20.86129622024954,22.554277138368857,20.86129622024954,22.460222244262695,7748100,0.0,0.0
2022-10-14 00:00:00-04:00,22.196870308915443,22.403789637205556,21.491461306263137,21.547893524169922,7281700,0.0,0.0
2022-10-17 00:00:00-04:00,22.149843482407224,22.563683961272915,21.980546817094336,22.507251739501953,8602900,0.0,0.0
2022-10-18 00:00:00-04:00,22.469628747958623,23.07157901623562,22.215682856568538,22.742387771606445,11519200,0.0,0.0
2022-10-19 00:00:00-04:00,24.980884705272484,24.980884705272484,23.626500654335477,24.124988555908203,17385500,0.0,0.0
2022-10-20 00:00:00-04:00,24.642292361246263,24.78337382484404,24.143802609656095,24.407155990600586,11755900,0.0,0.0
2022-10-21 00:00:00-04:00,24.416553011205462,25.234828140638776,24.20022804149754,25.084341049194336,11806700,0.0,0.0
2022-10-24 00:00:00-04:00,25.037319169484913,25.065534383169048,24.425963228425108,24.57645034790039,8048100,0.0,0.0
2022-10-25 00:00:00-04:00,24.341313806476364,24.642289836988486,24.209638026466532,24.548234939575195,9144600,0.0,0.0
2022-10-26 00:00:00-04:00,24.708124959122763,25.394722583613746,24.670502286792857,24.858612060546875,8108300,0.0,0.0
2022-10-27 00:00:00-04:00,25.291265537757507,26.071918157439203,25.187806762391116,25.422943115234375,9359800,0.0,0.0
2022-10-28 00:00:00-04:00,25.723919179538413,25.996676435278335,24.999698731002688,25.620458602905273,6770300,0.0,0.0
2022-10-31 00:00:00-04:00,25.357099544192543,26.06250849463637,25.206612444947012,26.01548194885254,8713700,0.0,0.0
2022-11-01 00:00:00-04:00,26.532782984505356,26.984246107774148,26.222403096353734,26.8055419921875,11389800,0.0,0.0
2022-11-02 00:00:00-04:00,26.880785664620372,27.153544673495254,25.799158885662045,25.94964599609375,10568600,0.0,0.0
2022-11-03 00:00:00-04:00,25.686292619346627,26.758515522082995,25.676886950714533,26.608028411865234,7866900,0.0,0.0
2022-11-04 00:00:00-04:00,27.16670150486151,27.895816889626648,27.10988591170236,27.564401626586914,7314500,0.19,0.0
2022-11-07 00:00:00-05:00,27.76325275569968,29.09838858641767,27.76325275569968,28.994230270385742,8421400,0.0,0.0
2022-11-08 00:00:00-05:00,29.003695584032766,29.50555581896494,28.63440325999606,29.297237396240234,8229200,0.0,0.0
2022-11-09 00:00:00-05:00,28.956350839571005,28.956350839571005,27.839002804491948,27.94316291809082,5342700,0.0,0.0
2022-11-10 00:00:00-05:00,28.49236716539289,28.984758122310204,28.066259259199505,28.956350326538086,6427100,0.0,0.0
2022-11-11 00:00:00-05:00,29.666527733665298,30.187324658640886,29.20254459179598,29.372987747192383,7138900,0.0,0.0
2022-11-14 00:00:00-05:00,29.136262255867518,29.316172874447012,28.615463512086873,28.643871307373047,6410000,0.0,0.0
2022-11-15 00:00:00-05:00,28.719625051929054,29.391928458552787,28.624934202338395,29.24989128112793,6400500,0.0,0.0
2022-11-16 00:00:00-05:00,29.18360919454429,29.467681752722278,28.568121360942005,28.624935150146484,5805600,0.0,0.0
2022-11-17 00:00:00-05:00,28.037853531915097,28.274579747331938,27.630684152425708,28.246171951293945,4121500,0.0,0.0
2022-11-18 00:00:00-05:00,27.71590760889396,27.905287510388614,27.26139367801342,27.58333969116211,10765700,0.0,0.0
2022-11-21 00:00:00-05:00,27.015192096658808,27.223510483212042,26.115631897391275,27.19510269165039,6854000,0.0,0.0
2022-11-22 00:00:00-05:00,27.706439055806616,28.104139207079548,27.375021962066196,27.924226760864258,5933300,0.0,0.0
2022-11-23 00:00:00-05:00,27.251922295009216,27.820063761435915,26.920505235541857,27.299266815185547,6649000,0.0,0.0
2022-11-25 00:00:00-05:00,27.17617140617477,27.48864995154962,26.948912640376907,26.98678970336914,2689300,0.0,0.0
2022-11-28 00:00:00-05:00,26.4470513764825,26.939442306378826,26.153511393923278,26.693246841430664,8331400,0.0,0.0
2022-11-29 00:00:00-05:00,27.17617438263193,27.280332705112922,26.91104033088093,27.128828048706055,4771800,0.0,0.0
2022-11-30 00:00:00-05:00,27.47917938232422,27.640153280249862,26.97731915794953,27.47917938232422,17524800,0.0,0.0
2022-12-01 00:00:00-05:00,27.857942706680063,28.36927042226454,27.52652562479649,27.706438064575195,5730800,0.0,0.0
2022-12-02 00:00:00-05:00,27.327675114078136,28.066259756462273,27.280328786952417,27.94316291809082,6461600,0.0,0.0
2022-12-05 00:00:00-05:00,28.113601418625695,28.26510602813303,27.072005873704708,27.19510269165039,7352600,0.0,0.0
2022-12-06 00:00:00-05:00,26.958380991332223,27.41289670142686,26.6837795182678,26.873159408569336,6495600,0.0,0.0
2022-12-07 00:00:00-05:00,26.797407924084027,27.081480477481726,26.238733889087417,26.399707794189453,8315700,0.0,0.0
2022-12-08 00:00:00-05:00,27.109885391360095,27.17617024877351,26.39970674520132,26.589088439941406,6371400,0.0,0.0
2022-12-09 00:00:00-05:00,26.53227463321651,26.863691695713822,25.632714293020623,25.670591354370117,8401700,0.0,0.0
2022-12-12 00:00:00-05:00,25.964134332785047,26.69325159267034,25.916789806746948,26.65537452697754,7562700,0.0,0.0
2022-12-13 00:00:00-05:00,27.26139340415187,27.914756495949938,27.2045778088042,27.706438064575195,8617500,0.0,0.0
2022-12-14 00:00:00-05:00,28.01891776097699,28.18936094183753,27.34661430381351,27.44130516052246,7634400,0.0,0.0
2022-12-15 00:00:00-05:00,27.308741438924375,27.64962783053085,27.06254591232837,27.498123168945312,6016000,0.0,0.0
2022-12-16 00:00:00-05:00,27.02466714512225,27.166702521178266,26.503868358146466,26.863693237304688,53992500,0.0,0.0
2022-12-19 00:00:00-05:00,27.176173530915612,27.403430508403556,26.48493152588547,26.75953483581543,6470200,0.0,0.0
2022-12-20 00:00:00-05:00,26.89209621789668,27.640151884021623,26.712183798461457,27.38448715209961,7202600,0.0,0.0
2022-12-21 00:00:00-05:00,27.8863473362179,28.047321225925984,27.081477887677462,27.791656494140625,5871400,0.0,0.0
2022-12-22 00:00:00-05:00,27.82953808514088,27.867415153028833,26.16298502570886,26.85422706604004,6317500,0.0,0.0
2022-12-23 00:00:00-05:00,27.34661141664353,27.592806895663106,26.882628254441215,27.554931640625,5648400,0.0,0.0
2022-12-27 00:00:00-05:00,27.839002455906492,28.037853415189186,27.49811793525823,27.810596466064453,3801000,0.0,0.0
2022-12-28 00:00:00-05:00,27.659090994602888,27.734845119704957,26.83528475097313,27.034133911132812,4472300,0.0,0.0
2022-12-29 00:00:00-05:00,27.005726840445263,27.876879377429876,26.967849779408784,27.63068389892578,3719500,0.0,0.0
2022-12-30 00:00:00-05:00,27.365551780030287,27.99050888167632,27.30873799062914,27.96210289001465,3806900,0.0,0.0
2023-01-03 00:00:00-05:00,27.782190511811717,28.44502467858939,27.03413475770326,27.2235164642334,6551000,0.0,0.0
2023-01-04 00:00:00-05:00,26.873159035810463,26.873159035810463,25.92625417920424,26.409175872802734,10198800,0.0,0.0
2023-01-05 00:00:00-05:00,26.37130209159142,27.337145532769423,26.28608050524761,27.27086067199707,5748300,0.0,0.0
2023-01-06 00:00:00-05:00,27.81059621787767,28.766968526296957,27.611745260369553,28.3692684173584,6928300,0.0,0.0
2023-01-09 00:00:00-05:00,28.937412829849936,29.44874233554991,28.7006866081913,28.918476104736328,5574100,0.0,0.0
2023-01-10 00:00:00-05:00,28.823783846225993,29.287767001272524,28.454489730353227,29.230953216552734,6086300,0.0,0.0
2023-01-11 00:00:00-05:00,29.335114373400774,29.496088284157963,28.92794496348095,29.193078994750977,5251700,0.0,0.0
2023-01-12 00:00:00-05:00,29.183607608104857,30.19679552321655,29.051041505141516,29.827503204345703,5542700,0.0,0.0
2023-01-13 00:00:00-05:00,29.751752413117135,29.997947907014744,29.202547636292554,29.95060157775879,4520900,0.0,0.0
2023-01-17 00:00:00-05:00,29.931665700596277,30.130514870874634,29.65706240136101,29.80856704711914,5928300,0.0,0.0
2023-01-18 00:00:00-05:00,30.15892012759299,30.461927587495484,29.02263357408961,29.060510635375977,7127200,0.0,0.0
2023-01-19 00:00:00-05:00,28.937409219749565,29.1362601602955,28.321921481438128,28.871126174926758,5957200,0.0,0.0
2023-01-20 00:00:00-05:00,28.738564872940447,29.50555735750216,28.539713899267223,29.42033576965332,10389600,0.0,0.0
2023-01-23 00:00:00-05:00,29.429799609387434,29.988473557353746,28.78590408928541,28.965816497802734,7178200,0.0,0.0
2023-01-24 00:00:00-05:00,28.804845728514334,28.842720983510773,27.564400875579814,28.54918098449707,8024300,0.0,0.0
2023-01-25 00:00:00-05:00,28.236701696048367,29.38245747765928,27.914753909881842,29.354049682617188,5927600,0.0,0.0
2023-01-26 00:00:00-05:00,29.638121737511295,30.13998196928935,28.99422794238779,30.111574172973633,4927400,0.0,0.0
2023-01-27 00:00:00-05:00,30.016884030595108,30.083167080158063,29.48661602193618,29.638120651245117,5435200,0.0,0.0
2023-01-30 00:00:00-05:00,29.344579952600448,29.666527733665298,29.136261543825732,29.372987747192383,4552400,0.0,0.0
2023-01-31 00:00:00-05:00,29.287767549891775,30.187326081436673,29.23095376410775,30.054759979248047,5036400,0.0,0.0
2023-02-01 00:00:00-05:00,29.723343453791884,30.58502674571473,29.39192819234288,30.291486740112305,7350400,0.0,0.0
2023-02-02 00:00:00-05:00,30.225205059665186,30.26308031723082,29.297238673334583,29.723344802856445,7744300,0.0,0.0
2023-02-03 00:00:00-05:00,29.92340558999521,30.333054542497727,29.637604924892962,29.885299682617188,9233900,0.19,0.0
2023-02-06 00:00:00-05:00,29.90434983016989,30.23778512968172,29.580441461167105,30.161571502685547,5685600,0.0,0.0
2023-02-07 00:00:00-05:00,30.3711584613971,31.076134963958804,30.0663039540273,30.98086929321289,6083100,0.0,0.0
2023-02-08 00:00:00-05:00,31.1618787317635,31.35241372703771,30.66648919771166,31.028505325317383,6354500,0.0,0.0
2023-02-09 00:00:00-05:00,30.914185040719662,31.02850458148254,30.485482220168013,30.656963348388672,8385600,0.0,0.0
2023-02-10 00:00:00-05:00,31.142818824431703,31.42862307894876,30.752223795297393,31.3619327545166,5796500,0.0,0.0
2023-02-13 00:00:00-05:00,31.152349593593016,31.552469761250077,30.93323564928287,31.228561401367188,3851600,0.0,0.0
2023-02-14 00:00:00-05:00,30.81891544375602,31.380991662367137,30.59980147841984,30.923709869384766,5622400,0.0,0.0
2023-02-15 00:00:00-05:00,30.475954557322734,30.62838363647461,29.85671857800615,30.62838363647461,4925700,0.0,0.0
2023-02-16 00:00:00-05:00,30.857023567249648,31.342887977053888,30.656963461637403,30.73317527770996,4898800,0.0,0.0
2023-02-17 00:00:00-05:00,30.294945167194754,30.361633681355812,28.951678843674827,29.142213821411133,9360800,0.0,0.0
2023-02-21 00:00:00-05:00,28.961208823485077,29.189849730595647,28.513453940861428,28.70398712158203,6773600,0.0,0.0
2023-02-22 00:00:00-05:00,28.694461805626396,29.056476118407698,28.408659310937207,28.62777328491211,5977700,0.0,0.0
2023-02-23 00:00:00-05:00,29.104110520360727,29.32322632316714,28.875469602589092,29.027896881103516,4908200,0.0,0.0
2023-02-24 00:00:00-05:00,28.580139628220195,29.0660022199491,28.351498729243595,28.942153930664062,4751300,0.0,0.0
2023-02-27 00:00:00-05:00,29.094583370552918,29.694765510592838,28.913575308572856,29.570919036865234,3912000,0.0,0.0
2023-02-28 00:00:00-05:00,29.847194519821574,29.923408158195024,29.13269097866682,29.151744842529297,5278900,0.0,0.0
2023-03-01 00:00:00-05:00,29.18032150559422,29.77097851892324,29.161269460320117,29.61855125427246,3830100,0.0,0.0
2023-03-02 00:00:00-05:00,29.504230956208172,30.38068866794603,29.4756519787331,30.20920753479004,5038900,0.0,0.0
2023-03-03 00:00:00-05:00,29.6090251728615,30.809391279243552,29.532811538348817,30.752229690551758,4769200,0.0,0.0
2023-03-06 00:00:00-05:00,30.714125414381673,30.876077796806296,30.485482695140913,30.742704391479492,4666100,0.0,0.0
2023-03-07 00:00:00-05:00,30.609330572803895,30.742703976329622,30.22826059059951,30.247314453125,4133200,0.0,0.0
2023-03-08 00:00:00-05:00,30.104415217018538,30.399742828636416,29.52328510831681,29.942461013793945,3407400,0.0,0.0
2023-03-09 00:00:00-05:00,30.009143757173575,30.323525190518062,28.59919077229989,28.637296676635742,4935100,0.0,0.0
2023-03-10 00:00:00-05:00,28.665879913376873,28.703985820963798,27.57030826837697,27.694154739379883,6255300,0.0,0.0
2023-03-13 00:00:00-04:00,26.998705309116126,27.59888744020107,26.484261924977883,26.808170318603516,8660700,0.0,0.0
2023-03-14 00:00:00-04:00,26.951074523830382,27.570310564570686,26.417577236570494,27.01776123046875,7488600,0.0,0.0
2023-03-15 00:00:00-04:00,26.122247906812348,26.246094380035323,25.160049646732894,25.579225540161133,14303700,0.0,0.0
2023-03-16 00:00:00-04:00,24.959989917124005,26.217515799337868,24.893301396759977,26.00792694091797,12681000,0.0,0.0
2023-03-17 00:00:00-04:00,25.72212580381247,25.760233529051806,25.08383594266444,25.645912170410156,14502600,0.0,0.0
2023-03-20 00:00:00-04:00,25.71259778888128,26.12224673255828,25.645911089599217,25.67449188232422,8112800,0.0,0.0
2023-03-21 00:00:00-04:00,26.265147304988258,26.77959067633936,26.179406743096408,26.71290397644043,9489300,0.0,0.0
2023-03-22 00:00:00-04:00,26.779592912512456,26.798644959019988,25.741180969179698,25.760234832763672,6130100,0.0,0.0
2023-03-23 00:00:00-04:00,25.836447847789874,26.436629999618958,25.226736947321847,25.46490478515625,5711800,0.0,0.0
2023-03-24 00:00:00-04:00,24.89329983476809,25.903132703428046,24.883774720961576,25.741178512573242,7614500,0.0,0.0
2023-03-27 00:00:00-04:00,25.931712298142013,26.227041711330777,25.636384702029563,25.969820022583008,7690500,0.0,0.0
2023-03-28 00:00:00-04:00,25.845968788856748,26.331831317634553,25.83644367590865,26.27467155456543,9917300,0.0,0.0
2023-03-29 00:00:00-04:00,26.712903563630054,26.874855936838255,26.36994132136265,26.836750030517578,11312700,0.0,0.0
2023-03-30 00:00:00-04:00,27.2368721327504,27.522672790887196,27.036810218393626,27.389299392700195,10210400,0.0,0.0
2023-03-31 00:00:00-04:00,27.55125653030714,27.64652403223427,27.236875045901126,27.494096755981445,7258500,0.0,0.0
2023-04-03 00:00:00-04:00,28.75161980126994,29.075528184992002,28.36102471803033,28.49439811706543,8779400,0.0,0.0
2023-04-04 00:00:00-04:00,28.522978609680294,28.665878938153313,27.589359375032295,27.86563491821289,4840600,0.0,0.0
2023-04-05 00:00:00-04:00,27.903746696587728,28.113333754333862,27.53220360807325,27.665578842163086,5246700,0.0,0.0
2023-04-06 00:00:00-04:00,27.64652238555981,27.808476584066725,27.084446156452064,27.160659790039062,4583200,0.0,0.0
2023-04-10 00:00:00-04:00,27.208291544865485,27.732261844827843,27.1701856381294,27.465513229370117,2904900,0.0,0.0
2023-04-11 00:00:00-04:00,27.532200746380294,28.0275902681912,27.20829235266365,27.770368576049805,4545600,0.0,0.0
2023-04-12 00:00:00-04:00,28.008535246685913,28.199070229367443,27.589359375032295,27.86563491821289,3662200,0.0,0.0
2023-04-13 00:00:00-04:00,27.798949721837168,28.25623152449588,27.76084199641076,28.056171417236328,5377900,0.0,0.0
2023-04-14 00:00:00-04:00,28.141911625946154,28.189544465049522,27.503621769748808,27.770368576049805,5395600,0.0,0.0
2023-04-17 00:00:00-04:00,27.8942168650407,27.913268910436244,27.42740813693762,27.770368576049805,5280100,0.0,0.0
2023-04-18 00:00:00-04:00,27.684625870716648,28.341969538543186,27.60841224380025,28.103801727294922,11208200,0.0,0.0
2023-04-19 00:00:00-04:00,28.35149780443548,29.361328862911158,28.35149780443548,29.11363410949707,10417100,0.0,0.0
2023-04-20 00:00:00-04:00,28.761145785104752,28.951678946441152,28.313389130957948,28.665878295898438,8191700,0.0,0.0
2023-04-21 00:00:00-04:00,28.818309479471306,28.951682892291995,28.01806536839425,28.25623321533203,7398900,0.0,0.0
2023-04-24 00:00:00-04:00,28.199072213091693,28.98026242630321,28.16096448704411,28.76114845275879,5856300,0.0,0.0
2023-04-25 00:00:00-04:00,28.446768048258107,28.484873958658717,27.7132106480127,27.903745651245117,6286500,0.0,0.0
2023-04-26 00:00:00-04:00,27.713204194595573,28.08474536559599,27.160654994382323,27.398822784423828,5742100,0.0,0.0
2023-04-27 00:00:00-04:00,27.20829181765884,27.656048491562004,27.05586455503368,27.475040435791016,6118600,0.0,0.0
2023-04-28 00:00:00-04:00,27.2940333860884,27.989483024584757,27.170186912044045,27.856109619140625,5412600,0.0,0.0
2023-05-01 00:00:00-04:00,27.598887919638468,27.951377113087204,27.294033383183546,27.513147354125977,4415300,0.0,0.0
2023-05-02 00:00:00-04:00,27.113024999330907,27.17971351833164,25.826920166043205,26.055561065673828,9776600,0.0,0.0
2023-05-03 00:00:00-04:00,25.760234388355794,26.57000358886387,25.541118595073115,26.160354614257812,9051400,0.0,0.0
2023-05-04 00:00:00-04:00,26.16988286304547,26.446158442922787,25.85550137181613,25.93171501159668,8291500,0.0,0.0
2023-05-05 00:00:00-04:00,26.75101264903524,27.08444800007879,26.388998319123928,26.88438606262207,7325700,0.0,0.0
2023-05-08 00:00:00-04:00,27.27497829768291,27.475040213935657,26.665269252105556,26.779590606689453,4671900,0.0,0.0
2023-05-09 00:00:00-04:00,26.531897940487156,27.18924169265023,26.36041680365536,26.855806350708008,5517800,0.0,0.0
2023-05-10 00:00:00-04:00,27.036814196281814,27.074921925414134,26.360418357871968,26.570005416870117,8941000,0.0,0.0
2023-05-11 00:00:00-04:00,26.065088272094727,26.227042471510497,25.78881271311873,26.065088272094727,7293800,0.0,0.0
2023-05-12 00:00:00-04:00,26.331831531032524,26.68432067648031,26.24609097719593,26.35088539123535,5890000,0.0,0.0
2023-05-15 00:00:00-04:00,26.598586213719358,26.865334866415985,26.484264843398936,26.570005416870117,5758900,0.0,0.0
2023-05-16 00:00:00-04:00,26.49378948741156,26.570003122017088,26.036507679778406,26.14130210876465,8662400,0.0,0.0
2023-05-17 00:00:00-04:00,26.331838220642794,26.58905994749982,26.017456715731957,26.179410934448242,10364600,0.0,0.0
2023-05-18 00:00:00-04:00,26.046033208151037,26.922490867438412,25.893605947151173,26.846277236938477,7945400,0.0,0.0
2023-05-19 00:00:00-04:00,27.227345109954893,27.255925902502597,26.760536400799964,26.836750030517578,5923500,0.0,0.0
2023-05-22 00:00:00-04:00,26.912963270732366,27.236871646613473,26.69384931559992,27.027284622192383,4606900,0.0,0.0
2023-05-23 00:00:00-04:00,27.284503302710135,27.389297718925178,26.81769462050629,27.055862426757812,4124700,0.0,0.0
2023-05-24 00:00:00-04:00,27.122551850572574,27.67510114398498,26.903437882874425,27.360719680786133,5064300,0.0,0.0
2023-05-25 00:00:00-04:00,26.703379761350334,26.951074541221587,26.379471342832275,26.6747989654541,5490900,0.0,0.0
2023-05-26 00:00:00-04:00,26.80908372245886,26.9817345985066,26.49255437213514,26.75153160095215,4485900,0.19,0.0
2023-05-30 00:00:00-04:00,26.022552425489604,26.741937420802877,25.9841861770747,26.665203094482422,6324500,0.0,0.0
2023-05-31 00:00:00-04:00,26.319901892883863,26.511736811083153,25.859494064325776,26.137657165527344,17917300,0.0,0.0
2023-06-01 00:00:00-04:00,26.13765518457481,27.59560923394812,26.080104896425798,27.442140579223633,7824600,0.0,0.0
2023-06-02 00:00:00-04:00,28.113566194875403,28.6507083294405,27.768262627787237,28.37254524230957,6115000,0.0,0.0
2023-06-05 00:00:00-04:00,28.775399252681908,28.794583291261443,27.969687927247563,28.45886993408203,5330300,0.0,0.0
2023-06-06 00:00:00-04:00,27.960096516687383,29.46600881764501,27.960096516687383,29.34131622314453,7652900,0.0,0.0
2023-06-07 00:00:00-04:00,29.40845863623437,29.83049834824196,29.331724309459418,29.38927459716797,7931500,0.0,0.0
2023-06-08 00:00:00-04:00,29.456417929120008,29.561928318164995,28.919277623009638,29.053564071655273,6334300,0.0,0.0
2023-06-09 00:00:00-04:00,29.13988779594989,29.28376626053449,28.67948183185305,28.784992218017578,5395300,0.0,0.0
2023-06-12 00:00:00-04:00,28.276625588707176,28.97682654041243,28.18070722407165,28.573972702026367,7995800,0.0,0.0
2023-06-13 00:00:00-04:00,29.226212651869844,29.772946764519098,28.90968333901532,28.938459396362305,6964800,0.0,0.0
2023-06-14 00:00:00-04:00,29.216621941365663,29.46600896107117,28.39172838486816,28.717849731445312,6991200,0.0,0.0
2023-06-15 00:00:00-04:00,28.708256606443037,29.22621283550924,28.708256606443037,29.00560188293457,7899400,0.0,0.0
2023-06-16 00:00:00-04:00,29.14948321127112,29.513972680759665,29.015198580138968,29.32213592529297,12505900,0.0,0.0
2023-06-20 00:00:00-04:00,29.082336882749,29.14947918905038,28.09438266804479,28.58356285095215,5879800,0.0,0.0
2023-06-21 00:00:00-04:00,28.362950057225884,29.571516980888177,28.30539977404878,29.24539566040039,7810700,0.0,0.0
2023-06-22 00:00:00-04:00,29.024789492939014,29.22621643194846,28.612341765073026,28.919279098510742,4154400,0.0,0.0
2023-06-23 00:00:00-04:00,28.46846224447751,28.64111493447757,28.01764648070166,28.55478858947754,7952900,0.0,0.0
2023-06-26 00:00:00-04:00,28.51642070211646,29.57151905843886,28.45887041489615,29.28376579284668,5417100,0.0,0.0
2023-06-27 00:00:00-04:00,29.13029453051308,29.868861667221278,29.053560211264546,29.705801010131836,6083600,0.0,0.0
2023-06-28 00:00:00-04:00,29.73458131000482,30.185395271249515,29.36050167896115,29.85927391052246,5793700,0.0,0.0
2023-06-29 00:00:00-04:00,29.88804875037096,30.089477502358008,29.408458748818806,30.079885482788086,6863000,0.0,0.0
2023-06-30 00:00:00-04:00,30.377233367798798,30.63621242984935,30.118254305748245,30.319683074951172,6825800,0.0,0.0
2023-07-03 00:00:00-04:00,30.338861432002425,30.50192209893122,29.926415584585442,30.310087203979492,2951200,0.0,0.0
2023-07-05 00:00:00-04:00,30.463557626618837,30.521107915508317,29.80172290117236,30.252538681030273,5493800,0.0,0.0
2023-07-06 00:00:00-04:00,29.974373850950727,30.36763748951595,29.763354917656645,30.310087203979492,7177900,0.0,0.0
2023-07-07 00:00:00-04:00,30.099068615139416,31.883145890532898,30.089478424766167,31.758451461791992,10408800,0.0,0.0
2023-07-10 00:00:00-04:00,31.672127287234368,31.97906462599403,31.509064767841092,31.873554229736328,7770900,0.0,0.0
2023-07-11 00:00:00-04:00,32.06538927863452,32.736816043638754,31.911920617403396,32.64089584350586,7654900,0.0,0.0
2023-07-12 00:00:00-04:00,32.871097960975426,33.48497255540463,32.69844527391956,33.034156799316406,8360600,0.0,0.0
2023-07-13 00:00:00-04:00,32.98619926003916,33.49456348370142,32.86150483686456,33.26436233520508,6832100,0.0,0.0
2023-07-14 00:00:00-04:00,32.99579594568555,33.120486720598805,32.72722303737498,32.94783401489258,5203600,0.0,0.0
2023-07-17 00:00:00-04:00,32.81355030318948,33.484977104174405,32.79436626213486,33.235591888427734,8186700,0.0,0.0
2023-07-18 00:00:00-04:00,33.10130083369703,33.859053926586924,33.062936413776846,33.60966873168945,11004000,0.0,0.0
2023-07-19 00:00:00-04:00,33.16844722277649,34.405786681734874,32.89987432603376,33.76313781738281,12991600,0.0,0.0
2023-07-20 00:00:00-04:00,34.02211532981745,34.16599013256349,33.120483799758,33.24517822265625,10701500,0.0,0.0
2023-07-21 00:00:00-04:00,33.41782926385816,34.11803018114593,33.01497178629277,33.98374557495117,23642100,0.0,0.0
2023-07-24 00:00:00-04:00,34.146805542209705,34.683947643803876,34.12762516267172,34.377010345458984,8685400,0.0,0.0
2023-07-25 00:00:00-04:00,34.242729331041474,34.46334030870952,34.0700766252175,34.281097412109375,7351400,0.0,0.0
2023-07-26 00:00:00-04:00,33.83987112426603,34.242728649497614,33.657628231293124,34.07966613769531,7789500,0.0,0.0
2023-07-27 00:00:00-04:00,34.13721590381054,34.261910326708794,33.04375130342303,33.24517822265625,8116600,0.0,0.0
2023-07-28 00:00:00-04:00,33.51375320666168,34.01252732497321,33.51375320666168,33.974159240722656,5800200,0.0,0.0
2023-07-31 00:00:00-04:00,34.08926455526795,34.33864979270048,33.91661182974465,34.32905960083008,6252100,0.0,0.0
2023-08-01 00:00:00-04:00,34.041306208672495,34.348243573648794,33.81110135544927,34.30987548828125,5300000,0.0,0.0
2023-08-02 00:00:00-04:00,34.0700761333532,34.165992675656625,33.59048610387297,34.10844421386719,5751300,0.0,0.0
2023-08-03 00:00:00-04:00,34.146805073161204,34.69353735701433,34.00293027471527,34.194766998291016,5120800,0.0,0.0
2023-08-04 00:00:00-04:00,34.300277152913466,34.4537458153366,33.9933398280672,34.07007598876953,5642700,0.0,0.0
2023-08-07 00:00:00-04:00,34.224412784791966,34.45592114496296,34.08936777456745,34.33052062988281,5232400,0.2,0.0
2023-08-08 00:00:00-04:00,33.51059728963824,34.42697505650121,33.443071115110456,34.38839340209961,4898900,0.0,0.0
2023-08-09 00:00:00-04:00,34.726011143014695,35.189024183357496,34.43662845276302,34.83211898803711,5588300,0.0,0.0
2023-08-10 00:00:00-04:00,34.812818627424775,35.03467876359576,33.790329422736995,34.079715728759766,6220100,0.0,0.0
2023-08-11 00:00:00-04:00,33.95432100429349,34.398041351945025,33.90609117167056,34.22441101074219,5137100,0.0,0.0
2023-08-14 00:00:00-04:00,34.147238218911816,34.166527204926915,33.906085417026,34.079715728759766,4881200,0.0,0.0
2023-08-15 00:00:00-04:00,33.89644891795567,34.0700792894862,33.53954367856558,33.86751174926758,4530000,0.0,0.0
2023-08-16 00:00:00-04:00,33.92537551132661,34.35945130484156,33.713163540930296,33.73245620727539,5074700,0.0,0.0
2023-08-17 00:00:00-04:00,34.25334458162141,34.35945241008267,33.61670129055385,33.63599395751953,5196700,0.0,0.0
2023-08-18 00:00:00-04:00,33.375552224530296,34.108658932829336,33.3080297224107,34.0121955871582,4119000,0.0,0.0
2023-08-21 00:00:00-04:00,34.099010205882536,34.23405888763383,33.50095219121382,33.809627532958984,3910100,0.0,0.0
2023-08-22 00:00:00-04:00,33.79997927446213,34.03148391514069,33.771038434602374,33.93502426147461,4067300,0.0,0.0
2023-08-23 00:00:00-04:00,33.62635095611835,34.359453934847146,33.385198127895706,34.205116271972656,4288700,0.0,0.0
2023-08-24 00:00:00-04:00,33.9446719567153,34.55237813529187,33.93502746231896,33.98325729370117,4935500,0.0,0.0
2023-08-25 00:00:00-04:00,34.33051530594796,34.34015979959668,33.8289170031152,34.13759231567383,3447000,0.0,0.0
2023-08-28 00:00:00-04:00,34.14724401796169,34.957517717090624,34.14724401796169,34.726009368896484,4512200,0.0,0.0
2023-08-29 00:00:00-04:00,34.72601194623749,34.93822764119093,34.46556641507664,34.822471618652344,5790700,0.0,0.0
2023-08-30 00:00:00-04:00,34.94786509083073,35.13113990334978,34.69706778529414,34.774234771728516,6897800,0.0,0.0
2023-08-31 00:00:00-04:00,34.94787183954171,35.04433519083738,34.52344413294255,34.90928649902344,10010600,0.0,0.0
2023-09-01 00:00:00-04:00,35.26619425592679,35.91248213036879,35.25654608125425,35.507347106933594,8386300,0.0,0.0
2023-09-05 00:00:00-04:00,35.92213023045048,36.25009825432674,35.69062187489645,35.75814437866211,9233700,0.0,0.0
2023-09-06 00:00:00-04:00,35.69062017013427,35.98965101517074,35.51698983168732,35.902835845947266,7775400,0.0,0.0
2023-09-07 00:00:00-04:00,35.84495577203763,36.12469393225326,35.748496113887455,35.883541107177734,8073400,0.0,0.0
2023-09-08 00:00:00-04:00,36.066818887078604,36.192219396716936,35.58451319737774,35.642391204833984,8085100,0.0,0.0
2023-09-11 00:00:00-04:00,36.018588497451965,36.22115600086795,35.189022135233735,35.439823150634766,6655600,0.0,0.0
2023-09-12 00:00:00-04:00,35.7002636905671,35.93177202874657,35.43017369577454,35.787078857421875,8937300,0.0,0.0
2023-09-13 00:00:00-04:00,35.787074452276265,35.8160152907989,34.822463241382565,34.95751190185547,7171100,0.0,0.0
2023-09-14 00:00:00-04:00,35.44946906756861,35.54592873600833,35.22760888639686,35.3819465637207,6567500,0.0,0.0
2023-09-15 00:00:00-04:00,35.208312379399494,35.32406470485137,34.69706956892868,34.88034439086914,12204900,0.0,0.0
2023-09-18 00:00:00-04:00,35.1311496111046,35.3433653219153,34.84176689253604,35.169734954833984,7906700,0.0,0.0
2023-09-19 00:00:00-04:00,35.362652138625386,35.56521964011326,34.619900953469525,34.89963912963867,7427200,0.0,0.0
2023-09-20 00:00:00-04:00,34.82246368570811,35.2468949789248,34.52343656152339,34.5330810546875,6240300,0.0,0.0
2023-09-21 00:00:00-04:00,34.629552481159244,34.7356566495706,33.809630541921386,33.819278717041016,7114700,0.0,0.0
2023-09-22 00:00:00-04:00,33.91573894390974,34.359459334442114,33.91573894390974,34.147247314453125,5006000,0.0,0.0
2023-09-25 00:00:00-04:00,34.07971521874799,34.76458828272648,34.06042255332188,34.62954330444336,5353800,0.0,0.0
2023-09-26 00:00:00-04:00,34.40768465237439,34.76459349673735,34.359454821425416,34.44626998901367,6450200,0.0,0.0
2023-09-27 00:00:00-04:00,34.88034791315681,35.15043792638542,34.53308722203405,34.9671630859375,6932300,0.0,0.0
2023-09-28 00:00:00-04:00,34.96715987709982,35.545925189392456,34.918930047692115,35.295127868652344,5879800,0.0,0.0
2023-09-29 00:00:00-04:00,35.24690313075385,35.30477746252315,33.925382799945,34.07007598876953,8093900,0.0,0.0
2023-10-02 00:00:00-04:00,33.95432198973037,34.0990114917984,32.883602747804794,33.336971282958984,6952700,0.0,0.0
2023-10-03 00:00:00-04:00,33.10546167177624,33.597415527359985,33.06687633414216,33.30802917480469,5839400,0.0,0.0
2023-10-04 00:00:00-04:00,32.835370054664175,32.90289255235654,31.86111056561695,31.96721839904785,7840900,0.0,0.0
2023-10-05 00:00:00-04:00,31.716423509830566,32.285544376693565,31.62960833760738,32.1697883605957,6898100,0.0,0.0
2023-10-06 00:00:00-04:00,32.18908192232969,32.76785097976306,31.861113893694277,32.53634262084961,6259300,0.0,0.0
2023-10-09 00:00:00-04:00,33.60705915255391,33.74210415107946,33.240505813912954,33.56847381591797,6507900,0.0,0.0
2023-10-10 00:00:00-04:00,33.5298949906168,33.906096576323286,33.4141426379307,33.66494369506836,6256800,0.0,0.0
2023-10-11 00:00:00-04:00,33.3466201255554,33.68423268743192,33.06688190017145,33.66494369506836,3845200,0.0,0.0
2023-10-12 00:00:00-04:00,34.050778336699075,34.050778336699075,33.22121202549749,33.53953552246094,3978700,0.0,0.0
2023-10-13 00:00:00-04:00,34.10866073785039,34.14724607816077,33.54918434245166,33.61670684814453,6614200,0.0,0.0
2023-10-16 00:00:00-04:00,33.857858204088565,34.10865922528353,33.55883102919511,33.92538070678711,5747300,0.0,0.0
2023-10-17 00:00:00-04:00,33.78069444864372,34.53309022503788,33.75175728176726,34.349815368652344,4621400,0.0,0.0
2023-10-18 00:00:00-04:00,34.52343985609025,34.73565184325016,34.22440902366927,34.45591735839844,5061900,0.0,0.0
2023-10-19 00:00:00-04:00,34.32087326049805,34.85140876182143,33.94467174676304,34.32087326049805,4229700,0.0,0.0
2023-10-20 00:00:00-04:00,34.19547687070581,34.30158471967864,33.22121723895599,33.60706329345703,5258300,0.0,0.0
2023-10-23 00:00:00-04:00,33.42378809660689,33.761400631037006,33.19227973035435,33.443077087402344,6111500,0.0,0.0
2023-10-24 00:00:00-04:00,33.54917878759064,33.78068711142064,33.16333648747394,33.259796142578125,6887200,0.0,0.0
2023-10-25 00:00:00-04:00,33.172983351058726,33.48165868508455,32.75820018101773,32.816078186035156,7625300,0.0,0.0
2023-10-26 00:00:00-04:00,33.16334232164674,34.340165775687176,33.01864913383572,33.78069305419922,9540400,0.0,0.0
2023-10-27 00:00:00-04:00,33.935030196626215,34.12795321740004,33.49130982463681,33.578125,6111700,0.0,0.0
2023-10-30 00:00:00-04:00,33.80962782318021,34.21476651251114,33.47201531515473,33.72281265258789,8112900,0.0,0.0
2023-10-31 00:00:00-04:00,33.78069243123136,33.85785943152703,32.94148152462545,33.20192337036133,6800800,0.0,0.0
2023-11-01 00:00:00-04:00,33.26945075554413,34.01219833895251,33.05723505759849,33.60706329345703,9178100,0.0,0.0
2023-11-02 00:00:00-04:00,33.76139534778793,34.44626848457218,33.73245818642242,34.25334548950195,10112400,0.0,0.0
2023-11-03 00:00:00-04:00,34.46676181905027,34.476464640862304,33.90412027184703,34.13693618774414,5518000,0.2,0.0
2023-11-06 00:00:00-05:00,34.292147383382144,34.58317282356355,33.74890778953352,33.89441680908203,4190700,0.0,0.0
2023-11-07 00:00:00-05:00,33.39968318722787,33.54519592023831,32.798237711833615,32.84674072265625,9759200,0.0,0.0
2023-11-08 00:00:00-05:00,32.63332170266946,33.16686220103055,32.56541675018036,32.73033142089844,10744900,0.0,0.0
2023-11-09 00:00:00-05:00,32.94374544618398,33.137761182372046,32.74972970999592,32.90494155883789,7238600,0.0,0.0
2023-11-10 00:00:00-05:00,33.389982010720765,33.467589792296735,33.089261108470645,33.3123779296875,10032600,0.0,0.0
2023-11-13 00:00:00-05:00,33.30267429308831,33.58399321181169,33.19596545815707,33.43848419189453,7519100,0.0,0.0
2023-11-14 00:00:00-05:00,33.651903011909205,33.807114875852236,33.3705840526356,33.66160583496094,12074200,0.0,0.0
2023-11-15 00:00:00-05:00,33.48699281279955,34.136941351922886,33.44818892076575,33.622802734375,8082200,0.0,0.0
2023-11-16 00:00:00-05:00,33.34147468239468,33.58399341761833,31.779653435467665,32.24529266357422,7517200,0.0,0.0
2023-11-17 00:00:00-05:00,32.67213183939237,32.943751701303434,32.48781889031602,32.70123291015625,7981600,0.0,0.0
2023-11-20 00:00:00-05:00,32.78853653912584,33.05045725139787,32.72063158044895,32.856441497802734,7449000,0.0,0.0
2023-11-21 00:00:00-05:00,32.7885319491249,33.02135156095566,32.67212399348062,32.895240783691406,7752500,0.0,0.0
2023-11-22 00:00:00-05:00,32.254992504654204,32.613919204644375,31.8087589100132,32.57511901855469,6071600,0.0,0.0
2023-11-24 00:00:00-05:00,32.58482127147202,33.137763757219815,32.58482127147202,32.8758430480957,2408200,0.0,0.0
2023-11-27 00:00:00-05:00,32.83704138498534,33.03105714940826,32.48781744967557,32.953453063964844,4431400,0.0,0.0
2023-11-28 00:00:00-05:00,32.982555260661584,33.18627015502357,32.604226542405584,32.80794143676758,5723700,0.0,0.0
2023-11-29 00:00:00-05:00,32.86614567587879,32.953452583569195,32.148288468141764,32.34230422973633,5604400,0.0,0.0
2023-11-30 00:00:00-05:00,32.58481654296888,33.16686001175376,32.109478206378924,32.740028381347656,9304800,0.0,0.0
2023-12-01 00:00:00-05:00,32.66242743282704,33.38028464807883,32.45871254626448,32.778839111328125,5960000,0.0,0.0
2023-12-04 00:00:00-05:00,32.52661071587354,32.80793332935449,32.12888014874404,32.740028381347656,6720400,0.0,0.0
2023-12-05 00:00:00-05:00,32.652725588148016,32.67212753294763,31.711751618350956,31.81846046447754,5627400,0.0,0.0
2023-12-06 00:00:00-05:00,31.672951586348482,31.83786256714905,30.712575666989668,30.906591415405273,7469800,0.0,0.0
2023-12-07 00:00:00-05:00,31.207314968288966,31.284922754483173,30.479760475432915,30.78048324584961,8725800,0.0,0.0
2023-12-08 00:00:00-05:00,30.90659320503957,31.314022969816058,30.799884352204923,31.275222778320312,8443800,0.0,0.0
2023-12-11 00:00:00-05:00,31.508036918144928,31.973672494210998,31.478935851060363,31.537137985229492,6024100,0.0,0.0
2023-12-12 00:00:00-05:00,31.236415687533572,31.391627539250635,30.887188096034578,31.33342170715332,5850000,0.0,0.0
2023-12-13 00:00:00-05:00,31.372228970424615,31.79906068343195,31.16851408698085,31.624446868896484,7659900,0.0,0.0
2023-12-14 00:00:00-05:00,32.00277916792978,32.7885376303538,31.954272452509624,32.536319732666016,7770000,0.0,0.0
2023-12-15 00:00:00-05:00,32.478109301974705,32.59451726132838,31.915467747980028,32.57511901855469,19746900,0.0,0.0
2023-12-18 00:00:00-05:00,33.32207683337993,33.80711436341773,32.92434620677064,33.05045700073242,5717300,0.0,0.0
2023-12-19 00:00:00-05:00,33.21537168522747,33.399684614446464,32.885546016780054,33.05045700073242,6660500,0.0,0.0
2023-12-20 00:00:00-05:00,33.11835892436698,33.642200296940175,32.95344795552487,33.01165008544922,4771300,0.0,0.0
2023-12-21 00:00:00-05:00,33.01165566633428,33.09896257652308,32.71093474277295,33.021358489990234,5286500,0.0,0.0
2023-12-22 00:00:00-05:00,33.36087774869427,33.38027969223059,32.982549101092054,33.09895706176758,6369500,0.0,0.0
2023-12-26 00:00:00-05:00,33.496693252203066,33.83622177003049,33.41908916562789,33.73921203613281,2872900,0.0,0.0
2023-12-27 00:00:00-05:00,33.681006370679576,33.87501841708022,33.40938284474203,33.457889556884766,2961200,0.0,0.0
2023-12-28 00:00:00-05:00,33.33177893587246,33.39968389256668,33.07955735340026,33.17656707763672,2928000,0.0,0.0
2023-12-29 00:00:00-05:00,33.19596941750008,33.27357349727011,32.99225084445066,33.15716552734375,5068500,0.0,0.0
2024-01-02 00:00:00-05:00,33.399683664930365,33.61310135625342,32.730333224702456,32.91464614868164,4721100,0.0,0.0
2024-01-03 00:00:00-05:00,33.011650398768445,33.17656506971813,32.77883447577667,32.90494155883789,6801700,0.0,0.0
2024-01-04 00:00:00-05:00,33.09896155893435,33.176569343624195,32.19679141490059,32.25499725341797,7345200,0.0,0.0
2024-01-05 00:00:00-05:00,32.46841332947641,32.546017409724385,32.1288848393314,32.41990661621094,5629300,0.0,0.0
2024-01-08 00:00:00-05:00,31.721456061288087,31.789361021283884,30.95509585500088,31.469234466552734,8993500,0.0,0.0
2024-01-09 00:00:00-05:00,31.38192723042793,31.41103199907889,30.547663923198098,30.67377471923828,7333600,0.0,0.0
2024-01-10 00:00:00-05:00,30.69317126094368,30.69317126094368,30.033519989550715,30.295440673828125,8471200,0.0,0.0
2024-01-11 00:00:00-05:00,30.40215267263963,30.557364534954196,30.101429920689075,30.237239837646484,8339800,0.0,0.0
2024-01-12 00:00:00-05:00,30.741679805395663,30.828986710623393,29.946218535784237,30.576766967773438,12546200,0.0,0.0
2024-01-16 00:00:00-05:00,30.382749476296784,30.47005637653785,29.70369806919779,29.752201080322266,7541100,0.0,0.0
2024-01-17 00:00:00-05:00,29.40297484968486,29.99472123439242,29.2380620137961,29.86861228942871,7311200,0.0,0.0
2024-01-18 00:00:00-05:00,29.810404822713156,30.05292357691734,29.596988985111125,29.946216583251953,5717900,0.0,0.0
2024-01-19 00:00:00-05:00,30.06262612055135,30.082028065966963,29.664895490888018,29.78130531311035,9749900,0.0,0.0
2024-01-22 00:00:00-05:00,29.684295514836048,30.21783602732984,29.53878463418058,30.05292320251465,7177200,0.0,0.0
2024-01-23 00:00:00-05:00,29.839509492031034,30.712576688394144,29.839509492031034,30.586467742919922,14531600,0.0,0.0
2024-01-24 00:00:00-05:00,29.3447690171669,30.169333144728316,28.77242461393434,29.141054153442383,20069600,0.0,0.0
2024-01-25 00:00:00-05:00,29.548484255260234,29.68429601640184,28.820927989418383,29.393272399902344,21034700,0.0,0.0
2024-01-26 00:00:00-05:00,29.354470512886955,29.674595197500754,28.95673990019318,29.567886352539062,12352600,0.0,0.0
2024-01-29 00:00:00-05:00,29.315668815815542,29.412676695737172,28.937340119419726,29.102252960205078,11490300,0.0,0.0
2024-01-30 00:00:00-05:00,27.879956406914026,28.646316576076533,27.491926761255737,28.46200180053711,23727200,0.0,0.0
2024-01-31 00:00:00-05:00,28.549308677375002,28.607512661605526,27.579233638933562,27.647138595581055,10664400,0.0,0.0
2024-02-01 00:00:00-05:00,27.802351590926676,28.015767442015605,27.521030780412694,27.77324867248535,11208700,0.0,0.0
2024-02-02 00:00:00-05:00,27.841153876124572,28.267985553680028,27.724744059345912,28.122474670410156,12945800,0.0,0.0
2024-02-05 00:00:00-05:00,27.82175387533555,28.073973620750824,27.47252625087265,27.938161849975586,11840600,0.0,0.0
2024-02-06 00:00:00-05:00,27.996367074045484,28.733624348270997,27.928462115281654,28.51050567626953,13403700,0.0,0.0
2024-02-07 00:00:00-05:00,28.58811144656793,28.801529144646796,28.219483736669236,28.248586654663086,9040000,0.0,0.0
2024-02-08 00:00:00-05:00,28.12247555685135,28.57841016554068,28.044869626643138,28.44260025024414,9029100,0.0,0.0
2024-02-09 00:00:00-05:00,28.432900779780912,28.578411675324666,27.96726517393233,28.19038200378418,7661400,0.0,0.0
2024-02-12 00:00:00-05:00,28.31740638745038,28.923231646334344,28.288093494493328,28.825517654418945,9720400,0.21,0.0
2024-02-13 00:00:00-05:00,28.757118931534695,28.87437423293068,28.043809946200977,28.346721649169922,9740500,0.0,0.0
2024-02-14 00:00:00-05:00,28.53238007396234,28.551921383087727,27.975410829749002,28.19038200378418,8119000,0.0,0.0
2024-02-15 00:00:00-05:00,28.24900874424021,28.71803369537936,28.131753438325166,28.532379150390625,10899100,0.0,0.0
2024-02-16 00:00:00-05:00,28.532380347792365,28.649635658628196,28.27832468932865,28.483522415161133,7398000,0.0,0.0
2024-02-20 00:00:00-05:00,28.200150598701168,28.42489147158841,28.004722618262225,28.385805130004883,8362400,0.0,0.0
2024-02-21 00:00:00-05:00,28.463976531652463,28.727803751519723,28.336949646386405,28.66917610168457,10578100,0.0,0.0
2024-02-22 00:00:00-05:00,28.620321561696652,28.796204520569223,28.346722741662404,28.532379150390625,9427400,0.0,0.0
2024-02-23 00:00:00-05:00,28.336953275636834,29.402032013372008,28.219696097209454,29.20660400390625,13039800,0.0,0.0
2024-02-26 00:00:00-05:00,29.0502578789121,29.695167601837785,28.991630230575037,29.157743453979492,9822900,0.0,0.0
2024-02-27 00:00:00-05:00,29.362942161949245,29.362942161949245,28.854832752704954,29.04048728942871,6600300,0.0,0.0
2024-02-28 00:00:00-05:00,28.92323404042799,29.069804108563595,28.52260831777888,28.80597686767578,6079000,0.0,0.0
2024-02-29 00:00:00-05:00,29.069803335533113,29.177288919052728,28.69849238188092,28.913461685180664,12879500,0.0,0.0
2024-03-01 00:00:00-05:00,28.91346026870443,29.441112846859262,28.83528944735781,29.274999618530273,6317400,0.0,0.0
2024-03-04 00:00:00-05:00,29.31408555239486,29.34340030889343,28.68871899034037,28.757118225097656,6157400,0.0,0.0
2024-03-05 00:00:00-05:00,28.76688895978032,29.49974107691517,28.63008863057242,29.48019790649414,8765100,0.0,0.0
2024-03-06 00:00:00-05:00,29.77333993977112,30.154424332751603,29.714712288443135,29.861282348632812,10371600,0.0,0.0
2024-03-07 00:00:00-05:00,29.93945232058164,30.349849595690316,29.880824670920223,30.12510871887207,9733000,0.0,0.0
2024-03-08 00:00:00-05:00,30.00785336439917,30.20328136003495,29.744027993152212,29.90036964416504,5547300,0.0,0.0
2024-03-11 00:00:00-04:00,29.968768918758435,30.6723063491435,29.822198853728985,30.58436393737793,6927000,0.0,0.0
2024-03-12 00:00:00-04:00,30.691848707724255,30.897048284316487,30.408480171345722,30.77001953125,7136800,0.0,0.0
2024-03-13 00:00:00-04:00,30.975220393962143,31.219504460590425,30.662535223136743,31.024076461791992,6897800,0.0,0.0
2024-03-14 00:00:00-04:00,31.033847234106727,31.47355742426059,31.033847234106727,31.209732055664062,6947300,0.0,0.0
2024-03-15 00:00:00-04:00,31.199960703009463,31.70807199936744,31.19018911687879,31.581043243408203,15268100,0.0,0.0
2024-03-18 00:00:00-04:00,31.747156621385805,31.796012685648893,31.346530930462457,31.64944076538086,5899400,0.0,0.0
2024-03-19 00:00:00-04:00,31.6689865665224,32.55818042887697,31.6689865665224,32.46046829223633,6548000,0.0,0.0
2024-03-20 00:00:00-04:00,32.333439150729234,32.782920937933895,32.20641039261347,32.62657928466797,7429500,0.0,0.0
2024-03-21 00:00:00-04:00,32.68521115442216,33.34966416048508,32.6070384584245,32.988121032714844,6084300,0.0,0.0
2024-03-22 00:00:00-04:00,33.03697720058433,33.13468933236323,32.65589094069727,32.67543411254883,6636500,0.0,0.0
2024-03-25 00:00:00-04:00,32.870862001855606,32.99789075475816,32.480009748470735,32.528865814208984,10277000,0.0,0.0
2024-03-26 00:00:00-04:00,32.5093263102696,32.587495278774405,31.952358897560398,32.07938766479492,8057600,0.0,0.0
2024-03-27 00:00:00-04:00,31.932813157267216,32.460467630316806,31.932813157267216,32.333438873291016,9346600,0.0,0.0
2024-03-28 00:00:00-04:00,32.67543648970148,32.919720564399405,32.362753172286475,32.734066009521484,13250300,0.0,0.0
2024-04-01 00:00:00-04:00,32.90994844728864,32.90994844728864,32.48977957117736,32.67543411254883,6485200,0.0,0.0
2024-04-02 00:00:00-04:00,32.939261529887624,32.997891045777926,32.55817899529795,32.82200622558594,7867400,0.0,0.0
2024-04-03 00:00:00-04:00,33.01743478565698,33.369204432091564,32.939262096458634,33.105377197265625,7584300,0.0,0.0
2024-04-04 00:00:00-04:00,33.14445877075195,33.53531474947866,32.9197178876017,33.14445877075195,6014100,0.0,0.0
2024-04-05 00:00:00-04:00,33.10537813000603,33.82845688806847,32.91971985166855,33.52554702758789,5151100,0.0,0.0
2024-04-08 00:00:00-04:00,33.61349088423987,33.730746198894224,33.36920680434708,33.4669189453125,4433800,0.0,0.0
2024-04-09 00:00:00-04:00,33.59394148554507,33.72096649976635,33.232398430513136,33.40828323364258,3373000,0.0,0.0
2024-04-10 00:00:00-04:00,33.11514416884483,33.48645695673454,32.94903280931547,33.36920166015625,4281500,0.0,0.0
2024-04-11 00:00:00-04:00,33.4864570426326,33.496226764256406,32.763374635674516,33.212860107421875,3724000,0.0,0.0
2024-04-12 00:00:00-04:00,33.31058005119593,33.43760882698972,32.25527094917897,32.29435729980469,4841000,0.0,0.0
2024-04-15 00:00:00-04:00,32.470237759087155,32.62657941296787,31.590817353812735,31.708072662353516,7537400,0.0,0.0
2024-04-16 00:00:00-04:00,31.629898932205567,31.678754998535393,31.199960330032617,31.366071701049805,5852400,0.0,0.0
2024-04-17 00:00:00-04:00,31.454014203534822,31.80578384610585,31.22927331577643,31.28790283203125,5613700,0.0,0.0
2024-04-18 00:00:00-04:00,31.366071220216803,31.82532643713054,31.268359089055053,31.463787078857422,5714100,0.0,0.0
2024-04-19 00:00:00-04:00,31.502876920313177,32.030527705646044,31.385617876924286,31.854642868041992,7513500,0.0,0.0
2024-04-22 00:00:00-04:00,31.659216312042815,32.00121251201935,31.15110314585315,31.71784210205078,4991600,0.0,0.0
2024-04-23 00:00:00-04:00,31.49310324126043,32.392070596660204,31.375847926201075,32.24549865722656,7404300,0.0,0.0
2024-04-24 00:00:00-04:00,32.0109828040703,33.00766225420797,31.59081763411451,31.92304039001465,11447000,0.0,0.0
2024-04-25 00:00:00-04:00,32.216182240849825,32.68520717732753,31.883955778243266,32.53863525390625,8729900,0.0,0.0
2024-04-26 00:00:00-04:00,32.35298435988824,32.47023967534896,31.69830108298412,32.08915710449219,8318500,0.0,0.0
2024-04-29 00:00:00-04:00,32.16732442735623,32.47023801490876,31.932813808427042,32.46046829223633,5156900,0.0,0.0
2024-04-30 00:00:00-04:00,32.2943525434294,32.34320861077615,31.75692834765716,31.874183654785156,9583200,0.0,0.0
2024-05-01 00:00:00-04:00,31.90349707376572,31.98166602817582,31.02407303991066,31.160871505737305,4941700,0.0,0.0
2024-05-02 00:00:00-04:00,31.395386784492,31.620127660580284,31.03384557465224,31.19995880126953,5191200,0.0,0.0
2024-05-03 00:00:00-04:00,31.298319928006617,31.544221249723925,31.042582328291232,31.39668083190918,3701600,0.21,0.0
2024-05-06 00:00:00-04:00,31.58356759322396,31.80979636776624,31.38684577774825,31.475370407104492,3131200,0.0,0.0
2024-05-07 00:00:00-04:00,31.367172027053286,31.731104932929185,31.34750134711706,31.613073348999023,7787200,0.0,0.0
2024-05-08 00:00:00-04:00,31.40651727225712,31.947499432400424,31.31799264589502,31.37700843811035,6416500,0.0,0.0
2024-05-09 00:00:00-04:00,31.514718324305164,32.25242238385075,31.50488016897004,32.242584228515625,3817000,0.0,0.0
2024-05-10 00:00:00-04:00,32.311432428970356,32.380284499424576,31.681925640728075,31.809795379638672,4484000,0.0,0.0
2024-05-13 00:00:00-04:00,32.09503929173755,32.242577823041785,31.721268258552435,31.878644943237305,4209900,0.0,0.0
2024-05-14 00:00:00-04:00,32.026187302473005,32.2425778993291,31.8491380627641,32.09503936767578,3282600,0.0,0.0
2024-05-15 00:00:00-04:00,32.06553370011613,32.399959677451875,31.347504103241203,32.3901252746582,6979200,0.0,0.0
2024-05-16 00:00:00-04:00,32.32126863712182,32.69503967719528,32.26225097221879,32.47864532470703,9974900,0.0,0.0
2024-05-17 00:00:00-04:00,32.51799428412362,32.99995880533998,32.291765503448666,32.911434173583984,5954600,0.0,0.0
2024-05-20 00:00:00-04:00,32.95077848165143,32.990123595281425,32.498320931376185,32.56717300415039,6124700,0.0,0.0
2024-05-21 00:00:00-04:00,32.527824836048126,32.980282343836095,32.44913836833362,32.47864532470703,4517900,0.0,0.0
2024-05-22 00:00:00-04:00,32.517992614893764,32.577006531597334,31.396681295570314,31.563894271850586,4717800,0.0,0.0
2024-05-23 00:00:00-04:00,31.583567293780145,31.82946862275426,31.258977614577447,31.288484573364258,4517100,0.0,0.0
2024-05-24 00:00:00-04:00,31.475369157706094,31.89831973093528,31.31799246200382,31.83930206298828,4698600,0.0,0.0
2024-05-28 00:00:00-04:00,31.849137987407683,32.15405320339679,31.681923149342186,31.878644943237305,4978100,0.0,0.0
2024-05-29 00:00:00-04:00,31.731104821515956,31.790122489352015,31.209795221511445,31.406517028808594,4699600,0.0,0.0
2024-05-30 00:00:00-04:00,31.34750039003749,31.996677833989555,31.32782783462369,31.947498321533203,5344700,0.0,0.0
2024-05-31 00:00:00-04:00,31.96717377757922,32.98028608430161,31.85897658906389,32.93110656738281,11234900,0.0,0.0
2024-06-03 00:00:00-04:00,32.93110254656254,32.970447656156274,31.347499406976574,31.622909545898438,7403200,0.0,0.0
2024-06-04 00:00:00-04:00,31.45569716810011,31.45569716810011,30.717993190183623,31.111434936523438,5407600,0.0,0.0
2024-06-05 00:00:00-04:00,31.219631114116513,31.406516641134115,31.032745587098912,31.229467391967773,4661400,0.0,0.0
2024-06-06 00:00:00-04:00,31.101599532057733,31.317992016550942,30.88520517148635,31.229467391967773,8449300,0.0,0.0
2024-06-07 00:00:00-04:00,31.199961394656587,31.32783114226884,31.003241447983005,31.121273040771484,6770500,0.0,0.0
2024-06-10 00:00:00-04:00,31.229469116767017,32.05569774112365,31.12127193050561,31.90815544128418,11739400,0.0,0.0
2024-06-11 00:00:00-04:00,31.593399984925572,31.760614830693175,31.22946708835792,31.711435317993164,7952700,0.0,0.0
2024-06-12 00:00:00-04:00,31.888480813281944,32.06553006072703,31.436023292991752,31.711435317993164,6306800,0.0,0.0
2024-06-13 00:00:00-04:00,31.75077800883541,31.75077800883541,30.77701085919327,31.111434936523438,4681300,0.0,0.0
2024-06-14 00:00:00-04:00,31.032747391698244,31.09176506223777,30.422913138082738,30.580289840698242,5243300,0.0,0.0
2024-06-17 00:00:00-04:00,30.501601093327366,31.603239873409404,30.422912743041383,31.5048770904541,5642100,0.0,0.0
2024-06-18 00:00:00-04:00,31.51471432108329,31.957337451016897,31.485203610983447,31.613073348999023,5903500,0.0,0.0
2024-06-20 00:00:00-04:00,31.642582769076075,32.50815654027982,31.59340325129151,32.42947006225586,5775000,0.0,0.0
2024-06-21 00:00:00-04:00,32.65569917596806,32.66553357876173,32.242582967656034,32.3901252746582,14462800,0.0,0.0
2024-06-24 00:00:00-04:00,32.61635285519345,33.96389111753391,32.57700774115924,33.84585952758789,6892100,0.0,0.0
2024-06-25 00:00:00-04:00,33.83602516096248,34.347496635321995,33.64913774518054,34.27864456176758,6346200,0.0,0.0
2024-06-26 00:00:00-04:00,34.268809628153356,34.27864403044158,33.727827450544,33.904876708984375,5758100,0.0,0.0
2024-06-27 00:00:00-04:00,34.04258123209974,34.1901197810012,33.69831711368317,33.85569381713867,5117600,0.0,0.0
2024-06-28 00:00:00-04:00,34.18028659365413,34.721268796503644,34.062254999905825,34.59339904785156,10110700,0.0,0.0
2024-07-01 00:00:00-04:00,34.770446456412785,34.858971085032415,34.13110525163232,34.36716842651367,4998800,0.0,0.0
2024-07-02 00:00:00-04:00,34.52454342135074,34.72126522546983,33.993399428032426,34.12126541137695,4665300,0.0,0.0
2024-07-03 00:00:00-04:00,34.12126732873419,34.36716865966177,33.80651392531942,33.904876708984375,2796600,0.0,0.0
2024-07-05 00:00:00-04:00,33.88520245672233,34.072086108099754,33.38356166552324,33.658973693847656,3822100,0.0,0.0
2024-07-08 00:00:00-04:00,33.58028384412919,33.67864662396572,33.354055078739776,33.60979080200195,4252800,0.0,0.0
2024-07-09 00:00:00-04:00,33.44258224535156,33.60979335554311,32.803237260386574,32.881927490234375,4475200,0.0,0.0
2024-07-10 00:00:00-04:00,32.90160034745322,33.432748147294944,32.763896196121664,33.28520584106445,3274900,0.0,0.0
2024-07-11 00:00:00-04:00,33.285203923574805,34.022907907916306,33.157334182351796,33.944217681884766,6845900,0.0,0.0
2024-07-12 00:00:00-04:00,34.15077392345942,34.22946038875017,33.796675449260846,33.93437957763672,4748000,0.0,0.0
2024-07-15 00:00:00-04:00,34.04257797268403,35.61634485655839,33.93438079588837,35.124542236328125,8736500,0.0,0.0
2024-07-16 00:00:00-04:00,34.97700630053005,36.009791129323766,34.86880911569477,35.704872131347656,8267700,0.0,0.0
2024-07-17 00:00:00-04:00,35.74421845204593,36.00979234593514,35.439299443767965,35.567169189453125,4747300,0.0,0.0
2024-07-18 00:00:00-04:00,35.53765686435548,35.96060739978712,35.262244857371776,35.30158996582031,4572700,0.0,0.0
2024-07-19 00:00:00-04:00,35.134386148975715,35.754054850486064,34.58356577325413,35.3409423828125,5022900,0.0,0.0
2024-07-22 00:00:00-04:00,35.21306729420477,35.370443984541474,34.91798646884298,35.07536315917969,3784200,0.0,0.0
2024-07-23 00:00:00-04:00,35.026187569296965,35.24258194980091,34.6917615958621,35.06553268432617,3992100,0.0,0.0
2024-07-24 00:00:00-04:00,35.13437961820495,35.21306608459219,34.27864037624833,34.327823638916016,4957100,0.0,0.0
2024-07-25 00:00:00-04:00,34.41635013778562,35.25241311859817,34.239300888552506,34.99667739868164,7021800,0.0,0.0
2024-07-26 00:00:00-04:00,35.724544678905914,37.16060753580726,35.68519956585633,37.03274154663086,10250200,0.0,0.0
2024-07-29 00:00:00-04:00,37.16060442288955,37.95732601069858,36.75732642830487,37.83929443359375,13529800,0.0,0.0
2024-07-30 00:00:00-04:00,37.87863775114131,38.03601444614294,37.27864168105511,37.613067626953125,9968900,0.0,0.0
2024-07-31 00:00:00-04:00,38.03601037348437,38.409781391150815,37.878633695333654,38.0851936340332,7336200,0.0,0.0
2024-08-01 00:00:00-04:00,37.790114335974614,37.94749478817295,36.80650902267399,37.03274154663086,8541200,0.0,0.0
2024-08-02 00:00:00-04:00,36.91470725836332,37.052411405800505,34.79011987123788,35.154056549072266,8698300,0.0,0.0
2024-08-05 00:00:00-04:00,34.475365451128205,35.016347622547336,33.688481951595236,33.944217681884766,8537300,0.0,0.0
2024-08-06 00:00:00-04:00,33.82546451644693,34.3895518271408,33.548370055089634,33.85515213012695,7351300,0.21,0.0
2024-08-07 00:00:00-04:00,34.557788930189595,35.12188005288125,33.766087720902675,33.88484573364258,7056000,0.0,0.0
2024-08-08 00:00:00-04:00,33.86505026103724,34.953638872502225,33.84525726035784,34.83488464355469,5944600,0.0,0.0
2024-08-09 00:00:00-04:00,34.63695655247955,34.884363384997265,34.50830394253431,34.70623016357422,6919200,0.0,0.0
2024-08-12 00:00:00-04:00,34.98333049926157,35.349495391143805,34.75571662802978,34.78540802001953,3971700,0.0,0.0
2024-08-13 00:00:00-04:00,34.55778538304451,34.676543383594634,34.14214370650539,34.458824157714844,4209800,0.0,0.0
2024-08-14 00:00:00-04:00,34.54788947503816,34.76560869275361,34.26089664716391,34.389549255371094,4057900,0.0,0.0
2024-08-15 00:00:00-04:00,34.61716810657315,34.993227598504795,34.41924185949707,34.71613311767578,6022800,0.0,0.0
2024-08-16 00:00:00-04:00,34.656751501211126,34.7755057304624,34.280692037598385,34.577579498291016,4875000,0.0,0.0
2024-08-19 00:00:00-04:00,34.62706468265503,35.12187838687907,34.47861906133623,34.7952995300293,4639800,0.0,0.0
2024-08-20 00:00:00-04:00,34.706232290157395,34.81509190715602,33.8353591292973,33.85515213012695,5306700,0.0,0.0
2024-08-21 00:00:00-04:00,34.22131925233707,34.32028048791952,33.9046349931891,34.09266662597656,5082800,0.0,0.0
2024-08-22 00:00:00-04:00,34.132253550086865,34.39944964838594,33.96401491490788,34.260902404785156,5329800,0.0,0.0
2024-08-23 00:00:00-04:00,34.61716686466972,35.0031209563008,34.439033626204754,34.854679107666016,3101100,0.0,0.0
2024-08-26 00:00:00-04:00,35.2703170160907,35.45834862262816,34.78540174425211,35.062496185302734,3191200,0.0,0.0
2024-08-27 00:00:00-04:00,34.93384901358153,35.09218925812812,34.73592276411598,35.032814025878906,3608300,0.0,0.0
2024-08-28 00:00:00-04:00,34.458826726560844,34.805194816164594,34.36976010707287,34.597373962402344,3496500,0.0,0.0
2024-08-29 00:00:00-04:00,34.93384640846105,35.359386491782956,34.25100486261211,34.89426040649414,4783200,0.0,0.0
2024-08-30 00:00:00-04:00,34.73592123673881,34.8744722478629,34.3499671435729,34.80519485473633,6170900,0.0,0.0
2024-09-03 00:00:00-04:00,34.20152321106553,34.20152321106553,33.380130683228934,33.63743591308594,4791700,0.0,0.0
2024-09-04 00:00:00-04:00,33.95411766698858,34.349966364405425,33.62753881086894,33.70671081542969,5825500,0.0,0.0
2024-09-05 00:00:00-04:00,34.082766332939876,34.102559333976245,33.58795263241743,33.75619125366211,4806100,0.0,0.0
2024-09-06 00:00:00-04:00,33.815565502792424,34.23121096226676,33.23168897720103,33.58795166015625,8507800,0.0,0.0
2024-09-09 00:00:00-04:00,33.7067105093721,33.8650507419269,33.30096342750487,33.340545654296875,6310000,0.0,0.0
2024-09-10 00:00:00-04:00,33.23169003822872,33.37023727076745,32.56863771448472,32.8259391784668,5434300,0.0,0.0
2024-09-11 00:00:00-04:00,32.96449180098837,32.96449180098837,31.915485342318394,32.58843231201172,14656100,0.0,0.0
2024-09-12 00:00:00-04:00,32.875424715055466,33.39992604941987,32.51915823317434,32.944698333740234,11432800,0.0,0.0
2024-09-13 00:00:00-04:00,32.98428092339725,33.56815742755717,32.79624931346088,33.05355453491211,7288600,0.0,0.0
2024-09-16 00:00:00-04:00,33.42961054939929,33.71660338585227,33.300961712475186,33.62753677368164,5487500,0.0,0.0
2024-09-17 00:00:00-04:00,33.607745066981046,34.409344607362534,33.53847145208586,34.36975860595703,5497100,0.0,0.0
2024-09-18 00:00:00-04:00,34.34007041644083,34.85467710069363,34.062972186379284,34.31037902832031,4930000,0.0,0.0
2024-09-19 00:00:00-04:00,35.22083938334036,36.665694484030666,35.032811536032646,35.982852935791016,13646400,0.0,0.0
2024-09-20 00:00:00-04:00,36.032333104707625,36.07191910632298,35.39897217937763,35.66617202758789,12710300,0.0,0.0
2024-09-23 00:00:00-04:00,35.76513264298579,36.25994632930298,35.52762418762568,36.07191848754883,6891000,0.0,0.0
2024-09-24 00:00:00-04:00,36.63600537958043,36.754759605936805,35.705757018719424,35.96305847167969,6221700,0.0,0.0
2024-09-25 00:00:00-04:00,36.1312950545682,36.27974067602334,35.339593882108375,35.67606735229492,7287900,0.0,0.0
2024-09-26 00:00:00-04:00,34.85468065004889,35.28022076353178,33.835361790364,34.40934753417969,14136700,0.0,0.0
2024-09-27 00:00:00-04:00,34.54789450409581,35.873995452518194,34.54789450409581,35.80472183227539,9948100,0.0,0.0
2024-09-30 00:00:00-04:00,35.59689880933017,36.11150551068232,35.4682461902099,35.77503204345703,5942900,0.0,0.0
2024-10-01 00:00:00-04:00,35.497935534287386,36.645903223982955,35.389075910889936,36.36880874633789,7050000,0.0,0.0
2024-10-02 00:00:00-04:00,36.92299758124579,37.29905325405195,36.44797690891533,36.83393096923828,4484100,0.0,0.0
2024-10-03 00:00:00-04:00,36.903205745525625,37.58604727570561,36.606318287844275,37.16050720214844,5916300,0.0,0.0
2024-10-04 00:00:00-04:00,37.49698168584768,37.63552891821083,37.0912346017289,37.53656768798828,4582800,0.0,0.0
2024-10-07 00:00:00-04:00,37.60583966252188,37.90272711535814,37.388120435381865,37.566253662109375,4553400,0.0,0.0
2024-10-08 00:00:00-04:00,37.20998888293964,37.27926249921415,36.55683494725931,37.071441650390625,5199300,0.0,0.0
2024-10-09 00:00:00-04:00,36.893310260720625,37.45739760724019,36.72507540567721,37.200096130371094,3345800,0.0,0.0
2024-10-10 00:00:00-04:00,37.358434010505476,37.64542685992838,37.02196054655802,37.219886779785156,3149500,0.0,0.0
2024-10-11 00:00:00-04:00,37.21988952347885,37.447503387173676,37.11102989842281,37.308956146240234,4836000,0.0,0.0
2024-10-14 00:00:00-04:00,37.01206809496515,37.308955574577666,36.903208471577095,37.249576568603516,2987800,0.0,0.0
2024-10-15 00:00:00-04:00,36.17088167730585,36.527148154805005,35.903681819181486,35.943267822265625,5208700,0.0,0.0
2024-10-16 00:00:00-04:00,35.97295177880615,36.52714444023926,35.97295177880615,36.358909606933594,3188400,0.0,0.0
2024-10-17 00:00:00-04:00,36.5172524125512,36.6162136420728,36.11150533130636,36.497459411621094,4010100,0.0,0.0
2024-10-18 00:00:00-04:00,36.34901312080868,36.55683396404274,35.61669097556611,36.022438049316406,6345600,0.0,0.0
2024-10-21 00:00:00-04:00,36.210465715697026,36.52714617292972,35.90367987113399,36.07191848754883,5129200,0.0,0.0
2024-10-22 00:00:00-04:00,36.17087975090615,36.26984475334579,35.5474134484874,35.60679244995117,6439200,0.0,0.0
2024-10-23 00:00:00-04:00,35.933373187486524,37.1110284650648,35.71565394578352,36.616214752197266,8646600,0.0,0.0
2024-10-24 00:00:00-04:00,36.71517518781028,36.804241805198394,35.96306002163319,36.398494720458984,8790700,0.0,0.0
2024-10-25 00:00:00-04:00,37.24957546131642,37.34854046833149,36.63600751833902,37.130821228027344,5667200,0.0,0.0
2024-10-28 00:00:00-04:00,36.25005234431277,37.27926196057565,36.121399726606576,37.01206588745117,8516100,0.0,0.0
2024-10-29 00:00:00-04:00,36.992273155102104,37.08133977183294,36.180778991611774,36.70528030395508,6206000,0.0,0.0
2024-10-30 00:00:00-04:00,36.7844509925849,37.22978410602051,36.7844509925849,37.10113525390625,6525500,0.0,0.0
2024-10-31 00:00:00-04:00,37.249574349768245,37.84335304875295,37.13082012002287,37.68501281738281,8904500,0.0,0.0
2024-11-01 00:00:00-04:00,37.734495713940156,37.89283595488633,37.15061536761442,37.4573974609375,7921200,0.0,0.0
2024-11-04 00:00:00-05:00,37.646478211023435,38.17390582220292,37.566864490593474,37.984825134277344,5398200,0.21,0.0
2024-11-05 00:00:00-05:00,38.13409674425521,38.79089471484096,38.07438645740527,38.39283752441406,5592900,0.0,0.0
2024-11-06 00:00:00-05:00,40.542360199193354,43.02027836632794,39.94526869424942,42.532657623291016,13754000,0.0,0.0
2024-11-07 00:00:00-05:00,42.55255657904317,42.980470822102994,41.627071784076044,42.890907287597656,11973200,0.0,0.0
2024-11-08 00:00:00-05:00,42.831201800295155,43.4581427603508,42.30377039752645,42.81129837036133,7007600,0.0,0.0
2024-11-11 00:00:00-05:00,42.93071586383375,44.10499167601408,42.74163897062175,43.89601135253906,5351000,0.0,0.0
2024-11-12 00:00:00-05:00,43.78654221569367,44.28411655905382,43.26906444305619,43.4581413269043,7212800,0.0,0.0
2024-11-13 00:00:00-05:00,43.54770469133691,43.637268224641346,42.70182982938798,42.861053466796875,7168200,0.0,0.0
2024-11-14 00:00:00-05:00,43.030234126559826,43.08994062269987,42.383385912973395,42.970523834228516,7369200,0.0,0.0
2024-11-15 00:00:00-05:00,42.990426437357556,43.507904239026004,42.44309538819381,42.731685638427734,4724400,0.0,0.0
2024-11-18 00:00:00-05:00,43.32877456251904,43.577561733232365,42.741636687787945,42.861053466796875,4437300,0.0,0.0
2024-11-19 00:00:00-05:00,42.403288449397515,42.94066968047128,42.403288449397515,42.662025451660156,3552300,0.0,0.0
2024-11-20 00:00:00-05:00,42.80134304700916,44.15474585890037,42.5724593062027,44.09503936767578,8106100,0.0,0.0
2024-11-21 00:00:00-05:00,44.32392649287184,44.950867475746286,43.93581908551398,44.66227722167969,6019100,0.0,0.0
2024-11-22 00:00:00-05:00,44.38363226644805,44.7020795594159,43.89601150992468,44.03533172607422,7641700,0.0,0.0
2024-11-25 00:00:00-05:00,44.07513776762285,44.423438301523646,43.01032893976486,43.33872604370117,12214300,0.0,0.0
2024-11-26 00:00:00-05:00,43.537754878395894,43.71688194501943,42.84115004110337,43.31882095336914,4985700,0.0,0.0
2024-11-27 00:00:00-05:00,43.288970530348756,43.706931182263105,43.129746882544545,43.3984375,3149200,0.0,0.0
2024-11-29 00:00:00-05:00,43.587512065999455,43.84625285247285,43.47804510219848,43.736785888671875,2275700,0.0,0.0
2024-12-02 00:00:00-05:00,43.68703053453686,44.00547782275818,42.87100888394583,43.47804641723633,3992200,0.0,0.0
2024-12-03 00:00:00-05:00,44.01542595809642,44.01542595809642,43.05013051719661,43.4581413269043,3583600,0.0,0.0
2024-12-04 00:00:00-05:00,43.45814277403102,43.53775649379139,42.01518016718967,42.35353088378906,5837900,0.0,0.0
2024-12-05 00:00:00-05:00,42.40328912603079,42.681929563097036,41.975374856998364,42.30377197265625,5541900,0.0,0.0
2024-12-06 00:00:00-05:00,42.15450168129571,42.254015037875654,41.07973920851445,41.109596252441406,7458100,0.0,0.0
2024-12-09 00:00:00-05:00,41.2588647822913,41.89575935202956,41.11954456968494,41.22901153564453,7336800,0.0,0.0
2024-12-10 00:00:00-05:00,40.69163113888918,41.457896119857296,40.154249911271364,41.01007843017578,7366500,0.0,0.0
2024-12-11 00:00:00-05:00,41.408138181584455,42.602317385644405,40.850853540705536,42.25401306152344,7589000,0.0,0.0
2024-12-12 00:00:00-05:00,42.09478819149572,42.55255567089069,41.875858064414736,42.1246452331543,5817700,0.0,0.0
2024-12-13 00:00:00-05:00,42.28386919761291,42.51275293908756,41.816148101969816,41.945518493652344,4937600,0.0,0.0
2024-12-16 00:00:00-05:00,41.70668453120256,41.92561847397878,41.41809047866868,41.59721755981445,4290000,0.0,0.0
2024-12-17 00:00:00-05:00,41.248913303364915,41.54745714637614,40.72148192464779,41.2091064453125,7536300,0.0,0.0
2024-12-18 00:00:00-05:00,41.26881953515972,41.627073689580364,39.81589948709921,39.84575653076172,6670700,0.0,0.0
2024-12-19 00:00:00-05:00,40.77124431250325,40.82100098931302,39.40788783153076,39.60691833496094,5970700,0.0,0.0
2024-12-20 00:00:00-05:00,39.18895881989153,40.26371749537729,39.129248528290184,40.12439727783203,17974900,0.0,0.0
2024-12-23 00:00:00-05:00,39.81589907230194,40.06468625514764,39.487501964965006,39.955223083496094,4094300,0.0,0.0
2024-12-24 00:00:00-05:00,39.995025798242246,40.70158427645668,39.69648194067376,40.59211730957031,2122000,0.0,0.0
2024-12-26 00:00:00-05:00,40.59211523965013,40.701582200954434,40.07463747469674,40.681678771972656,2289600,0.0,0.0
2024-12-27 00:00:00-05:00,40.51250250554596,40.92051331908321,40.323425619923185,40.60206604003906,3282500,0.0,0.0
2024-12-30 00:00:00-05:00,40.54235971051628,40.811046518882705,40.094542036253856,40.74138641357422,4607600,0.0,0.0
2024-12-31 00:00:00-05:00,40.90060906556939,41.189203092698364,40.80109571644468,40.82099914550781,4630600,0.0,0.0
2025-01-02 00:00:00-05:00,41.38823642625802,41.68678029030237,40.691631546027054,41.35838317871094,5525400,0.0,0.0
2025-01-03 00:00:00-05:00,41.78629706095188,42.65207539763365,41.338479370878154,42.45304489135742,7476100,0.0,0.0
2025-01-06 00:00:00-05:00,42.47294906900886,43.41834114331383,42.40328896001503,42.622222900390625,4686500,0.0,0.0
2025-01-07 00:00:00-05:00,42.70183238558516,43.51785405067791,42.46299501707918,43.189456939697266,5899800,0.0,0.0
2025-01-08 00:00:00-05:00,42.950619061177825,43.259116534295,42.71178169550789,43.2292594909668,4992700,0.0,0.0
2025-01-10 00:00:00-05:00,43.69698094988035,44.03533167277303,42.54260856522141,43.050132751464844,6879700,0.0,0.0
2025-01-13 00:00:00-05:00,43.10984163867394,44.8214986277135,43.089938209011734,44.612518310546875,7483600,0.0,0.0
2025-01-14 00:00:00-05:00,44.69212904764147,45.08023644265126,44.31397146954862,44.85135269165039,7528800,0.0,0.0
2025-01-15 00:00:00-05:00,45.39868231586695,45.67732653134224,44.990671503547375,45.498199462890625,6172100,0.0,0.0
2025-01-16 00:00:00-05:00,45.3986851810694,46.52320433816611,45.12999456143437,46.10524368286133,7401900,0.0,0.0
2025-01-17 00:00:00-05:00,46.642617518494255,47.239709003566546,46.17490022080721,46.3142204284668,8479400,0.0,0.0
2025-01-21 00:00:00-05:00,46.46349375560285,46.85160495677594,45.597715406320894,46.811798095703125,9639300,0.0,0.0
2025-01-22 00:00:00-05:00,46.81179722374515,46.851604084076484,45.50815101932757,45.587764739990234,6904800,0.0,0.0
2025-01-23 00:00:00-05:00,45.657425761302186,46.025629736258715,45.12999434183341,45.43849182128906,6010200,0.0,0.0
2025-01-24 00:00:00-05:00,45.448442056846936,45.63752275085019,45.14989818802069,45.32902526855469,4567700,0.0,0.0
2025-01-27 00:00:00-05:00,44.552808698197275,44.77174263161555,43.14964915332518,43.33872604370117,10311000,0.0,0.0
2025-01-28 00:00:00-05:00,43.26906452405445,43.7069285804023,42.72173350457189,43.07003402709961,7010300,0.0,0.0
2025-01-29 00:00:00-05:00,43.01032728770125,43.89600900805015,42.76154011698792,42.861053466796875,6898600,0.0,0.0
2025-01-30 00:00:00-05:00,43.607417850945694,44.47319619911525,43.169553768281006,44.38363265991211,11039100,0.0,0.0
2025-01-31 00:00:00-05:00,45.87635323184597,47.36907627144431,45.5778093831645,45.95596694946289,21166500,0.0,0.0
2025-02-03 00:00:00-05:00,46.692376841084325,47.359128467797284,45.82659850425159,47.17005157470703,14432700,0.0,0.0
2025-02-04 00:00:00-05:00,46.40378720731013,47.806946790902565,45.64747203255336,47.727333068847656,9354000,0.0,0.0
2025-02-05 00:00:00-05:00,47.97611963772452,48.70257775925339,47.46859545283409,48.613014221191406,8247900,0.0,0.0
2025-02-06 00:00:00-05:00,49.16034852763765,49.16034852763765,46.334125997125675,46.7520866394043,9236000,0.0,0.0
2025-02-07 00:00:00-05:00,46.78194008073586,46.9710207688113,45.93606517954839,45.97587203979492,7669300,0.0,0.0
2025-02-10 00:00:00-05:00,46.86155302088863,47.28946727093532,46.70232937874505,47.18000030517578,6340100,0.0,0.0
2025-02-11 00:00:00-05:00,47.18000030517578,47.75,46.63999938964844,47.11000061035156,5240400,0.23,0.0
2025-02-12 00:00:00-05:00,46.7599983215332,46.9900016784668,45.91999816894531,46.40999984741211,6680900,0.0,0.0
2025-02-13 00:00:00-05:00,46.29999923706055,46.41999816894531,45.709999084472656,46.150001525878906,5188800,0.0,0.0
2025-02-14 00:00:00-05:00,46.540000915527344,46.7400016784668,46.029998779296875,46.400001525878906,4850900,0.0,0.0
2025-02-18 00:00:00-05:00,46.72999954223633,47.11000061035156,46.2400016784668,46.97999954223633,5026800,0.0,0.0
2025-02-19 00:00:00-05:00,47.040000915527344,47.18000030517578,46.290000915527344,46.88999938964844,5059900,0.0,0.0
2025-02-20 00:00:00-05:00,46.7599983215332,46.970001220703125,46.380001068115234,46.90999984741211,4672100,0.0,0.0
2025-02-21 00:00:00-05:00,46.72999954223633,46.790000915527344,45.40999984741211,45.619998931884766,7898800,0.0,0.0
2025-02-24 00:00:00-05:00,46.16999816894531,46.16999816894531,44.52000045776367,44.619998931884766,10371700,0.0,0.0
2025-02-25 00:00:00-05:00,44.41999816894531,44.959999084472656,43.77000045776367,44.040000915527344,7407800,0.0,0.0
2025-02-26 00:00:00-05:00,43.7400016784668,44.43000030517578,43.290000915527344,43.5099983215332,4633500,0.0,0.0
2025-02-27 00:00:00-05:00,44.0,44.560001373291016,43.52000045776367,43.58000183105469,4553500,0.0,0.0
2025-02-28 00:00:00-05:00,43.439998626708984,44.68000030517578,42.970001220703125,44.59000015258789,8584200,0.0,0.0
2025-03-03 00:00:00-05:00,45.06999969482422,45.29999923706055,43.08000183105469,43.599998474121094,9119200,0.0,0.0
2025-03-04 00:00:00-05:00,43.0,43.599998474121094,41.61000061035156,42.86000061035156,9330300,0.0,0.0
2025-03-05 00:00:00-05:00,42.59000015258789,42.709999084472656,41.560001373291016,42.31999969482422,10630600,0.0,0.0
2025-03-06 00:00:00-05:00,41.790000915527344,42.22999954223633,41.36000061035156,41.900001525878906,8611700,0.0,0.0
2025-03-07 00:00:00-05:00,42.13999938964844,43.45000076293945,41.849998474121094,42.88999938964844,9118600,0.0,0.0
2025-03-10 00:00:00-04:00,42.70000076293945,42.90999984741211,40.5,41.15999984741211,10966800,0.0,0.0
2025-03-11 00:00:00-04:00,41.7400016784668,42.369998931884766,41.27000045776367,41.849998474121094,8457200,0.0,0.0
2025-03-12 00:00:00-04:00,41.880001068115234,43.13999938964844,41.849998474121094,42.47999954223633,7129900,0.0,0.0
2025-03-13 00:00:00-04:00,42.31999969482422,42.91999816894531,41.5099983215332,41.7400016784668,5773600,0.0,0.0
2025-03-14 00:00:00-04:00,42.220001220703125,42.970001220703125,41.90999984741211,42.84000015258789,4683600,0.0,0.0
2025-03-17 00:00:00-04:00,43.099998474121094,44.08000183105469,43.060001373291016,43.880001068115234,5451400,0.0,0.0
2025-03-18 00:00:00-04:00,44.0,44.2599983215332,43.369998931884766,43.70000076293945,5013400,0.0,0.0
2025-03-19 00:00:00-04:00,43.66999816894531,45.06999969482422,43.650001525878906,44.599998474121094,6839800,0.0,0.0
2025-03-20 00:00:00-04:00,44.619998931884766,45.0,44.08000183105469,44.689998626708984,6101700,0.0,0.0
2025-03-21 00:00:00-04:00,44.20000076293945,44.68000030517578,43.689998626708984,44.11000061035156,20139200,0.0,0.0
2025-03-24 00:00:00-04:00,44.79999923706055,45.18000030517578,44.43000030517578,44.599998474121094,9528900,0.0,0.0
2025-03-25 00:00:00-04:00,44.849998474121094,45.220001220703125,44.70000076293945,45.18000030517578,7541300,0.0,0.0
2025-03-26 00:00:00-04:00,45.25,45.36000061035156,43.849998474121094,44.02000045776367,5951700,0.0,0.0
