Date,Open,High,Low,Close,Volume,Dividends,Stock Splits
2005-04-01 00:00:00-05:00,27.300473098855033,27.465850326841707,25.375482266028385,26.414051055908203,4738300,0.0,0.0
2005-04-04 00:00:00-04:00,26.50003336620002,27.598137455972648,26.308195281470773,27.287227630615234,3750900,0.0,0.0
2005-04-05 00:00:00-04:00,27.452619329566286,27.48569426985043,27.10202042033323,27.221092224121094,1565800,0.0,0.0
2005-04-06 00:00:00-04:00,27.419538005675733,27.518762803427403,27.240930341575996,27.326927185058594,909300,0.0,0.0
2005-04-07 00:00:00-04:00,27.326922568384994,27.45922227636954,27.234309239958566,27.313692092895508,1237700,0.0,0.0
2005-04-08 00:00:00-04:00,27.320300160821905,27.386452523963722,26.460339627615333,26.592641830444336,1913100,0.0,0.0
2005-04-11 00:00:00-04:00,26.724952105437087,26.724952105437087,26.460347619856364,26.62572479248047,1221900,0.0,0.0
2005-04-12 00:00:00-04:00,26.625723884105312,27.07554998017283,26.625723884105312,27.016014099121094,2062700,0.0,0.0
2005-04-13 00:00:00-04:00,26.857262508200517,26.99618130629074,26.45374416618651,26.500049591064453,1108800,0.0,0.0
2005-04-14 00:00:00-04:00,26.50003029373157,26.546335684889907,25.944363076376966,26.030357360839844,2160100,0.0,0.0
2005-04-15 00:00:00-04:00,25.898062266486377,26.433882608518715,25.85837084270602,25.990673065185547,1784100,0.0,0.0
2005-04-18 00:00:00-04:00,26.162664187990433,26.26189148571383,25.772374019576073,25.990673065185547,1054500,0.0,0.0
2005-04-19 00:00:00-04:00,25.984059078607462,26.248663549151612,25.85175936679064,26.142822265625,869700,0.0,0.0
2005-04-20 00:00:00-04:00,26.063436407386394,26.129586249268478,25.527613603704534,25.600379943847656,1056400,0.0,0.0
2005-04-21 00:00:00-04:00,25.69961348464881,26.460349543403904,25.64007759723793,26.367738723754883,1654300,0.0,0.0
2005-04-22 00:00:00-04:00,26.394189558369963,26.599255573689497,26.248656884178338,26.473569869995117,1645800,0.0,0.0
2005-04-25 00:00:00-04:00,26.460348336786275,26.70510585233402,26.19574384403623,26.32143211364746,1391800,0.0,0.0
2005-04-26 00:00:00-04:00,26.32803894594256,26.7050986055451,26.20896720886231,26.208967208862305,1142200,0.0,0.0
2005-04-27 00:00:00-04:00,26.625725334912293,27.82305699754734,26.400812274623263,27.44599723815918,2595200,0.0,0.0
2005-04-28 00:00:00-04:00,27.551844350130548,27.981823584472,27.386467139201688,27.55845832824707,1576500,0.0,0.0
2005-04-29 00:00:00-04:00,27.81644407972616,28.471338891320734,27.68414181720187,28.41841697692871,1861400,0.0,0.0
2005-05-02 00:00:00-04:00,28.57717181124034,28.907926108769846,28.094270839661863,28.411794662475586,1697300,0.0,0.0
2005-05-03 00:00:00-04:00,28.444884547956615,28.74256407698697,28.35888767880199,28.438270568847656,948900,0.0,0.0
2005-05-04 00:00:00-04:00,28.643333845606673,29.278381761369495,28.54410902821279,29.205617904663086,1184100,0.0,0.0
2005-05-05 00:00:00-04:00,29.073321246337205,29.165932103194628,28.43165670460137,28.769027709960938,1224500,0.0,0.0
2005-05-06 00:00:00-04:00,28.78224332497469,28.980697959932808,28.656557576495985,28.69624900817871,621000,0.0,0.0
2005-05-09 00:00:00-04:00,28.70286516101028,28.96085317786713,28.6499457715437,28.927778244018555,657000,0.0,0.0
2005-05-10 00:00:00-04:00,28.66316871438575,28.71608808994012,28.18026521801758,28.213342666625977,976800,0.0,0.0
2005-05-11 00:00:00-04:00,28.180268135328188,28.305956396759644,27.710597588545617,28.193498611450195,1707100,0.0,0.0
2005-05-12 00:00:00-04:00,28.28610749681669,28.39194877513812,28.041350013846223,28.14057731628418,1172000,0.0,0.0
2005-05-13 00:00:00-04:00,28.180278256374542,28.180278256374542,27.353392127684486,27.65768814086914,750200,0.0,0.0
2005-05-16 00:00:00-04:00,27.72382806466763,28.312570373093003,27.65767820751287,28.193498611450195,588900,0.0,0.0
2005-05-17 00:00:00-04:00,28.20011973196545,28.861628505725662,28.067817472522265,28.782245635986328,800000,0.0,0.0
2005-05-18 00:00:00-04:00,28.788862047004695,29.01377513031941,28.636715332329405,28.72270965576172,617500,0.0,0.0
2005-05-19 00:00:00-04:00,28.722707627427912,28.861626377500176,28.570560923496885,28.81532096862793,724200,0.0,0.0
2005-05-20 00:00:00-04:00,28.907934635005294,28.921165113623335,28.663177089210983,28.683021545410156,651400,0.0,0.0
2005-05-23 00:00:00-04:00,28.762402204459384,28.835168575917006,28.597025005130533,28.65656089782715,688500,0.0,0.0
2005-05-24 00:00:00-04:00,28.590411341333,28.689636147946086,28.4647230534516,28.577180862426758,615000,0.0,0.0
2005-05-25 00:00:00-04:00,28.610263346605137,28.656568773266475,28.266278374651982,28.570571899414062,905900,0.0,0.0
2005-05-26 00:00:00-04:00,28.630095918992406,28.802089595271855,28.517640650502763,28.7425537109375,580800,0.0,0.0
2005-05-27 00:00:00-04:00,28.676406640228034,28.7822479516067,28.511029433482875,28.709484100341797,482700,0.0,0.0
2005-05-31 00:00:00-04:00,28.808697207832317,28.841772131054682,28.37210166031436,28.59040069580078,999300,0.0,0.0
2005-06-01 00:00:00-04:00,28.769017859627322,29.007158899955563,28.537488273301474,28.901317596435547,838900,0.0,0.0
2005-06-02 00:00:00-04:00,28.974077916043573,28.974077916043573,28.702859474687234,28.874853134155273,443200,0.0,0.0
2005-06-03 00:00:00-04:00,28.70948050113092,28.788860843849292,28.345648673139213,28.623483657836914,665800,0.0,0.0
2005-06-06 00:00:00-04:00,28.590407508235366,28.907931389047505,28.477949714337353,28.888084411621094,462500,0.0,0.0
2005-06-07 00:00:00-04:00,28.941015062175275,29.529757593401385,28.888093137659727,29.404071807861328,1580200,0.0,0.0
2005-06-08 00:00:00-04:00,29.40407180786133,29.83405108899704,29.370996866767236,29.404071807861328,1778300,0.0,0.0
2005-06-09 00:00:00-04:00,29.351147819501474,29.628982856759464,29.304842400534486,29.602521896362305,763600,0.0,0.0
2005-06-10 00:00:00-04:00,29.628974724755572,29.77450492008539,29.490058505981725,29.562822341918945,547400,0.0,0.0
2005-06-13 00:00:00-04:00,29.46359744300656,29.92003752732846,29.437136489970555,29.708354949951172,869500,0.0,0.0
2005-06-14 00:00:00-04:00,29.86050478984444,30.283869989190837,29.655438690854826,30.27725601196289,1112600,0.0,0.0
2005-06-15 00:00:00-04:00,30.28386435490464,30.303711329807243,29.76788842963004,30.078798294067383,1000800,0.0,0.0
2005-06-16 00:00:00-04:00,30.07879611742273,30.36985898589478,29.99279929494838,30.363245010375977,626200,0.0,0.0
2005-06-17 00:00:00-04:00,30.865990423819518,31.02475359427563,30.363245010375977,30.363245010375977,2000900,0.0,0.0
2005-06-20 00:00:00-04:00,30.26402445254475,30.376479725590624,29.787737358572695,30.03249740600586,1510200,0.0,0.0
2005-06-21 00:00:00-04:00,30.098647059840154,30.297099173126014,30.02588069616238,30.224332809448242,1250200,0.0,0.0
2005-06-22 00:00:00-04:00,30.330169960401633,30.535238546067593,29.966340715182508,29.992801666259766,789300,0.0,0.0
2005-06-23 00:00:00-04:00,30.025876061090926,30.07218146292765,29.43051981313803,29.4371337890625,1011600,0.0,0.0
2005-06-24 00:00:00-04:00,29.456981784370466,29.463598284546133,29.00054168701172,29.00054168701172,1376800,0.0,0.0
2005-06-27 00:00:00-04:00,28.91453905886621,29.265140317761862,28.91453905886621,29.146068572998047,1127500,0.0,0.0
2005-06-28 00:00:00-04:00,29.3588633899732,29.751201629638675,29.072921832079874,29.751201629638672,1451600,0.23,0.0
2005-06-29 00:00:00-04:00,29.75120013526797,30.070390164551835,29.471907274209048,29.997241973876953,1308500,0.0,0.0
2005-06-30 00:00:00-04:00,29.937404013701503,30.017200914379398,29.737910493657903,29.824356079101562,1222400,0.0,0.0
2005-07-01 00:00:00-04:00,29.924092874442138,30.163486023309158,29.87754448846208,30.1169376373291,827700,0.0,0.0
2005-07-05 00:00:00-04:00,29.92409697158017,30.409532018048814,29.897497165464788,30.336383819580078,583600,0.0,0.0
2005-07-06 00:00:00-04:00,30.19011157906164,30.329756856124384,29.930767088760756,29.944067001342773,815600,0.0,0.0
2005-07-07 00:00:00-04:00,29.57166222520469,30.143545446807718,29.471914207781854,30.13689422607422,719100,0.0,0.0
2005-07-08 00:00:00-04:00,30.03048439195633,30.303125978759155,29.7245943261183,30.190080642700195,823900,0.0,0.0
2005-07-11 00:00:00-04:00,29.98394971533363,30.382936719468542,29.837653296691993,30.236642837524414,1203400,0.0,0.0
2005-07-12 00:00:00-04:00,30.329742544636197,30.436139258388685,29.83765615809485,30.1302490234375,707000,0.0,0.0
2005-07-13 00:00:00-04:00,30.09033305717978,30.096981738394074,29.658095214055553,29.81104278564453,906200,0.0,0.0
2005-07-14 00:00:00-04:00,30.116942467841984,30.329735848365935,30.023845680949904,30.24993896484375,729900,0.0,0.0
2005-07-15 00:00:00-04:00,30.256595630542087,30.58243700732575,30.229995816784673,30.509288787841797,740000,0.0,0.0
2005-07-18 00:00:00-04:00,30.562495950308612,30.57579586157021,30.316453933715817,30.31645393371582,531900,0.0,0.0
2005-07-19 00:00:00-04:00,30.549168816291747,30.755313452100324,30.40287499617587,30.722064971923828,920000,0.0,0.0
2005-07-20 00:00:00-04:00,30.72206957955748,31.101107891149102,30.562473299399358,30.988059997558594,943100,0.0,0.0
2005-07-21 00:00:00-04:00,30.90826691671628,31.114411608725593,30.46273158015383,30.76197052001953,1411400,0.0,0.0
2005-07-22 00:00:00-04:00,30.695478748040358,31.021320085943326,30.54918232652912,30.928220748901367,729600,0.0,0.0
2005-07-25 00:00:00-04:00,30.788583457472555,30.91493132185173,30.695486633213086,30.79523468017578,866500,0.0,0.0
2005-07-26 00:00:00-04:00,30.722077898623127,30.722077898623127,30.043797963502776,30.44943618774414,1585400,0.0,0.0
2005-07-27 00:00:00-04:00,30.715417533647894,30.954810679092205,30.52257531021486,30.92156219482422,793000,0.0,0.0
2005-07-28 00:00:00-04:00,31.147667959784993,31.180916457418025,30.888326126870478,31.0545711517334,438600,0.0,0.0
2005-07-29 00:00:00-04:00,31.014672813830305,31.187569067938636,30.715431248410415,30.728731155395508,1090900,0.0,0.0
2005-08-01 00:00:00-04:00,30.908279965194566,30.908279965194566,30.515941538445592,30.742034912109375,782800,0.0,0.0
2005-08-02 00:00:00-04:00,30.87504038460273,31.194230674366423,30.78194353384235,31.17428207397461,506800,0.0,0.0
2005-08-03 00:00:00-04:00,31.174261913106626,31.446903601168618,31.021316823383785,31.240758895874023,783900,0.0,0.0
2005-08-04 00:00:00-04:00,31.07452790718429,31.160976053100907,30.728737860216263,30.87503433227539,942000,0.0,0.0
2005-08-05 00:00:00-04:00,30.78857284341707,30.801872747540298,30.34303747042689,30.409534454345703,547500,0.0,0.0
2005-08-08 00:00:00-04:00,30.45609048349756,30.56248720645178,30.12360040717838,30.156848907470703,572800,0.0,0.0
2005-08-09 00:00:00-04:00,30.323083464996866,30.39623166237639,30.07039292075481,30.28983497619629,754300,0.0,0.0
2005-08-10 00:00:00-04:00,30.55583246101841,30.662229162871267,30.110294528030074,30.176794052124023,574900,0.0,0.0
2005-08-11 00:00:00-04:00,30.190089626724554,30.36298329117545,30.090341623239397,30.329734802246094,395400,0.0,0.0
2005-08-12 00:00:00-04:00,30.176791202737498,30.216688376729188,29.684704917696447,29.844301223754883,839600,0.0,0.0
2005-08-15 00:00:00-04:00,29.751210399887174,29.937404013701503,29.671410962511548,29.824356079101562,852800,0.0,0.0
2005-08-16 00:00:00-04:00,29.897501623945278,29.930750118199143,29.478566030291102,29.545063018798828,662500,0.0,0.0
2005-08-17 00:00:00-04:00,29.565022401204033,29.757867289654108,29.358880139556,29.671419143676758,482100,0.0,0.0
2005-08-18 00:00:00-04:00,29.525107753911662,29.870895060005772,29.43200843967424,29.651453018188477,572900,0.0,0.0
2005-08-19 00:00:00-04:00,29.937393684842675,30.11028733277678,29.81104842430225,29.997241973876953,583000,0.0,0.0
2005-08-22 00:00:00-04:00,30.1302490234375,30.456087849499227,29.924104280736792,30.1302490234375,444100,0.0,0.0
2005-08-23 00:00:00-04:00,30.077050392287536,30.289843826825535,29.9906022667884,30.023853302001953,386800,0.0,0.0
2005-08-24 00:00:00-04:00,30.030492185698854,30.216685745975447,29.631505260335583,29.71795082092285,502400,0.0,0.0
2005-08-25 00:00:00-04:00,29.797752264253152,29.844300657491736,29.61155615460164,29.75785255432129,469100,0.0,0.0
2005-08-26 00:00:00-04:00,29.65146523653149,30.017203814733158,29.418723196775332,29.957355499267578,797800,0.0,0.0
2005-08-29 00:00:00-04:00,29.259112743034834,29.75119893713245,29.1128163675767,29.598251342773438,830000,0.0,0.0
2005-08-30 00:00:00-04:00,29.458627213329823,29.465278436978238,29.21258520900841,29.385478973388672,889200,0.0,0.0
2005-08-31 00:00:00-04:00,29.29237364351234,29.551715483244145,28.913335179796963,29.531766891479492,1423200,0.0,0.0
2005-09-01 00:00:00-04:00,29.47191434921235,29.791104455120728,29.33226915350821,29.724607467651367,1563500,0.0,0.0
2005-09-02 00:00:00-04:00,29.757868902713426,29.764517589672806,29.42537874737585,29.678071975708008,1005900,0.0,0.0
2005-09-06 00:00:00-04:00,29.71129948371044,30.116937592385696,29.664751097799847,29.890844345092773,978200,0.0,0.0
2005-09-07 00:00:00-04:00,29.990602160952694,30.156847189642452,29.84430826066023,29.98395347595215,777200,0.0,0.0
2005-09-08 00:00:00-04:00,29.837646386979376,29.877546092832013,29.159366607666012,29.159366607666016,1550300,0.0,0.0
2005-09-09 00:00:00-04:00,29.066269531680327,29.38545956512694,28.494386437160475,29.37881088256836,2611400,0.0,0.0
2005-09-12 00:00:00-04:00,29.23251977377245,29.864251272091238,29.09952326833207,29.797754287719727,1633100,0.0,0.0
2005-09-13 00:00:00-04:00,29.804400407185106,31.07451197830381,29.804400407185106,30.788570404052734,2541800,0.0,0.0
2005-09-14 00:00:00-04:00,30.722065213709605,30.722065213709605,30.070385357675022,30.090333938598633,1426900,0.0,0.0
2005-09-15 00:00:00-04:00,30.356327420107917,30.668866186075473,30.323076402354843,30.575769424438477,1337400,0.0,0.0
2005-09-16 00:00:00-04:00,30.668875386087354,31.500100345333955,30.43613341217721,31.460203170776367,3099700,0.0,0.0
2005-09-19 00:00:00-04:00,31.460208111193364,31.460208111193364,30.58243461932181,30.688831329345703,2492200,0.0,0.0
2005-09-20 00:00:00-04:00,30.688829180059283,31.12771589525771,30.36963653564453,30.36963653564453,1131300,0.0,0.0
2005-09-21 00:00:00-04:00,30.369632826909328,30.369632826909328,29.292366027832035,29.29236602783203,1952100,0.0,0.0
2005-09-22 00:00:00-04:00,28.860134901079125,29.092876901613007,28.274951752554223,28.913331985473633,3738900,0.0,0.0
2005-09-23 00:00:00-04:00,28.986483695650982,30.961475474926385,28.986483695650982,30.509288787841797,3129400,0.0,0.0
2005-09-26 00:00:00-04:00,30.921577722168706,31.22746798975253,30.09035251458353,30.52259063720703,1821000,0.0,0.0
2005-09-27 00:00:00-04:00,31.1742659476442,31.254062844631758,30.15684473008798,30.37628936767578,1925800,0.0,0.0
2005-09-28 00:00:00-04:00,30.543374259864336,30.66367659238272,30.32281913373581,30.329504013061523,1256700,0.23,0.0
2005-09-29 00:00:00-04:00,30.409698740986638,31.225080490112305,30.302763638604084,31.225080490112305,1394000,0.0,0.0
2005-09-30 00:00:00-04:00,31.17830540307692,31.485743591109305,30.97111746790657,31.459009170532227,1157300,0.0,0.0
2005-10-03 00:00:00-04:00,30.910953258745597,30.937687668046628,30.329493878882925,30.463163375854492,3748500,0.0,0.0
2005-10-04 00:00:00-04:00,30.610210295024025,31.759764879095233,30.610210295024025,31.64614486694336,9987100,0.0,0.0
2005-10-05 00:00:00-04:00,31.412224647749156,32.3813257052994,31.285239976580083,31.940217971801758,4235500,0.0,0.0
2005-10-06 00:00:00-04:00,31.946893576747872,32.274383780184316,31.712973823960482,32.067195892333984,3102200,0.0,0.0
2005-10-07 00:00:00-04:00,32.08056742588901,32.10730184396551,31.77981159636441,32.0538330078125,1573000,0.0,0.0
2005-10-10 00:00:00-04:00,31.579320565621092,32.26771552082987,31.36545023876914,31.786508560180664,1955600,0.0,0.0
2005-10-11 00:00:00-04:00,31.87337926194164,32.214236715927186,31.75307693106844,31.759761810302734,2272500,0.0,0.0
2005-10-12 00:00:00-04:00,31.813226309953816,32.12066699910602,31.63945770263672,31.63945770263672,2215600,0.0,0.0
2005-10-13 00:00:00-04:00,31.69961089166933,32.10061696467917,31.51247506420266,32.0538330078125,1720900,0.0,0.0
2005-10-14 00:00:00-04:00,32.38801284426776,33.09645978487225,32.33454654566582,32.79570388793945,2658800,0.0,0.0
2005-10-17 00:00:00-04:00,32.94941735220865,33.216756447982846,32.64866150684632,33.10982131958008,2602700,0.0,0.0
2005-10-18 00:00:00-04:00,33.2835858726374,33.55092493568439,33.09645005822506,33.4506721496582,3254700,0.0,0.0
2005-10-19 00:00:00-04:00,33.44399466491252,33.544244915926235,32.956102971282185,33.29027557373047,2732500,0.0,0.0
2005-10-20 00:00:00-04:00,33.53756345392205,33.570980205125075,32.46152723825568,32.56846237182617,1702200,0.0,0.0
2005-10-21 00:00:00-04:00,33.35042469923923,34.07223615051095,33.17665352888167,33.510826110839844,4494000,0.0,0.0
2005-10-24 00:00:00-04:00,33.75144958496094,33.891801535702854,33.53089433419287,33.75144958496094,3627100,0.0,0.0
2005-10-25 00:00:00-04:00,33.77148467233128,33.96530540675225,33.34374412018488,33.530879974365234,2362100,0.0,0.0
2005-10-26 00:00:00-04:00,33.584357990938074,35.034666356023436,33.557623561743334,34.08561706542969,5329200,0.0,0.0
2005-10-27 00:00:00-04:00,33.918507325665416,34.08559356864899,33.41724859671469,33.66453552246094,3411400,0.0,0.0
2005-10-28 00:00:00-04:00,33.818261486566016,34.4999738035083,33.68459450442908,34.453189849853516,2339300,0.0,0.0
2005-10-31 00:00:00-05:00,34.45319238081514,35.021287294766914,34.34625725752948,34.82078170776367,1601700,0.0,0.0
2005-11-01 00:00:00-05:00,34.58686395885486,34.900987017424036,34.40641044964712,34.63364791870117,2821000,0.0,0.0
2005-11-02 00:00:00-05:00,34.66707558830436,35.30868911743164,34.647026041921926,35.30868911743164,2224100,0.0,0.0
2005-11-03 00:00:00-05:00,35.38220439535824,35.689645215590446,35.22180292783612,35.489139556884766,1793300,0.0,0.0
2005-11-04 00:00:00-05:00,35.42229232275975,35.87008234155399,34.91435113954926,35.74978256225586,1684600,0.0,0.0
2005-11-07 00:00:00-05:00,35.86339975712254,36.12405395122929,35.168320206481624,36.0238037109375,1423600,0.0,0.0
2005-11-08 00:00:00-05:00,36.023807292112494,36.117375212166955,35.43566280236854,35.829986572265625,1344900,0.0,0.0
2005-11-09 00:00:00-05:00,35.89015041736826,36.27778944442781,35.60944400853468,35.96366882324219,1185200,0.0,0.0
2005-11-10 00:00:00-05:00,36.20425638766894,37.574366016431895,36.02380543659267,37.1800422668457,4238200,0.0,0.0
2005-11-11 00:00:00-05:00,37.18005440556183,37.50754221580389,36.812464954468886,37.36050796508789,1264600,0.0,0.0
2005-11-14 00:00:00-05:00,37.995416751240576,37.995416751240576,37.50752514913068,37.80828094482422,1822400,0.0,0.0
2005-11-15 00:00:00-05:00,37.66125708762349,37.701358723937844,36.77235915370305,37.00627899169922,1608900,0.0,0.0
2005-11-16 00:00:00-05:00,36.839186878689745,37.02632526922954,36.25104493566359,36.65873336791992,1774000,0.0,0.0
2005-11-17 00:00:00-05:00,36.745613116299076,37.193405656915054,36.4782766072983,37.14662170410156,1706700,0.0,0.0
2005-11-18 00:00:00-05:00,37.200105514622905,37.35382465337537,36.83919838040299,37.25357437133789,994000,0.0,0.0
2005-11-21 00:00:00-05:00,37.26692097654437,37.393908174937145,37.066417960097155,37.26023864746094,696500,0.0,0.0
2005-11-22 00:00:00-05:00,37.05305634700889,37.19341077429471,36.71220142253662,36.87928771972656,1249600,0.0,0.0
2005-11-23 00:00:00-05:00,36.89264863647561,37.82833021141449,36.89264863647561,37.61445999145508,691500,0.0,0.0
2005-11-25 00:00:00-05:00,37.61445052892707,37.61445052892707,37.046358378110384,37.460731506347656,449000,0.0,0.0
2005-11-28 00:00:00-05:00,37.58774072459305,37.6746237777679,36.959494512047314,37.01964569091797,1231700,0.0,0.0
2005-11-29 00:00:00-05:00,37.15999194355168,37.47411500207868,37.02632494374279,37.333763122558594,1264700,0.0,0.0
2005-11-30 00:00:00-05:00,37.340464933509494,37.36051703356982,36.919409075281514,37.093177795410156,1276100,0.0,0.0
2005-12-01 00:00:00-05:00,37.29365589171501,37.45405983674285,37.019634504007044,37.14662170410156,1288800,0.0,0.0
2005-12-02 00:00:00-05:00,37.213480197628414,37.42735056834178,36.792421789864505,37.093177795410156,843600,0.0,0.0
2005-12-05 00:00:00-05:00,36.42480926687955,36.75898182896101,36.32455647844138,36.605262756347656,2173300,0.0,0.0
2005-12-06 00:00:00-05:00,36.62530968259119,36.90601594048122,35.682943226699884,35.803245544433594,2418500,0.0,0.0
2005-12-07 00:00:00-05:00,35.80325295299891,35.890138544792926,35.34209567261777,35.50918197631836,1471300,0.0,0.0
2005-12-08 00:00:00-05:00,35.52254962433171,36.063907623291016,35.25521051530227,36.063907623291016,1677000,0.0,0.0
2005-12-09 00:00:00-05:00,36.06390553961324,36.792401892616425,35.97033762171945,36.7188835144043,2073700,0.0,0.0
2005-12-12 00:00:00-05:00,36.765667473351186,36.92607143940807,36.65873234582478,36.7188835144043,2354300,0.0,0.0
2005-12-13 00:00:00-05:00,36.66541950305162,36.85924023046285,36.61195066119968,36.75898742675781,1906800,0.0,0.0
2005-12-14 00:00:00-05:00,36.825813279060974,36.98621722175855,36.51837515088598,36.69214630126953,1870400,0.0,0.0
2005-12-15 00:00:00-05:00,36.82582234205868,37.0864791317828,35.98370844686743,35.99039077758789,1361900,0.0,0.0
2005-12-16 00:00:00-05:00,35.99037317275681,36.63198623806931,35.408913802178,36.625301361083984,3883000,0.0,0.0
2005-12-19 00:00:00-05:00,36.725553301833884,36.725553301833884,35.569316913873735,35.70298385620117,1912100,0.0,0.0
2005-12-20 00:00:00-05:00,35.7564709639492,36.07059404808176,35.696319789318174,35.956974029541016,1197900,0.0,0.0
2005-12-21 00:00:00-05:00,35.92355092111136,36.27777302597085,35.89013417434742,36.0238037109375,761600,0.0,0.0
2005-12-22 00:00:00-05:00,35.95697733895422,35.990394094706005,35.66958865032579,35.936927795410156,925100,0.0,0.0
2005-12-23 00:00:00-05:00,35.93024137757322,36.02381185902466,35.656219912874164,35.977027893066406,536600,0.0,0.0
2005-12-27 00:00:00-05:00,36.09064337375086,36.48496717185286,35.662902823172715,35.729736328125,534800,0.0,0.0
2005-12-28 00:00:00-05:00,36.011646576290325,36.23315210467709,35.870685719443834,36.1794548034668,853300,0.23,0.0
2005-12-29 00:00:00-05:00,36.280139252504405,36.63589444557963,36.15931712059968,36.16603088378906,650600,0.0,0.0
2005-12-30 00:00:00-05:00,36.15932362262092,36.15932362262092,35.74987105315664,35.87069320678711,438600,0.0,0.0
2006-01-03 00:00:00-05:00,36.28014543328077,36.73658410700302,35.79014561954529,36.60905075073242,1214400,0.0,0.0
2006-01-04 00:00:00-05:00,36.615752244484916,37.3809573002876,36.60904104248234,37.2332878112793,1415300,0.0,0.0
2006-01-05 00:00:00-05:00,37.34741513430007,37.38097628245576,36.82385405352717,37.14604568481445,939900,0.0,0.0
2006-01-06 00:00:00-05:00,37.31384172975034,37.71658049643487,37.17288341746581,37.62932205200195,745900,0.0,0.0
2006-01-09 00:00:00-05:00,37.649467887338645,37.763576294990656,37.38768736573576,37.521934509277344,655500,0.0,0.0
2006-01-10 00:00:00-05:00,37.488358421137555,37.6427442495774,37.307127781848145,37.61589431762695,722200,0.0,0.0
2006-01-11 00:00:00-05:00,37.864242883156955,38.24684538176589,37.729995808431894,38.03205108642578,744300,0.0,0.0
2006-01-12 00:00:00-05:00,38.0052111701685,38.0521972746162,37.19301986694336,37.19301986694336,1203000,0.0,0.0
2006-01-13 00:00:00-05:00,37.193016602477314,37.21986653424811,36.64260580392815,36.85068893432617,1452800,0.0,0.0
2006-01-17 00:00:00-05:00,36.850679575830966,36.90437686518532,36.38752733233209,36.823829650878906,1039300,0.0,0.0
2006-01-18 00:00:00-05:00,36.82384423932124,37.005077463721875,36.56877497232581,36.7835693359375,685700,0.0,0.0
2006-01-19 00:00:00-05:00,36.917816174946005,37.085624430286664,36.56877469657133,36.615760803222656,934400,0.0,0.0
2006-01-20 00:00:00-05:00,36.58218833527626,36.73657157511326,35.48807813233143,35.508216857910156,1650200,0.0,0.0
2006-01-23 00:00:00-05:00,35.521657117144564,35.783440196862905,35.39412374026993,35.43439865112305,1409900,0.0,0.0
2006-01-24 00:00:00-05:00,35.474654505327734,35.662601441360316,35.10547695610849,35.1390380859375,1173200,0.0,0.0
2006-01-25 00:00:00-05:00,35.14575206169981,35.300135308291,34.608766299523936,35.22629928588867,2252900,0.0,0.0
2006-01-26 00:00:00-05:00,35.54850100433307,35.93781739463127,35.53507603633477,35.75658416748047,1489000,0.0,0.0
2006-01-27 00:00:00-05:00,35.80357063207896,36.19959823004838,35.75658452389199,36.004940032958984,1763900,0.0,0.0
2006-01-30 00:00:00-05:00,36.56878432433443,37.11919534191896,36.0183733067499,36.89097595214844,1360400,0.0,0.0
2006-01-31 00:00:00-05:00,36.783572586268434,36.94466965348772,36.54864203048095,36.7500114440918,1871800,0.0,0.0
2006-02-01 00:00:00-05:00,37.25341796797192,37.58903434606176,36.74999340083716,36.95807647705078,1594800,0.0,0.0
2006-02-02 00:00:00-05:00,36.958085493634144,37.193015991392606,36.31369994447451,36.515071868896484,1492800,0.0,0.0
2006-02-03 00:00:00-05:00,36.34726762936836,36.45466480592738,35.843842884144706,36.3002815246582,1391400,0.0,0.0
2006-02-06 00:00:00-05:00,36.17945463744614,36.44794626336623,36.02506881586794,36.394248962402344,881900,0.0,0.0
2006-02-07 00:00:00-05:00,36.427801771712474,36.60232116065482,36.152596445713186,36.353965759277344,1319800,0.0,0.0
2006-02-08 00:00:00-05:00,36.19288604282058,36.55535251652971,35.548502907705014,35.64247512817383,1712600,0.0,0.0
2006-02-09 00:00:00-05:00,35.642477308299085,35.74316329956055,35.2263134948172,35.23973846435547,1734200,0.0,0.0
2006-02-10 00:00:00-05:00,35.23973670874321,35.555217075797806,35.12562831417938,35.51494216918945,1690100,0.0,0.0
2006-02-13 00:00:00-05:00,35.521658663679375,35.5887835180237,35.21960578105973,35.37398910522461,894500,0.0,0.0
2006-02-14 00:00:00-05:00,35.57533967639968,36.77013328389143,35.57533967639968,36.65602493286133,1634400,0.0,0.0
2006-02-15 00:00:00-05:00,36.656041082416955,37.03192999075684,36.47480783280259,36.937957763671875,957000,0.0,0.0
2006-02-16 00:00:00-05:00,36.93793799110051,36.98492407949173,36.44793838319934,36.823829650878906,878200,0.0,0.0
2006-02-17 00:00:00-05:00,36.79698473039045,36.88424571807744,36.40767100783718,36.59561538696289,848400,0.0,0.0
2006-02-21 00:00:00-05:00,36.88425511007656,37.0185022267289,36.689596918958195,36.99836349487305,966700,0.0,0.0
2006-02-22 00:00:00-05:00,37.25343319362794,37.97836609564941,37.139324807504636,37.8575439453125,1160500,0.0,0.0
2006-02-23 00:00:00-05:00,37.68973503149942,37.77028227680475,37.06548811914388,37.51521301269531,1423300,0.0,0.0
2006-02-24 00:00:00-05:00,37.515210715719995,37.52192447940565,36.94466370886854,37.15274429321289,750400,0.0,0.0
2006-02-27 00:00:00-05:00,37.13260578472068,37.64945545228979,37.05205854941979,37.61589431762695,781300,0.0,0.0
2006-02-28 00:00:00-05:00,37.34069936716205,37.58905490583557,36.9916578357703,37.40782165527344,1412500,0.0,0.0
2006-03-01 00:00:00-05:00,37.521934509277344,37.5890568007725,37.266865192603454,37.521934509277344,920800,0.0,0.0
2006-03-02 00:00:00-05:00,37.26013112736956,37.46150301324784,36.85068127544014,37.44136428833008,1148500,0.0,0.0
2006-03-03 00:00:00-05:00,37.44137632809585,37.4816512303324,36.64932117463191,36.796993255615234,1484900,0.0,0.0
2006-03-06 00:00:00-05:00,37.119176191984565,37.25342327445298,36.5083543992759,36.59561538696289,869900,0.0,0.0
2006-03-07 00:00:00-05:00,37.17959623600474,37.17959623600474,36.67617147550159,37.04534912109375,762200,0.0,0.0
2006-03-08 00:00:00-05:00,37.10576096846933,37.17959701123747,36.843980497237425,36.86411666870117,842000,0.0,0.0
2006-03-09 00:00:00-05:00,36.91780960069521,36.95808449660317,36.24657669886439,36.30698776245117,1038400,0.0,0.0
2006-03-10 00:00:00-05:00,36.30700595745801,36.958103017902836,36.09221152607342,36.87084197998047,849900,0.0,0.0
2006-03-13 00:00:00-05:00,36.80369914174715,37.54876546951128,36.78356041466422,37.528629302978516,979100,0.0,0.0
2006-03-14 00:00:00-05:00,37.407825935341116,38.05892295883258,37.293717520385655,37.74344253540039,1343500,0.0,0.0
2006-03-15 00:00:00-05:00,37.723295024026626,37.92466441144629,37.32726745252931,37.750144958496094,971500,0.0,0.0
2006-03-16 00:00:00-05:00,37.92466649850125,38.179735768896734,37.77699441134322,38.025352478027344,1137100,0.0,0.0
2006-03-17 00:00:00-05:00,37.9313714052122,37.95151013410467,37.61589367213463,37.8776741027832,1182000,0.0,0.0
2006-03-20 00:00:00-05:00,37.72999144677386,38.36095185687643,37.69643032210981,37.99848556518555,1060900,0.0,0.0
2006-03-21 00:00:00-05:00,38.00520609718851,38.12602822408385,37.14602880419968,37.19972610473633,1009200,0.0,0.0
2006-03-22 00:00:00-05:00,37.018499746107096,37.19973039681004,36.937949945182886,37.15274429321289,567800,0.0,0.0
2006-03-23 00:00:00-05:00,37.08562115401834,37.08562115401834,36.541921532948564,36.57548522949219,991300,0.0,0.0
2006-03-24 00:00:00-05:00,37.092328229692995,37.092328229692995,36.00493166909979,36.18616485595703,1786900,0.0,0.0
2006-03-27 00:00:00-05:00,36.78356850451923,36.78356850451923,35.80356892262296,35.97808837890625,1238200,0.0,0.0
2006-03-28 00:00:00-05:00,36.56877053360397,36.56877053360397,35.46123771076693,35.46794891357422,1022900,0.0,0.0
2006-03-29 00:00:00-05:00,35.53537100030134,35.70391288807178,35.39379643179299,35.461212158203125,1313400,0.23,0.0
2006-03-30 00:00:00-05:00,35.447727946021665,35.447727946021665,35.1106442001907,35.19154357910156,1130000,0.0,0.0
2006-03-31 00:00:00-05:00,35.09040572341855,35.32636580985053,34.7668057439562,35.063438415527344,1684900,0.0,0.0
2006-04-03 00:00:00-04:00,35.407264057383784,35.643221564711936,35.022988933024266,35.137596130371094,1386200,0.0,0.0
2006-04-04 00:00:00-04:00,35.03647661557906,35.38704393231158,34.89489952315753,35.23198318481445,1369000,0.0,0.0
2006-04-05 00:00:00-04:00,35.11062576876286,35.66344261598319,35.10388265720891,35.42074203491211,1148900,0.0,0.0
2006-04-06 00:00:00-04:00,35.19828303075176,35.44772684658633,35.137607855514275,35.27244186401367,548000,0.0,0.0
2006-04-07 00:00:00-04:00,35.4409912168921,35.50166640494428,34.362324064570444,34.51063919067383,1036000,0.0,0.0
2006-04-10 00:00:00-04:00,34.638733459964136,35.07020033056973,34.38928958585213,34.92188262939453,1312500,0.0,0.0
2006-04-11 00:00:00-04:00,35.12413152128899,35.12413152128899,34.180298408482415,34.46344757080078,1208100,0.0,0.0
2006-04-12 00:00:00-04:00,34.38254518039034,34.50389554559015,34.045461404112,34.240970611572266,957200,0.0,0.0
2006-04-13 00:00:00-04:00,34.180285662582754,34.28815233730109,33.742075849933286,33.856685638427734,1329600,0.0,0.0
2006-04-17 00:00:00-04:00,33.856697829916,34.30838888927876,33.856697829916,34.234230041503906,1124800,0.0,0.0
2006-04-18 00:00:00-04:00,34.23423325636323,35.29941940307617,34.16681751846176,35.29941940307617,2094900,0.0,0.0
2006-04-19 00:00:00-04:00,35.05670940255976,36.66122874530395,35.05670940255976,36.31740188598633,2922800,0.0,0.0
2006-04-20 00:00:00-04:00,36.38481100799722,37.03201101663811,36.00053584213268,36.74885940551758,1669400,0.0,0.0
2006-04-21 00:00:00-04:00,37.018516118463836,37.018516118463836,36.148839924382905,36.38479995727539,1210700,0.0,0.0
2006-04-24 00:00:00-04:00,36.38481197299317,36.38481197299317,35.73760937544298,36.08143615722656,988400,0.0,0.0
2006-04-25 00:00:00-04:00,36.10167238155033,36.38482409451192,35.440988480300156,35.73088073730469,1667600,0.0,0.0
2006-04-26 00:00:00-04:00,35.730876439470215,36.74212765945522,35.724135896238046,36.70841979980469,1683800,0.0,0.0
2006-04-27 00:00:00-04:00,36.809546298998775,36.99157184164624,36.094930359432844,36.883705139160156,1989800,0.0,0.0
2006-04-28 00:00:00-04:00,37.0792204912841,37.652261961087575,37.01180475545268,37.44327163696289,2003000,0.0,0.0
2006-05-01 00:00:00-04:00,37.30168605383328,37.36235865515075,36.16908453783552,36.45897674560547,1425900,0.0,0.0
2006-05-02 00:00:00-04:00,36.64774924339276,37.13315071313153,36.29718180099756,37.119667053222656,1438100,0.0,0.0
2006-05-03 00:00:00-04:00,37.247768152628915,37.61855990043261,36.796076994989804,37.10619354248047,1200600,0.0,0.0
2006-05-04 00:00:00-04:00,37.07920444846617,37.497187487615,36.9578541190771,37.032012939453125,989100,0.0,0.0
2006-05-05 00:00:00-04:00,36.53988285122668,36.81629145238122,36.49943187115094,36.6342658996582,1800700,0.0,0.0
2006-05-08 00:00:00-04:00,36.78933379476664,37.180352322961184,36.775850131200016,37.05900192260742,984800,0.0,0.0
2006-05-09 00:00:00-04:00,36.84325203931064,36.84999258221883,36.26346762290693,36.47245788574219,825700,0.0,0.0
2006-05-10 00:00:00-04:00,36.405043258794564,36.533134151839974,36.283692908858995,36.39155960083008,986200,0.0,0.0
2006-05-11 00:00:00-04:00,36.39154759371968,36.405031247235335,35.99378881611161,36.162330627441406,1564900,0.0,0.0
2006-05-12 00:00:00-04:00,36.13538024525536,36.33088945518775,35.7106565334307,35.73088073730469,878600,0.0,0.0
2006-05-15 00:00:00-04:00,35.730896776775985,36.23652267456055,35.56235481084779,36.23652267456055,1054800,0.0,0.0
2006-05-16 00:00:00-04:00,36.18257556604949,36.47921096997317,36.05448464182954,36.364601135253906,917000,0.0,0.0
2006-05-17 00:00:00-04:00,35.919648894628516,36.189316963248466,35.38031532913393,35.481441497802734,1341400,0.0,0.0
2006-05-18 00:00:00-04:00,34.94883182274636,35.66345006383405,34.94883182274636,35.32636642456055,993600,0.0,0.0
2006-05-19 00:00:00-04:00,35.434238380460826,35.629744965924445,35.25895342167273,35.40052795410156,1329100,0.0,0.0
2006-05-22 00:00:00-04:00,35.15785350903751,35.4814537601703,34.99605209759802,35.184818267822266,2017100,0.0,0.0
2006-05-23 00:00:00-04:00,35.21176191086312,35.67019593450888,35.10389523304908,35.40052795410156,1219200,0.0,0.0
2006-05-24 00:00:00-04:00,35.40054264996888,35.91291151109415,35.07694248219027,35.791561126708984,1888800,0.0,0.0
2006-05-25 00:00:00-04:00,35.94659593885962,36.04772205048458,35.30613656597055,35.60951232910156,1640500,0.0,0.0
2006-05-26 00:00:00-04:00,35.744352444506696,35.78480341047334,35.42075243200642,35.508392333984375,933500,0.0,0.0
2006-05-30 00:00:00-04:00,35.22525555210015,35.3263817163545,34.625246825945524,34.699405670166016,1148800,0.0,0.0
2006-05-31 00:00:00-04:00,34.71962395352804,35.009516165093196,34.58478994809743,34.901649475097656,1322500,0.0,0.0
2006-06-01 00:00:00-04:00,34.901659690831735,35.01626695735927,34.618507939374304,34.928627014160156,1486400,0.0,0.0
2006-06-02 00:00:00-04:00,34.95558291242961,35.04996852017374,34.308382746938975,34.34209060668945,1973700,0.0,0.0
2006-06-05 00:00:00-04:00,34.281400662362195,34.281400662362195,33.465658977787534,33.533077239990234,1829300,0.0,0.0
2006-06-06 00:00:00-04:00,33.64095095095828,33.87016794708594,32.80498232633261,33.27015686035156,3619200,0.0,0.0
2006-06-07 00:00:00-04:00,33.438704715795076,34.193774116520494,33.37128899904037,33.694889068603516,2759700,0.0,0.0
2006-06-08 00:00:00-04:00,33.72187075708973,34.07917883732368,33.411754213047224,33.91063690185547,2684900,0.0,0.0
2006-06-09 00:00:00-04:00,34.09939514357156,34.139843549741485,33.728600942046945,33.789276123046875,1518400,0.0,0.0
2006-06-12 00:00:00-04:00,33.70837636434696,33.883658789873756,32.960049997579254,32.98027420043945,974900,0.0,0.0
2006-06-13 00:00:00-04:00,32.98025674312726,33.452174276778834,32.61620842561882,32.62969207763672,1433300,0.0,0.0
2006-06-14 00:00:00-04:00,32.60947515254532,32.831951620349805,32.231943069111445,32.48138427734375,1376700,0.0,0.0
2006-06-15 00:00:00-04:00,33.03419797481433,33.70162473893414,32.57576400126105,33.24319076538086,2989400,0.0,0.0
2006-06-16 00:00:00-04:00,32.89938330998389,33.04095791004177,32.66342564322076,32.764549255371094,2870400,0.0,0.0
2006-06-19 00:00:00-04:00,32.69712735689603,32.953311755244904,32.54206912340059,32.86566925048828,2231500,0.0,0.0
2006-06-20 00:00:00-04:00,32.72409467708964,33.04769480417733,32.54206912340059,32.86566925048828,2828000,0.0,0.0
2006-06-21 00:00:00-04:00,32.89936531349418,33.32409145308137,32.73082348035974,33.2634162902832,2138200,0.0,0.0
2006-06-22 00:00:00-04:00,33.10161568304251,33.19600127181373,32.784758778987154,33.007232666015625,1480900,0.0,0.0
2006-06-23 00:00:00-04:00,32.87241080733439,33.000504296327485,32.71061202467876,32.737579345703125,834700,0.0,0.0
2006-06-26 00:00:00-04:00,32.737572138499736,33.53983047426718,32.737572138499736,33.51286315917969,1282600,0.0,0.0
2006-06-27 00:00:00-04:00,33.39151660312343,33.49264276030745,32.82521578073195,32.88589096069336,837700,0.0,0.0
2006-06-28 00:00:00-04:00,32.83167192660294,33.16371421462542,32.83167192660294,33.11627960205078,812200,0.25,0.0
2006-06-29 00:00:00-04:00,33.41445467336151,34.220845954361714,33.27892605357328,34.146305084228516,1446900,0.0,0.0
2006-06-30 00:00:00-04:00,34.14629742987942,34.42412987491841,34.02432195791178,34.28182601928711,1086100,0.0,0.0
2006-07-03 00:00:00-04:00,34.36991999015103,34.48511761090223,34.078534427672,34.28182601928711,403600,0.0,0.0
2006-07-05 00:00:00-04:00,34.49189109730848,34.69518266319787,33.468652832510315,33.522865295410156,1646900,0.0,0.0
2006-07-06 00:00:00-04:00,33.47542486809296,33.692269512040774,33.25180237496374,33.60417556762695,1225700,0.0,0.0
2006-07-07 00:00:00-04:00,33.604182820201096,34.11918831447946,33.52286670741875,33.74648666381836,775100,0.0,0.0
2006-07-10 00:00:00-04:00,33.746490557650176,34.146298487034684,33.746490557650176,34.03787612915039,1137100,0.0,0.0
2006-07-11 00:00:00-04:00,34.085307572162804,34.15307315514482,33.549971099071975,34.071754455566406,589600,0.0,0.0
2006-07-12 00:00:00-04:00,34.193736310547514,34.430912017822266,33.922681682939,34.430912017822266,1378300,0.0,0.0
2006-07-13 00:00:00-04:00,34.424138582122396,34.491904186463216,33.868473551495114,33.88202667236328,1320000,0.0,0.0
2006-07-14 00:00:00-04:00,34.04464875263146,34.051424018024406,33.26536139782394,33.6787223815918,1179300,0.0,0.0
2006-07-17 00:00:00-04:00,33.67872888206184,34.46479165398351,33.52964716471691,34.39702606201172,1304800,0.0,0.0
2006-07-18 00:00:00-04:00,34.28859811333073,34.42412669020011,33.97010893042917,34.315704345703125,1573900,0.0,0.0
2006-07-19 00:00:00-04:00,34.315720009333326,34.756187438964844,34.15986297953901,34.756187438964844,1413100,0.0,0.0
2006-07-20 00:00:00-04:00,34.88494266007659,35.332185415270104,34.68842623817489,35.2373161315918,1224400,0.0,0.0
2006-07-21 00:00:00-04:00,35.30506928175281,35.30506928175281,34.220845507588926,34.71552276611328,1724100,0.0,0.0
2006-07-24 00:00:00-04:00,34.756178289442516,35.305065383573464,34.74262517063775,35.27796173095703,1232200,0.0,0.0
2006-07-25 00:00:00-04:00,35.27795976957214,35.7184244737691,35.22374729736719,35.65066146850586,1528200,0.0,0.0
2006-07-26 00:00:00-04:00,36.55870646271339,36.59258797161435,35.82007819470144,36.05047607421875,1876700,0.0,0.0
2006-07-27 00:00:00-04:00,36.21989565610616,36.301211815688404,35.20343461384871,35.2373161315918,1271300,0.0,0.0
2006-07-28 00:00:00-04:00,35.29829125297296,35.4134888890322,35.16276264555553,35.32539749145508,1125800,0.0,0.0
2006-07-31 00:00:00-04:00,35.20342597901162,35.26441372998751,34.89848722413216,34.91881561279297,1065400,0.0,0.0
2006-08-01 00:00:00-04:00,34.92557291848417,34.96622967188686,34.48510580001405,34.69517517089844,739300,0.0,0.0
2006-08-02 00:00:00-04:00,34.68163416309039,34.72229351567644,34.34281397985191,34.59354019165039,1456700,0.0,0.0
2006-08-03 00:00:00-04:00,34.458021745921776,34.681644373491054,34.27506106790243,34.525787353515625,988700,0.0,0.0
2006-08-04 00:00:00-04:00,34.7629667937765,34.857836076542135,34.09210395993717,34.349605560302734,1147700,0.0,0.0
2006-08-07 00:00:00-04:00,34.35636962687034,34.35636962687034,33.90234920370721,33.96333694458008,1117700,0.0,0.0
2006-08-08 00:00:00-04:00,34.1327624197467,34.1327624197467,33.38058080524758,33.516109466552734,1533800,0.0,0.0
2006-08-09 00:00:00-04:00,33.71262233369295,33.71262233369295,32.96044079867886,33.19761657714844,2588500,0.0,0.0
2006-08-10 00:00:00-04:00,33.1095102996841,33.81425693484968,33.1095102996841,33.75326919555664,1384100,0.0,0.0
2006-08-11 00:00:00-04:00,33.57708002664567,33.773596355573865,33.285694458922585,33.41444778442383,1041800,0.0,0.0
2006-08-14 00:00:00-04:00,33.85490900919236,33.92944985632311,33.556748205662004,33.74648666381836,962900,0.0,0.0
2006-08-15 00:00:00-04:00,34.10564018594071,34.17340318720118,33.726160657900806,34.13274383544922,815300,0.0,0.0
2006-08-16 00:00:00-04:00,34.35637635230623,34.55966800001348,34.26150708904241,34.51900863647461,672100,0.0,0.0
2006-08-17 00:00:00-04:00,34.51900754012464,35.054344177246094,34.437691400623116,35.054344177246094,907600,0.0,0.0
2006-08-18 00:00:00-04:00,35.081442091387295,35.50157839490891,34.952691352322255,35.29151153564453,1316800,0.0,0.0
2006-08-21 00:00:00-04:00,35.29828971489248,35.521909710143056,35.22374885481127,35.420265197753906,915100,0.0,0.0
2006-08-22 00:00:00-04:00,35.42026523495505,35.440593620455616,35.14243276481068,35.28473663330078,997100,0.0,0.0
2006-08-23 00:00:00-04:00,35.203420966810434,35.46770032174718,35.183089996050846,35.43381881713867,566400,0.0,0.0
2006-08-24 00:00:00-04:00,35.58288125043187,35.62354058787088,35.3795897332206,35.41347122192383,593600,0.0,0.0
2006-08-25 00:00:00-04:00,35.21019727040265,35.42704200827326,35.06111812873735,35.32539749145508,717200,0.0,0.0
2006-08-28 00:00:00-04:00,35.257646069696,35.813311257004735,35.23731767515849,35.589691162109375,711900,0.0,0.0
2006-08-29 00:00:00-04:00,35.508338903635526,35.69129943847656,35.24405711832734,35.69129943847656,895900,0.0,0.0
2006-08-30 00:00:00-04:00,35.691318374892916,35.9149409461087,35.61000225126579,35.670989990234375,545500,0.0,0.0
2006-08-31 00:00:00-04:00,35.860723823648264,36.5248135996352,35.81328920893386,36.49770736694336,1434000,0.0,0.0
2006-09-01 00:00:00-04:00,36.748436362331276,36.748436362331276,36.348628447078475,36.60613250732422,834900,0.0,0.0
2006-09-05 00:00:00-04:00,36.660346890193445,36.83653485276723,36.375739145257064,36.50448989868164,1260100,0.0,0.0
2006-09-06 00:00:00-04:00,36.21310588206851,36.490938372104274,36.186002227791626,36.27409362792969,926500,0.0,0.0
2006-09-07 00:00:00-04:00,36.274081314119215,36.78908934545118,35.87427346808218,36.67388916015625,1493600,0.0,0.0
2006-09-08 00:00:00-04:00,36.70778910363693,37.432866904916665,36.48416905566707,37.22279739379883,994300,0.0,0.0
2006-09-11 00:00:00-04:00,37.27021815499117,38.2189156511153,37.236336655485175,37.44640350341797,1873000,0.0,0.0
2006-09-12 00:00:00-04:00,37.44640080987902,37.91397425840418,37.10080540378839,37.900421142578125,1328600,0.0,0.0
2006-09-13 00:00:00-04:00,37.947867847928094,37.968196235648755,37.60904759928588,37.9343147277832,966200,0.0,0.0
2006-09-14 00:00:00-04:00,37.697149646366896,37.7784657996261,37.351551471275975,37.500633239746094,749500,0.0,0.0
2006-09-15 00:00:00-04:00,37.64969267771071,37.66324579271438,37.16856614255405,37.53449249267578,1072300,0.0,0.0
2006-09-18 00:00:00-04:00,37.64291505226299,37.64291505226299,37.17534421431317,37.236331939697266,766100,0.0,0.0
2006-09-19 00:00:00-04:00,37.270223112820695,37.405751713865925,37.06693150374937,37.155025482177734,682000,0.0,0.0
2006-09-20 00:00:00-04:00,37.40574597289128,37.43962747170425,37.08047893130003,37.25666427612305,2519000,0.0,0.0
2006-09-21 00:00:00-04:00,37.37187102637901,37.37187102637901,36.972063066306475,37.073707580566406,1036200,0.0,0.0
2006-09-22 00:00:00-04:00,37.18213987450779,37.202470850782696,36.816215906478966,36.877201080322266,1142500,0.0,0.0
2006-09-25 00:00:00-04:00,37.0669312407936,37.466739189294586,36.97206199623287,37.317657470703125,1423700,0.0,0.0
2006-09-26 00:00:00-04:00,37.276990877642845,38.01561889044798,37.243109380448445,37.92074966430664,1587200,0.0,0.0
2006-09-27 00:00:00-04:00,37.78462448095603,37.85949985260953,37.25369380427641,37.28772735595703,1116300,0.25,0.0
2006-09-28 00:00:00-04:00,37.30813006321337,37.71653766309253,37.24686866357227,37.55317306518555,1456200,0.0,0.0
2006-09-29 00:00:00-04:00,37.68931286930061,37.68931286930061,37.233257765483415,37.25367736816406,723200,0.0,0.0
2006-10-02 00:00:00-04:00,37.26047109006981,37.26047109006981,36.681890806221034,36.81802749633789,1541600,0.0,0.0
2006-10-03 00:00:00-04:00,36.85889584773833,38.03647426227354,36.85889584773833,37.73697280883789,1470400,0.0,0.0
2006-10-04 00:00:00-04:00,37.67569978110816,38.213438500904594,37.587213103110614,38.18621063232422,1839500,0.0,0.0
2006-10-05 00:00:00-04:00,38.2202541380284,38.67630934004475,38.17260665711902,38.635467529296875,1679400,0.0,0.0
2006-10-06 00:00:00-04:00,38.51294515431729,38.54017043004634,38.145376667750526,38.308738708496094,837700,0.0,0.0
2006-10-09 00:00:00-04:00,38.315554118917156,38.39042948346661,38.0773140865695,38.38362121582031,504900,0.0,0.0
2006-10-10 00:00:00-04:00,38.458484926596334,38.839667304889886,38.4312570574484,38.83285903930664,1177400,0.0,0.0
2006-10-11 00:00:00-04:00,38.83287569245423,39.11876324792296,38.67631927260449,38.95539855957031,1401000,0.0,0.0
2006-10-12 00:00:00-04:00,39.10513234404519,39.19362162004173,38.90773418858848,39.18681335449219,1189000,0.0,0.0
2006-10-13 00:00:00-04:00,39.25487836460197,40.0853101496537,39.13916382227437,39.68370819091797,2402400,0.0,0.0
2006-10-16 00:00:00-04:00,39.704148886249044,39.76540772195379,39.28893280029297,39.28893280029297,1141200,0.0,0.0
2006-10-17 00:00:00-04:00,39.037073819103405,39.47951772883977,39.00304027141443,39.350189208984375,1066500,0.0,0.0
2006-10-18 00:00:00-04:00,39.61564321834383,39.77900523929955,39.356983655806005,39.377403259277344,746100,0.0,0.0
2006-10-19 00:00:00-04:00,39.20722350798299,39.21403177189156,38.74436023269138,38.78520202636719,918200,0.0,0.0
2006-10-20 00:00:00-04:00,39.003045467545796,39.003045467545796,38.47892045421136,38.560604095458984,1453600,0.0,0.0
2006-10-23 00:00:00-04:00,38.32236675558575,39.098343226336624,38.25429964631046,38.90094757080078,1190400,0.0,0.0
2006-10-24 00:00:00-04:00,38.93497648024519,39.33657860888072,38.76480613076561,39.26850891113281,1497100,0.0,0.0
2006-10-25 00:00:00-04:00,39.81985020284133,40.32355543337806,39.0030322434645,39.710941314697266,2792300,0.0,0.0
2006-10-26 00:00:00-04:00,40.16020751591167,40.201049339684666,39.7790249504784,40.11936569213867,1102500,0.0,0.0
2006-10-27 00:00:00-04:00,40.119351900552935,40.160193710285995,39.2957282120497,39.32295608520508,1651800,0.0,0.0
2006-10-30 00:00:00-05:00,39.07110117699013,39.51354239063609,38.90773654959032,39.2548828125,1543900,0.0,0.0
2006-10-31 00:00:00-05:00,39.46591809026843,39.52037386357653,38.81927006350277,38.96902084350586,1003700,0.0,0.0
2006-11-01 00:00:00-05:00,39.20043589485965,39.22766376985029,38.710344531400516,38.941776275634766,1291300,0.0,0.0
2006-11-02 00:00:00-05:00,38.7648008043037,38.7648008043037,38.36319873085014,38.581016540527344,1202500,0.0,0.0
2006-11-03 00:00:00-05:00,38.730764878814185,38.94177440839109,38.397229917654464,38.51294708251953,974600,0.0,0.0
2006-11-06 00:00:00-05:00,38.36320323523607,38.70354392739169,38.3359753566812,38.594635009765625,1523600,0.0,0.0
2006-11-07 00:00:00-05:00,38.458502543264466,39.28893475652458,38.458502543264466,39.0847282409668,836900,0.0,0.0
2006-11-08 00:00:00-05:00,39.043875679706616,39.22085165660441,38.85328576664857,39.03706741333008,501100,0.0,0.0
2006-11-09 00:00:00-05:00,38.92136661635952,38.962208439285035,38.35639975056178,38.444889068603516,985600,0.0,0.0
2006-11-10 00:00:00-05:00,38.615049772365936,39.28211713365116,38.56059661868606,39.220855712890625,949500,0.0,0.0
2006-11-13 00:00:00-05:00,39.111954175167305,39.363808172723544,38.955397758536805,39.28893280029297,725600,0.0,0.0
2006-11-14 00:00:00-05:00,39.20043805801636,39.24808554358272,38.51295105442093,38.98262023925781,1199700,0.0,0.0
2006-11-15 00:00:00-05:00,38.98261308024249,39.13236377686027,38.71714782466932,38.907737731933594,881900,0.0,0.0
2006-11-16 00:00:00-05:00,38.92134884363777,39.404631842902155,38.88731530503751,39.29572296142578,680900,0.0,0.0
2006-11-17 00:00:00-05:00,39.14598556294875,39.58842950470806,39.14598556294875,39.3433837890625,965800,0.0,0.0
2006-11-20 00:00:00-05:00,39.41826216969056,39.76540856232168,39.411456497777394,39.67692184448242,869800,0.0,0.0
2006-11-21 00:00:00-05:00,39.92195894219927,40.146582419049736,39.459095454430525,39.57481002807617,1306200,0.0,0.0
2006-11-22 00:00:00-05:00,39.57481936643044,39.724570117395714,39.343387567935785,39.438682556152344,714700,0.0,0.0
2006-11-24 00:00:00-05:00,39.13917468407427,39.608843845509654,39.13917468407427,39.220855712890625,320500,0.0,0.0
2006-11-27 00:00:00-05:00,39.22765968265099,39.40463565846452,38.66269302012902,38.75798797607422,1027200,0.0,0.0
2006-11-28 00:00:00-05:00,38.62185026069539,38.9009294331528,38.60142806015968,38.846473693847656,1061100,0.0,0.0
2006-11-29 00:00:00-05:00,38.887314577724716,39.09151840209961,38.812439236249006,39.09151840209961,1059600,0.0,0.0
2006-11-30 00:00:00-05:00,38.98942883628059,39.09833775383358,38.39043108803582,38.6899299621582,1461700,0.0,0.0
2006-12-01 00:00:00-05:00,38.58782919130685,38.615057071590094,38.05689850875159,38.3768196105957,1446600,0.0,0.0
2006-12-04 00:00:00-05:00,38.42445963377807,39.22085550280609,38.42445963377807,38.941776275634766,1630300,0.0,0.0
2006-12-05 00:00:00-05:00,39.071116543973275,39.57481936643044,38.90775185232083,39.438682556152344,1039500,0.0,0.0
2006-12-06 00:00:00-05:00,39.499933498370034,39.64968420955623,39.27531002818373,39.44548034667969,657800,0.0,0.0
2006-12-07 00:00:00-05:00,39.67009540003728,39.847073947815495,39.166392818252234,39.241268157958984,977500,0.0,0.0
2006-12-08 00:00:00-05:00,39.309348066209125,39.62246086485282,39.20724482480244,39.55439376831055,880600,0.0,0.0
2006-12-11 00:00:00-05:00,39.56120454837286,40.02406813509699,39.52036532381072,39.962806701660156,822800,0.0,0.0
2006-12-12 00:00:00-05:00,39.962785996213476,41.453479238623174,39.94917206288185,41.2765007019043,2543600,0.0,0.0
2006-12-13 00:00:00-05:00,41.2220660692775,41.861905643526875,41.03828178169032,41.54198455810547,1806400,0.0,0.0
2006-12-14 00:00:00-05:00,41.54877636180795,41.60322950140771,41.133560461416046,41.41263961791992,1336700,0.0,0.0
2006-12-15 00:00:00-05:00,41.46029928075877,41.678117096394956,41.085925072421155,41.330970764160156,1355200,0.0,0.0
2006-12-18 00:00:00-05:00,41.53517202120675,41.53517202120675,41.11995602491172,41.17441177368164,626800,0.0,0.0
2006-12-19 00:00:00-05:00,40.9770168762442,41.33097148194836,40.65709581796302,41.188026428222656,1134600,0.0,0.0
2006-12-20 00:00:00-05:00,41.41945484196422,41.60323909912255,41.11315034329334,41.26970672607422,742200,0.0,0.0
2006-12-21 00:00:00-05:00,41.446683436532595,41.55559233934186,41.19483208564738,41.283321380615234,584000,0.0,0.0
2006-12-22 00:00:00-05:00,41.2492943833582,41.41946474400999,40.942989811459874,40.963409423828125,569300,0.0,0.0
2006-12-26 00:00:00-05:00,40.908957303841106,41.46031025620904,40.772823080475675,41.40585708618164,557900,0.0,0.0
2006-12-27 00:00:00-05:00,41.69289541323818,41.89794191839911,41.56303323500808,41.80225372314453,604100,0.25,0.0
2006-12-28 00:00:00-05:00,41.82279462903201,42.3080750033486,41.481049282017274,41.64508819580078,511000,0.0,0.0
2006-12-29 00:00:00-05:00,41.55621982835163,41.68608468562269,41.364843332132224,41.399017333984375,635200,0.0,0.0
2007-01-03 00:00:00-05:00,41.35116273998302,41.7134117610524,41.057261705312506,41.24863815307617,1190000,0.0,0.0
2007-01-04 00:00:00-05:00,40.83854523167016,41.00941780586125,40.428452096534976,40.708683013916016,1368700,0.0,0.0
2007-01-05 00:00:00-05:00,40.48997929576869,40.742870056521596,40.23025216976578,40.414794921875,1241000,0.0,0.0
2007-01-08 00:00:00-05:00,40.2438958325771,40.52412665545935,39.97733512389737,40.435272216796875,1212100,0.0,0.0
2007-01-09 00:00:00-05:00,40.496796191765846,40.60615452444706,39.997848635951044,40.01835250854492,1304500,0.0,0.0
2007-01-10 00:00:00-05:00,39.87482941581575,40.0867123751287,39.79281129914674,40.01152801513672,1227500,0.0,0.0
2007-01-11 00:00:00-05:00,40.01834659578655,40.62665239440465,39.73811574673861,40.503623962402344,1467600,0.0,0.0
2007-01-12 00:00:00-05:00,40.353282193818046,40.483144458064885,40.045710928697126,40.18924331665039,1220000,0.0,0.0
2007-01-16 00:00:00-05:00,40.421624485434016,40.45579848620976,39.95001701718677,40.15506362915039,976100,0.0,0.0
2007-01-17 00:00:00-05:00,40.189243397101656,40.21658364456925,39.922682502566424,40.12089538574219,1545500,0.0,0.0
2007-01-18 00:00:00-05:00,40.988903936326075,40.995737690411566,40.46944997735902,40.503623962402344,1523400,0.0,0.0
2007-01-19 00:00:00-05:00,40.59932593799194,40.79070239272084,40.46262735291045,40.530975341796875,815200,0.0,0.0
2007-01-22 00:00:00-05:00,40.36010727536208,40.48997211899995,39.6971233656409,39.984188079833984,1837400,0.0,0.0
2007-01-23 00:00:00-05:00,39.85432553847573,40.39428096446472,39.85432553847573,40.01152801513672,1517600,0.0,0.0
2007-01-24 00:00:00-05:00,41.07091818702133,41.07091818702133,39.98416887734478,40.435272216796875,1218600,0.0,0.0
2007-01-25 00:00:00-05:00,40.46944557257685,40.61981421917054,39.96366439144697,40.086692810058594,1448700,0.0,0.0
2007-01-26 00:00:00-05:00,40.08670794308392,40.366938867420146,39.512575975259864,39.79964065551758,1525000,0.0,0.0
2007-01-29 00:00:00-05:00,39.40322499542772,40.14822968095564,39.23235238505259,39.84749221801758,1416000,0.0,0.0
2007-01-30 00:00:00-05:00,39.854325778208874,40.17556449014021,39.79281153850986,40.05253601074219,1073700,0.0,0.0
2007-01-31 00:00:00-05:00,40.838545988295785,40.87271998230544,39.47839912531918,39.492069244384766,2226900,0.0,0.0
2007-02-01 00:00:00-05:00,39.56042086997738,39.98418414281203,39.48523651681296,39.963680267333984,2066300,0.0,0.0
2007-02-02 00:00:00-05:00,40.03202360715714,40.469456948602705,39.91583151653308,40.13454818725586,1000800,0.0,0.0
2007-02-05 00:00:00-05:00,40.250751568277195,40.64717727472799,40.086715322876884,40.537818908691406,1169400,0.0,0.0
2007-02-06 00:00:00-05:00,40.53098308789582,40.98208667976157,40.48313896506985,40.90690231323242,933600,0.0,0.0
2007-02-07 00:00:00-05:00,40.76335118419679,40.872709501370245,40.47628657935696,40.72234344482422,1032500,0.0,0.0
2007-02-08 00:00:00-05:00,40.715520970966494,40.90006368301225,40.25758367638947,40.346435546875,2863200,0.0,0.0
2007-02-09 00:00:00-05:00,40.36010250419003,40.72235414343586,39.79964065551758,39.79964065551758,1484300,0.0,0.0
2007-02-12 00:00:00-05:00,39.79963689189821,40.086704152318276,39.649268202758726,39.73128890991211,1633600,0.0,0.0
2007-02-13 00:00:00-05:00,39.997848397425415,40.038858749676926,39.423716502445785,39.642433166503906,1811100,0.0,0.0
2007-02-14 00:00:00-05:00,39.744970216177975,40.12772319474042,39.71762997276377,39.84749221801758,1140900,0.0,0.0
2007-02-15 00:00:00-05:00,39.88165394086633,40.22339905640865,39.84747995077375,40.01835250854492,1391100,0.0,0.0
2007-02-16 00:00:00-05:00,39.83381315215193,40.271246519322894,39.67661069878165,40.09354019165039,1214800,0.0,0.0
2007-02-20 00:00:00-05:00,39.984188014325035,40.14139049193164,39.785975174482786,40.05253601074219,1003000,0.0,0.0
2007-02-21 00:00:00-05:00,39.82015185572714,40.12772307494599,39.799647976882255,39.826988220214844,1037400,0.0,0.0
2007-02-22 00:00:00-05:00,40.052532802125064,40.21657163061755,39.71762399627812,39.84065246582031,1019800,0.0,0.0
2007-02-23 00:00:00-05:00,39.73130628583957,39.85433479306605,39.054649496093965,39.362220764160156,959800,0.0,0.0
2007-02-26 00:00:00-05:00,39.39636368085459,39.58774004893547,38.99310447146455,39.10246276855469,1214900,0.0,0.0
2007-02-27 00:00:00-05:00,39.1024924001501,39.75864267991704,38.04308260540588,38.186614990234375,2278800,0.0,0.0
2007-02-28 00:00:00-05:00,38.19344461213907,38.71973253756467,38.19344461213907,38.371150970458984,2262700,0.0,0.0
2007-03-01 00:00:00-05:00,37.79701024875241,38.4736667424873,37.60563381336849,38.145591735839844,1645800,0.0,0.0
2007-03-02 00:00:00-05:00,37.97472296957545,38.302798009017586,37.742336157390355,37.879032135009766,1374100,0.0,0.0
2007-03-05 00:00:00-05:00,37.82436361242132,38.220786738635574,37.42110412125154,37.44844436645508,1947600,0.0,0.0
2007-03-06 00:00:00-05:00,37.591978888698414,38.00207216092407,37.45528026218671,37.81069564819336,1975400,0.0,0.0
2007-03-07 00:00:00-05:00,37.63296764591898,37.8380141642719,37.46209511274023,37.475765228271484,1481300,0.0,0.0
2007-03-08 00:00:00-05:00,37.71498913303221,37.803843588344506,37.57145681797186,37.708152770996094,1099700,0.0,0.0
2007-03-09 00:00:00-05:00,37.728657830504325,37.83801615319473,37.40741661690396,37.598793029785156,1195800,0.0,0.0
2007-03-12 00:00:00-04:00,37.52362553111898,37.58513977391659,37.28440231699095,37.393760681152344,1204600,0.0,0.0
2007-03-13 00:00:00-04:00,37.25022152051163,37.270725395266744,36.3753547668457,36.3753547668457,2118500,0.0,0.0
2007-03-14 00:00:00-04:00,36.36852750376526,36.91531936162338,36.08146275613071,36.86064147949219,2945200,0.0,0.0
2007-03-15 00:00:00-04:00,36.86063898177918,37.83119413779792,36.80595849604395,37.393760681152344,2583200,0.0,0.0
2007-03-16 00:00:00-04:00,37.79016205260736,38.00204228015643,37.42107683342799,37.57144546508789,3222400,0.0,0.0
2007-03-19 00:00:00-04:00,37.64664133080752,38.09774475687717,37.64664133080752,37.99522018432617,1114500,0.0,0.0
2007-03-20 00:00:00-04:00,37.940548765084046,38.65137936577587,37.933715008694755,38.46000289916992,1775400,0.0,0.0
2007-03-21 00:00:00-04:00,38.459996550936296,38.767567683862815,38.20026952676408,38.548851013183594,2034100,0.0,0.0
2007-03-22 00:00:00-04:00,38.562524888862185,38.665049485863264,38.30963418551735,38.46000289916992,1133100,0.0,0.0
2007-03-23 00:00:00-04:00,38.46683490071557,39.061473364500515,38.41899078624671,38.870094299316406,1218300,0.0,0.0
2007-03-26 00:00:00-04:00,38.788078166300174,39.19133758544922,38.637709451845296,39.19133758544922,1604900,0.0,0.0
2007-03-27 00:00:00-04:00,39.013640304354915,39.3280453191807,38.89061180163014,39.32120895385742,1938800,0.0,0.0
2007-03-28 00:00:00-04:00,39.34865488922059,39.5271394388274,39.1427133939489,39.183902740478516,2659000,0.25,0.0
2007-03-29 00:00:00-04:00,39.60951042157375,39.746805607002266,39.197624865288226,39.38983917236328,1559900,0.0,0.0
2007-03-30 00:00:00-04:00,39.33494111961845,39.602665434326404,39.04662343260658,39.170188903808594,1558800,0.0,0.0
2007-04-02 00:00:00-04:00,39.12898877914883,39.33493030161717,39.060342477888895,39.27314758300781,1223500,0.0,0.0
2007-04-03 00:00:00-04:00,39.27313855998103,39.63010500563421,39.27313855998103,39.62324142456055,892100,0.0,0.0
2007-04-04 00:00:00-04:00,39.62324390990012,39.91842766965375,39.21135831507063,39.328060150146484,932300,0.0,0.0
2007-04-05 00:00:00-04:00,39.21135831507063,39.472218929927166,39.14271202527643,39.328060150146484,895800,0.0,0.0
2007-04-09 00:00:00-04:00,39.34180214627066,39.506554340402495,39.27315321647497,39.49282455444336,672900,0.0,0.0
2007-04-10 00:00:00-04:00,39.49280725942837,39.87036966123717,39.47907747948189,39.65069580078125,661500,0.0,0.0
2007-04-11 00:00:00-04:00,39.65070715845376,39.74681564560874,39.355525970458984,39.355525970458984,743200,0.0,0.0
2007-04-12 00:00:00-04:00,39.4173008722138,39.664431712076535,39.108389941073554,39.61637878417969,854900,0.0,0.0
2007-04-13 00:00:00-04:00,39.64382475970032,40.0007911150691,39.575178491574015,39.91841506958008,739900,0.0,0.0
2007-04-16 00:00:00-04:00,40.15869140625,40.52252144767687,39.92529035999607,40.15869140625,943300,0.0,0.0
2007-04-17 00:00:00-04:00,40.158705174941886,40.206758116938154,40.03513971875464,40.12438201904297,670300,0.0,0.0
2007-04-18 00:00:00-04:00,40.12438307948264,40.23421875247536,39.8978455309226,39.91157531738281,1486300,0.0,0.0
2007-04-19 00:00:00-04:00,39.32805968719007,40.09690912232448,39.32805968719007,39.90469741821289,693300,0.0,0.0
2007-04-20 00:00:00-04:00,40.24106966706221,40.31658215947492,39.89783296968679,40.17928695678711,1121800,0.0,0.0
2007-04-23 00:00:00-04:00,40.18615139295689,40.37149951564509,39.90469741821289,39.90469741821289,880200,0.0,0.0
2007-04-24 00:00:00-04:00,40.501927400375074,40.94813612260017,39.95961282873239,40.289119720458984,1552400,0.0,0.0
2007-04-25 00:00:00-04:00,41.18154785450182,42.08082649492689,41.07171219541599,42.06709671020508,1873500,0.0,0.0
2007-04-26 00:00:00-04:00,40.501936580068865,41.6964016246532,40.501936580068865,41.20900344848633,1400400,0.0,0.0
2007-04-27 00:00:00-04:00,41.181547900111525,41.48359530825993,40.85890450551325,41.44927215576172,858300,0.0,0.0
2007-04-30 00:00:00-04:00,41.44926006734018,41.50417657158352,40.81770324707031,40.81770324707031,970600,0.0,0.0
2007-05-01 00:00:00-04:00,40.982456905844174,41.17466859360929,40.68727317466898,41.085426330566406,759600,0.0,0.0
2007-05-02 00:00:00-04:00,41.15410204102289,41.614038198840575,41.08545309446756,41.59344482421875,1394800,0.0,0.0
2007-05-03 00:00:00-04:00,41.71012271354346,41.874877482089246,41.208997444803664,41.30510330200195,1312500,0.0,0.0
2007-05-04 00:00:00-04:00,41.442407019556434,41.49045995802713,41.05111730990146,41.11976623535156,1235800,0.0,0.0
2007-05-07 00:00:00-04:00,41.33255632490895,41.62774005026445,41.311962964108076,41.476715087890625,1169300,0.0,0.0
2007-05-08 00:00:00-04:00,41.46300800233481,41.69640913960972,41.366899495124734,41.648353576660156,1090400,0.0,0.0
2007-05-09 00:00:00-04:00,41.648358085898025,42.094567037986664,41.579711763433316,42.08083724975586,1055900,0.0,0.0
2007-05-10 00:00:00-04:00,42.08768296460485,42.712373622211075,42.08768296460485,42.4309196472168,2427500,0.0,0.0
2007-05-11 00:00:00-04:00,43.01443137074851,43.419450859002964,42.37601077708151,42.69865417480469,1333900,0.0,0.0
2007-05-14 00:00:00-04:00,42.650596618652344,43.12426236127683,42.588813902771896,42.650596618652344,1327200,0.0,0.0
2007-05-15 00:00:00-04:00,42.95951028204555,43.31647417595447,42.32795333862305,42.32795333862305,1364300,0.0,0.0
2007-05-16 00:00:00-04:00,42.56134688881611,42.64372295601345,42.375998773606135,42.50642776489258,1089700,0.0,0.0
2007-05-17 00:00:00-04:00,42.51329563103836,42.52015921245384,42.101412660219935,42.16319274902344,1121900,0.0,0.0
2007-05-18 00:00:00-04:00,42.21810734918647,42.62999027584976,41.95038318498655,42.38286209106445,1131400,0.0,0.0
2007-05-21 00:00:00-04:00,42.30735585349053,42.73983220470164,42.2387069431242,42.64372634887695,789900,0.0,0.0
2007-05-22 00:00:00-04:00,42.6437304176165,42.78789183379649,42.30735989013617,42.650596618652344,798800,0.0,0.0
2007-05-23 00:00:00-04:00,42.6711775497643,42.74669002702325,41.868005096055825,41.89546203613281,1455300,0.0,0.0
2007-05-24 00:00:00-04:00,42.14259859080173,42.14259859080173,41.51790794625929,41.55909729003906,1354700,0.0,0.0
2007-05-25 00:00:00-04:00,41.77191176906107,42.18379744364189,41.64148274572254,42.10142135620117,908000,0.0,0.0
2007-05-29 00:00:00-04:00,42.266171413484756,42.34854749679832,41.78563945989347,41.874881744384766,1766700,0.0,0.0
2007-05-30 00:00:00-04:00,41.57283609551851,42.06709523472456,41.36689195060335,41.916072845458984,1440100,0.0,0.0
2007-05-31 00:00:00-04:00,41.33257737330715,42.54077245018919,41.33257737330715,42.26618194580078,1494200,0.0,0.0
2007-06-01 00:00:00-04:00,42.26616819129137,42.56135197090724,41.936661264468874,42.18379211425781,911000,0.0,0.0
2007-06-04 00:00:00-04:00,42.025908811421594,42.36914556389988,41.888613586692564,42.33481979370117,1008200,0.0,0.0
2007-06-05 00:00:00-04:00,42.149462828604484,42.84966330944826,42.149462828604484,42.54075241088867,1224400,0.0,0.0
2007-06-06 00:00:00-04:00,42.224997339186615,42.52018124810147,42.135757641097506,42.25932312011719,1075100,0.0,0.0
2007-06-07 00:00:00-04:00,42.07396096292422,42.32109183909171,41.668941497802734,41.668941497802734,1467300,0.0,0.0
2007-06-08 00:00:00-04:00,41.559107768941345,42.10828606437052,41.3051106796208,42.06709671020508,1603200,0.0,0.0
2007-06-11 00:00:00-04:00,42.06709874440386,43.04875614062888,42.03964179232119,42.794761657714844,1283800,0.0,0.0
2007-06-12 00:00:00-04:00,42.71237117229703,43.343925375107794,42.52015686035156,42.52015686035156,2020500,0.0,0.0
2007-06-13 00:00:00-04:00,42.72610024880606,42.856529235839844,42.019030954128496,42.856529235839844,2116200,0.0,0.0
2007-06-14 00:00:00-04:00,42.753557731278256,42.85652977723429,42.21124579614847,42.6643180847168,1554000,0.0,0.0
2007-06-15 00:00:00-04:00,42.945792693036864,42.96638606465526,42.5339069298447,42.81536102294922,1925300,0.0,0.0
2007-06-18 00:00:00-04:00,42.98697608258636,43.0693548000114,42.57509297021698,42.678062438964844,1870700,0.0,0.0
2007-06-19 00:00:00-04:00,42.678059328155385,43.0487556734811,42.52017072596602,42.93205642700195,2901800,0.0,0.0
2007-06-20 00:00:00-04:00,43.22722352220521,43.32332936295459,42.56134359888769,42.63685607910156,2288700,0.0,0.0
2007-06-21 00:00:00-04:00,42.60941547139544,43.000705207737404,42.41720370440329,42.57509231567383,2111400,0.0,0.0
2007-06-22 00:00:00-04:00,42.49272363206402,42.897743225097656,42.2181331010045,42.897743225097656,12827600,0.0,0.0
2007-06-25 00:00:00-04:00,42.863394188009025,43.309602904205846,42.58194022479367,42.829071044921875,2756800,0.0,0.0
2007-06-26 00:00:00-04:00,43.18603665813053,43.37138476963866,42.6231287425968,42.6643180847168,3090200,0.0,0.0
2007-06-27 00:00:00-04:00,42.471277418326395,42.85048736590368,42.30580637766974,42.71259307861328,2483000,0.27,0.0
2007-06-28 00:00:00-04:00,42.31959536686686,42.87806340745547,42.31959536686686,42.533329010009766,2571400,0.0,0.0
2007-06-29 00:00:00-04:00,42.678120889551536,43.52616722014344,42.629858282696986,43.1055908203125,2108300,0.0,0.0
2007-07-02 00:00:00-04:00,43.50547328076061,44.022574798186994,43.50547328076061,43.9674186706543,1839700,0.0,0.0
2007-07-03 00:00:00-04:00,44.09151884467937,44.346621498050446,44.00188718750583,44.105308532714844,989800,0.0,0.0
2007-07-05 00:00:00-04:00,44.10532631007511,44.10532631007511,43.236594024482294,43.34001541137695,1769700,0.0,0.0
2007-07-06 00:00:00-04:00,43.4365169156234,43.4365169156234,43.03662391013611,43.160728454589844,1893700,0.0,0.0
2007-07-09 00:00:00-04:00,43.133163961447565,43.505475070423245,42.98148000179283,43.16763687133789,1427600,0.0,0.0
2007-07-10 00:00:00-04:00,43.11246209920734,43.11246209920734,42.08515556340532,42.105838775634766,2144200,0.0,0.0
2007-07-11 00:00:00-04:00,41.91280473562144,42.05069900766965,41.65769941179219,42.00243377685547,1851300,0.0,0.0
2007-07-12 00:00:00-04:00,42.18169760029003,42.733272064654585,41.79559416017758,42.5057487487793,2398000,0.0,0.0
2007-07-13 00:00:00-04:00,42.56091396053705,42.78154379335428,42.18170659976462,42.58849334716797,1051300,0.0,0.0
2007-07-16 00:00:00-04:00,42.43680511258763,42.719487222035035,42.147229472228496,42.57469940185547,1019200,0.0,0.0
2007-07-17 00:00:00-04:00,42.48506650785323,42.5746981878387,42.00933398506524,42.3609619140625,1950000,0.0,0.0
2007-07-18 00:00:00-04:00,42.14722082425016,42.2023769505712,41.347437266738076,42.01622009277344,1793300,0.0,0.0
2007-07-19 00:00:00-04:00,42.28511603885711,42.79532139681874,42.12653592558637,42.726375579833984,1589200,0.0,0.0
2007-07-20 00:00:00-04:00,42.69190500573842,42.698801166307426,41.39570561091637,41.74733352661133,1898200,0.0,0.0
2007-07-23 00:00:00-04:00,41.89211729028977,42.07827415595017,41.73353980401188,41.87833023071289,1115100,0.0,0.0
2007-07-24 00:00:00-04:00,41.292282760520486,41.94727859498006,39.761661303379206,39.892662048339844,2362100,0.0,0.0
2007-07-25 00:00:00-04:00,41.02339320344742,41.94728149172125,40.96134090684266,41.80938720703125,4038200,0.0,0.0
2007-07-26 00:00:00-04:00,41.747320916827306,41.81626935111832,39.996070137543185,40.45801544189453,3845800,0.0,0.0
2007-07-27 00:00:00-04:00,40.20293138481097,40.39598182979105,39.45830373111912,39.527252197265625,2470600,0.0,0.0
2007-07-30 00:00:00-04:00,40.830336052245144,41.28538527562891,39.48587160084764,41.13370132446289,2912600,0.0,0.0
2007-07-31 00:00:00-04:00,41.202649124106706,41.56806933040779,39.75476587911683,39.79613494873047,2516600,0.0,0.0
2007-08-01 00:00:00-04:00,39.927129406621354,40.64417743367502,38.672296674334525,40.4993896484375,2519100,0.0,0.0
2007-08-02 00:00:00-04:00,40.52697812096712,41.31297218836528,39.64445883548357,39.66514205932617,2441000,0.0,0.0
2007-08-03 00:00:00-04:00,40.25117710761756,40.264966795061035,37.71393248052528,37.72772216796875,2890300,0.0,0.0
2007-08-06 00:00:00-04:00,38.024193138065776,40.313228607177734,37.424353581376735,40.313228607177734,2565400,0.0,0.0
2007-08-07 00:00:00-04:00,39.78234298419927,41.56806695364434,39.410029269307806,41.140594482421875,3206200,0.0,0.0
2007-08-08 00:00:00-04:00,41.49912465471721,41.61633571422373,39.2583511341147,40.140872955322266,3300300,0.0,0.0
2007-08-09 00:00:00-04:00,38.886039199691396,40.26497672265755,37.70704561866824,39.04461669921875,3100600,0.0,0.0
2007-08-10 00:00:00-04:00,38.61024730685074,39.25145341003437,37.61051716306119,39.05840301513672,3873200,0.0,0.0
2007-08-13 00:00:00-04:00,39.78233888040724,40.18222930209879,38.97565924802301,39.17560577392578,2334600,0.0,0.0
2007-08-14 00:00:00-04:00,39.044618636871185,39.29972135484772,37.486417685727005,37.562259674072266,2110700,0.0,0.0
2007-08-15 00:00:00-04:00,37.66568114921009,38.49993776307611,37.31405058957086,37.389892578125,1979200,0.0,0.0
2007-08-16 00:00:00-04:00,37.07963182802675,38.95498783629577,36.93484400888931,38.486148834228516,3534000,0.0,0.0
2007-08-17 00:00:00-04:00,39.96161765490517,40.402877339385654,38.658521827262746,39.64446258544922,3079700,0.0,0.0
2007-08-20 00:00:00-04:00,39.85129657561768,40.823447489674564,39.389353736721574,40.23740005493164,1580300,0.0,0.0
2007-08-21 00:00:00-04:00,39.95472106476405,40.84413652765647,39.78235384932514,40.5683479309082,1394500,0.0,0.0
2007-08-22 00:00:00-04:00,40.747604574256194,41.31296877355205,39.9960834854193,40.89239501953125,2642300,0.0,0.0
2007-08-23 00:00:00-04:00,41.03028229825651,41.14749334811122,39.96850247019876,40.17534255981445,1832100,0.0,0.0
2007-08-24 00:00:00-04:00,40.38908153131488,41.50602019460202,39.91334640001296,41.368125915527344,1774400,0.0,0.0
2007-08-27 00:00:00-04:00,40.96132911769841,41.22332792019164,40.554542541503906,40.554542541503906,1008100,0.0,0.0
2007-08-28 00:00:00-04:00,40.251195926887725,40.375300541789606,39.05841502154423,39.11357116699219,1577200,0.0,0.0
2007-08-29 00:00:00-04:00,39.437611474811376,40.02365883721437,39.113560333420715,39.85129165649414,2090800,0.0,0.0
2007-08-30 00:00:00-04:00,39.41003610498269,39.7409808100283,39.044618486308,39.31351089477539,1827000,0.0,0.0
2007-08-31 00:00:00-04:00,39.982295342406054,40.2649774344064,39.347982702969524,39.82371520996094,1657200,0.0,0.0
2007-09-04 00:00:00-04:00,39.6927121118662,40.395970488426954,39.6927121118662,40.29254913330078,1408000,0.0,0.0
2007-09-05 00:00:00-04:00,39.809912224847736,39.940910292604066,39.2307585814239,39.747859954833984,1376900,0.0,0.0
2007-09-06 00:00:00-04:00,39.623767631451514,39.98918520635574,39.230770676901656,39.47897720336914,1187800,0.0,0.0
2007-09-07 00:00:00-04:00,38.9274058996891,39.41692809235374,38.610250898535774,38.72056579589844,1528900,0.0,0.0
2007-09-10 00:00:00-04:00,39.01014163517964,40.016765340187206,38.72056340367169,39.46519088745117,1822400,0.0,0.0
2007-09-11 00:00:00-04:00,39.720300211885565,39.96850941459571,39.25146119123639,39.803035736083984,1279600,0.0,0.0
2007-09-12 00:00:00-04:00,39.53414572882274,39.81682786473575,39.223884206451146,39.527252197265625,1312700,0.0,0.0
2007-09-13 00:00:00-04:00,39.913344740331134,40.42355276265753,39.53413746122997,40.051239013671875,1277800,0.0,0.0
2007-09-14 00:00:00-04:00,39.816806242674645,40.237382452376494,39.60996621678738,39.9547004699707,1333500,0.0,0.0
2007-09-17 00:00:00-04:00,39.885759164406785,40.464912918389565,39.78234044805056,40.30633544921875,1448100,0.0,0.0
2007-09-18 00:00:00-04:00,40.56835024217163,41.0716622243142,40.092617647298134,40.67866516113281,2386700,0.0,0.0
2007-09-19 00:00:00-04:00,41.12681255586491,41.36812556964198,40.85791753036598,41.181968688964844,2121500,0.0,0.0
2007-09-20 00:00:00-04:00,41.161287974687895,41.27160287772094,40.720028362555745,40.73381805419922,1780900,0.0,0.0
2007-09-21 00:00:00-04:00,41.26471103012954,41.278500723214414,40.73382231199459,40.96134567260742,2679500,0.0,0.0
2007-09-24 00:00:00-04:00,40.988919615319745,41.016498997826865,40.40286957255957,40.54076385498047,1419700,0.0,0.0
2007-09-25 00:00:00-04:00,40.34770570383772,41.050964042281024,40.21670760721056,40.4993896484375,1829500,0.0,0.0
2007-09-26 00:00:00-04:00,40.84571161040643,41.0119467016006,40.43011859790274,40.679473876953125,1900800,0.27,0.0
2007-09-27 00:00:00-04:00,40.866504811611286,41.31673007406696,40.6448561833359,41.24746322631836,1802700,0.0,0.0
2007-09-28 00:00:00-04:00,41.282094176128844,42.438825399754464,41.282094176128844,41.9539680480957,2137900,0.0,0.0
2007-10-01 00:00:00-04:00,42.14791382628415,43.01372966201111,42.02323613455865,42.812862396240234,2070400,0.0,0.0
2007-10-02 00:00:00-04:00,42.168694463882545,43.02065691423217,42.1340623595126,42.88212585449219,1874400,0.0,0.0
2007-10-03 00:00:00-04:00,42.59813837104231,43.145334603772135,42.53579952627233,42.88212585449219,1443300,0.0,0.0
2007-10-04 00:00:00-04:00,43.10375536906075,43.540127088842866,43.0137098238418,43.13146209716797,1342900,0.0,0.0
2007-10-05 00:00:00-04:00,43.50551106546624,43.8172026238667,42.97216824261611,43.08299255371094,1564100,0.0,0.0
2007-10-08 00:00:00-04:00,42.95138143103352,43.67866868793606,42.94445606845544,43.56784439086914,983700,0.0,0.0
2007-10-09 00:00:00-04:00,43.63711550346412,44.38518160895121,43.3392746624565,43.865692138671875,1417400,0.0,0.0
2007-10-10 00:00:00-04:00,43.77564887536035,43.858766455173516,43.00680399587295,43.12455368041992,1167500,0.0,0.0
2007-10-11 00:00:00-04:00,43.5678438314381,43.637108025368164,42.68817482877619,42.84748458862305,1533400,0.0,0.0
2007-10-12 00:00:00-04:00,42.79900643441989,43.75486515676011,42.70896085312346,43.637115478515625,1798200,0.0,0.0
2007-10-15 00:00:00-04:00,43.72023968152105,44.191243750419645,43.01373357817316,43.193824768066406,1256400,0.0,0.0
2007-10-16 00:00:00-04:00,43.19381743543871,43.19381743543871,42.26566282691016,42.40419387817383,1253500,0.0,0.0
2007-10-17 00:00:00-04:00,42.909822175006035,43.08298529706639,41.91240090089232,42.424964904785156,1114200,0.0,0.0
2007-10-18 00:00:00-04:00,41.967813059009934,42.64661215923956,41.94703433053396,42.272579193115234,1155200,0.0,0.0
2007-10-19 00:00:00-04:00,42.563509335275334,42.563509335275334,40.707199870806036,40.81109619140625,1919300,0.0,0.0
2007-10-22 00:00:00-04:00,40.58941579851335,42.25178205086036,40.39547403790092,41.933162689208984,1552400,0.0,0.0
2007-10-23 00:00:00-04:00,42.00244499693564,43.290779002821104,41.676897493311394,41.87084197998047,1850800,0.0,0.0
2007-10-24 00:00:00-04:00,41.974741255078655,42.161757750767556,39.76518068854916,40.790306091308594,4444400,0.0,0.0
2007-10-25 00:00:00-04:00,40.92191629398674,41.39291762440545,40.15999685947248,40.970401763916016,2833700,0.0,0.0
2007-10-26 00:00:00-04:00,41.48988170140269,42.023221748439255,40.87341881790478,42.01629638671875,2407600,0.0,0.0
2007-10-29 00:00:00-04:00,42.217179070686484,42.722815182423,42.071722649966425,42.570430755615234,1389500,0.0,0.0
2007-10-30 00:00:00-04:00,42.57042232188526,43.15917853647343,42.36955246129896,42.46652603149414,1607500,0.0,0.0
2007-10-31 00:00:00-04:00,42.99295025520682,44.09426808672088,41.413703041058426,41.9816780090332,1883000,0.0,0.0
2007-11-01 00:00:00-04:00,41.44834048125471,41.78081348270401,40.04918161540938,40.12537384033203,2260700,0.0,0.0
2007-11-02 00:00:00-04:00,40.22233163924189,40.340083941658555,39.162574128790254,40.132286071777344,2292100,0.0,0.0
2007-11-05 00:00:00-05:00,39.820602480531306,40.20156091407031,39.065610977440464,39.57124710083008,2340900,0.0,0.0
2007-11-06 00:00:00-05:00,39.81366407444456,40.63099420896361,39.26646798328597,40.53402328491211,1434900,0.0,0.0
2007-11-07 00:00:00-05:00,39.896789281219256,40.18077674564397,39.26647551177611,39.36344909667969,1962200,0.0,0.0
2007-11-08 00:00:00-05:00,39.3980637240546,40.05608394018237,38.55302706909522,39.64741897583008,1990000,0.0,0.0
2007-11-09 00:00:00-05:00,39.04482145147336,41.455251881710076,38.670791102249815,40.540950775146484,2240000,0.0,0.0
2007-11-12 00:00:00-05:00,40.485540610245415,41.66997579372271,40.31237747901448,40.49246597290039,1938400,0.0,0.0
2007-11-13 00:00:00-05:00,40.74873515044159,41.59376914048502,40.5201586283564,41.57299041748047,2021800,0.0,0.0
2007-11-14 00:00:00-05:00,42.26566941876276,42.26566941876276,41.06738052662513,41.102012634277344,1417200,0.0,0.0
2007-11-15 00:00:00-05:00,40.85957690122425,41.26131402408594,40.36086619755879,40.74875259399414,2108700,0.0,0.0
2007-11-16 00:00:00-05:00,41.143546514996764,41.233589409027566,39.938330384438565,40.2846565246582,2154800,0.0,0.0
2007-11-19 00:00:00-05:00,39.952188852691236,40.464750126052664,39.28031520928221,39.91755676269531,2686700,0.0,0.0
2007-11-20 00:00:00-05:00,39.9037048411189,40.10457466952119,38.5322534180694,39.72361373901367,3594000,0.0,0.0
2007-11-21 00:00:00-05:00,39.13486317283409,40.97039321041059,38.857801137715576,40.13920974731445,2990100,0.0,0.0
2007-11-23 00:00:00-05:00,40.326231414449076,40.88727827649165,40.15999364353219,40.714115142822266,922900,0.0,0.0
2007-11-26 00:00:00-05:00,40.79723428174786,40.9565440434834,39.88293317128154,40.00068283081055,1994300,0.0,0.0
2007-11-27 00:00:00-05:00,40.12535398410807,41.05350831136679,40.097647253799636,40.9842414855957,1635700,0.0,0.0
2007-11-28 00:00:00-05:00,41.05351844769151,42.189468248216876,40.83186983501631,41.55915451049805,3381800,0.0,0.0
2007-11-29 00:00:00-05:00,41.129721535188224,41.35829557149341,40.27083095214492,40.4786262512207,2483500,0.0,0.0
2007-11-30 00:00:00-05:00,41.21282203682257,42.113269720939904,40.97039472880388,41.44139862060547,2255400,0.0,0.0
2007-12-03 00:00:00-05:00,41.03966358518422,41.68383066802866,40.43705660655097,41.27516555786133,1521400,0.0,0.0
2007-12-04 00:00:00-05:00,41.21282335979018,41.35827974927067,40.74874745746873,40.84571838378906,1683500,0.0,0.0
2007-12-05 00:00:00-05:00,41.38597449297061,41.5729909290894,40.67946883727478,41.295928955078125,1406300,0.0,0.0
2007-12-06 00:00:00-05:00,41.28210192205193,42.29337692260742,41.129720117188896,42.29337692260742,1388200,0.0,0.0
2007-12-07 00:00:00-05:00,42.147897498859706,42.89596335942391,41.98858776387123,42.14097213745117,1448000,0.0,0.0
2007-12-10 00:00:00-05:00,42.175611730223295,43.40160701380428,42.147904995142895,43.1591796875,1209100,0.0,0.0
2007-12-11 00:00:00-05:00,43.179962126018886,43.63018736183228,41.35828509306029,41.379066467285156,2154000,0.0,0.0
2007-12-12 00:00:00-05:00,42.61890195287673,42.79899305918882,40.86649220064329,41.59377670288086,2583600,0.0,0.0
2007-12-13 00:00:00-05:00,41.48989710436576,42.19640052155416,41.04659716415966,42.10635757446289,1935300,0.0,0.0
2007-12-14 00:00:00-05:00,42.203317382730425,42.37648050915152,41.205898725758374,41.219749450683594,1538600,0.0,0.0
2007-12-17 00:00:00-05:00,41.24745600753901,42.78514540906376,41.11585298323881,42.25872802734375,1879600,0.0,0.0
2007-12-18 00:00:00-05:00,42.646617501155475,42.646617501155475,41.510667736349085,42.134056091308594,1663500,0.0,0.0
2007-12-19 00:00:00-05:00,42.549646619219196,42.93753300081511,41.27516581370099,41.635345458984375,1688400,0.0,0.0
2007-12-20 00:00:00-05:00,41.9054692586263,42.54963618753633,41.6699673422263,42.07863235473633,1964400,0.0,0.0
2007-12-21 00:00:00-05:00,42.916757958862135,43.22845218271205,42.25181204282246,42.88212585449219,2066800,0.0,0.0
2007-12-24 00:00:00-05:00,42.674326939334776,43.844908877473706,42.674326939334776,43.74101257324219,668100,0.0,0.0
2007-12-26 00:00:00-05:00,43.55399542814301,43.692526474051455,43.13840229041768,43.54014205932617,902500,0.0,0.0
2007-12-27 00:00:00-05:00,43.50534009205775,43.57490305274912,42.65665817260742,42.65665817260742,1009200,0.27,0.0
2007-12-28 00:00:00-05:00,43.289698637862436,43.5470848241945,42.58014516282019,43.06013870239258,914300,0.0,0.0
2007-12-31 00:00:00-05:00,42.830585443161034,43.46361819305602,42.56624130970199,42.97666931152344,973900,0.0,0.0
2008-01-02 00:00:00-05:00,43.03231996297189,43.1923169528716,42.27407174339458,42.46189498901367,2090900,0.0,0.0
2008-01-03 00:00:00-05:00,42.6427477961346,42.754050132603304,42.016673148619525,42.3714485168457,2351100,0.0,0.0
2008-01-04 00:00:00-05:00,41.98885263596965,42.774926987324804,41.98885263596965,42.253196716308594,1733600,0.0,0.0
2008-01-07 00:00:00-05:00,42.59406278499992,43.275790081151406,41.926248615748385,42.74014663696289,3089600,0.0,0.0
2008-01-08 00:00:00-05:00,43.122750868301594,43.122750868301594,41.7732067531299,41.89842224121094,2056400,0.0,0.0
2008-01-09 00:00:00-05:00,42.246238812309116,42.559277505544074,41.34886210958802,42.54536437988281,2124700,0.0,0.0
2008-01-10 00:00:00-05:00,42.29493079172537,43.42882525276921,41.905373912095996,42.886226654052734,2846200,0.0,0.0
2008-01-11 00:00:00-05:00,42.538423502861946,42.86537277846356,41.65495962758605,41.863651275634766,2081700,0.0,0.0
2008-01-14 00:00:00-05:00,42.114074580065065,42.24624531370111,41.35582636361029,42.15581130981445,4358500,0.0,0.0
2008-01-15 00:00:00-05:00,42.15582373334984,43.1297217372677,41.84278755334492,42.04452133178711,2716700,0.0,0.0
2008-01-16 00:00:00-05:00,41.94712545983322,43.02536780282257,41.76626008088315,42.13494873046875,2459700,0.0,0.0
2008-01-17 00:00:00-05:00,41.91234597127188,42.19755850990931,40.29845999844669,40.47237014770508,5712700,0.0,0.0
2008-01-18 00:00:00-05:00,40.83410272126189,40.93844721643628,38.62196545673948,39.29673767089844,6822400,0.0,0.0
2008-01-22 00:00:00-05:00,38.28805457373236,41.11235336564615,37.67589017764796,40.632362365722656,4445700,0.0,0.0
2008-01-23 00:00:00-05:00,39.36629329902314,41.98190023187702,39.115862311627595,41.72451400756836,5861900,0.0,0.0
2008-01-24 00:00:00-05:00,41.9679850791577,42.63579920198795,41.25147368873389,42.183631896972656,3083000,0.0,0.0
2008-01-25 00:00:00-05:00,42.420149129806575,42.914053151968716,39.943668475641864,40.096710205078125,4811600,0.0,0.0
2008-01-28 00:00:00-05:00,40.3123702165689,41.008010763347805,39.60281654041545,40.95235824584961,3023700,0.0,0.0
2008-01-29 00:00:00-05:00,41.08452411201236,41.62016755321889,40.444533546465976,40.95930862426758,3169600,0.0,0.0
2008-01-30 00:00:00-05:00,40.75757972452234,41.99581904808958,40.09672067463289,40.256717681884766,2564200,0.0,0.0
2008-01-31 00:00:00-05:00,38.976739120072104,41.056705529659816,38.976739120072104,40.51410675048828,3584000,0.0,0.0
2008-02-01 00:00:00-05:00,40.374969622205626,41.314083104681146,40.374969622205626,41.26538848876953,2354700,0.0,0.0
2008-02-04 00:00:00-05:00,41.27929987296189,41.710596161542554,41.04973727593283,41.44625473022461,1935400,0.0,0.0
2008-02-05 00:00:00-05:00,40.576714374165846,41.794085331232836,40.08280756908995,40.555843353271484,2446700,0.0,0.0
2008-02-06 00:00:00-05:00,41.73842607918432,41.94711767884871,40.70192066394187,41.04278564453125,3388800,0.0,0.0
2008-02-07 00:00:00-05:00,40.73670021381439,42.01667857535064,40.534963873641466,41.25843048095703,3217100,0.0,0.0
2008-02-08 00:00:00-05:00,41.007991129932435,41.0149463644607,39.76279451048364,39.86018371582031,2990200,0.0,0.0
2008-02-11 00:00:00-05:00,39.686270665514016,39.7210521428425,38.74715750936174,39.35932159423828,2735500,0.0,0.0
2008-02-12 00:00:00-05:00,39.3871746107864,39.971512888907334,38.65675242654989,39.261959075927734,3117000,0.0,0.0
2008-02-13 00:00:00-05:00,39.707158880895754,39.81150335809617,38.88630292269519,39.623680114746094,3205400,0.0,0.0
2008-02-14 00:00:00-05:00,39.554120892189,39.943677889976215,38.9419564838202,39.373252868652344,2245800,0.0,0.0
2008-02-15 00:00:00-05:00,39.38019694780638,40.30539714670498,39.01150844602616,40.2149658203125,2389800,0.0,0.0
2008-02-19 00:00:00-05:00,40.59757412052563,40.86887345161926,39.728023621555,39.97845458984375,1881300,0.0,0.0
2008-02-20 00:00:00-05:00,39.79064268105118,40.56975940670445,39.588906271033466,40.47237014770508,2276400,0.0,0.0
2008-02-21 00:00:00-05:00,40.69496504847186,40.69496504847186,39.512375789836014,39.59585189819336,1849300,0.0,0.0
2008-02-22 00:00:00-05:00,39.7419348736087,40.660179944921424,39.26194132247427,40.63930892944336,2123000,0.0,0.0
2008-02-25 00:00:00-05:00,40.56975843977615,40.694973956550506,39.66542621591779,40.58367156982422,2830500,0.0,0.0
2008-02-26 00:00:00-05:00,40.528004963851835,41.35581866522098,40.42366050524431,41.02191162109375,2486000,0.0,0.0
2008-02-27 00:00:00-05:00,41.04277080680722,42.10014420365869,40.59756151416591,41.933189392089844,2746100,0.0,0.0
2008-02-28 00:00:00-05:00,41.36278147544163,41.70364647142368,40.326278667050765,40.423667907714844,1752600,0.0,0.0
2008-02-29 00:00:00-05:00,40.034109139369704,40.04802226742466,39.05325616758652,39.12282180786133,2721900,0.0,0.0
2008-03-03 00:00:00-05:00,38.976742868056185,39.095003152686864,37.46720400498582,38.32284164428711,2644300,0.0,0.0
2008-03-04 00:00:00-05:00,37.94023322505777,38.25327197846409,37.328068846580706,37.717628479003906,4610200,0.0,0.0
2008-03-05 00:00:00-05:00,37.87762171978625,38.65673825374542,37.4184991448531,38.01675033569336,4135400,0.0,0.0
2008-03-06 00:00:00-05:00,37.828928857266185,38.07935984678572,37.26545913084722,37.83588409423828,3274700,0.0,0.0
2008-03-07 00:00:00-05:00,37.68980690071929,38.74718090255452,37.39068123851848,38.19762420654297,3040700,0.0,0.0
2008-03-10 00:00:00-04:00,38.0932808581966,38.5315352110869,37.5645951313649,37.6967658996582,1885200,0.0,0.0
2008-03-11 00:00:00-04:00,38.46892361821361,40.34019848040049,37.49502839651119,39.14369583129883,2839000,0.0,0.0
2008-03-12 00:00:00-04:00,39.310641234539084,39.3662937451055,37.87762358500488,37.891536712646484,2027200,0.0,0.0
2008-03-13 00:00:00-04:00,37.20981501453835,38.58022512402443,37.11242310629985,38.36457824707031,2393400,0.0,0.0
2008-03-14 00:00:00-04:00,38.364565413578944,38.517604482300804,36.79937466485254,37.328060150146484,4042100,0.0,0.0
2008-03-17 00:00:00-04:00,36.952426866954966,37.766327725465594,35.9785316471399,37.39763641357422,3278800,0.0,0.0
2008-03-18 00:00:00-04:00,38.42717854827531,39.50542068481445,37.97501120698906,39.50542068481445,3147000,0.0,0.0
2008-03-19 00:00:00-04:00,40.013252494961286,40.07586026271901,38.169803619384766,38.169803619384766,2412000,0.0,0.0
2008-03-20 00:00:00-04:00,38.53849554334043,40.53498359387173,38.260238204029484,40.444549560546875,3174600,0.0,0.0
2008-03-24 00:00:00-04:00,40.451493983057986,41.13322131832779,39.345425540792405,39.52629089355469,2394600,0.0,0.0
2008-03-25 00:00:00-04:00,39.456732681258345,39.456732681258345,38.77500526352937,39.01847839355469,2839000,0.0,0.0
2008-03-26 00:00:00-04:00,38.71238115568892,38.81672560148456,38.162824718731486,38.43412399291992,3212000,0.0,0.0
2008-03-27 00:00:00-04:00,38.97241118749594,38.97241118749594,38.46908950805664,38.46908950805664,3531500,0.27,0.0
2008-03-28 00:00:00-04:00,38.462086720547674,38.741707704326096,37.958765216382254,38.077606201171875,2241500,0.0,0.0
2008-03-31 00:00:00-04:00,38.16150521254899,38.76269439890166,37.86790001300225,38.49006271362305,1991000,0.0,0.0
2008-04-01 00:00:00-04:00,38.035661995071415,40.42643648206105,38.035661995071415,40.356529235839844,2310300,0.0,0.0
2008-04-02 00:00:00-04:00,40.52430826814398,40.74800614645518,39.944090062925596,40.062931060791016,2020200,0.0,0.0
2008-04-03 00:00:00-04:00,40.16079622666086,40.265653101042616,39.5805780549973,40.09088897705078,1737900,0.0,0.0
2008-04-04 00:00:00-04:00,40.0909053995837,40.28664311198351,39.63652009108734,39.8602180480957,1198800,0.0,0.0
2008-04-07 00:00:00-04:00,39.99302829236176,40.650143216949346,39.99302829236176,40.40547180175781,1624600,0.0,0.0
2008-04-08 00:00:00-04:00,40.20274726745189,40.27265453333379,39.62253162742448,39.76933288574219,1514800,0.0,0.0
2008-04-09 00:00:00-04:00,39.91612449826303,40.237692510233295,39.706408084674685,39.95806884765625,1922900,0.0,0.0
2008-04-10 00:00:00-04:00,40.17477929722345,40.35653282016373,39.44775987208431,39.69242858886719,1647400,0.0,0.0
2008-04-11 00:00:00-04:00,39.25203472331821,40.18177874649415,39.196108907376065,39.27999496459961,1500900,0.0,0.0
2008-04-14 00:00:00-04:00,39.217081521351744,39.81128134239634,39.01435709615492,39.54563903808594,2135200,0.0,0.0
2008-04-15 00:00:00-04:00,39.90914560841843,40.18177728449258,39.22407038819144,39.608551025390625,2962300,0.0,0.0
2008-04-16 00:00:00-04:00,39.81127390593342,40.68509465599039,39.80428184658695,40.489356994628906,2494000,0.0,0.0
2008-04-17 00:00:00-04:00,40.3355641400426,41.08355444766369,40.195752294376504,40.901798248291016,2248300,0.0,0.0
2008-04-18 00:00:00-04:00,41.94339680289953,41.957378255169886,41.104528333503666,41.37017059326172,2143800,0.0,0.0
2008-04-21 00:00:00-04:00,41.034630690049205,41.37716699528534,40.761998991317235,40.95074462890625,1411500,0.0,0.0
2008-04-22 00:00:00-04:00,40.755001675926096,41.097540603686944,40.68509707843505,40.894813537597656,1414300,0.0,0.0
2008-04-23 00:00:00-04:00,40.89482506152561,41.104541579785135,40.0559563217973,40.15382385253906,2511800,0.0,0.0
2008-04-24 00:00:00-04:00,40.53131075715969,41.49600983578327,40.06993340072057,41.26531982421875,1966000,0.0,0.0
2008-04-25 00:00:00-04:00,41.52396832089145,41.52396832089145,40.741022910559735,41.35619354248047,1344200,0.0,0.0
2008-04-28 00:00:00-04:00,41.20239461807818,41.46803687000521,41.07656421804376,41.167442321777344,2124200,0.0,0.0
2008-04-29 00:00:00-04:00,41.06957502963827,41.74066872203204,40.78995132446289,40.78995132446289,2230700,0.0,0.0
2008-04-30 00:00:00-04:00,41.06957420221957,43.075865846361395,41.06957420221957,42.146121978759766,3377400,0.0,0.0
2008-05-01 00:00:00-04:00,41.712715746361944,43.075876966836304,41.41911318606681,43.02694320678711,2466000,0.0,0.0
2008-05-02 00:00:00-04:00,43.355498957380505,43.50929229218244,42.38381052390971,42.99198913574219,1939800,0.0,0.0
2008-05-05 00:00:00-04:00,42.516627623470406,42.691391795769015,42.12515491751325,42.17409133911133,1499100,0.0,0.0
2008-05-06 00:00:00-04:00,41.915439702276295,43.04092143233347,41.69873382880249,42.93606185913086,1694700,0.0,0.0
2008-05-07 00:00:00-04:00,42.873152515078246,42.991990884666976,41.79660446105011,41.92942428588867,1981500,0.0,0.0
2008-05-08 00:00:00-04:00,42.83819306049433,42.83819306049433,41.94340135166614,42.17409133911133,1751900,0.0,0.0
2008-05-09 00:00:00-04:00,41.482022538542765,42.432740028026544,41.482022538542765,41.76164627075195,1226900,0.0,0.0
2008-05-12 00:00:00-04:00,42.02728831539889,42.44672393798828,41.66377850916397,42.44672393798828,1140300,0.0,0.0
2008-05-13 00:00:00-04:00,42.78925455521204,42.838188304687954,41.831547744011374,42.18107604980469,1666400,0.0,0.0
2008-05-14 00:00:00-04:00,42.530606240978,43.11781392740924,42.18107791969011,42.726341247558594,1444600,0.0,0.0
2008-05-15 00:00:00-04:00,42.509636604122925,43.11082309381821,42.20904202593051,43.082862854003906,1440700,0.0,0.0
2008-05-16 00:00:00-04:00,43.36948427390821,43.36948427390821,42.41177454314917,42.838199615478516,2014600,0.0,0.0
2008-05-19 00:00:00-04:00,43.01296380773585,43.24365383044422,42.49566327200383,42.915096282958984,1009100,0.0,0.0
2008-05-20 00:00:00-04:00,42.67741391814669,42.78926289112263,42.22302863210877,42.24399948120117,1610700,0.0,0.0
2008-05-21 00:00:00-04:00,42.076221077554635,42.432741481669346,41.23735518556865,41.35619354248047,1729900,0.0,0.0
2008-05-22 00:00:00-04:00,41.27929545831287,41.747664809672315,41.20239879863524,41.684749603271484,1754100,0.0,0.0
2008-05-23 00:00:00-04:00,41.628835022320374,41.69874230756654,41.01366424560547,41.01366424560547,1441600,0.0,0.0
2008-05-27 00:00:00-04:00,40.950745546821885,41.74766981226766,40.831904513073205,41.57989501953125,1797300,0.0,0.0
2008-05-28 00:00:00-04:00,41.62881956634047,41.78261287009126,40.77597233650516,41.167442321777344,1610900,0.0,0.0
2008-05-29 00:00:00-04:00,41.146466282946726,42.320881423881985,41.12549544115147,42.153106689453125,1780700,0.0,0.0
2008-05-30 00:00:00-04:00,42.118166694079314,42.488665896304774,41.74067543142145,41.99233627319336,1878700,0.0,0.0
2008-06-02 00:00:00-04:00,41.90846405599178,42.083228290865236,41.35620843378593,41.656803131103516,2025300,0.0,0.0
2008-06-03 00:00:00-04:00,41.76164139190662,42.40477216748799,41.65678183790611,42.146121978759766,2227800,0.0,0.0
2008-06-04 00:00:00-04:00,42.13912804644882,43.05489308838663,42.13912804644882,42.691383361816406,3115400,0.0,0.0
2008-06-05 00:00:00-04:00,42.97101345005938,43.83784220919302,42.901106184523115,43.809879302978516,3720300,0.0,0.0
2008-06-06 00:00:00-04:00,43.02692135871221,43.50927198668476,42.65642231598778,42.796234130859375,4238200,0.0,0.0
2008-06-09 00:00:00-04:00,42.838191056569094,43.432390814602115,42.285938324623416,42.56555938720703,2002400,0.0,0.0
2008-06-10 00:00:00-04:00,42.313894452449034,43.08984769242555,42.104178009217634,42.5096321105957,1913200,0.0,0.0
2008-06-11 00:00:00-04:00,42.30691557336383,42.348859939109175,41.23735958041177,41.26531982421875,2248400,0.0,0.0
2008-06-12 00:00:00-04:00,41.66376861652912,42.39078805637565,41.579882578605,42.11815643310547,1904400,0.0,0.0
2008-06-13 00:00:00-04:00,42.31390819631084,42.57955053292076,41.503002396855926,42.45372009277344,1777300,0.0,0.0
2008-06-16 00:00:00-04:00,42.48168155619097,42.880143714167716,41.726698941062374,41.964378356933594,2559100,0.0,0.0
2008-06-17 00:00:00-04:00,42.40479697025751,42.40479697025751,41.23038101196289,41.23038101196289,1649700,0.0,0.0
2008-06-18 00:00:00-04:00,40.99966723342475,41.61483507004526,40.7200435500961,40.92975997924805,2294600,0.0,0.0
2008-06-19 00:00:00-04:00,40.789955426725605,41.03462686003309,40.195758326830884,40.873844146728516,1847800,0.0,0.0
2008-06-20 00:00:00-04:00,40.76200253451451,40.76899192909655,39.85322657082707,39.923133850097656,2983000,0.0,0.0
2008-06-23 00:00:00-04:00,40.06294606377075,40.195765895416756,39.34291574829492,39.468746185302734,1936200,0.0,0.0
2008-06-24 00:00:00-04:00,39.41280975806886,40.62217729173262,39.41280975806886,40.167789459228516,3151600,0.0,0.0
2008-06-25 00:00:00-04:00,40.30062781534192,40.76899461723185,40.00003316138352,40.15382385253906,2397100,0.0,0.0
2008-06-26 00:00:00-04:00,39.64091521262006,40.04842680698693,39.05775530370717,39.16314697265625,2102400,0.29,0.0
2008-06-27 00:00:00-04:00,39.212324060198355,39.647937721474435,38.7134732614013,38.81184005737305,2182400,0.0,0.0
2008-06-30 00:00:00-04:00,38.7977868555783,39.18421845098735,38.50269183420812,38.70644760131836,2192300,0.0,0.0
2008-07-01 00:00:00-04:00,38.46756772815906,39.064780036325,38.10924087930379,38.76968765258789,2834500,0.0,0.0
2008-07-02 00:00:00-04:00,38.853997414734756,39.2755613876138,38.31299205835051,38.36920166015625,2256300,0.0,0.0
2008-07-03 00:00:00-04:00,38.64321457006979,38.825890405103706,38.15841884307036,38.523773193359375,1148100,0.0,0.0
2008-07-07 00:00:00-04:00,38.60809483620849,39.03668375500031,37.68768252404536,37.94062042236328,3988700,0.0,0.0
2008-07-08 00:00:00-04:00,38.882088234395376,39.45119818704162,37.91249439366411,39.09286880493164,4277500,0.0,0.0
2008-07-09 00:00:00-04:00,37.757935925779144,38.643215687690706,37.37852916486508,37.55418014526367,5750700,0.0,0.0
2008-07-10 00:00:00-04:00,37.71578351190378,38.13031998545983,36.89373542560176,37.1396484375,4785700,0.0,0.0
2008-07-11 00:00:00-04:00,35.362042644788644,35.39014475354614,34.31516203724138,34.63835906982422,14045000,0.0,0.0
2008-07-14 00:00:00-04:00,35.11614642191479,35.362059421809164,34.45569964892079,34.58216857910156,7790900,0.0,0.0
2008-07-15 00:00:00-04:00,34.78593986990202,34.78593986990202,31.827976226806644,31.82797622680664,27842000,0.0,0.0
2008-07-16 00:00:00-04:00,32.24952408486082,33.345584589560985,31.567997359599765,33.04346466064453,20704200,0.0,0.0
2008-07-17 00:00:00-04:00,33.94980728817327,35.502560671839426,33.67579230049338,34.42757797241211,74437100,0.0,0.0
2008-07-18 00:00:00-04:00,34.8842703431953,35.12315567804109,33.93575386062227,34.44865417480469,9503100,0.0,0.0
2008-07-21 00:00:00-04:00,33.570416555691175,34.891312759002076,33.34558350153886,33.549339294433594,7248600,0.0,0.0
2008-07-22 00:00:00-04:00,33.40882027115006,33.809304344011004,32.48138318871192,33.78822708129883,10793100,0.0,0.0
2008-07-23 00:00:00-04:00,34.076285683553,35.123166567355234,33.8725299300272,34.884281158447266,12777400,0.0,0.0
2008-07-24 00:00:00-04:00,34.399484426152156,34.99669931673973,33.92171358577051,34.03413009643555,8610800,0.0,0.0
2008-07-25 00:00:00-04:00,34.46271690766595,34.4767693057221,33.373681520412454,33.65472412109375,6825900,0.0,0.0
2008-07-28 00:00:00-04:00,33.84442804921138,34.188705134145,33.359632330643926,33.47907638549805,4199900,0.0,0.0
2008-07-29 00:00:00-04:00,33.3244968151414,34.027100580705884,33.19802792292214,33.98494338989258,6887700,0.0,0.0
2008-07-30 00:00:00-04:00,35.4182635752876,35.593914555661016,34.378410093103504,35.34097671508789,9250600,0.0,0.0
2008-07-31 00:00:00-04:00,34.95455017760162,36.071690682446395,34.76484676958402,35.62202453613281,5470000,0.0,0.0
2008-08-01 00:00:00-04:00,35.86092218292103,36.27545880479302,35.31288903589985,36.09980773925781,4533700,0.0,0.0
2008-08-04 00:00:00-04:00,35.50257981386766,37.03425677208025,35.50257981386766,36.7110595703125,3880300,0.0,0.0
2008-08-05 00:00:00-04:00,36.84453723732492,37.77900144924895,36.84453723732492,37.68063735961914,4866500,0.0,0.0
2008-08-06 00:00:00-04:00,37.54010926911491,37.76494219895154,37.097468265902826,37.23096466064453,2770900,0.0,0.0
2008-08-07 00:00:00-04:00,37.02722600994238,37.35744801989165,36.535402744643335,36.774288177490234,4236600,0.0,0.0
2008-08-08 00:00:00-04:00,36.5283826641065,38.10221410270874,36.5283826641065,38.01790237426758,3074500,0.0,0.0
2008-08-11 00:00:00-04:00,38.151403155565205,38.86805967913368,37.68768454387054,38.2497673034668,3743000,0.0,0.0
2008-08-12 00:00:00-04:00,38.39028011366497,38.50269664054835,37.483920358043136,37.82819747924805,3475700,0.0,0.0
2008-08-13 00:00:00-04:00,37.48391005214982,37.7298229797477,37.027219209846336,37.28718185424805,2184300,0.0,0.0
2008-08-14 00:00:00-04:00,37.23800557395971,37.378526885754724,36.598636151502454,36.79536437988281,3541800,0.0,0.0
2008-08-15 00:00:00-04:00,36.704026354396085,38.20057062722044,36.47216579706722,36.626739501953125,2244100,0.0,0.0
2008-08-18 00:00:00-04:00,36.802385745135304,36.802385745135304,36.03654753857188,36.113834381103516,1519200,0.0,0.0
2008-08-19 00:00:00-04:00,35.71336254722846,36.127896333527715,34.71566347516926,34.9334716796875,3631100,0.0,0.0
2008-08-20 00:00:00-04:00,34.93345706366083,35.10208045190548,34.36434709783915,35.05289840698242,2124500,0.0,0.0
2008-08-21 00:00:00-04:00,34.58919831923532,35.87496506405539,34.58919831923532,35.6782341003418,3124800,0.0,0.0
2008-08-22 00:00:00-04:00,35.75552613931996,36.465157859026824,35.600952362706145,36.296531677246094,2421200,0.0,0.0
2008-08-25 00:00:00-04:00,36.05763692866999,36.26139273114949,35.671205266181595,35.769569396972656,1506200,0.0,0.0
2008-08-26 00:00:00-04:00,35.55877348327134,36.0716738597231,34.891299436029584,35.30583572387695,2287400,0.0,0.0
2008-08-27 00:00:00-04:00,35.102089671248855,36.07870864868164,35.102089671248855,36.07870864868164,1337600,0.0,0.0
2008-08-28 00:00:00-04:00,36.28949162865109,36.74618254446355,35.97331934526024,36.72510528564453,1754600,0.0,0.0
2008-08-29 00:00:00-04:00,36.345708367326985,37.1607289846336,36.20518701671099,36.9640007019043,2410300,0.0,0.0
2008-09-02 00:00:00-04:00,37.23800568617378,37.2450305456852,36.4651424893039,36.76023483276367,1841200,0.0,0.0
2008-09-03 00:00:00-04:00,36.865636898523746,37.00615557020619,36.22626729356993,36.78132247924805,2315100,0.0,0.0
2008-09-04 00:00:00-04:00,36.254355625032034,36.619709928877576,36.01547022175691,36.226253509521484,2975800,0.0,0.0
2008-09-05 00:00:00-04:00,36.14898428754906,36.75322428929606,35.89604636307617,36.74619674682617,3118400,0.0,0.0
2008-09-08 00:00:00-04:00,37.87035013818353,37.87035013818353,36.85859883740276,37.74388122558594,3989000,0.0,0.0
2008-09-09 00:00:00-04:00,37.10450973695513,37.84224323254661,36.38785349888255,36.451087951660156,2741500,0.0,0.0
2008-09-10 00:00:00-04:00,36.50026549117337,36.95695632232559,35.64308805515326,36.25435256958008,2244600,0.0,0.0
2008-09-11 00:00:00-04:00,36.10681008822538,36.4932416553994,35.27071250250552,36.34569549560547,2415900,0.0,0.0
2008-09-12 00:00:00-04:00,35.88899562850152,37.659554462974086,35.88899562850152,36.61970138549805,3410800,0.0,0.0
2008-09-15 00:00:00-04:00,36.70401784512146,38.71346214167391,35.86791774095326,37.07639694213867,4903700,0.0,0.0
2008-09-16 00:00:00-04:00,38.03194818173471,40.78615406187537,37.08343135039465,40.22407150268555,9184800,0.0,0.0
2008-09-17 00:00:00-04:00,41.45361885064602,43.863549788075794,38.99450586798058,39.03666305541992,8971300,0.0,0.0
2008-09-18 00:00:00-04:00,39.78845789837211,42.85181119962295,39.72522344287946,41.523887634277344,9103000,0.0,0.0
2008-09-19 00:00:00-04:00,42.6480671376531,47.77707625880386,41.91735826926522,46.37186813354492,6028900,0.0,0.0
2008-09-22 00:00:00-04:00,45.35307787220068,45.66924744107764,40.28027752953647,42.00868225097656,2627900,0.0,0.0
2008-09-23 00:00:00-04:00,42.156250540134124,42.40216092952935,39.35988624259856,39.69713592529297,3349600,0.0,0.0
2008-09-24 00:00:00-04:00,40.80020242861086,40.80020242861086,38.73454822265335,39.387969970703125,2025700,0.0,0.0
2008-09-25 00:00:00-04:00,40.34352266216301,42.22650170246779,38.067087075074475,42.15624237060547,3517600,0.0,0.0
2008-09-26 00:00:00-04:00,41.36227322988744,42.156216049277106,39.71818069675683,40.259185791015625,2936200,0.0,0.0
2008-09-29 00:00:00-04:00,39.978158770521716,40.399719994023165,37.23800277709961,37.23800277709961,2978600,0.0,0.0
2008-09-30 00:00:00-04:00,38.09517872382926,39.34581262458285,37.15368952881791,38.031944274902344,2571400,0.0,0.0
2008-10-01 00:00:00-04:00,38.22165650788715,39.240430106024505,37.14667062620476,37.91953659057617,2003000,0.0,0.0
2008-10-02 00:00:00-04:00,37.87036108626246,38.270845198525215,37.350432886362086,37.94062042236328,2584800,0.0,0.0
2008-10-03 00:00:00-04:00,38.369198700238755,39.34581767439277,36.978043325520694,37.062355041503906,3159600,0.0,0.0
2008-10-06 00:00:00-04:00,36.008445131623795,37.57525130060259,35.045878665884175,36.81644058227539,3710700,0.0,0.0
2008-10-07 00:00:00-04:00,37.476889971686624,38.46756130633968,35.48149490356445,35.48149490356445,3714000,0.0,0.0
2008-10-08 00:00:00-04:00,33.64067727821888,36.184102781526335,31.96847915649414,31.96847915649414,6780900,0.0,0.0
2008-10-09 00:00:00-04:00,33.798681060087354,34.22266509284964,27.029050827026367,27.029050827026367,8530900,0.26,0.0
2008-10-10 00:00:00-04:00,26.1386787648662,29.686017875429286,24.66179744212708,28.795650482177734,8209500,0.0,0.0
2008-10-13 00:00:00-04:00,31.46676185665673,33.07083923768196,29.6789587740575,32.39246368408203,3454400,0.0,0.0
2008-10-14 00:00:00-04:00,32.22993656823312,34.8021125793457,32.22993656823312,34.8021125793457,5313300,0.0,0.0
2008-10-15 00:00:00-04:00,32.837641199756135,33.473617122804264,31.247697348699496,31.39609146118164,2928500,0.0,0.0
2008-10-16 00:00:00-04:00,31.438484974895257,31.7211399885736,28.336326184769526,31.50208282470703,4314500,0.0,0.0
2008-10-17 00:00:00-04:00,32.9153938293457,34.48413762596127,29.99696088969733,32.9153938293457,4037500,0.0,0.0
2008-10-20 00:00:00-04:00,33.1556442284927,35.23317361430335,32.851790622052405,34.893985748291016,2292000,0.0,0.0
2008-10-21 00:00:00-04:00,34.4841184586672,35.275556500562985,33.452422102814275,33.749210357666016,2748900,0.0,0.0
2008-10-22 00:00:00-04:00,33.876421891047414,33.876421891047414,31.381976097389856,32.010887145996094,3998900,0.0,0.0
2008-10-23 00:00:00-04:00,32.152206785971806,33.8340152803207,31.34663544285404,33.58668899536133,4058900,0.0,0.0
2008-10-24 00:00:00-04:00,31.26182868799038,34.50531406330615,29.594153914364103,34.2791862487793,3758800,0.0,0.0
2008-10-27 00:00:00-04:00,34.47706733861232,35.65009307026586,31.25477851998093,31.339574813842773,4659100,0.0,0.0
2008-10-28 00:00:00-04:00,32.837653204203775,34.96464434755041,30.61879784999411,34.88691329956055,4370100,0.0,0.0
2008-10-29 00:00:00-04:00,36.03167465609069,41.01349992523415,33.21217205512325,39.95353698730469,11574600,0.0,0.0
2008-10-30 00:00:00-04:00,41.253763531102905,41.946272414904335,37.621623834442644,39.395294189453125,9137200,0.0,0.0
2008-10-31 00:00:00-04:00,39.21862744054832,41.16895799746272,38.992502236721286,40.532981872558594,4620700,0.0,0.0
2008-11-03 00:00:00-05:00,41.38801205285306,41.55760727929739,38.29998798923359,39.027828216552734,3753200,0.0,0.0
2008-11-04 00:00:00-05:00,38.98542978584625,39.98886262011126,37.62867872025524,39.105560302734375,3654000,0.0,0.0
2008-11-05 00:00:00-05:00,38.709846816833654,39.7910108796787,36.86551081701733,37.006839752197266,3600400,0.0,0.0
2008-11-06 00:00:00-05:00,37.063367389621376,38.65331163010978,35.734879891682766,36.201263427734375,2530300,0.0,0.0
2008-11-07 00:00:00-05:00,36.03873482068423,38.15159516585415,35.70661228424663,37.734676361083984,3720600,0.0,0.0
2008-11-10 00:00:00-05:00,37.840665051037995,37.960795549874284,36.144726473895496,36.54751205444336,2243400,0.0,0.0
2008-11-11 00:00:00-05:00,35.826738984754506,37.261220943547734,34.97876830490465,36.42738342285156,2330500,0.0,0.0
2008-11-12 00:00:00-05:00,35.80554224510758,36.038735356017014,34.9363730688198,35.07063674926758,3975500,0.0,0.0
2008-11-13 00:00:00-05:00,35.183693757768815,38.52610894773381,34.13079635287263,38.264652252197266,4104000,0.0,0.0
2008-11-14 00:00:00-05:00,37.2753408453673,38.681558681342715,37.01388423307486,37.24000930786133,3316300,0.0,0.0
2008-11-17 00:00:00-05:00,36.82311650715422,37.34603009827818,35.551161395990725,36.187137603759766,2950200,0.0,0.0
2008-11-18 00:00:00-05:00,36.69591063844571,36.69591063844571,34.10960163501647,35.6218147277832,4193000,0.0,0.0
2008-11-19 00:00:00-05:00,33.8693492802476,33.883482442889985,28.329276218814307,28.583667755126953,16743400,0.0,0.0
2008-11-20 00:00:00-05:00,28.470600899642232,31.155839401476097,26.499069483146215,26.831192016601562,7577000,0.0,0.0
2008-11-21 00:00:00-05:00,28.322220644075756,32.646870149357156,27.52371420402855,32.39954376220703,6370600,0.0,0.0
2008-11-24 00:00:00-05:00,32.47018887548295,33.3676242193534,30.85904385623649,32.92950439453125,3792000,0.0,0.0
2008-11-25 00:00:00-05:00,33.56548722257319,34.49825423079262,32.04620619635422,34.27212905883789,3362200,0.0,0.0
2008-11-26 00:00:00-05:00,33.035503427848276,35.593545933154935,33.00723710951628,35.07769775390625,3279400,0.0,0.0
2008-11-28 00:00:00-05:00,34.455857631139644,37.020968466031285,34.36399612559421,36.92203903198242,1612500,0.0,0.0
2008-12-01 00:00:00-05:00,35.61476548254723,35.756091756222304,31.092254638671875,31.2689151763916,4537800,0.0,0.0
2008-12-02 00:00:00-05:00,31.791819371251126,33.07083944901119,31.19824008415189,32.109806060791016,3623600,0.0,0.0
2008-12-03 00:00:00-05:00,30.887334070964812,33.38178320562063,30.095895455251423,33.1697883605957,4241500,0.0,0.0
2008-12-04 00:00:00-05:00,32.5055299819102,34.60425745421183,32.18047532904113,33.459495544433594,4089300,0.0,0.0
2008-12-05 00:00:00-05:00,32.95776477295097,36.858426844441794,32.42778355718794,36.62523651123047,3920400,0.0,0.0
2008-12-08 00:00:00-05:00,36.780705086816894,37.09869443538798,34.03186892090426,34.76677703857422,4022900,0.0,0.0
2008-12-09 00:00:00-05:00,34.872770900050206,35.19076024140884,33.424155784554735,33.749210357666016,2955800,0.0,0.0
2008-12-10 00:00:00-05:00,33.74920457580465,35.261419996125916,33.014299296330776,33.890533447265625,2769500,0.0,0.0
2008-12-11 00:00:00-05:00,33.296957239316534,34.80210486436753,33.28282408137894,33.45241928100586,2643900,0.0,0.0
2008-12-12 00:00:00-05:00,32.20167989490248,33.9894835238471,32.152215164146156,33.28990936279297,2433500,0.0,0.0
2008-12-15 00:00:00-05:00,33.24750635501351,34.328670473863035,32.434869652978335,34.03187942504883,2229700,0.0,0.0
2008-12-16 00:00:00-05:00,34.13788274075325,36.38500496074285,33.88349113915052,36.36380386352539,2471900,0.0,0.0
2008-12-17 00:00:00-05:00,36.10939754295396,36.66058002029461,35.33209258434819,36.038734436035156,2257900,0.0,0.0
2008-12-18 00:00:00-05:00,37.452023805303625,37.63574952846212,36.16593565631868,36.57578659057617,2941900,0.0,0.0
2008-12-19 00:00:00-05:00,36.90790859890821,37.44495798862314,36.09527197656011,36.78778076171875,2062900,0.0,0.0
2008-12-22 00:00:00-05:00,37.275362440215766,37.275362440215766,36.286062643173274,36.77364730834961,2105300,0.0,0.0
2008-12-23 00:00:00-05:00,37.134034044509924,37.74174655462871,36.39206053391437,36.505123138427734,1589900,0.0,0.0
2008-12-24 00:00:00-05:00,36.794837473973985,36.81603586489227,35.862070534826486,36.42738342285156,412900,0.0,0.0
2008-12-26 00:00:00-05:00,36.56871115319948,36.886700484960876,36.24365658989868,36.688838958740234,625600,0.0,0.0
2008-12-29 00:00:00-05:00,36.547516204404275,37.11282912764291,36.420320459722504,36.9361686706543,1260700,0.0,0.0
2008-12-30 00:00:00-05:00,37.25416217417298,37.275360568768505,36.39205818562233,36.9503059387207,1867000,0.0,0.0
2008-12-31 00:00:00-05:00,37.02096561126146,37.55801491986353,36.51218262324365,37.395484924316406,888400,0.0,0.0
2009-01-02 00:00:00-05:00,37.593351355468805,37.593351355468805,36.618184733653294,37.47322082519531,873700,0.0,0.0
2009-01-05 00:00:00-05:00,37.37430027840309,37.72055609385549,36.75952240550875,37.21177291870117,1502600,0.0,0.0
2009-01-06 00:00:00-05:00,36.316807660095016,37.58111182501788,36.153442728297364,36.47306823730469,3018600,0.27,0.0
2009-01-07 00:00:00-05:00,36.004275635592194,36.352315800740776,34.910440922661586,34.981468200683594,1898200,0.0,0.0
2009-01-08 00:00:00-05:00,35.10221455457757,35.56389998289759,34.80389674022945,35.15903854370117,1759800,0.0,0.0
2009-01-09 00:00:00-05:00,34.29248743199383,36.20315183229024,34.29248743199383,35.336605072021484,2338600,0.0,0.0
2009-01-12 00:00:00-05:00,35.159038565376434,35.49997437177745,33.24837663694672,33.525386810302734,2409000,0.0,0.0
2009-01-13 00:00:00-05:00,33.134741793846956,35.0667119713386,32.829319529811855,34.90334701538086,2463900,0.0,0.0
2009-01-14 00:00:00-05:00,34.363529765889716,34.61923235820957,33.80240493380088,33.85922622680664,2948200,0.0,0.0
2009-01-15 00:00:00-05:00,33.724274596000036,34.91044995436598,32.85772749045831,34.583717346191406,3336900,0.0,0.0
2009-01-16 00:00:00-05:00,35.663342473875495,36.04689630653457,34.34931876621263,35.3508186340332,3275200,0.0,0.0
2009-01-20 00:00:00-05:00,34.65473737887655,35.613619151876506,32.701457485381376,32.86482238769531,3325800,0.0,0.0
2009-01-21 00:00:00-05:00,33.39753937485984,34.185954703005876,32.673049687090966,33.916046142578125,3680000,0.0,0.0
2009-01-22 00:00:00-05:00,32.77960256124494,33.383342783089354,31.70707237152199,31.927261352539062,4100400,0.0,0.0
2009-01-23 00:00:00-05:00,31.60763192278285,32.062213161857315,30.72687873993765,31.34482765197754,3808400,0.0,0.0
2009-01-26 00:00:00-05:00,30.812099982250594,32.26107630974262,30.812099982250594,31.89173126220703,2471800,0.0,0.0
2009-01-27 00:00:00-05:00,32.21136710466157,32.31080910604514,30.826315954359053,32.2326774597168,2361800,0.0,0.0
2009-01-28 00:00:00-05:00,33.553805189259066,34.87493067436841,33.085018027570605,34.67605209350586,3606400,0.0,0.0
2009-01-29 00:00:00-05:00,33.6816523318445,33.6816523318445,31.934355050122427,32.04800033569336,2434900,0.0,0.0
2009-01-30 00:00:00-05:00,32.02669026916153,32.069308264096385,30.506683673540977,31.010984420776367,3733700,0.0,0.0
2009-02-02 00:00:00-05:00,30.400130404316677,31.216957436444513,30.187045916223063,30.648731231689453,2386100,0.0,0.0
2009-02-03 00:00:00-05:00,30.741071470477483,31.44425338387898,30.094713542186575,30.378828048706055,3235700,0.0,0.0
2009-02-04 00:00:00-05:00,30.691354409050028,32.06220200522622,30.485371510045592,30.996776580810547,5026200,0.0,0.0
2009-02-05 00:00:00-05:00,31.280893741334932,31.685755219893696,30.563505711245053,31.536596298217773,2781700,0.0,0.0
2009-02-06 00:00:00-05:00,31.884634916341664,32.232675122149985,30.897341005103648,31.58631706237793,3835400,0.0,0.0
2009-02-09 00:00:00-05:00,31.437158036043748,32.296603445167705,31.29510345160972,32.16164779663086,1907700,0.0,0.0
2009-02-10 00:00:00-05:00,31.56500932616056,31.778096621823092,29.547803338920573,29.881637573242188,2621000,0.0,0.0
2009-02-11 00:00:00-05:00,30.364614212737848,31.13882319812163,30.03078016019595,31.117515563964844,2145100,0.0,0.0
2009-02-12 00:00:00-05:00,30.20126206713714,31.877531967054722,30.20126206713714,31.799400329589844,2312100,0.0,0.0
2009-02-13 00:00:00-05:00,31.401630360274677,31.650231190999065,30.05209344447663,30.066299438476562,2886300,0.0,0.0
2009-02-17 00:00:00-05:00,29.121629220993967,29.64013595271352,28.667048125213377,28.8801326751709,3401900,0.0,0.0
2009-02-18 00:00:00-05:00,29.192645826397975,29.70405072690655,27.89282865029343,28.55339241027832,3062300,0.0,0.0
2009-02-19 00:00:00-05:00,29.06480820983237,29.256585137315803,28.482375782445942,28.944061279296875,4782200,0.0,0.0
2009-02-20 00:00:00-05:00,28.41134718384196,28.695461739487264,27.17545238915726,27.970972061157227,4160200,0.0,0.0
2009-02-23 00:00:00-05:00,28.155650165393016,28.34742712175884,25.740686805323797,25.82592010498047,3560700,0.0,0.0
2009-02-24 00:00:00-05:00,26.37994275687907,27.59452753620131,26.173959782275517,27.566118240356445,4031900,0.0,0.0
2009-02-25 00:00:00-05:00,27.225161610428383,28.226661007315258,26.607213156326768,27.367216110229492,3016700,0.0,0.0
2009-02-26 00:00:00-05:00,27.530592530649127,28.31900779988776,27.05470379524464,27.3530216217041,3534000,0.0,0.0
2009-02-27 00:00:00-05:00,26.52908953923653,26.827410039528683,25.570207829439248,25.932451248168945,3457900,0.0,0.0
2009-03-02 00:00:00-05:00,25.144053333238702,27.203875196887928,24.902556677829534,25.45657730102539,4576000,0.0,0.0
2009-03-03 00:00:00-05:00,25.56310929003117,25.733575845596384,23.730576205844297,24.1141300201416,4214500,0.0,0.0
2009-03-04 00:00:00-05:00,24.327214155155303,25.399741236669563,23.574312537263065,24.838619232177734,4241400,0.0,0.0
2009-03-05 00:00:00-05:00,24.12123126110004,24.511886713050032,22.246082924126465,22.63673973083496,4936800,0.0,0.0
2009-03-06 00:00:00-05:00,22.77879867005126,23.19076452797386,21.961972663490226,23.08422088623047,3923100,0.0,0.0
2009-03-09 00:00:00-04:00,22.487583355194275,23.560110622576964,22.22477912707702,22.615434646606445,4272400,0.0,0.0
2009-03-10 00:00:00-04:00,22.622542596950073,24.433767363692322,22.622542596950073,24.26329803466797,5065400,0.0,0.0
2009-03-11 00:00:00-04:00,24.717874481740374,25.48498224855981,23.361232598880854,23.950769424438477,4507400,0.0,0.0
2009-03-12 00:00:00-04:00,23.794504592754524,25.15114638802043,23.29730544742036,25.00198745727539,4625900,0.0,0.0
2009-03-13 00:00:00-04:00,25.385538712302985,26.12423164526139,24.82441398141197,26.00348472595215,3909300,0.0,0.0
2009-03-16 00:00:00-04:00,26.57881434945946,27.260688750328768,25.761989732584777,25.9040470123291,3853700,0.0,0.0
2009-03-17 00:00:00-04:00,25.733574701622455,27.509283715337915,25.449462885138136,27.48797607421875,2881300,0.0,0.0
2009-03-18 00:00:00-04:00,26.983685605979186,28.517898667742955,26.40835469174854,28.333223342895508,6889400,0.0,0.0
2009-03-19 00:00:00-04:00,28.908541923355447,28.94405556005338,26.656941591084767,26.706661224365234,4725400,0.0,0.0
2009-03-20 00:00:00-04:00,26.76348281836906,27.97806696768034,26.521986317086416,27.473766326904297,3434300,0.0,0.0
2009-03-23 00:00:00-04:00,28.475274253383372,28.752284468814228,27.40274703551977,28.695463180541992,3266600,0.0,0.0
2009-03-24 00:00:00-04:00,27.921255801392345,28.816212153868,27.168354034423828,27.168354034423828,2861500,0.0,0.0
2009-03-25 00:00:00-04:00,27.495084109350156,28.16985423331651,26.294705512475208,27.296205520629883,3458900,0.0,0.0
2009-03-26 00:00:00-04:00,27.8431138689268,28.567603367373987,27.040492751600524,28.418441772460938,4499200,0.0,0.0
2009-03-27 00:00:00-04:00,27.625070745660512,29.11889738975581,27.603626405455596,28.697195053100586,3417200,0.25,0.0
2009-03-30 00:00:00-04:00,27.532143289832746,27.839485706138074,26.695885193253634,26.803098678588867,3150200,0.0,0.0
2009-03-31 00:00:00-04:00,26.91747523468077,28.961659937607692,26.91747523468077,28.875890731811523,3960200,0.0,0.0
2009-04-01 00:00:00-04:00,28.69006197358208,29.269010402873757,27.860952157497184,29.17609214782715,2865200,0.0,0.0
2009-04-02 00:00:00-04:00,29.633528817450514,30.384015632135174,29.547759596886245,30.06952667236328,3692000,0.0,0.0
2009-04-03 00:00:00-04:00,30.126716556632946,31.3560848236084,29.926584682872413,31.3560848236084,3650100,0.0,0.0
2009-04-06 00:00:00-04:00,30.44118882849728,31.348921244758206,30.36971495147507,31.205970764160156,2455000,0.0,0.0
2009-04-07 00:00:00-04:00,30.627033454528434,31.413260014607413,30.462641297575324,30.66277313232422,2076600,0.0,0.0
2009-04-08 00:00:00-04:00,31.02013980909516,32.085115394909906,30.784271086130488,31.398956298828125,4249400,0.0,0.0
2009-04-09 00:00:00-04:00,32.48536677385263,32.76411865507678,31.220259775059677,32.542545318603516,4675700,0.0,0.0
2009-04-13 00:00:00-04:00,32.263803691445055,34.05782711376301,31.87783816713514,33.957759857177734,3942500,0.0,0.0
2009-04-14 00:00:00-04:00,33.671865075172235,33.67901137381971,31.834958222143243,32.042236328125,4202900,0.0,0.0
2009-04-15 00:00:00-04:00,31.627666660996734,32.871332041248095,31.534748458783806,32.699790954589844,2717200,0.0,0.0
2009-04-16 00:00:00-04:00,32.77128219129681,33.586099376725564,31.620537129718446,33.17154312133789,2835000,0.0,0.0
2009-04-17 00:00:00-04:00,32.95710136835933,33.27159018099083,32.23520281391571,32.84988784790039,2655700,0.0,0.0
2009-04-20 00:00:00-04:00,32.085121532638645,32.41390582158678,31.105914964878163,31.184537887573242,3018500,0.0,0.0
2009-04-21 00:00:00-04:00,31.113070131767522,33.20728808576368,30.955826968114536,33.10722351074219,2951100,0.0,0.0
2009-04-22 00:00:00-04:00,32.44963458022208,32.73553279882392,30.870035811741488,31.048723220825195,3262600,0.0,0.0
2009-04-23 00:00:00-04:00,31.127343841452284,31.777765853904604,31.012984017061324,31.441835403442383,3939500,0.0,0.0
2009-04-24 00:00:00-04:00,31.734881243236902,31.999337814407145,30.75567239252665,31.4489803314209,3392200,0.0,0.0
2009-04-27 00:00:00-04:00,31.034440826564172,32.51397569842354,31.034440826564172,32.1208610534668,2831700,0.0,0.0
2009-04-28 00:00:00-04:00,31.58478852742365,33.10720616467933,31.47757770745304,32.27095031738281,2378600,0.0,0.0
2009-04-29 00:00:00-04:00,33.06432798379225,34.272257016294084,32.27810421272305,33.7361946105957,5379200,0.0,0.0
2009-04-30 00:00:00-04:00,34.42236376792863,34.736852821789775,32.978568278127355,33.10722351074219,4615700,0.0,0.0
2009-05-01 00:00:00-04:00,33.10004748857702,33.457422207935885,32.521099461656675,32.76411437988281,2072000,0.0,0.0
2009-05-04 00:00:00-04:00,33.07146158872648,33.70758824395779,32.43533493349517,33.65040969848633,2959900,0.0,0.0
2009-05-05 00:00:00-04:00,33.34306810819169,33.450278906399866,32.14943492362427,32.28523635864258,2673200,0.0,0.0
2009-05-06 00:00:00-04:00,32.32098652216672,32.89993210968498,31.284598776678532,32.1708869934082,4992100,0.0,0.0
2009-05-07 00:00:00-04:00,32.57113595191443,32.62831722321429,30.92721257378662,31.255996704101562,4211300,0.0,0.0
2009-05-08 00:00:00-04:00,31.26316091549952,31.927875794717117,29.80507050757676,31.105915069580078,5991200,0.0,0.0
2009-05-11 00:00:00-04:00,30.4197585709663,31.406111529683912,30.055234572982034,30.29110336303711,3704000,0.0,0.0
2009-05-12 00:00:00-04:00,30.005210624857106,31.1488124876429,29.998064323123657,30.634191513061523,2374200,0.0,0.0
2009-05-13 00:00:00-04:00,30.269643055323012,31.091606147546095,29.990891160593527,30.169578552246094,2774300,0.0,0.0
2009-05-14 00:00:00-04:00,29.955171345356256,31.727750956298,29.847957758476582,31.420408248901367,2833500,0.0,0.0
2009-05-15 00:00:00-04:00,31.184542789642997,31.499031803305154,30.49838072788628,30.820018768310547,2180800,0.0,0.0
2009-05-18 00:00:00-04:00,31.16307569956834,32.61401897298401,30.69134115997162,32.44962692260742,2496000,0.0,0.0
2009-05-19 00:00:00-04:00,31.899286073154517,32.1208567782161,31.16309188503957,31.19883155822754,3004200,0.0,0.0
2009-05-20 00:00:00-04:00,31.849245922770834,31.89927818099046,30.233910159654464,30.491220474243164,3423800,0.0,0.0
2009-05-21 00:00:00-04:00,30.048075388289213,31.4132470856443,29.82650201930098,31.298887252807617,2744500,0.0,0.0
2009-05-22 00:00:00-04:00,31.241699634125723,31.820647704078368,30.9343571345086,31.406091690063477,1477000,0.0,0.0
2009-05-26 00:00:00-04:00,31.191685077930234,32.149450049251804,30.741391879253626,32.135154724121094,2223700,0.0,0.0
2009-05-27 00:00:00-04:00,32.16372385190402,32.49250793023973,30.841438517502358,30.912912368774414,2338200,0.0,0.0
2009-05-28 00:00:00-04:00,31.527609812817712,31.527609812817712,30.82000640767491,31.413249969482422,1830200,0.0,0.0
2009-05-29 00:00:00-04:00,31.806356491640663,31.806356491640663,31.012984017061324,31.441835403442383,2565200,0.0,0.0
2009-06-01 00:00:00-04:00,31.799216968030787,32.02793666552507,31.348923870721606,31.784921646118164,1653700,0.0,0.0
2009-06-02 00:00:00-04:00,31.491883055936704,32.72840011387662,31.341783497699378,32.521121978759766,2849000,0.0,0.0
2009-06-03 00:00:00-04:00,32.163739971342025,32.61403309437594,31.942166558868887,32.549705505371094,2655400,0.0,0.0
2009-06-04 00:00:00-04:00,32.65692210529972,33.00715075765521,32.28525182833934,32.92852783203125,2724000,0.0,0.0
2009-06-05 00:00:00-04:00,33.32876286137729,33.32876286137729,32.66404574959909,32.885616302490234,2194300,0.0,0.0
2009-06-08 00:00:00-04:00,32.55684967088158,33.2644531035846,31.792067677560755,32.99284744262695,1037000,0.0,0.0
2009-06-09 00:00:00-04:00,33.23586685815865,33.2930481528972,32.642623194740125,32.771278381347656,1637600,0.0,0.0
2009-06-10 00:00:00-04:00,33.00714325193554,33.085766159680894,32.363867394522515,32.56399917602539,1636900,0.0,0.0
2009-06-11 00:00:00-04:00,32.64262728905567,32.87849606960554,32.50682578684954,32.55685806274414,1282200,0.0,0.0
2009-06-12 00:00:00-04:00,32.52826108865799,32.5854423794533,31.992198756945044,32.149444580078125,971700,0.0,0.0
2009-06-15 00:00:00-04:00,31.83495089676963,31.985047672816684,31.20597042490828,31.27029800415039,1358300,0.0,0.0
2009-06-16 00:00:00-04:00,31.663408401315564,31.763472914334,30.977249403571896,30.991544723510742,1401100,0.0,0.0
2009-06-17 00:00:00-04:00,30.991543896683137,31.248854195610566,30.655610703466387,30.719938278198242,1583500,0.0,0.0
2009-06-18 00:00:00-04:00,30.53411191024885,31.084469575896684,30.369719785687145,30.476930618286133,2887700,0.0,0.0
2009-06-19 00:00:00-04:00,30.6985100835654,30.877197566325904,30.384018368911963,30.66277313232422,2301700,0.0,0.0
2009-06-22 00:00:00-04:00,30.405452752550694,30.89148276443994,30.376862110309276,30.384008407592773,2053500,0.0,0.0
2009-06-23 00:00:00-04:00,30.40545157021958,30.77712172524429,30.39115624965475,30.734235763549805,2357700,0.0,0.0
2009-06-24 00:00:00-04:00,30.862892395423653,31.470428552386792,30.748532551999286,31.39180564880371,2452700,0.0,0.0
2009-06-25 00:00:00-04:00,31.13449781896388,31.899279777515954,30.78426926734433,31.856393814086914,1904300,0.0,0.0
2009-06-26 00:00:00-04:00,31.806373889802455,31.89929214999452,31.091623914750713,31.420408248901367,1947500,0.0,0.0
2009-06-29 00:00:00-04:00,31.53475611015891,31.684855619861388,31.091612058053876,31.413249969482422,1714000,0.0,0.0
2009-06-30 00:00:00-04:00,31.241700818352275,31.73487973141257,31.127341004384515,31.613370895385742,1461800,0.0,0.0
2009-07-01 00:00:00-04:00,31.677702649161652,32.499665795229284,31.527605884713847,32.08510971069336,1298000,0.0,0.0
2009-07-02 00:00:00-04:00,31.985045138364185,32.22806011551668,30.662759446729144,30.727087020874023,2328900,0.0,0.0
2009-07-06 00:00:00-04:00,30.605579026219583,31.5133113861084,30.526956130445623,31.5133113861084,2598800,0.0,0.0
2009-07-07 00:00:00-04:00,31.377516880820433,31.51331835940078,30.391161406896128,30.476930618286133,2458700,0.0,0.0
2009-07-08 00:00:00-04:00,30.469786208172177,30.655619965458325,29.512021320879946,29.847951889038086,2323800,0.0,0.0
2009-07-09 00:00:00-04:00,29.96231485835795,30.31968981264116,29.797922706574216,29.97661018371582,1652200,0.0,0.0
2009-07-10 00:00:00-04:00,29.583491939695453,30.01948972673717,28.589990215940162,29.87653923034668,1714000,0.0,0.0
2009-07-13 00:00:00-04:00,30.255363593063368,31.198833212295472,29.926576577560834,31.184537887573242,2000200,0.0,0.0
2009-07-14 00:00:00-04:00,30.984395901929492,31.19167395256161,30.705643977691434,31.063018798828125,1699000,0.0,0.0
2009-07-15 00:00:00-04:00,31.406100741019987,31.977902680525673,30.95581039450678,31.856393814086914,1748900,0.0,0.0
2009-07-16 00:00:00-04:00,31.734893994553623,32.72839583615326,31.68486172386546,32.43534851074219,1959100,0.0,0.0
2009-07-17 00:00:00-04:00,32.25667769547809,32.41392088739961,31.57766445161964,31.763498306274414,2100000,0.0,0.0
2009-07-20 00:00:00-04:00,31.734889549152154,31.82780505224077,31.220268863813875,31.398956298828125,2043700,0.0,0.0
2009-07-21 00:00:00-04:00,31.37751318485897,32.42104710127392,31.29174125701798,32.27095031738281,1981000,0.0,0.0
2009-07-22 00:00:00-04:00,32.1566024961383,33.1786924494534,31.813520109610778,33.15010452270508,1803700,0.0,0.0
2009-07-23 00:00:00-04:00,32.971397182644424,34.02207715681804,32.84274204677776,33.85768508911133,1877700,0.0,0.0
2009-07-24 00:00:00-04:00,33.81453107992973,35.14552748207846,33.60588756990191,34.821773529052734,2007000,0.31,0.0
2009-07-27 00:00:00-04:00,34.95126779287495,35.131132276589994,34.440450573293404,34.548370361328125,1486300,0.0,0.0
2009-07-28 00:00:00-04:00,34.17426147783447,35.38295136650645,33.922452227909055,35.11675262451172,2933100,0.0,0.0
2009-07-29 00:00:00-04:00,35.073589579936396,35.51245955021294,34.28937998006079,34.512413024902344,1521000,0.0,0.0
2009-07-30 00:00:00-04:00,34.785797435942996,34.828965909222205,33.8792814531981,34.08792495727539,1641600,0.0,0.0
2009-07-31 00:00:00-04:00,33.886479291999066,35.397343121693105,33.886479291999066,35.2966194152832,1488500,0.0,0.0
2009-08-03 00:00:00-04:00,35.54122692430514,36.059234827166435,35.33977681448427,36.008872985839844,1379000,0.0,0.0
2009-08-04 00:00:00-04:00,35.70670506884195,36.58444205500917,35.62036812369914,36.325439453125,1819000,0.0,0.0
2009-08-05 00:00:00-04:00,36.41178295621405,36.41178295621405,35.433319284069555,35.980106353759766,1325600,0.0,0.0
2009-08-06 00:00:00-04:00,36.08802841195127,36.677984001557085,35.79305061714836,36.15997314453125,1891100,0.0,0.0
2009-08-07 00:00:00-04:00,36.68518412812944,37.102468562795536,36.27509032518481,36.361427307128906,2515000,0.0,0.0
2009-08-10 00:00:00-04:00,36.339816975685984,36.534070936179596,35.46208021230613,35.69230651855469,926400,0.0,0.0
2009-08-11 00:00:00-04:00,35.368555621999555,35.81461881923329,35.31100040841189,35.41172409057617,1038500,0.0,0.0
2009-08-12 00:00:00-04:00,35.52684671070169,36.454945703555545,35.40453738946344,36.11680221557617,1371300,0.0,0.0
2009-08-13 00:00:00-04:00,36.31823084603085,36.50529141833095,35.64913484609937,36.01605987548828,1388100,0.0,0.0
2009-08-14 00:00:00-04:00,36.167158129952526,36.167158129952526,35.18869469881046,35.46208953857422,1063400,0.0,0.0
2009-08-17 00:00:00-04:00,34.778597793301465,35.07357544624832,34.43325830286474,34.46923065185547,2538000,0.0,0.0
2009-08-18 00:00:00-04:00,34.4764301667575,35.174305388483056,34.152676223641116,35.07358169555664,2241700,0.0,0.0
2009-08-19 00:00:00-04:00,34.62752267736902,35.97290869406273,34.433268641079266,35.90815734863281,1259600,0.0,0.0
2009-08-20 00:00:00-04:00,35.886573625728126,36.793089695610476,35.86498801475624,36.53408432006836,1886400,0.0,0.0
2009-08-21 00:00:00-04:00,36.68516149018495,36.8794127183994,36.260681196706926,36.347015380859375,1416300,0.0,0.0
2009-08-24 00:00:00-04:00,36.39019575228112,36.63480889666623,35.829016510383454,35.90815734863281,1446000,0.0,0.0
2009-08-25 00:00:00-04:00,36.195931264730724,36.95136158027908,36.14556942666179,36.555660247802734,1163700,0.0,0.0
2009-08-26 00:00:00-04:00,36.404576748456805,36.90819793950172,35.972903010140996,36.699554443359375,1027700,0.0,0.0
2009-08-27 00:00:00-04:00,36.692358803018536,37.77154582663673,36.51249429908217,37.67082214355469,1703400,0.0,0.0
2009-08-28 00:00:00-04:00,37.735576842373334,38.33992173931341,37.318289838634215,37.68521499633789,1750600,0.0,0.0
2009-08-31 00:00:00-04:00,37.27512588171024,37.721189144013955,37.231957406836365,37.541324615478516,985500,0.0,0.0
2009-09-01 00:00:00-04:00,37.35426296116404,37.60607494102944,36.40457849567782,36.469329833984375,1507600,0.0,0.0
2009-09-02 00:00:00-04:00,35.96569707957809,36.713931115109354,35.96569707957809,36.26786804199219,1343000,0.0,0.0
2009-09-03 00:00:00-04:00,36.64201113573297,37.69961570623738,36.30386485928259,37.649253845214844,1596000,0.0,0.0
2009-09-04 00:00:00-04:00,37.4765763887418,37.4765763887418,36.778701081804456,37.09526443481445,1507200,0.0,0.0
2009-09-08 00:00:00-04:00,37.23914687944707,37.332677192952005,36.57724680114038,37.0305061340332,1127100,0.0,0.0
2009-09-09 00:00:00-04:00,37.18877782545062,37.29669760814736,36.64918440099508,37.016109466552734,1288700,0.0,0.0
2009-09-10 00:00:00-04:00,37.05208141313718,37.27511434753258,36.62760114736145,37.1168327331543,1434300,0.0,0.0
2009-09-11 00:00:00-04:00,36.94416645435356,37.253533607652365,36.64199541783718,36.865028381347656,1188500,0.0,0.0
2009-09-14 00:00:00-04:00,36.59163097532525,36.98733229026259,36.32543230811493,36.958553314208984,1332000,0.0,0.0
2009-09-15 00:00:00-04:00,36.829034788272594,36.994509712467824,36.21030353696076,36.41175079345703,1457800,0.0,0.0
2009-09-16 00:00:00-04:00,36.57004733417367,37.44059075733832,36.31104204425364,37.325477600097656,2308300,0.0,0.0
2009-09-17 00:00:00-04:00,37.38304494169124,37.57010559825203,36.555669713103285,36.58444595336914,1513400,0.0,0.0
2009-09-18 00:00:00-04:00,36.699540811423574,36.735515896682635,35.936917307372234,35.99447250366211,1768200,0.0,0.0
2009-09-21 00:00:00-04:00,35.64914599514076,36.24629749679754,35.60598026842849,36.152767181396484,2555600,0.0,0.0
2009-09-22 00:00:00-04:00,36.39017969341624,36.39737306439399,35.325379650791376,35.58438491821289,3159200,0.0,0.0
2009-09-23 00:00:00-04:00,35.69951783572387,36.7067604902786,35.65635209692452,35.8577995300293,1867700,0.0,0.0
2009-09-24 00:00:00-04:00,36.116796343987026,36.31824372914117,35.71389882916396,35.88656997680664,2097200,0.0,0.0
2009-09-25 00:00:00-04:00,35.90095878253813,37.160010404748185,35.73548101130328,37.023311614990234,2766700,0.0,0.0
2009-09-28 00:00:00-04:00,37.239149070597605,38.40467313804427,37.080870159023746,38.10969543457031,1444400,0.0,0.0
2009-09-29 00:00:00-04:00,38.21825464028455,38.84062872987826,38.02285706445672,38.652469635009766,1330500,0.31,0.0
2009-09-30 00:00:00-04:00,38.60904912243678,38.840630833589515,38.145885700131295,38.688655853271484,1434600,0.0,0.0
2009-10-01 00:00:00-04:00,38.61628143053372,39.42681728999488,38.61628143053372,38.898521423339844,3016000,0.0,0.0
2009-10-02 00:00:00-04:00,38.52942841333129,39.07943404820355,38.29784404211761,38.90574645996094,1822100,0.0,0.0
2009-10-05 00:00:00-04:00,38.96364717083471,39.101147903246506,38.53666801572659,38.94917297363281,1701500,0.0,0.0
2009-10-06 00:00:00-04:00,39.10837888651571,39.62943608256204,38.956403986030125,39.55706787109375,1231400,0.0,0.0
2009-10-07 00:00:00-04:00,39.37614138523553,39.824830333389436,39.25311488359255,39.81035614013672,1135500,0.0,0.0
2009-10-08 00:00:00-04:00,40.19392813778621,40.26629636638643,39.6366839434174,39.65839385986328,1517300,0.0,0.0
2009-10-09 00:00:00-04:00,39.607737900280064,39.680108893849855,39.09391626895464,39.448524475097656,1386600,0.0,0.0
2009-10-12 00:00:00-04:00,39.513652739612475,39.75247285170298,39.17351876876197,39.238651275634766,907000,0.0,0.0
2009-10-13 00:00:00-04:00,39.064974891650536,39.11563321591732,38.65246981652297,38.87681579589844,1342200,0.0,0.0
2009-10-14 00:00:00-04:00,39.26759037585259,39.65838535206803,38.97087628517133,39.60772705078125,983300,0.0,0.0
2009-10-15 00:00:00-04:00,39.419575527560006,39.60773457369606,39.036016195532426,39.56431198120117,1013000,0.0,0.0
2009-10-16 00:00:00-04:00,39.25312944319156,39.940635933347,38.84062168415875,39.694580078125,1567200,0.0,0.0
2009-10-19 00:00:00-04:00,39.8031290341773,40.143265747520346,39.64391563462598,39.90444564819336,1004900,0.0,0.0
2009-10-20 00:00:00-04:00,39.75247400151172,39.991291359839,39.62220898399833,39.65115737915039,1403000,0.0,0.0
2009-10-21 00:00:00-04:00,39.723522060756736,39.846551348836336,38.847853890598046,38.978118896484375,1814600,0.0,0.0
2009-10-22 00:00:00-04:00,39.09391516617753,40.09261276389992,39.09391516617753,39.6439208984375,3392200,0.0,0.0
2009-10-23 00:00:00-04:00,39.62220066429605,39.6873331593765,39.10114070365245,39.354434967041016,1698600,0.0,0.0
2009-10-26 00:00:00-04:00,39.47747072625845,39.68734245519408,38.62351237325989,38.666934967041016,1462900,0.0,0.0
2009-10-27 00:00:00-04:00,38.68864821206742,39.086679026956105,38.37745983154125,38.5511474609375,1660600,0.0,0.0
2009-10-28 00:00:00-04:00,39.58601425961781,39.58601425961781,37.41493489723297,37.56690979003906,3332900,0.0,0.0
2009-10-29 00:00:00-04:00,37.72612677032999,38.36297478989189,37.72612677032999,38.23994827270508,1749000,0.0,0.0
2009-10-30 00:00:00-04:00,38.06627795271678,38.06627795271678,36.85047262129773,37.16889953613281,3003600,0.0,0.0
2009-11-02 00:00:00-05:00,37.24126939880541,37.66101298268405,36.857712700943196,37.2267951965332,1280300,0.0,0.0
2009-11-03 00:00:00-05:00,36.88664547844669,37.2123052292542,36.72743208157502,37.11098861694336,1321500,0.0,0.0
2009-11-04 00:00:00-05:00,37.313626571171554,37.76955135062819,37.27743969857623,37.29915237426758,1245900,0.0,0.0
2009-11-05 00:00:00-05:00,37.26297124041697,37.30639107392824,36.7057270380973,36.91559600830078,2112400,0.0,0.0
2009-11-06 00:00:00-05:00,36.684009493154385,37.38599282226608,36.6767737754196,37.11098861694336,1325300,0.0,0.0
2009-11-09 00:00:00-05:00,37.197826907163716,38.29060228706754,37.197826907163716,38.261653900146484,1305400,0.0,0.0
2009-11-10 00:00:00-05:00,38.196526600269074,38.3557399892996,37.79849588836328,37.86362838745117,1150500,0.0,0.0
2009-11-11 00:00:00-05:00,37.95047834193683,38.12416596091483,37.63205426126005,37.820213317871094,1733100,0.0,0.0
2009-11-12 00:00:00-05:00,37.62481625735205,37.78402690768548,37.248495406314255,37.328102111816406,1528500,0.0,0.0
2009-11-13 00:00:00-05:00,37.44389789758275,37.71166368378823,37.20507774939613,37.27021026611328,1450300,0.0,0.0
2009-11-16 00:00:00-05:00,37.422192428832055,37.624828498036074,36.705737367566336,37.01692581176758,2770200,0.0,0.0
2009-11-17 00:00:00-05:00,36.763616410117145,37.27020223535316,36.61164149074753,37.19783401489258,1762700,0.0,0.0
2009-11-18 00:00:00-05:00,37.0675772522003,37.378765638586565,36.821521382980265,36.886653900146484,1932800,0.0,0.0
2009-11-19 00:00:00-05:00,36.61887638234087,36.94453888840729,36.170187352133034,36.38729476928711,2906400,0.0,0.0
2009-11-20 00:00:00-05:00,36.16295687187198,36.2642734971725,35.86624271463287,35.9892692565918,2997900,0.0,0.0
2009-11-23 00:00:00-05:00,36.358353924713434,36.51756457922877,35.620186400673795,36.01097869873047,2863100,0.0,0.0
2009-11-24 00:00:00-05:00,35.967562776799554,36.19914444552116,35.851771942438745,36.054405212402344,2199000,0.0,0.0
2009-11-25 00:00:00-05:00,36.22084622574366,36.66229954526326,35.815579776876326,36.076107025146484,2911100,0.0,0.0
2009-11-27 00:00:00-05:00,35.272815354379695,35.728740180566064,34.70109694109335,34.86754608154297,2710200,0.0,0.0
2009-11-30 00:00:00-05:00,34.8747777999185,35.31623113774936,34.74451279004478,35.2510986328125,2285800,0.0,0.0
2009-12-01 00:00:00-05:00,35.69979698996605,36.206380164875036,35.46097684121931,36.054405212402344,3878300,0.0,0.0
2009-12-02 00:00:00-05:00,36.105060102859035,36.61164599035496,35.844530060108504,36.12677001953125,2866200,0.0,0.0
2009-12-03 00:00:00-05:00,36.12677974834002,36.199150757854966,34.99781960662423,35.05571365356445,2719800,0.0,0.0
2009-12-04 00:00:00-05:00,35.41755303578297,35.51887242798229,34.88202148037095,35.3234748840332,2535700,0.0,0.0
2009-12-07 00:00:00-05:00,36.010982000637114,36.010982000637114,35.56229287021858,35.62018966674805,2362500,0.0,0.0
2009-12-08 00:00:00-05:00,35.56229266689805,35.945849279363635,35.44650183517234,35.53334426879883,1651100,0.0,0.0
2009-12-09 00:00:00-05:00,35.58400046417813,36.10506055622203,35.53334215085954,35.967559814453125,1924700,0.0,0.0
2009-12-10 00:00:00-05:00,36.148488807946414,36.387306213726944,35.99651384420685,36.24980545043945,1218000,0.0,0.0
2009-12-11 00:00:00-05:00,36.495852811406195,36.69125033085741,36.15571608191659,36.336639404296875,1377100,0.0,0.0
2009-12-14 00:00:00-05:00,36.56098878230334,36.82151883292537,36.21361630169767,36.40177536010742,2180900,0.0,0.0
2009-12-15 00:00:00-05:00,36.20516879085206,36.21973274763907,35.45514029417043,35.92845916748047,3559500,0.31,0.0
2009-12-16 00:00:00-05:00,36.25613835165249,36.25613835165249,35.63718273775515,35.82651138305664,1887700,0.0,0.0
2009-12-17 00:00:00-05:00,35.7464208392241,35.7464208392241,35.23669336352572,35.37504959106445,2112900,0.0,0.0
2009-12-18 00:00:00-05:00,35.52066375867845,35.6517365441768,35.222109697885486,35.57163619995117,1648600,0.0,0.0
2009-12-21 00:00:00-05:00,35.571632836844174,35.78280594660286,35.425998891428,35.520660400390625,1902600,0.0,0.0
2009-12-22 00:00:00-05:00,35.396897136695245,36.248868013392986,35.24397971438409,36.14692306518555,1445000,0.0,0.0
2009-12-23 00:00:00-05:00,36.0522448714879,36.445463330333055,35.94301937366898,36.37264633178711,1409700,0.0,0.0
2009-12-24 00:00:00-05:00,36.328960020426734,36.56926115239148,36.29255151558716,36.44546890258789,525000,0.0,0.0
2009-12-28 00:00:00-05:00,36.48186468904931,36.72216573723985,36.42361165717245,36.700321197509766,1103000,0.0,0.0
2009-12-29 00:00:00-05:00,36.63478144686576,36.787698766557625,36.39448042067314,36.64934539794922,1379300,0.0,0.0
2009-12-30 00:00:00-05:00,36.48187456916953,36.896937603189045,36.35080173971171,36.78771209716797,959200,0.0,0.0
2009-12-31 00:00:00-05:00,36.90421097576363,37.122664706434186,36.700321197509766,36.700321197509766,970100,0.0,0.0
2010-01-04 00:00:00-05:00,36.700317087589674,36.94061533108029,35.782807632615665,35.877471923828125,2670300,0.0,0.0
2010-01-05 00:00:00-05:00,35.40416892080125,35.7245704243664,34.726960187272304,35.06920623779297,9280400,0.0,0.0
2010-01-06 00:00:00-05:00,35.09832745343018,35.25124480851473,34.574036204237125,34.588600158691406,5479100,0.0,0.0
2010-01-07 00:00:00-05:00,34.73424101276599,34.923566887369866,34.45753140115362,34.785213470458984,7213100,0.0,0.0
2010-01-08 00:00:00-05:00,34.77792601101652,34.865309737742216,34.45752734639314,34.588600158691406,2484200,0.0,0.0
2010-01-11 00:00:00-05:00,34.675982205219896,35.02550878981534,34.29004712223144,34.9599723815918,3899100,0.0,0.0
2010-01-12 00:00:00-05:00,35.105623422869414,35.22213233176037,34.690560261333395,35.032806396484375,3012300,0.0,0.0
2010-01-13 00:00:00-05:00,35.17115179832814,35.32406918537088,35.0182344112854,35.14930725097656,2293900,0.0,0.0
2010-01-14 00:00:00-05:00,35.018225153515175,35.54251637367295,34.989097246219714,35.48426055908203,2444700,0.0,0.0
2010-01-15 00:00:00-05:00,35.28037457867985,35.360474943509054,34.89443670975646,35.10560989379883,2105000,0.0,0.0
2010-01-19 00:00:00-05:00,35.018217733262766,35.651734304853115,34.95268134463001,35.54978942871094,2328700,0.0,0.0
2010-01-20 00:00:00-05:00,35.23667401466927,35.54251144326601,35.061912150719486,35.491539001464844,1519300,0.0,0.0
2010-01-21 00:00:00-05:00,35.586217751655454,35.586217751655454,34.76337491969729,35.25125503540039,2192800,0.0,0.0
2010-01-22 00:00:00-05:00,35.19299824207265,35.404168676027844,34.81434368998044,34.872596740722656,3630300,0.0,0.0
2010-01-25 00:00:00-05:00,35.0910564783652,35.39689407431937,34.94542243797788,35.273101806640625,1607700,0.0,0.0
2010-01-26 00:00:00-05:00,35.280362957303915,36.001260447721734,35.273079593196535,35.353179931640625,2622800,0.0,0.0
2010-01-27 00:00:00-05:00,35.24396144636684,35.65902439338109,35.112888644384434,35.65174102783203,1325400,0.0,0.0
2010-01-28 00:00:00-05:00,35.69543270421555,35.7828136458245,35.29493371256866,35.55707931518555,1801400,0.0,0.0
2010-01-29 00:00:00-05:00,35.54978997562312,36.15418143317786,35.360464170987775,35.877471923828125,2832700,0.0,0.0
2010-02-01 00:00:00-05:00,35.95758402934615,35.97214798489711,35.57892951839254,35.695438385009766,2365100,0.0,0.0
2010-02-02 00:00:00-05:00,35.79010701360587,36.15419761281736,35.360479995424676,36.088661193847656,2709900,0.0,0.0
2010-02-03 00:00:00-05:00,36.82411699222429,36.91878131040263,35.8410736453712,36.16147232055664,3324700,0.0,0.0
2010-02-04 00:00:00-05:00,36.030414671320244,36.32896892867885,34.90173407778366,35.04737091064453,5433300,0.0,0.0
2010-02-05 00:00:00-05:00,35.200277568169646,35.59349606327986,34.47937699380091,35.192996978759766,3492200,0.0,0.0
2010-02-08 00:00:00-05:00,35.2585300580016,35.54252304071838,35.061923591353235,35.17843246459961,2172300,0.0,0.0
2010-02-09 00:00:00-05:00,35.51339005368933,35.680871361438804,35.23668047759486,35.46241760253906,1739700,0.0,0.0
2010-02-10 00:00:00-05:00,35.45514955739122,35.6371948981049,35.20028719150865,35.52796936035156,1299700,0.0,0.0
2010-02-11 00:00:00-05:00,35.58619678694368,35.68086107369576,34.705098639344335,35.520660400390625,2167100,0.0,0.0
2010-02-12 00:00:00-05:00,35.32406965751807,35.56437079276074,34.96726241631587,35.54252624511719,2110700,0.0,0.0
2010-02-16 00:00:00-05:00,35.82651599197794,36.044969798836966,35.12017933126928,36.037689208984375,2424700,0.0,0.0
2010-02-17 00:00:00-05:00,36.29983728373863,36.365373712915215,35.89205752689878,36.227020263671875,2926000,0.0,0.0
2010-02-18 00:00:00-05:00,35.92844244254661,36.867796384602194,35.7099887480147,36.642059326171875,2134500,0.0,0.0
2010-02-19 00:00:00-05:00,36.46002883125035,36.8678112626499,36.13963013515892,36.69304656982422,1455400,0.0,0.0
2010-02-22 00:00:00-05:00,36.6420641203574,37.01343794966205,36.59109167755712,36.91877365112305,1303700,0.0,0.0
2010-02-23 00:00:00-05:00,36.78769763525381,36.92605099960754,36.61293300541634,36.620216369628906,1522600,0.0,0.0
2010-02-24 00:00:00-05:00,36.46001681165389,36.69303447340996,36.299816127525474,36.64934539794922,1892800,0.0,0.0
2010-02-25 00:00:00-05:00,36.394488079550385,36.714886737442455,36.2998237664815,36.6784782409668,1911400,0.0,0.0
2010-02-26 00:00:00-05:00,36.78770660913354,36.824115105709105,36.299823866092254,36.401771545410156,1979300,0.0,0.0
2010-03-01 00:00:00-05:00,36.4236214379072,36.780428645663925,36.40177689231126,36.72217559814453,1886600,0.0,0.0
2010-03-02 00:00:00-05:00,36.77315729660314,36.802285216577296,36.598392554549505,36.6639289855957,1422400,0.0,0.0
2010-03-03 00:00:00-05:00,36.685757992935926,36.99887603180296,36.416329034419675,36.809547424316406,1273500,0.0,0.0
2010-03-04 00:00:00-05:00,36.933342160197576,37.129951368596515,36.532840377649656,37.02800369262695,1196700,0.0,0.0
2010-03-05 00:00:00-05:00,37.0789794838978,37.53045375622988,36.84596175911561,37.49404525756836,1462700,0.0,0.0
2010-03-08 00:00:00-05:00,37.654240310157874,37.87269406310977,37.41394201524785,37.73434066772461,1156700,0.0,0.0
2010-03-09 00:00:00-05:00,37.5304571186821,37.537737707950534,36.56925822339165,36.72217559814453,3166000,0.0,0.0
2010-03-10 00:00:00-05:00,36.77315035873356,36.867814691893905,36.17604200087442,36.3653678894043,3305900,0.0,0.0
2010-03-11 00:00:00-05:00,36.19789001310021,36.65664498778888,36.04497261413435,36.58382797241211,3273700,0.0,0.0
2010-03-12 00:00:00-05:00,36.693037063677906,36.809545902780634,36.44545543336087,36.554683685302734,2362300,0.0,0.0
2010-03-15 00:00:00-04:00,36.387213816789846,37.05713915732793,36.33624135730502,36.99888610839844,2724900,0.0,0.0
2010-03-16 00:00:00-04:00,37.09356599582242,37.3338672331403,36.83142297937394,37.32658386230469,1296900,0.0,0.0
2010-03-17 00:00:00-04:00,37.45763945788935,37.88726647160902,37.34841394593467,37.5013313293457,2072100,0.0,0.0
2010-03-18 00:00:00-04:00,37.406667552138636,37.581432262768026,37.10083278077576,37.51589584350586,1485400,0.0,0.0
2010-03-19 00:00:00-04:00,38.37515640258789,38.39700095345579,37.63969170840047,38.37515640258789,4248300,0.0,0.0
2010-03-22 00:00:00-04:00,38.1639600663013,38.26590494574044,37.85084206357274,38.178524017333984,3447700,0.0,0.0
2010-03-23 00:00:00-04:00,38.24407222451562,38.4552454130521,37.945518080574224,38.44068145751953,2598500,0.0,0.0
2010-03-24 00:00:00-04:00,38.462529900214236,38.80477594544097,38.222231554048165,38.506221771240234,2009000,0.0,0.0
2010-03-25 00:00:00-04:00,38.768363980467704,38.768363980467704,38.338737009338026,38.35329818725586,1706000,0.0,0.0
2010-03-26 00:00:00-04:00,38.455249782840745,38.826620968854535,38.236793202818845,38.41883850097656,1961500,0.0,0.0
2010-03-29 00:00:00-04:00,38.6532351530593,38.71915891716037,38.3748900608316,38.594635009765625,1249600,0.31,0.0
2010-03-30 00:00:00-04:00,38.64588939394909,38.73378956489141,38.514044725950065,38.53601837158203,1080400,0.0,0.0
2010-03-31 00:00:00-04:00,38.52138125393247,38.52870487352864,38.243036207739344,38.3089599609375,1563200,0.0,0.0
2010-04-01 00:00:00-04:00,38.43348506113072,38.68985366821289,38.411508613232066,38.68985366821289,1386500,0.0,0.0
2010-04-05 00:00:00-04:00,38.41883873969275,38.85832862121832,38.14782007255894,38.499412536621094,1694300,0.0,0.0
2010-04-06 00:00:00-04:00,38.565323113800616,38.76309153692932,38.37487551449565,38.62392044067383,1585900,0.0,0.0
2010-04-07 00:00:00-04:00,38.50672661886203,39.30513518142385,38.3236054145516,39.23188781738281,2215700,0.0,0.0
2010-04-08 00:00:00-04:00,39.06342313402037,39.15132054431289,38.82170176295557,39.041446685791016,1413900,0.0,0.0
2010-04-09 00:00:00-04:00,39.22456334394216,39.34176080872744,38.98284479528849,39.14398956298828,1669600,0.0,0.0
2010-04-12 00:00:00-04:00,39.056104897872416,39.165978779400895,38.72648604749587,38.858333587646484,1244400,0.0,0.0
2010-04-13 00:00:00-04:00,38.7704276903563,39.19526749810397,38.74112762245417,39.11469650268555,1495200,0.0,0.0
2010-04-14 00:00:00-04:00,39.29049250044396,39.48826377340425,39.1586449851371,39.47361373901367,1598000,0.0,0.0
2010-04-15 00:00:00-04:00,39.26120816498007,39.29783466273819,38.98286578264275,39.078086853027344,1584300,0.0,0.0
2010-04-16 00:00:00-04:00,39.08540955451476,39.32712821032387,38.455471854210415,38.54336929321289,1736000,0.0,0.0
2010-04-19 00:00:00-04:00,38.257687086265214,38.48475841767676,38.14048961068046,38.39685821533203,1903700,0.0,0.0
2010-04-20 00:00:00-04:00,38.40419233707877,38.616613677399485,38.030623387658366,38.60928726196289,1981200,0.0,0.0
2010-04-21 00:00:00-04:00,38.63125598409531,38.72647701204741,38.1990897687009,38.4188346862793,2260700,0.0,0.0
2010-04-22 00:00:00-04:00,38.074573977006246,38.3748927468856,37.8987791232377,38.235721588134766,2165500,0.0,0.0
2010-04-23 00:00:00-04:00,38.05991473688235,38.92424714249831,37.94271726463992,38.91692352294922,2895300,0.0,0.0
2010-04-26 00:00:00-04:00,38.96085866018019,39.00480874637241,38.550669032548555,38.5653190612793,1882500,0.0,0.0
2010-04-27 00:00:00-04:00,38.38222122192383,38.59463978210802,38.06725239829506,38.38222122192383,3024100,0.0,0.0
2010-04-28 00:00:00-04:00,39.15131588633032,39.444308150516406,38.785073460441744,39.297813415527344,3427500,0.0,0.0
2010-04-29 00:00:00-04:00,38.572651539319395,39.678702417599446,38.17710905534855,38.92424392700195,3387600,0.0,0.0
2010-04-30 00:00:00-04:00,38.83634775002812,39.078066301695905,38.50672900301931,38.96086883544922,2459300,0.0,0.0
2010-05-03 00:00:00-04:00,38.97551205407908,39.070735851946935,38.60926968681081,38.72646713256836,2449400,0.0,0.0
2010-05-04 00:00:00-04:00,38.404176626177595,38.536024108010515,38.00863418067884,38.14780807495117,1336900,0.0,0.0
2010-05-05 00:00:00-04:00,37.79622312024398,38.46278432740033,37.79622312024398,38.2796630859375,1582000,0.0,0.0
2010-05-06 00:00:00-04:00,38.184434221071626,38.22838152171631,35.98697977418729,37.0783805847168,2382500,0.0,0.0
2010-05-07 00:00:00-04:00,36.99049820368068,37.73030693830235,36.71947949426984,37.019798278808594,1854900,0.0,0.0
2010-05-10 00:00:00-04:00,38.001314705016405,38.03793838858291,37.41532738532849,37.75226974487305,1989300,0.0,0.0
2010-05-11 00:00:00-04:00,37.26151654205806,37.93540429224509,37.129668999504275,37.818206787109375,1509700,0.0,0.0
2010-05-12 00:00:00-04:00,37.832839338211556,39.46628003353159,37.7083154748172,39.40035629272461,4820700,0.0,0.0
2010-05-13 00:00:00-04:00,39.14400048928708,39.72266435565335,39.14400048928708,39.349098205566406,3071500,0.0,0.0
2010-05-14 00:00:00-04:00,39.00482894071257,39.22457389702977,38.711833802817154,38.84368133544922,2459900,0.0,0.0
2010-05-17 00:00:00-04:00,38.84368082243403,39.12202592033765,38.462788265883994,39.04877853393555,2118900,0.0,0.0
2010-05-18 00:00:00-04:00,39.22457545654025,39.28317560413267,38.49209037688792,38.638587951660156,2259100,0.0,0.0
2010-05-19 00:00:00-04:00,38.63126936821777,39.15865679428202,38.26502678062993,38.69719314575195,3380600,0.0,0.0
2010-05-20 00:00:00-04:00,38.12584546253432,38.49208797955042,36.59495162963867,36.59495162963867,4088300,0.0,0.0
2010-05-21 00:00:00-04:00,36.30929207295155,36.65356101993997,36.02362328468855,36.5803108215332,4977600,0.0,0.0
2010-05-24 00:00:00-04:00,37.48858403565397,37.48858403565397,35.965013832980055,36.00164031982422,4841400,0.0,0.0
2010-05-25 00:00:00-04:00,35.39367547033334,35.78921804646264,34.85896174817717,35.679344177246094,4534800,0.0,0.0
2010-05-26 00:00:00-04:00,36.16277794927074,36.22137808122451,35.40099579332838,35.4742431640625,3305800,0.0,0.0
2010-05-27 00:00:00-04:00,35.899075439987996,36.48506546020508,35.774554376926744,36.48506546020508,2911200,0.0,0.0
2010-05-28 00:00:00-04:00,36.470434760812225,36.470434760812225,35.98699469383921,36.008968353271484,2552300,0.0,0.0
2010-06-01 00:00:00-04:00,35.98698564134568,36.485075620715804,35.547493003791196,35.5694694519043,4609700,0.0,0.0
2010-06-02 00:00:00-04:00,35.69399124065596,36.13348388671875,35.22520132022232,36.13348388671875,3539400,0.0,0.0
2010-06-03 00:00:00-04:00,36.118832936324665,36.74876762954974,35.95036173757988,36.69017028808594,2327600,0.0,0.0
2010-06-04 00:00:00-04:00,36.00164926540167,36.22139427002502,35.34973507998569,35.48158264160156,2655800,0.0,0.0
2010-06-07 00:00:00-04:00,35.65738255775222,35.87712757615487,35.364387337075684,35.518211364746094,2758500,0.0,0.0
2010-06-08 00:00:00-04:00,35.56214708485829,36.19208464776239,35.166604504308,36.162784576416016,2790300,0.0,0.0
2010-06-09 00:00:00-04:00,36.25067999011568,36.69749344504189,35.90641118290556,36.206729888916016,3183200,0.0,0.0
2010-06-10 00:00:00-04:00,36.58029981042109,37.15896362970766,36.572976189889594,37.085716247558594,1982700,0.0,0.0
2010-06-11 00:00:00-04:00,36.72681267688454,37.62776926504305,36.72681267688454,37.54719543457031,1960200,0.0,0.0
2010-06-14 00:00:00-04:00,37.649729063477416,37.96469782819486,37.28348657373234,37.64240264892578,2105900,0.0,0.0
2010-06-15 00:00:00-04:00,37.679017176163214,38.41882839029551,37.451948676033865,38.323604583740234,1900800,0.0,0.0
2010-06-16 00:00:00-04:00,38.12584969185504,38.426168477354416,38.03795226039909,38.1697998046875,1577900,0.0,0.0
2010-06-17 00:00:00-04:00,38.10386836434491,38.5140609522719,38.00864453614235,38.49208450317383,1575000,0.0,0.0
2010-06-18 00:00:00-04:00,38.492091059432084,39.03413125743818,38.404193630693676,38.88031005859375,2699200,0.0,0.0
2010-06-21 00:00:00-04:00,39.47361192678646,39.51756202794046,38.85100086191675,39.08539581298828,1512600,0.0,0.0
2010-06-22 00:00:00-04:00,38.997486270133734,39.6420707879025,38.997486270133734,39.187931060791016,4685600,0.0,0.0
2010-06-23 00:00:00-04:00,38.95354387307215,39.14398870132807,38.47010399219862,38.73379898071289,3553600,0.0,0.0
2010-06-24 00:00:00-04:00,38.50673722832074,38.93157988059426,38.41883980841224,38.667884826660156,3706400,0.0,0.0
2010-06-25 00:00:00-04:00,38.92424295900392,39.209911592253775,38.169784487168876,38.96819305419922,22405800,0.0,0.0
2010-06-28 00:00:00-04:00,38.95355431430633,39.34909690310023,38.6898592551104,39.10005187988281,3621600,0.0,0.0
2010-06-29 00:00:00-04:00,38.66788860678671,38.78508610952467,37.73030579067418,37.920753479003906,3985700,0.0,0.0
2010-06-30 00:00:00-04:00,38.0086508366115,38.33094606419639,37.664381950494494,37.70833206176758,3020200,0.0,0.0
2010-07-01 00:00:00-04:00,37.72297598089313,37.935397292948956,37.049091149250614,37.503231048583984,2326800,0.0,0.0
2010-07-02 00:00:00-04:00,37.72297951635974,37.89145074005981,37.07839189952701,37.232215881347656,2324600,0.0,0.0
2010-07-06 00:00:00-04:00,37.693682291299,37.89878001781527,36.94654715962496,37.25419235229492,2991700,0.0,0.0
2010-07-07 00:00:00-04:00,37.788906760266016,38.00865173339844,37.23221930871662,38.00865173339844,3317100,0.0,0.0
2010-07-08 00:00:00-04:00,38.10386485730633,38.301636115735874,37.854819879381125,38.250362396240234,2170900,0.0,0.0
2010-07-09 00:00:00-04:00,40.61629482343831,40.770116006670726,39.97903363989789,40.05960464477539,18243500,0.0,0.0
2010-07-12 00:00:00-04:00,39.993670228886266,40.5064101639659,39.95704654656797,40.30131530761719,9753700,0.0,0.0
2010-07-13 00:00:00-04:00,40.49908915526925,40.98985267722035,40.4844391225562,40.93125534057617,9211500,0.0,0.0
2010-07-14 00:00:00-04:00,40.8799865909206,40.960557589321326,40.330622871358614,40.433170318603516,73235200,0.0,0.0
2010-07-15 00:00:00-04:00,40.25737442926567,40.3672482955841,39.7666108265826,40.28667449951172,7620800,0.0,0.0
2010-07-16 00:00:00-04:00,39.957045474608584,40.27201416367011,39.22456067106229,39.334434509277344,4447300,0.0,0.0
2010-07-19 00:00:00-04:00,39.488272902081455,39.488272902081455,38.821711551364125,39.05610656738281,4106400,0.0,0.0
2010-07-20 00:00:00-04:00,38.63856754124721,39.21723111910978,38.49207004386073,39.187931060791016,3828800,0.0,0.0
2010-07-21 00:00:00-04:00,39.40769048718362,39.56151165894657,38.34558673100483,38.43348693847656,5506700,0.0,0.0
2010-07-22 00:00:00-04:00,38.80705680995605,39.00482810466503,38.558011786345716,38.75578308105469,4908200,0.0,0.0
2010-07-23 00:00:00-04:00,38.86635008784065,39.16855372417325,38.704191078968464,38.8810920715332,3474300,0.33,0.0
2010-07-26 00:00:00-04:00,38.73368088919433,39.18330161853029,38.73368088919433,38.93269348144531,4283300,0.0,0.0
2010-07-27 00:00:00-04:00,39.06535938200051,39.470754058521194,39.05061739954122,39.41178894042969,4093100,0.0,0.0
2010-07-28 00:00:00-04:00,39.44863033036331,39.83191332091798,38.43882874301906,39.043235778808594,4770600,0.0,0.0
2010-07-29 00:00:00-04:00,39.38229283561837,39.69186593659823,38.659952788253925,39.043235778808594,3565500,0.0,0.0
2010-07-30 00:00:00-04:00,38.82949836372969,39.30860301519753,38.64522777651068,39.124332427978516,3509900,0.0,0.0
2010-08-02 00:00:00-04:00,39.61078268358529,39.61078268358529,39.03585688756109,39.256980895996094,2626700,0.0,0.0
2010-08-03 00:00:00-04:00,39.131683786924725,39.470740834657306,39.06534629395576,39.301212310791016,2165300,0.0,0.0
2010-08-04 00:00:00-04:00,39.5518309815952,40.023563142603024,39.397044393466786,39.98670959472656,3722400,0.0,0.0
2010-08-05 00:00:00-04:00,39.88351366243842,40.03093064767622,39.54445656461306,39.61079406738281,1514700,0.0,0.0
2010-08-06 00:00:00-04:00,39.38965940636445,39.478111267089844,38.79999439358474,39.478111267089844,2107900,0.0,0.0
2010-08-09 00:00:00-04:00,39.46337036015195,39.979328314726004,39.44862838296473,39.94984436035156,1540100,0.0,0.0
2010-08-10 00:00:00-04:00,39.54447265917528,40.14888001407287,39.500246702080474,39.92038345336914,1773400,0.0,0.0
2010-08-11 00:00:00-04:00,39.48548721086064,39.58130866954469,38.63784168535676,38.64521408081055,1797000,0.0,0.0
2010-08-12 00:00:00-04:00,38.350376875529285,39.10957327355353,38.143994808209385,39.043235778808594,2713500,0.0,0.0
2010-08-13 00:00:00-04:00,38.446208963796416,39.67713774870634,38.446208963796416,39.37493133544922,2389100,0.0,0.0
2010-08-16 00:00:00-04:00,39.08746740785518,39.51497642519834,38.87371571092899,39.448638916015625,1962100,0.0,0.0
2010-08-17 00:00:00-04:00,39.772957511413104,40.42159067831427,39.772957511413104,40.20783615112305,2473400,0.0,0.0
2010-08-18 00:00:00-04:00,40.12676356780339,40.39211367324507,39.73611080798432,40.09728240966797,2291700,0.0,0.0
2010-08-19 00:00:00-04:00,39.92773089080752,39.92773089080752,39.25698637823014,39.301212310791016,2295600,0.0,0.0
2010-08-20 00:00:00-04:00,38.999024479175404,39.463387116638806,38.999024479175404,39.4412727355957,1722900,0.0,0.0
2010-08-23 00:00:00-04:00,39.655021196333365,39.70661672461135,39.3380756301998,39.41915512084961,1514600,0.0,0.0
2010-08-24 00:00:00-04:00,39.04324333032947,39.2127718915236,38.63784588862031,38.976905822753906,2883900,0.0,0.0
2010-08-25 00:00:00-04:00,39.00638422644808,39.45600476705693,38.58624764529606,39.352813720703125,2734000,0.0,0.0
2010-08-26 00:00:00-04:00,39.55181881646684,39.58130277039769,39.15379387363424,39.3896598815918,2275700,0.0,0.0
2010-08-27 00:00:00-04:00,39.610798981343905,40.05304718017578,39.06535691182216,40.05304718017578,2298900,0.0,0.0
2010-08-30 00:00:00-04:00,40.03093056248808,40.045672542154996,39.3454439725744,39.38229751586914,2136800,0.0,0.0
2010-08-31 00:00:00-04:00,39.323337045673945,39.463384473164375,38.88108881887786,39.41178894042969,5040700,0.0,0.0
2010-09-01 00:00:00-04:00,39.78767891233429,40.340490313544144,39.6255200015546,40.2594108581543,4521300,0.0,0.0
2010-09-02 00:00:00-04:00,40.34051318045641,40.399481112981825,40.104647073846344,40.19309616088867,2794000,0.0,0.0
2010-09-03 00:00:00-04:00,40.532148682394656,40.73853078472134,40.1709771915777,40.7164192199707,3222500,0.0,0.0
2010-09-07 00:00:00-04:00,40.524767411929844,40.57636292621279,39.91299082325584,39.94984436035156,1927300,0.0,0.0
2010-09-08 00:00:00-04:00,40.05304833917279,40.73853503541964,40.05304833917279,40.5616340637207,2168400,0.0,0.0
2010-09-09 00:00:00-04:00,40.95966122839894,41.25449525900572,40.731164714091406,41.00388717651367,1940900,0.0,0.0
2010-09-10 00:00:00-04:00,40.96703014953817,41.151300700095476,40.84172471305156,40.944915771484375,1876500,0.0,0.0
2010-09-13 00:00:00-04:00,41.27659691316422,41.79992452063732,41.166033475305944,41.77781295776367,2312800,0.0,0.0
2010-09-14 00:00:00-04:00,42.01367983943157,42.38222089065465,41.60828524543519,42.279029846191406,2414400,0.0,0.0
2010-09-15 00:00:00-04:00,42.01367877353284,42.65493939910342,41.79255471075798,42.53700637817383,1602600,0.0,0.0
2010-09-16 00:00:00-04:00,42.36010792845186,42.6770534469766,42.23480251306662,42.59597396850586,2370500,0.0,0.0
2010-09-17 00:00:00-04:00,42.736020465669334,43.0161124551858,42.41170534900218,42.67705535888672,3902600,0.0,0.0
2010-09-20 00:00:00-04:00,42.71391249097894,43.44362226772758,42.5959794557597,43.340431213378906,1405300,0.0,0.0
2010-09-21 00:00:00-04:00,43.41413338599151,43.59103150144344,43.05296194834782,43.274085998535156,1670700,0.0,0.0
2010-09-22 00:00:00-04:00,43.156160666757884,43.384657152615986,42.404336512889195,42.47804641723633,2140200,0.0,0.0
2010-09-23 00:00:00-04:00,42.27902774700808,42.52226336663106,41.903114318847656,41.903114318847656,1986000,0.0,0.0
2010-09-24 00:00:00-04:00,42.29377305636458,43.14878820761258,42.242177532631565,42.78761672973633,2054600,0.0,0.0
2010-09-27 00:00:00-04:00,42.6549544017795,42.957158049937235,42.40434629269166,42.43383026123047,1210700,0.0,0.0
2010-09-28 00:00:00-04:00,42.573859197407344,43.16352710379189,42.220060140623595,43.060333251953125,1519800,0.0,0.0
2010-09-29 00:00:00-04:00,42.8379585947601,43.03810166876962,42.62298979367007,42.80089569091797,2210300,0.33,0.0
2010-09-30 00:00:00-04:00,43.0158634570691,43.712658520302305,43.0158634570691,43.1789436340332,3516000,0.0,0.0
2010-10-01 00:00:00-04:00,43.49768365799497,43.63111236099701,42.734177167930675,43.13446044921875,1633200,0.0,0.0
2010-10-04 00:00:00-04:00,43.052929937897346,43.34202456374116,42.808309668202746,43.067752838134766,1235000,0.0,0.0
2010-10-05 00:00:00-04:00,43.260471887468796,44.15740695995417,42.80829721338609,44.10551834106445,2253600,0.0,0.0
2010-10-06 00:00:00-04:00,43.95727161601789,44.07587459817139,43.68300274998508,43.809017181396484,1289800,0.0,0.0
2010-10-07 00:00:00-04:00,43.957274558821865,44.09811755361437,43.51251405290044,43.742305755615234,1271400,0.0,0.0
2010-10-08 00:00:00-04:00,43.66817855834961,43.82384444769938,43.45320976197999,43.66817855834961,1465200,0.0,0.0
2010-10-11 00:00:00-04:00,43.63853733219922,43.99434637455294,43.571822960025465,43.86833190917969,736400,0.0,0.0
2010-10-12 00:00:00-04:00,43.62368696995239,44.29083031498893,43.482846853874584,44.24635314941406,1545200,0.0,0.0
2010-10-13 00:00:00-04:00,44.29083031498893,44.47614759664161,44.16481592076942,44.24635314941406,1855200,0.0,0.0
2010-10-14 00:00:00-04:00,44.20189573395419,44.6170047940388,44.09070419130673,44.2834358215332,2076800,0.0,0.0
2010-10-15 00:00:00-04:00,44.4465018032345,44.5058046982066,44.164821535269986,44.23153305053711,1639200,0.0,0.0
2010-10-18 00:00:00-04:00,44.38721411884783,44.772674560546875,44.15741957830076,44.772674560546875,1394400,0.0,0.0
2010-10-19 00:00:00-04:00,44.446519845491125,44.92093188697626,43.875741974417195,44.038822174072266,1886500,0.0,0.0
2010-10-20 00:00:00-04:00,44.17224931896271,45.098836187687624,44.09070922207992,44.8986930847168,2035500,0.0,0.0
2010-10-21 00:00:00-04:00,45.06916780520641,45.210010766104304,44.60958168266036,44.794898986816406,1895800,0.0,0.0
2010-10-22 00:00:00-04:00,44.94314885893567,45.217417649639835,44.6614657932918,44.75783157348633,1382700,0.0,0.0
2010-10-25 00:00:00-04:00,45.009864807128906,45.28413360765781,44.89126185330148,45.009864807128906,1685000,0.0,0.0
2010-10-26 00:00:00-04:00,44.95057385006734,45.499114424472,44.78749368486522,45.410160064697266,1947800,0.0,0.0
2010-10-27 00:00:00-04:00,45.02470697517132,45.150721422513556,44.38721480510978,44.80973815917969,2306500,0.0,0.0
2010-10-28 00:00:00-04:00,45.2174167232523,45.328608223330825,43.93502147354188,44.24635314941406,2046900,0.0,0.0
2010-10-29 00:00:00-04:00,44.3501419888007,44.3501419888007,43.9202044528856,44.04621887207031,1390700,0.0,0.0
2010-11-01 00:00:00-04:00,44.33532313184218,45.17295550465721,44.23154304219764,44.698543548583984,1423800,0.0,0.0
2010-11-02 00:00:00-04:00,44.93575599392205,45.195202013796255,44.82456726630629,44.8986930847168,1386600,0.0,0.0
2010-11-03 00:00:00-04:00,44.980226847208584,45.15071846771805,44.41686052683805,44.87644958496094,1635600,0.0,0.0
2010-11-04 00:00:00-04:00,45.3434482705845,46.262623579495035,45.2174338286946,46.151432037353516,2010900,0.0,0.0
2010-11-05 00:00:00-04:00,46.01800159415127,46.32192190786451,45.59547547243473,45.869747161865234,1576700,0.0,0.0
2010-11-08 00:00:00-05:00,45.75855160884741,45.79561450673181,45.10623386075412,45.29896545410156,1202400,0.0,0.0
2010-11-09 00:00:00-05:00,45.29155340549897,45.36568203263154,44.49839547534739,44.6540641784668,2102700,0.0,0.0
2010-11-10 00:00:00-05:00,44.60217933105939,45.291560113038514,44.579942153485355,45.276737213134766,2166900,0.0,0.0
2010-11-11 00:00:00-05:00,45.0543586302214,45.091424366841146,44.56512088065887,44.59477233886719,2008400,0.0,0.0
2010-11-12 00:00:00-05:00,44.476173483503125,44.728205246351735,44.32050755496341,44.327919006347656,1374100,0.0,0.0
2010-11-15 00:00:00-05:00,44.46133892360595,44.95799089929068,44.424276018607,44.528053283691406,1168000,0.0,0.0
2010-11-16 00:00:00-05:00,44.3575495137303,44.476152473885286,43.55697741189591,43.653343200683594,2122700,0.0,0.0
2010-11-17 00:00:00-05:00,43.61628649928295,43.88314390445445,43.475446347761554,43.72747802734375,1511200,0.0,0.0
2010-11-18 00:00:00-05:00,44.14259279817432,44.794910670709136,43.98692690073302,44.676307678222656,1789300,0.0,0.0
2010-11-19 00:00:00-05:00,44.602180793382914,44.86903824389412,44.35015189869844,44.80973815917969,1828600,0.0,0.0
2010-11-22 00:00:00-05:00,44.47617875669031,44.646670435931306,44.2908613452041,44.5799560546875,1195000,0.0,0.0
2010-11-23 00:00:00-05:00,43.92022789456948,44.23897407850289,43.52735587481315,43.56441879272461,2499500,0.0,0.0
2010-11-24 00:00:00-05:00,43.801614961766646,44.24637553163015,43.60147185701244,44.23896408081055,1171400,0.0,0.0
2010-11-26 00:00:00-05:00,43.749718641642794,43.96468743801242,43.66076710883125,43.66817855834961,539100,0.0,0.0
2010-11-29 00:00:00-05:00,43.35685403337581,44.03140916113137,43.260488207205384,43.93504333496094,1392100,0.0,0.0
2010-11-30 00:00:00-05:00,43.68300588105634,43.942449039451326,43.31237118179587,43.379085540771484,2652000,0.0,0.0
2010-12-01 00:00:00-05:00,43.96469142431639,44.194483140558084,43.66077106757859,44.09070587158203,1527500,0.0,0.0
2010-12-02 00:00:00-05:00,44.14259800061713,44.60218429720214,44.090709362021336,44.357566833496094,2135100,0.0,0.0
2010-12-03 00:00:00-05:00,44.24637107977363,44.33532544697116,43.82384773259994,44.05364227294922,1510700,0.0,0.0
2010-12-06 00:00:00-05:00,43.95727241686038,44.03881249877361,43.749717901239926,43.77936935424805,1606800,0.0,0.0
2010-12-07 00:00:00-05:00,44.164835377088394,44.25378691970743,43.81643782922923,43.912803649902344,2168800,0.0,0.0
2010-12-08 00:00:00-05:00,43.87573766922861,44.15000940132157,43.75713467049493,44.03140640258789,2021400,0.0,0.0
2010-12-09 00:00:00-05:00,44.16482123563422,44.238947026128784,43.779360904083674,44.10551834106445,2000700,0.0,0.0
2010-12-10 00:00:00-05:00,44.23154106126908,44.757844452453,44.187066709702954,44.6837158203125,2297600,0.0,0.0
2010-12-13 00:00:00-05:00,44.86161290040117,45.64735928048691,44.84678717688435,45.18035888671875,2689500,0.0,0.0
2010-12-14 00:00:00-05:00,45.29961553962139,45.828783999811776,45.18036690981334,45.2250862121582,1953800,0.33,0.0
2010-12-15 00:00:00-05:00,45.0462140611412,45.724441209611335,45.016404034556906,45.299617767333984,2353400,0.0,0.0
2010-12-16 00:00:00-05:00,45.43377532005028,45.82878875732422,45.26981021398764,45.82878875732422,2232400,0.0,0.0
2010-12-17 00:00:00-05:00,45.82132807952131,45.90331204330459,45.44867576640571,45.50084686279297,2623300,0.0,0.0
2010-12-20 00:00:00-05:00,45.83624210261912,45.910771440337925,44.93442403790633,45.43377685546875,3027500,0.0,0.0
2010-12-21 00:00:00-05:00,45.50830205918579,46.231245622178406,45.32942769572801,46.0598258972168,3636800,0.0,0.0
2010-12-22 00:00:00-05:00,45.992751181599985,46.41757462231585,45.992751181599985,46.313232421875,1342200,0.0,0.0
2010-12-23 00:00:00-05:00,46.149262366819535,46.425027133185786,46.149262366819535,46.30577850341797,1027900,0.0,0.0
2010-12-27 00:00:00-05:00,46.052379900250344,46.35795472550208,46.052379900250344,46.25361251831055,747200,0.0,0.0
2010-12-28 00:00:00-05:00,46.31321769201312,46.454827355954116,46.164156234601414,46.42501449584961,885200,0.0,0.0
2010-12-29 00:00:00-05:00,46.425041921258774,46.596461703459006,46.20890282248403,46.41758728027344,1334900,0.0,0.0
2010-12-30 00:00:00-05:00,46.38030746337197,46.6784304569852,46.20888773713341,46.484649658203125,1054300,0.0,0.0
2010-12-31 00:00:00-05:00,46.35048715661754,46.61879723918616,46.20888032108905,46.395206451416016,1367600,0.0,0.0
2011-01-03 00:00:00-05:00,46.75295398426359,46.827486144977186,46.27595952814147,46.38775634765625,1818000,0.0,0.0
2011-01-04 00:00:00-05:00,46.290866963984364,46.70823570058519,46.16416370957962,46.35794448852539,1598700,0.0,0.0
2011-01-05 00:00:00-05:00,46.216334863788745,46.56662891943077,46.059821587353014,46.20143127441406,1870800,0.0,0.0
2011-01-06 00:00:00-05:00,46.10453672443541,46.25359819273282,45.910755962715484,46.00019454956055,1434700,0.0,0.0
2011-01-07 00:00:00-05:00,45.85858883531896,46.08218247862863,45.33687791589315,45.65735626220703,1424500,0.0,0.0
2011-01-10 00:00:00-05:00,45.42632345972129,45.64991430811827,44.89715778845567,45.06112289428711,1561700,0.0,0.0
2011-01-11 00:00:00-05:00,45.23253077792205,45.63499590536312,45.105830372863466,45.269798278808594,1400900,0.0,0.0
2011-01-12 00:00:00-05:00,45.50830370699836,45.910766063905925,45.284710033802135,45.35178756713867,1563400,0.0,0.0
2011-01-13 00:00:00-05:00,45.27726344505335,45.38160565488477,45.06112438576712,45.36669921875,1152100,0.0,0.0
2011-01-14 00:00:00-05:00,45.2623561928902,45.38905947619546,45.02385890525764,45.30707550048828,1972800,0.0,0.0
2011-01-18 00:00:00-05:00,45.3666993197342,45.49340260560581,45.165466696134814,45.21018600463867,2006900,0.0,0.0
2011-01-19 00:00:00-05:00,45.187823857853004,45.30707249375554,44.889700846540805,45.143104553222656,1409900,0.0,0.0
2011-01-20 00:00:00-05:00,44.979130234622666,45.55301510199881,44.979130234622666,45.247440338134766,1448800,0.0,0.0
2011-01-21 00:00:00-05:00,44.718292069647006,45.09839630126953,44.38290431050216,45.09839630126953,2027900,0.0,0.0
2011-01-24 00:00:00-05:00,44.9940307613416,45.35177657136189,44.837517502541026,45.23998260498047,1899100,0.0,0.0
2011-01-25 00:00:00-05:00,45.29216372883572,46.43247892868495,45.06111826479925,46.30577850341797,2778600,0.0,0.0
2011-01-26 00:00:00-05:00,46.41757391889564,46.71569692401887,46.15671842174658,46.54427719116211,1299400,0.0,0.0
2011-01-27 00:00:00-05:00,46.69333237135737,47.17032684047923,46.35049010895364,47.095794677734375,1611600,0.0,0.0
2011-01-28 00:00:00-05:00,47.08833844499178,47.170322394728565,45.545558360469876,45.590274810791016,2101000,0.0,0.0
2011-01-31 00:00:00-05:00,46.05238948739045,46.38777725397815,45.70954992292858,45.90332794189453,1688100,0.0,0.0
2011-02-01 00:00:00-05:00,46.35795694642988,46.52192206139532,45.76171370311908,46.32814407348633,1954000,0.0,0.0
2011-02-02 00:00:00-05:00,46.23126021386125,46.73806775332196,46.15673086404568,46.5815544128418,1983400,0.0,0.0
2011-02-03 00:00:00-05:00,46.19397997260219,47.21504650518332,45.933124493037795,47.17033004760742,2247500,0.0,0.0
2011-02-04 00:00:00-05:00,47.10325500862194,47.28958117333713,46.857303106504304,46.9989128112793,1329000,0.0,0.0
2011-02-07 00:00:00-05:00,46.71569873292309,47.15542861879545,46.71569873292309,46.82749557495117,1677500,0.0,0.0
2011-02-08 00:00:00-05:00,46.92438280449439,47.91563941120677,46.82749524141274,47.90073013305664,1935500,0.0,0.0
2011-02-09 00:00:00-05:00,47.654775907182156,48.0274310566019,47.416278658593775,47.75912094116211,1735400,0.0,0.0
2011-02-10 00:00:00-05:00,47.528082399949085,47.73676965514782,47.25977224548776,47.51317596435547,1110100,0.0,0.0
2011-02-11 00:00:00-05:00,47.423756218290464,47.475927338940686,47.14053953253722,47.28214645385742,1424100,0.0,0.0
2011-02-14 00:00:00-05:00,47.1405330657959,47.341765722032875,46.38032175660483,46.5815544128418,2090200,0.0,0.0
2011-02-15 00:00:00-05:00,46.44738046434931,46.84239097571308,46.208883229966126,46.49209976196289,1580500,0.0,0.0
2011-02-16 00:00:00-05:00,46.55173189330479,47.028726456793336,46.32814104705852,46.86476135253906,1160000,0.0,0.0
2011-02-17 00:00:00-05:00,46.70824023994614,47.438641286204515,46.70824023994614,47.20759582519531,1362100,0.0,0.0
2011-02-18 00:00:00-05:00,47.416285065072536,49.033597771385736,47.103258450173634,48.99633026123047,3593200,0.0,0.0
2011-02-22 00:00:00-05:00,48.46715212864276,48.96650479340895,47.66967651799955,48.32554244995117,4117300,0.0,0.0
2011-02-23 00:00:00-05:00,48.176497302981026,48.437352821294084,47.803844937898425,47.91564178466797,3786900,0.0,0.0
2011-02-24 00:00:00-05:00,47.7144048314883,47.885827416005405,46.007659213534964,46.68588638305664,3913600,0.0,0.0
2011-02-25 00:00:00-05:00,46.78276445048973,47.2970235390524,46.5442672346539,47.16286849975586,1736200,0.0,0.0
2011-02-28 00:00:00-05:00,47.13306257899748,47.35665338289907,46.87220427185286,47.1405143737793,1974100,0.0,0.0
2011-03-01 00:00:00-05:00,47.140511730224226,47.20013745758032,46.63370442014209,46.64115905761719,2804200,0.0,0.0
2011-03-02 00:00:00-05:00,46.514465726972084,46.514465726972084,45.724441729711444,45.85859680175781,2145300,0.0,0.0
2011-03-03 00:00:00-05:00,46.25360297014654,47.170327256661714,46.20888367210507,46.76041030883789,3077700,0.0,0.0
2011-03-04 00:00:00-05:00,46.67096581562152,46.7604044004034,46.15670674712506,46.72313690185547,2488400,0.0,0.0
2011-03-07 00:00:00-05:00,46.656068340239536,46.700787641214134,46.11945094410187,46.290870666503906,2044200,0.0,0.0
2011-03-08 00:00:00-05:00,46.447372805268365,46.97653827910323,46.37284349798009,46.64860534667969,1442000,0.0,0.0
2011-03-09 00:00:00-05:00,46.469758394720785,46.58155526460083,46.164183505909506,46.41758728027344,856800,0.0,0.0
2011-03-10 00:00:00-05:00,46.02256066977712,46.186528597343674,45.47848863380172,45.50084686279297,1793100,0.0,0.0
2011-03-11 00:00:00-05:00,45.19527488310581,45.85114379094231,44.382892676399415,45.75425338745117,1789600,0.0,0.0
2011-03-14 00:00:00-04:00,45.277255040892314,45.94803032689086,45.26980324576409,45.53065872192383,1323700,0.0,0.0
2011-03-15 00:00:00-04:00,44.494701805218575,45.07603870052384,44.38290493622335,44.8300895690918,1842800,0.0,0.0
2011-03-16 00:00:00-04:00,44.710811716893225,45.44866147266368,44.61392134988426,44.93440246582031,3550600,0.0,0.0
2011-03-17 00:00:00-04:00,45.35926327799857,45.6275735359909,45.0313272546244,45.321998596191406,2111600,0.0,0.0
2011-03-18 00:00:00-04:00,45.67972684754462,46.14181497662295,45.25490338574308,45.33688735961914,2494700,0.0,0.0
2011-03-21 00:00:00-04:00,45.754252811509616,46.305779513157056,45.575381284513234,46.27596664428711,1939400,0.0,0.0
2011-03-22 00:00:00-04:00,46.223785044725325,46.58153086056111,46.007646059185674,46.022552490234375,2738600,0.0,0.0
2011-03-23 00:00:00-04:00,45.880945659938234,46.216330407645465,45.46357411990765,46.022552490234375,1703200,0.0,0.0
2011-03-24 00:00:00-04:00,46.20889022143415,46.350497087302195,45.81387965030474,46.313232421875,1569400,0.0,0.0
2011-03-25 00:00:00-04:00,46.432478560787544,46.79767908580818,46.00765514291121,46.484649658203125,1852600,0.0,0.0
2011-03-28 00:00:00-04:00,46.61134841389368,47.349198344844275,46.320680086967,47.095794677734375,1739100,0.0,0.0
2011-03-29 00:00:00-04:00,47.25976287683601,47.8783641942258,46.99145277556378,47.706947326660156,2000100,0.0,0.0
2011-03-30 00:00:00-04:00,48.11898954243554,48.12647709567834,47.75938693764869,48.07403564453125,1754400,0.33,0.0
2011-03-31 00:00:00-04:00,47.79684754498459,48.87564684982558,47.75189936010262,48.47109603881836,4065300,0.0,0.0
2011-04-01 00:00:00-04:00,48.770763818425365,49.35511308317797,48.6209327254031,49.32514572143555,2312800,0.0,0.0
2011-04-04 00:00:00-04:00,49.44503434765771,50.471395451614285,49.44503434765771,50.16423416137695,3240700,0.0,0.0
2011-04-05 00:00:00-04:00,49.729697876187316,50.31405287243155,49.48996469145506,49.76715850830078,3052300,0.0,0.0
2011-04-06 00:00:00-04:00,49.924478745358385,50.02936164777258,49.51992795789384,49.80461502075195,2078200,0.0,0.0
2011-04-07 00:00:00-04:00,49.54989596220412,49.94695348589024,49.220260712793944,49.302669525146484,1965800,0.0,0.0
2011-04-08 00:00:00-04:00,49.482474196153674,49.62481201520579,49.08541095269981,49.287689208984375,1629700,0.0,0.0
2011-04-11 00:00:00-04:00,49.23523749043528,49.93196276494855,49.23523749043528,49.909488677978516,2039600,0.0,0.0
2011-04-12 00:00:00-04:00,49.572365210043706,50.13424030353558,49.44500822728425,49.902000427246094,2736300,0.0,0.0
2011-04-13 00:00:00-04:00,50.036872288346494,50.08182048621768,49.624828088888954,49.74469757080078,2348400,0.0,0.0
2011-04-14 00:00:00-04:00,49.44502894214406,49.87205396347129,49.20529569711284,49.5948600769043,3527900,0.0,0.0
2011-04-15 00:00:00-04:00,49.35511779785156,49.534921985481965,49.2052866905166,49.35511779785156,3498400,0.0,0.0
2011-04-18 00:00:00-04:00,48.80072080113269,48.88312959947502,48.19389757305611,48.58346176147461,2508700,0.0,0.0
2011-04-19 00:00:00-04:00,48.75578487019542,48.77076569379777,48.03658530779161,48.3062858581543,1885100,0.0,0.0
2011-04-20 00:00:00-04:00,48.71832831628357,48.838197777897854,48.02160278879944,48.18642044067383,2465600,0.0,0.0
2011-04-21 00:00:00-04:00,48.5610129028779,49.10041414837719,48.351247022004074,48.93559646606445,2015600,0.0,0.0
2011-04-25 00:00:00-04:00,48.823212211541296,49.11538688544287,48.620939635644305,49.03297805786133,1458700,0.0,0.0
2011-04-26 00:00:00-04:00,48.92060389149503,49.25772673113546,48.86816243386895,48.973045349121094,1700000,0.0,0.0
2011-04-27 00:00:00-04:00,49.19029904389145,49.7596617453521,49.02548141926721,49.58735656738281,2093800,0.0,0.0
2011-04-28 00:00:00-04:00,49.68474641604901,50.4713739130744,49.587356780937796,50.40394592285156,2441500,0.0,0.0
2011-04-29 00:00:00-04:00,50.41144853678738,50.80850613559207,50.314058883622856,50.3814811706543,2456400,0.0,0.0
2011-05-02 00:00:00-04:00,50.74857038488237,50.80101184564018,49.924487837677944,50.04435729980469,1776500,0.0,0.0
2011-05-03 00:00:00-04:00,49.87205593607774,50.60624224310181,49.85707510828575,50.57627487182617,1621500,0.0,0.0
2011-05-04 00:00:00-04:00,50.68864112906115,50.77104423926921,49.63231293291964,49.7971305847168,1871400,0.0,0.0
2011-05-05 00:00:00-04:00,49.707228724341135,50.90589476715581,49.707228724341135,50.04435729980469,2693600,0.0,0.0
2011-05-06 00:00:00-04:00,50.47136918811854,50.838459318376195,50.17919459444768,50.37397384643555,1599200,0.0,0.0
2011-05-09 00:00:00-04:00,50.418945695560154,50.56877682208991,49.95446005821216,50.46389389038086,1388000,0.0,0.0
2011-05-10 00:00:00-04:00,50.5537884736517,51.29546215629282,50.381477559659196,51.28047561645508,1678100,0.0,0.0
2011-05-11 00:00:00-04:00,51.04824364066519,51.44530127285108,50.598744542260235,50.875938415527344,1749700,0.0,0.0
2011-05-12 00:00:00-04:00,50.591232993331694,51.37786041811219,50.44888947258173,51.31043243408203,1378300,0.0,0.0
2011-05-13 00:00:00-04:00,51.250510332302724,51.49024351148696,50.681141888356485,50.79351806640625,1239900,0.0,0.0
2011-05-16 00:00:00-04:00,50.66615295410156,51.17558665024341,50.448893877661256,50.66615295410156,1163800,0.0,0.0
2011-05-17 00:00:00-04:00,50.598731300946135,51.44528780999939,50.18668723441731,51.385353088378906,1815100,0.0,0.0
2011-05-18 00:00:00-04:00,51.34789622819298,51.95471954345703,51.22802678949471,51.95471954345703,1764800,0.0,0.0
2011-05-19 00:00:00-04:00,52.314332686175966,52.314332686175966,51.580146515420445,51.84235382080078,1808000,0.0,0.0
2011-05-20 00:00:00-04:00,51.812385111745854,51.89478821161811,51.370373672304815,51.40034103393555,1519100,0.0,0.0
2011-05-23 00:00:00-04:00,50.95832866263049,51.22054164318191,50.80849757290657,50.860939025878906,1360000,0.0,0.0
2011-05-24 00:00:00-04:00,50.89090247264663,51.04822681946293,50.606221137791785,50.778526306152344,2101700,0.0,0.0
2011-05-25 00:00:00-04:00,50.65867614746093,50.913390191721966,50.373989020709445,50.65867614746094,1588000,0.0,0.0
2011-05-26 00:00:00-04:00,50.44140392849785,50.80849407402492,50.269093043060636,50.68113708496094,1774700,0.0,0.0
2011-05-27 00:00:00-04:00,50.88343085444854,51.422832110579854,50.73359971249726,51.37788391113281,2432800,0.0,0.0
2011-05-31 00:00:00-04:00,51.79742295695964,51.864850981293294,51.415346060915624,51.55768966674805,2101900,0.0,0.0
2011-06-01 00:00:00-04:00,51.48275580404198,51.88730665931289,50.83097847349044,50.913387298583984,2676100,0.0,0.0
2011-06-02 00:00:00-04:00,50.84595806154659,51.272982953328935,50.673647164723334,51.2055549621582,1181300,0.0,0.0
2011-06-03 00:00:00-04:00,50.658664071317695,51.47525318810768,50.56876199234977,51.01826095581055,1756600,0.0,0.0
2011-06-06 00:00:00-04:00,50.913374854962996,51.24301007477178,50.25411013103448,50.37397384643555,1421500,0.0,0.0
2011-06-07 00:00:00-04:00,50.591239751354095,50.88341438457258,50.39645475731183,50.426422119140625,1385000,0.0,0.0
2011-06-08 00:00:00-04:00,50.418938655651175,50.43391947993596,49.624817791990125,49.65478515625,1917500,0.0,0.0
2011-06-09 00:00:00-04:00,49.76716933575677,50.17172024469932,49.3776049691961,50.066837310791016,1219800,0.0,0.0
2011-06-10 00:00:00-04:00,49.76715431812307,49.78962840922294,49.13785118887924,49.43751907348633,1919600,0.0,0.0
2011-06-13 00:00:00-04:00,49.59484495929095,49.617324766774914,49.092904523586235,49.25022888183594,1591200,0.0,0.0
2011-06-14 00:00:00-04:00,49.59484495929095,49.59484495929095,48.95805425713082,49.25022888183594,2028500,0.0,0.0
2011-06-15 00:00:00-04:00,48.93559213775049,48.988033603330535,48.02910068090045,48.13398361206055,2679800,0.0,0.0
2011-06-16 00:00:00-04:00,48.07404456281916,48.78575663549133,48.07404456281916,48.516056060791016,2385100,0.0,0.0
2011-06-17 00:00:00-04:00,48.74827760187676,49.00299725549118,48.11898030886771,48.17890930175781,2803100,0.0,0.0
2011-06-20 00:00:00-04:00,47.95417718034377,48.508559112666724,47.57210044253802,48.31377410888672,2048400,0.0,0.0
2011-06-21 00:00:00-04:00,48.531020318501184,48.87563633171064,48.17142348545159,48.58346176147461,2292800,0.0,0.0
2011-06-22 00:00:00-04:00,48.426148448411276,48.99551689856167,48.41116762516333,48.53852462768555,1797500,0.0,0.0
2011-06-23 00:00:00-04:00,48.044072861747765,48.45611695693799,47.572099756458094,48.3062858581543,1519700,0.0,0.0
2011-06-24 00:00:00-04:00,48.26133197556588,48.37370815754431,47.77437518863108,47.90922546386719,2049300,0.0,0.0
2011-06-27 00:00:00-04:00,47.81183142589722,48.75578332219607,47.81183142589722,48.49357604980469,1213500,0.0,0.0
2011-06-28 00:00:00-04:00,48.712026694496366,48.82501383752581,48.53125071370815,48.742156982421875,1737200,0.35,0.0
2011-06-29 00:00:00-04:00,48.9982424348149,49.81927091001006,48.922913871015744,49.774078369140625,2331500,0.0,0.0
2011-06-30 00:00:00-04:00,49.89460643047043,49.90214043812106,49.36734083020722,49.5782470703125,1529300,0.0,0.0
2011-07-01 00:00:00-04:00,49.472798873851104,49.97746824815176,49.420072308577375,49.9096794128418,1856800,0.0,0.0
2011-07-05 00:00:00-04:00,49.909678849501304,49.924741119367525,49.07358207619461,49.18656921386719,1647000,0.0,0.0
2011-07-06 00:00:00-04:00,49.18656156451676,49.261884395662975,48.90032676069203,49.17902755737305,1147100,0.0,0.0
2011-07-07 00:00:00-04:00,49.63095361525038,49.87199004198937,49.29952637344862,49.83433151245117,1023900,0.0,0.0
2011-07-08 00:00:00-04:00,49.30708169227506,49.51798793849594,48.96059203823159,49.442665100097656,1277500,0.0,0.0
2011-07-11 00:00:00-04:00,48.83252044590729,49.08861912942799,48.486030949329034,48.576416015625,1085500,0.0,0.0
2011-07-12 00:00:00-04:00,48.39566945642152,49.43513857591079,48.28268230833756,48.825016021728516,2006500,0.0,0.0
2011-07-13 00:00:00-04:00,48.91539215901985,49.502918256008975,48.85513159862011,48.97564697265625,1219200,0.0,0.0
2011-07-14 00:00:00-04:00,49.20161474235471,49.35226037681632,48.719541815962465,48.787330627441406,1656800,0.0,0.0
2011-07-15 00:00:00-04:00,48.80992058253614,48.93043591097053,48.16213129688233,48.63667297363281,1373000,0.0,0.0
2011-07-18 00:00:00-04:00,48.51615978957237,48.51615978957237,47.83070907431389,47.97382354736328,2104600,0.0,0.0
2011-07-19 00:00:00-04:00,48.10941696166992,48.21487292920517,47.7177319881115,48.10941696166992,1592400,0.0,0.0
2011-07-20 00:00:00-04:00,48.154611978024825,48.19980739230896,47.732796731516736,48.003963470458984,1171500,0.0,0.0
2011-07-21 00:00:00-04:00,48.335379944356696,49.442642988595644,48.297721415381126,49.15641403198242,2191300,0.0,0.0
2011-07-22 00:00:00-04:00,49.90211920413049,49.90211920413049,49.17900993999147,49.548095703125,1169200,0.0,0.0
2011-07-25 00:00:00-04:00,48.99071814978857,49.57824428471809,48.90032730335183,49.329673767089844,1348700,0.0,0.0
2011-07-26 00:00:00-04:00,49.23174245278489,50.090435167341184,49.163947898076614,49.6234245300293,2026900,0.0,0.0
2011-07-27 00:00:00-04:00,50.8436931637699,51.73251647413305,50.80602887012803,51.50654220581055,5591900,0.0,0.0
2011-07-28 00:00:00-04:00,51.09977134645845,52.07145111324158,50.46705284535059,50.564971923828125,2796100,0.0,0.0
2011-07-29 00:00:00-04:00,50.44447328616517,50.71564008982156,50.067853364060625,50.45200729370117,2522500,0.0,0.0
2011-08-01 00:00:00-04:00,51.00186904098117,51.122390174215845,49.563183930266774,49.87200927734375,1960300,0.0,0.0
2011-08-02 00:00:00-04:00,49.68368872496496,50.519785231555275,49.62342817119421,50.09043884277344,3928600,0.0,0.0
2011-08-03 00:00:00-04:00,50.01510386046203,50.46704641030654,49.75147118528283,50.38418960571289,2932600,0.0,0.0
2011-08-04 00:00:00-04:00,49.020844777549286,49.75901652141408,48.2826672869212,48.32033157348633,3979400,0.0,0.0
2011-08-05 00:00:00-04:00,49.035906279453265,49.05850255233466,47.03228867149108,47.58968734741211,4215600,0.0,0.0
2011-08-08 00:00:00-04:00,46.55021060161069,46.9870909854008,44.395944705556076,44.42607498168945,5876500,0.0,0.0
2011-08-09 00:00:00-04:00,45.31490315519814,47.702674652121246,44.51646798736418,47.64241409301758,4493400,0.0,0.0
2011-08-10 00:00:00-04:00,46.85151571333659,46.89670826196581,44.56919718596205,44.70478057861328,3722400,0.0,0.0
2011-08-11 00:00:00-04:00,45.20945952273196,48.50865111700434,44.8177744266345,47.77047348022461,5465600,0.0,0.0
2011-08-12 00:00:00-04:00,48.041633639084736,48.041633639084736,46.79125568303818,47.250732421875,2438400,0.0,0.0
2011-08-15 00:00:00-04:00,47.695150708286995,48.365533766154186,47.49177558847635,48.35047149658203,1740000,0.0,0.0
2011-08-16 00:00:00-04:00,47.680057525634766,47.89849765993946,47.243180130405904,47.680057525634766,2264100,0.0,0.0
2011-08-17 00:00:00-04:00,47.875910908045945,48.275124110667846,47.77045494842867,48.162139892578125,1581400,0.0,0.0
2011-08-18 00:00:00-04:00,46.77618696925516,47.24319767953172,45.73671819100973,46.00035095214844,3289600,0.0,0.0
2011-08-19 00:00:00-04:00,45.555945022470716,45.99282550739875,45.104002269370355,45.179325103759766,4760000,0.0,0.0
2011-08-22 00:00:00-04:00,46.263978454211646,46.45982237455056,45.0286658737893,45.119056701660156,2565500,0.0,0.0
2011-08-23 00:00:00-04:00,45.19439258595719,46.67827606201172,44.99855148237283,46.67827606201172,2577300,0.0,0.0
2011-08-24 00:00:00-04:00,46.56528394313399,47.54449510292716,46.34684371275608,47.14527893066406,2510400,0.0,0.0
2011-08-25 00:00:00-04:00,47.695155056085675,47.973853042691516,45.917508252774404,46.24140167236328,2789100,0.0,0.0
2011-08-26 00:00:00-04:00,45.98528378471073,47.21306531826329,44.81776280726499,47.002159118652344,2444500,0.0,0.0
2011-08-29 00:00:00-04:00,47.61983105432965,48.749690991094454,47.58970076640414,48.742156982421875,2694700,0.0,0.0
2011-08-30 00:00:00-04:00,48.553834079782355,48.772274299073196,48.04163081480187,48.32786560058594,1551800,0.0,0.0
2011-08-31 00:00:00-04:00,48.68188461493043,48.832536018067444,48.214879632114254,48.64422607421875,1655000,0.0,0.0
2011-09-01 00:00:00-04:00,48.53877060413738,48.84759590870883,47.92864538133097,47.996437072753906,1591700,0.0,0.0
2011-09-02 00:00:00-04:00,47.08502215238573,48.064236264268054,46.83645449396875,46.86658477783203,1984800,0.0,0.0
2011-09-06 00:00:00-04:00,45.52581117441259,46.45229575708628,45.35256637017751,46.316715240478516,1759900,0.0,0.0
2011-09-07 00:00:00-04:00,47.04736392816025,48.38813004389463,46.828923665395244,48.35047149658203,1787000,0.0,0.0
2011-09-08 00:00:00-04:00,47.87590780261628,48.57641795480165,47.649933634332264,48.09434509277344,1574500,0.0,0.0
2011-09-09 00:00:00-04:00,47.506845606195256,47.82320789393507,46.36192048462037,46.39958190917969,2988600,0.0,0.0
2011-09-12 00:00:00-04:00,45.83463940192258,46.610478328177344,45.35256640311285,46.5878791809082,2245400,0.0,0.0
2011-09-13 00:00:00-04:00,46.74606276518524,46.9193075734261,45.96269268788431,46.34684371948242,1406800,0.0,0.0
2011-09-14 00:00:00-04:00,46.64060620525594,46.70839790098261,45.638798783274964,46.188663482666016,2859900,0.0,0.0
2011-09-15 00:00:00-04:00,46.836440030950975,47.03981507415317,46.15099208832779,46.57280731201172,2013500,0.0,0.0
2011-09-16 00:00:00-04:00,46.8741100315105,47.371248159357954,46.48242501057286,47.34865188598633,2390300,0.0,0.0
2011-09-19 00:00:00-04:00,46.6104741241024,47.21306531826329,46.4146301901367,47.002159118652344,1681900,0.0,0.0
2011-09-20 00:00:00-04:00,47.08502386632634,48.24501685023117,47.08502386632634,47.634891510009766,1711400,0.0,0.0
2011-09-21 00:00:00-04:00,47.491781871700674,47.75541759820814,45.35258013665893,45.375179290771484,2791400,0.0,0.0
2011-09-22 00:00:00-04:00,44.36582447439329,45.29984019845827,44.2679024978217,44.83283233642578,3462900,0.0,0.0
2011-09-23 00:00:00-04:00,44.426080759235305,45.548409267419835,44.426080759235305,44.968414306640625,2561500,0.0,0.0
2011-09-26 00:00:00-04:00,45.51074348275539,46.211256667303836,44.93828254752153,46.12840270996094,1855300,0.0,0.0
2011-09-27 00:00:00-04:00,46.74606358829606,47.09255321087881,45.47308647192184,45.774383544921875,3159300,0.0,0.0
2011-09-28 00:00:00-04:00,45.903181282080475,46.259255736320476,45.486500070325796,45.57741165161133,4036400,0.35,0.0
2011-09-29 00:00:00-04:00,46.35014817371312,46.766829213367004,45.76679356218734,46.759254455566406,3798800,0.0,0.0
2011-09-30 00:00:00-04:00,45.94864526715693,46.7971602271905,45.85773078248985,45.910762786865234,2761100,0.0,0.0
2011-10-03 00:00:00-04:00,45.72135154233739,46.41834798272351,44.759198030434206,44.781925201416016,2687100,0.0,0.0
2011-10-04 00:00:00-04:00,44.11522071391062,45.274352336292615,43.10761026393778,45.14556121826172,3900000,0.0,0.0
2011-10-05 00:00:00-04:00,45.25920390990205,46.41075791187834,44.804640381728824,46.24408721923828,2446100,0.0,0.0
2011-10-06 00:00:00-04:00,46.02439171160517,46.69108329786963,45.486494164631495,46.645626068115234,2480800,0.0,0.0
2011-10-07 00:00:00-04:00,46.94866569984724,46.97896762785829,45.60770784696339,45.71377182006836,2054300,0.0,0.0
2011-10-10 00:00:00-04:00,46.547135479133196,47.50929180542564,46.41834433365843,47.48656463623047,1839000,0.0,0.0
2011-10-11 00:00:00-04:00,46.98653950175495,47.888086052354765,46.83501832021875,47.524436950683594,2127200,0.0,0.0
2011-10-12 00:00:00-04:00,47.880521515340675,48.21386587386185,47.46384034468251,47.56990432739258,2350200,0.0,0.0
2011-10-13 00:00:00-04:00,47.05472877386984,47.49413706691262,46.70623204317617,47.28200912475586,1467000,0.0,0.0
2011-10-14 00:00:00-04:00,47.89564899866691,47.98656052367152,47.009252237289786,47.84261703491211,1231300,0.0,0.0
2011-10-17 00:00:00-04:00,47.48655901910938,47.48655901910938,46.645619178042494,46.721378326416016,1566500,0.0,0.0
2011-10-18 00:00:00-04:00,46.766847689071476,48.88055853363735,46.668358458599315,48.509334564208984,2651900,0.0,0.0
2011-10-19 00:00:00-04:00,48.6305541835131,50.64577581113258,48.50933488979406,49.95635986328125,3837700,0.0,0.0
2011-10-20 00:00:00-04:00,49.80483175278282,51.65338537340274,49.706345419573275,51.49428939819336,3926700,0.0,0.0
2011-10-21 00:00:00-04:00,52.062485252973936,53.28979855914796,52.062485252973936,53.17616271972656,4402700,0.0,0.0
2011-10-24 00:00:00-04:00,53.229191384712195,54.229227169614745,53.123127421165904,53.464046478271484,2866500,0.0,0.0
2011-10-25 00:00:00-04:00,52.55492764667682,53.411017044730805,51.963992390086524,52.27461242675781,3006500,0.0,0.0
2011-10-26 00:00:00-04:00,54.63835470111914,55.48686673863861,53.2973935588818,53.78983688354492,3649000,0.0,0.0
2011-10-27 00:00:00-04:00,54.17621587819344,55.88082337483028,53.69135020822111,55.5550537109375,4595200,0.0,0.0
2011-10-28 00:00:00-04:00,54.661065649734425,55.615647188621786,54.13074000366232,55.1989631652832,2606800,0.0,0.0
2011-10-31 00:00:00-04:00,54.24439149291173,55.57019717916333,54.24439149291173,54.661075592041016,2879900,0.0,0.0
2011-11-01 00:00:00-04:00,53.00191799695996,53.88831233398899,52.46402043055635,52.592811584472656,3038900,0.0,0.0
2011-11-02 00:00:00-04:00,53.888283399849605,54.69891813932542,53.577669267178734,54.39588165283203,2981200,0.0,0.0
2011-11-03 00:00:00-04:00,54.57772062252033,55.15350051891904,53.956486395897464,55.07016372680664,2129500,0.0,0.0
2011-11-04 00:00:00-04:00,54.3125721374255,54.78986004518655,54.13074321823268,54.57773208618164,1838700,0.0,0.0
2011-11-07 00:00:00-05:00,54.38832865055643,54.75955256075148,54.04740377869915,54.721675872802734,1773300,0.0,0.0
2011-11-08 00:00:00-05:00,54.87320346901089,55.198973096765,54.236813735234776,55.100486755371094,1754100,0.0,0.0
2011-11-09 00:00:00-05:00,53.94891139722454,54.138312155863886,53.11554921522192,53.229190826416016,2893100,0.0,0.0
2011-11-10 00:00:00-05:00,53.72162862910237,53.88072455698088,52.97159753760843,53.350399017333984,2000500,0.0,0.0
2011-11-11 00:00:00-05:00,53.82013084525511,54.259542078863745,53.78224837406162,53.971649169921875,1632300,0.0,0.0
2011-11-14 00:00:00-05:00,53.645879688355855,53.86558530564555,53.09283260005213,53.25950622558594,1496800,0.0,0.0
2011-11-15 00:00:00-05:00,53.25191793284818,53.66859613335538,52.91099309964871,53.282222747802734,1717600,0.0,0.0
2011-11-16 00:00:00-05:00,52.5321957585114,52.89584778681991,52.00187590478327,52.08521270751953,2529000,0.0,0.0
2011-11-17 00:00:00-05:00,52.00187809955317,52.138246893417765,50.501827147095696,50.82759094238281,3243000,0.0,0.0
2011-11-18 00:00:00-05:00,51.1230612449427,51.69883545635286,51.1230612449427,51.42609786987305,2759100,0.0,0.0
2011-11-21 00:00:00-05:00,50.84275164340816,50.97154280128199,49.81241082030999,50.266971588134766,3181500,0.0,0.0
2011-11-22 00:00:00-05:00,50.23666951527204,50.28970151141933,49.789686373466886,49.85029602050781,3365800,0.0,0.0
2011-11-23 00:00:00-05:00,49.55480059546821,49.706318839390654,48.91083360867154,48.91841125488281,2300200,0.0,0.0
2011-11-25 00:00:00-05:00,48.69114514013997,49.50935781563688,48.55477636089049,49.191165924072266,1164500,0.0,0.0
2011-11-28 00:00:00-05:00,50.494247823320045,50.58515649618034,49.68361273668239,50.176055908203125,2992100,0.0,0.0
2011-11-29 00:00:00-05:00,50.21393093274583,50.365455015917966,49.918466195626124,50.01695251464844,1639300,0.0,0.0
2011-11-30 00:00:00-05:00,51.41095527790968,52.77464339405605,50.979121671138984,52.676151275634766,2690200,0.0,0.0
2011-12-01 00:00:00-05:00,52.5473335807946,52.63824800264823,51.85034035340304,51.971553802490234,1941400,0.0,0.0
2011-12-02 00:00:00-05:00,52.206439490559305,52.93373787179669,51.698840951733715,51.80490493774414,2223500,0.0,0.0
2011-12-05 00:00:00-05:00,52.418556213378906,52.97918084484402,51.97156741392852,52.418556213378906,1589100,0.0,0.0
2011-12-06 00:00:00-05:00,52.75948572001667,53.56254325226863,52.19886097750418,53.214046478271484,2401600,0.0,0.0
2011-12-07 00:00:00-05:00,52.812522771747155,53.47163969139693,52.509480310527,53.25193405151367,2144200,0.0,0.0
2011-12-08 00:00:00-05:00,53.21404756718485,53.28223486134789,51.926124429099296,52.032188415527344,2034700,0.0,0.0
2011-12-09 00:00:00-05:00,52.41096997812988,52.69885700549045,52.10035000803817,52.55491638183594,2195700,0.0,0.0
2011-12-12 00:00:00-05:00,52.077641377241335,52.282197474252136,51.554899109438,51.82763671875,2000500,0.0,0.0
2011-12-13 00:00:00-05:00,52.259460163279265,52.259460163279265,50.55485332586079,50.88062286376953,1679200,0.0,0.0
2011-12-14 00:00:00-05:00,50.48668189787117,51.48671799193256,50.33516355454992,50.956398010253906,2355400,0.0,0.0
2011-12-15 00:00:00-05:00,51.50185849154028,51.50185849154028,50.63061381772209,50.698795318603516,2024900,0.0,0.0
2011-12-16 00:00:00-05:00,51.085179345362405,51.1685161521617,50.33515386422192,50.56243133544922,2797600,0.0,0.0
2011-12-19 00:00:00-05:00,50.51697275997289,50.97153344435321,50.191203209824,50.22150802612305,2227600,0.0,0.0
2011-12-20 00:00:00-05:00,50.97154371040184,51.87309339170606,50.96396605978771,51.56247329711914,2373500,0.0,0.0
2011-12-21 00:00:00-05:00,51.61549300088756,52.52462011632912,51.50942903776058,52.471588134765625,1567600,0.0,0.0
2011-12-22 00:00:00-05:00,52.35037958306124,53.00949644308451,52.282198069983146,53.00191879272461,1460000,0.0,0.0
2011-12-23 00:00:00-05:00,53.19130818383881,53.441318571614794,53.00190742583622,53.38828659057617,673600,0.0,0.0
2011-12-27 00:00:00-05:00,53.25195138852042,53.6459026703257,53.16103688653948,53.47922897338867,650000,0.0,0.0
2011-12-28 00:00:00-05:00,53.44890600773624,53.44890600773624,52.88070362968116,53.00949478149414,1136000,0.0,0.0
2011-12-29 00:00:00-05:00,53.05494014171328,53.53980562651133,53.05494014171328,53.464046478271484,1260400,0.0,0.0
2011-12-30 00:00:00-05:00,53.53981287479293,53.676181672107425,53.1079793133059,53.12313461303711,886200,0.0,0.0
2012-01-03 00:00:00-05:00,53.94891133664573,54.206499373733266,53.161003487984495,53.282222747802734,1465200,0.0,0.0
2012-01-04 00:00:00-05:00,53.00191661059547,53.267076561738456,52.58523833881462,52.77463912963867,1436900,0.0,0.0
2012-01-05 00:00:00-05:00,52.48673253892149,52.95644845847448,52.00186710327733,52.926143646240234,2145200,0.0,0.0
2012-01-06 00:00:00-05:00,53.024642080247645,53.24434768416425,52.38825821791257,53.05494689941406,1472500,0.0,0.0
2012-01-09 00:00:00-05:00,53.03222239875326,53.373141516438125,52.698875151201115,53.29738235473633,1852800,0.0,0.0
2012-01-10 00:00:00-05:00,53.854150797231306,54.15160279778937,53.41178419473463,53.99906539916992,2235000,0.47,0.0
2012-01-11 00:00:00-05:00,53.663484296153186,53.86178759964289,53.04570017323601,53.190608978271484,1851600,0.0,0.0
2012-01-12 00:00:00-05:00,53.404153749852654,53.747371613383194,52.946535750740495,53.457542419433594,1406900,0.0,0.0
2012-01-13 00:00:00-05:00,52.9160423048477,53.27451168309247,52.47368140939374,53.20587158203125,1471600,0.0,0.0
2012-01-17 00:00:00-05:00,53.7549896336515,53.98379567864574,53.15245715632338,53.35838317871094,1570300,0.0,0.0
2012-01-18 00:00:00-05:00,53.274496383574444,53.472799650130185,52.86263843869494,53.457542419433594,2124400,0.0,0.0
2012-01-19 00:00:00-05:00,53.602450370943366,54.204982892330214,53.2439811400867,54.09820556640625,2100600,0.0,0.0
2012-01-20 00:00:00-05:00,54.21263511987479,55.72277556938008,54.09060051199174,55.425323486328125,4149200,0.0,0.0
2012-01-23 00:00:00-05:00,55.28039598204804,55.44056198657135,54.319394135979785,54.76176071166992,1698100,0.0,0.0
2012-01-24 00:00:00-05:00,54.32702470575008,54.39566478776034,53.85414947138556,54.22024154663086,1882200,0.0,0.0
2012-01-25 00:00:00-05:00,53.97617917351439,54.70837497474944,53.59482986071346,54.6626091003418,1917000,0.0,0.0
2012-01-26 00:00:00-05:00,54.72362300136633,54.75413164277438,53.96855303803417,54.3422737121582,2134100,0.0,0.0
2012-01-27 00:00:00-05:00,53.938056652410204,53.938056652410204,52.38977911745473,52.977054595947266,3697400,0.0,0.0
2012-01-30 00:00:00-05:00,52.64144947552433,52.87026135990159,52.267728828707554,52.61094665527344,2023300,0.0,0.0
2012-01-31 00:00:00-05:00,52.931275346144055,53.47279056530033,52.527046085289896,53.08381271362305,2777800,0.0,0.0
2012-02-01 00:00:00-05:00,54.25836865406419,55.57783956661146,54.25836865406419,55.29563903808594,3806500,0.0,0.0
2012-02-02 00:00:00-05:00,55.42530810549492,55.42530810549492,55.00582734989854,55.280399322509766,1857100,0.0,0.0
2012-02-03 00:00:00-05:00,55.539721809921986,56.638009853543004,55.25752118234448,56.59987258911133,3341400,0.0,0.0
2012-02-06 00:00:00-05:00,56.11935344164988,56.17274210048231,55.47868371673329,55.66173553466797,1747500,0.0,0.0
2012-02-07 00:00:00-05:00,55.28039509372146,56.821043649803784,55.25750924864725,56.59223175048828,1821100,0.0,0.0
2012-02-08 00:00:00-05:00,56.58461206011148,56.62274349947141,55.783776187480626,56.13461685180664,1369300,0.0,0.0
2012-02-09 00:00:00-05:00,56.073579979154175,56.34052905606938,55.8829053921728,56.111717224121094,1188800,0.0,0.0
2012-02-10 00:00:00-05:00,55.455821239515316,55.92106790750593,55.34141527184186,55.73802185058594,1190500,0.0,0.0
2012-02-13 00:00:00-05:00,56.14988043517675,56.49309252288842,55.9058170837324,56.393943786621094,1128900,0.0,0.0
2012-02-14 00:00:00-05:00,56.24139419230027,56.24139419230027,55.71513610527556,56.13461685180664,1217300,0.0,0.0
2012-02-15 00:00:00-05:00,56.36343084323824,56.393939487209,55.54734352853919,55.63124084472656,1282400,0.0,0.0
2012-02-16 00:00:00-05:00,55.722755289718926,56.00495585354702,55.57784651925867,55.829532623291016,1716400,0.0,0.0
2012-02-17 00:00:00-05:00,56.096497104060134,56.27954318035267,55.87531376153047,56.11937713623047,1314000,0.0,0.0
2012-02-21 00:00:00-05:00,56.264269444453625,56.47782992624426,55.90580601403623,56.432064056396484,1232100,0.0,0.0
2012-02-22 00:00:00-05:00,56.416830509391296,56.5312364918437,55.455828403293054,55.516845703125,1185000,0.0,0.0
2012-02-23 00:00:00-05:00,55.577869890666804,56.11175678303546,55.570241272509904,55.94396209716797,1377700,0.0,0.0
2012-02-24 00:00:00-05:00,56.134611365093264,56.36342325460286,55.692244815469685,55.77614212036133,980900,0.0,0.0
2012-02-27 00:00:00-05:00,55.303261882260635,55.768508365624825,55.150718712920856,55.547325134277344,1542900,0.0,0.0
2012-02-28 00:00:00-05:00,55.684632477704724,55.684632477704724,54.70075047831774,54.99057388305664,1653900,0.0,0.0
2012-02-29 00:00:00-05:00,54.998191998428894,55.21937527255029,54.53294542509219,54.693111419677734,1913100,0.0,0.0
2012-03-01 00:00:00-05:00,54.593975122388926,55.58547995519447,54.593975122388926,55.22701644897461,1783800,0.0,0.0
2012-03-02 00:00:00-05:00,55.08973754758622,55.333800933767435,54.81516551076608,55.25752639770508,1468400,0.0,0.0
2012-03-05 00:00:00-05:00,55.028698489953676,55.56258511772999,54.83802386304388,55.50156784057617,1171300,0.0,0.0
2012-03-06 00:00:00-05:00,54.99818655945716,55.53970176919723,54.43379132688585,54.62446594238281,1926400,0.0,0.0
2012-03-07 00:00:00-05:00,54.62447859134185,54.91430197919545,54.23550065635581,54.56346130371094,1479200,0.0,0.0
2012-03-08 00:00:00-05:00,54.876166461768634,54.876166461768634,54.18974232038083,54.525325775146484,1760100,0.0,0.0
2012-03-09 00:00:00-05:00,54.51008389005029,54.68550135455813,54.41092932243889,54.670249938964844,2472500,0.0,0.0
2012-03-12 00:00:00-04:00,54.61684967109377,55.181245031210395,54.571089615090166,54.777015686035156,1266000,0.0,0.0
2012-03-13 00:00:00-04:00,55.3490351913076,55.7151330665534,54.914297237600394,55.40242385864258,2548000,0.0,0.0
2012-03-14 00:00:00-04:00,55.06685721490742,56.081248129338576,55.06685721490742,55.94396209716797,1834900,0.0,0.0
2012-03-15 00:00:00-04:00,55.79140717941288,56.294785260477774,55.5320866136476,55.95920181274414,2090500,0.0,0.0
2012-03-16 00:00:00-04:00,55.92107144861175,55.982088744425305,55.08973261413806,55.120235443115234,2317500,0.0,0.0
2012-03-19 00:00:00-04:00,54.876171944513175,56.05835731755731,54.876171944513175,55.86005401611328,2188400,0.0,0.0
2012-03-20 00:00:00-04:00,55.677005145971755,56.462583876591715,55.4176903808437,56.393943786621094,1949800,0.0,0.0
2012-03-21 00:00:00-04:00,56.56174259739427,56.64563410722696,55.99734132773267,56.18039321899414,1727000,0.0,0.0
2012-03-22 00:00:00-04:00,55.79904661748715,56.21852746324533,55.410068602860825,55.55497741699219,1816900,0.0,0.0
2012-03-23 00:00:00-04:00,55.56259682805268,55.81428878516266,55.3109048709427,55.486328125,1094800,0.0,0.0
2012-03-26 00:00:00-04:00,55.79904966818301,56.56174850463867,55.69989509532836,56.56174850463867,1559300,0.0,0.0
2012-03-27 00:00:00-04:00,56.50833410025084,56.6456200752242,55.989704660271784,56.0125846862793,1288900,0.0,0.0
2012-03-28 00:00:00-04:00,56.21216088312283,56.3887081485359,55.71321251944614,56.296592712402344,1489800,0.47,0.0
2012-03-29 00:00:00-04:00,55.93584508231879,56.18148049718663,55.690209667450965,56.11239242553711,1052400,0.0,0.0
2012-03-30 00:00:00-04:00,56.396383318751326,56.58828607627727,55.997222303509204,56.189125061035156,1387300,0.0,0.0
2012-04-02 00:00:00-04:00,56.23520217977474,57.23309329740585,56.09703191962162,56.95675277709961,1519800,0.0,0.0
2012-04-03 00:00:00-04:00,56.79554685112238,57.06420957998698,56.02793570784739,56.43476867675781,1934900,0.0,0.0
2012-04-04 00:00:00-04:00,55.90513414484628,56.60365740450805,55.86675123607392,56.365699768066406,1307500,0.0,0.0
2012-04-05 00:00:00-04:00,56.120057426248394,56.44245273692211,55.989564922843634,56.173789978027344,785400,0.0,0.0
2012-04-09 00:00:00-04:00,55.61341594878639,55.690181735763645,55.24496593948769,55.459896087646484,1104400,0.0,0.0
2012-04-10 00:00:00-04:00,55.3754717937969,55.48293689385536,54.80744114257236,54.93025588989258,1954200,0.0,0.0
2012-04-11 00:00:00-04:00,55.52133057386348,55.52133057386348,54.84582883505018,55.352455139160156,1177200,0.0,0.0
2012-04-12 00:00:00-04:00,55.337078209817214,56.05863447642749,55.04538811687635,56.05095672607422,1207300,0.0,0.0
2012-04-13 00:00:00-04:00,55.9127972940892,56.0049127468859,54.93025588989258,54.93025588989258,1452100,0.0,0.0
2012-04-16 00:00:00-04:00,55.05308898175214,55.782317448481066,55.01470607027796,55.605770111083984,1335600,0.0,0.0
2012-04-17 00:00:00-04:00,55.92814576121484,56.097021141890885,55.444552871794535,56.004905700683594,1279300,0.0,0.0
2012-04-18 00:00:00-04:00,55.66716318688568,55.789983793358964,55.360123383520175,55.53667068481445,1663500,0.0,0.0
2012-04-19 00:00:00-04:00,55.78229487972976,57.56315232239407,55.78229487972976,57.4480094909668,3129200,0.0,0.0
2012-04-20 00:00:00-04:00,57.47871963076533,57.939290996493426,57.448014482622916,57.80112075805664,2936000,0.0,0.0
2012-04-23 00:00:00-04:00,57.34056215480145,57.44802726901467,57.056549719984844,57.187042236328125,1657600,0.0,0.0
2012-04-24 00:00:00-04:00,57.240782934674144,57.95466178428667,57.03353042961711,57.75508117675781,1968600,0.0,0.0
2012-04-25 00:00:00-04:00,58.03140515471714,58.38450560155074,56.979781565958646,58.30006790161133,2594400,0.0,0.0
2012-04-26 00:00:00-04:00,57.86253593630935,59.129095714298785,57.82415888631529,59.07536315917969,1668800,0.0,0.0
2012-04-27 00:00:00-04:00,59.25190671733735,59.25190671733735,58.26168762814731,58.61478805541992,1390700,0.0,0.0
2012-04-30 00:00:00-04:00,58.56875047714344,58.83741328813014,58.154239630302506,58.31543731689453,1376300,0.0,0.0
2012-05-01 00:00:00-04:00,58.775996462720805,59.33635528335436,58.63014844301973,58.921844482421875,1876700,0.0,0.0
2012-05-02 00:00:00-04:00,58.72992013049467,59.09069824292996,58.445901947929016,58.975555419921875,1170300,0.0,0.0
2012-05-03 00:00:00-04:00,59.374695941755945,59.42842846506807,58.8603980962819,59.10603332519531,1450900,0.0,0.0
2012-05-04 00:00:00-04:00,59.00628925519364,59.221219505902226,58.43825261385226,58.67621612548828,1406800,0.0,0.0
2012-05-07 00:00:00-04:00,58.284735930862574,58.73762386206132,57.49409709747465,58.68389129638672,1351600,0.0,0.0
2012-05-08 00:00:00-04:00,58.25400796578203,58.66084092611048,57.75505956189675,58.20027542114258,1571100,0.0,0.0
2012-05-09 00:00:00-04:00,56.46549564469751,58.21564879063468,56.404091180377826,57.77811050415039,1889000,0.0,0.0
2012-05-10 00:00:00-04:00,58.16958424628032,58.69156017233728,57.962331769003235,58.30775451660156,1257000,0.0,0.0
2012-05-11 00:00:00-04:00,57.84716566166671,58.69153659378853,57.601530374932956,58.54568862915039,1482500,0.0,0.0
2012-05-14 00:00:00-04:00,57.99302163639949,58.30006139492014,57.77808560646384,57.93928909301758,1574400,0.0,0.0
2012-05-15 00:00:00-04:00,57.81646661407988,58.38449717646,57.7090015308298,58.077457427978516,1746200,0.0,0.0
2012-05-16 00:00:00-04:00,58.18492313767052,58.53034578663506,57.647591859227184,57.77041244506836,1747800,0.0,0.0
2012-05-17 00:00:00-04:00,57.74738950497096,57.80112205132038,56.350337443477784,56.358009338378906,1739300,0.0,0.0
2012-05-18 00:00:00-04:00,56.995123389731035,56.995123389731035,55.137505958862874,55.283348083496094,2287800,0.0,0.0
2012-05-21 00:00:00-04:00,55.505951563667466,56.081659834698975,55.25264437528321,55.820674896240234,1842100,0.0,0.0
2012-05-22 00:00:00-04:00,55.97420691722371,56.404073168653824,55.45223107052252,55.67483901977539,2116300,0.0,0.0
2012-05-23 00:00:00-04:00,55.42919540909828,56.08166365611179,54.84580934824027,55.935821533203125,1775900,0.0,0.0
2012-05-24 00:00:00-04:00,56.06632111047288,56.26590165642831,55.459907577445286,56.21984100341797,1098200,0.0,0.0
2012-05-25 00:00:00-04:00,56.14308482609524,56.71879324790213,56.08935227431628,56.173789978027344,1377400,0.0,0.0
2012-05-29 00:00:00-04:00,56.35802201503001,56.54992484607253,55.966544456318196,56.365699768066406,1252700,0.0,0.0
2012-05-30 00:00:00-04:00,56.01259298395989,56.01259298395989,55.175893689056736,55.221954345703125,1415700,0.0,0.0
2012-05-31 00:00:00-04:00,55.26031429866791,55.889755084963625,54.853481405336275,55.521305084228516,1884400,0.0,0.0
2012-06-01 00:00:00-04:00,54.784434381189484,55.11450755754119,53.89400223794827,53.90167999267578,1795800,0.0,0.0
2012-06-04 00:00:00-04:00,53.97841962222384,54.085884722253624,53.57158662119556,53.732784271240234,1290100,0.0,0.0
2012-06-05 00:00:00-04:00,53.62532428068515,54.27011494230015,53.36433340116769,53.9937744140625,1581000,0.0,0.0
2012-06-06 00:00:00-04:00,54.438970762203894,55.521305084228516,54.23171836884129,55.521305084228516,2226000,0.0,0.0
2012-06-07 00:00:00-04:00,56.16608527363489,56.40404862281547,55.552000098899384,55.69017028808594,1855000,0.0,0.0
2012-06-08 00:00:00-04:00,55.459917021823635,55.92048263549805,55.045406212593804,55.92048263549805,1173000,0.0,0.0
2012-06-11 00:00:00-04:00,56.2966119926001,56.304289745675916,54.73069003689372,54.7767448425293,1240000,0.0,0.0
2012-06-12 00:00:00-04:00,54.86884830408338,55.36779087305182,54.74602770738393,55.33708572387695,1179400,0.0,0.0
2012-06-13 00:00:00-04:00,55.06845293821079,55.24500617788303,54.51577166530308,54.67697525024414,975100,0.0,0.0
2012-06-14 00:00:00-04:00,54.853486483189705,55.92814315489585,54.83045908806299,55.73624038696289,1476800,0.0,0.0
2012-06-15 00:00:00-04:00,56.027936891511025,56.127730090346326,55.55202172072749,55.843711853027344,1727900,0.0,0.0
2012-06-18 00:00:00-04:00,55.5903892549512,55.95116737521899,55.214261490939144,55.47524642944336,855100,0.0,0.0
2012-06-19 00:00:00-04:00,55.75926791124148,56.20448373941503,55.62877543428266,56.10469055175781,1294000,0.0,0.0
2012-06-20 00:00:00-04:00,56.181456943563276,56.52687958776448,55.75926850606599,56.027931213378906,1154600,0.0,0.0
2012-06-21 00:00:00-04:00,56.33498765149175,56.51921270673474,54.77673779299178,54.815120697021484,1318200,0.0,0.0
2012-06-22 00:00:00-04:00,54.968638758257434,55.751599609108865,54.9072284564314,55.48293685913086,1515300,0.0,0.0
2012-06-25 00:00:00-04:00,54.7460243422519,54.90722197320513,54.224048551180864,54.29313659667969,1380300,0.0,0.0
2012-06-26 00:00:00-04:00,54.48503626831456,54.96862913360094,54.3008053950941,54.69996643066406,1599100,0.0,0.0
2012-06-27 00:00:00-04:00,54.89186680955104,55.229611682944125,54.50806129165314,55.12214660644531,1006300,0.0,0.0
2012-06-28 00:00:00-04:00,54.753718519736346,55.536679513033555,54.41596765465413,55.4983024597168,1204100,0.0,0.0
2012-06-29 00:00:00-04:00,56.68809634242867,56.91838208721483,56.21218105927161,56.90302658081055,2129300,0.0,0.0
2012-07-02 00:00:00-04:00,57.03351085952551,57.45569347871321,56.69576007904869,57.14097595214844,1076500,0.0,0.0
2012-07-03 00:00:00-04:00,56.97976828985398,57.55547655180705,56.78018778591621,57.517093658447266,574600,0.0,0.0
2012-07-05 00:00:00-04:00,57.432665505578605,57.432665505578605,56.411741279484886,56.43476867675781,1612100,0.0,0.0
2012-07-06 00:00:00-04:00,55.86674181846835,55.989562420708,55.50596361990021,55.67483901977539,1364000,0.0,0.0
2012-07-09 00:00:00-04:00,55.67482494180028,55.81299515617774,55.26799204846865,55.521305084228516,998400,0.0,0.0
2012-07-10 00:00:00-04:00,55.59039222559882,55.90511557504466,54.68461092969184,54.69996643066406,2098300,0.0,0.0
2012-07-11 00:00:00-04:00,54.46202542580545,54.53111349579203,53.80955691980609,53.94772720336914,3424400,0.0,0.0
2012-07-12 00:00:00-04:00,53.702079773052574,55.19124740072108,53.60996431916081,54.89955139160156,2674300,0.0,0.0
2012-07-13 00:00:00-04:00,55.0837634501096,55.93581207371482,54.960942886948914,55.88975143432617,2116600,0.0,0.0
2012-07-16 00:00:00-04:00,55.6595002234279,55.774643096372316,55.30639970776553,55.42921447753906,965000,0.0,0.0
2012-07-17 00:00:00-04:00,55.58270574979058,55.75925296980131,54.66156919456505,55.267982482910156,2068100,0.0,0.0
2012-07-18 00:00:00-04:00,54.99932627628065,55.69017730931358,54.776718395836326,55.4215087890625,1254700,0.0,0.0
2012-07-19 00:00:00-04:00,55.375466638083104,55.766949955509276,54.88419598172438,54.991661071777344,1806200,0.0,0.0
2012-07-20 00:00:00-04:00,54.62320841582443,54.722995750022044,54.07819938389189,54.331512451171875,1809400,0.0,0.0
2012-07-23 00:00:00-04:00,53.51018330766159,53.76349644356054,53.341307883728966,53.648353576660156,2426900,0.0,0.0
2012-07-24 00:00:00-04:00,53.77118589419811,53.832590361015164,52.94984185436106,53.09568405151367,2097200,0.0,0.0
2012-07-25 00:00:00-04:00,54.65393227697261,55.859082005534624,54.201044337691144,55.5059814453125,3278800,0.0,0.0
2012-07-26 00:00:00-04:00,56.05097202555426,56.45013316317181,55.36012657178628,55.45223617553711,1763500,0.0,0.0
2012-07-27 00:00:00-04:00,56.03187810786861,57.19115834458313,55.83866473508285,56.85110092163086,2058000,0.49,0.0
2012-07-30 00:00:00-04:00,56.65017039194999,57.036597186175015,56.37194262839558,56.8433837890625,1214800,0.0,0.0
2012-07-31 00:00:00-04:00,56.69652664126214,57.05203850236864,56.503313288721415,56.804725646972656,2415200,0.0,0.0
2012-08-01 00:00:00-04:00,56.9283867187375,57.39209759936821,56.41057043723618,56.50331497192383,1545000,0.0,0.0
2012-08-02 00:00:00-04:00,56.055062409151795,56.37193516875926,55.53725198854874,56.0782470703125,1452000,0.0,0.0
2012-08-03 00:00:00-04:00,56.77381626817529,57.237527179630185,56.75063160706317,56.92839050292969,1683100,0.0,0.0
2012-08-06 00:00:00-04:00,57.01340385040639,57.438475661925466,56.851105312300376,56.95158004760742,1208900,0.0,0.0
2012-08-07 00:00:00-04:00,57.028845622849325,57.1679594524817,56.44920564878156,56.580589294433594,1916000,0.0,0.0
2012-08-08 00:00:00-04:00,56.26373121925871,56.99793960819262,56.26373121925871,56.6501579284668,1701700,0.0,0.0
2012-08-09 00:00:00-04:00,56.549690315912194,56.711988846604164,56.31783779909698,56.511051177978516,1296900,0.0,0.0
2012-08-10 00:00:00-04:00,56.06277789326562,56.294630340476566,55.908203698722374,56.21734619140625,1131600,0.0,0.0
2012-08-13 00:00:00-04:00,56.02415139087646,56.20191029926371,55.72273898238012,55.99323654174805,1014900,0.0,0.0
2012-08-14 00:00:00-04:00,56.17097138997006,56.33326985607221,55.73817548036434,55.885013580322266,805900,0.0,0.0
2012-08-15 00:00:00-04:00,55.93142840607895,56.835665884841504,55.923698217530514,56.34877014160156,939600,0.0,0.0
2012-08-16 00:00:00-04:00,56.30236163516885,56.634688789490475,56.13233296601786,56.580589294433594,898100,0.0,0.0
2012-08-17 00:00:00-04:00,56.80473000137404,57.059773061415136,56.310104252666235,56.7738151550293,1495000,0.0,0.0
2012-08-20 00:00:00-04:00,56.580602728243875,57.28390222736896,56.580602728243875,57.260711669921875,1350600,0.0,0.0
2012-08-21 00:00:00-04:00,57.283920758138535,57.41530447748602,56.789294841201844,57.29164505004883,2153100,0.0,0.0
2012-08-22 00:00:00-04:00,57.20657746544832,57.57754950634842,57.082924049415325,57.42298126220703,1470500,0.0,0.0
2012-08-23 00:00:00-04:00,57.361173922646294,57.39981305051411,57.09840072969203,57.28388977050781,1486300,0.0,0.0
2012-08-24 00:00:00-04:00,57.059783240655584,57.70125314983561,57.059783240655584,57.38438034057617,1506100,0.0,0.0
2012-08-27 00:00:00-04:00,57.42302114704173,57.49257513629594,57.07523351155674,57.12160873413086,956100,0.0,0.0
2012-08-28 00:00:00-04:00,56.89746202913827,57.34571246156047,56.74288783140411,57.090675354003906,1189300,0.0,0.0
2012-08-29 00:00:00-04:00,57.11385777712169,57.144772615460134,56.735161326180126,56.91291427612305,798900,0.0,0.0
2012-08-30 00:00:00-04:00,56.53421561674801,56.997926380905426,56.53421561674801,56.820167541503906,974000,0.0,0.0
2012-08-31 00:00:00-04:00,57.113881864993104,57.42302448235644,56.78155458319839,56.98249816894531,1167200,0.0,0.0
2012-09-04 00:00:00-04:00,56.889751129401205,57.73988886770561,56.889751129401205,57.64714431762695,1294300,0.0,0.0
2012-09-05 00:00:00-04:00,57.739883527945246,57.824897883554065,57.32254193579399,57.44620132446289,2040000,0.0,0.0
2012-09-06 00:00:00-04:00,57.70897551734243,58.06448745727539,57.70897551734243,58.06448745727539,1609500,0.0,0.0
2012-09-07 00:00:00-04:00,58.26543272941671,58.29634758114297,57.92537525683295,58.01811981201172,1183000,0.0,0.0
2012-09-10 00:00:00-04:00,58.05675012606992,58.14176447265402,57.71669273973356,57.817161560058594,2025000,0.0,0.0
2012-09-11 00:00:00-04:00,57.623950328692935,58.064476551566116,57.54666616433697,58.03356170654297,1810600,0.0,0.0
2012-09-12 00:00:00-04:00,58.11857282808359,58.512729709730664,57.85580550458784,58.389076232910156,1601800,0.0,0.0
2012-09-13 00:00:00-04:00,58.30407720949208,59.54837197162672,58.00266477855561,59.54064178466797,1932100,0.0,0.0
2012-09-14 00:00:00-04:00,58.95325788470515,60.166637517230804,58.95325788470515,59.53289794921875,1775900,0.0,0.0
2012-09-17 00:00:00-04:00,59.44790343665425,59.517463333735,58.88372355427052,59.038291931152344,1243900,0.0,0.0
2012-09-18 00:00:00-04:00,59.084644819907574,59.57927056394699,58.8064171018349,59.3937873840332,1046200,0.0,0.0
2012-09-19 00:00:00-04:00,59.41697047735434,59.509715013067094,58.88370561211652,58.89142990112305,1275000,0.0,0.0
2012-09-20 00:00:00-04:00,58.551373005675295,59.053728875829016,58.15721613568966,58.984169006347656,1520400,0.0,0.0
2012-09-21 00:00:00-04:00,59.27012085486197,59.29330551019932,58.6672962304803,58.6827507019043,1828300,0.0,0.0
2012-09-24 00:00:00-04:00,58.590005662821945,58.9764323054131,58.35815321510883,58.79867935180664,1354400,0.0,0.0
2012-09-25 00:00:00-04:00,59.030540068198256,59.254668259864104,58.15721785631695,58.389076232910156,2633300,0.0,0.0
2012-09-26 00:00:00-04:00,58.63801301672737,59.09697642312388,58.33463294084545,58.50577163696289,1641700,0.49,0.0
2012-09-27 00:00:00-04:00,58.73913290018743,58.86359360689201,58.373519559105496,58.75468826293945,939400,0.0,0.0
2012-09-28 00:00:00-04:00,58.52133951745185,59.0503110308832,58.202398105208914,58.80915832519531,1415100,0.0,0.0
2012-10-01 00:00:00-04:00,58.980271964597705,60.030433893850386,58.925819299670394,59.85152053833008,2129900,0.0,0.0
2012-10-02 00:00:00-04:00,59.96821363814796,60.116016304373005,59.72706691737795,59.94487762451172,1734300,0.0,0.0
2012-10-03 00:00:00-04:00,60.123792871347604,60.31826755163988,59.828193493865996,60.178245544433594,1719200,0.0,0.0
2012-10-04 00:00:00-04:00,60.51272035075428,60.94834157792314,60.31046509461412,60.56717300415039,1468300,0.0,0.0
2012-10-05 00:00:00-04:00,60.816107536196505,61.13504284852279,60.64496890938468,60.7772102355957,1336400,0.0,0.0
2012-10-08 00:00:00-04:00,60.714997310335086,60.87057467996757,60.52052263084637,60.730552673339844,656800,0.0,0.0
2012-10-09 00:00:00-04:00,60.72277961208357,60.87058228613066,60.178252815431605,60.24048614501953,1164900,0.0,0.0
2012-10-10 00:00:00-04:00,60.294950876216404,60.53609765794795,60.170484192162604,60.31828689575195,978800,0.0,0.0
2012-10-11 00:00:00-04:00,60.53607851890415,60.777225224394925,60.12379314439556,60.637203216552734,1073800,0.0,0.0
2012-10-12 00:00:00-04:00,60.59831236739547,60.79278705025945,59.86708566066008,59.905982971191406,958100,0.0,0.0
2012-10-15 00:00:00-04:00,60.14712447192197,60.46606577295883,59.99932182657359,60.41938781738281,752800,0.0,0.0
2012-10-16 00:00:00-04:00,60.73053385368737,61.399527018607415,60.64496454643753,61.22060775756836,1018100,0.0,0.0
2012-10-17 00:00:00-04:00,61.3606470037618,61.726260340464236,61.21285028725149,61.679588317871094,922500,0.0,0.0
2012-10-18 00:00:00-04:00,62.263008798598925,63.81880610210746,62.0763147839487,63.554317474365234,3023500,0.0,0.0
2012-10-19 00:00:00-04:00,63.50764696264791,63.84214362824192,62.34079895730544,62.63639831542969,1657800,0.0,0.0
2012-10-22 00:00:00-04:00,61.57069025363908,63.0953711658438,61.57069025363908,62.924232482910156,1367200,0.0,0.0
2012-10-23 00:00:00-04:00,61.99853722207579,62.54306998900196,61.64848510647117,62.42638397216797,2821400,0.0,0.0
2012-10-24 00:00:00-04:00,62.504174251402134,63.67102257943664,61.89741407040779,62.02965545654297,2632300,0.0,0.0
2012-10-25 00:00:00-04:00,62.224119945205786,62.72975532451582,61.68737383830742,62.239681243896484,1848700,0.0,0.0
2012-10-26 00:00:00-04:00,62.17742844248429,62.21632574213032,61.290624611585876,61.72624588012695,1570300,0.0,0.0
2012-10-31 00:00:00-04:00,61.29843727621216,61.74183942326148,60.92504318321905,61.1817512512207,2377300,0.0,0.0
2012-11-01 00:00:00-04:00,61.49290749742889,61.88963164445423,60.58276131714778,60.93281936645508,1960700,0.0,0.0
2012-11-02 00:00:00-04:00,61.07279593293149,61.15058457434568,59.85149586456077,60.28711700439453,2188200,0.0,0.0
2012-11-05 00:00:00-05:00,60.44275038656859,60.64500578988117,59.74264602915303,60.62166976928711,1413200,0.0,0.0
2012-11-06 00:00:00-05:00,60.61385883396079,61.61734876243742,60.36493151382751,61.485107421875,1601900,0.0,0.0
2012-11-07 00:00:00-05:00,60.69166139903266,61.057274782413664,60.17825128027186,60.58275604248047,2194700,0.0,0.0
2012-11-08 00:00:00-05:00,60.62162711930746,61.16615366639863,60.31824719522892,60.69163513183594,1671600,0.0,0.0
2012-11-09 00:00:00-05:00,60.47385570731094,61.352885217338844,60.21715359406395,60.79279708862305,1328000,0.0,0.0
2012-11-12 00:00:00-05:00,60.62165302341847,60.80057235671306,60.06156494428364,60.326053619384766,1143500,0.0,0.0
2012-11-13 00:00:00-05:00,60.08488440994488,60.613855679561894,59.78150443978608,59.79706573486328,1138900,0.0,0.0
2012-11-14 00:00:00-05:00,59.79708262587474,60.05378471820827,59.08141122254494,59.198097229003906,1213000,0.0,0.0
2012-11-15 00:00:00-05:00,59.213652692808424,60.209362104654275,59.08918604887957,59.68817138671875,1753200,0.0,0.0
2012-11-16 00:00:00-05:00,59.703737421122625,60.209372866391725,59.14364929312592,60.13158416748047,1158800,0.0,0.0
2012-11-19 00:00:00-05:00,60.55938653945188,61.34506555001712,60.31045930000166,60.83164978027344,1604200,0.0,0.0
2012-11-20 00:00:00-05:00,60.831665298772,61.22061458056695,60.512729973845566,61.17394256591797,1336400,0.0,0.0
2012-11-21 00:00:00-05:00,61.06505972869904,61.25175379093913,60.60610225592191,61.23619842529297,1008300,0.0,0.0
2012-11-23 00:00:00-05:00,61.492889046572884,62.10742374127613,61.45399174113293,62.07631301879883,410700,0.0,0.0
2012-11-26 00:00:00-05:00,61.62514008363271,61.77294274568104,61.11172405855732,61.438446044921875,1027900,0.0,0.0
2012-11-27 00:00:00-05:00,60.34939827606805,61.539582647225465,60.34939827606805,61.002830505371094,1056400,0.0,0.0
2012-11-28 00:00:00-05:00,60.7849963286668,61.54733957052228,60.567185669535334,61.44620895385742,1400600,0.0,0.0
2012-11-29 00:00:00-05:00,61.625141490174244,62.1074349290932,61.438447447202286,61.936302185058594,1133200,0.0,0.0
2012-11-30 00:00:00-05:00,61.8429531860641,61.90518651301649,61.313981776762276,61.6329231262207,1373300,0.0,0.0
2012-12-03 00:00:00-05:00,61.74960319563553,62.16189453552253,61.58624516355806,61.6329231262207,1019100,0.0,0.0
2012-12-04 00:00:00-05:00,61.7418212890625,62.02964000662202,61.58623798980437,61.7418212890625,1485500,0.0,0.0
2012-12-05 00:00:00-05:00,61.889617520288695,62.58972752423006,61.866281509306646,62.47304153442383,1799200,0.0,0.0
2012-12-06 00:00:00-05:00,62.496346066039884,62.690820639461556,62.294096782804296,62.65970993041992,1310000,0.0,0.0
2012-12-07 00:00:00-05:00,62.82312264095719,63.16539415290897,62.55863390432818,62.986480712890625,1377500,0.0,0.0
2012-12-10 00:00:00-05:00,62.82309421731489,63.157590861333844,62.52748894336135,62.86976623535156,1310200,0.0,0.0
2012-12-11 00:00:00-05:00,62.95534605059514,63.00201807641025,61.99075326273848,62.16189193725586,2273500,0.0,0.0
2012-12-12 00:00:00-05:00,62.434160845961706,63.34430103939733,62.32525548614361,62.91645431518555,2021700,0.0,0.0
2012-12-13 00:00:00-05:00,63.033859444365454,63.151256700278175,62.32948187996157,62.42340087890625,1389200,0.49,0.0
2012-12-14 00:00:00-05:00,62.20423910926204,62.40772124045531,61.82074115286732,62.07901382446289,1369000,0.0,0.0
2012-12-17 00:00:00-05:00,62.62684387902825,63.683412549703576,62.58771546560207,63.31557083129883,1822300,0.0,0.0
2012-12-18 00:00:00-05:00,63.44081956141705,63.77735512265109,62.98689273434562,63.65995788574219,1960800,0.0,0.0
2012-12-19 00:00:00-05:00,63.90258522659491,64.07476705749764,63.34691129936371,63.38603973388672,1685300,0.0,0.0
2012-12-20 00:00:00-05:00,63.315604142539904,63.94954090161326,63.14342231388495,63.89475631713867,1298900,0.0,0.0
2012-12-21 00:00:00-05:00,63.66780211757341,63.89476857424253,62.61906673614334,62.66602325439453,2635400,0.0,0.0
2012-12-24 00:00:00-05:00,62.47034259878097,62.869490785930026,62.39990784455699,62.650352478027344,472500,0.0,0.0
2012-12-26 00:00:00-05:00,62.72077136622466,62.9242594454041,62.36858574205253,62.611202239990234,787600,0.0,0.0
2012-12-27 00:00:00-05:00,62.697311942196905,62.83035935384041,61.67205510848199,62.313819885253906,1068300,0.0,0.0
2012-12-28 00:00:00-05:00,61.91467628397468,62.313824519662,61.73466638283826,61.80510711669922,966800,0.0,0.0
2012-12-31 00:00:00-05:00,61.67986717774373,62.478163459879084,61.39811625123365,62.45468521118164,1133800,0.0,0.0
2013-01-02 00:00:00-05:00,63.55037757481752,64.01213836669922,63.04948835821156,64.01213836669922,1668900,0.0,0.0
2013-01-03 00:00:00-05:00,64.05127908371462,64.40347080024593,63.89475341263732,64.34868621826172,1396200,0.0,0.0
2013-01-04 00:00:00-05:00,64.35650616619995,64.48172549303477,63.98083624355378,64.42694091796875,1995200,0.0,0.0
2013-01-07 00:00:00-05:00,64.09823128632134,64.34867590253924,63.37037568745825,63.6442985534668,1249000,0.0,0.0
2013-01-08 00:00:00-05:00,63.393850311065464,63.57386016761473,62.44685647356441,62.6033821105957,2192300,0.0,0.0
2013-01-09 00:00:00-05:00,62.7677161614654,63.2451269672735,62.71293160855636,63.11207962036133,1281200,0.0,0.0
2013-01-10 00:00:00-05:00,63.41731094969271,64.26256348551938,63.26860745605599,64.20777893066406,2347200,0.0,0.0
2013-01-11 00:00:00-05:00,64.23909058883498,64.80259232627428,64.09821515447516,64.77128601074219,1177600,0.0,0.0
2013-01-14 00:00:00-05:00,64.67736823295688,65.09216647188202,64.48170823564733,64.98259735107422,892800,0.0,0.0
2013-01-15 00:00:00-05:00,64.57565743675751,65.37394797249823,64.43478193385361,65.28785705566406,1195600,0.0,0.0
2013-01-16 00:00:00-05:00,65.03742793906993,65.15482521475265,64.77133302052434,64.9122085571289,1113500,0.0,0.0
2013-01-17 00:00:00-05:00,65.06869655506395,65.32696921762289,64.73216107777898,65.1391372680664,962100,0.0,0.0
2013-01-18 00:00:00-05:00,64.96696874277605,65.23306356132754,64.69304584983445,65.14697265625,1436700,0.0,0.0
2013-01-22 00:00:00-05:00,65.53830451796208,66.40703582763672,65.4756978248427,66.40703582763672,1990100,0.0,0.0
2013-01-23 00:00:00-05:00,66.1409267573757,66.3678931380243,65.8748259772435,66.25049591064453,1017400,0.0,0.0
2013-01-24 00:00:00-05:00,66.41482795373757,66.85310442370003,66.2896026931374,66.76701354980469,1671500,0.0,0.0
2013-01-25 00:00:00-05:00,67.00965635758925,67.08791918370677,66.37571373257425,66.79051208496094,1229200,0.0,0.0
2013-01-28 00:00:00-05:00,66.98615791296075,66.98615791296075,66.19569577461638,66.25830841064453,1090800,0.0,0.0
2013-01-29 00:00:00-05:00,66.19570421218997,66.90008152961543,66.19570421218997,66.47745513916016,1590800,0.0,0.0
2013-01-30 00:00:00-05:00,65.98436955674156,66.14090112293748,64.91215669087585,65.66349029541016,2793700,0.0,0.0
2013-01-31 00:00:00-05:00,65.74174897942433,66.80613967868142,65.74174897942433,66.78266143798828,3704300,0.0,0.0
2013-02-01 00:00:00-05:00,67.37751100656565,67.82362177895592,66.74357417602799,66.98619079589844,2173800,0.0,0.0
2013-02-04 00:00:00-05:00,66.50093662521951,66.69659666896979,66.12526671394785,66.13309478759766,1927100,0.0,0.0
2013-02-05 00:00:00-05:00,66.17224618293294,67.16619683323681,65.21742396878794,67.04097747802734,2620200,0.0,0.0
2013-02-06 00:00:00-05:00,66.64180967440056,67.04877992334444,66.50093420917568,67.00182342529297,2368300,0.0,0.0
2013-02-07 00:00:00-05:00,67.03315043990773,67.16619787283716,66.33660097213331,66.71226501464844,1905900,0.0,0.0
2013-02-08 00:00:00-05:00,66.60270444408516,67.48709201846592,66.53226966616442,67.46360778808594,1796900,0.0,0.0
2013-02-11 00:00:00-05:00,67.25226742268252,67.90968227371555,66.96268842149681,67.62793731689453,1333900,0.0,0.0
2013-02-12 00:00:00-05:00,67.57315968489438,68.05839881365115,67.3853276874379,67.9488296508789,875500,0.0,0.0
2013-02-13 00:00:00-05:00,68.00359701674597,68.07403772987938,67.50270783628407,67.82359313964844,839700,0.0,0.0
2013-02-14 00:00:00-05:00,67.40879807167046,67.85490274547264,67.40097596886524,67.65142059326172,1201400,0.0,0.0
2013-02-15 00:00:00-05:00,67.8236201058298,67.89405487589754,67.36968723959639,67.69839477539062,1052700,0.0,0.0
2013-02-19 00:00:00-05:00,67.86273563808606,68.16013678471485,67.62794714477008,68.05056762695312,1224900,0.0,0.0
2013-02-20 00:00:00-05:00,68.12884523994272,68.41059624521658,67.26793607323252,67.2835922241211,1658400,0.0,0.0
2013-02-21 00:00:00-05:00,67.26010762235637,67.6749060156835,67.087925805261,67.4244613647461,2008600,0.0,0.0
2013-02-22 00:00:00-05:00,67.7375072728599,67.9879518816545,67.65923848111683,67.84707641601562,1222700,0.0,0.0
2013-02-25 00:00:00-05:00,67.97230400814365,68.01143840877845,66.06266587280422,66.07048797607422,1373100,0.0,0.0
2013-02-26 00:00:00-05:00,66.35223728272749,66.79834197188318,66.21136180346404,66.54789733886719,1575900,0.0,0.0
2013-02-27 00:00:00-05:00,66.32091872114279,67.1505212664435,66.28961240140785,67.12703704833984,1383600,0.0,0.0
2013-02-28 00:00:00-05:00,66.99398167141142,67.43226412431736,66.82962799072266,66.82962799072266,1285200,0.0,0.0
2013-03-01 00:00:00-05:00,66.63398401131946,67.08008867215636,66.29744849727963,67.04878234863281,1030100,0.0,0.0
2013-03-04 00:00:00-05:00,66.79833692653915,67.197485082816,66.67311760502461,67.13487243652344,977300,0.0,0.0
2013-03-05 00:00:00-05:00,67.4166167780612,68.16012247406505,67.4166167780612,67.89402770996094,814800,0.0,0.0
2013-03-06 00:00:00-05:00,68.18360686491354,68.35578266920292,67.71401803354425,67.82359313964844,1160600,0.0,0.0
2013-03-07 00:00:00-05:00,67.83926149997241,68.08970615734044,67.74534251430752,67.79230499267578,874300,0.0,0.0
2013-03-08 00:00:00-05:00,68.08969344974665,68.27752541494965,67.76098601787376,68.07404327392578,1302000,0.0,0.0
2013-03-11 00:00:00-04:00,68.01143916305864,68.36362488839285,67.80795102542912,68.35579681396484,1099700,0.0,0.0
2013-03-12 00:00:00-04:00,68.37147547863692,69.2793353659076,68.27755646778553,68.90367126464844,1952900,0.0,0.0
2013-03-13 00:00:00-04:00,68.85670858187675,69.38107624394983,68.7393113215882,69.3419418334961,937700,0.0,0.0
2013-03-14 00:00:00-04:00,69.42801193665048,69.70193481445312,69.33409296237348,69.70193481445312,951500,0.0,0.0
2013-03-15 00:00:00-04:00,69.48279884563853,69.58454589728996,69.0758285522461,69.0758285522461,2131000,0.0,0.0
2013-03-18 00:00:00-04:00,68.4888524455168,69.15409548804773,68.44971804316202,68.64537811279297,972600,0.0,0.0
2013-03-19 00:00:00-04:00,68.6923320118589,68.98973912789695,68.34014628831737,68.66885375976562,1327700,0.0,0.0
2013-03-20 00:00:00-04:00,69.0836575863101,69.40454297975622,68.91930383762003,69.22453308105469,935500,0.0,0.0
2013-03-21 00:00:00-04:00,68.91928799266897,69.31060805798472,68.56710232231292,68.62971496582031,844000,0.0,0.0
2013-03-22 00:00:00-04:00,68.86450715602325,69.1227798461914,68.73145975965929,69.1227798461914,1088800,0.0,0.0
2013-03-25 00:00:00-04:00,69.3732436612111,69.63934449865094,68.91148869743017,69.24019622802734,986500,0.0,0.0
2013-03-26 00:00:00-04:00,69.31886942866414,69.55496551267518,68.99619697489254,69.48413848876953,1367600,0.49,0.0
2013-03-27 00:00:00-04:00,69.1299989799308,69.61794058996797,68.9726015595713,69.52349853515625,954900,0.0,0.0
2013-03-28 00:00:00-04:00,69.61794636611025,70.08227900205146,69.24019012417466,70.01931762695312,1490200,0.0,0.0
2013-04-01 00:00:00-04:00,70.12160927062111,70.27901267225474,69.61793039404517,69.80680847167969,718000,0.0,0.0
2013-04-02 00:00:00-04:00,70.21604838010398,70.44427879969983,69.7202351910654,70.00355529785156,1190700,0.0,0.0
2013-04-03 00:00:00-04:00,70.05867416399998,70.3105136966632,69.14575810971893,69.26380920410156,1236100,0.0,0.0
2013-04-04 00:00:00-04:00,69.37396010030652,70.20030541256553,69.37396010030652,70.09012603759766,1804600,0.0,0.0
2013-04-05 00:00:00-04:00,69.35035626131072,70.07439392344739,69.26378588819372,70.02717590332031,1802800,0.0,0.0
2013-04-08 00:00:00-04:00,69.97994813751065,70.88499816895757,69.9169867778233,70.86138916015625,1370700,0.0,0.0
2013-04-09 00:00:00-04:00,71.22341552482786,71.75070345839322,70.94009538051557,71.24702453613281,1298500,0.0,0.0
2013-04-10 00:00:00-04:00,71.29424765199752,71.64840085985173,70.94797212090958,71.5697021484375,1150000,0.0,0.0
2013-04-11 00:00:00-04:00,71.78219632255296,72.62428522650976,71.7034976034063,72.33309936523438,1531500,0.0,0.0
2013-04-12 00:00:00-04:00,72.1678114221289,72.39604187011719,71.76644622452228,72.39604187011719,1070900,0.0,0.0
2013-04-15 00:00:00-04:00,72.21505351058276,72.21505351058276,69.85405573935223,69.89340209960938,2243400,0.0,0.0
2013-04-16 00:00:00-04:00,70.4915132111019,70.80631407011745,70.05079561107631,70.72761535644531,1335500,0.0,0.0
2013-04-17 00:00:00-04:00,70.38131320992008,70.48362090731489,69.67301298554197,69.97207641601562,1515900,0.0,0.0
2013-04-18 00:00:00-04:00,70.22393326743813,70.32624099023913,69.36610111479675,69.52349853515625,1016700,0.0,0.0
2013-04-19 00:00:00-04:00,69.44478319265497,70.176692430252,69.32673215349573,70.06651306152344,1412000,0.0,0.0
2013-04-22 00:00:00-04:00,70.113741544051,70.48363205329274,69.54710727926863,70.25540161132812,1213700,0.0,0.0
2013-04-23 00:00:00-04:00,71.19981610893997,72.20717408921983,70.61743840240202,70.82992553710938,2281400,0.0,0.0
2013-04-24 00:00:00-04:00,71.01879243991164,71.15258684141534,70.27114574573048,70.4678955078125,1845400,0.0,0.0
2013-04-25 00:00:00-04:00,70.73546644864155,70.853517496987,70.27901160167193,70.43640899658203,1663500,0.0,0.0
2013-04-26 00:00:00-04:00,70.49148120823503,70.69610257434685,69.96419346125863,69.99567413330078,1306700,0.0,0.0
2013-04-29 00:00:00-04:00,70.11373069675007,70.31835209656586,69.74384624905935,69.97994232177734,1272000,0.0,0.0
2013-04-30 00:00:00-04:00,70.01142375438022,70.15308380126953,69.7202319901285,70.15308380126953,1477600,0.0,0.0
2013-05-01 00:00:00-04:00,69.86978351194372,70.3105011141531,69.41332256432574,69.49202728271484,1236800,0.0,0.0
2013-05-02 00:00:00-04:00,69.64942024778448,69.79895199794956,69.39758077632715,69.76747131347656,975200,0.0,0.0
2013-05-03 00:00:00-04:00,70.37344331370234,70.79842345904312,70.30261629164156,70.75120544433594,1782000,0.0,0.0
2013-05-06 00:00:00-04:00,70.94007878189458,71.56968028956858,70.60954069231198,71.36505889892578,1505200,0.0,0.0
2013-05-07 00:00:00-04:00,71.38081968452755,72.03403041257367,71.19194157190556,71.9238510131836,1416700,0.0,0.0
2013-05-08 00:00:00-04:00,71.96319677037727,72.61640143417434,71.85301738109456,72.60853576660156,1223600,0.0,0.0
2013-05-09 00:00:00-04:00,72.56128910232663,72.75017314302134,71.93169364631781,72.23075103759766,1903900,0.0,0.0
2013-05-10 00:00:00-04:00,72.17567406487296,72.32520578899648,71.58542484353349,72.08910369873047,1245000,0.0,0.0
2013-05-13 00:00:00-04:00,71.94744110107422,72.10484449046032,71.65625533827932,71.94744110107422,919700,0.0,0.0
2013-05-14 00:00:00-04:00,71.93960027295941,72.94695829553285,71.92385692642252,72.8918685913086,1061900,0.0,0.0
2013-05-15 00:00:00-04:00,72.75804215156396,72.93118286132812,72.17566467680479,72.93118286132812,1567300,0.0,0.0
2013-05-16 00:00:00-04:00,72.93119603512397,73.23025949849189,72.33308111703991,72.490478515625,1523400,0.0,0.0
2013-05-17 00:00:00-04:00,72.73445036845177,73.04137951595355,71.81366292594642,72.12846374511719,3063800,0.0,0.0
2013-05-20 00:00:00-04:00,71.97893753661167,72.32521906474383,71.45952124874012,71.64839935302734,1387600,0.0,0.0
2013-05-21 00:00:00-04:00,71.57753568569706,71.90020806327395,70.75906224920625,70.83776092529297,1564400,0.0,0.0
2013-05-22 00:00:00-04:00,70.76695485578064,71.2785054515851,70.2239295810179,70.47576904296875,2512700,0.0,0.0
2013-05-23 00:00:00-04:00,70.09014897983579,70.61744302329338,69.75961074673886,70.12950134277344,2179200,0.0,0.0
2013-05-24 00:00:00-04:00,69.86189813279717,70.68824947914206,69.6336737080913,70.65676879882812,1412600,0.0,0.0
2013-05-28 00:00:00-04:00,71.3257330231957,71.48313646069161,70.16097760736189,70.44429779052734,1766300,0.0,0.0
2013-05-29 00:00:00-04:00,70.07440587474353,70.428553094749,69.72812432321669,70.13736724853516,1432500,0.0,0.0
2013-05-30 00:00:00-04:00,70.404921036694,71.12895858533444,70.12947262192048,70.90859985351562,988000,0.0,0.0
2013-05-31 00:00:00-04:00,71.1762233004152,71.48315256728057,70.57023043708617,70.5781021118164,2116500,0.0,0.0
2013-06-03 00:00:00-04:00,70.55447594660538,70.64104633461504,69.43693857962435,69.71238708496094,2267900,0.0,0.0
2013-06-04 00:00:00-04:00,69.69661975456857,70.29474059198694,69.48413269624002,69.87763214111328,1416800,0.0,0.0
2013-06-05 00:00:00-04:00,69.80682653612443,69.80682653612443,69.09066038742262,69.13787841796875,1623900,0.0,0.0
2013-06-06 00:00:00-04:00,69.16150621796112,70.05081939697266,68.80735888402154,70.05081939697266,1518800,0.0,0.0
2013-06-07 00:00:00-04:00,70.68039918547159,70.75123223868307,69.917008968865,70.73548889160156,2708100,0.0,0.0
2013-06-10 00:00:00-04:00,70.76694390694657,71.07387301607689,70.44427746077194,71.01091766357422,1411100,0.0,0.0
2013-06-11 00:00:00-04:00,70.36559505677339,70.90862037323322,70.20031995575643,70.38133239746094,1425200,0.0,0.0
2013-06-12 00:00:00-04:00,70.67251262716634,70.96369841450259,69.4290527656806,69.50775146484375,1061300,0.0,0.0
2013-06-13 00:00:00-04:00,69.4526612973676,70.68824947914206,69.11425148940002,70.65676879882812,1139600,0.0,0.0
2013-06-14 00:00:00-04:00,70.57807322146806,70.80630366059307,69.665151464968,69.68876647949219,1193100,0.0,0.0
2013-06-17 00:00:00-04:00,70.14523426144869,70.54660552165429,69.85404840965384,70.44429779052734,1338500,0.0,0.0
2013-06-18 00:00:00-04:00,70.53871133268852,70.98730047878931,70.44427530466223,70.95582580566406,913800,0.0,0.0
2013-06-19 00:00:00-04:00,70.98729635909467,71.0817383859654,69.64152899889294,69.65727233886719,1438600,0.0,0.0
2013-06-20 00:00:00-04:00,69.02765933156533,69.31885102931247,67.9494688873573,68.05965423583984,2775700,0.0,0.0
2013-06-21 00:00:00-04:00,68.42958360155812,68.54763469202109,67.50879590373714,67.79998779296875,3006200,0.0,0.0
2013-06-24 00:00:00-04:00,67.24906454707295,67.9573648732035,66.68243029049458,67.51664733886719,2071600,0.0,0.0
2013-06-25 00:00:00-04:00,67.8865362516524,68.22494606596513,67.58747278522547,67.98097229003906,1634100,0.0,0.0
2013-06-26 00:00:00-04:00,68.88603010162173,69.93274034321851,68.70502367146686,69.72811889648438,2174200,0.0,0.0
2013-06-27 00:00:00-04:00,69.86190674795353,70.47577108328649,69.67302864710383,70.45215606689453,1670900,0.0,0.0
2013-06-28 00:00:00-04:00,70.23176265542985,70.79053101468483,69.80678263480135,70.42064666748047,1511100,0.0,0.0
2013-07-01 00:00:00-04:00,70.72761524033085,71.16046116698053,70.50725043635285,70.64891052246094,1064700,0.0,0.0
2013-07-02 00:00:00-04:00,70.60955350074971,71.05027103347183,69.89338150575018,70.02717590332031,1185000,0.0,0.0
2013-07-03 00:00:00-04:00,69.75960280485398,70.2396727572666,69.56285302122018,70.04292297363281,593300,0.0,0.0
2013-07-05 00:00:00-04:00,70.68037316849109,70.92434692382812,70.05864328283451,70.92434692382812,964800,0.0,0.0
2013-07-08 00:00:00-04:00,71.09750348450952,72.04977778208296,71.09750348450952,71.98681640625,1278100,0.0,0.0
2013-07-09 00:00:00-04:00,72.56132756744495,72.75807737755659,72.15209060431691,72.70298767089844,1363800,0.0,0.0
2013-07-10 00:00:00-04:00,72.60067580636256,72.67937452507037,71.6169268116964,72.2071762084961,1288000,0.0,0.0
2013-07-11 00:00:00-04:00,73.15942526653748,73.15942526653748,72.30946491773229,72.61639404296875,1458200,0.0,0.0
2013-07-12 00:00:00-04:00,72.62427934342597,73.63950894986102,72.62427934342597,73.58441925048828,1350500,0.0,0.0
2013-07-15 00:00:00-04:00,73.68672192404047,73.94643306227255,73.30109405487335,73.76542663574219,1126700,0.0,0.0
2013-07-16 00:00:00-04:00,73.85199506333916,74.221885613059,73.24600837853825,73.36405944824219,1077800,0.0,0.0
2013-07-17 00:00:00-04:00,73.59228003305809,74.20613830789625,73.53719034183739,74.15892028808594,1422300,0.0,0.0
2013-07-18 00:00:00-04:00,74.25336376570222,74.96953582763672,74.1274470321529,74.96953582763672,1094000,0.0,0.0
2013-07-19 00:00:00-04:00,74.99325901393516,75.15150965001725,74.39191867011228,74.96160888671875,977900,0.51,0.0
2013-07-22 00:00:00-04:00,74.77171587618062,75.64207326635221,74.73215170709092,75.62625122070312,1102000,0.0,0.0
2013-07-23 00:00:00-04:00,75.6104187651682,75.62624684654647,73.65606724341008,73.766845703125,2063800,0.0,0.0
2013-07-24 00:00:00-04:00,74.23366726124019,75.08028846752433,72.54042484867192,72.69866943359375,2175000,0.0,0.0
2013-07-25 00:00:00-04:00,72.4454583705364,73.15757091766434,72.02610488073955,73.13383483886719,1447300,0.0,0.0
2013-07-26 00:00:00-04:00,72.92022476728587,73.15759165919802,72.30305636036788,73.05473327636719,1451400,0.0,0.0
2013-07-29 00:00:00-04:00,73.11012582686705,73.11012582686705,72.48504936167492,72.62747192382812,1027400,0.0,0.0
2013-07-30 00:00:00-04:00,72.92025371445273,73.2050928904911,72.04988998866672,72.2635269165039,888700,0.0,0.0
2013-07-31 00:00:00-04:00,72.53250603887456,72.75405085785448,72.17645272789164,72.30304718017578,1249300,0.0,0.0
2013-08-01 00:00:00-04:00,72.92813277136524,73.29210016827935,72.76197413603343,73.05473327636719,850500,0.0,0.0
2013-08-02 00:00:00-04:00,72.95188289632988,73.04683329335434,72.55626529702951,72.75407409667969,1335100,0.0,0.0
2013-08-05 00:00:00-04:00,72.73824025604685,73.00725728236651,71.75711045910965,71.97074127197266,1323200,0.0,0.0
2013-08-06 00:00:00-04:00,71.96281644598518,71.96281644598518,70.89465046846654,71.29026794433594,1986400,0.0,0.0
2013-08-07 00:00:00-04:00,71.20324749876032,71.34567006330673,70.59399910615039,71.0291748046875,1215700,0.0,0.0
2013-08-08 00:00:00-04:00,71.29819398549252,71.60677518568156,70.87092631523583,71.1082992553711,1053400,0.0,0.0
2013-08-09 00:00:00-04:00,71.06874001828218,71.3614991932124,70.63355827671633,71.00543975830078,1221600,0.0,0.0
2013-08-12 00:00:00-04:00,70.80762419538681,71.42478657951592,70.4594848721043,71.06873321533203,855600,0.0,0.0
2013-08-13 00:00:00-04:00,71.10830863419609,71.67799289969882,70.5623544218632,71.48809814453125,1269200,0.0,0.0
2013-08-14 00:00:00-04:00,71.36151185242538,71.80460167760728,71.27447548867235,71.63844299316406,1169300,0.0,0.0
2013-08-15 00:00:00-04:00,70.92631530761719,71.20324639085818,70.30123884164759,70.92631530761719,1385300,0.0,0.0
2013-08-16 00:00:00-04:00,70.98961105141969,71.61468747764036,70.76806619891504,70.8551025390625,1239600,0.0,0.0
2013-08-19 00:00:00-04:00,70.63355157451593,70.85510246342857,70.31706237792969,70.31706237792969,908900,0.0,0.0
2013-08-20 00:00:00-04:00,70.36453483135172,71.06873355886655,70.17464010531202,70.76806640625,773100,0.0,0.0
2013-08-21 00:00:00-04:00,70.59398527710951,71.47225658032217,70.19836779049639,70.70475769042969,1246300,0.0,0.0
2013-08-22 00:00:00-04:00,70.64146775155561,71.88370659931863,70.52278128092456,71.68589782714844,767200,0.0,0.0
2013-08-23 00:00:00-04:00,71.67800664370792,71.82834329022505,71.08458013795702,71.559326171875,680800,0.0,0.0
2013-08-26 00:00:00-04:00,71.55931091055297,71.61469713114508,70.95005644739454,71.02127075195312,885700,0.0,0.0
2013-08-27 00:00:00-04:00,70.2458578969748,70.62565343724114,69.95310474556804,69.98474884033203,1033900,0.0,0.0
2013-08-28 00:00:00-04:00,69.76321089145965,70.00058388230126,69.37550730728788,69.58123016357422,1720600,0.0,0.0
2013-08-29 00:00:00-04:00,69.51790118410791,70.36452231471432,69.36756461621967,69.83439636230469,763400,0.0,0.0
2013-08-30 00:00:00-04:00,69.8818901645272,69.953104469078,69.15395525492632,69.40715026855469,1211000,0.0,0.0
2013-09-03 00:00:00-04:00,70.17465194491467,70.57817755124978,69.51001123667332,69.8502426147461,1232200,0.0,0.0
2013-09-04 00:00:00-04:00,69.92144900743453,70.33288860947314,69.62868984285765,69.81067657470703,1478300,0.0,0.0
2013-09-05 00:00:00-04:00,69.77113106148516,70.1825707735441,69.69991674332036,69.77904510498047,1093800,0.0,0.0
2013-09-06 00:00:00-04:00,69.97685393583787,70.34082146021788,68.92450950688139,69.77904510498047,950200,0.0,0.0
2013-09-09 00:00:00-04:00,69.92936614362846,70.95006029559664,69.85815787185295,70.8155517578125,1026500,0.0,0.0
2013-09-10 00:00:00-04:00,71.24280652083839,71.34566490688155,70.65729425852926,71.21907043457031,871600,0.0,0.0
2013-09-11 00:00:00-04:00,71.17159764441149,72.97561881452266,71.13203950983424,72.96770477294922,1818200,0.0,0.0
2013-09-12 00:00:00-04:00,72.85693289552404,72.85693289552404,71.92327519199111,72.04196166992188,1247500,0.0,0.0
2013-09-13 00:00:00-04:00,72.31890088332746,72.75407663575797,72.1290061192968,72.53253173828125,962700,0.0,0.0
2013-09-16 00:00:00-04:00,73.57693312457388,73.57693312457388,72.88064857191267,73.110107421875,922400,0.0,0.0
2013-09-17 00:00:00-04:00,73.14969096672719,73.48992234019946,73.05474660729476,73.42662811279297,844500,0.0,0.0
2013-09-18 00:00:00-04:00,73.52155644852645,74.70050097212727,73.27627552458996,74.65302276611328,1171200,0.0,0.0
2013-09-19 00:00:00-04:00,74.77959486069126,75.54709350272917,74.7716808232545,75.44422912597656,1367500,0.0,0.0
2013-09-20 00:00:00-04:00,75.51549859214981,75.87946610396135,75.05658067161283,75.15943908691406,1828600,0.0,0.0
2013-09-23 00:00:00-04:00,75.08028907252219,75.33348403242375,74.48686281931754,74.63719940185547,1386800,0.0,0.0
2013-09-24 00:00:00-04:00,74.47105534876441,75.56295769514598,74.47105534876441,74.89832305908203,1160500,0.0,0.0
2013-09-25 00:00:00-04:00,74.97746339293344,75.54715381031575,74.81921270107912,75.38098907470703,1111800,0.0,0.0
2013-09-26 00:00:00-04:00,75.73096720901619,75.73096720901619,74.95138709676486,75.30935668945312,942100,0.51,0.0
2013-09-27 00:00:00-04:00,75.1025500300749,75.25368967969968,74.7763947567811,75.03095245361328,755300,0.0,0.0
2013-09-30 00:00:00-04:00,74.25933864618867,74.6889059896366,73.91727609876543,74.4263916015625,1232600,0.0,0.0
2013-10-01 00:00:00-04:00,74.56163240311743,75.1662032877604,74.43435048900162,74.79232025146484,797400,0.0,0.0
2013-10-02 00:00:00-04:00,74.52980107336259,74.87981414794922,74.1081904152262,74.87981414794922,963200,0.0,0.0
2013-10-03 00:00:00-04:00,74.54569891875452,74.77639277369285,73.32063813863411,73.41609954833984,1446200,0.0,0.0
2013-10-04 00:00:00-04:00,73.41610632230672,73.90135791209956,73.20927628342749,73.88544464111328,921600,0.0,0.0
2013-10-07 00:00:00-04:00,73.47974750651113,73.93317862493797,73.11382117138902,73.55929565429688,891700,0.0,0.0
2013-10-08 00:00:00-04:00,73.60703444854327,73.71840308609407,72.48539143631433,72.5172119140625,1044100,0.0,0.0
2013-10-09 00:00:00-04:00,72.88310913648927,73.07402585743742,72.00806152144949,72.39785766601562,1000900,0.0,0.0
2013-10-10 00:00:00-04:00,73.08197407265229,74.13202502061138,73.07401744003215,74.1161117553711,883900,0.0,0.0
2013-10-11 00:00:00-04:00,73.98883409388026,74.91160317293466,73.68654275334144,74.85591888427734,698500,0.0,0.0
2013-10-14 00:00:00-04:00,74.51387982308574,75.22186860134184,74.37069074045337,75.17414093017578,725100,0.0,0.0
2013-10-15 00:00:00-04:00,74.81615156340183,75.30935355331079,74.58545776493722,74.60932159423828,822000,0.0,0.0
2013-10-16 00:00:00-04:00,74.99914141328077,76.39921195647015,74.94345709975741,76.16851806640625,1245200,0.0,0.0
2013-10-17 00:00:00-04:00,75.8741520912304,77.15489684583785,75.6752787575228,77.08330535888672,874100,0.0,0.0
2013-10-18 00:00:00-04:00,76.78900366715702,77.15493003026845,76.41512066791802,77.13902282714844,1431800,0.0,0.0
2013-10-21 00:00:00-04:00,77.22652483757864,77.70381981275652,77.20266099918997,77.54472351074219,1068400,0.0,0.0
2013-10-22 00:00:00-04:00,77.94247499670297,78.26862425608002,77.71178109658982,77.79928588867188,1690300,0.0,0.0
2013-10-23 00:00:00-04:00,75.8344027749427,78.01405343698531,75.8344027749427,76.59807586669922,1728400,0.0,0.0
2013-10-24 00:00:00-04:00,76.98787516207979,77.22652568686068,76.82082222238715,76.9560546875,946500,0.0,0.0
2013-10-25 00:00:00-04:00,77.16288479677671,77.35380157526662,76.35148393634339,76.478759765625,1049000,0.0,0.0
2013-10-28 00:00:00-04:00,76.42305549138713,76.5662445551387,76.11281353144763,76.22418212890625,1285000,0.0,0.0
2013-10-29 00:00:00-04:00,76.53441562737206,76.82079372321388,76.30372182410322,76.67760467529297,909000,0.0,0.0
2013-10-30 00:00:00-04:00,76.88445912844794,76.9958277490532,76.2560184440985,76.55830383300781,1348700,0.0,0.0
2013-10-31 00:00:00-04:00,76.53445594675225,76.62196074819887,75.91397176859314,75.92192840576172,1161700,0.0,0.0
2013-11-01 00:00:00-04:00,75.92192132140609,76.43103680824262,75.64349366870943,76.25602722167969,1321700,0.0,0.0
2013-11-04 00:00:00-05:00,76.4310231620133,76.82081330940484,76.33556174934967,76.74922180175781,1174800,0.0,0.0
2013-11-05 00:00:00-05:00,76.68557770180354,76.91627155438917,76.29578757046491,76.85263061523438,845000,0.0,0.0
2013-11-06 00:00:00-05:00,77.17082837056009,77.80721954752075,76.89240685131894,77.78335571289062,942000,0.0,0.0
2013-11-07 00:00:00-05:00,77.60038907502252,77.95835870263636,77.40151571098518,77.48106384277344,2037900,0.0,0.0
2013-11-08 00:00:00-05:00,77.57654489964771,78.22884950724587,77.31403658460532,78.18112182617188,1485700,0.0,0.0
2013-11-11 00:00:00-05:00,78.25270535488951,78.71408701701043,78.17315114188152,78.37202453613281,1146300,0.0,0.0
2013-11-12 00:00:00-05:00,78.12543512053462,78.2447603887077,76.25602614960704,76.69355010986328,2667500,0.0,0.0
2013-11-13 00:00:00-05:00,76.52647961551217,77.48107554859152,76.51852904952557,77.40152740478516,1597500,0.0,0.0
2013-11-14 00:00:00-05:00,77.62424998764251,78.25269052265637,77.36173570039624,78.19700622558594,843400,0.0,0.0
2013-11-15 00:00:00-05:00,78.19702803814855,78.53113391376785,78.0220184644999,78.51522064208984,1019800,0.0,0.0
2013-11-18 00:00:00-05:00,78.55497268245806,79.07204460254893,78.17313318279824,78.3004150390625,884000,0.0,0.0
2013-11-19 00:00:00-05:00,78.17315360496858,78.57885704138178,78.03792114920901,78.3958969116211,1033300,0.0,0.0
2013-11-20 00:00:00-05:00,78.72205642160051,78.76978410183972,77.62427729215155,77.83905792236328,922800,0.0,0.0
2013-11-21 00:00:00-05:00,78.18905189701437,81.04487046816953,78.08563993344441,80.76644897460938,2750100,0.0,0.0
2013-11-22 00:00:00-05:00,80.71078219679254,81.75287689996676,80.46418111598268,81.60968780517578,1684000,0.0,0.0
2013-11-25 00:00:00-05:00,81.86424711427496,81.87219768028687,81.34717507418524,81.50627136230469,863400,0.0,0.0
2013-11-26 00:00:00-05:00,81.35515535922748,82.11087817669618,81.15628189186255,81.63358306884766,1340000,0.0,0.0
2013-11-27 00:00:00-05:00,81.66537797724678,82.38131738024467,81.53809608480779,82.05516815185547,1121700,0.0,0.0
2013-11-29 00:00:00-05:00,82.19039335620371,82.78701351879786,81.62559366391069,81.76082611083984,617000,0.0,0.0
2013-12-02 00:00:00-05:00,81.609680690678,81.79264687829061,80.8460076080792,80.9732894897461,1417900,0.0,0.0
2013-12-03 00:00:00-05:00,80.67098916515054,81.0846430655931,80.00277154857962,80.66303253173828,1424200,0.0,0.0
2013-12-04 00:00:00-05:00,80.51983017833045,81.36305110678423,79.68455981284289,80.38459777832031,1001600,0.0,0.0
2013-12-05 00:00:00-05:00,80.05848035553358,80.30508144461797,79.31071438329712,79.62095642089844,1080700,0.0,0.0
2013-12-06 00:00:00-05:00,80.40849512595327,81.25967304134198,80.35281081631604,81.10057067871094,1031100,0.0,0.0
2013-12-09 00:00:00-05:00,81.14829116354638,81.37898499981823,80.53575778848194,80.82213592529297,1063000,0.0,0.0
2013-12-10 00:00:00-05:00,80.5437240600586,80.90965037440571,80.44031208072168,80.5437240600586,921400,0.0,0.0
2013-12-11 00:00:00-05:00,80.45622083350219,80.62327375833041,79.30275756101163,79.46981048583984,1321900,0.0,0.0
2013-12-12 00:00:00-05:00,79.41411301754223,79.7561754457349,79.12773488839801,79.20728302001953,1461300,0.0,0.0
2013-12-13 00:00:00-05:00,79.30274051192399,79.55729816204999,78.89703717077116,78.96067810058594,1121000,0.0,0.0
2013-12-16 00:00:00-05:00,78.99252572076543,79.5175483993917,78.75387518648563,78.91297149658203,1156200,0.0,0.0
2013-12-17 00:00:00-05:00,79.23912023103642,79.27889733981947,78.5629518656677,78.59477233886719,1233300,0.0,0.0
2013-12-18 00:00:00-05:00,78.7459060891453,79.59708395865084,78.13337871615444,79.5811767578125,1757200,0.0,0.0
2013-12-19 00:00:00-05:00,79.43001292366338,79.8834439083229,79.25500340868378,79.8357162475586,1811200,0.0,0.0
2013-12-20 00:00:00-05:00,79.88346113336364,80.78237273247358,79.78004915636491,80.4959945678711,1362600,0.0,0.0
2013-12-23 00:00:00-05:00,81.00509295383976,81.06873388131234,80.45620057537135,80.94145202636719,904100,0.0,0.0
2013-12-24 00:00:00-05:00,80.82213911426187,81.1960220336914,80.6232657374703,81.1960220336914,492200,0.0,0.0
2013-12-26 00:00:00-05:00,81.26762886617162,81.81651532165391,81.10056986979168,81.68923950195312,586200,0.0,0.0
2013-12-27 00:00:00-05:00,81.84040710512885,81.84040710512885,81.3949324803551,81.63358306884766,527700,0.0,0.0
2013-12-30 00:00:00-05:00,81.64944755756518,82.10287858316076,81.62558372502858,81.87218475341797,518900,0.0,0.0
2013-12-31 00:00:00-05:00,82.06312364140895,82.54041859312038,81.98356942517823,82.35745239257812,686400,0.0,0.0
2014-01-02 00:00:00-05:00,81.76082978075571,82.24608135364402,80.60736650895302,80.90169525146484,1112600,0.0,0.0
2014-01-03 00:00:00-05:00,81.06875294552516,81.25966970370618,80.527817073067,80.69486999511719,1120800,0.0,0.0
2014-01-06 00:00:00-05:00,81.47441213736131,81.5539602435838,80.13798331777669,80.4164047241211,1304100,0.0,0.0
2014-01-07 00:00:00-05:00,80.35281456294194,80.63123612411007,79.6845967470036,79.76414489746094,2214100,0.0,0.0
2014-01-08 00:00:00-05:00,79.63685970960212,79.83573309693622,78.37997844505834,78.77772521972656,2781700,0.0,0.0
2014-01-09 00:00:00-05:00,79.00841459201737,79.11978319707134,78.0776886487233,78.67430877685547,2097000,0.0,0.0
2014-01-10 00:00:00-05:00,78.9050006477469,78.96863551394765,77.83903622286368,78.49134063720703,2760900,0.0,0.0
2014-01-13 00:00:00-05:00,78.73154683021555,79.00375589336005,77.42656198305674,77.59468841552734,2459200,0.63,0.0
2014-01-14 00:00:00-05:00,77.5546261814344,78.4993405405461,77.44254194460189,78.21912384033203,1878300,0.0,0.0
2014-01-15 00:00:00-05:00,78.57140885807797,78.94769435130527,78.18712170917688,78.4513168334961,1583900,0.0,0.0
2014-01-16 00:00:00-05:00,78.29122080720646,78.58744707227164,77.77883372200002,77.89892578125,1564900,0.0,0.0
2014-01-17 00:00:00-05:00,77.91492660580869,78.23517002575112,77.53063328025073,77.7387924194336,4253700,0.0,0.0
2014-01-21 00:00:00-05:00,77.88290577363956,78.10707434701905,76.86613942777248,77.15435791015625,2649000,0.0,0.0
2014-01-22 00:00:00-05:00,77.34645832955184,77.65068606520188,76.83407155996643,76.86609649658203,1615500,0.0,0.0
2014-01-23 00:00:00-05:00,77.05024579949661,77.05024579949661,75.26489955310609,75.4010009765625,2879500,0.0,0.0
2014-01-24 00:00:00-05:00,75.40101083163066,75.40101083163066,73.80780792236328,73.80780792236328,2526500,0.0,0.0
2014-01-27 00:00:00-05:00,73.67170161989257,75.09678427373431,73.65569220047146,74.49633026123047,3022500,0.0,0.0
2014-01-28 00:00:00-05:00,74.60841600056277,75.93741773168671,74.5443661053405,75.71324920654297,2603200,0.0,0.0
2014-01-29 00:00:00-05:00,75.16883005489196,75.68121695092405,74.36822476632508,75.28091430664062,3466700,0.0,0.0
2014-01-30 00:00:00-05:00,75.76930630779734,76.35375102793616,75.28894421499216,76.16960906982422,2339300,0.0,0.0
2014-01-31 00:00:00-05:00,75.04873997717127,75.61716901375026,74.87260583183874,75.10478210449219,2871400,0.0,0.0
2014-02-03 00:00:00-05:00,74.8085589715984,75.16082113963736,73.86384450124507,74.13604736328125,3813700,0.0,0.0
2014-02-04 00:00:00-05:00,74.62443514624992,74.96068797779,74.12805755578478,74.32820892333984,2569000,0.0,0.0
2014-02-05 00:00:00-05:00,74.08801173141299,74.91263417456106,74.07199620560684,74.65644073486328,2561300,0.0,0.0
2014-02-06 00:00:00-05:00,74.7685429710304,75.40902977843196,74.48032451851319,74.84860229492188,2986500,0.0,0.0
2014-02-07 00:00:00-05:00,75.32095443702478,75.77729925215425,74.97669388468962,75.73726654052734,2124700,0.0,0.0
2014-02-10 00:00:00-05:00,75.40901456578415,76.0815200805664,75.20085547915141,76.0815200805664,1712500,0.0,0.0
2014-02-11 00:00:00-05:00,76.3217144806074,77.53863200473782,76.23364739768819,77.50660705566406,2353900,0.0,0.0
2014-02-12 00:00:00-05:00,77.01823333238139,77.30645175116963,76.55388686489736,76.62593841552734,1676800,0.0,0.0
2014-02-13 00:00:00-05:00,76.05751749308918,77.01824158659007,76.01748477747047,76.97020721435547,1339900,0.0,0.0
2014-02-14 00:00:00-05:00,76.97020065922811,77.65071400984691,76.8581163948031,77.63470458984375,1426200,0.0,0.0
2014-02-18 00:00:00-05:00,77.73879720117208,78.13909997368907,77.53063804918528,78.02701568603516,1450400,0.0,0.0
2014-02-19 00:00:00-05:00,77.8748933223584,78.35526150285195,77.37051406260235,77.39453125,1517300,0.0,0.0
2014-02-20 00:00:00-05:00,77.33847288998786,77.88288475331836,76.77004384429677,77.48258209228516,1579200,0.0,0.0
2014-02-21 00:00:00-05:00,77.72275447233676,78.33921779026832,77.39450340762889,77.81082153320312,1264100,0.0,0.0
2014-02-24 00:00:00-05:00,77.73877866171179,78.34724044110712,77.4825851927244,77.49059295654297,1409700,0.0,0.0
2014-02-25 00:00:00-05:00,77.4425572891638,77.5866664948071,77.13031558682495,77.28243255615234,1268500,0.0,0.0
2014-02-26 00:00:00-05:00,77.16235520621656,77.49861415541487,76.83411013036022,76.93818664550781,1126600,0.0,0.0
2014-02-27 00:00:00-05:00,76.87412326381853,77.64270977742001,76.82608889726873,77.4665756225586,1250200,0.0,0.0
2014-02-28 00:00:00-05:00,77.65870352370128,78.5393680121373,77.53861152342981,78.35523223876953,1780000,0.0,0.0
2014-03-03 00:00:00-05:00,77.43454285042932,77.66671911218126,76.7380140651735,77.1943588256836,1376200,0.0,0.0
2014-03-04 00:00:00-05:00,78.0109941061972,78.13908779721119,77.69875848094073,78.0350112915039,1918600,0.0,0.0
2014-03-05 00:00:00-05:00,78.08305878711985,78.40330223068658,77.78683864103255,78.18714141845703,1172400,0.0,0.0
2014-03-06 00:00:00-05:00,78.28316539472243,78.91564415422619,78.04298753054049,78.57939147949219,1331100,0.0,0.0
2014-03-07 00:00:00-05:00,78.81158719176676,79.06778064183285,78.09904896789129,78.27517700195312,1789800,0.0,0.0
2014-03-10 00:00:00-04:00,78.05101777026515,78.54739531105358,77.95494903265953,78.29920959472656,1744400,0.0,0.0
2014-03-11 00:00:00-04:00,78.53938525087771,78.71551940885146,77.7948220155286,77.93092346191406,814400,0.0,0.0
2014-03-12 00:00:00-04:00,77.7067557765649,78.1470911762594,77.34648580091252,78.06703186035156,1149100,0.0,0.0
2014-03-13 00:00:00-04:00,78.40327259672999,78.40327259672999,77.65870946781632,78.09904479980469,2275600,0.0,0.0
2014-03-14 00:00:00-04:00,77.95495045590279,78.4753390824591,77.83485842356883,78.28319549560547,1647900,0.0,0.0
2014-03-17 00:00:00-04:00,78.60342407998147,79.16384531451341,78.38726334898581,79.08378601074219,1269900,0.0,0.0
2014-03-18 00:00:00-04:00,79.20390602606842,79.44409013044184,78.95572026418195,79.4200668334961,1433000,0.0,0.0
2014-03-19 00:00:00-04:00,79.4680992188689,79.71628495545718,78.30721764357635,78.5954360961914,1273100,0.0,0.0
2014-03-20 00:00:00-04:00,78.3952737519829,78.9236762104787,77.9949710803227,78.7875747680664,1861800,0.0,0.0
2014-03-21 00:00:00-04:00,78.95570690370367,80.5328944140024,78.45932935578965,79.46809387207031,2472600,0.0,0.0
2014-03-24 00:00:00-04:00,79.70024929540592,79.86036789052979,78.96368787669074,79.31595611572266,1793200,0.0,0.0
2014-03-25 00:00:00-04:00,79.53212478722708,79.70825892436544,79.17185485808658,79.36399841308594,1273600,0.0,0.0
2014-03-26 00:00:00-04:00,76.54396753809465,79.84744280240373,76.54396753809465,78.71137237548828,1176200,0.63,0.0
2014-03-27 00:00:00-04:00,78.61468652441766,78.8161180268526,78.26822409434152,78.63079833984375,1571000,0.0,0.0
2014-03-28 00:00:00-04:00,79.01754373438791,79.13034487570286,78.61468075906276,78.87251281738281,935400,0.0,0.0
2014-03-31 00:00:00-04:00,79.49293817889809,79.85551245681744,79.37207803719092,79.81522369384766,1222400,0.0,0.0
2014-04-01 00:00:00-04:00,80.00859768624329,80.19391123174879,79.34790258382888,79.83133697509766,1361600,0.0,0.0
2014-04-02 00:00:00-04:00,79.75882101502773,80.03277107216802,79.41235856309272,79.6218490600586,1694900,0.0,0.0
2014-04-03 00:00:00-04:00,79.80716351409879,80.15362594326544,79.5171016595778,79.75076293945312,1419500,0.0,0.0
2014-04-04 00:00:00-04:00,80.01664176149298,80.26642098494756,79.25120457137365,79.27537536621094,1221400,0.0,0.0
2014-04-07 00:00:00-04:00,79.31566564469921,79.54126793044533,78.61468184495841,78.64691162109375,922000,0.0,0.0
2014-04-08 00:00:00-04:00,78.66299683261232,79.00140629398645,78.59854344934031,78.79191589355469,1052900,0.0,0.0
2014-04-09 00:00:00-04:00,79.0336530417086,79.88772670240375,78.63884905962934,79.86355590820312,955100,0.0,0.0
2014-04-10 00:00:00-04:00,79.92802446617355,80.34700546910099,79.43653106689453,79.43653106689453,1566800,0.0,0.0
2014-04-11 00:00:00-04:00,79.75076242992303,80.55648843239983,79.22703929887278,80.01664733886719,2127200,0.0,0.0
2014-04-14 00:00:00-04:00,80.43561217457423,80.81430430335963,79.62182735402689,80.17778015136719,1136500,0.0,0.0
2014-04-15 00:00:00-04:00,80.16972346702975,80.66121673583984,79.80714928711434,80.66121673583984,1675500,0.0,0.0
2014-04-16 00:00:00-04:00,81.37024239757625,81.68447495071888,80.9432087303414,81.67642211914062,1092100,0.0,0.0
2014-04-17 00:00:00-04:00,81.5878416139852,82.20824812032997,81.28972068915783,81.33000946044922,1008600,0.0,0.0
2014-04-21 00:00:00-04:00,81.37829431527223,81.53943699365054,81.03183202427964,81.22520446777344,966500,0.0,0.0
2014-04-22 00:00:00-04:00,81.31386364884754,81.66032606282316,81.08020237921737,81.41055297851562,1223700,0.0,0.0
2014-04-23 00:00:00-04:00,81.41056947562733,82.10349444399347,81.25747954276426,81.76509094238281,1090400,0.0,0.0
2014-04-24 00:00:00-04:00,82.03900336507475,82.30489436300756,81.70865897292808,82.28072357177734,1338800,0.0,0.0
2014-04-25 00:00:00-04:00,82.28075399864227,82.36132538160449,81.660341440708,81.85371398925781,1383100,0.0,0.0
2014-04-28 00:00:00-04:00,82.25654307947171,82.65135314317496,81.45081728820784,81.73282623291016,1536500,0.0,0.0
2014-04-29 00:00:00-04:00,82.15987766385595,82.74000134241471,81.77312649574968,82.659423828125,1142900,0.0,0.0
2014-04-30 00:00:00-04:00,82.70775500430143,82.71581398355688,81.2655050775775,82.44186401367188,1538600,0.0,0.0
2014-05-01 00:00:00-04:00,82.3210134719575,82.78833596783404,82.01483984390084,82.19210052490234,1533100,0.0,0.0
2014-05-02 00:00:00-04:00,81.99872247839393,82.8205663422357,81.9906696453451,82.23238372802734,1053000,0.0,0.0
2014-05-05 00:00:00-04:00,82.14375285164876,82.49021523371655,81.51528763468873,82.34518432617188,784700,0.0,0.0
2014-05-06 00:00:00-04:00,82.17600218783723,82.49023487112262,81.94234088410153,82.08737182617188,1276600,0.0,0.0
2014-05-07 00:00:00-04:00,82.40159252644932,83.30400782890072,82.06318909323055,83.12674713134766,1630400,0.0,0.0
2014-05-08 00:00:00-04:00,82.92530054431727,83.23148029243393,82.24043482159351,82.28072357177734,1407500,0.0,0.0
2014-05-09 00:00:00-04:00,82.16794921458494,82.78029661589352,82.06320088886467,82.7158432006836,1124500,0.0,0.0
2014-05-12 00:00:00-04:00,83.0381114422844,83.18314235393694,82.77222656025552,82.9655990600586,821700,0.0,0.0
2014-05-13 00:00:00-04:00,83.01393730043365,83.3926294515435,82.73193446892654,83.35234069824219,654100,0.0,0.0
2014-05-14 00:00:00-04:00,83.19121391619433,83.39264542688728,82.50634800927862,82.74806213378906,1047600,0.0,0.0
2014-05-15 00:00:00-04:00,82.44993149433638,82.70776353229554,82.00677979759377,82.4177017211914,1083900,0.0,0.0
2014-05-16 00:00:00-04:00,82.32104143149002,82.62722131073842,81.95846711335179,82.55470275878906,795100,0.0,0.0
2014-05-19 00:00:00-04:00,82.30489382051718,83.01393032979773,82.24849325895168,82.88501739501953,708000,0.0,0.0
2014-05-20 00:00:00-04:00,82.88504111049575,82.9897832841724,82.36131794770864,82.72389221191406,712700,0.0,0.0
2014-05-21 00:00:00-04:00,83.0622787475586,83.3362287457073,82.77222308363743,83.0622787475586,758400,0.0,0.0
2014-05-22 00:00:00-04:00,83.16703141485974,83.35234493618614,82.87696958850441,82.9414291381836,667600,0.0,0.0
2014-05-23 00:00:00-04:00,83.15896565771219,83.18313645007194,82.56273023976954,82.91725158691406,750500,0.0,0.0
2014-05-27 00:00:00-04:00,83.31207068077575,83.48933138656488,83.06229143752668,83.27178192138672,808400,0.0,0.0
2014-05-28 00:00:00-04:00,83.24759693451514,83.39262783751188,82.6433025298955,83.0461654663086,965000,0.0,0.0
2014-05-29 00:00:00-04:00,83.22343190063432,83.59406509011674,82.8205689363446,83.43292236328125,856300,0.0,0.0
2014-05-30 00:00:00-04:00,83.46514691718085,83.63435477359727,83.17509123509812,83.56183624267578,1198200,0.0,0.0
2014-06-02 00:00:00-04:00,83.65047565546034,83.83579534594774,83.34430197900475,83.42487335205078,720500,0.0,0.0
2014-06-03 00:00:00-04:00,83.32819062667168,83.44099178732522,82.71584322518174,82.86892700195312,890600,0.0,0.0
2014-06-04 00:00:00-04:00,82.90113268129313,84.02915010708172,82.78833155343432,83.92440795898438,1014100,0.0,0.0
2014-06-05 00:00:00-04:00,84.18223484903957,84.2305764302573,83.65851184611395,84.20640563964844,1080500,0.0,0.0
2014-06-06 00:00:00-04:00,84.26283738647912,84.6092998569015,84.2225486224198,84.53678131103516,1010600,0.0,0.0
2014-06-09 00:00:00-04:00,84.80264534854358,84.80264534854358,84.31115209037694,84.59315490722656,768300,0.0,0.0
2014-06-10 00:00:00-04:00,84.24671155102949,84.67374536247158,84.24671155102949,84.58512115478516,664000,0.0,0.0
2014-06-11 00:00:00-04:00,84.18225823208955,84.43203133402662,83.76327725448996,83.95664978027344,874600,0.0,0.0
2014-06-12 00:00:00-04:00,84.02110422046698,84.33533686092684,83.5296108808346,83.59407043457031,745000,0.0,0.0
2014-06-13 00:00:00-04:00,83.67460841395321,83.9002106148034,83.50540676331556,83.71489715576172,754700,0.0,0.0
2014-06-16 00:00:00-04:00,83.84383788230735,83.85189686278265,83.21537264365558,83.49737548828125,907900,0.0,0.0
2014-06-17 00:00:00-04:00,83.04619640769646,84.24672668428542,82.97368400278167,84.15809631347656,771000,0.0,0.0
2014-06-18 00:00:00-04:00,84.15806593721294,84.56092887831439,83.69880243024531,84.44812774658203,799900,0.0,0.0
2014-06-19 00:00:00-04:00,84.43206635277576,85.06859091748426,84.27091739178381,84.85910034179688,940900,0.0,0.0
2014-06-20 00:00:00-04:00,85.39083238163877,87.51794823584251,84.54481773969836,84.6253890991211,1301700,0.0,0.0
2014-06-23 00:00:00-04:00,84.75430819195802,84.96379249701698,84.37561604075042,84.6253890991211,605200,0.0,0.0
2014-06-24 00:00:00-04:00,84.35144973492942,84.97991497794048,84.09361768274024,84.16613006591797,711400,0.0,0.0
2014-06-25 00:00:00-04:00,83.95665506827721,84.19837535113261,83.67465216974735,83.96471405029297,923800,0.0,0.0
2014-06-26 00:00:00-04:00,84.0211248361555,84.0211248361555,83.17511603780008,83.31208801269531,805500,0.0,0.0
2014-06-27 00:00:00-04:00,83.22343711542037,83.65852988178032,83.0220056206538,83.30400848388672,1146200,0.0,0.0
2014-06-30 00:00:00-04:00,83.25567253320104,83.73910692395543,83.23150173574358,83.55378723144531,797700,0.0,0.0
2014-07-01 00:00:00-04:00,83.93247505591219,84.64151786261313,83.86801550126638,84.4400863647461,905700,0.0,0.0
2014-07-02 00:00:00-04:00,84.5045428993462,84.81072272164347,84.10167988870386,84.1177978515625,981800,0.0,0.0
2014-07-03 00:00:00-04:00,84.40785141975184,84.74625484012218,84.21447276765356,84.72208404541016,440700,0.0,0.0
2014-07-07 00:00:00-04:00,84.3192368445865,84.85907185145717,84.11780532137784,84.76238250732422,805700,0.0,0.0
2014-07-08 00:00:00-04:00,84.88325109863874,84.88325109863874,84.10975471020004,84.15809631347656,1322000,0.0,0.0
2014-07-09 00:00:00-04:00,84.42397276264158,84.50454413650928,83.95665018812635,84.33534240722656,1042500,0.0,0.0
2014-07-10 00:00:00-04:00,83.28788645299485,84.01303482744682,83.28788645299485,84.0049819946289,1150700,0.0,0.0
2014-07-11 00:00:00-04:00,83.97277222840769,84.33534650201759,83.58602100898199,84.27894592285156,1156700,0.0,0.0
2014-07-14 00:00:00-04:00,84.7784768345419,85.13299818364985,84.39978469294036,84.43201446533203,1144400,0.0,0.0
2014-07-15 00:00:00-04:00,84.65765058581096,84.85908213342611,84.44816005507435,84.68988037109375,1159300,0.0,0.0
2014-07-16 00:00:00-04:00,84.97993723371607,84.97993723371607,84.19838189193233,84.32730102539062,795900,0.0,0.0
2014-07-17 00:00:00-04:00,84.08555860818868,84.57705191762489,83.20731414730062,83.23149108886719,836500,0.0,0.0
2014-07-18 00:00:00-04:00,83.16701492156416,83.88411036473131,83.09449640575636,83.85993957519531,1044900,0.0,0.0
2014-07-21 00:00:00-04:00,83.92484267819343,84.11943047207109,83.4951251315395,84.00592041015625,1952300,0.65,0.0
2014-07-22 00:00:00-04:00,83.83563143358855,83.83563143358855,83.02484197327499,83.76265716552734,1357200,0.0,0.0
2014-07-23 00:00:00-04:00,84.15182632911448,85.39233302940768,84.12750363865098,84.67884063720703,1519900,0.0,0.0
2014-07-24 00:00:00-04:00,84.82479088015025,85.15721132388671,84.48425462439306,84.9626235961914,1221900,0.0,0.0
2014-07-25 00:00:00-04:00,84.60588697985288,84.792371295198,83.84374902115962,83.90860748291016,985600,0.0,0.0
2014-07-28 00:00:00-04:00,83.68157945666252,83.90049607501348,83.13835200285227,83.76265716552734,1188800,0.0,0.0
2014-07-29 00:00:00-04:00,83.8842609833804,84.04642255632466,83.24373668837148,83.25184631347656,1432000,0.0,0.0
2014-07-30 00:00:00-04:00,83.26808025515618,83.4140226144815,82.31134838531976,82.57080078125,1809800,0.0,0.0
2014-07-31 00:00:00-04:00,82.24648768136359,82.54647583313344,81.13570385537464,81.16002655029297,2101800,0.0,0.0
2014-08-01 00:00:00-04:00,80.9005896370212,81.67084350983069,80.83572498094237,81.24922943115234,1717200,0.0,0.0
2014-08-04 00:00:00-04:00,81.241104261965,81.37894317622366,80.77895450101819,81.16002655029297,2639900,0.0,0.0
2014-08-05 00:00:00-04:00,80.94925713904082,81.38708440836886,80.75466930350696,81.03844451904297,2172900,0.0,0.0
2014-08-06 00:00:00-04:00,80.79516639595981,81.33839381910107,80.63300480155266,81.19245147705078,3316000,0.0,0.0
2014-08-07 00:00:00-04:00,81.51679966579096,81.51679966579096,80.82762963694469,81.06275939941406,2287600,0.0,0.0
2014-08-08 00:00:00-04:00,81.16815958325755,81.60598677554003,80.86816515914695,81.33842468261719,2436700,0.0,0.0
2014-08-11 00:00:00-04:00,81.36272477215566,81.70325487623452,81.03030429507855,81.4275894165039,1671900,0.0,0.0
2014-08-12 00:00:00-04:00,81.435692107689,82.2464815354889,81.28164013694064,82.16539764404297,1480200,0.0,0.0
2014-08-13 00:00:00-04:00,82.55458118498944,82.91943396153631,82.16539952895124,82.87078857421875,1472400,0.0,0.0
2014-08-14 00:00:00-04:00,83.0653930537834,83.76267261311257,82.87891490758712,83.73834991455078,771000,0.0,0.0
2014-08-15 00:00:00-04:00,83.97345728064879,84.23290963926924,83.14645482061863,83.91670227050781,1338200,0.0,0.0
2014-08-18 00:00:00-04:00,84.20860312962512,84.56535251097215,84.15995773610811,84.49237823486328,912900,0.0,0.0
2014-08-19 00:00:00-04:00,84.75183148346623,84.82480576029849,84.45994674780408,84.50859832763672,911600,0.0,0.0
2014-08-20 00:00:00-04:00,84.32209026996348,84.74369799954736,84.0869606221032,84.63018798828125,1426500,0.0,0.0
2014-08-21 00:00:00-04:00,84.80045563564894,85.52206385226982,84.49235790777414,85.3761215209961,855200,0.0,0.0
2014-08-22 00:00:00-04:00,85.22207614530778,85.59503853495731,84.86532682223765,84.93830108642578,964600,0.0,0.0
2014-08-25 00:00:00-04:00,85.27883897501727,85.51396866988424,85.0031673312366,85.35991668701172,707700,0.0,0.0
2014-08-26 00:00:00-04:00,85.49774306564603,85.85449239492361,85.22207762817332,85.63558197021484,567300,0.0,0.0
2014-08-27 00:00:00-04:00,85.44100344831753,85.98423716646504,85.44100344831753,85.86261749267578,644300,0.0,0.0
2014-08-28 00:00:00-04:00,85.58693118590331,86.26799753117311,85.49774385276282,86.04097747802734,926300,0.0,0.0
2014-08-29 00:00:00-04:00,86.36528846307942,86.3896173423889,85.64368635604485,86.21124267578125,800200,0.0,0.0
2014-09-02 00:00:00-04:00,86.47881954511374,86.81124005617693,86.13828322038609,86.4544906616211,594600,0.0,0.0
2014-09-03 00:00:00-04:00,86.75447765457659,86.96528465941536,86.08963050316176,86.29232788085938,842300,0.0,0.0
2014-09-04 00:00:00-04:00,86.56798441976662,86.8355464153405,85.76530461887735,85.82205963134766,1138800,0.0,0.0
2014-09-05 00:00:00-04:00,85.79774475854087,86.07341640554664,85.43289195738087,86.04908752441406,875500,0.0,0.0
2014-09-08 00:00:00-04:00,86.10582769422265,86.45446736700883,85.822052654939,86.05718231201172,562000,0.0,0.0
2014-09-09 00:00:00-04:00,85.88692442357475,86.01664751552475,85.29504541889918,85.54639434814453,722400,0.0,0.0
2014-09-10 00:00:00-04:00,85.54640973634488,85.90315294275314,85.39235773772528,85.7166748046875,757700,0.0,0.0
2014-09-11 00:00:00-04:00,85.34369693772861,85.82205973112984,85.2626192320814,85.48963928222656,776600,0.0,0.0
2014-09-12 00:00:00-04:00,85.27883849481249,85.5058585614518,84.79236603975215,85.04370880126953,1053300,0.0,0.0
2014-09-15 00:00:00-04:00,84.88964366647613,85.88691730279037,84.88964366647613,85.66800689697266,1250400,0.0,0.0
2014-09-16 00:00:00-04:00,85.4166807507264,86.36530307178211,85.4166807507264,85.86261749267578,1729600,0.0,0.0
2014-09-17 00:00:00-04:00,86.06531413482335,86.34908924729565,85.75721013913899,85.95990753173828,1155900,0.0,0.0
2014-09-18 00:00:00-04:00,86.32479172025013,87.24098197503895,86.13020389865085,87.07071685791016,1246800,0.0,0.0
2014-09-19 00:00:00-04:00,87.41932561213562,87.52472602261044,86.68961380852852,86.75447845458984,1511400,0.0,0.0
2014-09-22 00:00:00-04:00,86.35720851645567,86.83557144719713,86.35720851645567,86.44639587402344,792200,0.0,0.0
2014-09-23 00:00:00-04:00,86.47070833484857,86.47070833484857,85.46533100639319,85.47343444824219,1265100,0.0,0.0
2014-09-24 00:00:00-04:00,85.50586810969902,86.59232936029491,85.32749341289718,86.42205810546875,1016800,0.0,0.0
2014-09-25 00:00:00-04:00,85.84638205622942,86.17069906326037,85.3436965718722,85.53828430175781,1167600,0.0,0.0
2014-09-26 00:00:00-04:00,85.54647580777333,86.5744058252956,85.3751551755501,86.32965850830078,1136400,0.65,0.0
2014-09-29 00:00:00-04:00,85.63619615904813,85.87278351733715,85.17934124603832,85.53013610839844,1263200,0.0,0.0
2014-09-30 00:00:00-04:00,85.12222357332156,85.84014551130785,84.92642951031668,85.55461120605469,1583100,0.0,0.0
2014-10-01 00:00:00-04:00,85.70960019875542,85.73407367524254,84.65719714054849,84.69799041748047,1347400,0.0,0.0
2014-10-02 00:00:00-04:00,84.77957433868339,85.74223720776546,84.45324678194396,85.35880279541016,1208100,0.0,0.0
2014-10-03 00:00:00-04:00,85.4648707041237,86.96596888956844,85.4648707041237,86.83544158935547,1700700,0.0,0.0
2014-10-06 00:00:00-04:00,87.26780712892514,87.38202082991221,86.48462479750819,86.6396255493164,1059600,0.0,0.0
2014-10-07 00:00:00-04:00,86.67228749293177,86.67228749293177,85.76673126220703,85.76673126220703,1199400,0.0,0.0
2014-10-08 00:00:00-04:00,85.97883072099049,87.14544761900471,85.97883072099049,87.08834075927734,1533800,0.0,0.0
2014-10-09 00:00:00-04:00,86.92518952327934,87.38204445072303,85.57093209666903,85.59540557861328,1683900,0.0,0.0
2014-10-10 00:00:00-04:00,85.75042217943711,86.81098549287515,85.5791015625,85.5791015625,1126700,0.0,0.0
2014-10-13 00:00:00-04:00,85.32620238836186,86.19913158522658,84.1106381495842,84.20037841796875,2192600,0.0,0.0
2014-10-14 00:00:00-04:00,84.55116869435889,85.56277877905265,84.29826772923097,85.04065704345703,1341300,0.0,0.0
2014-10-15 00:00:00-04:00,84.13509562361169,84.39615647535791,82.59320399545722,84.11878204345703,2130500,0.0,0.0
2014-10-16 00:00:00-04:00,82.51975415682283,84.33901956889707,82.51975415682283,83.9637451171875,1823300,0.0,0.0
2014-10-17 00:00:00-04:00,84.47775105178621,85.6688416897292,84.47775105178621,85.34251403808594,1540000,0.0,0.0
2014-10-20 00:00:00-04:00,85.0732838037978,85.79120580246106,84.90196320616631,85.73409271240234,1340000,0.0,0.0
2014-10-21 00:00:00-04:00,85.94618873052536,87.04753875732422,85.88908187651892,87.04753875732422,1336900,0.0,0.0
2014-10-22 00:00:00-04:00,87.66757119387964,88.10811250329785,86.2888404046364,86.345947265625,1950200,0.0,0.0
2014-10-23 00:00:00-04:00,87.16993784451067,87.19441132849816,85.7422598528742,85.98700714111328,2040300,0.0,0.0
2014-10-24 00:00:00-04:00,85.97068018186216,87.25151093881094,85.92989312000437,87.21072387695312,1184800,0.0,0.0
2014-10-27 00:00:00-04:00,86.90072084705817,88.34471870686508,86.90072084705817,88.24681854248047,1608500,0.0,0.0
2014-10-28 00:00:00-04:00,88.70364970604247,88.95655059814453,88.29574182888159,88.95655059814453,1314900,0.0,0.0
2014-10-29 00:00:00-04:00,88.8178657737418,89.10340005050546,87.90414986391771,88.40995788574219,1243700,0.0,0.0
2014-10-30 00:00:00-04:00,88.40998318752494,89.42975319936886,88.09181544176423,88.89131164550781,1053000,0.0,0.0
2014-10-31 00:00:00-04:00,89.6010597047559,89.84580073454913,89.02183117614297,89.1686782836914,1720500,0.0,0.0
2014-11-03 00:00:00-05:00,89.30736018971683,89.48684066875602,88.5241777373302,88.7607650756836,1281800,0.0,0.0
2014-11-04 00:00:00-05:00,88.85865518630393,90.0497455039722,88.84234160899038,89.51947021484375,2090800,0.0,0.0
2014-11-05 00:00:00-05:00,90.31897989832544,90.31897989832544,89.22578955141351,90.14765930175781,1327700,0.0,0.0
2014-11-06 00:00:00-05:00,90.14767907734559,90.39242639709298,89.77240441813369,90.33531951904297,781100,0.0,0.0
2014-11-07 00:00:00-05:00,90.18843559473181,90.63713053238808,90.0986953623645,90.40054321289062,1007100,0.0,0.0
2014-11-10 00:00:00-05:00,90.47397812019723,90.97162628173828,90.18028391915067,90.97162628173828,1028500,0.0,0.0
2014-11-11 00:00:00-05:00,90.93083750587476,91.15926495707896,90.51476966307786,90.5718765258789,735000,0.0,0.0
2014-11-12 00:00:00-05:00,90.2047592398213,90.4495064870829,90.05791213630054,90.367919921875,985800,0.0,0.0
2014-11-13 00:00:00-05:00,90.69424100868767,90.8247745243181,89.97632534526215,90.27001953125,1265600,0.0,0.0
2014-11-14 00:00:00-05:00,90.1721330226982,91.02058232998459,90.05791929135019,90.24555969238281,1670600,0.0,0.0
2014-11-17 00:00:00-05:00,90.10686196439194,90.74320358269216,90.01712171915145,90.6697769165039,1097700,0.0,0.0
2014-11-18 00:00:00-05:00,90.3271267774394,91.17557596015064,90.3271267774394,90.74319458007812,1026200,0.0,0.0
2014-11-19 00:00:00-05:00,90.53922576169559,91.64057567095163,90.42500584169267,91.63241577148438,1949600,0.0,0.0
2014-11-20 00:00:00-05:00,90.91454490549143,92.1301091079957,90.91454490549143,91.92615509033203,1379200,0.0,0.0
2014-11-21 00:00:00-05:00,92.5624827159649,92.76643671619155,91.57534610176972,91.8282470703125,1614000,0.0,0.0
2014-11-24 00:00:00-05:00,92.22795101618705,92.53795868649621,92.03215080150669,92.50532531738281,1172800,0.0,0.0
2014-11-25 00:00:00-05:00,92.66851430091663,92.82352129560205,92.09744572709768,92.6358871459961,1691300,0.0,0.0
2014-11-26 00:00:00-05:00,92.84799298020818,93.09274020664853,92.52167164386171,93.02747344970703,1053100,0.0,0.0
2014-11-28 00:00:00-05:00,93.16616652924645,93.85145507208928,92.97037247022604,93.28038024902344,579900,0.0,0.0
2014-12-01 00:00:00-05:00,93.00299138410445,94.00644745083527,93.00299138410445,93.71275329589844,1461200,0.0,0.0
2014-12-02 00:00:00-05:00,93.68013187562676,93.90039940784932,93.37011788130816,93.80250549316406,1403400,0.0,0.0
2014-12-03 00:00:00-05:00,93.67199392557318,94.51228341916385,93.29671930825027,94.37359619140625,1907600,0.0,0.0
2014-12-04 00:00:00-05:00,94.69992033302145,94.94466139220425,94.25121905491336,94.74070739746094,1343700,0.0,0.0
2014-12-05 00:00:00-05:00,94.84676422460696,95.3851995157979,94.32464251379923,94.69175720214844,1242600,0.0,0.0
2014-12-08 00:00:00-05:00,94.91202871662078,96.17654598316787,94.72439452559426,95.92364501953125,1502600,0.0,0.0
2014-12-09 00:00:00-05:00,95.09150171028665,95.48309609080171,94.34095255716278,94.68359375,1278300,0.0,0.0
2014-12-10 00:00:00-05:00,94.07170797757017,95.27911797277491,93.66380012062234,93.71275329589844,1574900,0.0,0.0
2014-12-11 00:00:00-05:00,94.11251619490544,94.81411831818141,93.68828847078554,93.89224243164062,1463400,0.0,0.0
2014-12-12 00:00:00-05:00,93.31302800844354,94.15332368225923,92.39115820699533,92.4482650756836,1481400,0.0,0.0
2014-12-15 00:00:00-05:00,92.63697884955835,93.28519228723543,91.16003604724486,91.57029724121094,2259300,0.65,0.0
2014-12-16 00:00:00-05:00,91.40619468907113,92.78467254247512,90.8646469116211,90.8646469116211,1600100,0.0,0.0
2014-12-17 00:00:00-05:00,91.09439115249866,92.58774162188097,90.99593247413452,92.46466827392578,2034100,0.0,0.0
2014-12-18 00:00:00-05:00,93.26877119217976,93.98262786865234,92.9077456259941,93.98262786865234,1632900,0.0,0.0
2014-12-19 00:00:00-05:00,94.2616164099293,94.60624059516255,92.76006509034872,94.11392211914062,2486000,0.0,0.0
2014-12-22 00:00:00-05:00,94.11390432024466,94.81955399166097,94.06467498598855,94.6390380859375,1190300,0.0,0.0
2014-12-23 00:00:00-05:00,94.98369550507925,95.57447276361859,94.63087054567883,95.3529281616211,1185500,0.0,0.0
2014-12-24 00:00:00-05:00,95.41033076757168,95.80418422074813,94.87699002768018,95.2052001953125,465800,0.0,0.0
2014-12-26 00:00:00-05:00,95.40215751313589,95.72216707825343,95.09036118672478,95.3529281616211,569700,0.0,0.0
2014-12-29 00:00:00-05:00,95.22983644252602,96.39498311466059,95.1970147923162,95.56625366210938,690100,0.0,0.0
2014-12-30 00:00:00-05:00,95.50060269907665,95.79599126717443,94.87700391530475,95.40213775634766,667600,0.0,0.0
2014-12-31 00:00:00-05:00,95.50882496445308,95.73036329594431,94.25342647912571,94.26162719726562,869900,0.0,0.0
2015-01-02 00:00:00-05:00,94.67186812533105,94.99187134655372,93.2113393187068,93.90058135986328,854600,0.0,0.0
2015-01-05 00:00:00-05:00,94.12211291165447,94.12211291165447,92.11183576723704,92.36619567871094,1532300,0.0,0.0
2015-01-06 00:00:00-05:00,92.76825600049041,92.88312863006117,91.15182594998777,91.55388641357422,1768700,0.0,0.0
2015-01-07 00:00:00-05:00,92.39082298013147,92.94057149756388,91.78363814386418,92.8585205078125,1570300,0.0,0.0
2015-01-08 00:00:00-05:00,93.53136264430663,94.56522279822308,93.37546761846372,94.36009216308594,1348100,0.0,0.0
2015-01-09 00:00:00-05:00,94.01546786959226,94.38470048394723,92.89134981108104,93.02263641357422,1349000,0.0,0.0
2015-01-12 00:00:00-05:00,92.87491437486355,93.39184113257683,91.54566609205929,91.89849090576172,1211800,0.0,0.0
2015-01-13 00:00:00-05:00,92.83390209949899,93.72827475402345,91.60311852251066,92.03799438476562,1614300,0.0,0.0
2015-01-14 00:00:00-05:00,88.20613537372817,90.90565412846952,88.20613537372817,90.13436126708984,1742400,0.0,0.0
2015-01-15 00:00:00-05:00,90.64312022698697,91.27491978814027,89.92105643128059,90.10977935791016,1345700,0.0,0.0
2015-01-16 00:00:00-05:00,89.97848588932864,91.75901792565739,89.97848588932864,91.69337463378906,1466500,0.0,0.0
2015-01-20 00:00:00-05:00,92.01339860264397,92.20212154429427,90.12619422650212,90.64312744140625,1393200,0.0,0.0
2015-01-21 00:00:00-05:00,90.52001510777322,91.13540680029165,89.8882157245597,90.70053100585938,1202800,0.0,0.0
2015-01-22 00:00:00-05:00,91.63595449878852,93.19494852544773,90.88107528927857,93.07186889648438,1840300,0.0,0.0
2015-01-23 00:00:00-05:00,93.12108649233112,93.30160242401794,92.399029025673,92.62056732177734,1079700,0.0,0.0
2015-01-26 00:00:00-05:00,92.30056856974966,92.89955271218334,91.84928497868435,92.6369857788086,1181900,0.0,0.0
2015-01-27 00:00:00-05:00,92.22673122232162,92.2841675475223,91.31595073693224,91.32415771484375,1597200,0.0,0.0
2015-01-28 00:00:00-05:00,91.92312823111153,92.62877803246447,89.60925519367893,89.68310546875,2010000,0.0,0.0
2015-01-29 00:00:00-05:00,89.92106804911657,90.42979431090188,88.96926509556184,90.36415100097656,1484400,0.0,0.0
2015-01-30 00:00:00-05:00,89.5846412953734,89.97028784828957,88.5015519123335,88.58360290527344,2187900,0.0,0.0
2015-02-02 00:00:00-05:00,88.53436613684052,89.79797135443329,87.98461764414759,89.69129943847656,1725900,0.0,0.0
2015-02-03 00:00:00-05:00,90.2984885527453,91.12721163211648,89.86360644187799,91.08618927001953,1260600,0.0,0.0
2015-02-04 00:00:00-05:00,90.95488719252583,92.14464817225542,90.6102693611922,91.5866928100586,1509000,0.0,0.0
2015-02-05 00:00:00-05:00,91.26669096442009,93.01440107154781,90.987710149241,92.80106353759766,1383200,0.0,0.0
2015-02-06 00:00:00-05:00,93.13750044616947,93.40006736678053,92.45646534392888,92.62056732177734,1293900,0.0,0.0
2015-02-09 00:00:00-05:00,91.95595999784165,92.35801428607682,91.66057138523495,91.87390899658203,859700,0.0,0.0
2015-02-10 00:00:00-05:00,92.71902759389856,92.71902759389856,91.59490969598656,91.69337463378906,1213300,0.0,0.0
2015-02-11 00:00:00-05:00,91.87390094718552,92.55493609214363,91.62774170488345,92.27595520019531,780000,0.0,0.0
2015-02-12 00:00:00-05:00,92.33338574581124,92.76826162126207,92.15286981409447,92.68621063232422,812400,0.0,0.0
2015-02-13 00:00:00-05:00,92.29235045505887,93.08825182238128,92.16927085884585,92.76004791259766,608500,0.0,0.0
2015-02-17 00:00:00-05:00,93.17853324683668,93.82674677409142,92.66981330247489,93.4657211303711,1227900,0.0,0.0
2015-02-18 00:00:00-05:00,93.46572111028686,93.53135815271017,92.76007125849485,93.3016128540039,865400,0.0,0.0
2015-02-19 00:00:00-05:00,93.12106739780651,93.76928071954308,92.88311519665602,93.47389221191406,767000,0.0,0.0
2015-02-20 00:00:00-05:00,93.19491960870012,94.13852145784945,92.69440053028408,93.94979858398438,1242200,0.0,0.0
2015-02-23 00:00:00-05:00,93.73649870106854,93.80214201053082,92.84213208498461,93.17854309082031,1313100,0.0,0.0
2015-02-24 00:00:00-05:00,93.0964720353838,94.10571735572742,92.9733924216703,93.95802307128906,1407200,0.0,0.0
2015-02-25 00:00:00-05:00,93.57235500009122,94.30261927727003,93.57235500009122,93.72825622558594,1170800,0.0,0.0
2015-02-26 00:00:00-05:00,93.62981689282536,94.2616164223388,93.50673727380368,94.1795654296875,1083600,0.0,0.0
2015-02-27 00:00:00-05:00,94.36827470847868,94.44211871316585,93.53133842815934,93.5477523803711,1345800,0.0,0.0
2015-03-02 00:00:00-05:00,93.54778153503038,94.08932318510965,93.21136427081755,93.84317016601562,1239700,0.0,0.0
2015-03-03 00:00:00-05:00,93.41649314614449,93.92521939210782,92.86674452782161,93.40008544921875,1141600,0.0,0.0
2015-03-04 00:00:00-05:00,93.33443310785965,93.33443310785965,92.17749339372352,92.39083099365234,1285400,0.0,0.0
2015-03-05 00:00:00-05:00,92.39083504931307,92.99801996489802,92.24314074443132,92.87494659423828,827000,0.0,0.0
2015-03-06 00:00:00-05:00,92.79290020452333,93.38367749326089,91.7344315323078,91.88212585449219,1476400,0.0,0.0
2015-03-09 00:00:00-04:00,92.02158100052291,92.85851102667665,91.8328581092836,92.57953643798828,797400,0.0,0.0
2015-03-10 00:00:00-04:00,91.6933811936777,91.90671877746786,90.3231102433614,90.34772491455078,1127900,0.0,0.0
2015-03-11 00:00:00-04:00,90.34772766203695,91.21747945765404,90.34772766203695,90.9302978515625,879300,0.0,0.0
2015-03-12 00:00:00-04:00,91.50465233925301,92.55492623581885,91.41440063744885,92.46466827392578,902100,0.0,0.0
2015-03-13 00:00:00-04:00,92.33337881135162,92.44825143925522,91.20106022483522,91.68516540527344,1322200,0.0,0.0
2015-03-16 00:00:00-04:00,92.01337866243303,93.67083736613655,91.80004109203685,93.53955078125,1266300,0.0,0.0
2015-03-17 00:00:00-04:00,92.99801323009926,93.39186676795825,92.4728793530137,93.0144271850586,1248400,0.0,0.0
2015-03-18 00:00:00-04:00,92.96519039790522,94.57341355024249,92.42364260921467,94.15494537353516,1559700,0.0,0.0
2015-03-19 00:00:00-04:00,94.09748446561711,94.40928064241623,93.06362475925958,93.27696228027344,1554400,0.0,0.0
2015-03-20 00:00:00-04:00,93.23596101789575,93.65442920800386,93.0554513426408,93.16211700439453,3764500,0.0,0.0
2015-03-23 00:00:00-04:00,93.40006925915839,94.11391976336064,93.16211700439453,93.16211700439453,2442800,0.0,0.0
2015-03-24 00:00:00-04:00,92.82570599627964,93.28520284237385,92.17749248525777,92.18569946289062,1032600,0.0,0.0
2015-03-25 00:00:00-04:00,92.07902111083646,92.71082057956704,91.56208801269531,91.56208801269531,1171900,0.0,0.0
2015-03-26 00:00:00-04:00,90.9467118482903,91.79185529062302,90.9467118482903,91.29133605957031,1078200,0.0,0.0
2015-03-27 00:00:00-04:00,91.48112998316137,91.86079378120162,91.15099740606158,91.53065490722656,1225900,0.65,0.0
2015-03-30 00:00:00-04:00,91.95158309520957,93.03278177938591,91.81952502548175,92.61185455322266,961000,0.0,0.0
2015-03-31 00:00:00-04:00,91.81130307413221,92.44682174533773,91.3491122564392,92.01763916015625,1131200,0.0,0.0
2015-04-01 00:00:00-04:00,92.81819145796555,93.03278267490121,91.39034977232257,91.60493469238281,1417300,0.0,0.0
2015-04-02 00:00:00-04:00,91.57194609384506,92.05064729139848,91.29958726485111,91.77828216552734,1170500,0.0,0.0
2015-04-06 00:00:00-04:00,91.134489393992,92.28997233483186,90.90339406519912,91.8277816772461,965300,0.0,0.0
2015-04-07 00:00:00-04:00,91.83605529691246,92.3477710175662,91.72050760142245,91.90208435058594,1071900,0.0,0.0
2015-04-08 00:00:00-04:00,91.74525655207286,92.380768761816,91.53892051948566,91.811279296875,1346500,0.0,0.0
2015-04-09 00:00:00-04:00,91.78652145908102,92.41378477137614,91.58844062773164,92.24046325683594,893600,0.0,0.0
2015-04-10 00:00:00-04:00,92.26522969984313,92.53759479953249,92.01762391887526,92.35601806640625,657200,0.0,0.0
2015-04-13 00:00:00-04:00,92.1496874959316,92.91725790633778,92.1496874959316,92.3890380859375,739200,0.0,0.0
2015-04-14 00:00:00-04:00,92.00936721092611,92.43028818726285,91.49765157884634,92.36426544189453,1183500,0.0,0.0
2015-04-15 00:00:00-04:00,92.48808708666812,92.95853312060373,92.24048755647333,92.3312759399414,858400,0.0,0.0
2015-04-16 00:00:00-04:00,92.26523346030017,92.9832852168714,91.7947874947885,92.74393463134766,1166800,0.0,0.0
2015-04-17 00:00:00-04:00,92.04236917171163,92.19918656215161,90.58976812244097,90.90339660644531,1570000,0.0,0.0
2015-04-20 00:00:00-04:00,91.43988253227198,92.0176209399918,91.41512321435204,91.7452621459961,1043900,0.0,0.0
2015-04-21 00:00:00-04:00,91.79478169128183,91.88557005580532,89.80569917365513,89.97077178955078,2888200,0.0,0.0
2015-04-22 00:00:00-04:00,89.36827239955416,90.2018718366834,88.16327057691653,89.0216293334961,2567200,0.0,0.0
2015-04-23 00:00:00-04:00,88.79053809768841,89.64064168847803,88.67499040361277,89.39303588867188,1714400,0.0,0.0
2015-04-24 00:00:00-04:00,89.55807495117188,89.80567436129158,89.13714776803126,89.55807495117188,1404400,0.0,0.0
2015-04-27 00:00:00-04:00,89.90474565901552,89.94601538854701,88.84830607052625,89.03813171386719,1545400,0.0,0.0
2015-04-28 00:00:00-04:00,88.69147732308912,90.0285370484375,88.69147732308912,89.7644271850586,1315900,0.0,0.0
2015-04-29 00:00:00-04:00,89.6076203261356,89.85522610705262,88.91433421457052,89.1701889038086,1282800,0.0,0.0
2015-04-30 00:00:00-04:00,89.34352449510614,89.75619666367476,88.0642382537924,88.3035888671875,1450200,0.0,0.0
2015-05-01 00:00:00-04:00,88.62545868700505,89.02988188221457,88.32008536039463,88.83179473876953,798100,0.0,0.0
2015-05-04 00:00:00-04:00,88.87306100241885,89.16193020424986,88.54292207309358,88.67498016357422,1429900,0.0,0.0
2015-05-05 00:00:00-04:00,88.2705317632941,88.91430532513242,88.14673520993533,88.3778305053711,1265800,0.0,0.0
2015-05-06 00:00:00-04:00,88.62545376213737,88.7244973283561,87.70932123946193,88.24579620361328,1032100,0.0,0.0
2015-05-07 00:00:00-04:00,88.38610771279073,89.12066984688653,87.87439833672317,88.84830474853516,1218400,0.0,0.0
2015-05-08 00:00:00-04:00,89.46731628197458,89.80570414375424,89.20320637880138,89.78094482421875,888000,0.0,0.0
2015-05-11 00:00:00-04:00,89.45905924170937,89.7809429828225,89.08765686254088,89.36827087402344,950900,0.0,0.0
2015-05-12 00:00:00-04:00,88.94733852193707,89.02987797652317,88.0229570805853,88.35309600830078,1870800,0.0,0.0
2015-05-13 00:00:00-04:00,88.35310159740162,88.9060807156019,88.22929870456717,88.47689819335938,1326300,0.0,0.0
2015-05-14 00:00:00-04:00,88.93085923327499,89.65716003948735,88.73277834010399,89.6241455078125,1383600,0.0,0.0
2015-05-15 00:00:00-04:00,89.45905954850787,89.83871713427983,89.08765716806566,89.26097869873047,873000,0.0,0.0
2015-05-18 00:00:00-04:00,89.39304175214369,89.87174297150013,89.25273472825981,89.74794006347656,1162000,0.0,0.0
2015-05-19 00:00:00-04:00,89.96252828632625,90.10283530543053,89.4673229679788,89.91300964355469,973000,0.0,0.0
2015-05-20 00:00:00-04:00,89.84698575246875,90.20188407210932,89.4508176968951,90.0533218383789,830900,0.0,0.0
2015-05-21 00:00:00-04:00,89.83044943701951,90.10281450313595,89.55809066777888,89.87997436523438,1041600,0.0,0.0
2015-05-22 00:00:00-04:00,89.78095256988932,89.9542741184675,89.50858743774762,89.68191528320312,1552700,0.0,0.0
2015-05-26 00:00:00-04:00,89.38478341979952,89.63238291286747,88.03121937435557,88.13025665283203,2065000,0.0,0.0
2015-05-27 00:00:00-04:00,88.49340027699719,88.73275083478754,88.15500615488376,88.60069274902344,1211000,0.0,0.0
2015-05-28 00:00:00-04:00,88.28706689616438,88.86480529656937,88.03121221839592,88.79052734375,847700,0.0,0.0
2015-05-29 00:00:00-04:00,88.56769086490726,88.70800417527131,87.84964538595766,87.88265991210938,1177500,0.0,0.0
2015-06-01 00:00:00-04:00,88.16327251084287,88.29533061331041,87.49474568351245,87.7918701171875,995400,0.0,0.0
2015-06-02 00:00:00-04:00,87.56076843786931,88.10549866523255,87.33792826105147,87.7918701171875,910800,0.0,0.0
2015-06-03 00:00:00-04:00,88.22928659252767,88.35308946836656,87.7340813860479,88.21277618408203,1107600,0.0,0.0
2015-06-04 00:00:00-04:00,87.48650647701794,88.22106248991436,87.22239652066055,87.3296890258789,1505700,0.0,0.0
2015-06-05 00:00:00-04:00,87.53596007475201,87.90736855719801,86.18239676719514,86.39698791503906,2081000,0.0,0.0
2015-06-08 00:00:00-04:00,86.33926323172909,86.7106656286421,85.23329865293196,85.25806427001953,1444700,0.0,0.0
2015-06-09 00:00:00-04:00,85.24154014498508,85.64595700274205,84.72157561358325,85.43962097167969,2682600,0.0,0.0
2015-06-10 00:00:00-04:00,85.98433948935963,87.13156716318788,85.86053662808767,86.71063995361328,1416100,0.0,0.0
2015-06-11 00:00:00-04:00,86.71891059246839,87.7340866793454,86.66113675317465,87.47822570800781,1013100,0.0,0.0
2015-06-12 00:00:00-04:00,87.14807880904617,87.4286990719879,86.72715785994703,87.05729675292969,828100,0.0,0.0
2015-06-15 00:00:00-04:00,86.23197009716313,87.41221262772262,86.09165678889588,87.01604461669922,1433300,0.0,0.0
2015-06-16 00:00:00-04:00,86.93350821231108,87.91566355233053,86.84271984435212,87.71758270263672,1169600,0.0,0.0
2015-06-17 00:00:00-04:00,87.93217926809926,88.17152986198823,87.17286405106483,87.75885772705078,978700,0.0,0.0
2015-06-18 00:00:00-04:00,87.62679235946747,89.01337086982238,87.62679235946747,88.85655975341797,1222700,0.0,0.0
2015-06-19 00:00:00-04:00,88.4851461859636,88.73275195144925,87.4452107865506,87.49473571777344,1364100,0.0,0.0
2015-06-22 00:00:00-04:00,87.88264072532927,88.08897674607189,87.3379106080684,87.59376525878906,876900,0.0,0.0
2015-06-23 00:00:00-04:00,87.89089762494575,88.49340163092945,87.42045170674662,87.82487487792969,849600,0.0,0.0
2015-06-24 00:00:00-04:00,87.63504952682885,87.70107857567575,86.84271983129607,86.8509750366211,1409700,0.0,0.0
2015-06-25 00:00:00-04:00,85.15902120935779,86.00086958601464,84.39970599952973,84.80412292480469,6178800,0.0,0.0
2015-06-26 00:00:00-04:00,84.52996703293462,86.38256762502239,82.70229460534279,85.95887756347656,2632900,0.67,0.0
2015-06-29 00:00:00-04:00,85.47703260609323,85.63487928677806,84.30566242844938,84.40534973144531,2367000,0.0,0.0
2015-06-30 00:00:00-04:00,85.27764886374784,85.34411128903498,84.40534696191989,84.47180938720703,1777400,0.0,0.0
2015-07-01 00:00:00-04:00,91.21757491682833,92.08156091732143,84.19763954173746,85.14470672607422,17646700,0.0,0.0
2015-07-02 00:00:00-04:00,83.73243828452772,87.70347657356433,83.13428909086082,86.18318176269531,5568400,0.0,0.0
2015-07-06 00:00:00-04:00,85.27764192190979,86.21639983440164,85.18625767913034,85.84255981445312,2979200,0.0,0.0
2015-07-07 00:00:00-04:00,86.04194922988813,86.88101993360237,85.2361097393929,86.78132629394531,3819900,0.0,0.0
2015-07-08 00:00:00-04:00,86.14993776901657,86.38255623954295,85.09487378650134,85.26933288574219,2794800,0.0,0.0
2015-07-09 00:00:00-04:00,86.53209397493306,86.59024700832192,85.50194547175153,85.97547912597656,3004100,0.0,0.0
2015-07-10 00:00:00-04:00,86.98899983865797,86.98899983865797,85.97547021475556,86.2662353515625,2404300,0.0,0.0
2015-07-13 00:00:00-04:00,87.06378943926568,87.19670795546575,86.26625298924156,86.59025573730469,1685500,0.0,0.0
2015-07-14 00:00:00-04:00,86.34102781660327,86.57363998172305,85.74287862732034,86.091796875,2703400,0.0,0.0
2015-07-15 00:00:00-04:00,86.02537428632141,86.49059879774295,85.26106872557494,86.21644592285156,3798900,0.0,0.0
2015-07-16 00:00:00-04:00,87.00564143624106,87.08040691751772,86.3991828447699,86.69825744628906,2759400,0.0,0.0
2015-07-17 00:00:00-04:00,86.7564015756538,86.7564015756538,85.86748725085516,86.5154800415039,1699900,0.0,0.0
2015-07-20 00:00:00-04:00,86.44903008843526,86.72318287424541,86.18318669140297,86.58195495605469,2123900,0.0,0.0
2015-07-21 00:00:00-04:00,86.6650365879728,86.82288329602925,85.74289084611883,86.29949951171875,3133800,0.0,0.0
2015-07-22 00:00:00-04:00,88.16867006540888,88.67543482509659,87.0554532740975,88.55081939697266,4582500,0.0,0.0
2015-07-23 00:00:00-04:00,88.49271573690724,88.99117772744538,87.51241687410042,88.43456268310547,3197500,0.0,0.0
2015-07-24 00:00:00-04:00,88.21854867877559,88.97453820193097,88.1188550362712,88.42623901367188,2060600,0.0,0.0
2015-07-27 00:00:00-04:00,88.16040409558232,89.73054267096205,88.14378531780105,88.89147186279297,3007100,0.0,0.0
2015-07-28 00:00:00-04:00,89.27359982084302,89.50621194801812,88.83329738894655,89.40652465820312,2554600,0.0,0.0
2015-07-29 00:00:00-04:00,89.32347691882866,90.07116356348723,88.98286798738877,89.71393585205078,1918200,0.0,0.0
2015-07-30 00:00:00-04:00,89.38991230569789,90.33697965620284,89.38991230569789,90.21236419677734,1531900,0.0,0.0
2015-07-31 00:00:00-04:00,91.3588253676573,91.54989692603057,90.1957582266419,90.36190795898438,4031400,0.0,0.0
2015-08-03 00:00:00-04:00,90.28713838794212,92.06496706387836,90.17914170063588,91.99850463867188,2660000,0.0,0.0
2015-08-04 00:00:00-04:00,91.89879134057841,92.3640155089988,91.60801989711175,91.69110107421875,2368600,0.0,0.0
2015-08-05 00:00:00-04:00,92.14804302164396,92.73788279140003,91.79912479247092,92.32250213623047,2394700,0.0,0.0
2015-08-06 00:00:00-04:00,92.44712853389348,92.48035975082189,91.14283337593386,91.50006103515625,1951700,0.0,0.0
2015-08-07 00:00:00-04:00,91.333910858837,91.3920639036364,90.83544894546328,91.26744842529297,1466000,0.0,0.0
2015-08-10 00:00:00-04:00,91.88221476693322,92.24775183182497,91.2591436817078,91.47514343261719,1589800,0.0,0.0
2015-08-11 00:00:00-04:00,90.71914250638459,91.83236608023579,90.71914250638459,91.36714172363281,1799700,0.0,0.0
2015-08-12 00:00:00-04:00,90.81883454571198,90.87698758925605,89.56438307702541,90.6609878540039,1807200,0.0,0.0
2015-08-13 00:00:00-04:00,89.65575803515804,90.99328423611449,89.40653344791377,90.53636932373047,1516100,0.0,0.0
2015-08-14 00:00:00-04:00,90.71082675556207,91.15112922258744,90.37852097385432,91.10958862304688,1326200,0.0,0.0
2015-08-17 00:00:00-04:00,91.03485643746818,91.75761496339493,90.4948601370141,91.3754653930664,1391200,0.0,0.0
2015-08-18 00:00:00-04:00,91.20926637613779,91.83233723151318,90.96003549870582,91.7824935913086,1458600,0.0,0.0
2015-08-19 00:00:00-04:00,91.16774213630111,91.82404431559992,90.58621176892528,91.15943908691406,1917900,0.0,0.0
2015-08-20 00:00:00-04:00,90.36192620104276,90.61115718807667,89.26532126686665,89.3068618774414,2499100,0.0,0.0
2015-08-21 00:00:00-04:00,88.66713718109962,89.09913017495616,87.24653008740357,87.28807067871094,2685300,0.0,0.0
2015-08-24 00:00:00-04:00,82.89335640818791,86.19147958071461,79.75307990119136,84.1727294921875,5703900,0.0,0.0
2015-08-25 00:00:00-04:00,86.69825319517093,86.69825319517093,82.76044625252803,82.84352111816406,3455300,0.0,0.0
2015-08-26 00:00:00-04:00,84.45520438756947,84.94535055626415,82.7189098187184,84.61304473876953,3644400,0.0,0.0
2015-08-27 00:00:00-04:00,85.45210487870543,86.42409404502229,84.46349693756636,86.10009765625,2837100,0.0,0.0
2015-08-28 00:00:00-04:00,85.8591784814453,86.18317487910238,84.52165229082784,85.3274917602539,2426600,0.0,0.0
2015-08-31 00:00:00-04:00,84.99518407193796,85.26102742658149,84.15611974715384,84.87057495117188,2197000,0.0,0.0
2015-09-01 00:00:00-04:00,83.39182030192666,83.92350704784444,82.42814045177794,82.84352111816406,3025600,0.0,0.0
2015-09-02 00:00:00-04:00,83.64103552820119,84.00657247419446,82.66073708611405,83.59949493408203,2130000,0.0,0.0
2015-09-03 00:00:00-04:00,83.96504545755431,84.71273190516949,83.89858303149833,84.4635009765625,2136300,0.0,0.0
2015-09-04 00:00:00-04:00,83.40843397251427,83.68258671671755,82.70228815052249,83.20905303955078,2508900,0.0,0.0
2015-09-08 00:00:00-04:00,84.29735735150088,84.82904412202325,83.55798023817425,84.71273803710938,1950400,0.0,0.0
2015-09-09 00:00:00-04:00,85.39397623775906,85.78443516095163,83.54137528459238,83.68260955810547,1837100,0.0,0.0
2015-09-10 00:00:00-04:00,83.68256914481512,84.31394302298942,83.35026343418407,83.69087219238281,1683300,0.0,0.0
2015-09-11 00:00:00-04:00,83.36688314362864,83.96503220732899,83.28380829327132,83.79057312011719,1591600,0.0,0.0
2015-09-14 00:00:00-04:00,83.95674098085873,83.95674098085873,83.0595235294429,83.25059509277344,1650900,0.0,0.0
2015-09-15 00:00:00-04:00,83.425053879681,84.43027436023378,83.03459502810138,84.1561279296875,1936600,0.0,0.0
2015-09-16 00:00:00-04:00,84.18107957090459,84.69614773778918,84.01492343787054,84.57984161376953,1405600,0.0,0.0
2015-09-17 00:00:00-04:00,84.66288989244855,85.46042000593023,84.22258106496476,84.36381530761719,2626500,0.0,0.0
2015-09-18 00:00:00-04:00,82.90166975709785,84.09796804101039,82.73551369644021,83.0096664428711,3566800,0.0,0.0
2015-09-21 00:00:00-04:00,83.59950748537908,84.70442153750629,83.30043290979268,84.47180938720703,2327500,0.0,0.0
2015-09-22 00:00:00-04:00,83.65767078958824,84.13120453601208,83.3336743493091,83.89028930664062,2647200,0.0,0.0
2015-09-23 00:00:00-04:00,83.79890142422653,84.8622749605484,83.53305804014607,84.1893539428711,2540500,0.0,0.0
2015-09-24 00:00:00-04:00,83.51643520452633,84.54657747549776,83.20074818196252,84.36381530761719,1989600,0.0,0.0
2015-09-25 00:00:00-04:00,85.47702542772146,86.59855185968141,85.08656662189564,85.91732788085938,2657600,0.0,0.0
2015-09-28 00:00:00-04:00,85.46579883544372,86.1598284818714,83.89378564191053,84.37040710449219,2657400,0.67,0.0
2015-09-29 00:00:00-04:00,84.31189650183146,85.11462725638931,83.70984684102883,84.9473876953125,2097800,0.0,0.0
2015-09-30 00:00:00-04:00,85.6163115503152,86.5862816208952,85.40726693643525,86.46085357666016,2993300,0.0,0.0
2015-10-01 00:00:00-04:00,86.31870171740694,86.40231828409452,84.40385235644625,85.5326919555664,3354300,0.0,0.0
2015-10-02 00:00:00-04:00,84.3536859124767,85.89225769042969,83.90214875088841,85.89225769042969,2019600,0.0,0.0
2015-10-05 00:00:00-04:00,86.51939606452258,87.50608701412445,86.47758458497847,87.23851013183594,2184600,0.0,0.0
2015-10-06 00:00:00-04:00,86.62810983330786,87.03783559958109,86.0678716496943,86.368896484375,2078400,0.0,0.0
2015-10-07 00:00:00-04:00,86.8872871860376,87.78199768066406,86.5277302743914,87.78199768066406,2596600,0.0,0.0
2015-10-08 00:00:00-04:00,87.41409122333219,89.18679173854628,86.96255411909272,89.1198959350586,1964200,0.0,0.0
2015-10-09 00:00:00-04:00,88.97773204146402,89.69683947858164,88.81885613001916,89.02790069580078,3162700,0.0,0.0
2015-10-12 00:00:00-04:00,88.42587202121572,89.69686047164096,88.42587202121572,89.4878158569336,1144900,0.0,0.0
2015-10-13 00:00:00-04:00,89.1031724604736,89.78048133446745,88.70181038210376,89.01119232177734,1443500,0.0,0.0
2015-10-14 00:00:00-04:00,88.87742209676705,89.25369990621934,88.13322367040223,88.25865173339844,1545700,0.0,0.0
2015-10-15 00:00:00-04:00,88.49276421528457,90.03969302504099,88.49276421528457,89.93099212646484,1584400,0.0,0.0
2015-10-16 00:00:00-04:00,90.80060643998064,91.30231856728733,90.19856337037508,91.10163116455078,2542800,0.0,0.0
2015-10-19 00:00:00-04:00,90.90096279888984,91.58662890487884,90.36580907614407,91.56990814208984,2175700,0.0,0.0
2015-10-20 00:00:00-04:00,91.74549382188879,93.18372167106861,91.603345026909,92.85761260986328,3151500,0.0,0.0
2015-10-21 00:00:00-04:00,94.06172942327295,95.7926188792103,92.62350120297013,94.9731674194336,4115100,0.0,0.0
2015-10-22 00:00:00-04:00,95.31600294089216,96.94655514319071,95.0651531725256,96.25252532958984,3526700,0.0,0.0
2015-10-23 00:00:00-04:00,96.3695573376596,96.3695573376596,94.68047983383428,96.01836395263672,2369300,0.0,0.0
2015-10-26 00:00:00-04:00,96.2775982178904,97.22247768748049,96.04346924344586,96.38629913330078,2090900,0.0,0.0
2015-10-27 00:00:00-04:00,95.90129867294495,96.27757638518351,95.4246772603266,95.80931854248047,1872800,0.0,0.0
2015-10-28 00:00:00-04:00,96.23577561748714,96.74584498695671,95.3577920647787,96.40301513671875,1377300,0.0,0.0
2015-10-29 00:00:00-04:00,96.65389720506259,97.00509712325969,96.05185387287648,96.39468383789062,1222400,0.0,0.0
2015-10-30 00:00:00-04:00,96.18558584897514,96.52005843452186,94.93968200683594,94.93968200683594,2405400,0.0,0.0
2015-11-02 00:00:00-05:00,95.2574454943807,95.6170024755185,94.67212314347508,95.38287353515625,2451400,0.0,0.0
2015-11-03 00:00:00-05:00,95.29089992060443,95.34943215970196,94.63868171936456,95.02332305908203,1953600,0.0,0.0
2015-11-04 00:00:00-05:00,94.99823682680791,95.24909292051923,94.20386982928117,94.45471954345703,1808800,0.0,0.0
2015-11-05 00:00:00-05:00,94.52161740422372,95.07349189101886,94.52161740422372,94.93134307861328,1755500,0.0,0.0
2015-11-06 00:00:00-05:00,95.81768864129675,95.81768864129675,93.82758616217015,94.51325225830078,1777200,0.0,0.0
2015-11-09 00:00:00-05:00,94.30420016530219,94.63867280558595,93.58508622152935,94.0867919921875,1443800,0.0,0.0
2015-11-10 00:00:00-05:00,94.03662887241194,94.98150823584403,93.96137587316782,94.94806671142578,1234700,0.0,0.0
2015-11-11 00:00:00-05:00,94.68884673374403,95.16546819930093,94.38782197870437,94.79755401611328,1572600,0.0,0.0
2015-11-12 00:00:00-05:00,94.40452947183607,94.67210626734291,93.15862561583869,93.17534637451172,1786200,0.0,0.0
2015-11-13 00:00:00-05:00,93.22553317139807,94.11188666236686,93.11683227003546,93.52655792236328,1734100,0.0,0.0
2015-11-16 00:00:00-05:00,93.40948145101223,95.12364959716797,93.35931279214105,95.12364959716797,1756100,0.0,0.0
2015-11-17 00:00:00-05:00,94.93970266249215,95.72571245260589,94.80591104735137,94.88953399658203,2208300,0.0,0.0
2015-11-18 00:00:00-05:00,94.83101335504715,96.50337047157778,94.83101335504715,96.44483184814453,1173100,0.0,0.0
2015-11-19 00:00:00-05:00,96.0769155347023,96.87964616766489,96.0769155347023,96.63715362548828,1547100,0.0,0.0
2015-11-20 00:00:00-05:00,97.02178714869588,97.83288128779041,96.77093743465359,97.3980712890625,2154300,0.0,0.0
2015-11-23 00:00:00-05:00,97.53184184046907,97.76597075679973,96.96324030957982,97.03013610839844,2702800,0.0,0.0
2015-11-24 00:00:00-05:00,96.43645908548318,97.08867723489915,96.04345420582611,96.62877655029297,2060900,0.0,0.0
2015-11-25 00:00:00-05:00,96.63714152237397,96.77929032530113,96.0601763605064,96.20233154296875,1335100,0.0,0.0
2015-11-27 00:00:00-05:00,96.16053231770746,96.42810919593181,95.76752738229195,96.21070098876953,644700,0.0,0.0
2015-11-30 00:00:00-05:00,96.45318444640994,96.72076129943086,95.79260269499112,96.03509521484375,2126500,0.0,0.0
2015-12-01 00:00:00-05:00,95.85111736187984,97.18064419190478,95.77586437616945,97.10538482666016,1879200,0.0,0.0
2015-12-02 00:00:00-05:00,96.862882183409,97.33114632585583,96.31937144268475,96.47824096679688,1956400,0.0,0.0
2015-12-03 00:00:00-05:00,96.95490386253022,96.95490386253022,94.80592516570765,95.13203430175781,2208900,0.0,0.0
2015-12-04 00:00:00-05:00,95.39960964588022,98.65235014065036,95.32435663702836,98.38477325439453,2598800,0.0,0.0
2015-12-07 00:00:00-05:00,97.89977663036737,98.2676908184507,97.57366753799089,97.94158172607422,2654300,0.0,0.0
2015-12-08 00:00:00-05:00,97.48166854758625,97.48166854758625,96.47825075160533,96.95487213134766,2222300,0.0,0.0
2015-12-09 00:00:00-05:00,96.35284647340275,97.30608940467582,95.5250252071377,96.06854248046875,3025000,0.0,0.0
2015-12-10 00:00:00-05:00,96.26083952706553,96.62039641887895,95.03165651599323,95.93473052978516,2482600,0.0,0.0
2015-12-11 00:00:00-05:00,94.86446624923819,96.42812263717134,94.30422807916614,94.55508422851562,2390900,0.0,0.0
2015-12-14 00:00:00-05:00,94.88953243308495,96.16052085830354,94.34601516971793,95.407958984375,3757400,0.0,0.0
2015-12-15 00:00:00-05:00,95.98489549505562,97.3060585704648,95.90963614036353,96.82943725585938,2752800,0.0,0.0
2015-12-16 00:00:00-05:00,97.48168310574846,98.16734916461081,96.5117130627292,97.74925994873047,2471800,0.0,0.0
2015-12-17 00:00:00-05:00,97.8496188073693,97.9666896827471,96.62044160103629,96.66224670410156,1674600,0.0,0.0
2015-12-18 00:00:00-05:00,96.42810074836345,96.72912550743662,95.06513214111328,95.06513214111328,3513500,0.0,0.0
2015-12-21 00:00:00-05:00,95.55009677964443,96.57023538237486,94.94805372940134,96.36119079589844,1924300,0.0,0.0
2015-12-22 00:00:00-05:00,96.66223249334232,98.20080423747783,96.55353158590937,98.02520751953125,1625300,0.0,0.0
2015-12-23 00:00:00-05:00,98.25933122924584,98.73595268951415,98.03355947570358,98.65233612060547,1360900,0.0,0.0
2015-12-24 00:00:00-05:00,98.41818703079336,99.32126115958098,98.35965480279053,98.82791900634766,568600,0.0,0.0
2015-12-28 00:00:00-05:00,98.61889773532091,98.96172761479527,98.21752923447183,98.886474609375,924200,0.0,0.0
2015-12-29 00:00:00-05:00,99.55080675221669,100.52630348374055,99.0378311288954,100.46743774414062,1624200,0.67,0.0
2015-12-30 00:00:00-05:00,100.33287627614425,100.79539734958922,99.29010907478569,99.39942932128906,1720500,0.0,0.0
2015-12-31 00:00:00-05:00,98.98736375708488,99.26487638596251,98.1632435097244,98.26415252685547,1626200,0.0,0.0
2016-01-04 00:00:00-05:00,96.72522947640377,97.05320304200387,94.62287266238462,95.64041900634766,3094500,0.0,0.0
2016-01-05 00:00:00-05:00,96.06090570155172,97.05321853278839,95.67406634005052,96.60751342773438,2743300,0.0,0.0
2016-01-06 00:00:00-05:00,95.64880387845827,95.73289685031509,94.37898524689044,94.807861328125,2288200,0.0,0.0
2016-01-07 00:00:00-05:00,93.05870893932408,94.95082974344776,92.84847329442145,93.8323745727539,3919600,0.0,0.0
2016-01-08 00:00:00-05:00,94.35374882903324,94.50511874031353,92.26821495792949,92.47003936767578,2271500,0.0,0.0
2016-01-11 00:00:00-05:00,92.74756622314453,93.16803755079545,91.60388369866338,92.74756622314453,2454900,0.0,0.0
2016-01-12 00:00:00-05:00,93.36986776828854,94.48832310884929,92.55415231563723,94.2696762084961,2913200,0.0,0.0
2016-01-13 00:00:00-05:00,95.2452053930082,95.64044962712882,92.46167971725671,92.55418395996094,4265200,0.0,0.0
2016-01-14 00:00:00-05:00,92.87372351337746,94.4799209013947,92.34392545103633,93.36146545410156,13089100,0.0,0.0
2016-01-15 00:00:00-05:00,93.36146545410156,93.36146545410156,93.36146545410156,93.36146545410156,6885700,0.0,0.0
2016-01-19 00:00:00-05:00,93.31101808076035,93.91649796069485,91.7048205698253,93.23533630371094,5347900,0.0,0.0
2016-01-20 00:00:00-05:00,92.50373164161904,93.84923918231992,90.98162683769047,93.083984375,6027400,0.0,0.0
2016-01-21 00:00:00-05:00,92.66347891031884,93.42873343720557,90.98159349681062,92.02436065673828,3970800,0.0,0.0
2016-01-22 00:00:00-05:00,92.25142199981111,93.3194229418315,92.0664199743449,92.53734588623047,2296000,0.0,0.0
2016-01-25 00:00:00-05:00,92.4616357253237,92.49527419901925,90.67043030824506,90.8218002319336,2985000,0.0,0.0
2016-01-26 00:00:00-05:00,91.25071219790232,92.30189078053819,90.82182953973911,91.30957794189453,2669500,0.0,0.0
2016-01-27 00:00:00-05:00,90.9479640124901,92.42802511918822,90.03974425956962,90.90591430664062,3433200,0.0,0.0
2016-01-28 00:00:00-05:00,91.28433519807326,92.36914566536053,91.17500853785765,92.10004425048828,3313800,0.0,0.0
2016-01-29 00:00:00-05:00,92.65505692717348,95.16947353193254,92.50368700090031,95.08538055419922,4205800,0.0,0.0
2016-02-01 00:00:00-05:00,94.41264699816993,95.63201792920665,94.04263652244543,95.26200103759766,2824100,0.0,0.0
2016-02-02 00:00:00-05:00,94.22762381314837,95.03492796423234,94.10148113606706,94.58081817626953,2200000,0.0,0.0
2016-02-03 00:00:00-05:00,95.1778964763154,95.20312373115401,92.98303548298315,94.8835678100586,2110100,0.0,0.0
2016-02-04 00:00:00-05:00,94.40425863736384,95.3461106479067,93.83241716701184,95.21156311035156,2777300,0.0,0.0
2016-02-05 00:00:00-05:00,95.02651997929426,95.31243740226286,94.00056891403844,94.39581298828125,2718400,0.0,0.0
2016-02-08 00:00:00-05:00,93.87444834374412,93.87444834374412,90.77137357986588,91.57026672363281,4743000,0.0,0.0
2016-02-09 00:00:00-05:00,89.82950839739402,93.53806917374447,89.82950839739402,92.991455078125,2312300,0.0,0.0
2016-02-10 00:00:00-05:00,94.02581289998346,94.41264582007295,93.02509532562229,93.9249038696289,2431700,0.0,0.0
2016-02-11 00:00:00-05:00,92.25143152445808,93.73990401745158,91.96551402440308,93.2101058959961,2159700,0.0,0.0
2016-02-12 00:00:00-05:00,94.1856053992434,96.17023116914113,93.9333199612842,96.12818145751953,1884200,0.0,0.0
2016-02-16 00:00:00-05:00,96.91022972900025,97.91936476414752,95.884278663748,97.27183532714844,2931800,0.0,0.0
2016-02-17 00:00:00-05:00,97.75118444743674,98.70145387066715,97.30548581199214,98.31462097167969,1864900,0.0,0.0
2016-02-18 00:00:00-05:00,98.31463295629685,98.7855589053601,97.4064131266307,97.85211181640625,2208000,0.0,0.0
2016-02-19 00:00:00-05:00,97.2886577731367,97.9866353004507,96.76727101751645,97.27183532714844,2102400,0.0,0.0
2016-02-22 00:00:00-05:00,98.24736287821774,98.96216307700288,97.65869898471767,98.46600341796875,1281500,0.0,0.0
2016-02-23 00:00:00-05:00,98.07917344858832,98.1716776858874,97.12049900374831,97.2970962524414,1316800,0.0,0.0
2016-02-24 00:00:00-05:00,96.35524482050471,97.96985374586,96.35524482050471,97.70075225830078,1312100,0.0,0.0
2016-02-25 00:00:00-05:00,98.16323505637183,99.60124616960718,97.995042682498,99.55919647216797,2264600,0.0,0.0
2016-02-26 00:00:00-05:00,100.27400295778659,100.79538972697819,98.79394846645909,98.81917572021484,1671200,0.0,0.0
2016-02-29 00:00:00-05:00,98.39031607737247,98.92010777730128,97.11208573422847,97.15412902832031,1842700,0.0,0.0
2016-03-01 00:00:00-05:00,97.54936197559255,98.98737335205078,96.96070459899006,98.98737335205078,1833200,0.0,0.0
2016-03-02 00:00:00-05:00,98.48281801591136,99.60967835916718,98.3314480457547,99.53399658203125,1251600,0.0,0.0
2016-03-03 00:00:00-05:00,99.6517202653662,99.6517202653662,98.42394456618004,99.09669494628906,1484000,0.0,0.0
2016-03-04 00:00:00-05:00,98.94533475677552,98.98737804802212,97.40640786451392,98.54167938232422,1851700,0.0,0.0
2016-03-07 00:00:00-05:00,97.97824251070712,98.70145379570785,97.21298152146147,98.68463134765625,1866900,0.0,0.0
2016-03-08 00:00:00-05:00,97.92778692284946,98.99578787642562,97.75960092846609,97.78482818603516,1273900,0.0,0.0
2016-03-09 00:00:00-05:00,98.39033014070785,99.07149191167542,97.9278089283929,99.0462646484375,1438700,0.0,0.0
2016-03-10 00:00:00-05:00,99.20601807317814,99.93763416562702,98.12961237072328,98.89486694335938,1689900,0.0,0.0
2016-03-11 00:00:00-05:00,99.86196488175933,100.90473223439267,99.25648499446098,100.87109375,1322700,0.0,0.0
2016-03-14 00:00:00-04:00,100.3076480093252,101.37564887146523,99.90399909100944,100.6944808959961,2149900,0.0,0.0
2016-03-15 00:00:00-04:00,99.5339787260183,100.91312424408342,97.1288820849303,100.4926528930664,1479000,0.0,0.0
2016-03-16 00:00:00-04:00,100.07218563476629,100.85426263627839,99.83672269510826,100.45060729980469,1719900,0.0,0.0
2016-03-17 00:00:00-04:00,100.49266354155125,102.16613789947759,100.13946910908356,101.74566650390625,1745800,0.0,0.0
2016-03-18 00:00:00-04:00,101.98954091575395,103.04913063145695,101.51861500472343,102.99026489257812,3715700,0.0,0.0
2016-03-21 00:00:00-04:00,102.56137598542347,102.82206618221066,101.61951780520698,102.08203887939453,1441600,0.0,0.0
2016-03-22 00:00:00-04:00,101.84659262820409,101.91386959836241,100.91314551888361,101.0140609741211,1678700,0.0,0.0
2016-03-23 00:00:00-04:00,100.99723925967245,101.10656594094772,100.05538733413205,100.55995178222656,1977200,0.0,0.0
2016-03-24 00:00:00-04:00,100.33288152953934,100.90472287942912,99.64330870313263,100.58516693115234,1303800,0.0,0.0
2016-03-28 00:00:00-04:00,100.58514636576491,100.90470224870609,100.04694360718875,100.2571792602539,1305200,0.0,0.0
2016-03-29 00:00:00-04:00,100.25719951749798,101.04369655458903,99.74977707900493,100.99295043945312,955700,0.67,0.0
2016-03-30 00:00:00-04:00,101.40734582486982,101.76253636997285,100.92529321804446,101.2635726928711,1122900,0.0,0.0
2016-03-31 00:00:00-04:00,101.1198161299559,101.49192423470868,100.7646255493164,100.7646255493164,1511900,0.0,0.0
2016-04-01 00:00:00-04:00,100.41789048048858,102.35453411593376,100.17263799018555,102.20230865478516,1500700,0.0,0.0
2016-04-04 00:00:00-04:00,104.02055900136988,104.13895586942743,101.73718345780772,101.98242950439453,2243700,0.0,0.0
2016-04-05 00:00:00-04:00,101.47500605306669,101.48346481506852,99.46225299034,99.74978637695312,1927000,0.0,0.0
2016-04-06 00:00:00-04:00,99.78362330983411,100.90840002069208,99.40306286583937,100.7984619140625,1840700,0.0,0.0
2016-04-07 00:00:00-04:00,100.06266541467765,100.44322571036496,99.14086065518741,99.47913360595703,1388400,0.0,0.0
2016-04-08 00:00:00-04:00,100.22338412769871,100.87456687973656,99.91893320535381,100.47708892822266,1455800,0.0,0.0
2016-04-11 00:00:00-04:00,100.49402209402355,101.55959403593383,100.27413940429688,100.27413940429688,2328900,0.0,0.0
2016-04-12 00:00:00-04:00,100.16418228551146,101.2551303114141,99.6905883934627,101.00141906738281,1504300,0.0,0.0
2016-04-13 00:00:00-04:00,101.59338838623258,102.0585234476525,100.77306924940542,101.91475677490234,1529000,0.0,0.0
2016-04-14 00:00:00-04:00,101.8978440736659,102.72662846263563,101.54265352931215,101.77098846435547,1525400,0.0,0.0
2016-04-15 00:00:00-04:00,102.10927959630685,102.69281159447021,101.72026041491296,101.9570541381836,1575000,0.0,0.0
2016-04-18 00:00:00-04:00,101.94860537057049,103.1917724609375,101.53420988830288,103.1917724609375,1479300,0.0,0.0
2016-04-19 00:00:00-04:00,103.69073621129095,104.1643236742879,102.9888073271024,103.1917724609375,1308400,0.0,0.0
2016-04-20 00:00:00-04:00,103.3693608016319,103.8175783712705,102.70971291098957,103.6738052368164,1565900,0.0,0.0
2016-04-21 00:00:00-04:00,103.14099620868465,103.63150102261473,99.69055789655602,99.85124206542969,3110200,0.0,0.0
2016-04-22 00:00:00-04:00,100.11341955843348,101.01831338222718,99.98657040960474,100.89146423339844,1618400,0.0,0.0
2016-04-25 00:00:00-04:00,101.06062177032453,101.06062177032453,100.020413368389,100.68006134033203,1266600,0.0,0.0
2016-04-26 00:00:00-04:00,100.89991251770395,101.2804793054437,100.2487299218266,100.43478393554688,1347300,0.0,0.0
2016-04-27 00:00:00-04:00,100.57012235117527,100.77309394707265,99.43689330873673,100.13036346435547,1477700,0.0,0.0
2016-04-28 00:00:00-04:00,99.3353906054059,100.05423047513975,98.79414601274907,99.1070556640625,1810900,0.0,0.0
2016-04-29 00:00:00-04:00,98.94636171874606,99.7582285278221,98.65036961941789,99.67366027832031,2016200,0.0,0.0
2016-05-02 00:00:00-04:00,99.39460329294309,101.0014262307647,98.92101581945077,100.59548950195312,1826900,0.0,0.0
2016-05-03 00:00:00-04:00,99.80052376530196,100.31639851581643,99.41995693425417,100.01194763183594,1484800,0.0,0.0
2016-05-04 00:00:00-04:00,99.52990108496753,100.3586790253386,98.85334213384704,99.63983917236328,1789600,0.0,0.0
2016-05-05 00:00:00-04:00,101.17056831121053,103.6992029508674,101.04371912539645,103.56388854980469,3177400,0.0,0.0
2016-05-06 00:00:00-04:00,102.8365764281594,103.7076418024786,102.28687303643862,103.4708480834961,1929700,0.0,0.0
2016-05-09 00:00:00-04:00,103.00572552060969,104.06284500890763,102.75201426256005,103.93598937988281,1243500,0.0,0.0
2016-05-10 00:00:00-04:00,104.22353002909169,105.94874992818538,103.93599660531562,105.89801025390625,1636200,0.0,0.0
2016-05-11 00:00:00-04:00,105.44132266836537,105.73731482390681,104.50260008068743,104.66328430175781,1733600,0.0,0.0
2016-05-12 00:00:00-04:00,104.89162218922678,106.40541805795014,104.7985951588701,106.03330993652344,1725300,0.0,0.0
2016-05-13 00:00:00-04:00,105.69502630305088,106.42231849621155,105.424404001459,105.81342315673828,1510200,0.0,0.0
2016-05-16 00:00:00-04:00,105.6358371017688,106.36312935844656,105.4074956838979,105.95719909667969,1246100,0.0,0.0
2016-05-17 00:00:00-04:00,105.7880499147795,106.05867867630018,104.57871151049423,104.91698455810547,1348900,0.0,0.0
2016-05-18 00:00:00-04:00,104.68862779726595,106.60835339634068,104.19812294740775,106.23625183105469,1637500,0.0,0.0
2016-05-19 00:00:00-04:00,105.6611913238429,105.75421833928215,104.93389272248747,105.58507537841797,954500,0.0,0.0
2016-05-20 00:00:00-04:00,106.16015262699966,107.09041636505222,105.71193505471079,106.34620666503906,1291000,0.0,0.0
2016-05-23 00:00:00-04:00,106.07557064534298,106.70984217360929,105.71192137771789,106.45613098144531,1286500,0.0,0.0
2016-05-24 00:00:00-04:00,106.7690445747354,108.29975118870497,106.59990807507852,107.45405578613281,1668800,0.0,0.0
2016-05-25 00:00:00-04:00,107.76700182620031,108.36744499068061,107.31032538022669,107.547119140625,1761100,0.0,0.0
2016-05-26 00:00:00-04:00,107.91075400633098,108.04606839526883,106.60838204745748,106.87055206298828,1062200,0.0,0.0
2016-05-27 00:00:00-04:00,107.06502966013316,107.64010275428828,106.79440740712744,107.58936309814453,1240600,0.0,0.0
2016-05-31 00:00:00-04:00,107.7585128376635,107.91073827695718,106.55762684553792,107.07350158691406,1740400,0.0,0.0
2016-06-01 00:00:00-04:00,106.65066919217779,107.8008156872517,106.15170544915615,107.68241882324219,1286200,0.0,0.0
2016-06-02 00:00:00-04:00,107.61477612761749,108.08836364746094,107.12427108083904,108.08836364746094,991100,0.0,0.0
2016-06-03 00:00:00-04:00,107.61477427255193,108.24904602661412,106.48154516899086,107.87693786621094,1188800,0.0,0.0
2016-06-06 00:00:00-04:00,107.8515690157856,108.18138981474581,106.62531286089722,107.23421478271484,1543400,0.0,0.0
2016-06-07 00:00:00-04:00,107.4202469162848,107.71624552324042,106.8451736788764,106.89591979980469,1234200,0.0,0.0
2016-06-08 00:00:00-04:00,106.72680661418482,107.47102304222473,106.65915585430136,107.33570861816406,1140900,0.0,0.0
2016-06-09 00:00:00-04:00,106.89593861673235,107.2088418988361,106.52383044109958,106.98050689697266,870200,0.0,0.0
2016-06-10 00:00:00-04:00,106.32931322235568,107.0735230457489,106.04177335622147,106.38851165771484,936100,0.0,0.0
2016-06-13 00:00:00-04:00,106.41388277828587,106.9297576292756,105.16225040568479,105.28064727783203,1219900,0.0,0.0
2016-06-14 00:00:00-04:00,105.14534115932261,105.42442227086796,104.76477424753921,105.1876220703125,1415800,0.0,0.0
2016-06-15 00:00:00-04:00,105.65275578416221,106.08406236398238,104.95082685962353,105.07768249511719,1369500,0.0,0.0
2016-06-16 00:00:00-04:00,104.29116496902236,105.99946697729548,104.24042530557341,105.96564483642578,1440600,0.0,0.0
2016-06-17 00:00:00-04:00,105.94871720783216,105.94871720783216,104.62943446684548,104.8070297241211,2489500,0.0,0.0
2016-06-20 00:00:00-04:00,105.66964530085643,106.37157408219879,105.35674210957066,105.45822143554688,1311400,0.0,0.0
2016-06-21 00:00:00-04:00,105.99101090984468,106.41385862931061,105.48359493691439,106.11786651611328,1045600,0.0,0.0
2016-06-22 00:00:00-04:00,106.11784707860119,106.92971377700957,105.68654067714759,106.16858673095703,1224600,0.0,0.0
2016-06-23 00:00:00-04:00,107.35258818390908,108.90866479744665,106.89591184242012,108.79026794433594,1944300,0.0,0.0
2016-06-24 00:00:00-04:00,105.0269222190174,106.59991630542048,104.02054254757014,104.81549835205078,2523300,0.0,0.0
2016-06-27 00:00:00-04:00,103.80911276148508,103.98670802535335,102.39680295919166,103.03107452392578,1859600,0.0,0.0
2016-06-28 00:00:00-04:00,104.51950173205314,106.5011978149414,103.79656725870798,106.5011978149414,1762000,0.69,0.0
2016-06-29 00:00:00-04:00,107.32617180276345,108.70399786586727,106.83287300760259,108.6614761352539,1379200,0.0,0.0
2016-06-30 00:00:00-04:00,108.7805570183889,111.22153038580774,108.45735809478539,111.17050170898438,1799700,0.0,0.0
2016-07-01 00:00:00-04:00,111.41713314159153,111.41713314159153,110.4305355655154,110.83879089355469,1074500,0.0,0.0
2016-07-05 00:00:00-04:00,109.99676594035276,110.51557900314049,109.41841078255864,109.69908142089844,1180600,0.0,0.0
2016-07-06 00:00:00-04:00,109.33338798404627,110.15838617378131,108.92514560470862,110.00528717041016,1456600,0.0,0.0
2016-07-07 00:00:00-04:00,109.9031968309113,110.34546684615127,108.73799268221816,109.40139770507812,1410500,0.0,0.0
2016-07-08 00:00:00-04:00,110.66016593239169,110.87279402672203,109.62253979383654,110.77073669433594,1112500,0.0,0.0
2016-07-11 00:00:00-04:00,110.20940816479578,111.05142018779112,109.81816671572376,110.52409362792969,1169600,0.0,0.0
2016-07-12 00:00:00-04:00,111.2470499951437,111.2470499951437,110.03081023613049,110.26045227050781,1755600,0.0,0.0
2016-07-13 00:00:00-04:00,110.67718439465784,110.67718439465784,110.03930008526474,110.141357421875,945200,0.0,0.0
2016-07-14 00:00:00-04:00,111.23001484665858,111.3660999504823,110.09883175447985,110.48155975341797,1938100,0.0,0.0
2016-07-15 00:00:00-04:00,111.04290386949953,111.04290386949953,109.98827673278387,110.2009048461914,1074700,0.0,0.0
2016-07-18 00:00:00-04:00,110.1328661748532,110.54960898603684,109.85219549792654,109.96275329589844,896600,0.0,0.0
2016-07-19 00:00:00-04:00,109.73314030446647,109.84369811859402,108.967671170685,109.57154083251953,1178700,0.0,0.0
2016-07-20 00:00:00-04:00,110.00528437893864,110.22642593621964,109.04421407233981,109.11224365234375,1021500,0.0,0.0
2016-07-21 00:00:00-04:00,109.15475269298317,109.40140854387205,108.21068994727199,108.52537536621094,1584900,0.0,0.0
2016-07-22 00:00:00-04:00,108.81456419292074,109.39290642566692,108.38080102946611,109.2823486328125,939700,0.0,0.0
2016-07-25 00:00:00-04:00,109.23128739488783,109.3843863558451,108.47433846327189,108.81454467773438,1040000,0.0,0.0
2016-07-26 00:00:00-04:00,109.11224061210889,109.5715246199792,108.41482712527808,109.0527114868164,1185600,0.0,0.0
2016-07-27 00:00:00-04:00,108.28724596874402,108.89110903567897,108.04910351856067,108.16817474365234,1372000,0.0,0.0
2016-07-28 00:00:00-04:00,107.81945800241884,108.18517860723566,107.21559495519013,107.5643081665039,1456400,0.0,0.0
2016-07-29 00:00:00-04:00,107.16456413688837,107.58982034378079,106.51817288552137,106.53518676757812,1909000,0.0,0.0
2016-08-01 00:00:00-04:00,105.67618881859732,107.08804282613562,104.35789171463789,106.54370880126953,1969500,0.0,0.0
2016-08-02 00:00:00-04:00,106.36507579549027,106.5862108304097,106.02487603579205,106.33956146240234,1349000,0.0,0.0
2016-08-03 00:00:00-04:00,106.43312024677822,107.17306836403586,106.16946348162767,106.71379089355469,1450700,0.0,0.0
2016-08-04 00:00:00-04:00,106.96894869941563,107.25812630858215,106.44163512976885,106.69678497314453,1151500,0.0,0.0
2016-08-05 00:00:00-04:00,107.57281208708956,108.01507568359375,106.88389262500564,108.01507568359375,1767600,0.0,0.0
2016-08-08 00:00:00-04:00,108.21922247614889,108.42335017417061,107.73443054891573,108.09164428710938,1532600,0.0,0.0
2016-08-09 00:00:00-04:00,107.9725485309208,108.1426549073242,107.76842736813151,107.86198425292969,1011200,0.0,0.0
2016-08-10 00:00:00-04:00,107.76844152106001,107.98957659497808,107.33467831538492,107.35169219970703,1079900,0.0,0.0
2016-08-11 00:00:00-04:00,107.4452380149331,107.7684304058674,107.16456735262715,107.66636657714844,883800,0.0,0.0
2016-08-12 00:00:00-04:00,107.58982940062903,107.77694318563599,107.3091587231186,107.44524383544922,881200,0.0,0.0
2016-08-15 00:00:00-04:00,107.62384920231132,107.85348471509994,107.30065679830265,107.46224975585938,1191500,0.0,0.0
2016-08-16 00:00:00-04:00,107.12202675924439,107.60681853408511,107.01146249091026,107.22409057617188,881300,0.0,0.0
2016-08-17 00:00:00-04:00,107.20708171363374,107.41120285579407,106.74780427710242,107.24109649658203,1170900,0.0,0.0
2016-08-18 00:00:00-04:00,108.25322870816562,108.33827865940162,106.90091696349567,108.23622131347656,1599000,0.0,0.0
2016-08-19 00:00:00-04:00,107.85348676088942,108.29575688939059,107.18158111524386,107.57282257080078,1126300,0.0,0.0
2016-08-22 00:00:00-04:00,107.25810736687363,107.5387779850262,106.82434427417365,107.43671417236328,810200,0.0,0.0
2016-08-23 00:00:00-04:00,107.20711644325063,107.57283712291363,106.61175372648263,106.63726806640625,1196900,0.0,0.0
2016-08-24 00:00:00-04:00,106.43312294192184,106.69677971374881,106.22900177950402,106.53518676757812,794800,0.0,0.0
2016-08-25 00:00:00-04:00,106.45015060903772,107.56431993893199,106.33957982803437,107.21560668945312,939300,0.0,0.0
2016-08-26 00:00:00-04:00,107.4282354037967,107.98957678730487,106.53520114216413,107.0880355834961,987600,0.0,0.0
2016-08-29 00:00:00-04:00,107.24962477904438,108.31276540232773,107.24962477904438,108.0831298828125,1033700,0.0,0.0
2016-08-30 00:00:00-04:00,108.08312913905363,108.24472210023183,107.62385161428823,108.21920776367188,1188700,0.0,0.0
2016-08-31 00:00:00-04:00,108.20216996214174,108.44031235497283,107.58980010120834,107.95552062988281,1408300,0.0,0.0
2016-09-01 00:00:00-04:00,107.98104933216898,108.32976251729704,107.12203002463626,108.1001205444336,1219600,0.0,0.0
2016-09-02 00:00:00-04:00,108.44036841004394,109.15479595783961,108.1596976638827,108.70402526855469,1087200,0.0,0.0
2016-09-06 00:00:00-04:00,108.56793477927522,108.93365545713928,108.02360723392817,108.89962768554688,1047200,0.0,0.0
2016-09-07 00:00:00-04:00,108.38931544887944,108.97617115234246,108.05761609185134,108.46585845947266,1263800,0.0,0.0
2016-09-08 00:00:00-04:00,108.3297841965941,108.49137716620919,107.53030033519846,107.59834289550781,1082700,0.0,0.0
2016-09-09 00:00:00-04:00,106.9179237878113,107.0455019584324,105.70169067382812,105.70169067382812,1720500,0.0,0.0
2016-09-12 00:00:00-04:00,105.46354102489389,107.66636509776045,105.15735603183906,107.42822265625,1718200,0.0,0.0
2016-09-13 00:00:00-04:00,106.17799064371509,107.65788725051364,106.17799064371509,107.0370101928711,1839700,0.0,0.0
2016-09-14 00:00:00-04:00,107.05402196616213,107.0795363056213,105.77825308203374,106.01639556884766,1258500,0.0,0.0
2016-09-15 00:00:00-04:00,105.82926675062433,107.01147856312555,105.61663863342778,106.67127227783203,1188500,0.0,0.0
2016-09-16 00:00:00-04:00,106.13545588756297,106.71380464839332,105.36148639618754,106.06741333007812,1995200,0.0,0.0
2016-09-19 00:00:00-04:00,106.65427925435834,107.088042488776,106.05891655265066,106.56072235107422,917700,0.0,0.0
2016-09-20 00:00:00-04:00,107.4367252795064,107.61533210346099,106.43312039569402,106.45013427734375,781100,0.0,0.0
2016-09-21 00:00:00-04:00,106.76481537166448,107.64934900356437,106.53517988988108,107.58130645751953,1449800,0.0,0.0
2016-09-22 00:00:00-04:00,107.95556345614592,108.47437665586834,107.7514422511572,108.3978271484375,953400,0.0,0.0
2016-09-23 00:00:00-04:00,107.52178259002656,107.73441070295837,106.72230529785156,106.72230529785156,1477500,0.0,0.0
2016-09-26 00:00:00-04:00,106.18650805479245,106.37362188482665,105.5656374248392,105.7867660522461,1451300,0.0,0.0
2016-09-27 00:00:00-04:00,105.85479551625292,107.06252182922789,105.69319604870836,106.55221557617188,1132400,0.0,0.0
2016-09-28 00:00:00-04:00,106.73180420026816,107.52716163657402,106.43247101119896,107.4843978881836,865300,0.69,0.0
2016-09-29 00:00:00-04:00,107.33044699456809,107.6212195756224,106.06471454952312,106.38114929199219,899200,0.0,0.0
2016-09-30 00:00:00-04:00,106.73178704362392,107.86068065644858,106.63771203215263,107.45872497558594,1646200,0.0,0.0
2016-10-03 00:00:00-04:00,107.27915320247614,107.35612012476825,105.89368987772704,106.22722625732422,1033200,0.0,0.0
2016-10-04 00:00:00-04:00,106.53509700665224,106.82587613265456,104.87596279460531,105.15818786621094,1585200,0.0,0.0
2016-10-05 00:00:00-04:00,105.79105848605131,106.03052635257629,104.97859943033193,105.3377914428711,1189800,0.0,0.0
2016-10-06 00:00:00-04:00,105.41476980865957,105.62002146471482,103.9779951666078,104.23455810546875,2307400,0.0,0.0
2016-10-07 00:00:00-04:00,104.7733410111442,106.97981074899242,104.7733410111442,106.41536712646484,2489700,0.0,0.0
2016-10-10 00:00:00-04:00,107.27914586067577,107.39032247132218,106.57786345351185,106.80021667480469,945200,0.0,0.0
2016-10-11 00:00:00-04:00,106.4495717971134,106.68047905797312,105.49172001261918,105.82525634765625,1389600,0.0,0.0
2016-10-12 00:00:00-04:00,106.0390679505867,107.00547384313863,105.8167147313581,106.84297943115234,925900,0.0,0.0
2016-10-13 00:00:00-04:00,106.1588147068085,107.27060707080973,105.56016129532034,107.09101104736328,1211400,0.0,0.0
2016-10-14 00:00:00-04:00,107.7751622947072,108.29684866617028,107.45873407009714,107.62977600097656,1403400,0.0,0.0
2016-10-17 00:00:00-04:00,107.67254794137042,108.0231858838107,107.29624783499675,107.4843978881836,869600,0.0,0.0
2016-10-18 00:00:00-04:00,108.17714936228026,108.39950915673458,107.09957314073235,107.19364166259766,1491500,0.0,0.0
2016-10-19 00:00:00-04:00,107.51005851538946,108.02319089572268,107.19362372718173,107.78372955322266,915300,0.0,0.0
2016-10-20 00:00:00-04:00,107.4502110372872,107.4502110372872,105.1240035666884,105.21807861328125,2238800,0.0,0.0
2016-10-21 00:00:00-04:00,104.33716127820082,104.56806851830076,103.89244837974393,104.25164031982422,2094300,0.0,0.0
2016-10-24 00:00:00-04:00,104.85030828822993,105.42330596719233,104.36283157966267,104.5766372680664,1302200,0.0,0.0
2016-10-25 00:00:00-04:00,104.65360252479229,105.22660015894573,104.23453871041325,104.72201538085938,1508800,0.0,0.0
2016-10-26 00:00:00-04:00,106.355501349085,108.77578328928625,105.67987459591053,108.61328887939453,3248600,0.0,0.0
2016-10-27 00:00:00-04:00,108.84419464394948,109.23760284401492,108.42513733063134,108.62184143066406,2114200,0.0,0.0
2016-10-28 00:00:00-04:00,108.93827822453767,109.94744139239783,107.96332475175454,109.0494613647461,2234500,0.0,0.0
2016-10-31 00:00:00-04:00,109.50271479450772,109.78493986700435,108.51065980080529,108.61328887939453,1615200,0.0,0.0
2016-11-01 00:00:00-04:00,108.82711646697439,108.98961090956715,106.73182292489122,107.3219223022461,1381400,0.0,0.0
2016-11-02 00:00:00-04:00,107.36465052575069,107.75805215540181,106.6291585366718,106.66336822509766,1227200,0.0,0.0
2016-11-03 00:00:00-04:00,107.02257036272286,107.61267612583636,106.26997672014436,106.43246459960938,1147000,0.0,0.0
2016-11-04 00:00:00-04:00,106.76600014244275,107.22782118950579,105.26081286849445,105.28646850585938,1565400,0.0,0.0
2016-11-07 00:00:00-05:00,106.5436467386915,106.868629019433,106.03906194706416,106.47522735595703,1893200,0.0,0.0
2016-11-08 00:00:00-05:00,106.50090608241565,107.62124598704578,106.10750433365114,107.22784423828125,1846500,0.0,0.0
2016-11-09 00:00:00-05:00,106.63772105717938,108.04883329901313,105.620003951402,107.62977600097656,2500400,0.0,0.0
2016-11-10 00:00:00-05:00,108.06594540102842,108.33106236113944,106.37260151347932,108.1514663696289,3074500,0.0,0.0
2016-11-11 00:00:00-05:00,107.96331422972615,108.59618373972417,107.3047956069603,108.48500061035156,1781300,0.0,0.0
2016-11-14 00:00:00-05:00,108.9724686449828,109.40863402402762,108.13435410075033,108.52775573730469,1914100,0.0,0.0
2016-11-15 00:00:00-05:00,107.9376599192184,108.04883652512638,106.74890084706773,107.0054702758789,1962900,0.0,0.0
2016-11-16 00:00:00-05:00,106.57786487749195,107.39887796088517,106.13314537930064,107.26203918457031,2151400,0.0,0.0
2016-11-17 00:00:00-05:00,107.10812067237163,107.74099035467752,106.46670345842645,107.19364166259766,1263800,0.0,0.0
2016-11-18 00:00:00-05:00,107.44163658088173,108.38238686818991,106.9028485730133,108.01464080810547,1989700,0.0,0.0
2016-11-21 00:00:00-05:00,108.49357246330206,108.82710885647478,107.89491907166708,108.65606689453125,1622200,0.0,0.0
2016-11-22 00:00:00-05:00,109.11786012586914,109.11786012586914,107.80082292221563,108.10870361328125,1645700,0.0,0.0
2016-11-23 00:00:00-05:00,108.31397298196146,109.04091108422313,107.71531308463882,108.34818267822266,1077700,0.0,0.0
2016-11-25 00:00:00-05:00,108.65603229535478,108.72444514344802,107.81791128911479,108.3139419555664,534200,0.0,0.0
2016-11-28 00:00:00-05:00,107.97187745697526,108.57053080125932,107.50150231158631,108.40804290771484,1576200,0.0,0.0
2016-11-29 00:00:00-05:00,108.62183270962674,109.9730795639558,107.93765196642809,109.67375946044922,1722900,0.0,0.0
2016-11-30 00:00:00-05:00,110.27241728722584,110.81121176539455,109.07510419942264,109.468505859375,2924200,0.0,0.0
2016-12-01 00:00:00-05:00,109.74217970292518,110.40069176561667,109.22048682538865,110.34938049316406,1810900,0.0,0.0
2016-12-02 00:00:00-05:00,109.96453098386506,110.28951976995141,109.28035024720745,109.31455993652344,1663900,0.0,0.0
2016-12-05 00:00:00-05:00,109.73362222471498,110.39214735567417,109.46850527644463,110.08426666259766,1399200,0.0,0.0
2016-12-06 00:00:00-05:00,110.29809026795307,111.42697762631323,109.81916756745696,111.25593566894531,2318100,0.0,0.0
2016-12-07 00:00:00-05:00,111.5466917766528,113.01767588149868,111.11053289252847,112.95781707763672,2454500,0.0,0.0
2016-12-08 00:00:00-05:00,113.2571452762545,113.73608098963304,112.50455811170167,113.0604476928711,1951500,0.0,0.0
2016-12-09 00:00:00-05:00,113.16307815026727,113.71896770614394,112.45324171682176,113.2999038696289,1244600,0.0,0.0
2016-12-12 00:00:00-05:00,113.39397939592901,113.73607632001118,112.84663736706085,113.62489318847656,1438100,0.0,0.0
2016-12-13 00:00:00-05:00,114.09525594794191,114.50575916272476,113.6248808843043,113.96696472167969,1628400,0.0,0.0
2016-12-14 00:00:00-05:00,113.9156762696268,114.06106258211695,111.53815788953709,112.78678894042969,1660100,0.0,0.0
2016-12-15 00:00:00-05:00,112.91504319671354,114.27484405133332,112.65847379686825,113.188720703125,1586000,0.0,0.0
2016-12-16 00:00:00-05:00,113.53937850949704,113.70187293556786,112.65850003626929,113.49662780761719,2739900,0.0,0.0
2016-12-19 00:00:00-05:00,113.63344121994238,114.16368819219635,113.37688483782655,113.94988250732422,951000,0.0,0.0
2016-12-20 00:00:00-05:00,114.30051344297878,114.40314904506666,113.38543190131219,113.73607635498047,1255300,0.0,0.0
2016-12-21 00:00:00-05:00,113.94132295249028,114.18078427772676,113.60778660307777,114.01830291748047,984500,0.0,0.0
2016-12-22 00:00:00-05:00,114.24063359872628,114.33470860434504,113.36830291477614,114.00971984863281,1224000,0.0,0.0
2016-12-23 00:00:00-05:00,114.01830949934175,114.23211519847824,113.47951496162527,113.83870697021484,911200,0.0,0.0
2016-12-27 00:00:00-05:00,113.83015995489778,114.1380406850332,113.28281788461973,113.47095489501953,968400,0.0,0.0
2016-12-28 00:00:00-05:00,113.86641658231511,114.22748632614926,113.5913214470582,113.61711120605469,1005500,0.69,0.0
2016-12-29 00:00:00-05:00,113.72029506614356,114.02978535954368,113.34202769444494,113.6859130859375,953200,0.0,0.0
2016-12-30 00:00:00-05:00,114.04695980048686,114.33066027177767,113.29901742421701,113.58271789550781,1351400,0.0,0.0
2017-01-03 00:00:00-05:00,114.11572314884651,114.11572314884651,112.63704923747964,113.23023986816406,1401100,0.0,0.0
2017-01-04 00:00:00-05:00,113.57411821937595,113.7632518544763,112.62845004387427,113.06690216064453,1324400,0.0,0.0
2017-01-05 00:00:00-05:00,113.03250472090348,113.3849822260671,111.61401560503589,112.30177307128906,1731400,0.0,0.0
2017-01-06 00:00:00-05:00,112.5080920142103,113.46235239065057,112.33615592576433,112.90355682373047,1595500,0.0,0.0
2017-01-09 00:00:00-05:00,112.68862472763757,113.08407638872337,112.06105215024738,112.19859313964844,1536900,0.0,0.0
2017-01-10 00:00:00-05:00,112.15562438964844,112.85197405439605,112.035267819419,112.15562438964844,1134900,0.0,0.0
2017-01-11 00:00:00-05:00,111.72580700284995,112.13845633531184,111.29596012215211,112.0696792602539,1545000,0.0,0.0
2017-01-12 00:00:00-05:00,111.66560259896903,111.94071085105067,110.88327826473079,111.57962799072266,1225700,0.0,0.0
2017-01-13 00:00:00-05:00,112.01808496222844,112.40494448026632,111.7343844842316,111.97509765625,1059700,0.0,0.0
2017-01-17 00:00:00-05:00,111.51946767795144,113.0067341041369,111.18418766007416,112.61128234863281,1999500,0.0,0.0
2017-01-18 00:00:00-05:00,112.85196779259542,113.53111987594558,112.48229277162133,113.45375061035156,1868100,0.0,0.0
2017-01-19 00:00:00-05:00,113.56552937613709,113.82342696085165,112.5424918971585,112.85198211669922,1626900,0.0,0.0
2017-01-20 00:00:00-05:00,113.18725156522575,113.89219342767224,112.39633510395021,112.97232818603516,1801700,0.0,0.0
2017-01-23 00:00:00-05:00,113.08409929888347,113.17007391282355,112.61127827586607,112.98953247070312,1010600,0.0,0.0
2017-01-24 00:00:00-05:00,113.28181453640431,114.18449532197933,113.08407558937748,113.45375061035156,1359800,0.0,0.0
2017-01-25 00:00:00-05:00,113.99536469269471,114.63152949475932,113.91798230719117,114.39942169189453,1294200,0.0,0.0
2017-01-26 00:00:00-05:00,114.3392591012612,114.68313132508865,113.79764788674272,114.39083862304688,1045800,0.0,0.0
2017-01-27 00:00:00-05:00,114.50257827175311,114.61434262340927,113.77183355657012,114.5971450805664,1105600,0.0,0.0
2017-01-30 00:00:00-05:00,114.56275433664977,114.56275433664977,112.7917877752849,113.23023986816406,1497300,0.0,0.0
2017-01-31 00:00:00-05:00,112.74880901710426,113.47955381534116,112.22439540278774,113.0411148071289,1521400,0.0,0.0
2017-02-01 00:00:00-05:00,110.78869485032564,111.49364980229325,109.3100275704928,110.45341491699219,3620600,0.0,0.0
2017-02-02 00:00:00-05:00,110.16975070382573,112.5940934169678,110.04080188626958,112.42215728759766,2037900,0.0,0.0
2017-02-03 00:00:00-05:00,113.47954557447459,113.70306116907763,112.57686474746482,112.86056518554688,1486600,0.0,0.0
2017-02-06 00:00:00-05:00,112.70584510404642,113.6944875749356,112.55109342253115,112.98953247070312,1056400,0.0,0.0
2017-02-07 00:00:00-05:00,113.47097022800544,113.47097022800544,112.06966537285336,112.40494537353516,1526400,0.0,0.0
2017-02-08 00:00:00-05:00,112.23300357411655,112.78320696061029,111.90631580411345,112.47371673583984,983400,0.0,0.0
2017-02-09 00:00:00-05:00,112.47373798146756,113.66011958683536,112.3447760446877,113.37641906738281,919900,0.0,0.0
2017-02-10 00:00:00-05:00,113.65149298722255,114.5197919315856,113.25604127135405,114.13291931152344,867400,0.0,0.0
2017-02-13 00:00:00-05:00,114.2962465719191,115.16454538998423,113.69446375407497,115.03558349609375,1007500,0.0,0.0
2017-02-14 00:00:00-05:00,115.07857378073619,115.33648445732922,114.31344708150213,115.19033813476562,1006200,0.0,0.0
2017-02-15 00:00:00-05:00,115.23334609231593,115.67179830640453,114.78631478093155,115.59442901611328,936800,0.0,0.0
2017-02-16 00:00:00-05:00,115.45683996204684,116.69480070400098,115.28490388519361,116.68619537353516,1421100,0.0,0.0
2017-02-17 00:00:00-05:00,116.35951803309663,117.1332369197257,115.8351044843738,117.08165740966797,1431500,0.0,0.0
2017-02-21 00:00:00-05:00,116.95274572836898,117.66629319890767,116.17043429348499,117.54593658447266,1318700,0.0,0.0
2017-02-22 00:00:00-05:00,116.91831020423807,118.56032785613317,116.47987126340938,118.43136596679688,1244000,0.0,0.0
2017-02-23 00:00:00-05:00,118.63772608139989,119.75533047241024,118.33682805070639,119.50601196289062,984900,0.0,0.0
2017-02-24 00:00:00-05:00,119.05037559294333,119.79831800502683,118.41421067342107,118.99020385742188,978200,0.0,0.0
2017-02-27 00:00:00-05:00,118.80963758014475,119.19649702669632,117.93274654818136,118.30242156982422,897800,0.0,0.0
2017-02-28 00:00:00-05:00,117.66623987068184,119.0761366227415,117.51150134420415,118.78384399414062,1463200,0.0,0.0
2017-03-01 00:00:00-05:00,119.59197000572519,120.83852302694392,118.68069694356367,120.68378448486328,1602500,0.0,0.0
2017-03-02 00:00:00-05:00,120.07337403011459,120.63218260351873,118.97296754196746,118.98155975341797,1161800,0.0,0.0
2017-03-03 00:00:00-05:00,118.93861273374388,119.26528737588845,118.32822451651587,119.1965103149414,1240900,0.0,0.0
2017-03-06 00:00:00-05:00,118.5689646049572,118.9644295157655,118.25947431933344,118.3712387084961,1204600,0.0,0.0
2017-03-07 00:00:00-05:00,118.03594159597331,118.43139333173023,117.72645135508851,118.13050842285156,1133600,0.0,0.0
2017-03-08 00:00:00-05:00,118.55175338501881,118.9644157968532,117.59749287421415,117.74365234375,1133300,0.0,0.0
2017-03-09 00:00:00-05:00,117.95857231522315,118.4829859701145,117.7436489012166,118.13050842285156,1051500,0.0,0.0
2017-03-10 00:00:00-05:00,118.4657806502114,118.54314992588455,117.88118218117542,118.47437286376953,1074900,0.0,0.0
2017-03-13 00:00:00-04:00,118.37978737890994,118.80963411094511,117.88976892568807,118.24223327636719,1285400,0.0,0.0
2017-03-14 00:00:00-04:00,118.027334339457,118.47437870630885,117.76083140929585,118.06172943115234,1016400,0.0,0.0
2017-03-15 00:00:00-04:00,118.57753610019356,119.1105550710034,118.0187404877958,118.86123657226562,1422000,0.0,0.0
2017-03-16 00:00:00-04:00,118.93865113400102,119.15357459964405,118.01877240446301,118.40563201904297,1214200,0.0,0.0
2017-03-17 00:00:00-04:00,118.46576791313647,118.72367858886719,117.9069592627396,118.72367858886719,2874900,0.0,0.0
2017-03-20 00:00:00-04:00,118.5173415499737,118.5173415499737,117.85537390925008,117.89836120605469,950800,0.0,0.0
2017-03-21 00:00:00-04:00,118.18210302104177,118.543172828492,116.60886185565339,116.98712921142578,1656900,0.0,0.0
2017-03-22 00:00:00-04:00,116.9871313293558,117.838232895252,116.66904882800948,117.4771499633789,1298200,0.0,0.0
2017-03-23 00:00:00-04:00,117.36538407195138,118.60334506163093,117.26221191088847,117.4857406616211,1546500,0.0,0.0
2017-03-24 00:00:00-04:00,117.4857464036294,117.71785426212506,116.5228805213281,116.96992492675781,942600,0.0,0.0
2017-03-27 00:00:00-04:00,116.05864601419137,117.51153042241572,115.88670990293241,117.4857406616211,1148200,0.0,0.0
2017-03-28 00:00:00-04:00,116.9785083069844,118.92141101854023,116.883941491234,118.63771057128906,1466700,0.0,0.0
2017-03-29 00:00:00-04:00,118.2575700009385,118.35261205064164,117.71325024700683,117.9378890991211,1034300,0.69,0.0
2017-03-30 00:00:00-04:00,117.65274962598205,118.62908937292637,117.60091091088827,118.4130859375,726100,0.0,0.0
2017-03-31 00:00:00-04:00,118.41306101884693,118.42169640827753,117.69592818208723,117.72184753417969,1709100,0.0,0.0
2017-04-03 00:00:00-04:00,117.82554446099611,118.05019646141318,117.21210211478684,117.73915100097656,1128500,0.0,0.0
2017-04-04 00:00:00-04:00,117.66999453667528,118.750011355341,117.66999453667528,118.66360473632812,955900,0.0,0.0
2017-04-05 00:00:00-04:00,118.94013827434365,119.32894183255314,118.09339529073638,118.17980194091797,1157400,0.0,0.0
2017-04-06 00:00:00-04:00,118.52542793343879,119.21664173370307,117.85149810372796,118.87967681884766,1437100,0.0,0.0
2017-04-07 00:00:00-04:00,118.31803662932431,119.25980838580982,118.31803662932431,118.77596282958984,1010600,0.0,0.0
2017-04-10 00:00:00-04:00,118.77595629993795,119.5967666222448,118.07610736003629,119.21659851074219,1004600,0.0,0.0
2017-04-11 00:00:00-04:00,118.71547517734628,119.29437594868557,118.46491700929109,119.06108856201172,917100,0.0,0.0
2017-04-12 00:00:00-04:00,118.45628393316652,118.57724532421229,117.86874775965644,118.38716125488281,1904400,0.0,0.0
2017-04-13 00:00:00-04:00,118.11066861044458,118.50812070812617,117.7218650872838,118.1279525756836,1124800,0.0,0.0
2017-04-17 00:00:00-04:00,118.42171632458644,119.52765281253151,118.15387418538451,119.39805603027344,1017100,0.0,0.0
2017-04-18 00:00:00-04:00,119.05241511032747,119.56219309821047,118.78457303305665,118.8018569946289,1206800,0.0,0.0
2017-04-19 00:00:00-04:00,119.56221845880839,119.56221845880839,117.98970721717957,118.34395599365234,1463500,0.0,0.0
2017-04-20 00:00:00-04:00,118.11067925753346,118.40444077406472,117.3330721411145,118.17980194091797,1714100,0.0,0.0
2017-04-21 00:00:00-04:00,117.98107294432518,118.28346982794794,117.01336863884518,117.05657196044922,2472200,0.0,0.0
2017-04-24 00:00:00-04:00,118.68093150760274,118.93148969904321,117.52315622447092,118.17980194091797,2436500,0.0,0.0
2017-04-25 00:00:00-04:00,118.65498227654909,119.0524211261954,118.24025946445715,118.4735336303711,1870400,0.0,0.0
2017-04-26 00:00:00-04:00,119.57083776374257,121.2988649086388,119.06107292011039,120.03739929199219,2167500,0.0,0.0
2017-04-27 00:00:00-04:00,120.18431506133683,120.51263131359987,119.52765618920427,119.5967788696289,1032800,0.0,0.0
2017-04-28 00:00:00-04:00,119.58812010057868,119.7782041386367,118.43034509335304,118.58586120605469,1489400,0.0,0.0
2017-05-01 00:00:00-04:00,118.61179084033625,119.05243304832312,118.11066134963258,118.27482604980469,1411500,0.0,0.0
2017-05-02 00:00:00-04:00,118.54263264510655,118.67224256188877,118.00694857037408,118.395751953125,1535000,0.0,0.0
2017-05-03 00:00:00-04:00,118.35258449692806,119.2598014540112,118.23162311490377,118.85371398925781,1241300,0.0,0.0
2017-05-04 00:00:00-04:00,119.21660469023315,119.51037936313212,118.75867849140569,119.49309539794922,1458000,0.0,0.0
2017-05-05 00:00:00-04:00,119.6831851916315,119.81278197719932,118.64637135567916,119.01789093017578,1474100,0.0,0.0
2017-05-08 00:00:00-04:00,119.1215871195982,119.19070981072188,118.430386575972,118.56861877441406,772200,0.0,0.0
2017-05-09 00:00:00-04:00,118.36988692915543,118.65501305636973,117.50587315594991,117.78236389160156,1045200,0.0,0.0
2017-05-10 00:00:00-04:00,118.1365705456406,119.38938757277135,117.98968982227498,119.23387145996094,2057900,0.0,0.0
2017-05-11 00:00:00-04:00,118.72413067691697,118.974688859587,118.17116241300067,118.55133056640625,1395100,0.0,0.0
2017-05-12 00:00:00-04:00,118.22299121993957,118.63771408716956,117.97241987446566,118.14523315429688,1009800,0.0,0.0
2017-05-15 00:00:00-04:00,118.06745382754714,118.888277299184,117.94649245022192,118.68954467773438,1053500,0.0,0.0
2017-05-16 00:00:00-04:00,117.73915097775127,119.03517153201435,117.73915097775127,118.38716125488281,871900,0.0,0.0
2017-05-17 00:00:00-04:00,118.38714821365409,119.50171996666867,118.05881882392514,119.05242919921875,2081500,0.0,0.0
2017-05-18 00:00:00-04:00,118.91421646179309,120.87551817915849,118.86237774627556,119.71774291992188,1798200,0.0,0.0
2017-05-19 00:00:00-04:00,119.92508074604969,119.95100009727707,119.24250267359463,119.64859008789062,1615100,0.0,0.0
2017-05-22 00:00:00-04:00,119.84733573049299,120.88414944378344,119.84733573049299,120.7545394897461,1176300,0.0,0.0
2017-05-23 00:00:00-04:00,120.75452822105262,121.64446111709442,120.64221542526317,121.48894500732422,1103000,0.0,0.0
2017-05-24 00:00:00-04:00,121.46302677059478,121.86046562174478,121.20382006813144,121.71358489990234,1003100,0.0,0.0
2017-05-25 00:00:00-04:00,122.24929269265468,123.44162253158608,122.02464071225472,123.3465805053711,1001600,0.0,0.0
2017-05-26 00:00:00-04:00,123.26881259209685,123.44161266673248,122.8972930908203,122.89729309082031,979700,0.0,0.0
2017-05-30 00:00:00-04:00,122.36159942088182,122.8368095283512,122.22336726727337,122.59488677978516,844500,0.0,0.0
2017-05-31 00:00:00-04:00,122.65542148058825,123.77862902584843,122.54309545253979,123.71815490722656,1332400,0.0,0.0
2017-06-01 00:00:00-04:00,124.08103048608974,125.15241241455078,123.73543021693725,125.15241241455078,1297200,0.0,0.0
2017-06-02 00:00:00-04:00,125.00545634772082,125.52386967767909,124.72034351842228,125.40290832519531,1270000,0.0,0.0
2017-06-05 00:00:00-04:00,125.41158877600338,126.04232829697531,125.14374662667716,125.3251953125,1091800,0.0,0.0
2017-06-06 00:00:00-04:00,124.93637602464938,125.42022154747231,124.53892395444385,124.57347869873047,1223600,0.0,0.0
2017-06-07 00:00:00-04:00,125.09188182644395,125.20420780775876,124.52162971426192,124.66851043701172,1414200,0.0,0.0
2017-06-08 00:00:00-04:00,124.66846737346192,125.61025184570791,124.63391264396299,125.24736785888672,1480600,0.0,0.0
2017-06-09 00:00:00-04:00,125.23013161234395,126.71623603909889,125.00547964172682,126.62982940673828,1225800,0.0,0.0
2017-06-12 00:00:00-04:00,126.6384916691871,126.6384916691871,125.45478396013974,125.8695068359375,1937400,0.0,0.0
2017-06-13 00:00:00-04:00,126.05955465180845,126.42245189555707,125.72258994015507,125.91267395019531,1307900,0.0,0.0
2017-06-14 00:00:00-04:00,125.81767125049305,126.8631336323158,125.54982911188965,126.74217224121094,1372800,0.0,0.0
2017-06-15 00:00:00-04:00,126.46566550281734,127.45928904594548,126.14598469193498,127.35559844970703,1225600,0.0,0.0
2017-06-16 00:00:00-04:00,127.83079680932053,127.83079680932053,126.47430244738825,127.51111602783203,2107000,0.0,0.0
2017-06-19 00:00:00-04:00,127.76167942637794,128.15049607093871,127.00135646732244,127.10503387451172,1222900,0.0,0.0
2017-06-20 00:00:00-04:00,127.10504560532529,127.28649426845332,126.86312284368906,126.94951629638672,1392500,0.0,0.0
2017-06-21 00:00:00-04:00,127.12235714456705,127.37291535068321,126.53482089328752,126.68170166015625,1205800,0.0,0.0
2017-06-22 00:00:00-04:00,126.68166693567801,126.68166693567801,125.7571792602539,125.7571792602539,1245500,0.0,0.0
2017-06-23 00:00:00-04:00,125.73993550887106,126.31018781839734,124.85000229118845,125.15241241455078,1967500,0.0,0.0
2017-06-26 00:00:00-04:00,125.13508261420506,125.7226054933403,124.69444045485365,125.6275634765625,1249600,0.0,0.0
2017-06-27 00:00:00-04:00,125.50661892053155,125.8867870385682,125.04869273756981,125.0918960571289,1179700,0.0,0.0
2017-06-28 00:00:00-04:00,125.81254048314342,126.56794572992696,125.81254048314342,126.4463882446289,1160100,0.71,0.0
2017-06-29 00:00:00-04:00,126.77634880827281,126.78504000467105,125.30898073344588,125.87335205078125,1345800,0.0,0.0
2017-06-30 00:00:00-04:00,126.52454114040883,126.66346777889075,125.60417534581966,126.22933197021484,1374800,0.0,0.0
2017-07-03 00:00:00-04:00,126.59400405354236,127.98323068758462,126.34219786600498,127.0715560913086,672700,0.0,0.0
2017-07-05 00:00:00-04:00,127.32340936876608,127.47970522281899,126.22939138551456,126.74166870117188,1001300,0.0,0.0
2017-07-06 00:00:00-04:00,126.81107935118743,127.1844298078088,126.2032918353072,126.28143310546875,1212500,0.0,0.0
2017-07-07 00:00:00-04:00,126.72428640077216,127.45363164725545,126.4464462706359,127.21920776367188,1043600,0.0,0.0
2017-07-10 00:00:00-04:00,126.75029699078962,126.90659278360545,126.13383151314954,126.14250946044922,1073300,0.0,0.0
2017-07-11 00:00:00-04:00,126.31614790640724,126.4377053997327,125.17003629059188,125.42182922363281,1127200,0.0,0.0
2017-07-12 00:00:00-04:00,125.70837141976745,126.00358060808958,125.29160472750242,125.41316223144531,1165300,0.0,0.0
2017-07-13 00:00:00-04:00,125.56079790514454,126.19463267196764,125.36109908111652,125.7691879272461,987600,0.0,0.0
2017-07-14 00:00:00-04:00,125.43922901642664,126.41168920065228,124.90958268420881,126.05569458007812,755600,0.0,0.0
2017-07-17 00:00:00-04:00,126.05562400400991,126.47240377713953,125.66490455937371,126.36820220947266,1081400,0.0,0.0
2017-07-18 00:00:00-04:00,126.34220552368339,126.59401172648289,125.63890759306099,126.5071792602539,995800,0.0,0.0
2017-07-19 00:00:00-04:00,126.80238933703814,127.253894316803,126.38562264351829,127.2452163696289,1028800,0.0,0.0
2017-07-20 00:00:00-04:00,127.47967998449843,127.63596255883095,126.68085821976425,127.30601501464844,1381400,0.0,0.0
2017-07-21 00:00:00-04:00,127.01077627263754,128.03534371198907,127.01077627263754,127.63593292236328,1454700,0.0,0.0
2017-07-24 00:00:00-04:00,127.79225934483463,127.79225934483463,127.2799820736276,127.54046630859375,1117000,0.0,0.0
2017-07-25 00:00:00-04:00,128.14823090747157,128.83417304410358,127.54912124975726,127.94853210449219,2189400,0.0,0.0
2017-07-26 00:00:00-04:00,128.12214423733275,128.4868166883448,124.76193767182922,124.94426727294922,2864600,0.0,0.0
2017-07-27 00:00:00-04:00,124.68383771663709,125.89073500743677,123.85896889480068,124.14550018310547,2491400,0.0,0.0
2017-07-28 00:00:00-04:00,124.48413549855943,126.26409550664124,124.48413549855943,126.20332336425781,2213100,0.0,0.0
2017-07-31 00:00:00-04:00,126.50721910369643,127.41022934129366,126.2120098235805,127.1671142578125,1378300,0.0,0.0
2017-08-01 00:00:00-04:00,127.50567959635973,128.58232781532803,127.11494680848547,128.56497192382812,1319700,0.0,0.0
2017-08-02 00:00:00-04:00,128.6952063573206,129.57215582707175,128.36525893856754,129.30299377441406,1824200,0.0,0.0
2017-08-03 00:00:00-04:00,129.3637682669735,130.31885891390638,129.0859150432157,130.12783813476562,1760100,0.0,0.0
2017-08-04 00:00:00-04:00,130.1886351207744,130.48384426079917,129.51138438835417,130.06707763671875,843700,0.0,0.0
2017-08-07 00:00:00-04:00,129.8153143109275,130.21472517535017,129.56352131400067,129.64166259765625,886500,0.0,0.0
2017-08-08 00:00:00-04:00,129.4940518600671,129.8066302286959,128.825478884349,128.97308349609375,964500,0.0,0.0
2017-08-09 00:00:00-04:00,128.90361377433382,129.66768380997087,128.51288093649492,129.624267578125,872900,0.0,0.0
2017-08-10 00:00:00-04:00,129.05122512274124,129.39852849815074,128.70390849855724,128.79074096679688,1101500,0.0,0.0
2017-08-11 00:00:00-04:00,129.138024753549,129.2161792626194,127.02813123287113,127.14968872070312,2126600,0.0,0.0
2017-08-14 00:00:00-04:00,127.4883378600375,128.46948914034093,127.41887453279014,127.98324584960938,1300700,0.0,0.0
2017-08-15 00:00:00-04:00,128.339222778679,129.15540020059063,128.26975946098725,128.4781494140625,847500,0.0,0.0
2017-08-16 00:00:00-04:00,128.86021664708704,129.32039962557667,128.40003366859742,128.52159118652344,904900,0.0,0.0
2017-08-17 00:00:00-04:00,128.3305587231138,128.52157955524945,126.6721566117427,126.72425079345703,910400,0.0,0.0
2017-08-18 00:00:00-04:00,126.11645936927822,127.06287230463275,126.11645936927822,126.28143310546875,1054100,0.0,0.0
2017-08-21 00:00:00-04:00,126.40301155578574,126.58534121637786,125.6910223129271,126.18594360351562,1289300,0.0,0.0
2017-08-22 00:00:00-04:00,126.2640742636878,126.38563177678104,125.76916626351361,126.16856384277344,1054600,0.0,0.0
2017-08-23 00:00:00-04:00,125.72574725356125,126.13383602039549,124.97903304709594,125.23951721191406,1024500,0.0,0.0
2017-08-24 00:00:00-04:00,125.34368470036752,125.49996722396209,123.81553150276075,123.9544448852539,1523800,0.0,0.0
2017-08-25 00:00:00-04:00,123.98919469355495,125.16135347579707,123.85894599634538,124.7098617553711,1312600,0.0,0.0
2017-08-28 00:00:00-04:00,124.4146083544561,124.4146083544561,122.070278124759,123.10352325439453,1541100,0.0,0.0
2017-08-29 00:00:00-04:00,122.07031034652411,123.59847695794078,122.07031034652411,123.19906616210938,1242600,0.0,0.0
2017-08-30 00:00:00-04:00,123.7547592638317,123.7547592638317,122.53049303735354,122.56523132324219,1223700,0.0,0.0
2017-08-31 00:00:00-04:00,122.94727326734905,123.06883077069962,122.0268941719528,122.79097747802734,1858500,0.0,0.0
2017-09-01 00:00:00-04:00,122.83441555317708,123.53771360824773,121.82721706130417,121.98351287841797,1397100,0.0,0.0
2017-09-05 00:00:00-04:00,120.95023795398603,121.54934748484447,118.5537998305523,118.8229751586914,2436300,0.0,0.0
2017-09-06 00:00:00-04:00,119.04004828361931,120.81999456364775,118.32805917258878,119.56969451904297,2861600,0.0,0.0
2017-09-07 00:00:00-04:00,119.34391578462245,119.52625863024222,116.1920992287324,117.11246490478516,2786300,0.0,0.0
2017-09-08 00:00:00-04:00,116.72175067409374,123.94577710728905,116.38312526308609,122.29606628417969,4374300,0.0,0.0
2017-09-11 00:00:00-04:00,123.91104797815045,127.49700073812537,123.91104797815045,126.66346740722656,4895200,0.0,0.0
2017-09-12 00:00:00-04:00,126.67214755805037,127.65329873945959,126.1077762981164,127.64460754394531,2330200,0.0,0.0
2017-09-13 00:00:00-04:00,127.13231524741583,127.49698769848419,125.20475139978878,125.50865173339844,1809300,0.0,0.0
2017-09-14 00:00:00-04:00,125.54339856491914,125.54339856491914,122.94727473058312,123.98050689697266,1712000,0.0,0.0
2017-09-15 00:00:00-04:00,123.98048765591632,124.73589290664096,123.69396970596856,124.60564422607422,2307700,0.0,0.0
2017-09-18 00:00:00-04:00,124.78800369865094,125.08321288254922,123.87631580835419,124.65776824951172,974600,0.0,0.0
2017-09-19 00:00:00-04:00,124.61434671174646,125.5260345632305,124.07600929774982,124.57093048095703,1590300,0.0,0.0
2017-09-20 00:00:00-04:00,124.94429681347368,125.29161345520018,123.90237338584456,124.92694091796875,1080700,0.0,0.0
2017-09-21 00:00:00-04:00,124.86612167002083,125.61283568623307,124.11072970840983,124.1194076538086,944900,0.0,0.0
2017-09-22 00:00:00-04:00,123.94575034313281,124.24095945846571,122.98196849702872,123.80682373046875,1009600,0.0,0.0
2017-09-25 00:00:00-04:00,123.80683931712288,124.50145921912134,123.13827975095441,124.34517669677734,1119200,0.0,0.0
2017-09-26 00:00:00-04:00,124.041310519776,124.041310519776,122.31344485927609,122.95597076416016,1635000,0.0,0.0
2017-09-27 00:00:00-04:00,123.76342512062344,123.76342512062344,122.94726096480889,123.21642303466797,1414800,0.0,0.0
2017-09-28 00:00:00-04:00,123.46075140306034,124.4991921722446,123.40839528283117,124.08032989501953,1796100,0.71,0.0
2017-09-29 00:00:00-04:00,123.67893146192466,124.53412595330825,123.60039726844882,124.39450073242188,1413200,0.0,0.0
2017-10-02 00:00:00-04:00,124.39446584874685,127.02109966754493,124.24611908642837,126.96002197265625,2225600,0.0,0.0
2017-10-03 00:00:00-04:00,126.87278248602836,126.87278248602836,125.56382606173531,126.27066040039062,1536200,0.0,0.0
2017-10-04 00:00:00-04:00,126.00885680986694,126.60225726747547,125.91286614681522,126.31428527832031,924600,0.0,0.0
2017-10-05 00:00:00-04:00,126.39285751139072,127.6581796758817,125.939095436175,127.15206146240234,1362300,0.0,0.0
2017-10-06 00:00:00-04:00,127.39631498066876,127.94606738533184,126.55857737465773,127.53592681884766,1139400,0.0,0.0
2017-10-09 00:00:00-04:00,127.48364537867664,127.91996425257072,126.53247342928243,127.44874572753906,976300,0.0,0.0
2017-10-10 00:00:00-04:00,127.44001905590265,128.56572927984809,127.11714732930251,128.5220947265625,723600,0.0,0.0
2017-10-11 00:00:00-04:00,128.22537341283493,128.68787028403776,127.79777618749557,128.60060119628906,871400,0.0,0.0
2017-10-12 00:00:00-04:00,128.81876163429646,129.18526783807502,127.597074288368,127.91122436523438,1118000,0.0,0.0
2017-10-13 00:00:00-04:00,127.92867737474914,130.18880556108655,127.37018984385122,129.8833770751953,1855200,0.0,0.0
2017-10-16 00:00:00-04:00,129.7262994740196,131.53265225199428,129.62157391509044,131.1748809814453,1503100,0.0,0.0
2017-10-17 00:00:00-04:00,130.94796710754267,131.28829516351044,130.07532970091862,130.96542358398438,1250700,0.0,0.0
2017-10-18 00:00:00-04:00,130.65129217729728,131.92533551565248,129.94445790780827,131.8642578125,941400,0.0,0.0
2017-10-19 00:00:00-04:00,131.72468275445084,134.42986545586203,131.00039173032593,134.3687744140625,1561800,0.0,0.0
2017-10-20 00:00:00-04:00,135.3286502240014,135.5118966764051,133.74917818620716,134.38619995117188,1737300,0.0,0.0
2017-10-23 00:00:00-04:00,134.54321882829692,135.46822559457584,133.79276349789802,135.42459106445312,854800,0.0,0.0
2017-10-24 00:00:00-04:00,135.7824359367132,136.131485702099,134.72653842601926,134.73526000976562,1513000,0.0,0.0
2017-10-25 00:00:00-04:00,134.85739581379514,135.4944307873207,133.85386799692446,134.5258026123047,1703700,0.0,0.0
2017-10-26 00:00:00-04:00,135.14537692088064,135.59915218799435,134.42108613609673,135.04066467285156,1218500,0.0,0.0
2017-10-27 00:00:00-04:00,134.6043821294257,134.6043821294257,132.20462815305018,133.29542541503906,2419300,0.0,0.0
2017-10-30 00:00:00-04:00,133.2081037187456,134.65668510647703,132.09986372517187,133.41754150390625,1338100,0.0,0.0
2017-10-31 00:00:00-04:00,133.22559303254036,133.90624935783546,131.56758676638958,131.61122131347656,2128600,0.0,0.0
2017-11-01 00:00:00-04:00,131.3581164261354,132.8590539298517,131.34065994854123,132.0387725830078,1511400,0.0,0.0
2017-11-02 00:00:00-04:00,132.29187544590835,132.74563744498735,128.95839317155452,130.24989318847656,2708700,0.0,0.0
2017-11-03 00:00:00-04:00,129.71759487402667,130.61641068202877,128.9409478171493,129.38600158691406,1822300,0.0,0.0
2017-11-06 00:00:00-05:00,128.93223341018293,130.38081533657783,128.51337099949626,130.1975555419922,1472300,0.0,0.0
2017-11-07 00:00:00-05:00,130.7385563317839,131.60245893288752,130.13643432774717,130.72109985351562,1345200,0.0,0.0
2017-11-08 00:00:00-05:00,132.34422269290863,132.34422269290863,130.5640345177449,130.98291015625,1466300,0.0,0.0
2017-11-09 00:00:00-05:00,130.66004099954336,132.3965948414287,130.241178625741,132.3267822265625,1206000,0.0,0.0
2017-11-10 00:00:00-05:00,131.89913130971644,132.54488774805014,130.939238205338,132.07366943359375,1016000,0.0,0.0
2017-11-13 00:00:00-05:00,131.89047754318366,132.4925997601384,130.91312746082016,132.06500244140625,1065400,0.0,0.0
2017-11-14 00:00:00-05:00,131.48906783382256,131.8032179995754,130.38082732623093,131.497802734375,1216300,0.0,0.0
2017-11-15 00:00:00-05:00,131.11380973372627,132.4227662368916,130.04919071258695,131.9079132080078,1597500,0.0,0.0
2017-11-16 00:00:00-05:00,132.18713937147513,132.18713937147513,129.84847700456282,129.9008331298828,1244800,0.0,0.0
2017-11-17 00:00:00-05:00,129.31617159243538,130.16263115269427,129.13291183267694,129.70013427734375,966700,0.0,0.0
2017-11-20 00:00:00-05:00,129.6477672398753,130.3807795864355,129.0107322410718,130.0229949951172,982800,0.0,0.0
2017-11-21 00:00:00-05:00,130.45936526380174,130.89568421117232,129.99686824482075,130.18011474609375,960600,0.0,0.0
2017-11-22 00:00:00-05:00,129.81354005422764,130.11896848267423,129.1241623392583,129.36849975585938,982200,0.0,0.0
2017-11-24 00:00:00-05:00,130.11024362269606,130.11024362269606,129.19397167583955,129.96188354492188,465200,0.0,0.0
2017-11-27 00:00:00-05:00,129.9619211609491,130.63385589184654,129.2899997454457,130.24989318847656,798200,0.0,0.0
2017-11-28 00:00:00-05:00,130.68623096394853,132.74565668611885,130.02303103543116,132.26571655273438,1119600,0.0,0.0
2017-11-29 00:00:00-05:00,132.8590889461249,133.81026083713812,132.27442328883987,133.1994171142578,1408500,0.0,0.0
2017-11-30 00:00:00-05:00,133.51355490259945,133.92369564628987,131.42795153837065,132.73690795898438,2256800,0.0,0.0
2017-12-01 00:00:00-05:00,132.56239813731156,133.33031027005018,129.32490636428997,132.3267822265625,1556400,0.0,0.0
2017-12-04 00:00:00-05:00,133.8451716442291,133.8451716442291,131.60248641482258,131.61122131347656,1311600,0.0,0.0
2017-12-05 00:00:00-05:00,132.16966141938002,132.16966141938002,130.02296763852294,131.05267333984375,1476200,0.0,0.0
2017-12-06 00:00:00-05:00,130.87818399839225,132.03879360848447,130.52913428327278,131.6548309326172,1395800,0.0,0.0
2017-12-07 00:00:00-05:00,131.44540805418072,131.75082322983644,129.93573539491848,130.40696716308594,1383400,0.0,0.0
2017-12-08 00:00:00-05:00,130.3808128948543,130.9916566730402,129.3772714663957,130.93930053710938,1311800,0.0,0.0
2017-12-11 00:00:00-05:00,130.93053385688611,131.13997166516853,130.13644379569098,131.10507202148438,1306400,0.0,0.0
2017-12-12 00:00:00-05:00,130.93924028429657,131.5675402571404,130.54655613011658,131.33192443847656,1216900,0.0,0.0
2017-12-13 00:00:00-05:00,131.52391402558018,131.52391402558018,129.4906672233967,129.5343017578125,1236900,0.0,0.0
2017-12-14 00:00:00-05:00,129.53433717638978,129.71758362949456,126.73316441181322,127.50981140136719,2639900,0.0,0.0
2017-12-15 00:00:00-05:00,128.32138308689008,130.37207379874746,127.9810548988987,129.7786865234375,2533000,0.0,0.0
2017-12-18 00:00:00-05:00,130.2237229135701,130.98292678260967,128.33883556261108,129.02821350097656,1394800,0.0,0.0
2017-12-19 00:00:00-05:00,129.48196919031065,130.1277124816938,128.36499414616338,128.81875610351562,1502500,0.0,0.0
2017-12-20 00:00:00-05:00,129.00198947141118,129.22887040368502,127.16944559060124,127.3788833618164,1657000,0.0,0.0
2017-12-21 00:00:00-05:00,128.06828394808997,128.23408721551726,126.33174371962878,126.54116821289062,1621900,0.0,0.0
2017-12-22 00:00:00-05:00,127.24802221492145,127.24802221492145,125.92160932427582,126.70697784423828,1322800,0.0,0.0
2017-12-26 00:00:00-05:00,126.43640382362133,127.64064742481439,126.18334489349446,126.80290985107422,744200,0.0,0.0
2017-12-27 00:00:00-05:00,127.04730487390546,127.73669603390482,126.65462061733767,127.55343627929688,1134100,0.0,0.0
2017-12-28 00:00:00-05:00,127.72005602438055,128.57064727356365,127.62359680910038,128.1672821044922,1270900,0.71,0.0
2017-12-29 00:00:00-05:00,128.6233045956499,129.1231425377392,128.0270207844477,128.14102172851562,1311100,0.0,0.0
2018-01-02 00:00:00-05:00,128.39525923224878,128.96525031979385,123.99323247381433,124.7824478149414,1986500,0.0,0.0
2018-01-03 00:00:00-05:00,124.4404397800202,126.39591608106565,124.30889721944284,125.7645492553711,2675400,0.0,0.0
2018-01-04 00:00:00-05:00,125.93117356098244,127.43943740980144,125.69440763414605,126.27316284179688,1935500,0.0,0.0
2018-01-05 00:00:00-05:00,126.58883181833615,127.11497528887357,125.20333316761293,126.50113677978516,1629100,0.0,0.0
2018-01-08 00:00:00-05:00,125.88732878828824,126.04517720309128,124.52813578802474,125.86102294921875,1556100,0.0,0.0
2018-01-09 00:00:00-05:00,126.045200888971,128.21990206982156,125.27352711689332,127.89545440673828,2208600,0.0,0.0
2018-01-10 00:00:00-05:00,127.6148180048942,127.87788977822011,127.10621614456711,127.40435791015625,1541600,0.0,0.0
2018-01-11 00:00:00-05:00,127.35172457587471,127.92171555122033,126.14161603296802,126.71159362792969,1428600,0.0,0.0
2018-01-12 00:00:00-05:00,126.88693484597162,127.86906813277594,125.98373242194656,127.71121978759766,1357400,0.0,0.0
2018-01-16 00:00:00-05:00,127.99189460327182,128.17603548399018,126.8694541105513,127.73758697509766,1867800,0.0,0.0
2018-01-17 00:00:00-05:00,128.48292473847144,129.6228932710152,127.83401628015983,129.37734985351562,1729100,0.0,0.0
2018-01-18 00:00:00-05:00,129.38614609650057,130.0525829535674,128.40401242561975,129.5089111328125,1327400,0.0,0.0
2018-01-19 00:00:00-05:00,129.78951841281747,130.04382603242402,128.8600097461423,129.9561309814453,1475000,0.0,0.0
2018-01-22 00:00:00-05:00,130.2542815228701,131.37672205340724,130.12275231792557,131.35040283203125,1436600,0.0,0.0
2018-01-23 00:00:00-05:00,131.35917832118156,135.20875576381658,131.31533079342023,134.41954040527344,3036100,0.0,0.0
2018-01-24 00:00:00-05:00,134.30557388243886,136.25228667192158,133.7882077629933,135.90151977539062,2113600,0.0,0.0
2018-01-25 00:00:00-05:00,135.84013647066362,136.17334827858124,134.41955403341476,135.75244140625,1641700,0.0,0.0
2018-01-26 00:00:00-05:00,135.88393904682252,136.7169883615917,135.2613364084004,136.6205291748047,1311400,0.0,0.0
2018-01-29 00:00:00-05:00,136.35753778461228,136.62937382196972,134.9808025239417,135.1474151611328,1334700,0.0,0.0
2018-01-30 00:00:00-05:00,134.98952335622144,136.40132803043085,134.10384884222537,134.2178497314453,2203700,0.0,0.0
2018-01-31 00:00:00-05:00,135.34904075528203,138.11126061543686,134.91059230888382,136.9274444580078,3363800,0.0,0.0
2018-02-01 00:00:00-05:00,136.65558815463575,137.58509658133025,135.5507030516488,136.33990478515625,2088100,0.0,0.0
2018-02-02 00:00:00-05:00,135.96287766890828,137.18176392014905,134.2529312560721,134.38446044921875,1469100,0.0,0.0
2018-02-05 00:00:00-05:00,134.1564837098979,134.74400312430691,128.52680628755041,129.21078491210938,2327600,0.0,0.0
2018-02-06 00:00:00-05:00,127.15008678514438,128.98279861785767,124.03709922570621,127.92176055908203,3348700,0.0,0.0
2018-02-07 00:00:00-05:00,127.67619234306427,131.21884988593732,127.05358966473659,129.35983276367188,3102300,0.0,0.0
2018-02-08 00:00:00-05:00,129.4738501571438,129.7983111795355,123.03742871934608,123.10758209228516,2266000,0.0,0.0
2018-02-09 00:00:00-05:00,124.2211931803592,127.66739088440598,122.84445890057235,126.72911834716797,3508400,0.0,0.0
2018-02-12 00:00:00-05:00,127.13250725968919,128.27247589181562,124.94026503651708,126.80805969238281,2205800,0.0,0.0
2018-02-13 00:00:00-05:00,126.06270672632687,127.60605399536773,125.71195328175553,127.25528717041016,1387800,0.0,0.0
2018-02-14 00:00:00-05:00,126.71163549798052,129.21956182921144,126.09781018202646,129.15817260742188,1989100,0.0,0.0
2018-02-15 00:00:00-05:00,129.53523346840657,130.28936546762327,128.27249957386817,128.9652557373047,1783100,0.0,0.0
2018-02-16 00:00:00-05:00,128.64078260348876,129.86844638762614,128.07080492611536,128.9038543701172,1514300,0.0,0.0
2018-02-20 00:00:00-05:00,128.80740963107846,129.48262411914894,126.74669617155887,127.5359115600586,1270500,0.0,0.0
2018-02-21 00:00:00-05:00,127.61482276816734,128.67587405404436,125.9837937691314,126.02764129638672,1581300,0.0,0.0
2018-02-22 00:00:00-05:00,126.27317230496332,127.40436358615842,125.15074517712792,125.4576644897461,1996700,0.0,0.0
2018-02-23 00:00:00-05:00,125.64179037780218,126.28192138671875,124.68597594058421,126.28192138671875,1386400,0.0,0.0
2018-02-26 00:00:00-05:00,126.43975781333769,128.5969165520606,126.29945110729835,128.1497039794922,1803200,0.0,0.0
2018-02-27 00:00:00-05:00,128.12341410056334,128.53555673814026,126.43977355957031,126.43977355957031,1739400,0.0,0.0
2018-02-28 00:00:00-05:00,126.86948072748476,127.73761377416348,124.37033173071354,124.44924926757812,1315300,0.0,0.0
2018-03-01 00:00:00-05:00,124.54564993122958,125.70316011585102,122.04648872922255,122.59893798828125,1377000,0.0,0.0
2018-03-02 00:00:00-05:00,121.92373750618935,122.78310609091272,120.56455803313793,122.6427993774414,1784600,0.0,0.0
2018-03-05 00:00:00-05:00,122.33584313239638,124.94022717472505,121.98508983513473,124.13348388671875,1357000,0.0,0.0
2018-03-06 00:00:00-05:00,124.30021084448097,124.71235370748317,123.1163939604716,124.45804595947266,1176300,0.0,0.0
2018-03-07 00:00:00-05:00,123.46713477342483,123.76527662543447,122.38855490857229,123.32682800292969,1462700,0.0,0.0
2018-03-08 00:00:00-05:00,123.43201302910202,124.80874769847816,122.95849455133357,124.4404525756836,1247700,0.0,0.0
2018-03-09 00:00:00-05:00,125.15949995078134,126.27316284179688,123.8003069802265,126.27316284179688,1569000,0.0,0.0
2018-03-12 00:00:00-04:00,126.4398043305822,127.22024227202142,124.66846831121644,125.47521209716797,1149000,0.0,0.0
2018-03-13 00:00:00-04:00,126.40467030452062,126.54497700596228,124.3176649872058,124.46673583984375,1307400,0.0,0.0
2018-03-14 00:00:00-04:00,125.13322769077807,125.13322769077807,122.93222053700481,123.43204498291016,1354000,0.0,0.0
2018-03-15 00:00:00-04:00,123.6775419323736,124.87889987188285,123.3618584900743,123.69508361816406,1378700,0.0,0.0
2018-03-16 00:00:00-04:00,123.79154390094972,124.99288847056883,122.96725860661202,123.62493133544922,2699500,0.0,0.0
2018-03-19 00:00:00-04:00,123.47586101716807,124.08092207131043,122.30082228093028,123.02864837646484,1414900,0.0,0.0
2018-03-20 00:00:00-04:00,123.51093781722366,124.54566977098791,122.44112249327928,123.92308044433594,1197200,0.0,0.0
2018-03-21 00:00:00-04:00,124.23877596820914,124.30016518841929,122.95851368221342,122.99358367919922,1068000,0.0,0.0
2018-03-22 00:00:00-04:00,122.44112037390342,123.31801728783437,120.46810231755875,120.69609069824219,1543100,0.0,0.0
2018-03-23 00:00:00-04:00,120.76621711319191,121.1432762794728,117.83738528539834,118.00399780273438,1940000,0.0,0.0
2018-03-26 00:00:00-04:00,119.33690652599049,120.625946154095,118.56524628400481,120.15242767333984,1435100,0.0,0.0
2018-03-27 00:00:00-04:00,120.49442130669892,121.58176503521216,119.2930633048216,119.87181854248047,1621800,0.0,0.0
2018-03-28 00:00:00-04:00,120.35661099544348,122.5162358719279,119.45751602712258,121.87274932861328,1599300,0.71,0.0
2018-03-29 00:00:00-04:00,122.11075579592995,122.3134913215714,120.53292113942678,120.55936431884766,1664600,0.0,0.0
2018-04-02 00:00:00-04:00,120.44475683866455,120.76208841191723,115.59664380022991,117.5006332397461,3329800,0.0,0.0
2018-04-03 00:00:00-04:00,117.64165595934236,119.2371235103957,117.32432443066253,119.06964111328125,1589000,0.0,0.0
2018-04-04 00:00:00-04:00,117.4830484409831,120.2596907648046,116.62801616724796,120.03932189941406,1565400,0.0,0.0
2018-04-05 00:00:00-04:00,120.41831519711228,120.89430583793904,119.36054775619733,119.6778793334961,1573300,0.0,0.0
2018-04-06 00:00:00-04:00,118.98152279193651,120.48885135350383,117.60642358502997,118.2322769165039,1721800,0.0,0.0
2018-04-09 00:00:00-04:00,118.5936794910734,120.1891610627345,117.70339429106818,118.25872802734375,1115300,0.0,0.0
2018-04-10 00:00:00-04:00,119.44871775913884,120.03049470808061,118.56724242446815,119.15782928466797,1566200,0.0,0.0
2018-04-11 00:00:00-04:00,118.24110527576416,118.99917462993508,117.71221467508798,118.17058563232422,1484700,0.0,0.0
2018-04-12 00:00:00-04:00,118.8228700880236,119.70434536545665,118.24109317685891,118.80523681640625,1126400,0.0,0.0
2018-04-13 00:00:00-04:00,119.69553365146155,119.80131984121381,117.57999815986884,118.1176986694336,1194200,0.0,0.0
2018-04-16 00:00:00-04:00,118.99915896301358,120.57699374523023,118.47909179264143,119.69551849365234,1272700,0.0,0.0
2018-04-17 00:00:00-04:00,120.31256921268891,121.36151352735533,119.88064147118222,120.18916320800781,1536800,0.0,0.0
2018-04-18 00:00:00-04:00,120.2772756939438,120.57697400234987,119.16662190089868,120.33016204833984,1944400,0.0,0.0
2018-04-19 00:00:00-04:00,120.5505246585351,121.6083054933174,120.03926750845487,121.30859375,1892800,0.0,0.0
2018-04-20 00:00:00-04:00,121.83752307758104,121.89040944616161,120.31257449910726,121.36151885986328,1957900,0.0,0.0
2018-04-23 00:00:00-04:00,121.63479147612162,121.96974297145634,120.60346690447243,121.89922332763672,1357800,0.0,0.0
2018-04-24 00:00:00-04:00,120.15385985458731,121.90800001611663,118.99912971091267,119.96875762939453,2451900,0.0,0.0
2018-04-25 00:00:00-04:00,121.22926638034838,122.53384572949486,120.48000718408109,120.99126434326172,2880600,0.0,0.0
2018-04-26 00:00:00-04:00,120.859060990896,121.4320144707969,120.0040290007251,120.23320770263672,1809300,0.0,0.0
2018-04-27 00:00:00-04:00,120.12743625637385,121.34387630684681,119.43988669312665,121.03535461425781,1505000,0.0,0.0
2018-04-30 00:00:00-04:00,121.28215994516249,121.92564647443128,119.58972930908203,119.58972930908203,1255600,0.0,0.0
2018-05-01 00:00:00-04:00,119.59854752293255,120.06574174863769,118.47026035386669,119.81891632080078,1047800,0.0,0.0
2018-05-02 00:00:00-04:00,119.37818551420926,119.78367004345446,116.26657898736941,116.98939514160156,1977600,0.0,0.0
2018-05-03 00:00:00-04:00,116.17842229255821,116.61033648869137,113.55163022846322,114.75924682617188,2858000,0.0,0.0
2018-05-04 00:00:00-04:00,115.24404816946152,117.57114166835159,113.87775920774865,117.01580810546875,1919400,0.0,0.0
2018-05-07 00:00:00-04:00,117.06873791367997,117.29793011055145,116.24014894090585,116.98059844970703,1473500,0.0,0.0
2018-05-08 00:00:00-04:00,116.35471792259919,117.6769306262651,116.35471792259919,117.09515380859375,1555600,0.0,0.0
2018-05-09 00:00:00-04:00,117.57114569863708,118.87572499797612,117.10396500123375,118.72587585449219,1834500,0.0,0.0
2018-05-10 00:00:00-04:00,118.53196438771498,119.7924673949411,117.84441484736557,119.47513580322266,1246600,0.0,0.0
2018-05-11 00:00:00-04:00,119.79250019781395,120.38310054571055,119.21954657404491,120.03050231933594,1566500,0.0,0.0
2018-05-14 00:00:00-04:00,120.13626418538834,120.60345847431738,118.84050785279713,119.04324340820312,1295500,0.0,0.0
2018-05-15 00:00:00-04:00,118.61127584079969,119.99519807016728,118.1176519845447,118.54075622558594,1824600,0.0,0.0
2018-05-16 00:00:00-04:00,118.51431577833536,119.16661214639187,117.95899565239046,118.62010192871094,1077900,0.0,0.0
2018-05-17 00:00:00-04:00,118.2587213603693,119.04323378552107,118.05597237110638,118.51434326171875,1211800,0.0,0.0
2018-05-18 00:00:00-04:00,118.29398089732507,118.3821338061769,117.50946842942757,117.71220397949219,1976600,0.0,0.0
2018-05-21 00:00:00-04:00,118.16176834301514,118.65539236602736,117.50947176960851,118.0207290649414,1490200,0.0,0.0
2018-05-22 00:00:00-04:00,117.9942853880704,119.88945192211843,117.80035974409157,119.1930923461914,1509600,0.0,0.0
2018-05-23 00:00:00-04:00,118.7523256164768,119.29002596126855,117.14803449094507,117.95018005371094,1316200,0.0,0.0
2018-05-24 00:00:00-04:00,117.87966055544429,117.98544671289,116.45167520723108,117.62403869628906,1149100,0.0,0.0
2018-05-25 00:00:00-04:00,117.20974666359656,118.17937466643816,117.12159377234084,117.65929412841797,1094200,0.0,0.0
2018-05-29 00:00:00-04:00,116.33709998958784,116.35473326069592,113.87778995468545,114.5212631225586,1844100,0.0,0.0
2018-05-30 00:00:00-04:00,115.09420224606944,117.03344464094029,114.98841609527314,116.62796020507812,1257000,0.0,0.0
2018-05-31 00:00:00-04:00,117.02465913297243,117.02465913297243,114.64467844901844,115.20001220703125,1972200,0.0,0.0
2018-06-01 00:00:00-04:00,116.14316164952726,116.44287342458986,115.00606461701065,115.2793197631836,1339400,0.0,0.0
2018-06-04 00:00:00-04:00,115.0766015397462,116.3547380173115,115.0766015397462,116.16081237792969,994400,0.0,0.0
2018-06-05 00:00:00-04:00,115.94926646893579,115.99334292832799,114.41550790396434,115.42919921875,1310900,0.0,0.0
2018-06-06 00:00:00-04:00,115.56141523638095,116.34592770197214,113.83371775978087,115.78178405761719,1408800,0.0,0.0
2018-06-07 00:00:00-04:00,115.88755585989767,116.8042842307928,114.54770967143989,116.5574722290039,2225500,0.0,0.0
2018-06-08 00:00:00-04:00,116.95411547728328,117.88849042674934,116.59272089096127,117.69456481933594,1848200,0.0,0.0
2018-06-11 00:00:00-04:00,117.69459226062081,117.87969455160936,117.03348574945458,117.23622131347656,1651800,0.0,0.0
2018-06-12 00:00:00-04:00,117.45659118648149,118.11769770347857,116.15201142567626,116.63682556152344,1259800,0.0,0.0
2018-06-13 00:00:00-04:00,116.89243232701541,117.78271747894657,116.39880834375677,116.98939514160156,1803300,0.0,0.0
2018-06-14 00:00:00-04:00,117.01585116594266,117.01585116594266,114.26565241436994,114.67994689941406,2356500,0.0,0.0
2018-06-15 00:00:00-04:00,114.55650670296419,115.71123689955704,114.265618314089,115.36746215820312,3670300,0.0,0.0
2018-06-18 00:00:00-04:00,114.00118172762134,114.2215505131189,112.78474172759704,114.09814453125,1923100,0.0,0.0
2018-06-19 00:00:00-04:00,113.41942215569313,114.49482306849724,113.4106122450209,114.28326416015625,2130000,0.0,0.0
2018-06-20 00:00:00-04:00,114.58295546272613,114.62701845844406,111.57712208145314,111.69171142578125,2091200,0.0,0.0
2018-06-21 00:00:00-04:00,110.99133723585962,112.0906983540432,110.53031024933317,110.76969146728516,2327600,0.73,0.0
2018-06-22 00:00:00-04:00,111.14204609636599,112.32120311691186,110.83174339729905,111.15977478027344,2458700,0.0,0.0
2018-06-25 00:00:00-04:00,111.17750476808672,111.91337024979933,109.90082313852182,110.92039489746094,2345700,0.0,0.0
2018-06-26 00:00:00-04:00,111.03565174097369,111.3370934748125,110.07814725276499,110.44164276123047,1547700,0.0,0.0
2018-06-27 00:00:00-04:00,110.65441629462855,111.82470552303182,109.94515399007297,111.00018310546875,2193100,0.0,0.0
2018-06-28 00:00:00-04:00,110.78742139752035,112.79110106189523,110.78742139752035,112.29461669921875,2216500,0.0,0.0
2018-06-29 00:00:00-04:00,112.48964845254545,114.06777187224455,112.0818210847889,112.61376953125,3039400,0.0,0.0
2018-07-02 00:00:00-04:00,112.26800420402256,112.94180918606511,111.9754369512164,112.4275894165039,1195100,0.0,0.0
2018-07-03 00:00:00-04:00,112.6492482615417,113.98799742125895,112.6492482615417,113.11027526855469,1171200,0.0,0.0
2018-07-05 00:00:00-04:00,113.61561332161757,113.9613801726543,112.65810876094997,113.70427703857422,1642500,0.0,0.0
2018-07-06 00:00:00-04:00,113.63333268417223,115.37990214113134,113.29643360534259,114.53765106201172,1393300,0.0,0.0
2018-07-09 00:00:00-04:00,114.14756531106143,117.15308124686224,114.14756531106143,117.10874938964844,1882400,0.0,0.0
2018-07-10 00:00:00-04:00,117.72935778829867,118.50069424444392,117.34813356860677,118.3676986694336,2781900,0.0,0.0
2018-07-11 00:00:00-04:00,118.02192386799562,118.43861895755643,116.78957404708981,116.8959732055664,2476800,0.0,0.0
2018-07-12 00:00:00-04:00,117.25061663548779,117.56978709713522,116.63001116233575,117.48999786376953,1707600,0.0,0.0
2018-07-13 00:00:00-04:00,117.18853353919998,117.47224659053131,116.59452455718075,117.153076171875,1134200,0.0,0.0
2018-07-16 00:00:00-04:00,117.17081058397979,118.3676894972248,117.17081058397979,118.24356842041016,1388400,0.0,0.0
2018-07-17 00:00:00-04:00,118.58049572930099,118.75780965279188,117.7471054078901,118.2524642944336,1332200,0.0,0.0
2018-07-18 00:00:00-04:00,118.3676994444742,119.77737679098456,118.0485290018169,119.68871307373047,1439100,0.0,0.0
2018-07-19 00:00:00-04:00,118.8021351987626,119.68871829726083,117.80916645746362,118.01307678222656,2104100,0.0,0.0
2018-07-20 00:00:00-04:00,117.68503640303078,118.28790637057219,117.1974130303526,118.11945343017578,1371700,0.0,0.0
2018-07-23 00:00:00-04:00,118.05740579626013,118.78439688484399,117.64957162838323,118.74893951416016,1703400,0.0,0.0
2018-07-24 00:00:00-04:00,118.70458270035398,119.95466782306407,118.52726882784178,119.29859161376953,1506200,0.0,0.0
2018-07-25 00:00:00-04:00,117.02893949499504,120.35362527610286,117.02893949499504,120.23836517333984,2341200,0.0,0.0
2018-07-26 00:00:00-04:00,120.88557979364771,122.25977242026082,120.36248561867971,121.6923599243164,2133600,0.0,0.0
2018-07-27 00:00:00-04:00,121.81649263852569,123.09317425857859,121.75443886631376,122.25092315673828,1817600,0.0,0.0
2018-07-30 00:00:00-04:00,122.0558743172676,124.14821064120838,122.02041695131506,123.98863220214844,2249100,0.0,0.0
2018-07-31 00:00:00-04:00,124.15705916392514,124.33438656047213,122.90698759862735,123.87335968017578,2368700,0.0,0.0
2018-08-01 00:00:00-04:00,123.8290844605465,124.47628646374214,122.65880157159256,122.74745178222656,1325200,0.0,0.0
2018-08-02 00:00:00-04:00,122.15341033024201,122.53464807260089,121.19589902239564,122.02928924560547,1213500,0.0,0.0
2018-08-03 00:00:00-04:00,122.0115306836433,123.07544095405324,121.18701510507476,123.06656646728516,1115100,0.0,0.0
2018-08-06 00:00:00-04:00,123.08430765430003,123.3857425984931,122.5612269814624,122.96904754638672,893100,0.0,0.0
2018-08-07 00:00:00-04:00,123.07546704815366,123.55421594879623,122.25979872705548,122.92473602294922,1081600,0.0,0.0
2018-08-08 00:00:00-04:00,122.82721948511518,122.91588320838385,121.86972162037459,121.88744354248047,1052300,0.0,0.0
2018-08-09 00:00:00-04:00,121.83426433236515,122.11797745597637,121.48849741808043,121.53282928466797,1142600,0.0,0.0
2018-08-10 00:00:00-04:00,120.79693837769057,120.92992042151187,119.99901905839573,120.47776794433594,1527100,0.0,0.0
2018-08-13 00:00:00-04:00,120.35363978596547,120.52209271702596,119.43159943724318,119.67096710205078,1363700,0.0,0.0
2018-08-14 00:00:00-04:00,117.74709914704019,118.64255673456147,117.47226055101525,118.01307678222656,2080500,0.0,0.0
2018-08-15 00:00:00-04:00,117.5786507434359,118.18153430839877,116.86052057037433,117.63184356689453,2140800,0.0,0.0
2018-08-16 00:00:00-04:00,118.01306589848905,119.83056378842883,118.01306589848905,119.1656265258789,1371700,0.0,0.0
2018-08-17 00:00:00-04:00,118.81984827209001,119.42271817200586,118.41201417118427,118.83757019042969,1124700,0.0,0.0
2018-08-20 00:00:00-04:00,119.13902239515222,119.83055602112493,118.84644839521263,119.55571746826172,954200,0.0,0.0
2018-08-21 00:00:00-04:00,119.46705935570687,120.12313564643324,119.20108174983493,119.71530151367188,1327800,0.0,0.0
2018-08-22 00:00:00-04:00,119.3074661344727,119.83054679339514,117.78254247971002,118.0307846069336,1265300,0.0,0.0
2018-08-23 00:00:00-04:00,118.14607019581565,118.40318689488596,117.84463516010668,118.20813751220703,929300,0.0,0.0
2018-08-24 00:00:00-04:00,118.29676229854343,119.89261439206675,118.29676229854343,119.79508972167969,1174000,0.0,0.0
2018-08-27 00:00:00-04:00,120.12312284917115,121.39092991169986,119.96353089137685,121.02742767333984,973000,0.0,0.0
2018-08-28 00:00:00-04:00,121.08950429271883,121.68351326231141,120.77033388073957,120.89445495605469,1039200,0.0,0.0
2018-08-29 00:00:00-04:00,120.88559365890643,121.51505999332456,120.22951738939695,120.92105102539062,850700,0.0,0.0
2018-08-30 00:00:00-04:00,120.9210304715303,121.13381521881455,119.32517868734902,119.82166290283203,1007600,0.0,0.0
2018-08-31 00:00:00-04:00,119.35176822341884,120.04330170208337,118.78435579148437,119.90145874023438,1478500,0.0,0.0
2018-09-04 00:00:00-04:00,119.84826803315644,120.76146085164189,119.60002590733674,120.7525863647461,1066700,0.0,0.0
2018-09-05 00:00:00-04:00,120.79694168703875,122.18000909340479,120.47777124494014,121.71012115478516,1055500,0.0,0.0
2018-09-06 00:00:00-04:00,121.68351644102901,122.14454338774965,121.28455679767863,121.7633056640625,1140100,0.0,0.0
2018-09-07 00:00:00-04:00,121.35547767930483,122.04701129323102,120.73485879608408,121.11609649658203,1036100,0.0,0.0
2018-09-10 00:00:00-04:00,121.15154940023017,121.15154940023017,119.61776475179538,120.09652709960938,1164300,0.0,0.0
2018-09-11 00:00:00-04:00,119.19222723728018,120.67281930529597,118.92624961702106,120.18519592285156,1154800,0.0,0.0
2018-09-12 00:00:00-04:00,120.22069665049108,120.59305999997346,119.15678590547047,119.3873062133789,1270300,0.0,0.0
2018-09-13 00:00:00-04:00,120.2738581831283,121.0540420574118,119.88375948189476,120.8146743774414,1060800,0.0,0.0
2018-09-14 00:00:00-04:00,121.01858465479131,122.52577311335347,120.8590062015219,122.44598388671875,1195600,0.0,0.0
2018-09-17 00:00:00-04:00,122.74741939004782,123.0843252748366,122.28639242057638,122.64989471435547,1248600,0.0,0.0
2018-09-18 00:00:00-04:00,122.96017962717615,123.26161455430635,121.88740840886099,122.91584777832031,1072200,0.0,0.0
2018-09-19 00:00:00-04:00,123.22616730634218,125.20324346832328,123.22616730634218,124.22799682617188,1665000,0.0,0.0
2018-09-20 00:00:00-04:00,124.67363205491566,125.19054488064721,123.87153391786852,124.77166748046875,1443800,0.73,0.0
2018-09-21 00:00:00-04:00,125.02117147135063,125.19050657267465,123.96061044645039,124.64685821533203,2027500,0.0,0.0
2018-09-24 00:00:00-04:00,124.65581152432887,124.87861808734456,122.04452513332099,122.16929626464844,1391200,0.0,0.0
2018-09-25 00:00:00-04:00,122.1782036927165,122.49013832070806,120.43140785325718,120.68985748291016,1286700,0.0,0.0
2018-09-26 00:00:00-04:00,121.13543509392254,121.17109174902757,118.99649815462072,119.24604034423828,1682800,0.0,0.0
2018-09-27 00:00:00-04:00,119.23712917209666,119.7362271913446,118.72023002189327,118.8628158569336,1239600,0.0,0.0
2018-09-28 00:00:00-04:00,118.50633473909015,119.34408944281431,117.87355822913969,119.10345458984375,1193600,0.0,0.0
2018-10-01 00:00:00-04:00,119.62926005050542,119.86098750977436,118.3637207848348,118.68456268310547,1377000,0.0,0.0
2018-10-02 00:00:00-04:00,118.78262870145423,119.13911374740346,118.18550877002122,119.04109191894531,1161500,0.0,0.0
2018-10-03 00:00:00-04:00,119.43320304564388,120.14618663518392,118.64001237202618,118.91629028320312,848400,0.0,0.0
2018-10-04 00:00:00-04:00,118.88063681486919,119.95010530602808,118.59545156344068,119.8431625366211,990400,0.0,0.0
2018-10-05 00:00:00-04:00,119.84320454773896,120.82355894106581,119.57583393146487,119.83429718017578,796200,0.0,0.0
2018-10-08 00:00:00-04:00,119.72730440612739,122.04449757792446,119.31734803819779,121.3493423461914,1197100,0.0,0.0
2018-10-09 00:00:00-04:00,120.98395535605965,122.00886003548511,119.65602343661034,121.73258209228516,1414800,0.0,0.0
2018-10-10 00:00:00-04:00,120.27096938163432,121.27805930927592,117.9805251874719,118.03399658203125,2117700,0.0,0.0
2018-10-11 00:00:00-04:00,117.69533009776309,117.69533009776309,112.15190203163478,113.02530670166016,3161100,0.0,0.0
2018-10-12 00:00:00-04:00,113.22137295393696,113.96109230366194,109.82580343704154,112.51730346679688,2764800,0.0,0.0
2018-10-15 00:00:00-04:00,112.44599519160953,113.64914906442192,111.06459881894176,111.0824203491211,1625900,0.0,0.0
2018-10-16 00:00:00-04:00,111.49237821338112,111.70627056289486,110.7437515903254,111.30522155761719,2430800,0.0,0.0
2018-10-17 00:00:00-04:00,111.25175870134643,114.11258694419993,111.05568786612534,113.30157470703125,1716000,0.0,0.0
2018-10-18 00:00:00-04:00,114.68297577165865,115.5474662350103,112.96291580993812,113.62242126464844,4130300,0.0,0.0
2018-10-19 00:00:00-04:00,112.74013338118259,115.3959840989542,112.74013338118259,114.3265151977539,2094800,0.0,0.0
2018-10-22 00:00:00-04:00,114.21062236181048,114.8968702850843,112.98073275839958,113.30157470703125,2138300,0.0,0.0
2018-10-23 00:00:00-04:00,112.3925369170621,113.95218277110165,111.60826030685666,112.96292114257812,2583000,0.0,0.0
2018-10-24 00:00:00-04:00,107.4640490207998,113.0876837584069,107.39274929809571,111.40326690673828,3877500,0.0,0.0
2018-10-25 00:00:00-04:00,112.24102545481306,112.50838922474367,109.13955540719935,110.22685241699219,3406600,0.0,0.0
2018-10-26 00:00:00-04:00,109.79013295345456,111.10023625943914,108.0968021960562,110.012939453125,2558700,0.0,0.0
2018-10-29 00:00:00-04:00,110.82395066967297,111.85777608345457,108.80087066099995,109.63861846923828,1939800,0.0,0.0
2018-10-30 00:00:00-04:00,110.37835704478724,111.87561724506726,109.52278075884377,111.73302459716797,1967300,0.0,0.0
2018-10-31 00:00:00-04:00,112.02715245123773,112.74013626998538,111.18940428365448,111.32308959960938,2566600,0.0,0.0
2018-11-01 00:00:00-04:00,111.6617134041453,112.67771056431492,110.81504457099382,111.86669158935547,1745000,0.0,0.0
2018-11-02 00:00:00-04:00,112.84705120674501,113.26592176206628,111.18045595226029,112.49947357177734,1365800,0.0,0.0
2018-11-05 00:00:00-05:00,113.52438511332392,115.09294504912137,113.26592871257486,114.60276794433594,1611700,0.0,0.0
2018-11-06 00:00:00-05:00,114.43340284774024,116.27824703224283,113.90758281797483,116.20694732666016,1410400,0.0,0.0
2018-11-07 00:00:00-05:00,116.73280871529968,117.56165618721239,115.57421188738542,117.36558532714844,1406100,0.0,0.0
2018-11-08 00:00:00-05:00,117.12494199247013,117.98943246797162,116.6704215400132,117.4279556274414,1021200,0.0,0.0
2018-11-09 00:00:00-05:00,117.45467831176231,117.96268370148947,116.46541682563685,116.9021224975586,1388700,0.0,0.0
2018-11-12 00:00:00-05:00,116.50107615890781,116.59020420796863,113.2926635786675,113.35504913330078,2099800,0.0,0.0
2018-11-13 00:00:00-05:00,113.48874056900868,115.34249268913018,113.18572692604535,113.6937255859375,1275400,0.0,0.0
2018-11-14 00:00:00-05:00,114.00564878723915,114.73646076617915,112.10733951373336,112.9361801147461,1378600,0.0,0.0
2018-11-15 00:00:00-05:00,112.3479707017465,116.55455938273774,111.70628676064395,115.94853210449219,1918000,0.0,0.0
2018-11-16 00:00:00-05:00,115.618749669794,118.47959122465257,114.8879513928616,118.12309265136719,2100500,0.0,0.0
2018-11-19 00:00:00-05:00,118.15878355274671,119.84320070248296,117.72207777354323,119.71842956542969,1924200,0.0,0.0
2018-11-20 00:00:00-05:00,119.63820714743346,120.04816357425653,117.62402727980202,118.48851776123047,2008300,0.0,0.0
2018-11-21 00:00:00-05:00,118.4083221162713,119.23715601521604,117.42796778512135,117.99835205078125,1338500,0.0,0.0
2018-11-23 00:00:00-05:00,117.0625579058634,118.31917641702053,116.65258790147128,117.02690124511719,507600,0.0,0.0
2018-11-26 00:00:00-05:00,117.63293614086808,119.38865262051021,117.63293614086808,118.91629028320312,1047100,0.0,0.0
2018-11-27 00:00:00-05:00,118.4706871307921,119.19259174485572,117.63294596209734,118.7647933959961,971900,0.0,0.0
2018-11-28 00:00:00-05:00,118.65781242085376,120.5561278857697,118.31914223675821,120.53829956054688,1470300,0.0,0.0
2018-11-29 00:00:00-05:00,119.89664309796302,120.52941959645499,119.10345243308282,119.61145782470703,1013900,0.0,0.0
2018-11-30 00:00:00-05:00,119.629296225871,120.06600198583402,118.54199910843934,119.1926040649414,2956000,0.0,0.0
2018-12-03 00:00:00-05:00,119.58472214178856,120.42247692569129,118.09637605510207,118.98760223388672,1893500,0.0,0.0
2018-12-04 00:00:00-05:00,119.4154129953212,120.4670534679911,117.39232555160216,117.93597412109375,2730800,0.0,0.0
2018-12-06 00:00:00-05:00,116.67042154411793,117.33884117371278,114.27302096345923,117.17841339111328,2458100,0.0,0.0
2018-12-07 00:00:00-05:00,117.12492217496039,118.73803909887506,115.36920582376389,116.7149658203125,1552400,0.0,0.0
2018-12-10 00:00:00-05:00,116.70605085653685,116.76844320881642,113.81848030078028,116.07328796386719,1623200,0.0,0.0
2018-12-11 00:00:00-05:00,116.97343824645593,117.74880068542774,113.85414655988377,114.00565338134766,1982400,0.0,0.0
2018-12-12 00:00:00-05:00,115.52072516434835,115.99307391937833,113.80066528264136,114.65623474121094,2224400,0.0,0.0
2018-12-13 00:00:00-05:00,114.68297503644398,115.6455009152123,113.35505676958559,115.10185241699219,1698100,0.0,0.0
2018-12-14 00:00:00-05:00,114.13042752844005,114.74537579592952,113.58677899041648,114.18389892578125,1594200,0.0,0.0
2018-12-17 00:00:00-05:00,114.18387598009188,115.77917820836402,113.36394965455091,113.74717712402344,1847500,0.0,0.0
2018-12-18 00:00:00-05:00,114.32648212558996,114.99490169536027,111.62606815164042,112.12515258789062,1798600,0.0,0.0
2018-12-19 00:00:00-05:00,112.29450378183631,114.92361841247748,111.44784159217667,112.8738021850586,1885100,0.0,0.0
2018-12-20 00:00:00-05:00,112.18357418496069,113.35784670996925,110.51628282330378,111.35889434814453,2373900,0.73,0.0
2018-12-21 00:00:00-05:00,111.75327773866698,114.48727824522811,111.25130000851817,111.95048522949219,3973200,0.0,0.0
2018-12-24 00:00:00-05:00,111.22441698813854,111.38576796094173,107.6747024254023,107.7374496459961,1283600,0.0,0.0
2018-12-26 00:00:00-05:00,108.11394166244281,112.12081877678277,107.15480159114156,112.07599639892578,1971000,0.0,0.0
2018-12-27 00:00:00-05:00,110.71348160230721,114.89962768554688,110.29217587320534,114.89962768554688,1918500,0.0,0.0
2018-12-28 00:00:00-05:00,115.50021113529667,115.9573665130781,114.07494310869016,114.56795501708984,1312400,0.0,0.0
2018-12-31 00:00:00-05:00,114.73827596226762,116.09182413747739,114.45143054591932,115.79601287841797,1616000,0.0,0.0
2019-01-02 00:00:00-05:00,114.42455440628372,115.28509076474944,113.00825199094146,114.10185241699219,1391900,0.0,0.0
2019-01-03 00:00:00-05:00,113.33990734823564,114.06598332475151,111.55608075963512,111.75328826904297,1746200,0.0,0.0
2019-01-04 00:00:00-05:00,113.32196330336897,115.55398604667289,113.32196330336897,115.09681701660156,1977800,0.0,0.0
2019-01-07 00:00:00-05:00,114.6038271493513,115.43747279264619,113.65365289488386,114.16459655761719,1398900,0.0,0.0
2019-01-08 00:00:00-05:00,114.65761197937758,115.04305433698973,112.47937709450791,113.28612518310547,1627500,0.0,0.0
2019-01-09 00:00:00-05:00,114.27215837689855,115.08787227738837,113.77913959604496,114.70242309570312,2402000,0.0,0.0
2019-01-10 00:00:00-05:00,115.12371893403544,116.19940121946883,114.54106909431604,116.10975646972656,1307300,0.0,0.0
2019-01-11 00:00:00-05:00,115.63465627611339,116.4772675878244,114.95340276006914,116.10078430175781,1300400,0.0,0.0
2019-01-14 00:00:00-05:00,115.7243124289174,117.42745322593248,115.32989742046298,117.28402709960938,1877700,0.0,0.0
2019-01-15 00:00:00-05:00,118.04597263824944,119.33678048733341,116.82687785610001,118.72722625732422,2143900,0.0,0.0
2019-01-16 00:00:00-05:00,119.65050925269114,120.03596527607203,118.53001823266477,119.18439483642578,1803600,0.0,0.0
2019-01-17 00:00:00-05:00,119.23818322175582,119.82083311525062,118.50313450405991,119.09475708007812,2090800,0.0,0.0
2019-01-18 00:00:00-05:00,119.69533360884259,120.30488784631086,119.15749243918641,119.74911499023438,2240700,0.0,0.0
2019-01-22 00:00:00-05:00,119.32781522521061,119.65948989014035,117.11372372820715,117.56192016601562,2432100,0.0,0.0
2019-01-23 00:00:00-05:00,117.58880209245497,118.64655271932578,116.68345027960399,118.37763214111328,1212600,0.0,0.0
2019-01-24 00:00:00-05:00,118.0369611937646,118.97817608112285,117.30192643533603,118.69133758544922,1270100,0.0,0.0
2019-01-25 00:00:00-05:00,119.31885763099847,120.50208912830796,118.32386098018665,118.58380889892578,1579400,0.0,0.0
2019-01-28 00:00:00-05:00,118.06389150301405,118.77203573555302,117.1764577836746,118.31488037109375,1323200,0.0,0.0
2019-01-29 00:00:00-05:00,117.99218329551782,118.4134889866609,117.16750359822252,117.78600311279297,1128000,0.0,0.0
2019-01-30 00:00:00-05:00,117.96530119463078,119.25609537271181,117.30196558035951,119.04096984863281,1317600,0.0,0.0
2019-01-31 00:00:00-05:00,118.62862313044099,119.46227556985,117.86669743621665,119.26506805419922,2602500,0.0,0.0
2019-02-01 00:00:00-05:00,119.39954933668254,119.93739062797674,118.79000863922987,119.7312240600586,1331300,0.0,0.0
2019-02-04 00:00:00-05:00,119.3726403657749,120.06286672576914,118.7989494592248,120.05389404296875,1560500,0.0,0.0
2019-02-05 00:00:00-05:00,120.11665129746223,120.57380676269531,119.13061361417068,120.57380676269531,1903100,0.0,0.0
2019-02-06 00:00:00-05:00,117.98322249499725,118.32385615478529,116.14562809549497,116.42350769042969,3748800,0.0,0.0
2019-02-07 00:00:00-05:00,116.4683244709209,117.5798566056447,115.95738762366062,117.08683776855469,2226000,0.0,0.0
2019-02-08 00:00:00-05:00,116.63864551940117,116.94342951560321,115.25820640363166,116.8448257446289,1883200,0.0,0.0
2019-02-11 00:00:00-05:00,117.20335921515347,117.37367603650638,115.92152406980259,117.0420150756836,1444300,0.0,0.0
2019-02-12 00:00:00-05:00,117.66948411482309,118.8347974649357,117.04201190410657,118.53898620605469,1425200,0.0,0.0
2019-02-13 00:00:00-05:00,118.72721685350656,119.81185809791253,118.4672689745934,118.78099822998047,1490100,0.0,0.0
2019-02-14 00:00:00-05:00,118.04595463361193,118.04595463361193,116.4324450683531,117.17645263671875,1787000,0.0,0.0
2019-02-15 00:00:00-05:00,118.23418430048254,119.43536083890567,118.23418430048254,119.4084701538086,1420100,0.0,0.0
2019-02-19 00:00:00-05:00,119.21130703061593,120.17941308789483,118.69139746219551,119.90151977539062,1070600,0.0,0.0
2019-02-20 00:00:00-05:00,120.10768499438582,120.8516927142315,119.39056796628049,120.84272003173828,1166500,0.0,0.0
2019-02-21 00:00:00-05:00,120.89649473078661,121.64947509149283,120.31384487146774,120.75308227539062,1499800,0.0,0.0
2019-02-22 00:00:00-05:00,121.18336106087658,121.32678721078635,120.31385883412054,120.57380676269531,1414400,0.0,0.0
2019-02-25 00:00:00-05:00,121.06683928492387,121.85566952069512,120.64553347062532,121.34471893310547,1339600,0.0,0.0
2019-02-26 00:00:00-05:00,120.95920830696525,121.9721362270411,120.60961577281246,121.16537475585938,1290100,0.0,0.0
2019-02-27 00:00:00-05:00,120.3945361290753,121.03994015375415,119.24715423583984,119.24715423583984,1505200,0.0,0.0
2019-02-28 00:00:00-05:00,119.31885607463703,120.04493211454006,119.2202523113249,120.0270004272461,2090400,0.0,0.0
2019-03-01 00:00:00-05:00,120.7530795323619,121.3715790720127,120.1435253187672,120.22419738769531,1670900,0.0,0.0
2019-03-04 00:00:00-05:00,120.43936853831946,120.86067435832973,118.7362272456749,119.7312240600586,1301400,0.0,0.0
2019-03-05 00:00:00-05:00,119.90149981385908,120.17939308009886,119.02303867174905,119.70429229736328,1314600,0.0,0.0
2019-03-06 00:00:00-05:00,119.56984648091276,120.61862451587687,119.22025380259139,119.4802017211914,922700,0.0,0.0
2019-03-07 00:00:00-05:00,119.0230248705544,119.36365848279823,118.32383963964047,118.93338012695312,1245200,0.0,0.0
2019-03-08 00:00:00-05:00,118.33281769369769,119.08579809871803,117.99219770448367,118.64656066894531,1048000,0.0,0.0
2019-03-11 00:00:00-04:00,119.24712730091109,119.8387498028792,118.9064936765292,119.58776092529297,1367900,0.0,0.0
2019-03-12 00:00:00-04:00,119.97322029508632,120.75309140500876,119.84772583845867,120.20629119873047,1128100,0.0,0.0
2019-03-13 00:00:00-04:00,120.43041663549619,121.21027424378696,120.02702880429598,120.58280181884766,1501000,0.0,0.0
2019-03-14 00:00:00-04:00,120.95924899476279,121.86460081650118,120.46623020951161,121.37158203125,1408000,0.0,0.0
2019-03-15 00:00:00-04:00,121.04886621459319,122.73408889570037,121.04886621459319,122.22315216064453,2307700,0.0,0.0
2019-03-18 00:00:00-04:00,122.52791023942989,123.59461965285483,122.25003071382157,123.14642333984375,1679400,0.0,0.0
2019-03-19 00:00:00-04:00,122.72514426007191,123.73805884564825,121.60465323515241,121.6405029296875,1679900,0.0,0.0
2019-03-20 00:00:00-04:00,121.88253018526008,122.43828934468424,120.73514849478325,120.76203918457031,1451000,0.0,0.0
2019-03-21 00:00:00-04:00,120.27534866839252,122.95214102908598,120.18522926795673,122.72682189941406,1154900,0.73,0.0
2019-03-22 00:00:00-04:00,121.98777405431179,124.43022555341518,121.67232179315238,123.13238525390625,1558500,0.0,0.0
2019-03-25 00:00:00-04:00,123.30366079049425,123.72726193165994,122.65474047859747,123.17748260498047,1159900,0.0,0.0
2019-03-26 00:00:00-04:00,123.6371009967041,124.15083519174708,123.19548432277702,123.77230072021484,1369900,0.0,0.0
2019-03-27 00:00:00-04:00,124.00659107202945,126.02545474368578,123.88943451574686,125.13318634033203,1818600,0.0,0.0
2019-03-28 00:00:00-04:00,125.18732664331489,125.76414317437357,124.18690896809225,125.34956359863281,1325900,0.0,0.0
2019-03-29 00:00:00-04:00,125.81823027681561,126.34095865014153,125.43067415240895,126.25083923339844,2007500,0.0,0.0
2019-04-01 00:00:00-04:00,126.72850775066668,127.6117549991836,126.4851592094054,127.49459838867188,1445700,0.0,0.0
2019-04-02 00:00:00-04:00,127.49460736053115,127.58472677862115,125.9263809599426,126.09762573242188,1372100,0.0,0.0
2019-04-03 00:00:00-04:00,125.98941205649743,126.1696783243154,123.63708028628113,124.23192596435547,1937000,0.0,0.0
2019-04-04 00:00:00-04:00,124.01566222071885,124.03367785049863,122.73583738211886,123.2676010131836,2271700,0.0,0.0
2019-04-05 00:00:00-04:00,123.47488770777473,124.19591170034168,123.15042759873903,124.00663757324219,1391200,0.0,0.0
2019-04-08 00:00:00-04:00,123.76327948226411,123.92550263001621,122.99718905596043,123.61907196044922,1065900,0.0,0.0
2019-04-09 00:00:00-04:00,123.02423772537355,123.08733367919922,122.32124318141956,123.08733367919922,1099200,0.0,0.0
2019-04-10 00:00:00-04:00,123.11438195384959,123.97959973856445,122.97017440560086,123.84441375732422,1003400,0.0,0.0
2019-04-11 00:00:00-04:00,124.11479303287918,124.7186466384043,123.8353857654977,124.36714935302734,1111000,0.0,0.0
2019-04-12 00:00:00-04:00,124.80875063544548,125.64694482937908,124.26799305288198,125.43063354492188,1544000,0.0,0.0
2019-04-15 00:00:00-04:00,125.34952755503342,125.66496605415246,124.9619715388293,125.24137878417969,1155800,0.0,0.0
2019-04-16 00:00:00-04:00,125.64694185285197,126.43104789280636,125.61088309677017,126.36796569824219,1172400,0.0,0.0
2019-04-17 00:00:00-04:00,124.9619880307528,125.81821175430191,123.79033951884325,124.1868896484375,1417100,0.0,0.0
2019-04-18 00:00:00-04:00,124.19589476235956,126.59329336591941,124.19589476235956,124.97099304199219,1302200,0.0,0.0
2019-04-22 00:00:00-04:00,124.39417767132055,124.50232644298445,123.61907938549285,124.41219329833984,855000,0.0,0.0
2019-04-23 00:00:00-04:00,124.61047146242278,125.29545033536708,124.25897421271223,124.91691589355469,993200,0.0,0.0
2019-04-24 00:00:00-04:00,125.27741916397471,127.4494985809876,124.7817143952227,126.67440032958984,1882700,0.0,0.0
2019-04-25 00:00:00-04:00,126.16970531987675,127.99027399337977,125.52979293793081,127.71990203857422,1314900,0.0,0.0
2019-04-26 00:00:00-04:00,127.87312125878135,128.93662098616915,127.71990589563508,128.86451721191406,1207800,0.0,0.0
2019-04-29 00:00:00-04:00,128.85551729938769,130.1443362432141,128.55809436949167,129.4503631591797,1162800,0.0,0.0
2019-04-30 00:00:00-04:00,129.83787141795955,130.90138468380283,129.0627731911199,130.86532592773438,2025900,0.0,0.0
2019-05-01 00:00:00-04:00,128.31472930675145,131.225862267228,127.9812614066672,129.99110412597656,1930800,0.0,0.0
2019-05-02 00:00:00-04:00,130.22546060802475,130.99153746496248,129.16194707104302,130.0812530517578,1327700,0.0,0.0
2019-05-03 00:00:00-04:00,130.4777767870574,131.3700315429462,129.75675298008306,130.73013305664062,1196900,0.0,0.0
2019-05-06 00:00:00-04:00,129.56751831160224,130.9915369816072,129.34219916291264,130.53189086914062,936500,0.0,0.0
2019-05-07 00:00:00-04:00,131.37009133051032,131.37009133051032,128.16154836924585,128.69329833984375,1524600,0.0,0.0
2019-05-08 00:00:00-04:00,128.74736109657516,129.69369047531097,128.13448588929504,128.68426513671875,1041200,0.0,0.0
2019-05-09 00:00:00-04:00,127.7559646732009,129.1349168424982,127.44953391388822,128.56710815429688,1112500,0.0,0.0
2019-05-10 00:00:00-04:00,128.06238755132202,130.6490607198582,127.80102339090845,130.44175720214844,1162000,0.0,0.0
2019-05-13 00:00:00-04:00,128.9185907663074,130.10828240519805,128.3327665138283,129.197998046875,1314700,0.0,0.0
2019-05-14 00:00:00-04:00,128.9906954588225,131.04560489300715,128.9906954588225,129.67567443847656,1213100,0.0,0.0
2019-05-15 00:00:00-04:00,128.72930505421664,130.43271683649834,128.72930505421664,129.4863739013672,967900,0.0,0.0
2019-05-16 00:00:00-04:00,129.7298036181659,131.63149849222668,129.1619947510025,131.2439422607422,957400,0.0,0.0
2019-05-17 00:00:00-04:00,130.23447119126212,131.75763087478106,130.1623674115961,130.6761016845703,1440700,0.0,0.0
2019-05-20 00:00:00-04:00,130.6760882589276,131.8657661202151,130.24346562537906,131.36105346679688,1306400,0.0,0.0
2019-05-21 00:00:00-04:00,131.46920554653377,132.17220015319737,131.37908614324206,131.77565002441406,1249000,0.0,0.0
2019-05-22 00:00:00-04:00,131.77562856107232,133.74040451291123,131.36103536581456,133.4069366455078,1155600,0.0,0.0
2019-05-23 00:00:00-04:00,132.5236997833318,132.83915208136327,131.40612564664914,132.55075073242188,1305700,0.0,0.0
2019-05-24 00:00:00-04:00,132.91122356740638,133.73138834112714,132.33440725726572,133.5421142578125,939500,0.0,0.0
2019-05-28 00:00:00-04:00,133.5151146456302,134.01982734000694,131.96491779725054,132.0009765625,1106100,0.0,0.0
2019-05-29 00:00:00-04:00,131.26187795561802,131.64041234606518,130.1983785375596,131.55029296875,1414400,0.0,0.0
2019-05-30 00:00:00-04:00,132.0369815774561,132.44255317312138,130.4957930110656,131.3880615234375,1187100,0.0,0.0
2019-05-31 00:00:00-04:00,130.78421322294375,131.8206755365699,130.46876099581274,131.64944458007812,1265700,0.0,0.0
2019-06-03 00:00:00-04:00,130.65807480217728,133.33486750680316,130.65807480217728,133.2176971435547,1393100,0.0,0.0
2019-06-04 00:00:00-04:00,133.90264365426816,134.191044955992,132.64084842111458,132.80308532714844,2151000,0.0,0.0
2019-06-05 00:00:00-04:00,132.8481794312394,134.86704418025565,132.61385244124284,134.66876220703125,1459200,0.0,0.0
2019-06-06 00:00:00-04:00,135.0833230528421,135.14640525512098,133.77646115657973,133.9837646484375,1459400,0.0,0.0
2019-06-07 00:00:00-04:00,134.04684000099138,135.47987998097156,133.79448369999588,134.68675231933594,1795900,0.0,0.0
2019-06-10 00:00:00-04:00,135.1914886295449,135.27260022214918,133.89364813831895,134.2812042236328,1397200,0.0,0.0
2019-06-11 00:00:00-04:00,134.6777603894132,134.86703453300325,133.69537216204924,133.938720703125,1028700,0.0,0.0
2019-06-12 00:00:00-04:00,134.23614689927908,134.99321598723148,133.85761235530288,134.0829315185547,1158000,0.0,0.0
2019-06-13 00:00:00-04:00,134.2451828728384,134.28124164786058,133.31686882571856,134.1460418701172,1190700,0.0,0.0
2019-06-14 00:00:00-04:00,134.44342361185508,135.66916029090763,133.88463654206564,135.42581176757812,1161300,0.0,0.0
2019-06-17 00:00:00-04:00,135.87645385837843,136.99404178166802,133.5241214066371,133.7404327392578,1198100,0.0,0.0
2019-06-18 00:00:00-04:00,133.94770856092447,134.7588656595213,133.2987883830022,133.4970703125,1608300,0.0,0.0
2019-06-19 00:00:00-04:00,133.84858331554423,134.90307529041198,133.6593229303162,134.69578552246094,1768500,0.0,0.0
2019-06-20 00:00:00-04:00,133.65410373246038,135.4929221791787,133.65410373246038,135.29364013671875,1836000,0.75,0.0
2019-06-21 00:00:00-04:00,134.06167817924836,136.29000674947304,134.06167817924836,135.54722595214844,2185400,0.0,0.0
2019-06-24 00:00:00-04:00,134.53272032594353,136.90597012540695,134.53272032594353,135.94580078125,1371600,0.0,0.0
2019-06-25 00:00:00-04:00,136.32624375202437,137.08713109760632,135.82803876798255,136.7248077392578,1637300,0.0,0.0
2019-06-26 00:00:00-04:00,136.67948514601173,136.67948514601173,133.10149090253705,133.1558380126953,1453700,0.0,0.0
2019-06-27 00:00:00-04:00,133.1377565677568,133.69937578741764,132.67579217480716,133.30081176757812,1521100,0.0,0.0
2019-06-28 00:00:00-04:00,133.93487388336686,133.99827425140057,133.01093134969568,133.41854858398438,2769700,0.0,0.0
2019-07-01 00:00:00-04:00,134.43305800734657,134.49645836554203,133.2283129841531,133.91673278808594,2115900,0.0,0.0
2019-07-02 00:00:00-04:00,133.6087686839721,134.73199313890777,133.25549859422003,134.44212341308594,2103700,0.0,0.0
2019-07-03 00:00:00-04:00,134.96752980465502,136.45307790198382,134.8588355458938,136.0998077392578,1287100,0.0,0.0
2019-07-05 00:00:00-04:00,136.05455357833657,136.14514136825255,134.87698141820974,135.5291748046875,1051000,0.0,0.0
2019-07-08 00:00:00-04:00,135.42042407856025,135.8099210050149,134.98563327602355,135.3570098876953,1173200,0.0,0.0
2019-07-09 00:00:00-04:00,134.29721588800993,135.76465748563734,134.04358673716118,135.19398498535156,1117800,0.0,0.0
2019-07-10 00:00:00-04:00,135.3208417374357,135.837167269432,134.81358327763638,135.1034393310547,1161400,0.0,0.0
2019-07-11 00:00:00-04:00,135.17584334800623,135.32983146375176,134.24284758559207,134.78634643554688,1039500,0.0,0.0
2019-07-12 00:00:00-04:00,135.0581112690374,135.3570204666896,134.18851577424928,135.30267333984375,979900,0.0,0.0
2019-07-15 00:00:00-04:00,135.51101295657304,137.1143083735446,134.97656732916533,137.10525512695312,1240900,0.0,0.0
2019-07-16 00:00:00-04:00,137.33170723489755,137.94765970964406,136.46211182271114,137.17771911621094,1484200,0.0,0.0
2019-07-17 00:00:00-04:00,137.0508992093512,137.41322255426667,136.1903708988647,136.28094482421875,1271800,0.0,0.0
2019-07-18 00:00:00-04:00,136.36248099257523,136.5980036330973,135.32984413834734,136.4440155029297,820100,0.0,0.0
2019-07-19 00:00:00-04:00,136.62514134835865,136.62514134835865,134.26999849158597,134.31529235839844,1235800,0.0,0.0
2019-07-22 00:00:00-04:00,134.2338124424787,134.72295041600432,133.26457592108753,133.87147521972656,1096400,0.0,0.0
2019-07-23 00:00:00-04:00,133.7446367845634,134.03450651104671,131.67936335949236,132.92034912109375,2007300,0.0,0.0
2019-07-24 00:00:00-04:00,132.7120243323587,137.34984405166003,132.42216837463778,137.30455017089844,2302900,0.0,0.0
2019-07-25 00:00:00-04:00,137.82997335033696,137.92054731939746,136.41689227283493,136.78826904296875,1521500,0.0,0.0
2019-07-26 00:00:00-04:00,136.57992135443482,138.64519563806437,135.84620730916578,138.5636749267578,1639600,0.0,0.0
2019-07-29 00:00:00-04:00,138.54554408923073,139.54195433541477,138.19227387862983,138.84446716308594,1987100,0.0,0.0
2019-07-30 00:00:00-04:00,138.42775326428875,139.22486739013098,138.15600384381426,138.87159729003906,1522200,0.0,0.0
2019-07-31 00:00:00-04:00,139.27020938505402,139.73217388425576,137.73031389929375,138.44590759277344,2501800,0.0,0.0
2019-08-01 00:00:00-04:00,138.03830649583008,138.5274446219239,136.4440636837122,136.9241485595703,1814000,0.0,0.0
2019-08-02 00:00:00-04:00,137.49479119559555,138.62706932061343,136.11795094723706,137.92959594726562,1815200,0.0,0.0
2019-08-05 00:00:00-04:00,136.95128710649234,137.61253357024222,133.96207050423232,134.5055694580078,2077100,0.0,0.0
2019-08-06 00:00:00-04:00,134.1160472539254,138.07448627391932,133.59066866238308,137.76651000976562,2039400,0.0,0.0
2019-08-07 00:00:00-04:00,136.57083723262494,140.59269060898984,135.03094202843843,139.63250732421875,2415100,0.0,0.0
2019-08-08 00:00:00-04:00,139.99485187370647,143.0927627609001,139.98578480396665,142.920654296875,2250100,0.0,0.0
2019-08-09 00:00:00-04:00,142.71231152283056,145.13990874413528,142.21410647465177,144.5873565673828,2115500,0.0,0.0
2019-08-12 00:00:00-04:00,142.65798211057768,144.82289720538066,141.1361932127675,142.25035095214844,1600900,0.0,0.0
2019-08-13 00:00:00-04:00,142.08729400609744,144.6688932256162,141.47132762238064,143.87176513671875,1777000,0.0,0.0
2019-08-14 00:00:00-04:00,142.23225652061763,143.4188818150099,138.02924056413588,138.31004333496094,2624700,0.0,0.0
2019-08-15 00:00:00-04:00,138.3643183762895,139.93138665540462,137.84799317245958,139.4331817626953,1325400,0.0,0.0
2019-08-16 00:00:00-04:00,139.68688393682592,141.26300612954023,137.84805167573674,140.76480102539062,1268200,0.0,0.0
2019-08-19 00:00:00-04:00,141.89702625286662,141.9241998100916,140.86438961307147,141.07273864746094,1413800,0.0,0.0
2019-08-20 00:00:00-04:00,141.19957710582008,141.77023572595573,139.949537974736,140.11257934570312,983700,0.0,0.0
2019-08-21 00:00:00-04:00,140.22129465942692,140.78290006188604,139.65967543521643,140.35716247558594,1033300,0.0,0.0
2019-08-22 00:00:00-04:00,140.8100655934908,141.30827059390919,139.65966746920662,140.6017303466797,1367700,0.0,0.0
2019-08-23 00:00:00-04:00,140.40244732172502,141.74306036799715,138.15601203466755,138.7900848388672,1334300,0.0,0.0
2019-08-26 00:00:00-04:00,139.4966459863763,140.66515077053523,138.83539952159654,140.5926971435547,890000,0.0,0.0
2019-08-27 00:00:00-04:00,141.20860382664685,141.73398229287815,140.17596720591587,140.88250732421875,1721900,0.0,0.0
2019-08-28 00:00:00-04:00,140.538349502889,142.57645004314733,140.2394402534612,142.21412658691406,1605200,0.0,0.0
2019-08-29 00:00:00-04:00,143.0837010492827,143.32826312624434,141.33545676848172,142.54925537109375,1413800,0.0,0.0
2019-08-30 00:00:00-04:00,143.11993576233314,143.11993576233314,140.63797747011745,141.56192016601562,1931600,0.0,0.0
2019-09-03 00:00:00-04:00,140.8825265700623,143.79022193240982,140.8825265700623,143.62716674804688,1472600,0.0,0.0
2019-09-04 00:00:00-04:00,144.17065008939164,145.54748974249338,143.6905654776821,144.79566955566406,1399100,0.0,0.0
2019-09-05 00:00:00-04:00,146.14541512487173,146.91536986440704,144.78668122340193,145.50228881835938,1016300,0.0,0.0
2019-09-06 00:00:00-04:00,145.42980258359157,146.67077496382151,145.21240021158056,145.86459350585938,856900,0.0,0.0
2019-09-09 00:00:00-04:00,146.85189841551173,146.85189841551173,144.46959530218038,145.1670684814453,1025300,0.0,0.0
2019-09-10 00:00:00-04:00,145.32107762353073,145.32107762353073,143.01124161456227,144.3156280517578,1286100,0.0,0.0
2019-09-11 00:00:00-04:00,144.0891760888571,145.00405173884462,143.3011012004986,144.69607543945312,1455200,0.0,0.0
2019-09-12 00:00:00-04:00,145.60188148086075,145.95515162499805,143.27391153537164,145.02215576171875,2226000,0.0,0.0
2019-09-13 00:00:00-04:00,145.23048449940748,145.38447262488606,143.53660129739242,143.99856567382812,1864200,0.0,0.0
2019-09-16 00:00:00-04:00,143.73586577802578,144.02573552799404,142.83004354200068,143.6181182861328,1281800,0.0,0.0
2019-09-17 00:00:00-04:00,143.76308755540327,144.71419007337377,143.00218619057168,144.67796325683594,1587100,0.0,0.0
2019-09-18 00:00:00-04:00,144.65983471505712,145.58377743442156,143.5366237834307,144.46961975097656,1343100,0.0,0.0
2019-09-19 00:00:00-04:00,144.7153372808098,145.57083552024307,144.0236646489766,144.25119018554688,1426300,0.75,0.0
2019-09-20 00:00:00-04:00,143.73239303921878,144.47868329747016,142.83140100432206,143.50486755371094,2138600,0.0,0.0
2019-09-23 00:00:00-04:00,143.11357343293133,144.60614051134414,142.94065179000205,143.5322265625,1329500,0.0,0.0
2019-09-24 00:00:00-04:00,143.94176036846937,145.8893784274037,143.75063280534778,144.5606231689453,1678600,0.0,0.0
2019-09-25 00:00:00-04:00,144.68802782192432,144.92466325539857,143.74152774919514,144.51510620117188,1071700,0.0,0.0
2019-09-26 00:00:00-04:00,144.09648155163416,146.6538664861338,144.09648155163416,146.03500366210938,1074300,0.0,0.0
2019-09-27 00:00:00-04:00,146.4263333708312,146.52644516213854,145.17949787759537,146.0804901123047,842900,0.0,0.0
2019-09-30 00:00:00-04:00,146.41724015320474,147.5093599693489,145.90758516480793,146.92689514160156,1221200,0.0,0.0
2019-10-01 00:00:00-04:00,147.28181533839046,147.42743499821634,144.30577776832897,144.36949157714844,1029000,0.0,0.0
2019-10-02 00:00:00-04:00,143.65964890336917,144.21481184366374,141.95774821492523,142.713134765625,1390800,0.0,0.0
2019-10-03 00:00:00-04:00,142.64940490904544,143.15905985152534,141.44806349858086,142.38546752929688,1132700,0.0,0.0
2019-10-04 00:00:00-04:00,142.55839799287077,147.83699315779768,142.51289010867052,147.49114990234375,2491200,0.0,0.0
2019-10-07 00:00:00-04:00,147.063374912849,147.4274240353426,145.1521690962105,145.306884765625,1592700,0.0,0.0
2019-10-08 00:00:00-04:00,144.4059137740682,144.74264714273264,141.4935895242556,141.502685546875,1768600,0.0,0.0
2019-10-09 00:00:00-04:00,142.3126284572252,143.36834998520166,141.82117954567906,142.7039794921875,1080900,0.0,0.0
2019-10-10 00:00:00-04:00,142.5765484834028,143.3046326863231,141.0839821165892,141.42071533203125,2208400,0.0,0.0
2019-10-11 00:00:00-04:00,142.87692210820956,142.87692210820956,141.09311602635702,141.15682983398438,2543700,0.0,0.0
2019-10-14 00:00:00-04:00,141.11129313751547,142.03049099702037,140.49241666474973,141.4662322998047,1050200,0.0,0.0
2019-10-15 00:00:00-04:00,141.89402672275514,142.56749341267033,141.1750382617755,141.2569580078125,1138900,0.0,0.0
2019-10-16 00:00:00-04:00,141.22965224772346,141.63009943628458,139.81900495218872,140.74729919433594,1474800,0.0,0.0
2019-10-17 00:00:00-04:00,140.8655836934281,141.0658072404757,139.20920530709844,139.26380920410156,1252500,0.0,0.0
2019-10-18 00:00:00-04:00,139.61877564246407,139.84630118237277,138.87248520577626,138.9635009765625,1607700,0.0,0.0
2019-10-21 00:00:00-04:00,139.618773290379,139.87360077981924,138.93619668215194,139.51866149902344,1265400,0.0,0.0
2019-10-22 00:00:00-04:00,138.43564650677584,138.43564650677584,134.74063378844963,135.15017700195312,2646900,0.0,0.0
2019-10-23 00:00:00-04:00,135.1683675621343,136.8429520905371,135.1683675621343,136.6609344482422,1445000,0.0,0.0
2019-10-24 00:00:00-04:00,136.69732994336272,137.7894496643865,136.08756321484987,137.5346221923828,1404900,0.0,0.0
2019-10-25 00:00:00-04:00,137.24337755829714,137.24337755829714,134.27643629799857,135.73260498046875,2201800,0.0,0.0
2019-10-28 00:00:00-04:00,135.99653818104272,136.4697951198119,134.88622649274754,134.9135284423828,2020900,0.0,0.0
2019-10-29 00:00:00-04:00,134.45847291964355,135.8327219243629,134.13083564796193,135.26846313476562,2590300,0.0,0.0
2019-10-30 00:00:00-04:00,135.94195822230003,140.22854560165257,135.4687150872435,139.58236694335938,2710800,0.0,0.0
2019-10-31 00:00:00-04:00,139.04539548491,139.58235238235804,137.17058741107047,138.71775817871094,1638000,0.0,0.0
2019-11-01 00:00:00-04:00,139.2091862780158,139.41850581693308,136.57899246448187,136.9157257080078,1634100,0.0,0.0
2019-11-04 00:00:00-05:00,137.8986833482404,137.8986833482404,134.09444909329716,134.44029235839844,1946100,0.0,0.0
2019-11-05 00:00:00-05:00,134.76793907865354,136.27871210430988,134.22187218909698,135.4505157470703,3638200,0.0,0.0
2019-11-06 00:00:00-05:00,135.6415936782509,138.54482123113428,135.37767021301343,138.4993133544922,2324200,0.0,0.0
2019-11-07 00:00:00-05:00,138.82697777925932,140.2831467943109,138.5903562163126,139.17282104492188,2360200,0.0,0.0
2019-11-08 00:00:00-05:00,138.9180227650562,139.39127987753335,137.61658306456894,137.8896026611328,1161800,0.0,0.0
2019-11-11 00:00:00-05:00,137.09779807288047,138.0898061612885,136.81566860618258,137.7166748046875,940700,0.0,0.0
2019-11-12 00:00:00-05:00,137.48001260751843,138.64494211340622,137.11597734457416,137.78944396972656,1117400,0.0,0.0
2019-11-13 00:00:00-05:00,137.32531709602463,139.01810770274824,137.25250725533084,138.61766052246094,975200,0.0,0.0
2019-11-14 00:00:00-05:00,138.35369360355818,138.8997464068949,137.49819560257257,137.74392700195312,1469000,0.0,0.0
2019-11-15 00:00:00-05:00,138.09888808094362,138.235397831659,136.92484867657143,137.6893310546875,1710700,0.0,0.0
2019-11-18 00:00:00-05:00,137.80765116207064,139.38212382496536,137.4709178464081,139.08180236816406,1243900,0.0,0.0
2019-11-19 00:00:00-05:00,138.73592692620005,139.82804635847955,138.18076424745897,139.0908660888672,1142100,0.0,0.0
2019-11-20 00:00:00-05:00,138.73593692859623,139.36390946637096,137.5437056523239,138.7996368408203,1206600,0.0,0.0
2019-11-21 00:00:00-05:00,139.37304402720505,139.38214004945155,136.17859044952297,136.48802185058594,1631300,0.0,0.0
2019-11-22 00:00:00-05:00,136.5608197773554,138.10799053476538,136.5608197773554,137.54373168945312,1183900,0.0,0.0
2019-11-25 00:00:00-05:00,137.7257613418946,138.626767478344,136.03297077123798,136.48802185058594,1437600,0.0,0.0
2019-11-26 00:00:00-05:00,136.86113378926143,138.28998660970316,136.44248078775635,138.1261749267578,1426300,0.0,0.0
2019-11-27 00:00:00-05:00,138.1625785150544,138.81785304760245,137.79854328010728,138.40830993652344,845700,0.0,0.0
2019-11-29 00:00:00-05:00,138.59943937251262,138.94528260607078,137.48912761324993,137.8622589111328,678400,0.0,0.0
2019-12-02 00:00:00-05:00,138.1990429817465,138.56307835527815,136.23321863573304,136.31512451171875,1091200,0.0,0.0
2019-12-03 00:00:00-05:00,135.49599877589907,137.18878915847424,134.62229469032096,135.9510498046875,1425600,0.0,0.0
2019-12-04 00:00:00-05:00,135.98748948596014,137.8987099478918,135.61434419501143,137.4800567626953,1438700,0.0,0.0
2019-12-05 00:00:00-05:00,137.36168529327142,137.5710187475297,135.9874363016338,136.7792205810547,1266800,0.0,0.0
2019-12-06 00:00:00-05:00,137.83497097937573,138.79058103605175,136.7792491284373,138.51754760742188,1200800,0.0,0.0
2019-12-09 00:00:00-05:00,138.57212499197988,139.72795841594538,138.02607212629584,139.24560546875,1786100,0.0,0.0
2019-12-10 00:00:00-05:00,139.22743582040596,139.50046926792237,138.699574858423,139.20924377441406,1270300,0.0,0.0
2019-12-11 00:00:00-05:00,138.61762835733907,139.32750678056047,138.03516365400216,138.30819702148438,1200500,0.0,0.0
2019-12-12 00:00:00-05:00,138.18082118498882,140.12843937263818,137.63475430031573,139.864501953125,1131500,0.0,0.0
2019-12-13 00:00:00-05:00,139.45492726995568,140.9930018906156,139.3093215023438,140.73817443847656,1107900,0.0,0.0
2019-12-16 00:00:00-05:00,141.28423328016547,141.83028612397345,141.04759788283354,141.54815673828125,1531000,0.0,0.0
2019-12-17 00:00:00-05:00,141.42077843404394,142.4127864860436,141.3388725700199,142.157958984375,1703800,0.0,0.0
2019-12-18 00:00:00-05:00,141.97591774051097,142.3126510502687,139.86447434935286,140.71087646484375,1922700,0.0,0.0
2019-12-19 00:00:00-05:00,140.55542963292316,141.34193333096707,139.99756056855773,141.29620361328125,2717400,0.75,0.0
2019-12-20 00:00:00-05:00,142.3753340144848,143.56423674715214,141.57969005747034,142.24729919433594,2553600,0.0,0.0
2019-12-23 00:00:00-05:00,142.26560825784566,142.45766748486702,140.26276668994532,141.02183532714844,1367400,0.0,0.0
2019-12-24 00:00:00-05:00,141.0035226415348,141.27788695020368,140.62857250626072,140.78404235839844,567700,0.0,0.0
2019-12-26 00:00:00-05:00,141.09499185915394,141.8174850539709,140.95781667266937,141.5248260498047,1044800,0.0,0.0
2019-12-27 00:00:00-05:00,141.7260241896421,142.6039732837412,141.59798936530476,142.50338745117188,903400,0.0,0.0
2019-12-30 00:00:00-05:00,142.66797518980397,142.66797518980397,141.60710740976614,142.0369415283203,677300,0.0,0.0
2019-12-31 00:00:00-05:00,141.87235141151714,142.54910092010928,141.6619975247529,142.3570556640625,1115900,0.0,0.0
2020-01-02 00:00:00-05:00,142.53080944974099,142.686279296875,141.1681422652163,142.686279296875,2037800,0.0,0.0
2020-01-03 00:00:00-05:00,141.5339486012475,142.66798116757067,140.95779893576068,142.46678161621094,1176000,0.0,0.0
2020-01-06 00:00:00-05:00,142.05524270825796,143.66482517067055,141.76258373977512,143.63739013671875,1281800,0.0,0.0
2020-01-07 00:00:00-05:00,140.94866723566156,142.0826999839333,140.5096926689676,140.76576232910156,1505900,0.0,0.0
2020-01-08 00:00:00-05:00,140.5645341631299,141.57053187677553,139.622560828874,139.8054656982422,2106300,0.0,0.0
2020-01-09 00:00:00-05:00,140.39078324861998,140.8846417939615,139.46710449827526,140.79318237304688,1796900,0.0,0.0
2020-01-10 00:00:00-05:00,140.43649191834152,141.25043040544003,137.28133773598196,138.0861358642578,2363000,0.0,0.0
2020-01-13 00:00:00-05:00,137.89410506740384,138.29650421434906,136.75093201574097,138.00384521484375,1672300,0.0,0.0
2020-01-14 00:00:00-05:00,137.52829360156713,138.83607685849807,137.43683417664582,137.8758087158203,1410600,0.0,0.0
2020-01-15 00:00:00-05:00,137.40025002365434,138.52512831380844,136.6777568951645,138.36050415039062,1367900,0.0,0.0
2020-01-16 00:00:00-05:00,138.66229094367063,140.03409837747742,138.4336563713695,139.61341857910156,1101800,0.0,0.0
2020-01-17 00:00:00-05:00,139.60429209682624,140.96695944311261,139.55857633704954,140.555419921875,2009300,0.0,0.0
2020-01-21 00:00:00-05:00,139.9243899756333,140.50055369399414,139.08301623335635,139.68661499023438,1427000,0.0,0.0
2020-01-22 00:00:00-05:00,139.97010233959384,140.74745159246422,139.65916263844568,140.68344116210938,1098000,0.0,0.0
2020-01-23 00:00:00-05:00,139.20193247070776,139.86954177027124,136.3485624259837,139.09217834472656,2514000,0.0,0.0
2020-01-24 00:00:00-05:00,138.95494099633865,140.05238408215857,138.64400134705977,139.01895141601562,1476400,0.0,0.0
2020-01-27 00:00:00-05:00,138.086158780103,138.90009740227728,137.52828979492188,137.52828979492188,1163100,0.0,0.0
2020-01-28 00:00:00-05:00,137.9764272623687,139.43055416974477,137.86668710134066,138.05874633789062,1716500,0.0,0.0
2020-01-29 00:00:00-05:00,138.6074289563105,139.24760300510994,137.90323052525736,137.99468994140625,1266200,0.0,0.0
2020-01-30 00:00:00-05:00,137.28139051964118,141.08587446460888,137.23566079845253,140.96697998046875,1267100,0.0,0.0
2020-01-31 00:00:00-05:00,140.46398586780825,141.3053597390391,138.32396880697638,139.000732421875,2336300,0.0,0.0
2020-02-03 00:00:00-05:00,139.5219807745471,141.61628159580548,139.2750514908935,140.1347198486328,1831900,0.0,0.0
2020-02-04 00:00:00-05:00,141.39680121739343,142.41193953337216,140.97610735785926,141.11329650878906,1880600,0.0,0.0
2020-02-05 00:00:00-05:00,146.58221603096214,151.26464824995958,143.9026251734535,151.2006378173828,3119400,0.0,0.0
2020-02-06 00:00:00-05:00,151.81338132781192,153.40468324013844,148.87770678975676,149.27096557617188,3035600,0.0,0.0
2020-02-07 00:00:00-05:00,148.7131053050491,150.46901754176358,148.37473052724866,148.82284545898438,1908200,0.0,0.0
2020-02-10 00:00:00-05:00,148.85027376701325,149.39900242137819,148.15522956560045,149.38986206054688,1511000,0.0,0.0
2020-02-11 00:00:00-05:00,149.2435264998959,150.31353477319385,148.447882542642,150.11233520507812,1718600,0.0,0.0
2020-02-12 00:00:00-05:00,150.6884804249102,151.6030187299268,149.7282124136934,149.88368225097656,1174600,0.0,0.0
2020-02-13 00:00:00-05:00,149.74654926026594,151.1092027874668,149.28927997897685,150.74339294433594,1612700,0.0,0.0
2020-02-14 00:00:00-05:00,150.58785832462053,151.11829213744923,149.1154513136764,150.49639892578125,1246300,0.0,0.0
2020-02-18 00:00:00-05:00,150.36842762954697,150.67936738929498,149.1429493142454,149.5270538330078,1366100,0.0,0.0
2020-02-19 00:00:00-05:00,149.9294165679179,150.3409560268819,148.68564387665606,150.1763458251953,1451100,0.0,0.0
2020-02-20 00:00:00-05:00,149.74651266414003,149.98428760859085,148.77709030273067,149.20692443847656,2265600,0.0,0.0
2020-02-21 00:00:00-05:00,148.74970867106592,150.03007117828056,148.74970867106592,149.75570678710938,1267700,0.0,0.0
2020-02-24 00:00:00-05:00,147.11263619088865,148.75880797437114,146.07920341339042,146.77426147460938,1919200,0.0,0.0
2020-02-25 00:00:00-05:00,146.5639283019558,146.9937624937324,143.17099843635702,143.77459716796875,2502200,0.0,0.0
2020-02-26 00:00:00-05:00,144.70747162096188,146.4542440926401,143.47285260353985,144.52456665039062,2354700,0.0,0.0
2020-02-27 00:00:00-05:00,142.88749742963904,144.57938524823163,137.22650199416083,137.2813720703125,3118900,0.0,0.0
2020-02-28 00:00:00-05:00,134.41886053279995,135.16878877714663,130.08395711218498,132.63551330566406,3792900,0.0,0.0
2020-03-02 00:00:00-05:00,132.726964902829,139.1378741812316,132.61721080357793,138.83607482910156,3069400,0.0,0.0
2020-03-03 00:00:00-05:00,139.11957014639302,140.4365076108195,132.8275557509913,133.6872100830078,2838300,0.0,0.0
2020-03-04 00:00:00-05:00,135.26019853478104,139.2567400861441,134.10788538954424,138.95494079589844,2147900,0.0,0.0
2020-03-05 00:00:00-05:00,135.51630219757644,135.51630219757644,130.89789414202065,132.50747680664062,2569500,0.0,0.0
2020-03-06 00:00:00-05:00,127.91648965560053,133.0196159258368,127.35862063802767,132.44346618652344,3488900,0.0,0.0
2020-03-09 00:00:00-04:00,124.05716708333004,129.86449331708684,120.68253105644887,123.43528747558594,3246600,0.0,0.0
2020-03-10 00:00:00-04:00,127.18485286917856,127.41348745278916,122.43839668066308,127.21228790283203,2602200,0.0,0.0
2020-03-11 00:00:00-04:00,123.50842145546349,124.97167461436669,118.58820008942475,120.06974792480469,2664200,0.0,0.0
2020-03-12 00:00:00-04:00,113.40276505104616,115.71654615707872,106.58945655465487,106.76321411132812,3339900,0.0,0.0
2020-03-13 00:00:00-04:00,112.22301210801818,112.87233356876244,103.38857432926392,111.4456558227539,5280200,0.0,0.0
2020-03-16 00:00:00-04:00,98.5415253049614,104.5134607105433,92.08488560126644,92.75249481201172,4112700,0.0,0.0
2020-03-17 00:00:00-04:00,94.77363100109136,100.91018406587973,89.4235816771731,100.67240905761719,4513400,0.0,0.0
2020-03-18 00:00:00-04:00,94.18833106907019,99.05367627673068,79.88494752709926,91.28009796142578,4346700,0.0,0.0
2020-03-19 00:00:00-04:00,89.80573009465905,92.96634659912084,86.47003347393884,90.79169464111328,3600900,0.75,0.0
2020-03-20 00:00:00-04:00,91.22481308133193,95.81370071143974,85.78818140074732,93.58375549316406,4849700,0.0,0.0
2020-03-23 00:00:00-04:00,89.66752228548098,93.57452872456679,84.81141753476378,86.80177307128906,3960800,0.0,0.0
2020-03-24 00:00:00-04:00,91.01286645105398,94.84615460133797,88.80136162764656,94.50521087646484,3525000,0.0,0.0
2020-03-25 00:00:00-04:00,93.70353966854617,99.84047729723234,89.40952032028586,93.80490112304688,4168100,0.0,0.0
2020-03-26 00:00:00-04:00,94.74478138203625,101.68339342511132,92.60698849597406,100.64214324951172,4073900,0.0,0.0
2020-03-27 00:00:00-04:00,96.57849611579694,104.56758247037672,95.90583233200793,99.89576721191406,3714800,0.0,0.0
2020-03-30 00:00:00-04:00,100.10770312030539,105.70098120207705,97.33409853692801,105.08360290527344,2792700,0.0,0.0
2020-03-31 00:00:00-04:00,103.77510459357521,105.01907750634746,101.6925974691813,102.91814422607422,3075500,0.0,0.0
2020-04-01 00:00:00-04:00,97.62896428272157,99.50874891939345,94.55128242742488,95.98876190185547,2313200,0.0,0.0
2020-04-02 00:00:00-04:00,95.53724379314376,99.86811525291968,95.29766154581858,97.61053466796875,2256600,0.0,0.0
2020-04-03 00:00:00-04:00,96.55085506879728,98.26477615536072,93.36259515244865,94.74478912353516,1868100,0.0,0.0
2020-04-06 00:00:00-04:00,98.8729505335778,102.69701511486046,98.53200680366525,102.06121063232422,3005300,0.0,0.0
2020-04-07 00:00:00-04:00,108.13364962805127,109.65406453393204,103.00110251888961,103.2314682006836,2396100,0.0,0.0
2020-04-08 00:00:00-04:00,103.82119354883005,106.4750104408096,102.35607133155133,105.60883331298828,2374500,0.0,0.0
2020-04-09 00:00:00-04:00,107.55310821783561,113.69926163948325,106.99101550902874,112.66722106933594,2719200,0.0,0.0
2020-04-13 00:00:00-04:00,111.71812223510071,113.30303901178152,109.2486022172914,110.21614074707031,3400100,0.0,0.0
2020-04-14 00:00:00-04:00,112.48293646021214,115.00774195199567,110.81509144599549,112.87916564941406,2229600,0.0,0.0
2020-04-15 00:00:00-04:00,110.57553008902227,110.89804064574135,107.1384709354659,107.35041046142578,2919400,0.0,0.0
2020-04-16 00:00:00-04:00,107.06473639302891,108.271850089038,102.33762899194033,103.15773010253906,2634300,0.0,0.0
2020-04-17 00:00:00-04:00,106.4289280382848,110.57550965016603,105.09281010875925,109.46054077148438,3542400,0.0,0.0
2020-04-20 00:00:00-04:00,107.75584145578163,107.91248841454858,104.49386292454278,105.636474609375,3123800,0.0,0.0
2020-04-21 00:00:00-04:00,101.45300643813705,105.44294022316241,100.78034283893419,103.56315612792969,3098700,0.0,0.0
2020-04-22 00:00:00-04:00,105.34160774978183,105.46139536100175,97.79482654828193,97.87776184082031,4865000,0.0,0.0
2020-04-23 00:00:00-04:00,98.90056813826178,99.83124016694421,95.87817237537075,95.90581512451172,3403400,0.0,0.0
2020-04-24 00:00:00-04:00,96.5969296757221,96.95629954081241,94.09055018469071,95.85054016113281,3894800,0.0,0.0
2020-04-27 00:00:00-04:00,92.88343700649322,98.44906517045364,92.83736106237153,98.16341400146484,5051700,0.0,0.0
2020-04-28 00:00:00-04:00,99.75754715954038,102.85366218567391,99.25073989655347,101.73869323730469,3089100,0.0,0.0
2020-04-29 00:00:00-04:00,103.4249651384167,104.51229133895933,101.47146883351782,103.26831817626953,2560200,0.0,0.0
2020-04-30 00:00:00-04:00,101.73870311406942,102.72466795125042,99.41661310394042,99.52719116210938,3038100,0.0,0.0
2020-05-01 00:00:00-04:00,97.2788057474182,97.71189429134164,93.04007922192798,93.61138153076172,2420000,0.0,0.0
2020-05-04 00:00:00-04:00,92.88343518264908,93.08615105427874,90.85621319453539,91.53809356689453,3442700,0.0,0.0
2020-05-05 00:00:00-04:00,92.51485023647925,94.26563065425107,92.23840863307244,92.293701171875,2762300,0.0,0.0
2020-05-06 00:00:00-04:00,92.91107283741984,93.06771978743745,87.58502029520862,87.7693099975586,3164800,0.0,0.0
2020-05-07 00:00:00-04:00,88.46041250523996,91.68553171116017,88.46041250523996,91.21558380126953,4543800,0.0,0.0
2020-05-08 00:00:00-04:00,92.88342371445185,94.21032494680617,91.57494160878709,93.94309997558594,4828000,0.0,0.0
2020-05-11 00:00:00-04:00,93.1690654667373,94.40382172998014,92.04488019411302,93.83251953125,3910600,0.0,0.0
2020-05-12 00:00:00-04:00,94.11818876943843,95.00279201587279,93.53766986621011,93.61138153076172,3612700,0.0,0.0
2020-05-13 00:00:00-04:00,92.66226349381294,92.85576976838824,90.14667489413333,90.77326965332031,3258400,0.0,0.0
2020-05-14 00:00:00-04:00,89.29895315069774,91.61181945349911,85.78817550206261,91.08658599853516,3760100,0.0,0.0
2020-05-15 00:00:00-04:00,89.95317719876684,92.04489410646286,89.10542630475393,91.67630767822266,5508000,0.0,0.0
2020-05-18 00:00:00-04:00,95.74918680980183,97.99755088290839,95.18709403397467,97.0668716430664,3187900,0.0,0.0
2020-05-19 00:00:00-04:00,96.36655512860406,97.0300092891771,93.9983966572372,94.0168228149414,2626800,0.0,0.0
2020-05-20 00:00:00-04:00,95.1686713050987,98.01599484663383,94.8830201034344,96.39421844482422,2527800,0.0,0.0
2020-05-21 00:00:00-04:00,96.18226827457622,104.56758396129378,95.70311079286193,104.1989974975586,5550400,0.0,0.0
2020-05-22 00:00:00-04:00,104.2358468922674,108.1520627562696,103.3880959975774,107.81111907958984,4796200,0.0,0.0
2020-05-26 00:00:00-04:00,111.64440790547496,113.04502791293811,108.84316086034721,109.02745056152344,4080000,0.0,0.0
2020-05-27 00:00:00-04:00,112.8054486226054,113.88355816605892,110.42807345227072,113.312255859375,3809300,0.0,0.0
2020-05-28 00:00:00-04:00,115.0630329447809,115.0630329447809,112.51057770454042,113.99413299560547,3012800,0.0,0.0
2020-05-29 00:00:00-04:00,113.08188357434705,114.29821384099884,111.55225238966308,112.36314392089844,2488400,0.0,0.0
2020-06-01 00:00:00-04:00,111.60755327821639,111.60755327821639,109.23939466394333,110.1700668334961,2395500,0.0,0.0
2020-06-02 00:00:00-04:00,108.59437599021324,113.50577378710993,107.967781083384,112.14200592041016,4051800,0.0,0.0
2020-06-03 00:00:00-04:00,115.18283336110767,117.61549423927809,114.04022162262211,116.51895141601562,4247900,0.0,0.0
2020-06-04 00:00:00-04:00,115.96609595587763,124.13026423682952,115.19207055179756,123.96439361572266,4305900,0.0,0.0
2020-06-05 00:00:00-04:00,131.24393122484594,131.40059226370215,126.01002961400481,129.62216186523438,4914900,0.0,0.0
2020-06-08 00:00:00-04:00,131.022749138666,131.53876586542657,127.94506790377159,129.64976501464844,3646600,0.0,0.0
2020-06-09 00:00:00-04:00,126.7287832742112,129.12459228263575,126.2404090937904,126.876220703125,2629500,0.0,0.0
2020-06-10 00:00:00-04:00,125.59535647105062,126.07452096484303,120.63788313323829,120.69316864013672,2475300,0.0,0.0
2020-06-11 00:00:00-04:00,115.06303703327576,117.96564562024483,111.58911910521954,111.90242004394531,3270200,0.0,0.0
2020-06-12 00:00:00-04:00,116.82303256735995,117.99329405900636,113.00817779387395,115.81864166259766,2080900,0.0,0.0
2020-06-15 00:00:00-04:00,111.83790221992128,119.43996054717837,110.75057622697989,119.05294799804688,2709800,0.0,0.0
2020-06-16 00:00:00-04:00,123.54049256057763,123.54049256057763,117.94720805461911,120.2140121459961,1783200,0.0,0.0
2020-06-17 00:00:00-04:00,120.30614547071131,121.50404956983597,118.601448229236,119.51368713378906,1524700,0.0,0.0
2020-06-18 00:00:00-04:00,118.47541846487583,121.13601208288406,117.82648784451229,120.1904296875,1212000,0.78,0.0
2020-06-19 00:00:00-04:00,122.65635639209526,122.65635639209526,118.16022494080815,118.61447143554688,2467900,0.0,0.0
2020-06-22 00:00:00-04:00,117.67817539519261,119.24487147123773,116.67697291797786,118.08606719970703,1599000,0.0,0.0
2020-06-23 00:00:00-04:00,119.75472853541214,121.1267545761783,119.07799494553758,119.94014739990234,1853100,0.0,0.0
2020-06-24 00:00:00-04:00,118.21584735113531,118.23439206633188,115.5459812544892,116.96434783935547,1905500,0.0,0.0
2020-06-25 00:00:00-04:00,116.81602031227757,119.58786100163935,115.78700791923526,119.17996215820312,1300800,0.0,0.0
2020-06-26 00:00:00-04:00,117.56691667295227,118.77206139668657,114.17396248877809,114.91558837890625,3237500,0.0,0.0
2020-06-29 00:00:00-04:00,116.6769549017368,117.30734076345145,114.99901908025129,116.52862548828125,1382200,0.0,0.0
2020-06-30 00:00:00-04:00,116.35249553300962,118.02115903213567,115.6757549475501,117.38150787353516,1968500,0.0,0.0
2020-07-01 00:00:00-04:00,117.25172484881972,118.8740336603297,115.84262366291395,116.4915542602539,1271200,0.0,0.0
2020-07-02 00:00:00-04:00,119.12433984046503,120.3665669154834,116.1856321426355,116.40811920166016,1155200,0.0,0.0
2020-07-06 00:00:00-04:00,118.36418393859957,119.75473353474995,117.34444379596292,118.00263977050781,1463100,0.0,0.0
2020-07-07 00:00:00-04:00,118.24365150354024,119.29119439737636,116.40811390015742,117.89137268066406,2334600,0.0,0.0
2020-07-08 00:00:00-04:00,117.00142281561746,119.01309992333988,116.57498633857446,118.53103637695312,1914500,0.0,0.0
2020-07-09 00:00:00-04:00,118.30855773983093,118.6886395316004,113.4972296541526,115.26786804199219,1753000,0.0,0.0
2020-07-10 00:00:00-04:00,115.44399937484997,119.7732635760948,114.94339818665722,119.05944061279297,1556000,0.0,0.0
2020-07-13 00:00:00-04:00,119.50441698397621,121.05256803412453,117.79866417106828,118.94818878173828,1413500,0.0,0.0
2020-07-14 00:00:00-04:00,119.06870797278621,121.5717065872897,118.10458804948703,121.20089721679688,1317000,0.0,0.0
2020-07-15 00:00:00-04:00,123.39798274210591,124.08399569872685,121.74785684892367,123.11060333251953,1893300,0.0,0.0
2020-07-16 00:00:00-04:00,123.68538822669437,127.31937490056606,123.1384392902094,126.1049575805664,2170800,0.0,0.0
2020-07-17 00:00:00-04:00,126.1049340597548,126.4664781879346,124.42699812780565,126.03076934814453,1329400,0.0,0.0
2020-07-20 00:00:00-04:00,125.48383033554849,126.18837393278349,124.09327371132719,124.48262786865234,1490800,0.0,0.0
2020-07-21 00:00:00-04:00,124.60314308234193,127.54185095120575,124.5938636520584,125.65996551513672,1199200,0.0,0.0
2020-07-22 00:00:00-04:00,124.76072661243646,126.38304247364329,124.18596780530271,125.8731689453125,1240500,0.0,0.0
2020-07-23 00:00:00-04:00,125.7155751200117,126.52209334150399,124.65875277460147,125.46527099609375,1288100,0.0,0.0
2020-07-24 00:00:00-04:00,126.30888512838713,126.78166925741502,123.82443091165192,125.06665802001953,1153300,0.0,0.0
2020-07-27 00:00:00-04:00,123.94493159061462,124.09326101026353,121.58098274229614,122.73051452636719,1860900,0.0,0.0
2020-07-28 00:00:00-04:00,122.36898446612336,123.11988278934425,121.78494615007439,122.3319091796875,1702100,0.0,0.0
2020-07-29 00:00:00-04:00,121.44192922947396,122.40604213828058,118.59592399532625,122.31334686279297,2575000,0.0,0.0
2020-07-30 00:00:00-04:00,120.26457322878727,122.72123113834802,119.14286575366278,120.51487731933594,2094000,0.0,0.0
2020-07-31 00:00:00-04:00,120.11628256893931,120.11628256893931,116.38958702348799,117.9562759399414,2207700,0.0,0.0
2020-08-03 00:00:00-04:00,118.28072982099155,118.33635688919449,116.25979454317427,117.22390747070312,1851600,0.0,0.0
2020-08-04 00:00:00-04:00,116.63061191336952,117.32589019516337,115.03610592215114,115.6572265625,1775700,0.0,0.0
2020-08-05 00:00:00-04:00,116.63986576466347,117.96552976119575,116.43591636939153,116.50080871582031,1588500,0.0,0.0
2020-08-06 00:00:00-04:00,115.86115278751299,118.25290422262657,115.03608288476383,117.32586669921875,1247900,0.0,0.0
2020-08-07 00:00:00-04:00,116.50080910083477,120.66321286022361,116.41737911489435,120.4685287475586,1284300,0.0,0.0
2020-08-10 00:00:00-04:00,120.83006568675776,121.923977304458,120.01428229668637,121.40483856201172,1309200,0.0,0.0
2020-08-11 00:00:00-04:00,123.32381722530697,124.99248782139,121.94252603692979,122.37823486328125,1665000,0.0,0.0
2020-08-12 00:00:00-04:00,123.89855643400435,124.01907583576592,120.61684990225822,120.77444458007812,1913500,0.0,0.0
2020-08-13 00:00:00-04:00,119.91233850495497,122.12795815949761,119.0316413269262,121.62734985351562,1635200,0.0,0.0
2020-08-14 00:00:00-04:00,120.83937561758016,122.16503280199098,120.13481787886816,120.64469146728516,1412800,0.0,0.0
2020-08-17 00:00:00-04:00,120.12555057493418,120.35731000709477,116.4544820182388,116.6584243774414,1670600,0.0,0.0
2020-08-18 00:00:00-04:00,116.65841621275233,117.3166191780303,115.53670148833002,115.95387268066406,1489900,0.0,0.0
2020-08-19 00:00:00-04:00,116.23197331555104,116.96433387819519,114.44279044041677,114.88777160644531,1480700,0.0,0.0
2020-08-20 00:00:00-04:00,113.84947927289811,115.33274501135561,113.3303405080791,114.43351745605469,1793200,0.0,0.0
2020-08-21 00:00:00-04:00,114.3408210953434,114.65601757620396,112.82975226225872,113.02442932128906,1523600,0.0,0.0
2020-08-24 00:00:00-04:00,113.00589392924157,115.3512981139465,112.46821038060752,115.34202575683594,1670600,0.0,0.0
2020-08-25 00:00:00-04:00,116.37103354899173,117.02922942314439,115.53669826037009,116.72331237792969,1324200,0.0,0.0
2020-08-26 00:00:00-04:00,116.27832865998123,117.30734098134938,115.12880399450836,116.42665100097656,1476600,0.0,0.0
2020-08-27 00:00:00-04:00,116.96433806940614,120.83008335481246,116.67695866249278,118.4383316040039,1684900,0.0,0.0
2020-08-28 00:00:00-04:00,118.86477753828294,119.03163753798324,116.43593616675534,117.16829681396484,1397600,0.0,0.0
2020-08-31 00:00:00-04:00,116.9365297015151,117.14047911806497,114.62820791173958,115.87970733642578,1568200,0.0,0.0
2020-09-01 00:00:00-04:00,114.9712159657594,116.11147548371132,114.62821653279805,115.74993133544922,1110700,0.0,0.0
2020-09-02 00:00:00-04:00,115.52744745878037,117.23319353136131,114.47062498495593,116.64916229248047,1783500,0.0,0.0
2020-09-03 00:00:00-04:00,118.20656861261499,120.7281049916465,114.11832932366829,114.9619369506836,1436000,0.0,0.0
2020-09-04 00:00:00-04:00,117.07560545698979,118.40126980348161,115.24933984615099,116.39886474609375,1420400,0.0,0.0
2020-09-08 00:00:00-04:00,115.87971277796011,116.1300098455565,111.48555604978604,112.2735366821289,1757400,0.0,0.0
2020-09-09 00:00:00-04:00,112.89466001138545,115.64796335680872,112.28281875281195,113.30255889892578,1403100,0.0,0.0
2020-09-10 00:00:00-04:00,113.73824221134196,114.52622273465336,110.39163600355947,110.53069305419922,1795600,0.0,0.0
2020-09-11 00:00:00-04:00,110.83661875010183,112.62580169072136,109.71490404658702,111.86563110351562,1766200,0.0,0.0
2020-09-14 00:00:00-04:00,112.73705864647957,113.81241873293224,111.91199563453526,112.06031799316406,1750500,0.0,0.0
2020-09-15 00:00:00-04:00,111.9119815449867,112.95953149935755,108.9361916620479,109.07524871826172,2136500,0.0,0.0
2020-09-16 00:00:00-04:00,109.52022146829013,111.42991666049353,108.66734857397944,109.93738555908203,2014200,0.0,0.0
2020-09-17 00:00:00-04:00,109.12553606207757,109.41481816446532,107.03521799195433,109.20951843261719,2054300,0.78,0.0
2020-09-18 00:00:00-04:00,108.2203618382224,110.86125016223576,108.02439584125672,109.5734634399414,2604300,0.0,0.0
2020-09-21 00:00:00-04:00,107.31517201065233,108.9109011053327,105.99939126687045,108.239013671875,2036000,0.0,0.0
2020-09-22 00:00:00-04:00,107.64177415591057,110.41330605769406,107.2778363425009,108.2856674194336,1732500,0.0,0.0
2020-09-23 00:00:00-04:00,108.7709163645158,110.01204128696254,106.04604605504939,106.24201202392578,1766000,0.0,0.0
2020-09-24 00:00:00-04:00,106.51263550442704,107.77242082223415,104.73960088846445,106.3726577758789,1804000,0.0,0.0
2020-09-25 00:00:00-04:00,105.12220445332841,106.56862197205311,104.45031706314481,106.24201202392578,1812300,0.0,0.0
2020-09-28 00:00:00-04:00,108.25768635453024,110.46930762281504,107.63245338981383,109.15353393554688,1665700,0.0,0.0
2020-09-29 00:00:00-04:00,108.54696258620795,108.64027870259017,105.59813201506306,106.69927215576172,2480800,0.0,0.0
2020-09-30 00:00:00-04:00,107.20320871027384,109.30285377786579,106.88593242856211,108.3603515625,1805300,0.0,0.0
2020-10-01 00:00:00-04:00,108.71493913569387,109.34016497395923,106.90457649757731,108.13636779785156,1459300,0.0,0.0
2020-10-02 00:00:00-04:00,107.09121590243511,109.34016501936787,106.57796656062284,108.77092742919922,1255800,0.0,0.0
2020-10-05 00:00:00-04:00,110.03070812874955,111.60776961737808,109.59211457833683,111.14118194580078,1301800,0.0,0.0
2020-10-06 00:00:00-04:00,111.98105495018284,112.13036644084035,109.03221708577077,109.42415618896484,1541400,0.0,0.0
2020-10-07 00:00:00-04:00,109.55479879562444,111.40248219193957,109.44281517904996,111.15052795410156,1955300,0.0,0.0
2020-10-08 00:00:00-04:00,111.60777922495322,113.90338991237994,111.16918563678487,113.1755142211914,1236300,0.0,0.0
2020-10-09 00:00:00-04:00,113.72608489513807,113.79140688624992,111.95305026837832,112.40097045898438,1241300,0.0,0.0
2020-10-12 00:00:00-04:00,112.58761363534448,115.58310582035615,111.91572620701227,115.20050048828125,1542300,0.0,0.0
2020-10-13 00:00:00-04:00,114.00603644780064,114.35131390744573,110.21734661739777,110.6466064453125,1738200,0.0,0.0
2020-10-14 00:00:00-04:00,110.7585854193571,112.36364817279915,110.5719460761877,110.63726806640625,994500,0.0,0.0
2020-10-15 00:00:00-04:00,109.21884611859916,112.62493764174724,108.71493056463868,112.13035583496094,1414500,0.0,0.0
2020-10-16 00:00:00-04:00,112.13969808749373,112.91423546092103,111.05721821004168,111.29051208496094,1249400,0.0,0.0
2020-10-19 00:00:00-04:00,111.34649507591647,111.91573267338993,109.01355643694774,109.10687255859375,1628800,0.0,0.0
2020-10-20 00:00:00-04:00,110.55329016719132,112.09303099260902,109.63877514762899,111.32782745361328,2469300,0.0,0.0
2020-10-21 00:00:00-04:00,111.29981761708424,119.98768471360303,110.51595376332702,119.65174102783203,3800300,0.0,0.0
2020-10-22 00:00:00-04:00,119.00785728505645,119.91303855961715,117.53343844854652,119.1011734008789,2174000,0.0,0.0
2020-10-23 00:00:00-04:00,120.43561329180667,120.8928743579924,118.97052821749263,120.3982925415039,1259800,0.0,0.0
2020-10-26 00:00:00-04:00,118.55060731159259,119.1385052686069,116.52561834009087,117.57077026367188,1323600,0.0,0.0
2020-10-27 00:00:00-04:00,117.51479189431583,118.06536202611608,115.0698695026618,115.16319274902344,1519000,0.0,0.0
2020-10-28 00:00:00-04:00,120.48228116818576,120.93954225812656,117.16950552100239,118.90521240234375,4251900,0.0,0.0
2020-10-29 00:00:00-04:00,119.97837695127912,125.72672702180023,118.10268514449736,123.87904357910156,3946000,0.0,0.0
2020-10-30 00:00:00-04:00,122.88053875588574,124.57892494193533,119.93171509959639,121.22882843017578,3557200,0.0,0.0
2020-11-02 00:00:00-05:00,123.4311380311498,125.66142709918668,121.5554460011279,125.62409210205078,2708800,0.0,0.0
2020-11-03 00:00:00-05:00,126.63189930665526,129.29145490017083,126.0440084855228,126.2399673461914,3096200,0.0,0.0
2020-11-04 00:00:00-05:00,123.30046977744125,127.09848623935707,122.33930025754202,124.06566619873047,1799500,0.0,0.0
2020-11-05 00:00:00-05:00,124.42027281697561,129.24478773341968,124.12164986613234,127.59306335449219,1697200,0.0,0.0
2020-11-06 00:00:00-05:00,128.19964002561878,129.36610926667552,127.63040246641805,128.48892211914062,1724900,0.0,0.0
2020-11-09 00:00:00-05:00,139.65901342529958,140.54552707825988,132.78150204712966,137.15809631347656,4092900,0.0,0.0
2020-11-10 00:00:00-05:00,137.95133111583647,141.8333444793389,137.494070010521,141.37608337402344,3016000,0.0,0.0
2020-11-11 00:00:00-05:00,141.23609486173595,141.32940385322317,137.47539934186815,139.0711212158203,1603500,0.0,0.0
2020-11-12 00:00:00-05:00,137.98862861165063,137.98862861165063,134.78784413131052,136.41156005859375,1872200,0.0,0.0
2020-11-13 00:00:00-05:00,138.47389332306506,139.3510804538023,136.92481878321524,139.28575134277344,1583700,0.0,0.0
2020-11-16 00:00:00-05:00,142.197265212747,143.02779070949015,139.91097420071026,141.24542236328125,1433100,0.0,0.0
2020-11-17 00:00:00-05:00,140.60154998394913,140.85351135430588,138.31527287128506,140.0043182373047,1670700,0.0,0.0
2020-11-18 00:00:00-05:00,140.0789961092723,141.29212729099763,138.5485886268415,139.30445861816406,1595400,0.0,0.0
2020-11-19 00:00:00-05:00,138.04465550975164,138.8285338118482,136.17830436604132,137.52207946777344,2126300,0.0,0.0
2020-11-20 00:00:00-05:00,137.5407159293588,139.40706665191698,136.13162625991276,138.93115234375,2042200,0.0,0.0
2020-11-23 00:00:00-05:00,139.8643259586538,140.25625789680217,137.89532540137526,139.0711212158203,1444000,0.0,0.0
2020-11-24 00:00:00-05:00,143.81165809804943,144.61418949283345,141.0214585912608,144.4088897705078,2375000,0.0,0.0
2020-11-25 00:00:00-05:00,142.53322286489595,142.86916659529626,140.68552522813056,142.33724975585938,1690100,0.0,0.0
2020-11-27 00:00:00-05:00,142.0292978165295,143.04645561940276,140.87216939459185,141.30142211914062,906400,0.0,0.0
2020-11-30 00:00:00-05:00,139.61236013384675,140.6948469219645,137.25142771440696,137.95130920410156,5984100,0.0,0.0
2020-12-01 00:00:00-05:00,141.3200763138263,142.93446567130803,139.35107576925438,142.43055725097656,2197200,0.0,0.0
2020-12-02 00:00:00-05:00,141.4880354211506,143.05577734048373,140.71349820802698,142.94378662109375,2082900,0.0,0.0
2020-12-03 00:00:00-05:00,142.52386646584108,143.8396471197823,141.69334097829233,143.69967651367188,2002000,0.0,0.0
2020-12-04 00:00:00-05:00,144.3715720936569,145.0527861472597,143.55037318687442,145.03411865234375,1457100,0.0,0.0
2020-12-07 00:00:00-05:00,143.5970561865994,144.5768791091227,141.5813936093374,142.1599578857422,1260500,0.0,0.0
2020-12-08 00:00:00-05:00,141.69335117145027,143.15844340338919,141.0401312307338,142.21592712402344,1525400,0.0,0.0
2020-12-09 00:00:00-05:00,143.27976265431604,143.9423235367845,141.42275248801818,142.80384826660156,2088900,0.0,0.0
2020-12-10 00:00:00-05:00,141.93599566821942,144.427572481725,141.62804605228578,143.410400390625,1997100,0.0,0.0
2020-12-11 00:00:00-05:00,142.2812330615001,143.91428976684637,142.2812330615001,143.46636962890625,1504500,0.0,0.0
2020-12-14 00:00:00-05:00,145.13673498708985,145.13673498708985,140.66683212837563,140.77880859375,1639100,0.0,0.0
2020-12-15 00:00:00-05:00,142.0386066066026,144.11024249654284,140.68549114530148,144.0729217529297,1825200,0.0,0.0
2020-12-16 00:00:00-05:00,144.21293440703744,144.3249251487921,141.94532479407994,143.85833740234375,1563300,0.0,0.0
2020-12-17 00:00:00-05:00,144.15846542226842,144.60866352809256,142.9673016575785,143.886474609375,1671300,0.78,0.0
2020-12-18 00:00:00-05:00,144.10217956156865,144.7587213887547,141.81365006834423,142.90164184570312,3609400,0.0,0.0
2020-12-21 00:00:00-05:00,143.43623809682134,143.50189943015084,140.21917624057224,142.32949829101562,1638800,0.0,0.0
2020-12-22 00:00:00-05:00,139.90030015456145,141.8417891875544,139.90030015456145,140.84759521484375,1523300,0.0,0.0
2020-12-23 00:00:00-05:00,141.79485792664005,142.48892446223752,141.053906800849,141.68231201171875,965100,0.0,0.0
2020-12-24 00:00:00-05:00,141.9262001714729,141.9262001714729,140.3129750477016,141.46661376953125,422400,0.0,0.0
2020-12-28 00:00:00-05:00,142.1794414278373,143.53004996217294,141.41035364728097,142.45144653320312,865900,0.0,0.0
2020-12-29 00:00:00-05:00,143.51128620963192,143.51128620963192,141.31655451737302,141.5322723388672,727400,0.0,0.0
2020-12-30 00:00:00-05:00,142.21695670045597,143.20176223814656,141.91681513014197,142.49832153320312,675300,0.0,0.0
2020-12-31 00:00:00-05:00,142.90162236405865,144.55235792044587,141.26963492050763,144.36477661132812,1220300,0.0,0.0
2021-01-04 00:00:00-05:00,142.9767092590259,143.98027749569795,139.1968879880099,140.4349365234375,1799100,0.0,0.0
2021-01-05 00:00:00-05:00,140.67877846266452,141.80428082052214,139.17809911116169,140.54747009277344,946900,0.0,0.0
2021-01-06 00:00:00-05:00,142.207575692981,147.61000974598522,142.09502975405627,147.23483276367188,1718800,0.0,0.0
2021-01-07 00:00:00-05:00,148.14463892474612,148.18216378423247,145.57474420001353,146.18438720703125,1410100,0.0,0.0
2021-01-08 00:00:00-05:00,146.7002237769942,147.54434693357572,143.8114254439581,145.75291442871094,1287700,0.0,0.0
2021-01-11 00:00:00-05:00,144.99318791715203,145.79980046039205,144.08340350286258,144.56175231933594,1471200,0.0,0.0
2021-01-12 00:00:00-05:00,144.739984458284,147.0003633300162,144.4961158239565,146.8878173828125,1064900,0.0,0.0
2021-01-13 00:00:00-05:00,146.0061672504017,148.1727625729122,145.73417644462901,147.36614990234375,1113100,0.0,0.0
2021-01-14 00:00:00-05:00,147.65692042255907,147.84451610261462,145.97804785377383,146.14688110351562,934900,0.0,0.0
2021-01-15 00:00:00-05:00,145.18080745288123,146.3625972526508,143.32372759665301,145.5559844970703,1436300,0.0,0.0
2021-01-19 00:00:00-05:00,145.40586222252176,146.45632895142566,145.37772574310725,145.7153778076172,1434500,0.0,0.0
2021-01-20 00:00:00-05:00,145.50908727671705,146.64397817027253,144.55240369228972,146.14688110351562,1446100,0.0,0.0
2021-01-21 00:00:00-05:00,146.5220332502235,148.8949724536962,145.959274873814,147.41305541992188,2042500,0.0,0.0
2021-01-22 00:00:00-05:00,145.87487489204514,146.53141683283525,142.9673136108506,143.0611114501953,1505700,0.0,0.0
2021-01-25 00:00:00-05:00,141.94498237272782,143.5300713945333,140.98831311100284,143.211181640625,1358300,0.0,0.0
2021-01-26 00:00:00-05:00,143.6238484150247,143.70825787090502,140.62248974269522,140.875732421875,1155200,0.0,0.0
2021-01-27 00:00:00-05:00,138.82165436254823,140.56618764697063,135.39824912014237,136.09231567382812,1581600,0.0,0.0
2021-01-28 00:00:00-05:00,137.37732171181645,139.89094370224265,137.1334673477062,137.99635314941406,1464400,0.0,0.0
2021-01-29 00:00:00-05:00,136.94585813110487,137.56488950757003,135.0606418244597,136.62696838378906,2200500,0.0,0.0
2021-02-01 00:00:00-05:00,137.88376548197314,139.1593386553626,137.10528930961036,138.84982299804688,1714300,0.0,0.0
2021-02-02 00:00:00-05:00,140.37865225867733,142.52649963710866,139.06556841580183,141.28843688964844,1574900,0.0,0.0
2021-02-03 00:00:00-05:00,142.56395271386765,146.2687367806382,141.67293087171294,145.6778564453125,2574200,0.0,0.0
2021-02-04 00:00:00-05:00,147.4130305809335,152.78731349276745,146.84089824221905,152.62786865234375,3183200,0.0,0.0
2021-02-05 00:00:00-05:00,153.37821923723283,154.88827261233163,152.2996158171074,152.4590606689453,2233800,0.0,0.0
2021-02-08 00:00:00-05:00,151.6805590557854,155.95747578692362,151.21159863681785,155.86367797851562,2056200,0.0,0.0
2021-02-09 00:00:00-05:00,155.2916080973652,155.96689814318987,154.00664641962084,154.316162109375,1555500,0.0,0.0
2021-02-10 00:00:00-05:00,154.48497852232845,155.65737980507728,153.8284223547578,154.0816650390625,1520600,0.0,0.0
2021-02-11 00:00:00-05:00,153.50950899578476,156.18258923333732,153.2468922938226,155.55418395996094,1507600,0.0,0.0
2021-02-12 00:00:00-05:00,154.2504800891587,155.82618035795653,151.75560701869148,153.96910095214844,1559000,0.0,0.0
2021-02-16 00:00:00-05:00,155.2728156888147,155.48853349946447,152.76856847689223,154.34426879882812,2007700,0.0,0.0
2021-02-17 00:00:00-05:00,153.57517417272226,156.49210876041502,153.2187596490471,156.05128479003906,1382500,0.0,0.0
2021-02-18 00:00:00-05:00,155.02896324294213,155.60109565289787,153.2000200673588,154.55062866210938,1362100,0.0,0.0
2021-02-19 00:00:00-05:00,155.52606719002503,155.87309338055687,154.31614108478163,154.4755859375,1276800,0.0,0.0
2021-02-22 00:00:00-05:00,153.9034396273883,158.63994311413296,153.64082291590688,158.095947265625,2468200,0.0,0.0
2021-02-23 00:00:00-05:00,159.27775226884418,160.51580055601067,157.62700213723713,158.274169921875,2095900,0.0,0.0
2021-02-24 00:00:00-05:00,158.41484745357775,161.00351851214413,157.77706805810033,160.0655975341797,1839600,0.0,0.0
2021-02-25 00:00:00-05:00,159.72794045206652,160.48765413079184,154.40054202057868,154.70068359375,1844900,0.0,0.0
2021-02-26 00:00:00-05:00,154.94453081125303,155.5072890794765,152.4871826171875,152.4871826171875,1976800,0.0,0.0
2021-03-01 00:00:00-05:00,153.87531682498724,158.17099671831932,153.81904385488653,156.970458984375,1403500,0.0,0.0
2021-03-02 00:00:00-05:00,156.36081761292436,159.2496017247435,155.85433225390886,157.20494079589844,1580100,0.0,0.0
2021-03-03 00:00:00-05:00,157.29873056301514,159.8311142937433,156.83914414027345,157.1017608642578,2159300,0.0,0.0
2021-03-04 00:00:00-05:00,157.0642715974147,157.57074268754707,153.80029590886383,155.6949005126953,2068400,0.0,0.0
2021-03-05 00:00:00-05:00,157.93652896005523,161.8288956896227,156.08882330073655,161.01290893554688,2177600,0.0,0.0
2021-03-08 00:00:00-05:00,161.3224049289686,165.44925142346654,160.26254966573148,162.47604370117188,1782800,0.0,0.0
2021-03-09 00:00:00-05:00,161.3505426112414,162.54170624510888,158.94009317099196,159.1182861328125,1784000,0.0,0.0
2021-03-10 00:00:00-05:00,159.69043382654124,163.24516264289025,159.40906895900085,162.71054077148438,1799200,0.0,0.0
2021-03-11 00:00:00-05:00,160.73152831375194,162.39165260587188,160.21568317728378,160.95663452148438,2957700,0.0,0.0
2021-03-12 00:00:00-05:00,163.2451539452372,164.46445411526003,162.56984967604114,164.18307495117188,1393600,0.0,0.0
2021-03-15 00:00:00-04:00,164.16429454851587,164.45504773867313,161.35053183880714,163.3858184814453,1350500,0.0,0.0
2021-03-16 00:00:00-04:00,162.8136896152428,162.8136896152428,159.61537583252436,161.71632385253906,969900,0.0,0.0
2021-03-17 00:00:00-04:00,163.1044651754346,163.39523272317157,160.6002176846357,162.68240356445312,1179000,0.0,0.0
2021-03-18 00:00:00-04:00,163.8035906168752,168.6556985711927,155.64449887852888,158.405029296875,4640900,0.78,0.0
2021-03-19 00:00:00-04:00,157.72669747729853,158.55578686368696,149.91619845545867,150.01983642578125,6915700,0.0,0.0
2021-03-22 00:00:00-04:00,149.88789233894008,150.7169958663083,147.81514789670777,147.9658966064453,3351500,0.0,0.0
2021-03-23 00:00:00-04:00,147.3440682287286,150.16112542617367,147.05200159018113,148.2768096923828,3291800,0.0,0.0
2021-03-24 00:00:00-04:00,148.85154194363574,150.4437768271799,147.5325121680043,147.56077575683594,2326300,0.0,0.0
2021-03-25 00:00:00-04:00,148.01300408565308,150.22706640893884,146.10042479895364,149.7183074951172,3000300,0.0,0.0
2021-03-26 00:00:00-04:00,150.8394765365501,150.8394765365501,148.68192702367313,150.53797912597656,1891000,0.0,0.0
2021-03-29 00:00:00-04:00,153.10063116420739,153.10063116420739,148.76669985462308,151.06556701660156,2790900,0.0,0.0
2021-03-30 00:00:00-04:00,151.18803956471874,153.05350769032458,150.9619165528149,152.16787719726562,2701000,0.0,0.0
2021-03-31 00:00:00-04:00,151.56495512711876,153.10067729047492,148.67253749946542,148.83270263671875,2925500,0.0,0.0
2021-04-01 00:00:00-04:00,148.36160191592327,150.13286332356688,148.0695352744902,149.79368591308594,1993600,0.0,0.0
2021-04-05 00:00:00-04:00,151.414190561918,152.17733610088848,150.02921740742065,150.66046142578125,1332200,0.0,0.0
2021-04-06 00:00:00-04:00,150.54740031411626,151.99833149029044,150.13286292568333,151.72509765625,1966400,0.0,0.0
2021-04-07 00:00:00-04:00,152.51651885011748,152.54478243579888,150.83947901080967,151.6403045654297,1256100,0.0,0.0
2021-04-08 00:00:00-04:00,150.35896402085154,151.1880675082207,149.43565337658248,150.66046142578125,1600800,0.0,0.0
2021-04-09 00:00:00-04:00,151.46128353654433,151.87583527088,150.27416987782712,151.3953399658203,2077300,0.0,0.0
2021-04-12 00:00:00-04:00,152.00773199337675,152.7237811032548,151.18805932937082,151.63087463378906,1173700,0.0,0.0
2021-04-13 00:00:00-04:00,151.63089247113845,152.13023500061715,149.97268539103854,151.61204528808594,1459000,0.0,0.0
2021-04-14 00:00:00-04:00,151.3859143370775,155.60679179737167,150.74525390853634,154.61752319335938,1418100,0.0,0.0
2021-04-15 00:00:00-04:00,154.57040664098946,154.9284312060021,152.21501213682666,152.72378540039062,1723800,0.0,0.0
2021-04-16 00:00:00-04:00,153.06297486253246,154.6740567798486,153.06297486253246,153.35504150390625,1600800,0.0,0.0
2021-04-19 00:00:00-04:00,153.6282582441649,153.76959054877906,151.3011271814944,152.35635375976562,1165800,0.0,0.0
2021-04-20 00:00:00-04:00,151.8758440507407,152.79915472756352,151.09385130234404,152.35635375976562,1281100,0.0,0.0
2021-04-21 00:00:00-04:00,152.62955669924315,156.10612112424909,152.5353351730283,155.52198791503906,1263000,0.0,0.0
2021-04-22 00:00:00-04:00,154.74943945066164,158.97030293667703,153.9580302425692,157.26499938964844,2814400,0.0,0.0
2021-04-23 00:00:00-04:00,157.52879210859982,159.62980012162814,157.31209982504325,159.46963500976562,1658800,0.0,0.0
2021-04-26 00:00:00-04:00,159.31891495888803,160.56255597620336,156.36995597753562,156.42648315429688,1430000,0.0,0.0
2021-04-27 00:00:00-04:00,156.17207746968802,157.5664814155888,155.93653801106544,156.9635009765625,1190700,0.0,0.0
2021-04-28 00:00:00-04:00,158.21653446501725,160.03490628789498,152.8274056878259,154.5703887939453,2277700,0.0,0.0
2021-04-29 00:00:00-04:00,155.6821975042277,160.61909636327513,155.4183944068522,159.69578552246094,2880800,0.0,0.0
2021-04-30 00:00:00-04:00,159.25294928298277,163.28538395998092,158.84782828503697,161.6648712158203,3277700,0.0,0.0
2021-05-03 00:00:00-04:00,163.31364914164644,164.32176500883395,161.23148820518765,162.06057739257812,2272000,0.0,0.0
2021-05-04 00:00:00-04:00,161.62718618911504,163.63397268528928,161.3916467205725,162.7200927734375,2463000,0.0,0.0
2021-05-05 00:00:00-04:00,161.89101441218415,163.3513622194185,160.06322555194677,161.42935180664062,2150600,0.0,0.0
2021-05-06 00:00:00-04:00,162.43745906402503,163.57746215710117,161.41992673124443,163.21945190429688,2249500,0.0,0.0
2021-05-07 00:00:00-04:00,161.58004428240915,166.32851272763588,161.13722901678815,166.18719482421875,3034600,0.0,0.0
2021-05-10 00:00:00-04:00,166.62063529862922,166.94096554382799,163.74705074331297,163.7753143310547,1466500,0.0,0.0
2021-05-11 00:00:00-04:00,162.39031268805783,162.69179569675364,157.59473312224128,158.05638122558594,3457200,0.0,0.0
2021-05-12 00:00:00-04:00,159.20583497260557,159.6957610968786,155.22992755803364,155.38067626953125,2396900,0.0,0.0
2021-05-13 00:00:00-04:00,155.01323748936582,160.01609361727714,154.8530723721775,159.02682495117188,1797700,0.0,0.0
2021-05-14 00:00:00-04:00,159.0174104613615,160.80750473495144,158.631122269041,160.33642578125,1382000,0.0,0.0
2021-05-17 00:00:00-04:00,159.98782732754307,160.29874115313413,158.37674540315746,158.7441864013672,937000,0.0,0.0
2021-05-18 00:00:00-04:00,158.0658273787693,158.2165617096856,156.0496101438606,156.22862243652344,2812700,0.0,0.0
2021-05-19 00:00:00-04:00,155.15456991103102,156.53954329766407,153.74133293497198,156.49244689941406,2675500,0.0,0.0
2021-05-20 00:00:00-04:00,156.60547736554074,157.53821880286998,155.70099951332563,156.5489501953125,3352200,0.0,0.0
2021-05-21 00:00:00-04:00,156.98234879154904,159.02682976272425,156.09671804226258,157.06715393066406,2578200,0.0,0.0
2021-05-24 00:00:00-04:00,157.95274653545954,158.72532281792286,156.34166477754115,157.02001953125,2924600,0.0,0.0
2021-05-25 00:00:00-04:00,156.756187985476,158.17884080326698,155.8894047081281,156.08724975585938,2643800,0.0,0.0
2021-05-26 00:00:00-04:00,157.51937247355892,157.53821965579962,155.22050503057912,156.53952026367188,2303000,0.0,0.0
2021-05-27 00:00:00-04:00,157.557058870069,160.10088228088992,157.23672863988756,159.554443359375,4827400,0.0,0.0
2021-05-28 00:00:00-04:00,160.53425174296623,160.97706701706758,158.91373933054973,160.1573944091797,2194500,0.0,0.0
2021-06-01 00:00:00-04:00,161.64600727747884,163.44551760074637,160.17622915504109,161.5706329345703,2965300,0.0,0.0
2021-06-02 00:00:00-04:00,162.69180241041647,163.37958795699174,161.03360985369574,161.47642517089844,1836600,0.0,0.0
2021-06-03 00:00:00-04:00,160.74156394099927,163.6245648873937,160.43065010102882,163.37017822265625,1895700,0.0,0.0
2021-06-04 00:00:00-04:00,163.29478177278864,163.37957251670264,161.8909616045184,163.00270080566406,1421000,0.0,0.0
2021-06-07 00:00:00-04:00,163.002730901546,163.31364472948843,159.5638603634776,159.64865112304688,2486200,0.0,0.0
2021-06-08 00:00:00-04:00,158.88549967636038,160.28932005206434,158.46153151795747,159.99725341796875,3064800,0.0,0.0
2021-06-09 00:00:00-04:00,159.5073012369102,159.9783800861768,157.48165355935242,157.62298583984375,1617100,0.0,0.0
2021-06-10 00:00:00-04:00,158.88548969676017,159.08334915888756,155.73868611723105,155.88943481445312,1866800,0.0,0.0
2021-06-11 00:00:00-04:00,156.35109623885944,157.48168281187077,156.17208394269656,157.42515563964844,1515700,0.0,0.0
2021-06-14 00:00:00-04:00,157.1142245752136,157.91506443031795,155.81405662821,156.8315887451172,1733200,0.0,0.0
2021-06-15 00:00:00-04:00,157.6041935371595,159.0551249487682,156.7562570637086,158.37677001953125,1549500,0.0,0.0
2021-06-16 00:00:00-04:00,158.07525020361,159.48848704370155,157.34978460036356,157.8114471435547,2023000,0.0,0.0
2021-06-17 00:00:00-04:00,158.33212204936376,158.50251739949704,151.67696734245487,151.72430419921875,2487100,0.8,0.0
2021-06-18 00:00:00-04:00,149.2629279189712,150.91015515002925,147.4737045667789,147.69143676757812,4136700,0.0,0.0
2021-06-21 00:00:00-04:00,148.7611916553031,150.97641785516134,148.60971949330073,150.5504150390625,2071900,0.0,0.0
2021-06-22 00:00:00-04:00,150.48413082591034,151.41187239009685,149.28184420654395,150.82493591308594,1214000,0.0,0.0
2021-06-23 00:00:00-04:00,151.0142695816298,151.70534135093425,150.43679469353208,150.98587036132812,1077300,0.0,0.0
2021-06-24 00:00:00-04:00,151.50652401786857,153.04961564675628,150.54092169044566,152.60467529296875,1243400,0.0,0.0
2021-06-25 00:00:00-04:00,152.95497040482584,154.0625833725323,152.62362689564773,153.63656616210938,1770200,0.0,0.0
2021-06-28 00:00:00-04:00,153.64605181296727,153.64605181296727,149.89719546485924,150.47467041015625,1361700,0.0,0.0
2021-06-29 00:00:00-04:00,150.98590152603728,152.2828476714413,149.19667805183056,149.95401000976562,1156900,0.0,0.0
2021-06-30 00:00:00-04:00,150.1433424664059,150.75867823213866,149.32919769218026,150.4652099609375,1084300,0.0,0.0
2021-07-01 00:00:00-04:00,151.33613754330165,153.26735675610587,150.5219928532067,153.19163513183594,1055100,0.0,0.0
2021-07-02 00:00:00-04:00,152.86031397072824,153.32419204694168,151.9230962251796,152.76564025878906,1734000,0.0,0.0
2021-07-06 00:00:00-04:00,152.16925071379845,153.07805484107652,150.22855507060805,152.50057983398438,1587300,0.0,0.0
2021-07-07 00:00:00-04:00,151.46868928915353,153.7407138504189,151.36455398746006,153.33364868164062,916000,0.0,0.0
2021-07-08 00:00:00-04:00,151.16573567666933,151.64855133898922,148.80851358954615,149.52798461914062,1351200,0.0,0.0
2021-07-09 00:00:00-04:00,152.27336861348175,154.21404958958925,150.98588420940067,154.05311584472656,1569200,0.0,0.0
2021-07-12 00:00:00-04:00,153.48511000969685,156.14527636643928,153.1443049050322,155.83287048339844,1539400,0.0,0.0
2021-07-13 00:00:00-04:00,155.07552221267372,155.9180661487929,154.2708535350198,154.32765197753906,1305000,0.0,0.0
2021-07-14 00:00:00-04:00,154.89567806604578,156.15476339545646,154.48861285967618,155.54888916015625,1009200,0.0,0.0
2021-07-15 00:00:00-04:00,153.9111482528734,157.42332095817815,153.65554075416748,157.30026245117188,1098600,0.0,0.0
2021-07-16 00:00:00-04:00,157.7072772577243,158.56875875721806,156.46712987359774,157.85874938964844,1129000,0.0,0.0
2021-07-19 00:00:00-04:00,155.2270158705387,156.19263286273593,150.96695874900942,152.21656799316406,1766200,0.0,0.0
2021-07-20 00:00:00-04:00,153.0780443299411,159.81841096280039,153.0780443299411,158.72972106933594,3033600,0.0,0.0
2021-07-21 00:00:00-04:00,160.00776283545446,162.29872534457047,159.63855843202631,160.3864288330078,1707700,0.0,0.0
2021-07-22 00:00:00-04:00,159.733188815678,159.9319978178004,157.84930631761844,158.3321075439453,1199700,0.0,0.0
2021-07-23 00:00:00-04:00,159.75215620685324,160.18763510706012,157.5369297742952,158.00079345703125,1340900,0.0,0.0
2021-07-26 00:00:00-04:00,157.9061204800859,159.676406264674,157.8398459910552,159.17466735839844,1331400,0.0,0.0
2021-07-27 00:00:00-04:00,158.37943671517058,160.53786418551917,157.24342453791004,160.29173278808594,1704300,0.0,0.0
2021-07-28 00:00:00-04:00,163.7755112525984,164.0121810665472,155.38793246844426,157.16769409179688,1991900,0.0,0.0
2021-07-29 00:00:00-04:00,158.89064440698778,159.11785263090408,156.8268905425032,158.50250244140625,1676000,0.0,0.0
2021-07-30 00:00:00-04:00,159.84681108564195,160.9828233957121,159.07998869229382,159.74267578125,2158300,0.0,0.0
2021-08-02 00:00:00-04:00,160.82189000141219,163.4536573962657,160.14974131789538,161.26683044433594,2584000,0.0,0.0
2021-08-03 00:00:00-04:00,161.79695801682985,163.97432323378666,159.89412343316675,163.415771484375,2076800,0.0,0.0
2021-08-04 00:00:00-04:00,161.4845363611819,164.05950488804427,161.3520018537042,162.9140167236328,1835400,0.0,0.0
2021-08-05 00:00:00-04:00,163.97436290102252,165.17663546805818,160.28230417602902,163.32115173339844,2524800,0.0,0.0
2021-08-06 00:00:00-04:00,164.84526529510683,166.21794734247104,164.40032488424558,165.64047241210938,1802200,0.0,0.0
2021-08-09 00:00:00-04:00,165.66884964775957,166.95633385711497,164.22043171788192,166.39779663085938,1630800,0.0,0.0
2021-08-10 00:00:00-04:00,166.23689362948892,168.7834488549928,165.91501168378605,168.6035919189453,1810700,0.0,0.0
2021-08-11 00:00:00-04:00,169.08638368278534,172.0116191375838,168.31009975371228,171.4246826171875,2283600,0.0,0.0
2021-08-12 00:00:00-04:00,171.58561064554223,173.02456712153693,171.09333340069531,171.99267578125,1576800,0.0,0.0
2021-08-13 00:00:00-04:00,171.80334528008603,173.2423017766515,171.57615150627706,172.9866943359375,1456900,0.0,0.0
2021-08-16 00:00:00-04:00,172.64592915987862,174.69076026816475,171.5383159208525,174.40675354003906,1988200,0.0,0.0
2021-08-17 00:00:00-04:00,173.60205977995048,176.2338271560071,173.3369907237419,174.86114501953125,1914700,0.0,0.0
2021-08-18 00:00:00-04:00,173.9996530130368,176.64088182498142,173.1760322240043,174.63392639160156,2178100,0.0,0.0
2021-08-19 00:00:00-04:00,173.53579908375212,176.1202298097538,173.17605628808974,175.55223083496094,2462100,0.0,0.0
2021-08-20 00:00:00-04:00,175.13565498110003,176.79234360929962,174.34990949830396,176.28114318847656,1792700,0.0,0.0
2021-08-23 00:00:00-04:00,176.96276977345025,177.88104992872195,175.47649065663322,175.5995635986328,1687400,0.0,0.0
2021-08-24 00:00:00-04:00,175.8929983193024,176.74500382157146,175.28712420886748,175.45751953125,1708900,0.0,0.0
2021-08-25 00:00:00-04:00,175.9876503695014,177.65381493888916,175.2871170348067,176.72605895996094,2028100,0.0,0.0
2021-08-26 00:00:00-04:00,177.08580487549486,177.4455475858966,174.4634995055632,174.48243713378906,1672300,0.0,0.0
2021-08-27 00:00:00-04:00,174.81382365096454,176.5273110751046,174.35940713276693,176.38531494140625,1561500,0.0,0.0
2021-08-30 00:00:00-04:00,176.6314120588034,176.6314120588034,174.00910655311088,174.04698181152344,837400,0.0,0.0
2021-08-31 00:00:00-04:00,173.77246084412974,175.37235127222812,173.50739177919777,174.11326599121094,2077500,0.0,0.0
2021-09-01 00:00:00-04:00,174.03753055216,174.45407178292962,172.2956439918332,173.26126098632812,2154700,0.0,0.0
2021-09-02 00:00:00-04:00,173.516854013698,173.516854013698,172.10631100835084,173.26126098632812,1644900,0.0,0.0
2021-09-03 00:00:00-04:00,172.7689617228641,174.28365428864296,171.64241111327817,173.6777801513672,1755400,0.0,0.0
2021-09-07 00:00:00-04:00,173.21390836082327,173.28016839867888,170.53480427515416,172.07789611816406,1673800,0.0,0.0
2021-09-08 00:00:00-04:00,171.44361184920112,173.0529636278679,170.99867146192793,172.7026824951172,1450000,0.0,0.0
2021-09-09 00:00:00-04:00,172.70269095468063,174.25525881282678,171.25427283841424,171.4246826171875,1572500,0.0,0.0
2021-09-10 00:00:00-04:00,172.57964317477766,173.1476421004916,170.34547939853738,170.62948608398438,1121200,0.0,0.0
2021-09-13 00:00:00-04:00,172.24829482464244,173.62097691326431,171.48148690697272,173.56417846679688,1386900,0.0,0.0
2021-09-14 00:00:00-04:00,173.92392882248933,174.98420505669884,171.19748771145882,171.61402893066406,1614200,0.0,0.0
2021-09-15 00:00:00-04:00,171.55724154391714,173.99020008361998,171.3205716945789,173.01512145996094,1450100,0.0,0.0
2021-09-16 00:00:00-04:00,173.42397972541954,174.0515385943235,171.1514691322884,172.2354278564453,1340600,0.8,0.0
2021-09-17 00:00:00-04:00,174.71714395279113,175.4873233271924,171.15148795375458,171.67445373535156,5419100,0.0,0.0
2021-09-20 00:00:00-04:00,169.02157334488223,169.7917671176903,166.68251146931337,169.1451873779297,2129800,0.0,0.0
2021-09-21 00:00:00-04:00,170.24813207267903,170.67600774188242,166.66345642703294,167.15789794921875,1504000,0.0,0.0
2021-09-22 00:00:00-04:00,168.92650082531574,169.52552109182963,167.63335583211892,168.2323760986328,1576100,0.0,0.0
2021-09-23 00:00:00-04:00,169.0120603448165,170.79012913576221,168.59368780372608,168.7648468017578,1107600,0.0,0.0
2021-09-24 00:00:00-04:00,168.5556751582205,169.43995078060712,167.85204723180973,168.0612335205078,1089700,0.0,0.0
2021-09-27 00:00:00-04:00,169.1071703153436,170.74261889217834,168.15632879433227,169.6586456298828,1018300,0.0,0.0
2021-09-28 00:00:00-04:00,169.08813308158818,170.44782936106023,166.22610560306265,166.84414672851562,1666400,0.0,0.0
2021-09-29 00:00:00-04:00,166.929702538386,168.5746539863626,166.3877305216704,167.71890258789062,964700,0.0,0.0
2021-09-30 00:00:00-04:00,168.66028677558143,168.97406624299614,164.9424926567876,164.95199584960938,1478200,0.0,0.0
2021-10-01 00:00:00-04:00,165.49396436722887,167.86155039364144,164.48607470842148,166.787109375,1038500,0.0,0.0
2021-10-04 00:00:00-04:00,166.28318016895273,168.41305602279243,164.70477966391715,165.0756072998047,1648100,0.0,0.0
2021-10-05 00:00:00-04:00,166.09294414584986,167.31953749473476,164.2578274802829,166.5398406982422,1960400,0.0,0.0
2021-10-06 00:00:00-04:00,165.19919617056996,168.3084372173388,163.50669957665218,168.03269958496094,1399200,0.0,0.0
2021-10-07 00:00:00-04:00,169.15469569519178,171.4272062816897,168.7743649017061,169.55406188964844,1189300,0.0,0.0
2021-10-08 00:00:00-04:00,171.74100893886,174.06106481544504,171.18951905764786,173.79483032226562,2123100,0.0,0.0
2021-10-11 00:00:00-04:00,174.0895515032834,176.5046968265915,173.54757944027696,173.77577209472656,1294000,0.0,0.0
2021-10-12 00:00:00-04:00,174.43184822967936,174.81219348682768,172.43509003723082,172.70132446289062,1031000,0.0,0.0
2021-10-13 00:00:00-04:00,172.12132904339938,173.39545314652267,169.3258527664017,173.28135681152344,1289900,0.0,0.0
2021-10-14 00:00:00-04:00,174.68857142067253,175.72498499488722,173.8518264021644,174.91677856445312,1377000,0.0,0.0
2021-10-15 00:00:00-04:00,176.54274921474595,176.96112181900685,172.29248631670822,172.39707946777344,1600000,0.0,0.0
2021-10-18 00:00:00-04:00,171.37966873118816,171.82656537484374,168.17532316830793,168.9645233154297,1295700,0.0,0.0
2021-10-19 00:00:00-04:00,170.83770089624267,173.4334942858034,170.5999905068659,173.23382568359375,1685300,0.0,0.0
2021-10-20 00:00:00-04:00,173.2338286701477,177.0276772644446,172.9961182766728,176.36209106445312,1522700,0.0,0.0
2021-10-21 00:00:00-04:00,175.81055630697406,177.46502544612193,175.6299086413726,177.065673828125,1142100,0.0,0.0
2021-10-22 00:00:00-04:00,177.94994839420085,179.31916222531376,176.68534219800426,178.86276245117188,1387600,0.0,0.0
2021-10-25 00:00:00-04:00,178.98639410796014,179.18606268127667,176.54272469460759,178.8247528076172,1533900,0.0,0.0
2021-10-26 00:00:00-04:00,179.35723353399405,179.35723353399405,177.5981709874299,178.0260467529297,1326200,0.0,0.0
2021-10-27 00:00:00-04:00,184.69145251767446,186.64066592593,180.2890518649384,180.91661071777344,2155200,0.0,0.0
2021-10-28 00:00:00-04:00,181.84843125265252,187.201673374923,181.84843125265252,186.45050048828125,2509300,0.0,0.0
2021-10-29 00:00:00-04:00,186.36495355042914,187.5440023572444,185.4236151435506,185.7754364013672,2636800,0.0,0.0
2021-11-01 00:00:00-04:00,187.2206665433234,188.190528837314,181.39201860584973,182.85630798339844,1763100,0.0,0.0
2021-11-02 00:00:00-04:00,183.27468751636758,183.3127147901354,180.53625952703905,181.163818359375,2220900,0.0,0.0
2021-11-03 00:00:00-04:00,180.6503878416368,184.38718809727035,180.17496707575833,182.75173950195312,1701100,0.0,0.0
2021-11-04 00:00:00-04:00,182.11463713533198,183.37925783389394,180.47918890175458,180.65985107421875,1753500,0.0,0.0
2021-11-05 00:00:00-04:00,182.1907381653534,184.18751109438907,180.85956588512275,183.6930694580078,1970800,0.0,0.0
2021-11-08 00:00:00-05:00,184.33010131857392,185.03372912782686,181.7057844637198,182.46644592285156,1600100,0.0,0.0
2021-11-09 00:00:00-05:00,182.0100329626094,184.04483268664922,181.7913435343831,184.00680541992188,1392500,0.0,0.0
2021-11-10 00:00:00-05:00,184.10190858091053,186.1177022296625,183.54091563286468,183.5599365234375,1633700,0.0,0.0
2021-11-11 00:00:00-05:00,183.236655338916,184.06388272660075,182.22875125243021,183.60748291015625,1005900,0.0,0.0
2021-11-12 00:00:00-05:00,183.48388930895837,183.99733734602944,182.16222017626203,183.3602752685547,1313100,0.0,0.0
2021-11-15 00:00:00-05:00,183.84519771694949,184.60585925988602,182.7517213587726,183.66453552246094,1065400,0.0,0.0
2021-11-16 00:00:00-05:00,184.00685051658752,184.93867112098502,183.23667122559743,183.655029296875,1160900,0.0,0.0
2021-11-17 00:00:00-05:00,182.9133488807208,183.64550079475757,181.84841119389483,182.35235595703125,1325700,0.0,0.0
2021-11-18 00:00:00-05:00,182.50451281738324,184.18750627013566,182.0290920856546,182.4949951171875,1745800,0.0,0.0
2021-11-19 00:00:00-05:00,182.51400570008548,182.63761972613352,178.97687449511437,178.9958953857422,2076300,0.0,0.0
2021-11-22 00:00:00-05:00,179.74704377044907,183.2746715892714,178.37784440346115,181.3824920654297,2074400,0.0,0.0
2021-11-23 00:00:00-05:00,182.6091226756028,185.21441923841564,182.56157769633958,183.46487426757812,2254800,0.0,0.0
2021-11-24 00:00:00-05:00,182.87532993362294,182.87532993362294,180.72643357241537,181.05921936035156,1474600,0.0,0.0
2021-11-26 00:00:00-05:00,176.59026589964742,177.83586581177025,174.55546588479055,175.477783203125,2271400,0.0,0.0
2021-11-29 00:00:00-05:00,177.08470105461004,177.50305906794506,175.049901113698,175.9436798095703,2364800,0.0,0.0
2021-11-30 00:00:00-05:00,174.05152065683967,174.8407207575476,170.37175458381748,170.6475067138672,3638700,0.0,0.0
2021-12-01 00:00:00-05:00,173.48104520997134,174.20369410400127,166.52089231504047,166.5303955078125,3138300,0.0,0.0
2021-12-02 00:00:00-05:00,168.32747493887516,173.95645505689268,168.32747493887516,173.3954620361328,2531900,0.0,0.0
2021-12-03 00:00:00-05:00,172.84396510179212,173.97546879765912,170.68555085443302,172.53970336914062,2476500,0.0,0.0
2021-12-06 00:00:00-05:00,175.09746082092303,180.03233065130414,174.46991644176,178.31130981445312,1691300,0.0,0.0
2021-12-07 00:00:00-05:00,178.69165623253477,180.0038222929261,178.1116567806307,178.79624938964844,1895200,0.0,0.0
2021-12-08 00:00:00-05:00,178.90081636903824,180.54578255464327,178.5014646935917,179.86117553710938,1231000,0.0,0.0
2021-12-09 00:00:00-05:00,178.96737465694824,181.2113610063488,177.99751233839925,180.85003662109375,1565300,0.0,0.0
2021-12-10 00:00:00-05:00,181.9910360673047,182.50449854227574,180.93560154507333,182.05760192871094,1697100,0.0,0.0
2021-12-13 00:00:00-05:00,181.496610912512,181.7818517253063,179.23360373975498,180.87855529785156,1583300,0.0,0.0
2021-12-14 00:00:00-05:00,181.5821986276917,184.8721020241944,181.54415684361896,183.07501220703125,1952000,0.0,0.0
2021-12-15 00:00:00-05:00,182.99893933853423,185.10979386521362,181.06871797901636,184.42520141601562,1575100,0.0,0.0
2021-12-16 00:00:00-05:00,186.1819866513253,188.7407885004943,185.33223355141138,187.0030975341797,1951100,0.8,0.0
2021-12-17 00:00:00-05:00,185.57095705077862,185.57095705077862,180.81615889083773,181.1885223388672,4053400,0.0,0.0
2021-12-20 00:00:00-05:00,179.46036955744225,180.07142788304492,175.87038914684422,177.36940002441406,1726200,0.0,0.0
2021-12-21 00:00:00-05:00,179.25985100107482,180.66337803060685,177.78949698235405,178.77291870117188,1086500,0.0,0.0
2021-12-22 00:00:00-05:00,178.23823703290842,180.46287510310538,177.20708795313448,179.8613739013672,1164100,0.0,0.0
2021-12-23 00:00:00-05:00,180.56788096878842,183.0121139762719,180.56788096878842,182.01914978027344,969400,0.0,0.0
2021-12-27 00:00:00-05:00,181.8473196543292,185.1699484118311,181.48449876301828,184.73074340820312,624000,0.0,0.0
2021-12-28 00:00:00-05:00,184.49203042076843,186.55435754466257,184.10058191561922,184.6829833984375,603100,0.0,0.0
2021-12-29 00:00:00-05:00,185.39905498557198,186.5638870070525,184.7784542094879,185.5709228515625,558600,0.0,0.0
2021-12-30 00:00:00-05:00,186.5638951536864,187.07948420539472,184.22468845943823,184.37745666503906,627100,0.0,0.0
2021-12-31 00:00:00-05:00,184.35836775738966,185.67596811223837,184.35836775738966,184.56842041015625,672300,0.0,0.0
2022-01-03 00:00:00-05:00,184.74025954302903,185.4086021665562,182.20054300484918,182.782958984375,1971900,0.0,0.0
2022-01-04 00:00:00-05:00,184.93125976333624,187.0508716031108,183.41316372286477,186.76443481445312,1847900,0.0,0.0
2022-01-05 00:00:00-05:00,187.25136626410728,188.15841851866136,185.15085410526768,185.246337890625,1660900,0.0,0.0
2022-01-06 00:00:00-05:00,188.46394586683098,189.42826802423866,185.77147495337343,189.0368194580078,1994200,0.0,0.0
2022-01-07 00:00:00-05:00,188.72171637765808,192.21621278696986,187.26090493206982,192.0920867919922,1892600,0.0,0.0
2022-01-10 00:00:00-05:00,191.61471783541364,192.206676517929,187.61418903092493,189.82928466796875,2033300,0.0,0.0
2022-01-11 00:00:00-05:00,190.47849603013697,191.33779168847605,186.32519968768295,190.4593963623047,1418600,0.0,0.0
2022-01-12 00:00:00-05:00,190.45941943133985,191.29963009239347,188.12021246139332,188.87449645996094,1487200,0.0,0.0
2022-01-13 00:00:00-05:00,189.7624273811258,190.79359099892204,187.92925247241448,188.59759521484375,1279700,0.0,0.0
2022-01-14 00:00:00-05:00,187.63327702585053,188.55941433402637,184.98853365256593,187.38502502441406,1663000,0.0,0.0
2022-01-18 00:00:00-05:00,187.08904011253998,187.2799930987855,183.8332385210105,186.16290283203125,1324900,0.0,0.0
2022-01-19 00:00:00-05:00,187.13678134667956,187.13678134667956,182.97394215846145,183.20309448242188,1451700,0.0,0.0
2022-01-20 00:00:00-05:00,184.4156414320503,189.8196965127616,184.186503692427,184.37745666503906,1976500,0.0,0.0
2022-01-21 00:00:00-05:00,185.70460025364827,189.40914912637268,183.09805647330478,183.3271942138672,3169000,0.0,0.0
2022-01-24 00:00:00-05:00,182.40106152741436,187.42321080825926,179.31712795257528,187.04129028320312,2171200,0.0,0.0
2022-01-25 00:00:00-05:00,185.50410433311896,186.92673104582755,180.76840612853283,184.90260314941406,2242000,0.0,0.0
2022-01-26 00:00:00-05:00,184.9885294749326,187.98653654405905,183.1839967895154,185.3227081298828,1878900,0.0,0.0
2022-01-27 00:00:00-05:00,187.02220589960396,190.62171398607762,182.74478341526816,184.05284118652344,2485200,0.0,0.0
2022-01-28 00:00:00-05:00,184.1674086656607,188.0056261576337,182.80208103673831,187.9865264892578,2096900,0.0,0.0
2022-01-31 00:00:00-05:00,186.17246329353205,188.50211307759963,184.22470492003288,188.35890197753906,2090300,0.0,0.0
2022-02-01 00:00:00-05:00,187.50911332109268,191.5000985236097,187.10810774799745,190.8317413330078,2274500,0.0,0.0
2022-02-02 00:00:00-05:00,195.7298249514767,199.10019589367528,193.19010762876962,198.14541625976562,4158000,0.0,0.0
2022-02-03 00:00:00-05:00,197.24789949336187,198.97604811066861,195.71070386819,197.97354125976562,2691100,0.0,0.0
2022-02-04 00:00:00-05:00,197.41976217364,199.9690217017419,195.73934092213622,197.24789428710938,2218500,0.0,0.0
2022-02-07 00:00:00-05:00,198.33634131720245,198.96649928326923,194.76547531371529,195.72979736328125,2175300,0.0,0.0
2022-02-08 00:00:00-05:00,196.8850617991541,199.405678772422,195.36695151700843,198.49862670898438,2247100,0.0,0.0
2022-02-09 00:00:00-05:00,199.7016646379233,201.05744965014432,198.81371221198916,199.51071166992188,1783700,0.0,0.0
2022-02-10 00:00:00-05:00,198.62276092686832,202.20318374014713,198.0308023504151,199.1669921875,2613800,0.0,0.0
2022-02-11 00:00:00-05:00,198.47001353697195,199.243382614738,194.2021479304755,194.83230590820312,2842100,0.0,0.0
2022-02-14 00:00:00-05:00,195.25241934144134,196.23584111932126,190.51670633003616,192.93231201171875,3062300,0.0,0.0
2022-02-15 00:00:00-05:00,194.62225211298068,197.19061132972672,193.34285106417414,194.4408416748047,1933100,0.0,0.0
2022-02-16 00:00:00-05:00,193.53379087642148,196.6177244091136,193.23781157903449,195.64385986328125,1695100,0.0,0.0
2022-02-17 00:00:00-05:00,194.11621649874377,196.05441770510902,191.97751975725328,194.4217529296875,1863200,0.0,0.0
2022-02-18 00:00:00-05:00,193.72476342533227,196.26448050593285,193.4860685396092,195.4529266357422,1883900,0.0,0.0
2022-02-22 00:00:00-05:00,195.25241635690526,197.4388550980227,192.96095128340696,193.9061737060547,2820700,0.0,0.0
2022-02-23 00:00:00-05:00,195.1473780640054,195.98758867155573,192.19711295628275,192.30213928222656,2225800,0.0,0.0
2022-02-24 00:00:00-05:00,187.8337288033835,190.84129235876148,184.53020056290487,190.02972412109375,2431600,0.0,0.0
2022-02-25 00:00:00-05:00,191.1277594621655,198.1072100693446,190.50715859472342,197.65846252441406,2083500,0.0,0.0
2022-02-28 00:00:00-05:00,191.33779896144353,194.73682609466994,191.1086612138582,194.43128967285156,3069200,0.0,0.0
2022-03-01 00:00:00-05:00,192.90365729133686,194.1926155341981,188.61670635986118,190.51670837402344,3018600,0.0,0.0
2022-03-02 00:00:00-05:00,191.9011144414477,196.3599324352141,191.65286247654691,195.06143188476562,2084900,0.0,0.0
2022-03-03 00:00:00-05:00,195.27153107813035,197.5343541052821,193.47654073864214,196.68460083007812,2200900,0.0,0.0
2022-03-04 00:00:00-05:00,192.89408712669615,196.91371493828572,191.83428137637418,196.2262725830078,1962600,0.0,0.0
2022-03-07 00:00:00-05:00,193.90615699263358,194.26897784936358,189.79105985193496,189.9247283935547,2093400,0.0,0.0
2022-03-08 00:00:00-05:00,191.13730623838185,194.30716653300252,187.3277308722846,188.712158203125,2071300,0.0,0.0
2022-03-09 00:00:00-05:00,193.63882219681395,196.1785390863685,193.28555845452698,194.7177276611328,1479100,0.0,0.0
2022-03-10 00:00:00-05:00,192.42626016582975,194.6699978900063,191.55742186535107,192.3116912841797,1902000,0.0,0.0
2022-03-11 00:00:00-05:00,193.04686284220233,195.61522194048084,192.60765787694126,192.77952575683594,1424000,0.0,0.0
2022-03-14 00:00:00-04:00,195.72977412064492,198.31723266684324,194.21167839348402,195.69158935546875,1317300,0.0,0.0
2022-03-15 00:00:00-04:00,198.13584180076515,199.7303217843685,195.55794011810576,198.06900024414062,2468000,0.0,0.0
2022-03-16 00:00:00-04:00,199.19564437825653,201.62077780828193,197.8207596181124,201.42982482910156,2064700,0.0,0.0
2022-03-17 00:00:00-04:00,200.33725843764066,202.32118225097656,199.6376203781257,202.32118225097656,1645300,0.8,0.0
2022-03-18 00:00:00-04:00,202.47449262111357,203.35623155566384,199.4267437793572,202.71409606933594,2354900,0.0,0.0
2022-03-21 00:00:00-04:00,203.96961659324117,205.30181109006548,202.49365126269078,204.11337280273438,2251300,0.0,0.0
2022-03-22 00:00:00-04:00,206.05898239075458,207.71703429381063,204.58303146317726,204.7555389404297,2482800,0.0,0.0
2022-03-23 00:00:00-04:00,204.4775873388641,204.85136813088457,201.6885997084317,201.88027954101562,1856900,0.0,0.0
2022-03-24 00:00:00-04:00,202.04324982128884,204.44887828295177,201.31486045747423,204.32427978515625,1287100,0.0,0.0
2022-03-25 00:00:00-04:00,204.43923231252597,209.02044881470064,204.12295402376918,208.7233428955078,1312200,0.0,0.0
2022-03-28 00:00:00-04:00,208.53169773176234,208.74254995931176,205.76188215084744,208.12916564941406,1328800,0.0,0.0
2022-03-29 00:00:00-04:00,209.59549862167847,209.88302566232613,205.4455654620415,206.864013671875,1871200,0.0,0.0
2022-03-30 00:00:00-04:00,207.4198979874816,208.5316614256829,206.68191531954398,208.45498657226562,1063800,0.0,0.0
2022-03-31 00:00:00-04:00,207.73620026537026,209.55718071558044,204.90888235615563,205.0047149658203,1625400,0.0,0.0
2022-04-01 00:00:00-04:00,207.02695824968316,208.19622424758157,205.5318350718416,207.5445098876953,1278900,0.0,0.0
2022-04-04 00:00:00-04:00,206.73943561793698,206.86401946045865,203.22204430021986,204.6884307861328,1491700,0.0,0.0
2022-04-05 00:00:00-04:00,205.0526145487153,207.82242964263634,203.26996442646706,203.54791259765625,1851700,0.0,0.0
2022-04-06 00:00:00-04:00,203.3370530152085,205.93434593875872,202.13903589661058,203.64373779296875,1389100,0.0,0.0
2022-04-07 00:00:00-04:00,204.43923143750274,204.53507866067932,201.19020946138576,203.73959350585938,1513200,0.0,0.0
2022-04-08 00:00:00-04:00,205.26344738380186,207.88950602033296,204.30503374445595,207.16110229492188,1450000,0.0,0.0
2022-04-11 00:00:00-04:00,208.40706441251874,209.38465052010744,205.9439487103504,206.30813598632812,1140000,0.0,0.0
2022-04-12 00:00:00-04:00,208.36869834605804,208.54120576950967,204.87048003123965,205.50303649902344,1084200,0.0,0.0
2022-04-13 00:00:00-04:00,205.09095406691162,206.95026437088399,202.25404306449158,203.98876953125,1216300,0.0,0.0
2022-04-14 00:00:00-04:00,203.60542675954946,204.43924207247548,201.58317308888294,201.76527404785156,1517000,0.0,0.0
2022-04-18 00:00:00-04:00,200.8739310031867,203.33706131924689,200.71100242331147,203.0974578857422,878100,0.0,0.0
2022-04-19 00:00:00-04:00,202.29240067022545,203.95045239111982,200.37557313764768,201.19021606445312,1499900,0.0,0.0
2022-04-20 00:00:00-04:00,203.3274679952797,203.81626835955402,201.00810851189007,203.73959350585938,1719200,0.0,0.0
2022-04-21 00:00:00-04:00,205.8097757069786,207.7553544662463,202.47448529889107,202.73326110839844,1116500,0.0,0.0
2022-04-22 00:00:00-04:00,201.9569345754322,203.13577932313365,197.4044695333095,197.52906799316406,1579100,0.0,0.0
2022-04-25 00:00:00-04:00,197.20321123961497,199.30213972716197,193.93503141177058,198.69834899902344,1521800,0.0,0.0
2022-04-26 00:00:00-04:00,197.19365418151597,200.3947530044639,194.94137573242188,194.94137573242188,1620600,0.0,0.0
2022-04-27 00:00:00-04:00,200.75895963186562,204.8801423026729,199.35009003714504,201.8611297607422,2903500,0.0,0.0
2022-04-28 00:00:00-04:00,203.6437490398709,204.50633018743977,200.020946243088,202.3882293701172,1986700,0.0,0.0
2022-04-29 00:00:00-04:00,201.08480352759815,202.50325190258926,197.30865069385544,197.86453247070312,2360000,0.0,0.0
2022-05-02 00:00:00-04:00,199.4171651246211,199.58967258789795,193.21622670789392,196.63775634765625,1743500,0.0,0.0
2022-05-03 00:00:00-04:00,198.18079111095773,201.34355936381942,197.45240193650238,198.94752502441406,1691400,0.0,0.0
2022-05-04 00:00:00-04:00,198.94755535446973,205.17724558665563,198.94755535446973,205.06224060058594,1711300,0.0,0.0
2022-05-05 00:00:00-04:00,203.2986961282575,204.343378107659,197.960339771418,199.35003662109375,1771900,0.0,0.0
2022-05-06 00:00:00-04:00,199.19673967111135,201.19024232005503,197.69203746627352,200.46185302734375,1454300,0.0,0.0
2022-05-09 00:00:00-04:00,199.2063203890485,199.9730397535603,195.89020210302056,196.58026123046875,2496800,0.0,0.0
2022-05-10 00:00:00-04:00,197.72074362448504,200.50973092216282,194.4908796026549,196.35020446777344,1843400,0.0,0.0
2022-05-11 00:00:00-04:00,196.75273538764728,199.73340247886324,195.9764226567656,196.1201934814453,1793900,0.0,0.0
2022-05-12 00:00:00-04:00,196.74319568299543,197.1265553766626,193.73377675257993,196.89654541015625,1782100,0.0,0.0
2022-05-13 00:00:00-04:00,197.60574560165634,198.80376282338787,196.196890803195,197.95077514648438,1378500,0.0,0.0
2022-05-16 00:00:00-04:00,197.95074627553382,201.33395987055982,196.93483015955337,199.35003662109375,1449000,0.0,0.0
2022-05-17 00:00:00-04:00,201.64066036245916,203.6724927529483,199.29254969197703,203.57666015625,1905400,0.0,0.0
2022-05-18 00:00:00-04:00,202.24448818268965,202.84827894418788,198.04663097566228,198.6887664794922,2036200,0.0,0.0
2022-05-19 00:00:00-04:00,196.8677849284914,197.78785399982246,191.0693784323336,195.4014129638672,2535200,0.0,0.0
2022-05-20 00:00:00-04:00,195.78477315556293,197.87412287897027,191.3377336344508,195.51641845703125,1939000,0.0,0.0
2022-05-23 00:00:00-04:00,197.86453001017253,199.95387974022043,196.32148317659392,198.6887664794922,1901800,0.0,0.0
2022-05-24 00:00:00-04:00,198.03704179083152,200.01137181531954,194.45256902963828,199.4938201904297,1219400,0.0,0.0
2022-05-25 00:00:00-04:00,198.92837005029764,201.22857199180885,198.68876659540487,199.33090209960938,1591700,0.0,0.0
2022-05-26 00:00:00-04:00,200.85477415265524,201.2668850404872,198.4395674373841,199.06253051757812,2216300,0.0,0.0
2022-05-27 00:00:00-04:00,199.60881865856803,202.12943666003903,198.55455777444797,202.11985778808594,1704900,0.0,0.0
2022-05-31 00:00:00-04:00,201.94738297434458,203.94087085582532,198.63126471381986,202.5032501220703,2722000,0.0,0.0
2022-06-01 00:00:00-04:00,202.67575255084662,202.82910225738522,197.088198752856,199.96343994140625,1453300,0.0,0.0
2022-06-02 00:00:00-04:00,200.1838902396666,201.2477301666217,196.2927324638125,201.18064880371094,1533400,0.0,0.0
2022-06-03 00:00:00-04:00,199.48425142264472,202.1390617923467,199.19672435250007,199.8580322265625,1339800,0.0,0.0
2022-06-06 00:00:00-04:00,201.2860654383817,204.37215896869742,200.07845472046378,203.30831909179688,1556500,0.0,0.0
2022-06-07 00:00:00-04:00,201.7557060690085,204.8993025104641,201.07524038538227,204.7363739013672,1687800,0.0,0.0
2022-06-08 00:00:00-04:00,202.83869539325553,203.83543930737994,200.45223977422316,201.5831756591797,1259000,0.0,0.0
2022-06-09 00:00:00-04:00,201.58318172649902,202.1965659900145,197.5290953383301,197.6728515625,1524100,0.0,0.0
2022-06-10 00:00:00-04:00,193.60917875251516,195.75603106539882,191.9223756222576,193.27374267578125,1719100,0.0,0.0
2022-06-13 00:00:00-04:00,190.4368337500512,193.08206540056682,188.261230162301,189.3921661376953,1811400,0.0,0.0
2022-06-14 00:00:00-04:00,190.37930649919744,192.0948606750899,188.31872278872683,189.7084197998047,2202500,0.0,0.0
2022-06-15 00:00:00-04:00,192.27694659457055,194.50047333784084,188.55831148399713,190.99267578125,2428800,0.0,0.0
2022-06-16 00:00:00-04:00,187.21038572438948,187.3066191409997,181.85932020563163,182.08067321777344,3189100,0.83,0.0
2022-06-17 00:00:00-04:00,182.8602388700856,183.5916745388223,180.31944455951722,182.22503662109375,5500700,0.0,0.0
2022-06-21 00:00:00-04:00,186.15172392971286,186.15172392971286,180.47343809886493,182.35015869140625,2863700,0.0,0.0
2022-06-22 00:00:00-04:00,180.37717121315097,184.06325008827764,179.9729556418715,182.4078826904297,2519300,0.0,0.0
2022-06-23 00:00:00-04:00,182.7351104871053,183.8419049014643,178.14436686330296,179.944091796875,1312400,0.0,0.0
2022-06-24 00:00:00-04:00,180.97387546129733,187.32586825680823,180.01145320048647,187.22000122070312,2370900,0.0,0.0
2022-06-27 00:00:00-04:00,186.7965299716609,188.58663593443285,186.0843469091525,187.43173217773438,1292300,0.0,0.0
2022-06-28 00:00:00-04:00,189.1640904111217,190.4537326623333,186.9408974310217,187.10450744628906,940400,0.0,0.0
2022-06-29 00:00:00-04:00,188.40376670913906,188.76949184858904,186.1805737517405,186.48855590820312,963200,0.0,0.0
2022-06-30 00:00:00-04:00,184.79468603171384,189.5971782185096,184.10174085527123,189.19296264648438,1470900,0.0,0.0
2022-07-01 00:00:00-04:00,189.40469678796174,191.7433757453613,186.9601361130148,190.48260498046875,1470700,0.0,0.0
2022-07-05 00:00:00-04:00,188.4518983097255,188.46153193087451,182.5137547930374,185.88223266601562,1392800,0.0,0.0
2022-07-06 00:00:00-04:00,186.11322489612905,188.67325699576753,184.3712429218906,186.44044494628906,2024100,0.0,0.0
2022-07-07 00:00:00-04:00,188.2497944683434,190.03026678644642,186.86390410448942,187.30661010742188,1302800,0.0,0.0
2022-07-08 00:00:00-04:00,187.88408244038746,188.56739404905332,185.81488037109375,185.81488037109375,1148000,0.0,0.0
2022-07-11 00:00:00-04:00,185.757118058605,187.31625213057546,185.26628798497268,186.2864532470703,1342200,0.0,0.0
2022-07-12 00:00:00-04:00,185.0064286256107,187.97069097586024,184.38086002502945,184.68882751464844,1457700,0.0,0.0
2022-07-13 00:00:00-04:00,183.514677101531,185.01606822515578,182.74475100990662,182.8987274169922,1651000,0.0,0.0
2022-07-14 00:00:00-04:00,178.42345020440635,179.76121646849612,175.45918808054904,176.43124389648438,2024600,0.0,0.0
2022-07-15 00:00:00-04:00,178.57743414950812,179.48211332665574,176.5274702559884,177.26853942871094,2722200,0.0,0.0
2022-07-18 00:00:00-04:00,178.50047367178576,179.4628960177013,173.7172334377536,174.37167358398438,2430300,0.0,0.0
2022-07-19 00:00:00-04:00,176.38314187251768,179.44363778679738,175.78643005083995,178.74107360839844,2341400,0.0,0.0
2022-07-20 00:00:00-04:00,178.8950653870935,179.2800284406028,177.39368891884843,177.7593994140625,1970400,0.0,0.0
2022-07-21 00:00:00-04:00,176.4793719723623,177.2974367993,174.34279329733323,177.09532165527344,2187100,0.0,0.0
2022-07-22 00:00:00-04:00,177.3647765583346,178.96240089683525,175.98851989405546,177.21080017089844,1451400,0.0,0.0
2022-07-25 00:00:00-04:00,178.05773860670507,181.41659761048072,177.18194550328138,180.17507934570312,1791000,0.0,0.0
2022-07-26 00:00:00-04:00,179.96333107631727,181.63793629274332,179.96333107631727,181.20484924316406,1790600,0.0,0.0
2022-07-27 00:00:00-04:00,183.01421927169645,185.93997646110722,178.10585990410678,179.97296142578125,2804100,0.0,0.0
2022-07-28 00:00:00-04:00,180.3194254780906,180.64664550431485,175.46882401135102,178.41383361816406,2458800,0.0,0.0
2022-07-29 00:00:00-04:00,178.95280849873586,182.09993359648965,178.95280849873586,181.5513458251953,2379500,0.0,0.0
2022-08-01 00:00:00-04:00,179.38585782095004,180.85836248529858,176.59483955548586,178.02883911132812,2266800,0.0,0.0
2022-08-02 00:00:00-04:00,178.43306800291623,181.021986041519,177.10493536789483,177.41290283203125,2267500,0.0,0.0
2022-08-03 00:00:00-04:00,178.0192528540588,179.2704047730437,175.63244967741295,178.72181701660156,1671700,0.0,0.0
2022-08-04 00:00:00-04:00,178.2021117155694,180.3098188445508,177.63428609860503,178.13473510742188,1387000,0.0,0.0
2022-08-05 00:00:00-04:00,178.40421898634327,179.94410055720175,177.89413633664367,178.35610961914062,1282600,0.0,0.0
2022-08-08 00:00:00-04:00,179.1260313557781,180.61778883769674,178.56782466707443,179.54949951171875,1439600,0.0,0.0
2022-08-09 00:00:00-04:00,180.5889098807114,183.17782807539356,180.54078583127085,182.5811309814453,1556800,0.0,0.0
2022-08-10 00:00:00-04:00,183.86114715062422,184.78507900723582,183.01422552457882,184.40011596679688,1176500,0.0,0.0
2022-08-11 00:00:00-04:00,185.36253113489155,187.0178985789262,185.2374115431244,186.5270538330078,1427200,0.0,0.0
2022-08-12 00:00:00-04:00,187.2199914325148,190.16500104696203,186.9120239615635,190.1265106201172,942000,0.0,0.0
2022-08-15 00:00:00-04:00,188.15354734835984,190.54035038439693,188.10542329942646,189.31808471679688,1397700,0.0,0.0
2022-08-16 00:00:00-04:00,189.385472284956,192.63846458614432,189.385472284956,191.57017517089844,1193200,0.0,0.0
2022-08-17 00:00:00-04:00,190.26125732012267,193.6008637089132,189.8474081154153,193.38912963867188,951400,0.0,0.0
2022-08-18 00:00:00-04:00,193.4083846968026,194.81351297886843,193.16777913072573,194.80389404296875,1064200,0.0,0.0
2022-08-19 00:00:00-04:00,194.91938409178726,195.11186561159454,192.87905354811264,193.04266357421875,2016000,0.0,0.0
2022-08-22 00:00:00-04:00,190.55959419769496,190.95419082128652,189.11596090831847,189.61642456054688,1150900,0.0,0.0
2022-08-23 00:00:00-04:00,189.5971688907466,190.54033851240362,188.88497119294198,189.33731079101562,1048000,0.0,0.0
2022-08-24 00:00:00-04:00,188.24979823623468,189.33732539417798,187.04677042205986,189.02935791015625,776500,0.0,0.0
2022-08-25 00:00:00-04:00,189.5202023073549,190.4633720731001,188.32679333867787,190.08802795410156,708000,0.0,0.0
2022-08-26 00:00:00-04:00,190.80021384462907,190.80021384462907,186.08435062502457,186.2383270263672,1130200,0.0,0.0
2022-08-29 00:00:00-04:00,184.8620761094574,186.37307147557564,183.043098560075,184.93907165527344,995900,0.0,0.0
2022-08-30 00:00:00-04:00,185.06416053377532,185.28552821584196,182.5233664835724,182.85060119628906,1119700,0.0,0.0
2022-08-31 00:00:00-04:00,183.0334499694507,184.89093248253002,181.9362892307491,181.9459228515625,1759700,0.0,0.0
2022-09-01 00:00:00-04:00,182.02291428691177,185.02566683346453,181.42620254044243,184.9197998046875,1205500,0.0,0.0
2022-09-02 00:00:00-04:00,186.4789192564366,188.5000117405288,182.8602170892038,183.7071533203125,1039500,0.0,0.0
2022-09-06 00:00:00-04:00,184.54446753691101,185.10267420748426,182.76398048964464,183.27406311035156,1098700,0.0,0.0
2022-09-07 00:00:00-04:00,183.4858085802819,186.87353924283428,183.20671257035588,186.40194702148438,1135500,0.0,0.0
2022-09-08 00:00:00-04:00,185.80522977185865,188.03805635116092,185.1026656694909,187.7781982421875,1560400,0.0,0.0
2022-09-09 00:00:00-04:00,188.20169852502073,188.89464381042964,187.1334091004653,187.67236328125,1380700,0.0,0.0
2022-09-12 00:00:00-04:00,188.41340396198822,190.57885397814326,187.80707325813754,189.5779266357422,1133000,0.0,0.0
2022-09-13 00:00:00-04:00,187.3932388899774,188.58663305668267,185.7089999872518,185.93997192382812,1394800,0.0,0.0
2022-09-14 00:00:00-04:00,186.59443824617816,187.518355420565,184.1595110278105,185.9977264404297,1667500,0.0,0.0
2022-09-15 00:00:00-04:00,185.7367401123047,187.3122446575447,184.2095524359993,185.7367401123047,1476600,0.83,0.0
2022-09-16 00:00:00-04:00,183.74563515341325,184.90552044724564,182.2957748489373,182.92404174804688,3844900,0.0,0.0
2022-09-19 00:00:00-04:00,181.7254760627709,185.5241175377287,180.83623022418124,185.46612548828125,1205800,0.0,0.0
2022-09-20 00:00:00-04:00,184.07424555827743,184.07424555827743,179.4056941420904,181.30984497070312,1802900,0.0,0.0
2022-09-21 00:00:00-04:00,182.16041551898195,182.56637454607912,176.30296877410936,176.37063598632812,1325700,0.0,0.0
2022-09-22 00:00:00-04:00,176.5446301011729,177.18257210109738,174.7371425167935,175.4234161376953,1775800,0.0,0.0
2022-09-23 00:00:00-04:00,174.21518715946587,175.63605117402645,172.15638118964563,174.2635040283203,1880000,0.0,0.0
2022-09-26 00:00:00-04:00,173.21963229896093,173.59659534979983,167.9711308617143,168.8990478515625,1880800,0.0,0.0
2022-09-27 00:00:00-04:00,169.7593002301946,172.9489808253546,168.6864031076665,172.18539428710938,2213800,0.0,0.0
2022-09-28 00:00:00-04:00,172.86198696383906,175.87770606461626,171.54744652215155,174.2925262451172,1743500,0.0,0.0
2022-09-29 00:00:00-04:00,173.4129499888037,178.45846468781744,172.05007785486234,177.63687133789062,2247700,0.0,0.0
2022-09-30 00:00:00-04:00,178.09115888771586,180.2466135603459,175.56840158299318,175.80038452148438,1916000,0.0,0.0
2022-10-03 00:00:00-04:00,177.28890346304297,181.474168343013,175.17210521152037,180.8459014892578,1358900,0.0,0.0
2022-10-04 00:00:00-04:00,181.8414859367447,186.51003793398343,181.76415828321223,186.31671142578125,1592800,0.0,0.0
2022-10-05 00:00:00-04:00,184.7315309086296,185.9880794648906,183.90027707129465,184.25791931152344,987100,0.0,0.0
2022-10-06 00:00:00-04:00,183.7456358025199,183.85195948184008,181.75448192172925,182.5084228515625,1006300,0.0,0.0
2022-10-07 00:00:00-04:00,181.64813856619827,181.94778871999995,177.8978436674168,178.50677490234375,1271500,0.0,0.0
2022-10-10 00:00:00-04:00,180.01465362836936,181.23253092664962,178.27481838172528,178.73876953125,1292000,0.0,0.0
2022-10-11 00:00:00-04:00,178.73876491077283,182.06378001868586,178.30380979754088,179.49269104003906,1175300,0.0,0.0
2022-10-12 00:00:00-04:00,179.41537193659997,182.03479266340366,178.12982738605524,178.81610107421875,1406000,0.0,0.0
2022-10-13 00:00:00-04:00,176.44797386865181,187.9695268145157,175.25909273820432,187.25425720214844,1557600,0.0,0.0
2022-10-14 00:00:00-04:00,188.08551735713155,189.1487540135344,181.77379413466528,182.46006774902344,2065600,0.0,0.0
2022-10-17 00:00:00-04:00,183.648938734565,186.8676297990774,183.648938734565,186.2490234375,1610100,0.0,0.0
2022-10-18 00:00:00-04:00,190.49228997369522,190.7242729023248,186.14270961588466,188.1435089111328,1148400,0.0,0.0
2022-10-19 00:00:00-04:00,187.51525057528002,191.2172286838058,187.37993088130935,189.42906188964844,1415800,0.0,0.0
2022-10-20 00:00:00-04:00,187.53457545263512,189.53537472401098,185.16647356916317,185.7850799560547,1670200,0.0,0.0
2022-10-21 00:00:00-04:00,186.34567617185914,191.3525339692474,185.18579106105634,191.1785430908203,1529000,0.0,0.0
2022-10-24 00:00:00-04:00,192.71541705801337,198.1572154924335,192.71541705801337,196.5817108154297,2022900,0.0,0.0
2022-10-25 00:00:00-04:00,193.76898189684343,194.89021064545847,192.0194863013485,194.69688415527344,1967900,0.0,0.0
2022-10-26 00:00:00-04:00,206.55672141156182,206.8660319621573,196.35936964566145,197.32594299316406,2151500,0.0,0.0
2022-10-27 00:00:00-04:00,199.3461289624274,203.18342703382174,198.7371829225173,200.59300231933594,2061300,0.0,0.0
2022-10-28 00:00:00-04:00,202.25549129672817,207.70696488079793,201.83987179902624,207.3300018310547,1850300,0.0,0.0
2022-10-31 00:00:00-04:00,205.48386340272373,208.29659591745556,204.8555965071097,207.7069854736328,2559600,0.0,0.0
2022-11-01 00:00:00-04:00,208.2482518744645,208.77987023453207,206.17978523153496,206.34410095214844,2298300,0.0,0.0
2022-11-02 00:00:00-04:00,205.29053187179525,207.97760484907693,203.14473765990266,203.5023651123047,2227100,0.0,0.0
2022-11-03 00:00:00-04:00,202.08152233960396,204.62360053514269,200.92162237725825,202.63246154785156,1561800,0.0,0.0
2022-11-04 00:00:00-04:00,203.9470097778517,205.08755943560217,200.1097117789094,202.16851806640625,1864200,0.0,0.0
2022-11-07 00:00:00-05:00,203.31873616951262,206.75006020345825,202.17817180076824,205.0005645751953,2389400,0.0,0.0
2022-11-08 00:00:00-05:00,203.96632378823412,206.43108891753565,202.03317698074113,205.3098602294922,1384400,0.0,0.0
2022-11-09 00:00:00-05:00,204.91355240768186,206.36341244830226,202.74842277080936,203.0963897705078,1544100,0.0,0.0
2022-11-10 00:00:00-05:00,207.85193325536835,207.87126885262558,202.83542979946387,204.82656860351562,2436600,0.0,0.0
2022-11-11 00:00:00-05:00,206.76940466649575,207.10771129641824,198.56319021033065,199.36544799804688,2620200,0.0,0.0
2022-11-14 00:00:00-05:00,199.91640021513388,202.2748419319237,198.1862253783739,198.24423217773438,1555600,0.0,0.0
2022-11-15 00:00:00-05:00,200.03236405886486,200.04203923214908,196.49470184194323,199.7230682373047,1439800,0.0,0.0
2022-11-16 00:00:00-05:00,199.8487265399072,200.84429604004728,198.38920590104667,200.35134887695312,1144100,0.0,0.0
2022-11-17 00:00:00-05:00,199.20111679371243,202.9707620605426,199.1237891486311,202.05250549316406,854100,0.0,0.0
2022-11-18 00:00:00-05:00,204.42063328851964,205.09723178368742,201.26959426300238,203.11575317382812,1444200,0.0,0.0
2022-11-21 00:00:00-05:00,203.48306750954123,204.38197383002782,202.39083468040897,203.34774780273438,963000,0.0,0.0
2022-11-22 00:00:00-05:00,204.33360097746043,206.24742683598657,203.81165785615082,205.8994598388672,1302900,0.0,0.0
2022-11-23 00:00:00-05:00,205.8801608232949,207.34935671093035,205.8801608232949,206.99171447753906,1396300,0.0,0.0
2022-11-25 00:00:00-05:00,207.81328556955197,209.3501337696478,207.4846541460233,209.00216674804688,639400,0.0,0.0
2022-11-28 00:00:00-05:00,207.89059433934236,209.42744239991242,207.68760744986207,208.19989013671875,2027600,0.0,0.0
2022-11-29 00:00:00-05:00,208.3932474134319,209.88176407765692,207.5619936337699,209.4371337890625,1270800,0.0,0.0
2022-11-30 00:00:00-05:00,208.32556180403876,212.64614604215814,208.10325405373266,212.24984741210938,3612300,0.0,0.0
2022-12-01 00:00:00-05:00,214.57930684059485,214.57930684059485,209.65945149822667,211.02232360839844,1746000,0.0,0.0
2022-12-02 00:00:00-05:00,209.93007775002326,212.07587186406442,209.15681608526924,211.834228515625,1109700,0.0,0.0
2022-12-05 00:00:00-05:00,210.27805810747822,211.75691431388708,207.08836275588914,208.22891235351562,2214600,0.0,0.0
2022-12-06 00:00:00-05:00,208.47054723748957,210.94498757084514,207.82294481876124,210.35537719726562,1496700,0.0,0.0
2022-12-07 00:00:00-05:00,209.55309339439404,212.77178423795417,208.97314351765348,210.32635498046875,1762400,0.0,0.0
2022-12-08 00:00:00-05:00,211.03199801885168,212.04690316280806,210.33606390578112,211.85357666015625,1651600,0.0,0.0
2022-12-09 00:00:00-05:00,211.91157329983295,212.37552443672146,209.95909075684682,210.06541442871094,1356900,0.0,0.0
2022-12-12 00:00:00-05:00,209.93975700893884,210.8579988656398,208.41256913994295,210.25872802734375,1327100,0.0,0.0
2022-12-13 00:00:00-05:00,212.6461591178755,212.66549471653352,207.90995510974625,209.78509521484375,2063500,0.0,0.0
2022-12-14 00:00:00-05:00,210.10406759152187,213.7093972045906,208.08393260644505,209.5724639892578,1656500,0.0,0.0
2022-12-15 00:00:00-05:00,207.56394506106173,208.55364267037044,205.05090344649648,206.4481201171875,3117300,0.83,0.0
2022-12-16 00:00:00-05:00,205.06059341512608,206.913846425271,202.81923125765073,205.39048767089844,3937100,0.0,0.0
2022-12-19 00:00:00-05:00,205.45843398295486,208.51483451673312,204.5851809177086,205.66220092773438,1156700,0.0,0.0
2022-12-20 00:00:00-05:00,206.87506619103203,209.815037009883,205.8853684998553,208.32078552246094,1333400,0.0,0.0
2022-12-21 00:00:00-05:00,209.6986030504848,212.31839206041283,208.90297472123257,212.26016235351562,1275500,0.0,0.0
2022-12-22 00:00:00-05:00,210.2904841434554,212.80354095764756,208.61189028804992,210.93087768554688,1199000,0.0,0.0
2022-12-23 00:00:00-05:00,211.2316599336669,213.18194796870435,210.6300862102395,213.12371826171875,848000,0.0,0.0
2022-12-27 00:00:00-05:00,213.26925544341688,215.18072354045347,212.91023889976253,214.33656311035156,1468700,0.0,0.0
2022-12-28 00:00:00-05:00,214.70529299184886,215.72409818939792,213.24986122546952,213.28868103027344,1370500,0.0,0.0
2022-12-29 00:00:00-05:00,214.21041658904213,216.42267132874372,213.17220165839714,215.4814910888672,1268500,0.0,0.0
2022-12-30 00:00:00-05:00,214.60822502508944,215.384458141274,212.38627272049408,214.04547119140625,1227300,0.0,0.0
2023-01-03 00:00:00-05:00,213.46330823561968,214.6664703938067,211.12491116937503,214.21043395996094,1804400,0.0,0.0
2023-01-04 00:00:00-05:00,215.31658242730225,218.56703787295928,214.77322359491885,217.7325897216797,1856800,0.0,0.0
2023-01-05 00:00:00-05:00,217.5870118532044,219.0909607156139,214.64704137246386,216.91751098632812,1542500,0.0,0.0
2023-01-06 00:00:00-05:00,218.34383967198448,223.42815254354014,217.6355337973915,222.06004333496094,1815400,0.0,0.0
2023-01-09 00:00:00-05:00,219.8672345468396,221.08979191797962,216.72349655694242,216.86903381347656,1778500,0.0,0.0
2023-01-10 00:00:00-05:00,217.25713518884828,218.7804792682812,216.44209702639694,218.09158325195312,1189200,0.0,0.0
2023-01-11 00:00:00-05:00,218.14009200853693,219.0036474858992,216.9466274547253,217.9363250732422,1480600,0.0,0.0
2023-01-12 00:00:00-05:00,217.8587118591661,220.1097865926361,216.37417275518936,218.8969268798828,1026200,0.0,0.0
2023-01-13 00:00:00-05:00,217.81019562177661,221.09947058734295,216.9369425463017,220.43968200683594,1081200,0.0,0.0
2023-01-17 00:00:00-05:00,221.00245255922215,221.00245255922215,217.23773122208954,217.95574951171875,2366900,0.0,0.0
2023-01-18 00:00:00-05:00,217.57735791457077,218.25655646440956,213.98728094107526,214.0164031982422,1439000,0.0,0.0
2023-01-19 00:00:00-05:00,214.22016555219975,214.63739705614813,211.2316769853111,212.73562622070312,1530200,0.0,0.0
2023-01-20 00:00:00-05:00,213.32745213830864,214.09397289910748,211.08608994303665,213.88050842285156,1464700,0.0,0.0
2023-01-23 00:00:00-05:00,214.18132873971302,217.16010450953817,213.80291709975697,216.94664001464844,1754700,0.0,0.0
2023-01-24 00:00:00-05:00,216.69435243717797,222.72954307716344,196.64820512958414,221.56520080566406,1533000,0.0,0.0
2023-01-25 00:00:00-05:00,220.73078387151233,223.961844123451,220.25533750465775,222.9430389404297,1640200,0.0,0.0
2023-01-26 00:00:00-05:00,222.94299742395052,224.34021400842786,221.88537263362986,224.24317932128906,1054400,0.0,0.0
2023-01-27 00:00:00-05:00,224.00064581218442,224.4954872684345,220.27474415174166,220.57553100585938,1493600,0.0,0.0
2023-01-30 00:00:00-05:00,220.57550824194308,221.42936616970582,218.18859394634077,219.3529510498047,1711400,0.0,0.0
2023-01-31 00:00:00-05:00,220.0418782940083,220.7890040869298,217.83932072042865,220.7307891845703,2385500,0.0,0.0
2023-02-01 00:00:00-05:00,211.14433454436596,214.41419978236308,205.98239620011375,207.09823608398438,3971300,0.0,0.0
2023-02-02 00:00:00-05:00,205.58458316875928,206.19585441319379,195.73615314583148,203.92538452148438,4027600,0.0,0.0
2023-02-03 00:00:00-05:00,204.7501107374383,205.52634384387974,202.06240971361848,203.60516357421875,2874200,0.0,0.0
2023-02-06 00:00:00-05:00,203.7992091160971,208.04907371129258,202.7901164862417,207.4960174560547,2194400,0.0,0.0
2023-02-07 00:00:00-05:00,205.9629819002368,209.64036590590086,205.27407109318008,208.7574005126953,1760500,0.0,0.0
2023-02-08 00:00:00-05:00,207.42813329385348,211.571266517031,206.6810075113814,208.9514923095703,2287200,0.0,0.0
2023-02-09 00:00:00-05:00,209.81500763439033,211.03756474850132,206.95264721071112,207.069091796875,1775400,0.0,0.0
2023-02-10 00:00:00-05:00,207.37959817145403,208.75740500983287,206.8653468446442,208.3110809326172,1749300,0.0,0.0
2023-02-13 00:00:00-05:00,208.1849121196053,210.1448972833293,207.77739309048897,209.09698486328125,1500100,0.0,0.0
2023-02-14 00:00:00-05:00,209.02910467625722,209.60158576057947,206.67131230445474,206.9818115234375,1596200,0.0,0.0
2023-02-15 00:00:00-05:00,205.95328651361612,207.02060903348354,205.45844505735965,206.62278747558594,1598800,0.0,0.0
2023-02-16 00:00:00-05:00,205.5845715222963,206.49664436868545,203.81864072517413,204.0126953125,1415800,0.0,0.0
2023-02-17 00:00:00-05:00,204.00300598723265,205.34200786295588,202.88718096107434,204.35231018066406,1689500,0.0,0.0
2023-02-21 00:00:00-05:00,203.65370367115924,204.05152521839884,201.0824469495699,202.56698608398438,1595600,0.0,0.0
2023-02-22 00:00:00-05:00,203.352923865285,205.03151765474925,202.41174349187378,203.62460327148438,1191100,0.0,0.0
2023-02-23 00:00:00-05:00,203.89625988247363,205.36138900249443,200.9077719429702,202.4020233154297,1278800,0.0,0.0
2023-02-24 00:00:00-05:00,201.10185776447204,204.7695447132863,201.10185776447204,204.64341735839844,1996100,0.0,0.0
2023-02-27 00:00:00-05:00,205.53603970520854,207.2243455874673,205.08000331411708,205.39048767089844,2550000,0.0,0.0
2023-02-28 00:00:00-05:00,205.26438868275605,207.49605360157923,204.6919224295055,204.75013732910156,2017600,0.0,0.0
2023-03-01 00:00:00-05:00,203.77014053241976,205.32260697256098,203.0424246646193,203.27529907226562,1862100,0.0,0.0
2023-03-02 00:00:00-05:00,202.46024632766998,203.17824979025133,200.76224275796258,202.2079620361328,1509700,0.0,0.0
2023-03-03 00:00:00-05:00,202.33406785337027,202.89683642636538,200.30617036466592,200.94656372070312,1917400,0.0,0.0
2023-03-06 00:00:00-05:00,201.674314880013,202.43113814103134,201.3347082451439,201.87806701660156,2481700,0.0,0.0
2023-03-07 00:00:00-05:00,202.19827160819585,202.19827160819585,199.45235539070336,200.655517578125,1367800,0.0,0.0
2023-03-08 00:00:00-05:00,200.65551791390166,201.6063958024941,195.85259631494415,197.32742309570312,1286400,0.0,0.0
2023-03-09 00:00:00-05:00,197.82227172104893,197.99691640990238,191.7773683629638,192.96112060546875,1520700,0.0,0.0
2023-03-10 00:00:00-05:00,192.602131139144,194.89201097311576,191.6706483230296,192.50509643554688,2483800,0.0,0.0
2023-03-13 00:00:00-04:00,189.20612170104582,190.00176480659394,184.56814718429456,186.27584838867188,2254100,0.0,0.0
2023-03-14 00:00:00-04:00,189.79796479473936,190.69062764191418,186.31463573985386,188.24549865722656,2953600,0.0,0.0
2023-03-15 00:00:00-04:00,183.79192532704758,185.41230428243827,179.76523661570008,181.83193969726562,2654400,0.0,0.0
2023-03-16 00:00:00-04:00,180.38951887040244,187.26048263777875,179.6098324018912,186.9875946044922,2403400,0.83,0.0
2023-03-17 00:00:00-04:00,187.58208033772618,190.36944907495464,181.90987649019837,182.0560760498047,4798600,0.0,0.0
2023-03-20 00:00:00-04:00,183.33279746116153,185.78880421989479,182.82599911097975,184.77520751953125,2301500,0.0,0.0
2023-03-21 00:00:00-04:00,188.28380965670655,190.252514533436,186.92911025613648,189.35586547851562,2260200,0.0,0.0
2023-03-22 00:00:00-04:00,190.24275254924657,190.87625425424002,185.17481326570456,185.2137908935547,1406700,0.0,0.0
2023-03-23 00:00:00-04:00,185.48670527184584,185.67186760471347,180.27256610026174,181.28614807128906,1763100,0.0,0.0
2023-03-24 00:00:00-04:00,179.32719497329447,181.99761616514516,178.74242643247754,181.81243896484375,1855100,0.0,0.0
2023-03-27 00:00:00-04:00,184.2976746620419,185.90576576999337,182.6603317442125,184.1222381591797,1975500,0.0,0.0
2023-03-28 00:00:00-04:00,183.34256952354514,185.68162893684013,182.75781582368327,184.74600219726562,1316800,0.0,0.0
2023-03-29 00:00:00-04:00,186.8608920234516,188.58594592533237,186.3541084574873,188.35203552246094,1633700,0.0,0.0
2023-03-30 00:00:00-04:00,188.6346531387839,189.16093288366045,186.29559404606022,188.50794982910156,996600,0.0,0.0
2023-03-31 00:00:00-04:00,190.08681752557337,190.73005993740804,188.33254166970642,189.2486572265625,1989200,0.0,0.0
2023-04-03 00:00:00-04:00,189.51181707939907,192.4356301941379,189.51181707939907,191.6851806640625,1802900,0.0,0.0
2023-04-04 00:00:00-04:00,192.3089192996316,193.23479037034477,188.7223678976318,190.49615478515625,1110700,0.0,0.0
2023-04-05 00:00:00-04:00,189.38513823152272,192.2212257945261,189.38513823152272,191.01272583007812,1227300,0.0,0.0
2023-04-06 00:00:00-04:00,192.1529668700918,193.30299268326297,190.75927513661847,191.80210876464844,1248300,0.0,0.0
2023-04-10 00:00:00-04:00,192.07501901734128,192.92292000742768,190.1842842783279,191.0516815185547,946200,0.0,0.0
2023-04-11 00:00:00-04:00,191.67541079937143,193.69284867968554,190.6325920135741,193.0496063232422,1631500,0.0,0.0
2023-04-12 00:00:00-04:00,193.26403529718658,195.33019165045224,192.7182592696282,194.17041015625,1508000,0.0,0.0
2023-04-13 00:00:00-04:00,191.860591547362,195.50561676367863,191.7826214235002,195.0377960205078,1218700,0.0,0.0
2023-04-14 00:00:00-04:00,195.4666365515663,196.00267189225673,189.7359584934238,190.8080291748047,1415100,0.0,0.0
2023-04-17 00:00:00-04:00,190.80804938593343,193.20558276766792,189.84318567048854,193.1763458251953,2183000,0.0,0.0
2023-04-18 00:00:00-04:00,194.08268833526776,196.87979775356678,193.3809720906809,196.56793212890625,1867700,0.0,0.0
2023-04-19 00:00:00-04:00,198.80952152917115,200.49558267715753,198.0980497364622,199.3065643310547,1620100,0.0,0.0
2023-04-20 00:00:00-04:00,198.77054839424287,200.03753698644013,197.7179739424766,198.78030395507812,1271800,0.0,0.0
2023-04-21 00:00:00-04:00,197.50357202853206,197.7472231239886,193.5564361791628,196.08065795898438,1812900,0.0,0.0
2023-04-24 00:00:00-04:00,196.15861469975786,197.64000255165607,195.2034917634636,195.4763946533203,995100,0.0,0.0
2023-04-25 00:00:00-04:00,194.63823764781282,196.25606953643214,194.42382350511352,196.07089233398438,1513700,0.0,0.0
2023-04-26 00:00:00-04:00,196.8798193706387,199.14090860063365,191.6169618296648,193.33226013183594,2219500,0.0,0.0
2023-04-27 00:00:00-04:00,192.62077983820308,194.4725219306887,192.00677441316776,193.97547912597656,2089600,0.0,0.0
2023-04-28 00:00:00-04:00,193.5758994099978,197.47431657179033,193.52718109250043,196.4412384033203,2035400,0.0,0.0
2023-05-01 00:00:00-04:00,196.13911825803115,198.89725025212647,195.5251127811959,197.0065155029297,1264300,0.0,0.0
2023-05-02 00:00:00-04:00,196.12940049678568,196.4997400670519,192.05554625358982,195.40818786621094,1708300,0.0,0.0
2023-05-03 00:00:00-04:00,195.94422383709036,196.09040855323468,192.59158221486908,192.75726318359375,1283600,0.0,0.0
2023-05-04 00:00:00-04:00,192.26019587888996,192.60129846370063,189.39485683581637,190.5059051513672,1346000,0.0,0.0
2023-05-05 00:00:00-04:00,192.97166159037502,195.26198776483426,191.91908710623727,193.87803649902344,1395800,0.0,0.0
2023-05-08 00:00:00-04:00,194.94036621743157,195.46664602297687,193.40048956014255,194.58950805664062,1332400,0.0,0.0
2023-05-09 00:00:00-04:00,194.53100494254363,197.25988481497504,193.85852566280877,196.36325073242188,1131200,0.0,0.0
2023-05-10 00:00:00-04:00,196.66540678660786,197.4840857492075,194.0339779952123,195.37893676757812,1001700,0.0,0.0
2023-05-11 00:00:00-04:00,194.79417092221505,196.62643189896878,193.9657661294251,196.27557373046875,1746500,0.0,0.0
2023-05-12 00:00:00-04:00,197.60102021768554,198.29299580842076,193.94625412241393,195.1840057373047,932700,0.0,0.0
2023-05-15 00:00:00-04:00,195.55434287876514,195.89546032535657,193.3907201869617,194.96958923339844,995300,0.0,0.0
2023-05-16 00:00:00-04:00,195.05728558831572,195.4081436980362,193.47843153021353,194.531005859375,1220200,0.0,0.0
2023-05-17 00:00:00-04:00,195.5056388527009,196.4217544512024,193.5661708396209,193.87803649902344,1386500,0.0,0.0
2023-05-18 00:00:00-04:00,194.4043162214882,195.66154919479874,192.6890180485241,195.5446014404297,1504600,0.0,0.0
2023-05-19 00:00:00-04:00,196.94804515537655,197.45484357187323,195.12553981371448,196.07089233398438,1670400,0.0,0.0
2023-05-22 00:00:00-04:00,195.10603280844873,195.9539337715693,192.20171622372592,193.16656494140625,1952900,0.0,0.0
2023-05-23 00:00:00-04:00,193.06914084571451,194.14119678103103,191.40256075023373,191.4512939453125,1568500,0.0,0.0
2023-05-24 00:00:00-04:00,191.1004135288911,191.50974555162324,188.97576841515024,189.14146423339844,1784900,0.0,0.0
2023-05-25 00:00:00-04:00,187.9037296607495,188.09864756479843,184.86295384671152,185.74984741210938,2243400,0.0,0.0
2023-05-26 00:00:00-04:00,185.78882211473774,186.24688732456974,183.7226508901929,185.2625274658203,2618200,0.0,0.0
2023-05-30 00:00:00-04:00,185.43797404595185,186.15917174813822,184.19048166625856,185.2722930908203,1288400,0.0,0.0
2023-05-31 00:00:00-04:00,184.85321139279813,185.27229901022355,180.8963199803541,181.0814971923828,5838700,0.0,0.0
2023-06-01 00:00:00-04:00,182.37771081079393,183.58621064765694,180.3700282948477,182.9332275390625,1560500,0.0,0.0
2023-06-02 00:00:00-04:00,183.6252149619562,188.35203728622932,183.50825232378398,187.4748992919922,1683500,0.0,0.0
2023-06-05 00:00:00-04:00,188.25455666653286,188.42997828974683,186.35408139197978,186.46128845214844,1214500,0.0,0.0
2023-06-06 00:00:00-04:00,185.798569286614,187.07529858232806,185.262533929674,186.75367736816406,1943700,0.0,0.0
2023-06-07 00:00:00-04:00,186.422306410821,188.40075191930472,184.6777712843555,187.69903564453125,1570600,0.0,0.0
2023-06-08 00:00:00-04:00,187.7575298662369,187.9816995833575,185.798580395151,186.7342071533203,1917100,0.0,0.0
2023-06-09 00:00:00-04:00,185.30153800572924,187.35795386987525,183.95657918453642,186.29562377929688,2500500,0.0,0.0
2023-06-12 00:00:00-04:00,185.95452757149633,186.66598463896247,184.66804259015476,185.71087646484375,1949400,0.0,0.0
2023-06-13 00:00:00-04:00,187.0947853127054,189.42408895317206,186.36383210078557,187.01681518554688,2551200,0.0,0.0
2023-06-14 00:00:00-04:00,186.83163453851267,187.54309148766993,183.80061468093473,184.0442657470703,2652800,0.0,0.0
2023-06-15 00:00:00-04:00,184.08344514614905,188.9591751190622,184.0638597014699,187.25559997558594,2631700,0.86,0.0
2023-06-16 00:00:00-04:00,188.37170748278558,191.74948664542205,187.931132138755,190.85853576660156,3378500,0.0,0.0
2023-06-20 00:00:00-04:00,189.9480384375516,191.24040898060483,188.42070229708378,189.22354125976562,2321000,0.0,0.0
2023-06-21 00:00:00-04:00,188.79273389497743,191.0935231497159,187.60806100500665,189.8599090576172,1656300,0.0,0.0
2023-06-22 00:00:00-04:00,190.90749833345518,191.14246389055188,188.47941135514088,191.05435180664062,1493600,0.0,0.0
2023-06-23 00:00:00-04:00,190.24174254741826,191.05436668740762,188.96895756985273,189.19415283203125,2067200,0.0,0.0
2023-06-26 00:00:00-04:00,188.67525936947803,189.9284589608985,185.43454791144111,186.78565979003906,1649200,0.0,0.0
2023-06-27 00:00:00-04:00,186.87375221313107,188.0584250302735,185.76742116893777,185.77720642089844,1666700,0.0,0.0
2023-06-28 00:00:00-04:00,185.2877003159606,185.2877003159606,180.64693562738256,181.04835510253906,2680000,0.0,0.0
2023-06-29 00:00:00-04:00,180.4315325518965,185.35623370070104,179.86368909915444,185.14083862304688,2016200,0.0,0.0
2023-06-30 00:00:00-04:00,186.14928033754816,188.90044538172359,185.51288033039756,188.5283966064453,2117900,0.0,0.0
2023-07-03 00:00:00-04:00,187.85282933353156,189.09624363445835,186.68774187212082,188.27383422851562,499400,0.0,0.0
2023-07-05 00:00:00-04:00,186.87374926564883,187.30453937417866,184.3281944396422,187.11851501464844,1095400,0.0,0.0
2023-07-06 00:00:00-04:00,186.23735878038102,188.49899184389088,185.3072519495816,188.18569946289062,1353400,0.0,0.0
2023-07-07 00:00:00-04:00,186.06111878650137,189.93821469059782,186.06111878650137,187.51992797851562,1734000,0.0,0.0
2023-07-10 00:00:00-04:00,187.51995704173714,188.841698221452,183.956167904113,184.1519775390625,1253900,0.0,0.0
2023-07-11 00:00:00-04:00,183.96595207185652,188.17592642536454,183.83868402651476,188.0878143310547,1380400,0.0,0.0
2023-07-12 00:00:00-04:00,188.90043877658482,189.63473610886282,185.3660203529806,186.29612731933594,2024200,0.0,0.0
2023-07-13 00:00:00-04:00,184.4946216112248,186.70729846316758,184.06383153011924,186.02195739746094,1657200,0.0,0.0
2023-07-14 00:00:00-04:00,185.56183567038997,185.60100656199563,182.6148609980761,184.386962890625,2514300,0.0,0.0
2023-07-17 00:00:00-04:00,184.3869609318508,189.1745790365048,184.32821953438426,187.6570281982422,1740100,0.0,0.0
2023-07-18 00:00:00-04:00,187.39267576672862,189.95783130772813,187.29477841801906,188.9591827392578,1998500,0.0,0.0
2023-07-19 00:00:00-04:00,189.73263153299615,190.41798765429576,188.6360856418245,189.14520263671875,1909900,0.0,0.0
2023-07-20 00:00:00-04:00,191.10334592625114,195.44058867527318,190.30050694176333,195.2154083251953,2655300,0.0,0.0
2023-07-21 00:00:00-04:00,196.00842090849574,196.49795243670843,194.16779252115137,195.6265869140625,1804900,0.0,0.0
2023-07-24 00:00:00-04:00,195.49931372548986,198.15258131456045,195.01958236498223,196.34130859375,1579100,0.0,0.0
2023-07-25 00:00:00-04:00,195.86157678145574,196.1944546511049,191.2697684371937,191.42642211914062,1906300,0.0,0.0
2023-07-26 00:00:00-04:00,201.79469500269076,204.61440149540047,199.3176665687791,201.5792999267578,2890900,0.0,0.0
2023-07-27 00:00:00-04:00,202.66604499623335,207.54177464936612,201.7065674203225,206.77810668945312,4022400,0.0,0.0
2023-07-28 00:00:00-04:00,207.5124118166737,207.5124118166737,201.29537037210702,201.6674041748047,2260200,0.0,0.0
2023-07-31 00:00:00-04:00,201.1191431671937,202.13737717218683,198.98479274867557,200.1302947998047,2164200,0.0,0.0
2023-08-01 00:00:00-04:00,200.89395011050505,202.1569348747908,198.81834122001635,198.96519470214844,1241600,0.0,0.0
2023-08-02 00:00:00-04:00,198.77917110000143,202.95977453287603,198.70084426278947,201.2464141845703,1564100,0.0,0.0
2023-08-03 00:00:00-04:00,200.92331942310426,201.05060239961983,198.41692041653508,198.65188598632812,1486000,0.0,0.0
2023-08-04 00:00:00-04:00,198.270055069951,199.8463471954554,196.50775351191555,196.71334838867188,1489100,0.0,0.0
2023-08-07 00:00:00-04:00,198.03511180136266,200.77649166830574,197.6434775693317,198.7694091796875,1318000,0.0,0.0
2023-08-08 00:00:00-04:00,197.4672241607912,197.93717023039727,195.93008803865914,196.8699951171875,1571400,0.0,0.0
2023-08-09 00:00:00-04:00,196.47834917362687,198.70082629316101,195.9398764928812,196.79165649414062,1654900,0.0,0.0
2023-08-10 00:00:00-04:00,198.90645146181078,200.9331041929926,196.8014569551307,197.38890075683594,1717100,0.0,0.0
2023-08-11 00:00:00-04:00,196.88959227023847,198.5735819707372,196.46858737545526,197.54556274414062,1328200,0.0,0.0
2023-08-14 00:00:00-04:00,198.2700564862601,198.3190126275145,196.33151579498337,197.44764709472656,1891200,0.0,0.0
2023-08-15 00:00:00-04:00,195.9790542303135,196.7133515376886,194.53983031271295,195.19580078125,1321600,0.0,0.0
2023-08-16 00:00:00-04:00,195.10770148512358,198.64212002065182,195.0391748337194,197.8001251220703,1444200,0.0,0.0
2023-08-17 00:00:00-04:00,198.74979399032222,199.4645058152592,195.32307340428218,195.8517608642578,1550800,0.0,0.0
2023-08-18 00:00:00-04:00,195.2349750662318,196.72314021208885,194.76501402502907,195.71470642089844,1303800,0.0,0.0
2023-08-21 00:00:00-04:00,196.0475813679518,196.742707735019,193.95238713622874,195.86155700683594,1965200,0.0,0.0
2023-08-22 00:00:00-04:00,195.01958487350808,196.23361357871957,194.33424367874068,194.9314727783203,1254600,0.0,0.0
2023-08-23 00:00:00-04:00,195.40140694616784,197.12455255042727,195.40140694616784,197.06581115722656,1391000,0.0,0.0
2023-08-24 00:00:00-04:00,196.4979690123303,199.12186599333424,196.3217448181803,196.9581298828125,922300,0.0,0.0
2023-08-25 00:00:00-04:00,197.35953690026741,198.9358290521766,196.24340558980057,197.4084930419922,1228400,0.0,0.0
2023-08-28 00:00:00-04:00,197.6532430706938,198.4364815186472,195.74405827068898,196.5664825439453,1147800,0.0,0.0
2023-08-29 00:00:00-04:00,197.2812042738817,197.77073579813452,195.1468539990114,197.7021942138672,1138600,0.0,0.0
2023-08-30 00:00:00-04:00,197.70219026497696,198.8477071554466,196.73292742747898,197.53575134277344,1392000,0.0,0.0
2023-08-31 00:00:00-04:00,198.29943176165332,198.35818809610532,195.98884227067444,196.66439819335938,1763200,0.0,0.0
2023-09-01 00:00:00-04:00,198.31899487252483,200.0715259730421,197.98611704470343,199.03370666503906,1247600,0.0,0.0
2023-09-05 00:00:00-04:00,198.2406994023107,198.87709940368518,195.54827578091783,195.87136840820312,1787100,0.0,0.0
2023-09-06 00:00:00-04:00,195.25454766299168,198.2798640082816,194.51046508209396,197.71200561523438,1736300,0.0,0.0
2023-09-07 00:00:00-04:00,198.41693244195068,201.51077543914343,198.3092349028295,199.7484588623047,1662500,0.0,0.0
2023-09-08 00:00:00-04:00,199.74845688273797,202.1765291760321,199.71908618502485,200.3848419189453,1779100,0.0,0.0
2023-09-11 00:00:00-04:00,201.19746872706284,203.05768265684154,200.7275226181545,202.02967834472656,1257200,0.0,0.0
2023-09-12 00:00:00-04:00,202.48983761728917,205.37807077591506,201.94154973197988,203.92904663085938,1581000,0.0,0.0
2023-09-13 00:00:00-04:00,205.21161588815946,205.59344987009945,203.7430213515724,205.4759521484375,1637700,0.0,0.0
2023-09-14 00:00:00-04:00,206.6851821795991,208.78899759130533,205.7610736808594,208.395751953125,1883300,0.86,0.0
2023-09-15 00:00:00-04:00,207.7763959900884,208.8479621324541,206.88177911859296,208.6120147705078,3842000,0.0,0.0
2023-09-18 00:00:00-04:00,208.61202238797046,210.75516975174475,207.42249002158886,210.48973083496094,1565200,0.0,0.0
2023-09-19 00:00:00-04:00,211.1189287350402,211.48266783994276,208.9167980711175,210.6470489501953,1936600,0.0,0.0
2023-09-20 00:00:00-04:00,211.364684068606,212.4460907781089,209.9686958622938,210.14564514160156,2128200,0.0,0.0
2023-09-21 00:00:00-04:00,209.90972365580436,211.22706280603916,208.74966776173815,208.8971405029297,1465100,0.0,0.0
2023-09-22 00:00:00-04:00,208.7594897264809,210.9419540952374,208.7594897264809,209.47714233398438,1233000,0.0,0.0
2023-09-25 00:00:00-04:00,208.15978953978376,209.1625320207066,207.50112006674365,208.64149475097656,1029400,0.0,0.0
2023-09-26 00:00:00-04:00,208.18930997535205,209.63445581105483,207.45199128369907,208.38592529296875,1361200,0.0,0.0
2023-09-27 00:00:00-04:00,208.5825290880835,209.10356640133884,205.96750200595787,208.05166625976562,1551400,0.0,0.0
2023-09-28 00:00:00-04:00,208.93644557025596,209.65409820032949,208.27777603295743,208.68084716796875,1058700,0.0,0.0
2023-09-29 00:00:00-04:00,208.41543634215927,208.45475340904665,203.43115431982437,204.66001892089844,1716300,0.0,0.0
2023-10-02 00:00:00-04:00,203.4901306450782,203.85386972781865,202.0253187970692,202.91009521484375,1479600,0.0,0.0
2023-10-03 00:00:00-04:00,202.70365325094988,202.80195340749353,200.71780407901093,201.44529724121094,1483500,0.0,0.0
2023-10-04 00:00:00-04:00,201.5140965110215,204.3355793871404,200.6981287455143,204.1586151123047,1788200,0.0,0.0
2023-10-05 00:00:00-04:00,205.29900590489405,207.92385848855594,203.8047025798389,207.1963653564453,1619900,0.0,0.0
2023-10-06 00:00:00-04:00,206.8915970019983,207.64858163463285,205.50543442816743,206.00682067871094,1466700,0.0,0.0
2023-10-09 00:00:00-04:00,206.13460679156054,207.08820669236817,205.37763718019423,206.93092346191406,1233600,0.0,0.0
2023-10-10 00:00:00-04:00,207.29468296985306,207.7469116791345,204.52235762339336,206.1248016357422,1526200,0.0,0.0
2023-10-11 00:00:00-04:00,205.9969969343382,206.8424562679758,204.68949837259302,206.6261749267578,1759600,0.0,0.0
2023-10-12 00:00:00-04:00,207.4224792243961,208.25809799183074,204.88610137583407,205.8003692626953,1450700,0.0,0.0
2023-10-13 00:00:00-04:00,206.1739638845334,209.14290460634012,206.1739638845334,207.3733367919922,1600800,0.0,0.0
2023-10-16 00:00:00-04:00,208.4154112197941,211.81691462589728,208.4154112197941,210.40126037597656,1286400,0.0,0.0
2023-10-17 00:00:00-04:00,210.8829673927168,213.2423961624454,210.52905382729685,212.4755859375,1120500,0.0,0.0
2023-10-18 00:00:00-04:00,212.5935694729477,215.00214101710787,211.06977441414006,211.52200317382812,1672600,0.0,0.0
2023-10-19 00:00:00-04:00,211.49249030585173,212.21014293833306,206.39024275268324,206.98992919921875,1818700,0.0,0.0
2023-10-20 00:00:00-04:00,205.85936853681002,207.84521770629965,203.775219210898,204.4732208251953,1372000,0.0,0.0
2023-10-23 00:00:00-04:00,203.2541677580139,204.2962423485701,202.16293559226833,203.02806091308594,1366100,0.0,0.0
2023-10-24 00:00:00-04:00,203.9620086999915,208.15981389324548,203.9620086999915,207.86488342285156,2495600,0.0,0.0
2023-10-25 00:00:00-04:00,211.35486358658676,214.80550962234196,207.6879212029934,212.00369262695312,2927600,0.0,0.0
2023-10-26 00:00:00-04:00,213.20306927974167,213.86173884790284,208.77915710489052,209.4869842529297,2522000,0.0,0.0
2023-10-27 00:00:00-04:00,207.78624295408326,208.65136836973818,203.95219168158977,205.0237579345703,1881000,0.0,0.0
2023-10-30 00:00:00-04:00,206.694976909389,210.74530887425874,206.694976909389,210.08663940429688,2457700,0.0,0.0
2023-10-31 00:00:00-04:00,211.41385658317895,212.02336858935084,209.22156646351976,210.99111938476562,3328200,0.0,0.0
2023-11-01 00:00:00-04:00,212.22981147746637,217.90223899692734,211.6694420860288,216.58489990234375,2233000,0.0,0.0
2023-11-02 00:00:00-04:00,215.7689495564359,217.65648371047283,211.89556608376915,214.90383911132812,3388600,0.0,0.0
2023-11-03 00:00:00-04:00,215.92624055802688,216.27032862174252,212.78035040709264,215.09060668945312,2010000,0.0,0.0
2023-11-06 00:00:00-05:00,216.19166685473868,216.23098391648244,213.97971086218382,215.83775329589844,1409500,0.0,0.0
2023-11-07 00:00:00-05:00,215.42485742268096,216.4472660403667,214.89397958210847,215.23806762695312,1200500,0.0,0.0
2023-11-08 00:00:00-05:00,215.97537954429714,217.20424395064344,213.7240915514305,215.30686950683594,1279500,0.0,0.0
2023-11-09 00:00:00-05:00,215.92623035498409,216.72253212110095,214.7563489945756,215.1299285888672,1529600,0.0,0.0
2023-11-10 00:00:00-05:00,216.44725684707862,218.84600254147293,215.13974333330515,218.6788787841797,2492200,0.0,0.0
2023-11-13 00:00:00-05:00,219.1900971138332,220.49759566584532,217.56798706677333,218.24632263183594,1351500,0.0,0.0
2023-11-14 00:00:00-05:00,216.52591438231374,217.37137371727727,213.08509394945062,215.83775329589844,2597800,0.0,0.0
2023-11-15 00:00:00-05:00,215.83777185572603,216.80119745955213,212.60339197027082,214.53025817871094,2425000,0.0,0.0
2023-11-16 00:00:00-05:00,216.01470062812803,219.3080632987879,215.32653954791468,218.24632263183594,1680200,0.0,0.0
2023-11-17 00:00:00-05:00,218.2463244022733,220.12403286556273,217.77444465783998,218.8656768798828,1503600,0.0,0.0
2023-11-20 00:00:00-05:00,218.2463289265911,220.45828496300925,217.52867627944022,219.38671875,1406600,0.0,0.0
2023-11-21 00:00:00-05:00,220.78271100362548,222.58177041277892,219.48502290491,221.48069763183594,1366200,0.0,0.0
2023-11-22 00:00:00-05:00,220.7532073122277,223.61400728092286,220.330470151524,222.8373565673828,1302900,0.0,0.0
2023-11-24 00:00:00-05:00,223.55502441678888,225.0886599174093,222.6210903945354,223.20111083984375,782500,0.0,0.0
2023-11-27 00:00:00-05:00,223.66315956917302,224.74456630557154,223.20110532732886,224.4889678955078,1373600,0.0,0.0
2023-11-28 00:00:00-05:00,224.0859083211044,224.19404900032916,220.89086052675862,221.185791015625,1374300,0.0,0.0
2023-11-29 00:00:00-05:00,220.15352245725072,222.0902139962997,219.54401050107023,221.2742462158203,2326600,0.0,0.0
2023-11-30 00:00:00-05:00,221.19558631714287,226.40597423943717,220.713866084436,225.55067443847656,5225900,0.0,0.0
2023-12-01 00:00:00-05:00,224.47911993567553,225.82596555376372,223.87943349279183,224.79371643066406,1576000,0.0,0.0
2023-12-04 00:00:00-05:00,224.58725464315046,226.50428010613373,223.66314621463897,224.26283264160156,2164600,0.0,0.0
2023-12-05 00:00:00-05:00,223.83026919568618,224.86251828779643,222.63091134671154,223.04380798339844,1636900,0.0,0.0
2023-12-06 00:00:00-05:00,223.21094673747845,223.94826542412454,219.06229906055358,220.4976043701172,1842900,0.0,0.0
2023-12-07 00:00:00-05:00,221.19561530537274,221.48070527586418,219.15078292823299,219.35723876953125,2204600,0.0,0.0
2023-12-08 00:00:00-05:00,219.13108966026437,219.67179298618788,217.89239976879165,219.14093017578125,2550900,0.0,0.0
2023-12-11 00:00:00-05:00,220.12403168120045,221.35289611379062,218.49209611453193,220.674560546875,2119100,0.0,0.0
2023-12-12 00:00:00-05:00,221.70681117221054,224.1252079914893,220.96949250766195,223.23060607910156,1795100,0.0,0.0
2023-12-13 00:00:00-05:00,223.0733109702089,224.3808245538392,221.95258718435247,222.28683471679688,2338600,0.0,0.0
2023-12-14 00:00:00-05:00,221.67497256517487,221.67497256517487,215.2999479471839,217.60916137695312,4839700,0.86,0.0
2023-12-15 00:00:00-05:00,216.32628528595637,218.95128137450217,214.67824098991744,217.1749725341797,5574700,0.0,0.0
2023-12-18 00:00:00-05:00,217.37235228356909,218.68485794003698,216.30655787700735,217.4118194580078,1492200,0.0,0.0
2023-12-19 00:00:00-05:00,217.3723399969856,218.95128287230224,216.5729980017606,218.89207458496094,1854000,0.0,0.0
2023-12-20 00:00:00-05:00,217.37231865679874,218.50718420758326,215.8427061323946,215.9315185546875,1672200,0.0,0.0
2023-12-21 00:00:00-05:00,215.21114403778364,217.27364632655687,214.0565372772064,217.12562561035156,1572700,0.0,0.0
2023-12-22 00:00:00-05:00,217.92497672157918,218.81313117212787,217.31313765822608,217.8657684326172,1004500,0.0,0.0
2023-12-26 00:00:00-05:00,217.3328450881761,219.52364194035212,217.3328450881761,219.14865112304688,1134200,0.0,0.0
2023-12-27 00:00:00-05:00,218.1025907480459,220.15522999237507,218.1025907480459,219.760498046875,1009400,0.0,0.0
2023-12-28 00:00:00-05:00,221.44799595444294,222.6519479719787,221.1322134074817,221.47760009765625,1327400,0.0,0.0
2023-12-29 00:00:00-05:00,221.4480043117027,223.6388013405165,221.3295877343806,223.02696228027344,1671600,0.0,0.0
2024-01-02 00:00:00-05:00,223.3920882529847,225.47433171602626,223.3131388494027,224.3592071533203,2399300,0.0,0.0
2024-01-03 00:00:00-05:00,226.0664384885535,226.4710485239973,223.37235604451337,223.4315643310547,1811100,0.0,0.0
2024-01-04 00:00:00-05:00,225.74078239590912,227.16184153372362,224.2901191142284,224.3098602294922,1583900,0.0,0.0
2024-01-05 00:00:00-05:00,225.71119122602653,226.1059232056382,223.648688775145,224.70460510253906,1439200,0.0,0.0
2024-01-08 00:00:00-05:00,224.65524159043213,224.99078030970992,220.7473441123362,223.2243194580078,1535500,0.0,0.0
2024-01-09 00:00:00-05:00,223.2243149243701,223.2243149243701,219.92825654932892,222.3460235595703,1293300,0.0,0.0
2024-01-10 00:00:00-05:00,221.78353396692847,223.10590255309978,220.60918609635152,222.2868194580078,1716800,0.0,0.0
2024-01-11 00:00:00-05:00,223.0269508496266,225.08945310859397,221.78353167729517,224.71446228027344,1555100,0.0,0.0
2024-01-12 00:00:00-05:00,225.69142996468634,226.41182253930316,223.57958244033932,224.5565643310547,1446800,0.0,0.0
2024-01-16 00:00:00-05:00,224.8230193824356,225.63222439557205,223.0861626669178,224.73419189453125,1655000,0.0,0.0
2024-01-17 00:00:00-05:00,225.00064899156283,229.2243441802685,224.68485137914496,225.2473602294922,2164500,0.0,0.0
2024-01-18 00:00:00-05:00,225.18814572051627,227.21118082725928,223.75722359166923,227.00393676757812,1280500,0.0,0.0
2024-01-19 00:00:00-05:00,229.85591713705176,234.90855831277744,229.30328639071408,234.1980438232422,3549600,0.0,0.0
2024-01-22 00:00:00-05:00,234.54343618910318,237.16844735581867,234.54343618910318,235.85594177246094,2550200,0.0,0.0
2024-01-23 00:00:00-05:00,236.84280013088213,238.9447848006228,236.57634776447816,237.18820190429688,2228600,0.0,0.0
2024-01-24 00:00:00-05:00,238.5598915958179,241.1256793015091,238.08619520191888,238.40199279785156,2475000,0.0,0.0
2024-01-25 00:00:00-05:00,238.52040959878622,239.99081392241573,236.02369320349578,238.036865234375,2020100,0.0,0.0
2024-01-26 00:00:00-05:00,237.87897959306503,238.36252398422053,236.96120595403488,238.0664825439453,1764000,0.0,0.0
2024-01-29 00:00:00-05:00,237.5829239464682,239.72437570113698,237.05003429400344,239.57635498046875,1738500,0.0,0.0
2024-01-30 00:00:00-05:00,240.38555766660437,240.780304681292,238.94477247265658,239.97108459472656,2641100,0.0,0.0
2024-01-31 00:00:00-05:00,243.94807928869102,245.28032605263252,241.00728542543757,241.7770233154297,3530900,0.0,0.0
2024-02-01 00:00:00-05:00,241.51053879979384,242.63554133986642,239.17172129602503,241.72764587402344,2030000,0.0,0.0
2024-02-02 00:00:00-05:00,242.58622817097498,244.92504583891142,242.58622817097498,243.4447784423828,2094600,0.0,0.0
2024-02-05 00:00:00-05:00,243.07965142412883,246.33622766059702,242.58622895702047,245.97109985351562,2139000,0.0,0.0
2024-02-06 00:00:00-05:00,245.81319847812253,246.3362250831402,243.8789908598086,244.41188049316406,1425900,0.0,0.0
2024-02-07 00:00:00-05:00,244.39213231971144,245.0829357929298,242.6256865825118,243.6421356201172,1982500,0.0,0.0
2024-02-08 00:00:00-05:00,242.8132134673735,243.58295135704083,239.22109829623938,241.12570190429688,1630700,0.0,0.0
2024-02-09 00:00:00-05:00,240.1191355418686,244.02703335678,240.1191355418686,243.9579620361328,1471200,0.0,0.0
2024-02-12 00:00:00-05:00,244.09609979528588,245.92175388346794,243.25727558040586,244.74740600585938,1234700,0.0,0.0
2024-02-13 00:00:00-05:00,245.6355766432061,247.0171535304361,241.7375421574669,243.5730743408203,1505000,0.0,0.0
2024-02-14 00:00:00-05:00,243.75071072798914,245.51715662148388,243.22768409180054,244.85597229003906,2054300,0.0,0.0
2024-02-15 00:00:00-05:00,245.11254133550017,248.44806686148962,245.00398779406493,247.7572784423828,1447900,0.0,0.0
2024-02-16 00:00:00-05:00,247.86584810882067,249.37571970097156,246.71124130647348,247.59939575195312,1329500,0.0,0.0
2024-02-20 00:00:00-05:00,247.08624371124796,249.2375584770933,246.8296543867666,247.2145233154297,1248200,0.0,0.0
2024-02-21 00:00:00-05:00,248.94148819988257,249.82965764167338,246.88884900795077,248.64544677734375,992000,0.0,0.0
2024-02-22 00:00:00-05:00,249.33623849343235,252.34611847956498,247.41189393116994,252.0796661376953,1233400,0.0,0.0
2024-02-23 00:00:00-05:00,253.09612163398162,254.25074345879466,251.35927996962664,252.64218139648438,1153100,0.0,0.0
2024-02-26 00:00:00-05:00,252.75072442149823,254.44809894448176,251.3296652805763,251.48756408691406,1251800,0.0,0.0
2024-02-27 00:00:00-05:00,250.67835696986717,251.66520191417712,249.7507203129264,251.5171661376953,959100,0.0,0.0
2024-02-28 00:00:00-05:00,251.64545862685702,251.64545862685702,250.09610484979603,250.244140625,1429900,0.0,0.0
2024-02-29 00:00:00-05:00,250.5994104541218,250.5994104541218,247.15531613790486,248.35926818847656,2396900,0.0,0.0
2024-03-01 00:00:00-05:00,247.9448067694911,248.66519940474373,246.6125599934759,247.32308959960938,1634600,0.0,0.0
2024-03-04 00:00:00-05:00,246.17835136957655,247.3329581706048,244.8066374718019,244.99412536621094,2003700,0.0,0.0
2024-03-05 00:00:00-05:00,244.98425241081952,246.62241859877957,244.59938349273816,246.07965087890625,1440100,0.0,0.0
2024-03-06 00:00:00-05:00,246.32636116832566,247.87569986306863,244.32306718468064,247.25399780273438,1774400,0.0,0.0
2024-03-07 00:00:00-05:00,246.8789998388627,248.2309726045457,245.19150340342847,245.54676818847656,1720600,0.0,0.0
2024-03-08 00:00:00-05:00,245.30991037933896,246.41517186376558,243.9283184657473,245.53688049316406,1339200,0.0,0.0
2024-03-11 00:00:00-04:00,245.23096986658433,252.5138904099736,245.03360388836384,251.6454620361328,2152800,0.0,0.0
2024-03-12 00:00:00-04:00,251.52704328623764,254.75401540029392,250.89546312655708,254.35928344726562,1938300,0.0,0.0
2024-03-13 00:00:00-04:00,255.08952136719523,257.15202353607344,254.240849232874,256.7868957519531,1672100,0.0,0.0
2024-03-14 00:00:00-04:00,254.92548569754115,256.9948270927204,252.69772191884837,255.0839080810547,1505400,0.86,0.0
2024-03-15 00:00:00-04:00,252.80665237401962,256.19285173177633,252.80665237401962,253.75717163085938,3390900,0.0,0.0
2024-03-18 00:00:00-04:00,253.9848695773051,255.73739647207995,253.47993031974332,255.0938262939453,1267400,0.0,0.0
2024-03-19 00:00:00-04:00,256.44037195126776,257.1235552822388,255.51957014551755,255.92552185058594,1611200,0.0,0.0
2024-03-20 00:00:00-04:00,255.52947254677588,257.51961809058855,255.08393786859784,255.9552459716797,1774800,0.0,0.0
2024-03-21 00:00:00-04:00,255.04431121330973,255.45026293148302,253.31160594148764,253.77696228027344,2748100,0.0,0.0
2024-03-22 00:00:00-04:00,254.06410260921925,254.77698826652392,252.87594977505094,252.98486328125,1198200,0.0,0.0
2024-03-25 00:00:00-04:00,253.54921878392017,254.36112220220656,252.51950346423007,253.08387756347656,1332300,0.0,0.0
2024-03-26 00:00:00-04:00,252.26208445008842,255.01460933506428,251.89574588369678,253.54922485351562,2359200,0.0,0.0
2024-03-27 00:00:00-04:00,254.44036030697472,256.03443469185873,254.06411089002546,255.94532775878906,1493600,0.0,0.0
2024-03-28 00:00:00-04:00,256.6185855737486,257.3512928969523,255.4106413014192,256.569091796875,1878900,0.0,0.0
2024-04-01 00:00:00-04:00,256.4106773194335,256.44037962967025,254.06410416278473,254.85618591308594,753400,0.0,0.0
2024-04-02 00:00:00-04:00,255.31163859691495,255.7275011679198,253.52943950056917,253.80667114257812,928900,0.0,0.0
2024-04-03 00:00:00-04:00,253.52942581978843,254.4601384711638,252.08386306560206,252.27197265625,1102200,0.0,0.0
2024-04-04 00:00:00-04:00,252.78683716700826,254.52945322705224,249.52935800420605,249.73727416992188,1331000,0.0,0.0
2024-04-05 00:00:00-04:00,251.489785058019,252.19277496298045,249.9551002772086,250.40065002441406,1266200,0.0,0.0
2024-04-08 00:00:00-04:00,250.064019897344,251.3709819696393,249.33134277317012,250.65809631347656,1271200,0.0,0.0
2024-04-09 00:00:00-04:00,250.81652544260348,251.18286401453048,244.41046520706433,245.57879638671875,1425000,0.0,0.0
2024-04-10 00:00:00-04:00,245.9451436799793,248.0937116243651,244.62830089960215,245.54910278320312,1341600,0.0,0.0
2024-04-11 00:00:00-04:00,244.55897906077047,244.6183836829398,241.64803171054177,242.11338806152344,2163800,0.0,0.0
2024-04-12 00:00:00-04:00,242.16289722485627,243.57875774814104,241.41041349653617,243.3807373046875,1506600,0.0,0.0
2024-04-15 00:00:00-04:00,246.88575633252916,246.9253543772592,241.7965539832207,242.02427673339844,1478700,0.0,0.0
2024-04-16 00:00:00-04:00,243.4797459502107,244.2025273403089,242.20248618804686,242.7866668701172,1257300,0.0,0.0
2024-04-17 00:00:00-04:00,241.17276938374937,242.56883837741006,238.99451438475577,241.12326049804688,1797200,0.0,0.0
2024-04-18 00:00:00-04:00,242.77676481753295,243.64807289718985,241.99457877910743,242.9648895263672,1565900,0.0,0.0
2024-04-19 00:00:00-04:00,244.59857374177233,248.1531063685896,242.54903876516454,247.7372589111328,2573600,0.0,0.0
2024-04-22 00:00:00-04:00,248.53925901524832,251.06406125484432,247.52933509781158,249.01451110839844,1639100,0.0,0.0
2024-04-23 00:00:00-04:00,249.33135249225157,250.4501747981267,246.67783020021201,247.4105224609375,1917300,0.0,0.0
2024-04-24 00:00:00-04:00,238.19252492822739,241.2024748577419,236.4895219720577,240.6083984375,3228800,0.0,0.0
2024-04-25 00:00:00-04:00,240.35098306464297,243.92530724821438,239.85592439715657,243.52926635742188,1920500,0.0,0.0
2024-04-26 00:00:00-04:00,241.57872917248284,244.46986991988345,240.73712341137343,243.0242919921875,1565900,0.0,0.0
2024-04-29 00:00:00-04:00,243.14311220600115,246.88575438509955,243.0836924773881,246.7570343017578,2218400,0.0,0.0
2024-04-30 00:00:00-04:00,247.1926936717612,247.826368152074,245.79662462501238,246.18276977539062,1862800,0.0,0.0
2024-05-01 00:00:00-04:00,246.66792496929696,249.2521316971331,246.66792496929696,247.4600067138672,1158400,0.0,0.0
2024-05-02 00:00:00-04:00,248.04419137122153,248.8560797048139,246.08374823041848,247.77685546875,1588700,0.0,0.0
2024-05-03 00:00:00-04:00,246.46988536629075,247.97486785057365,242.42030934809915,246.083740234375,1444700,0.0,0.0
2024-05-06 00:00:00-04:00,247.70753716074455,249.59866481667288,247.43030552728806,249.55906677246094,761900,0.0,0.0
2024-05-07 00:00:00-04:00,250.4501697972867,250.6778925476712,249.25213631622842,249.46005249023438,1223600,0.0,0.0
2024-05-08 00:00:00-04:00,250.9947334954275,251.10364700185562,248.8461807849739,249.14321899414062,1398900,0.0,0.0
2024-05-09 00:00:00-04:00,248.7768786759507,251.81654617706047,248.42043582741653,251.52940368652344,1128900,0.0,0.0
2024-05-10 00:00:00-04:00,252.47990981962127,252.96507273226905,251.113543120158,252.3214874267578,660200,0.0,0.0
2024-05-13 00:00:00-04:00,252.50962277196246,252.9155745052876,250.68781050122394,252.0244598388672,1001900,0.0,0.0
2024-05-14 00:00:00-04:00,251.9254452337679,252.66803319993818,250.09372220735153,250.65809631347656,1163800,0.0,0.0
2024-05-15 00:00:00-04:00,249.90561182345368,251.21257397063033,249.4996751940958,250.46998596191406,1116100,0.0,0.0
2024-05-16 00:00:00-04:00,266.99502742197814,267.49008605840186,257.92554957677714,262.26226806640625,4866800,0.0,0.0
2024-05-17 00:00:00-04:00,264.7573547314793,272.68820381646907,263.57911275054386,271.5693664550781,4303300,0.0,0.0
2024-05-20 00:00:00-04:00,272.0248214155108,272.64860015842976,261.42067343383576,261.52960205078125,2071200,0.0,0.0
2024-05-21 00:00:00-04:00,262.3414598473084,264.6484499761272,262.0048236059833,262.3810729980469,1413100,0.0,0.0
2024-05-22 00:00:00-04:00,262.48009575419445,266.2920533077164,262.40086945121215,264.7969665527344,1687300,0.0,0.0
2024-05-23 00:00:00-04:00,266.09401979327436,266.09401979327436,259.92557824273183,260.48004150390625,1404000,0.0,0.0
2024-05-24 00:00:00-04:00,261.17313731368114,262.82664648153235,260.9256079914028,262.1434631347656,862600,0.0,0.0
2024-05-28 00:00:00-04:00,262.3910068632266,262.3910068632266,259.7969042578814,260.04443359375,1299800,0.0,0.0
2024-05-29 00:00:00-04:00,260.2721577512158,260.9949543355464,258.6879638579893,258.9454040527344,1330100,0.0,0.0
2024-05-30 00:00:00-04:00,258.4205911651523,263.2622788136407,258.4205911651523,262.5295715332031,1349600,0.0,0.0
2024-05-31 00:00:00-04:00,263.09395078623635,268.59900015147883,262.7672253963337,268.1435546875,3170600,0.0,0.0
2024-06-03 00:00:00-04:00,267.3316932310587,267.5198179509815,262.4207194751416,264.0049133300781,1107900,0.0,0.0
2024-06-04 00:00:00-04:00,262.5295989062267,263.4900139063083,260.6681735274307,262.1929626464844,1385800,0.0,0.0
2024-06-05 00:00:00-04:00,263.1731702033842,263.53953899130767,260.0048129254218,261.52960205078125,856600,0.0,0.0
2024-06-06 00:00:00-04:00,262.1830436748633,264.2622960061965,260.0839998756822,261.1434326171875,1106800,0.0,0.0
2024-06-07 00:00:00-04:00,262.9157726818644,267.0841583140757,262.8860703696533,264.57916259765625,1523600,0.0,0.0
2024-06-10 00:00:00-04:00,264.81678727023274,265.8366069679069,262.5395293716545,265.0445251464844,2052700,0.0,0.0
2024-06-11 00:00:00-04:00,264.9653035112832,265.35146380183187,260.9355486482921,261.3117980957031,1615900,0.0,0.0
2024-06-12 00:00:00-04:00,261.3909337132561,262.06420613916765,258.23245751360935,260.4404296875,1099200,0.0,0.0
2024-06-13 00:00:00-04:00,260.16322999546134,260.6087646484375,257.68793675898746,260.6087646484375,1538400,0.0,0.0
2024-06-14 00:00:00-04:00,258.6713243621824,260.68823413896024,257.4691346759355,257.78704833984375,1351500,0.91,0.0
2024-06-17 00:00:00-04:00,258.1944149641208,259.6946885445696,257.6976388456473,259.0389404296875,1269100,0.0,0.0
2024-06-18 00:00:00-04:00,259.2277497767527,262.4766550770901,258.79058431287217,261.3340759277344,1445300,0.0,0.0
2024-06-20 00:00:00-04:00,261.5626010443852,266.3117800587557,261.334073088672,264.7618408203125,1386700,0.0,0.0
2024-06-21 00:00:00-04:00,265.09963879166406,265.32813642123153,260.96645747870076,262.8939514160156,2452700,0.0,0.0
2024-06-24 00:00:00-04:00,263.4702026603693,265.9441686090286,262.2978181743121,264.4041442871094,989000,0.0,0.0
2024-06-25 00:00:00-04:00,264.20545476343915,265.1195059475501,260.9565191673449,261.5924072265625,898100,0.0,0.0
2024-06-26 00:00:00-04:00,260.4796338509031,261.2247981160071,256.73392207299435,258.33355712890625,1314600,0.0,0.0
2024-06-27 00:00:00-04:00,258.323605124922,260.6087633496258,257.2406367265494,260.34051513671875,942000,0.0,0.0
2024-06-28 00:00:00-04:00,256.13776625349925,257.79701190612803,252.07415621771662,253.43531799316406,2793900,0.0,0.0
2024-07-01 00:00:00-04:00,255.27339811731818,256.6842557960766,252.3722270733302,253.17701721191406,1205000,0.0,0.0
2024-07-02 00:00:00-04:00,250.98125856299353,254.13081767847567,250.81235648353424,253.92218017578125,1111600,0.0,0.0
2024-07-03 00:00:00-04:00,253.20681198369297,254.4885029519824,251.76614900748456,252.4417724609375,735100,0.0,0.0
2024-07-05 00:00:00-04:00,252.44176607636078,253.18693028917892,250.047301434008,250.8818817138672,1235600,0.0,0.0
2024-07-08 00:00:00-04:00,252.15364016364362,254.03145346840074,251.31905984161946,251.3588104248047,1033600,0.0,0.0
2024-07-09 00:00:00-04:00,250.21621447774632,254.0115916451636,249.79892431951396,251.70654296875,1072100,0.0,0.0
2024-07-10 00:00:00-04:00,252.3622944331853,254.8561205099681,251.7959623222264,254.66734313964844,1037200,0.0,0.0
2024-07-11 00:00:00-04:00,254.66732278989386,256.5650112467025,253.60421459374086,256.3265380859375,1520600,0.0,0.0
2024-07-12 00:00:00-04:00,256.92267395239327,257.8566154976505,255.67078840857857,256.6742858886719,1303800,0.0,0.0
2024-07-15 00:00:00-04:00,257.5983121190385,259.92322102692435,257.34000912092586,258.5223388671875,943800,0.0,0.0
2024-07-16 00:00:00-04:00,258.8700380725976,261.6718628186635,258.32359643922314,259.96295166015625,1235900,0.0,0.0
2024-07-17 00:00:00-04:00,260.3107202191762,265.87461953993164,260.3107202191762,265.7454528808594,1976000,0.0,0.0
2024-07-18 00:00:00-04:00,264.8214339013328,269.669973891884,264.0762696893623,265.94415283203125,2055000,0.0,0.0
2024-07-19 00:00:00-04:00,266.79859753973756,266.79859753973756,256.8531293277378,258.2043762207031,2759500,0.0,0.0
2024-07-22 00:00:00-04:00,258.17457158383087,260.6087565297832,257.51882342640744,260.3206481933594,1307300,0.0,0.0
2024-07-23 00:00:00-04:00,260.837283953851,261.5923934040692,259.4959822854722,261.5526428222656,1307800,0.0,0.0
2024-07-24 00:00:00-04:00,266.13292947329495,266.16276515306953,257.0121257812372,258.3633728027344,1940300,0.0,0.0
2024-07-25 00:00:00-04:00,256.6643371176872,263.68875873968176,256.6643371176872,259.9231872558594,1422300,0.0,0.0
2024-07-26 00:00:00-04:00,261.2048876418673,268.8850576610011,260.8571382806453,268.3187255859375,1653100,0.0,0.0
2024-07-29 00:00:00-04:00,269.610346676625,270.57409365299554,267.62324200953617,269.94818115234375,1017500,0.0,0.0
2024-07-30 00:00:00-04:00,270.9119261069487,276.11813059320906,270.70325828747775,274.8761901855469,1741300,0.0,0.0
2024-07-31 00:00:00-04:00,273.52493480135826,275.48223403617203,272.32274501372433,273.88262939453125,1629200,0.0,0.0
2024-08-01 00:00:00-04:00,276.1181270179348,276.1181270179348,268.37834600777467,270.1965637207031,1079400,0.0,0.0
2024-08-02 00:00:00-04:00,268.487649305821,274.5284339567943,266.23226617646736,269.57061767578125,1279000,0.0,0.0
2024-08-05 00:00:00-04:00,268.5770789629334,269.36196348971725,260.66838041317106,267.5835266113281,4310600,0.0,0.0
2024-08-06 00:00:00-04:00,267.05692379646734,268.76583491788045,263.14232541742575,263.4701843261719,2104300,0.0,0.0
2024-08-07 00:00:00-04:00,264.95062777461374,268.1101170810304,263.6788819350038,263.9967956542969,1863000,0.0,0.0
2024-08-08 00:00:00-04:00,263.7384799819974,268.30879647549693,263.7384799819974,267.4841613769531,954000,0.0,0.0
2024-08-09 00:00:00-04:00,268.9049256873974,268.9049256873974,266.2024622009118,268.5174560546875,958800,0.0,0.0
2024-08-12 00:00:00-04:00,269.2526907849668,269.95810447394877,265.69578666114177,266.27203369140625,958900,0.0,0.0
2024-08-13 00:00:00-04:00,267.25563996667427,268.17966670651145,264.79164951593987,266.09320068359375,1345300,0.0,0.0
2024-08-14 00:00:00-04:00,266.6893172396348,270.782747795733,266.4707345244641,270.61383056640625,1241700,0.0,0.0
2024-08-15 00:00:00-04:00,272.48171522682003,274.3396531557062,270.34558386987834,270.8821105957031,1300800,0.0,0.0
2024-08-16 00:00:00-04:00,271.3490718597222,272.33270931925534,269.9581046128407,271.64715576171875,1076900,0.0,0.0
2024-08-19 00:00:00-04:00,272.1836822282143,274.0714256555277,271.2099899960661,272.2631530761719,931100,0.0,0.0
2024-08-20 00:00:00-04:00,271.90550252493523,272.67052696834736,269.9382578294012,270.27606201171875,703600,0.0,0.0
2024-08-21 00:00:00-04:00,271.59742594026966,272.20350857386444,268.50749302594784,270.3157653808594,881800,0.0,0.0
2024-08-22 00:00:00-04:00,270.3356498039604,271.3192569079018,268.82546117800445,271.09075927734375,933800,0.0,0.0
2024-08-23 00:00:00-04:00,271.5676344488616,274.8761805586535,270.78274996969157,274.3197937011719,1325700,0.0,0.0
2024-08-26 00:00:00-04:00,274.6675644576166,277.4395537353269,273.0778746035216,273.85284423828125,692900,0.0,0.0
2024-08-27 00:00:00-04:00,274.87616581926704,276.47577036855046,274.3396391208901,275.422607421875,796000,0.0,0.0
2024-08-28 00:00:00-04:00,275.7306341583076,278.43309773277434,275.0947764282743,276.9129638671875,1089000,0.0,0.0
2024-08-29 00:00:00-04:00,277.32032033326874,280.4301439644343,275.4524371093858,280.1618957519531,1276500,0.0,0.0
2024-08-30 00:00:00-04:00,280.3307768011914,282.6656307821834,279.2577536529111,282.3476867675781,2343500,0.0,0.0
2024-09-03 00:00:00-04:00,283.2418906703662,286.64979827556755,282.218532962433,284.8514709472656,1843100,0.0,0.0
2024-09-04 00:00:00-04:00,286.7093729909451,289.759585600239,285.84498740608507,289.0640869140625,2233900,0.0,0.0
2024-09-05 00:00:00-04:00,290.74320109860065,291.2399772258728,283.44058596353904,285.47735595703125,1825200,0.0,0.0
2024-09-06 00:00:00-04:00,285.05016379402383,287.0372684985075,283.7486126382519,285.64630126953125,1722800,0.0,0.0
2024-09-09 00:00:00-04:00,286.3417700117696,291.37905686548845,284.076472099084,290.31597900390625,1892600,0.0,0.0
2024-09-10 00:00:00-04:00,291.38902668228724,292.28321771682124,287.43467748589455,289.1535339355469,1178500,0.0,0.0
2024-09-11 00:00:00-04:00,288.81571590044103,288.81571590044103,280.80768691598956,282.50665283203125,1803100,0.0,0.0
2024-09-12 00:00:00-04:00,282.21850206135656,286.93787520834115,281.9005883879002,286.6994323730469,1476500,0.0,0.0
2024-09-13 00:00:00-04:00,287.19778334398785,289.7792208691209,286.09146601181544,287.9154052734375,1309700,0.91,0.0
2024-09-16 00:00:00-04:00,289.74933027158335,292.2410689354431,289.04168500773204,290.3573303222656,1265000,0.0,0.0
2024-09-17 00:00:00-04:00,290.03836600502564,290.81578721269983,288.1944734024037,289.819091796875,1308500,0.0,0.0
2024-09-18 00:00:00-04:00,290.2277634289221,290.2277634289221,286.58983095794366,288.2243957519531,1558700,0.0,0.0
2024-09-19 00:00:00-04:00,288.83238346975264,290.337372918468,284.77582568124893,289.6197509765625,1789400,0.0,0.0
2024-09-20 00:00:00-04:00,289.37056688739113,291.00516197047205,287.048279950321,289.6994934082031,9796600,0.0,0.0
2024-09-23 00:00:00-04:00,289.5200958572405,291.9719580678755,289.50014248218093,291.1446838378906,1470500,0.0,0.0
2024-09-24 00:00:00-04:00,291.0849009694306,291.14470026452267,288.1147679240841,288.802490234375,1868700,0.0,0.0
2024-09-25 00:00:00-04:00,290.53672200432794,290.8357184709161,288.35395654804097,289.3705749511719,1108600,0.0,0.0
2024-09-26 00:00:00-04:00,287.15790809038475,289.8888742743405,286.2509420083756,288.8822021484375,1025500,0.0,0.0
2024-09-27 00:00:00-04:00,288.43370027014305,289.38054266278994,287.3871518360847,288.61309814453125,865500,0.0,0.0
2024-09-30 00:00:00-04:00,288.17455660888464,288.2742322359455,284.3272964047986,287.43701171875,1176600,0.0,0.0
2024-10-01 00:00:00-04:00,286.87883119010496,292.59988362087324,285.50341705176135,291.1546630859375,1768700,0.0,0.0
2024-10-02 00:00:00-04:00,290.57660700231827,292.73941914749616,289.40048322629946,290.3672790527344,1308300,0.0,0.0
2024-10-03 00:00:00-04:00,290.38722915092865,291.0151521591282,287.26756748589384,287.5865173339844,758100,0.0,0.0
2024-10-04 00:00:00-04:00,283.5598585200061,289.83902775463525,283.0914104368891,289.6297302246094,967900,0.0,0.0
2024-10-07 00:00:00-04:00,288.42373476705615,288.56325631363615,274.3105235166981,276.2640380859375,2389100,0.0,0.0
2024-10-08 00:00:00-04:00,275.79559084536305,280.30067376881817,275.1078685480521,279.03485107421875,1413300,0.0,0.0
2024-10-09 00:00:00-04:00,278.0979480677475,283.7193248957913,277.37037987019096,281.8953552246094,1212100,0.0,0.0
2024-10-10 00:00:00-04:00,287.2974731081943,288.91211492472706,282.4734706182415,283.75921630859375,1055500,0.0,0.0
2024-10-11 00:00:00-04:00,285.1744958639979,287.52671293095807,284.3472520279885,285.88214111328125,798800,0.0,0.0
2024-10-14 00:00:00-04:00,286.7393324619662,288.9420210128303,284.5665435596032,287.7559509277344,656800,0.0,0.0
2024-10-15 00:00:00-04:00,288.47354682456717,290.1180881768897,286.1711828479696,286.45025634765625,1239200,0.0,0.0
2024-10-16 00:00:00-04:00,286.5300157093492,292.56001094767254,286.0515909486802,292.1314392089844,1088400,0.0,0.0
2024-10-17 00:00:00-04:00,295.3806401454834,301.05183952004865,294.6032189343571,300.89239501953125,2131200,0.0,0.0
2024-10-18 00:00:00-04:00,300.483749095326,300.9820968101749,297.164736281063,300.66314697265625,1705500,0.0,0.0
2024-10-21 00:00:00-04:00,300.3840869822701,301.0020333098052,296.0384788965935,296.8657531738281,1054600,0.0,0.0
2024-10-22 00:00:00-04:00,295.5002812377274,297.05512372360374,292.779291679078,296.128173828125,1540800,0.0,0.0
2024-10-23 00:00:00-04:00,295.0019189379731,295.490289956407,292.5500263248712,294.025146484375,1118900,0.0,0.0
2024-10-24 00:00:00-04:00,294.03513489996476,294.69295754800635,292.4802924288596,292.98858642578125,962800,0.0,0.0
2024-10-25 00:00:00-04:00,293.62650321332296,293.93547638796224,286.54995901177256,287.038330078125,1238200,0.0,0.0
2024-10-28 00:00:00-04:00,288.57324393360625,289.84901294383,287.9353746368606,289.0616149902344,893300,0.0,0.0
2024-10-29 00:00:00-04:00,289.1014804382464,289.829079068392,286.16121668749827,286.2509460449219,1392400,0.0,0.0
2024-10-30 00:00:00-04:00,288.7128009634276,289.6098208365903,282.1146511554921,282.7027282714844,1810900,0.0,0.0
2024-10-31 00:00:00-04:00,283.49006695611075,284.0681673248118,280.9285524633302,281.50665283203125,1905700,0.0,0.0
2024-11-01 00:00:00-04:00,281.3571647549997,283.3904015560273,276.0846373517066,276.4932861328125,1779600,0.0,0.0
2024-11-04 00:00:00-05:00,277.07135551381276,277.26073008067027,274.67929254218143,275.16766357421875,1993900,0.0,0.0
2024-11-05 00:00:00-05:00,276.0746608613773,276.7424601911575,274.749069306326,276.3736877441406,1676300,0.0,0.0
2024-11-06 00:00:00-05:00,287.48685256512624,288.47357137715545,275.08795810696637,279.084716796875,2262200,0.0,0.0
2024-11-07 00:00:00-05:00,279.9717374201278,280.0714130454829,276.79227659670005,277.07135009765625,1520800,0.0,0.0
2024-11-08 00:00:00-05:00,279.3936649712124,282.2441992472508,278.09794268659755,280.4302062988281,1062300,0.0,0.0
2024-11-11 00:00:00-05:00,281.62626939292585,284.3572052456559,279.4933569051665,279.7724304199219,1024800,0.0,0.0
2024-11-12 00:00:00-05:00,279.67275901924324,283.4601896934499,279.1843575484861,281.9552001953125,1991300,0.0,0.0
2024-11-13 00:00:00-05:00,281.98510158904764,283.37049250430596,280.84885412971136,282.4435729980469,1236300,0.0,0.0
2024-11-14 00:00:00-05:00,281.8355548977718,286.0814871494677,281.56645808254774,285.9818115234375,2168200,0.0,0.0
2024-11-15 00:00:00-05:00,285.9419615007161,290.1180872958244,285.9419615007161,287.04827880859375,1794800,0.0,0.0
2024-11-18 00:00:00-05:00,285.5133608413345,289.0316944491916,285.07481242420243,287.77587890625,1126400,0.0,0.0
2024-11-19 00:00:00-05:00,285.82235665806115,286.52005567249165,282.33392241937406,282.93194580078125,1059600,0.0,0.0
2024-11-20 00:00:00-05:00,284.5665246796196,286.2509424057996,279.154445326141,281.90533447265625,1209600,0.0,0.0
2024-11-21 00:00:00-05:00,283.31067270224924,284.67614055888663,281.7658069703011,284.1678161621094,1416000,0.0,0.0
2024-11-22 00:00:00-05:00,284.05821955001846,286.0217109158581,282.81235016602716,284.26751708984375,1721700,0.0,0.0
2024-11-25 00:00:00-05:00,284.2176951842413,286.7891562157978,281.9352539504379,285.4735412597656,1825000,0.0,0.0
2024-11-26 00:00:00-05:00,285.43363643612,287.80577637904264,283.73924207210956,287.5267028808594,1623700,0.0,0.0
2024-11-27 00:00:00-05:00,288.27423684632345,291.78259389116573,288.2443371994001,289.38055419921875,848800,0.0,0.0
2024-11-29 00:00:00-05:00,288.762597636432,290.4968379298987,287.71607961452565,287.77587890625,1237600,0.0,0.0
2024-12-02 00:00:00-05:00,289.0416947945377,290.2277648720332,286.5997786545804,288.9519958496094,1517900,0.0,0.0
2024-12-03 00:00:00-05:00,288.9320632447842,291.5334238110671,284.7559068088188,285.3040771484375,1368100,0.0,0.0
2024-12-04 00:00:00-05:00,285.05491351762475,285.05491351762475,283.10139885076256,283.6595458984375,1273500,0.0,0.0
2024-12-05 00:00:00-05:00,285.6329752269009,287.1280184361807,283.1910895684498,285.6728515625,1870200,0.0,0.0
2024-12-06 00:00:00-05:00,285.6728413207263,286.3107410005141,281.18771185368524,282.3837585449219,1507300,0.0,0.0
2024-12-09 00:00:00-05:00,282.0648179388597,283.6495600857521,275.9650465306752,276.4035949707031,2160200,0.0,0.0
2024-12-10 00:00:00-05:00,276.0846288207957,276.57299983878573,271.4898775765522,273.69256591796875,2130000,0.0,0.0
2024-12-11 00:00:00-05:00,273.49322742650554,276.0248424049798,272.7357595622609,275.3072204589844,1375100,0.0,0.0
2024-12-12 00:00:00-05:00,276.8421412871862,277.90858231492075,273.75237927131946,274.4700012207031,1216600,0.0,0.0
2024-12-13 00:00:00-05:00,275.7799987792969,277.70001220703125,274.4700012207031,276.0899963378906,1383900,0.91,0.0
2024-12-16 00:00:00-05:00,276.1000061035156,277.4800109863281,275.0799865722656,275.7200012207031,1981900,0.0,0.0
2024-12-17 00:00:00-05:00,273.0400085449219,277.4200134277344,272.70001220703125,276.69000244140625,2116000,0.0,0.0
2024-12-18 00:00:00-05:00,275.04998779296875,277.82000732421875,271.2799987792969,271.57000732421875,2044300,0.0,0.0
2024-12-19 00:00:00-05:00,271.57000732421875,276.3599853515625,271.57000732421875,273.1600036621094,2274300,0.0,0.0
2024-12-20 00:00:00-05:00,272.7699890136719,275.6700134277344,270.6000061035156,273.20001220703125,2953100,0.0,0.0
2024-12-23 00:00:00-05:00,271.5,275.80999755859375,271.5,275.3800048828125,1322100,0.0,0.0
2024-12-24 00:00:00-05:00,275.2699890136719,276.5400085449219,274.6000061035156,276.5400085449219,399600,0.0,0.0
2024-12-26 00:00:00-05:00,275.75,278.95001220703125,275.7099914550781,278.2699890136719,697400,0.0,0.0
2024-12-27 00:00:00-05:00,276.6099853515625,280.3399963378906,276.6099853515625,277.67999267578125,1088600,0.0,0.0
2024-12-30 00:00:00-05:00,275.2699890136719,276.3699951171875,273.3999938964844,275.4100036621094,920300,0.0,0.0
2024-12-31 00:00:00-05:00,275.8999938964844,276.7300109863281,274.7200012207031,276.29998779296875,1409600,0.0,0.0
2025-01-02 00:00:00-05:00,277.5199890136719,277.7099914550781,271.239990234375,272.5199890136719,949600,0.0,0.0
2025-01-03 00:00:00-05:00,273.2300109863281,275.0,270.25,271.7300109863281,1155600,0.0,0.0
2025-01-06 00:00:00-05:00,271.510009765625,271.9700012207031,267.0,267.30999755859375,2587200,0.0,0.0
2025-01-07 00:00:00-05:00,268.19000244140625,271.7799987792969,267.4599914550781,268.760009765625,2042900,0.0,0.0
2025-01-08 00:00:00-05:00,268.0,268.1300048828125,264.1700134277344,266.6499938964844,2382000,0.0,0.0
2025-01-10 00:00:00-05:00,259.0899963378906,263.4599914550781,252.16000366210938,257.7099914550781,4171300,0.0,0.0
2025-01-13 00:00:00-05:00,256.9700012207031,261.9200134277344,256.0,261.760009765625,3115500,0.0,0.0
2025-01-14 00:00:00-05:00,262.2699890136719,265.80999755859375,260.9700012207031,265.510009765625,1692100,0.0,0.0
2025-01-15 00:00:00-05:00,267.6600036621094,269.3399963378906,265.75,268.4100036621094,2231000,0.0,0.0
2025-01-16 00:00:00-05:00,269.2200012207031,274.1600036621094,269.2200012207031,273.5299987792969,1272400,0.0,0.0
2025-01-17 00:00:00-05:00,274.0199890136719,275.3299865722656,269.19000244140625,269.4800109863281,1901900,0.0,0.0
2025-01-21 00:00:00-05:00,270.0,272.7900085449219,268.0199890136719,268.8599853515625,1930700,0.0,0.0
2025-01-22 00:00:00-05:00,270.4800109863281,271.9700012207031,267.8800048828125,268.32000732421875,1799000,0.0,0.0
2025-01-23 00:00:00-05:00,268.3299865722656,269.0400085449219,264.6199951171875,266.5,1720500,0.0,0.0
2025-01-24 00:00:00-05:00,267.4700012207031,268.04998779296875,264.45001220703125,266.70001220703125,1821400,0.0,0.0
2025-01-27 00:00:00-05:00,269.3699951171875,276.760009765625,268.82000732421875,276.489990234375,1776800,0.0,0.0
2025-01-28 00:00:00-05:00,276.4800109863281,277.2900085449219,271.989990234375,272.2699890136719,1627200,0.0,0.0
2025-01-29 00:00:00-05:00,268.010009765625,281.20001220703125,267.67999267578125,275.8299865722656,2317000,0.0,0.0
2025-01-30 00:00:00-05:00,277.80999755859375,278.1199951171875,272.94000244140625,274.7799987792969,1556000,0.0,0.0
2025-01-31 00:00:00-05:00,272.9599914550781,275.4599914550781,271.5199890136719,271.8800048828125,1583300,0.0,0.0
2025-02-03 00:00:00-05:00,269.29998779296875,274.4100036621094,268.29998779296875,273.92999267578125,1454300,0.0,0.0
2025-02-04 00:00:00-05:00,275.3999938964844,275.3999938964844,271.9599914550781,272.2300109863281,1478400,0.0,0.0
2025-02-05 00:00:00-05:00,273.75,274.8999938964844,271.8500061035156,272.79998779296875,989500,0.0,0.0
2025-02-06 00:00:00-05:00,275.05999755859375,275.4599914550781,271.57000732421875,272.8800048828125,1260300,0.0,0.0
2025-02-07 00:00:00-05:00,272.54998779296875,273.0199890136719,270.0299987792969,270.1600036621094,1276200,0.0,0.0
2025-02-10 00:00:00-05:00,270.0,270.5400085449219,266.17999267578125,266.5799865722656,1836700,0.0,0.0
2025-02-11 00:00:00-05:00,267.1600036621094,268.9599914550781,264.57000732421875,267.9599914550781,1679000,0.0,0.0
2025-02-12 00:00:00-05:00,267.1700134277344,267.5199890136719,264.2699890136719,265.07000732421875,1041600,0.0,0.0
2025-02-13 00:00:00-05:00,265.5299987792969,268.55999755859375,264.5,267.739990234375,999200,0.0,0.0
2025-02-14 00:00:00-05:00,267.3599853515625,267.9800109863281,264.25,264.5199890136719,1919800,0.0,0.0
2025-02-18 00:00:00-05:00,264.79998779296875,266.7900085449219,263.5,266.6099853515625,1378500,0.0,0.0
2025-02-19 00:00:00-05:00,265.17999267578125,267.67999267578125,264.3699951171875,266.44000244140625,887500,0.0,0.0
2025-02-20 00:00:00-05:00,265.510009765625,268.0799865722656,263.1400146484375,267.489990234375,1064900,0.0,0.0
2025-02-21 00:00:00-05:00,267.5299987792969,268.6499938964844,265.8500061035156,267.25,1054200,0.0,0.0
2025-02-24 00:00:00-05:00,268.7799987792969,274.3900146484375,268.55999755859375,273.44000244140625,1434100,0.0,0.0
2025-02-25 00:00:00-05:00,275.54998779296875,279.45001220703125,274.5400085449219,277.45001220703125,1748500,0.0,0.0
2025-02-26 00:00:00-05:00,277.0,277.0,271.57000732421875,273.6600036621094,1250400,0.0,0.0
2025-02-27 00:00:00-05:00,274.80999755859375,282.4700012207031,274.54998779296875,281.69000244140625,1630800,0.0,0.0
2025-02-28 00:00:00-05:00,283.739990234375,286.3900146484375,280.5199890136719,285.4800109863281,2528700,0.0,0.0
2025-03-03 00:00:00-05:00,286.57000732421875,291.0899963378906,286.30999755859375,289.69000244140625,1687300,0.0,0.0
2025-03-04 00:00:00-05:00,290.2799987792969,291.5,283.510009765625,284.1499938964844,2007100,0.0,0.0
2025-03-05 00:00:00-05:00,285.489990234375,288.7900085449219,283.9100036621094,287.010009765625,1974900,0.0,0.0
2025-03-06 00:00:00-05:00,286.510009765625,287.20001220703125,282.7699890136719,286.2900085449219,1355100,0.0,0.0
2025-03-07 00:00:00-05:00,285.6300048828125,287.3599853515625,283.5299987792969,286.5899963378906,1259900,0.0,0.0
2025-03-10 00:00:00-04:00,286.1199951171875,295.7300109863281,284.17999267578125,292.9599914550781,3741200,0.0,0.0
2025-03-11 00:00:00-04:00,291.7099914550781,293.1000061035156,289.0400085449219,290.70001220703125,2966800,0.0,0.0
2025-03-12 00:00:00-04:00,288.9700012207031,289.94000244140625,280.3999938964844,283.9800109863281,2121000,0.0,0.0
2025-03-13 00:00:00-04:00,284.8399963378906,289.4200134277344,283.7799987792969,288.54998779296875,2777800,0.0,0.0
2025-03-14 00:00:00-04:00,287.29998779296875,294.8800048828125,285.5199890136719,293.9599914550781,2301900,0.0,0.0
2025-03-17 00:00:00-04:00,292.94000244140625,298.75,292.8399963378906,297.3999938964844,2096500,0.0,0.0
2025-03-18 00:00:00-04:00,297.45001220703125,299.3299865722656,294.7900085449219,295.6600036621094,1973700,0.0,0.0
2025-03-19 00:00:00-04:00,295.69000244140625,297.0199890136719,293.989990234375,296.25,1646200,0.0,0.0
2025-03-20 00:00:00-04:00,295.0899963378906,295.739990234375,293.0799865722656,294.1199951171875,1510000,0.0,0.0
2025-03-21 00:00:00-04:00,293.04998779296875,294.79998779296875,289.94000244140625,291.42999267578125,3152100,0.0,0.0
2025-03-24 00:00:00-04:00,291.8599853515625,293.0199890136719,289.2200012207031,291.44000244140625,1464800,0.0,0.0
2025-03-25 00:00:00-04:00,292.3800048828125,293.4800109863281,288.3599853515625,291.3999938964844,1158300,0.0,0.0
2025-03-26 00:00:00-04:00,292.6000061035156,297.239990234375,291.8999938964844,295.32000732421875,1132300,0.0,0.0
