Date,Open,High,Low,Close,Volume,Dividends,Stock Splits
2005-04-01 00:00:00-05:00,11.936540256986632,11.976306277615018,11.724453128116568,11.731081008911133,56370800,0.0,0.0
2005-04-04 00:00:00-04:00,11.704568065749267,11.764217721524727,11.598524514179307,11.711195945739746,51926100,0.0,0.0
2005-04-05 00:00:00-04:00,11.757591847371685,11.8702632981538,11.611782255122684,11.810613632202148,50130200,0.0,0.0
2005-04-06 00:00:00-04:00,11.810612541788762,11.929911862677772,11.75759076185353,11.777474403381348,40116400,0.0,0.0
2005-04-07 00:00:00-04:00,11.797357569475428,12.042584108157193,11.784103071709712,12.029328346252441,50647300,0.0,0.0
2005-04-08 00:00:00-04:00,11.98293342825195,12.029327326847977,11.86363410949707,11.86363410949707,45389700,0.0,0.0
2005-04-11 00:00:00-04:00,11.929914319862688,11.996191874467543,11.88352041088105,11.923286437988281,42853400,0.0,0.0
2005-04-12 00:00:00-04:00,11.876888809369918,12.128741921025272,11.830494914918049,12.08897590637207,86773400,0.0,0.0
2005-04-13 00:00:00-04:00,12.069095238435693,12.122118289879534,11.910029876521548,11.929913520812988,44917500,0.0,0.0
2005-04-14 00:00:00-04:00,11.92991473476662,11.936542616871533,11.764221474561527,11.803987503051758,52373700,0.0,0.0
2005-04-15 00:00:00-04:00,11.591898897113023,11.67806008967044,11.386439633854645,11.39969539642334,86961300,0.0,0.0
2005-04-18 00:00:00-04:00,11.379811193919055,11.525620782599404,11.273767626853525,11.2803955078125,63901600,0.0,0.0
2005-04-19 00:00:00-04:00,11.399694130848037,11.472598288603963,11.366554728105383,11.386438369750977,44281100,0.0,0.0
2005-04-20 00:00:00-04:00,11.552129815196933,11.625035225884435,11.366552980782725,11.393064498901367,58411500,0.0,0.0
2005-04-21 00:00:00-04:00,11.525619252364264,11.737706358336913,11.499108996187115,11.71782398223877,52371700,0.0,0.0
2005-04-22 00:00:00-04:00,11.598521722763653,11.67142712097393,11.412944920109558,11.552127838134766,41057800,0.0,0.0
2005-04-25 00:00:00-04:00,11.572012261488268,11.664801311340803,11.525618368631385,11.585268020629883,39358000,0.0,0.0
2005-04-26 00:00:00-04:00,11.499111688342728,11.69131519907678,11.432834136174753,11.452717781066895,56444600,0.0,0.0
2005-04-27 00:00:00-04:00,11.393068597897924,11.572016353025507,11.320163160980515,11.43283462524414,62447400,0.0,0.0
2005-04-28 00:00:00-04:00,11.359922409057617,11.485849562000084,11.33341216136042,11.359922409057617,48957400,0.0,0.0
2005-04-29 00:00:00-04:00,11.393064159352297,11.465968303728268,11.293648497647814,11.446085929870605,49386700,0.0,0.0
2005-05-02 00:00:00-04:00,11.426203087458669,11.47922486166878,11.373181313248558,11.439458847045898,43564300,0.0,0.0
2005-05-03 00:00:00-04:00,11.386439105123545,11.525620813214623,11.386439105123545,11.472599029541016,43707300,0.0,0.0
2005-05-04 00:00:00-04:00,11.48585558442863,11.73770875823037,11.47259982156035,11.697942733764648,75896500,0.0,0.0
2005-05-05 00:00:00-04:00,11.671432465719894,11.969679545256744,11.671432465719894,11.929913520812988,80440000,0.0,0.0
2005-05-06 00:00:00-04:00,11.996191382492606,12.035957407968993,11.87689204192428,11.943169593811035,49220600,0.0,0.0
2005-05-09 00:00:00-04:00,11.929908233587689,12.088973525005564,11.91665247660156,12.069089889526367,54768400,0.0,0.0
2005-05-10 00:00:00-04:00,12.002813632872844,12.128739531825392,11.936536112080754,12.069089889526367,73244700,0.0,0.0
2005-05-11 00:00:00-04:00,12.24141657390428,12.32757776984436,12.075723327707822,12.294438362121582,123160600,0.0,0.0
2005-05-12 00:00:00-04:00,12.294440975768596,12.480017906050097,12.2613028251402,12.393857955932617,67556400,0.0,0.0
2005-05-13 00:00:00-04:00,12.413732809654242,12.605937506285095,12.354083163399055,12.519776344299316,65474500,0.0,0.0
2005-05-16 00:00:00-04:00,12.499895814078835,12.705355034720272,12.426990399212363,12.65233325958252,62180900,0.0,0.0
2005-05-17 00:00:00-04:00,12.56617351493476,12.665590460753233,12.473385713919097,12.632451057434082,52988100,0.0,0.0
2005-05-18 00:00:00-04:00,12.632449727584245,12.81802657421841,12.625821847618148,12.751749038696289,59996500,0.0,0.0
2005-05-19 00:00:00-04:00,12.745122056766649,12.877677137150874,12.711983918740058,12.844537734985352,46846000,0.0,0.0
2005-05-20 00:00:00-04:00,12.851171122452497,12.930704457592755,12.778266934725027,12.904192924499512,34181700,0.0,0.0
2005-05-23 00:00:00-04:00,12.824652934872223,12.983718242797837,12.811397176510415,12.957206726074219,49768500,0.0,0.0
2005-05-24 00:00:00-04:00,12.91081659876727,13.262086712899691,12.857794814005684,13.25545883178711,86130000,0.0,0.0
2005-05-25 00:00:00-04:00,13.149415436582894,13.182553578446042,12.930700413524512,13.003605842590332,66102100,0.0,0.0
2005-05-26 00:00:00-04:00,13.069878215489961,13.228943524287189,13.049995841976996,13.189177513122559,54106800,0.0,0.0
2005-05-27 00:00:00-04:00,13.089761410358474,13.142783178163999,13.036739642552948,13.116272926330566,26984700,0.0,0.0
2005-05-31 00:00:00-04:00,12.996974844184205,13.010229339267045,12.818025887108687,12.857791900634766,61667800,0.0,0.0
2005-06-01 00:00:00-04:00,12.857794655910801,13.122903576459045,12.824656514894412,13.016860008239746,48990300,0.0,0.0
2005-06-02 00:00:00-04:00,12.970466001063238,13.175925254821777,12.957210239107452,13.175925254821777,36729800,0.0,0.0
2005-06-03 00:00:00-04:00,13.06987899162555,13.142784403205676,12.784887753193418,12.857791900634766,58749200,0.0,0.0
2005-06-06 00:00:00-04:00,12.83791111869118,12.877677137150874,12.672217900280364,12.844537734985352,41321900,0.0,0.0
2005-06-07 00:00:00-04:00,12.85116513044214,13.129529777432966,12.837910634215064,12.864420890808105,61546800,0.0,0.0
2005-06-08 00:00:00-04:00,12.937326308682024,13.083135880290975,12.798143353117169,12.864420890808105,48675100,0.0,0.0
2005-06-09 00:00:00-04:00,12.751755401631781,12.99698202618639,12.738499635085159,12.904192924499512,51722500,0.0,0.0
2005-06-10 00:00:00-04:00,12.897558605533876,12.910814365466068,12.65896124744863,12.751749038696289,34056400,0.0,0.0
2005-06-13 00:00:00-04:00,12.718614042022262,12.844540000040714,12.692102515614698,12.791518211364746,38163300,0.0,0.0
2005-06-14 00:00:00-04:00,12.79813975591165,12.884300909934002,12.678840474427492,12.711979866027832,32261600,0.0,0.0
2005-06-15 00:00:00-04:00,12.824658884804734,12.837914649316483,12.579432297894487,12.80477523803711,37016500,0.0,0.0
2005-06-16 00:00:00-04:00,12.804766792111023,12.96383206891594,12.75174503317605,12.943949699401855,40746400,0.0,0.0
2005-06-17 00:00:00-04:00,13.096387098322595,13.235568741474978,12.9306939436335,12.943949699401855,63688900,0.0,0.0
2005-06-20 00:00:00-04:00,12.87767737475418,13.069880854304786,12.831283475005376,12.990348815917969,33230900,0.0,0.0
2005-06-21 00:00:00-04:00,13.010231601483092,13.182552708910954,12.897560156785605,13.103020668029785,48643300,0.0,0.0
2005-06-22 00:00:00-04:00,13.129530750852595,13.189180412782958,13.063253208247861,13.122902870178223,38822500,0.0,0.0
2005-06-23 00:00:00-04:00,13.215690346945655,13.421149566598913,13.109646797180178,13.109646797180176,94433400,0.0,0.0
2005-06-24 00:00:00-04:00,13.030116892476185,13.103022325957827,12.784891593902012,12.791518211364746,71213900,0.0,0.0
2005-06-27 00:00:00-04:00,12.791515611940948,12.798143492195956,12.599312141101313,12.612567901611328,48612100,0.0,0.0
2005-06-28 00:00:00-04:00,12.698734283447266,12.818033660512521,12.692106399817023,12.698734283447266,40675100,0.0,0.0
2005-06-29 00:00:00-04:00,12.78489442037671,12.977097972767128,12.765010771175175,12.83128833770752,50326900,0.0,0.0
2005-06-30 00:00:00-04:00,12.884307726991086,12.917445871986208,12.632453274127034,12.645709037780762,44756000,0.0,0.0
2005-07-01 00:00:00-04:00,12.678843546300058,12.725238705781306,12.519778220495146,12.586055755615234,35006000,0.0,0.0
2005-07-05 00:00:00-04:00,12.440247671414356,12.711984460048214,12.407108267837673,12.47338581085205,48386700,0.0,0.0
2005-07-06 00:00:00-04:00,12.486641572282723,12.652334797749173,12.47338581085205,12.47338581085205,42270300,0.0,0.0
2005-07-07 00:00:00-04:00,12.314318892342158,12.559545390913934,12.267924997402888,12.486639976501465,46687500,0.0,0.0
2005-07-08 00:00:00-04:00,12.526409419593177,12.811402011227987,12.480015511957589,12.79814624786377,41786000,0.0,0.0
2005-07-11 00:00:00-04:00,12.784886462127927,12.963834136993864,12.738491309537418,12.950579643249512,46542900,0.0,0.0
2005-07-12 00:00:00-04:00,12.904186313388088,13.169296451940612,12.897558433510392,13.109646797180176,46431100,0.0,0.0
2005-07-13 00:00:00-04:00,13.076508431394549,13.248829529418886,13.056626054328733,13.235573768615723,37307200,0.0,0.0
2005-07-14 00:00:00-04:00,13.242199913110849,13.295221685234004,13.076506717208645,13.215689659118652,61565500,0.0,0.0
2005-07-15 00:00:00-04:00,13.20906290436063,13.268712561095796,13.109647231181642,13.182551383972168,37649800,0.0,0.0
2005-07-18 00:00:00-04:00,13.136162381108983,13.15604602880768,13.016863023195487,13.023490905761719,28303900,0.0,0.0
2005-07-19 00:00:00-04:00,13.116273771923364,13.388010507462607,13.056624121279263,13.36812686920166,57088900,0.0,0.0
2005-07-20 00:00:00-04:00,13.2488274266485,13.407892738623831,13.076506355973878,13.334988594055176,53833300,0.0,0.0
2005-07-21 00:00:00-04:00,13.308477878358016,13.321733637855834,12.930697581641816,12.963835716247559,58550600,0.0,0.0
2005-07-22 00:00:00-04:00,12.957212737504388,12.977096384272013,12.758381326385265,12.80477523803711,44899500,0.0,0.0
2005-07-25 00:00:00-04:00,12.85116566239828,12.86442142331295,12.473385325302802,12.493268966674805,58224700,0.0,0.0
2005-07-26 00:00:00-04:00,12.59268503759008,12.678844957941914,12.533035375754588,12.632451057434082,51468000,0.0,0.0
2005-07-27 00:00:00-04:00,12.639074468645617,12.758373750129776,12.519775187161459,12.711979866027832,33351600,0.0,0.0
2005-07-28 00:00:00-04:00,12.76500794909634,12.798146092966636,12.632452845336838,12.791518211364746,39176100,0.0,0.0
2005-07-29 00:00:00-04:00,12.804771004043687,12.857792780419357,12.665589315109624,12.692099571228027,38389000,0.0,0.0
2005-08-01 00:00:00-04:00,12.765009880065918,12.890937121272605,12.698732318160326,12.765009880065918,32113700,0.0,0.0
2005-08-02 00:00:00-04:00,12.804771835321443,13.030114715581878,12.76500581649282,12.91744327545166,41131800,0.0,0.0
2005-08-03 00:00:00-04:00,12.844534844324139,12.990345652759869,12.811396713755283,12.950579643249512,33585500,0.0,0.0
2005-08-04 00:00:00-04:00,12.88430484415004,13.076508317567116,12.844537562086714,12.877676963806152,36055700,0.0,0.0
2005-08-05 00:00:00-04:00,12.877679408050168,12.917445433522357,12.791518211364746,12.791518211364746,32085300,0.0,0.0
2005-08-08 00:00:00-04:00,12.851160064530891,12.917437576095315,12.745116551683166,12.75837230682373,30455000,0.0,0.0
2005-08-09 00:00:00-04:00,12.871049648631482,13.08313677239299,12.857793887361645,12.996976852416992,57249300,0.0,0.0
2005-08-10 00:00:00-04:00,12.480012127202265,12.526406022255175,12.069092423332958,12.095603942871094,202313300,0.0,0.0
2005-08-11 00:00:00-04:00,12.128739400102967,12.148623035366219,11.777470692755358,11.969674110412598,146112700,0.0,0.0
2005-08-12 00:00:00-04:00,11.936540530804743,11.963050790452131,11.764219418610109,11.797357559204102,78558700,0.0,0.0
2005-08-15 00:00:00-04:00,11.803983720056161,11.837123119960063,11.678057792837881,11.737706184387207,63939500,0.0,0.0
2005-08-16 00:00:00-04:00,11.737708446693325,11.83049752016941,11.67143216238924,11.684686660766602,61166300,0.0,0.0
2005-08-17 00:00:00-04:00,11.750962379502045,11.91665559274084,11.737706619049607,11.823867797851562,53838000,0.0,0.0
2005-08-18 00:00:00-04:00,11.830495099098274,11.857005354566855,11.704567909240723,11.704567909240723,40870100,0.0,0.0
2005-08-19 00:00:00-04:00,11.764219728492877,11.850379654790228,11.711197943662416,11.810613632202148,39708600,0.0,0.0
2005-08-22 00:00:00-04:00,11.850377949502285,11.876889470171998,11.66480236136982,11.724452018737793,41834500,0.0,0.0
2005-08-23 00:00:00-04:00,11.744335796722922,11.837124866001902,11.731081298945098,11.77084732055664,45893500,0.0,0.0
2005-08-24 00:00:00-04:00,11.74433011454766,11.810607627926347,11.611776351928711,11.611776351928711,58383200,0.0,0.0
2005-08-25 00:00:00-04:00,11.638289793057574,11.691311565485263,11.585268020629883,11.585268020629883,41768300,0.0,0.0
2005-08-26 00:00:00-04:00,11.611780842977895,11.625036603608201,11.505737286213257,11.532247543334961,43243600,0.0,0.0
2005-08-29 00:00:00-04:00,11.465971788050107,11.777475890627557,11.465971788050107,11.691314697265625,40543200,0.0,0.0
2005-08-30 00:00:00-04:00,11.65154602486589,11.67805754422461,11.525618836189615,11.605152130126953,41220500,0.0,0.0
2005-08-31 00:00:00-04:00,11.63166251121346,11.711195806011428,11.558758360465726,11.678057670593262,41540900,0.0,0.0
2005-09-01 00:00:00-04:00,11.611782803399064,11.797358426998516,11.572015514794217,11.697942733764648,41311000,0.0,0.0
2005-09-02 00:00:00-04:00,11.717825867791863,11.97630691177169,11.691314343209793,11.744336128234863,32300100,0.0,0.0
2005-09-06 00:00:00-04:00,11.916652955940531,12.095601890035697,11.896770583800144,12.062463760375977,60848200,0.0,0.0
2005-09-07 00:00:00-04:00,12.04258604270667,12.228162946767599,11.996192132726247,12.195023536682129,59072400,0.0,0.0
2005-09-08 00:00:00-04:00,12.115491659638364,12.287812802209393,12.088980131178548,12.175141334533691,54401500,0.0,0.0
2005-09-09 00:00:00-04:00,12.195022183156151,12.367343304056964,12.17513980345085,12.314321517944336,46036800,0.0,0.0
2005-09-12 00:00:00-04:00,12.195024126762602,12.307695598226564,12.161885979212913,12.248045921325684,48677700,0.0,0.0
2005-09-13 00:00:00-04:00,12.095603942871094,12.188391732976912,12.088976062986559,12.095603942871094,52444400,0.0,0.0
2005-09-14 00:00:00-04:00,12.095604566432074,12.161882104555373,11.817239917625342,11.823867797851562,57254600,0.0,0.0
2005-09-15 00:00:00-04:00,11.876888404451808,11.989559828910254,11.8636326453064,11.949793815612793,55912900,0.0,0.0
2005-09-16 00:00:00-04:00,11.910031232059128,12.22816325623467,11.896776731828735,12.208279609680176,75139500,0.0,0.0
2005-09-19 00:00:00-04:00,12.12874626657401,12.148629913094032,11.93654274010421,12.042586326599121,45725200,0.0,0.0
2005-09-20 00:00:00-04:00,11.976307917874164,12.188395075791401,11.830498312840858,11.910030364990234,57286600,0.0,0.0
2005-09-21 00:00:00-04:00,11.857004179844052,11.923281708157363,11.744332760953036,11.830493927001953,53269700,0.0,0.0
2005-09-22 00:00:00-04:00,11.757592502683739,12.022701441611954,11.717826477879292,12.002819061279297,48006300,0.0,0.0
2005-09-23 00:00:00-04:00,11.916654089669322,12.042581269806249,11.896771715637364,11.963047981262207,38083100,0.0,0.0
2005-09-26 00:00:00-04:00,12.035954557190056,12.049210317255541,11.843751092795944,11.8768892288208,56453300,0.0,0.0
2005-09-27 00:00:00-04:00,11.843753081278553,11.883519104012588,11.72445374893738,11.744336128234863,50452100,0.0,0.0
2005-09-28 00:00:00-04:00,11.77084567657463,11.963049140968742,11.757589916509145,11.8768892288208,54427100,0.0,0.0
2005-09-29 00:00:00-04:00,11.87026296506092,11.890146607866535,11.7642193983757,11.837124824523926,56199200,0.0,0.0
2005-09-30 00:00:00-04:00,11.79072931667286,11.890144988886286,11.697940260353317,11.8768892288208,56270900,0.0,0.0
2005-10-03 00:00:00-04:00,11.883516526382028,12.009443712554097,11.750961460502083,11.757589340209961,47714900,0.0,0.0
2005-10-04 00:00:00-04:00,11.770845601515205,11.863633393104207,11.697940185758789,11.711195945739746,54171400,0.0,0.0
2005-10-05 00:00:00-04:00,11.717823400853167,11.784100934215946,11.59852409362793,11.59852409362793,47135300,0.0,0.0
2005-10-06 00:00:00-04:00,11.618404674988543,11.770842076705218,11.605148918977056,11.750958442687988,60516800,0.0,0.0
2005-10-07 00:00:00-04:00,11.757592090468005,11.797358113878275,11.664804281131012,11.684686660766602,35569800,0.0,0.0
2005-10-10 00:00:00-04:00,11.598524891009038,11.664802428928297,11.432831678280339,11.591897010803223,57891200,0.0,0.0
2005-10-11 00:00:00-04:00,11.552129815196933,11.625035225884435,11.359925101253065,11.393064498901367,55344100,0.0,0.0
2005-10-12 00:00:00-04:00,11.36655103548067,11.591893844368306,11.247251752641505,11.552127838134766,85491800,0.0,0.0
2005-10-13 00:00:00-04:00,11.479225800038499,11.578641476791843,11.399693764291392,11.465970039367676,45537800,0.0,0.0
2005-10-14 00:00:00-04:00,11.499107700388912,11.51236345905317,11.37980840068804,11.446085929870605,35672800,0.0,0.0
2005-10-17 00:00:00-04:00,11.419577308866092,11.512366378911075,11.359927643886834,11.37981128692627,34345300,0.0,0.0
2005-10-18 00:00:00-04:00,11.340043584404938,11.399693240544185,11.247254528111188,11.25388240814209,40865700,0.0,0.0
2005-10-19 00:00:00-04:00,11.20749063159456,11.40632201356859,11.154468845458878,11.39969539642334,54073600,0.0,0.0
2005-10-20 00:00:00-04:00,11.399693099194481,11.492480890198856,11.200860493149449,11.220744132995605,51650900,0.0,0.0
2005-10-21 00:00:00-04:00,11.346674168339558,11.386440193862315,11.227374827632122,11.28702449798584,58366000,0.0,0.0
2005-10-24 00:00:00-04:00,11.32016146718601,11.386439012272314,11.214117900703533,11.373183250427246,44339100,0.0,0.0
2005-10-25 00:00:00-04:00,11.280393570363843,11.393064999036623,11.253882051081394,11.346671104431152,47079800,0.0,0.0
2005-10-26 00:00:00-04:00,11.320163082393918,11.406323018402452,11.293652819060219,11.333418846130371,36709500,0.0,0.0
2005-10-27 00:00:00-04:00,11.280397235526479,11.426206846539134,11.260513589604159,11.30027961730957,39260800,0.0,0.0
2005-10-28 00:00:00-04:00,11.359922409057617,11.419572046549394,11.306900649524758,11.359922409057617,42458300,0.0,0.0
2005-10-31 00:00:00-05:00,11.373182038304048,11.625036429962233,11.366554158087895,11.565386772155762,79135500,0.0,0.0
2005-11-01 00:00:00-05:00,11.48585235534531,11.605151659342305,11.432830582917619,11.585268020629883,44269500,0.0,0.0
2005-11-02 00:00:00-05:00,11.518993421728203,11.750964209209778,11.472599517059706,11.684686660766602,60933700,0.0,0.0
2005-11-03 00:00:00-05:00,11.744333814343765,11.757589574023125,11.585268490607913,11.605152130126953,48334600,0.0,0.0
2005-11-04 00:00:00-05:00,11.62503690778145,11.850378523698263,11.618409027292875,11.843751907348633,42839300,0.0,0.0
2005-11-07 00:00:00-05:00,11.85037630059885,11.916653828912162,11.76421639868864,11.830493927001953,42952500,0.0,0.0
2005-11-08 00:00:00-05:00,11.784103041181314,11.903401105597917,11.744335755570082,11.837124824523926,38219200,0.0,0.0
2005-11-09 00:00:00-05:00,11.784103881956211,11.83049778767374,11.73108209483059,11.764220237731934,70124300,0.0,0.0
2005-11-10 00:00:00-05:00,11.439459679147976,11.499109337490596,11.280394344947291,11.366554260253906,143451000,0.0,0.0
2005-11-11 00:00:00-05:00,11.366553833500337,11.598524577885826,11.326787817477895,11.578640937805176,82869100,0.0,0.0
2005-11-14 00:00:00-05:00,11.545505080743995,11.572015341945457,11.439461507659937,11.49911117553711,35685900,0.0,0.0
2005-11-15 00:00:00-05:00,11.472596183060396,11.552129470907218,11.40631865387783,11.446085929870605,44044300,0.0,0.0
2005-11-16 00:00:00-05:00,11.406316915379232,11.499105947747834,11.333412782114978,11.412944793701172,44170800,0.0,0.0
2005-11-17 00:00:00-05:00,11.439458973117775,11.525618883106699,11.412947453651135,11.512364387512207,47690900,0.0,0.0
2005-11-18 00:00:00-05:00,11.439460858410797,11.532248663558379,11.180979821705943,11.2803955078125,137429400,0.0,0.0
2005-11-21 00:00:00-05:00,11.300276912398033,11.313532673173256,11.2671387745989,11.306904792785645,52952100,0.0,0.0
2005-11-22 00:00:00-05:00,11.267140887824393,11.57864373963297,11.247257242932251,11.452717781066895,71005800,0.0,0.0
2005-11-23 00:00:00-05:00,11.4328296549613,11.644916727457815,11.4328296549613,11.558756828308105,56890600,0.0,0.0
2005-11-25 00:00:00-05:00,11.644919083196038,11.684685101299035,11.58526942397208,11.63166332244873,17830100,0.0,0.0
2005-11-28 00:00:00-05:00,11.631661913486765,11.691311565485263,11.578640141059076,11.585268020629883,37443800,0.0,0.0
2005-11-29 00:00:00-05:00,11.598524250287273,11.823867108281103,11.585268490607913,11.605152130126953,62938300,0.0,0.0
2005-11-30 00:00:00-05:00,11.611782384582487,11.764219859652206,11.598526622192317,11.625038146972656,47405500,0.0,0.0
2005-12-01 00:00:00-05:00,11.737706514933766,11.76421803560348,11.684684737733221,11.724452018737793,39729500,0.0,0.0
2005-12-02 00:00:00-05:00,11.697942578611858,11.750964365242622,11.598526886696567,11.691314697265625,42998300,0.0,0.0
2005-12-05 00:00:00-05:00,11.644917987740232,11.810611189077774,11.552130199515625,11.59852409362793,57253100,0.0,0.0
2005-12-06 00:00:00-05:00,11.625034004396948,11.691310264452124,11.525617086036924,11.638288497924805,55187700,0.0,0.0
2005-12-07 00:00:00-05:00,11.83712517848278,11.929912986072171,11.750963987887712,11.784103393554688,97856800,0.0,0.0
2005-12-08 00:00:00-05:00,11.803986151873385,11.810614033219618,11.65154867332733,11.691314697265625,66400200,0.0,0.0
2005-12-09 00:00:00-05:00,11.678058485064303,11.74433476052299,11.572013663224775,11.63166332244873,62666400,0.0,0.0
2005-12-12 00:00:00-05:00,11.644914476548841,11.757585870051082,11.565382471805156,11.611776351928711,39552100,0.0,0.0
2005-12-13 00:00:00-05:00,11.585268334127612,11.65154586749039,11.565385959015941,11.59852409362793,49275100,0.0,0.0
2005-12-14 00:00:00-05:00,11.578641183332131,11.757590155436052,11.572013303164702,11.724452018737793,58556500,0.0,0.0
2005-12-15 00:00:00-05:00,11.69794189415295,11.823869104085043,11.664803753499836,11.77084732055664,62294800,0.0,0.0
2005-12-16 00:00:00-05:00,11.750957992299371,11.777469503306214,11.605148474177,11.611776351928711,94010200,0.0,0.0
2005-12-19 00:00:00-05:00,11.611780337939592,11.704568130038243,11.572013057778292,11.578640937805176,46770600,0.0,0.0
2005-12-20 00:00:00-05:00,11.578642596888228,11.638292261538416,11.446088769773732,11.472599029541016,49564300,0.0,0.0
2005-12-21 00:00:00-05:00,11.472597153011098,11.518991048119647,11.379809362793997,11.406319618225098,77024500,0.0,0.0
2005-12-22 00:00:00-05:00,11.393064471868072,11.512363774841365,11.379808712840203,11.459342002868652,36231800,0.0,0.0
2005-12-23 00:00:00-05:00,11.459345151665364,11.52562143673857,11.432833626324795,11.49911117553711,22792700,0.0,0.0
2005-12-27 00:00:00-05:00,11.518994561850812,11.585272116853984,11.419578861415664,11.43283462524414,29883100,0.0,0.0
2005-12-28 00:00:00-05:00,11.412946846271115,11.538874028758341,11.366552953812336,11.459342002868652,38695500,0.0,0.0
2005-12-29 00:00:00-05:00,11.465971658560001,11.525621325863348,11.35992808649607,11.4262056350708,36009500,0.0,0.0
2005-12-30 00:00:00-05:00,11.346671104431152,11.393064999036623,11.313531705328089,11.346671104431152,39290000,0.0,0.0
2006-01-03 00:00:00-05:00,11.406320175245911,11.591897028881476,11.38643779873635,11.565386772155762,55426000,0.0,0.0
2006-01-04 00:00:00-05:00,11.585267451484313,11.88351569682486,11.57201169299391,11.830493927001953,80408900,0.0,0.0
2006-01-05 00:00:00-05:00,11.890146557685584,12.24804327770299,11.883518676778351,12.161883354187012,118575500,0.0,0.0
2006-01-06 00:00:00-05:00,12.267926431403605,12.51315169450099,12.24141490883147,12.440247535705566,122446000,0.0,0.0
2006-01-09 00:00:00-05:00,12.57280139559859,12.665590460753233,12.539663256418418,12.632451057434082,78592600,0.0,0.0
2006-01-10 00:00:00-05:00,12.506521515992423,12.692097064587376,12.44687187133301,12.572797775268555,73828200,0.0,0.0
2006-01-11 00:00:00-05:00,12.579427277674665,12.877675539467193,12.552917023370206,12.857791900634766,73933100,0.0,0.0
2006-01-12 00:00:00-05:00,12.77163365288616,12.824655432520885,12.645706452201589,12.725239753723145,59581300,0.0,0.0
2006-01-13 00:00:00-05:00,12.678844052731593,12.811399128266423,12.519778720573129,12.53966236114502,52349600,0.0,0.0
2006-01-17 00:00:00-05:00,12.393854784426683,12.446876570347841,12.241416043781651,12.380599021911621,53125200,0.0,0.0
2006-01-18 00:00:00-05:00,12.19502320664441,12.49327156864588,12.175140825270448,12.413738250732422,69475200,0.0,0.0
2006-01-19 00:00:00-05:00,12.493267485301061,12.672216444013616,12.473383846286735,12.605938911437988,54516900,0.0,0.0
2006-01-20 00:00:00-05:00,12.533035116499834,12.54629087755329,12.0889772343207,12.267926216125488,77815100,0.0,0.0
2006-01-23 00:00:00-05:00,12.287810805640444,12.301065303577456,12.016072739637371,12.035956382751465,54554200,0.0,0.0
2006-01-24 00:00:00-05:00,12.042586553717067,12.241417966110083,12.029330789120388,12.148630142211914,50574700,0.0,0.0
2006-01-25 00:00:00-05:00,12.161887657013667,12.334208829151184,12.102237971883778,12.307697296142578,51610600,0.0,0.0
2006-01-26 00:00:00-05:00,12.307693636662872,12.387226947901361,12.095606492212362,12.314321517944336,64896300,0.0,0.0
2006-01-27 00:00:00-05:00,12.314318598926041,12.559545091654748,12.30106283950529,12.446873664855957,48720700,0.0,0.0
2006-01-30 00:00:00-05:00,12.387222558062296,12.559543617895205,12.373966800197,12.519776344299316,43844300,0.0,0.0
2006-01-31 00:00:00-05:00,12.393858514281073,12.420368783150204,12.142004007257214,12.307697296142578,64719200,0.0,0.0
2006-02-01 00:00:00-05:00,12.195022183156151,12.340833043070198,12.161884040887921,12.314321517944336,53734600,0.0,0.0
2006-02-02 00:00:00-05:00,12.234789745289763,12.426994534205653,12.128746159729015,12.175141334533691,40284100,0.0,0.0
2006-02-03 00:00:00-05:00,12.122117415446667,12.148627675117135,11.89677451962203,12.029328346252441,71696800,0.0,0.0
2006-02-06 00:00:00-05:00,11.949797728961515,11.99619163702487,11.817242622375488,11.817242622375488,51811100,0.0,0.0
2006-02-07 00:00:00-05:00,11.823869747718092,12.062468418653554,11.810613985079655,11.98956298828125,78522100,0.0,0.0
2006-02-08 00:00:00-05:00,12.7716319939718,12.92406943260408,12.665588448476408,12.857791900634766,200671700,0.0,0.0
2006-02-09 00:00:00-05:00,12.937324352670203,13.24219921015962,12.90418495676568,12.957206726074219,119726500,0.0,0.0
2006-02-10 00:00:00-05:00,12.996976949542002,13.175924671466174,12.990349068857554,13.096392631530762,73782500,0.0,0.0
2006-02-13 00:00:00-05:00,13.003601880340549,13.156039309085259,12.804769297329509,12.957206726074219,58621900,0.0,0.0
2006-02-14 00:00:00-05:00,13.016858085897287,13.162668918769619,12.977092069722497,13.056625366210938,55792800,0.0,0.0
2006-02-15 00:00:00-05:00,12.990346811560554,13.22894415404537,12.990346811560554,13.215689659118652,65024300,0.0,0.0
2006-02-16 00:00:00-05:00,13.195806005229459,13.255455656816233,13.142784233167745,13.242199897766113,46990700,0.0,0.0
2006-02-17 00:00:00-05:00,13.215694789226308,13.248832935614908,13.142789350204286,13.162672996520996,35965900,0.0,0.0
2006-02-21 00:00:00-05:00,13.063252659791393,13.189179859039479,12.89093282604845,12.977092742919922,47666600,0.0,0.0
2006-02-22 00:00:00-05:00,12.970466569193842,13.209065238292915,12.970466569193842,13.036744117736816,57719700,0.0,0.0
2006-02-23 00:00:00-05:00,13.003605158966955,13.156042626146045,12.96383787385492,13.069881439208984,48143700,0.0,0.0
2006-02-24 00:00:00-05:00,13.056626418480434,13.195808118378666,13.043370657307564,13.156042098999023,37444900,0.0,0.0
2006-02-27 00:00:00-05:00,13.1560417320746,13.255457409820469,13.142785971271437,13.235573768615723,55854400,0.0,0.0
2006-02-28 00:00:00-05:00,13.2289453201617,13.520565724614436,13.16266904726965,13.414522171020508,137099800,0.0,0.0
2006-03-01 00:00:00-05:00,13.507309689076083,13.997762694625234,13.480799433287368,13.957995414733887,160237700,0.0,0.0
2006-03-02 00:00:00-05:00,13.87183396869218,13.957993870647732,13.719396538388438,13.83869457244873,69236400,0.0,0.0
2006-03-03 00:00:00-05:00,13.71939744265681,14.136943749735781,13.692885923914632,13.944740295410156,76428600,0.0,0.0
2006-03-06 00:00:00-05:00,13.898346553163325,14.236360866720235,13.838696894056875,13.95136833190918,85155100,0.0,0.0
2006-03-07 00:00:00-05:00,13.871839238129105,13.904977382821894,13.706145986386787,13.832073211669922,47523100,0.0,0.0
2006-03-08 00:00:00-05:00,13.72602537347711,13.911602230038575,13.706142996654073,13.82544231414795,54435200,0.0,0.0
2006-03-09 00:00:00-05:00,13.851951102878104,13.858578982496148,13.547076225280762,13.547076225280762,45597800,0.0,0.0
2006-03-10 00:00:00-05:00,13.606732346454486,13.83870192267233,13.4675493365844,13.798935890197754,48463600,0.0,0.0
2006-03-13 00:00:00-05:00,13.8320701944686,14.017645786891151,13.792302912544699,13.82544231414795,46526400,0.0,0.0
2006-03-14 00:00:00-05:00,13.798927068963701,14.083919525146484,13.765788940442315,14.083919525146484,54956400,0.0,0.0
2006-03-15 00:00:00-05:00,14.044158983265651,14.24961824115594,14.024275339932116,14.20985221862793,48514600,0.0,0.0
2006-03-16 00:00:00-05:00,14.242984817498568,14.37553985986126,14.077291646614492,14.083919525146484,55426200,0.0,0.0
2006-03-17 00:00:00-05:00,14.20984425926991,14.368909524423808,14.017639607122483,14.329143524169922,62104500,0.0,0.0
2006-03-20 00:00:00-05:00,14.329151442979928,14.408683487439996,14.203224231089255,14.368917465209961,34525500,0.0,0.0
2006-03-21 00:00:00-05:00,14.189962387084961,14.481582708106568,14.103802498491891,14.189962387084961,49443400,0.0,0.0
2006-03-22 00:00:00-05:00,14.07729776217859,14.249618886455679,14.070669880767264,14.1965970993042,35794900,0.0,0.0
2006-03-23 00:00:00-05:00,14.110430376712667,14.242984148712662,14.057407350946455,14.189962387084961,37038000,0.0,0.0
2006-03-24 00:00:00-05:00,14.143574072323728,14.249617637330884,14.077296528159504,14.156829833984375,34047900,0.0,0.0
2006-03-27 00:00:00-05:00,14.110439385338074,14.481591953689476,14.083927855529028,14.375548362731934,53091400,0.0,0.0
2006-03-28 00:00:00-05:00,14.322525487768738,14.514729007840721,14.123692821604813,14.136948585510254,54353600,0.0,0.0
2006-03-29 00:00:00-05:00,14.183342368182243,14.50147311423205,14.1038103137394,14.296013832092285,58304500,0.0,0.0
2006-03-30 00:00:00-05:00,14.31589664550795,14.58100558513716,14.282757237967335,14.561121940612793,54944600,0.0,0.0
2006-03-31 00:00:00-05:00,14.547869201998333,14.581007349409457,14.362292289733887,14.362292289733887,54881800,0.0,0.0
2006-04-03 00:00:00-04:00,14.481589115307715,14.567749042021186,14.3092679977417,14.3092679977417,46689300,0.0,0.0
2006-04-04 00:00:00-04:00,14.26949865253045,14.382170077622934,14.183337481739196,14.28938102722168,43116400,0.0,0.0
2006-04-05 00:00:00-04:00,14.309270802348639,14.54124163162051,14.309270802348639,14.375548362731934,38695200,0.0,0.0
2006-04-06 00:00:00-04:00,14.315894608408723,14.349032747094762,13.991136045557496,14.037529945373535,71000400,0.0,0.0
2006-04-07 00:00:00-04:00,14.03753542749123,14.17671718129438,13.772426422052286,13.792308807373047,44277000,0.0,0.0
2006-04-10 00:00:00-04:00,13.785671044181221,14.017641731741758,13.765788673109935,13.911598205566406,31086300,0.0,0.0
2006-04-11 00:00:00-04:00,13.90497095804255,14.01764236773317,13.719395410885252,13.9381103515625,45602900,0.0,0.0
2006-04-12 00:00:00-04:00,13.87846340030491,14.05741110348075,13.838696120364633,13.931485176086426,30588600,0.0,0.0
2006-04-13 00:00:00-04:00,13.911602742916461,14.249617066897686,13.911602742916461,14.037529945373535,38597300,0.0,0.0
2006-04-17 00:00:00-04:00,14.017645786891151,14.163456625667628,13.73928113411841,13.82544231414795,34077500,0.0,0.0
2006-04-18 00:00:00-04:00,13.924856678564819,14.249615198841767,13.739279839489937,14.229731559753418,50499000,0.0,0.0
2006-04-19 00:00:00-04:00,14.183334373902113,14.216473764690656,13.977875207567143,14.090546607971191,29180000,0.0,0.0
2006-04-20 00:00:00-04:00,14.011014489029181,14.229729429706431,13.865204949957215,13.9381103515625,36842900,0.0,0.0
2006-04-21 00:00:00-04:00,13.918225656679464,14.011013423199673,13.580211453320628,13.706138610839844,43420200,0.0,0.0
2006-04-24 00:00:00-04:00,13.633238917860666,13.686260701500736,13.441035426217553,13.447663307189941,48504400,0.0,0.0
2006-04-25 00:00:00-04:00,13.507310674726925,13.626609994828737,13.388012618764055,13.566960334777832,46101900,0.0,0.0
2006-04-26 00:00:00-04:00,13.593473017752595,13.838698295229204,13.520567590543257,13.739282608032227,47199800,0.0,0.0
2006-04-27 00:00:00-04:00,13.63986696959397,14.070669125080235,13.600100947400835,13.904975891113281,46851000,0.0,0.0
2006-04-28 00:00:00-04:00,13.918230874574398,14.117062238555581,13.765793411246225,13.885092735290527,42941100,0.0,0.0
2006-05-01 00:00:00-04:00,13.93148519074873,14.183338309941291,13.858579774920344,13.891717910766602,45526500,0.0,0.0
2006-05-02 00:00:00-04:00,14.004387160774458,14.415306807602999,13.991132666984107,14.176708221435547,46465100,0.0,0.0
2006-05-03 00:00:00-04:00,14.335775422262534,14.349031181946637,14.130316203714242,14.242987632751465,34829200,0.0,0.0
2006-05-04 00:00:00-04:00,14.262873506768726,14.514726659529092,14.249617745007912,14.488216400146484,49635800,0.0,0.0
2006-05-05 00:00:00-04:00,14.508098662988118,14.581004087952362,14.249617631407991,14.415310859680176,50528200,0.0,0.0
2006-05-08 00:00:00-04:00,14.349029675014705,14.50809498210246,14.296007905985455,14.421935081481934,47325000,0.0,0.0
2006-05-09 00:00:00-04:00,14.382173227332991,14.44844950967003,14.189968468966224,14.368917465209961,79280500,0.0,0.0
2006-05-10 00:00:00-04:00,14.156831565839717,14.574377996117947,13.71277360899694,13.75253963470459,92672100,0.0,0.0
2006-05-11 00:00:00-04:00,13.673010272667643,13.69289392334036,13.228952187426557,13.288601875305176,84840100,0.0,0.0
2006-05-12 00:00:00-04:00,13.361498470983092,13.752534492627449,13.321732460143966,13.48079776763916,71805000,0.0,0.0
2006-05-15 00:00:00-04:00,13.507309538505307,13.666376128019824,12.924070012127807,13.626608848571777,53730600,0.0,0.0
2006-05-16 00:00:00-04:00,13.580216839656545,13.613356243799672,13.354873948039328,13.39463996887207,55404400,0.0,0.0
2006-05-17 00:00:00-04:00,13.248829612903618,13.487428252308325,13.228945971573582,13.374756813049316,60254600,0.0,0.0
2006-05-18 00:00:00-04:00,13.368129999660319,13.653122560777831,13.36150211868793,13.447663307189941,63571800,0.0,0.0
2006-05-19 00:00:00-04:00,13.520569089345283,13.8784671198955,13.46754729935331,13.832073211669922,77038300,0.0,0.0
2006-05-22 00:00:00-04:00,13.66638057339296,13.845328332561603,13.586847252765262,13.653124809265137,55276800,0.0,0.0
2006-05-23 00:00:00-04:00,13.666377965723465,13.871837213944259,13.500684738159178,13.50068473815918,51067400,0.0,0.0
2006-05-24 00:00:00-04:00,13.520564847383445,13.739279820497782,13.348243767939001,13.580214500427246,55182000,0.0,0.0
2006-05-25 00:00:00-04:00,13.659753054316964,13.752540877398943,13.441037996952817,13.600103378295898,41344000,0.0,0.0
2006-05-26 00:00:00-04:00,13.613361990010144,13.633244376749381,13.381391119649221,13.460923194885254,37759600,0.0,0.0
2006-05-30 00:00:00-04:00,13.388013220155134,13.407895598305927,13.103020668029785,13.103020668029785,45863200,0.0,0.0
2006-05-31 00:00:00-04:00,13.12953400341765,13.27534488609743,12.930702590486138,13.043374061584473,56955900,0.0,0.0
2006-06-01 00:00:00-04:00,13.043366291129354,13.58683967590332,13.036738412761556,13.58683967590332,53313500,0.0,0.0
2006-06-02 00:00:00-04:00,13.653119770891905,13.785673570836446,13.487426572857146,13.547076225280762,43053400,0.0,0.0
2006-06-05 00:00:00-04:00,13.487429340087573,13.50068510204336,13.175925254821777,13.175925254821777,36223900,0.0,0.0
2006-06-06 00:00:00-04:00,13.202433676109987,13.494054049910178,13.18255003784904,13.36812686920166,53468500,0.0,0.0
2006-06-07 00:00:00-04:00,13.427778209312585,13.434406089566812,13.189179576715988,13.195807456970215,40723000,0.0,0.0
2006-06-08 00:00:00-04:00,13.096391470987411,13.308478577539617,12.86442072414386,13.182551383972168,71683800,0.0,0.0
2006-06-09 00:00:00-04:00,13.18917986994358,13.414522747041643,13.142785971271437,13.235573768615723,39833700,0.0,0.0
2006-06-12 00:00:00-04:00,13.22232027442385,13.255458414805254,12.910816192626951,12.910816192626953,30463800,0.0,0.0
2006-06-13 00:00:00-04:00,12.851170722769618,13.003609505035842,12.79814892237163,12.83128833770752,47899800,0.0,0.0
2006-06-14 00:00:00-04:00,12.857793887361645,13.096392533662828,12.831283628960943,12.996976852416992,40552900,0.0,0.0
2006-06-15 00:00:00-04:00,13.036744332269082,13.407896840422685,13.030116450891807,13.40126895904541,44788100,0.0,0.0
2006-06-16 00:00:00-04:00,13.36812708046472,13.401265213951257,13.1891781257044,13.242199897766113,41165300,0.0,0.0
2006-06-19 00:00:00-04:00,13.262082299432821,13.354870075852137,13.063249724641746,13.136155128479004,32760800,0.0,0.0
2006-06-20 00:00:00-04:00,13.089757600441292,13.288588855805337,13.016852216876606,13.076501846313477,28931100,0.0,0.0
2006-06-21 00:00:00-04:00,13.096394854076184,13.533824940372703,13.096394854076184,13.301854133605957,48813100,0.0,0.0
2006-06-22 00:00:00-04:00,13.341615488697444,13.40789301944332,12.950580711988161,13.049996376037598,41353700,0.0,0.0
2006-06-23 00:00:00-04:00,12.996976852416992,13.195808214908663,12.95720956860748,12.996976852416992,27523400,0.0,0.0
2006-06-26 00:00:00-04:00,12.963837293696391,13.056626357332956,12.917443393947588,12.990348815917969,21107200,0.0,0.0
2006-06-27 00:00:00-04:00,13.010233247670513,13.109650207559717,12.77163583069823,12.791518211364746,36313200,0.0,0.0
2006-06-28 00:00:00-04:00,12.798143836092551,12.88430501758398,12.645706378547946,12.844537734985352,35188100,0.0,0.0
2006-06-29 00:00:00-04:00,12.877676789600686,13.255457115119365,12.798143490688854,13.195807456970215,43745100,0.0,0.0
2006-06-30 00:00:00-04:00,13.262080253011687,13.275336008780043,12.937321821517678,12.943949699401855,52846800,0.0,0.0
2006-07-03 00:00:00-04:00,13.109649239727515,13.32836425988644,13.043371692740767,13.25545883178711,21909100,0.0,0.0
2006-07-05 00:00:00-04:00,13.136158395719773,13.235574075772773,12.9041876328368,12.990348815917969,30709600,0.0,0.0
2006-07-06 00:00:00-04:00,13.003610120870734,13.136163996073574,12.917448901056366,13.010236740112305,33579600,0.0,0.0
2006-07-07 00:00:00-04:00,12.924071192994965,13.003604495019149,12.73849433103117,12.851165771484375,33777800,0.0,0.0
2006-07-10 00:00:00-04:00,12.910812006959011,12.950579279491027,12.473382122215742,12.572797775268555,39284000,0.0,0.0
2006-07-11 00:00:00-04:00,12.473385066944871,12.506524468545134,12.168510157055923,12.387225151062012,74690400,0.0,0.0
2006-07-12 00:00:00-04:00,12.320947932744197,12.367341832053397,12.062466914227825,12.102232933044434,37847600,0.0,0.0
2006-07-13 00:00:00-04:00,11.996191382492606,12.208278537218888,11.850380515513917,11.943169593811035,50040000,0.0,0.0
2006-07-14 00:00:00-04:00,11.943168037264435,12.075721859623116,11.777474811211839,11.890146255493164,39858300,0.0,0.0
2006-07-17 00:00:00-04:00,11.910030364990234,12.108863023642026,11.837126194543169,11.910030364990234,42147100,0.0,0.0
2006-07-18 00:00:00-04:00,11.949795937276436,12.042583739491064,11.605153723137823,11.85037899017334,48048900,0.0,0.0
2006-07-19 00:00:00-04:00,11.857008089216833,12.214906101628003,11.790731803190283,11.929913520812988,68719700,0.0,0.0
2006-07-20 00:00:00-04:00,11.976306196135331,11.989561957634278,11.671431266493556,11.85037899017334,61521400,0.0,0.0
2006-07-21 00:00:00-04:00,11.797358679353671,11.830498087233256,11.565389144892338,11.572015762329102,55748300,0.0,0.0
2006-07-24 00:00:00-04:00,11.717829059436434,11.943172023205552,11.631667845215611,11.896778106689453,44061300,0.0,0.0
2006-07-25 00:00:00-04:00,11.923282281886026,12.062465224455105,11.74433332607097,11.976304054260254,33636900,0.0,0.0
2006-07-26 00:00:00-04:00,11.916656514309302,12.049211600806975,11.837124473721893,11.890146255493164,33595300,0.0,0.0
2006-07-27 00:00:00-04:00,11.96967726423823,12.009444545242802,11.66480236136982,11.724452018737793,33205100,0.0,0.0
2006-07-28 00:00:00-04:00,11.823873358657934,11.982938766479492,11.79073520608075,11.982938766479492,37831900,0.0,0.0
2006-07-31 00:00:00-04:00,11.923284414278545,12.168510945453056,11.830496612063916,11.85037899017334,49167000,0.0,0.0
2006-08-01 00:00:00-04:00,11.83049450819468,11.843750267336297,11.585268020629883,11.585268020629883,41097500,0.0,0.0
2006-08-02 00:00:00-04:00,11.644917672628381,11.7244509633393,11.452714221630043,11.585268020629883,57824900,0.0,0.0
2006-08-03 00:00:00-04:00,11.479223198342849,11.691310264452124,11.366551786454968,11.638288497924805,58640200,0.0,0.0
2006-08-04 00:00:00-04:00,11.697942446502008,11.704570327773391,11.333417825549635,11.4262056350708,66834600,0.0,0.0
2006-08-07 00:00:00-04:00,11.452716609401898,11.658175862377963,11.39306694496707,11.5388765335083,34420000,0.0,0.0
2006-08-08 00:00:00-04:00,11.691311465162546,11.69793934467648,11.366552953812336,11.459342002868652,87925000,0.0,0.0
2006-08-09 00:00:00-04:00,12.864420298260741,13.22231822682335,12.824654283133395,13.109646797180176,221606700,0.0,0.0
2006-08-10 00:00:00-04:00,12.990347235243195,13.109646542445955,12.804770394690149,12.963835716247559,52250700,0.0,0.0
2006-08-11 00:00:00-04:00,12.930696006425007,13.076505550722086,12.837908229521288,12.950579643249512,42210200,0.0,0.0
2006-08-14 00:00:00-04:00,13.175925326243233,13.401268224156945,13.103021163369297,13.315108299255371,63896400,0.0,0.0
2006-08-15 00:00:00-04:00,13.553705456550802,13.818814347016815,13.447661900364396,13.686259269714355,72488900,0.0,0.0
2006-08-16 00:00:00-04:00,13.785671184328654,14.011013995776786,13.646489528860515,13.984503746032715,65318300,0.0,0.0
2006-08-17 00:00:00-04:00,13.91160399296724,14.011019682097482,13.732654994049364,13.818816184997559,43863800,0.0,0.0
2006-08-18 00:00:00-04:00,13.798930792865349,13.851952571291637,13.566960038198244,13.82544231414795,35119900,0.0,0.0
2006-08-21 00:00:00-04:00,13.659750174247025,13.91823120641307,13.633238650876654,13.85858154296875,29109700,0.0,0.0
2006-08-22 00:00:00-04:00,13.85195524650105,14.143575716235357,13.812189221036101,14.077298164367676,52518200,0.0,0.0
2006-08-23 00:00:00-04:00,14.050785273179208,14.136945189589126,13.805558756392813,13.95136833190918,36645300,0.0,0.0
2006-08-24 00:00:00-04:00,14.123690059936642,14.196595483021815,13.89834717416336,13.977880477905273,36280600,0.0,0.0
2006-08-25 00:00:00-04:00,13.938113835326906,14.097179171564465,13.891718672802728,13.95136833190918,28999000,0.0,0.0
2006-08-28 00:00:00-04:00,13.891714187842577,14.236356270491886,13.845320304435655,14.189962387084961,35100000,0.0,0.0
2006-08-29 00:00:00-04:00,14.143574565674676,14.375545346271476,14.044158878030062,14.368917465209961,43576400,0.0,0.0
2006-08-30 00:00:00-04:00,14.342408642803637,14.415314084075257,14.24962081874106,14.362292289733887,36124700,0.0,0.0
2006-08-31 00:00:00-04:00,14.34903603302742,14.680422552331237,14.34903603302742,14.574378967285156,85353600,0.0,0.0
2006-09-01 00:00:00-04:00,14.614142644753251,14.812975282834078,14.481588816838412,14.759953498840332,67306400,0.0,0.0
2006-09-05 00:00:00-04:00,14.667162913744225,14.75995197425318,14.594258758370156,14.640652656555176,65441800,0.0,0.0
2006-09-06 00:00:00-04:00,14.441825923115227,14.773212460892381,14.3158986848009,14.375548362731934,65590200,0.0,0.0
2006-09-07 00:00:00-04:00,14.269501841504,14.44844957441051,14.037531059867788,14.276129722595215,56149900,0.0,0.0
2006-09-08 00:00:00-04:00,14.342405434715932,14.421938740507745,14.130318304789775,14.415310859680176,33303700,0.0,0.0
2006-09-11 00:00:00-04:00,14.289384967307704,14.67379324171128,14.26287470569666,14.55449390411377,42629300,0.0,0.0
2006-09-12 00:00:00-04:00,14.561115146828518,15.01180076599121,14.508093383641057,15.011800765991211,66017500,0.0,0.0
2006-09-13 00:00:00-04:00,14.991918394882505,15.170866055553592,14.945523245972247,15.011800765991211,43514200,0.0,0.0
2006-09-14 00:00:00-04:00,14.945529715400177,15.097968456671072,14.938903098254531,15.044946670532227,40386800,0.0,0.0
2006-09-15 00:00:00-04:00,15.150986069774799,15.42935068636857,14.978664996251153,15.058197021484375,62763500,0.0,0.0
2006-09-18 00:00:00-04:00,15.091345262256043,15.243782786729865,15.025067692964102,15.137739181518555,47057700,0.0,0.0
2006-09-19 00:00:00-04:00,15.111218466932241,15.230517766346445,14.872621132242555,15.084708213806152,55677100,0.0,0.0
2006-09-20 00:00:00-04:00,15.210639492434673,15.469120534744327,15.131106183341439,15.42272663116455,76481300,0.0,0.0
2006-09-21 00:00:00-04:00,15.475741435153399,15.555273444232807,15.204004753211521,15.250398635864258,56254600,0.0,0.0
2006-09-22 00:00:00-04:00,15.144356557653055,15.270283725525076,14.958779745217374,15.164238929748535,45428100,0.0,0.0
2006-09-25 00:00:00-04:00,15.22389809087462,15.409475019315703,15.025066660797275,15.396219253540039,40179800,0.0,0.0
2006-09-26 00:00:00-04:00,15.329935423824939,15.575161933898926,15.243775509773418,15.575161933898926,56462000,0.0,0.0
2006-09-27 00:00:00-04:00,15.449241298531849,15.561912781140473,15.323315314075884,15.475752830505371,37352300,0.0,0.0
2006-09-28 00:00:00-04:00,15.396218313288129,15.575167347912906,15.323314134253065,15.561911582946777,40084600,0.0,0.0
2006-09-29 00:00:00-04:00,15.535397398713888,15.595047061876917,15.217265440464727,15.230521202087402,38149200,0.0,0.0
2006-10-02 00:00:00-04:00,15.276915103627758,15.402842310765154,15.217265440464727,15.230521202087402,33241700,0.0,0.0
2006-10-03 00:00:00-04:00,15.157617644696254,15.568536158241194,15.111222477170418,15.515514373779297,38231300,0.0,0.0
2006-10-04 00:00:00-04:00,15.429352061774143,15.893292288027894,15.416096301674044,15.860154151916504,56151300,0.0,0.0
2006-10-05 00:00:00-04:00,15.846902692639862,15.906552365140275,15.734231229487882,15.840274810791016,51196400,0.0,0.0
2006-10-06 00:00:00-04:00,15.767370386498731,16.039107217258387,15.734230977784636,15.966201782226562,48906000,0.0,0.0
2006-10-09 00:00:00-04:00,16.07223922263655,16.17165488252615,15.986079321169218,16.11200523376465,37616400,0.0,0.0
2006-10-10 00:00:00-04:00,16.06561355713061,16.165029230718847,15.906548226561661,16.125263214111328,40784600,0.0,0.0
2006-10-11 00:00:00-04:00,16.045730364654922,16.271073238619167,16.019220107556198,16.17165756225586,40331200,0.0,0.0
2006-10-12 00:00:00-04:00,16.171658341606864,16.257819525642578,15.986082740555737,16.204797744750977,41497200,0.0,0.0
2006-10-13 00:00:00-04:00,16.171657044918827,16.31746787878345,16.145146788668175,16.2578182220459,35911400,0.0,0.0
2006-10-16 00:00:00-04:00,16.3307207594128,16.423509807458604,16.271071108575757,16.297582626342773,39460700,0.0,0.0
2006-10-17 00:00:00-04:00,16.204799474378397,16.277703640798958,15.9860844468385,16.224681854248047,41022800,0.0,0.0
2006-10-18 00:00:00-04:00,16.19154160813434,16.330723305696118,15.972826609009443,16.025848388671875,36313200,0.0,0.0
2006-10-19 00:00:00-04:00,15.913176638761515,16.06561409430299,15.72759978148999,16.012592315673828,48336400,0.0,0.0
2006-10-20 00:00:00-04:00,16.03911231047385,16.29096557598098,15.87341900670507,16.271081924438477,48070200,0.0,0.0
2006-10-23 00:00:00-04:00,16.204799341665506,16.330725293605678,16.08550000686821,16.191543579101562,48564000,0.0,0.0
2006-10-24 00:00:00-04:00,16.15177298147672,16.26444440308427,16.012590042249172,16.13188934326172,29854800,0.0,0.0
2006-10-25 00:00:00-04:00,16.05898949994789,16.184916724011476,15.96620168439534,16.098756790161133,38940300,0.0,0.0
2006-10-26 00:00:00-04:00,16.131895943339874,16.145151707573234,15.880041479463003,16.032480239868164,34273600,0.0,0.0
2006-10-27 00:00:00-04:00,15.97945337137235,16.032475147324746,15.661321451519106,15.72097110748291,43007600,0.0,0.0
2006-10-30 00:00:00-05:00,15.588421621230877,15.926436010686812,15.422728367427332,15.840274810791016,43630700,0.0,0.0
2006-10-31 00:00:00-05:00,16.012594711212397,16.165032189559035,15.919806900764721,15.992711067199707,45209900,0.0,0.0
2006-11-01 00:00:00-05:00,16.13189422650535,16.20479965789064,15.87341317215986,15.97282886505127,50207200,0.0,0.0
2006-11-02 00:00:00-05:00,15.893288122783158,15.999331647514804,15.840266360417335,15.939682006835938,38778500,0.0,0.0
2006-11-03 00:00:00-05:00,15.91317855234196,15.926434314628004,15.614930221601353,15.75411319732666,39342200,0.0,0.0
2006-11-06 00:00:00-05:00,15.999335125608754,16.46990447502367,15.986080630239801,16.35723304748535,74537100,0.0,0.0
2006-11-07 00:00:00-05:00,16.450018244655407,16.575945411866204,16.28432506932384,16.463274002075195,76090900,0.0,0.0
2006-11-08 00:00:00-05:00,16.350608477292486,16.827804538912734,16.2379370269481,16.635601043701172,124079100,0.0,0.0
2006-11-09 00:00:00-05:00,18.186484676852192,18.186484676852192,17.66289359575491,17.702659606933594,198731600,0.0,0.0
2006-11-10 00:00:00-05:00,17.67615362950843,17.881612878454355,17.60324820459836,17.72254753112793,59171800,0.0,0.0
2006-11-13 00:00:00-05:00,17.729178945044627,17.76231709162265,17.5767414481629,17.682785034179688,49334500,0.0,0.0
2006-11-14 00:00:00-05:00,17.69603826800915,17.722548528652865,17.50383350575114,17.65627098083496,48229900,0.0,0.0
2006-11-15 00:00:00-05:00,17.64301268702991,17.729172595760193,17.563479393930656,17.629756927490234,47325100,0.0,0.0
2006-11-16 00:00:00-05:00,17.72917101498839,18.1069512792138,17.715915256630623,17.994279861450195,65702600,0.0,0.0
2006-11-17 00:00:00-05:00,17.888240522834714,17.934634423840986,17.755686700550925,17.848474502563477,44484400,0.0,0.0
2006-11-20 00:00:00-05:00,17.881612253953747,17.98765581513455,17.709291151000205,17.9677734375,42390600,0.0,0.0
2006-11-21 00:00:00-05:00,18.0075365133077,18.014164392815445,17.715916135660716,17.762310028076172,45030100,0.0,0.0
2006-11-22 00:00:00-05:00,17.848472282037726,17.88823829736168,17.72917297192703,17.835216522216797,27148000,0.0,0.0
2006-11-24 00:00:00-05:00,17.69603818076537,17.81533624928255,17.391161967961725,17.78882598876953,13474600,0.0,0.0
2006-11-27 00:00:00-05:00,17.73580336654029,17.821963289315,17.053146808636757,17.09954071044922,63803200,0.0,0.0
2006-11-28 00:00:00-05:00,16.980241411373772,17.981027328255504,16.9603577702707,17.914751052856445,108606500,0.0,0.0
2006-11-29 00:00:00-05:00,17.928007591983157,18.09370082763601,17.82859190341926,17.947891235351562,68137400,0.0,0.0
2006-11-30 00:00:00-05:00,17.908121937093075,17.928004312685633,17.76231110734052,17.835216522216797,45935300,0.0,0.0
2006-12-01 00:00:00-05:00,17.861730363636383,17.94789028539435,17.530343909870506,17.689409255981445,47014700,0.0,0.0
2006-12-04 00:00:00-05:00,17.855100996171924,18.272647336929065,17.802079218549764,18.06056022644043,68450100,0.0,0.0
2006-12-05 00:00:00-05:00,18.15997453123414,18.186486050114286,17.89486566312669,17.921377182006836,43080300,0.0,0.0
2006-12-06 00:00:00-05:00,17.97440291539106,18.07381860481529,17.861731463606514,17.954519271850586,34092600,0.0,0.0
2006-12-07 00:00:00-05:00,18.027418841790336,18.093695103774017,17.815330505371094,17.815330505371094,31417900,0.0,0.0
2006-12-08 00:00:00-05:00,17.81533713427505,17.994286142148876,17.729177203153842,17.881614685058594,29495600,0.0,0.0
2006-12-11 00:00:00-05:00,17.82859047336335,18.21299869867849,17.795452334546457,17.9677734375,43035200,0.0,0.0
2006-12-12 00:00:00-05:00,17.97440275984277,18.159978374724965,17.73580409597816,17.947891235351562,43065500,0.0,0.0
2006-12-13 00:00:00-05:00,18.12020988428272,18.126837764502852,17.848473115951794,18.06056022644043,43170100,0.0,0.0
2006-12-14 00:00:00-05:00,18.040680681399166,18.18649155106645,18.01417041863914,18.100330352783203,39441600,0.0,0.0
2006-12-15 00:00:00-05:00,18.1798618032157,18.405204702171257,18.113584256910116,18.266021728515625,66987100,0.0,0.0
2006-12-18 00:00:00-05:00,18.292532123026955,18.53112950519766,18.17986068050727,18.29916000366211,46255800,0.0,0.0
2006-12-19 00:00:00-05:00,18.20637060934654,18.398575351869916,18.093699168866376,18.312414169311523,38603100,0.0,0.0
2006-12-20 00:00:00-05:00,18.345545956068072,18.358801711595547,18.146713415571224,18.15334129333496,31825400,0.0,0.0
2006-12-21 00:00:00-05:00,18.226252147427072,18.29252968079093,18.040675306836025,18.08707046508789,32398900,0.0,0.0
2006-12-22 00:00:00-05:00,18.12021129200508,18.173233073746395,17.848474502563477,17.848474502563477,27400500,0.0,0.0
2006-12-26 00:00:00-05:00,17.921385828700505,18.113589376760547,17.795458581540156,18.020801544189453,18185700,0.0,0.0
2006-12-27 00:00:00-05:00,18.093700408935547,18.22625550004604,17.782197588206632,18.093700408935547,25675600,0.0,0.0
2006-12-28 00:00:00-05:00,18.087076907757552,18.279280432423516,18.060565379313005,18.173236846923828,34817800,0.0,0.0
2006-12-29 00:00:00-05:00,18.113582611083984,18.312413967795585,18.08707235345394,18.113582611083984,27125900,0.0,0.0
2007-01-03 00:00:00-05:00,18.199747414089572,18.54438970476835,18.113587473489513,18.37869644165039,64226000,0.0,0.0
2007-01-04 00:00:00-05:00,18.34555248760909,18.882398136219965,18.25276469415851,18.86251449584961,73012100,0.0,0.0
2007-01-05 00:00:00-05:00,18.84926015595238,18.935420069993544,18.590777885551105,18.869142532348633,62647800,0.0,0.0
2007-01-08 00:00:00-05:00,18.915537003136766,19.04809080944919,18.76972617281261,18.97518539428711,47936500,0.0,0.0
2007-01-09 00:00:00-05:00,19.034835744391472,19.05471938492661,18.763098977772326,18.869142532348633,50488300,0.0,0.0
2007-01-10 00:00:00-05:00,18.736583168645847,19.04145798166892,18.696815899360523,19.008319854736328,50632400,0.0,0.0
2007-01-11 00:00:00-05:00,19.067969653251968,19.213779182763037,18.961926129218735,19.01494789123535,54602200,0.0,0.0
2007-01-12 00:00:00-05:00,18.915541461805272,19.20053278141606,18.855891792455793,19.167394638061523,54588000,0.0,0.0
2007-01-16 00:00:00-05:00,18.948680690716795,18.948680690716795,18.557644508863184,18.584156036376953,75551500,0.0,0.0
2007-01-17 00:00:00-05:00,18.464855614986806,18.557643427600283,17.82196501576732,17.881614685058594,108858000,0.0,0.0
2007-01-18 00:00:00-05:00,17.98103048358734,17.99428624664886,17.41104657747268,17.530345916748047,80498300,0.0,0.0
2007-01-19 00:00:00-05:00,17.530345953628977,17.79545489472135,17.510462308994867,17.6960391998291,62266800,0.0,0.0
2007-01-22 00:00:00-05:00,17.729175984432352,17.762314125476607,17.331511971206062,17.58336639404297,69421400,0.0,0.0
2007-01-23 00:00:00-05:00,17.477328677307238,17.709298270560698,17.251985703170046,17.25861358642578,67695900,0.0,0.0
2007-01-24 00:00:00-05:00,17.384532356459353,17.86172963958735,17.358022098584993,17.821962356567383,63817000,0.0,0.0
2007-01-25 00:00:00-05:00,17.848474305857458,17.861730067181444,17.338138872134795,17.377904891967773,55317400,0.0,0.0
2007-01-26 00:00:00-05:00,17.33813835124116,17.589992752274465,17.073029453421054,17.464065551757812,64449600,0.0,0.0
2007-01-29 00:00:00-05:00,17.4242941607775,17.543592179909805,17.232089479032556,17.37127113342285,51536100,0.0,0.0
2007-01-30 00:00:00-05:00,17.424298614570095,17.457436750998575,17.25197752403647,17.39778709411621,45030400,0.0,0.0
2007-01-31 00:00:00-05:00,17.358026115631986,17.768944688822728,17.26523703125082,17.64301872253418,60517900,0.0,0.0
2007-02-01 00:00:00-05:00,17.67615449071391,17.888241630815642,17.47069523175774,17.623132705688477,55597200,0.0,0.0
2007-02-02 00:00:00-05:00,17.835216288770884,18.014165251594655,17.629757070791083,17.987653732299805,59427500,0.0,0.0
2007-02-05 00:00:00-05:00,18.173233788546614,18.338927021022734,18.04730657790583,18.23288345336914,61115800,0.0,0.0
2007-02-06 00:00:00-05:00,18.391947129527775,18.411830770703766,17.97440077794341,18.0804443359375,105179400,0.0,0.0
2007-02-07 00:00:00-05:00,18.968564468696428,19.121001960546526,18.61066642959875,18.617294311523438,128470500,0.0,0.0
2007-02-08 00:00:00-05:00,18.491365320707995,18.78961365819486,18.42508777191768,18.65043067932129,55285200,0.0,0.0
2007-02-09 00:00:00-05:00,18.597403460187888,18.657053110259582,18.212995306469576,18.365432739257812,50559800,0.0,0.0
2007-02-12 00:00:00-05:00,18.305793173826594,18.391953118701906,18.173238051099133,18.252771377563477,39247500,0.0,0.0
2007-02-13 00:00:00-05:00,18.332300418133652,18.378694324199248,17.901498236488514,18.014169692993164,59367700,0.0,0.0
2007-02-14 00:00:00-05:00,18.06718944903942,18.325670476135038,17.99428402534005,18.199743270874023,48659900,0.0,0.0
2007-02-15 00:00:00-05:00,18.285905371649015,18.43171496221006,18.193117565304625,18.266021728515625,36506000,0.0,0.0
2007-02-16 00:00:00-05:00,18.213005679387997,18.25939959716916,18.133473610088704,18.239517211914062,34920100,0.0,0.0
2007-02-20 00:00:00-05:00,18.266015034745195,18.557635373139043,18.080439490062503,18.332292556762695,40816100,0.0,0.0
2007-02-21 00:00:00-05:00,18.106954867415556,18.299159609275698,18.093699106430936,18.14672088623047,35555600,0.0,0.0
2007-02-22 00:00:00-05:00,18.239508346661733,18.299158001713415,18.040675741776525,18.159975051879883,40347700,0.0,0.0
2007-02-23 00:00:00-05:00,18.126839885715547,18.338927021022734,18.126839885715547,18.23288345336914,40647000,0.0,0.0
2007-02-26 00:00:00-05:00,18.319039140400697,18.35880641717595,17.9081207268331,18.053930282592773,37742200,0.0,0.0
2007-02-27 00:00:00-05:00,17.729174697413335,17.86172978024584,16.860942570863404,17.03989028930664,78613400,0.0,0.0
2007-02-28 00:00:00-05:00,17.099536546870354,17.397784791814075,17.06639841482714,17.192325592041016,63725500,0.0,0.0
2007-03-01 00:00:00-05:00,16.834432561832134,17.397789818300144,16.615717540396208,17.132680892944336,70349100,0.0,0.0
2007-03-02 00:00:00-05:00,17.026634502466408,17.21221008740672,16.668736564414903,16.768152236938477,68604200,0.0,0.0
2007-03-05 00:00:00-05:00,16.582581596452975,17.066405607365454,16.45002648413813,16.87420082092285,60022300,0.0,0.0
2007-03-06 00:00:00-05:00,17.092915289815686,17.278490910051193,17.033265622128816,17.205585479736328,51801300,0.0,0.0
2007-03-07 00:00:00-05:00,17.172441495995745,17.311624427967566,16.953726543587468,17.145931243896484,65487300,0.0,0.0
2007-03-08 00:00:00-05:00,17.344762487189968,17.51708354960584,17.27848496100868,17.331506729125977,43868500,0.0,0.0
2007-03-09 00:00:00-05:00,17.5104610021731,17.55685490538445,17.19233029660464,17.285118103027344,39302700,0.0,0.0
2007-03-12 00:00:00-04:00,17.218843200510232,17.397792223921126,17.159193526039935,17.344770431518555,29173700,0.0,0.0
2007-03-13 00:00:00-04:00,17.23209171669156,17.384529147715153,16.880821699684446,16.900705337524414,58047500,0.0,0.0
2007-03-14 00:00:00-04:00,16.900710109205853,17.1525632722591,16.741644753992368,17.132680892944336,53373200,0.0,0.0
2007-03-15 00:00:00-04:00,17.0332645852106,17.18570205373543,16.980242802065483,17.106168746948242,38348800,0.0,0.0
2007-03-16 00:00:00-04:00,17.092915751788215,17.278491377039302,17.053148462829437,17.2254695892334,49897100,0.0,0.0
2007-03-19 00:00:00-04:00,17.358017416969634,17.477316705575525,17.23209024964801,17.43092155456543,37540300,0.0,0.0
2007-03-20 00:00:00-04:00,17.45081154147965,17.5502272301181,17.298374067958083,17.457439422607422,43996700,0.0,0.0
2007-03-21 00:00:00-04:00,17.49721292509246,17.755695343017578,17.271869926972922,17.755695343017578,44297700,0.0,0.0
2007-03-22 00:00:00-04:00,17.735804582285876,17.755688226199485,17.470695650799957,17.477323532104492,37075400,0.0,0.0
2007-03-23 00:00:00-04:00,17.530339943790935,17.616499846056012,17.35801887512207,17.35801887512207,31198200,0.0,0.0
2007-03-26 00:00:00-04:00,17.38453399434099,17.464067303735195,17.106169307669884,17.457439422607422,44659700,0.0,0.0
2007-03-27 00:00:00-04:00,17.331510952054547,17.391160613737842,17.132679589202883,17.185701370239258,39229400,0.0,0.0
2007-03-28 00:00:00-04:00,17.092909994667217,17.894864423139865,16.947099179207672,17.033260345458984,42165000,0.0,0.0
2007-03-29 00:00:00-04:00,17.179071424555588,17.212209559667787,16.675363933189466,16.854312896728516,56818400,0.0,0.0
2007-03-30 00:00:00-04:00,16.854313816390437,17.000123388634616,16.64222670616658,16.920591354370117,38922900,0.0,0.0
2007-04-02 00:00:00-04:00,17.013373890527724,17.05313989536901,16.774775333203,16.83442497253418,33519000,0.0,0.0
2007-04-03 00:00:00-04:00,16.92722163381097,17.27849048585526,16.86094408643725,17.132680892944336,45485100,0.0,0.0
2007-04-04 00:00:00-04:00,17.19895469399209,17.377902389541436,17.15255953603906,17.298370361328125,39936300,0.0,0.0
2007-04-05 00:00:00-04:00,17.24534986602423,17.344765540728915,17.165816567777153,17.271860122680664,29372100,0.0,0.0
2007-04-09 00:00:00-04:00,17.31162133805038,17.464058736794243,17.304993460173893,17.364643096923828,28169500,0.0,0.0
2007-04-10 00:00:00-04:00,17.29837502151869,17.35139680932459,17.086287870295084,17.2254695892334,38575000,0.0,0.0
2007-04-11 00:00:00-04:00,17.212206885606182,17.324878297277557,16.993491941083946,17.09290885925293,42709700,0.0,0.0
2007-04-12 00:00:00-04:00,17.086285669157053,17.278489151140683,16.986868723706618,17.21221160888672,28071900,0.0,0.0
2007-04-13 00:00:00-04:00,17.179077368530308,17.861734059635243,16.993500460931294,17.682785034179688,83160800,0.0,0.0
2007-04-16 00:00:00-04:00,17.6761568685808,17.84847800912955,17.550229638153013,17.64301872253418,51863700,0.0,0.0
2007-04-17 00:00:00-04:00,17.682782418439327,17.97440286891693,17.603249108622137,17.78882598876953,59262500,0.0,0.0
2007-04-18 00:00:00-04:00,17.6695195487118,17.888234482559167,17.563476021036628,17.80870246887207,32158000,0.0,0.0
2007-04-19 00:00:00-04:00,17.623135359027835,17.729178945044627,17.543602037445613,17.682785034179688,29165200,0.0,0.0
2007-04-20 00:00:00-04:00,17.92800301195052,17.961142409098468,17.72917168561778,17.88823699951172,42547500,0.0,0.0
2007-04-23 00:00:00-04:00,17.835219688507983,17.855103331769325,17.5634828846316,17.616504669189453,38480700,0.0,0.0
2007-04-24 00:00:00-04:00,17.662898523752553,17.669526404821315,17.271862389668993,17.4508113861084,53272500,0.0,0.0
2007-04-25 00:00:00-04:00,17.583360774533052,17.80870360120544,17.377900320477337,17.749053955078125,45166800,0.0,0.0
2007-04-26 00:00:00-04:00,17.775567625140468,18.000910495149913,17.58999203628955,17.59661865234375,50933500,0.0,0.0
2007-04-27 00:00:00-04:00,17.570108858570077,17.928005549452905,17.556853097834694,17.914751052856445,45157900,0.0,0.0
2007-04-30 00:00:00-04:00,17.894868640099645,18.027423728274506,17.72254753112793,17.72254753112793,50368000,0.0,0.0
2007-05-01 00:00:00-04:00,17.808706126928755,17.91474967638616,17.603245643733565,17.802078247070312,46221200,0.0,0.0
2007-05-02 00:00:00-04:00,17.914757650712804,18.391953835683605,17.90812976790412,18.338932037353516,57237400,0.0,0.0
2007-05-03 00:00:00-04:00,18.398572623161822,18.517871926463783,18.266017560795472,18.358806610107422,37016600,0.0,0.0
2007-05-04 00:00:00-04:00,18.517873294606645,18.55763931059905,18.42508423843923,18.497989654541016,45872300,0.0,0.0
2007-05-07 00:00:00-04:00,18.5311268639792,18.53775474366969,18.39857306258575,18.431711196899414,46411700,0.0,0.0
2007-05-08 00:00:00-04:00,18.41183162138124,18.87577189300598,18.319042555745103,18.796239852905273,98226500,0.0,0.0
2007-05-09 00:00:00-04:00,17.908124663098736,17.954518565395315,17.523716418748343,17.570110321044922,151576700,0.0,0.0
2007-05-10 00:00:00-04:00,17.477322931937366,17.742431854319506,17.40441750423013,17.424301147460938,59524200,0.0,0.0
2007-05-11 00:00:00-04:00,17.52372078262328,17.66290252417299,17.464071103633593,17.649646759033203,39094200,0.0,0.0
2007-05-14 00:00:00-04:00,17.643016166443587,17.662898545535334,17.311629697431144,17.424301147460938,50552200,0.0,0.0
2007-05-15 00:00:00-04:00,17.47069319108936,17.55685310763961,17.28511633310716,17.318254470825195,43053100,0.0,0.0
2007-05-16 00:00:00-04:00,17.43092309768341,17.556850276153067,17.318251677818715,17.550222396850586,38666800,0.0,0.0
2007-05-17 00:00:00-04:00,17.43092379125828,17.643012144960416,17.397785657566043,17.41766929626465,37058100,0.0,0.0
2007-05-18 00:00:00-04:00,17.470688045574263,17.503826173532367,17.338133005464748,17.37127113342285,40781200,0.0,0.0
2007-05-21 00:00:00-04:00,17.371278519023328,17.589994807435364,17.358024020687914,17.49720573425293,43044700,0.0,0.0
2007-05-22 00:00:00-04:00,17.48395014926993,17.563483460785253,17.404418101893704,17.477323532104492,40002600,0.0,0.0
2007-05-23 00:00:00-04:00,17.503832036320784,17.517087797599373,17.152561947272044,17.21221160888672,54835900,0.0,0.0
2007-05-24 00:00:00-04:00,17.238716691525852,17.271854818203842,16.788031089529596,16.83442497253418,67814900,0.0,0.0
2007-05-25 00:00:00-04:00,16.92721716932887,17.020004952696247,16.834428121822754,16.91396141052246,42654600,0.0,0.0
2007-05-29 00:00:00-04:00,16.960356138320428,17.232092886554216,16.93384461940064,17.165815353393555,39918300,0.0,0.0
2007-05-30 00:00:00-04:00,17.026637392516438,17.497205578932324,16.966987726049766,17.490577697753906,55932300,0.0,0.0
2007-05-31 00:00:00-04:00,17.722550931343594,17.888244191282265,17.556857671404924,17.84185028076172,76344400,0.0,0.0
2007-06-01 00:00:00-04:00,17.861727901657456,18.15997491045434,17.78219460749499,17.802078247070312,47539400,0.0,0.0
2007-06-04 00:00:00-04:00,17.709290244964844,17.92800523672781,17.6628963473392,17.9014949798584,32524500,0.0,0.0
2007-06-05 00:00:00-04:00,17.80207719858559,18.093696310348612,17.80207719858559,18.027420043945312,59452300,0.0,0.0
2007-06-06 00:00:00-04:00,17.88161003805005,17.947887571609627,17.543595754621144,17.629756927490234,42858600,0.0,0.0
2007-06-07 00:00:00-04:00,17.530344913047582,17.629760602038626,17.126053011793058,17.132680892944336,68232400,0.0,0.0
2007-06-08 00:00:00-04:00,17.152558487672906,17.570106034758023,17.12604823460171,17.550222396850586,47289500,0.0,0.0
2007-06-11 00:00:00-04:00,17.4243009707193,17.583366322535124,17.41104520869989,17.444183349609375,24508400,0.0,0.0
2007-06-12 00:00:00-04:00,17.31162740387365,17.583364171331265,17.251977746223062,17.271860122680664,49529900,0.0,0.0
2007-06-13 00:00:00-04:00,17.377905874323638,17.58336639404297,17.1393084776991,17.58336639404297,43020100,0.0,0.0
2007-06-14 00:00:00-04:00,17.58336657567303,17.874985759464124,17.57011081346278,17.782197952270508,39936800,0.0,0.0
2007-06-15 00:00:00-04:00,17.921371892296275,18.159969171098698,17.815327112214902,18.15334129333496,74476400,0.0,0.0
2007-06-18 00:00:00-04:00,18.15334163209511,18.15996950998253,17.921372226727637,18.034042358398438,45438500,0.0,0.0
2007-06-19 00:00:00-04:00,17.961146581964087,18.159977954490795,17.815335728914736,18.093700408935547,42405200,0.0,0.0
2007-06-20 00:00:00-04:00,18.146718081954504,18.358806432516815,17.98765276713683,18.027420043945312,62296300,0.0,0.0
2007-06-21 00:00:00-04:00,18.01417436776935,18.186495537973514,17.8352253143874,18.106962203979492,50549100,0.0,0.0
2007-06-22 00:00:00-04:00,18.00754354070039,18.21963071115961,17.79545637024117,17.84185028076172,53207100,0.0,0.0
2007-06-25 00:00:00-04:00,17.78882385414817,18.12683816806685,17.72917419497788,17.914751052856445,44086600,0.0,0.0
2007-06-26 00:00:00-04:00,18.08706890581585,18.219622696977407,17.888236322865474,17.994279861450195,53507400,0.0,0.0
2007-06-27 00:00:00-04:00,17.861725415348413,18.09369485741013,17.795447890128504,18.07381248474121,38389500,0.0,0.0
2007-06-28 00:00:00-04:00,18.36543618597477,18.822749834304137,18.272648385844363,18.45822525024414,77966700,0.0,0.0
2007-06-29 00:00:00-04:00,18.544385169773953,18.59740695043975,18.32567016651016,18.45822525024414,44996100,0.0,0.0
2007-07-02 00:00:00-04:00,18.570890923751403,18.597401173780298,18.418453509704175,18.484729766845703,36955200,0.0,0.0
2007-07-03 00:00:00-04:00,18.5377573493766,18.623918533325195,18.431713787700616,18.623918533325195,22459300,0.0,0.0
2007-07-05 00:00:00-04:00,18.59740926498077,18.809496414039273,18.51787721615339,18.80286979675293,38774800,0.0,0.0
2007-07-06 00:00:00-04:00,18.782982618307464,18.88902617288377,18.71670508066255,18.869142532348633,34530200,0.0,0.0
2007-07-09 00:00:00-04:00,18.84263260611007,18.889026504033186,18.789610827892375,18.85588836669922,33283200,0.0,0.0
2007-07-10 00:00:00-04:00,18.676937854598293,18.875769190521932,18.623916080742735,18.763097763061523,39571700,0.0,0.0
2007-07-11 00:00:00-04:00,18.650431956788303,19.08786203897154,18.64380407504138,19.061351776123047,42390300,0.0,0.0
2007-07-12 00:00:00-04:00,19.147511810507645,19.86330660910216,18.26602375979274,19.750635147094727,91906700,0.0,0.0
2007-07-13 00:00:00-04:00,19.56505460252788,19.856673742876996,19.551798842292317,19.810279846191406,56273400,0.0,0.0
2007-07-16 00:00:00-04:00,19.697608412466877,19.88318526334812,19.697608412466877,19.810279846191406,44305500,0.0,0.0
2007-07-17 00:00:00-04:00,19.783768369271876,19.869928277209524,19.618075168966648,19.704235076904297,37508500,0.0,0.0
2007-07-18 00:00:00-04:00,19.518661342858504,19.584937617921575,19.140879748648857,19.512033462524414,47968900,0.0,0.0
2007-07-19 00:00:00-04:00,19.783770369414945,19.88318604682127,19.757258847899166,19.843420028686523,53279800,0.0,0.0
2007-07-20 00:00:00-04:00,19.843420962941362,19.843420962941362,19.48552299046158,19.6114501953125,45824600,0.0,0.0
2007-07-23 00:00:00-04:00,19.70423944957157,20.141669494318574,19.67110130781219,20.055509567260742,63484100,0.0,0.0
2007-07-24 00:00:00-04:00,19.850042536543327,20.121779237838417,19.604816085449947,19.7241153717041,69577300,0.0,0.0
2007-07-25 00:00:00-04:00,19.88318557705172,20.042250909971468,19.651214825825004,19.823535919189453,53082100,0.0,0.0
2007-07-26 00:00:00-04:00,19.545177043690806,19.850053303277143,19.27344019500476,19.66447639465332,75708200,0.0,0.0
2007-07-27 00:00:00-04:00,19.704234661158782,19.783767951848265,19.180644816593816,19.20052719116211,65845500,0.0,0.0
2007-07-30 00:00:00-04:00,19.2270485694414,19.591573283701507,18.97519407321781,19.54517936706543,44467000,0.0,0.0
2007-07-31 00:00:00-04:00,19.763885972765486,19.79039749326781,19.160762786865234,19.160762786865234,53750200,0.0,0.0
2007-08-01 00:00:00-04:00,19.06797255733347,19.763883447807185,19.05471679877581,19.730745315551758,60419600,0.0,0.0
2007-08-02 00:00:00-04:00,19.697606448385482,20.02236495694129,19.66446831523971,19.969343185424805,57743600,0.0,0.0
2007-08-03 00:00:00-04:00,19.883181690695633,19.969341588467643,19.51202931976147,19.525283813476562,51310500,0.0,0.0
2007-08-06 00:00:00-04:00,19.61145134710177,19.68435677484549,19.154137665676807,19.551801681518555,71355300,0.0,0.0
2007-08-07 00:00:00-04:00,19.565053411391833,19.79039626512184,19.174017357221466,19.677724838256836,80731400,0.0,0.0
2007-08-08 00:00:00-04:00,20.632119132433104,21.374425311888828,20.545959214528796,20.996644973754883,193438400,0.0,0.0
2007-08-09 00:00:00-04:00,20.67851566266898,21.52023757662026,20.66525990084163,20.81106948852539,102385500,0.0,0.0
2007-08-10 00:00:00-04:00,20.545951000765612,20.877337307229574,20.43990748382822,20.804431915283203,82953500,0.0,0.0
2007-08-13 00:00:00-04:00,20.923738418219266,20.943622058567872,20.400148530427977,20.433286666870117,76475600,0.0,0.0
2007-08-14 00:00:00-04:00,20.53270563494682,20.6586328490828,19.936210234304454,20.055509567260742,86429500,0.0,0.0
2007-08-15 00:00:00-04:00,19.98260525360861,20.373641416059726,19.810284125737006,19.830167770385742,67216700,0.0,0.0
2007-08-16 00:00:00-04:00,19.737372830353557,19.916320511022562,18.942045029522916,19.419240951538086,103117900,0.0,0.0
2007-08-17 00:00:00-04:00,19.889823607785782,20.188070785164772,19.59157516626725,19.876567840576172,78478700,0.0,0.0
2007-08-20 00:00:00-04:00,19.83678677937318,20.088639844913054,19.56505007807809,19.7241153717041,50697300,0.0,0.0
2007-08-21 00:00:00-04:00,19.724114364745184,20.082010941097664,19.67772048115676,19.9494571685791,39863000,0.0,0.0
2007-08-22 00:00:00-04:00,20.181436781396723,20.19469127961703,19.82353878252786,20.055509567260742,39826300,0.0,0.0
2007-08-23 00:00:00-04:00,20.207951040846687,20.294112249093693,19.922958414419305,20.06214141845703,38032000,0.0,0.0
2007-08-24 00:00:00-04:00,20.015745051277797,20.380269694631803,19.92958385359394,20.367013931274414,33962000,0.0,0.0
2007-08-27 00:00:00-04:00,20.221199937754708,20.711651698273148,20.221199937754708,20.61223602294922,43417300,0.0,0.0
2007-08-28 00:00:00-04:00,20.453168841159606,20.612234160130235,20.14166481872068,20.15492057800293,41973100,0.0,0.0
2007-08-29 00:00:00-04:00,20.241088309876375,20.559219050932313,20.207948900929384,20.545963287353516,39609200,0.0,0.0
2007-08-30 00:00:00-04:00,20.426665442863335,21.188854206644645,20.386899413347077,20.830957412719727,56344200,0.0,0.0
2007-08-31 00:00:00-04:00,21.122575890964804,21.19548006074527,20.990020786408955,21.15571403503418,39064400,0.0,0.0
2007-09-04 00:00:00-04:00,21.16896331693056,21.540115726254868,21.043036132572063,21.42081642150879,54173800,0.0,0.0
2007-09-05 00:00:00-04:00,21.275005316918698,21.40093376375038,21.155707277889295,21.35453987121582,53359500,0.0,0.0
2007-09-06 00:00:00-04:00,21.453958579414277,21.500352481264276,21.0297843177697,21.102689743041992,45735000,0.0,0.0
2007-09-07 00:00:00-04:00,20.83095815539162,21.056301104249908,20.605615206533336,20.890607833862305,60757200,0.0,0.0
2007-09-10 00:00:00-04:00,21.003267433668018,21.20872661882911,20.69176345240525,21.036405563354492,40171900,0.0,0.0
2007-09-11 00:00:00-04:00,21.18222228232217,21.32140399113971,21.029784811482276,21.314777374267578,33080800,0.0,0.0
2007-09-12 00:00:00-04:00,21.255123067492644,21.288261201172585,21.029780218880514,21.06291961669922,35091700,0.0,0.0
2007-09-13 00:00:00-04:00,21.18221531585174,21.235238346502765,20.81106295026495,20.883968353271484,33575600,0.0,0.0
2007-09-14 00:00:00-04:00,20.83095053027361,21.003271620095727,20.645373680279285,20.917110443115234,31407400,0.0,0.0
2007-09-17 00:00:00-04:00,20.764676493987192,21.043041183834983,20.711654708498997,20.877347946166992,29943700,0.0,0.0
2007-09-18 00:00:00-04:00,20.93036103361806,21.23523712158203,20.817689628261157,21.23523712158203,56188700,0.0,0.0
2007-09-19 00:00:00-04:00,21.36116891438926,21.52686212892372,21.241869597662227,21.268381118774414,49602000,0.0,0.0
2007-09-20 00:00:00-04:00,21.202113635953115,21.467222652117396,21.149091832720256,21.347923278808594,33397100,0.0,0.0
2007-09-21 00:00:00-04:00,21.57988653303452,21.57988653303452,21.334658739687402,21.407564163208008,56843000,0.0,0.0
2007-09-24 00:00:00-04:00,21.354542210451203,21.49372390330123,21.043038159358264,21.12919807434082,41171000,0.0,0.0
2007-09-25 00:00:00-04:00,21.043038582889295,21.560000611467267,20.976761043186265,21.500350952148438,47893500,0.0,0.0
2007-09-26 00:00:00-04:00,21.639534827924216,21.87150431694432,21.606394162397507,21.864877700805664,64886200,0.0,0.0
2007-09-27 00:00:00-04:00,21.884761246540815,22.06371023117735,21.77208853994243,22.023942947387695,38079100,0.0,0.0
2007-09-28 00:00:00-04:00,21.964293013505202,22.1233596184136,21.851622836581765,21.957666397094727,33792100,0.0,0.0
2007-10-01 00:00:00-04:00,21.878130933082975,22.090220573687112,21.851621940250542,21.864877700805664,42086900,0.0,0.0
2007-10-02 00:00:00-04:00,21.871505250033714,21.957666433178936,21.78534406688849,21.878131866455078,31426300,0.0,0.0
2007-10-03 00:00:00-04:00,21.805227269876085,21.851621166036345,21.493723228562,21.50697898864746,37321200,0.0,0.0
2007-10-04 00:00:00-04:00,21.59976849799725,21.659418158984703,21.12919909066724,21.308149337768555,50560900,0.0,0.0
2007-10-05 00:00:00-04:00,21.43407728676562,21.745581382062255,21.381054237235062,21.639537811279297,36316300,0.0,0.0
2007-10-08 00:00:00-04:00,21.560000987509103,21.805228773584723,21.546745226509508,21.67930030822754,19355200,0.0,0.0
2007-10-09 00:00:00-04:00,21.73894810479378,21.931152830392325,21.639533698236992,21.92452621459961,32963800,0.0,0.0
2007-10-10 00:00:00-04:00,22.129992877618193,22.2028983214071,21.970928753241182,22.050460815429688,36917700,0.0,0.0
2007-10-11 00:00:00-04:00,22.123360226977542,22.269168546520028,21.606395643013144,21.738950729370117,45218400,0.0,0.0
2007-10-12 00:00:00-04:00,21.75883051049613,21.95103268574938,21.705807477131515,21.818477630615234,29083700,0.0,0.0
2007-10-15 00:00:00-04:00,21.81848325924796,21.96429411033887,21.546746463846368,21.732324600219727,34711500,0.0,0.0
2007-10-16 00:00:00-04:00,21.48047007594691,21.540119739433386,21.10931759747252,21.400938034057617,51867400,0.0,0.0
2007-10-17 00:00:00-04:00,21.672675549848996,21.699187074120992,21.149084322728523,21.513608932495117,38775000,0.0,0.0
2007-10-18 00:00:00-04:00,21.334654522156743,21.825107483618062,21.32802790690938,21.659414291381836,33165700,0.0,0.0
2007-10-19 00:00:00-04:00,21.61965294300171,21.6262820883442,20.811070398271976,20.877347946166992,60430500,0.0,0.0
2007-10-22 00:00:00-04:00,20.612238292606087,20.857463567798128,20.512822606335284,20.791187286376953,41887400,0.0,0.0
2007-10-23 00:00:00-04:00,20.77792718625875,20.930364624322834,19.942833320491186,20.903854370117188,50306400,0.0,0.0
2007-10-24 00:00:00-04:00,20.65863113071978,20.784558334381266,20.227829002986127,20.718280792236328,48647400,0.0,0.0
2007-10-25 00:00:00-04:00,20.791187526546558,21.12920061094404,20.579099125476127,20.665260314941406,41326500,0.0,0.0
2007-10-26 00:00:00-04:00,21.082806390306335,21.275009881204177,20.751419927806094,21.1424560546875,42232000,0.0,0.0
2007-10-29 00:00:00-04:00,21.374428987132546,21.533495617618787,21.20873573917028,21.480472564697266,34941700,0.0,0.0
2007-10-30 00:00:00-04:00,21.38105928330323,21.838374344460053,21.294900599899304,21.6130313873291,39989100,0.0,0.0
2007-10-31 00:00:00-04:00,21.83173178270905,21.997424957366675,21.533486090947083,21.911266326904297,54876500,0.0,0.0
2007-11-01 00:00:00-04:00,21.76546154080117,22.03719832122501,21.294893401480504,21.328031539916992,49818300,0.0,0.0
2007-11-02 00:00:00-04:00,21.473842406962405,21.679300382464916,21.281637664226977,21.54674530029297,53250400,0.0,0.0
2007-11-05 00:00:00-05:00,21.6329045541666,22.037196381019506,21.460584732501555,21.92452621459961,69607200,0.0,0.0
2007-11-06 00:00:00-05:00,22.169749882409217,22.693340982697624,22.143238364559235,22.587297439575195,91068600,0.0,0.0
2007-11-07 00:00:00-05:00,22.560792083669817,22.59393022589444,21.566632647261926,21.705814361572266,138236000,0.0,0.0
2007-11-08 00:00:00-05:00,20.154925707639755,20.605611524830135,19.558430293650943,19.637962341308594,192353700,0.0,0.0
2007-11-09 00:00:00-05:00,19.26017970829487,19.40599055222666,18.65705648331962,18.942049026489258,120564300,0.0,0.0
2007-11-12 00:00:00-05:00,19.10775038934986,19.744013288198023,19.081240119973415,19.29332733154297,89644700,0.0,0.0
2007-11-13 00:00:00-05:00,19.624709952152585,19.982606733358743,19.293323434968727,19.97597885131836,64869800,0.0,0.0
2007-11-14 00:00:00-05:00,20.16155615435102,20.174811918693678,19.58494304683805,19.69098663330078,61079800,0.0,0.0
2007-11-15 00:00:00-05:00,19.551796006389424,19.67109530292789,19.260175644199695,19.419240951538086,59934000,0.0,0.0
2007-11-16 00:00:00-05:00,19.783770369414945,19.94946358647179,19.51866147495178,19.843420028686523,53853200,0.0,0.0
2007-11-19 00:00:00-05:00,19.724124276215257,19.876561760074527,19.405993545342227,19.505409240722656,43526000,0.0,0.0
2007-11-20 00:00:00-05:00,19.51203425747387,19.777143160943837,18.88239950561111,19.246925354003906,63284000,0.0,0.0
2007-11-21 00:00:00-05:00,18.80950093913998,19.05472755432129,18.630553154158406,18.72334098815918,53953700,0.0,0.0
2007-11-23 00:00:00-05:00,18.849254726916108,19.074597531521363,18.6504221712499,19.01494789123535,22126300,0.0,0.0
2007-11-26 00:00:00-05:00,19.061351447861473,19.08123509275981,18.173235535295678,18.22625732421875,84568600,0.0,0.0
2007-11-27 00:00:00-05:00,18.312413267387093,18.544384017437558,17.841845151236306,18.21962547302246,70141600,0.0,0.0
2007-11-28 00:00:00-05:00,18.49136457109297,18.849262561568498,18.425087024989455,18.59078025817871,71609300,0.0,0.0
2007-11-29 00:00:00-05:00,18.431712037919354,18.743216076892086,18.418457542072375,18.657054901123047,42602000,0.0,0.0
2007-11-30 00:00:00-05:00,18.822753149869815,18.82938103163789,18.34555703982111,18.570899963378906,65641700,0.0,0.0
2007-12-03 00:00:00-05:00,18.55763845746204,18.71670377825792,18.24613569558747,18.272645950317383,52984900,0.0,0.0
2007-12-04 00:00:00-05:00,18.199745096089615,18.226256621598715,17.775570801056926,17.868358612060547,71486400,0.0,0.0
2007-12-05 00:00:00-05:00,18.18648908470723,18.431714354572797,17.974401954832466,18.21299934387207,66642200,0.0,0.0
2007-12-06 00:00:00-05:00,18.325669875801218,18.52450249824801,18.226254196647293,18.418458938598633,53056600,0.0,0.0
2007-12-07 00:00:00-05:00,18.544384035753115,18.577523436729564,18.18648735417971,18.193115234375,56313400,0.0,0.0
2007-12-10 00:00:00-05:00,18.345548313993913,18.557635373139043,18.17322726240385,18.332292556762695,58231300,0.0,0.0
2007-12-11 00:00:00-05:00,18.43834485629578,19.213789325211923,18.42508909275963,18.570899963378906,90163900,0.0,0.0
2007-12-12 00:00:00-05:00,19.167395331493527,19.51203759706129,18.802870684849392,19.087862014770508,86656700,0.0,0.0
2007-12-13 00:00:00-05:00,19.14088588571296,19.57831727904235,19.101119855097316,19.26018524169922,55224800,0.0,0.0
2007-12-14 00:00:00-05:00,19.21378819225266,19.64459036866137,18.89565747097907,18.988445281982422,53644700,0.0,0.0
2007-12-17 00:00:00-05:00,18.948676023158427,18.98844204049445,18.504618159799648,18.52450180053711,43977000,0.0,0.0
2007-12-18 00:00:00-05:00,18.650427021130135,18.86914200434091,18.279274590498872,18.657054901123047,49890100,0.0,0.0
2007-12-19 00:00:00-05:00,18.650429550009708,18.88902820555169,18.53775810313033,18.683568954467773,33411700,0.0,0.0
2007-12-20 00:00:00-05:00,18.955306516154554,18.968562278473335,18.66368606583674,18.74321937561035,47296000,0.0,0.0
2007-12-21 00:00:00-05:00,18.995065385282487,19.22040820327961,18.836000089779564,18.955299377441406,69126500,0.0,0.0
2007-12-24 00:00:00-05:00,19.008321749371667,19.187270686576642,18.96855574026122,19.034832000732422,16474100,0.0,0.0
2007-12-26 00:00:00-05:00,18.988448778318972,19.014960308709554,18.690201646261006,18.809499740600586,35458200,0.0,0.0
2007-12-27 00:00:00-05:00,18.663684196235714,18.80949377471887,18.34555351728758,18.418458938598633,46568900,0.0,0.0
2007-12-28 00:00:00-05:00,18.524504032693496,18.690197266387933,18.04730671060453,18.266021728515625,46861200,0.0,0.0
2007-12-31 00:00:00-05:00,18.06055484962596,18.226248013383994,17.89486168586792,17.941255569458008,60736600,0.0,0.0
2008-01-02 00:00:00-05:00,17.894869376088604,18.09370075238952,17.3712781468163,17.589994430541992,64338900,0.0,0.0
2008-01-03 00:00:00-05:00,17.497202910960922,17.90812263239222,17.430925373421825,17.72917366027832,50360100,0.0,0.0
2008-01-04 00:00:00-05:00,17.47732541441333,17.848477958466763,17.23872671830936,17.31163215637207,56897400,0.0,0.0
2008-01-07 00:00:00-05:00,17.29837209384994,17.483947687693224,17.020007438946095,17.318254470825195,54431100,0.0,0.0
2008-01-08 00:00:00-05:00,17.47069181727046,17.755684330135132,16.84768501687831,16.854312896728516,61248800,0.0,0.0
2008-01-09 00:00:00-05:00,16.96035696722644,17.430925073801554,16.920590951042072,17.391159057617188,66475800,0.0,0.0
2008-01-10 00:00:00-05:00,17.271859744925226,17.530342010470765,17.099538655941153,17.391159057617188,55332800,0.0,0.0
2008-01-11 00:00:00-05:00,17.205579627154492,17.397784327463512,17.00012043286518,17.145931243896484,51454300,0.0,0.0
2008-01-14 00:00:00-05:00,17.63638828536665,17.676154307689206,17.364651481907572,17.424301147460938,53665300,0.0,0.0
2008-01-15 00:00:00-05:00,17.31162989161166,17.35802379553154,16.569323636476327,17.132680892944336,51610500,0.0,0.0
2008-01-16 00:00:00-05:00,16.966995415746222,16.973623299928494,16.430149438378614,16.668746948242188,90232500,0.0,0.0
2008-01-17 00:00:00-05:00,16.6621088627989,16.781408176760333,15.893292466312863,16.125263214111328,110043400,0.0,0.0
2008-01-18 00:00:00-05:00,16.058981405525245,16.66873230925649,15.946310001657345,16.105375289916992,93409400,0.0,0.0
2008-01-22 00:00:00-05:00,14.839488826103926,15.939692035506202,14.786467030378732,15.561911582946777,108777800,0.0,0.0
2008-01-23 00:00:00-05:00,14.958781765173805,16.191539567103224,14.779832807318481,15.926430702209473,114430200,0.0,0.0
2008-01-24 00:00:00-05:00,15.999342180803996,16.675371044140906,15.979459796913675,16.64223289489746,69193200,0.0,0.0
2008-01-25 00:00:00-05:00,17.265229191919442,17.291740708030492,15.972823120833695,16.039100646972656,79692000,0.0,0.0
2008-01-28 00:00:00-05:00,16.09875608358792,16.343981375110786,15.773996215129332,15.97282886505127,60515200,0.0,0.0
2008-01-29 00:00:00-05:00,16.085499694999886,16.10538207432122,15.701091437072174,15.946316719055176,72069100,0.0,0.0
2008-01-30 00:00:00-05:00,15.899928321948337,16.522935460618797,15.780628948145536,16.14515495300293,62098300,0.0,0.0
2008-01-31 00:00:00-05:00,15.893295676009112,16.370493028226203,15.833646006981974,16.237937927246094,76312400,0.0,0.0
2008-02-01 00:00:00-05:00,16.317467268437742,16.655480291788855,15.906547566742478,16.52955436706543,57669700,0.0,0.0
2008-02-04 00:00:00-05:00,16.59583528081591,16.602461897875926,15.654697640908436,15.787251472473145,92153900,0.0,0.0
2008-02-05 00:00:00-05:00,15.581797611692238,15.701096986340746,15.389592782727528,15.416104316711426,95795900,0.0,0.0
2008-02-06 00:00:00-05:00,15.528765604742915,15.919801625099945,15.283539133075122,15.296794891357422,141691700,0.0,0.0
2008-02-07 00:00:00-05:00,14.48158316135174,15.528763934377409,14.428561398064561,15.495624542236328,248433600,0.0,0.0
2008-02-08 00:00:00-05:00,15.416097219857239,15.740855776819151,15.356447559992915,15.60167407989502,95339000,0.0,0.0
2008-02-11 00:00:00-05:00,15.674580799512833,15.707720207155603,15.442610002570028,15.588420867919922,69005100,0.0,0.0
2008-02-12 00:00:00-05:00,15.687833876461017,15.906548872897805,15.40946922061975,15.528768539428711,56712600,0.0,0.0
2008-02-13 00:00:00-05:00,15.65469753313696,16.039105791064674,15.588419985741341,15.946316719055176,65013700,0.0,0.0
2008-02-14 00:00:00-05:00,15.919803623574085,15.96619751924745,15.561905689855815,15.59504508972168,56133600,0.0,0.0
2008-02-15 00:00:00-05:00,15.495627746541468,15.614927054641884,15.382956318239831,15.442605972290039,53314900,0.0,0.0
2008-02-19 00:00:00-05:00,15.614924571279037,15.701085730821488,15.097962670578788,15.164238929748535,72073700,0.0,0.0
2008-02-20 00:00:00-05:00,15.097969478269489,15.462494124622097,15.051574306136976,15.376334190368652,50297500,0.0,0.0
2008-02-21 00:00:00-05:00,15.780625683249196,15.899925032369833,15.303429550905898,15.369707107543945,64586300,0.0,0.0
2008-02-22 00:00:00-05:00,15.548653223747081,15.641442298889162,15.177500715596103,15.64144229888916,53739200,0.0,0.0
2008-02-25 00:00:00-05:00,15.588419786110789,15.833645064953354,15.369704767403531,15.773995399475098,57042500,0.0,0.0
2008-02-26 00:00:00-05:00,15.773997641038514,16.058990246791485,15.701093467202087,15.952946662902832,60932500,0.0,0.0
2008-02-27 00:00:00-05:00,15.853524113659875,16.668734286755136,15.793874465468642,16.53618049621582,88232300,0.0,0.0
2008-02-28 00:00:00-05:00,16.38373916413034,16.575943836029026,16.271067765050745,16.34397315979004,69469600,0.0,0.0
2008-02-29 00:00:00-05:00,16.105376067066548,16.416880044394237,16.092121573842565,16.16502571105957,72410000,0.0,0.0
2008-03-03 00:00:00-05:00,16.13851942484773,16.277701118928576,15.999336466627971,16.17165756225586,52575700,0.0,0.0
2008-03-04 00:00:00-05:00,15.96620168439534,16.22468275008554,15.734230881374792,16.098756790161133,96705100,0.0,0.0
2008-03-05 00:00:00-05:00,16.211424752383447,16.284330176920548,15.93968796074025,16.085498809814453,75778600,0.0,0.0
2008-03-06 00:00:00-05:00,16.118636280918402,16.171658060889623,15.8535273810623,15.866783142089844,71804000,0.0,0.0
2008-03-07 00:00:00-05:00,15.840269192001696,16.37048817457966,15.760737166305193,15.979452133178711,70314500,0.0,0.0
2008-03-10 00:00:00-04:00,15.986089312413004,16.231314675796337,15.899928092956543,15.899928092956543,48167600,0.0,0.0
2008-03-11 00:00:00-04:00,16.271082746283362,16.675374832424463,16.191550664375384,16.668746948242188,66505800,0.0,0.0
2008-03-12 00:00:00-04:00,16.681996835233946,16.966989433896988,16.56932537213784,16.662113189697266,56995700,0.0,0.0
2008-03-13 00:00:00-04:00,16.46327508972905,16.648851913450518,16.171654727920654,16.53618049621582,76975400,0.0,0.0
2008-03-14 00:00:00-04:00,16.60246100935018,16.662110672810662,15.933061477874114,16.118637084960938,74151500,0.0,0.0
2008-03-17 00:00:00-04:00,15.634815184120036,16.363865737553542,15.601677039748177,16.098756790161133,66377000,0.0,0.0
2008-03-18 00:00:00-04:00,16.3638603503932,16.973611360728682,16.324093073271776,16.95372772216797,70995800,0.0,0.0
2008-03-19 00:00:00-04:00,16.880832731249157,16.953738186833778,16.211431656183635,16.218059539794922,63988600,0.0,0.0
2008-03-20 00:00:00-04:00,16.304213930080394,16.522928941038955,16.12526493998548,16.416885375976562,70930100,0.0,0.0
2008-03-24 00:00:00-04:00,16.516299931006635,17.225466697928674,16.503044170245364,16.99349594116211,55003000,0.0,0.0
2008-03-25 00:00:00-04:00,17.053146673707197,17.152562357395723,16.814549285682535,17.066402435302734,46113300,0.0,0.0
2008-03-26 00:00:00-04:00,16.768152422751836,16.854313600262213,16.271072790486794,16.423511505126953,79022700,0.0,0.0
2008-03-27 00:00:00-04:00,16.324095425220946,16.410256607259235,15.986082369959785,16.025848388671875,56566600,0.0,0.0
2008-03-28 00:00:00-04:00,16.092128851020192,16.290960244820003,15.90655195643831,15.959573745727539,46496900,0.0,0.0
2008-03-31 00:00:00-04:00,15.959573900483743,16.17828894144003,15.8800405837091,15.966201782226562,51471000,0.0,0.0
2008-04-01 00:00:00-04:00,16.251189717776192,16.575948245241346,16.15840066411556,16.55606460571289,53248300,0.0,0.0
2008-04-02 00:00:00-04:00,16.59583157045316,16.93384458706333,16.43013836993732,16.542808532714844,51506700,0.0,0.0
2008-04-03 00:00:00-04:00,15.966193175668502,16.171652342386626,15.913171414446454,16.05898094177246,62492700,0.0,0.0
2008-04-04 00:00:00-04:00,16.145143339154295,16.450018173662095,15.946310771131358,16.16502571105957,48348200,0.0,0.0
2008-04-07 00:00:00-04:00,16.277701620832065,16.290957381859606,15.820389242632395,15.866783142089844,54633000,0.0,0.0
2008-04-08 00:00:00-04:00,15.787250458861758,16.01259334860674,15.74085655758585,15.880038261413574,47070500,0.0,0.0
2008-04-09 00:00:00-04:00,15.873409727900718,15.99933565497447,15.469117898509083,15.59504508972168,60616600,0.0,0.0
2008-04-10 00:00:00-04:00,15.740858730531,16.045733703367112,15.482377665375239,15.933063507080078,62580400,0.0,0.0
2008-04-11 00:00:00-04:00,15.674573467382508,15.760734622810768,15.47574217109023,15.495624542236328,49719600,0.0,0.0
2008-04-14 00:00:00-04:00,15.429354490670828,15.634813748010432,15.343193300595502,15.449236869812012,31406800,0.0,0.0
2008-04-15 00:00:00-04:00,15.515512256771007,15.555278273656807,15.18412583306528,15.316680908203125,48232600,0.0,0.0
2008-04-16 00:00:00-04:00,15.548644508948327,15.906542317887222,15.462484627614002,15.79387092590332,51221100,0.0,0.0
2008-04-17 00:00:00-04:00,15.899924327993904,15.913180091562126,15.628187495541333,15.833646774291992,38298000,0.0,0.0
2008-04-18 00:00:00-04:00,16.25782363570252,16.436771401363725,16.0457351943801,16.24456787109375,55199500,0.0,0.0
2008-04-21 00:00:00-04:00,16.138517538663685,16.5693195953141,16.078867886989453,16.496414184570312,43041200,0.0,0.0
2008-04-22 00:00:00-04:00,16.39037489320627,16.54281236964378,16.27107555890245,16.51630210876465,46747400,0.0,0.0
2008-04-23 00:00:00-04:00,16.80792676347487,16.940480629273168,16.675371633537164,16.86094856262207,51028600,0.0,0.0
2008-04-24 00:00:00-04:00,16.940479487462138,17.424304794226703,16.754903835024688,17.251983642578125,53911400,0.0,0.0
2008-04-25 00:00:00-04:00,17.3050000174668,17.318254514103785,16.63559926795045,16.96698570251465,53423700,0.0,0.0
2008-04-28 00:00:00-04:00,16.993495893375858,17.07302919358092,16.768153017623604,16.801292419433594,33970100,0.0,0.0
2008-04-29 00:00:00-04:00,16.741640182899104,17.112792577058766,16.735012303557486,16.907333374023438,37925900,0.0,0.0
2008-04-30 00:00:00-04:00,17.02663534306529,17.212210937167402,16.90733602449169,16.99349594116211,52347900,0.0,0.0
2008-05-01 00:00:00-04:00,16.99350031253697,17.808712111113756,16.900712491617355,17.676156997680664,71473800,0.0,0.0
2008-05-02 00:00:00-04:00,17.87498323155323,17.894866872056625,17.51045867129652,17.72917366027832,67180700,0.0,0.0
2008-05-05 00:00:00-04:00,17.536967336039964,17.702660532778687,17.331508126042802,17.41766929626465,62446500,0.0,0.0
2008-05-06 00:00:00-04:00,17.265234508600233,17.556854954930476,17.086286776299886,17.4508113861084,91592600,0.0,0.0
2008-05-07 00:00:00-04:00,17.39777965536771,17.8948590740925,17.000115867560208,17.08627700805664,91389100,0.0,0.0
2008-05-08 00:00:00-04:00,17.225463787466506,17.23209166672728,16.768150231582982,17.033260345458984,48304900,0.0,0.0
2008-05-09 00:00:00-04:00,16.834427652199317,16.993492961022614,16.741639871420404,16.89407730102539,38450700,0.0,0.0
2008-05-12 00:00:00-04:00,16.86757369314672,17.145938409281886,16.834434284000153,17.126054763793945,38118800,0.0,0.0
2008-05-13 00:00:00-04:00,17.139310657440898,17.2652366207353,17.00012766624812,17.15919303894043,36010200,0.0,0.0
2008-05-14 00:00:00-04:00,17.232095662829945,17.457438553398074,17.046518792909428,17.066402435302734,49857100,0.0,0.0
2008-05-15 00:00:00-04:00,17.020004998704195,17.60324448223661,16.993493481019712,17.563478469848633,55903300,0.0,0.0
2008-05-16 00:00:00-04:00,17.583366082883664,17.662898125638076,17.25197962174922,17.570110321044922,58111500,0.0,0.0
2008-05-19 00:00:00-04:00,17.57011134208979,17.828592392271172,17.331512671682912,17.477323532104492,41593800,0.0,0.0
2008-05-20 00:00:00-04:00,17.318256508623865,17.53697153005979,17.006753679348176,17.132680892944336,41092200,0.0,0.0
2008-05-21 00:00:00-04:00,17.13268111431785,17.311630115297394,16.675367422083156,16.814550399780273,42877500,0.0,0.0
2008-05-22 00:00:00-04:00,16.80791816513903,17.099537279196912,16.69524674157251,16.95372772216797,35030500,0.0,0.0
2008-05-23 00:00:00-04:00,16.834432420008177,16.8543160632945,16.50304595007046,16.635601043701172,41651800,0.0,0.0
2008-05-27 00:00:00-04:00,16.60908385783067,17.026631375541893,16.595829364296865,16.96035385131836,37305100,0.0,0.0
2008-05-28 00:00:00-04:00,17.238726063766293,17.2586097090664,16.78141233497733,16.927223205566406,45669300,0.0,0.0
2008-05-29 00:00:00-04:00,16.95372490611341,17.464060167154933,16.913958899735974,17.37127113342285,58347100,0.0,0.0
2008-05-30 00:00:00-04:00,17.331509240193668,17.841844622348997,17.318253480209123,17.70928955078125,61435900,0.0,0.0
2008-06-02 00:00:00-04:00,17.70929080818931,17.77556834867907,17.39116013080518,17.464065551757812,58968400,0.0,0.0
2008-06-03 00:00:00-04:00,17.464067303735195,17.76231436965055,17.377906113213218,17.457439422607422,46730200,0.0,0.0
2008-06-04 00:00:00-04:00,17.377905618254346,17.88161319236681,17.37127773731535,17.735803604125977,60375400,0.0,0.0
2008-06-05 00:00:00-04:00,17.735807915893584,18.372069471050985,17.72918003334328,18.252771377563477,78093300,0.0,0.0
2008-06-06 00:00:00-04:00,18.10695651458,18.19311770467904,17.56348290616104,17.589994430541992,68881400,0.0,0.0
2008-06-09 00:00:00-04:00,17.70929141990798,17.722547181291606,17.251979029423804,17.517087936401367,44900700,0.0,0.0
2008-06-10 00:00:00-04:00,17.34476638661549,17.61650316732543,17.285116726055847,17.470693588256836,37626000,0.0,0.0
2008-06-11 00:00:00-04:00,17.464061576652625,17.51708334414803,16.913960264835833,17.000120162963867,53184200,0.0,0.0
2008-06-12 00:00:00-04:00,17.192330981247437,17.444184150483814,16.993498334244833,17.205585479736328,43925000,0.0,0.0
2008-06-13 00:00:00-04:00,17.39116233928463,17.696038558597763,17.17244731279136,17.477323532104492,48472500,0.0,0.0
2008-06-16 00:00:00-04:00,17.344765628927817,17.523714602789543,17.21221055255493,17.411043167114258,31552600,0.0,0.0
2008-06-17 00:00:00-04:00,17.47069389726329,17.64964161796833,17.172445589189927,17.21221160888672,38641200,0.0,0.0
2008-06-18 00:00:00-04:00,17.09291626749937,17.159192556152018,16.72176247752083,16.754901885986328,49941600,0.0,0.0
2008-06-19 00:00:00-04:00,16.728384579648967,17.05977096497673,16.44339208600489,16.91396141052246,43457600,0.0,0.0
2008-06-20 00:00:00-04:00,16.801300044381936,16.80792792775187,16.218058949222495,16.330730438232422,69549800,0.0,0.0
2008-06-23 00:00:00-04:00,16.45665887974976,16.562702493030613,16.165038311157623,16.271081924438477,44814500,0.0,0.0
2008-06-24 00:00:00-04:00,16.12526616248248,16.46990840713295,16.03910623338941,16.224681854248047,35425100,0.0,0.0
2008-06-25 00:00:00-04:00,16.2644436756749,16.642223935893004,16.138516500889306,16.370487213134766,44127100,0.0,0.0
2008-06-26 00:00:00-04:00,16.13189370999173,16.23793728089913,15.787251472473145,15.787251472473145,45055500,0.0,0.0
2008-06-27 00:00:00-04:00,15.74086006596954,15.820393388839934,15.489006861135312,15.648072242736816,50427500,0.0,0.0
2008-06-30 00:00:00-04:00,15.55528607770834,15.727607256185125,15.349826745891198,15.416104316711426,48836500,0.0,0.0
2008-07-01 00:00:00-04:00,15.276910760694701,15.508881466590655,15.204006620773255,15.343188285827637,58175600,0.0,0.0
2008-07-02 00:00:00-04:00,15.336570625254888,15.369710041970603,15.025067692964102,15.137739181518555,59375500,0.0,0.0
2008-07-03 00:00:00-04:00,15.230522729201725,15.47574928725324,15.14436279829338,15.323311805725098,30392100,0.0,0.0
2008-07-07 00:00:00-04:00,15.396219022687957,15.502262619024435,14.81960712562578,14.958788871765137,70623500,0.0,0.0
2008-07-08 00:00:00-04:00,14.96540762396207,15.177494687237928,14.859364092324142,15.164238929748535,54262700,0.0,0.0
2008-07-09 00:00:00-04:00,14.72681325537038,14.819602320181303,14.276128749150221,14.30263900756836,99429100,0.0,0.0
2008-07-10 00:00:00-04:00,14.302639256348911,14.700303252649773,14.25624535520596,14.667163848876953,67876000,0.0,0.0
2008-07-11 00:00:00-04:00,14.461700439453123,14.667159627150207,14.276124888296518,14.461700439453125,62739700,0.0,0.0
2008-07-14 00:00:00-04:00,14.594257904177896,14.667162055284932,14.004389230544488,14.117060661315918,52449600,0.0,0.0
2008-07-15 00:00:00-04:00,13.944740295410156,14.203221282452434,13.732651937889107,13.944740295410156,63839600,0.0,0.0
2008-07-16 00:00:00-04:00,13.719394927899193,14.136941158442168,13.626605893448541,13.984503746032715,63701400,0.0,0.0
2008-07-17 00:00:00-04:00,14.150199363358075,14.50146813410228,13.871834740126353,14.262870788574219,65111400,0.0,0.0
2008-07-18 00:00:00-04:00,14.229727565887123,14.461698233588677,14.083918045913386,14.3556547164917,52355300,0.0,0.0
2008-07-21 00:00:00-04:00,14.448446900341613,14.839482963378147,14.408680885293153,14.474958419799805,44836000,0.0,0.0
2008-07-22 00:00:00-04:00,14.315893388001221,14.541236251445245,14.223104332140307,14.514724731445312,54680100,0.0,0.0
2008-07-23 00:00:00-04:00,14.561119957368735,14.98529546714134,14.44844851535493,14.69367504119873,47143600,0.0,0.0
2008-07-24 00:00:00-04:00,14.60751190515366,14.620766399306955,14.375541191598675,14.421935081481934,46135200,0.0,0.0
2008-07-25 00:00:00-04:00,14.799712171942026,14.965405322664235,14.53460338361418,14.865989685058594,63683300,0.0,0.0
2008-07-28 00:00:00-04:00,14.7930948310816,15.117853486120477,14.541241618814071,14.56775188446045,43036900,0.0,0.0
2008-07-29 00:00:00-04:00,14.706930862153321,14.92564586646402,14.627397558704443,14.859368324279785,43082500,0.0,0.0
2008-07-30 00:00:00-04:00,14.978667586535943,15.038317247845544,14.44844851535493,14.69367504119873,52642900,0.0,0.0
2008-07-31 00:00:00-04:00,14.62077287772541,14.97867092536037,14.567751085202369,14.574378967285156,56591900,0.0,0.0
2008-08-01 00:00:00-04:00,14.713561962745167,14.812977665708463,14.362291797192992,14.574378967285156,43571000,0.0,0.0
2008-08-04 00:00:00-04:00,14.614144995642624,14.69367831649681,14.395429943467674,14.574378967285156,50009300,0.0,0.0
2008-08-05 00:00:00-04:00,14.753319828469657,15.01180076599121,14.594254538907274,15.011800765991211,77008500,0.0,0.0
2008-08-06 00:00:00-04:00,15.866782031966554,16.07224125696266,15.54865011025846,15.860154151916504,121768900,0.0,0.0
2008-08-07 00:00:00-04:00,15.701091655454224,16.112010179572092,15.535398416730128,15.628186225891113,86359400,0.0,0.0
2008-08-08 00:00:00-04:00,15.74085255259091,16.198166096498696,15.70771442129356,16.07223892211914,53695400,0.0,0.0
2008-08-11 00:00:00-04:00,16.019216600556245,16.463274370960175,15.999332963981034,16.31746482849121,43335700,0.0,0.0
2008-08-12 00:00:00-04:00,16.357237265300366,16.423514815790423,16.138522233580577,16.237937927246094,41152800,0.0,0.0
2008-08-13 00:00:00-04:00,16.165027003315014,16.237932410498782,15.913173913985451,16.11200523376465,35201000,0.0,0.0
2008-08-14 00:00:00-04:00,16.012594467448185,16.47653604090206,15.98608420664061,16.350608825683594,37541600,0.0,0.0
2008-08-15 00:00:00-04:00,16.40362860637056,16.735015042862894,16.357234707523865,16.509672164916992,45293700,0.0,0.0
2008-08-18 00:00:00-04:00,16.536186114433594,16.6223460443503,16.085500292372977,16.23130989074707,31878100,0.0,0.0
2008-08-19 00:00:00-04:00,16.098748369448423,16.2445578982114,15.952937576546926,16.065608978271484,26808300,0.0,0.0
2008-08-20 00:00:00-04:00,16.131886337504714,16.224674103608674,15.913171414446454,16.05898094177246,32032700,0.0,0.0
2008-08-21 00:00:00-04:00,15.939681662988228,16.131886337504714,15.820383648342498,16.05898094177246,23700500,0.0,0.0
2008-08-22 00:00:00-04:00,16.15840592224955,16.450026409536147,16.092129630531932,16.377120971679688,28201600,0.0,0.0
2008-08-25 00:00:00-04:00,16.237937260281484,16.39037473524993,15.979456214540285,16.045732498168945,28319500,0.0,0.0
2008-08-26 00:00:00-04:00,16.098751435862223,16.13188956921264,15.827013433006027,15.979452133178711,31379300,0.0,0.0
2008-08-27 00:00:00-04:00,16.065619870814213,16.297590709775704,16.005970190391565,16.15178108215332,28380300,0.0,0.0
2008-08-28 00:00:00-04:00,16.224673882630647,16.423506432609127,16.178280000210545,16.34397315979004,28525000,0.0,0.0
2008-08-29 00:00:00-04:00,16.138514563811672,16.138514563811672,15.84689423873038,15.939682006835938,33139500,0.0,0.0
2008-09-02 00:00:00-04:00,16.138520158319672,16.237935839201274,15.608301086719516,15.740856170654297,46603000,0.0,0.0
2008-09-03 00:00:00-04:00,15.734229436133527,15.734229436133527,15.343193300595502,15.449236869812012,44588000,0.0,0.0
2008-09-04 00:00:00-04:00,15.104594910406297,15.111221526925656,14.687047277903988,14.766580581665039,64083100,0.0,0.0
2008-09-05 00:00:00-04:00,14.640659692871159,15.025068087901287,14.627403925836443,14.753331184387207,46163100,0.0,0.0
2008-09-08 00:00:00-04:00,15.097962422543198,15.535392299398026,14.86599172684416,15.488998413085938,66139800,0.0,0.0
2008-09-09 00:00:00-04:00,15.522139533638352,15.62818308397145,15.184125242899544,15.223891258239746,71096300,0.0,0.0
2008-09-10 00:00:00-04:00,15.396212660006734,15.455862316312446,15.223891571139,15.237147331237793,38934800,0.0,0.0
2008-09-11 00:00:00-04:00,15.031688397006745,15.283541523060896,14.83948366427317,15.2769136428833,46188400,0.0,0.0
2008-09-12 00:00:00-04:00,15.157620564309232,15.634816716382325,14.985299415581347,15.54865550994873,50770000,0.0,0.0
2008-09-15 00:00:00-04:00,14.985294898141696,15.46249090636015,14.819601681715145,14.832856178283691,55857400,0.0,0.0
2008-09-16 00:00:00-04:00,14.448450250365509,15.336566131912617,14.40868422609688,15.111223220825195,81074300,0.0,0.0
2008-09-17 00:00:00-04:00,14.905759851516093,15.27028564342608,14.428563899211067,14.448446273803711,69539100,0.0,0.0
2008-09-18 00:00:00-04:00,14.740070711326725,15.4094715631877,14.481589657371964,15.111223220825195,83355900,0.0,0.0
2008-09-19 00:00:00-04:00,16.098756790161133,16.105383407724165,16.098756790161133,16.098756790161133,922900,0.0,0.0
2008-09-22 00:00:00-04:00,15.840270800305953,16.03910341301272,15.270287011146545,15.316680908203125,52677200,0.0,0.0
2008-09-23 00:00:00-04:00,15.449235177672797,15.57516237637687,15.018433066898668,15.064826965332031,46356500,0.0,0.0
2008-09-24 00:00:00-04:00,15.124478983627778,15.382960037582537,14.965413622414147,15.111223220825195,43060600,0.0,0.0
2008-09-25 00:00:00-04:00,15.283546839354676,15.840276326538879,15.210642660319612,15.561911582946777,57642000,0.0,0.0
2008-09-26 00:00:00-04:00,15.190756070084259,15.906550805778739,15.157617928227852,15.787251472473145,59235700,0.0,0.0
2008-09-29 00:00:00-04:00,15.43598037952596,15.601673593059013,14.203222466315593,14.441821098327637,86481900,0.0,0.0
2008-09-30 00:00:00-04:00,14.746696824644907,14.985295469927676,14.47496004046796,14.952156066894531,60991400,0.0,0.0
2008-10-01 00:00:00-04:00,14.746699168204854,14.872626391465346,14.415312670042947,14.547867774963379,52085000,0.0,0.0
2008-10-02 00:00:00-04:00,14.547870631592954,14.574380899299113,13.951373806461673,14.050790786743164,61925200,0.0,0.0
2008-10-03 00:00:00-04:00,14.011014125433148,14.84610785838552,14.004386246901156,14.083919525146484,73504000,0.0,0.0
2008-10-06 00:00:00-04:00,13.513938399692815,13.898346613298227,12.798143751457262,13.560332298278809,105324200,0.0,0.0
2008-10-07 00:00:00-04:00,13.633236646801922,13.858579505768798,12.426990321825595,12.486639976501465,104679700,0.0,0.0
2008-10-08 00:00:00-04:00,11.943168187927428,12.990349339224455,11.797357338112786,12.155255317687988,130018800,0.0,0.0
2008-10-09 00:00:00-04:00,12.480011458990443,12.519777472029645,11.227371303076142,11.393064498901367,99112600,0.0,0.0
2008-10-10 00:00:00-04:00,10.929122117545718,12.07571863196865,10.796568330616633,11.419573783874512,137032200,0.0,0.0
2008-10-13 00:00:00-04:00,12.108861201064649,12.791516479842816,11.797357128638275,12.771634101867676,72700100,0.0,0.0
2008-10-14 00:00:00-04:00,13.195810550289087,13.354875921261437,11.949797845602749,12.287812232971191,86420900,0.0,0.0
2008-10-15 00:00:00-04:00,12.042587291910909,12.069097558590018,10.93575616302686,10.982150077819824,94666400,0.0,0.0
2008-10-16 00:00:00-04:00,11.081563622367828,11.764220237731934,10.73692263812085,11.764220237731934,104415000,0.0,0.0
2008-10-17 00:00:00-04:00,11.479221435484739,12.95720405658202,11.22074052137617,11.870257377624512,83475500,0.0,0.0
2008-10-20 00:00:00-04:00,12.16188109886166,12.599311044508887,11.803983181074589,12.566171646118164,66688900,0.0,0.0
2008-10-21 00:00:00-04:00,12.393854181690855,12.519780127042662,11.7642193983757,11.837124824523926,75117600,0.0,0.0
2008-10-22 00:00:00-04:00,11.492482630978774,11.82386909377715,11.141212525322445,11.5388765335083,75828000,0.0,0.0
2008-10-23 00:00:00-04:00,11.432833516342182,11.850379923326521,10.909242273154819,11.4262056350708,85364300,0.0,0.0
2008-10-24 00:00:00-04:00,10.657385609376517,11.22074269124348,10.538086313906021,10.809823036193848,88646000,0.0,0.0
2008-10-27 00:00:00-04:00,10.664015769958496,11.393066192811775,10.617621870491833,10.664015769958496,65715900,0.0,0.0
2008-10-28 00:00:00-04:00,11.10806850123997,12.161876995913637,10.902609357086632,12.13536548614502,88690300,0.0,0.0
2008-10-29 00:00:00-04:00,11.91002818395649,12.393853346510877,11.664802926573953,11.843751907348633,72619800,0.0,0.0
2008-10-30 00:00:00-04:00,12.12211986721166,12.142002249951075,11.598528543326081,11.790733337402344,67607100,0.0,0.0
2008-10-31 00:00:00-04:00,11.790730164399893,11.916656101659227,11.479226101158824,11.777474403381348,82517500,0.0,0.0
2008-11-03 00:00:00-05:00,11.717826113237427,11.73108187580612,11.267140299014587,11.39969539642334,56927000,0.0,0.0
2008-11-04 00:00:00-05:00,11.658178229388426,12.234790083811744,11.512368611242833,12.148630142211914,79952200,0.0,0.0
2008-11-05 00:00:00-05:00,11.963053448073026,12.12874671613021,11.45934702562178,11.525623321533203,91260100,0.0,0.0
2008-11-06 00:00:00-05:00,11.061678960882826,11.585268842743917,11.048423200800556,11.227372169494629,122484300,0.0,0.0
2008-11-07 00:00:00-05:00,11.38643666308675,11.75096118964623,11.353297265311218,11.651545524597168,64669200,0.0,0.0
2008-11-10 00:00:00-05:00,11.896773799843217,11.916656177358387,11.333416594365872,11.644919395446777,47597100,0.0,0.0
2008-11-11 00:00:00-05:00,11.518992188304724,11.56538735214444,11.227373029003104,11.386438369750977,49766000,0.0,0.0
2008-11-12 00:00:00-05:00,11.16109977583312,11.287027026359466,10.935756807160477,10.968894958496094,52608100,0.0,0.0
2008-11-13 00:00:00-05:00,10.849591450941071,11.465969102081548,10.339256084082002,11.439458847045898,90296200,0.0,0.0
2008-11-14 00:00:00-05:00,11.194229326770218,11.552127154095407,10.82307700757772,11.015281677246094,68825700,0.0,0.0
2008-11-17 00:00:00-05:00,10.91586756567272,11.141210418902142,10.677270217182997,10.743546485900879,47052200,0.0,0.0
2008-11-18 00:00:00-05:00,10.83633610351334,10.90924025573839,10.326000717243689,10.902613639831543,69149800,0.0,0.0
2008-11-19 00:00:00-05:00,10.723663971099644,10.756802105026448,9.941591874694783,9.994613647460938,72602300,0.0,0.0
2008-11-20 00:00:00-05:00,9.941595852340637,10.756806408839141,9.563815412213978,9.590326309204102,119455700,0.0,0.0
2008-11-21 00:00:00-05:00,9.815667934997574,10.140426537647578,9.41137601995982,10.054265975952148,104235300,0.0,0.0
2008-11-24 00:00:00-05:00,10.233213352035673,10.909241384936555,10.127169788605691,10.869475364685059,79847400,0.0,0.0
2008-11-25 00:00:00-05:00,10.929125115588791,10.929125115588791,10.127169870571905,10.219958305358887,82904500,0.0,0.0
2008-11-26 00:00:00-05:00,10.074146978000364,10.929123910921165,10.054263969905303,10.862846374511719,54903300,0.0,0.0
2008-11-28 00:00:00-05:00,10.730292366250778,10.96888972309252,10.710408726456118,10.962263107299805,22344900,0.0,0.0
2008-12-01 00:00:00-05:00,10.710411341124685,10.717039222674263,9.895200872613708,9.915083885192871,62915800,0.0,0.0
2008-12-02 00:00:00-05:00,10.054264173162757,10.200074376969582,9.775899525926745,10.153679847717285,65674100,0.0,0.0
2008-12-03 00:00:00-05:00,9.881943892156347,10.624250100455436,9.848805120560398,10.610994338989258,69603400,0.0,0.0
2008-12-04 00:00:00-05:00,10.372395970547231,10.66401641001958,9.954849586146915,10.160308837890625,59171400,0.0,0.0
2008-12-05 00:00:00-05:00,10.047636386927826,10.670643224974805,9.756016608656726,10.56459903717041,67565800,0.0,0.0
2008-12-08 00:00:00-05:00,10.93575485892918,11.565389735250484,10.902616713497201,11.43283462524414,82284800,0.0,0.0
2008-12-09 00:00:00-05:00,11.207490019781,11.883518704211053,11.101446453298525,11.373183250427246,67340200,0.0,0.0
2008-12-10 00:00:00-05:00,11.465971459070857,11.770847671554632,11.320161866054576,11.485855102539062,50807000,0.0,0.0
2008-12-11 00:00:00-05:00,11.353301486705924,11.691315884864562,11.15447008267813,11.207491874694824,56266400,0.0,0.0
2008-12-12 00:00:00-05:00,10.95563554381651,11.393065518823299,10.942379783570516,11.260510444641113,47006400,0.0,0.0
2008-12-15 00:00:00-05:00,11.187605877569277,11.280394942203367,10.942380615078187,11.16109561920166,40172200,0.0,0.0
2008-12-16 00:00:00-05:00,11.293651411108652,11.565388213133161,11.061680631196765,11.545504570007324,77761400,0.0,0.0
2008-12-17 00:00:00-05:00,11.379810623325133,11.492482065700193,11.074934435194217,11.16109561920166,62795800,0.0,0.0
2008-12-18 00:00:00-05:00,11.18098255112482,11.207492817293177,10.89598992101377,11.041799545288086,52399400,0.0,0.0
2008-12-19 00:00:00-05:00,11.028539657592773,11.234000148256916,11.002029401334129,11.028539657592773,62204500,0.0,0.0
2008-12-22 00:00:00-05:00,11.008655607292305,11.074931869929392,10.597735952593494,10.849590301513672,38808800,0.0,0.0
2008-12-23 00:00:00-05:00,10.882729906925992,11.035167354261224,10.650759163859114,10.76343059539795,30390900,0.0,0.0
2008-12-24 00:00:00-05:00,10.770060495031036,10.889359828930557,10.74354897010266,10.83633804321289,11592100,0.0,0.0
2008-12-26 00:00:00-05:00,10.842965322206041,10.882731343250837,10.664016331295928,10.783315658569336,15163400,0.0,0.0
2008-12-29 00:00:00-05:00,10.71041002170761,10.770059684166421,10.425417470879736,10.610994338989258,33239800,0.0,0.0
2008-12-30 00:00:00-05:00,10.630878518372732,10.770060228383556,10.564600339762263,10.756804466247559,31088100,0.0,0.0
2008-12-31 00:00:00-05:00,10.723664873272652,10.96889011889467,10.683898856387248,10.803196907043457,37513700,0.0,0.0
2009-01-02 00:00:00-05:00,10.87610548355447,11.267141678223972,10.770061898302325,11.240630149841309,40980600,0.0,0.0
2009-01-05 00:00:00-05:00,11.167723865758445,11.46597091889633,11.101446321459244,11.340044975280762,45480200,0.0,0.0
2009-01-06 00:00:00-05:00,11.485857072625342,11.916659308549596,11.439463160714324,11.790733337402344,58256600,0.0,0.0
2009-01-07 00:00:00-05:00,11.512363602089478,11.651545277377284,11.340042529729283,11.47922420501709,50246600,0.0,0.0
2009-01-08 00:00:00-05:00,11.419577622342256,11.644920526418833,11.267140147272535,11.625038146972656,46484600,0.0,0.0
2009-01-09 00:00:00-05:00,11.426206552347903,11.43946231595482,11.008660111843621,11.068309783935547,68118900,0.0,0.0
2009-01-12 00:00:00-05:00,11.055052232757022,11.121329775935509,10.624250098305348,10.869475364685059,54927700,0.0,0.0
2009-01-13 00:00:00-05:00,10.796570087377962,10.962263296104041,10.677270774832968,10.902613639831543,51933800,0.0,0.0
2009-01-14 00:00:00-05:00,10.670642648826066,10.750174679263587,10.339256239012453,10.43204402923584,50111800,0.0,0.0
2009-01-15 00:00:00-05:00,10.352513074270547,10.571228090256794,10.067520512562005,10.478440284729004,61814500,0.0,0.0
2009-01-16 00:00:00-05:00,10.750176282104313,10.823081707657861,10.272980235913229,10.485067367553711,66930700,0.0,0.0
2009-01-20 00:00:00-05:00,10.478439643803432,10.55797231456377,9.948221206665039,9.948221206665039,57808600,0.0,0.0
2009-01-21 00:00:00-05:00,10.153680958168678,10.44530139767523,9.974732597986055,10.405534744262695,56231900,0.0,0.0
2009-01-22 00:00:00-05:00,10.193449819910587,10.332632188902936,9.94159597925445,10.186821937561035,56676100,0.0,0.0
2009-01-23 00:00:00-05:00,9.96810268681928,10.617620346470096,9.941591800633699,10.53145980834961,56556900,0.0,0.0
2009-01-26 00:00:00-05:00,10.504949884194607,10.935751982179982,10.458555355069047,10.803196907043457,44634800,0.0,0.0
2009-01-27 00:00:00-05:00,10.889358718602614,11.26713906133819,10.79657091909253,11.088190078735352,50346800,0.0,0.0
2009-01-28 00:00:00-05:00,11.306908072172082,11.393069278061777,11.061682747401427,11.18760871887207,60146800,0.0,0.0
2009-01-29 00:00:00-05:00,11.068310363714486,11.068310363714486,10.47181424361924,10.557974815368652,53220800,0.0,0.0
2009-01-30 00:00:00-05:00,10.544716232366431,10.664015550909587,9.881943364139056,9.921710014343262,75292400,0.0,0.0
2009-02-02 00:00:00-05:00,9.848803546588318,10.246467478048645,9.82892053963612,10.147051811218262,55290500,0.0,0.0
2009-02-03 00:00:00-05:00,10.259725818680451,10.438674833505376,9.94822296127865,10.352514266967773,65932300,0.0,0.0
2009-02-04 00:00:00-05:00,10.418789817379215,10.710409605539379,10.19344693776617,10.498322486877441,95781900,0.0,0.0
2009-02-05 00:00:00-05:00,10.299491672734591,11.035169423619367,10.23984200578483,10.83633804321289,115564600,0.0,0.0
2009-02-06 00:00:00-05:00,10.882729042084117,11.326786852961325,10.743546101649208,11.293648719787598,62910000,0.0,0.0
2009-02-09 00:00:00-05:00,11.26051530388282,11.300281337642131,11.015289954204402,11.16772747039795,37624300,0.0,0.0
2009-02-10 00:00:00-05:00,10.995401565951163,11.220744433691003,10.551343710597818,10.637503623962402,69149100,0.0,0.0
2009-02-11 00:00:00-05:00,10.723666035491089,10.783315699353397,10.504951022708966,10.71703815460205,46279800,0.0,0.0
2009-02-12 00:00:00-05:00,10.584481336967585,10.750173897759645,10.35913849354494,10.736919403076172,57645800,0.0,0.0
2009-02-13 00:00:00-05:00,10.736921348438294,10.909241187793748,10.57122749348636,10.67064380645752,43639500,0.0,0.0
2009-02-17 00:00:00-05:00,10.392277348876123,10.445299120487174,10.12716785875149,10.133795738220215,47981100,0.0,0.0
2009-02-18 00:00:00-05:00,10.239843732218153,10.425420013518067,10.041011686219134,10.186821937561035,40630400,0.0,0.0
2009-02-19 00:00:00-05:00,10.24646903026503,10.286235682262989,9.948221352523559,9.968104362487793,42978400,0.0,0.0
2009-02-20 00:00:00-05:00,9.915080988311706,10.166934724985634,9.862059215545552,9.994613647460938,59376600,0.0,0.0
2009-02-23 00:00:00-05:00,10.074145184467035,10.173561471381793,9.48427787013061,9.517416000366211,51687900,0.0,0.0
2009-02-24 00:00:00-05:00,9.537303623350944,9.974733698816886,9.530675741705805,9.934967041015625,55486800,0.0,0.0
2009-02-25 00:00:00-05:00,9.888572604839768,10.027754951596918,9.524047350754891,9.789156913757324,56278900,0.0,0.0
2009-02-26 00:00:00-05:00,9.974733627420177,10.080777204705058,9.603580474853516,9.603580474853516,51007600,0.0,0.0
2009-02-27 00:00:00-05:00,9.477653533800025,9.822295147210625,9.477653533800025,9.656601905822754,76734300,0.0,0.0
2009-03-02 00:00:00-05:00,9.49753650406479,9.795784210838853,9.457770480265344,9.4909086227417,59924500,0.0,0.0
2009-03-03 00:00:00-05:00,9.603579886594758,9.762645242778673,9.517419327311087,9.53730297088623,62320000,0.0,0.0
2009-03-04 00:00:00-05:00,9.70299705371693,10.286237375947197,9.696369171947705,10.107288360595703,69574200,0.0,0.0
2009-03-05 00:00:00-05:00,9.901824901132729,10.001241195828598,9.61683303997105,9.643343925476074,67034500,0.0,0.0
2009-03-06 00:00:00-05:00,9.663228833686627,9.895199601568489,9.265564840766148,9.398119926452637,113692300,0.0,0.0
2009-03-09 00:00:00-04:00,9.278818872248602,9.563811368444153,9.020337261833845,9.026965141296387,78274900,0.0,0.0
2009-03-10 00:00:00-04:00,9.305329485796946,9.802409053696504,9.22579683078134,9.702993392944336,71743300,0.0,0.0
2009-03-11 00:00:00-04:00,9.80240833055482,10.074145039828965,9.62346002798839,9.954846382141113,55002400,0.0,0.0
2009-03-12 00:00:00-04:00,9.94159436634891,10.279608726501465,9.789156889458278,10.279608726501465,49609300,0.0,0.0
2009-03-13 00:00:00-04:00,10.246469952199726,10.39890742909036,10.10728760578806,10.279608726501465,43118900,0.0,0.0
2009-03-16 00:00:00-04:00,10.465184354531694,10.524834018309003,10.17356454859425,10.23984146118164,50265100,0.0,0.0
2009-03-17 00:00:00-04:00,10.418790012678027,10.703781925704773,10.319373699889596,10.69715404510498,52090300,0.0,0.0
2009-03-18 00:00:00-04:00,10.624248207192894,11.227371340897331,10.617620327640907,10.935750961303711,85018400,0.0,0.0
2009-03-19 00:00:00-04:00,11.055052793612264,11.055052793612264,10.644133016369675,10.756804466247559,56670100,0.0,0.0
2009-03-20 00:00:00-04:00,10.849593029183202,10.982146851921087,10.438673271176064,10.544716835021973,66078200,0.0,0.0
2009-03-23 00:00:00-04:00,10.809824559182617,11.267138168203891,10.538087798609984,11.25388240814209,64333300,0.0,0.0
2009-03-24 00:00:00-04:00,11.068306609719922,11.293649469855934,10.988773315026517,11.05505084991455,44592600,0.0,0.0
2009-03-25 00:00:00-04:00,10.93575616302686,11.30028086280534,10.78994653594334,10.982150077819824,64202300,0.0,0.0
2009-03-26 00:00:00-04:00,11.134584684569637,11.525620813214623,11.108074424802352,11.472599029541016,58048800,0.0,0.0
2009-03-27 00:00:00-04:00,11.267141211984406,11.379812674669818,11.167725512941795,11.234003067016602,37833600,0.0,0.0
2009-03-30 00:00:00-04:00,10.982144100302488,10.982144100302488,10.657385609376517,10.809823036193848,45060500,0.0,0.0
2009-03-31 00:00:00-04:00,10.955636874870518,11.273767574592373,10.849593308296566,11.114702224731445,59050200,0.0,0.0
2009-04-01 00:00:00-04:00,10.942382182286813,11.625038814936438,10.803199197470862,11.572015762329102,73415300,0.0,0.0
2009-04-02 00:00:00-04:00,11.817241059444088,12.334204389789745,11.790730800116602,12.022700309753418,88337600,0.0,0.0
2009-04-03 00:00:00-04:00,12.128744189005799,12.287810805640444,11.896774673369963,12.035956382751465,59472600,0.0,0.0
2009-04-06 00:00:00-04:00,11.638293444960361,11.691315234025407,11.313534828919563,11.61841106414795,63355500,0.0,0.0
2009-04-07 00:00:00-04:00,11.399698318249545,11.432836469025736,10.988778422271912,11.16772747039795,59902600,0.0,0.0
2009-04-08 00:00:00-04:00,11.459342042028108,11.485852296035677,11.227371314802754,11.353297233581543,45389100,0.0,0.0
2009-04-09 00:00:00-04:00,11.711197943662416,11.982934748935914,11.651548277710763,11.810613632202148,53094200,0.0,0.0
2009-04-13 00:00:00-04:00,11.830495815923175,11.963049629575352,11.770846157331079,11.857006072998047,33965000,0.0,0.0
2009-04-14 00:00:00-04:00,11.797360821697179,12.049215310760971,11.671434841304666,11.883522033691406,42813500,0.0,0.0
2009-04-15 00:00:00-04:00,11.764215667479172,11.929908845894373,11.492478956009336,11.638288497924805,51890600,0.0,0.0
2009-04-16 00:00:00-04:00,11.810617591971265,12.049216335773348,11.697946103413559,11.982938766479492,51379800,0.0,0.0
2009-04-17 00:00:00-04:00,11.996191874467543,12.042585783449182,11.817242856276193,11.923286437988281,55983700,0.0,0.0
2009-04-20 00:00:00-04:00,11.737707947909048,11.790730995721692,11.399694867076706,11.472599029541016,55165100,0.0,0.0
2009-04-21 00:00:00-04:00,11.399693475367094,11.790729556273194,11.359926194362524,11.724452018737793,45749000,0.0,0.0
2009-04-22 00:00:00-04:00,11.565384707340955,11.943164963242708,11.552128949275257,11.558756828308105,54728000,0.0,0.0
2009-04-23 00:00:00-04:00,11.611780135618094,11.691312166277228,11.353297875628819,11.678057670593262,44000300,0.0,0.0
2009-04-24 00:00:00-04:00,12.009448200692324,12.261301403019555,11.910031232059128,12.208279609680176,55664900,0.0,0.0
2009-04-27 00:00:00-04:00,11.996192309847709,12.320950948644906,11.936542634952382,12.175141334533691,42312900,0.0,0.0
2009-04-28 00:00:00-04:00,12.128736960321188,12.566166735012228,12.029321332280187,12.373963356018066,47820200,0.0,0.0
2009-04-29 00:00:00-04:00,12.480007769563858,12.94394908637644,12.413730257999434,12.75837230682373,48496600,0.0,0.0
2009-04-30 00:00:00-04:00,13.050001824947357,13.209067206670511,12.658965620825704,12.80477523803711,60350800,0.0,0.0
2009-05-01 00:00:00-04:00,12.751749866008161,13.109647822564108,12.632450547156179,12.977092742919922,40337500,0.0,0.0
2009-05-04 00:00:00-04:00,13.136162311079365,13.16930172373386,12.765009738324387,12.92407512664795,63902300,0.0,0.0
2009-05-05 00:00:00-04:00,12.924076784437432,13.010236740112303,12.77826714247246,13.010236740112305,46373400,0.0,0.0
2009-05-06 00:00:00-04:00,13.096392533662828,13.156042195238124,12.612568624564517,12.996976852416992,93198900,0.0,0.0
2009-05-07 00:00:00-04:00,13.25545345676982,13.25545345676982,12.327571967623642,12.559542655944824,92373300,0.0,0.0
2009-05-08 00:00:00-04:00,12.592687267933304,12.738496875945577,12.294438905931834,12.413738250732422,65443000,0.0,0.0
2009-05-11 00:00:00-04:00,12.228159214787446,12.480012333876385,12.108859903167845,12.334202766418457,44319000,0.0,0.0
2009-05-12 00:00:00-04:00,12.373973020724225,12.47338872641398,12.294439697688851,12.407111167907715,39761800,0.0,0.0
2009-05-13 00:00:00-04:00,12.254668353738715,12.327573762892525,11.94979348662048,11.963047981262207,50715000,0.0,0.0
2009-05-14 00:00:00-04:00,11.976307225642813,12.122118086387419,11.963051463004374,11.98956298828125,43080700,0.0,0.0
2009-05-15 00:00:00-04:00,12.022698797124571,12.069092693214913,11.777473556607374,11.8768892288208,72110100,0.0,0.0
2009-05-18 00:00:00-04:00,12.022702845538525,12.466760844149425,11.96968105156137,12.407111167907715,67489600,0.0,0.0
2009-05-19 00:00:00-04:00,12.40048256616455,12.824658157510314,12.354088657143736,12.513154029846191,53818200,0.0,0.0
2009-05-20 00:00:00-04:00,12.605939365451574,12.63244962095334,12.234785675316164,12.327574729919434,49031000,0.0,0.0
2009-05-21 00:00:00-04:00,12.214907025649065,12.26130093503286,11.830498722575767,11.99619197845459,63308400,0.0,0.0
2009-05-22 00:00:00-04:00,11.989561308642658,12.029327326847977,11.704568772536872,11.86363410949707,33243700,0.0,0.0
2009-05-26 00:00:00-04:00,11.704566893072068,12.373967535377163,11.671428760578625,12.254668235778809,48659800,0.0,0.0
2009-05-27 00:00:00-04:00,12.201647981622282,12.400479329569446,12.002816633675117,12.07572078704834,40013400,0.0,0.0
2009-05-28 00:00:00-04:00,12.16188265597575,12.367341895748499,11.969677913117506,12.267926216125488,53071000,0.0,0.0
2009-05-29 00:00:00-04:00,12.28780970139613,12.327575719911692,11.989561402182074,12.261298179626465,61032200,0.0,0.0
2009-06-01 00:00:00-04:00,12.692104294623837,13.103024162564207,12.599316467469926,12.92407512664795,103321500,0.0,0.0
2009-06-02 00:00:00-04:00,12.970465329877317,13.162670075873041,12.864421767996564,12.996976852416992,53783700,0.0,0.0
2009-06-03 00:00:00-04:00,12.957214323565594,12.996981621968663,12.6589671703792,12.83128833770752,55115000,0.0,0.0
2009-06-04 00:00:00-04:00,12.89756113938266,13.129531927213526,12.791517567369537,13.036744117736816,40586000,0.0,0.0
2009-06-05 00:00:00-04:00,13.21569398712967,13.268715776616945,12.937329276286686,13.169300079345703,86043900,0.0,0.0
2009-06-08 00:00:00-04:00,13.083138881341895,13.295226039290993,12.943957157989992,13.169300079345703,42855000,0.0,0.0
2009-06-09 00:00:00-04:00,13.222321286361563,13.388014529227553,13.043372280672907,13.308481216430664,49764200,0.0,0.0
2009-06-10 00:00:00-04:00,13.381391700199163,13.414529855628613,12.990355398261574,13.222326278686523,58386500,0.0,0.0
2009-06-11 00:00:00-04:00,13.209062048657255,13.487426674008855,13.189178409654003,13.321733474731445,44781700,0.0,0.0
2009-06-12 00:00:00-04:00,13.20906321747867,13.255457115119365,13.01023060226854,13.195807456970215,41365200,0.0,0.0
2009-06-15 00:00:00-04:00,13.043375539299474,13.056631305433829,12.6589671703792,12.83128833770752,47976000,0.0,0.0
2009-06-16 00:00:00-04:00,12.871051963337358,12.910817990159345,12.61257089278564,12.645709037780762,45359200,0.0,0.0
2009-06-17 00:00:00-04:00,12.619196194453698,12.917443230846917,12.57280103115174,12.725239753723145,48812300,0.0,0.0
2009-06-18 00:00:00-04:00,12.745121081420146,12.784888360975502,12.539661860272824,12.586055755615234,37563900,0.0,0.0
2009-06-19 00:00:00-04:00,12.711983453684745,12.725239214066004,12.460129062996344,12.53966236114502,71703600,0.0,0.0
2009-06-22 00:00:00-04:00,12.426991594197434,12.460129732793044,12.161882693015679,12.201648712158203,46178100,0.0,0.0
2009-06-23 00:00:00-04:00,12.214909458891405,12.400485133393751,12.095610088631627,12.307697296142578,42673600,0.0,0.0
2009-06-24 00:00:00-04:00,12.420362678066585,12.592683765501691,12.274553110608657,12.334202766418457,47138200,0.0,0.0
2009-06-25 00:00:00-04:00,12.32094749108547,12.71861145741366,12.261297832929296,12.612567901611328,43535600,0.0,0.0
2009-06-26 00:00:00-04:00,12.539664113111268,12.698729467493385,12.493270209433867,12.533036231994629,47177400,0.0,0.0
2009-06-29 00:00:00-04:00,12.592683635541128,12.625821771031754,12.453501949513894,12.586055755615234,49234600,0.0,0.0
2009-06-30 00:00:00-04:00,12.552914826705749,12.63907471829139,12.281178130908309,12.360710144042969,53792300,0.0,0.0
2009-07-01 00:00:00-04:00,12.486640304348969,12.658961393032714,12.433618528149266,12.460128784179688,36650000,0.0,0.0
2009-07-02 00:00:00-04:00,12.37396961886967,12.413735637385232,12.228160041553318,12.261298179626465,41562600,0.0,0.0
2009-07-06 00:00:00-04:00,12.142002151403782,12.393856619932755,12.128746386925567,12.281185150146484,35302300,0.0,0.0
2009-07-07 00:00:00-04:00,12.2878085079157,12.340830282166237,12.05583777151754,12.08897590637207,41560400,0.0,0.0
2009-07-08 00:00:00-04:00,12.09560557848477,12.14862736059202,11.810613025606177,12.016072273254395,53554200,0.0,0.0
2009-07-09 00:00:00-04:00,12.108863884193257,12.267929263935622,11.969680886831645,12.042586326599121,52949400,0.0,0.0
2009-07-10 00:00:00-04:00,11.982934208722781,12.22816074259531,11.943168187927428,12.155255317687988,46638100,0.0,0.0
2009-07-13 00:00:00-04:00,12.201653692387103,12.314325179394729,11.876894997868524,12.307697296142578,62374700,0.0,0.0
2009-07-14 00:00:00-04:00,12.214906852157577,12.552921241046175,12.214906852157577,12.413738250732422,46982000,0.0,0.0
2009-07-15 00:00:00-04:00,12.804775124868236,13.175927678942008,12.698731537990016,13.129533767700195,87943200,0.0,0.0
2009-07-16 00:00:00-04:00,13.083134235323524,13.38801036471362,13.063250597274585,13.334988594055176,57779400,0.0,0.0
2009-07-17 00:00:00-04:00,13.37476028691471,13.639869252811385,13.24220517189674,13.593475341796875,69173300,0.0,0.0
2009-07-20 00:00:00-04:00,13.798928963497762,14.09717721769274,13.78567320461382,14.017643928527832,78883200,0.0,0.0
2009-07-21 00:00:00-04:00,14.09718085739555,14.3092679977417,13.838698548976993,14.3092679977417,72575100,0.0,0.0
2009-07-22 00:00:00-04:00,14.209854280402737,14.46833536054763,14.09718281344279,14.216482162475586,52608700,0.0,0.0
2009-07-23 00:00:00-04:00,14.209849836279194,14.627396163167324,14.103806284557164,14.514724731445312,62820700,0.0,0.0
2009-07-24 00:00:00-04:00,14.236362593583378,14.561121185812135,14.196596570735121,14.501471519470215,40636200,0.0,0.0
2009-07-27 00:00:00-04:00,14.481586299664352,14.547863834171004,14.362286990380145,14.474958419799805,31602000,0.0,0.0
2009-07-28 00:00:00-04:00,14.329157132408021,14.574382508356154,14.16346383249837,14.534616470336914,40081700,0.0,0.0
2009-07-29 00:00:00-04:00,14.448449488131445,14.494844655492885,14.24961811313862,14.395427703857422,33623500,0.0,0.0
2009-07-30 00:00:00-04:00,14.56775188446045,14.846116626513677,14.474964058489146,14.56775188446045,52880000,0.0,0.0
2009-07-31 00:00:00-04:00,14.541235425013012,14.700300743555783,14.481585772542124,14.587629318237305,41668100,0.0,0.0
2009-08-03 00:00:00-04:00,14.72019014793837,14.985300402918948,14.706935646500847,14.958788871765137,61219800,0.0,0.0
2009-08-04 00:00:00-04:00,14.879252278049075,14.945528557483502,14.706931170413762,14.872624397277832,55890100,0.0,0.0
2009-08-05 00:00:00-04:00,14.945528183508962,14.958783944719755,14.587631479790321,14.69367504119873,79003200,0.0,0.0
2009-08-06 00:00:00-04:00,14.607515064720516,14.85274032547037,14.368916420411285,14.786462783813477,83322000,0.0,0.0
2009-08-07 00:00:00-04:00,14.905759580315285,15.07145277431275,14.680416735347633,14.706928253173828,46921300,0.0,0.0
2009-08-10 00:00:00-04:00,14.567749177638548,14.660538250508106,14.24961846415771,14.342406272888184,46634300,0.0,0.0
2009-08-11 00:00:00-04:00,14.229730365492534,14.26949764033168,13.957993641451818,14.030899047851562,53601800,0.0,0.0
2009-08-12 00:00:00-04:00,14.070664365764074,14.322518704123523,14.037526235835076,14.203219413757324,49469600,0.0,0.0
2009-08-13 00:00:00-04:00,14.276133075739274,14.349037256588057,14.143577951058903,14.25624942779541,38927800,0.0,0.0
2009-08-14 00:00:00-04:00,14.22973321065245,14.282754990234046,13.918230413627938,14.123689651489258,35178700,0.0,0.0
2009-08-17 00:00:00-04:00,13.878465581419235,13.891720079343528,13.706144467012917,13.739282608032227,32440200,0.0,0.0
2009-08-18 00:00:00-04:00,13.798936564819014,14.017651650331095,13.77905417967938,13.924863815307617,33338700,0.0,0.0
2009-08-19 00:00:00-04:00,13.759167432369788,14.20985326810304,13.74591166916842,14.077298164367676,39235200,0.0,0.0
2009-08-20 00:00:00-04:00,14.083926195800453,14.554494417202749,14.05078805158365,14.508100509643555,55774700,0.0,0.0
2009-08-21 00:00:00-04:00,14.634022843290543,14.759950024687466,14.428563636692536,14.706928253173828,56585800,0.0,0.0
2009-08-24 00:00:00-04:00,14.726815943059153,15.005180660016382,14.534612425998251,14.620772361755371,52702800,0.0,0.0
2009-08-25 00:00:00-04:00,14.687049629343164,14.746699300679294,14.481590352596042,14.581006050109863,28402400,0.0,0.0
2009-08-26 00:00:00-04:00,14.521360702950648,14.581010392049286,14.455083130158876,14.534616470336914,33585100,0.0,0.0
2009-08-27 00:00:00-04:00,14.362289807431777,14.521355162963879,14.229734712418823,14.501471519470215,30283800,0.0,0.0
2009-08-28 00:00:00-04:00,14.680421747623686,14.812976853734902,14.448450943998647,14.581006050109863,35945600,0.0,0.0
2009-08-31 00:00:00-04:00,14.408684802969773,14.474962355497086,14.256247317054374,14.315896987915039,31405700,0.0,0.0
2009-09-01 00:00:00-04:00,14.223102486352678,14.494840474532083,13.971249399731532,14.030899047851562,48752000,0.0,0.0
2009-09-02 00:00:00-04:00,13.97788278343163,14.402057102314977,13.96462701993173,14.282757759094238,40254300,0.0,0.0
2009-09-03 00:00:00-04:00,14.402052956544223,14.514724385581445,14.143571963398344,14.242987632751465,33833000,0.0,0.0
2009-09-04 00:00:00-04:00,14.30926521560259,14.554490449896726,14.183338026453834,14.474958419799805,28951700,0.0,0.0
2009-09-08 00:00:00-04:00,14.5810025814467,14.720184272028394,14.441820890865008,14.52798080444336,39951400,0.0,0.0
2009-09-09 00:00:00-04:00,14.561117418543182,14.925643203448743,14.5544895390934,14.733438491821289,45120800,0.0,0.0
2009-09-10 00:00:00-04:00,14.680413759528372,15.276908884177896,14.5876259942229,15.250398635864258,76624200,0.0,0.0
2009-09-11 00:00:00-04:00,15.190752456228616,15.329934135881324,14.985293244491334,15.303423881530762,53497100,0.0,0.0
2009-09-14 00:00:00-04:00,15.144359292488232,15.237147083392795,14.985293966306621,15.104593276977539,60616000,0.0,0.0
2009-09-15 00:00:00-04:00,15.131105518195355,15.369704170847474,15.018434072680634,15.230521202087402,50922100,0.0,0.0
2009-09-16 00:00:00-04:00,15.290161923183932,15.542016190168093,15.243768048775868,15.482366561889648,53658500,0.0,0.0
2009-09-17 00:00:00-04:00,15.389584959555702,15.568533930561191,15.349818942934109,15.502256393432617,40431200,0.0,0.0
2009-09-18 00:00:00-04:00,15.57516005222875,15.648065461252939,15.402838980805315,15.508882522583008,53795300,0.0,0.0
2009-09-21 00:00:00-04:00,15.3763341262079,15.807136323955879,15.363078362796779,15.661325454711914,51075300,0.0,0.0
2009-09-22 00:00:00-04:00,15.71434574947665,15.720973630551768,15.442608946092042,15.515514373779297,34927600,0.0,0.0
2009-09-23 00:00:00-04:00,15.588420568605205,15.595048450006496,15.078085077957859,15.111223220825195,65546000,0.0,0.0
2009-09-24 00:00:00-04:00,15.137727927613385,15.237143575572556,14.885873604369035,15.011800765991211,39003000,0.0,0.0
2009-09-25 00:00:00-04:00,14.958787735486645,15.190758558904319,14.958787735486645,14.991927146911621,41074700,0.0,0.0
2009-09-28 00:00:00-04:00,15.435985067268144,15.820393388839934,15.42272930276653,15.648072242736816,68919000,0.0,0.0
2009-09-29 00:00:00-04:00,15.654694333434565,15.7342263627423,15.382956318239831,15.442605972290039,40230500,0.0,0.0
2009-09-30 00:00:00-04:00,15.608300696200889,15.767367298598378,15.217264598929846,15.60167407989502,64479300,0.0,0.0
2009-10-01 00:00:00-04:00,15.475744959295145,15.628182398192523,15.29016812228609,15.303423881530762,63043900,0.0,0.0
2009-10-02 00:00:00-04:00,15.150987849930065,15.296797422748602,14.991922516635597,15.025060653686523,42035100,0.0,0.0
2009-10-05 00:00:00-04:00,15.18412636855206,15.316681448364623,14.965411371758584,15.204010009765625,38746900,0.0,0.0
2009-10-06 00:00:00-04:00,15.349825581909984,15.621562463941476,15.29017589910898,15.475752830505371,41395900,0.0,0.0
2009-10-07 00:00:00-04:00,15.561911037615618,15.76074371272196,15.515517125999255,15.648072242736816,43251500,0.0,0.0
2009-10-08 00:00:00-04:00,15.793881183903983,15.853530857469122,15.608304281241411,15.687837600708008,45902600,0.0,0.0
2009-10-09 00:00:00-04:00,15.667948452816631,15.959568836269147,15.575160666138514,15.926430702209473,45650000,0.0,0.0
2009-10-12 00:00:00-04:00,15.952939905789346,16.05235556555852,15.654692926481824,15.760736465454102,32797500,0.0,0.0
2009-10-13 00:00:00-04:00,15.628187495541333,15.992712144693067,15.621559613757222,15.833646774291992,45600500,0.0,0.0
2009-10-14 00:00:00-04:00,16.07886945536027,16.23793478729424,16.025847678048944,16.158401489257812,49209400,0.0,0.0
2009-10-15 00:00:00-04:00,16.07224775354333,16.15178108215332,15.946320509968913,16.15178108215332,35858400,0.0,0.0
2009-10-16 00:00:00-04:00,15.97282539501735,15.992707770792792,15.707716516854422,15.919803619384766,38024200,0.0,0.0
2009-10-19 00:00:00-04:00,15.992705637211348,16.45664706020634,15.880034221006202,16.07223892211914,30644700,0.0,0.0
2009-10-20 00:00:00-04:00,16.151773207706142,16.271071246250898,15.880035204849948,15.979452133178711,52450500,0.0,0.0
2009-10-21 00:00:00-04:00,15.986083089651505,16.23793623835172,15.807134101182433,15.880038261413574,41880500,0.0,0.0
2009-10-22 00:00:00-04:00,15.840271527783893,16.072242287859133,15.793877628596634,16.025848388671875,33909000,0.0,0.0
2009-10-23 00:00:00-04:00,16.251191109988746,16.251191109988746,15.926432554702068,16.01922035217285,42526300,0.0,0.0
2009-10-26 00:00:00-04:00,16.005962020219908,16.171655211452286,15.661319879063267,15.707715034484863,45679600,0.0,0.0
2009-10-27 00:00:00-04:00,15.72097213548473,15.873410857437413,15.50888501780666,15.60167407989502,42696300,0.0,0.0
2009-10-28 00:00:00-04:00,15.489004129392697,15.595047698424493,15.22389394267415,15.257033348083496,47534500,0.0,0.0
2009-10-29 00:00:00-04:00,15.316684045944937,15.628186892952101,15.283544638302168,15.588420867919922,40053400,0.0,0.0
2009-10-30 00:00:00-04:00,15.54865245886443,15.561908220966798,15.005178854057881,15.117850303649902,61218300,0.0,0.0
2009-11-02 00:00:00-05:00,15.15761260963605,15.376327555905965,14.991919430215248,15.243772506713867,55068200,0.0,0.0
2009-11-03 00:00:00-05:00,15.124472442894886,15.27028324238768,14.945523514865677,15.184122085571289,46384000,0.0,0.0
2009-11-04 00:00:00-05:00,15.44923720249579,15.528770513190372,15.243777940731826,15.435982704162598,65580900,0.0,0.0
2009-11-05 00:00:00-05:00,15.939686184239381,15.952941944339482,15.6546949269204,15.860154151916504,87742300,0.0,0.0
2009-11-06 00:00:00-05:00,15.714346043422154,15.906550805778739,15.681207901565747,15.787251472473145,36617400,0.0,0.0
2009-11-09 00:00:00-05:00,15.860162056974826,15.906555976310077,15.720979034829575,15.899928092956543,46891200,0.0,0.0
2009-11-10 00:00:00-05:00,15.707712335677009,15.820383736922029,15.608295426707835,15.674572944641113,43081900,0.0,0.0
2009-11-11 00:00:00-05:00,15.72760460058169,15.906553632338937,15.714348835827975,15.853531837463379,39237500,0.0,0.0
2009-11-12 00:00:00-05:00,15.73422536489529,15.80050289454103,15.356445089294917,15.508882522583008,63813300,0.0,0.0
2009-11-13 00:00:00-05:00,15.581794938271557,15.773998470119745,15.542028908258018,15.714348793029785,35797700,0.0,0.0
2009-11-16 00:00:00-05:00,15.754112204505287,15.972827211885328,15.674578899940276,15.820389747619629,47598200,0.0,0.0
2009-11-17 00:00:00-05:00,15.853530320877008,15.979457545712199,15.787252767588003,15.966201782226562,37209300,0.0,0.0
2009-11-18 00:00:00-05:00,15.913176380299396,15.933060021014475,15.767366807472172,15.906548500061035,27234800,0.0,0.0
2009-11-19 00:00:00-05:00,15.820388060912949,15.827014676792789,15.515511900747244,15.69446086883545,38099900,0.0,0.0
2009-11-20 00:00:00-05:00,15.575167039355776,15.621560951678802,15.442611920599155,15.54865550994873,36317900,0.0,0.0
2009-11-23 00:00:00-05:00,15.701093084382856,15.846902692639862,15.674581556987471,15.840274810791016,29300500,0.0,0.0
2009-11-24 00:00:00-05:00,15.793880666790349,15.840274574902184,15.61493165195397,15.734230995178223,29988300,0.0,0.0
2009-11-25 00:00:00-05:00,15.747486758678514,15.820392193790932,15.674581323566096,15.734230995178223,27084300,0.0,0.0
2009-11-27 00:00:00-05:00,15.310049002800483,15.588413576092803,15.257027239513304,15.495624542236328,21773900,0.0,0.0
2009-11-30 00:00:00-05:00,15.449232872315715,15.601671569742539,15.369700848051812,15.508882522583008,34349100,0.0,0.0
2009-12-01 00:00:00-05:00,15.528773185833176,15.906553632338937,15.502261656325745,15.853531837463379,39946800,0.0,0.0
2009-12-02 00:00:00-05:00,15.80050610544363,15.972827211885328,15.734228562329285,15.820389747619629,30982600,0.0,0.0
2009-12-03 00:00:00-05:00,15.893286562562434,16.032469465195916,15.793870925903319,15.79387092590332,35484600,0.0,0.0
2009-12-04 00:00:00-05:00,15.959570537044666,16.184913412253334,15.846899099440334,16.012592315673828,49537500,0.0,0.0
2009-12-07 00:00:00-05:00,15.979456214540285,16.171659712513744,15.972828333349602,16.045732498168945,33094700,0.0,0.0
2009-12-08 00:00:00-05:00,15.919813146106453,16.0457391485036,15.740864072207849,15.780630111694336,44128100,0.0,0.0
2009-12-09 00:00:00-05:00,15.760742781409478,15.833646953581828,15.535399854754852,15.813764572143555,38449700,0.0,0.0
2009-12-10 00:00:00-05:00,15.90654916103352,16.039104243031048,15.780621959549766,15.866783142089844,33704400,0.0,0.0
2009-12-11 00:00:00-05:00,15.933062195771026,15.95294457506102,15.687835650035517,15.75411319732666,27735900,0.0,0.0
2009-12-14 00:00:00-05:00,15.91317419741829,16.00596197974942,15.80050277709961,15.80050277709961,35439600,0.0,0.0
2009-12-15 00:00:00-05:00,15.78062664833062,15.840276326538879,15.555283700463711,15.561911582946777,52394700,0.0,0.0
2009-12-16 00:00:00-05:00,15.621553774807651,15.701087062350215,15.475744222474791,15.542021751403809,41819300,0.0,0.0
2009-12-17 00:00:00-05:00,15.548649884828757,15.555277764782714,15.336562782857513,15.36307430267334,33439200,0.0,0.0
2009-12-18 00:00:00-05:00,15.329935955557874,15.48900255709771,15.257031799335957,15.462491035461426,67220300,0.0,0.0
2009-12-21 00:00:00-05:00,15.595047421534272,15.78725091293968,15.561908016713314,15.667951583862305,35588700,0.0,0.0
2009-12-22 00:00:00-05:00,15.661322867465634,15.82038947384296,15.621556847940788,15.740856170654297,27139900,0.0,0.0
2009-12-23 00:00:00-05:00,15.767364344657206,15.860152125223276,15.707714695967962,15.760736465454102,23857600,0.0,0.0
2009-12-24 00:00:00-05:00,15.773994697314642,15.899921903734247,15.767368080680082,15.880038261413574,9900600,0.0,0.0
2009-12-28 00:00:00-05:00,15.833646522113433,15.972829509084638,15.780624732824206,15.959573745727539,20191200,0.0,0.0
2009-12-29 00:00:00-05:00,15.926434959311221,16.01922277079132,15.90655131507729,15.97282886505127,21897300,0.0,0.0
2009-12-30 00:00:00-05:00,15.91317694887184,16.03910414962222,15.906549068396668,16.025848388671875,17202900,0.0,0.0
2009-12-31 00:00:00-05:00,15.972826702032284,16.01922060148973,15.866783142089844,15.866783142089844,25208100,0.0,0.0
2010-01-04 00:00:00-05:00,15.979458491176592,16.463282509776366,15.91318093396611,16.363866806030273,59853700,0.0,0.0
2010-01-05 00:00:00-05:00,16.30420843969884,16.39036833324588,16.15839763873504,16.290952682495117,45124500,0.0,0.0
2010-01-06 00:00:00-05:00,16.264452686527196,16.39700654972034,16.13189755919467,16.184919357299805,35715700,0.0,0.0
2010-01-07 00:00:00-05:00,16.105379508083896,16.28432847829655,16.01921959509569,16.2578182220459,31531200,0.0,0.0
2010-01-08 00:00:00-05:00,16.158396365971154,16.37048467210923,16.07223647921075,16.34397315979004,39115900,0.0,0.0
2010-01-11 00:00:00-05:00,16.3307207594128,16.496413953040406,16.178283324668694,16.297582626342773,35852900,0.0,0.0
2010-01-12 00:00:00-05:00,16.198165951222965,16.237931961250872,15.95956736277817,16.039100646972656,35780400,0.0,0.0
2010-01-13 00:00:00-05:00,16.09213295761219,16.370497738452038,16.039111154792195,16.330730438232422,43683900,0.0,0.0
2010-01-14 00:00:00-05:00,16.29095402430312,16.62234039685944,16.251188013555197,16.53618049621582,52302100,0.0,0.0
2010-01-15 00:00:00-05:00,16.569321531847994,16.635599070803167,16.105380023300686,16.17165756225586,51648100,0.0,0.0
2010-01-19 00:00:00-05:00,16.264446620263072,16.489788230058128,16.237935099029002,16.469905853271484,37607500,0.0,0.0
2010-01-20 00:00:00-05:00,16.31746855831835,16.39037271414786,15.986082124482094,16.178285598754883,42125400,0.0,0.0
2010-01-21 00:00:00-05:00,16.244561513203177,16.33734930087015,15.813759445142352,15.893291473388672,54767500,0.0,0.0
2010-01-22 00:00:00-05:00,15.80050416929744,15.860153824377162,15.157614987385687,15.223891258239746,70424300,0.0,0.0
2010-01-25 00:00:00-05:00,15.310052747642297,15.36307452389861,15.071454122419453,15.237147331237793,51288800,0.0,0.0
2010-01-26 00:00:00-05:00,15.111221276099585,15.37633144147663,15.005177715604349,15.177498817443848,55312800,0.0,0.0
2010-01-27 00:00:00-05:00,15.170867226137462,15.416093689887733,15.084707328361699,15.343188285827637,51802900,0.0,0.0
2010-01-28 00:00:00-05:00,15.363072890876696,15.389583144117509,14.812971546638533,14.925642967224121,63620000,0.0,0.0
2010-01-29 00:00:00-05:00,15.210636603897482,15.329934648673749,14.872622316684335,14.892504692077637,73431900,0.0,0.0
2010-02-01 00:00:00-05:00,15.011805186531198,15.204009924771043,14.832856209026295,15.064826965332031,54386100,0.0,0.0
2010-02-02 00:00:00-05:00,15.117850373642355,15.316683013681265,14.919018997742503,15.257033348083496,54108900,0.0,0.0
2010-02-03 00:00:00-05:00,15.349819374560486,15.409469033239622,15.14436014140952,15.290169715881348,80035500,0.0,0.0
2010-02-04 00:00:00-05:00,15.515511432728038,15.754110049648414,15.310052214901503,15.349818229675293,126098600,0.0,0.0
2010-02-05 00:00:00-05:00,15.442604917202079,15.827013070295646,15.349817134636341,15.707715034484863,99148600,0.0,0.0
2010-02-08 00:00:00-05:00,15.76073878649921,15.840270820371556,15.561906173540573,15.575161933898926,69909000,0.0,0.0
2010-02-09 00:00:00-05:00,15.773997102374189,15.906552209778015,15.628187495541333,15.833646774291992,60331600,0.0,0.0
2010-02-10 00:00:00-05:00,15.813767495905484,15.90655533081059,15.65470209429411,15.747489929199219,50574100,0.0,0.0
2010-02-11 00:00:00-05:00,15.687833063031787,15.899920168077943,15.60167315065886,15.860154151916504,42458500,0.0,0.0
2010-02-12 00:00:00-05:00,15.720978396860936,15.77400019739806,15.581796644503275,15.747489929199219,56455000,0.0,0.0
2010-02-16 00:00:00-05:00,15.880036979107597,15.906548500061035,15.773993423571635,15.906548500061035,46758200,0.0,0.0
2010-02-17 00:00:00-05:00,15.899924870958504,15.966202426923722,15.734231613115078,15.952946662902832,48505500,0.0,0.0
2010-02-18 00:00:00-05:00,15.939684336414402,16.145144801731146,15.840268675466241,16.09212303161621,41154700,0.0,0.0
2010-02-19 00:00:00-05:00,15.99271616195518,16.1584094557614,15.946322241951759,16.14515495300293,38781900,0.0,0.0
2010-02-22 00:00:00-05:00,16.165024931031677,16.21141881542342,16.00595964277203,16.105375289916992,31374800,0.0,0.0
2010-02-23 00:00:00-05:00,16.01258740414089,16.05898128819367,15.793872476364557,15.939682006835938,36286000,0.0,0.0
2010-02-24 00:00:00-05:00,15.9661961505529,16.204794752577996,15.9661961505529,16.13188934326172,33182100,0.0,0.0
2010-02-25 00:00:00-05:00,15.906548226561661,16.165029230718847,15.820388313222224,16.125263214111328,37112100,0.0,0.0
2010-02-26 00:00:00-05:00,16.145146854484526,16.211423127450765,16.045729916757416,16.125263214111328,30719800,0.0,0.0
2010-03-01 00:00:00-05:00,16.125261708606878,16.337348796231037,16.118633829101277,16.304210662841797,41777800,0.0,0.0
2010-03-02 00:00:00-05:00,16.343974921825296,16.403624566835788,16.19816538076555,16.310836791992188,51403800,0.0,0.0
2010-03-03 00:00:00-05:00,16.370486228413874,16.522923646325648,16.30420870545353,16.463274002075195,50693400,0.0,0.0
2010-03-04 00:00:00-05:00,16.46327508972905,16.55606286952044,16.343975793346583,16.53618049621582,40262000,0.0,0.0
2010-03-05 00:00:00-05:00,16.549436494211324,16.728385455046023,16.516298359599926,16.7085018157959,57057100,0.0,0.0
2010-03-08 00:00:00-05:00,16.77478092176029,17.47069319108936,16.741642784042252,17.318254470825195,116178200,0.0,0.0
2010-03-09 00:00:00-05:00,17.450809549975187,17.550225227268218,17.033263199688882,17.318254470825195,160887600,0.0,0.0
2010-03-10 00:00:00-05:00,17.132675485777515,17.27185715361066,17.06639795932135,17.145931243896484,69660800,0.0,0.0
2010-03-11 00:00:00-05:00,17.092913549796346,17.21883948952601,17.04651838532129,17.21221160888672,37340500,0.0,0.0
2010-03-12 00:00:00-05:00,17.232098320140224,17.25198196559973,17.086288712521455,17.152565002441406,31167200,0.0,0.0
2010-03-15 00:00:00-04:00,17.073030965981705,17.2917459840774,17.05977520388159,17.285118103027344,36759300,0.0,0.0
2010-03-16 00:00:00-04:00,17.25197470901937,17.45743390245655,17.238718950955377,17.331506729125977,53887500,0.0,0.0
2010-03-17 00:00:00-04:00,17.364645307734612,17.497199089725335,17.35138955029396,17.40441131591797,32456000,0.0,0.0
2010-03-18 00:00:00-04:00,17.391161875468764,17.517089088618306,17.377906113213218,17.457439422607422,27088000,0.0,0.0
2010-03-19 00:00:00-04:00,17.477317539552537,17.523711428637835,17.27848496100868,17.331506729125977,55661800,0.0,0.0
2010-03-22 00:00:00-04:00,17.17907068843648,17.483945563649122,17.159187049737877,17.41766929626465,31899500,0.0,0.0
2010-03-23 00:00:00-04:00,17.35802391186301,17.729176409848563,17.344768149471616,17.65627098083496,48863100,0.0,0.0
2010-03-24 00:00:00-04:00,17.603250085308105,17.643017374492654,17.523718035217286,17.530345916748047,35293400,0.0,0.0
2010-03-25 00:00:00-04:00,17.66952539989609,17.795452604762556,17.510460055709554,17.517087936401367,35137800,0.0,0.0
2010-03-26 00:00:00-04:00,17.52371579713502,17.729175041791255,17.457438254431366,17.543598175048828,37524500,0.0,0.0
2010-03-29 00:00:00-04:00,17.636387866099614,17.689409649315564,17.530344299667714,17.570110321044922,30387800,0.0,0.0
2010-03-30 00:00:00-04:00,17.65626732281418,17.702661217433118,17.457435984693372,17.66289520263672,32975900,0.0,0.0
2010-03-31 00:00:00-04:00,17.576742298482987,17.636391976520546,17.20558846532944,17.251983642578125,54745100,0.0,0.0
2010-04-01 00:00:00-04:00,17.36464555752566,17.430921817405103,17.00674768631126,17.11941909790039,56193700,0.0,0.0
2010-04-05 00:00:00-04:00,17.145939026043727,17.391164341853397,17.099543851569635,17.344770431518555,34804200,0.0,0.0
2010-04-06 00:00:00-04:00,17.318255230148814,17.48394845428171,17.265233448991847,17.377904891967773,31121900,0.0,0.0
2010-04-07 00:00:00-04:00,17.298374067958083,17.62313265838453,17.298374067958083,17.457439422607422,43837800,0.0,0.0
2010-04-08 00:00:00-04:00,17.41766929626465,17.490573443215325,17.23209246082732,17.41766929626465,38623400,0.0,0.0
2010-04-09 00:00:00-04:00,17.417669831410638,17.656267182430778,17.377902552791607,17.629756927490234,34610800,0.0,0.0
2010-04-12 00:00:00-04:00,17.60987665405056,17.72254810339569,17.556854869896327,17.58336639404297,28374400,0.0,0.0
2010-04-13 00:00:00-04:00,17.530353394001317,17.563491551650444,17.344776424403026,17.523725509643555,42863900,0.0,0.0
2010-04-14 00:00:00-04:00,17.64963732213456,17.8484699005016,17.603243433090515,17.815330505371094,44610100,0.0,0.0
2010-04-15 00:00:00-04:00,17.894860715177956,18.06055386994812,17.8617225898793,18.034042358398438,47016500,0.0,0.0
2010-04-16 00:00:00-04:00,17.994286142148876,18.186490913007237,17.755688729122912,17.881614685058594,68523400,0.0,0.0
2010-04-19 00:00:00-04:00,17.848467802277835,17.967767082445782,17.59661348544805,17.941255569458008,43888900,0.0,0.0
2010-04-20 00:00:00-04:00,18.02079757445098,18.19311869993686,17.934636379638476,18.014169692993164,47166000,0.0,0.0
2010-04-21 00:00:00-04:00,18.00753639049373,18.159973825715944,17.97439825731977,18.053930282592773,42737800,0.0,0.0
2010-04-22 00:00:00-04:00,17.947896800130913,18.140101619868442,17.709298062288312,18.106962203979492,44843600,0.0,0.0
2010-04-23 00:00:00-04:00,18.146715941289706,18.232877100072056,18.03404453190105,18.20636558532715,39305500,0.0,0.0
2010-04-26 00:00:00-04:00,18.27927383003456,18.358807122501897,18.212996297001578,18.272645950317383,35663400,0.0,0.0
2010-04-27 00:00:00-04:00,18.16660386924701,18.27927530525453,17.715918125216923,17.9014949798584,57167400,0.0,0.0
2010-04-28 00:00:00-04:00,17.96777107590829,18.14671877179407,17.77556635644364,17.921377182006836,54475300,0.0,0.0
2010-04-29 00:00:00-04:00,17.96114508183118,18.319041775315167,17.96114508183118,18.246137619018555,41865500,0.0,0.0
2010-04-30 00:00:00-04:00,18.345554180440413,18.38532020071165,17.841846621828438,17.848474502563477,41886700,0.0,0.0
2010-05-03 00:00:00-04:00,17.914756952333857,18.352187087539402,17.90150118723324,18.252771377563477,44974900,0.0,0.0
2010-05-04 00:00:00-04:00,18.053930476682098,18.060558356215893,17.497201237230946,17.60324478149414,52347200,0.0,0.0
2010-05-05 00:00:00-04:00,17.437553320126298,17.775567625140468,17.331509765314664,17.59661865234375,49889300,0.0,0.0
2010-05-06 00:00:00-04:00,17.49720040436574,17.662893592407343,15.396210729432639,16.89407730102539,97908000,0.0,0.0
2010-05-07 00:00:00-04:00,16.913968036394856,16.993500092111688,16.125267776390743,16.377120971679688,95894500,0.0,0.0
2010-05-10 00:00:00-04:00,17.311627854592725,17.583364629125178,17.16581701469995,17.318254470825195,74912200,0.0,0.0
2010-05-11 00:00:00-04:00,17.271863028737197,17.742432488918165,17.112797669618576,17.205585479736328,53718000,0.0,0.0
2010-05-12 00:00:00-04:00,17.3779053131845,17.762313551924784,17.358022934855576,17.72254753112793,66161700,0.0,0.0
2010-05-13 00:00:00-04:00,17.29174379726187,17.298371677473725,16.81454779925819,16.920591354370117,143656300,0.0,0.0
2010-05-14 00:00:00-04:00,16.741641465693117,16.768151720952165,16.363861163245193,16.52955436706543,82159400,0.0,0.0
2010-05-17 00:00:00-04:00,16.549445862404088,16.556073745905994,16.078877511024416,16.483169555664062,72483200,0.0,0.0
2010-05-18 00:00:00-04:00,16.569329380622218,16.582585147520195,16.02585557920013,16.14515495300293,59688900,0.0,0.0
2010-05-19 00:00:00-04:00,16.058979511181995,16.251184168576216,15.88665848652668,16.0788631439209,62394300,0.0,0.0
2010-05-20 00:00:00-04:00,15.61493010473019,15.833645124256622,15.329937538408673,15.449236869812012,97381300,0.0,0.0
2010-05-21 00:00:00-04:00,15.025065445552611,15.581794921707537,14.952160003822542,15.54865550994873,88178000,0.0,0.0
2010-05-24 00:00:00-04:00,15.548646792531057,15.707713351513352,15.329931854103643,15.488998413085938,48173300,0.0,0.0
2010-05-25 00:00:00-04:00,15.0648286153674,15.449236869812012,14.978668689431133,15.449236869812012,64859000,0.0,0.0
2010-05-26 00:00:00-04:00,15.614931604772302,15.740858829366202,15.137735497456358,15.170873641967773,72466100,0.0,0.0
2010-05-27 00:00:00-04:00,15.502260698045436,15.69446548267516,15.257035385956952,15.687837600708008,59790400,0.0,0.0
2010-05-28 00:00:00-04:00,15.588416846595669,15.621554981550691,15.237146801033873,15.349818229675293,56435900,0.0,0.0
2010-06-01 00:00:00-04:00,15.204006497611694,15.561903107808536,15.190750739864757,15.243772506713867,56341200,0.0,0.0
2010-06-02 00:00:00-04:00,15.29017589910898,15.489008596492132,15.071460816885113,15.475752830505371,45748300,0.0,0.0
2010-06-03 00:00:00-04:00,15.568533659637122,15.754110507539943,15.42272409180274,15.72097110748291,49009800,0.0,0.0
2010-06-04 00:00:00-04:00,15.45586571411412,15.608303196345366,15.084713198726133,15.217267036437988,60603900,0.0,0.0
2010-06-07 00:00:00-04:00,15.250401404295053,15.43597823273256,15.031686443415254,15.084708213806152,50257700,0.0,0.0
2010-06-08 00:00:00-04:00,15.184128893044809,15.243778562463842,14.925647834988425,15.217267036437988,71516900,0.0,0.0
2010-06-09 00:00:00-04:00,15.25703634734149,15.542028969190993,15.071459432985247,15.097970962524414,47727700,0.0,0.0
2010-06-10 00:00:00-04:00,15.243779463593597,15.310057018437066,14.919020835413745,15.091341972351074,98936100,0.0,0.0
2010-06-11 00:00:00-04:00,14.932269021934255,15.237143849712695,14.925641143399258,15.184122085571289,56318300,0.0,0.0
2010-06-14 00:00:00-04:00,15.29679529536975,15.429350353416359,15.064824575857545,15.084708213806152,57270100,0.0,0.0
2010-06-15 00:00:00-04:00,15.124476719432405,15.542024336231345,15.111220958614263,15.462491035461426,77834700,0.0,0.0
2010-06-16 00:00:00-04:00,15.316683370190269,15.760741299898891,15.30342760771799,15.435982704162598,73638000,0.0,0.0
2010-06-17 00:00:00-04:00,15.568532399138059,15.575160278612843,15.276912022941351,15.3564453125,52811800,0.0,0.0
2010-06-18 00:00:00-04:00,15.429355042896933,15.674580331434727,15.343193849737844,15.568536758422852,52422500,0.0,0.0
2010-06-21 00:00:00-04:00,15.800504536819872,15.866782073354393,15.32993516514975,15.469118118286133,54836700,0.0,0.0
2010-06-22 00:00:00-04:00,15.455861998645458,15.674576979224824,15.190753122812716,15.223891258239746,42148200,0.0,0.0
2010-06-23 00:00:00-04:00,15.31668758492275,15.336569969963167,15.005183401802238,15.150994300842285,54086100,0.0,0.0
2010-06-24 00:00:00-04:00,15.031694318298735,15.230525745394786,14.892511308019992,14.958788871765137,58002300,0.0,0.0
2010-06-25 00:00:00-04:00,14.972040836008981,15.02506262071523,14.653910127771486,14.70030403137207,76899200,0.0,0.0
2010-06-28 00:00:00-04:00,14.779835020830905,15.078083328590482,14.773208404337558,14.859368324279785,43365000,0.0,0.0
2010-06-29 00:00:00-04:00,14.680412177332892,14.706923686927718,14.183332749675085,14.329143524169922,68951400,0.0,0.0
2010-06-30 00:00:00-04:00,14.262872612977786,14.402054310327374,14.077295752372727,14.123689651489258,57128000,0.0,0.0
2010-07-01 00:00:00-04:00,14.050780603163439,14.24298401318299,13.871831685320805,14.090546607971191,66345400,0.0,0.0
2010-07-02 00:00:00-04:00,14.057417284017596,14.12369484891905,13.911607652545925,14.004395484924316,46262200,0.0,0.0
2010-07-06 00:00:00-04:00,14.196593627823807,14.36228683017276,13.951367132126279,14.143571853637695,51187800,0.0,0.0
2010-07-07 00:00:00-04:00,14.242989610134186,14.905762516687506,14.216479351224331,14.899134635925293,70496900,0.0,0.0
2010-07-08 00:00:00-04:00,15.025057497709149,15.104590779720056,14.680415382559605,14.945524215698242,55310300,0.0,0.0
2010-07-09 00:00:00-04:00,14.945529715400177,15.117850836386205,14.865997668261455,15.044946670532227,41488800,0.0,0.0
2010-07-12 00:00:00-04:00,14.98530101676182,15.230526369282824,14.98530101676182,15.150994300842285,30563100,0.0,0.0
2010-07-13 00:00:00-04:00,15.270285747557862,15.429351066077576,15.237146349446185,15.303423881530762,45007700,0.0,0.0
2010-07-14 00:00:00-04:00,15.528771717480446,15.833646693152039,15.502260190479863,15.734230995178223,61467200,0.0,0.0
2010-07-15 00:00:00-04:00,15.707722217590423,15.880042102831506,15.522145303456318,15.853531837463379,51771300,0.0,0.0
2010-07-16 00:00:00-04:00,15.820388220429146,15.820388220429146,14.985294291736164,15.078082084655762,77069000,0.0,0.0
2010-07-19 00:00:00-04:00,15.15761602633768,15.263659583939345,14.945527646995428,15.064826965332031,54701900,0.0,0.0
2010-07-20 00:00:00-04:00,14.759951630419812,15.296797283416085,14.61414079479051,15.2769136428833,66161600,0.0,0.0
2010-07-21 00:00:00-04:00,15.28354251239217,15.389586073820297,14.846112505466404,14.952156066894531,45752100,0.0,0.0
2010-07-22 00:00:00-04:00,15.064828636453587,15.48237629694971,15.064828636453587,15.42272663116455,57947100,0.0,0.0
2010-07-23 00:00:00-04:00,15.349825581909984,15.515518864326232,15.25040986528812,15.475752830505371,39345400,0.0,0.0
2010-07-26 00:00:00-04:00,15.45586744988128,15.648072242736816,15.37633539115017,15.648072242736816,38325000,0.0,0.0
2010-07-27 00:00:00-04:00,15.694460348088432,15.720970603144739,15.376329702579865,15.442605972290039,47984200,0.0,0.0
2010-07-28 00:00:00-04:00,15.435980120442919,15.654695108070003,15.409468599935938,15.502256393432617,41757900,0.0,0.0
2010-07-29 00:00:00-04:00,15.595048735830126,17.232097547779045,15.217267073867323,15.382960319519043,37489200,0.0,0.0
2010-07-30 00:00:00-04:00,15.257031578454678,15.508884709658547,15.164242518209957,15.290169715881348,42185400,0.0,0.0
2010-08-02 00:00:00-04:00,15.528770120632533,15.866784470296306,15.508886477426762,15.773995399475098,43032200,0.0,0.0
2010-08-03 00:00:00-04:00,15.80050723487134,15.833645376727747,15.654697640908436,15.787251472473145,27135900,0.0,0.0
2010-08-04 00:00:00-04:00,15.767369575329905,16.07224453497986,15.760741693928065,15.99933910369873,48329300,0.0,0.0
2010-08-05 00:00:00-04:00,15.926432554702068,16.02584823258347,15.793877474767577,16.01922035217285,30206900,0.0,0.0
2010-08-06 00:00:00-04:00,15.853530961024623,16.01922421886805,15.641443793247314,15.952946662902832,40439300,0.0,0.0
2010-08-09 00:00:00-04:00,16.045731634119182,16.48316292017531,16.039105017424415,16.416885375976562,64011100,0.0,0.0
2010-08-10 00:00:00-04:00,16.21142089365425,16.297582059260282,16.01258957387505,16.11200523376465,59163700,0.0,0.0
2010-08-11 00:00:00-04:00,15.813760320848658,15.87340997740597,15.542023558371515,15.727599143981934,71535700,0.0,0.0
2010-08-12 00:00:00-04:00,14.196595854827306,14.322523062325432,13.918231180648771,14.156829833984375,227307900,0.0,0.0
2010-08-13 00:00:00-04:00,14.256245518161208,14.302639419834462,14.083924408989827,14.156829833984375,67924100,0.0,0.0
2010-08-16 00:00:00-04:00,14.07729584078188,14.660536683981286,14.064040079768494,14.521353721618652,88596200,0.0,0.0
2010-08-17 00:00:00-04:00,14.627395316117113,14.773206139395358,14.547863289000595,14.614139556884766,82948700,0.0,0.0
2010-08-18 00:00:00-04:00,14.607515965581914,14.919018787199379,14.594260203605247,14.852741241455078,73044200,0.0,0.0
2010-08-19 00:00:00-04:00,14.806349496681008,14.912393079671983,14.587634448744721,14.726816177368164,71331800,0.0,0.0
2010-08-20 00:00:00-04:00,14.706928238160906,14.852737793639882,14.66716096146221,14.733438491821289,54657100,0.0,0.0
2010-08-23 00:00:00-04:00,14.892507427679087,14.899135308740602,14.349033822025417,14.368917465209961,49300700,0.0,0.0
2010-08-24 00:00:00-04:00,14.203228179628674,14.216483945436845,13.984513100351464,14.004395484924316,74151900,0.0,0.0
2010-08-25 00:00:00-04:00,13.911597850416301,14.150196410288917,13.798926448714067,14.05740737915039,54311000,0.0,0.0
2010-08-26 00:00:00-04:00,14.03752623572721,14.12368613202512,13.712767758698734,13.719395637512207,53499700,0.0,0.0
2010-08-27 00:00:00-04:00,13.812192456833264,13.878470024227862,13.49406165030653,13.792308807373047,62116800,0.0,0.0
2010-08-30 00:00:00-04:00,13.785672302198305,13.845321949132613,13.447659321755452,13.467541694641113,58983000,0.0,0.0
2010-08-31 00:00:00-04:00,13.328362184768675,13.5006832744496,13.136157454845726,13.248828887939453,94440300,0.0,0.0
2010-09-01 00:00:00-04:00,13.487430776054229,13.719401578421584,13.42115322335796,13.427781105041504,80173000,0.0,0.0
2010-09-02 00:00:00-04:00,13.573591849335745,13.719402730338029,13.460920379533652,13.600103378295898,59439000,0.0,0.0
2010-09-03 00:00:00-04:00,13.898345137611345,14.004388684302473,13.759163456631285,13.944740295410156,54485200,0.0,0.0
2010-09-07 00:00:00-04:00,13.851955900952651,13.911605574037868,13.606730590837177,13.63986873626709,60556800,0.0,0.0
2010-09-08 00:00:00-04:00,13.706141798506064,13.84532348065615,13.619980626008465,13.679630279541016,40603000,0.0,0.0
2010-09-09 00:00:00-04:00,13.891719490318703,13.951369152935486,13.639866342489286,13.659749984741211,43601000,0.0,0.0
2010-09-10 00:00:00-04:00,13.673001775517186,13.706141172710414,13.467542569474151,13.666375160217285,48400600,0.0,0.0
2010-09-13 00:00:00-04:00,13.865203807163095,14.14356836909436,13.825437802355344,14.090546607971191,62445900,0.0,0.0
2010-09-14 00:00:00-04:00,14.156832487959187,14.693678294467523,14.057415521005693,14.216482162475586,109222400,0.0,0.0
2010-09-15 00:00:00-04:00,14.276129856114766,14.488216996460915,14.24299045034876,14.3092679977417,60902400,0.0,0.0
2010-09-16 00:00:00-04:00,14.302645597635491,14.554498857276755,14.26287955961625,14.534616470336914,47579200,0.0,0.0
2010-09-17 00:00:00-04:00,14.62739810621797,14.660537510620006,14.42856673636184,14.488216400146484,54756000,0.0,0.0
2010-09-20 00:00:00-04:00,14.561120445469657,14.574376207124795,14.342405434715932,14.415310859680176,55723700,0.0,0.0
2010-09-21 00:00:00-04:00,14.43519534575774,14.554493415208743,14.163458536642139,14.342406272888184,69743300,0.0,0.0
2010-09-22 00:00:00-04:00,14.362292289733887,14.508101908137835,14.183343259779521,14.362292289733887,49272200,0.0,0.0
2010-09-23 00:00:00-04:00,14.282755229435049,14.455076331995926,14.203223190800157,14.269500732421875,36037000,0.0,0.0
2010-09-24 00:00:00-04:00,14.474959440672151,14.7466962135892,14.41530978182315,14.640652656555176,54235100,0.0,0.0
2010-09-27 00:00:00-04:00,14.587637834486472,14.786469282707852,14.48822211037578,14.653915405273438,48649000,0.0,0.0
2010-09-28 00:00:00-04:00,14.581004204194143,14.6539096297396,14.216479604744896,14.488216400146484,64748400,0.0,0.0
2010-09-29 00:00:00-04:00,14.335777822086019,14.521354696312734,14.289383919564099,14.494844436645508,46307300,0.0,0.0
2010-09-30 00:00:00-04:00,14.614140403167356,14.766579114889268,14.362287283862253,14.514724731445312,56848900,0.0,0.0
2010-10-01 00:00:00-04:00,14.660536683981286,14.72681296077031,14.435193803309554,14.521353721618652,42184000,0.0,0.0
2010-10-04 00:00:00-04:00,14.455073213073208,14.581000388569688,14.249614016102196,14.421935081481934,31731200,0.0,0.0
2010-10-05 00:00:00-04:00,14.594262613533514,14.660540170222127,14.428569353881606,14.574378967285156,59683800,0.0,0.0
2010-10-06 00:00:00-04:00,14.600887972236945,14.846113246223053,14.587632210362283,14.77983570098877,52793100,0.0,0.0
2010-10-07 00:00:00-04:00,14.892510779440634,14.912394427100264,14.65391332822178,14.839488983154297,37842400,0.0,0.0
2010-10-08 00:00:00-04:00,14.826230475818948,14.925646158974146,14.640653606893979,14.899134635925293,37806400,0.0,0.0
2010-10-11 00:00:00-04:00,14.899132571921676,15.011804000992726,14.83285503762009,14.892504692077637,28434500,0.0,0.0
2010-10-12 00:00:00-04:00,14.832860500350316,15.078087088337979,14.759956323493947,14.991927146911621,35299100,0.0,0.0
2010-10-13 00:00:00-04:00,15.197381096240951,15.50888386924386,15.131103560840227,15.36307430267334,66127100,0.0,0.0
2010-10-14 00:00:00-04:00,15.416096913552739,15.442607170666294,15.14436014140952,15.290169715881348,38847200,0.0,0.0
2010-10-15 00:00:00-04:00,15.402833302805632,15.508876805492143,15.243768048775868,15.482366561889648,50265800,0.0,0.0
2010-10-18 00:00:00-04:00,15.47574537128394,15.575161039988016,15.396212077837392,15.442605972290039,40606700,0.0,0.0
2010-10-19 00:00:00-04:00,15.310052432972158,15.363074208138707,15.08470957247962,15.223891258239746,53769400,0.0,0.0
2010-10-20 00:00:00-04:00,15.184124017871483,15.628181823117597,15.184124017871483,15.508882522583008,44947300,0.0,0.0
2010-10-21 00:00:00-04:00,15.561913961204313,15.608307881536618,15.230527371242692,15.416104316711426,38509300,0.0,0.0
2010-10-22 00:00:00-04:00,15.40947407825426,15.568539465429842,15.36308016501213,15.561911582946777,23672100,0.0,0.0
2010-10-25 00:00:00-04:00,15.661326743099147,15.84027577145307,15.621560713733592,15.648072242736816,37084400,0.0,0.0
2010-10-26 00:00:00-04:00,15.568532172850302,15.740853244273737,15.482372269207952,15.508882522583008,37680000,0.0,0.0
2010-10-27 00:00:00-04:00,15.409471179218041,15.482376608676486,15.263661584440245,15.435982704162598,39164400,0.0,0.0
2010-10-28 00:00:00-04:00,15.528772484991713,15.568538513318842,15.290173786750438,15.369707107543945,33677600,0.0,0.0
2010-10-29 00:00:00-04:00,15.3233154679827,15.389591770303337,15.124482768602482,15.150994300842285,44587900,0.0,0.0
2010-11-01 00:00:00-04:00,15.210639487417726,15.442609005240104,15.16424431971419,15.190755844116211,49174300,0.0,0.0
2010-11-02 00:00:00-04:00,15.3564453125,15.442605217394679,15.283539902416134,15.3564453125,37374800,0.0,0.0
2010-11-03 00:00:00-04:00,15.435985318795714,15.734232440106206,15.363079876988142,15.714348793029785,53861200,0.0,0.0
2010-11-04 00:00:00-04:00,15.853529000195486,16.131893689508733,15.833645356623439,16.045732498168945,55897800,0.0,0.0
2010-11-05 00:00:00-04:00,16.0788631439209,16.131884900419582,15.827008852448362,16.0788631439209,41012300,0.0,0.0
2010-11-08 00:00:00-05:00,16.138515460473005,16.290952877726905,16.092121573842565,16.16502571105957,40378100,0.0,0.0
2010-11-09 00:00:00-05:00,16.231309000686213,16.30421442794497,16.02584974512131,16.138521194458008,51149000,0.0,0.0
2010-11-10 00:00:00-05:00,16.0987560551722,16.244565653546292,15.899923405601218,16.23130989074707,115576200,0.0,0.0
2010-11-11 00:00:00-05:00,13.560336084855669,13.891722612021908,13.421154350232703,13.600103378295898,553080300,0.0,0.0
2010-11-12 00:00:00-05:00,13.666381632369202,13.699519781117315,13.275345409272619,13.354877471923828,234765700,0.0,0.0
2010-11-15 00:00:00-05:00,13.500691082368542,13.500691082368542,13.202442626945093,13.222326278686523,137862000,0.0,0.0
2010-11-16 00:00:00-05:00,13.175927079915505,13.215694371291324,12.818030306507643,12.884307861328125,212301700,0.0,0.0
2010-11-17 00:00:00-05:00,13.003603846372961,13.043369863331968,12.85116513044214,12.864420890808105,112439000,0.0,0.0
2010-11-18 00:00:00-05:00,13.07650889175807,13.12290279206353,12.943955071476616,12.996976852416992,102255900,0.0,0.0
2010-11-19 00:00:00-05:00,13.142786433968286,13.149414314603204,12.924071429571859,12.996976852416992,100759700,0.0,0.0
2010-11-22 00:00:00-05:00,13.023485369848938,13.043369009095665,12.8445364090448,12.963835716247559,65402000,0.0,0.0
2010-11-23 00:00:00-05:00,12.884305092627317,12.884305092627317,12.711983992779729,12.725239753723145,91969500,0.0,0.0
2010-11-24 00:00:00-05:00,12.811402092839613,12.957211698357327,12.804774211115284,12.897562026977539,63880400,0.0,0.0
2010-11-26 00:00:00-05:00,12.91744327545166,13.0698807344105,12.864421495633849,12.91744327545166,26257400,0.0,0.0
2010-11-29 00:00:00-05:00,12.90419024287682,12.950585416148607,12.74512486979119,12.884307861328125,51951000,0.0,0.0
2010-11-30 00:00:00-05:00,12.751756088349651,12.824661544142762,12.678850632556541,12.698734283447266,63406700,0.0,0.0
2010-12-01 00:00:00-05:00,12.818031002548858,12.851169149688952,12.76500920864114,12.80477523803711,79322800,0.0,0.0
2010-12-02 00:00:00-05:00,12.83128682190943,12.85779708690697,12.672221439506332,12.738497734069824,113636300,0.0,0.0
2010-12-03 00:00:00-05:00,12.698728756504057,12.705356637249606,12.592685192853253,12.639079093933105,89385000,0.0,0.0
2010-12-06 00:00:00-05:00,12.798143663818417,12.99034840137441,12.771633406581783,12.877676963806152,79017400,0.0,0.0
2010-12-07 00:00:00-05:00,13.056626274988956,13.056626274988956,12.831283394082542,12.851165771484375,74980300,0.0,0.0
2010-12-08 00:00:00-05:00,12.837915112524215,12.890936908345024,12.798147817554112,12.82465934753418,53976900,0.0,0.0
2010-12-09 00:00:00-05:00,12.91744241339088,13.136157398560519,12.85116487700699,13.056625366210938,91965400,0.0,0.0
2010-12-10 00:00:00-05:00,13.089763502333453,13.096391382385729,12.930698173495431,13.056625366210938,64813100,0.0,0.0
2010-12-13 00:00:00-05:00,13.156041721197896,13.202435619831682,12.963836982127718,12.977092742919922,62987200,0.0,0.0
2010-12-14 00:00:00-05:00,13.023483783328725,13.169294591764455,12.937323885366508,12.950579643249512,57015900,0.0,0.0
2010-12-15 00:00:00-05:00,12.977098376366458,13.036748061686783,12.877682655545742,12.904192924499512,57939500,0.0,0.0
2010-12-16 00:00:00-05:00,12.884301597994359,13.096388659008488,12.877673719320342,13.089760780334473,61253000,0.0,0.0
2010-12-17 00:00:00-05:00,13.056623649649087,13.109645418957625,12.924068594308395,12.957206726074219,115525000,0.0,0.0
2010-12-20 00:00:00-05:00,12.97709431778855,13.069882126316628,12.937328294724958,13.003605842590332,49113500,0.0,0.0
2010-12-21 00:00:00-05:00,13.01685382785091,13.10301497620677,12.924066065749322,12.943949699401855,62386300,0.0,0.0
2010-12-22 00:00:00-05:00,12.950581220888543,12.970463595996467,12.930697581641816,12.963835716247559,42787100,0.0,0.0
2010-12-23 00:00:00-05:00,12.950580711988161,13.096390268318084,12.92406919403431,13.049996376037598,41599200,0.0,0.0
2010-12-27 00:00:00-05:00,13.14941550444738,13.520568004614297,13.129531860743421,13.361502647399902,62054900,0.0,0.0
2010-12-28 00:00:00-05:00,13.500685381065196,13.593473188395294,13.4410357151704,13.48742961883545,57275400,0.0,0.0
2010-12-29 00:00:00-05:00,13.58021650474095,13.593472266071286,13.421151161193848,13.421151161193848,32977000,0.0,0.0
2010-12-30 00:00:00-05:00,13.467548580325042,13.48743222751547,13.394643138099449,13.407898902893066,25576700,0.0,0.0
2010-12-31 00:00:00-05:00,13.414526785289876,13.414526785289876,13.308483195219546,13.407898902893066,28677200,0.0,0.0
2011-01-03 00:00:00-05:00,13.553704245818219,13.666375672218864,13.507309088009537,13.580214500427246,54310200,0.0,0.0
2011-01-04 00:00:00-05:00,13.593475496055861,13.653125172076926,13.52057005555472,13.600103378295898,46273800,0.0,0.0
2011-01-05 00:00:00-05:00,13.63986848196616,13.818817497885492,13.606730337154072,13.765795707702637,69380400,0.0,0.0
2011-01-06 00:00:00-05:00,13.858581212552247,13.891719351836116,13.759165530561654,13.885092735290527,65845400,0.0,0.0
2011-01-07 00:00:00-05:00,13.825444640770531,13.918232452596655,13.80556099646245,13.898348808288574,67732200,0.0,0.0
2011-01-10 00:00:00-05:00,13.878466520953516,13.885094402433877,13.71940115784225,13.779050827026367,40679700,0.0,0.0
2011-01-11 00:00:00-05:00,13.85195033094611,13.891716342299542,13.779046187487937,13.83869457244873,38343800,0.0,0.0
2011-01-12 00:00:00-05:00,13.918234125771033,14.011021948751605,13.891722596839854,13.997767448425293,40646100,0.0,0.0
2011-01-13 00:00:00-05:00,14.037529024896983,14.07066716141007,13.92485759095806,13.971251487731934,35006700,0.0,0.0
2011-01-14 00:00:00-05:00,14.004385617416311,14.077291013852614,13.957991733916307,14.05740737915039,35176400,0.0,0.0
2011-01-18 00:00:00-05:00,14.064037322998045,14.136942730142113,14.057409443790522,14.064037322998047,46668500,0.0,0.0
2011-01-19 00:00:00-05:00,14.130322443811107,14.1369503265801,13.719403825248602,13.798935890197754,53574600,0.0,0.0
2011-01-20 00:00:00-05:00,13.659752127336928,13.858583524487836,13.586846691783304,13.765795707702637,53291700,0.0,0.0
2011-01-21 00:00:00-05:00,13.898347960375201,13.904975841406872,13.706144467012917,13.739282608032227,40172600,0.0,0.0
2011-01-24 00:00:00-05:00,13.812184092791016,14.037526926991418,13.739278686391271,14.030899047851562,44068400,0.0,0.0
2011-01-25 00:00:00-05:00,14.024275297685362,14.296012101729794,13.971253513094718,14.276129722595215,72726400,0.0,0.0
2011-01-26 00:00:00-05:00,14.236363123633028,14.322524317841133,14.090553525001239,14.1965970993042,65525000,0.0,0.0
2011-01-27 00:00:00-05:00,14.163458314988743,14.242990360044761,14.09055288690484,14.20985221862793,36827200,0.0,0.0
2011-01-28 00:00:00-05:00,14.242987164936336,14.296008937792406,13.825440861712133,13.871834754943848,46540500,0.0,0.0
2011-01-31 00:00:00-05:00,13.8718343732207,14.037527566853745,13.726023553774825,14.017643928527832,40390800,0.0,0.0
2011-02-01 00:00:00-05:00,14.097177758247469,14.289381212879672,14.090549878551352,14.229731559753418,40519800,0.0,0.0
2011-02-02 00:00:00-05:00,14.26286601432121,14.375537401822514,14.196588504472498,14.329143524169922,41287400,0.0,0.0
2011-02-03 00:00:00-05:00,14.382172023394967,14.561119740519857,14.349032620861507,14.521353721618652,54002000,0.0,0.0
2011-02-04 00:00:00-05:00,14.514723890919731,14.680417088907717,14.455074238512955,14.614139556884766,60134800,0.0,0.0
2011-02-07 00:00:00-05:00,14.653906208084805,14.806343640323302,14.600884437561037,14.600884437561035,52408400,0.0,0.0
2011-02-08 00:00:00-05:00,14.54786870309326,14.587634731450727,14.388802061384888,14.574378967285156,73163000,0.0,0.0
2011-02-09 00:00:00-05:00,14.527983927758628,14.680421411397823,14.514728164623268,14.60751724243164,125425600,0.0,0.0
2011-02-10 00:00:00-05:00,13.023486237811042,13.056625638764194,12.4535024469446,12.53966236114502,560040200,0.0,0.0
2011-02-11 00:00:00-05:00,12.665594836331598,12.68547722105287,12.33420827348997,12.393857955932617,189326900,0.0,0.0
2011-02-14 00:00:00-05:00,12.486639505859847,12.559544917524393,12.380595960241662,12.466755867004395,109308400,0.0,0.0
2011-02-15 00:00:00-05:00,12.519772859535648,12.539656490799166,12.347451847666708,12.373963356018066,90320500,0.0,0.0
2011-02-16 00:00:00-05:00,12.440248734013988,12.453504496576919,12.301065755381407,12.314321517944336,101531800,0.0,0.0
2011-02-17 00:00:00-05:00,12.347459615623965,12.43362080783278,12.314321473475403,12.380599021911621,89097600,0.0,0.0
2011-02-18 00:00:00-05:00,12.420363545783067,12.605940406171609,12.380597527178,12.493268966674805,90035800,0.0,0.0
2011-02-22 00:00:00-05:00,12.413733521849249,12.420361401162149,12.294434222494493,12.320945739746094,74954500,0.0,0.0
2011-02-23 00:00:00-05:00,12.307695002694258,12.36734467670887,12.122119362772564,12.195023536682129,89185300,0.0,0.0
2011-02-24 00:00:00-05:00,12.188394724755478,12.267928038753405,12.082351148851004,12.168512344360352,71863700,0.0,0.0
2011-02-25 00:00:00-05:00,12.267922217060564,12.39384937774108,12.241410703595806,12.354082107543945,49209600,0.0,0.0
2011-02-28 00:00:00-05:00,12.340833688388884,12.42699362127516,12.267928254619537,12.301066398620605,62256300,0.0,0.0
2011-03-01 00:00:00-05:00,12.373971832389952,12.453505147787345,12.26130037299149,12.301066398620605,61977900,0.0,0.0
2011-03-02 00:00:00-05:00,12.254670299184047,12.340831480796524,12.221532161110902,12.261298179626465,63392600,0.0,0.0
2011-03-03 00:00:00-05:00,12.347461444259002,12.360717208737217,12.261301503429161,12.281185150146484,57031300,0.0,0.0
2011-03-04 00:00:00-05:00,12.281184738765116,12.320950766728446,12.135373862667516,12.195023536682129,57403000,0.0,0.0
2011-03-07 00:00:00-05:00,12.16850729225342,12.175135171013087,11.949792349738866,12.062463760375977,70862500,0.0,0.0
2011-03-08 00:00:00-05:00,12.042582650436774,12.128742564110176,11.943166976463191,12.07572078704834,54964300,0.0,0.0
2011-03-09 00:00:00-05:00,12.002817309906188,12.062466970478738,11.943167649333638,12.009445190429688,53213800,0.0,0.0
2011-03-10 00:00:00-05:00,11.956422525074858,11.976304901034228,11.863633468755316,11.8768892288208,63935800,0.0,0.0
2011-03-11 00:00:00-05:00,11.803989009517844,11.936544140254764,11.77085085890332,11.896778106689453,68251500,0.0,0.0
2011-03-14 00:00:00-04:00,11.803982410021145,11.85037630059885,11.75758851944344,11.830493927001953,45156200,0.0,0.0
2011-03-15 00:00:00-04:00,11.472601526320476,11.585272999164935,11.43283549594576,11.525623321533203,97003700,0.0,0.0
2011-03-16 00:00:00-04:00,11.485856520166863,11.644921895127732,11.273769353552373,11.30027961730957,93486600,0.0,0.0
2011-03-17 00:00:00-04:00,11.35329743469008,11.399692592267991,11.247253888503858,11.26713752746582,83343500,0.0,0.0
2011-03-18 00:00:00-04:00,11.499105317917914,11.54549919949186,11.313528527483673,11.359922409057617,125171000,0.0,0.0
2011-03-21 00:00:00-04:00,11.492485173577492,11.631666911958657,11.465973643901473,11.525623321533203,57397200,0.0,0.0
2011-03-22 00:00:00-04:00,11.545503131507308,11.6714303273364,11.459343216975125,11.565386772155762,63906900,0.0,0.0
2011-03-23 00:00:00-04:00,11.545501979993,11.664801283707382,11.492480207690917,11.651545524597168,52147800,0.0,0.0
2011-03-24 00:00:00-04:00,11.678054528911574,11.691309021029758,11.499105611861895,11.505733489990234,57829100,0.0,0.0
2011-03-25 00:00:00-04:00,11.518994069095708,11.53887771398785,11.399695992160346,11.452717781066895,53219900,0.0,0.0
2011-03-28 00:00:00-04:00,11.505735922628071,11.625035225884435,11.379808739842046,11.393064498901367,63408300,0.0,0.0
2011-03-29 00:00:00-04:00,11.446269593370973,11.60589330404688,11.432968674619984,11.599242210388184,57191900,0.06,0.0
2011-03-30 00:00:00-04:00,11.692359452888827,11.705661645289853,11.50613256497512,11.52608585357666,60260900,0.0,0.0
2011-03-31 00:00:00-04:00,11.519432423635307,11.605895388158416,11.406366348266602,11.406366348266602,64974000,0.0,0.0
2011-04-01 00:00:00-04:00,11.499478764958079,11.506128590294585,11.299949753568708,11.333205223083496,62747100,0.0,0.0
2011-04-04 00:00:00-04:00,11.313254770532993,11.39971647576042,11.306603674966764,11.346508979797363,57644300,0.0,0.0
2011-04-05 00:00:00-04:00,11.413014669169304,11.63249567170847,11.386411564789633,11.452919960021973,103442400,0.0,0.0
2011-04-06 00:00:00-04:00,11.599243571602806,12.098064237445875,11.55933700496744,12.0182523727417,176814200,0.0,0.0
2011-04-07 00:00:00-04:00,12.07810823464001,12.164571174315551,11.785466488037537,11.911834716796875,119269200,0.0,0.0
2011-04-08 00:00:00-04:00,11.95174738198723,11.96504957608013,11.659106723345747,11.738917350769043,82734700,0.0,0.0
2011-04-11 00:00:00-04:00,11.77881937056024,11.81207484649267,11.546037381866716,11.619196891784668,56427900,0.0,0.0
2011-04-12 00:00:00-04:00,11.639147503773957,11.692354984477126,11.546034729685015,11.599242210388184,65853700,0.0,0.0
2011-04-13 00:00:00-04:00,11.639149154441943,11.639149154441943,11.452922311286903,11.472875595092773,60912400,0.0,0.0
2011-04-14 00:00:00-04:00,11.406366008322168,11.452922402339412,11.339856330340421,11.419668197631836,58261800,0.0,0.0
2011-04-15 00:00:00-04:00,11.432973115842168,11.506132637374373,11.286651535643964,11.326558113098145,82667700,0.0,0.0
2011-04-18 00:00:00-04:00,11.226789480021035,11.240091668408501,11.033912822668794,11.127025604248047,86550700,0.0,0.0
2011-04-19 00:00:00-04:00,11.073819526995553,11.14698030386049,10.987357828618812,11.047216415405273,76498000,0.0,0.0
2011-04-20 00:00:00-04:00,11.24009272079963,11.27999802113179,11.166933214951774,11.260046005249023,86372600,0.0,0.0
2011-04-21 00:00:00-04:00,11.266696929931642,11.299951134945179,11.213489440770017,11.26669692993164,57013900,0.0,0.0
2011-04-25 00:00:00-04:00,11.260046597830868,11.413017980960086,11.240093312331394,11.373112678527832,42745400,0.0,0.0
2011-04-26 00:00:00-04:00,11.44627044840151,11.732261154256797,11.3997140578793,11.652450561523438,81600000,0.0,0.0
2011-04-27 00:00:00-04:00,11.705659553324727,11.732262664805543,11.359810224107482,11.432971000671387,97724100,0.0,0.0
2011-04-28 00:00:00-04:00,11.439621663220287,11.559337563208217,11.426319473699422,11.499480247497559,52900000,0.0,0.0
2011-04-29 00:00:00-04:00,11.51943121554584,11.679053669579059,11.47952591917916,11.652450561523438,137455300,0.0,0.0
2011-05-02 00:00:00-04:00,11.645800667971598,11.705659252975883,11.565988798443671,11.692357063293457,46838800,0.0,0.0
2011-05-03 00:00:00-04:00,11.659104175915306,11.685707289721465,11.49948168737803,11.579292297363281,56900000,0.0,0.0
2011-05-04 00:00:00-04:00,11.552688477053202,11.679055479896345,11.492829888941525,11.619196891784668,58190500,0.0,0.0
2011-05-05 00:00:00-04:00,11.625848770141602,11.758868145698722,11.605896751804782,11.625848770141602,67908600,0.0,0.0
2011-05-06 00:00:00-04:00,11.725608738178806,11.772166392018695,11.63914706103744,11.679052352905273,60439500,0.0,0.0
2011-05-09 00:00:00-04:00,11.65910536833429,11.752218179028992,11.619198790693499,11.70566177368164,46982400,0.0,0.0
2011-05-10 00:00:00-04:00,11.738919053757142,11.931797090384228,11.738919053757142,11.832033157348633,68810700,0.0,0.0
2011-05-11 00:00:00-04:00,11.851982489074777,11.965048592435172,11.738916385714381,11.825379371643066,129200000,0.0,0.0
2011-05-12 00:00:00-04:00,11.27999802113179,11.359809890362735,11.067168061271436,11.260046005249023,238300000,0.0,0.0
2011-05-13 00:00:00-04:00,11.21349236485071,11.280000792220822,11.160284861814459,11.22679328918457,80195400,0.0,0.0
2011-05-16 00:00:00-04:00,11.186883845516924,11.220139315481084,11.040563583374023,11.040563583374023,81604100,0.0,0.0
2011-05-17 00:00:00-04:00,10.974055444013356,11.120375726582875,10.947451064328,11.067168235778809,78204700,0.0,0.0
2011-05-18 00:00:00-04:00,11.067169971845386,11.080472163774731,10.867642167172603,11.073821067810059,92724700,0.0,0.0
2011-05-19 00:00:00-04:00,11.140330586682586,11.193538085010635,11.013962302440907,11.080471992492676,68259900,0.0,0.0
2011-05-20 00:00:00-04:00,11.093771944926814,11.120375054437561,10.980705875231362,10.99400806427002,50894200,0.0,0.0
2011-05-23 00:00:00-04:00,10.914197677614297,10.934150963876201,10.78782940175571,10.874292373657227,68300000,0.0,0.0
2011-05-24 00:00:00-04:00,10.907546680308801,10.947451984624825,10.807782785235364,10.821084976196289,42476600,0.0,0.0
2011-05-25 00:00:00-04:00,10.741271293935712,10.814432063359444,10.714668185051243,10.767875671386719,59601900,0.0,0.0
2011-05-26 00:00:00-04:00,10.747922637396886,10.887593085118658,10.741271542879986,10.807781219482422,64698900,0.0,0.0
2011-05-27 00:00:00-04:00,10.801129420020677,10.980705154557123,10.801129420020677,10.947449684143066,49534400,0.0,0.0
2011-05-31 00:00:00-04:00,11.033913845386072,11.18688522032111,10.980706355470987,11.173583030700684,56638700,0.0,0.0
2011-06-01 00:00:00-04:00,11.146981716968943,11.153632812851342,10.880944224507108,10.894245147705078,61885900,0.0,0.0
2011-06-02 00:00:00-04:00,10.847686518017255,10.987356965739028,10.79447903044862,10.807781219482422,62685200,0.0,0.0
2011-06-03 00:00:00-04:00,10.734620720881168,10.767876194309922,10.628205743042358,10.64815902709961,74861100,0.0,0.0
2011-06-06 00:00:00-04:00,10.654812373356782,10.754576277591916,10.56169893092947,10.634859085083008,58219800,0.0,0.0
2011-06-07 00:00:00-04:00,10.668112244021296,10.668112244021296,10.302309650006645,10.315611839294434,107881100,0.0,0.0
2011-06-08 00:00:00-04:00,10.249104483113756,10.362170580539226,10.1160857315201,10.175944328308105,100248400,0.0,0.0
2011-06-09 00:00:00-04:00,10.189243806151476,10.289008325191979,10.142687411169227,10.18259334564209,67591200,0.0,0.0
2011-06-10 00:00:00-04:00,10.182595014991657,10.215849225840259,9.983066578482976,10.05622673034668,78257800,0.0,0.0
2011-06-13 00:00:00-04:00,10.06952772072638,10.162640514846723,10.00301803839756,10.01632022857666,63586100,0.0,0.0
2011-06-14 00:00:00-04:00,10.049574729511024,10.122735509070099,9.923207090528722,10.029622077941895,91526300,0.0,0.0
2011-06-15 00:00:00-04:00,9.949811128453758,9.969763780606584,9.830093946970056,9.869999885559082,92323100,0.0,0.0
2011-06-16 00:00:00-04:00,9.86999853568519,10.04292318878191,9.843394791692102,10.009668350219727,73024300,0.0,0.0
2011-06-17 00:00:00-04:00,10.096130768563219,10.109432323539059,9.909903924635115,9.956460952758789,80876700,0.0,0.0
2011-06-20 00:00:00-04:00,9.936509203706999,10.089481232399296,9.929858742333467,10.069528579711914,54052600,0.0,0.0
2011-06-21 00:00:00-04:00,10.109432345316772,10.355517138591209,10.076177506380596,10.315611839294434,85430700,0.0,0.0
2011-06-22 00:00:00-04:00,10.295661129233121,10.402076767288992,10.195897221767344,10.215849876403809,48404300,0.0,0.0
2011-06-23 00:00:00-04:00,10.096128027629659,10.302306830905701,10.029618367956862,10.289005279541016,63981500,0.0,0.0
2011-06-24 00:00:00-04:00,10.26905779476147,10.26905779476147,9.92320901847489,9.92986011505127,177861600,0.0,0.0
2011-06-27 00:00:00-04:00,9.936507578526268,10.076177393060805,9.936507578526268,10.009668350219727,76915200,0.0,0.0
2011-06-28 00:00:00-04:00,10.029622810463048,10.069528750799227,9.949811564074093,10.062877655029297,52428700,0.0,0.0
2011-06-29 00:00:00-04:00,10.096134913756261,10.242455249982035,10.056228963877878,10.202549934387207,47452800,0.0,0.0
2011-06-30 00:00:00-04:00,10.215849399269826,10.415377839165807,10.202547841561255,10.382122993469238,52609600,0.0,0.0
2011-07-01 00:00:00-04:00,10.395423775402323,10.608253744138134,10.375471124404175,10.548395156860352,65130300,0.0,0.0
2011-07-05 00:00:00-04:00,10.59512700815435,10.628508128197701,10.381488858583953,10.461603164672852,44364600,0.06,0.0
2011-07-06 00:00:00-04:00,10.428226139061259,10.468283626179423,10.314730668367313,10.388169288635254,43221700,0.0,0.0
2011-07-07 00:00:00-04:00,10.44157735945071,10.675243984825785,10.421548300398966,10.615158081054688,70174000,0.0,0.0
2011-07-08 00:00:00-04:00,10.521691634191935,10.615158029208635,10.388167757959462,10.508338928222656,50343200,0.0,0.0
2011-07-11 00:00:00-04:00,10.381493546058689,10.428226753205315,10.234616933565038,10.301379203796387,44407800,0.0,0.0
2011-07-12 00:00:00-04:00,10.30137766276924,10.655216114001915,10.294701309406411,10.414873123168945,88242600,0.0,0.0
2011-07-13 00:00:00-04:00,10.48163473875027,10.581778129040261,10.348110855055712,10.394844055175781,47732700,0.0,0.0
2011-07-14 00:00:00-04:00,10.388169900420262,10.521693804190765,10.281350140711664,10.301379203796387,50153300,0.0,0.0
2011-07-15 00:00:00-04:00,10.361463250563352,10.481634423933048,10.31472941515484,10.408196449279785,54798300,0.0,0.0
2011-07-18 00:00:00-04:00,10.341435102372497,10.37481623440808,10.194559140123353,10.308053970336914,45271200,0.0,0.0
2011-07-19 00:00:00-04:00,10.381489485282936,10.481632214766394,10.294698822607696,10.454927444458008,58280600,0.0,0.0
2011-07-20 00:00:00-04:00,10.44157921972742,10.648541106597998,10.401521731179336,10.561750411987305,60146400,0.0,0.0
2011-07-21 00:00:00-04:00,10.561750206805083,10.995703034736007,10.561750206805083,10.915589332580566,93220600,0.0,0.0
2011-07-22 00:00:00-04:00,10.975673683098181,11.015730528472336,10.84882552046518,10.989025115966797,48364800,0.0,0.0
2011-07-25 00:00:00-04:00,10.908914239435813,10.935618385446174,10.788742398927972,10.868857383728027,33870200,0.0,0.0
2011-07-26 00:00:00-04:00,10.855504040565517,10.942294101765228,10.81544718719522,10.875533103942871,40154000,0.0,0.0
2011-07-27 00:00:00-04:00,10.628509428763445,10.688595324855553,10.401518548723033,10.474956512451172,80752600,0.0,0.0
2011-07-28 00:00:00-04:00,10.65521464626569,10.882204899105512,10.56842397458046,10.68859577178955,79457800,0.0,0.0
2011-07-29 00:00:00-04:00,10.615158102731757,10.768710402289624,10.548396482499145,10.66189193725586,66844900,0.0,0.0
2011-08-01 00:00:00-04:00,10.735330188468817,10.848825646164054,10.381491745667711,10.568425178527832,60652700,0.0,0.0
2011-08-02 00:00:00-04:00,10.421547194960356,10.555071694373781,10.314728104783214,10.321404457092285,56227200,0.0,0.0
2011-08-03 00:00:00-04:00,10.33475812541682,10.374815608782388,10.134472618665287,10.341434478759766,70369500,0.0,0.0
2011-08-04 00:00:00-04:00,10.194557344475237,10.227937833939114,9.8874521298866,9.89412784576416,92196500,0.0,0.0
2011-08-05 00:00:00-04:00,9.954211885764723,10.201231154460627,9.587020840036034,9.97424030303955,122400100,0.0,0.0
2011-08-08 00:00:00-04:00,9.620406054623928,9.767282662767885,9.306624412536621,9.306624412536621,125326200,0.0,0.0
2011-08-09 00:00:00-04:00,9.39341163113944,9.426792752915928,8.879344647872536,9.386735916137695,144579300,0.0,0.0
2011-08-10 00:00:00-04:00,9.299944458593197,9.500229898733982,9.146391566234456,9.166419982910156,146477100,0.0,0.0
2011-08-11 00:00:00-04:00,10.31472889616978,10.842148671904136,10.254642994162113,10.628510475158691,286920000,0.0,0.0
2011-08-12 00:00:00-04:00,10.641861300497672,10.81544327010657,10.44157583280027,10.67524242401123,95554300,0.0,0.0
2011-08-15 00:00:00-04:00,10.688596413879393,10.728653257560726,10.568424609451291,10.701949119567871,65125900,0.0,0.0
2011-08-16 00:00:00-04:00,10.588454912573582,10.72197880972169,10.481635794855094,10.68192195892334,58987000,0.0,0.0
2011-08-17 00:00:00-04:00,10.66189189863602,10.728653518626805,10.448253059266133,10.581777572631836,54508900,0.0,0.0
2011-08-18 00:00:00-04:00,10.274672713564382,10.328082266186417,9.947538407889306,10.020977020263672,104626600,0.0,0.0
2011-08-19 00:00:00-04:00,9.960889877140232,10.321404630905167,9.94753717229723,10.067708969116211,90584300,0.0,0.0
2011-08-22 00:00:00-04:00,10.167852971628223,10.281348430123069,9.9809195374511,10.020977020263672,68733900,0.0,0.0
2011-08-23 00:00:00-04:00,10.020977762892034,10.308053970336914,10.020977762892034,10.308053970336914,57774500,0.0,0.0
2011-08-24 00:00:00-04:00,10.254642207385572,10.388166706798998,10.121118344664145,10.321404457092285,59278900,0.0,0.0
2011-08-25 00:00:00-04:00,10.361462108742165,10.374814176893157,10.027652127971225,10.067708969116211,54369300,0.0,0.0
2011-08-26 00:00:00-04:00,10.067709997704515,10.381491589961104,10.027653152467039,10.227938652038574,49949400,0.0,0.0
2011-08-29 00:00:00-04:00,10.354786629728327,10.521691634191935,10.281348020281419,10.508338928222656,39188200,0.0,0.0
2011-08-30 00:00:00-04:00,10.461607925685906,10.535045913848926,10.274674459739545,10.434903144836426,51028200,0.0,0.0
2011-08-31 00:00:00-04:00,10.501659999371347,10.648536545546948,10.374812507236902,10.461603164672852,50687300,0.0,0.0
2011-09-01 00:00:00-04:00,10.47495971737661,10.68192224093937,10.421550157107287,10.561750411987305,73754200,0.0,0.0
2011-09-02 00:00:00-04:00,10.354787162239372,10.4949873986665,10.214586925812243,10.28802490234375,55499700,0.0,0.0
2011-09-06 00:00:00-04:00,10.081059864253222,10.20790735403061,10.020973976630076,10.201231002807617,62388100,0.0,0.0
2011-09-07 00:00:00-04:00,10.29469860907949,10.621832197744933,10.288022257467885,10.60180377960205,58515000,0.0,0.0
2011-09-08 00:00:00-04:00,10.58177987466374,10.982352228519934,10.561750811286386,10.875533103942871,103787400,0.0,0.0
2011-09-09 00:00:00-04:00,10.782065007271305,10.802094069891435,10.494988779996742,10.561750411987305,79002800,0.0,0.0
2011-09-12 00:00:00-04:00,10.381489670587076,10.748680746400503,10.381489670587076,10.74200439453125,53937300,0.0,0.0
2011-09-13 00:00:00-04:00,10.73533159265432,11.015732096967035,10.641864545652691,10.915589332580566,82622700,0.0,0.0
2011-09-14 00:00:00-04:00,10.942289961994986,11.12254764404148,10.888880419912757,10.902233123779297,79447500,0.0,0.0
2011-09-15 00:00:00-04:00,10.995700275951021,11.149253834427483,10.895557536690035,11.12922477722168,47652400,0.0,0.0
2011-09-16 00:00:00-04:00,11.162607164755707,11.242722133823532,11.035760267692652,11.095846176147461,62292100,0.0,0.0
2011-09-19 00:00:00-04:00,10.98235258441852,11.069142648430784,10.788742118983116,11.022409439086914,42149400,0.0,0.0
2011-09-20 00:00:00-04:00,10.982347525403082,11.129223440451815,10.90223257958677,11.035757064819336,48832400,0.0,0.0
2011-09-21 00:00:00-04:00,11.035758059936983,11.082491251967253,10.568423592866324,10.57509994506836,70842500,0.0,0.0
2011-09-22 00:00:00-04:00,10.341433468537303,10.488310044273666,9.987595052923922,10.234614372253418,92151700,0.0,0.0
2011-09-23 00:00:00-04:00,10.121116240838925,10.575097916416903,10.094411473845625,10.421545028686523,66118200,0.0,0.0
2011-09-26 00:00:00-04:00,10.448251548149402,10.695271480134549,10.348108814300701,10.67524242401123,53217300,0.0,0.0
2011-09-27 00:00:00-04:00,10.788737895600711,10.922262390071513,10.66189038988382,10.728652000427246,64908200,0.0,0.0
2011-09-28 00:00:00-04:00,10.802090826401653,10.922262619270336,10.555071525154242,10.57509994506836,47967800,0.0,0.0
2011-09-29 00:00:00-04:00,10.742006224640201,10.848825325979112,10.36813873326195,10.581777572631836,59527500,0.0,0.0
2011-09-30 00:00:00-04:00,10.434898953700712,10.528365967479337,10.334755588218199,10.348108291625977,50447300,0.0,0.0
2011-10-03 00:00:00-04:00,10.214585261106137,10.328080702416694,10.12779459206324,10.141146659851074,79202800,0.0,0.0
2011-10-04 00:00:00-04:00,10.020500390189065,10.469579728756642,10.00709537071831,10.442769050598145,80847200,0.06,0.0
2011-10-05 00:00:00-04:00,10.436065005411196,11.072819656120796,10.389146483904268,10.831522941589355,119792300,0.0,0.0
2011-10-06 00:00:00-04:00,10.86503331324454,11.233681129027113,10.838223283577436,11.226978302001953,74775100,0.0,0.0
2011-10-07 00:00:00-04:00,11.23368350010599,11.354331855156884,11.059413795969565,11.166656494140625,58373900,0.0,0.0
2011-10-10 00:00:00-04:00,11.33422188475623,11.488383083373737,11.294006197819845,11.454870223999023,48940100,0.0,0.0
2011-10-11 00:00:00-04:00,11.39454882223185,11.461575835696474,11.300711770441746,11.387845993041992,53682000,0.0,0.0
2011-10-12 00:00:00-04:00,11.481683944776085,11.662656511785167,11.401252545061416,11.562116622924805,70255500,0.0,0.0
2011-10-13 00:00:00-04:00,11.508491910470495,11.682761596988339,11.508491910470495,11.676058769226074,44234300,0.0,0.0
2011-10-14 00:00:00-04:00,11.756491581075004,11.843625786281711,11.629140408757179,11.763193130493164,43852200,0.0,0.0
2011-10-17 00:00:00-04:00,11.642546474680605,11.709572198693373,11.407952605334708,11.508492469787598,37621700,0.0,0.0
2011-10-18 00:00:00-04:00,11.515198033418121,11.843629017150718,11.374441166998984,11.7363862991333,42784700,0.0,0.0
2011-10-19 00:00:00-04:00,11.662655058179892,11.756493384063289,11.428061161122232,11.501791000366211,35829200,0.0,0.0
2011-10-20 00:00:00-04:00,11.528603006283161,11.568818703536452,11.260494948770651,11.521900177001953,39739700,0.0,0.0
2011-10-21 00:00:00-04:00,11.615735260878234,11.796707785489074,11.521898223717242,11.649248123168945,46176900,0.0,0.0
2011-10-24 00:00:00-04:00,11.649250528070473,11.843628749099041,11.568819130594798,11.756494522094727,37792500,0.0,0.0
2011-10-25 00:00:00-04:00,11.756493507367715,11.890546251068143,11.722979362617181,11.810114860534668,44039200,0.0,0.0
2011-10-26 00:00:00-04:00,11.903955203672533,11.9910894472726,11.595631378801146,11.803415298461914,44776600,0.0,0.0
2011-10-27 00:00:00-04:00,12.091626825872224,12.453570626419266,12.058112682392222,12.359733581542969,105736800,0.0,0.0
2011-10-28 00:00:00-04:00,12.252492360941067,12.466977791414907,12.20557255439516,12.440166473388672,47736100,0.0,0.0
2011-10-31 00:00:00-04:00,12.292707057056347,12.433462629913206,12.205571559011135,12.420058250427246,50718200,0.0,0.0
2011-11-01 00:00:00-04:00,12.098328126961725,12.098328126961725,11.749789990985045,11.790005683898926,67814500,0.0,0.0
2011-11-02 00:00:00-04:00,11.8905474201894,12.024601455504403,11.79000753292016,11.964277267456055,38986200,0.0,0.0
2011-11-03 00:00:00-04:00,12.051408001536068,12.19886765331755,11.870435489858973,12.18546199798584,39658500,0.0,0.0
2011-11-04 00:00:00-04:00,12.118433739589392,12.131839393527073,11.897245563351742,12.084920883178711,39823600,0.0,0.0
2011-11-07 00:00:00-05:00,12.064816069004294,12.225680129845614,11.924060495180855,12.071518898010254,44475200,0.0,0.0
2011-11-08 00:00:00-05:00,12.165353672081732,12.292704842510158,12.038002501653304,12.27259635925293,50448200,0.0,0.0
2011-11-09 00:00:00-05:00,12.091630630917475,12.091630630917475,11.689469731640745,11.803415298461914,80049500,0.0,0.0
2011-11-10 00:00:00-05:00,12.5272989799764,12.67475735852268,12.34632646191935,12.473677635192871,148101900,0.0,0.0
2011-11-11 00:00:00-05:00,12.594330031201075,12.835625521116489,12.574221541027242,12.748491287231445,80558400,0.0,0.0
2011-11-14 00:00:00-05:00,12.701567100144935,12.802106949382539,12.641242934915665,12.694864273071289,46650700,0.0,0.0
2011-11-15 00:00:00-05:00,12.607733543373287,12.862435954272803,12.594329162615965,12.81551742553711,45564300,0.0,0.0
2011-11-16 00:00:00-05:00,12.701568628477384,12.83562135077974,12.580920283501676,12.601027488708496,54561100,0.0,0.0
2011-11-17 00:00:00-05:00,12.601028672506239,12.614434329525972,12.212273567970705,12.386543273925781,55373800,0.0,0.0
2011-11-18 00:00:00-05:00,12.373134950482356,12.487080453727074,12.212270936213379,12.346324920654297,38219600,0.0,0.0
2011-11-21 00:00:00-05:00,12.151949737493853,12.27259809725567,11.91735712510571,12.064815521240234,54357100,0.0,0.0
2011-11-22 00:00:00-05:00,11.997788571656773,12.151949797251028,11.863735832266325,12.011194229125977,39697900,0.0,0.0
2011-11-23 00:00:00-05:00,11.877141812197115,11.930763170867579,11.662656377515258,11.66935920715332,47636000,0.0,0.0
2011-11-25 00:00:00-05:00,11.562116963522776,11.930763659681752,11.542008473784726,11.729683876037598,24466200,0.0,0.0
2011-11-28 00:00:00-05:00,12.01119471539052,12.131843080629988,11.957573361776745,12.071518898010254,45992200,0.0,0.0
2011-11-29 00:00:00-05:00,12.071517619136957,12.165354658411356,11.836923742517179,11.850329399108887,53296800,0.0,0.0
2011-11-30 00:00:00-05:00,12.2256809788163,12.594328929140167,12.172059621478974,12.49378776550293,74532800,0.0,0.0
2011-12-01 00:00:00-05:00,12.520601208258334,12.547411252259925,12.279304420072917,12.453574180603027,41438400,0.0,0.0
2011-12-02 00:00:00-05:00,12.520597637576799,12.721677384763654,12.42005776398337,12.433462142944336,46249200,0.0,0.0
2011-12-05 00:00:00-05:00,12.627838880467216,12.661351741647323,12.5071905347249,12.59432601928711,43528500,0.0,0.0
2011-12-06 00:00:00-05:00,12.587620845709893,12.66134938225384,12.540701058993875,12.554106712341309,29136200,0.0,0.0
2011-12-07 00:00:00-05:00,12.574218978631933,12.7685958969654,12.446867790351062,12.72838020324707,54876800,0.0,0.0
2011-12-08 00:00:00-05:00,12.647949939813476,12.782002690265577,12.366437501899908,12.446868896484375,47298800,0.0,0.0
2011-12-09 00:00:00-05:00,12.453569058986481,12.708270125208005,12.39324488674886,12.654648780822754,44018700,0.0,0.0
2011-12-12 00:00:00-05:00,12.48038243263273,12.534003785878282,12.239085703810796,12.420058250427246,44118300,0.0,0.0
2011-12-13 00:00:00-05:00,12.44686594201451,12.634541282220358,12.292704740292024,12.379838943481445,48006900,0.0,0.0
2011-12-14 00:00:00-05:00,12.373134887245216,12.39994619536979,11.984379868473667,12.051406860351562,59671000,0.0,0.0
2011-12-15 00:00:00-05:00,12.178762299825157,12.2323836564971,12.01789822980933,12.091628074645996,39810900,0.0,0.0
2011-12-16 00:00:00-05:00,12.192168847967684,12.42005995005561,12.024601936340332,12.024601936340332,94963600,0.0,0.0
2011-12-19 00:00:00-05:00,12.038006939193197,12.07152109030948,11.810117103773205,11.857035636901855,39711600,0.0,0.0
2011-12-20 00:00:00-05:00,12.011193487785922,12.38654292471973,12.004490659465024,12.339624404907227,44825500,0.0,0.0
2011-12-21 00:00:00-05:00,12.218976806163184,12.299409472544541,11.944167220213822,12.011194229125977,57677700,0.0,0.0
2011-12-22 00:00:00-05:00,12.071522283444061,12.212277896742124,12.044710959901035,12.15195369720459,37599700,0.0,0.0
2011-12-23 00:00:00-05:00,12.165353570922568,12.39324459887479,12.151947915529222,12.379838943481445,23341700,0.0,0.0
2011-12-27 00:00:00-05:00,12.38654715294772,12.493789885822522,12.373141491729815,12.453574180603027,22932400,0.0,0.0
2011-12-28 00:00:00-05:00,12.413352877491027,12.460271392161228,12.138543338622444,12.172056198120117,26740600,0.0,0.0
2011-12-29 00:00:00-05:00,12.165355763738287,12.245788432162755,12.158652934833423,12.232382774353027,17640100,0.0,0.0
2011-12-30 00:00:00-05:00,12.192163771849613,12.259190764281172,12.09832547107201,12.118433952331543,20775000,0.0,0.0
2012-01-03 00:00:00-05:00,12.474861833781707,12.683337545864852,12.427787086759917,12.528661727905273,41236600,0.06,0.0
2012-01-04 00:00:00-05:00,12.400889241882016,12.777488545110804,12.340364193526753,12.770763397216797,52927700,0.0,0.0
2012-01-05 00:00:00-05:00,12.730411364873252,12.777486108463416,12.555561401045095,12.723686218261719,37865300,0.0,0.0
2012-01-06 00:00:00-05:00,12.743862086012493,12.777486537508642,12.663161606654889,12.67661190032959,27796900,0.0,0.0
2012-01-09 00:00:00-05:00,12.69006006823381,12.844734571510825,12.636260185237875,12.757308959960938,37811500,0.0,0.0
2012-01-10 00:00:00-05:00,12.83128319725861,12.945608099313406,12.62280882857879,12.663158416748047,45488300,0.0,0.0
2012-01-11 00:00:00-05:00,12.737135829517321,12.871634906474979,12.690061088447615,12.824560165405273,32482200,0.0,0.0
2012-01-12 00:00:00-05:00,12.858178973694562,12.911978832049359,12.750577974295165,12.878353118896484,31101700,0.0,0.0
2012-01-13 00:00:00-05:00,12.78420945481951,12.891809220070849,12.69678384387131,12.81783390045166,32143700,0.0,0.0
2012-01-17 00:00:00-05:00,12.932161068373006,12.992686107226406,12.85146187169554,12.985960960388184,40402800,0.0,0.0
2012-01-18 00:00:00-05:00,13.026310570701293,13.201159240676187,12.999409985972553,13.14063549041748,56573500,0.0,0.0
2012-01-19 00:00:00-05:00,13.234785315768027,13.41636041933759,13.180985427601918,13.308760643005371,52482100,0.0,0.0
2012-01-20 00:00:00-05:00,13.281863781220984,13.402913884204423,13.228063877971774,13.396188735961914,42046700,0.0,0.0
2012-01-23 00:00:00-05:00,13.349112182795789,13.497061576129237,13.15408675810603,13.335661888122559,50013100,0.0,0.0
2012-01-24 00:00:00-05:00,13.281864679675133,13.355840032655948,13.154089419805802,13.328939437866211,30828500,0.0,0.0
2012-01-25 00:00:00-05:00,13.315486446112711,13.362562477469021,13.100286862103804,13.335661888122559,37205000,0.0,0.0
2012-01-26 00:00:00-05:00,13.42981138545378,13.44326168012701,13.25496140277387,13.335661888122559,36818500,0.0,0.0
2012-01-27 00:00:00-05:00,13.167529724443387,13.241505021284805,13.019580413450534,13.15407943725586,43539600,0.0,0.0
2012-01-30 00:00:00-05:00,13.046479705135605,13.201154159722222,12.959055403796643,13.15407943725586,31384800,0.0,0.0
2012-01-31 00:00:00-05:00,13.241511641290623,13.268410946423824,13.07338681546359,13.214611053466797,40629600,0.0,0.0
2012-02-01 00:00:00-05:00,13.342386542637517,13.416361877917197,13.248237048783851,13.315485954284668,57074800,0.0,0.0
2012-02-02 00:00:00-05:00,13.335661395549304,13.43653603649118,13.315485954284668,13.315485954284668,36405200,0.0,0.0
2012-02-03 00:00:00-05:00,13.443261209991832,13.584486733740452,13.389461315871086,13.51051139831543,54491000,0.0,0.0
2012-02-06 00:00:00-05:00,13.476887955063098,13.584487751364975,13.396187466491314,13.577762603759766,37141900,0.0,0.0
2012-02-07 00:00:00-05:00,13.510512573181192,13.67191226957865,13.4499875266958,13.584487915039062,61422400,0.0,0.0
2012-02-08 00:00:00-05:00,13.597932189873635,13.752607967382852,13.51050786579479,13.739157676696777,91349200,0.0,0.0
2012-02-09 00:00:00-05:00,13.604660029602382,13.779509995079206,13.362561162757265,13.44998550415039,131157200,0.0,0.0
2012-02-10 00:00:00-05:00,13.3087602563086,13.490334071911875,13.26840937933856,13.382734298706055,63115200,0.0,0.0
2012-02-13 00:00:00-05:00,13.456708285979161,13.490332730754238,13.382732968245577,13.470158576965332,50426600,0.0,0.0
2012-02-14 00:00:00-05:00,13.382736788791561,13.497061729431152,13.335662039591268,13.497061729431152,31854000,0.0,0.0
2012-02-15 00:00:00-05:00,13.510508714711099,13.59120789851754,13.349109064407813,13.389458656311035,44880700,0.0,0.0
2012-02-16 00:00:00-05:00,13.43653706943183,13.631562501910704,13.389462318886103,13.577762603759766,42558500,0.0,0.0
2012-02-17 00:00:00-05:00,13.584484011738102,13.685358632665332,13.449983662041527,13.64500904083252,54249700,0.0,0.0
2012-02-21 00:00:00-05:00,13.651733436341987,13.77950864526819,13.56430910351276,13.692084312438965,41222900,0.0,0.0
2012-02-22 00:00:00-05:00,13.725712441851222,13.759336898261594,13.483612251086008,13.530688285827637,36219200,0.0,0.0
2012-02-23 00:00:00-05:00,13.503785399402734,13.618110327534101,13.396185617948575,13.604660034179688,30008000,0.0,0.0
2012-02-24 00:00:00-05:00,13.631562638087962,13.671912241431563,13.523962840711178,13.544137001037598,27220500,0.0,0.0
2012-02-27 00:00:00-05:00,13.443256221628733,13.624831277918544,13.429805932416855,13.564306259155273,37170200,0.0,0.0
2012-02-28 00:00:00-05:00,13.557587324294104,13.597936927720777,13.463437822068279,13.584487915039062,34349100,0.0,0.0
2012-02-29 00:00:00-05:00,13.571034207942782,13.584484499933891,13.342384374855683,13.369283676147461,46229800,0.0,0.0
2012-03-01 00:00:00-05:00,13.389459114134125,13.423083561421457,13.275134197590576,13.369283676147461,43149300,0.0,0.0
2012-03-02 00:00:00-05:00,13.342390340542542,13.376014802864136,13.254964686200765,13.288590431213379,27449600,0.0,0.0
2012-03-05 00:00:00-05:00,13.268411708158444,13.281862002842534,13.086836577995335,13.180987358093262,31971300,0.0,0.0
2012-03-06 00:00:00-05:00,13.06666203074335,13.133912219476608,12.9926866948677,13.100286483764648,36742300,0.0,0.0
2012-03-07 00:00:00-05:00,13.113739125606918,13.133914570645803,13.046488924834858,13.053214073181152,34751400,0.0,0.0
2012-03-08 00:00:00-05:00,13.160812599068144,13.302038135198806,13.133913290994684,13.234787940979004,36655500,0.0,0.0
2012-03-09 00:00:00-05:00,13.268411207357836,13.376010995387924,13.234786754607427,13.315485954284668,26274400,0.0,0.0
2012-03-12 00:00:00-04:00,13.328936740785942,13.369286342114938,13.22133694878149,13.335661888122559,26316200,0.0,0.0
2012-03-13 00:00:00-04:00,13.382735162597047,13.59793472290039,13.376010016001247,13.59793472290039,33326000,0.0,0.0
2012-03-14 00:00:00-04:00,13.557587324294104,13.705536725319082,13.490337130122471,13.584487915039062,41190400,0.0,0.0
2012-03-15 00:00:00-04:00,13.490333277414289,13.584484035442337,13.315483335579795,13.389458656311035,55020200,0.0,0.0
2012-03-16 00:00:00-04:00,13.456708285979161,13.483607585261153,13.382732968245577,13.470158576965332,56363000,0.0,0.0
2012-03-19 00:00:00-04:00,13.409637895662,13.638287785760356,13.409637895662,13.544137001037598,30276500,0.0,0.0
2012-03-20 00:00:00-04:00,13.476886326098656,13.880384872114059,13.456710885721646,13.8333101272583,61659600,0.0,0.0
2012-03-21 00:00:00-04:00,13.826585408639115,13.887110448953846,13.685361169698497,13.786235809326172,39135200,0.0,0.0
2012-03-22 00:00:00-04:00,13.685358872723837,13.83330823383297,13.631558988439568,13.705533027648926,32211700,0.0,0.0
2012-03-23 00:00:00-04:00,13.67863745582119,13.846762300378785,13.618112409165194,13.806412696838379,27646700,0.0,0.0
2012-03-26 00:00:00-04:00,13.920737355528388,14.028337151212273,13.887111617695458,14.014886856079102,29098800,0.0,0.0
2012-03-27 00:00:00-04:00,14.075408604971342,14.156107791488818,14.041782875013691,14.061958312988281,44476400,0.0,0.0
2012-03-28 00:00:00-04:00,14.021612149816022,14.196462140297774,13.940911660866462,14.176286697387695,39839300,0.0,0.0
2012-03-29 00:00:00-04:00,14.095585065027407,14.283885335507936,14.02161101240595,14.142661094665527,36518000,0.0,0.0
2012-03-30 00:00:00-04:00,14.203187808036068,14.250262560525977,14.109037020365445,14.22336196899414,35673900,0.0,0.0
2012-04-02 00:00:00-04:00,14.216636521730324,14.324236320210172,14.156111474749062,14.250262260437012,30716500,0.0,0.0
2012-04-03 00:00:00-04:00,14.250256435097326,14.304260196093926,13.926232581566502,14.054491996765137,64106700,0.08,0.0
2012-04-04 00:00:00-04:00,13.932986293501639,14.02074322924547,13.669718061373157,13.743973731994629,43848100,0.0,0.0
2012-04-05 00:00:00-04:00,13.62246431941228,13.750723757307599,13.548208652070027,13.649465560913086,30611900,0.0,0.0
2012-04-09 00:00:00-04:00,13.480704833616933,13.608964283087595,13.413201079997018,13.473954200744629,26416300,0.0,0.0
2012-04-10 00:00:00-04:00,13.46045117384492,13.568458700235647,13.176931095181443,13.197181701660156,44896400,0.0,0.0
2012-04-11 00:00:00-04:00,13.284941340200414,13.527958968086276,13.244438831403283,13.514457702636719,40610100,0.0,0.0
2012-04-12 00:00:00-04:00,13.561709071736047,13.689968501641127,13.487453409019732,13.541457176208496,32041300,0.0,0.0
2012-04-13 00:00:00-04:00,13.514460275206716,13.527961543226333,13.359199555636494,13.399702072143555,27901500,0.0,0.0
2012-04-16 00:00:00-04:00,13.446947792855122,13.47394902642365,13.2106808832629,13.31868839263916,35250100,0.0,0.0
2012-04-17 00:00:00-04:00,13.372697970261022,13.602214349512687,13.332195458496503,13.554961204528809,28770700,0.0,0.0
2012-04-18 00:00:00-04:00,13.467202801043552,13.602211575239776,13.419948378145934,13.541457176208496,27563400,0.0,0.0
2012-04-19 00:00:00-04:00,13.514459348149362,13.71022257079779,13.352448005682895,13.440203666687012,34583500,0.0,0.0
2012-04-20 00:00:00-04:00,13.453704933780473,13.527960615242824,13.392950519411587,13.440203666687012,34257200,0.0,0.0
2012-04-23 00:00:00-04:00,13.34569799784478,13.352448631708013,13.217438529546872,13.284943580627441,27406400,0.0,0.0
2012-04-24 00:00:00-04:00,13.33894767324896,13.399702091874907,13.062178116198218,13.109431266784668,67526600,0.0,0.0
2012-04-25 00:00:00-04:00,13.224184179079618,13.291689204716853,13.008169127081484,13.156679153442383,48461800,0.0,0.0
2012-04-26 00:00:00-04:00,13.149933545889926,13.278193014845458,13.075679148117155,13.230939865112305,43037600,0.0,0.0
2012-04-27 00:00:00-04:00,13.257938064819555,13.521207576096204,13.217435558296788,13.487454414367676,47505900,0.0,0.0
2012-04-30 00:00:00-04:00,13.399701380424016,13.61571650737959,13.379449479440037,13.608965873718262,36405500,0.0,0.0
2012-05-01 00:00:00-04:00,13.575211347310383,13.608963221487443,13.487454414367676,13.487454414367676,31761800,0.0,0.0
2012-05-02 00:00:00-04:00,13.440206074748046,13.460457979016743,13.251192164229321,13.392952919006348,32168300,0.0,0.0
2012-05-03 00:00:00-04:00,13.446949284979036,13.467201178065963,13.264686109850338,13.311939239501953,29626200,0.0,0.0
2012-05-04 00:00:00-04:00,13.176937472352218,13.183688106962617,12.846164101754118,12.9069185256958,41733900,0.0,0.0
2012-05-07 00:00:00-04:00,12.839410818323463,13.001422152893747,12.82590955188803,12.879913330078125,34078500,0.0,0.0
2012-05-08 00:00:00-04:00,12.758404529190793,12.758404529190793,12.569391948976417,12.630145072937012,52278000,0.0,0.0
2012-05-09 00:00:00-04:00,12.542387657413801,12.751652107973877,12.474882622137548,12.677397727966309,78275200,0.0,0.0
2012-05-10 00:00:00-04:00,11.590573797533773,11.69183073640691,11.31380423042301,11.347556114196777,198450600,0.0,0.0
2012-05-11 00:00:00-04:00,11.31380635240724,11.469067106969757,11.138293691250977,11.145044326782227,75215300,0.0,0.0
2012-05-14 00:00:00-04:00,11.07078578019466,11.361056595728131,11.050535166353926,11.280050277709961,57497300,0.0,0.0
2012-05-15 00:00:00-04:00,11.30030058038805,11.31380184607294,11.145039887666515,11.165291786193848,66148000,0.0,0.0
2012-05-16 00:00:00-04:00,11.361055398515061,11.401557909480172,11.212545333275246,11.266549110412598,57794300,0.0,0.0
2012-05-17 00:00:00-04:00,11.266549471689958,11.34080386291513,11.172041893005371,11.172041893005371,41625200,0.0,0.0
2012-05-18 00:00:00-04:00,11.212543833151527,11.232794442148954,11.05053252341493,11.118036270141602,57520600,0.0,0.0
2012-05-21 00:00:00-04:00,11.14503849884976,11.273297931770285,11.050532225935372,11.253046035766602,37628500,0.0,0.0
2012-05-22 00:00:00-04:00,11.24629354797595,11.354301067070102,11.219292311978007,11.293546676635742,42979200,0.0,0.0
2012-05-23 00:00:00-04:00,11.178792167844646,11.313802254463829,11.091036512828303,11.266549110412598,42459500,0.0,0.0
2012-05-24 00:00:00-04:00,11.266548629586758,11.273299262384779,11.03703226466025,11.064033508300781,52604300,0.0,0.0
2012-05-25 00:00:00-04:00,11.111282765978713,11.178787782808516,11.01677651494765,11.023527145385742,41838300,0.0,0.0
2012-05-29 00:00:00-04:00,11.14503950061327,11.232795149414281,11.064033196868747,11.199043273925781,37091400,0.0,0.0
2012-05-30 00:00:00-04:00,11.111286650335376,11.12478791593142,11.03703226466025,11.064033508300781,36488300,0.0,0.0
2012-05-31 00:00:00-04:00,11.043779036700013,11.151786548607257,10.97627401987021,11.023527145385742,51969400,0.0,0.0
2012-06-01 00:00:00-04:00,10.854769320948568,10.902022464198494,10.76026239067292,10.773763656616211,48493800,0.0,0.0
2012-06-04 00:00:00-04:00,10.787265933641143,10.888522868646307,10.746763417149433,10.875022888183594,29743500,0.0,0.0
2012-06-05 00:00:00-04:00,10.841267292664776,10.98977863249471,10.787263520240664,10.881771087646484,34648800,0.0,0.0
2012-06-06 00:00:00-04:00,10.99653022472584,11.266549110412598,10.95602642620912,11.266549110412598,33224400,0.0,0.0
2012-06-07 00:00:00-04:00,11.394807004662075,11.421809536362627,11.158541290040146,11.192293167114258,34270300,0.0,0.0
2012-06-08 00:00:00-04:00,11.178788526654307,11.327299831072159,11.131535397994515,11.293546676635742,29773800,0.0,0.0
2012-06-11 00:00:00-04:00,11.388057821935904,11.401557800427412,11.104537672788698,11.124788284301758,31130800,0.0,0.0
2012-06-12 00:00:00-04:00,11.185542642536685,11.367805870626142,11.145040132145114,11.334053993225098,32713000,0.0,0.0
2012-06-13 00:00:00-04:00,11.300302574696758,11.374558261516935,11.178793737191667,11.246298789978027,39106800,0.0,0.0
2012-06-14 00:00:00-04:00,11.259797873744734,11.502815501611654,11.205794099502256,11.421809196472168,39580100,0.0,0.0
2012-06-15 00:00:00-04:00,11.455558019302885,11.59056806270075,11.42855678315403,11.543314933776855,42601400,0.0,0.0
2012-06-18 00:00:00-04:00,11.529818567871253,11.644576767224228,11.496066686465213,11.570321083068848,35400800,0.0,0.0
2012-06-19 00:00:00-04:00,11.664829426085333,11.71883321237292,11.55007121928023,11.59732437133789,41827300,0.0,0.0
2012-06-20 00:00:00-04:00,11.725581150476348,11.901092449890871,11.678326721732327,11.820087432861328,46238300,0.0,0.0
2012-06-21 00:00:00-04:00,11.820087956758416,11.84708920111452,11.388057746648059,11.428560256958008,44123400,0.0,0.0
2012-06-22 00:00:00-04:00,11.462309313255819,11.60406999577873,11.442058706860598,11.563566207885742,46489700,0.0,0.0
2012-06-25 00:00:00-04:00,11.482563504882176,11.496064770214796,11.327302816211622,11.435310363769531,33219000,0.0,0.0
2012-06-26 00:00:00-04:00,11.455560268640284,11.469061533141327,11.239545186829375,11.354303359985352,31870100,0.0,0.0
2012-06-27 00:00:00-04:00,11.388054221506518,11.448807324389689,11.232792286201384,11.293546676635742,43502200,0.0,0.0
2012-06-28 00:00:00-04:00,11.226045204521848,11.226045204521848,10.949275688396193,11.124788284301758,56585800,0.0,0.0
2012-06-29 00:00:00-04:00,11.33405472473968,11.590572357177734,11.293550924182352,11.590572357177734,51020200,0.0,0.0
2012-07-02 00:00:00-04:00,11.604137481624521,11.638047358896875,11.50240526264966,11.58379077911377,20020400,0.08,0.0
2012-07-03 00:00:00-04:00,11.543098232850186,11.68552126432377,11.536315998935418,11.631264686584473,15823200,0.0,0.0
2012-07-05 00:00:00-04:00,11.522752844031114,11.549881782781313,11.448149556047067,11.488842964172363,26299500,0.0,0.0
2012-07-06 00:00:00-04:00,11.448145708652305,11.488839103101716,11.305722708815061,11.373543739318848,27190800,0.0,0.0
2012-07-09 00:00:00-04:00,11.346415650211936,11.37354458185455,11.251466976620113,11.292159080505371,25580700,0.0,0.0
2012-07-10 00:00:00-04:00,11.36676274878658,11.380327215085037,11.075133191263298,11.129389762878418,35583200,0.0,0.0
2012-07-11 00:00:00-04:00,11.122611407062175,11.251471294660547,11.027662697031351,11.109046936035156,45504300,0.0,0.0
2012-07-12 00:00:00-04:00,10.959838542931116,11.014095118150427,10.82419710488284,10.837760925292969,70081400,0.0,0.0
2012-07-13 00:00:00-04:00,10.844541047887773,11.10226070019573,10.837758815608245,11.061567306518555,24553400,0.0,0.0
2012-07-16 00:00:00-04:00,10.993745818119097,11.020874746104102,10.864887290925774,10.980182647705078,26437700,0.0,0.0
2012-07-17 00:00:00-04:00,11.102266598131303,11.102266598131303,10.810636276290133,11.007316589355469,30992900,0.0,0.0
2012-07-18 00:00:00-04:00,11.020878613825879,11.36676480555081,10.986968735522606,11.326072692871094,33888400,0.0,0.0
2012-07-19 00:00:00-04:00,11.346417505915086,11.393891850475413,11.251468816794434,11.312507629394531,30426300,0.0,0.0
2012-07-20 00:00:00-04:00,11.244688114254924,11.353201286194395,11.088700591289314,11.09548282623291,36050000,0.0,0.0
2012-07-23 00:00:00-04:00,10.89201385021617,10.953052638579004,10.803847430124499,10.898796081542969,40090000,0.0,0.0
2012-07-24 00:00:00-04:00,10.681773306315083,10.681773306315083,10.173117434585794,10.254502296447754,101816000,0.0,0.0
2012-07-25 00:00:00-04:00,10.308757111794712,10.552912302503989,10.145987415848046,10.457962989807129,61477900,0.0,0.0
2012-07-26 00:00:00-04:00,10.64786103277676,10.70211759842029,10.410488719783633,10.430834770202637,55945200,0.0,0.0
2012-07-27 00:00:00-04:00,10.519002940700066,10.688554887596755,10.376579279435273,10.641079902648926,40305400,0.0,0.0
2012-07-30 00:00:00-04:00,10.654646586775945,10.898801208287273,10.627518295496907,10.76315975189209,36366500,0.0,0.0
2012-07-31 00:00:00-04:00,10.763152967024983,10.925923258881689,10.749589153330552,10.81740951538086,33961900,0.0,0.0
2012-08-01 00:00:00-04:00,10.858107626092258,10.898799734112043,10.688555666834562,10.837760925292969,47398000,0.0,0.0
2012-08-02 00:00:00-04:00,10.715683406720903,10.925928110041294,10.613951848292572,10.6749906539917,47426700,0.0,0.0
2012-08-03 00:00:00-04:00,10.905581960804753,11.149737195926411,10.8309793316228,11.088698387145996,40928300,0.0,0.0
2012-08-06 00:00:00-04:00,11.183644295340487,11.414235006055009,11.163297599602686,11.319286346435547,32129000,0.0,0.0
2012-08-07 00:00:00-04:00,11.421016569002209,11.671952667177933,11.40066987445618,11.624478340148926,41694700,0.0,0.0
2012-08-08 00:00:00-04:00,11.556660155404598,11.638044357299805,11.434582558983221,11.638044357299805,24821800,0.0,0.0
2012-08-09 00:00:00-04:00,11.943237481852538,12.065315069416993,11.855069760354445,12.004276275634766,61054300,0.0,0.0
2012-08-10 00:00:00-04:00,11.861852236872721,11.909326567775928,11.732992414722233,11.895763397216797,38278100,0.0,0.0
2012-08-13 00:00:00-04:00,11.89576436444248,11.929674233965212,11.685519033949996,11.760122299194336,33823200,0.0,0.0
2012-08-14 00:00:00-04:00,11.800817257343104,11.800817257343104,11.604137638069826,11.644829750061035,40256600,0.0,0.0
2012-08-15 00:00:00-04:00,11.631264647598236,11.888984361180192,11.610919239500976,11.76690673828125,63235200,0.0,0.0
2012-08-16 00:00:00-04:00,12.635007574662453,12.98089362110801,12.594315479074268,12.89950942993164,152184100,0.0,0.0
2012-08-17 00:00:00-04:00,12.90629224760724,13.041933003587534,12.85881662475676,12.926637649536133,55706700,0.0,0.0
2012-08-20 00:00:00-04:00,12.88594987016636,12.987680794636105,12.750307775154106,12.845257759094238,39384600,0.0,0.0
2012-08-21 00:00:00-04:00,12.885946026015201,13.069062411580573,12.872381561844765,12.99445915222168,45522300,0.0,0.0
2012-08-22 00:00:00-04:00,12.933422478171472,13.035153388977053,12.858819206577314,13.03515338897705,47546000,0.0,0.0
2012-08-23 00:00:00-04:00,12.987682702937102,13.150452464720496,12.91308070393997,12.97411823272705,37601200,0.0,0.0
2012-08-24 00:00:00-04:00,12.913078980161014,13.048719783417486,12.838475697543666,13.021592140197754,32440300,0.0,0.0
2012-08-27 00:00:00-04:00,13.048722346833511,13.136890115170699,12.980901285092404,13.130107879638672,32091900,0.0,0.0
2012-08-28 00:00:00-04:00,13.096192194176142,13.123321126966278,12.994461283370564,13.03515338897705,30468900,0.0,0.0
2012-08-29 00:00:00-04:00,13.035155315018168,13.062284251816804,12.885950043362376,13.021592140197754,29766800,0.0,0.0
2012-08-30 00:00:00-04:00,12.940204284841123,12.940204284841123,12.770652341227597,12.818126678466797,24683300,0.0,0.0
2012-08-31 00:00:00-04:00,12.953770996008993,13.055501921093946,12.831693368475491,12.940206527709961,38502400,0.0,0.0
2012-09-04 00:00:00-04:00,12.879164041588076,12.980894937665557,12.75030421664805,12.885946273803711,27006700,0.0,0.0
2012-09-05 00:00:00-04:00,12.885947714627942,12.96733321673705,12.797781273123524,12.818126678466797,30580300,0.0,0.0
2012-09-06 00:00:00-04:00,12.93341888664145,13.394600267376836,12.919854424013149,13.381035804748535,59444100,0.0,0.0
2012-09-07 00:00:00-04:00,13.258959116498094,13.326780140604725,13.05549733775664,13.265741348266602,44786600,0.0,0.0
2012-09-10 00:00:00-04:00,13.177578136607869,13.204705776720225,12.953769607971212,12.987679481506348,40047200,0.0,0.0
2012-09-11 00:00:00-04:00,12.967334885300078,13.055501338149254,12.838475029370816,12.913078308105469,31320100,0.0,0.0
2012-09-12 00:00:00-04:00,12.960553230158508,13.069066389392978,12.91307888469079,12.940206527709961,28482200,0.0,0.0
2012-09-13 00:00:00-04:00,12.92664469441535,13.23862106099278,12.899517045866402,13.130107879638672,37780500,0.0,0.0
2012-09-14 00:00:00-04:00,13.130101012151894,13.353909493332733,13.116536548182513,13.218267440795898,46351900,0.0,0.0
2012-09-17 00:00:00-04:00,12.99445915222168,13.096190046342942,12.926638124948004,12.99445915222168,36731800,0.0,0.0
2012-09-18 00:00:00-04:00,12.926643074525867,13.069067415692343,12.892733194694276,12.91986083984375,45475300,0.0,0.0
2012-09-19 00:00:00-04:00,13.008028769716677,13.028374180453966,12.852041250695395,12.967336654663086,29693900,0.0,0.0
2012-09-20 00:00:00-04:00,12.906291841478415,12.960548400878906,12.818124123966111,12.960548400878906,25116000,0.0,0.0
2012-09-21 00:00:00-04:00,12.987678622080322,13.02158978695023,12.811344445492816,12.818126678466797,42198200,0.0,0.0
2012-09-24 00:00:00-04:00,12.79099982815289,12.872384041697089,12.67570444764965,12.757088661193848,32180400,0.0,0.0
2012-09-25 00:00:00-04:00,12.852039513465334,12.865602687597166,12.635011910831098,12.662140846252441,33991600,0.0,0.0
2012-09-26 00:00:00-04:00,12.675704193868363,12.716396299825762,12.445113437478557,12.60110092163086,30273700,0.0,0.0
2012-09-27 00:00:00-04:00,12.668922865402777,12.804563659474224,12.580755120356459,12.750307083129883,29813600,0.0,0.0
2012-09-28 00:00:00-04:00,12.885944848066702,13.13010000650147,12.885944848066702,12.953765869140625,61124700,0.0,0.0
2012-10-01 00:00:00-04:00,13.041936870455892,13.157232258691792,12.845257263217496,12.913078308105469,37481100,0.0,0.0
2012-10-02 00:00:00-04:00,13.042890505498551,13.077051562026924,12.796926728379798,12.892580032348633,34712100,0.14,0.0
2012-10-03 00:00:00-04:00,12.954068880563208,13.049722178677207,12.899410411566933,12.933572769165039,33816700,0.0,0.0
2012-10-04 00:00:00-04:00,12.988233249625546,13.015561836775666,12.878916294703279,12.913077354431152,29734700,0.0,0.0
2012-10-05 00:00:00-04:00,13.008727875885013,13.077049980679881,12.844751175527605,12.885746002197266,27750400,0.0,0.0
2012-10-08 00:00:00-04:00,12.906244881853398,13.036059254508926,12.851586404392263,12.913077354431152,24170900,0.0,0.0
2012-10-09 00:00:00-04:00,12.933571220315626,13.0223907331128,12.817421824712833,12.84475040435791,42377800,0.0,0.0
2012-10-10 00:00:00-04:00,12.84474910822997,12.84474910822997,12.496302259742935,12.509965896606445,42085700,0.0,0.0
2012-10-11 00:00:00-04:00,12.619284212983128,12.626116683754447,12.400650360943137,12.47580623626709,28339700,0.0,0.0
2012-10-12 00:00:00-04:00,12.475807427967288,12.612452946964508,12.448477542271439,12.578291893005371,27099200,0.0,0.0
2012-10-15 00:00:00-04:00,12.632949995396327,12.735434457466544,12.578291528748169,12.673943519592285,27799100,0.0,0.0
2012-10-16 00:00:00-04:00,12.72860588737053,12.919911230851671,12.673947403970354,12.878917694091797,28580200,0.0,0.0
2012-10-17 00:00:00-04:00,12.687610248495432,12.844753199339971,12.639784246339339,12.783262252807617,28359400,0.0,0.0
2012-10-18 00:00:00-04:00,12.714939117431639,12.810591114071947,12.639783232550988,12.71493911743164,40270300,0.0,0.0
2012-10-19 00:00:00-04:00,12.694440999596553,12.708105942120149,12.298166788536793,12.325496673583984,63724300,0.0,0.0
2012-10-22 00:00:00-04:00,12.38015728005934,12.45531187060606,12.30500138635175,12.427983283996582,26334500,0.0,0.0
2012-10-23 00:00:00-04:00,12.29816306760963,12.414312437596799,12.257169555602468,12.3049955368042,33985300,0.0,0.0
2012-10-24 00:00:00-04:00,12.318667714703627,12.352828777592205,11.813076425618801,11.874566078186035,61961200,0.0,0.0
2012-10-25 00:00:00-04:00,11.977050429139037,11.977050429139037,11.66276321518047,11.75158405303955,46349800,0.0,0.0
2012-10-26 00:00:00-04:00,11.751581270833439,11.881394305954247,11.690090337077036,11.813072204589844,31188400,0.0,0.0
2012-10-31 00:00:00-04:00,11.874563518473861,11.908725877159325,11.621768580005098,11.71742057800293,36797100,0.0,0.0
2012-11-01 00:00:00-04:00,11.731084861276646,12.011209670928952,11.614935454604177,11.963383674621582,32484300,0.0,0.0
2012-11-02 00:00:00-04:00,12.05220427678105,12.079534164642425,11.826737914567826,11.8540678024292,28769400,0.0,0.0
2012-11-05 00:00:00-05:00,11.840404317302445,11.915560215020074,11.751584777131473,11.888230323791504,22190800,0.0,0.0
2012-11-06 00:00:00-05:00,11.915558721571006,12.100030251599161,11.854067777174695,11.942887306213379,35544700,0.0,0.0
2012-11-07 00:00:00-05:00,11.922390019164958,12.229843407701537,11.676426265807175,11.758413314819336,49610000,0.0,0.0
2012-11-08 00:00:00-05:00,11.765246813570293,11.860900116652198,11.464625870057912,11.498786926269531,56064800,0.0,0.0
2012-11-09 00:00:00-05:00,11.409966797933706,11.635433145286376,11.39630185490368,11.49195384979248,43085800,0.0,0.0
2012-11-12 00:00:00-05:00,11.51928424835205,11.676427190706658,11.444128361503868,11.51928424835205,28768400,0.0,0.0
2012-11-13 00:00:00-05:00,11.416799766094828,11.57394402939183,11.403136124071484,11.512453079223633,72206200,0.0,0.0
2012-11-14 00:00:00-05:00,12.3323292246479,12.468976058886312,12.038540746408657,12.065869331359863,97058200,0.0,0.0
2012-11-15 00:00:00-05:00,12.127358244078314,12.352824570574192,12.12052577319534,12.257172584533691,55885900,0.0,0.0
2012-11-16 00:00:00-05:00,12.250343479843005,12.33233054664625,12.161522637118402,12.291337013244629,60820500,0.0,0.0
2012-11-19 00:00:00-05:00,12.482638618470048,12.530464610369387,12.366489222502853,12.503134727478027,40616400,0.0,0.0
2012-11-20 00:00:00-05:00,12.496304074178104,12.544130068045634,12.345992318410904,12.530465126037598,30378100,0.0,0.0
2012-11-21 00:00:00-05:00,12.550963128048924,12.721771001683358,12.48263971796302,12.626117706298828,30479300,0.0,0.0
2012-11-23 00:00:00-05:00,12.708107292046513,12.906243767043236,12.660281291294227,12.872082710266113,17263100,0.0,0.0
2012-11-26 00:00:00-05:00,12.837923575335084,13.029227606982575,12.701276721448897,13.022395133972168,34603000,0.0,0.0
2012-11-27 00:00:00-05:00,13.008628936171705,13.14628691313165,12.967332068205229,13.049925804138184,53080000,0.14,0.0
2012-11-28 00:00:00-05:00,13.001747044005253,13.04992694631699,12.767729250373485,12.960450172424316,41262800,0.0,0.0
2012-11-29 00:00:00-05:00,13.063691006490943,13.146286049803573,13.022394141236466,13.08434009552002,32450600,0.0,0.0
2012-11-30 00:00:00-05:00,13.104990548734017,13.166935196662122,12.960449536091605,13.015512466430664,45199100,0.0,0.0
2012-12-03 00:00:00-05:00,13.091219541787783,13.187579305273273,13.04303966004504,13.098102569580078,32381500,0.0,0.0
2012-12-04 00:00:00-05:00,13.132515887579412,13.21511090508764,13.077452980175018,13.194461822509766,34313500,0.0,0.0
2012-12-05 00:00:00-05:00,13.187578668180162,13.387182526103869,13.173812613260612,13.221992492675781,36982900,0.0,0.0
2012-12-06 00:00:00-05:00,13.228882050182333,13.421602975777258,13.215117301271476,13.4078369140625,35834800,0.0,0.0
2012-12-07 00:00:00-05:00,13.490422867501762,13.586782608868662,13.18757627817334,13.311468124389648,50602300,0.0,0.0
2012-12-10 00:00:00-05:00,13.318356706873653,13.696914116861898,13.311473677789778,13.621203422546387,62863500,0.0,0.0
2012-12-11 00:00:00-05:00,13.66250351821578,13.813926255492738,13.538611590987417,13.614323616027832,58464200,0.0,0.0
2012-12-12 00:00:00-05:00,13.655611764580001,13.690025583358876,13.552368995440338,13.579899787902832,38701100,0.0,0.0
2012-12-13 00:00:00-05:00,13.552374345126786,13.655617155020686,13.490428396629737,13.586788177490234,37844200,0.0,0.0
2012-12-14 00:00:00-05:00,13.586785170669703,13.765739947523905,13.552371345922198,13.669380187988281,40804400,0.0,0.0
2012-12-17 00:00:00-05:00,13.683151240483966,13.86210609986704,13.628088307812549,13.841458320617676,46857100,0.0,0.0
2012-12-18 00:00:00-05:00,13.834570798852303,14.054822458038245,13.779507884055818,14.027290344238281,41963100,0.0,0.0
2012-12-19 00:00:00-05:00,14.054824773104869,14.137419815306114,13.930932866204829,13.951581954956055,38097400,0.0,0.0
2012-12-20 00:00:00-05:00,13.951582087604779,13.992878952696215,13.868987044618237,13.930932998657227,29942600,0.0,0.0
2012-12-21 00:00:00-05:00,13.731330868363987,13.800158541646038,13.483547043576706,13.738212585449219,67611700,0.0,0.0
2012-12-24 00:00:00-05:00,13.676268119975003,13.738212764173964,13.58679004305834,13.648736000061035,12550700,0.0,0.0
2012-12-26 00:00:00-05:00,13.648734059738198,13.813922817327343,13.593671140541815,13.71068000793457,22083800,0.0,0.0
2012-12-27 00:00:00-05:00,13.690028125098717,13.703794180287337,13.387182787768756,13.524839401245117,35286600,0.0,0.0
2012-12-28 00:00:00-05:00,13.414713987791991,13.517956779197426,13.366534105989675,13.38718318939209,24596400,0.0,0.0
2012-12-31 00:00:00-05:00,13.339001594608586,13.600551391979247,13.290821714251695,13.524839401245117,32388300,0.0,0.0
2013-01-02 00:00:00-05:00,13.84833887188629,13.999761581420898,13.77262686071717,13.999761581420898,40304500,0.0,0.0
2013-01-03 00:00:00-05:00,14.082352639721346,14.109884752310505,13.972226814971487,14.075470924377441,50603500,0.0,0.0
2013-01-04 00:00:00-05:00,14.047939992399515,14.23377782958428,14.034173934948015,14.09611988067627,36378900,0.0,0.0
2013-01-07 00:00:00-05:00,14.027287137951525,14.054819245458338,13.87586448507348,13.96534252166748,30790700,0.0,0.0
2013-01-08 00:00:00-05:00,13.889632076726826,13.999757893341242,13.820803113141995,13.979108810424805,33218100,0.0,0.0
2013-01-09 00:00:00-05:00,13.944691537241,14.137412325068098,13.937808511304,13.972222328186035,30380100,0.0,0.0
2013-01-10 00:00:00-05:00,14.006647062101703,14.103006865686812,13.96535019096578,14.06859302520752,31419200,0.0,0.0
2013-01-11 00:00:00-05:00,14.041056963673764,14.11676896685352,13.99287707539701,14.09611988067627,23423800,0.0,0.0
2013-01-14 00:00:00-05:00,14.233778489540004,14.44714713871721,14.213129402405349,14.433381080627441,55156900,0.0,0.0
2013-01-15 00:00:00-05:00,14.398970691524873,14.44715059355708,14.302610887460458,14.440267562866211,29550900,0.0,0.0
2013-01-16 00:00:00-05:00,14.392083010750692,14.577920840948304,14.37143392534981,14.474678039550781,39685100,0.0,0.0
2013-01-17 00:00:00-05:00,14.30948612537423,14.474674833583636,14.302603098431776,14.419611930847168,41951400,0.0,0.0
2013-01-18 00:00:00-05:00,14.350786510758832,14.48156142928662,14.323254396204149,14.467795372009277,42835000,0.0,0.0
2013-01-22 00:00:00-05:00,14.419616371230656,14.454030203737178,14.18559863433634,14.364553451538086,35955400,0.0,0.0
2013-01-23 00:00:00-05:00,14.378318532426244,14.378318532426244,14.18559896540625,14.192481994628906,37130100,0.0,0.0
2013-01-24 00:00:00-05:00,14.350786510758832,14.522858288315165,14.33013742484282,14.467795372009277,47256000,0.0,0.0
2013-01-25 00:00:00-05:00,14.522859078808724,14.626101888401434,14.488443933742118,14.557272911071777,28354800,0.0,0.0
2013-01-28 00:00:00-05:00,14.59856788474433,14.632983025361035,14.488442060377634,14.495325088500977,30431400,0.0,0.0
2013-01-29 00:00:00-05:00,14.440260328056162,14.447143355298518,14.213125680271219,14.302603721618652,35300200,0.0,0.0
2013-01-30 00:00:00-05:00,14.35767319061936,14.364556221008417,14.04106035674181,14.164952278137207,35260400,0.0,0.0
2013-01-31 00:00:00-05:00,14.19248571941548,14.385205337014312,14.151187533240929,14.15807056427002,29992500,0.0,0.0
2013-02-01 00:00:00-05:00,14.268193796613136,14.392085706618479,14.178717035389106,14.33702278137207,25754100,0.0,0.0
2013-02-04 00:00:00-05:00,14.36455143962316,14.543504918956923,14.309488527642761,14.3301362991333,32053300,0.0,0.0
2013-02-05 00:00:00-05:00,14.371432493566111,14.591685444155372,14.371432493566111,14.509090423583984,24952600,0.0,0.0
2013-02-06 00:00:00-05:00,14.488442497407759,14.605451353427256,14.44026261189445,14.584803581237793,27848400,0.0,0.0
2013-02-07 00:00:00-05:00,14.59856739354385,14.632982533002583,14.45402774622718,14.522856712341309,34442900,0.0,0.0
2013-02-08 00:00:00-05:00,14.571043378080887,14.66052015672131,14.54351125369679,14.564160346984863,23056900,0.0,0.0
2013-02-11 00:00:00-05:00,14.619223457429834,14.688052456407606,14.557277489630238,14.639872550964355,33552000,0.0,0.0
2013-02-12 00:00:00-05:00,14.626101955473548,14.639868013563317,14.412733306296342,14.433381080627441,46463500,0.0,0.0
2013-02-13 00:00:00-05:00,14.454030460557039,14.550390243530273,14.405850569070422,14.550390243530273,63608700,0.0,0.0
2013-02-14 00:00:00-05:00,14.371434412809275,14.454029444410873,14.116768914911038,14.44714641571045,67172100,0.0,0.0
2013-02-15 00:00:00-05:00,14.412732585011819,14.50220933251035,14.398966527610972,14.44714641571045,44439700,0.0,0.0
2013-02-19 00:00:00-05:00,14.460911969322158,14.784406430151247,14.419615111361804,14.77064037322998,45590500,0.0,0.0
2013-02-20 00:00:00-05:00,14.79128786926587,14.915179742638012,14.502207268998646,14.529739379882812,47494700,0.0,0.0
2013-02-21 00:00:00-05:00,14.454030969057127,14.467797027910052,14.254427054100596,14.28884220123291,33007100,0.0,0.0
2013-02-22 00:00:00-05:00,14.32325455485757,14.405849586633016,14.26130860922686,14.385200500488281,20483300,0.0,0.0
2013-02-25 00:00:00-05:00,14.454024588733718,14.591682490890499,14.21312391636088,14.220006942749023,37391400,0.0,0.0
2013-02-26 00:00:00-05:00,14.137418483668728,14.302607239708037,14.109886367927077,14.185598373413086,34254700,0.0,0.0
2013-02-27 00:00:00-05:00,14.178708663367859,14.467789178420707,14.068582877900386,14.378311157226562,25190900,0.0,0.0
2013-02-28 00:00:00-05:00,14.378318558898975,14.488444401057041,14.275075745976237,14.357670783996582,30337500,0.0,0.0
2013-03-01 00:00:00-05:00,14.254427737100611,14.385202676862217,14.144301886607792,14.33702278137207,24174800,0.0,0.0
2013-03-04 00:00:00-05:00,14.27507781982422,14.30260994076533,14.16495196166734,14.275077819824219,22634600,0.0,0.0
2013-03-05 00:00:00-05:00,14.337021911030531,14.626102579226206,14.337021911030531,14.605453491210938,32829500,0.0,0.0
2013-03-06 00:00:00-05:00,14.660513879444691,14.997775694722813,14.619217023354805,14.949594497680664,45966600,0.0,0.0
2013-03-07 00:00:00-05:00,14.949592931394058,15.121664678677703,14.922062134486362,15.004655838012695,37379500,0.0,0.0
2013-03-08 00:00:00-05:00,15.032188775792738,15.121665511675756,14.984008893947781,15.02530574798584,23839100,0.0,0.0
2013-03-11 00:00:00-04:00,14.984014101159216,15.128553796924203,14.901419051576525,15.059724807739258,29120000,0.0,0.0
2013-03-12 00:00:00-04:00,14.977127929674188,15.032190846912554,14.825705235469556,14.935831069946289,25987300,0.0,0.0
2013-03-13 00:00:00-04:00,14.901418000965375,15.004660821061863,14.805058210582477,14.853238105773926,30188200,0.0,0.0
2013-03-14 00:00:00-04:00,14.93583661964905,15.04596249504521,14.763764775242052,14.860124588012695,40479600,0.0,0.0
2013-03-15 00:00:00-04:00,14.846357153325904,15.107907067823021,14.715582196077346,15.094141006469727,59804200,0.0,0.0
2013-03-18 00:00:00-04:00,14.963359132285628,15.10790008407224,14.873882400458307,14.915179252624512,30222300,0.0,0.0
2013-03-19 00:00:00-04:00,14.942713810078486,14.970245926986484,14.660516175789466,14.81194019317627,27264100,0.0,0.0
2013-03-20 00:00:00-04:00,14.887647142644868,14.963359132285628,14.853233317973572,14.915179252624512,24571600,0.0,0.0
2013-03-21 00:00:00-04:00,14.454033218617846,14.577925141968898,14.261312303093561,14.343907356262207,64437700,0.0,0.0
2013-03-22 00:00:00-04:00,14.405851440899726,14.502211229704567,14.240662668889854,14.281959533691406,39902900,0.0,0.0
2013-03-25 00:00:00-04:00,14.371431116645603,14.447143102181833,14.25442228118197,14.350783348083496,36429100,0.0,0.0
2013-03-26 00:00:00-04:00,14.412729279376196,14.426494020816538,14.24065753974163,14.350783348083496,27627800,0.0,0.0
2013-03-27 00:00:00-04:00,14.233779960635514,14.385202676862217,14.185600065145369,14.33702278137207,27760900,0.0,0.0
2013-03-28 00:00:00-04:00,14.343903641002305,14.412732615347927,14.295723752801418,14.385200500488281,28323200,0.0,0.0
2013-04-01 00:00:00-04:00,14.481563780646201,14.715580228340672,14.302608945394448,14.33702278137207,40009200,0.0,0.0
2013-04-02 00:00:00-04:00,14.426498666822797,14.653634696579894,14.385201803595875,14.605453491210938,34098100,0.0,0.0
2013-04-03 00:00:00-04:00,14.646748203989013,14.708694140583964,14.529739358510032,14.59168529510498,30101400,0.0,0.0
2013-04-04 00:00:00-04:00,14.577811082006491,14.633319114450899,14.543117734593809,14.598627090454102,25075100,0.17,0.0
2013-04-05 00:00:00-04:00,14.050484224533703,14.362717736667477,13.877021456329583,14.300271034240723,54767100,0.0,0.0
2013-04-08 00:00:00-04:00,14.35578087951167,14.383534237751858,14.203132777234423,14.272518157958984,22968600,0.0,0.0
2013-04-09 00:00:00-04:00,14.321085657418338,14.605564490167824,14.27945496378609,14.550056457519531,27529500,0.0,0.0
2013-04-10 00:00:00-04:00,14.619439218294708,14.987180696049537,14.58474720036614,14.896979331970215,39308100,0.0,0.0
2013-04-11 00:00:00-04:00,14.79984335497558,15.056568834649768,14.758212661093461,15.049630165100098,35992200,0.0,0.0
2013-04-12 00:00:00-04:00,15.035752883587106,15.056568892315841,14.65413532080498,14.945552825927734,31584600,0.0,0.0
2013-04-15 00:00:00-04:00,14.883108512395482,15.014939285259679,14.60556697845459,14.60556697845459,27961000,0.0,0.0
2013-04-16 00:00:00-04:00,14.674950864014702,14.68882820397846,14.536181434625068,14.681889533996582,32745100,0.0,0.0
2013-04-17 00:00:00-04:00,14.536178512737497,14.58474786943184,14.28639173726291,14.3141450881958,30873000,0.0,0.0
2013-04-18 00:00:00-04:00,14.390473174129824,14.466797226679065,14.189257022067398,14.279457092285156,35401400,0.0,0.0
2013-04-19 00:00:00-04:00,14.015791680088652,14.258638487828886,13.86314360274811,14.196191787719727,51142000,0.0,0.0
2013-04-22 00:00:00-04:00,14.24475962063313,14.328020988497729,14.06435822570573,14.28639030456543,31452800,0.0,0.0
2013-04-23 00:00:00-04:00,14.39741437956621,14.64026259763975,14.383537036038279,14.508430480957031,34873500,0.0,0.0
2013-04-24 00:00:00-04:00,14.203135882537813,14.24476791412441,14.057427742233783,14.147627830505371,55759200,0.0,0.0
2013-04-25 00:00:00-04:00,14.223947201742046,14.411287311775054,14.147623159117654,14.321085929870605,40488500,0.0,0.0
2013-04-26 00:00:00-04:00,14.30027013430782,14.369654178490332,14.230884766709496,14.341900825500488,33713500,0.0,0.0
2013-04-29 00:00:00-04:00,14.328024587579115,14.619442095138037,14.203131180994449,14.556995391845703,29476200,0.0,0.0
2013-04-30 00:00:00-04:00,14.56393114017021,14.744332544227102,14.432099090394857,14.515361785888672,37777300,0.0,0.0
2013-05-01 00:00:00-04:00,14.452918611275368,14.50148797737302,14.11987039510635,14.140685081481934,44773400,0.0,0.0
2013-05-02 00:00:00-04:00,14.203132026797464,14.397410817878106,14.182317340071103,14.383533477783203,54869800,0.0,0.0
2013-05-03 00:00:00-04:00,14.522299592870002,14.543114272947282,14.404344886574995,14.452914237976074,41962700,0.0,0.0
2013-05-06 00:00:00-04:00,14.48067602616499,14.515368058954374,14.390474623446634,14.439043998718262,31315900,0.0,0.0
2013-05-07 00:00:00-04:00,14.348841209149546,14.36965589552513,14.078239698939216,14.140685081481934,55003400,0.0,0.0
2013-05-08 00:00:00-04:00,14.154555827063716,14.404342534528631,14.154555827063716,14.376587867736816,37412500,0.0,0.0
2013-05-09 00:00:00-04:00,14.376590215251195,14.536176928531901,14.307206183772836,14.452914237976074,25790200,0.0,0.0
2013-05-10 00:00:00-04:00,14.452919611890682,14.640259742736816,14.445980941479782,14.640259742736816,26926900,0.0,0.0
2013-05-13 00:00:00-04:00,14.668013555838614,14.765153621187602,14.605566843620016,14.758214950561523,35347200,0.0,0.0
2013-05-14 00:00:00-04:00,14.716582926805057,14.862292363120487,14.674952226464692,14.758214950561523,38494300,0.0,0.0
2013-05-15 00:00:00-04:00,14.744333157706174,14.772087831830806,14.654133113632527,14.716578483581543,55412900,0.0,0.0
2013-05-16 00:00:00-04:00,16.31243848414339,16.8189494373655,16.208361090434387,16.576101303100586,201626500,0.0,0.0
2013-05-17 00:00:00-04:00,16.54834539186764,16.825885506676073,16.444268014241437,16.818946838378906,78569900,0.0,0.0
2013-05-20 00:00:00-04:00,16.583035848791948,16.631605198884092,16.402634460295744,16.61772918701172,54632000,0.0,0.0
2013-05-21 00:00:00-04:00,16.576101987861072,16.69405672518156,16.367947191844173,16.659364700317383,48135200,0.0,0.0
2013-05-22 00:00:00-04:00,16.652430251431696,16.666307594261124,16.132041806074458,16.194488525390625,46836300,0.0,0.0
2013-05-23 00:00:00-04:00,16.041839344251272,16.381826252627963,16.000207321940287,16.312440872192383,44376600,0.0,0.0
2013-05-24 00:00:00-04:00,16.229176779727553,16.4165168940498,16.173668744752362,16.326316833496094,25036200,0.0,0.0
2013-05-28 00:00:00-04:00,16.520593271561395,16.735688051764644,16.43733188596054,16.576101303100586,40023900,0.0,0.0
2013-05-29 00:00:00-04:00,16.451205243980567,16.818946720662694,16.44426789914761,16.735685348510742,37314000,0.0,0.0
2013-05-30 00:00:00-04:00,16.75650299561496,17.124244537384556,16.666302939249675,16.909151077270508,45162100,0.0,0.0
2013-05-31 00:00:00-04:00,16.791193371083928,17.020164129625268,16.707930675516327,16.735685348510742,40885800,0.0,0.0
2013-06-03 00:00:00-04:00,16.832828616890612,16.999352729718755,16.673243174190645,16.91609001159668,30815300,0.0,0.0
2013-06-04 00:00:00-04:00,16.83976734235023,17.068738163668268,16.673243228974933,16.90221405029297,30628500,0.0,0.0
2013-06-05 00:00:00-04:00,16.83976438439456,17.0964885178061,16.798132370801515,16.87445640563965,45742100,0.0,0.0
2013-06-06 00:00:00-04:00,16.985474899666418,17.131184321324344,16.818950791640194,17.03404426574707,44830200,0.0,0.0
2013-06-07 00:00:00-04:00,17.08261969988691,17.19363580273876,16.916094222192797,16.99241828918457,42729400,0.0,0.0
2013-06-10 00:00:00-04:00,17.04792215321535,17.11730753130906,16.8467060125012,16.90221405029297,33779400,0.0,0.0
2013-06-11 00:00:00-04:00,16.74262135963959,16.96465475566097,16.687113341488132,16.700990676879883,28060200,0.0,0.0
2013-06-12 00:00:00-04:00,16.805072258430776,16.86751895993317,16.638548162229675,16.64548683166504,29980300,0.0,0.0
2013-06-13 00:00:00-04:00,16.60385759126264,16.9299671427632,16.56916424105024,16.895275115966797,27238900,0.0,0.0
2013-06-14 00:00:00-04:00,16.867521043766658,16.999353132493507,16.707935597285548,16.714874267578125,29841100,0.0,0.0
2013-06-17 00:00:00-04:00,16.832823959801914,17.318518823654195,16.812007955176497,17.138118743896484,46042800,0.0,0.0
2013-06-18 00:00:00-04:00,17.151994874619344,17.33239627903087,17.138118861522806,17.22138023376465,34939200,0.0,0.0
2013-06-19 00:00:00-04:00,17.193630061910625,17.318522143356148,17.124244689941406,17.124244689941406,29472900,0.0,0.0
2013-06-20 00:00:00-04:00,16.98547315630427,17.15893591645464,16.86057975724947,16.957719802856445,47759000,0.0,0.0
2013-06-21 00:00:00-04:00,16.916084463008364,17.08260984463108,16.79812975635136,16.985469818115234,62052200,0.0,0.0
2013-06-24 00:00:00-04:00,16.87446084135881,16.97853825586826,16.680183353852144,16.694059371948242,35972700,0.0,0.0
2013-06-25 00:00:00-04:00,16.867519496334282,16.95772087844661,16.645487361005344,16.659364700317383,41334800,0.0,0.0
2013-06-26 00:00:00-04:00,16.860580336899964,16.964659055300977,16.777318950278207,16.92302703857422,32721400,0.0,0.0
2013-06-27 00:00:00-04:00,16.978537751043106,17.145061873990166,16.971599080493302,17.089553833007812,27115400,0.0,0.0
2013-06-28 00:00:00-04:00,16.950784802031013,17.075678228114523,16.86058340611909,16.888338088989258,35574300,0.0,0.0
2013-07-01 00:00:00-04:00,17.06301284288859,17.349492475981076,16.98615199844591,17.00711441040039,33674000,0.17,0.0
2013-07-02 00:00:00-04:00,16.937244637293404,17.21673685915157,16.923269693019485,16.99314308166504,31098600,0.0,0.0
2013-07-03 00:00:00-04:00,17.021091091694963,17.35648172090967,16.95820518212672,17.181798934936523,24775000,0.0,0.0
2013-07-05 00:00:00-04:00,17.21673858333407,17.23071352900752,16.94423380632268,17.167827606201172,19984900,0.0,0.0
2013-07-08 00:00:00-04:00,17.2307116380114,17.29359755391629,17.042053890296728,17.209749221801758,34669400,0.0,0.0
2013-07-09 00:00:00-04:00,17.300584014811907,17.608026104297288,17.286609071488947,17.580076217651367,46103900,0.0,0.0
2013-07-10 00:00:00-04:00,17.517195777083387,17.85957399909729,17.510208303239306,17.754764556884766,37757800,0.0,0.0
2013-07-11 00:00:00-04:00,17.901494788670878,18.118101097893167,17.866557427361435,18.0761775970459,45944600,0.0,0.0
2013-07-12 00:00:00-04:00,18.06219992256026,18.132073301894263,17.929440635098047,18.125085830688477,28410100,0.0,0.0
2013-07-15 00:00:00-04:00,18.013295494017104,18.160028444417627,17.915472194359076,18.118104934692383,26879600,0.0,0.0
2013-07-16 00:00:00-04:00,18.069194857636777,18.160029355385422,17.908485618967,17.964384078979492,26336200,0.0,0.0
2013-07-17 00:00:00-04:00,18.02726532780874,18.06919016146518,17.887519880459468,17.97136688232422,22080800,0.0,0.0
2013-07-18 00:00:00-04:00,18.076180359682343,18.27182428201981,17.978357065789343,18.06919288635254,32996900,0.0,0.0
2013-07-19 00:00:00-04:00,18.069190581893295,18.16701253058628,17.90149524153785,18.041240692138672,39224200,0.0,0.0
2013-07-22 00:00:00-04:00,18.167012107882073,18.194961996986365,17.803671545870657,17.97136688232422,30419600,0.0,0.0
2013-07-23 00:00:00-04:00,17.957394744077504,18.00630572129958,17.810660479687105,17.85957145690918,27954800,0.0,0.0
2013-07-24 00:00:00-04:00,18.055219886993356,18.160029332795855,17.78271506136198,17.880537033081055,27330800,0.0,0.0
2013-07-25 00:00:00-04:00,17.88752132965758,17.901496275341938,17.684888615406905,17.81764793395996,31482600,0.0,0.0
2013-07-26 00:00:00-04:00,17.642965111078002,17.81764793395996,17.628990165393642,17.81764793395996,19946400,0.0,0.0
2013-07-29 00:00:00-04:00,17.719828311788408,17.796687857719796,17.62899248560902,17.69886589050293,17839400,0.0,0.0
2013-07-30 00:00:00-04:00,17.789699515726024,18.194964977786725,17.75476348134631,17.936433792114258,45348500,0.0,0.0
2013-07-31 00:00:00-04:00,18.027269990659672,18.09015592468605,17.85258713674737,17.880537033081055,30709400,0.0,0.0
2013-08-01 00:00:00-04:00,18.02027687742868,18.118098811301394,17.922453610832076,18.09014892578125,23330000,0.0,0.0
2013-08-02 00:00:00-04:00,18.02726804103722,18.299774169921875,17.978357060467335,18.299774169921875,26496700,0.0,0.0
2013-08-05 00:00:00-04:00,18.243877640049263,18.460484005155635,18.243877640049263,18.383623123168945,28701800,0.0,0.0
2013-08-06 00:00:00-04:00,18.45349612613186,18.45349612613186,18.208939870133655,18.313749313354492,26093500,0.0,0.0
2013-08-07 00:00:00-04:00,18.38362395131482,18.509395824695396,18.250865936279297,18.250865936279297,33489600,0.0,0.0
2013-08-08 00:00:00-04:00,18.355669875846115,18.39060590453036,18.29278395803522,18.348682403564453,20512100,0.0,0.0
2013-08-09 00:00:00-04:00,18.3766386775182,18.411576053599,18.06919776435493,18.201955795288086,27309000,0.0,0.0
2013-08-12 00:00:00-04:00,18.069192265336852,18.481443848556896,18.0622047922472,18.404582977294922,32103600,0.0,0.0
2013-08-13 00:00:00-04:00,18.481445567098806,18.502406655592665,18.215926895898942,18.390609741210938,36466000,0.0,0.0
2013-08-14 00:00:00-04:00,18.48144558037109,18.48144558037109,18.1460535042607,18.432533264160156,77049400,0.0,0.0
2013-08-15 00:00:00-04:00,17.04205259595138,17.3494946800557,16.965193074468242,17.104938507080078,130110100,0.0,0.0
2013-08-16 00:00:00-04:00,17.13987644475206,17.230710912387195,16.94423123320657,16.958206176757812,42426200,0.0,0.0
2013-08-19 00:00:00-04:00,16.993142202911947,17.230710912387195,16.94423123320657,16.958206176757812,39630400,0.0,0.0
2013-08-20 00:00:00-04:00,16.96519452584124,17.16083841477994,16.923269693019485,16.99314308166504,43650200,0.0,0.0
2013-08-21 00:00:00-04:00,17.021093160543078,17.104940161676087,16.80448552004735,16.81846046447754,33392900,0.0,0.0
2013-08-22 00:00:00-04:00,16.81846044203889,16.923269859677347,16.741599580499468,16.77653694152832,24327000,0.0,0.0
2013-08-23 00:00:00-04:00,16.81846105767543,16.881346977105242,16.65775318923218,16.671728134155273,41268600,0.0,0.0
2013-08-26 00:00:00-04:00,16.65775956986461,16.804492549589757,16.601861101484847,16.650772094726562,35708500,0.0,0.0
2013-08-27 00:00:00-04:00,16.57390143733229,16.622813734484634,16.378257579618218,16.406206130981445,39768700,0.0,0.0
2013-08-28 00:00:00-04:00,16.455122157818817,16.476084577333182,16.336337779352547,16.385250091552734,28035900,0.0,0.0
2013-08-29 00:00:00-04:00,16.39922370517141,16.594868955799456,16.385250091552734,16.385250091552734,26605500,0.0,0.0
2013-08-30 00:00:00-04:00,16.39223926106102,16.455125198500344,16.22454387213099,16.287429809570312,35248400,0.0,0.0
2013-09-03 00:00:00-04:00,16.476079508475255,16.608838792441105,16.39223118893792,16.406206130981445,31875000,0.0,0.0
2013-09-04 00:00:00-04:00,16.434161916974627,16.713654194598487,16.420186969912358,16.608844757080078,27443900,0.0,0.0
2013-09-05 00:00:00-04:00,16.636793106555178,16.657755526881555,16.448136654514933,16.552946090698242,23926000,0.0,0.0
2013-09-06 00:00:00-04:00,16.643777840380814,16.65775278496475,16.343323195446594,16.455120086669922,28615800,0.0,0.0
2013-09-09 00:00:00-04:00,16.497043458792373,16.75557324706919,16.476081043773732,16.71364974975586,22744700,0.0,0.0
2013-09-10 00:00:00-04:00,16.790515073129438,16.944235492663577,16.769552652533022,16.881349563598633,29302400,0.0,0.0
2013-09-11 00:00:00-04:00,16.909296104152396,17.056029021053252,16.895321159859733,17.035066604614258,25153200,0.0,0.0
2013-09-12 00:00:00-04:00,17.063015788895324,17.083978204469062,16.937243960900865,16.97218132019043,22340000,0.0,0.0
2013-09-13 00:00:00-04:00,17.000130553802,17.05602899817363,16.909296081469606,16.99314308166504,18509900,0.0,0.0
2013-09-16 00:00:00-04:00,17.07000396534592,17.09795252120721,16.860383799128073,17.035066604614258,32119900,0.0,0.0
2013-09-17 00:00:00-04:00,17.042059324489657,17.15385624780831,16.97917338853236,17.028085708618164,19999500,0.0,0.0
2013-09-18 00:00:00-04:00,17.00013186061854,17.328535079956055,16.979169442596262,17.328535079956055,29541300,0.0,0.0
2013-09-19 00:00:00-04:00,17.11891702281874,17.293599849582197,17.05603109856596,17.195777893066406,40090900,0.0,0.0
2013-09-20 00:00:00-04:00,17.27962641178875,17.2936013590034,17.070007534466317,17.125905990600586,37420400,0.0,0.0
2013-09-23 00:00:00-04:00,17.035065700841706,17.083978003271056,16.84640929379581,16.958206176757812,26910300,0.0,0.0
2013-09-24 00:00:00-04:00,16.86737060546875,16.99314243369006,16.727625166230396,16.86737060546875,29762400,0.0,0.0
2013-09-25 00:00:00-04:00,16.902306292048756,17.15384859087297,16.85339532651971,17.07000160217285,26563800,0.0,0.0
2013-09-26 00:00:00-04:00,16.97917152516008,17.021096366346885,16.552946301555306,16.608844757080078,54577900,0.0,0.0
2013-09-27 00:00:00-04:00,16.315377993111195,16.455123469507136,16.105757779430768,16.301403045654297,82455500,0.0,0.0
2013-09-30 00:00:00-04:00,16.15466484908414,16.44114451529067,16.084791467216323,16.37127113342285,40335700,0.0,0.0
2013-10-01 00:00:00-04:00,16.420542342418827,16.526117785859796,16.32904398276055,16.357196807861328,30137600,0.17,0.0
2013-10-02 00:00:00-04:00,16.25866353279425,16.441661635392997,16.188279440646287,16.41350746154785,40084700,0.0,0.0
2013-10-03 00:00:00-04:00,16.357194917397756,16.434617526789918,16.14604405491933,16.1953125,38161100,0.0,0.0
2013-10-04 00:00:00-04:00,16.160119371094613,16.251619060244547,16.08269810619591,16.202350616455078,33607800,0.0,0.0
2013-10-07 00:00:00-04:00,16.01935293910868,16.2164280611412,15.927853247911118,16.110851287841797,29575900,0.0,0.0
2013-10-08 00:00:00-04:00,16.167164957306777,16.167164957306777,15.92082263100851,15.934898376464844,31865700,0.0,0.0
2013-10-09 00:00:00-04:00,15.948969183442145,16.019353252865486,15.68854987177959,15.836355209350586,45438300,0.0,0.0
2013-10-10 00:00:00-04:00,15.977123096443702,16.24458094508067,15.906739028129413,16.1953125,38817500,0.0,0.0
2013-10-11 00:00:00-04:00,16.202351230906242,16.455732000356097,16.167158525104554,16.38534927368164,27773800,0.0,0.0
2013-10-14 00:00:00-04:00,16.300888818392924,16.441656962682615,16.237543287709013,16.427579879760742,29103100,0.0,0.0
2013-10-15 00:00:00-04:00,16.441659187643097,16.483889099658942,16.307929566717434,16.31496810913086,26201200,0.0,0.0
2013-10-16 00:00:00-04:00,16.343116338333623,16.39942331933486,16.054542892894226,16.18827247619629,40483000,0.0,0.0
2013-10-17 00:00:00-04:00,16.04750965723962,16.1038166568541,15.780051744687022,16.03343391418457,69366300,0.0,0.0
2013-10-18 00:00:00-04:00,16.0897372835864,16.286811066540352,16.019353214332362,16.160120010375977,44486600,0.0,0.0
2013-10-21 00:00:00-04:00,16.26569671663885,16.26569671663885,16.054544509770516,16.139005661010742,34594600,0.0,0.0
2013-10-22 00:00:00-04:00,16.181238707335325,16.188277249844067,15.780051181590064,15.941933631896973,64553000,0.0,0.0
2013-10-23 00:00:00-04:00,15.913776333777653,15.93489061290767,15.625202884309806,15.66743278503418,49021400,0.0,0.0
2013-10-24 00:00:00-04:00,15.723745020459349,15.787090563943174,15.55482401865741,15.744860649108887,50130300,0.0,0.0
2013-10-25 00:00:00-04:00,15.899702446353587,15.927855271669877,15.730781467062021,15.808202743530273,34253400,0.0,0.0
2013-10-28 00:00:00-04:00,15.76597699523387,15.871552467346193,15.702631443473486,15.871552467346191,24072100,0.0,0.0
2013-10-29 00:00:00-04:00,15.948971960346702,16.139008578138004,15.878587878668661,16.06862449645996,30074200,0.0,0.0
2013-10-30 00:00:00-04:00,16.096775738963714,16.146044184439607,15.948969060071587,15.984160423278809,30465600,0.0,0.0
2013-10-31 00:00:00-04:00,15.934894719075011,15.98416317302653,15.794127899565627,15.87858772277832,34497400,0.0,0.0
2013-11-01 00:00:00-04:00,15.948966588791038,15.963043668878475,15.765968575047097,15.885621070861816,33328700,0.0,0.0
2013-11-04 00:00:00-05:00,15.871552139413577,15.934897689865139,15.780053756797399,15.892667770385742,28617000,0.0,0.0
2013-11-05 00:00:00-05:00,15.913778257284699,16.36423416602978,15.780048655951814,16.2375431060791,46343600,0.0,0.0
2013-11-06 00:00:00-05:00,16.336079485559278,16.44869480166022,16.202351230906242,16.38534927368164,48257800,0.0,0.0
2013-11-07 00:00:00-05:00,16.476852217768855,16.582427679680624,16.237547121454263,16.265701293945312,35502900,0.0,0.0
2013-11-08 00:00:00-05:00,16.38534736639475,16.554268307186742,16.251617784843646,16.547229766845703,30884100,0.0,0.0
2013-11-11 00:00:00-05:00,16.54019242991653,16.596499414277243,16.469808363849538,16.505001068115234,22694900,0.0,0.0
2013-11-12 00:00:00-05:00,16.49092508840534,16.779498570345805,16.49092508840534,16.702075958251953,38031100,0.0,0.0
2013-11-13 00:00:00-05:00,16.610574037108563,16.892108917236328,16.54722852127179,16.892108917236328,75234900,0.0,0.0
2013-11-14 00:00:00-05:00,14.73836886902669,15.090287887487449,14.61871634905145,15.041019439697266,243255400,0.0,0.0
2013-11-15 00:00:00-05:00,15.104365755502748,15.266249547070133,14.963598933769216,15.160674095153809,85506000,0.0,0.0
2013-11-18 00:00:00-05:00,15.202906856254495,15.28736669662835,14.921371817566719,14.98471736907959,66008900,0.0,0.0
2013-11-19 00:00:00-05:00,14.998790258671947,15.160674049754567,14.865061979795254,15.076212882995605,57309700,0.0,0.0
2013-11-20 00:00:00-05:00,15.111402971358729,15.111402971358729,14.935443452790425,14.942481994628906,44299700,0.0,0.0
2013-11-21 00:00:00-05:00,15.033980289869783,15.125478640282637,14.956557679352741,15.111401557922363,40695500,0.0,0.0
2013-11-22 00:00:00-05:00,15.069171125589136,15.132516651527569,14.998787058717056,15.104362487792969,41105000,0.0,0.0
2013-11-25 00:00:00-05:00,15.097324552468354,15.14659299413484,14.970633506774902,14.970633506774902,37566000,0.0,0.0
2013-11-26 00:00:00-05:00,14.991750341689523,15.06917295891454,14.836906449704069,14.928404808044434,48629300,0.0,0.0
2013-11-27 00:00:00-05:00,14.984710587955142,15.026940489031508,14.886172362157819,14.970633506774902,40021100,0.0,0.0
2013-11-29 00:00:00-05:00,15.055098962572897,15.090291678739424,14.921370668534657,14.956562042236328,25043700,0.0,0.0
2013-12-02 00:00:00-05:00,14.984705957212281,14.991743153163336,14.822822258595359,14.843937873840332,35385200,0.0,0.0
2013-12-03 00:00:00-05:00,14.815792495683151,14.963599205017092,14.794678210395967,14.96359920501709,52496700,0.0,0.0
2013-12-04 00:00:00-05:00,14.843948035433149,15.026946132104529,14.829870948966539,14.956562042236328,44535000,0.0,0.0
2013-12-05 00:00:00-05:00,14.921369299996865,14.991752040944942,14.703178507170682,14.717255592346191,61782100,0.0,0.0
2013-12-06 00:00:00-05:00,14.86506050141727,15.00582730872956,14.829867792740771,14.97767448425293,51266300,0.0,0.0
2013-12-09 00:00:00-05:00,14.991752786560191,15.01286841537364,14.921370042111626,14.935445785522461,41430000,0.0,0.0
2013-12-10 00:00:00-05:00,14.96359751699425,15.019904508849377,14.886174899769232,14.928404808044434,45957600,0.0,0.0
2013-12-11 00:00:00-05:00,14.773564834414904,14.787641921728461,14.534259719944169,14.696142196655273,66075000,0.0,0.0
2013-12-12 00:00:00-05:00,14.653913764062198,14.660952308433153,14.25976467654417,14.435724258422852,69575100,0.0,0.0
2013-12-13 00:00:00-05:00,14.48499262176216,14.48499262176216,14.23161039610114,14.245687484741211,51883000,0.0,0.0
2013-12-16 00:00:00-05:00,14.323103840104611,14.604638776950523,14.252719770277016,14.555370330810547,54485600,0.0,0.0
2013-12-17 00:00:00-05:00,14.597602630817699,14.872099071472308,14.555372718978074,14.72429370880127,45343300,0.0,0.0
2013-12-18 00:00:00-05:00,14.696142227221397,14.808757583499148,14.44276136737504,14.780603408813477,55495300,0.0,0.0
2013-12-19 00:00:00-05:00,14.82986831665039,14.836906858634347,14.618717426990132,14.82986831665039,36678100,0.0,0.0
2013-12-20 00:00:00-05:00,14.822832370028518,14.956562006209491,14.752448280329856,14.872100830078125,64140500,0.0,0.0
2013-12-23 00:00:00-05:00,14.956557636238811,15.22401548799072,14.93544201275927,15.181785583496094,41245900,0.0,0.0
2013-12-24 00:00:00-05:00,15.10436492038606,15.31551715500886,15.090289178716244,15.26624870300293,18372000,0.0,0.0
2013-12-26 00:00:00-05:00,15.287366698310935,15.39998071379844,15.287366698310935,15.343673706054688,17064400,0.0,0.0
2013-12-27 00:00:00-05:00,15.336634577327237,15.519631322647781,15.32959603443571,15.498517036437988,24098500,0.0,0.0
2013-12-30 00:00:00-05:00,15.484443664550781,15.716710265820439,15.484443664550781,15.66040325164795,27711600,0.0,0.0
2013-12-31 00:00:00-05:00,15.660396378588716,15.815240263988658,15.590012306147099,15.787087440490723,33240500,0.0,0.0
2014-01-02 00:00:00-05:00,15.723259880248655,15.808366076668213,15.538864248603867,15.602693557739258,44377000,0.17,0.0
2014-01-03 00:00:00-05:00,15.6665215463652,15.687798431855965,15.482125930262862,15.588507652282715,36328200,0.0,0.0
2014-01-06 00:00:00-05:00,15.574325505922031,15.765813447236779,15.553049969809638,15.609786987304688,34150300,0.0,0.0
2014-01-07 00:00:00-05:00,15.787087789651823,15.893469511206309,15.709073895910608,15.822547912597656,37368800,0.0,0.0
2014-01-08 00:00:00-05:00,15.808361053466797,15.85800575530451,15.709070297074696,15.808361053466797,38362700,0.0,0.0
2014-01-09 00:00:00-05:00,15.808364265934141,15.822547503115228,15.545954763688298,15.666521072387695,31794000,0.0,0.0
2014-01-10 00:00:00-05:00,15.765809831576286,15.801271304826367,15.595598818126568,15.75871753692627,30318600,0.0,0.0
2014-01-13 00:00:00-05:00,15.879285776089132,16.184247719627578,15.70198244637767,15.737443923950195,59600000,0.0,0.0
2014-01-14 00:00:00-05:00,15.836728999994499,15.971479872274186,15.744531889097882,15.893465995788574,44300800,0.0,0.0
2014-01-15 00:00:00-05:00,15.957299757076804,16.311906418345178,15.900562745382548,16.155879974365234,61767800,0.0,0.0
2014-01-16 00:00:00-05:00,16.205524690508078,16.248077111099505,16.049496893811074,16.155879974365234,38918100,0.0,0.0
2014-01-17 00:00:00-05:00,16.014034158559358,16.155877341033765,16.014034158559358,16.12750816345215,44349100,0.0,0.0
2014-01-21 00:00:00-05:00,16.248080330431026,16.276449518257646,16.05659237075333,16.191343307495117,33423000,0.0,0.0
2014-01-22 00:00:00-05:00,16.248079553316757,16.276448739786535,16.155882402724515,16.198434829711914,30700100,0.0,0.0
2014-01-23 00:00:00-05:00,16.092046833269194,16.205520829623094,15.92892677988332,15.999848365783691,37013600,0.0,0.0
2014-01-24 00:00:00-05:00,15.886378253605251,15.985669039228787,15.723259513054035,15.744536399841309,40917300,0.0,0.0
2014-01-27 00:00:00-05:00,15.439574813378634,15.680707458397427,15.432482517617245,15.602693557739258,60510000,0.0,0.0
2014-01-28 00:00:00-05:00,15.51758546437486,15.602691650390625,15.389928214426618,15.42538833618164,41431800,0.0,0.0
2014-01-29 00:00:00-05:00,15.333196620862497,15.489223105468255,15.319012026066314,15.354472160339355,35406500,0.0,0.0
2014-01-30 00:00:00-05:00,15.439573511998319,15.595599947446303,15.340282732425068,15.588507652282715,42883000,0.0,0.0
2014-01-31 00:00:00-05:00,15.326100675314288,15.595601148704102,15.326100675314288,15.538864135742188,43325300,0.0,0.0
2014-02-03 00:00:00-05:00,15.553047295376649,15.56723188549059,15.219716191283812,15.28354549407959,60693300,0.0,0.0
2014-02-04 00:00:00-05:00,15.304827095477663,15.475038171145123,15.177168450547722,15.460853576660156,46626500,0.0,0.0
2014-02-05 00:00:00-05:00,15.3828365034066,15.652336956038022,15.304822609324113,15.588507652282715,46291400,0.0,0.0
2014-02-06 00:00:00-05:00,15.631064390962596,16.014038933488624,15.581418315391723,15.950209617614746,49584300,0.0,0.0
2014-02-07 00:00:00-05:00,15.97148577062296,16.113327636132713,15.815457960029898,16.07786750793457,54109200,0.0,0.0
2014-02-10 00:00:00-05:00,16.05659237075333,16.226803439561063,15.99985534781742,16.191343307495117,45300500,0.0,0.0
2014-02-11 00:00:00-05:00,16.15587775148224,16.226797991804368,16.07786386386765,16.106231689453125,45804800,0.0,0.0
2014-02-12 00:00:00-05:00,16.03532096134128,16.255176812736288,15.971491625014071,16.20553207397461,69832400,0.0,0.0
2014-02-13 00:00:00-05:00,15.595602537989645,15.794182777404785,15.375746762266706,15.794182777404785,153739400,0.0,0.0
2014-02-14 00:00:00-05:00,15.758715785352473,16.148783831446142,15.744532550345792,15.999848365783691,64513500,0.0,0.0
2014-02-18 00:00:00-05:00,15.950202991582652,15.985664459401875,15.836728999994499,15.893465995788574,31014400,0.0,0.0
2014-02-19 00:00:00-05:00,15.836735382689973,15.999854142250275,15.75872147476234,15.801275253295898,29309100,0.0,0.0
2014-02-20 00:00:00-05:00,15.772900165789288,15.886374160651917,15.716163168357975,15.815452575683594,26215000,0.0,0.0
2014-02-21 00:00:00-05:00,15.865105299848306,15.921842321125052,15.694892883300781,15.694892883300781,31483000,0.0,0.0
2014-02-24 00:00:00-05:00,15.737444170397266,15.843825899346662,15.60269325894559,15.687799453735352,41858000,0.0,0.0
2014-02-25 00:00:00-05:00,15.709073490749835,15.758718202680384,15.432480751298518,15.489217758178711,45303600,0.0,0.0
2014-02-26 00:00:00-05:00,15.489223576415554,15.616882228027805,15.283551003769718,15.55305290222168,43574600,0.0,0.0
2014-02-27 00:00:00-05:00,15.517585524597003,15.638151832835696,15.503402287470111,15.545954704284668,25804000,0.0,0.0
2014-02-28 00:00:00-05:00,15.581419924347612,15.680710733025002,15.389933309670084,15.460853576660156,40863200,0.0,0.0
2014-03-03 00:00:00-05:00,15.29772663116455,15.475029909416744,15.205529521668742,15.29772663116455,37292900,0.0,0.0
2014-03-04 00:00:00-05:00,15.446666883830448,15.5246794306336,15.389929871284025,15.475034713745117,35673900,0.0,0.0
2014-03-05 00:00:00-05:00,15.5317688087637,15.638150518215587,15.467939512549199,15.510493278503418,28203400,0.0,0.0
2014-03-06 00:00:00-05:00,15.517587134975663,15.58850873883796,15.425389996856634,15.475034713745117,23567000,0.0,0.0
2014-03-07 00:00:00-05:00,15.545951392754956,15.56013597957725,15.361555822215088,15.411200523376465,33180000,0.0,0.0
2014-03-10 00:00:00-04:00,15.340285424431734,15.475036350752852,15.319009887924395,15.38283920288086,26163300,0.0,0.0
2014-03-11 00:00:00-04:00,15.50340271554467,15.553047428651913,15.304822510398713,15.326099395751953,34642200,0.0,0.0
2014-03-12 00:00:00-04:00,15.269363550533244,15.545956317607414,15.269363550533244,15.475034713745117,31854300,0.0,0.0
2014-03-13 00:00:00-04:00,15.524682007770885,15.545958898276718,15.248089194781594,15.262273788452148,42144400,0.0,0.0
2014-03-14 00:00:00-04:00,15.283548336038677,15.354469947079224,15.092061744761587,15.141706466674805,38256700,0.0,0.0
2014-03-17 00:00:00-04:00,15.141699697319003,15.33318755570539,15.084962704395254,15.255173683166504,33221900,0.0,0.0
2014-03-18 00:00:00-04:00,15.134610354339404,15.397018490494858,15.099150234118465,15.34028148651123,45849600,0.0,0.0
2014-03-19 00:00:00-04:00,15.382835254036609,15.460847789066051,15.290636777115164,15.34028148651123,32674300,0.0,0.0
2014-03-20 00:00:00-04:00,15.311913320446711,15.60269062848754,15.311913320446711,15.482124328613281,34952800,0.0,0.0
2014-03-21 00:00:00-04:00,15.56013584370599,15.673609831860183,15.304818694000733,15.347371101379395,97372900,0.0,0.0
2014-03-24 00:00:00-04:00,15.375740506464847,15.453754381765144,15.22680504932034,15.29772663116455,32782100,0.0,0.0
2014-03-25 00:00:00-04:00,15.38283881446515,15.858011840077843,15.354469629548719,15.843827247619629,53374300,0.0,0.0
2014-03-26 00:00:00-04:00,15.914742743127839,16.092046022588256,15.829636573791502,15.829636573791504,67098900,0.0,0.0
2014-03-27 00:00:00-04:00,15.694890100823892,15.87928572546196,15.560140544629075,15.616877555847168,52152300,0.0,0.0
2014-03-28 00:00:00-04:00,15.66652277888813,15.985669322772695,15.638153596001903,15.8367338180542,49289400,0.0,0.0
2014-03-31 00:00:00-04:00,15.950202217827304,16.05658391069096,15.886372931565786,15.900557518005371,32887800,0.0,0.0
2014-04-01 00:00:00-04:00,15.972089894172367,16.67305903158061,15.9506311541085,16.522851943969727,80106400,0.19,0.0
2014-04-02 00:00:00-04:00,16.530003587552272,16.544308048883977,16.279657096486073,16.444169998168945,38363700,0.0,0.0
2014-04-03 00:00:00-04:00,16.48708963660585,16.665908402140747,16.45132642921044,16.515701293945312,30311200,0.0,0.0
2014-04-04 00:00:00-04:00,16.651602472565763,16.701671504225306,16.165215254823714,16.243894577026367,49382300,0.0,0.0
2014-04-07 00:00:00-04:00,16.165219216024433,16.501398056887897,16.09369142572096,16.344038009643555,55317100,0.0,0.0
2014-04-08 00:00:00-04:00,16.19382391458518,16.429864585980507,16.165213626923236,16.40840721130371,37373900,0.0,0.0
2014-04-09 00:00:00-04:00,16.45131967153676,16.680207379117082,16.37263901045164,16.537153244018555,37888600,0.0,0.0
2014-04-10 00:00:00-04:00,16.57292452870082,16.637299398424567,16.09369014535681,16.20098114013672,53927000,0.0,0.0
2014-04-11 00:00:00-04:00,16.129447861100413,16.444169187621565,16.04361564022645,16.065073013305664,47253900,0.0,0.0
2014-04-14 00:00:00-04:00,16.186676598120087,16.40841288448877,16.07938559480444,16.344038009643555,35804300,0.0,0.0
2014-04-15 00:00:00-04:00,16.336873607178077,16.45131744548266,16.17236076015001,16.372636795043945,29845400,0.0,0.0
2014-04-16 00:00:00-04:00,16.4727840423584,16.558616279931787,16.329728494030995,16.4727840423584,31451900,0.0,0.0
2014-04-17 00:00:00-04:00,16.458477801960488,16.65875529174097,16.29396488050444,16.601531982421875,47813400,0.0,0.0
2014-04-21 00:00:00-04:00,16.608682778860636,16.873335093609217,16.580072492127027,16.7374324798584,38795200,0.0,0.0
2014-04-22 00:00:00-04:00,16.758895929134486,16.887645666324502,16.737437184843152,16.823270797729492,28725000,0.0,0.0
2014-04-23 00:00:00-04:00,16.823271513119295,16.859034724179978,16.622993984053927,16.8089656829834,29972800,0.0,0.0
2014-04-24 00:00:00-04:00,16.909097498711656,16.909097498711656,16.622987823423866,16.687362670898438,33976700,0.0,0.0
2014-04-25 00:00:00-04:00,16.64444903401233,16.680212237133198,16.365490865410283,16.451324462890625,25087300,0.0,0.0
2014-04-28 00:00:00-04:00,16.558618556535926,16.62299342570612,16.30112044413416,16.465633392333984,36817100,0.0,0.0
2014-04-29 00:00:00-04:00,16.594380850936727,16.601532400502926,16.49424142138525,16.56576919555664,14582400,0.0,0.0
2014-04-30 00:00:00-04:00,16.508551476358747,16.55146760613943,16.394107554090823,16.530010223388672,23979300,0.0,0.0
2014-05-01 00:00:00-04:00,16.55146024680875,16.558613159304972,16.38694735223142,16.45847511291504,17463700,0.0,0.0
2014-05-02 00:00:00-04:00,16.53000400349395,16.5371569164791,16.37979555936311,16.40840721130371,18757000,0.0,0.0
2014-05-05 00:00:00-04:00,16.379792405982354,16.451320157784924,16.251042725593408,16.42270851135254,17859200,0.0,0.0
2014-05-06 00:00:00-04:00,16.336880732704287,16.372643936168707,16.18667227674045,16.251047134399414,21815200,0.0,0.0
2014-05-07 00:00:00-04:00,16.25104886665358,16.379798595695377,16.043619808747614,16.358341217041016,38895200,0.0,0.0
2014-05-08 00:00:00-04:00,16.379799778680724,16.572924386191307,16.279661699651093,16.465633392333984,32181400,0.0,0.0
2014-05-09 00:00:00-04:00,16.422715903367852,16.53000826150418,16.3941056083361,16.465633392333984,22593900,0.0,0.0
2014-05-12 00:00:00-04:00,16.479935895475396,16.694517839876166,16.45132424193997,16.58722686767578,40216100,0.0,0.0
2014-05-13 00:00:00-04:00,16.551460946213506,16.601529971524208,16.279657081264578,16.351184844970703,57933100,0.0,0.0
2014-05-14 00:00:00-04:00,16.39410849282053,16.487093673382876,16.186678019157924,16.315427780151367,59330100,0.0,0.0
2014-05-15 00:00:00-04:00,17.359723978013253,17.660139522211363,17.25243300457366,17.29534912109375,120944500,0.0,0.0
2014-05-16 00:00:00-04:00,17.266737246807658,17.488473468601466,17.209515304085098,17.431251525878906,40477000,0.0,0.0
2014-05-19 00:00:00-04:00,17.338269522532755,17.488478013893182,17.2524372682803,17.416950225830078,39388900,0.0,0.0
2014-05-20 00:00:00-04:00,17.35256800447227,17.445553134581264,17.180902204385934,17.252429962158203,56321600,0.0,0.0
2014-05-21 00:00:00-04:00,17.323961788858057,17.631530288744642,17.288198580894985,17.509933471679688,65262600,0.0,0.0
2014-05-22 00:00:00-04:00,17.467017648884973,17.552851259459185,17.374032488018624,17.438405990600586,26751000,0.0,0.0
2014-05-23 00:00:00-04:00,17.438400478411758,17.574303083746575,17.416943105759987,17.53853988647461,27778000,0.0,0.0
2014-05-27 00:00:00-04:00,17.695902939267324,17.796041000451446,17.61722225446336,17.6744441986084,32365700,0.0,0.0
2014-05-28 00:00:00-04:00,17.61722350580708,17.831806834801796,17.61722350580708,17.75312614440918,28650600,0.0,0.0
2014-05-29 00:00:00-04:00,17.774581405808426,17.824650430151888,17.567151031495698,17.652984619140625,21642000,0.0,0.0
2014-05-30 00:00:00-04:00,17.674444677414122,17.70305633240112,17.509931754075286,17.610071182250977,29368700,0.0,0.0
2014-06-02 00:00:00-04:00,17.624374585415737,17.73881846992269,17.56715264316226,17.72451400756836,20393300,0.0,0.0
2014-06-03 00:00:00-04:00,17.703053643484086,17.753122667827547,17.488471720789658,17.652984619140625,23339100,0.0,0.0
2014-06-04 00:00:00-04:00,17.60291544604828,17.631525732169095,17.452707010008602,17.524234771728516,20635100,0.0,0.0
2014-06-05 00:00:00-04:00,17.6100716015264,17.695903839973358,17.459863137825973,17.667293548583984,23320300,0.0,0.0
2014-06-06 00:00:00-04:00,17.68875092688718,17.84611230451205,17.674445099052406,17.760278701782227,22485100,0.0,0.0
2014-06-09 00:00:00-04:00,17.731671386172966,17.846115299499825,17.68160098034829,17.73882293701172,18818400,0.0,0.0
2014-06-10 00:00:00-04:00,17.688747630184224,17.953399938688236,17.595762495145753,17.881872177124023,36582000,0.0,0.0
2014-06-11 00:00:00-04:00,17.774587378356866,18.003475203281887,17.731671252253186,17.910490036010742,36170300,0.0,0.0
2014-06-12 00:00:00-04:00,17.846115676400597,17.88903180373477,17.61007492964401,17.63868522644043,26900400,0.0,0.0
2014-06-13 00:00:00-04:00,17.645834806832827,17.724515495641565,17.595765773692296,17.667293548583984,20947600,0.0,0.0
2014-06-16 00:00:00-04:00,17.538543344824372,17.68875044011955,17.48847431305931,17.545696258544922,19251300,0.0,0.0
2014-06-17 00:00:00-04:00,17.517081859128666,17.610068358648128,17.45985992260845,17.524234771728516,17972800,0.0,0.0
2014-06-18 00:00:00-04:00,17.667294138715864,17.70305734521687,17.495626927530164,17.617223739624023,24723700,0.0,0.0
2014-06-19 00:00:00-04:00,17.61007070518915,17.6744441986084,17.4884739033461,17.6744441986084,20646800,0.0,0.0
2014-06-20 00:00:00-04:00,17.617223151992135,17.81034773492511,17.60291868843619,17.760278701782227,39707300,0.0,0.0
2014-06-23 00:00:00-04:00,17.745972873113892,17.810347734088527,17.631528978998723,17.667293548583984,18751100,0.0,0.0
2014-06-24 00:00:00-04:00,17.610071117751083,17.695903353840098,17.538543344824372,17.545696258544922,24302000,0.0,0.0
2014-06-25 00:00:00-04:00,17.559994273892617,17.724508500500082,17.459856247131953,17.681591033935547,22579500,0.0,0.0
2014-06-26 00:00:00-04:00,17.638685584481454,17.74597658713429,17.509935835586404,17.631532669067383,19134400,0.0,0.0
2014-06-27 00:00:00-04:00,17.595765773692296,17.724515495641565,17.509932170966504,17.667293548583984,34999300,0.0,0.0
2014-06-30 00:00:00-04:00,17.645839780336654,17.810352753960558,17.610076564950315,17.77458953857422,23992100,0.0,0.0
2014-07-01 00:00:00-04:00,17.874725394446465,17.960559010614766,17.717365356463464,17.93910026550293,34613200,0.0,0.0
2014-07-02 00:00:00-04:00,17.996753914892047,18.119278929818208,17.924681508800326,18.03999900817871,30197200,0.19,0.0
2014-07-03 00:00:00-04:00,18.126491051698366,18.198564850798622,18.11207601693964,18.15532112121582,19598800,0.0,0.0
2014-07-07 00:00:00-04:00,18.01837813221351,18.198561913535645,17.996755583565317,18.184146881103516,21293500,0.0,0.0
2014-07-08 00:00:00-04:00,18.16973681000004,18.241810617147603,18.06162678662546,18.06883430480957,34622900,0.0,0.0
2014-07-09 00:00:00-04:00,18.176938120649826,18.37874443680622,18.119279369561294,18.335500717163086,35610300,0.0,0.0
2014-07-10 00:00:00-04:00,18.198560667817922,18.393159468251618,18.176938120649826,18.335500717163086,27278600,0.0,0.0
2014-07-11 00:00:00-04:00,18.393156051635742,18.48685098924043,18.335497311257594,18.393156051635742,20945900,0.0,0.0
2014-07-14 00:00:00-04:00,18.45802573506285,18.486854423260585,18.30667065427229,18.335500717163086,19243600,0.0,0.0
2014-07-15 00:00:00-04:00,18.292254567025687,18.508475902147513,18.277840911105287,18.50126838684082,29468800,0.0,0.0
2014-07-16 00:00:00-04:00,18.54451334241583,18.775148348860178,18.54451334241583,18.72469711303711,40458600,0.0,0.0
2014-07-17 00:00:00-04:00,18.62379773425099,18.73911525662398,18.436406416721553,18.472442626953125,29568000,0.0,0.0
2014-07-18 00:00:00-04:00,18.522890235339112,18.710280127485603,18.501267690233167,18.674243927001953,25465300,0.0,0.0
2014-07-21 00:00:00-04:00,18.659831115022655,18.70307621037509,18.53730609424362,18.63100242614746,20825400,0.0,0.0
2014-07-22 00:00:00-04:00,18.703075408935547,18.796770362131404,18.674245346602646,18.703075408935547,28734800,0.0,0.0
2014-07-23 00:00:00-04:00,18.537306854730733,18.587759468045043,18.414781828925143,18.50847816467285,28759200,0.0,0.0
2014-07-24 00:00:00-04:00,18.580550481786165,18.667037919810177,18.508476700304122,18.616586685180664,21876300,0.0,0.0
2014-07-25 00:00:00-04:00,18.59496043613917,18.75352299876904,18.508473015334488,18.717485427856445,28640100,0.0,0.0
2014-07-28 00:00:00-04:00,18.544511758594684,18.73911054417201,18.42919426522137,18.68145179748535,27686400,0.0,0.0
2014-07-29 00:00:00-04:00,18.652626818046443,18.746323166119627,18.515688116544606,18.530101776123047,22441500,0.0,0.0
2014-07-30 00:00:00-04:00,18.616590217266015,18.62379773425099,18.35712510458013,18.472442626953125,26119900,0.0,0.0
2014-07-31 00:00:00-04:00,18.36433066242565,18.378745694857777,18.140903158500286,18.184146881103516,28219900,0.0,0.0
2014-08-01 00:00:00-04:00,18.11927977707819,18.169731013578712,17.874229735767294,18.01837730407715,28609200,0.0,0.0
2014-08-04 00:00:00-04:00,17.975132831217866,18.17693776877459,17.917474081245512,18.140901565551758,17252200,0.0,0.0
2014-08-05 00:00:00-04:00,18.032789358752765,18.10486313100879,17.924679387715162,17.99675178527832,21176500,0.0,0.0
2014-08-06 00:00:00-04:00,17.96792984008789,18.169734828460555,17.910271075596647,17.96792984008789,20990600,0.0,0.0
2014-08-07 00:00:00-04:00,18.025584735080866,18.097658518896402,17.794949726625614,17.9174747467041,24123500,0.0,0.0
2014-08-08 00:00:00-04:00,17.924681508800326,18.061620180129015,17.83098518137225,18.03999900817871,21648600,0.0,0.0
2014-08-11 00:00:00-04:00,18.083244403464928,18.285050733435256,18.025585648429573,18.184146881103516,25946200,0.0,0.0
2014-08-12 00:00:00-04:00,18.169727629798697,18.2129727170539,18.018373948483994,18.126483917236328,21928200,0.0,0.0
2014-08-13 00:00:00-04:00,18.1409026289849,18.212976414348624,17.96792636892784,18.162525177001953,43708600,0.0,0.0
2014-08-14 00:00:00-04:00,17.975131884705572,17.975131884705572,17.528275564930055,17.686838150024414,63790200,0.0,0.0
2014-08-15 00:00:00-04:00,17.773329877104846,17.773329877104846,17.49224358971711,17.607561111450195,33624000,0.0,0.0
2014-08-18 00:00:00-04:00,17.650804590599964,17.773329627557715,17.607560864230546,17.751707077026367,27666900,0.0,0.0
2014-08-19 00:00:00-04:00,17.7517036173734,17.794948710008,17.730082445749108,17.7589111328125,20347000,0.0,0.0
2014-08-20 00:00:00-04:00,17.694046808564426,17.838194383765043,17.672425634569546,17.809364318847656,20228900,0.0,0.0
2014-08-21 00:00:00-04:00,17.838197768532318,17.95351530069685,17.816575215741434,17.93910026550293,20880800,0.0,0.0
2014-08-22 00:00:00-04:00,17.92468736985401,17.996759799512127,17.75891720743729,17.766124725341797,22453700,0.0,0.0
2014-08-25 00:00:00-04:00,17.802160263061523,17.903062752708074,17.794952745987725,17.802160263061523,19355800,0.0,0.0
2014-08-26 00:00:00-04:00,17.80215547717537,17.96792420122795,17.78053293176692,17.88143539428711,17053400,0.0,0.0
2014-08-27 00:00:00-04:00,17.867027103242783,17.91747834965075,17.80936696484126,17.87423324584961,15748800,0.0,0.0
2014-08-28 00:00:00-04:00,17.80216447332654,17.946310724813582,17.758919360656144,17.910274505615234,15506400,0.0,0.0
2014-08-29 00:00:00-04:00,17.94630506708011,18.011171340942383,17.845402585380228,18.011171340942383,17972300,0.0,0.0
2014-09-02 00:00:00-04:00,17.975139411698716,18.018383146335733,17.838199314872373,17.931894302368164,19836000,0.0,0.0
2014-09-03 00:00:00-04:00,17.97513499619128,18.11207368468574,17.960719963288746,18.047208786010742,22043200,0.0,0.0
2014-09-04 00:00:00-04:00,18.076037220316877,18.119280943716912,17.895853435674688,17.95351219177246,20268900,0.0,0.0
2014-09-05 00:00:00-04:00,17.917474831076106,18.06882854057767,17.917474831076106,18.01837730407715,19865200,0.0,0.0
2014-09-08 00:00:00-04:00,17.967921016594143,18.083238488947764,17.88143222498257,17.982336044311523,14188500,0.0,0.0
2014-09-09 00:00:00-04:00,17.93188840371274,17.996754671677415,17.73008345866094,17.9174747467041,19075800,0.0,0.0
2014-09-10 00:00:00-04:00,17.903063558198568,18.018381087181055,17.903063558198568,17.96792984008789,15738500,0.0,0.0
2014-09-11 00:00:00-04:00,17.960721926595145,18.16252828521068,17.9102706806146,18.148113250732422,22105400,0.0,0.0
2014-09-12 00:00:00-04:00,18.133695602416992,18.205769389726022,18.06882933130818,18.133695602416992,33197300,0.0,0.0
2014-09-15 00:00:00-04:00,17.982342687281434,18.083245169192697,17.92468392980454,18.061622619628906,33411400,0.0,0.0
2014-09-16 00:00:00-04:00,18.01837778103652,18.32108658274566,18.00396274888534,18.176939010620117,31902300,0.0,0.0
2014-09-17 00:00:00-04:00,18.119274197127087,18.24179918005015,18.068822976163357,18.16972541809082,25703300,0.0,0.0
2014-09-18 00:00:00-04:00,18.140902804935294,18.212976590998068,18.126487772784113,18.176939010620117,15939900,0.0,0.0
2014-09-19 00:00:00-04:00,18.169731318314522,18.234597587672557,18.025585122280194,18.162525177001953,47343700,0.0,0.0
2014-09-22 00:00:00-04:00,18.15531435918015,18.15531435918015,17.917471873020272,17.99675178527832,21346700,0.0,0.0
2014-09-23 00:00:00-04:00,17.924685303929472,18.04000282772362,17.780537711840125,17.802160263061523,20747900,0.0,0.0
2014-09-24 00:00:00-04:00,17.823777797167228,18.047206656715687,17.751704015851374,18.00396156311035,19700400,0.0,0.0
2014-09-25 00:00:00-04:00,17.98954554041991,17.98954554041991,17.658008089209815,17.686838150024414,27242000,0.0,0.0
2014-09-26 00:00:00-04:00,17.658009757995607,18.083243572347275,17.629179694456397,18.01837730407715,29863700,0.0,0.0
2014-09-29 00:00:00-04:00,17.823780286264146,18.16252669334681,17.823780286264146,18.104867935180664,28707700,0.0,0.0
2014-09-30 00:00:00-04:00,18.083079532509966,18.33725964622434,18.04676868133799,18.27916145324707,36919300,0.19,0.0
2014-10-01 00:00:00-04:00,18.30094906944906,18.337259921165465,18.11212959314931,18.177490234375,44916200,0.0,0.0
2014-10-02 00:00:00-04:00,18.192013523169805,18.235588206904886,17.974145645175152,18.199275970458984,28334000,0.0,0.0
2014-10-03 00:00:00-04:00,18.308213385307152,18.42441117882423,18.184755913463004,18.380836486816406,29038300,0.0,0.0
2014-10-06 00:00:00-04:00,18.409877650762105,18.460713382435173,18.1266478261739,18.162960052490234,23952600,0.0,0.0
2014-10-07 00:00:00-04:00,18.16296348397293,18.337258047710964,17.857947651138858,17.894258499145508,29309600,0.0,0.0
2014-10-08 00:00:00-04:00,17.84342802718071,17.92331357859028,17.560199450612913,17.908788681030273,40348300,0.0,0.0
2014-10-09 00:00:00-04:00,17.79985575493713,17.89426482422721,17.56020047194018,17.567462921142578,29341200,0.0,0.0
2014-10-10 00:00:00-04:00,17.364112656638103,17.436735739056694,16.950162887573242,16.950162887573242,48313600,0.0,0.0
2014-10-13 00:00:00-04:00,16.877536963443724,17.03004554936154,16.652406692504883,16.652406692504883,33227700,0.0,0.0
2014-10-14 00:00:00-04:00,16.746826171875,16.957433068427353,16.67420305633382,16.746826171875,29317500,0.0,0.0
2014-10-15 00:00:00-04:00,16.550735011579697,16.81217612165242,16.332865803820955,16.674192428588867,40079600,0.0,0.0
2014-10-16 00:00:00-04:00,16.44906619197715,16.76134449668053,16.3837055521476,16.572525024414062,30929300,0.0,0.0
2014-10-17 00:00:00-04:00,16.688725617738633,16.94290579392691,16.645152308588525,16.884807586669922,28485000,0.0,0.0
2014-10-20 00:00:00-04:00,16.630619355896666,16.761340605206268,16.4781121551487,16.652406692504883,34386900,0.0,0.0
2014-10-21 00:00:00-04:00,16.7758702320422,17.13898430033242,16.674197351005173,17.073623657226562,33712700,0.0,0.0
2014-10-22 00:00:00-04:00,17.18982038661142,17.1970828343406,16.877542060108045,16.892066955566406,25172900,0.0,0.0
2014-10-23 00:00:00-04:00,17.146246827222456,17.255180771179308,17.00826309278631,17.117197036743164,21669900,0.0,0.0
2014-10-24 00:00:00-04:00,17.138985431236943,17.284230237034766,17.037312543491097,17.26970672607422,19942900,0.0,0.0
2014-10-27 00:00:00-04:00,17.15351076108911,17.29149312231033,17.138985864590968,17.25518226623535,16862700,0.0,0.0
2014-10-28 00:00:00-04:00,17.29875152446451,17.480308532714844,17.29875152446451,17.480308532714844,17798600,0.0,0.0
2014-10-29 00:00:00-04:00,17.436735541229282,17.647340954166694,17.371374906311104,17.50209617614746,18885500,0.0,0.0
2014-10-30 00:00:00-04:00,17.429473526626644,17.53840745913404,17.342325549518666,17.487571716308594,32212000,0.0,0.0
2014-10-31 00:00:00-04:00,17.857953361206274,17.894264220823295,17.56019987980109,17.77080535888672,30379100,0.0,0.0
2014-11-03 00:00:00-05:00,17.756277981419476,17.857949474354346,17.756277981419476,17.85068702697754,16383400,0.0,0.0
2014-11-04 00:00:00-05:00,17.86521660740408,18.090346994451227,17.85069170884089,18.068559646606445,24620900,0.0,0.0
2014-11-05 00:00:00-05:00,18.133911922410427,18.279158070559866,18.039502895732237,18.264633178710938,21979600,0.0,0.0
2014-11-06 00:00:00-05:00,18.228322297283142,18.35904355331849,18.170224115175202,18.344518661499023,18373700,0.0,0.0
2014-11-07 00:00:00-05:00,18.373569790990366,18.44619287571237,18.27189830348164,18.395357131958008,34001900,0.0,0.0
2014-11-10 00:00:00-05:00,18.184749043881677,18.32273136093673,18.068551294260168,18.264633178710938,32152700,0.0,0.0
2014-11-11 00:00:00-05:00,18.30094540833326,18.3082064690878,18.17022415203275,18.264633178710938,19801700,0.0,0.0
2014-11-12 00:00:00-05:00,18.090347575817866,18.293692006725646,18.068560227272908,18.235593795776367,42258800,0.0,0.0
2014-11-13 00:00:00-05:00,18.104863255725647,18.802041432109014,18.068551026641153,18.649534225463867,57138800,0.0,0.0
2014-11-14 00:00:00-05:00,18.70763532926539,19.12884755625634,18.627749797969997,19.114322662353516,48667000,0.0,0.0
2014-11-17 00:00:00-05:00,18.961817775455188,19.28135716978973,18.881932234286403,19.22325897216797,33224000,0.0,0.0
2014-11-18 00:00:00-05:00,19.245045823333196,19.41934041173918,19.172422731871475,19.317668914794922,27223100,0.0,0.0
2014-11-19 00:00:00-05:00,19.30314137718345,19.3321911638598,19.099797025959198,19.31040382385254,19882500,0.0,0.0
2014-11-20 00:00:00-05:00,19.237782021248833,19.491962130884385,19.136110531462677,19.47017478942871,23440100,0.0,0.0
2014-11-21 00:00:00-05:00,19.571848484733124,19.644470188955633,19.368504111467534,19.521011352539062,31912100,0.0,0.0
2014-11-24 00:00:00-05:00,19.52100853669562,19.695304480164616,19.52100853669562,19.62994384765625,26994800,0.0,0.0
2014-11-25 00:00:00-05:00,19.629949216993708,19.82602978298229,19.629949216993708,19.811506271362305,28110100,0.0,0.0
2014-11-26 00:00:00-05:00,19.826028329434113,19.942224724897425,19.7098319339708,19.920438766479492,19466000,0.0,0.0
2014-11-28 00:00:00-05:00,19.985798043070382,20.17461751905693,19.869601655566385,20.07294464111328,18138900,0.0,0.0
2014-12-01 00:00:00-05:00,19.971271900807363,20.05115743166503,19.847813073650112,20.036632537841797,19670200,0.0,0.0
2014-12-02 00:00:00-05:00,20.04389131765104,20.30533243278706,20.04389131765104,20.20366096496582,28247400,0.0,0.0
2014-12-03 00:00:00-05:00,20.12377687890384,20.327121214167693,19.978532112432482,20.298072814941406,27858600,0.0,0.0
2014-12-04 00:00:00-05:00,20.27627893298742,20.32711465410495,20.029361385985556,20.16734504699707,23797800,0.0,0.0
2014-12-05 00:00:00-05:00,20.18187831574945,20.225451611207045,19.89864843234986,19.971271514892578,26722300,0.0,0.0
2014-12-08 00:00:00-05:00,19.913174076911726,19.993059609238582,19.717092162202242,19.775190353393555,24275900,0.0,0.0
2014-12-09 00:00:00-05:00,19.571846982314277,19.956746971759785,19.484699004698815,19.91317367553711,25885900,0.0,0.0
2014-12-10 00:00:00-05:00,19.79697859813287,19.86960168672932,19.455651882450827,19.513750076293945,31773400,0.0,0.0
2014-12-11 00:00:00-05:00,19.586366222648945,19.86959604929971,19.56458027187029,19.60089111328125,22902400,0.0,0.0
2014-12-12 00:00:00-05:00,19.397553468028786,19.717094245935645,19.390292405386386,19.506488800048828,27032000,0.0,0.0
2014-12-15 00:00:00-05:00,19.528275919119988,19.73162031445164,19.230522466952078,19.375768661499023,27503200,0.0,0.0
2014-12-16 00:00:00-05:00,19.245043189000818,19.73161603446915,18.99086309626302,19.31040382385254,36622000,0.0,0.0
2014-12-17 00:00:00-05:00,19.33219244905326,19.535535428625572,19.22325712694505,19.47017478942871,36617700,0.0,0.0
2014-12-18 00:00:00-05:00,19.637204004735263,20.087464548223178,19.637204004735263,20.080202102661133,34927700,0.0,0.0
2014-12-19 00:00:00-05:00,20.080197107103086,20.22544321186989,20.00757405471968,20.16734504699707,59644100,0.0,0.0
2014-12-22 00:00:00-05:00,20.18913815634395,20.544991100764847,20.15282730985366,20.49415397644043,28858600,0.0,0.0
2014-12-23 00:00:00-05:00,20.494154280553566,20.69749862535865,20.47236832640411,20.515941619873047,23538600,0.0,0.0
2014-12-24 00:00:00-05:00,20.544988848081356,20.762856673474708,20.544988848081356,20.552249908447266,11411200,0.0,0.0
2014-12-26 00:00:00-05:00,20.69749017143599,20.69749017143599,20.537720570528016,20.58855628967285,9739600,0.0,0.0
2014-12-29 00:00:00-05:00,20.588569059137637,20.748338759138147,20.566781715204254,20.668453216552734,13445600,0.0,0.0
2014-12-30 00:00:00-05:00,20.653925288888768,20.682973689417572,20.5595148705376,20.595827102661133,15487700,0.0,0.0
2014-12-31 00:00:00-05:00,20.5377265359311,20.632135558169413,20.196398519382896,20.20366096496582,21478700,0.0,0.0
2015-01-02 00:00:00-05:00,20.371848573826465,20.561966491123744,20.020860898595448,20.189043045043945,22926500,0.19,0.0
2015-01-05 00:00:00-05:00,19.97698310545133,20.072042738337075,19.742992308648205,19.786865234375,29460600,0.0,0.0
2015-01-06 00:00:00-05:00,19.84536637175333,20.240226955788927,19.77224528110561,19.779556274414062,47297600,0.0,0.0
2015-01-07 00:00:00-05:00,19.845364971663276,20.03548286226441,19.72836956124647,19.962360382080078,27570800,0.0,0.0
2015-01-08 00:00:00-05:00,20.137854367702857,20.540025906195012,20.086667656620797,20.115917205810547,40907000,0.0,0.0
2015-01-09 00:00:00-05:00,20.232916183789236,20.525404753827384,20.07204781894213,20.320663452148438,33619600,0.0,0.0
2015-01-12 00:00:00-05:00,20.47421788164211,20.620462852960575,20.342597686394573,20.510778427124023,38648400,0.0,0.0
2015-01-13 00:00:00-05:00,20.62777387216655,20.986073912876535,20.40109542156456,20.547340393066406,36074200,0.0,0.0
2015-01-14 00:00:00-05:00,20.357222276906825,20.51077824016566,20.2109773069214,20.415719985961914,29494400,0.0,0.0
2015-01-15 00:00:00-05:00,20.540026371194653,20.62046123859213,19.998922251191832,20.042795181274414,29521100,0.0,0.0
2015-01-16 00:00:00-05:00,20.006234025395297,20.306034928711053,19.8965496115081,20.240224838256836,26655100,0.0,0.0
2015-01-20 00:00:00-05:00,20.298723631298856,20.671647032329698,20.225601149679907,20.525402069091797,33684200,0.0,0.0
2015-01-21 00:00:00-05:00,20.518089949298915,20.613149595053038,20.2548509646079,20.357221603393555,29298500,0.0,0.0
2015-01-22 00:00:00-05:00,20.145166983625753,20.847140879097616,19.903863762146916,20.839828491210938,49494700,0.0,0.0
2015-01-23 00:00:00-05:00,20.737461542744803,20.83983220199587,20.576591769983843,20.627777099609375,21802500,0.0,0.0
2015-01-26 00:00:00-05:00,20.635089404134437,20.642401793293175,20.254854930749573,20.45228385925293,18370100,0.0,0.0
2015-01-27 00:00:00-05:00,20.123226652564703,20.174411961471947,19.494375383829848,19.66986846923828,46110500,0.0,0.0
2015-01-28 00:00:00-05:00,20.028167875759326,20.181725203689105,19.596746832821303,19.60405921936035,32381700,0.0,0.0
2015-01-29 00:00:00-05:00,19.552879527634527,19.969675917278636,19.4797570359243,19.903865814208984,28095400,0.0,0.0
2015-01-30 00:00:00-05:00,19.655245812225438,19.82342792420106,19.245761902200698,19.282323837280273,38419100,0.0,0.0
2015-02-02 00:00:00-05:00,19.296956102048895,19.647943866951767,18.953282122224845,19.618694305419922,29417000,0.0,0.0
2015-02-03 00:00:00-05:00,19.669870252743518,19.830739974975586,19.516314312098576,19.830739974975586,28044300,0.0,0.0
2015-02-04 00:00:00-05:00,19.786864883856634,19.903860280185658,19.457815854691933,19.516313552856445,27696300,0.0,0.0
2015-02-05 00:00:00-05:00,19.560195303122544,19.962366985121523,19.435887464099917,19.93311882019043,20548400,0.0,0.0
2015-02-06 00:00:00-05:00,20.013543359036525,20.225596977827163,19.84536126759459,19.91848373413086,25482400,0.0,0.0
2015-02-09 00:00:00-05:00,19.896548667612567,20.042793616060777,19.78686565362401,19.830739974975586,23681000,0.0,0.0
2015-02-10 00:00:00-05:00,19.85999034821196,20.137855502390074,19.852677960502497,20.101293563842773,22250300,0.0,0.0
2015-02-11 00:00:00-05:00,20.21829195562355,20.21829195562355,19.669875348899424,19.69181251525879,46213500,0.0,0.0
2015-02-12 00:00:00-05:00,21.198125705866893,21.629546799339927,21.08844268432356,21.541799545288086,117439100,0.0,0.0
2015-02-13 00:00:00-05:00,21.48329738457086,21.571044620421425,21.285868544623337,21.519859313964844,50656700,0.0,0.0
2015-02-17 00:00:00-05:00,21.39555501417977,21.46136510306959,21.22737429577034,21.43211555480957,34217200,0.0,0.0
2015-02-18 00:00:00-05:00,21.34436803846658,21.607606978846178,21.293182727689857,21.56373405456543,24503700,0.0,0.0
2015-02-19 00:00:00-05:00,21.43211555480957,21.490613256634383,21.300495377029936,21.43211555480957,21477800,0.0,0.0
2015-02-20 00:00:00-05:00,21.461365651305545,21.688044077330346,21.32243308291184,21.6514835357666,25985600,0.0,0.0
2015-02-23 00:00:00-05:00,21.66611099243164,21.68073576968715,21.512555015335355,21.66611099243164,24026800,0.0,0.0
2015-02-24 00:00:00-05:00,21.61492566673288,21.724608706758158,21.51986740396311,21.66611099243164,18479500,0.0,0.0
2015-02-25 00:00:00-05:00,21.52717351678066,21.622231751838132,21.439426273524052,21.56373405456543,17368100,0.0,0.0
2015-02-26 00:00:00-05:00,21.585679127012412,21.929353050137912,21.585679127012412,21.8708553314209,28305200,0.0,0.0
2015-02-27 00:00:00-05:00,21.856225259159576,21.870850033970395,21.48330186965544,21.57836151123047,29135500,0.0,0.0
2015-03-02 00:00:00-05:00,21.46868341609301,22.163343642671453,21.454058637926153,22.075597763061523,35981900,0.0,0.0
2015-03-03 00:00:00-05:00,22.00978378906481,22.02440856466221,21.549113120614166,21.600299835205078,32990300,0.0,0.0
2015-03-04 00:00:00-05:00,21.46137160473242,21.585679433105764,21.28587844609282,21.446746826171875,32866900,0.0,0.0
2015-03-05 00:00:00-05:00,21.549108650201998,21.56373342276546,21.29318210381682,21.424800872802734,17985000,0.0,0.0
2015-03-06 00:00:00-05:00,21.28588086800537,21.402876320410208,21.059200958612166,21.154260635375977,27035000,0.0,0.0
2015-03-09 00:00:00-04:00,21.132316566223203,21.534489522931047,21.029945927462645,21.468679428100586,23007700,0.0,0.0
2015-03-10 00:00:00-04:00,21.315118097799473,21.32974287052063,20.956819534301758,20.956819534301758,26542300,0.0,0.0
2015-03-11 00:00:00-04:00,20.971448566906506,21.02994627497854,20.627773311624864,20.664335250854492,25160200,0.0,0.0
2015-03-12 00:00:00-04:00,20.510779021577108,20.869079072222227,20.510779021577108,20.64971160888672,22978700,0.0,0.0
2015-03-13 00:00:00-04:00,20.488833682498317,20.664326734387803,20.159783338521283,20.430335998535156,36511000,0.0,0.0
2015-03-16 00:00:00-04:00,20.5473427558639,20.75208406587578,20.50346981724644,20.693586349487305,25358900,0.0,0.0
2015-03-17 00:00:00-04:00,20.613150003146764,20.678960099296244,20.43765687831327,20.583900451660156,21895700,0.0,0.0
2015-03-18 00:00:00-04:00,20.386470163211712,20.722833031830774,20.269474746656048,20.583900451660156,34910900,0.0,0.0
2015-03-19 00:00:00-04:00,20.547339834710428,20.869077926454295,20.49615451448432,20.664335250854492,27980400,0.0,0.0
2015-03-20 00:00:00-04:00,20.803262321822686,20.927570092895923,20.70820269969286,20.795949935913086,37628700,0.0,0.0
2015-03-23 00:00:00-04:00,20.79595831524961,20.978763852562683,20.73746059909725,20.77402114868164,23478600,0.0,0.0
2015-03-24 00:00:00-04:00,20.68627344251529,20.89101473359551,20.466905980320917,20.474218368530273,23263600,0.0,0.0
2015-03-25 00:00:00-04:00,20.415721960180335,20.54002977828,20.07935905456543,20.07935905456543,27158700,0.0,0.0
2015-03-26 00:00:00-04:00,19.881920292151975,19.96966612341402,19.465124106920165,19.80879783630371,48928100,0.0,0.0
2015-03-27 00:00:00-04:00,19.794185528426677,19.89655619424894,19.69912725226253,19.838058471679688,20464500,0.0,0.0
2015-03-30 00:00:00-04:00,19.903868365309357,20.291416644759174,19.903868365309357,20.218294143676758,29056300,0.0,0.0
2015-03-31 00:00:00-04:00,20.14460917836982,20.40249582276037,20.100400481018887,20.284605026245117,29258300,0.21,0.0
2015-04-01 00:00:00-04:00,20.122505361439902,20.36565531983997,19.967774208534962,20.078296661376953,22420500,0.0,0.0
2015-04-02 00:00:00-04:00,20.056193366746268,20.26250299407344,19.989879608154297,19.989879608154297,19527200,0.0,0.0
2015-04-06 00:00:00-04:00,19.864613815709223,20.129868761588362,19.77619643732877,20.05618667602539,20004000,0.0,0.0
2015-04-07 00:00:00-04:00,20.04145544509955,20.306709039369935,19.98987699099361,20.18144989013672,16861800,0.0,0.0
2015-04-08 00:00:00-04:00,20.166709419319123,20.380385910020856,20.166709419319123,20.299335479736328,19076400,0.0,0.0
2015-04-09 00:00:00-04:00,20.328810098045356,20.439332524396093,20.20355097341615,20.3582820892334,16684500,0.0,0.0
2015-04-10 00:00:00-04:00,20.321444241996602,20.68985331194242,20.306707541910193,20.660381317138672,24634600,0.0,0.0
2015-04-13 00:00:00-04:00,20.62353923310265,20.83721716478971,20.586698888852005,20.61617088317871,22769600,0.0,0.0
2015-04-14 00:00:00-04:00,20.630909240174976,20.675117937900556,20.395127645146328,20.49091339111328,19296300,0.0,0.0
2015-04-15 00:00:00-04:00,20.704588727226746,20.940370292501836,20.608801587978128,20.81511116027832,31160900,0.0,0.0
2015-04-16 00:00:00-04:00,20.77090273678779,21.102470040231093,20.70458899502533,21.072998046875,29863500,0.0,0.0
2015-04-17 00:00:00-04:00,20.822484495696948,20.925638603862254,20.55722946856408,20.57196617126465,36904700,0.0,0.0
2015-04-20 00:00:00-04:00,20.74880317763974,21.095107272073687,20.74880317763974,20.98458480834961,21921800,0.0,0.0
2015-04-21 00:00:00-04:00,21.161414479471542,21.308778655723607,21.1172057887435,21.139310836791992,23956900,0.0,0.0
2015-04-22 00:00:00-04:00,21.124576475215125,21.212995271822386,20.940371937205008,21.087736129760742,19111700,0.0,0.0
2015-04-23 00:00:00-04:00,20.925638846972536,21.235102580433065,20.778276034362825,21.131948471069336,22230100,0.0,0.0
2015-04-24 00:00:00-04:00,21.507721206502417,21.574034949393397,21.12457544876988,21.235097885131836,27145600,0.0,0.0
2015-04-27 00:00:00-04:00,21.279306149853515,21.38982998935759,21.154047016402025,21.28667449951172,22952000,0.0,0.0
2015-04-28 00:00:00-04:00,21.22036034568792,21.610874437771887,21.190888352996677,21.603506088256836,24315300,0.0,0.0
2015-04-29 00:00:00-04:00,21.411937977007582,21.551933838177778,21.294047169296668,21.404569625854492,22463700,0.0,0.0
2015-04-30 00:00:00-04:00,21.257204581003773,21.382463726680864,21.13194543532668,21.242467880249023,26514500,0.0,0.0
2015-05-01 00:00:00-04:00,21.22772894749756,21.51508896052405,21.205625304058668,21.463510513305664,18936000,0.0,0.0
2015-05-04 00:00:00-04:00,21.426669126556646,21.632978689269926,21.419300777313076,21.492982864379883,16484100,0.0,0.0
2015-05-05 00:00:00-04:00,21.492984073834464,21.522456067098283,21.249834156589692,21.28667449951172,22463800,0.0,0.0
2015-05-06 00:00:00-04:00,21.294040258348407,21.42666772532147,21.139309150459056,21.345617294311523,23572000,0.0,0.0
2015-05-07 00:00:00-04:00,21.360355365516966,21.45614250021038,21.176150850734615,21.22772789001465,22643800,0.0,0.0
2015-05-08 00:00:00-04:00,21.36035900997032,21.6403507072176,21.36035900997032,21.537195205688477,22572400,0.0,0.0
2015-05-11 00:00:00-04:00,21.736135057264864,21.949812991726994,21.51509017815217,21.522457122802734,27045200,0.0,0.0
2015-05-12 00:00:00-04:00,21.419304408543038,21.691927755297584,21.220363161346683,21.537195205688477,31761000,0.0,0.0
2015-05-13 00:00:00-04:00,21.47087972180421,21.714029646941622,21.46351137190683,21.625612258911133,38264000,0.0,0.0
2015-05-14 00:00:00-04:00,21.58140724279015,21.854029208608164,21.34562422199903,21.404569625854492,56696300,0.0,0.0
2015-05-15 00:00:00-04:00,21.544558912368675,21.971913311249253,21.485613526501318,21.772972106933594,37677300,0.0,0.0
2015-05-18 00:00:00-04:00,21.677189396007446,22.030861760387822,21.677189396007446,21.92770767211914,23953000,0.0,0.0
2015-05-19 00:00:00-04:00,22.00875672689651,22.030860369919566,21.831919150498297,21.9129695892334,18926300,0.0,0.0
2015-05-20 00:00:00-04:00,21.95717477438008,21.99401651581697,21.758234992095808,21.824548721313477,19410900,0.0,0.0
2015-05-21 00:00:00-04:00,21.817180606215206,21.935071369335844,21.684553146362305,21.684553146362305,20806900,0.0,0.0
2015-05-22 00:00:00-04:00,21.65508329533682,21.699293392765714,21.559297561645508,21.559297561645508,20079700,0.0,0.0
2015-05-26 00:00:00-04:00,21.507721111947184,21.551929805223804,21.183520748724252,21.33088493347168,25877100,0.0,0.0
2015-05-27 00:00:00-04:00,21.411933476486308,21.721397133024386,21.382461483437865,21.59613800048828,23959900,0.0,0.0
2015-05-28 00:00:00-04:00,21.618243909013753,21.780343390649012,21.485616421598973,21.625612258911133,18219600,0.0,0.0
2015-05-29 00:00:00-04:00,21.60350635009264,21.80244757330333,21.507720615973966,21.59613800048828,26018100,0.0,0.0
2015-06-01 00:00:00-04:00,21.80981652457228,21.824553224187536,21.40456571736694,21.50035285949707,23799400,0.0,0.0
2015-06-02 00:00:00-04:00,21.434036516027888,21.566663985735573,21.33088244197474,21.426668167114258,15995600,0.0,0.0
2015-06-03 00:00:00-04:00,21.522457460464693,21.5887712063127,21.40456666903915,21.434040069580078,20536900,0.0,0.0
2015-06-04 00:00:00-04:00,21.29404265126966,21.441406832326205,21.02878909288446,21.080366134643555,26774500,0.0,0.0
2015-06-05 00:00:00-04:00,21.036154916397734,21.15404569281471,20.991946226583597,21.058259963989258,25357900,0.0,0.0
2015-06-08 00:00:00-04:00,21.124574019759983,21.14667906768465,20.800373677042874,20.837215423583984,19011700,0.0,0.0
2015-06-09 00:00:00-04:00,20.82985194029561,20.94037439500001,20.638279029635672,20.80774688720703,15527500,0.0,0.0
2015-06-10 00:00:00-04:00,20.977208846677406,21.30140917397586,20.829846083628194,21.117204666137695,26223300,0.0,0.0
2015-06-11 00:00:00-04:00,21.183521697775525,21.52982572046716,21.183521697775525,21.264572143554688,24387100,0.0,0.0
2015-06-12 00:00:00-04:00,21.117206906399364,21.12457525613884,20.859320286993736,21.028789520263672,21919500,0.0,0.0
2015-06-15 00:00:00-04:00,20.80038023368635,21.014058214873028,20.711962824854837,20.98458480834961,25722100,0.0,0.0
2015-06-16 00:00:00-04:00,20.888793451529786,21.21299380958339,20.83721640930128,21.1540470123291,16920300,0.0,0.0
2015-06-17 00:00:00-04:00,21.249838816534833,21.397203031276906,21.11721130434083,21.316152572631836,20959000,0.0,0.0
2015-06-18 00:00:00-04:00,21.257203548941316,21.625612617708516,21.23509849888242,21.522457122802734,24156100,0.0,0.0
2015-06-19 00:00:00-04:00,21.54456268092267,21.603508077100702,21.323517796597326,21.38983154296875,31970100,0.0,0.0
2015-06-22 00:00:00-04:00,21.441405714908264,21.529823094639134,21.23509615325471,21.323514938354492,20160000,0.0,0.0
2015-06-23 00:00:00-04:00,21.36772090461985,21.397194297685974,21.087730697335353,21.212989807128906,21041300,0.0,0.0
2015-06-24 00:00:00-04:00,21.21300061951778,21.257209326281664,20.99195427495946,21.006690979003906,20978800,0.0,0.0
2015-06-25 00:00:00-04:00,21.043530925530916,21.109844687075075,20.9109034024426,20.925640106201172,14606100,0.0,0.0
2015-06-26 00:00:00-04:00,20.99194654294985,20.99194654294985,20.638274208368784,20.837215423583984,28087800,0.0,0.0
2015-06-29 00:00:00-04:00,20.623536570878407,20.71195535318293,20.262495903425275,20.291969299316406,31838300,0.0,0.0
2015-06-30 00:00:00-04:00,20.50564984889012,20.50564984889012,20.137240759685938,20.2330265045166,31236800,0.0,0.0
2015-07-01 00:00:00-04:00,20.359250290812504,20.41864994308988,20.099376281024202,20.307275772094727,24461300,0.21,0.0
2015-07-02 00:00:00-04:00,20.322129509647304,20.470627957600286,20.262729847226183,20.292428970336914,15635500,0.0,0.0
2015-07-06 00:00:00-04:00,20.047405672953886,20.24045493456333,19.965730604065357,20.21075439453125,22858200,0.0,0.0
2015-07-07 00:00:00-04:00,20.21074683061608,20.38152203948817,19.96572313185083,20.314697265625,25436700,0.0,0.0
2015-07-08 00:00:00-04:00,20.10680090413562,20.16620055490503,19.928601951827403,20.039976119995117,27863400,0.0,0.0
2015-07-09 00:00:00-04:00,20.329548316915208,20.381524248151674,19.973150428489657,19.980575561523438,20129700,0.0,0.0
2015-07-10 00:00:00-04:00,20.24787729520859,20.31470208492475,20.077103462022624,20.25530242919922,16079300,0.0,0.0
2015-07-13 00:00:00-04:00,20.41122620920154,20.641399700535267,20.359251686919684,20.633975982666016,20623100,0.0,0.0
2015-07-14 00:00:00-04:00,20.693374537009095,20.819598977057137,20.56715009696105,20.81217384338379,20932800,0.0,0.0
2015-07-15 00:00:00-04:00,20.685948410183435,20.968096395227278,20.648822743599133,20.871572494506836,23378400,0.0,0.0
2015-07-16 00:00:00-04:00,20.968098588689976,21.101748169975743,20.945823186409175,21.027498245239258,21058100,0.0,0.0
2015-07-17 00:00:00-04:00,20.990370617304848,21.020069732706354,20.76762087889673,20.923545837402344,24248900,0.0,0.0
2015-07-20 00:00:00-04:00,20.88642234771839,20.908697748738437,20.700798254483,20.81217384338379,19477000,0.0,0.0
2015-07-21 00:00:00-04:00,20.76019939451764,20.975524037867995,20.633976361628935,20.671100616455078,23874000,0.0,0.0
2015-07-22 00:00:00-04:00,20.663672014773468,20.834445824236223,20.374098910362765,20.4409236907959,26889200,0.0,0.0
2015-07-23 00:00:00-04:00,20.567149751716414,20.975522183499468,20.478049565331325,20.79732322692871,34103200,0.0,0.0
2015-07-24 00:00:00-04:00,21.124028297180303,21.361626976522395,21.072052346899362,21.086902618408203,39471700,0.0,0.0
2015-07-27 00:00:00-04:00,21.02007550999224,21.205699634917423,20.93097672309997,20.945825576782227,30914400,0.0,0.0
2015-07-28 00:00:00-04:00,21.042350914815145,21.049776049756115,20.67852779990574,20.945825576782227,23573200,0.0,0.0
2015-07-29 00:00:00-04:00,20.938404151919315,21.176002831261407,20.80475454073943,21.086902618408203,21419900,0.0,0.0
2015-07-30 00:00:00-04:00,20.95324987517624,21.13144885804596,20.938401022086815,21.012649536132812,17458100,0.0,0.0
2015-07-31 00:00:00-04:00,21.07947211123029,21.205696554491528,20.908698280994347,21.101747512817383,20376000,0.0,0.0
2015-08-03 00:00:00-04:00,21.094325644357227,21.22797524216979,20.871577258802752,21.057201385498047,17450900,0.0,0.0
2015-08-04 00:00:00-04:00,20.953247134579087,21.13144609414113,20.708223388156348,20.81217384338379,18578100,0.0,0.0
2015-08-05 00:00:00-04:00,20.87157619705321,21.235399296924122,20.864151062419154,20.990375518798828,19236200,0.0,0.0
2015-08-06 00:00:00-04:00,21.064626319638055,21.287374703068405,20.789901991620916,20.945825576782227,20143800,0.0,0.0
2015-08-07 00:00:00-04:00,20.9161278129616,20.960677209303864,20.715653405121767,20.901277542114258,16039400,0.0,0.0
2015-08-10 00:00:00-04:00,21.14629887407631,21.309649001900247,20.990375297007585,21.22797393798828,23740000,0.0,0.0
2015-08-11 00:00:00-04:00,20.96810107064948,21.079475262837622,20.67852788772037,20.804752349853516,25391900,0.0,0.0
2015-08-12 00:00:00-04:00,20.641400630637815,20.86415041413941,20.35182746990528,20.71565055847168,41085000,0.0,0.0
2015-08-13 00:00:00-04:00,21.369046260013267,21.68831851281636,21.302221472724387,21.309646606445312,61154000,0.0,0.0
2015-08-14 00:00:00-04:00,21.36904623961471,21.569519185090527,21.346770838473198,21.554670333862305,24890800,0.0,0.0
2015-08-17 00:00:00-04:00,21.27251842521717,21.510117011424807,21.168569397801154,21.40616798400879,21264000,0.0,0.0
2015-08-18 00:00:00-04:00,21.317068715846634,21.32449384900742,20.923546571720316,20.975521087646484,32210400,0.0,0.0
2015-08-19 00:00:00-04:00,20.864145297725404,20.96809432148215,20.58199592438677,20.641395568847656,30023900,0.0,0.0
2015-08-20 00:00:00-04:00,20.463199699847333,20.604274407642713,20.077102661132812,20.077102661132812,37889400,0.0,0.0
2015-08-21 00:00:00-04:00,19.958308386525733,20.29985756582322,19.653884887695312,19.653884887695312,48502400,0.0,0.0
2015-08-24 00:00:00-04:00,18.48073382529287,19.364304884399505,17.09969156781965,18.70348358154297,61667000,0.0,0.0
2015-08-25 00:00:00-04:00,19.26035701493855,19.297481268463383,18.265411725518472,18.280261993408203,40610100,0.0,0.0
2015-08-26 00:00:00-04:00,18.770308261421313,19.111855903074844,18.347084151781935,19.067306518554688,54783200,0.0,0.0
2015-08-27 00:00:00-04:00,19.304908809858915,19.44598354000533,19.015335630894924,19.431133270263672,36504700,0.0,0.0
2015-08-28 00:00:00-04:00,19.238080153509845,19.342029188452354,19.17125536927555,19.30490493774414,26918900,0.0,0.0
2015-08-31 00:00:00-04:00,19.26035967823783,19.386584140355723,19.111859811205125,19.215808868408203,32388300,0.0,0.0
2015-09-01 00:00:00-04:00,18.725754915994102,19.022754548966567,18.569831383262848,18.651506423950195,32705400,0.0,0.0
2015-09-02 00:00:00-04:00,19.00048121057839,19.052455727120908,18.6218079120837,19.04503059387207,27925300,0.0,0.0
2015-09-03 00:00:00-04:00,19.215805402901005,19.41627976238036,19.10443123081229,19.230655670166016,27958400,0.0,0.0
2015-09-04 00:00:00-04:00,18.874257390261334,19.045031211928592,18.822282872032115,18.94850730895996,26903500,0.0,0.0
2015-09-08 00:00:00-04:00,19.290063564270547,19.54993768763586,19.238089022837492,19.52766227722168,20932900,0.0,0.0
2015-09-09 00:00:00-04:00,19.67615448817727,19.846928319318856,19.215806099665727,19.260356903076172,25032300,0.0,0.0
2015-09-10 00:00:00-04:00,19.23065805055524,19.668731075702137,19.193533793996867,19.497957229614258,26424600,0.0,0.0
2015-09-11 00:00:00-04:00,19.30490719304992,19.438556777132195,19.16383247471868,19.31975746154785,21529100,0.0,0.0
2015-09-14 00:00:00-04:00,19.41627770858482,19.43112797427901,19.052454696272743,19.082155227661133,18636000,0.0,0.0
2015-09-15 00:00:00-04:00,18.978207682429257,19.364306152249135,18.978207682429257,19.290056228637695,20479400,0.0,0.0
2015-09-16 00:00:00-04:00,19.356882095336914,19.37915749851966,19.19353338726219,19.356882095336914,21245300,0.0,0.0
2015-09-17 00:00:00-04:00,19.27520853198135,19.512808602473612,19.163834339806666,19.215808868408203,25409600,0.0,0.0
2015-09-18 00:00:00-04:00,18.98563191009553,19.111856349349562,18.748033298840745,18.96335792541504,40020100,0.0,0.0
2015-09-21 00:00:00-04:00,18.896533138974704,19.17125600216326,18.822283218907724,18.96335792541504,21945600,0.0,0.0
2015-09-22 00:00:00-04:00,18.60695739142528,18.718331556237853,18.540132609297867,18.666357040405273,21305200,0.0,0.0
2015-09-23 00:00:00-04:00,18.72575674188415,18.792581524198912,18.56983319394928,18.770307540893555,18804200,0.0,0.0
2015-09-24 00:00:00-04:00,18.62923412027891,18.93365752005043,18.503009680163927,18.866832733154297,35598000,0.0,0.0
2015-09-25 00:00:00-04:00,19.16382886477074,19.5276518772383,19.156403731920467,19.327178955078125,37618300,0.0,0.0
2015-09-28 00:00:00-04:00,19.178680336090423,19.319755036715303,19.000481385079752,19.05245590209961,27211200,0.0,0.0
2015-09-29 00:00:00-04:00,19.037609100341797,19.252933757127078,18.97820943919407,19.037609100341797,27095600,0.0,0.0
2015-09-30 00:00:00-04:00,19.304907807849702,19.587055837298145,19.21580761022411,19.49053192138672,32093700,0.0,0.0
2015-10-01 00:00:00-04:00,19.498013873800705,19.580347597009034,19.123771753937962,19.258499145507812,26933200,0.21,0.0
2015-10-02 00:00:00-04:00,19.01150145607917,19.303411311870008,18.966592796580787,19.280956268310547,34910700,0.0,0.0
2015-10-05 00:00:00-04:00,19.490535483785482,20.194109828810042,19.438140373835303,20.0968074798584,30217900,0.0,0.0
2015-10-06 00:00:00-04:00,20.231531487310416,20.56086355702931,20.19410641510109,20.381227493286133,33758200,0.0,0.0
2015-10-07 00:00:00-04:00,20.59828642718441,20.92013487567485,20.20907428353921,20.613256454467773,29749700,0.0,0.0
2015-10-08 00:00:00-04:00,20.590808064334592,20.972535317635288,20.530929363480805,20.890201568603516,22500200,0.0,0.0
2015-10-09 00:00:00-04:00,20.96505030157596,21.069837671164873,20.822837851690405,20.890201568603516,22125800,0.0,0.0
2015-10-12 00:00:00-04:00,20.905166319197612,21.032408704817733,20.777923933577494,20.92761993408203,14486000,0.0,0.0
2015-10-13 00:00:00-04:00,20.77044241105027,20.92013986434036,20.76295739562369,20.845291137695312,15107200,0.0,0.0
2015-10-14 00:00:00-04:00,20.770440339752135,20.882712704713164,20.650682960110956,20.822834014892578,20144000,0.0,0.0
2015-10-15 00:00:00-04:00,21.032404397889707,21.09976808398946,20.86025339013264,21.069828033447266,18996900,0.0,0.0
2015-10-16 00:00:00-04:00,21.212043719777768,21.219528733578304,20.957558961041208,21.14468002319336,19948300,0.0,0.0
2015-10-19 00:00:00-04:00,21.04737769902722,21.1746200783955,20.912650305858403,21.14468002319336,20778100,0.0,0.0
2015-10-20 00:00:00-04:00,21.10726331294031,21.34677812272684,21.06983823164812,21.33180809020996,20335800,0.0,0.0
2015-10-21 00:00:00-04:00,21.40665382961454,21.57131988139487,21.12222896207863,21.167139053344727,19008900,0.0,0.0
2015-10-22 00:00:00-04:00,21.376711082721908,21.86322558934053,21.331802424719395,21.713529586791992,32162500,0.0,0.0
2015-10-23 00:00:00-04:00,21.72101212380459,21.990465468709296,21.65364843067333,21.9680118560791,26076900,0.0,0.0
2015-10-26 00:00:00-04:00,21.94555752313103,22.07279990007771,21.616224060277194,21.66861915588379,20354800,0.0,0.0
2015-10-27 00:00:00-04:00,21.49646946622674,21.75095425290358,21.391682116755295,21.74346923828125,19480600,0.0,0.0
2015-10-28 00:00:00-04:00,21.92310262719327,22.042859983475612,21.735981579549573,21.975496292114258,23741400,0.0,0.0
2015-10-29 00:00:00-04:00,21.818317991929273,21.8632266521148,21.653651952835293,21.810832977294922,16717800,0.0,0.0
2015-10-30 00:00:00-04:00,21.706043333241436,21.893164396459035,21.59377098083496,21.59377098083496,22334100,0.0,0.0
2015-11-02 00:00:00-05:00,21.608740386513045,21.608740386513045,21.339285606397432,21.533891677856445,28912600,0.0,0.0
2015-11-03 00:00:00-05:00,21.41413688659668,21.48898417662103,21.32431813989869,21.41413688659668,30555300,0.0,0.0
2015-11-04 00:00:00-05:00,21.54886718150265,21.57132080047169,21.234503667349443,21.309350967407227,28591800,0.0,0.0
2015-11-05 00:00:00-05:00,21.331801170412977,21.41413489492679,21.174620162836153,21.279407501220703,21988600,0.0,0.0
2015-11-06 00:00:00-05:00,21.18959140889796,21.369227480397747,21.07731904266317,21.29438018798828,26107600,0.0,0.0
2015-11-09 00:00:00-05:00,21.219525609536408,21.32431293207578,20.95755587556777,21.092283248901367,25865900,0.0,0.0
2015-11-10 00:00:00-05:00,21.09228622601238,21.122224853412146,20.882710123732412,20.942588806152344,26701800,0.0,0.0
2015-11-11 00:00:00-05:00,21.032410143074923,21.032410143074923,20.770440339752135,20.822834014892578,32599300,0.0,0.0
2015-11-12 00:00:00-05:00,20.762952847117887,21.009952591602207,20.747982819544195,20.8303165435791,38135900,0.0,0.0
2015-11-13 00:00:00-05:00,19.677651258102788,19.96955965342895,19.32586275335548,19.61777114868164,94556200,0.0,0.0
2015-11-16 00:00:00-05:00,19.512989242503966,20.209080004408474,19.505504226743398,20.051898956298828,44949600,0.0,0.0
2015-11-17 00:00:00-05:00,20.05938662578291,20.411175300001844,19.969569273623108,20.066871643066406,30490200,0.0,0.0
2015-11-18 00:00:00-05:00,20.209074238971787,20.328831601733842,20.00698315395318,20.298892974853516,27015700,0.0,0.0
2015-11-19 00:00:00-05:00,20.283927999173493,20.69559385773801,20.246502921727163,20.486019134521484,27417400,0.0,0.0
2015-11-20 00:00:00-05:00,20.650679789635202,20.792892191483105,20.55337604135282,20.635709762573242,26502800,0.0,0.0
2015-11-23 00:00:00-05:00,20.69558602426053,20.83779840948637,20.46355634240166,20.530920028686523,24684600,0.0,0.0
2015-11-24 00:00:00-05:00,20.396195210239895,20.53840761327435,20.209074153265217,20.411165237426758,32859200,0.0,0.0
2015-11-25 00:00:00-05:00,20.44859444143746,20.500988123226414,20.20907965176183,20.388715744018555,22472500,0.0,0.0
2015-11-27 00:00:00-05:00,20.39619375381016,20.5683447713052,20.38870874075121,20.44858741760254,9532300,0.0,0.0
2015-11-30 00:00:00-05:00,20.46356006389203,20.56834740489385,20.35877272289021,20.396196365356445,30736700,0.0,0.0
2015-12-01 00:00:00-05:00,20.358771400028772,20.695588443200723,20.358771400028772,20.635709762573242,31406300,0.0,0.0
2015-12-02 00:00:00-05:00,20.57583956427581,20.882718107453986,20.486022220117828,20.538415908813477,29178200,0.0,0.0
2015-12-03 00:00:00-05:00,20.68061799399543,20.72552807426458,20.074346186565162,20.171649932861328,25783800,0.0,0.0
2015-12-04 00:00:00-05:00,20.171655912311707,20.620745427163456,20.171655912311707,20.56835174560547,28143700,0.0,0.0
2015-12-07 00:00:00-05:00,20.628227949517388,20.628227949517388,20.403683219231244,20.575834274291992,15350200,0.0,0.0
2015-12-08 00:00:00-05:00,20.336318218738253,20.426136961701573,20.224045860749467,20.321348190307617,18635700,0.0,0.0
2015-12-09 00:00:00-05:00,20.179133830845807,20.471043646630626,19.954589136507035,20.006982803344727,24127400,0.0,0.0
2015-12-10 00:00:00-05:00,20.014475035647425,20.239021238595733,19.95459633371872,20.036930084228516,23382400,0.0,0.0
2015-12-11 00:00:00-05:00,19.82734293358379,19.82734293358379,19.557888210314132,19.58034324645996,34295700,0.0,0.0
2015-12-14 00:00:00-05:00,19.685134400329748,19.84980184228446,19.43064965150915,19.827346801757812,32642100,0.0,0.0
2015-12-15 00:00:00-05:00,19.99950370328598,20.29141360538246,19.917171385748674,20.0968074798584,30393700,0.0,0.0
2015-12-16 00:00:00-05:00,20.20907965176183,20.426140822168346,19.969564862086195,20.388715744018555,22731500,0.0,0.0
2015-12-17 00:00:00-05:00,20.426135583064372,20.441104182864233,19.98452976750971,19.99949836730957,24812200,0.0,0.0
2015-12-18 00:00:00-05:00,19.909681324852638,20.074347345821028,19.655196565779406,19.662681579589844,36732700,0.0,0.0
2015-12-21 00:00:00-05:00,19.894712314141984,19.947105985872717,19.767469928101427,19.939620971679688,20242900,0.0,0.0
2015-12-22 00:00:00-05:00,20.096802781093704,20.13422642325888,19.87974165919846,20.126741409301758,18966300,0.0,0.0
2015-12-23 00:00:00-05:00,20.23902090948842,20.515959366047568,20.20908084520049,20.508474349975586,18803700,0.0,0.0
2015-12-24 00:00:00-05:00,20.5159547990767,20.620742145516502,20.486016169074123,20.493499755859375,8166300,0.0,0.0
2015-12-28 00:00:00-05:00,20.433621781597562,20.486016884267165,20.306379387498243,20.44110679626465,14204900,0.0,0.0
2015-12-29 00:00:00-05:00,20.538412043338045,20.822835483135734,20.508471982506354,20.785411834716797,16319600,0.0,0.0
2015-12-30 00:00:00-05:00,20.70307434326124,20.785408068007285,20.59828700458112,20.605772018432617,10620300,0.0,0.0
2015-12-31 00:00:00-05:00,20.493500574333353,20.545895677266344,20.31386450428198,20.328834533691406,17041500,0.0,0.0
2016-01-04 00:00:00-05:00,19.90641257656443,19.92904259019679,19.52171097728185,19.921499252319336,35827100,0.21,0.0
2016-01-05 00:00:00-05:00,20.019565191191436,20.11008238625057,19.74801072852428,19.83098602294922,22024900,0.0,0.0
2016-01-06 00:00:00-05:00,19.672571968693173,19.717830550567697,19.476449528911058,19.619770050048828,30799800,0.0,0.0
2016-01-07 00:00:00-05:00,19.227532013952814,19.41611118408426,18.948435647855412,19.167186737060547,43235400,0.0,0.0
2016-01-08 00:00:00-05:00,19.272787768000676,19.33313303598826,18.646705073100218,18.691965103149414,28609700,0.0,0.0
2016-01-11 00:00:00-05:00,18.805109137766145,19.12192210109924,18.805109137766145,19.06157684326172,32346900,0.0,0.0
2016-01-12 00:00:00-05:00,19.242617809597196,19.28787640550274,18.880546164863226,19.12192726135254,30122400,0.0,0.0
2016-01-13 00:00:00-05:00,19.17473190488283,19.250163867877045,18.533562377549515,18.55619239807129,33431600,0.0,0.0
2016-01-14 00:00:00-05:00,18.624079985694575,18.782485804307115,18.45058604882782,18.601449966430664,42902400,0.0,0.0
2016-01-15 00:00:00-05:00,18.050799065246892,18.42795741951032,17.77924458977884,17.81696128845215,64092800,0.0,0.0
2016-01-19 00:00:00-05:00,17.952733214858064,18.12622711384104,17.794327430834702,17.990449905395508,52533500,0.0,0.0
2016-01-20 00:00:00-05:00,17.651001932355026,17.733977189514352,16.94948751135695,17.27384376525879,83632400,0.0,0.0
2016-01-21 00:00:00-05:00,17.417164271603742,17.688718612311185,17.25121519602932,17.27384376525879,46267900,0.0,0.0
2016-01-22 00:00:00-05:00,17.80187422302694,17.832046142566497,17.341740580403165,17.628381729125977,55049000,0.0,0.0
2016-01-25 00:00:00-05:00,17.635920049567495,17.7415253433786,17.45488425284869,17.477514266967773,64066100,0.0,0.0
2016-01-26 00:00:00-05:00,17.53031580474905,17.990449343727914,17.53031580474905,17.89238739013672,25162200,0.0,0.0
2016-01-27 00:00:00-05:00,17.869759870152013,18.028165658580896,17.575575430756736,17.67363739013672,24654000,0.0,0.0
2016-01-28 00:00:00-05:00,17.899934133026953,17.94519416886845,17.334196633711983,17.43225860595703,31833500,0.0,0.0
2016-01-29 00:00:00-05:00,17.65101164123702,17.9527380531288,17.50014915466364,17.9451961517334,39692600,0.0,0.0
2016-02-01 00:00:00-05:00,17.69626662480603,17.779241910638884,17.52277415328708,17.711353302001953,24006400,0.0,0.0
2016-02-02 00:00:00-05:00,17.522780537269703,17.53786721996208,17.14562210243181,17.221054077148438,36203700,0.0,0.0
2016-02-03 00:00:00-05:00,17.41717360942747,17.485062231001276,17.03247190009088,17.42471694946289,32231400,0.0,0.0
2016-02-04 00:00:00-05:00,17.477513135932572,17.77923944427141,17.296477350929266,17.756610870361328,29280500,0.0,0.0
2016-02-05 00:00:00-05:00,17.733984791536283,17.847132002419087,17.205962555756727,17.266307830810547,32641000,0.0,0.0
2016-02-08 00:00:00-05:00,17.07018056673378,17.364364959481886,16.957033387405016,17.296476364135742,38842100,0.0,0.0
2016-02-09 00:00:00-05:00,17.04755657832381,17.243679079979803,16.994754643021203,17.08527183532715,30767200,0.0,0.0
2016-02-10 00:00:00-05:00,17.447339252831803,17.447339252831803,16.94194716227125,16.979663848876953,36896100,0.0,0.0
2016-02-11 00:00:00-05:00,18.171491970844702,18.83529012704781,18.171491970844702,18.616539001464844,92696000,0.0,0.0
2016-02-12 00:00:00-05:00,18.774936903216076,19.129466572943816,18.495840608690536,18.940887451171875,49753600,0.0,0.0
2016-02-16 00:00:00-05:00,19.06158627615213,19.59715052464848,19.001240988451908,19.491546630859375,40401700,0.0,0.0
2016-02-17 00:00:00-05:00,19.740462227025567,20.057275204375877,19.67257362911161,19.959213256835938,36904700,0.0,0.0
2016-02-18 00:00:00-05:00,19.944133534193952,20.049737409589394,19.823442979814903,19.93659019470215,31288200,0.0,0.0
2016-02-19 00:00:00-05:00,19.81589760235173,20.034648670136907,19.800810924919716,20.0271053314209,28791700,0.0,0.0
2016-02-22 00:00:00-05:00,20.26848534944033,20.298657261831142,19.92904234289015,20.087448120117188,24608100,0.0,0.0
2016-02-23 00:00:00-05:00,20.01956032820991,20.01956032820991,19.657487319690443,19.702747344970703,28097500,0.0,0.0
2016-02-24 00:00:00-05:00,19.529260280394936,19.861160054659113,19.34822443227221,19.85361671447754,22960800,0.0,0.0
2016-02-25 00:00:00-05:00,19.98184595938749,20.064821243286133,19.763094900124738,20.064821243286133,18655100,0.0,0.0
2016-02-26 00:00:00-05:00,20.21568223581707,20.253398925204333,19.853610650166846,19.921499252319336,18113000,0.0,0.0
2016-02-29 00:00:00-05:00,19.929044538551345,20.10253701046042,19.725378712182568,19.748008728027344,24763100,0.0,0.0
2016-03-01 00:00:00-05:00,19.951677769786002,20.313749449185067,19.793270510833313,20.238317489624023,25245400,0.0,0.0
2016-03-02 00:00:00-05:00,20.215684765010273,20.298660053298743,20.064822304820506,20.29111671447754,19020100,0.0,0.0
2016-03-03 00:00:00-05:00,20.32883511453539,20.343920354698948,20.05728064916287,20.268489837646484,19002200,0.0,0.0
2016-03-04 00:00:00-05:00,20.30620351841975,20.33637543514746,20.117624362951048,20.21568489074707,19429900,0.0,0.0
2016-03-07 00:00:00-05:00,20.04973767146557,20.502327975670884,19.861158497942103,20.47215461730957,21500100,0.0,0.0
2016-03-08 00:00:00-05:00,20.343921078386327,20.59284553425108,20.132713321134382,20.404266357421875,23821300,0.0,0.0
2016-03-09 00:00:00-05:00,20.54758713431532,20.970004091668653,20.457069934254942,20.826684951782227,38890200,0.0,0.0
2016-03-10 00:00:00-05:00,20.939829830667605,21.105778971392535,20.389179035823947,20.653188705444336,33327300,0.0,0.0
2016-03-11 00:00:00-05:00,20.985081628327947,21.052970218167516,20.871934458176774,21.015254974365234,21873100,0.0,0.0
2016-03-14 00:00:00-04:00,20.985088494561342,21.015261850471227,20.819139353291376,20.89457130432129,18291700,0.0,0.0
2016-03-15 00:00:00-04:00,20.72862362057138,20.887030883741808,20.705995039222035,20.86440086364746,16917200,0.0,0.0
2016-03-16 00:00:00-04:00,20.758791039708395,21.083147374507682,20.751247701835787,21.030344009399414,19087800,0.0,0.0
2016-03-17 00:00:00-04:00,21.060521017443442,21.45276602245369,21.02280576027681,21.26418685913086,28501900,0.0,0.0
2016-03-18 00:00:00-04:00,21.2943590767443,21.407506288581104,21.09823657147957,21.36979103088379,43132400,0.0,0.0
2016-03-21 00:00:00-04:00,21.196298245235052,21.384877408557884,21.15103964888613,21.26418685913086,23799200,0.0,0.0
2016-03-22 00:00:00-04:00,21.271731747259505,21.407507546193084,21.045435871546992,21.332077026367188,23599300,0.0,0.0
2016-03-23 00:00:00-04:00,21.316988295754577,21.332074973766073,20.917199960918772,20.992631912231445,19217500,0.0,0.0
2016-03-24 00:00:00-04:00,20.94737339473456,21.128409215310413,20.811596169616468,21.0906925201416,15871900,0.0,0.0
2016-03-28 00:00:00-04:00,21.113315913648975,21.143489260318145,20.962453496536188,21.045427322387695,12785900,0.0,0.0
2016-03-29 00:00:00-04:00,21.022808003124265,21.264189127730393,20.88703076084707,21.196300506591797,17139300,0.0,0.0
2016-03-30 00:00:00-04:00,21.37733444450769,21.633802226226855,21.316989168735233,21.467851638793945,19390200,0.0,0.0
2016-03-31 00:00:00-04:00,21.520655238997907,21.626259113017596,21.384878007404094,21.47539520263672,18377600,0.0,0.0
2016-04-01 00:00:00-04:00,21.34716149388685,21.648889317241558,21.2113856998711,21.641345977783203,23026400,0.0,0.0
2016-04-04 00:00:00-04:00,21.595675767742538,21.626123620619023,21.321637832340354,21.420595169067383,17890000,0.26,0.0
2016-04-05 00:00:00-04:00,21.039980962601188,21.18461221107196,20.90296203793438,20.994308471679688,24245700,0.0,0.0
2016-04-06 00:00:00-04:00,21.085661896679085,21.344475184218027,21.02476473795832,21.31402587890625,20395800,0.0,0.0
2016-04-07 00:00:00-04:00,21.237902617144357,21.237902617144357,20.956253821758818,21.009538650512695,17016800,0.0,0.0
2016-04-08 00:00:00-04:00,21.09326808873121,21.27596097624135,20.994310772240482,21.078044891357422,14495600,0.0,0.0
2016-04-11 00:00:00-04:00,21.22267584356186,21.451041239262917,21.017148874904215,21.024761199951172,18762900,0.0,0.0
2016-04-12 00:00:00-04:00,20.659381838728518,21.05521412520052,20.51475198366993,21.039989471435547,27741400,0.0,0.0
2016-04-13 00:00:00-04:00,21.283576767589903,21.52716685659602,21.100885289762417,21.489105224609375,25433300,0.0,0.0
2016-04-14 00:00:00-04:00,21.60328701985418,21.618511672510067,21.3901476902829,21.504329681396484,15049100,0.0,0.0
2016-04-15 00:00:00-04:00,21.390143372293604,21.412978894764883,21.108493162627045,21.237899780273438,23804400,0.0,0.0
2016-04-18 00:00:00-04:00,21.23789943667041,21.504324992444015,21.161777641891884,21.45865249633789,15762900,0.0,0.0
2016-04-19 00:00:00-04:00,21.56522560119629,21.648959734090365,21.466268268423686,21.56522560119629,20307700,0.0,0.0
2016-04-20 00:00:00-04:00,21.61850509543142,21.831645812060888,21.511935463067857,21.648954391479492,19937800,0.0,0.0
2016-04-21 00:00:00-04:00,21.63373258471262,21.702242057916102,21.435816490113965,21.496713638305664,17339900,0.0,0.0
2016-04-22 00:00:00-04:00,21.54238746854435,21.73269124989864,21.367308338155038,21.428205490112305,23147600,0.0,0.0
2016-04-25 00:00:00-04:00,21.397760211647032,21.52716685659602,21.29880142038456,21.489105224609375,16434800,0.0,0.0
2016-04-26 00:00:00-04:00,21.51955148262844,21.68701828394484,21.48148985603203,21.656570434570312,18151500,0.0,0.0
2016-04-27 00:00:00-04:00,21.64895871178418,21.808813192230364,21.5499999317819,21.80120086669922,20931000,0.0,0.0
2016-04-28 00:00:00-04:00,21.65656593965218,21.763135568197917,21.154164188076127,21.2835693359375,29616200,0.0,0.0
2016-04-29 00:00:00-04:00,21.100885196185956,21.184619334282434,20.659380430418448,20.925806045532227,33890100,0.0,0.0
2016-05-02 00:00:00-04:00,20.918191984057838,20.948641286986426,20.705052671168417,20.83445930480957,27361700,0.0,0.0
2016-05-03 00:00:00-04:00,20.674605365195525,20.697442344597786,20.25593757280712,20.44624137878418,35319600,0.0,0.0
2016-05-04 00:00:00-04:00,20.400560370172098,20.415785017845767,20.004729693972887,20.126523971557617,32850800,0.0,0.0
2016-05-05 00:00:00-04:00,20.14174837750241,20.225482492836264,19.951444625854492,19.951444625854492,23082200,0.0,0.0
2016-05-06 00:00:00-04:00,19.936220816657897,20.202646351159938,19.646958309974877,20.19503402709961,25625300,0.0,0.0
2016-05-09 00:00:00-04:00,20.187427618649398,20.30922193549985,20.08846882876917,20.1798152923584,16990400,0.0,0.0
2016-05-10 00:00:00-04:00,20.30161318173518,20.628936010334133,20.179818843452274,20.575651168823242,22642500,0.0,0.0
2016-05-11 00:00:00-04:00,20.62131530729067,20.636539956368253,20.309217260712455,20.32444190979004,19326100,0.0,0.0
2016-05-12 00:00:00-04:00,20.40817486586165,20.40817486586165,20.10368913949624,20.301605224609375,19681900,0.0,0.0
2016-05-13 00:00:00-04:00,20.210257223317907,20.46907043375962,20.141747758677315,20.19503402709961,20865100,0.0,0.0
2016-05-16 00:00:00-04:00,20.225484427682932,20.644153592501276,20.217872102660504,20.529970169067383,20885900,0.0,0.0
2016-05-17 00:00:00-04:00,20.476682604853128,20.598476885103818,20.210257072341367,20.286378860473633,25921300,0.0,0.0
2016-05-18 00:00:00-04:00,20.255937494263105,20.522361660075653,20.16459102891108,20.339670181274414,32345500,0.0,0.0
2016-05-19 00:00:00-04:00,21.306414330615095,21.534779773084168,20.85729722418571,20.986703872680664,50174600,0.0,0.0
2016-05-20 00:00:00-04:00,21.03237025012585,21.428202406843766,21.024759377641107,21.291183471679688,32703000,0.0,0.0
2016-05-23 00:00:00-04:00,21.146554403200625,21.504324950488467,21.146554403200625,21.268348693847656,19850000,0.0,0.0
2016-05-24 00:00:00-04:00,21.321632864697357,21.755525193391446,21.321632864697357,21.671791076660156,26514800,0.0,0.0
2016-05-25 00:00:00-04:00,21.755529982038226,22.075240418590475,21.70985747736012,22.01434326171875,25696800,0.0,0.0
2016-05-26 00:00:00-04:00,21.968669047467927,22.105688002742365,21.92299509444136,21.999116897583008,19366300,0.0,0.0
2016-05-27 00:00:00-04:00,22.037180240009175,22.10568972297771,21.915385926265724,22.01434326171875,16673300,0.0,0.0
2016-05-31 00:00:00-04:00,21.922994638195366,22.13613539217571,21.892546788713947,22.113298416137695,28606300,0.0,0.0
2016-06-01 00:00:00-04:00,21.953444396459073,22.105688002742365,21.92299509444136,21.999116897583008,22268700,0.0,0.0
2016-06-02 00:00:00-04:00,22.060013300761106,22.18941992613766,22.01434080118779,22.13613510131836,19538200,0.0,0.0
2016-06-03 00:00:00-04:00,22.174192428588867,22.23508957083526,21.99911332611829,22.174192428588867,18677700,0.0,0.0
2016-06-06 00:00:00-04:00,22.128522582567218,22.387335831057104,22.120910257387802,22.15135955810547,16167100,0.0,0.0
2016-06-07 00:00:00-04:00,21.999118143176403,22.341665550757583,21.938220987595606,22.128524780273438,21566600,0.0,0.0
2016-06-08 00:00:00-04:00,22.14374258363038,22.280761504286275,22.120905612886975,22.18180274963379,17772900,0.0,0.0
2016-06-09 00:00:00-04:00,22.05239615255903,22.21986436753946,21.945826526227673,22.18180274963379,18349900,0.0,0.0
2016-06-10 00:00:00-04:00,21.915382517154505,22.098073959350586,21.900157867329202,22.098073959350586,18244200,0.0,0.0
2016-06-13 00:00:00-04:00,22.052398935109608,22.219867171221022,21.938216970789746,21.953441619873047,17137000,0.0,0.0
2016-06-14 00:00:00-04:00,21.81642818900776,22.07524148114583,21.79359120961811,22.04479217529297,19279700,0.0,0.0
2016-06-15 00:00:00-04:00,21.687013100851818,21.968663262741796,21.626115964754288,21.808807373046875,30738600,0.0,0.0
2016-06-16 00:00:00-04:00,21.60328166692075,22.014338475359967,21.595670794381444,21.97627830505371,17504100,0.0,0.0
2016-06-17 00:00:00-04:00,21.9838879567206,22.075234393046102,21.839258156066887,22.037174224853516,32333500,0.0,0.0
2016-06-20 00:00:00-04:00,22.10568367145519,22.242701147980412,21.907767602826738,21.922990798950195,22100800,0.0,0.0
2016-06-21 00:00:00-04:00,22.05240199204512,22.075238968835766,21.869710533427902,21.90015983581543,19098600,0.0,0.0
2016-06-22 00:00:00-04:00,21.97628212843665,22.13613661381695,21.831650842685892,21.862098693847656,18273300,0.0,0.0
2016-06-23 00:00:00-04:00,22.098074569851004,22.25031671660245,22.04478829399031,22.242704391479492,19415600,0.0,0.0
2016-06-24 00:00:00-04:00,21.43581438975997,21.747912425149824,21.085656184943023,21.123716354370117,44408900,0.0,0.0
2016-06-27 00:00:00-04:00,20.918186814060235,20.971471629113076,20.651761286893716,20.788780212402344,29973100,0.0,0.0
2016-06-28 00:00:00-04:00,20.97147239267948,21.199837760809363,20.93341222394235,21.154165267944336,24646900,0.0,0.0
2016-06-29 00:00:00-04:00,21.412975525582123,21.565219093647823,21.237896438638153,21.511934280395508,25593000,0.0,0.0
2016-06-30 00:00:00-04:00,21.60328427815729,21.839262008666992,21.367307999550192,21.839262008666992,25184400,0.0,0.0
2016-07-01 00:00:00-04:00,21.907767602826738,22.021949559215596,21.76313635038626,21.922990798950195,20901300,0.0,0.0
2016-07-05 00:00:00-04:00,21.684871043047387,21.984450496435247,21.677189368331838,21.761686325073242,22116900,0.26,0.0
2016-07-06 00:00:00-04:00,21.853862794454745,22.099670500515185,21.63878031908711,22.061262130737305,24844000,0.0,0.0
2016-07-07 00:00:00-04:00,22.061258663780563,22.199525842993058,21.9767631938068,22.076622009277344,17394900,0.0,0.0
2016-07-08 00:00:00-04:00,22.20721005820118,22.491426121913904,22.18416503731763,22.476062774658203,24647400,0.0,0.0
2016-07-11 00:00:00-04:00,22.53751009336296,22.814044426942356,22.476058182026335,22.606643676757812,22045200,0.0,0.0
2016-07-12 00:00:00-04:00,22.82941240083397,22.844775749052058,22.675783314041695,22.744916915893555,22157500,0.0,0.0
2016-07-13 00:00:00-04:00,22.829408213711062,22.913905148283494,22.72186772616743,22.852453231811523,18038100,0.0,0.0
2016-07-14 00:00:00-04:00,22.921586039131714,23.03680819544529,22.767955520627474,22.86013412475586,19332200,0.0,0.0
2016-07-15 00:00:00-04:00,22.99072214541775,23.00608549197763,22.78332136224747,22.906225204467773,17800400,0.0,0.0
2016-07-18 00:00:00-04:00,22.85245701705977,23.04449447098464,22.844775343087235,22.975360870361328,17484900,0.0,0.0
2016-07-19 00:00:00-04:00,22.975360089594172,23.05217536157962,22.86781958789221,22.983041763305664,18516000,0.0,0.0
2016-07-20 00:00:00-04:00,23.07521448977503,23.574511432476026,23.02912445927654,23.52842140197754,50168800,0.0,0.0
2016-07-21 00:00:00-04:00,23.536109329572778,23.597561254775467,23.32870999771961,23.490020751953125,21582700,0.0,0.0
2016-07-22 00:00:00-04:00,23.58219596737362,23.712781472715754,23.45929213471388,23.589876174926758,19399600,0.0,0.0
2016-07-25 00:00:00-04:00,23.55915423530829,23.68205808511041,23.528427540293034,23.65133285522461,15174200,0.0,0.0
2016-07-26 00:00:00-04:00,23.659014684658583,23.927867423942565,23.58988108126757,23.72046661376953,21328200,0.0,0.0
2016-07-27 00:00:00-04:00,23.774239061924035,23.78960094582513,23.551474896367708,23.6282901763916,22723000,0.0,0.0
2016-07-28 00:00:00-04:00,23.5437865751415,23.612920161132752,23.328705609950223,23.443927764892578,22470500,0.0,0.0
2016-07-29 00:00:00-04:00,23.505380809069543,23.574514398385894,23.405520528888474,23.451610565185547,23807200,0.0,0.0
2016-08-01 00:00:00-04:00,23.5822058423399,23.62061275670536,23.32103472229114,23.605249404907227,22438700,0.0,0.0
2016-08-02 00:00:00-04:00,23.67437530357836,23.67437530357836,23.351752346661712,23.5207462310791,24485200,0.0,0.0
2016-08-03 00:00:00-04:00,23.436253919499567,23.61292804708992,23.436253919499567,23.597564697265625,15962500,0.0,0.0
2016-08-04 00:00:00-04:00,23.643648053126075,23.7435068684542,23.589876343964033,23.65900993347168,18586500,0.0,0.0
2016-08-05 00:00:00-04:00,23.735822773356546,23.866408266307502,23.574512057720774,23.843364715576172,18873300,0.0,0.0
2016-08-08 00:00:00-04:00,23.812644177503117,23.958593052053104,23.7051036726397,23.82032585144043,19019900,0.0,0.0
2016-08-09 00:00:00-04:00,23.897135560350602,24.004676040169233,23.689734807732542,23.766550064086914,19159500,0.0,0.0
2016-08-10 00:00:00-04:00,23.820331632198354,23.91250881155685,23.612930780946957,23.69742774963379,16684300,0.0,0.0
2016-08-11 00:00:00-04:00,23.774234771728516,23.828005018503212,23.70510117869552,23.774234771728516,24020900,0.0,0.0
2016-08-12 00:00:00-04:00,23.751192625988434,23.80496287926877,23.65901400241534,23.712785720825195,13430600,0.0,0.0
2016-08-15 00:00:00-04:00,23.79728114397483,23.99700027359468,23.728147542755284,23.958593368530273,21944700,0.0,0.0
2016-08-16 00:00:00-04:00,23.981639027432596,23.989320702144653,23.797283229732102,23.90482521057129,23399700,0.0,0.0
2016-08-17 00:00:00-04:00,23.789602174680276,23.789602174680276,23.297986701340268,23.597564697265625,55071200,0.0,0.0
2016-08-18 00:00:00-04:00,23.359439653562358,23.559158814593346,23.090586880438728,23.413209915161133,48710500,0.0,0.0
2016-08-19 00:00:00-04:00,23.328705609950223,23.5437865751415,23.22884533457211,23.443927764892578,25131300,0.0,0.0
2016-08-22 00:00:00-04:00,23.38247403411956,23.64364501309468,23.3287037970004,23.52842140197754,28680000,0.0,0.0
2016-08-23 00:00:00-04:00,23.68205528812163,23.858729368204752,23.651330061864662,23.797277450561523,23493600,0.0,0.0
2016-08-24 00:00:00-04:00,23.797278396077267,23.96627227515759,23.774234841751294,23.85873031616211,24474700,0.0,0.0
2016-08-25 00:00:00-04:00,23.858730558643213,24.112219914710614,23.8280053308532,24.0354061126709,22917100,0.0,0.0
2016-08-26 00:00:00-04:00,24.07381551835376,24.31962322676539,23.958593338177,24.081497192382812,21106200,0.0,0.0
2016-08-29 00:00:00-04:00,24.142945105824133,24.35034587474052,24.12758176032012,24.258167266845703,21101700,0.0,0.0
2016-08-30 00:00:00-04:00,24.281217766037827,24.319624673338087,24.127587206577594,24.227447509765625,17794800,0.0,0.0
2016-08-31 00:00:00-04:00,24.158310717051545,24.25816954193451,24.00468017786147,24.1506290435791,20418800,0.0,0.0
2016-09-01 00:00:00-04:00,24.135263433072126,24.304255838228478,24.01235959929855,24.258167266845703,15980500,0.0,0.0
2016-09-02 00:00:00-04:00,24.31194146219146,24.542387286816247,24.31194146219146,24.45020866394043,18156500,0.0,0.0
2016-09-06 00:00:00-04:00,24.527018897769697,24.534700570191326,24.35034482745989,24.48093032836914,17656500,0.0,0.0
2016-09-07 00:00:00-04:00,24.41948127746582,24.52702177372,24.38875458417641,24.41948127746582,14050500,0.0,0.0
2016-09-08 00:00:00-04:00,24.365713001873882,24.388758025092272,24.13526863020831,24.173675537109375,19913700,0.0,0.0
2016-09-09 00:00:00-04:00,23.92019048735837,24.073821073128997,23.69742774963379,23.69742774963379,25450500,0.0,0.0
2016-09-12 00:00:00-04:00,23.513064796660277,24.19671761928436,23.50538312318783,24.1506290435791,22612500,0.0,0.0
2016-09-13 00:00:00-04:00,24.012360848938886,24.0814944421755,23.735826475992425,23.85873031616211,23617900,0.0,0.0
2016-09-14 00:00:00-04:00,23.820328540649268,23.9893209909602,23.666697974817758,23.812646865844727,24262900,0.0,0.0
2016-09-15 00:00:00-04:00,23.528422110189425,24.11221599458093,23.51306023135661,24.050764083862305,25554500,0.0,0.0
2016-09-16 00:00:00-04:00,23.90482169218716,23.920183574220626,23.582198727413516,23.689739227294922,37416300,0.0,0.0
2016-09-19 00:00:00-04:00,23.69742122198951,24.0046808437638,23.674376200932898,23.828006744384766,16833500,0.0,0.0
2016-09-20 00:00:00-04:00,23.87409626200896,23.9816367675847,23.84337103118568,23.88945960998535,15878900,0.0,0.0
2016-09-21 00:00:00-04:00,23.8971425283595,24.104541876322603,23.789600552054267,24.08917999267578,21169400,0.0,0.0
2016-09-22 00:00:00-04:00,24.19671819158769,24.42716254069389,24.189036517933555,24.319622039794922,20261900,0.0,0.0
2016-09-23 00:00:00-04:00,24.358032851954036,24.427166460806465,24.05077318212641,24.07381820678711,20442200,0.0,0.0
2016-09-26 00:00:00-04:00,23.889458136998748,23.935546712956672,23.651332118565158,23.866413116455078,20361500,0.0,0.0
2016-09-27 00:00:00-04:00,23.881774696106174,24.28121289852607,23.781914412936544,24.181352615356445,18045400,0.0,0.0
2016-09-28 00:00:00-04:00,24.15062963910064,24.265851813769714,24.08917771493517,24.196718215942383,15841000,0.0,0.0
2016-09-29 00:00:00-04:00,24.204401295676515,24.25048987519562,24.004682164254376,24.11222267150879,15417100,0.0,0.0
2016-09-30 00:00:00-04:00,24.28121763089064,24.427165049922973,24.242809258674562,24.365713119506836,30380600,0.0,0.0
2016-10-03 00:00:00-04:00,24.249535314706876,24.458650158118136,24.1643415274651,24.396690368652344,14070500,0.26,0.0
2016-10-04 00:00:00-04:00,24.365711371086235,24.497376117195056,24.12561735544238,24.280517578125,18460400,0.0,0.0
2016-10-05 00:00:00-04:00,24.3269845339137,24.536099369700864,24.3269845339137,24.466394424438477,11808600,0.0,0.0
2016-10-06 00:00:00-04:00,24.450903827518495,24.497373298080454,24.172084049671074,24.38119888305664,14077100,0.0,0.0
2016-10-07 00:00:00-04:00,24.381202113949044,24.47414254462686,24.187577570838446,24.373456954956055,13073200,0.0,0.0
2016-10-10 00:00:00-04:00,24.427673067906966,24.536102339332732,24.350222955215123,24.373456954956055,12759400,0.0,0.0
2016-10-11 00:00:00-04:00,24.41217537343231,24.419920530084983,23.893261695603595,24.040416717529297,19412000,0.0,0.0
2016-10-12 00:00:00-04:00,23.645430830032307,23.72287946906799,23.18847676897892,23.498275756835938,36899900,0.0,0.0
2016-10-13 00:00:00-04:00,23.30465168187302,23.42857127955276,23.126517444863158,23.36661148071289,24286600,0.0,0.0
2016-10-14 00:00:00-04:00,23.50602006589334,23.660918815599576,23.358864998020074,23.37435531616211,20545100,0.0,0.0
2016-10-17 00:00:00-04:00,23.335629518262724,23.560234699583642,23.31239551829025,23.40533447265625,13957500,0.0,0.0
2016-10-18 00:00:00-04:00,23.769344335835815,23.769344335835815,23.567974676007026,23.575719833374023,14444900,0.0,0.0
2016-10-19 00:00:00-04:00,23.575720719272436,23.58346587693047,23.382096209534872,23.50601577758789,14830900,0.0,0.0
2016-10-20 00:00:00-04:00,23.451802342597905,23.521507287823542,23.26592298107549,23.358861923217773,17315300,0.0,0.0
2016-10-21 00:00:00-04:00,23.242688823381865,23.38984388021947,23.172983874208157,23.351118087768555,15140500,0.0,0.0
2016-10-24 00:00:00-04:00,23.498270474774326,23.62219004206186,23.46728984433356,23.591209411621094,14115300,0.0,0.0
2016-10-25 00:00:00-04:00,23.622195351978746,23.629940511329934,23.41308048121097,23.498275756835938,15257800,0.0,0.0
2016-10-26 00:00:00-04:00,23.6918940966886,23.90100891262472,23.482779280752474,23.660913467407227,18008600,0.0,0.0
2016-10-27 00:00:00-04:00,23.69964354339244,23.753858177209402,23.513764165775157,23.529253005981445,16926200,0.0,0.0
2016-10-28 00:00:00-04:00,23.513760341327878,23.85453840624731,23.50601518386547,23.69189453125,19946800,0.0,0.0
2016-10-31 00:00:00-04:00,23.498267265852302,23.831301611422557,23.482776952747276,23.7615966796875,23225400,0.0,0.0
2016-11-01 00:00:00-04:00,23.893271625556753,23.90101678542829,23.41308205418888,23.606706619262695,17542100,0.0,0.0
2016-11-02 00:00:00-04:00,23.567979384436626,23.76160392558088,23.41307916062602,23.536998748779297,19174000,0.0,0.0
2016-11-03 00:00:00-04:00,23.622194178157937,23.668663654717832,23.4208244767477,23.482784271240234,15937100,0.0,0.0
2016-11-04 00:00:00-04:00,23.21945566888427,23.622195087203234,22.9483810035835,23.38210105895996,18524000,0.0,0.0
2016-11-07 00:00:00-05:00,23.78483126824786,24.055905845429756,23.707382655256694,23.962966918945312,23061100,0.0,0.0
2016-11-08 00:00:00-05:00,23.962975710139407,24.164345427714814,23.80033031326621,24.009445190429688,19399800,0.0,0.0
2016-11-09 00:00:00-05:00,24.040424140462505,24.388947434020604,23.777094641913873,24.28826332092285,38564100,0.0,0.0
2016-11-10 00:00:00-05:00,24.326989347349866,24.598064023979767,23.86229011273263,24.009445190429688,38345000,0.0,0.0
2016-11-11 00:00:00-05:00,23.955228868214995,24.37345711593232,23.947483709170854,24.28826332092285,23150300,0.0,0.0
2016-11-14 00:00:00-05:00,24.342480452860716,24.52835985726444,24.28052065139281,24.296010971069336,22917600,0.0,0.0
2016-11-15 00:00:00-05:00,24.218557433297377,24.66776629987722,24.218557433297377,24.551591873168945,24160200,0.0,0.0
2016-11-16 00:00:00-05:00,24.489632548007485,24.69874592917966,24.404437277417113,24.45090675354004,27097100,0.0,0.0
2016-11-17 00:00:00-05:00,23.165240921820434,23.273670196533203,22.93289205393934,23.273670196533203,75252300,0.0,0.0
2016-11-18 00:00:00-05:00,23.320140679903023,23.513765224964356,23.242690566430884,23.37435531616211,38748600,0.0,0.0
2016-11-21 00:00:00-05:00,23.46729474551347,23.49053022319681,23.24269103686016,23.273670196533203,27481700,0.0,0.0
2016-11-22 00:00:00-05:00,23.29690290185074,23.38209816597988,23.118768692524263,23.149747848510742,26769300,0.0,0.0
2016-11-23 00:00:00-05:00,23.103280166577242,23.19622059621601,22.89416530781853,23.010339736938477,24496800,0.0,0.0
2016-11-25 00:00:00-05:00,22.92514731469086,23.35112073935588,22.886421517842518,23.304651260375977,17678900,0.0,0.0
2016-11-28 00:00:00-05:00,23.296902747154526,23.30464790540919,23.0955330642469,23.172983169555664,21468900,0.0,0.0
2016-11-29 00:00:00-05:00,23.18847438061958,23.312393962998957,23.07229995679366,23.10327911376953,23553700,0.0,0.0
2016-11-30 00:00:00-05:00,23.049063898064432,23.19621895238161,22.987104108442132,23.09553337097168,26224900,0.0,0.0
2016-12-01 00:00:00-05:00,23.111017484312598,23.1187626405912,22.770237994241764,22.808963775634766,25996200,0.0,0.0
2016-12-02 00:00:00-05:00,22.70053746260038,22.894161975362465,22.553383896512408,22.654067993164062,27069500,0.0,0.0
2016-12-05 00:00:00-05:00,22.716029505136557,22.925144349354564,22.6850503489031,22.870929718017578,20865800,0.0,0.0
2016-12-06 00:00:00-05:00,22.78573507081162,22.917399812157857,22.646325170887604,22.71603012084961,27352100,0.0,0.0
2016-12-07 00:00:00-05:00,22.832203441233066,23.265923437192754,22.708283864455407,23.196218490600586,30180100,0.0,0.0
2016-12-08 00:00:00-05:00,23.320138067378245,23.490527116138058,23.17298301599057,23.196218490600586,21369900,0.0,0.0
2016-12-09 00:00:00-05:00,23.21945043437623,23.28915537480349,23.025825928131123,23.281410217285156,21362000,0.0,0.0
2016-12-12 00:00:00-05:00,23.29690652236327,23.38984695924214,23.258182202052648,23.36661148071289,17287800,0.0,0.0
2016-12-13 00:00:00-05:00,23.46728939655344,23.73061884132429,23.389840776404856,23.69189453125,25052900,0.0,0.0
2016-12-14 00:00:00-05:00,23.69964014092601,24.063653685178416,23.552485100807903,23.591209411621094,27556000,0.0,0.0
2016-12-15 00:00:00-05:00,23.691892630269315,23.85453649221647,23.62993285277931,23.722871780395508,20914100,0.0,0.0
2016-12-16 00:00:00-05:00,23.777089786098728,23.7925786237858,23.44405540140396,23.69189453125,45875500,0.0,0.0
2016-12-19 00:00:00-05:00,23.73837057512707,23.908761132028538,23.65317677391449,23.815820693969727,18178500,0.0,0.0
2016-12-20 00:00:00-05:00,23.87777980391466,23.90876044145214,23.59121481564538,23.668664932250977,17475200,0.0,0.0
2016-12-21 00:00:00-05:00,23.769347003137405,23.769347003137405,23.552487004239456,23.560232162475586,14488900,0.0,0.0
2016-12-22 00:00:00-05:00,23.544739943197712,23.606699726841477,23.42856553352037,23.591209411621094,12935800,0.0,0.0
2016-12-23 00:00:00-05:00,23.653170954211223,23.699640423188058,23.5447402236149,23.64542579650879,9167500,0.0,0.0
2016-12-27 00:00:00-05:00,23.730616053477448,23.870025916947558,23.699636904504956,23.7615966796875,14175500,0.0,0.0
2016-12-28 00:00:00-05:00,23.777092161373535,23.83130679178855,23.506017532060568,23.560232162475586,12022200,0.0,0.0
2016-12-29 00:00:00-05:00,23.521505947604904,23.660914352875054,23.490525317164135,23.591209411621094,10995600,0.0,0.0
2016-12-30 00:00:00-05:00,23.668663972089995,23.69964460837069,23.335629518262724,23.40533447265625,20190000,0.0,0.0
2017-01-03 00:00:00-05:00,23.521508706315302,23.66866228645449,23.397587647255975,23.653173446655273,22370600,0.0,0.0
2017-01-04 00:00:00-05:00,23.621925904923938,23.76253284619075,23.450073804443523,23.51256561279297,22281000,0.26,0.0
2017-01-05 00:00:00-05:00,23.51256343504882,23.71566216585398,23.489128450367495,23.567243576049805,18372500,0.0,0.0
2017-01-06 00:00:00-05:00,23.567248180104485,23.70785513581694,23.45788787673808,23.614116668701172,15923200,0.0,0.0
2017-01-09 00:00:00-05:00,23.60630505323376,23.692231857436347,23.496944749646755,23.57505989074707,17177800,0.0,0.0
2017-01-10 00:00:00-05:00,23.582867988477293,23.86408036803203,23.512564521108068,23.731285095214844,21046000,0.0,0.0
2017-01-11 00:00:00-05:00,23.692235087961343,23.75472691137811,23.457891122629114,23.55162811279297,22291300,0.0,0.0
2017-01-12 00:00:00-05:00,23.551625465875603,23.559437129165087,23.27822321043337,23.465700149536133,18611100,0.0,0.0
2017-01-13 00:00:00-05:00,23.51256882489225,23.606305805260895,23.442265344654544,23.489133834838867,17136600,0.0,0.0
2017-01-17 00:00:00-05:00,23.4344493114306,23.629736389025858,23.30946570096341,23.426637649536133,21983500,0.0,0.0
2017-01-18 00:00:00-05:00,23.52818730058149,23.575055781102527,23.39539203083677,23.457883834838867,15724000,0.0,0.0
2017-01-19 00:00:00-05:00,23.442262043638156,23.582868984314032,23.371958573300216,23.418827056884766,16866000,0.0,0.0
2017-01-20 00:00:00-05:00,23.528188937360888,23.6297375672079,23.434450479875604,23.51256561279297,22754400,0.0,0.0
2017-01-23 00:00:00-05:00,23.543805129179,23.66878871592263,23.50474831704232,23.645355224609375,17155300,0.0,0.0
2017-01-24 00:00:00-05:00,23.70004226162498,24.02031298219378,23.660985438110664,23.903141021728516,24934200,0.0,0.0
2017-01-25 00:00:00-05:00,24.246848988751367,24.254659162243833,23.942200075259397,23.981258392333984,23630500,0.0,0.0
2017-01-26 00:00:00-05:00,24.028118362183136,24.09061015741953,23.87188812913119,24.012495040893555,20116800,0.0,0.0
2017-01-27 00:00:00-05:00,24.028123863640523,24.199975967407227,23.92657374192936,24.199975967407227,18461900,0.0,0.0
2017-01-30 00:00:00-05:00,24.16873626448749,24.215604759747382,23.926579144145744,24.082809448242188,15481800,0.0,0.0
2017-01-31 00:00:00-05:00,23.96563631961309,24.12967679014315,23.887521171298644,23.99688148498535,16603100,0.0,0.0
2017-02-01 00:00:00-05:00,24.098423930621813,24.098423930621813,23.762529943059757,23.825021743774414,19504600,0.0,0.0
2017-02-02 00:00:00-05:00,23.9734481186336,24.418702529637635,23.84846447659466,24.356210708618164,27456700,0.0,0.0
2017-02-03 00:00:00-05:00,24.42650409980906,24.488995895005218,24.309332170056503,24.465560913085938,21288800,0.0,0.0
2017-02-06 00:00:00-05:00,24.442137183340492,24.457759020937495,24.30934187926963,24.449947357177734,16774200,0.0,0.0
2017-02-07 00:00:00-05:00,24.51243795479756,24.71553673265436,24.47338112786921,24.567119598388672,18420200,0.0,0.0
2017-02-08 00:00:00-05:00,24.57492313667395,24.645226598101193,24.41088271995841,24.42650604248047,20434300,0.0,0.0
2017-02-09 00:00:00-05:00,24.489004405868485,24.754595000235504,24.44994608909543,24.606176376342773,18706900,0.0,0.0
2017-02-10 00:00:00-05:00,24.59054626335179,24.70771820149,24.403070864346248,24.613981246948242,21557700,0.0,0.0
2017-02-13 00:00:00-05:00,24.738970356802625,24.996749274094835,24.64523189145893,24.97331428527832,26518800,0.0,0.0
2017-02-14 00:00:00-05:00,24.918636516286504,25.238908767700195,24.817087868220582,25.238908767700195,31463500,0.0,0.0
2017-02-15 00:00:00-05:00,25.27015024294387,25.652914280600818,25.223283244755702,25.637290954589844,41169400,0.0,0.0
2017-02-16 00:00:00-05:00,25.980995262679635,26.535612908221722,25.973185089573864,26.246585845947266,50143700,0.0,0.0
2017-02-17 00:00:00-05:00,26.184090108562078,26.37937717412727,26.113786645764844,26.35594367980957,31841200,0.0,0.0
2017-02-21 00:00:00-05:00,26.31688962997942,26.723087172642906,26.29345613054425,26.66059684753418,26992700,0.0,0.0
2017-02-22 00:00:00-05:00,26.590288122219228,26.67621490965165,26.293450941955637,26.629344940185547,26632700,0.0,0.0
2017-02-23 00:00:00-05:00,26.77776976387488,26.77776976387488,26.519992307071373,26.590295791625977,17450100,0.0,0.0
2017-02-24 00:00:00-05:00,26.543415232570858,26.809005737304688,26.40280831948566,26.809005737304688,21137300,0.0,0.0
2017-02-27 00:00:00-05:00,26.72308345380952,26.80901024624048,26.65277998544277,26.76214027404785,15625400,0.0,0.0
2017-02-28 00:00:00-05:00,26.684030299277826,26.7855804297234,26.590293321859875,26.69965362548828,23093100,0.0,0.0
2017-03-01 00:00:00-05:00,26.777772085023244,26.957435898937486,26.699658419789337,26.902755737304688,22754200,0.0,0.0
2017-03-02 00:00:00-05:00,26.879314654566606,26.973051622385427,26.723084388305583,26.863691329956055,16137700,0.0,0.0
2017-03-03 00:00:00-05:00,26.887126829160277,26.902750154934257,26.738709704074555,26.785579681396484,14175000,0.0,0.0
2017-03-06 00:00:00-05:00,26.590291840507373,26.77776578489905,26.52779853914707,26.707462310791016,17605100,0.0,0.0
2017-03-07 00:00:00-05:00,26.55904264485671,26.754329723127714,26.551232472857375,26.715272903442383,21033700,0.0,0.0
2017-03-08 00:00:00-05:00,26.699644843612877,26.738701656370306,26.50435779998191,26.574661254882812,18686700,0.0,0.0
2017-03-09 00:00:00-05:00,26.59028835252027,26.644968494115545,26.457491594471573,26.61372184753418,17490200,0.0,0.0
2017-03-10 00:00:00-05:00,26.746519929828022,26.79338692217627,26.62153631715873,26.76214027404785,19038400,0.0,0.0
2017-03-13 00:00:00-04:00,26.730895473250666,26.816822262041146,26.5590418956697,26.637155532836914,16164800,0.0,0.0
2017-03-14 00:00:00-04:00,26.512173593215632,26.668403857221993,26.434059951134667,26.652780532836914,14578400,0.0,0.0
2017-03-15 00:00:00-04:00,26.61372232829752,26.832442898629704,26.59809900472461,26.746519088745117,14961700,0.0,0.0
2017-03-16 00:00:00-04:00,26.75433182116191,26.933995589678872,26.637158373073007,26.73870849609375,14521600,0.0,0.0
2017-03-17 00:00:00-04:00,26.83244546665813,26.855881944182652,26.707461845957432,26.73870849609375,26787200,0.0,0.0
2017-03-20 00:00:00-04:00,26.715273050826802,26.8636901583876,26.715273050826802,26.77776336669922,14974100,0.0,0.0
2017-03-21 00:00:00-04:00,26.91056156193399,26.92618488669441,26.387190611915667,26.465307235717773,21406000,0.0,0.0
2017-03-22 00:00:00-04:00,26.38718831808874,26.715272149848374,26.38718831808874,26.637155532836914,16646100,0.0,0.0
2017-03-23 00:00:00-04:00,26.621539562134725,26.762143536162473,26.48874278132416,26.527799606323242,16709300,0.0,0.0
2017-03-24 00:00:00-04:00,26.613725009735646,26.793388779159528,26.51998803869809,26.621538162231445,18125100,0.0,0.0
2017-03-27 00:00:00-04:00,26.41843842259652,26.582478870024186,26.363758273453964,26.55123519897461,17740600,0.0,0.0
2017-03-28 00:00:00-04:00,26.480924308296213,26.723078335298574,26.41843102400928,26.574661254882812,21179300,0.0,0.0
2017-03-29 00:00:00-04:00,26.559040916865946,26.598097734010157,26.285640217012336,26.35594367980957,16504100,0.0,0.0
2017-03-30 00:00:00-04:00,26.402810668444967,26.504360776895226,26.34032035698306,26.35594367980957,12801600,0.0,0.0
2017-03-31 00:00:00-04:00,26.340324543717703,26.46530816635152,26.293454567788288,26.402814865112305,14038500,0.0,0.0
2017-04-03 00:00:00-04:00,26.324701634139075,26.51217558112817,26.13722470730532,26.23096466064453,19367800,0.0,0.0
2017-04-04 00:00:00-04:00,26.199443357910972,26.33339395635402,25.9472985795923,26.325515747070312,18602600,0.29,0.0
2017-04-05 00:00:00-04:00,26.38855700707658,26.420072854268998,25.97882093554257,26.002458572387695,17572500,0.0,0.0
2017-04-06 00:00:00-04:00,26.00245873830855,26.223084699079575,25.915783394918996,26.06549644470215,15316800,0.0,0.0
2017-04-07 00:00:00-04:00,26.081250700108644,26.1206507662351,25.939418878301883,25.970937728881836,13942800,0.0,0.0
2017-04-10 00:00:00-04:00,25.97093505128235,26.175804553127,25.900019147690386,26.010332107543945,14824100,0.0,0.0
2017-04-11 00:00:00-04:00,26.033971515549595,26.06549036139035,25.718789068747245,25.939414978027344,18945800,0.0,0.0
2017-04-12 00:00:00-04:00,25.892141623094687,25.97093573770043,25.608478001229546,25.703031539916992,25455100,0.0,0.0
2017-04-13 00:00:00-04:00,25.773953590839085,25.884266579910904,25.545446395874023,25.545446395874023,16234900,0.0,0.0
2017-04-17 00:00:00-04:00,25.592721332753108,25.74243136894463,25.569083696986848,25.69515609741211,11961200,0.0,0.0
2017-04-18 00:00:00-04:00,25.65576310848649,25.78971374016291,25.569087755847114,25.742435455322266,13349600,0.0,0.0
2017-04-19 00:00:00-04:00,25.844868134703628,25.915784053296363,25.69515808692045,25.72667694091797,16373800,0.0,0.0
2017-04-20 00:00:00-04:00,25.836984722904134,25.96305710771142,25.781828242413617,25.86850357055664,11927500,0.0,0.0
2017-04-21 00:00:00-04:00,25.95517977198926,25.95517977198926,25.742432027243055,25.860626220703125,13877700,0.0,0.0
2017-04-24 00:00:00-04:00,26.191567650146023,26.286121199595485,26.10489231073271,26.22308349609375,15400500,0.0,0.0
2017-04-25 00:00:00-04:00,26.309755464041295,26.412190216203538,26.278236616329412,26.333393096923828,15058800,0.0,0.0
2017-04-26 00:00:00-04:00,26.459475968261398,26.49887303613801,26.294003473893838,26.317644119262695,17949700,0.0,0.0
2017-04-27 00:00:00-04:00,26.798286534502406,26.87708365658764,26.490985272877154,26.593420028686523,26639000,0.0,0.0
2017-04-28 00:00:00-04:00,26.695855767130187,26.85344701129849,26.530383307561834,26.845565795898438,20461700,0.0,0.0
2017-05-01 00:00:00-04:00,26.877078538592844,26.90071616781585,26.6406932289559,26.766765594482422,13577300,0.0,0.0
2017-05-02 00:00:00-04:00,26.837685176595865,26.979516983032227,26.735250426213447,26.979516983032227,15983600,0.0,0.0
2017-05-03 00:00:00-04:00,26.916482236598114,27.058314058567905,26.884963385981933,26.987398147583008,14432200,0.0,0.0
2017-05-04 00:00:00-04:00,27.050437541473038,27.176509946023604,26.845568005451348,26.93224334716797,13638500,0.0,0.0
2017-05-05 00:00:00-04:00,26.9873966903646,27.105590870891728,26.8455648760532,27.09770965576172,15091800,0.0,0.0
2017-05-08 00:00:00-04:00,27.15286960738316,27.263182586873345,26.90860601159868,27.018918991088867,13232700,0.0,0.0
2017-05-09 00:00:00-04:00,26.900725534697997,26.99527909031604,26.664340142751225,26.711618423461914,18855900,0.0,0.0
2017-05-10 00:00:00-04:00,26.711613156048617,26.711613156048617,26.45946838692013,26.585540771484375,17481400,0.0,0.0
2017-05-11 00:00:00-04:00,26.56978294335106,26.648577061259708,26.380672852246214,26.49886703491211,17515600,0.0,0.0
2017-05-12 00:00:00-04:00,26.475229689495578,26.49098911619901,26.11277189272659,26.357038497924805,20194300,0.0,0.0
2017-05-15 00:00:00-04:00,26.79041263925233,27.152870441802353,26.76677500172183,26.971641540527344,31531000,0.0,0.0
2017-05-16 00:00:00-04:00,26.979519164827018,27.050435073780065,26.814046706734608,27.02679443359375,18950000,0.0,0.0
2017-05-17 00:00:00-04:00,26.94799979129876,27.034675123423575,26.632817311899966,26.648576736450195,38787800,0.0,0.0
2017-05-18 00:00:00-04:00,24.505349064271332,24.828409811984958,23.93014348935699,24.725975036621094,85500500,0.0,0.0
2017-05-19 00:00:00-04:00,25.009631915862887,25.041150762140468,24.442306208978184,24.592016220092773,39859200,0.0,0.0
2017-05-22 00:00:00-04:00,24.54474528302306,25.19874646959691,24.54474528302306,24.89144515991211,35085200,0.0,0.0
2017-05-23 00:00:00-04:00,25.08055283616819,25.11207168875328,24.836287740240206,25.0253963470459,29827500,0.0,0.0
2017-05-24 00:00:00-04:00,25.159342837531685,25.16722254891556,24.5998953524866,24.81264305114746,23446300,0.0,0.0
2017-05-25 00:00:00-04:00,24.859922501265682,24.97023696965196,24.71809218974293,24.77324867248535,21586500,0.0,0.0
2017-05-26 00:00:00-04:00,24.82840774345176,24.891443945000194,24.710215053411147,24.820528030395508,16403100,0.0,0.0
2017-05-30 00:00:00-04:00,24.74173481108263,25.06479556332762,24.73385509725937,24.96236228942871,17108300,0.0,0.0
2017-05-31 00:00:00-04:00,25.041154108860166,25.127827941904748,24.796887526266897,24.844165802001953,30196700,0.0,0.0
2017-06-01 00:00:00-04:00,24.836290297831844,25.072675704956055,24.7968917280433,25.072675704956055,15525500,0.0,0.0
2017-06-02 00:00:00-04:00,25.159350568763237,25.26178534532961,24.962362232337473,25.198747634887695,20085200,0.0,0.0
2017-06-05 00:00:00-04:00,25.25390201668134,25.25390201668134,24.87568480306995,25.0253963470459,15976000,0.0,0.0
2017-06-06 00:00:00-04:00,25.01751318962424,25.025392901685674,24.820524896792552,24.867801666259766,16186600,0.0,0.0
2017-06-07 00:00:00-04:00,24.90719985961914,24.9938736852152,24.773247762351,24.90719985961914,14948400,0.0,0.0
2017-06-08 00:00:00-04:00,24.844163666957744,25.06478958982194,24.836283955012398,24.90719985961914,21828600,0.0,0.0
2017-06-09 00:00:00-04:00,24.930840105284787,25.080551642133265,24.497466423183162,24.718093872070312,25376600,0.0,0.0
2017-06-12 00:00:00-04:00,24.69445870909933,24.930844118680803,24.544747148150112,24.62354278564453,25784400,0.0,0.0
2017-06-13 00:00:00-04:00,24.662938274033145,25.05691493338129,24.6471803498645,24.978120803833008,27781000,0.0,0.0
2017-06-14 00:00:00-04:00,25.112070243768322,25.19086436489389,24.686574775762928,24.899322509765625,24940400,0.0,0.0
2017-06-15 00:00:00-04:00,24.62353759116604,24.930838859375324,24.599898454033994,24.883562088012695,19328000,0.0,0.0
2017-06-16 00:00:00-04:00,24.90720235880161,24.930839994108066,24.58414165113345,24.92296028137207,36367400,0.0,0.0
2017-06-19 00:00:00-04:00,25.033272017525253,25.230260305665237,24.88356049772648,25.206621170043945,18459200,0.0,0.0
2017-06-20 00:00:00-04:00,25.167229395408086,25.34057858430747,25.088433763035024,25.0963134765625,18190100,0.0,0.0
2017-06-21 00:00:00-04:00,25.00174746732848,25.112061905497946,24.828398354349357,25.088422775268555,20386100,0.0,0.0
2017-06-22 00:00:00-04:00,25.14359025482566,25.214506173671246,24.978120779453754,25.0963134765625,19436600,0.0,0.0
2017-06-23 00:00:00-04:00,25.096314653982038,25.450892761943678,25.0175190179122,25.285423278808594,25792200,0.0,0.0
2017-06-26 00:00:00-04:00,25.38785080619851,25.608476720704658,25.35633195961116,25.403610229492188,22175000,0.0,0.0
2017-06-27 00:00:00-04:00,25.285420869266428,25.419371484048217,25.0253963470459,25.0253963470459,23224200,0.0,0.0
2017-06-28 00:00:00-04:00,25.041157123180696,25.435132281420227,25.02539769603864,25.277544021606445,17732300,0.0,0.0
2017-06-29 00:00:00-04:00,25.049033970712042,25.238141063172836,24.6235385039707,24.749610900878906,27664500,0.0,0.0
2017-06-30 00:00:00-04:00,25.049037532856715,25.049037532856715,24.662939071655273,24.662939071655273,23604600,0.0,0.0
2017-07-03 00:00:00-04:00,24.497468231499777,24.93084194559152,24.450191454284706,24.68657684326172,14112100,0.0,0.0
2017-07-05 00:00:00-04:00,24.53546646649723,24.86949880557059,24.440028005215034,24.74224853515625,24270300,0.29,0.0
2017-07-06 00:00:00-04:00,24.646807059707864,24.67066705134619,24.39230655000317,24.432071685791016,20789100,0.0,0.0
2017-07-07 00:00:00-04:00,24.463887944996497,24.710435153754396,24.455934613495547,24.575231552124023,15860600,0.0,0.0
2017-07-10 00:00:00-04:00,24.559330792678864,24.726347760460467,24.51161230914551,24.63886260986328,15528800,0.0,0.0
2017-07-11 00:00:00-04:00,24.694531732076353,24.750205059890494,24.543422964552914,24.72634506225586,12806000,0.0,0.0
2017-07-12 00:00:00-04:00,24.853591404052224,25.004701664532856,24.77405960817069,24.782012939453125,18586200,0.0,0.0
2017-07-13 00:00:00-04:00,24.861542061418664,24.877448722272742,24.718385147617326,24.869495391845703,15934200,0.0,0.0
2017-07-14 00:00:00-04:00,24.94903490132761,25.012660047494318,24.869503089383443,24.988800048828125,13573100,0.0,0.0
2017-07-17 00:00:00-04:00,25.052425384521484,25.163769011919772,25.01266023672014,25.052425384521484,16427500,0.0,0.0
2017-07-18 00:00:00-04:00,24.980843412197043,25.060375213623047,24.789967998940398,25.060375213623047,15530700,0.0,0.0
2017-07-19 00:00:00-04:00,25.060373999050963,25.489843278828094,25.020607341793816,25.370546340942383,21567900,0.0,0.0
2017-07-20 00:00:00-04:00,25.378494991378115,25.489838577275282,25.2591980754965,25.338729858398438,16389500,0.0,0.0
2017-07-21 00:00:00-04:00,25.338727321828696,25.47392936720204,25.21942890094703,25.32282066345215,13973800,0.0,0.0
2017-07-24 00:00:00-04:00,25.338729858398438,25.39440165134702,25.179666292594558,25.338729858398438,15504100,0.0,0.0
2017-07-25 00:00:00-04:00,25.37054631947004,25.648906852263018,25.354639656580645,25.545515060424805,14990000,0.0,0.0
2017-07-26 00:00:00-04:00,25.545512535147427,25.632997655447987,25.060371500521914,25.179668426513672,21941500,0.0,0.0
2017-07-27 00:00:00-04:00,25.23534353506426,25.251250198468178,24.8217793882199,25.10809326171875,21437400,0.0,0.0
2017-07-28 00:00:00-04:00,25.012651341475383,25.131948259397028,24.861541103071907,25.068323135375977,15771000,0.0,0.0
2017-07-31 00:00:00-04:00,25.084229897914863,25.12399503173671,24.949026319200918,25.012651443481445,19256400,0.0,0.0
2017-08-01 00:00:00-04:00,25.123998220033148,25.179670021225665,24.996747955323727,25.171716690063477,12962800,0.0,0.0
2017-08-02 00:00:00-04:00,25.108088269035655,25.108088269035655,24.85358777295145,25.068323135375977,15845600,0.0,0.0
2017-08-03 00:00:00-04:00,25.123995794405637,25.227386055646544,24.99674554198175,25.100135803222656,14420800,0.0,0.0
2017-08-04 00:00:00-04:00,25.187623446044075,25.378498843817948,25.116044982261023,25.291013717651367,16929500,0.0,0.0
2017-08-07 00:00:00-04:00,25.28305553445322,25.354632463262806,25.20352375951292,25.32282066345215,11877400,0.0,0.0
2017-08-08 00:00:00-04:00,25.251243375095253,25.45007206308813,25.131946465688028,25.187618255615234,15375700,0.0,0.0
2017-08-09 00:00:00-04:00,25.092186252218447,25.195578045974912,24.94107750279422,25.147859573364258,16131300,0.0,0.0
2017-08-10 00:00:00-04:00,25.10014207757922,25.10014207757922,24.654766082763672,24.654766082763672,23517400,0.0,0.0
2017-08-11 00:00:00-04:00,24.83768144908233,25.092181948613185,24.68657272557503,25.02855682373047,20756600,0.0,0.0
2017-08-14 00:00:00-04:00,25.20352375951292,25.362585792451082,25.1001319970078,25.32282066345215,21761600,0.0,0.0
2017-08-15 00:00:00-04:00,25.33078442278852,25.61709680674554,25.322831090325398,25.52165985107422,25251500,0.0,0.0
2017-08-16 00:00:00-04:00,25.529606870537087,25.82387556556128,25.497796580546687,25.720483779907227,29052000,0.0,0.0
2017-08-17 00:00:00-04:00,25.044467661569186,25.26715639427417,24.535466577606805,24.68657684326172,53288800,0.0,0.0
2017-08-18 00:00:00-04:00,24.654764819900638,24.702483294808026,24.145763709040565,24.153717041015625,34802200,0.0,0.0
2017-08-21 00:00:00-04:00,24.153713735578,24.495697862047198,24.14576040469135,24.40026092529297,24198400,0.0,0.0
2017-08-22 00:00:00-04:00,24.53546309862347,24.91721385746526,24.45593131129576,24.869495391845703,24747200,0.0,0.0
2017-08-23 00:00:00-04:00,24.821777466098098,24.97288772284797,24.583183601286972,24.591136932373047,22436600,0.0,0.0
2017-08-24 00:00:00-04:00,24.614997733848504,24.972888542816303,24.575231077112406,24.845638275146484,22576100,0.0,0.0
2017-08-25 00:00:00-04:00,24.96493305373221,25.291012026070742,24.941074578695503,25.00469970703125,19558300,0.0,0.0
2017-08-28 00:00:00-04:00,25.13194697697017,25.17966543831534,24.980836746277507,25.084228515625,12958900,0.0,0.0
2017-08-29 00:00:00-04:00,24.86154364516514,25.15580930499769,24.805871845572103,25.03651237487793,16362700,0.0,0.0
2017-08-30 00:00:00-04:00,25.028563054617024,25.609144170268515,24.98879791051924,25.442127227783203,22988700,0.0,0.0
2017-08-31 00:00:00-04:00,25.529607008379916,25.720483918780662,25.442123401134257,25.61709213256836,27800200,0.0,0.0
2017-09-01 00:00:00-04:00,25.6250474965694,25.728436250978216,25.473935721242377,25.688671112060547,14686600,0.0,0.0
2017-09-05 00:00:00-04:00,25.569377046096587,25.64095551348402,25.020607784831014,25.147859573364258,32475500,0.0,0.0
2017-09-06 00:00:00-04:00,25.251245058144807,25.37849530558635,25.155806614092345,25.346683502197266,16962300,0.0,0.0
2017-09-07 00:00:00-04:00,25.41826503675535,25.426218368276885,25.24329629411025,25.25920295715332,14751700,0.0,0.0
2017-09-08 00:00:00-04:00,25.19557595966612,25.275107752060215,25.020605713010557,25.03651237487793,15339500,0.0,0.0
2017-09-11 00:00:00-04:00,25.21942843066109,25.688664225421974,25.187616631443653,25.601179122924805,22440800,0.0,0.0
2017-09-12 00:00:00-04:00,25.68866654670199,25.823871635656335,25.601181436299488,25.776151657104492,18923100,0.0,0.0
2017-09-13 00:00:00-04:00,25.72048911859744,25.760254264753478,25.41826854681642,25.593238830566406,22705100,0.0,0.0
2017-09-14 00:00:00-04:00,25.378491977575507,25.625040626987097,25.378491977575507,25.601179122924805,18194800,0.0,0.0
2017-09-15 00:00:00-04:00,25.60914251034646,25.8477363933541,25.545515856805313,25.800016403198242,29336100,0.0,0.0
2017-09-18 00:00:00-04:00,25.792065176317895,25.974987258589227,25.656860051404195,25.863643646240234,17290900,0.0,0.0
2017-09-19 00:00:00-04:00,25.8159250157186,25.96703681234504,25.768208055845875,25.839786529541016,12927700,0.0,0.0
2017-09-20 00:00:00-04:00,25.887498123607354,26.04656170261414,25.760247867179007,25.927263259887695,19865400,0.0,0.0
2017-09-21 00:00:00-04:00,26.022700635534857,26.165857538992746,25.847730412667406,26.006793975830078,19870000,0.0,0.0
2017-09-22 00:00:00-04:00,25.974982870261282,26.666905940023423,25.95907620920078,26.539655685424805,28234900,0.0,0.0
2017-09-25 00:00:00-04:00,26.491938989449906,26.91345489298493,26.404453869723298,26.818017959594727,32396900,0.0,0.0
2017-09-26 00:00:00-04:00,26.849824905395508,27.120232044573886,26.778246455792846,26.849824905395508,26138300,0.0,0.0
2017-09-27 00:00:00-04:00,26.865733886500358,26.977077476864032,26.483983133588353,26.627140045166016,22594600,0.0,0.0
2017-09-28 00:00:00-04:00,26.420365353945737,26.611239255569973,26.420365353945737,26.523754119873047,15496900,0.0,0.0
2017-09-29 00:00:00-04:00,26.491938473428988,26.77824926802272,26.436266677211982,26.74643898010254,14802700,0.0,0.0
2017-10-02 00:00:00-04:00,26.73053338676174,26.857783645180625,26.658954926783274,26.841876983642578,16555200,0.0,0.0
2017-10-03 00:00:00-04:00,26.81802084874156,26.96117778119209,26.730535719590048,26.921409606933594,13346900,0.0,0.0
2017-10-04 00:00:00-04:00,26.897338885325176,26.921406584921918,26.704815649161237,26.82514190673828,14652200,0.29,0.0
2017-10-05 00:00:00-04:00,26.937452190376323,27.009646112861333,26.801078752111465,26.945472717285156,14524800,0.0,0.0
2017-10-06 00:00:00-04:00,26.99360641530689,27.097888570870445,26.889321199641348,27.073823928833008,15464700,0.0,0.0
2017-10-09 00:00:00-04:00,27.08986600929664,27.186127630319795,26.961516161231845,27.08184242248535,8728400,0.0,0.0
2017-10-10 00:00:00-04:00,27.178110615734045,27.202175259074178,26.849213896309585,26.913387298583984,18011000,0.0,0.0
2017-10-11 00:00:00-04:00,26.77701411128313,26.97756094512416,26.67272890085728,26.945472717285156,12561400,0.0,0.0
2017-10-12 00:00:00-04:00,26.680749893188477,26.841187975080373,26.60855290934222,26.680749893188477,17905600,0.0,0.0
2017-10-13 00:00:00-04:00,26.793063581289015,26.92943398671326,26.728887112781763,26.84921646118164,13578800,0.0,0.0
2017-10-16 00:00:00-04:00,26.953498095250563,26.985586328864766,26.849215926157974,26.90536880493164,10509100,0.0,0.0
2017-10-17 00:00:00-04:00,26.945472591414763,27.00964598669117,26.84118738147606,26.953493118286133,9303100,0.0,0.0
2017-10-18 00:00:00-04:00,27.049760751083088,27.07382539442322,26.825146192867297,26.913387298583984,9971200,0.0,0.0
2017-10-19 00:00:00-04:00,26.88129761222754,27.186129671810367,26.833168328152667,27.073823928833008,13203100,0.0,0.0
2017-10-20 00:00:00-04:00,27.29041184217798,27.587220281226575,27.28238825565952,27.47491455078125,24361400,0.0,0.0
2017-10-23 00:00:00-04:00,27.635358215195524,27.819860961153942,27.490964229645066,27.555137634277344,22632000,0.0,0.0
2017-10-24 00:00:00-04:00,27.595247215740695,27.811835116390423,27.47491788417794,27.739641189575195,16280200,0.0,0.0
2017-10-25 00:00:00-04:00,27.859963042833638,27.859963042833638,27.402716551571327,27.51502227783203,17400900,0.0,0.0
2017-10-26 00:00:00-04:00,27.603278305967336,27.68349585097102,27.330534368810337,27.4909725189209,14616100,0.0,0.0
2017-10-27 00:00:00-04:00,27.39470268658896,27.771728707839397,27.346570337872993,27.619314193725586,20356600,0.0,0.0
2017-10-30 00:00:00-04:00,27.378656414217012,27.57920326125326,27.12997722225533,27.306459426879883,18345100,0.0,0.0
2017-10-31 00:00:00-04:00,27.258329452280503,27.46689990499218,27.242285335910196,27.394702911376953,13935100,0.0,0.0
2017-11-01 00:00:00-04:00,27.50701013894284,27.876015654914234,27.498986550276847,27.771730422973633,22051300,0.0,0.0
2017-11-02 00:00:00-04:00,27.715574885981002,27.787771876541967,27.402722280250877,27.44283103942871,19827600,0.0,0.0
2017-11-03 00:00:00-04:00,27.49898205372051,27.667443727032783,27.29843521129816,27.651399612426758,13414400,0.0,0.0
2017-11-06 00:00:00-05:00,27.57118706052497,27.7236046635732,27.482945934571333,27.603275299072266,12786900,0.0,0.0
2017-11-07 00:00:00-05:00,27.531080323590494,27.65943022714627,27.44283919112657,27.595256805419922,11332900,0.0,0.0
2017-11-08 00:00:00-05:00,27.523048232608364,27.67546272277832,27.370630682336607,27.67546272277832,13061300,0.0,0.0
2017-11-09 00:00:00-05:00,27.5069965426264,27.53106117652463,27.170076367546407,27.314470291137695,16785000,0.0,0.0
2017-11-10 00:00:00-05:00,27.32250839686631,27.346573043554123,27.00965268941187,27.266355514526367,19319400,0.0,0.0
2017-11-13 00:00:00-05:00,27.162076892776202,27.44284137284314,27.13801224022856,27.23427391052246,16441500,0.0,0.0
2017-11-14 00:00:00-05:00,27.16206545220562,27.40272105662871,27.11393310728019,27.306459426879883,17468500,0.0,0.0
2017-11-15 00:00:00-05:00,27.25030982711593,27.523053694244204,27.07382760129693,27.36261558532715,30829600,0.0,0.0
2017-11-16 00:00:00-05:00,28.91083582883031,29.416211708505546,28.7423772022719,28.782485961914062,61177100,0.0,0.0
2017-11-17 00:00:00-05:00,28.79853057861328,29.135447837589275,28.72633358596096,28.79853057861328,27988000,0.0,0.0
2017-11-20 00:00:00-05:00,28.822590135275117,29.31192488131179,28.822590135275117,29.279836654663086,26897800,0.0,0.0
2017-11-21 00:00:00-05:00,29.480396451113904,29.656878715224302,29.344026018012645,29.400178909301758,24146400,0.0,0.0
2017-11-22 00:00:00-05:00,29.440283442774916,29.456327560848678,29.167539555726222,29.239736557006836,17226400,0.0,0.0
2017-11-24 00:00:00-05:00,29.207647412756923,29.33599729325383,29.135450413721003,29.27182388305664,6155800,0.0,0.0
2017-11-27 00:00:00-05:00,29.28785509108737,29.753125163983434,29.279834565048453,29.576642990112305,20942200,0.0,0.0
2017-11-28 00:00:00-05:00,29.68093828207993,30.322687686969257,29.664894164444878,30.26653480529785,30966600,0.0,0.0
2017-11-29 00:00:00-05:00,30.28256225320369,30.507173656246835,29.86542460462295,30.06597137451172,36788600,0.0,0.0
2017-11-30 00:00:00-05:00,30.178292463943087,30.322686456697557,29.921592712402344,29.921592712402344,30749500,0.0,0.0
2017-12-01 00:00:00-05:00,29.75312304626005,30.210369500470495,29.464335167790026,30.1622371673584,26920900,0.0,0.0
2017-12-04 00:00:00-05:00,30.330709492008605,30.475103482129327,30.11411850682752,30.258512496948242,29414400,0.0,0.0
2017-12-05 00:00:00-05:00,30.274548153575886,30.338721542306423,29.817298605901343,29.929607391357422,23288200,0.0,0.0
2017-12-06 00:00:00-05:00,29.977740339159116,30.258507747031747,29.881478714223704,30.009828567504883,16581800,0.0,0.0
2017-12-07 00:00:00-05:00,29.88949936682193,30.30663715676359,29.88949936682193,30.001808166503906,17092000,0.0,0.0
2017-12-08 00:00:00-05:00,30.154226803355844,30.23444432547334,30.017853343633316,30.170270919799805,14044400,0.0,0.0
2017-12-11 00:00:00-05:00,30.154220383089793,30.515205275964306,30.13817627006185,30.45102882385254,16749500,0.0,0.0
2017-12-12 00:00:00-05:00,30.314661376800977,30.563337502462122,30.130158649338785,30.41092300415039,16658600,0.0,0.0
2017-12-13 00:00:00-05:00,30.555320333479333,30.77993184201507,30.483123340006806,30.603452682495117,20199500,0.0,0.0
2017-12-14 00:00:00-05:00,30.643563969912172,30.699716851676023,30.36279650099038,30.402908325195312,16738300,0.0,0.0
2017-12-15 00:00:00-05:00,30.491128926221112,30.707719800500286,30.242452895090086,30.635522842407227,47167700,0.0,0.0
2017-12-18 00:00:00-05:00,30.868167877197266,31.19706455781315,30.72377391399012,30.868167877197266,21591400,0.0,0.0
2017-12-19 00:00:00-05:00,31.01256380838755,31.17300189547671,30.70773174892835,30.72377586364746,19695200,0.0,0.0
2017-12-20 00:00:00-05:00,30.876193421071928,31.12486954894426,30.65157887512345,31.076740264892578,18939500,0.0,0.0
2017-12-21 00:00:00-05:00,31.189037220507878,31.277278296543933,30.87618472190814,30.90826988220215,16387500,0.0,0.0
2017-12-22 00:00:00-05:00,30.900267016040807,31.07674926896901,30.860158247676093,30.924331665039062,11441600,0.0,0.0
2017-12-26 00:00:00-05:00,30.92432074509985,31.02860595410541,30.771906255093096,30.868167877197266,8186100,0.0,0.0
2017-12-27 00:00:00-05:00,30.916306041968202,31.00454715389464,30.844109046764963,30.932350158691406,10543000,0.0,0.0
2017-12-28 00:00:00-05:00,31.06872093470365,31.06872093470365,30.844109418079555,30.9564151763916,8807700,0.0,0.0
2017-12-29 00:00:00-05:00,30.8120169645516,30.98047557894932,30.72377586364746,30.72377586364746,12583600,0.0,0.0
2018-01-02 00:00:00-05:00,31.020582783539183,31.24519731826591,30.828059536746945,31.17300033569336,20135700,0.0,0.0
2018-01-03 00:00:00-05:00,31.060700437169817,31.50992347086452,30.908282856364192,31.421682357788086,29536000,0.0,0.0
2018-01-04 00:00:00-05:00,31.559062605733114,31.955067572436718,31.462082992981205,31.510574340820312,20731400,0.29,0.0
2018-01-05 00:00:00-05:00,31.96315284455047,32.229850674347105,31.817681861557176,31.946989059448242,24588200,0.0,0.0
2018-01-08 00:00:00-05:00,31.938909143000696,32.29450317130853,31.801518509225453,32.27833938598633,16582000,0.0,0.0
2018-01-09 00:00:00-05:00,32.157112864998304,32.29450040407434,31.955070190173625,32.0762939453125,21449800,0.0,0.0
2018-01-10 00:00:00-05:00,32.04397772006892,32.52079867887832,32.02781393196536,32.25410079956055,19473000,0.0,0.0
2018-01-11 00:00:00-05:00,32.43996993093564,32.49654163073138,32.124783865523256,32.40764236450195,21685600,0.0,0.0
2018-01-12 00:00:00-05:00,32.50463235955238,33.07843291937243,32.36724171283475,33.02994155883789,23770500,0.0,0.0
2018-01-16 00:00:00-05:00,33.054202001417856,33.26432514859061,32.58546124421413,32.76325988769531,32845000,0.0,0.0
2018-01-17 00:00:00-05:00,33.00569271816576,33.39361429839888,32.90062966010471,33.296634674072266,24427100,0.0,0.0
2018-01-18 00:00:00-05:00,33.328960767092,33.5229200071552,33.159242578378525,33.37744903564453,19610200,0.0,0.0
2018-01-19 00:00:00-05:00,33.36129751458002,33.55525990886539,33.215826489597916,33.369380950927734,24582000,0.0,0.0
2018-01-22 00:00:00-05:00,33.29664193404236,33.668399810791016,33.15117092437074,33.668399810791016,22995100,0.0,0.0
2018-01-23 00:00:00-05:00,33.571420704379676,34.04824166975362,33.571420704379676,34.02399444580078,23984500,0.0,0.0
2018-01-24 00:00:00-05:00,34.104817447786864,34.50081951867644,33.951262981871196,34.080570220947266,26696200,0.0,0.0
2018-01-25 00:00:00-05:00,34.1613842774284,34.323019073845785,33.7977067562211,33.862361907958984,19207500,0.0,0.0
2018-01-26 00:00:00-05:00,34.06440958897121,34.39575958251953,33.90277476903666,34.39575958251953,23380400,0.0,0.0
2018-01-29 00:00:00-05:00,34.18562974324241,34.735186222611425,34.18562974324241,34.630123138427734,23625900,0.0,0.0
2018-01-30 00:00:00-05:00,34.50081195427,34.63820259981188,33.9189310474707,34.14521789550781,28993900,0.0,0.0
2018-01-31 00:00:00-05:00,33.927005125820784,33.951249259933974,33.417856728958284,33.5714111328125,36512100,0.0,0.0
2018-02-01 00:00:00-05:00,33.20773707753293,34.03207163325441,32.868303750858516,33.700721740722656,26148500,0.0,0.0
2018-02-02 00:00:00-05:00,33.53908727240666,33.90276473893379,33.02993881926868,33.07843017578125,27224200,0.0,0.0
2018-02-05 00:00:00-05:00,33.02993331947925,33.46634620664502,31.292368286612053,31.340856552124023,52399600,0.0,0.0
2018-02-06 00:00:00-05:00,30.977186892143557,32.57736463637002,30.185176829726487,32.46421813964844,55171600,0.0,0.0
2018-02-07 00:00:00-05:00,32.57736032847036,33.30471207079478,32.35107044787766,32.60160446166992,32690800,0.0,0.0
2018-02-08 00:00:00-05:00,32.68242453183854,32.9410389292534,31.2923729164654,31.332780838012695,42982100,0.0,0.0
2018-02-09 00:00:00-05:00,31.518659544482865,32.26217516162478,30.896367691217502,31.946989059448242,51304200,0.0,0.0
2018-02-12 00:00:00-05:00,32.74707737779274,33.06226345987143,32.5127071331452,32.811729431152344,38210700,0.0,0.0
2018-02-13 00:00:00-05:00,32.73091284327997,33.38553220999911,32.5046260373197,33.32087707519531,30999100,0.0,0.0
2018-02-14 00:00:00-05:00,33.16732860927936,34.15329483649149,33.12692068801216,34.015907287597656,43835900,0.0,0.0
2018-02-15 00:00:00-05:00,36.42427131929892,36.47276269527142,34.961480514873266,35.624183654785156,72267500,0.0,0.0
2018-02-16 00:00:00-05:00,35.47061292689295,36.44041842167818,35.3897970868803,35.826210021972656,39267500,0.0,0.0
2018-02-20 00:00:00-05:00,35.55951416723629,36.11715089318701,35.405962829549615,35.60800552368164,29006900,0.0,0.0
2018-02-21 00:00:00-05:00,35.64840893925962,35.898939875238085,34.97762579973664,35.00187301635742,28499200,0.0,0.0
2018-02-22 00:00:00-05:00,35.14735830422569,35.20393002784536,34.549310405053525,34.70286178588867,25887600,0.0,0.0
2018-02-23 00:00:00-05:00,35.050357134848376,35.59183302569661,34.686679757849724,35.559505462646484,25781400,0.0,0.0
2018-02-26 00:00:00-05:00,35.801960706287105,36.73135822662031,35.66457316972866,36.65862274169922,27771100,0.0,0.0
2018-02-27 00:00:00-05:00,36.69903914384096,36.860673934692684,36.06058341558664,36.40001678466797,27419300,0.0,0.0
2018-02-28 00:00:00-05:00,36.58588919869769,37.086954186457305,36.189884185791016,36.189884185791016,26885200,0.0,0.0
2018-03-01 00:00:00-05:00,36.10906394136704,36.36767829594857,35.03419552525994,35.39787292480469,32154300,0.0,0.0
2018-03-02 00:00:00-05:00,34.985713655803785,35.73731272460906,34.83215923519026,35.60800552368164,28848100,0.0,0.0
2018-03-05 00:00:00-05:00,35.49486248279654,36.18180955951575,35.31706699103189,35.979766845703125,22101700,0.0,0.0
2018-03-06 00:00:00-05:00,36.08482240319826,36.19796580609584,35.67265362644107,35.793880462646484,21930000,0.0,0.0
2018-03-07 00:00:00-05:00,35.5837512074539,35.87469312224916,35.39787233587388,35.72114181518555,22034400,0.0,0.0
2018-03-08 00:00:00-05:00,35.761561677176296,35.890868895516796,35.511027592860906,35.83429718017578,20285600,0.0,0.0
2018-03-09 00:00:00-05:00,36.06058552563412,36.80410437388737,36.052505172935966,36.66671371459961,22230900,0.0,0.0
2018-03-12 00:00:00-04:00,36.79602340541675,37.07080165948861,36.69096339865956,36.81218719482422,18299800,0.0,0.0
2018-03-13 00:00:00-04:00,36.998062929577756,37.30516873574462,36.30303546016569,36.49699783325195,23411200,0.0,0.0
2018-03-14 00:00:00-04:00,36.64246260819476,36.98189284968784,36.44041991694599,36.593971252441406,21141100,0.0,0.0
2018-03-15 00:00:00-04:00,36.610129310332105,36.965726364372806,36.46465834875661,36.634376525878906,23520400,0.0,0.0
2018-03-16 00:00:00-04:00,36.63437656566923,36.85257992534315,36.343434642202226,36.37575912475586,56129000,0.0,0.0
2018-03-19 00:00:00-04:00,36.036331970093244,36.22221086286371,35.47869529178186,35.77771759033203,26734100,0.0,0.0
2018-03-20 00:00:00-04:00,35.955518477532166,36.076742241805235,35.704984432018286,35.85853576660156,22809700,0.0,0.0
2018-03-21 00:00:00-04:00,35.75347925229374,36.2868718823951,35.664579966789,35.81005096435547,22528200,0.0,0.0
2018-03-22 00:00:00-04:00,35.3655514539973,35.57567758013298,34.76750681206888,34.80791473388672,29520800,0.0,0.0
2018-03-23 00:00:00-04:00,35.325137439014014,35.43020048395974,34.282596588134766,34.282596588134766,31759200,0.0,0.0
2018-03-26 00:00:00-04:00,34.95338608484021,35.68882136816371,34.6139558385033,35.60800552368164,29731900,0.0,0.0
2018-03-27 00:00:00-04:00,35.95551941078487,35.979763547683405,34.13713515315016,34.49272918701172,30942000,0.0,0.0
2018-03-28 00:00:00-04:00,34.355343847519066,34.62204172622615,33.63607223465791,33.668399810791016,36696800,0.0,0.0
2018-03-29 00:00:00-04:00,33.89467846268686,34.694768821959855,33.603739596786916,34.66244125366211,55021200,0.0,0.0
2018-04-02 00:00:00-04:00,34.36342915505715,34.45232845280254,32.7551676084853,33.143089294433594,36791800,0.0,0.0
2018-04-03 00:00:00-04:00,33.40978439380327,33.53909161163949,32.90871931005383,33.44211196899414,28003900,0.0,0.0
2018-04-04 00:00:00-04:00,32.90442624405291,33.84944060402011,32.74149209073915,33.564308166503906,30117600,0.33,0.0
2018-04-05 00:00:00-04:00,33.80870738863629,34.2323349384794,33.710948141044945,34.069400787353516,29331600,0.0,0.0
2018-04-06 00:00:00-04:00,33.72724454125677,33.9553505062939,32.953309592824205,33.18141555786133,32208700,0.0,0.0
2018-04-09 00:00:00-04:00,33.36064641636873,34.26492815492746,33.31991364866206,33.53987121582031,25725800,0.0,0.0
2018-04-10 00:00:00-04:00,34.29750571620359,34.794453463916234,34.012373290980115,34.63151931762695,22724400,0.0,0.0
2018-04-11 00:00:00-04:00,34.55820442642891,34.94924768079724,34.42785771087641,34.56635284423828,21693000,0.0,0.0
2018-04-12 00:00:00-04:00,34.85148604299937,35.55210081915367,34.81075327623222,35.307701110839844,22297000,0.0,0.0
2018-04-13 00:00:00-04:00,35.47877489079838,35.63356373041833,34.73742746708774,35.03070831298828,18272300,0.0,0.0
2018-04-16 00:00:00-04:00,35.12846031529591,35.552087771162554,35.05514011893995,35.27510070800781,15807900,0.0,0.0
2018-04-17 00:00:00-04:00,35.72317530125866,36.45637743122787,35.6091223271991,36.32603073120117,21474600,0.0,0.0
2018-04-18 00:00:00-04:00,36.3423335892745,36.594878635948646,36.089785434889116,36.35862731933594,17605300,0.0,0.0
2018-04-19 00:00:00-04:00,36.18753388948669,36.61930983775963,36.15494954681596,36.30158996582031,21472300,0.0,0.0
2018-04-20 00:00:00-04:00,36.25270712426076,36.456374018217275,35.53579878737495,35.91869354248047,23539200,0.0,0.0
2018-04-23 00:00:00-04:00,36.057187056755595,36.236414925450475,35.73946718604036,36.049041748046875,20716800,0.0,0.0
2018-04-24 00:00:00-04:00,36.19568742391737,36.586727560650964,35.29955416570006,35.633567810058594,21421500,0.0,0.0
2018-04-25 00:00:00-04:00,35.682439622284406,35.837228452459286,34.827039279077184,35.6091194152832,21706000,0.0,0.0
2018-04-26 00:00:00-04:00,35.829079619750836,36.24456182383081,35.389158382857985,36.01645278930664,20549300,0.0,0.0
2018-04-27 00:00:00-04:00,36.40749625206077,36.93703146898795,36.138657542888375,36.423789978027344,20077400,0.0,0.0
2018-04-30 00:00:00-04:00,36.59486134715406,36.80667663017194,36.073474662355856,36.08162307739258,19958500,0.0,0.0
2018-05-01 00:00:00-04:00,35.7720571691576,36.619312289528835,35.7068853717424,36.52155303955078,16865500,0.0,0.0
2018-05-02 00:00:00-04:00,36.586719737931105,36.700772698295204,35.682438255458436,35.731319427490234,23601600,0.0,0.0
2018-05-03 00:00:00-04:00,35.853523366636495,36.505259999299476,35.38916303587601,36.20383071899414,23750200,0.0,0.0
2018-05-04 00:00:00-04:00,35.853519878661096,37.06737597581095,35.7639090527127,36.904441833496094,19504100,0.0,0.0
2018-05-07 00:00:00-04:00,36.95332693747379,37.47471376214824,36.90444575726908,37.25475311279297,17822400,0.0,0.0
2018-05-08 00:00:00-04:00,37.32807448673695,37.36880725098197,36.96962181058579,37.238460540771484,20285300,0.0,0.0
2018-05-09 00:00:00-04:00,37.393244547685704,37.556175583541865,36.814828182639225,37.50729751586914,20438300,0.0,0.0
2018-05-10 00:00:00-04:00,37.47470513749101,37.77613124343814,37.20586336980391,37.7191047668457,18469400,0.0,0.0
2018-05-11 00:00:00-04:00,37.54802933776319,37.69466975254234,37.29548126615238,37.41768264770508,17551500,0.0,0.0
2018-05-14 00:00:00-04:00,37.271052746243925,37.662092926721805,37.20587782897539,37.23031997680664,22037700,0.0,0.0
2018-05-15 00:00:00-04:00,36.83112198297663,37.10810909529216,36.60301604614396,37.051082611083984,24753600,0.0,0.0
2018-05-16 00:00:00-04:00,36.95332033045802,37.10810604519899,36.66818482514353,36.79038619995117,31253700,0.0,0.0
2018-05-17 00:00:00-04:00,35.13661025375249,35.97571678687868,35.04699633124194,35.40544891357422,48210400,0.0,0.0
2018-05-18 00:00:00-04:00,35.40545294005119,35.495066872753064,35.1203205248273,35.201786041259766,24456000,0.0,0.0
2018-05-21 00:00:00-04:00,35.42989236819458,35.796490271779646,35.372862781806454,35.64170455932617,21785900,0.0,0.0
2018-05-22 00:00:00-04:00,35.67430231893908,35.77206158097392,35.421754191995596,35.56024932861328,16381800,0.0,0.0
2018-05-23 00:00:00-04:00,35.35658410227337,35.60098382307578,34.94110177996931,35.58469009399414,20638800,0.0,0.0
2018-05-24 00:00:00-04:00,35.51950663032151,35.82093588422981,35.038852615065636,35.49506759643555,18377500,0.0,0.0
2018-05-25 00:00:00-04:00,35.40546118658196,35.53580790786002,35.20179424035306,35.24252700805664,15362000,0.0,0.0
2018-05-29 00:00:00-04:00,34.83518878687131,35.161057103428554,34.639670283105445,35.00627136230469,25197400,0.0,0.0
2018-05-30 00:00:00-04:00,35.09588459904583,35.307696825151574,34.89221768222048,34.90850830078125,22498800,0.0,0.0
2018-05-31 00:00:00-04:00,34.916657879177706,35.13661852959073,34.712990955577936,34.794456481933594,31439600,0.0,0.0
2018-06-01 00:00:00-04:00,34.95738914789958,35.592828927897905,34.9329501125798,35.568389892578125,18352700,0.0,0.0
2018-06-04 00:00:00-04:00,35.438037081867,35.7068788548785,35.20178275547084,35.503211975097656,18087700,0.0,0.0
2018-06-05 00:00:00-04:00,35.63356768582449,35.64171299568792,35.348432117232534,35.5765380859375,16728800,0.0,0.0
2018-06-06 00:00:00-04:00,35.64986364696217,36.09793344935361,35.56839810527893,36.05719757080078,17730200,0.0,0.0
2018-06-07 00:00:00-04:00,36.04090343620837,36.16310173682419,35.31584651195982,35.56024932861328,19722000,0.0,0.0
2018-06-08 00:00:00-04:00,35.45432893048793,35.62540835460744,35.28324950636843,35.4217414855957,18812400,0.0,0.0
2018-06-11 00:00:00-04:00,35.53580797621934,35.78020769062197,35.38916752603556,35.59283447265625,15069000,0.0,0.0
2018-06-12 00:00:00-04:00,35.58468890411142,35.80464957779185,35.4136094160414,35.79650115966797,17564900,0.0,0.0
2018-06-13 00:00:00-04:00,35.86167548708236,36.277154680984886,35.71503504036126,35.8535270690918,24383200,0.0,0.0
2018-06-14 00:00:00-04:00,36.03275857089258,36.505267414785116,35.88611810952671,36.40750503540039,24020500,0.0,0.0
2018-06-15 00:00:00-04:00,36.138655682394315,36.27714768441468,35.511361249672554,36.049041748046875,49379800,0.0,0.0
2018-06-18 00:00:00-04:00,35.73946568915672,36.187532234417134,35.348425625599795,36.01645278930664,17625400,0.0,0.0
2018-06-19 00:00:00-04:00,35.535807735108556,35.86167609057504,35.38916728591974,35.6987419128418,22199200,0.0,0.0
2018-06-20 00:00:00-04:00,35.804647287183776,35.8372347421726,35.60098035506977,35.633567810058594,21276500,0.0,0.0
2018-06-21 00:00:00-04:00,35.59282166617442,35.666141864885326,35.079583382907984,35.161048889160156,20924400,0.0,0.0
2018-06-22 00:00:00-04:00,35.307709939939386,35.39732391386267,34.94110873194034,35.19365692138672,27460000,0.0,0.0
2018-06-25 00:00:00-04:00,34.77816627147146,34.884073952610436,34.061260865467055,34.452301025390625,28626700,0.0,0.0
2018-06-26 00:00:00-04:00,34.6070855972634,35.14476618718106,34.5337653755605,34.66411209106445,22171200,0.0,0.0
2018-06-27 00:00:00-04:00,34.81075139365887,35.15291345296275,34.444150297158544,34.484886169433594,20794800,0.0,0.0
2018-06-28 00:00:00-04:00,34.48489342178643,35.18550519968291,34.44415754094442,34.98183822631836,22197700,0.0,0.0
2018-06-29 00:00:00-04:00,35.07144280480258,35.438043880278606,35.00627100677937,35.05514907836914,20522900,0.0,0.0
2018-07-02 00:00:00-04:00,34.672260037000484,34.89222069911565,34.37897915418027,34.87592697143555,21810900,0.0,0.0
2018-07-03 00:00:00-04:00,34.98183200291786,35.21808639584092,34.7211385720065,34.761871337890625,13474700,0.0,0.0
2018-07-05 00:00:00-04:00,34.94249725341797,35.00817700850845,34.44988499654344,34.94249725341797,18118700,0.33,0.0
2018-07-06 00:00:00-04:00,34.80292563345286,35.20522552072559,34.73724587279707,35.065650939941406,20258300,0.0,0.0
2018-07-09 00:00:00-04:00,35.09848546141657,35.12311497531159,34.77828925305314,35.03280258178711,23210000,0.0,0.0
2018-07-10 00:00:00-04:00,35.197013422032136,35.33658800213761,35.06565076942664,35.188804626464844,20224600,0.0,0.0
2018-07-11 00:00:00-04:00,34.94249387311879,35.10669481092658,34.84396955211556,34.95070266723633,17721600,0.0,0.0
2018-07-12 00:00:00-04:00,35.1066931475182,35.82098034725302,35.09848435378961,35.779930114746094,17999500,0.0,0.0
2018-07-13 00:00:00-04:00,35.73066861439487,35.94413170652002,33.61244275317474,34.30209732055664,50831300,0.0,0.0
2018-07-16 00:00:00-04:00,34.52377585210043,35.25448072711143,34.48272561465993,34.89323425292969,24468000,0.0,0.0
2018-07-17 00:00:00-04:00,34.655138215847074,34.90144277046637,34.59766725750032,34.761871337890625,21188400,0.0,0.0
2018-07-18 00:00:00-04:00,34.67977257212377,34.86860617769899,34.60588088890455,34.6551399230957,20364000,0.0,0.0
2018-07-19 00:00:00-04:00,35.13954322580617,35.31195612388438,34.66335477417121,34.81113815307617,24498800,0.0,0.0
2018-07-20 00:00:00-04:00,34.6961829347628,34.7864953212105,34.36777795814517,34.490928649902344,20732100,0.0,0.0
2018-07-23 00:00:00-04:00,34.417037390167465,34.581241446389214,34.022949534394385,34.531982421875,15656500,0.0,0.0
2018-07-24 00:00:00-04:00,34.663342264914434,35.20521341470537,34.54018844962628,34.802913665771484,17493900,0.0,0.0
2018-07-25 00:00:00-04:00,34.77828745278504,35.48436271259201,34.72081650205023,35.43510055541992,20658300,0.0,0.0
2018-07-26 00:00:00-04:00,35.77992970674421,35.98518399887028,35.484363024973554,35.73887634277344,23518700,0.0,0.0
2018-07-27 00:00:00-04:00,35.51720341931031,35.81277011845574,34.827548831948356,34.95070266723633,22050900,0.0,0.0
2018-07-30 00:00:00-04:00,34.86038728909256,34.983541113841596,34.54840302841022,34.622291564941406,15300400,0.0,0.0
2018-07-31 00:00:00-04:00,34.67977114316989,34.99175545330041,34.41704273326848,34.720821380615234,20900300,0.0,0.0
2018-08-01 00:00:00-04:00,34.474511885690916,34.76186663857841,33.932640686008845,34.36777877807617,21650000,0.0,0.0
2018-08-02 00:00:00-04:00,33.981895368505626,34.975325252315216,33.82590325572006,34.91785430908203,18033200,0.0,0.0
2018-08-03 00:00:00-04:00,35.065656401387415,35.20523100391023,34.86040202797925,35.164180755615234,13394300,0.0,0.0
2018-08-06 00:00:00-04:00,35.08206168391973,35.64035358438373,35.024590735218894,35.55004119873047,14345800,0.0,0.0
2018-08-07 00:00:00-04:00,35.550043175229746,35.829189140981605,35.50078414899423,35.779930114746094,18040500,0.0,0.0
2018-08-08 00:00:00-04:00,35.82919268085041,36.09191795316996,35.66498860266762,35.9933967590332,13917100,0.0,0.0
2018-08-09 00:00:00-04:00,36.03444998031989,36.21507479447529,35.87845781568821,35.94413757324219,14098900,0.0,0.0
2018-08-10 00:00:00-04:00,35.87024588853612,36.08371214743479,35.779936613390966,35.94413757324219,14322100,0.0,0.0
2018-08-13 00:00:00-04:00,36.19043559233392,36.44494889115516,35.87844821462574,35.919498443603516,18113200,0.0,0.0
2018-08-14 00:00:00-04:00,35.99340083772404,36.354647345115986,35.77993770424986,36.12476348876953,15981300,0.0,0.0
2018-08-15 00:00:00-04:00,35.845611148205364,36.53526572766784,35.31194871064637,36.00981521606445,27902200,0.0,0.0
2018-08-16 00:00:00-04:00,37.5779541252459,37.84067935425904,37.01145343742354,37.07713317871094,48648500,0.0,0.0
2018-08-17 00:00:00-04:00,37.02787346514793,37.8324730554734,36.8800901225928,37.660057067871094,23153900,0.0,0.0
2018-08-20 00:00:00-04:00,37.75859221307134,38.03773825885109,37.58617617602143,37.947425842285156,19288500,0.0,0.0
2018-08-21 00:00:00-04:00,37.97205317544808,38.11983655187471,37.53691497371006,37.58617401123047,18617300,0.0,0.0
2018-08-22 00:00:00-04:00,37.72574543998682,37.89815832076821,37.536911837426366,37.75858688354492,13202900,0.0,0.0
2018-08-23 00:00:00-04:00,37.66826885104909,37.97204432873804,37.64363620609509,37.78321075439453,15379000,0.0,0.0
2018-08-24 00:00:00-04:00,37.93098932641621,38.12803166967754,37.82425623018957,38.029510498046875,15575200,0.0,0.0
2018-08-27 00:00:00-04:00,38.177302322085396,38.47286903472038,38.04593968668454,38.25119400024414,17209900,0.0,0.0
2018-08-28 00:00:00-04:00,38.407185997813606,38.80948582883549,38.275823362936876,38.54676055908203,19147300,0.0,0.0
2018-08-29 00:00:00-04:00,38.645293654277324,39.09685265499196,38.50572218195578,38.981910705566406,20220600,0.0,0.0
2018-08-30 00:00:00-04:00,38.84232300864684,39.031156579817015,38.56317704867095,38.710960388183594,16238500,0.0,0.0
2018-08-31 00:00:00-04:00,38.51390703184379,39.26924429431187,38.423594661468464,39.2199821472168,24904200,0.0,0.0
2018-09-04 00:00:00-04:00,39.27745761394047,39.45808237551282,39.00652047158195,39.1871452331543,19122200,0.0,0.0
2018-09-05 00:00:00-04:00,39.04757447083987,39.121466135244575,38.39075828416173,38.809478759765625,20818100,0.0,0.0
2018-09-06 00:00:00-04:00,38.94905442831104,39.32672471658257,38.64527894446684,38.817691802978516,16537600,0.0,0.0
2018-09-07 00:00:00-04:00,38.59601522095068,38.99010621290527,38.489285245397724,38.62885665893555,17229700,0.0,0.0
2018-09-10 00:00:00-04:00,38.8341163421035,38.96547898035598,38.40718698479984,38.64528274536133,16597200,0.0,0.0
2018-09-11 00:00:00-04:00,38.51392081907403,38.727383935705745,38.12804169185363,38.61244201660156,17291500,0.0,0.0
2018-09-12 00:00:00-04:00,38.47285660704906,38.596007276244784,38.12802784305226,38.49748611450195,16649400,0.0,0.0
2018-09-13 00:00:00-04:00,38.456446747820834,38.916217518967656,38.42360530732489,38.784854888916016,17972100,0.0,0.0
2018-09-14 00:00:00-04:00,38.809488491762636,38.990113301586376,38.66991392091725,38.916221618652344,13937000,0.0,0.0
2018-09-17 00:00:00-04:00,38.7766484924233,39.06400643984221,38.645285843639186,38.67812728881836,14430200,0.0,0.0
2018-09-18 00:00:00-04:00,38.64527320440865,39.12146460796693,38.64527320440865,38.96546936035156,16469600,0.0,0.0
2018-09-19 00:00:00-04:00,38.93263370865297,39.09683777330163,38.686329177645995,38.817691802978516,12721900,0.0,0.0
2018-09-20 00:00:00-04:00,38.92442001555724,39.252828103519384,38.719165743563806,39.1871452331543,17007800,0.0,0.0
2018-09-21 00:00:00-04:00,39.35136095680148,39.934282510613045,39.261048549210166,39.86860275268555,59664600,0.0,0.0
2018-09-24 00:00:00-04:00,39.581235556002255,39.917852458025195,39.5648148373753,39.77006912231445,21819300,0.0,0.0
2018-09-25 00:00:00-04:00,39.8768049039694,40.131321361872644,39.76186299779763,39.79470443725586,15810800,0.0,0.0
2018-09-26 00:00:00-04:00,40.01638244936629,40.27910772082281,39.63050333669415,39.745445251464844,20080100,0.0,0.0
2018-09-27 00:00:00-04:00,39.67975997924805,40.03279446895798,39.58123566720952,39.67975997924805,15910100,0.0,0.0
2018-09-28 00:00:00-04:00,39.63050219865333,40.06564032977034,39.458089331448356,39.94248962402344,15474300,0.0,0.0
2018-10-01 00:00:00-04:00,40.229848668060214,40.344790591716894,39.95891144921301,40.12311553955078,13669500,0.0,0.0
2018-10-02 00:00:00-04:00,40.02459685902751,40.34479313279049,39.958913965982426,40.238059997558594,15671600,0.0,0.0
2018-10-03 00:00:00-04:00,40.44330496776178,40.61572095608167,40.287312830829684,40.344783782958984,16737500,0.0,0.0
2018-10-04 00:00:00-04:00,40.19600280977293,40.31172182552604,39.70832756259432,39.98936080932617,22110900,0.33,0.0
2018-10-05 00:00:00-04:00,40.00589239645867,40.377845473370996,39.35290292077049,39.782718658447266,19103300,0.0,0.0
2018-10-08 00:00:00-04:00,39.60914019649005,40.0885511881072,38.972685560608845,39.27851486206055,23791400,0.0,0.0
2018-10-09 00:00:00-04:00,39.28679111025408,39.70007526888283,39.08014903093971,39.25373077392578,17008400,0.0,0.0
2018-10-10 00:00:00-04:00,39.21238711527982,39.270246626469884,37.641909713810115,37.71630096435547,33055800,0.0,0.0
2018-10-11 00:00:00-04:00,37.575790788200564,37.6915098353156,36.30287496372009,36.46818923950195,36496300,0.0,0.0
2018-10-12 00:00:00-04:00,37.13771035394438,37.89815160238377,36.749222281789564,37.782432556152344,35424000,0.0,0.0
2018-10-15 00:00:00-04:00,37.62538298389917,37.79069724635511,36.92279815673828,36.92279815673828,26160500,0.0,0.0
2018-10-16 00:00:00-04:00,37.435264402946814,37.97253169567174,37.071572475390724,37.87334442138672,22669400,0.0,0.0
2018-10-17 00:00:00-04:00,37.931202598245285,38.21223582646003,37.377403587028674,37.972530364990234,17803400,0.0,0.0
2018-10-18 00:00:00-04:00,38.27009617844226,38.42714610990178,37.31954490982189,37.57577896118164,19044600,0.0,0.0
2018-10-19 00:00:00-04:00,37.526192052139585,38.1874458847939,37.303018292411195,37.47659683227539,21356300,0.0,0.0
2018-10-22 00:00:00-04:00,37.832016987812054,38.25356527208189,37.53445200921847,37.82374954223633,19195400,0.0,0.0
2018-10-23 00:00:00-04:00,37.31954639510983,37.832017671331826,36.73268071978872,37.54271697998047,21836200,0.0,0.0
2018-10-24 00:00:00-04:00,37.60057749581472,37.75762427145929,36.33592638608512,36.426849365234375,29588800,0.0,0.0
2018-10-25 00:00:00-04:00,36.88147199628582,37.865090166811456,36.54257916229237,37.58405685424805,27054500,0.0,0.0
2018-10-26 00:00:00-04:00,36.84013935274019,37.28648687607088,36.18714980784235,36.57563781738281,31806600,0.0,0.0
2018-10-29 00:00:00-04:00,37.10463976058954,37.23689052424949,35.492831410722914,36.23674392700195,28214200,0.0,0.0
2018-10-30 00:00:00-04:00,36.30286600921467,36.94759121042451,36.1623509589796,36.84840393066406,25924600,0.0,0.0
2018-10-31 00:00:00-04:00,37.23689993243611,38.27011026992383,37.10464913536199,37.81549835205078,26023700,0.0,0.0
2018-11-01 00:00:00-04:00,37.74936244906061,37.92294414106754,37.27821889884246,37.73283386230469,24662100,0.0,0.0
2018-11-02 00:00:00-04:00,37.79068572954606,38.096514972367544,37.179024090796766,37.592308044433594,25581300,0.0,0.0
2018-11-05 00:00:00-05:00,37.80722636621017,38.38582151502294,37.48486215787682,38.13785171508789,17525200,0.0,0.0
2018-11-06 00:00:00-05:00,38.05518904692113,38.534596816695455,38.022125572286626,38.43540954589844,15446700,0.0,0.0
2018-11-07 00:00:00-05:00,38.83216892919511,39.61740925420115,38.64205864471695,39.592613220214844,19990400,0.0,0.0
2018-11-08 00:00:00-05:00,39.56781591636736,40.03895950317383,39.56781591636736,40.03895950317383,21002000,0.0,0.0
2018-11-09 00:00:00-05:00,39.74139687483258,39.88191194227767,38.600731982007275,38.93962478637695,22015400,0.0,0.0
2018-11-12 00:00:00-05:00,38.96442624524434,39.05534925594588,37.641918325333656,37.70804214477539,25913500,0.0,0.0
2018-11-13 00:00:00-05:00,37.77416120486185,38.07172621278843,37.2203589616414,37.29475021362305,26196700,0.0,0.0
2018-11-14 00:00:00-05:00,37.57578528254714,37.72456779364025,36.43512356830945,36.64176559448242,36613500,0.0,0.0
2018-11-15 00:00:00-05:00,38.68338444214293,38.931354228654655,37.319549039775,38.65858840942383,45983300,0.0,0.0
2018-11-16 00:00:00-05:00,38.40235488432342,38.881765917225565,38.12958903875724,38.311431884765625,31327400,0.0,0.0
2018-11-19 00:00:00-05:00,38.3114380528018,38.501551529634334,37.402214217055686,37.81549835205078,28370400,0.0,0.0
2018-11-20 00:00:00-05:00,37.12944643064029,37.43527897112123,36.48472416723001,36.774024963378906,28430600,0.0,0.0
2018-11-21 00:00:00-05:00,37.15423618108503,37.344346462925905,36.69962436336929,37.10464096069336,20117400,0.0,0.0
2018-11-23 00:00:00-05:00,36.740950698342104,37.294749782047035,36.691355479892614,36.81534194946289,9372900,0.0,0.0
2018-11-26 00:00:00-05:00,37.31127401123232,37.724557955801764,37.26994624739663,37.66669845581055,18275900,0.0,0.0
2018-11-27 00:00:00-05:00,37.567527237763365,38.34450025029508,37.36914947227249,38.1213264465332,21472700,0.0,0.0
2018-11-28 00:00:00-05:00,38.270101815253696,39.24545241061528,38.12131930727603,39.08840560913086,24293800,0.0,0.0
2018-11-29 00:00:00-05:00,38.766052768358726,39.47689882542245,38.766052768358726,39.12974166870117,22650800,0.0,0.0
2018-11-30 00:00:00-05:00,39.07188181069416,39.60088498964702,38.782581029442795,39.56782150268555,41619100,0.0,0.0
2018-12-03 00:00:00-05:00,39.93976984689677,40.32825785809712,39.74139527108467,40.286930084228516,24690100,0.0,0.0
2018-12-04 00:00:00-05:00,40.25386545482547,40.61755426883736,39.05534112820622,39.137996673583984,30802700,0.0,0.0
2018-12-06 00:00:00-05:00,38.840426476612855,40.055479128865606,38.41061079612459,39.99761962890625,40133000,0.0,0.0
2018-12-07 00:00:00-05:00,39.807520469257646,40.08028946191178,38.3196984862643,38.38582229614258,38298000,0.0,0.0
2018-12-10 00:00:00-05:00,38.270095814627936,38.9561487330771,37.873343573265956,38.732975006103516,28682000,0.0,0.0
2018-12-11 00:00:00-05:00,39.5595380714881,39.59260154245588,38.6089837763543,38.92308044433594,26048500,0.0,0.0
2018-12-12 00:00:00-05:00,39.60914205395699,39.84058326732868,39.146265933427756,39.195858001708984,23157200,0.0,0.0
2018-12-13 00:00:00-05:00,39.41076113446174,39.65046660294897,38.956149380745444,39.2371826171875,20051700,0.0,0.0
2018-12-14 00:00:00-05:00,38.32795617772523,38.534598171797874,37.72456193340588,37.87334442138672,27364500,0.0,0.0
2018-12-17 00:00:00-05:00,37.87333296198347,38.01385111505147,36.29458873107621,36.53429412841797,36610300,0.0,0.0
2018-12-18 00:00:00-05:00,36.82360713695394,36.873202356607905,36.14582156721794,36.4185905456543,30513800,0.0,0.0
2018-12-19 00:00:00-05:00,36.278060311717404,37.12942413846515,35.18699106573387,35.65813446044922,34820100,0.0,0.0
2018-12-20 00:00:00-05:00,35.534160319373875,35.732534877050746,34.60840187319266,35.12087631225586,38810900,0.0,0.0
2018-12-21 00:00:00-05:00,35.46804429864758,35.922656216001435,34.500960937355245,34.591880798339844,77915100,0.0,0.0
2018-12-24 00:00:00-05:00,34.46789111622824,34.558814113613074,33.2693667157236,33.29416275024414,24069400,0.0,0.0
2018-12-26 00:00:00-05:00,33.62479326877493,35.12914707970427,33.39335519112652,35.10435104370117,33335900,0.0,0.0
2018-12-27 00:00:00-05:00,34.62493309656738,35.48456457532557,34.0132745408751,35.46803283691406,28404100,0.0,0.0
2018-12-28 00:00:00-05:00,35.68294315627419,35.98050817504316,35.09608056542819,35.352317810058594,22447300,0.0,0.0
2018-12-31 00:00:00-05:00,35.699467204568464,35.997032159222634,35.45149746005878,35.815189361572266,20581200,0.0,0.0
2019-01-02 00:00:00-05:00,34.947296395723846,35.70774064679498,34.889436884057304,35.5010986328125,23833500,0.0,0.0
2019-01-03 00:00:00-05:00,35.234545521404286,35.32617250917545,34.118368282004226,34.20999526977539,29606700,0.33,0.0
2019-01-04 00:00:00-05:00,34.85971242670615,35.81762697734113,34.593162898750876,35.7509880065918,27515000,0.0,0.0
2019-01-07 00:00:00-05:00,35.70101990747697,36.359065591343686,35.617721175487794,35.992557525634766,19488100,0.0,0.0
2019-01-08 00:00:00-05:00,36.29242404801127,36.60062139084642,35.9009279790575,36.284095764160156,22071400,0.0,0.0
2019-01-09 00:00:00-05:00,36.54230689472465,36.54230689472465,35.95922863330068,36.08417510986328,22640000,0.0,0.0
2019-01-10 00:00:00-05:00,35.90925704475547,36.05919156424466,35.46778494710469,36.01754379272461,23277600,0.0,0.0
2019-01-11 00:00:00-05:00,35.909255532001616,36.26743207152335,35.72600153200784,36.22578430175781,17378400,0.0,0.0
2019-01-14 00:00:00-05:00,35.884273940331425,36.14249206569355,35.817634954740086,35.992557525634766,16243600,0.0,0.0
2019-01-15 00:00:00-05:00,36.09251232304787,36.68391896100735,35.94257779828048,36.667259216308594,17744100,0.0,0.0
2019-01-16 00:00:00-05:00,36.75054617225702,36.850504617085384,36.45067719281322,36.617271423339844,17262500,0.0,0.0
2019-01-17 00:00:00-05:00,36.54230270515251,37.09206141946054,36.48399520344715,36.82551193237305,18826200,0.0,0.0
2019-01-18 00:00:00-05:00,37.05041696336316,37.77509824744014,36.90881392587996,37.508548736572266,24416500,0.0,0.0
2019-01-22 00:00:00-05:00,37.38361076219045,37.683479798982766,36.96712669498363,37.30031204223633,21338400,0.0,0.0
2019-01-23 00:00:00-05:00,37.60017261810285,38.21657029697429,37.50021735417146,37.866722106933594,24770400,0.0,0.0
2019-01-24 00:00:00-05:00,38.008332257841445,38.108287532154364,37.675143773437206,37.99167251586914,17360600,0.0,0.0
2019-01-25 00:00:00-05:00,38.41648467187621,38.866288170891764,38.274881631919946,38.4248161315918,24196600,0.0,0.0
2019-01-28 00:00:00-05:00,38.09162806918498,38.12494755337362,37.67514404938957,38.1082878112793,18296700,0.0,0.0
2019-01-29 00:00:00-05:00,38.158275058100976,38.358185650210544,38.02500027085408,38.28321838378906,14470100,0.0,0.0
2019-01-30 00:00:00-05:00,38.26655408067604,39.09119391309834,38.24989433706414,38.90793991088867,18329300,0.0,0.0
2019-01-31 00:00:00-05:00,38.91627587828314,39.46603477105758,38.749681600392364,39.39106750488281,23693600,0.0,0.0
2019-02-01 00:00:00-05:00,39.45769676564129,39.61596273327451,39.19114723623075,39.432708740234375,16266500,0.0,0.0
2019-02-04 00:00:00-05:00,39.33275266478015,39.54099467901127,39.249453952575124,39.441036224365234,15743100,0.0,0.0
2019-02-05 00:00:00-05:00,39.49934838610167,39.532667874907816,39.216142263813474,39.36607360839844,16946300,0.0,0.0
2019-02-06 00:00:00-05:00,39.249451232830175,39.640947209263125,39.1078481981753,39.549320220947266,18160500,0.0,0.0
2019-02-07 00:00:00-05:00,39.307765032307664,39.41605177924837,38.72468988152216,38.89961242675781,20331200,0.0,0.0
2019-02-08 00:00:00-05:00,38.64971978449707,39.31609360612198,38.56642107084332,39.307762145996094,18407100,0.0,0.0
2019-02-11 00:00:00-05:00,39.432704237449,39.74090149985198,39.25778172453277,39.63261795043945,19363600,0.0,0.0
2019-02-12 00:00:00-05:00,39.374403097201345,40.10741592661515,39.28277609633447,39.89084243774414,23909200,0.0,0.0
2019-02-13 00:00:00-05:00,39.86585182836892,39.94081908081027,39.24945406634882,39.565982818603516,28325600,0.0,0.0
2019-02-14 00:00:00-05:00,40.690483983689774,41.381848922643776,40.265671717931994,40.315650939941406,47598600,0.0,0.0
2019-02-15 00:00:00-05:00,40.67383113164411,41.30688544725372,40.348970925223455,41.17361068725586,30189600,0.0,0.0
2019-02-19 00:00:00-05:00,40.98202111116953,41.590087293835296,40.98202111116953,41.35685729980469,20204500,0.0,0.0
2019-02-20 00:00:00-05:00,41.39850601670209,41.481801537205385,41.10696533989971,41.3401985168457,17550900,0.0,0.0
2019-02-21 00:00:00-05:00,41.265234817560234,41.415169309345494,40.9820255750237,41.15694808959961,17120600,0.0,0.0
2019-02-22 00:00:00-05:00,41.39851161705142,41.83165537280875,41.29855634342153,41.740028381347656,22008100,0.0,0.0
2019-02-25 00:00:00-05:00,41.93161739648067,42.481376256225076,41.93161739648067,42.306453704833984,24264300,0.0,0.0
2019-02-26 00:00:00-05:00,42.07321544037285,42.82288796765988,42.04822741530361,42.63130569458008,19382500,0.0,0.0
2019-02-27 00:00:00-05:00,42.65629154465389,43.0227995070935,42.389742032436445,42.97282028198242,19940900,0.0,0.0
2019-02-28 00:00:00-05:00,42.93949916904513,43.281015917208414,42.77290493585117,43.12275314331055,30708500,0.0,0.0
2019-03-01 00:00:00-05:00,43.314338698371266,43.389305950142365,42.7062724017928,42.8228874206543,23683700,0.0,0.0
2019-03-04 00:00:00-05:00,43.02279111586041,43.247689641193645,42.17316351980969,42.6146354675293,18725900,0.0,0.0
2019-03-05 00:00:00-05:00,42.58132389592938,42.90618091229909,42.456380600606074,42.731258392333984,14994200,0.0,0.0
2019-03-06 00:00:00-05:00,42.78956564712185,43.139413862513585,42.41472940831669,43.03945541381836,19686900,0.0,0.0
2019-03-07 00:00:00-05:00,42.93950119732061,43.289349421305296,42.65629194076953,42.722930908203125,22209200,0.0,0.0
2019-03-08 00:00:00-05:00,42.2481353407611,42.58965207235155,42.0732096567597,42.5396728515625,18182200,0.0,0.0
2019-03-11 00:00:00-04:00,42.597981916362954,43.389302131521525,42.56466243461465,43.24769592285156,17859300,0.0,0.0
2019-03-12 00:00:00-04:00,43.32266327721007,43.54756501329694,43.047785495895454,43.43928146362305,19485300,0.0,0.0
2019-03-13 00:00:00-04:00,43.65584784078406,44.030684034112,43.430946124787305,43.805782318115234,20568000,0.0,0.0
2019-03-14 00:00:00-04:00,43.839113354196314,44.11399118342207,43.73915489127673,43.93074035644531,19215900,0.0,0.0
2019-03-15 00:00:00-04:00,44.09732652589115,44.66374504256851,44.088998243669806,44.313899993896484,43670700,0.0,0.0
2019-03-18 00:00:00-04:00,44.37221010625009,44.93029719593982,44.22227559729919,44.572120666503906,19073800,0.0,0.0
2019-03-19 00:00:00-04:00,44.80535331511402,44.98027584747136,44.263922797793455,44.4055290222168,20596400,0.0,0.0
2019-03-20 00:00:00-04:00,44.28058080991232,44.87198735478058,44.030691033808075,44.36387634277344,21140800,0.0,0.0
2019-03-21 00:00:00-04:00,44.21394420588143,45.171855526248585,44.180624722341484,44.930294036865234,20082700,0.0,0.0
2019-03-22 00:00:00-04:00,44.905311538501955,45.096893826149305,43.897420868805455,43.93074035644531,23938500,0.0,0.0
2019-03-25 00:00:00-04:00,43.8974172180288,44.088999489742996,43.52258095705713,43.92240524291992,18774900,0.0,0.0
2019-03-26 00:00:00-04:00,44.305574402040875,44.55546738706947,44.14731159870789,44.33889389038086,17742700,0.0,0.0
2019-03-27 00:00:00-04:00,44.39720606423549,44.69707513571412,43.9307458886213,44.26393127441406,20447500,0.0,0.0
2019-03-28 00:00:00-04:00,44.3055678565017,44.722051866657836,44.16396481825862,44.447174072265625,13095000,0.0,0.0
2019-03-29 00:00:00-04:00,44.73038142339207,44.98027118335099,44.4471721814331,44.97194290161133,19582300,0.0,0.0
2019-04-01 00:00:00-04:00,45.380093479123325,45.82989693417741,45.30512623661431,45.79657745361328,19741700,0.0,0.0
2019-04-02 00:00:00-04:00,45.81323666122026,46.15475338923035,45.78824863984798,46.0547981262207,17264000,0.0,0.0
2019-04-03 00:00:00-04:00,46.19639887091538,46.479608083400194,45.87154189902522,46.33800506591797,21110400,0.0,0.0
2019-04-04 00:00:00-04:00,46.413444938588356,46.67330103300204,45.98594305179271,46.22064971923828,16412100,0.35,0.0
2019-04-05 00:00:00-04:00,46.31286164830025,46.61462922224623,46.212273522864535,46.27933120727539,13817500,0.0,0.0
2019-04-08 00:00:00-04:00,46.27095479022287,46.572722394132285,45.92727572969031,46.51404571533203,13862800,0.0,0.0
2019-04-09 00:00:00-04:00,46.17036562621875,46.45536480396269,45.985951384018215,46.254188537597656,15508400,0.0,0.0
2019-04-10 00:00:00-04:00,46.19551366494728,46.80742989531018,46.19551366494728,46.79066467285156,13460200,0.0,0.0
2019-04-11 00:00:00-04:00,46.88287213906274,46.89963736164348,46.36316302961689,46.60625076293945,13186000,0.0,0.0
2019-04-12 00:00:00-04:00,46.8828675805204,47.24331183686119,46.76551423150505,47.184635162353516,14331700,0.0,0.0
2019-04-15 00:00:00-04:00,47.27684258030166,47.45287260494742,47.14272400948028,47.41096115112305,12198400,0.0,0.0
2019-04-16 00:00:00-04:00,47.461255529947486,48.22405553180191,47.452874517900334,47.737876892089844,19718300,0.0,0.0
2019-04-17 00:00:00-04:00,47.93067028694449,48.048023636888516,47.18463553575265,47.20140075683594,26093600,0.0,0.0
2019-04-18 00:00:00-04:00,47.469643106505224,47.528319787914306,47.033756903438224,47.27684783935547,18332000,0.0,0.0
2019-04-22 00:00:00-04:00,47.075671053316036,47.444496385779374,47.02537538167306,47.22655487060547,11951500,0.0,0.0
2019-04-23 00:00:00-04:00,47.30199410505745,47.52831981819641,47.10919883778487,47.519935607910156,18796600,0.0,0.0
2019-04-24 00:00:00-04:00,47.47801596118993,47.90552107815885,47.4277234987033,47.679195404052734,13212000,0.0,0.0
2019-04-25 00:00:00-04:00,47.32713931626373,47.595376482110105,46.94992980253001,47.218170166015625,15526900,0.0,0.0
2019-04-26 00:00:00-04:00,46.95831481866606,47.25169822458414,46.67331242535737,46.84096145629883,18010900,0.0,0.0
2019-04-29 00:00:00-04:00,46.66492055403792,47.12595611284765,46.56433243104251,47.050514221191406,16259500,0.0,0.0
2019-04-30 00:00:00-04:00,46.94154677074461,47.04213490420011,46.547572051388485,46.899635314941406,20846000,0.0,0.0
2019-05-01 00:00:00-04:00,46.941545222761015,47.23492860134767,46.5308052951007,46.58948516845703,17648500,0.0,0.0
2019-05-02 00:00:00-04:00,46.505660428586104,46.84933948116079,45.952420900108834,46.053009033203125,24220600,0.0,0.0
2019-05-03 00:00:00-04:00,45.80153710164784,46.09492368649492,45.41594659342046,46.053009033203125,26887100,0.0,0.0
2019-05-06 00:00:00-04:00,45.14771205454399,45.90212789289747,44.89624010842616,45.75962829589844,17025900,0.0,0.0
2019-05-07 00:00:00-04:00,45.14771427615607,45.466247128987185,44.3765299794554,44.80403518676758,25289700,0.0,0.0
2019-05-08 00:00:00-04:00,44.56932182974318,45.214768498785254,44.535794582789215,44.820796966552734,21525100,0.0,0.0
2019-05-09 00:00:00-04:00,44.275937372588906,44.602851205439876,43.78137451842896,44.35976028442383,24322800,0.0,0.0
2019-05-10 00:00:00-04:00,44.0999066819379,44.88785291341655,43.54666715821053,44.72858810424805,21795900,0.0,0.0
2019-05-13 00:00:00-04:00,43.44609395747298,43.80653515497879,42.8006470916916,43.00182342529297,28869900,0.0,0.0
2019-05-14 00:00:00-04:00,43.1275490233744,43.95740676428062,43.06887234260888,43.6053466796875,25478300,0.0,0.0
2019-05-15 00:00:00-04:00,43.38740032948261,44.183730792225695,43.32872365095157,43.95740509033203,30577200,0.0,0.0
2019-05-16 00:00:00-04:00,45.491391995911584,47.27684828343735,45.365654421631426,46.88287353515625,46057800,0.0,0.0
2019-05-17 00:00:00-04:00,46.75714562509507,47.6373024316968,46.53920407528779,47.23494338989258,27299300,0.0,0.0
2019-05-20 00:00:00-04:00,46.773902049251454,47.26846494752226,46.56434155333398,46.94993209838867,21004100,0.0,0.0
2019-05-21 00:00:00-04:00,47.51154853086536,47.57022520482231,47.05051615078693,47.3774299621582,18562300,0.0,0.0
2019-05-22 00:00:00-04:00,47.12596059704232,47.193018286207106,46.66492499436349,46.68169021606445,19479200,0.0,0.0
2019-05-23 00:00:00-04:00,46.02786304743895,46.111685959196166,45.214767373309634,45.4243278503418,22734200,0.0,0.0
2019-05-24 00:00:00-04:00,45.74285958847597,45.826682498249916,45.31535763240643,45.57521057128906,13057600,0.0,0.0
2019-05-28 00:00:00-04:00,45.88535979398289,46.12844749772395,45.114175637311156,45.206382751464844,29769200,0.0,0.0
2019-05-29 00:00:00-04:00,44.887850155884664,44.887850155884664,44.30946443404055,44.577701568603516,19762100,0.0,0.0
2019-05-30 00:00:00-04:00,44.79564877514082,45.080651166798994,44.71182585897518,44.90462112426758,12954300,0.0,0.0
2019-05-31 00:00:00-04:00,44.25078550046166,44.3262273905565,43.59695472042684,43.61371994018555,20480400,0.0,0.0
2019-06-03 00:00:00-04:00,43.63050438941888,44.0663907023394,43.16109081984304,43.404178619384766,22380500,0.0,0.0
2019-06-04 00:00:00-04:00,43.990936015898455,44.96329652487463,43.93225933672535,44.6196174621582,21689300,0.0,0.0
2019-06-05 00:00:00-04:00,45.13931890635764,45.92726823184894,45.055496006795806,45.89373779296875,22521900,0.0,0.0
2019-06-06 00:00:00-04:00,46.011092332711705,46.35477134611016,45.44108764742079,46.1871223449707,15927300,0.0,0.0
2019-06-07 00:00:00-04:00,46.446987327994876,47.193022168037466,46.128454484753995,46.88287353515625,17394900,0.0,0.0
2019-06-10 00:00:00-04:00,47.058914282020176,47.48641957367399,46.90803043762942,47.29362106323242,16871000,0.0,0.0
2019-06-11 00:00:00-04:00,47.56184920996018,48.24920734679019,47.55346499985975,47.87199783325195,26723700,0.0,0.0
2019-06-12 00:00:00-04:00,46.983456853572825,47.436108237353636,46.64816201930628,46.82419204711914,23183000,0.0,0.0
2019-06-13 00:00:00-04:00,46.874484937728695,47.1678715177107,46.757131584791516,47.08404541015625,15785300,0.0,0.0
2019-06-14 00:00:00-04:00,46.93315901478421,46.958305245125025,45.81829590430764,45.89373779296875,22530500,0.0,0.0
2019-06-17 00:00:00-04:00,46.094923397092835,46.49727912458297,45.985951054968716,46.438602447509766,20392600,0.0,0.0
2019-06-18 00:00:00-04:00,47.00022851100848,47.486410404084,46.731991327808,46.983463287353516,21173200,0.0,0.0
2019-06-19 00:00:00-04:00,46.97507232953515,47.25169046718222,46.7487466545664,47.050514221191406,21096300,0.0,0.0
2019-06-20 00:00:00-04:00,47.779783659288064,48.23243500875673,47.511546533152284,48.12346267700195,20969800,0.0,0.0
2019-06-21 00:00:00-04:00,48.1234644386865,48.74376481410742,47.76302018768927,47.804931640625,57588800,0.0,0.0
2019-06-24 00:00:00-04:00,47.98934454921927,48.02287498970007,47.51992797540444,47.930667877197266,17794100,0.0,0.0
2019-06-25 00:00:00-04:00,47.83008261207565,47.947435963133564,46.9499260838633,47.00860595703125,25520600,0.0,0.0
2019-06-26 00:00:00-04:00,47.39419605971937,47.821698006119846,47.24331226742768,47.444488525390625,19286100,0.0,0.0
2019-06-27 00:00:00-04:00,47.72949724935333,47.98935341462638,46.4972837116171,46.71522521972656,23959900,0.0,0.0
2019-06-28 00:00:00-04:00,46.86610554778271,46.92478222628205,45.29020984524836,45.87697982788086,103123400,0.0,0.0
2019-07-01 00:00:00-04:00,46.32124752098272,46.396689422386565,45.45785935863584,45.8853645324707,28410000,0.0,0.0
2019-07-02 00:00:00-04:00,45.960810813883725,46.87449153247971,45.91889615539002,46.78228759765625,20307100,0.0,0.0
2019-07-03 00:00:00-04:00,47.04377424766758,47.69329419402419,46.84976229763672,47.64268112182617,13866800,0.35,0.0
2019-07-05 00:00:00-04:00,47.23779381088941,47.85357180835732,46.99316874923495,47.74391174316406,14273900,0.0,0.0
2019-07-08 00:00:00-04:00,47.448672921168146,47.64268488652974,47.2040478796091,47.3980598449707,15835100,0.0,0.0
2019-07-09 00:00:00-04:00,47.54990210048123,47.81983210667942,47.27153818938538,47.52459716796875,19564000,0.0,0.0
2019-07-10 00:00:00-04:00,47.81982290345047,48.629615984014706,47.743904902704415,48.19097900390625,19362600,0.0,0.0
2019-07-11 00:00:00-04:00,48.39342426446906,48.60430723974124,48.01383426541538,48.33437728881836,15994600,0.0,0.0
2019-07-12 00:00:00-04:00,48.57056168231639,48.91640958515077,48.56212456249548,48.882667541503906,13660400,0.0,0.0
2019-07-15 00:00:00-04:00,48.92484218291635,49.118854101986265,48.81518215289655,48.967018127441406,8809700,0.0,0.0
2019-07-16 00:00:00-04:00,49.03451216987138,49.14416900433976,48.46934410145412,48.60430908203125,11501100,0.0,0.0
2019-07-17 00:00:00-04:00,48.5621368472372,48.74771491642216,48.241593787141134,48.25846481323242,9266900,0.0,0.0
2019-07-18 00:00:00-04:00,48.123493018482755,48.74770802433027,47.99696516741577,48.70553207397461,10287400,0.0,0.0
2019-07-19 00:00:00-04:00,48.764584538412194,48.983901435645635,48.351252455624916,48.38499450683594,13882400,0.0,0.0
2019-07-22 00:00:00-04:00,48.46935136551657,48.93329335466738,48.39343335145048,48.697105407714844,10485600,0.0,0.0
2019-07-23 00:00:00-04:00,48.97546730702481,49.0092061402619,48.486217220167234,48.68022918701172,12692200,0.0,0.0
2019-07-24 00:00:00-04:00,48.57056768149245,48.65491958320992,48.17410666421903,48.27532958984375,18177000,0.0,0.0
2019-07-25 00:00:00-04:00,48.38498769330423,48.503081638093825,47.549889741434235,47.760772705078125,15127200,0.0,0.0
2019-07-26 00:00:00-04:00,47.811398959092344,47.946363964329215,47.54990285364984,47.68486785888672,15243000,0.0,0.0
2019-07-29 00:00:00-04:00,47.81982493414112,48.20785207544253,47.69329707273721,48.022274017333984,12051100,0.0,0.0
2019-07-30 00:00:00-04:00,47.9547981484294,47.996977327289756,47.53303210238228,47.63425827026367,9623400,0.0,0.0
2019-07-31 00:00:00-04:00,47.51615145609193,47.93791738820217,46.30990063283117,46.731666564941406,17441200,0.0,0.0
2019-08-01 00:00:00-04:00,47.10282227470072,47.98853014211988,46.52922031492435,46.72323226928711,19020600,0.0,0.0
2019-08-02 00:00:00-04:00,45.736302568590354,45.82065447500553,44.35291070934001,44.91807556152344,29021900,0.0,0.0
2019-08-05 00:00:00-04:00,44.192636365541915,44.31916743950014,42.96951444928164,43.33223342895508,29931800,0.0,0.0
2019-08-06 00:00:00-04:00,43.82149139756421,44.47944537822041,43.52625324427581,44.36978530883789,20708400,0.0,0.0
2019-08-07 00:00:00-04:00,43.72025944111846,44.27699036028788,43.19726735203597,44.15045928955078,24128600,0.0,0.0
2019-08-08 00:00:00-04:00,44.53004955605473,45.010862479283766,44.36134253331393,44.84215545654297,26093500,0.0,0.0
2019-08-09 00:00:00-04:00,44.521614283218796,44.59753228571258,43.89740245633114,44.22637939453125,17425000,0.0,0.0
2019-08-12 00:00:00-04:00,44.09141343835343,44.1673314391668,43.306928502554854,43.47563552856445,16388300,0.0,0.0
2019-08-13 00:00:00-04:00,43.41658957105217,44.76623937516531,43.18883556326702,44.471004486083984,21499500,0.0,0.0
2019-08-14 00:00:00-04:00,43.96487851056001,43.96487851056001,42.28625195434612,42.69114685058594,28688100,0.0,0.0
2019-08-15 00:00:00-04:00,39.949680202351125,40.43892714012276,38.80247604782517,39.01335906982422,61129100,0.0,0.0
2019-08-16 00:00:00-04:00,39.15675843543731,39.94968066677617,39.1398906251625,39.612266540527344,24471800,0.0,0.0
2019-08-19 00:00:00-04:00,40.4051827628948,40.995652569287465,40.05933478294234,40.91130065917969,26384800,0.0,0.0
2019-08-20 00:00:00-04:00,40.94504361579156,40.98721957177811,40.42205146453696,40.43048858642578,18201600,0.0,0.0
2019-08-21 00:00:00-04:00,40.91129553985475,41.274014500004725,40.79320159335358,41.1390495300293,18365400,0.0,0.0
2019-08-22 00:00:00-04:00,41.535506077799155,41.61142406637331,40.43891219443507,40.641361236572266,21515100,0.0,0.0
2019-08-23 00:00:00-04:00,40.40518120563171,40.92817010734537,39.16518822435968,39.31702423095703,25871100,0.0,0.0
2019-08-26 00:00:00-04:00,39.6881859756439,39.87376407349127,39.367642866040164,39.73036193847656,14820100,0.0,0.0
2019-08-27 00:00:00-04:00,40.10150571148999,40.194294731669416,39.384501694170005,39.46885681152344,20859000,0.0,0.0
2019-08-28 00:00:00-04:00,39.24954162169893,39.61226062703123,39.00491979539734,39.53634262084961,11187600,0.0,0.0
2019-08-29 00:00:00-04:00,40.14369022083767,40.413620218286674,39.738795224664166,39.87376022338867,14733400,0.0,0.0
2019-08-30 00:00:00-04:00,40.08464383663907,40.12681979603236,39.26641670956762,39.48573684692383,19248400,0.0,0.0
2019-09-03 00:00:00-04:00,39.33389558876497,39.620696579451646,38.97117659413714,39.22423553466797,17009400,0.0,0.0
2019-09-04 00:00:00-04:00,39.66286138814597,39.99183824017689,39.553201364862964,39.91592025756836,13691300,0.0,0.0
2019-09-05 00:00:00-04:00,40.506404005704695,41.088439883889215,40.30395492496023,40.843814849853516,18434200,0.0,0.0
2019-09-06 00:00:00-04:00,41.03783492961766,41.324635951207036,40.71729185423675,41.19810485839844,17939100,0.0,0.0
2019-09-09 00:00:00-04:00,41.30775574593341,41.341494574409,40.877552700228655,40.97877883911133,21175100,0.0,0.0
2019-09-10 00:00:00-04:00,40.97034817537029,41.628302092705034,40.44735924666368,41.51020812988281,16119200,0.0,0.0
2019-09-11 00:00:00-04:00,42.13442341115383,42.23564634864516,41.61143447999294,42.201904296875,18656000,0.0,0.0
2019-09-12 00:00:00-04:00,42.41278094579625,42.42965196915625,41.67890912763903,42.11754608154297,16546700,0.0,0.0
2019-09-13 00:00:00-04:00,42.18503327098992,42.362177433873704,41.97415027415513,42.201904296875,15867800,0.0,0.0
2019-09-16 00:00:00-04:00,42.00789541341652,42.328438493153996,41.99946150876369,42.142860412597656,13025600,0.0,0.0
2019-09-17 00:00:00-04:00,42.159714489752915,42.19345653043734,41.48488976515502,41.67890167236328,16070600,0.0,0.0
2019-09-18 00:00:00-04:00,41.72952546900767,41.95727947549388,41.14748637982549,41.61986541748047,12563800,0.0,0.0
2019-09-19 00:00:00-04:00,41.62830453512102,42.10911753643269,41.366811664334975,41.49333953857422,15349400,0.0,0.0
2019-09-20 00:00:00-04:00,41.57768716908102,42.06693398658715,41.22340210594596,41.83917999267578,48301300,0.0,0.0
2019-09-23 00:00:00-04:00,41.889796495889826,41.96571450008012,41.569253453995366,41.687347412109375,16450000,0.0,0.0
2019-09-24 00:00:00-04:00,41.96572177576336,42.345311862525136,41.27402571447283,41.434295654296875,26717200,0.0,0.0
2019-09-25 00:00:00-04:00,41.37523908028322,41.98258307840869,40.978781275123616,41.847618103027344,14013500,0.0,0.0
2019-09-26 00:00:00-04:00,41.695784631963626,41.74639770748291,40.70885057516123,41.189666748046875,20172900,0.0,0.0
2019-09-27 00:00:00-04:00,41.333069855745244,41.72953094324744,40.995655753468554,41.19810485839844,16065300,0.0,0.0
2019-09-30 00:00:00-04:00,41.290877857946754,41.88978459991375,41.290877857946754,41.67890167236328,14903600,0.0,0.0
2019-10-01 00:00:00-04:00,41.881359871454585,42.06693470022706,39.94967105973983,40.27021408081055,24185600,0.0,0.0
2019-10-02 00:00:00-04:00,39.94123285670609,39.96654100098576,38.81090001938221,39.274845123291016,30722400,0.0,0.0
2019-10-03 00:00:00-04:00,39.36834096098895,40.014282744825884,38.84139084210508,39.997283935546875,15915500,0.35,0.0
2019-10-04 00:00:00-04:00,40.158769372412465,40.48174027729522,39.90379370737513,40.388248443603516,16718800,0.0,0.0
2019-10-07 00:00:00-04:00,40.345747635716734,40.906695320539775,40.21825819917879,40.60072326660156,14625200,0.0,0.0
2019-10-08 00:00:00-04:00,40.37123464130004,40.40523224859733,39.39382450573982,39.42782211303711,23022400,0.0,0.0
2019-10-09 00:00:00-04:00,39.87828326986175,40.090763474604465,39.657305283493194,39.8102912902832,16768600,0.0,0.0
2019-10-10 00:00:00-04:00,39.13885240975871,39.291838413986845,38.71389200738958,39.223846435546875,24698500,0.0,0.0
2019-10-11 00:00:00-04:00,39.665807608115806,40.20125869320701,39.48732499381574,39.57231903076172,25153600,0.0,0.0
2019-10-14 00:00:00-04:00,39.56382312298273,39.56382312298273,39.09636720698962,39.13886260986328,15076900,0.0,0.0
2019-10-15 00:00:00-04:00,39.308836685209144,39.589312103214525,39.130354096764194,39.40232849121094,18794400,0.0,0.0
2019-10-16 00:00:00-04:00,39.40233313393051,39.84429238752952,39.36833552007115,39.767799377441406,16454200,0.0,0.0
2019-10-17 00:00:00-04:00,40.07377936081754,40.20126557477283,39.60632018307347,39.97178649902344,14352400,0.0,0.0
2019-10-18 00:00:00-04:00,40.03127870680829,40.17576696600952,39.657314625555124,39.69981002807617,17226200,0.0,0.0
2019-10-21 00:00:00-04:00,40.065267897809605,40.35424111323398,39.92078291119277,40.277748107910156,13277700,0.0,0.0
2019-10-22 00:00:00-04:00,40.37124666474715,40.702715329138684,40.286255863382074,40.41374206542969,15067100,0.0,0.0
2019-10-23 00:00:00-04:00,40.345745619799835,40.541227035117146,39.810294552162325,39.98877716064453,15647100,0.0,0.0
2019-10-24 00:00:00-04:00,40.14176289783348,40.14176289783348,39.1813513926414,39.444828033447266,18338800,0.0,0.0
2019-10-25 00:00:00-04:00,39.55532551784403,39.937790629816334,39.4873302791861,39.861297607421875,15701200,0.0,0.0
2019-10-28 00:00:00-04:00,40.073775155111754,40.45623699903017,39.997282137889826,40.09077072143555,13859700,0.0,0.0
2019-10-29 00:00:00-04:00,39.94628609275609,40.31175237383108,39.86979307480572,40.1502685546875,13713900,0.0,0.0
2019-10-30 00:00:00-04:00,40.20125995015963,40.439240018858186,40.0822715369059,40.4222412109375,12062000,0.0,0.0
2019-10-31 00:00:00-04:00,40.45623468154128,40.49873332148992,40.03127421958312,40.37974166870117,12488300,0.0,0.0
2019-11-01 00:00:00-04:00,39.818800448523845,40.36275265151771,39.6403178036715,39.97178649902344,24404100,0.0,0.0
2019-11-04 00:00:00-05:00,40.371246855666655,40.69421773832554,40.218260818733036,40.354248046875,15018900,0.0,0.0
2019-11-05 00:00:00-05:00,40.447742913491844,40.72821517415145,40.16726741064073,40.592227935791016,18988900,0.0,0.0
2019-11-06 00:00:00-05:00,40.6347177222239,41.22116195187633,40.61771891586125,41.02568054199219,15904500,0.0,0.0
2019-11-07 00:00:00-05:00,41.31466242720861,41.62913230536763,40.966194929196874,41.153175354003906,16717800,0.0,0.0
2019-11-08 00:00:00-05:00,41.15317719343983,41.51864351771329,40.838707301224865,41.50164794921875,14407000,0.0,0.0
2019-11-11 00:00:00-05:00,40.80470205565986,41.19566814400795,40.422240234353296,40.881195068359375,19590400,0.0,0.0
2019-11-12 00:00:00-05:00,41.04268762948643,41.425152744338305,40.89819936734618,41.110679626464844,15632900,0.0,0.0
2019-11-13 00:00:00-05:00,41.00018771856019,41.51863677037086,40.92369470399942,41.18716812133789,25187000,0.0,0.0
2019-11-14 00:00:00-05:00,38.72239847551255,39.09636251498889,37.906471924178035,38.16994857788086,65568900,0.0,0.0
2019-11-15 00:00:00-05:00,38.30593057709251,38.79888620224018,38.08495259346153,38.32292938232422,32385000,0.0,0.0
2019-11-18 00:00:00-05:00,38.229432237471485,38.40791480420073,37.7704742868619,38.37392044067383,22742800,0.0,0.0
2019-11-19 00:00:00-05:00,38.577913120431894,38.756395749757594,38.31443968919623,38.64590835571289,19612600,0.0,0.0
2019-11-20 00:00:00-05:00,38.83288305438463,38.875381691277525,38.18694462521656,38.31443405151367,18660800,0.0,0.0
2019-11-21 00:00:00-05:00,38.35692856732054,38.373927373250034,37.982961321253036,38.110450744628906,19868800,0.0,0.0
2019-11-22 00:00:00-05:00,38.373928746009874,38.39092431035664,37.98296268002676,38.11894989013672,18725700,0.0,0.0
2019-11-25 00:00:00-05:00,38.246444966593074,38.7139008677465,38.186950756020344,38.628910064697266,19653300,0.0,0.0
2019-11-26 00:00:00-05:00,38.6969062778182,38.900888766444396,38.45892940958069,38.509925842285156,29422000,0.0,0.0
2019-11-27 00:00:00-05:00,38.55241762265853,38.603410808375514,38.18695132812713,38.4504280090332,14889900,0.0,0.0
2019-11-29 00:00:00-05:00,38.450431625225775,38.705407304364776,38.37393859726491,38.509925842285156,9808900,0.0,0.0
2019-12-02 00:00:00-05:00,38.45891852736985,38.5269137517361,37.96596287728681,37.99146270751953,17630100,0.0,0.0
2019-12-03 00:00:00-05:00,37.73649144448146,37.812984459603435,37.17554374765065,37.634498596191406,19625500,0.0,0.0
2019-12-04 00:00:00-05:00,37.838483055613736,37.86397964794173,37.27753532905872,37.30303192138672,17202200,0.0,0.0
2019-12-05 00:00:00-05:00,37.43901678390416,37.481512182494704,36.88657011784486,36.98855972290039,22632800,0.0,0.0
2019-12-06 00:00:00-05:00,37.303023956656844,37.44751218077821,37.09904477720275,37.260528564453125,16541000,0.0,0.0
2019-12-09 00:00:00-05:00,37.303030041752685,37.71099170940066,37.18404162729592,37.31153106689453,17508500,0.0,0.0
2019-12-10 00:00:00-05:00,37.269033731733735,37.549509211804036,37.22653833110857,37.48151397705078,21862400,0.0,0.0
2019-12-11 00:00:00-05:00,37.702493828384775,37.77898684350675,37.52401120716386,37.634498596191406,16440500,0.0,0.0
2019-12-12 00:00:00-05:00,37.863984356384535,38.90088913588102,37.74499592113576,38.815895080566406,27061600,0.0,0.0
2019-12-13 00:00:00-05:00,39.01985977660557,39.13884815759116,38.41641684892708,38.501407623291016,21796900,0.0,0.0
2019-12-16 00:00:00-05:00,38.926374946923836,39.5978132080264,38.926374946923836,39.07936096191406,21871300,0.0,0.0
2019-12-17 00:00:00-05:00,39.28334507646556,39.538320698293255,39.03686723708271,39.4703254699707,22510000,0.0,0.0
2019-12-18 00:00:00-05:00,39.538314979887495,39.74229415097188,39.30883598077471,39.64030456542969,21921200,0.0,0.0
2019-12-19 00:00:00-05:00,40.07377199517391,40.78770568555232,40.03977438082471,40.6942138671875,30764700,0.0,0.0
2019-12-20 00:00:00-05:00,41.00869449484927,41.1106841225668,40.303258401172855,40.328758239746094,52575300,0.0,0.0
2019-12-23 00:00:00-05:00,40.413739209502786,41.05117990126841,40.30324858178326,40.881195068359375,20253500,0.0,0.0
2019-12-24 00:00:00-05:00,40.93220097464247,41.008694005064974,40.49874263037611,40.609230041503906,7044700,0.0,0.0
2019-12-26 00:00:00-05:00,40.60921841402756,40.79620204423136,40.49873103453517,40.6687126159668,11091700,0.0,0.0
2019-12-27 00:00:00-05:00,40.78770690893959,40.81320349937076,40.52423025311701,40.60072326660156,11056800,0.0,0.0
2019-12-30 00:00:00-05:00,40.58372587147877,40.694216504178,40.1927630077014,40.44773864746094,12128600,0.0,0.0
2019-12-31 00:00:00-05:00,40.405241796844116,40.779205838915665,40.294751168112796,40.76220703125,14892600,0.0,0.0
2020-01-02 00:00:00-05:00,41.147481835206015,41.4556999206543,40.993371159469156,41.4556999206543,16708100,0.35,0.0
2020-01-03 00:00:00-05:00,41.01906132410651,41.2159798245773,40.65090835095757,40.779335021972656,15577400,0.0,0.0
2020-01-06 00:00:00-05:00,40.3598095246623,40.9420047548055,40.24850663083397,40.92488098144531,22183600,0.0,0.0
2020-01-07 00:00:00-05:00,40.85638809398648,40.85638809398648,40.325560931670665,40.65946960449219,16501900,0.0,0.0
2020-01-08 00:00:00-05:00,40.21425786271538,40.91631616201289,40.07727095714575,40.685150146484375,25175900,0.0,0.0
2020-01-09 00:00:00-05:00,40.91631263019016,40.993367962048396,40.29986997532435,40.513912200927734,18203600,0.0,0.0
2020-01-10 00:00:00-05:00,40.65090372368436,40.71939881136922,40.291314311415476,40.35124588012695,13502600,0.0,0.0
2020-01-13 00:00:00-05:00,40.50536307021304,41.078994824635885,40.49679954986359,41.0704345703125,18237400,0.0,0.0
2020-01-14 00:00:00-05:00,41.06186797556383,41.087555268662854,40.77077035997285,40.91632080078125,17948700,0.0,0.0
2020-01-15 00:00:00-05:00,41.02762375417505,41.43858781681091,40.890636821971796,41.104679107666016,16289400,0.0,0.0
2020-01-16 00:00:00-05:00,41.42146256184701,42.02078159357952,41.29303588860933,41.995094299316406,20094900,0.0,0.0
2020-01-17 00:00:00-05:00,42.21769592979791,42.414614414237164,41.84097946737008,41.96940612792969,27176200,0.0,0.0
2020-01-21 00:00:00-05:00,41.918042388990685,42.123524429830645,41.66975254223338,41.78105545043945,21771800,0.0,0.0
2020-01-22 00:00:00-05:00,42.19200937575097,42.40605163640884,41.98653063449381,42.01221466064453,15186000,0.0,0.0
2020-01-23 00:00:00-05:00,41.9522819519043,42.10639263668313,41.44714209980157,41.9522819519043,16767700,0.0,0.0
2020-01-24 00:00:00-05:00,42.140641250523714,42.363243764171365,41.55844604125976,41.823856353759766,14066700,0.0,0.0
2020-01-27 00:00:00-05:00,41.00193100960861,41.15604168383262,40.471107168406704,40.64234161376953,20666000,0.0,0.0
2020-01-28 00:00:00-05:00,40.68515056378408,41.07042726028331,40.668026792159054,40.899192810058594,14035100,0.0,0.0
2020-01-29 00:00:00-05:00,41.07041854408913,41.07897879507219,40.18000220471014,40.28274154663086,14273600,0.0,0.0
2020-01-30 00:00:00-05:00,39.84610044256629,40.47110333278479,39.60637093536838,40.44541931152344,14822600,0.0,0.0
2020-01-31 00:00:00-05:00,40.23138610656598,40.23994636022957,39.24679036793727,39.35809326171875,20069900,0.0,0.0
2020-02-03 00:00:00-05:00,39.726251474476896,40.094404485161334,39.56357723913534,39.83755111694336,15374900,0.0,0.0
2020-02-04 00:00:00-05:00,40.428305351274325,40.84782637511668,40.33412622909824,40.77077102661133,13947300,0.0,0.0
2020-02-05 00:00:00-05:00,41.378648728041874,41.60981148053357,41.224538049030414,41.481388092041016,17042300,0.0,0.0
2020-02-06 00:00:00-05:00,41.6868782043457,41.79818111758879,41.28448089128074,41.6868782043457,9814800,0.0,0.0
2020-02-07 00:00:00-05:00,41.609818775389655,41.75536922709576,40.984815696948296,41.0704345703125,16807500,0.0,0.0
2020-02-10 00:00:00-05:00,41.087546625837206,41.85809667017936,40.99336752501174,41.840972900390625,19012700,0.0,0.0
2020-02-11 00:00:00-05:00,42.28619354404045,42.56016740912632,41.83242494237187,42.06359100341797,23168300,0.0,0.0
2020-02-12 00:00:00-05:00,42.3204391592754,43.04818159276578,42.29475513123074,42.7485237121582,31686200,0.0,0.0
2020-02-13 00:00:00-05:00,40.368365055209516,40.81357001036241,39.880349042115796,40.513912200927734,47044700,0.0,0.0
2020-02-14 00:00:00-05:00,40.37692337984848,40.42829468731022,39.79472829271548,40.21425247192383,26747200,0.0,0.0
2020-02-18 00:00:00-05:00,40.08583833796829,40.1115223666968,39.63206974495902,39.888919830322266,18546300,0.0,0.0
2020-02-19 00:00:00-05:00,39.974538163903084,40.0772808178785,39.29816698837601,39.63207244873047,27626400,0.0,0.0
2020-02-20 00:00:00-05:00,39.460835568911094,40.20570180198932,39.29816460900525,40.11152267456055,20416700,0.0,0.0
2020-02-21 00:00:00-05:00,40.00877794013471,40.111517308118046,39.42658274485311,39.640625,20028700,0.0,0.0
2020-02-24 00:00:00-05:00,38.52760531685569,39.10980050292578,37.67143630981445,37.67143630981445,35295900,0.0,0.0
2020-02-25 00:00:00-05:00,37.71425778583023,37.85124474600064,36.019042928961376,36.59267807006836,48024700,0.0,0.0
2020-02-26 00:00:00-05:00,36.789586542438215,37.140615735834814,35.907730166031456,36.09608840942383,38513200,0.0,0.0
2020-02-27 00:00:00-05:00,35.34265747106889,36.04471583341284,34.25532238157869,34.281009674072266,51442900,0.0,0.0
2020-02-28 00:00:00-05:00,33.13374482678776,34.717656355548655,32.834083682139806,34.186832427978516,80188000,0.0,0.0
2020-03-02 00:00:00-05:00,34.37519210614224,35.2656055251261,33.32210119508613,35.24848175048828,48864300,0.0,0.0
2020-03-03 00:00:00-05:00,35.32553369808175,35.873484635592945,33.9984723188231,34.281009674072266,49294700,0.0,0.0
2020-03-04 00:00:00-05:00,34.863212056230616,35.48821520158899,34.0755346670763,35.43684387207031,30022100,0.0,0.0
2020-03-05 00:00:00-05:00,34.39230882199292,34.68340642668157,33.63888241717287,33.87860870361328,30255900,0.0,0.0
2020-03-06 00:00:00-05:00,32.53442177822958,34.203951970054355,32.363187326191685,33.97278594970703,48605600,0.0,0.0
2020-03-09 00:00:00-04:00,31.59263839785024,33.870047878678875,31.070374768896478,32.50017547607422,61535300,0.0,0.0
2020-03-10 00:00:00-04:00,33.604639863280035,34.375193421332604,32.423125496274835,34.31526184082031,50536500,0.0,0.0
2020-03-11 00:00:00-04:00,33.40771573004375,33.52757887091729,31.138866508563787,31.72106170654297,63594300,0.0,0.0
2020-03-12 00:00:00-04:00,29.53783337954249,30.667976308434223,28.25357975434499,28.424814224243164,51855300,0.0,0.0
2020-03-13 00:00:00-04:00,30.120032313252793,32.260455284541216,28.536120620909863,32.2262077331543,53859600,0.0,0.0
2020-03-16 00:00:00-04:00,28.45049707358338,31.66969452309057,27.739878462065107,28.86145782470703,44211300,0.0,0.0
2020-03-17 00:00:00-04:00,29.709064561956684,31.03612584127507,28.76727671474407,30.393999099731445,41572400,0.0,0.0
2020-03-18 00:00:00-04:00,28.90426760188018,32.28613622616889,28.518994116729395,31.780996322631836,56904300,0.0,0.0
2020-03-19 00:00:00-04:00,31.721065140461253,33.66456942851454,30.95051489456268,32.286136627197266,58319700,0.0,0.0
2020-03-20 00:00:00-04:00,32.765591224262224,32.9368256942029,30.308386868594948,30.479618072509766,48582500,0.0,0.0
2020-03-23 00:00:00-04:00,30.402557197384223,30.667970740843405,28.88714106886887,29.623443603515625,39823400,0.0,0.0
2020-03-24 00:00:00-04:00,31.173117052317583,33.116621316949185,30.428250843784415,33.048126220703125,48235600,0.0,0.0
2020-03-25 00:00:00-04:00,33.090936863238724,34.20395603471341,32.10634109653463,32.251888275146484,42873900,0.0,0.0
2020-03-26 00:00:00-04:00,32.5087414985151,35.034437709436574,31.99503808322318,34.743343353271484,38473300,0.0,0.0
2020-03-27 00:00:00-04:00,33.57038225126548,34.37518311869592,32.88544777496046,33.23647689819336,31278600,0.0,0.0
2020-03-30 00:00:00-04:00,33.77587051677486,34.66628713479374,33.35634623477676,34.52073669433594,27120300,0.0,0.0
2020-03-31 00:00:00-04:00,34.35805641653499,34.6063428976153,33.48476380901048,33.65599822998047,26014200,0.0,0.0
2020-04-01 00:00:00-04:00,32.67997300431108,33.270731774019666,32.42312292731975,32.81696319580078,26790700,0.0,0.0
2020-04-02 00:00:00-04:00,32.704604435145804,34.528249652936445,32.384819322568575,34.39860534667969,28180500,0.36,0.0
2020-04-03 00:00:00-04:00,34.415893407173705,34.822109179070424,33.309607573743136,33.759037017822266,21235200,0.0,0.0
2020-04-06 00:00:00-04:00,34.96904056048188,36.02347143383742,34.38132531602065,35.80739974975586,31641400,0.0,0.0
2020-04-07 00:00:00-04:00,36.87046642324965,36.939610934179115,35.0813934153466,35.12460708618164,30366100,0.0,0.0
2020-04-08 00:00:00-04:00,35.58267484238746,36.472892209862465,35.3233895428962,36.075321197509766,22683500,0.0,0.0
2020-04-09 00:00:00-04:00,36.377814990921486,36.47288702317976,35.306098395906844,35.60860061645508,27643900,0.0,0.0
2020-04-13 00:00:00-04:00,35.47032079643086,35.83331956480485,35.02953280970069,35.625892639160156,19592000,0.0,0.0
2020-04-14 00:00:00-04:00,36.22224244916708,37.00874293166951,35.8938126980259,36.97417068481445,22882400,0.0,0.0
2020-04-15 00:00:00-04:00,36.472888847333444,36.619815961269374,35.63452993584374,35.88517379760742,18428800,0.0,0.0
2020-04-16 00:00:00-04:00,36.092613957244104,36.11854480222185,35.1591859628546,35.86790084838867,26178000,0.0,0.0
2020-04-17 00:00:00-04:00,36.51610782428721,36.85317906130043,36.075323121344915,36.71489334106445,30701500,0.0,0.0
2020-04-20 00:00:00-04:00,36.2308865460241,37.4149613610828,36.118531680909385,36.766746520996094,23438800,0.0,0.0
2020-04-21 00:00:00-04:00,36.15310676876627,36.2913924802955,34.92581819407687,35.046817779541016,31661000,0.0,0.0
2020-04-22 00:00:00-04:00,35.66911078920053,36.37782558535686,35.5308250557308,36.09260940551758,18330700,0.0,0.0
2020-04-23 00:00:00-04:00,36.20496882429343,36.7753979063597,35.89382508916781,35.97161102294922,16100200,0.0,0.0
2020-04-24 00:00:00-04:00,36.16175080158242,36.87046553660789,35.99753753756148,36.74946594238281,14639200,0.0,0.0
2020-04-27 00:00:00-04:00,36.90503143521602,37.354460777071,36.80131798616982,37.2161750793457,17937900,0.0,0.0
2020-04-28 00:00:00-04:00,37.596465421418095,37.70882359755928,36.65439293759945,36.72353744506836,16427700,0.0,0.0
2020-04-29 00:00:00-04:00,37.466817073184515,37.5791752371946,37.10381833913979,37.45817565917969,17430100,0.0,0.0
2020-04-30 00:00:00-04:00,37.31124370634278,37.31124370634278,36.44695727389204,36.62845993041992,26679900,0.0,0.0
2020-05-01 00:00:00-04:00,36.058035725155456,36.135821646112554,35.23696284771755,35.36660385131836,22095300,0.0,0.0
2020-05-04 00:00:00-04:00,35.392538059577376,35.79010911699488,34.994967002159875,35.738250732421875,15997700,0.0,0.0
2020-05-05 00:00:00-04:00,35.962961094257864,36.239532505128615,35.77281701291249,35.833316802978516,15060200,0.0,0.0
2020-05-06 00:00:00-04:00,35.91975273379294,36.032107619369214,35.409823501512484,35.56539535522461,16040300,0.0,0.0
2020-05-07 00:00:00-04:00,35.94567539463227,36.10124722721329,35.62589031521185,35.755531311035156,20173600,0.0,0.0
2020-05-08 00:00:00-04:00,36.317318841922315,37.181605335170374,36.04074742784224,37.155677795410156,21959100,0.0,0.0
2020-05-11 00:00:00-04:00,36.97417952737852,37.72611123984513,36.82725238859254,37.440895080566406,26182700,0.0,0.0
2020-05-12 00:00:00-04:00,37.97675343255586,38.287897147671515,37.328538458395535,37.354469299316406,25817100,0.0,0.0
2020-05-13 00:00:00-04:00,37.51867822421955,37.65696393746718,35.70367782572039,36.25682067871094,36986700,0.0,0.0
2020-05-14 00:00:00-04:00,37.53596515949586,38.52989601156664,37.38903473144581,37.898963928222656,50417700,0.0,0.0
2020-05-15 00:00:00-04:00,37.103826273238795,38.35704257935848,37.03468175844977,38.26197052001953,30573000,0.0,0.0
2020-05-18 00:00:00-04:00,39.07440039397015,39.15218632781118,38.31383048196019,38.944759368896484,26966500,0.0,0.0
2020-05-19 00:00:00-04:00,38.74596837955456,38.87560938640421,38.38296630699403,38.555824279785156,24345400,0.0,0.0
2020-05-20 00:00:00-04:00,38.93611445077406,39.60161559302427,38.91882832145681,39.27318572998047,20184500,0.0,0.0
2020-05-21 00:00:00-04:00,39.281826100592355,39.46332549287102,38.51261156446608,38.58175277709961,18674900,0.0,0.0
2020-05-22 00:00:00-04:00,38.607680147831395,38.84968263345058,38.13232318574522,38.80646896362305,12592800,0.0,0.0
2020-05-26 00:00:00-04:00,39.567040200607146,39.58432632855531,38.61632624240061,38.75461196899414,21776900,0.0,0.0
2020-05-27 00:00:00-04:00,38.92746840162575,39.73989660089275,38.720038171498196,39.72261047363281,22157200,0.0,0.0
2020-05-28 00:00:00-04:00,39.670753289347125,40.154751639044,39.21267918368068,39.41146469116211,20013000,0.0,0.0
2020-05-29 00:00:00-04:00,39.791755843996945,41.33018493652344,39.24725436299362,41.33018493652344,43553600,0.0,0.0
2020-06-01 00:00:00-04:00,40.75110585081338,40.87210542158713,39.9559606333143,40.01646041870117,18712400,0.0,0.0
2020-06-02 00:00:00-04:00,40.10290289684003,40.535046232810316,39.65347343179188,40.52640151977539,17285900,0.0,0.0
2020-06-03 00:00:00-04:00,40.60418666788836,40.79433078708023,40.22390172649656,40.56961441040039,17492000,0.0,0.0
2020-06-04 00:00:00-04:00,40.42268328456471,40.837540442628615,40.21525305703695,40.50046920776367,14100700,0.0,0.0
2020-06-05 00:00:00-04:00,40.85482736486971,41.73640007928628,40.79432756753647,41.338829040527344,22591100,0.0,0.0
2020-06-08 00:00:00-04:00,41.019047813892456,41.62404919018133,40.72519019095171,41.598121643066406,17820900,0.0,0.0
2020-06-09 00:00:00-04:00,41.503041269108614,41.693185368547496,41.04497044445124,41.528968811035156,18597300,0.0,0.0
2020-06-10 00:00:00-04:00,41.19190444308644,41.33883489813806,40.7251888286761,40.984474182128906,18462400,0.0,0.0
2020-06-11 00:00:00-04:00,40.61282739110798,40.6214688061351,37.71746540226295,37.74339294433594,35582000,0.0,0.0
2020-06-12 00:00:00-04:00,38.85832379231737,39.63618303204899,38.1236815191199,38.95339584350586,26125600,0.0,0.0
2020-06-15 00:00:00-04:00,38.132320578024654,39.549749952181884,37.96810732511327,39.19539260864258,21300100,0.0,0.0
2020-06-16 00:00:00-04:00,40.97582190789513,41.044966408889714,39.67939218716824,40.172035217285156,28074600,0.0,0.0
2020-06-17 00:00:00-04:00,40.405401618152176,40.46590142098684,39.670759271164385,39.90411376953125,20399100,0.0,0.0
2020-06-18 00:00:00-04:00,39.57568394002206,39.800397003839564,39.19539572849624,39.61025619506836,22423500,0.0,0.0
2020-06-19 00:00:00-04:00,39.9819000260962,40.19797169425861,38.93611394346821,39.169471740722656,36103200,0.0,0.0
2020-06-22 00:00:00-04:00,38.98796385591125,39.290462806787474,38.728678569875726,39.03117752075195,18398600,0.0,0.0
2020-06-23 00:00:00-04:00,39.68803286935269,39.886821657550314,39.169462309422144,39.29910659790039,23222400,0.0,0.0
2020-06-24 00:00:00-04:00,39.14353818519954,39.29911002614821,38.36567898045617,38.676822662353516,22840100,0.0,0.0
2020-06-25 00:00:00-04:00,38.69410872831431,39.16946566514053,38.20146566507732,39.083038330078125,19114900,0.0,0.0
2020-06-26 00:00:00-04:00,38.99660902607665,40.197966828111085,38.57311045406028,40.02511215209961,106928300,0.0,0.0
2020-06-29 00:00:00-04:00,40.051034988540444,40.146107027371784,39.471961341563734,39.88682174682617,23875400,0.0,0.0
2020-06-30 00:00:00-04:00,39.886815720194704,40.630099199589296,39.84359876580754,40.3103141784668,21888800,0.0,0.0
2020-07-01 00:00:00-04:00,40.223889513100026,40.379461327566815,39.75717406969964,39.80903244018555,17129500,0.0,0.0
2020-07-02 00:00:00-04:00,40.13134655383992,40.26201213357786,39.617400368748385,39.74806594848633,19632000,0.36,0.0
2020-07-06 00:00:00-04:00,40.131347774434005,40.49720941504969,39.957128103805765,40.43622970581055,16152900,0.0,0.0
2020-07-07 00:00:00-04:00,40.17490063943132,40.322988517998574,39.687089564065616,39.74806594848633,17102800,0.0,0.0
2020-07-08 00:00:00-04:00,39.71321949499226,40.13134467846509,39.478023456233124,39.90486145019531,15020800,0.0,0.0
2020-07-09 00:00:00-04:00,40.59302233296478,41.115681283766236,40.26200865271697,40.68013381958008,26027700,0.0,0.0
2020-07-10 00:00:00-04:00,40.70626675562982,40.87177360043577,40.279432089512106,40.64529037475586,13775700,0.0,0.0
2020-07-13 00:00:00-04:00,40.82821985092451,40.932753638674036,39.87872621146285,40.00939178466797,17965500,0.0,0.0
2020-07-14 00:00:00-04:00,39.62610815356633,40.505912533589914,39.556418967088305,40.29684829711914,19303500,0.0,0.0
2020-07-15 00:00:00-04:00,40.50591997423106,40.793382936812804,40.06166295919846,40.4188117980957,15705000,0.0,0.0
2020-07-16 00:00:00-04:00,39.80903728102109,39.92228054755882,39.37348983445185,39.87872314453125,17709400,0.0,0.0
2020-07-17 00:00:00-04:00,40.10521339895365,40.88048739411014,39.96583833603747,40.723690032958984,20389700,0.0,0.0
2020-07-20 00:00:00-04:00,40.653997848163364,41.028568925240414,40.29684906803913,40.91532897949219,15966500,0.0,0.0
2020-07-21 00:00:00-04:00,41.18537225491325,41.22892966510145,40.810801123448975,40.95888900756836,16044700,0.0,0.0
2020-07-22 00:00:00-04:00,40.958892971841316,41.03729166561861,40.5320549006173,40.85436248779297,27218300,0.0,0.0
2020-07-23 00:00:00-04:00,40.92404337990436,41.55123285365369,40.6627155401634,41.298614501953125,23750200,0.0,0.0
2020-07-24 00:00:00-04:00,41.36830553901236,41.4989678032154,40.16619343515367,40.4188117980957,16983600,0.0,0.0
2020-07-27 00:00:00-04:00,40.64528868348652,41.167944304362095,40.20103173803863,41.10696792602539,15576000,0.0,0.0
2020-07-28 00:00:00-04:00,40.92404097307153,41.01115246317114,40.25329745264057,40.314273834228516,13975300,0.0,0.0
2020-07-29 00:00:00-04:00,40.41880547587815,40.83693063726075,40.3926703687544,40.6888427734375,11618200,0.0,0.0
2020-07-30 00:00:00-04:00,40.18361031018248,40.471069910993236,39.53028910847395,40.45364761352539,15385100,0.0,0.0
2020-07-31 00:00:00-04:00,40.410095446436095,41.037284893148104,39.94841617203067,41.02857208251953,17701100,0.0,0.0
2020-08-03 00:00:00-04:00,41.06341113911557,41.2550530715256,40.662708301315675,41.080833435058594,14141100,0.0,0.0
2020-08-04 00:00:00-04:00,40.9501743284674,41.52509689331055,40.863066157992016,41.52509689331055,12839500,0.0,0.0
2020-08-05 00:00:00-04:00,41.52509287776919,41.577359768778344,40.985014962528055,41.22892379760742,13075600,0.0,0.0
2020-08-06 00:00:00-04:00,41.14180589911234,41.66446475883799,41.028562647727355,41.61219787597656,14190900,0.0,0.0
2020-08-07 00:00:00-04:00,41.22892424666731,41.46411695136177,40.96759311173851,41.31603240966797,17054300,0.0,0.0
2020-08-10 00:00:00-04:00,41.08082689153848,41.8125465897781,41.08082689153848,41.57735061645508,14999200,0.0,0.0
2020-08-11 00:00:00-04:00,41.725447842383005,42.20454938201285,41.01985976353393,41.10696792602539,18859600,0.0,0.0
2020-08-12 00:00:00-04:00,41.185371987884466,41.925804757753035,41.17666249968161,41.8996696472168,26823700,0.0,0.0
2020-08-13 00:00:00-04:00,38.14524804292842,38.188802125133414,36.91700431615209,37.21317672729492,91849500,0.0,0.0
2020-08-14 00:00:00-04:00,37.01282447899986,37.35255096489666,36.821182533944885,37.02153396606445,32539500,0.0,0.0
2020-08-17 00:00:00-04:00,37.06508963062353,37.2480187734647,36.4640353085896,36.66438674926758,30511700,0.0,0.0
2020-08-18 00:00:00-04:00,36.69923093950309,36.83860599769425,36.42048082312077,36.568565368652344,23344600,0.0,0.0
2020-08-19 00:00:00-04:00,36.67309925992875,36.89087301639617,36.39434911748755,36.472747802734375,20097400,0.0,0.0
2020-08-20 00:00:00-04:00,36.47274182058633,36.95184334164113,36.3507890686411,36.85602569580078,18443900,0.0,0.0
2020-08-21 00:00:00-04:00,36.62954087922117,36.847314610159415,36.420479958379964,36.80376052856445,17389600,0.0,0.0
2020-08-24 00:00:00-04:00,36.64696923304479,36.99540858931744,36.58599284414167,36.74279022216797,17742900,0.0,0.0
2020-08-25 00:00:00-04:00,36.78633584445119,36.84731221932037,36.394342489604156,36.55113983154297,15417400,0.0,0.0
2020-08-26 00:00:00-04:00,36.28110490349802,36.82989231292875,36.10688525415473,36.80376052856445,21625800,0.0,0.0
2020-08-27 00:00:00-04:00,36.93442876830501,36.99540515154194,36.60341174290195,36.83860778808594,22456800,0.0,0.0
2020-08-28 00:00:00-04:00,36.707941235797975,36.84731629706063,36.585988472563606,36.76020812988281,16573600,0.0,0.0
2020-08-31 00:00:00-04:00,36.67309986961602,36.89087362970391,36.53372479607832,36.77763366699219,21298000,0.0,0.0
2020-09-01 00:00:00-04:00,36.58598598355115,36.64696236102,36.15043853136602,36.612117767333984,23325100,0.0,0.0
2020-09-02 00:00:00-04:00,36.620833379955315,37.18704311735195,36.61212056938531,36.951847076416016,30045700,0.0,0.0
2020-09-03 00:00:00-04:00,36.36821627833298,36.437905473409856,35.42743208257747,35.67134094238281,39288100,0.0,0.0
2020-09-04 00:00:00-04:00,35.88911487169548,36.089466324095994,35.227080807015454,35.55809783935547,34867400,0.0,0.0
2020-09-08 00:00:00-04:00,34.887349856494986,35.375164193630916,34.81766399288317,34.84379577636719,29101800,0.0,0.0
2020-09-09 00:00:00-04:00,34.9309113967601,35.261928457760085,34.59989765872414,34.95704650878906,23351600,0.0,0.0
2020-09-10 00:00:00-04:00,34.86992585680768,35.401294248119434,34.338557465495924,34.46922302246094,25108800,0.0,0.0
2020-09-11 00:00:00-04:00,34.64345207984815,34.887357641360246,34.42567830765119,34.73927307128906,21853000,0.0,0.0
2020-09-14 00:00:00-04:00,35.035437309474375,35.40129556585362,34.88734945120425,35.166099548339844,19866700,0.0,0.0
2020-09-15 00:00:00-04:00,35.2880563965203,35.57551933672543,35.17481644095191,35.366455078125,19024100,0.0,0.0
2020-09-16 00:00:00-04:00,35.47098690121329,35.86297696452815,35.18352397695468,35.20965576171875,24310200,0.0,0.0
2020-09-17 00:00:00-04:00,34.54762297800544,35.192234654483556,34.4169574161767,35.166099548339844,22225900,0.0,0.0
2020-09-18 00:00:00-04:00,35.00059167325332,35.12254442174442,34.47793608744482,34.678287506103516,44450800,0.0,0.0
2020-09-21 00:00:00-04:00,34.24274917356883,34.38212425500713,33.70266782540187,34.00755310058594,28495000,0.0,0.0
2020-09-22 00:00:00-04:00,34.12949683639314,34.37340233352873,33.86816904332455,34.25144958496094,17656800,0.0,0.0
2020-09-23 00:00:00-04:00,34.17305713600911,34.31243220588338,33.258408032273984,33.345516204833984,24843200,0.0,0.0
2020-09-24 00:00:00-04:00,33.10160902626951,33.24098408925105,32.75316970733386,32.970943450927734,30910400,0.0,0.0
2020-09-25 00:00:00-04:00,32.89254134162617,33.57199761042841,32.770588589600024,33.49359893798828,22966600,0.0,0.0
2020-09-28 00:00:00-04:00,34.146921507920545,34.22532018359162,33.78977272385529,34.08594512939453,24275700,0.0,0.0
2020-09-29 00:00:00-04:00,34.03367668029573,34.30371728923978,33.82461577005016,34.024967193603516,16353700,0.0,0.0
2020-09-30 00:00:00-04:00,34.051103501434774,34.58247198027691,33.990127117596856,34.31243133544922,27113200,0.0,0.0
2020-10-01 00:00:00-04:00,34.373967714477004,34.55858748833175,33.9080300766451,34.1102294921875,20763500,0.36,0.0
2020-10-02 00:00:00-04:00,33.45088512748944,33.89044998686148,33.38055649386906,33.64429473876953,24493000,0.0,0.0
2020-10-05 00:00:00-04:00,33.82890204674653,34.10143339332068,33.653075479718446,33.908023834228516,26929100,0.0,0.0
2020-10-06 00:00:00-04:00,33.84648503881061,34.5937437566639,33.75857343210299,33.908023834228516,28430800,0.0,0.0
2020-10-07 00:00:00-04:00,34.268478137571364,34.795958013362174,34.09265151230776,34.63771438598633,20593700,0.0,0.0
2020-10-08 00:00:00-04:00,34.98935775262532,35.32342794291524,34.86628014399569,34.980567932128906,19031300,0.0,0.0
2020-10-09 00:00:00-04:00,35.29704763129044,35.367376241165005,34.91902171157843,35.03330612182617,16167500,0.0,0.0
2020-10-12 00:00:00-04:00,35.10364061795574,35.631116967715215,34.83990244307601,35.481666564941406,22757200,0.0,0.0
2020-10-13 00:00:00-04:00,35.63991406434621,35.70145286680612,34.91023490144542,34.99814987182617,23438300,0.0,0.0
2020-10-14 00:00:00-04:00,35.03331926507316,35.534422955271275,34.954197453272734,35.068485260009766,16439100,0.0,0.0
2020-10-15 00:00:00-04:00,34.69925196283886,35.1651896525791,34.593753979279164,35.138816833496094,15451400,0.0,0.0
2020-10-16 00:00:00-04:00,35.059684359032076,35.42891712834529,34.76957002290358,35.30583953857422,21292500,0.0,0.0
2020-10-19 00:00:00-04:00,35.297055429291504,35.4992548385691,34.42671563372735,34.5497932434082,19600500,0.0,0.0
2020-10-20 00:00:00-04:00,34.67287278653625,34.734411594808236,34.31242975796596,34.461883544921875,16564900,0.0,0.0
2020-10-21 00:00:00-04:00,34.55858857006676,34.78716080890872,34.268474168937885,34.33880615234375,17016300,0.0,0.0
2020-10-22 00:00:00-04:00,34.15418424721395,34.25088904157207,33.74099560806562,34.127811431884766,20399000,0.0,0.0
2020-10-23 00:00:00-04:00,34.22451622624289,34.25968221575736,33.97836100686828,34.127811431884766,15556100,0.0,0.0
2020-10-26 00:00:00-04:00,33.75858128158497,33.78495409900685,32.65966917415856,33.11681365966797,29146500,0.0,0.0
2020-10-27 00:00:00-04:00,32.86185963504722,32.96735422957029,32.16734656774389,32.41350173950195,37911500,0.0,0.0
2020-10-28 00:00:00-04:00,31.92999221768646,32.09702566270748,31.367349714864226,31.393722534179688,34561500,0.0,0.0
2020-10-29 00:00:00-04:00,31.217889375111252,31.710203138773366,31.01568997761069,31.37613296508789,35332000,0.0,0.0
2020-10-30 00:00:00-04:00,31.29701509788017,31.587129500451127,31.20031365063675,31.56075668334961,29151200,0.0,0.0
2020-11-02 00:00:00-05:00,31.815701740429265,31.956362354326636,31.35855390685942,31.56075668334961,23483100,0.0,0.0
2020-11-03 00:00:00-05:00,31.96515778675974,32.81791470514927,31.912408795217544,32.24647903442383,27342900,0.0,0.0
2020-11-04 00:00:00-05:00,32.55416763576953,32.791533027439144,32.08823002635135,32.1497688293457,30121900,0.0,0.0
2020-11-05 00:00:00-05:00,32.54538310325779,32.79153835522917,32.44867829609367,32.72999954223633,23149700,0.0,0.0
2020-11-06 00:00:00-05:00,33.02011625605355,33.055278899052105,32.59813435754471,32.99374008178711,19475300,0.0,0.0
2020-11-09 00:00:00-05:00,35.094852897015755,35.367384287109466,33.51242024829578,33.5827522277832,42649500,0.0,0.0
2020-11-10 00:00:00-05:00,33.591536196907086,34.312422093011016,33.55637021328914,34.039894104003906,31514500,0.0,0.0
2020-11-11 00:00:00-05:00,34.29484350881581,34.681662671102075,33.79373991550242,34.576168060302734,27332800,0.0,0.0
2020-11-12 00:00:00-05:00,34.26847255454781,34.62891556848851,33.75857911333059,33.995941162109375,29368300,0.0,0.0
2020-11-13 00:00:00-05:00,36.22013899127182,36.50146018566664,35.65749660248217,36.395965576171875,49106400,0.0,0.0
2020-11-16 00:00:00-05:00,36.6948712710256,37.44213009551512,36.35200790726738,37.39817428588867,34572600,0.0,0.0
2020-11-17 00:00:00-05:00,36.85311002180382,37.23113600577898,36.589371821117545,36.81794738769531,23140900,0.0,0.0
2020-11-18 00:00:00-05:00,36.835538505663116,37.13444275999464,36.27289263886372,36.32564163208008,21327700,0.0,0.0
2020-11-19 00:00:00-05:00,36.04431711078504,36.36959415545592,35.84211768552402,36.19376754760742,22177700,0.0,0.0
2020-11-20 00:00:00-05:00,36.08826914484601,36.38717334080036,35.973981358671715,36.017940521240234,19776300,0.0,0.0
2020-11-23 00:00:00-05:00,36.07068688240416,36.747617085612355,36.06189706188007,36.606956481933594,19651400,0.0,0.0
2020-11-24 00:00:00-05:00,37.04652099493014,37.54762460117738,36.835531767885676,37.459712982177734,22849700,0.0,0.0
2020-11-25 00:00:00-05:00,37.609165637192376,37.62674863275846,37.10806200120612,37.36301040649414,22617700,0.0,0.0
2020-11-27 00:00:00-05:00,37.67950570334889,37.785000345765106,37.48609606424065,37.53884506225586,10769500,0.0,0.0
2020-11-30 00:00:00-05:00,37.310263078859904,37.846532729824474,37.28389026114481,37.820159912109375,34741600,0.0,0.0
2020-12-01 00:00:00-05:00,37.811364610052394,38.743243242388836,37.811364610052394,38.277305603027344,23942500,0.0,0.0
2020-12-02 00:00:00-05:00,38.14543803888571,38.64654171132061,38.11027204519567,38.58500289916992,17422200,0.0,0.0
2020-12-03 00:00:00-05:00,38.48829366638405,38.80478086596435,38.330050066593905,38.77840805053711,27710700,0.0,0.0
2020-12-04 00:00:00-05:00,38.58499878050683,39.130058210066345,38.58499878050683,39.01577377319336,17319800,0.0,0.0
2020-12-07 00:00:00-05:00,38.936657132714885,39.112483752084515,38.60258689127398,38.989402770996094,14086800,0.0,0.0
2020-12-08 00:00:00-05:00,38.86632028879284,39.147641503199345,38.62016506459051,39.006980895996094,13348500,0.0,0.0
2020-12-09 00:00:00-05:00,39.094900926040054,39.41138817156898,38.998196117282454,39.288307189941406,22679800,0.0,0.0
2020-12-10 00:00:00-05:00,39.156433727219685,39.21797253177671,38.77840772573324,38.9630241394043,17741500,0.0,0.0
2020-12-11 00:00:00-05:00,38.62895394779952,38.97181731354863,38.43554771359746,38.9630241394043,14577700,0.0,0.0
2020-12-14 00:00:00-05:00,38.91906537912503,39.48170775162944,38.81357077268372,38.89269256591797,16112300,0.0,0.0
2020-12-15 00:00:00-05:00,39.02456380402177,39.38500681877667,38.80478139615626,39.31467819213867,18159400,0.0,0.0
2020-12-16 00:00:00-05:00,39.297095197075826,39.6839110276183,39.14764141584831,39.31467819213867,16192000,0.0,0.0
2020-12-17 00:00:00-05:00,39.481705865381926,39.49928885788429,39.20917451201463,39.402584075927734,16141600,0.0,0.0
2020-12-18 00:00:00-05:00,39.47292343741679,40.061938705283644,39.35863564155697,39.94765090942383,41027000,0.0,0.0
2020-12-21 00:00:00-05:00,39.09489074145514,39.52566232728316,38.74323759278442,39.4553337097168,19865300,0.0,0.0
2020-12-22 00:00:00-05:00,39.06852475317008,39.6223774328457,39.06852475317008,39.288307189941406,16024000,0.0,0.0
2020-12-23 00:00:00-05:00,39.25313917484348,39.385006606684634,38.98939760393443,39.01577377319336,12032600,0.0,0.0
2020-12-24 00:00:00-05:00,39.077315114481806,39.200392733632,38.88390551089515,39.156436920166016,5720500,0.0,0.0
2020-12-28 00:00:00-05:00,39.499286947046315,39.85972989187555,39.31467056512194,39.49049377441406,13458400,0.0,0.0
2020-12-29 00:00:00-05:00,39.534461009776265,39.78061623598073,39.14764182161103,39.244346618652344,11829000,0.0,0.0
2020-12-30 00:00:00-05:00,39.33225904141329,39.61358023984447,39.06851748347249,39.10368347167969,11043100,0.0,0.0
2020-12-31 00:00:00-05:00,39.01577218470174,39.420170991664605,38.82236260153983,39.34104919433594,15105500,0.0,0.0
2021-01-04 00:00:00-05:00,39.27015374424224,39.32332714250975,38.41934218303914,38.9599609375,24392500,0.36,0.0
2021-01-05 00:00:00-05:00,38.711810693019395,39.05745131657668,38.44593355034543,38.97768783569336,17763700,0.0,0.0
2021-01-06 00:00:00-05:00,39.11062413239062,39.766454125777436,38.89792041132863,39.34991455078125,21823100,0.0,0.0
2021-01-07 00:00:00-05:00,39.172655014862734,39.97915070425063,39.14606494147367,39.84621047973633,18218800,0.0,0.0
2021-01-08 00:00:00-05:00,39.42081672342727,40.24503821534194,39.216977472206935,39.93484878540039,20936300,0.0,0.0
2021-01-11 00:00:00-05:00,40.014608102118224,40.723614854523824,39.89939344834892,40.200721740722656,25058200,0.0,0.0
2021-01-12 00:00:00-05:00,40.147552819155,40.70589722498863,39.846224467842895,40.58182144165039,20145000,0.0,0.0
2021-01-13 00:00:00-05:00,40.13868386118784,40.74134044593532,40.041194798830034,40.200721740722656,19367300,0.0,0.0
2021-01-14 00:00:00-05:00,39.76644779592556,40.413416580824766,39.74872220692429,40.01460266113281,22333500,0.0,0.0
2021-01-15 00:00:00-05:00,39.84622098583403,40.457742122864786,39.775321993327,40.26276397705078,30271700,0.0,0.0
2021-01-19 00:00:00-05:00,40.1741317725989,40.440008860499056,39.67782539592417,40.050052642822266,28868800,0.0,0.0
2021-01-20 00:00:00-05:00,40.17413755137321,40.32480001655784,40.0057461128597,40.18299865722656,16499400,0.0,0.0
2021-01-21 00:00:00-05:00,40.0589199642387,40.09437114668469,39.63351591731926,39.979156494140625,17488400,0.0,0.0
2021-01-22 00:00:00-05:00,39.660104150521796,39.78417991307971,39.199248903298866,39.67782974243164,14643400,0.0,0.0
2021-01-25 00:00:00-05:00,39.917128648401246,40.03233994909274,39.62466139092664,39.90826416015625,16581300,0.0,0.0
2021-01-26 00:00:00-05:00,39.78417609759703,40.19185452999224,39.67782593714843,40.112091064453125,13087800,0.0,0.0
2021-01-27 00:00:00-05:00,40.094377600507435,41.17561179266532,39.95257622870912,40.50205612182617,29634500,0.0,0.0
2021-01-28 00:00:00-05:00,40.688166211144924,41.00722011484307,40.14754747219097,40.18299865722656,21166000,0.0,0.0
2021-01-29 00:00:00-05:00,39.748728412581436,40.20958365613273,39.420813416889324,39.50944137573242,22608100,0.0,0.0
2021-02-01 00:00:00-05:00,39.810768077222555,40.4400147803658,39.58034213552737,40.236175537109375,16776900,0.0,0.0
2021-02-02 00:00:00-05:00,40.34252220432324,40.714749473349144,40.26275873513043,40.61726379394531,16520900,0.0,0.0
2021-02-03 00:00:00-05:00,40.54636894914801,40.90973518045436,40.360255280120434,40.56409454345703,13173600,0.0,0.0
2021-02-04 00:00:00-05:00,40.65270902399866,41.937785554911315,40.56408445530561,41.87574768066406,22285700,0.0,0.0
2021-02-05 00:00:00-05:00,42.159364401567906,42.84178462642582,42.09732650665462,42.611358642578125,25488600,0.0,0.0
2021-02-08 00:00:00-05:00,43.03675522297244,43.72803643362908,43.03675522297244,43.373531341552734,25215400,0.0,0.0
2021-02-09 00:00:00-05:00,43.22287199024553,43.276048772133045,42.90381806054316,42.98358154296875,24795000,0.0,0.0
2021-02-10 00:00:00-05:00,40.90086720136134,42.01755240870785,40.61726450169204,41.86688995361328,44540900,0.0,0.0
2021-02-11 00:00:00-05:00,41.96437789912265,42.46068434073016,41.83144102818547,42.16822052001953,18589900,0.0,0.0
2021-02-12 00:00:00-05:00,42.03527340730107,42.26569930780217,41.57441822548838,41.911197662353516,15239800,0.0,0.0
2021-02-16 00:00:00-05:00,41.88461562828745,41.88461562828745,41.12243542289529,41.21992111206055,18539000,0.0,0.0
2021-02-17 00:00:00-05:00,41.05153984777831,41.12244223070306,40.65272239585583,40.989501953125,13296300,0.0,0.0
2021-02-18 00:00:00-05:00,41.11356429859248,41.1224287839653,40.493182174108185,41.069252014160156,16867500,0.0,0.0
2021-02-19 00:00:00-05:00,41.24650895378572,41.30854683480274,40.395700830571506,40.48432540893555,25117700,0.0,0.0
2021-02-22 00:00:00-05:00,40.138688204555045,40.48432882245352,39.722145213338294,40.26276397705078,21435800,0.0,0.0
2021-02-23 00:00:00-05:00,40.112102883435654,40.57295822225095,39.97030150078569,40.33366775512695,19714900,0.0,0.0
2021-02-24 00:00:00-05:00,40.09436508824032,40.59066804424724,39.917112583604855,40.53749465942383,17823600,0.0,0.0
2021-02-25 00:00:00-05:00,40.404563365389336,40.980633287566846,40.094373949331334,40.342525482177734,21916700,0.0,0.0
2021-02-26 00:00:00-05:00,40.39569944502804,40.57294859567661,39.66896372796343,39.76645278930664,22144900,0.0,0.0
2021-03-01 00:00:00-05:00,40.07665025231243,40.96290963246398,40.07665025231243,40.69702911376953,17394100,0.0,0.0
2021-03-02 00:00:00-05:00,40.70589167562186,40.83883192868161,40.25389751986754,40.342525482177734,14833000,0.0,0.0
2021-03-03 00:00:00-05:00,40.262756667690034,40.3513812374376,39.88166493231638,39.99687957763672,16851100,0.0,0.0
2021-03-04 00:00:00-05:00,40.0057430985807,40.29821028187141,39.12834831033022,39.49171447753906,24653500,0.0,0.0
2021-03-05 00:00:00-05:00,40.28049502793599,41.423770596509854,40.120968047167,40.989501953125,33197600,0.0,0.0
2021-03-08 00:00:00-05:00,40.980635649083496,42.89495579475281,40.945184462116536,42.10618209838867,34824500,0.0,0.0
2021-03-09 00:00:00-05:00,42.380920949065725,42.868362905081305,42.29229636826691,42.44295883178711,26512700,0.0,0.0
2021-03-10 00:00:00-05:00,42.95698557913224,43.24058825975316,42.70883069798096,42.79745864868164,19841500,0.0,0.0
2021-03-11 00:00:00-05:00,42.9924422739941,43.497613245484295,42.74429072230942,43.24945831298828,21976600,0.0,0.0
2021-03-12 00:00:00-05:00,43.25832410441633,43.417851072683305,42.95699576222444,43.26718521118164,15196500,0.0,0.0
2021-03-15 00:00:00-04:00,43.33807507302828,43.81665245881029,43.33807507302828,43.79006576538086,15523600,0.0,0.0
2021-03-16 00:00:00-04:00,43.59509232401944,44.08253762772504,43.59509232401944,44.0204963684082,17282300,0.0,0.0
2021-03-17 00:00:00-04:00,43.967326374752226,43.967326374752226,43.32921856843487,43.79893493652344,18326900,0.0,0.0
2021-03-18 00:00:00-04:00,43.0013067613036,43.93187846093248,43.0013067613036,43.24945831298828,18416900,0.0,0.0
2021-03-19 00:00:00-04:00,43.169690899847566,43.62168504875219,42.82405030410345,43.40898132324219,65366800,0.0,0.0
2021-03-22 00:00:00-04:00,43.37352897282463,44.649744529953516,43.37352897282463,44.57884216308594,28813900,0.0,0.0
2021-03-23 00:00:00-04:00,44.33068760577423,44.91561856914338,44.22433744356458,44.32182312011719,28328200,0.0,0.0
2021-03-24 00:00:00-04:00,44.25979740992416,44.7117916399784,43.97619464553436,44.002784729003906,26444700,0.0,0.0
2021-03-25 00:00:00-04:00,44.82699869164259,45.55373107433033,44.569982673645185,44.764957427978516,34537700,0.0,0.0
2021-03-26 00:00:00-04:00,44.84471684117671,46.65268652835671,44.80926904047944,46.59064865112305,31997000,0.0,0.0
2021-03-29 00:00:00-04:00,46.43999457419154,46.91857208759567,46.33364101049163,46.54634475708008,25032800,0.0,0.0
2021-03-30 00:00:00-04:00,46.18297734510954,46.34250430574432,45.358755842100265,45.881649017333984,22465100,0.0,0.0
2021-03-31 00:00:00-04:00,45.934829521734514,46.12980430435256,45.68667457351188,45.82847595214844,22212400,0.0,0.0
2021-04-01 00:00:00-04:00,45.863925021163205,46.14752776532191,45.50941990055913,46.06776428222656,17896200,0.0,0.0
2021-04-05 00:00:00-04:00,46.085608073657696,47.23707620410722,46.085608073657696,46.78184509277344,19860900,0.37,0.0
2021-04-06 00:00:00-04:00,46.39801987564233,46.61224847790774,46.21949660792917,46.442649841308594,15126100,0.0,0.0
2021-04-07 00:00:00-04:00,46.42480414785472,46.54084480005684,46.040983661429806,46.21057891845703,15783600,0.0,0.0
2021-04-08 00:00:00-04:00,46.36231807191379,46.415876077821,45.92493960800756,46.335540771484375,15111300,0.0,0.0
2021-04-09 00:00:00-04:00,46.264137916002376,46.549773831329624,46.13024459098392,46.4962158203125,13135800,0.0,0.0
2021-04-12 00:00:00-04:00,46.47836142791699,46.55869673894184,45.94279495778369,46.03205490112305,16441700,0.0,0.0
2021-04-13 00:00:00-04:00,46.09453594178221,46.308764565425335,45.82675271601466,46.112388610839844,13353200,0.0,0.0
2021-04-14 00:00:00-04:00,45.97850381469311,46.130249827275456,45.648237888553794,45.853538513183594,15376600,0.0,0.0
2021-04-15 00:00:00-04:00,46.201648436668805,46.36231905274115,45.85352990352819,46.09453582763672,17869800,0.0,0.0
2021-04-16 00:00:00-04:00,46.81756111993985,47.46916832087485,46.64796243959512,47.129974365234375,28327900,0.0,0.0
2021-04-19 00:00:00-04:00,46.88895899645162,47.27278285227465,46.853257064900504,47.17459487915039,20245600,0.0,0.0
2021-04-20 00:00:00-04:00,46.94251760285998,47.12104088309634,46.058829238466586,46.22842788696289,21257500,0.0,0.0
2021-04-21 00:00:00-04:00,46.27305824815232,46.47835883039814,45.951717022011586,46.3533935546875,14015500,0.0,0.0
2021-04-22 00:00:00-04:00,46.24628141970182,46.4962119736742,45.862457551788005,45.96957015991211,15564800,0.0,0.0
2021-04-23 00:00:00-04:00,45.96956957707272,46.5319167214291,45.68393368899769,46.335540771484375,14016800,0.0,0.0
2021-04-26 00:00:00-04:00,46.10346386466765,46.21057647369974,45.96957054959121,46.09453582763672,13778200,0.0,0.0
2021-04-27 00:00:00-04:00,46.040989870496965,46.12132178856815,45.83568584081808,45.853538513183594,13601000,0.0,0.0
2021-04-28 00:00:00-04:00,46.02312887449809,46.21057679286099,45.45185367726832,45.62145233154297,14984000,0.0,0.0
2021-04-29 00:00:00-04:00,45.683934040777764,46.05882986986991,45.505410758094094,45.93386459350586,13916600,0.0,0.0
2021-04-30 00:00:00-04:00,45.71963957380421,45.72856420570477,44.996621808115776,45.442928314208984,19930200,0.0,0.0
2021-05-03 00:00:00-04:00,45.71072365771374,45.880322354231694,45.353680401193046,45.675018310546875,13465900,0.0,0.0
2021-05-04 00:00:00-04:00,45.62145085798002,45.728563464292186,44.89843310401412,45.264404296875,18164800,0.0,0.0
2021-05-05 00:00:00-04:00,45.51434363977739,45.7464215484358,45.237632351910754,45.63930892944336,16205300,0.0,0.0
2021-05-06 00:00:00-04:00,45.58574913194974,47.04963401935539,45.478636517152616,46.80862808227539,27106800,0.0,0.0
2021-05-07 00:00:00-04:00,46.84433109408218,47.915467403964314,46.61225320604781,47.69231414794922,24146000,0.0,0.0
2021-05-10 00:00:00-04:00,48.17433086718131,48.326073462185086,47.45131301879883,47.45131301879883,23845600,0.0,0.0
2021-05-11 00:00:00-04:00,47.39774842157622,47.40667645830603,46.51406346803116,47.15674591064453,20220900,0.0,0.0
2021-05-12 00:00:00-04:00,46.57655130248308,46.79970457495376,45.942796825878055,46.058834075927734,22123300,0.0,0.0
2021-05-13 00:00:00-04:00,46.51406234406424,47.13889210316792,46.308761769867715,46.85325622558594,15864000,0.0,0.0
2021-05-14 00:00:00-04:00,47.246011770002085,47.50487038684166,46.9514478118642,47.219234466552734,14789400,0.0,0.0
2021-05-17 00:00:00-04:00,47.09426178636857,47.44238372699196,47.022854514863994,47.25493240356445,15731000,0.0,0.0
2021-05-18 00:00:00-04:00,47.12996156408205,47.611973358800206,47.076406968034306,47.246002197265625,20177200,0.0,0.0
2021-05-19 00:00:00-04:00,46.30876165594012,47.0049986802023,46.290908988004134,46.83540344238281,29187900,0.0,0.0
2021-05-20 00:00:00-04:00,44.99662042231018,47.28171088894866,44.71990917123711,47.17459487915039,48830800,0.0,0.0
2021-05-21 00:00:00-04:00,47.10318641929683,47.24600435703295,46.6301026389925,46.79969787597656,24468400,0.0,0.0
2021-05-24 00:00:00-04:00,47.272788494605194,47.995806324323254,47.12104590351859,47.656612396240234,21128900,0.0,0.0
2021-05-25 00:00:00-04:00,47.63875586533079,47.82620718713681,47.43345527958938,47.585201263427734,20657200,0.0,0.0
2021-05-26 00:00:00-04:00,47.62090556549533,47.852986868782786,47.147821731557315,47.22815704345703,18671200,0.0,0.0
2021-05-27 00:00:00-04:00,47.24600765743313,47.620903493285944,46.93359446088913,47.23707962036133,56216100,0.0,0.0
2021-05-28 00:00:00-04:00,47.469165045543356,47.50487038684166,47.165676454605276,47.219234466552734,14863500,0.0,0.0
2021-06-01 00:00:00-04:00,47.272787899809614,47.59412915341891,46.79970405702298,46.96929931640625,15741700,0.0,0.0
2021-06-02 00:00:00-04:00,46.996077327078034,47.29956589306383,46.77292406988402,47.27278518676758,14529300,0.0,0.0
2021-06-03 00:00:00-04:00,47.12997438361759,47.80836229516316,46.969303741675176,47.60306167602539,17593100,0.0,0.0
2021-06-04 00:00:00-04:00,47.70124453988253,48.35285171752219,47.70124453988253,48.26359176635742,11676700,0.0,0.0
2021-06-07 00:00:00-04:00,48.48675017422411,48.5938628079531,48.01366625395929,48.129703521728516,14899800,0.0,0.0
2021-06-08 00:00:00-04:00,48.1743245432378,48.54922036759764,48.10291386904639,48.317142486572266,15329700,0.0,0.0
2021-06-09 00:00:00-04:00,48.36177394137502,48.57599916043479,48.147545317266776,48.218955993652344,14860900,0.0,0.0
2021-06-10 00:00:00-04:00,48.58492837683135,49.16512821887792,48.44211042564199,49.1204948425293,22183500,0.0,0.0
2021-06-11 00:00:00-04:00,49.26331213021275,49.40613007947856,48.683115701029145,48.8884162902832,17134000,0.0,0.0
2021-06-14 00:00:00-04:00,48.54921635633693,48.67418162079859,47.781568697446055,48.352840423583984,15131400,0.0,0.0
2021-06-15 00:00:00-04:00,48.4063974392781,48.48673273694617,47.96009098668836,48.013648986816406,12542600,0.0,0.0
2021-06-16 00:00:00-04:00,48.067214055292816,48.129696699865924,47.42453493896246,47.728023529052734,15477900,0.0,0.0
2021-06-17 00:00:00-04:00,47.67446441651602,47.79942970277695,47.31741782287162,47.42453384399414,18288400,0.0,0.0
2021-06-18 00:00:00-04:00,47.138890480034114,47.165667778557825,46.30876017531779,46.478355407714844,35758300,0.0,0.0
2021-06-21 00:00:00-04:00,46.746144195314415,47.67446257897016,46.67473692236703,47.46916198730469,17682200,0.0,0.0
2021-06-22 00:00:00-04:00,47.57627464445181,47.62983265299963,47.138896158981126,47.54056930541992,16451200,0.0,0.0
2021-06-23 00:00:00-04:00,47.549495713874514,47.5673483827789,46.94251859131891,47.094261169433594,14749800,0.0,0.0
2021-06-24 00:00:00-04:00,47.25493189916991,47.35311987585807,46.96037137415389,47.11211395263672,13974300,0.0,0.0
2021-06-25 00:00:00-04:00,47.10319809180643,47.4870220330331,46.996085463223125,47.362056732177734,16682700,0.0,0.0
2021-06-28 00:00:00-04:00,47.451308473532485,47.56734912068694,47.2370798484049,47.27278518676758,14008700,0.0,0.0
2021-06-29 00:00:00-04:00,47.210304373585025,47.478087611567894,47.103191759401604,47.22815704345703,10926100,0.0,0.0
2021-06-30 00:00:00-04:00,47.26386078252959,47.370973393085464,46.96929684719033,47.30849075317383,15826400,0.0,0.0
2021-07-01 00:00:00-04:00,47.35312199213375,47.84405849246671,47.30849202029414,47.70124053955078,15074800,0.0,0.0
2021-07-02 00:00:00-04:00,47.80910440724125,48.19560431354077,47.49451305503866,48.12369918823242,15066000,0.37,0.0
2021-07-06 00:00:00-04:00,47.836068286862556,47.961904818424614,47.04509139431606,47.62034606933594,19394500,0.0,0.0
2021-07-07 00:00:00-04:00,47.7012392545281,47.907971179452474,47.34170338496248,47.87201690673828,14411600,0.0,0.0
2021-07-08 00:00:00-04:00,47.782134653740954,48.285484185375196,47.55742559245948,47.87201690673828,15691800,0.0,0.0
2021-07-09 00:00:00-04:00,47.96190423722803,48.47424064025845,47.89898597220944,48.303462982177734,14673400,0.0,0.0
2021-07-12 00:00:00-04:00,48.57312099089073,48.57312099089073,47.755179985317206,47.845062255859375,14000600,0.0,0.0
2021-07-13 00:00:00-04:00,47.94392623332969,48.15964844434152,47.818089705567886,47.92594909667969,9927400,0.0,0.0
2021-07-14 00:00:00-04:00,48.087736132686864,48.71692215102167,47.94392247953502,48.61804962158203,17113700,0.0,0.0
2021-07-15 00:00:00-04:00,48.393346173343446,48.420310164932914,47.85404576882396,48.22256851196289,14952400,0.0,0.0
2021-07-16 00:00:00-04:00,48.42930409444194,48.905686268595986,48.22257214285077,48.267513275146484,14144900,0.0,0.0
2021-07-19 00:00:00-04:00,48.24054035032368,48.267507769656035,47.39563550165458,47.69225311279297,19925300,0.0,0.0
2021-07-20 00:00:00-04:00,47.889995271777046,48.474240217613726,47.80909987048871,48.15964889526367,17250200,0.0,0.0
2021-07-21 00:00:00-04:00,48.37537080164048,48.44727935355474,48.01583489964613,48.42930221557617,14068600,0.0,0.0
2021-07-22 00:00:00-04:00,48.4562618079076,49.03151645582974,48.33941213605211,49.02252960205078,15729800,0.0,0.0
2021-07-23 00:00:00-04:00,49.33712242851819,49.7415994367336,48.99556368504871,49.64272689819336,13042500,0.0,0.0
2021-07-26 00:00:00-04:00,49.55284356553119,50.02023882833431,49.55284356553119,49.85844802856445,10097400,0.0,0.0
2021-07-27 00:00:00-04:00,49.77755353084101,49.80451752169528,49.24723999504808,49.68766784667969,14738700,0.0,0.0
2021-07-28 00:00:00-04:00,49.84946296522231,49.90339438038835,48.90568548694219,49.22926712036133,18835700,0.0,0.0
2021-07-29 00:00:00-04:00,49.43599835691629,49.75058970221763,49.346116095055486,49.49891662597656,10680200,0.0,0.0
2021-07-30 00:00:00-04:00,49.5079024096741,49.87642513587008,49.44498071754426,49.76856231689453,13438800,0.0,0.0
2021-08-02 00:00:00-04:00,49.975308036889814,50.28091258409278,49.66970348968685,49.840484619140625,12468800,0.0,0.0
2021-08-03 00:00:00-04:00,49.921366871086256,50.71234031381706,49.678680668616046,50.559539794921875,17357400,0.0,0.0
2021-08-04 00:00:00-04:00,50.66739556550287,50.66739556550287,49.858445043868315,50.05618667602539,11662400,0.0,0.0
2021-08-05 00:00:00-04:00,49.90339131757453,50.31685518877223,49.885414180289196,50.119110107421875,10785200,0.0,0.0
2021-08-06 00:00:00-04:00,49.85844920096323,50.28989020089858,49.57082186767299,49.96630859375,18386100,0.0,0.0
2021-08-09 00:00:00-04:00,50.17303934545684,50.397748408605175,49.795529765185975,49.85844802856445,8707200,0.0,0.0
2021-08-10 00:00:00-04:00,49.88541091306606,50.0382114268013,49.660701854899095,49.984283447265625,10441900,0.0,0.0
2021-08-11 00:00:00-04:00,50.23595981063919,50.34381920561709,49.975296463053276,50.2089958190918,12604500,0.0,0.0
2021-08-12 00:00:00-04:00,50.20000659747458,50.739310441343754,50.02922893274963,50.68537902832031,11209700,0.0,0.0
2021-08-13 00:00:00-04:00,50.685381332507674,50.89211328197974,50.5685316467057,50.75728988647461,10841700,0.0,0.0
2021-08-16 00:00:00-04:00,50.60448302735539,50.72133270646951,50.27191455626424,50.58650588989258,14407400,0.0,0.0
2021-08-17 00:00:00-04:00,50.21798593879319,50.352812762874,50.002267134810175,50.34382247924805,11987500,0.0,0.0
2021-08-18 00:00:00-04:00,50.14607835692297,50.46066969264734,49.46296084393804,49.570823669433594,17111700,0.0,0.0
2021-08-19 00:00:00-04:00,49.2202754209008,51.67410159414625,49.067474892175305,51.476356506347656,39881600,0.0,0.0
2021-08-20 00:00:00-04:00,51.458381240915365,52.43811300343979,51.09884532797869,52.33025360107422,21876500,0.0,0.0
2021-08-23 00:00:00-04:00,51.99767494745182,52.76168780629984,51.898805841547656,52.61787414550781,16225400,0.0,0.0
2021-08-24 00:00:00-04:00,52.5729373709499,53.41784226943863,52.519005957893356,53.3189697265625,17658300,0.0,0.0
2021-08-25 00:00:00-04:00,53.516713094973795,54.17286316989151,53.18414120164655,53.34593200683594,18069600,0.0,0.0
2021-08-26 00:00:00-04:00,53.408858471747486,53.59761672597249,53.022361965335314,53.211116790771484,13729400,0.0,0.0
2021-08-27 00:00:00-04:00,53.274017809240256,53.345922916633775,52.905495133280716,53.04930877685547,14795200,0.0,0.0
2021-08-30 00:00:00-04:00,53.013362732815864,53.229084946037204,52.85157193009692,53.148189544677734,11798600,0.0,0.0
2021-08-31 00:00:00-04:00,53.1302041656655,53.19312242043023,52.653822114221825,53.04930877685547,19873900,0.0,0.0
2021-09-01 00:00:00-04:00,53.04932175071832,53.1571811525808,52.72574011634233,53.067298889160156,11629700,0.0,0.0
2021-09-02 00:00:00-04:00,53.345933950877495,53.678505856324385,53.08527402527408,53.50772476196289,12855700,0.0,0.0
2021-09-03 00:00:00-04:00,53.32795583876265,53.62457001540299,53.28301128366998,53.40884780883789,9732200,0.0,0.0
2021-09-07 00:00:00-04:00,53.24706259610563,53.36390884347136,52.80663131139481,52.92348098754883,15503600,0.0,0.0
2021-09-08 00:00:00-04:00,52.626859895769186,52.96841861878425,52.57293191709549,52.743709564208984,13124500,0.0,0.0
2021-09-09 00:00:00-04:00,52.53697914144055,52.977406980827894,52.35721120690385,52.67180252075195,14958800,0.0,0.0
2021-09-10 00:00:00-04:00,52.806630100749125,52.986398037913574,51.970712107404424,52.03363037109375,13622100,0.0,0.0
2021-09-13 00:00:00-04:00,52.27632063516907,52.608889116060126,51.889820740300344,52.222389221191406,13553200,0.0,0.0
2021-09-14 00:00:00-04:00,52.34822741600553,52.55495935274268,51.826900718225296,52.015655517578125,12810300,0.0,0.0
2021-09-15 00:00:00-04:00,51.93474875150235,53.57063017890685,51.28758909119363,51.73700714111328,37524600,0.0,0.0
2021-09-16 00:00:00-04:00,52.411140132723325,52.86954508672448,51.35051314087502,51.53028106689453,24029600,0.0,0.0
2021-09-17 00:00:00-04:00,51.584215048963344,51.63814646168323,50.75728729332222,51.09884262084961,40262700,0.0,0.0
2021-09-20 00:00:00-04:00,50.67638937610337,50.69436651278536,49.6966577140585,50.235958099365234,21897000,0.0,0.0
2021-09-21 00:00:00-04:00,50.29888295908359,50.66740573741841,49.642732813696654,49.66969680786133,18700600,0.0,0.0
2021-09-22 00:00:00-04:00,50.11911158796784,50.451683494388405,49.76856597251934,49.90339279174805,17940600,0.0,0.0
2021-09-23 00:00:00-04:00,50.06518251843142,51.14378676252318,49.97529683129722,50.95502853393555,16262500,0.0,0.0
2021-09-24 00:00:00-04:00,50.73931278885151,51.06289442438618,50.532580839212926,50.99098587036133,13156400,0.0,0.0
2021-09-27 00:00:00-04:00,50.74828481200804,50.93703956797491,50.37976215230662,50.53256607055664,13859500,0.0,0.0
2021-09-28 00:00:00-04:00,50.13708872578423,50.325846958462115,49.80452024815212,49.90339279174805,17803200,0.0,0.0
2021-09-29 00:00:00-04:00,49.99328345649494,50.31686513401093,49.74161034233318,49.86744689941406,14051700,0.0,0.0
2021-09-30 00:00:00-04:00,50.15506505416813,50.24495074179946,48.905683140794046,48.92366027832031,18538000,0.0,0.0
2021-10-01 00:00:00-04:00,49.0764600089983,49.804518637468625,48.573113881571416,49.561832427978516,18338000,0.0,0.0
2021-10-04 00:00:00-04:00,49.3175029960814,49.48038676837135,48.819804114951566,49.073177337646484,17084100,0.37,0.0
2021-10-05 00:00:00-04:00,48.98269062951172,49.79710608460482,48.98269062951172,49.489437103271484,14135000,0.0,0.0
2021-10-06 00:00:00-04:00,49.18176513668581,49.208914733240334,47.942041721835125,48.810752868652344,26339200,0.0,0.0
2021-10-07 00:00:00-04:00,49.3084513443232,50.140965265280435,49.18176129152665,49.78805160522461,14725500,0.0,0.0
2021-10-08 00:00:00-04:00,49.95094567979811,50.04143514138955,49.54373619873326,49.84235763549805,9255500,0.0,0.0
2021-10-11 00:00:00-04:00,49.996189677886214,50.1138287377924,49.679473115006054,49.70661926269531,8117600,0.0,0.0
2021-10-12 00:00:00-04:00,49.76091486970911,49.824258182106526,48.92839733941908,49.11842727661133,14241900,0.0,0.0
2021-10-13 00:00:00-04:00,49.1546222353772,49.54373310947071,48.93744616031892,49.42609405517578,13737100,0.0,0.0
2021-10-14 00:00:00-04:00,49.851404345582786,50.53913321695285,49.751863868368986,50.358154296875,14455900,0.0,0.0
2021-10-15 00:00:00-04:00,50.57532608243574,50.57532608243574,49.7337610581974,49.996185302734375,15202200,0.0,0.0
2021-10-18 00:00:00-04:00,49.80615653488995,50.21336598378114,49.380848504720106,49.941890716552734,10989600,0.0,0.0
2021-10-19 00:00:00-04:00,50.03238481024432,50.47578798026362,49.79710669998993,50.43959426879883,13258400,0.0,0.0
2021-10-20 00:00:00-04:00,50.49389307219277,50.88300399920754,50.49389307219277,50.855857849121094,11613600,0.0,0.0
2021-10-21 00:00:00-04:00,50.71106048207402,50.78345134894896,50.24955532943573,50.39434051513672,12619900,0.0,0.0
2021-10-22 00:00:00-04:00,50.26766147888837,50.54818432865624,49.715666796544426,49.869503021240234,15026600,0.0,0.0
2021-10-25 00:00:00-04:00,49.86949844710294,50.15001781918934,49.59802663942685,49.896644592285156,10218900,0.0,0.0
2021-10-26 00:00:00-04:00,50.27670642703379,50.991581361067446,50.131921237007205,50.502933502197266,15250000,0.0,0.0
2021-10-27 00:00:00-04:00,50.7925047557806,51.326400800426406,50.61152240214704,50.83774948120117,16279000,0.0,0.0
2021-10-28 00:00:00-04:00,50.88299686535227,51.299253884093766,50.575327883684324,50.89204788208008,11209200,0.0,0.0
2021-10-29 00:00:00-04:00,50.96444071019902,51.199718826822675,50.548183675497604,50.64772415161133,13550400,0.0,0.0
2021-11-01 00:00:00-04:00,50.55722946116616,50.90109560692379,50.2224143321648,50.765357971191406,14341400,0.0,0.0
2021-11-02 00:00:00-04:00,51.009684081925464,52.36704664308757,50.92824219017768,52.14081954956055,22097900,0.0,0.0
2021-11-03 00:00:00-04:00,52.10463306058273,52.42134965464174,51.68837252730976,52.16797637939453,13219400,0.0,0.0
2021-11-04 00:00:00-04:00,52.122721546438605,52.20416343909045,51.181619450402536,51.6883659362793,18070400,0.0,0.0
2021-11-05 00:00:00-04:00,51.92365031705874,52.30371022734409,51.51644080464447,51.64312744140625,15637700,0.0,0.0
2021-11-08 00:00:00-05:00,51.670270040952964,52.05033337707343,51.208768259897816,51.57978057861328,15045300,0.0,0.0
2021-11-09 00:00:00-05:00,51.64312823923124,52.14987824605902,51.48929544991595,51.977943420410156,14459800,0.0,0.0
2021-11-10 00:00:00-05:00,52.394196979199776,53.05477968736362,52.20416359447881,52.27655792236328,17876300,0.0,0.0
2021-11-11 00:00:00-05:00,52.09557158468432,52.27655393865228,51.29925129839609,51.36259460449219,17440700,0.0,0.0
2021-11-12 00:00:00-05:00,51.552626816086914,51.715510585802136,50.95538747778151,51.41688919067383,16663600,0.0,0.0
2021-11-15 00:00:00-05:00,51.51643531603194,52.213215195938076,51.42594585711491,51.82410430908203,19041800,0.0,0.0
2021-11-16 00:00:00-05:00,51.79696012096093,52.55708334125015,51.51643726458516,51.57978057861328,21136900,0.0,0.0
2021-11-17 00:00:00-05:00,51.22686042797968,51.706460731836174,50.919191461819544,51.36259460449219,31496300,0.0,0.0
2021-11-18 00:00:00-05:00,47.715808901550915,48.80169943034316,46.22271244491854,48.53022766113281,70834000,0.0,0.0
2021-11-19 00:00:00-05:00,48.457846507236326,48.58453313714006,47.76106659081402,48.18637466430664,30030800,0.0,0.0
2021-11-22 00:00:00-05:00,48.27685417954622,50.24955445797995,48.23160945704016,49.407989501953125,39949300,0.0,0.0
2021-11-23 00:00:00-05:00,49.417045903682755,50.29480811416382,49.29035928607753,50.04143142700195,25653100,0.0,0.0
2021-11-24 00:00:00-05:00,49.90570364909009,50.44864735191742,49.90570364909009,50.25861740112305,19328700,0.0,0.0
2021-11-26 00:00:00-05:00,49.28131024541604,49.94189295795261,49.28131024541604,49.47134017944336,16730300,0.0,0.0
2021-11-29 00:00:00-05:00,49.89664894753207,50.84680208330853,49.61612955096044,50.45769119262695,25724500,0.0,0.0
2021-11-30 00:00:00-05:00,50.294809193148005,50.312904322950004,49.00078993935996,49.62517547607422,45141300,0.0,0.0
2021-12-01 00:00:00-05:00,50.249558043079446,51.01873218836419,49.70661443036776,49.79710388183594,24120500,0.0,0.0
2021-12-02 00:00:00-05:00,49.9056995124826,51.226864944617745,49.84235620080157,50.81060791015625,22384700,0.0,0.0
2021-12-03 00:00:00-05:00,50.946335093743095,51.41688781006869,50.37624191504751,50.882991790771484,26235400,0.0,0.0
2021-12-06 00:00:00-05:00,51.308308245272485,51.73361285651315,51.100179722335206,51.543582916259766,23172800,0.0,0.0
2021-12-07 00:00:00-05:00,51.67026233249091,52.683762109644704,51.588820447754465,52.55707550048828,24254800,0.0,0.0
2021-12-08 00:00:00-05:00,52.557077765766174,52.60232249213626,51.24495998932558,51.59787368774414,23631300,0.0,0.0
2021-12-09 00:00:00-05:00,51.760767532709906,52.33086086133097,51.51644182044373,52.077484130859375,16480200,0.0,0.0
2021-12-10 00:00:00-05:00,52.40324073536336,53.69725991065642,52.40324073536336,53.61581802368164,19901500,0.0,0.0
2021-12-13 00:00:00-05:00,53.48008146733579,53.85109374833943,52.97333500661944,53.036678314208984,18496300,0.0,0.0
2021-12-14 00:00:00-05:00,52.79235542670973,52.96428677750803,51.914593186844016,52.27655792236328,19114200,0.0,0.0
2021-12-15 00:00:00-05:00,52.41229144268143,54.321648666958346,52.39419631289198,54.23115921020508,27953900,0.0,0.0
2021-12-16 00:00:00-05:00,54.33975694256183,54.982241175199,54.17687312978732,54.575035095214844,24599300,0.0,0.0
2021-12-17 00:00:00-05:00,54.53882306210351,55.01842335126328,54.104467497061435,54.71075439453125,62171000,0.0,0.0
2021-12-20 00:00:00-05:00,53.99587701963901,54.665510685651334,53.661061912608474,54.62026596069336,21342100,0.0,0.0
2021-12-21 00:00:00-05:00,54.69265881207214,55.416588245437,54.29450038528256,55.22655487060547,20761100,0.0,0.0
2021-12-22 00:00:00-05:00,55.17226202793866,55.74235179088023,54.85554204101979,55.67900848388672,17095500,0.0,0.0
2021-12-23 00:00:00-05:00,55.91428954605385,56.918738398682,55.91428954605385,56.35769271850586,17771400,0.0,0.0
2021-12-27 00:00:00-05:00,56.47532637042364,57.434530402727276,56.35768732590734,57.3892822265625,14779700,0.0,0.0
2021-12-28 00:00:00-05:00,57.38928628023736,57.76934958476981,57.21735493530091,57.488826751708984,12865000,0.0,0.0
2021-12-29 00:00:00-05:00,57.59741793725878,58.17655872974068,57.50692503096385,57.87793731689453,15069900,0.0,0.0
2021-12-30 00:00:00-05:00,57.95033385538273,58.04082331318256,57.43453635163034,57.57027053833008,9076700,0.0,0.0
2021-12-31 00:00:00-05:00,57.506923692580784,57.75124935596368,57.29879519087343,57.34403991699219,10359100,0.0,0.0
2022-01-03 00:00:00-05:00,56.91873232352588,57.32593828890034,56.55676762991397,57.15400695800781,17184300,0.0,0.0
2022-01-04 00:00:00-05:00,56.83542822821123,57.17221978827075,55.62480989917732,55.75224304199219,29682500,0.37,0.0
2022-01-05 00:00:00-05:00,55.69762737260815,56.10723638346129,54.84200236172039,54.86930847167969,30317900,0.0,0.0
2022-01-06 00:00:00-05:00,54.61443879239154,55.643011695223485,54.532516995311255,55.45185852050781,19616600,0.0,0.0
2022-01-07 00:00:00-05:00,55.40635228082482,55.97980491315277,55.224303440307224,55.64301681518555,20152400,0.0,0.0
2022-01-10 00:00:00-05:00,55.406346898161075,56.34389712044228,55.08776406242486,56.27107620239258,24715300,0.0,0.0
2022-01-11 00:00:00-05:00,56.07082371170578,56.82632513219708,55.925185343842614,56.77170944213867,22804200,0.0,0.0
2022-01-12 00:00:00-05:00,56.79902106328612,57.18132049054772,56.36210247171185,56.544151306152344,13405400,0.0,0.0
2022-01-13 00:00:00-05:00,56.50774628369751,56.571462857125255,55.715834347164915,55.97980499267578,14871600,0.0,0.0
2022-01-14 00:00:00-05:00,55.952494429196555,55.97980053783749,55.47006451868715,55.85236740112305,18831900,0.0,0.0
2022-01-18 00:00:00-05:00,54.59623923189499,54.81469853755742,54.1502232132613,54.36867904663086,26545800,0.0,0.0
2022-01-19 00:00:00-05:00,52.793956483437285,54.15021654849288,52.59370243391825,53.61317443847656,24333900,0.0,0.0
2022-01-20 00:00:00-05:00,53.695102065570794,54.013684931412385,52.812167448391506,52.866783142089844,17726500,0.0,0.0
2022-01-21 00:00:00-05:00,52.857683353652185,53.10344878807297,51.528732609563306,51.59244918823242,25914000,0.0,0.0
2022-01-24 00:00:00-05:00,51.1191182517432,51.88372058878543,49.944906899804636,51.79269790649414,34180100,0.0,0.0
2022-01-25 00:00:00-05:00,51.05539935365284,51.60154236710443,50.12695345295105,51.073604583740234,25156400,0.0,0.0
2022-01-26 00:00:00-05:00,51.07360740928076,51.383089393302804,49.93580650806632,50.36362075805664,28632700,0.0,0.0
2022-01-27 00:00:00-05:00,50.52746373780737,51.455909742141124,49.517099397375596,49.717350006103516,25967400,0.0,0.0
2022-01-28 00:00:00-05:00,49.60811305360442,50.663992018238986,48.65236111125033,50.61848068237305,30976600,0.0,0.0
2022-01-31 00:00:00-05:00,50.45464368820375,50.8460474779208,49.9449076319392,50.673099517822266,29925300,0.0,0.0
2022-02-01 00:00:00-05:00,50.472845333623766,50.518356672203275,49.82657529783408,50.4000244140625,22438500,0.0,0.0
2022-02-02 00:00:00-05:00,50.27258707551828,51.26474945171743,50.21797139041192,51.128211975097656,23316700,0.0,0.0
2022-02-03 00:00:00-05:00,50.8551407475605,51.11001047370126,50.11784809255819,50.24528121948242,19260500,0.0,0.0
2022-02-04 00:00:00-05:00,49.96311496743537,50.62759030830789,49.507994585553405,50.19977951049805,19675900,0.0,0.0
2022-02-07 00:00:00-05:00,50.36362128142234,50.54566664967419,49.79016864900911,50.217979431152344,14450200,0.0,0.0
2022-02-08 00:00:00-05:00,50.11785632999379,50.50926012547403,49.79926998802765,50.37272262573242,15219900,0.0,0.0
2022-02-09 00:00:00-05:00,50.80963540745182,51.31937144758346,50.500153431709876,51.237449645996094,19136700,0.0,0.0
2022-02-10 00:00:00-05:00,50.281695873567976,51.00078336013521,49.82657554096697,49.94490432739258,19730600,0.0,0.0
2022-02-11 00:00:00-05:00,49.94490854512308,50.145162619512135,48.943645117763545,49.06197738647461,20132500,0.0,0.0
2022-02-14 00:00:00-05:00,48.61595589754747,48.83441519447714,47.96968583058184,48.40660095214844,21868400,0.0,0.0
2022-02-15 00:00:00-05:00,48.898133849523305,49.426071675134764,48.825312923346345,49.398765563964844,17678000,0.0,0.0
2022-02-16 00:00:00-05:00,49.27132629581259,49.55349866896954,48.59774670150766,49.38055419921875,20388700,0.0,0.0
2022-02-17 00:00:00-05:00,50.51835661447775,51.93833329366677,50.427333937422745,50.764122009277344,32884700,0.0,0.0
2022-02-18 00:00:00-05:00,50.48194609588179,52.5117823480164,50.409128648781184,52.074867248535156,35626200,0.0,0.0
2022-02-22 00:00:00-05:00,51.820004135844975,52.01115385247175,50.73681893600047,51.246551513671875,25188300,0.0,0.0
2022-02-23 00:00:00-05:00,51.528721234022335,51.87461363636158,49.489780749850155,49.553497314453125,22033700,0.0,0.0
2022-02-24 00:00:00-05:00,49.21671562679993,49.90850052093219,48.43390804926265,49.817474365234375,27739300,0.0,0.0
2022-02-25 00:00:00-05:00,50.04503508301684,51.17373511973107,49.5990190683366,51.009891510009766,18963700,0.0,0.0
2022-02-28 00:00:00-05:00,50.436434816211225,50.97347694433791,49.83567611968751,50.764122009277344,23868700,0.0,0.0
2022-03-01 00:00:00-05:00,50.545668969926815,50.83694573925196,49.38966277253949,49.717350006103516,17799600,0.0,0.0
2022-03-02 00:00:00-05:00,49.85388647211252,51.31937464040997,49.79927077689214,51.11001968383789,18660000,0.0,0.0
2022-03-03 00:00:00-05:00,51.647056343382694,51.883717386107094,50.82783836415872,51.037193298339844,16794600,0.0,0.0
2022-03-04 00:00:00-05:00,50.67309606806057,51.792695139732565,50.290796656108235,51.43769836425781,16729000,0.0,0.0
2022-03-07 00:00:00-05:00,51.2556551782749,51.373983969480975,50.536564190363876,50.60028076171875,21350900,0.0,0.0
2022-03-08 00:00:00-05:00,50.7004097365811,50.846048115584175,49.21671636328596,49.51709747314453,23642400,0.0,0.0
2022-03-09 00:00:00-05:00,50.64579137206416,51.20103874782967,50.29079805897937,50.900657653808594,19150900,0.0,0.0
2022-03-10 00:00:00-05:00,49.51709063331124,50.20887196994634,49.125686892750466,49.79926300048828,18550900,0.0,0.0
2022-03-11 00:00:00-05:00,50.32721730120847,51.16463721436716,49.69914889404618,49.781070709228516,20330300,0.0,0.0
2022-03-14 00:00:00-04:00,49.817467270625684,50.427330273924454,49.15299205397846,49.426063537597656,17977500,0.0,0.0
2022-03-15 00:00:00-04:00,49.53530203603946,50.7277187188211,49.53530203603946,50.6093864440918,18829100,0.0,0.0
2022-03-16 00:00:00-04:00,50.90975738047817,50.97347394512619,49.69913570758109,50.80052947998047,21821800,0.0,0.0
2022-03-17 00:00:00-04:00,50.50925157202024,51.246544223348636,50.381814973438736,51.128211975097656,18830500,0.0,0.0
2022-03-18 00:00:00-04:00,51.00079066174281,51.35578401642796,50.55477461642309,50.9461784362793,51807200,0.0,0.0
2022-03-21 00:00:00-04:00,51.02809591773257,51.47411192521395,50.536565096502144,50.973480224609375,29174600,0.0,0.0
2022-03-22 00:00:00-04:00,51.301159908455,51.62884707450863,51.05539453391478,51.128211975097656,29287900,0.0,0.0
2022-03-23 00:00:00-04:00,50.88245600098623,51.05540048220046,49.562606304962394,49.58991241455078,19742100,0.0,0.0
2022-03-24 00:00:00-04:00,49.762859222559264,49.78106445390031,48.861722841080805,49.60811996459961,20551500,0.0,0.0
2022-03-25 00:00:00-04:00,49.708243437482054,50.227080340484065,49.51709373054291,50.03593063354492,18090600,0.0,0.0
2022-03-28 00:00:00-04:00,49.88118804658068,50.20887524351199,49.535295619565126,50.190670013427734,17164600,0.0,0.0
2022-03-29 00:00:00-04:00,50.673099517822266,51.25565649882152,50.099650360854056,50.673099517822266,20036500,0.0,0.0
2022-03-30 00:00:00-04:00,50.7459218469587,51.82910709016879,50.600283465751524,51.01899337768555,16125400,0.0,0.0
2022-03-31 00:00:00-04:00,51.00988606609975,51.77448833910118,50.71860934041277,50.7550163269043,27587700,0.0,0.0
2022-04-01 00:00:00-04:00,51.12821888325053,51.1464241140791,49.96311188856371,50.663997650146484,17465100,0.0,0.0
2022-04-04 00:00:00-04:00,50.48194597050081,51.082704664832,50.05413522315253,50.85514450073242,19629200,0.0,0.0
2022-04-05 00:00:00-04:00,50.589367334420494,50.94679164801527,50.10363371947158,50.3327522277832,16063600,0.38,0.0
2022-04-06 00:00:00-04:00,50.121976319244794,50.186129238141014,49.34297459203529,49.828704833984375,19644100,0.0,0.0
2022-04-07 00:00:00-04:00,49.88368674565261,50.26860419882087,49.25132085998848,50.06698226928711,15739000,0.0,0.0
2022-04-08 00:00:00-04:00,50.25944260369319,50.32359551460684,49.49876737990064,49.7462158203125,18148200,0.0,0.0
2022-04-11 00:00:00-04:00,49.4162765148824,49.443773112273455,48.38066340968536,48.4631462097168,20992100,0.0,0.0
2022-04-12 00:00:00-04:00,47.38171186111274,48.527304490752456,47.18008643955335,47.4916877746582,25254200,0.0,0.0
2022-04-13 00:00:00-04:00,47.51001638028507,47.986583320743975,47.11593224675312,47.794124603271484,17004600,0.0,0.0
2022-04-14 00:00:00-04:00,47.729979554807784,48.0049211244684,46.85016163739339,46.8959846496582,18024800,0.0,0.0
2022-04-18 00:00:00-04:00,46.63020334966971,47.25340601953079,46.55688374329958,46.84099197387695,13990700,0.0,0.0
2022-04-19 00:00:00-04:00,46.74017930769319,47.601663706935604,46.666859701253195,47.5008544921875,15490900,0.0,0.0
2022-04-20 00:00:00-04:00,47.858275026523025,49.18715957486504,47.794122124026686,48.591453552246094,19526200,0.0,0.0
2022-04-21 00:00:00-04:00,48.88472482248141,49.333798634740134,48.32567510569705,48.371498107910156,17147300,0.0,0.0
2022-04-22 00:00:00-04:00,48.499807679124174,48.53646748217012,47.005957413750146,47.07011032104492,17693000,0.0,0.0
2022-04-25 00:00:00-04:00,47.15258756932548,47.63831766615442,46.31859637677179,47.60165786743164,18677000,0.0,0.0
2022-04-26 00:00:00-04:00,47.54667706164815,47.601663269902055,46.621036267233464,46.64853286743164,19238300,0.0,0.0
2022-04-27 00:00:00-04:00,46.65769863539257,46.840994163816184,45.13635169279797,45.191341400146484,33668600,0.0,0.0
2022-04-28 00:00:00-04:00,45.39296501890672,46.538557743963494,45.09969356097791,46.40108871459961,20170700,0.0,0.0
2022-04-29 00:00:00-04:00,46.29110500354512,46.41024761480373,44.78808804700721,44.88890075683594,20281400,0.0,0.0
2022-05-02 00:00:00-04:00,45.218829500617105,45.74121942635585,44.8430752821722,45.695396423339844,22499200,0.0,0.0
2022-05-03 00:00:00-04:00,45.612920070630494,46.1536399732652,45.39296473054539,45.750389099121094,15828200,0.0,0.0
2022-05-04 00:00:00-04:00,45.85119848147575,47.34505225566566,45.52126724339,47.27173614501953,23942300,0.0,0.0
2022-05-05 00:00:00-04:00,46.877648949009874,46.93263515439899,45.0538640553983,45.466278076171875,24846500,0.0,0.0
2022-05-06 00:00:00-04:00,45.0447015947852,45.6770674396683,44.769756579028886,45.20966720581055,21743900,0.0,0.0
2022-05-09 00:00:00-04:00,44.907230939564,45.29214838378893,44.604792808183355,44.87057113647461,22421200,0.0,0.0
2022-05-10 00:00:00-04:00,45.55792492562422,46.04365855733361,45.0447016867826,45.41128921508789,21741100,0.0,0.0
2022-05-11 00:00:00-04:00,44.98970740241459,45.49376738754378,44.52230721520372,44.58646011352539,23872100,0.0,0.0
2022-05-12 00:00:00-04:00,44.568132064819096,44.70560106861369,43.505022353548085,44.25653076171875,25951000,0.0,0.0
2022-05-13 00:00:00-04:00,44.641447130236386,45.484605017414104,44.476481532659676,45.42045211791992,18954500,0.0,0.0
2022-05-16 00:00:00-04:00,45.5120992702337,45.5120992702337,44.7972506600223,44.9072265625,20254500,0.0,0.0
2022-05-17 00:00:00-04:00,45.53043031368775,46.48356414862567,45.374627909865694,46.37358474731445,18780600,0.0,0.0
2022-05-18 00:00:00-04:00,46.25445115788373,46.25445115788373,44.18321763502611,44.3206901550293,40672700,0.0,0.0
2022-05-19 00:00:00-04:00,39.463381387488205,40.26071298434625,37.59377312941193,38.23530578613281,97674600,0.0,0.0
2022-05-20 00:00:00-04:00,38.3635997023703,39.40837943499659,38.0519984228089,39.353389739990234,46148700,0.0,0.0
2022-05-23 00:00:00-04:00,39.719985662472226,40.15989278911034,39.353394642238264,39.729148864746094,27366600,0.0,0.0
2022-05-24 00:00:00-04:00,39.774972679257594,40.379845374561015,38.95014468744801,40.11406707763672,30053900,0.0,0.0
2022-05-25 00:00:00-04:00,40.09574109857733,40.7097770555728,39.582514353929916,40.324859619140625,25504600,0.0,0.0
2022-05-26 00:00:00-04:00,40.37068970839523,41.72707116862285,40.37068970839523,41.232177734375,28294700,0.0,0.0
2022-05-27 00:00:00-04:00,41.3513066018537,41.82787350945827,41.19550769732749,41.80954360961914,23882100,0.0,0.0
2022-05-31 00:00:00-04:00,41.48878439393851,41.80038573880233,41.003054222501596,41.28715896606445,64821200,0.0,0.0
2022-06-01 00:00:00-04:00,41.74539315710739,41.97451167443078,41.030544501801174,41.45212173461914,20666000,0.0,0.0
2022-06-02 00:00:00-04:00,41.40629756414446,41.97451049220262,41.14968595071259,41.96534729003906,20546800,0.0,0.0
2022-06-03 00:00:00-04:00,41.74539671468231,41.919529040173295,41.35131255161623,41.470455169677734,17947000,0.0,0.0
2022-06-06 00:00:00-04:00,41.79121091281869,42.24028468864486,41.360470531675574,41.543766021728516,12641900,0.0,0.0
2022-06-07 00:00:00-04:00,41.076369692209255,41.83704488832154,40.98472367883079,41.76372528076172,14667200,0.0,0.0
2022-06-08 00:00:00-04:00,41.65374817235935,41.81871378857235,41.131358219708574,41.16801452636719,16263800,0.0,0.0
2022-06-09 00:00:00-04:00,41.08553817014235,41.48878554096756,40.54481827722574,40.56314468383789,18417700,0.0,0.0
2022-06-10 00:00:00-04:00,40.14156475459393,40.31569707053211,39.67416450333463,39.857460021972656,20262400,0.0,0.0
2022-06-13 00:00:00-04:00,39.46337985571767,40.17822860473517,39.30757742555626,39.62834548950195,29050800,0.0,0.0
2022-06-14 00:00:00-04:00,39.98576346096543,40.04991636426725,39.01429971714059,39.32590103149414,22499100,0.0,0.0
2022-06-15 00:00:00-04:00,39.7474755099796,40.71893918678533,39.500027115998776,40.14155960083008,22525100,0.0,0.0
2022-06-16 00:00:00-04:00,39.23425233540972,39.784135324883636,39.23425233540972,39.70165252685547,27049000,0.0,0.0
2022-06-17 00:00:00-04:00,39.7383150029636,40.324857830213524,39.628339096872,39.76580810546875,59678600,0.0,0.0
2022-06-21 00:00:00-04:00,40.15072853486401,40.581468951871535,40.04991583213747,40.453163146972656,23277900,0.0,0.0
2022-06-22 00:00:00-04:00,39.83912868074931,40.43483472470555,39.56418366469293,39.9307746887207,19942300,0.0,0.0
2022-06-23 00:00:00-04:00,39.78413391233242,39.829956910483155,39.15176814728273,39.3442268371582,33801700,0.0,0.0
2022-06-24 00:00:00-04:00,39.81163117758745,40.526483308603936,39.628339165806274,40.41650390625,30543800,0.0,0.0
2022-06-27 00:00:00-04:00,40.590633973341056,40.590633973341056,39.985761278037636,40.11406707763672,22755300,0.0,0.0
2022-06-28 00:00:00-04:00,40.24238055009995,40.75560734242215,39.39922599421866,39.46337890625,20091300,0.0,0.0
2022-06-29 00:00:00-04:00,39.536686386811475,39.646662283978934,39.12427240234507,39.298404693603516,13450800,0.0,0.0
2022-06-30 00:00:00-04:00,38.831008440646926,39.53669394993361,38.66604281530348,39.07845687866211,24947900,0.0,0.0
2022-07-01 00:00:00-04:00,38.968477715900256,39.133443327508495,38.09782665376145,39.04179382324219,24338500,0.0,0.0
2022-07-05 00:00:00-04:00,38.39448816745283,38.8106141014012,37.747181551037286,38.80136489868164,24442600,0.38,0.0
2022-07-06 00:00:00-04:00,38.94932203083839,39.69834874341626,38.84760196187304,39.47641372680664,17250400,0.0,0.0
2022-07-07 00:00:00-04:00,39.65211252585425,40.09597902275287,39.568887337214676,39.96651840209961,22316700,0.0,0.0
2022-07-08 00:00:00-04:00,39.790821301115884,40.32716222299667,39.707596107290854,40.123722076416016,11817000,0.0,0.0
2022-07-11 00:00:00-04:00,40.07748789173373,40.391893797376426,39.827812302470036,39.9942626953125,15245200,0.0,0.0
2022-07-12 00:00:00-04:00,40.299418906100094,40.53059959226853,39.44867214668083,39.63361740112305,17385300,0.0,0.0
2022-07-13 00:00:00-04:00,38.69964786911946,39.809315937498205,38.65341243450733,39.48566436767578,16854200,0.0,0.0
2022-07-14 00:00:00-04:00,38.64416539820499,39.272977163898894,38.23728512185162,39.143516540527344,17336200,0.0,0.0
2022-07-15 00:00:00-04:00,39.30072422563948,39.883300654812544,39.30072422563948,39.827816009521484,19897800,0.0,0.0
2022-07-18 00:00:00-04:00,40.0404951191898,40.05898999784057,39.217492420686305,39.3931884765625,16743800,0.0,0.0
2022-07-19 00:00:00-04:00,39.596628150851366,40.771026474902676,39.4394269754654,40.71554183959961,22861400,0.0,0.0
2022-07-20 00:00:00-04:00,40.76178610707261,40.98371762210798,40.37340066445396,40.808021545410156,15599200,0.0,0.0
2022-07-21 00:00:00-04:00,40.955965944440685,41.325852878248945,40.752525837947175,41.22413635253906,15364600,0.0,0.0
2022-07-22 00:00:00-04:00,41.40908544937359,41.538546075698854,40.918983498988666,41.11317443847656,14854600,0.0,0.0
2022-07-25 00:00:00-04:00,41.29811587851917,41.29811587851917,40.78951909610024,41.00220489501953,12954700,0.0,0.0
2022-07-26 00:00:00-04:00,41.0299491261821,41.18715383450119,40.45662198518822,40.530601501464844,19513000,0.0,0.0
2022-07-27 00:00:00-04:00,40.86349520012432,41.41833094149439,40.5305979883469,41.27962112426758,22349000,0.0,0.0
2022-07-28 00:00:00-04:00,41.50155917200485,42.41703274476684,41.344354465775176,42.18585205078125,17576200,0.0,0.0
2022-07-29 00:00:00-04:00,41.71423979797546,42.06563539683094,41.455318581733,41.95466613769531,23701700,0.0,0.0
2022-08-01 00:00:00-04:00,41.66800430111498,42.01015069737144,41.390584681274454,41.87144088745117,14153400,0.0,0.0
2022-08-02 00:00:00-04:00,42.09338719184142,42.25983759747013,41.52005997664139,41.538551330566406,15005400,0.0,0.0
2022-08-03 00:00:00-04:00,41.52005785618453,42.37080119480506,41.418337777102124,42.269081115722656,14943800,0.0,0.0
2022-08-04 00:00:00-04:00,42.44478071884679,42.47252127585682,41.621774409659075,41.963924407958984,15249300,0.0,0.0
2022-08-05 00:00:00-04:00,41.52929808848396,41.67725358569763,41.18715166259061,41.621768951416016,19533900,0.0,0.0
2022-08-08 00:00:00-04:00,42.0656404236609,42.093380977991295,41.48306408996069,41.631019592285156,15465600,0.0,0.0
2022-08-09 00:00:00-04:00,41.7512407036215,41.77898126204696,41.35360957101268,41.538551330566406,12826200,0.0,0.0
2022-08-10 00:00:00-04:00,42.26907882991593,42.592733930179094,42.010157571735455,42.55574417114258,18935400,0.0,0.0
2022-08-11 00:00:00-04:00,42.63896555396333,42.934876544730606,42.32455968533095,42.44477462768555,15849000,0.0,0.0
2022-08-12 00:00:00-04:00,42.620469757255044,43.10132598876953,42.50950401999391,43.10132598876953,16967600,0.0,0.0
2022-08-15 00:00:00-04:00,42.897890882361516,43.110576706799115,42.564990104098285,43.08283615112305,15456100,0.0,0.0
2022-08-16 00:00:00-04:00,43.06434518075823,43.471221986938694,42.94413021601981,43.249290466308594,21153700,0.0,0.0
2022-08-17 00:00:00-04:00,42.87015160140116,43.554444530366936,42.74993664400101,43.14756774902344,27975600,0.0,0.0
2022-08-18 00:00:00-04:00,46.0511916984156,46.236136951729975,45.413134278395155,45.653560638427734,39999900,0.0,0.0
2022-08-19 00:00:00-04:00,45.32065836386787,45.73678428794688,44.88604108986284,45.03399658203125,23130400,0.0,0.0
2022-08-22 00:00:00-04:00,44.821321677725614,44.84906223689502,43.94283418613449,44.1185302734375,20534100,0.0,0.0
2022-08-23 00:00:00-04:00,44.00756062489299,44.42368661339499,43.82261534916569,43.84111022949219,13764600,0.0,0.0
2022-08-24 00:00:00-04:00,43.545193944256624,43.84110493869432,43.34175381275422,43.52669906616211,14946500,0.0,0.0
2022-08-25 00:00:00-04:00,43.69314834136529,43.85959871248775,43.31401216881684,43.71164321899414,23039300,0.0,0.0
2022-08-26 00:00:00-04:00,43.535942339885764,43.71163836654997,42.42627449809969,42.43552017211914,20309800,0.0,0.0
2022-08-29 00:00:00-04:00,42.27833031975075,42.53725159193304,42.06564448509562,42.269081115722656,13425700,0.0,0.0
2022-08-30 00:00:00-04:00,42.30606829016151,42.41703403894979,41.57553642826884,41.8344612121582,14279100,0.0,0.0
2022-08-31 00:00:00-04:00,42.33381114577787,42.380050110528245,41.23339221895136,41.353607177734375,23006100,0.0,0.0
2022-09-01 00:00:00-04:00,41.21489381594077,41.92693077627848,41.05769263734621,41.88069534301758,16236400,0.0,0.0
2022-09-02 00:00:00-04:00,42.26907547137579,42.46326639958147,40.946721674958894,41.2333869934082,14720900,0.0,0.0
2022-09-06 00:00:00-04:00,41.29811731485664,41.418332258439776,40.669305571165715,41.12242126464844,14366100,0.0,0.0
2022-09-07 00:00:00-04:00,41.38134402069935,41.76972589147454,41.01145350111947,41.631019592285156,18297400,0.0,0.0
2022-09-08 00:00:00-04:00,41.39058475013538,42.04714052030834,41.261124142014154,41.95466613769531,14231500,0.0,0.0
2022-09-09 00:00:00-04:00,42.22284200252664,42.435527818666614,41.982415631792854,42.324562072753906,15499300,0.0,0.0
2022-09-12 00:00:00-04:00,42.63896836901984,43.21229551054076,42.509507742954234,42.90713882446289,17923000,0.0,0.0
2022-09-13 00:00:00-04:00,42.27832442626007,42.454020475386784,40.70629507670927,40.789520263671875,23028600,0.0,0.0
2022-09-14 00:00:00-04:00,40.724789753094186,40.937475557048835,40.28092326733615,40.65081024169922,27551500,0.0,0.0
2022-09-15 00:00:00-04:00,40.51210626899088,40.56758737817687,39.84630473845929,40.03125,18148600,0.0,0.0
2022-09-16 00:00:00-04:00,39.86480076280551,40.29942161078357,39.56888974685292,40.040496826171875,32696100,0.0,0.0
2022-09-19 00:00:00-04:00,39.67060981999992,40.16995745470894,39.541145663925285,40.040496826171875,13667500,0.0,0.0
2022-09-20 00:00:00-04:00,39.77232619881046,39.78157540226007,39.07878409666688,39.374698638916016,16813900,0.0,0.0
2022-09-21 00:00:00-04:00,39.13426809802922,39.64286492581869,38.440726007169715,38.45922088623047,21415900,0.0,0.0
2022-09-22 00:00:00-04:00,38.22803367632174,38.42222458206887,38.043088444761054,38.052337646484375,16691000,0.0,0.0
2022-09-23 00:00:00-04:00,38.144806743739316,38.144806743739316,37.09986923189751,37.599220275878906,19067700,0.0,0.0
2022-09-26 00:00:00-04:00,37.59922546410801,38.08932737441959,37.33105503005415,37.52524948120117,22694800,0.0,0.0
2022-09-27 00:00:00-04:00,38.04309180313994,38.33900278874481,37.20159427641287,37.469764709472656,15027900,0.0,0.0
2022-09-28 00:00:00-04:00,37.77491931682648,38.44072076201643,37.534492976917335,38.22803497314453,23217700,0.0,0.0
2022-09-29 00:00:00-04:00,37.95987302302854,38.006108460917496,37.127624558414006,37.51600646972656,19496400,0.0,0.0
2022-09-30 00:00:00-04:00,37.59922756008564,37.950623199209076,36.9519209177648,36.98891067504883,27989900,0.0,0.0
2022-10-03 00:00:00-04:00,37.6084702327728,38.40373231319428,37.423528516194246,38.181800842285156,22203600,0.0,0.0
2022-10-04 00:00:00-04:00,38.788464458569734,39.23645398140283,38.629799499895206,39.031124114990234,22889400,0.38,0.0
2022-10-05 00:00:00-04:00,38.81645488156235,39.43244079656399,38.63912684371311,39.189781188964844,14289700,0.0,0.0
2022-10-06 00:00:00-04:00,38.87245692598156,39.28311303732909,38.611127073029756,38.75112533569336,18198800,0.0,0.0
2022-10-07 00:00:00-04:00,38.49913357019758,38.49913357019758,37.407159854243346,37.58448791503906,19055400,0.0,0.0
2022-10-10 00:00:00-04:00,37.92047279337114,38.0884692613942,36.95915887961621,37.229820251464844,16628400,0.0,0.0
2022-10-11 00:00:00-04:00,37.15515972946101,37.43515267563507,36.65117029016562,36.94049835205078,19386400,0.0,0.0
2022-10-12 00:00:00-04:00,37.0524933354737,37.20182313814333,36.632502152870565,36.65116882324219,17279900,0.0,0.0
2022-10-13 00:00:00-04:00,36.42718201351183,38.07914539694799,36.025857394695485,37.901817321777344,26328300,0.0,0.0
2022-10-14 00:00:00-04:00,38.1164728722142,38.22846934662143,37.25782374094887,37.5191535949707,19571000,0.0,0.0
2022-10-17 00:00:00-04:00,38.303135820773775,38.760456832205634,38.21913757536536,38.54579544067383,27845200,0.0,0.0
2022-10-18 00:00:00-04:00,39.124448453436706,39.4044449812769,38.50846250073501,39.00312042236328,18223300,0.0,0.0
2022-10-19 00:00:00-04:00,38.85379198153876,39.42311305324452,38.704462156198225,39.087120056152344,19071700,0.0,0.0
2022-10-20 00:00:00-04:00,38.78845684236004,39.777765509249164,38.69512348490589,38.92845153808594,16830500,0.0,0.0
2022-10-21 00:00:00-04:00,39.05911157585918,40.10442373449803,39.021781796146065,39.94575881958008,25035000,0.0,0.0
2022-10-24 00:00:00-04:00,40.24442438127724,40.81374543980987,40.03909810137483,40.636417388916016,18785300,0.0,0.0
2022-10-25 00:00:00-04:00,40.44974326262805,41.43905528977844,40.31908014891632,41.4017219543457,19165200,0.0,0.0
2022-10-26 00:00:00-04:00,41.93371973834443,42.21371270169112,41.32706535084018,41.4203987121582,20051000,0.0,0.0
2022-10-27 00:00:00-04:00,41.7843907704012,42.08305041208601,41.401732881973565,41.45772933959961,18102500,0.0,0.0
2022-10-28 00:00:00-04:00,41.70972334378334,42.66170226996815,41.672393559459316,42.596370697021484,17978300,0.0,0.0
2022-10-31 00:00:00-04:00,42.288371285005695,42.596362417560904,42.05504326688995,42.400367736816406,17793700,0.0,0.0
2022-11-01 00:00:00-04:00,42.54037528076291,42.73637000439622,42.05505246964438,42.428375244140625,12088700,0.0,0.0
2022-11-02 00:00:00-04:00,42.43771511112045,43.12836427941628,41.579065869085404,41.59773254394531,15308800,0.0,0.0
2022-11-03 00:00:00-04:00,41.09373577220206,41.205735801652416,40.49641652301439,40.92573928833008,17895600,0.0,0.0
2022-11-04 00:00:00-04:00,41.53238923861231,42.07371197583638,40.90707182868435,41.551055908203125,19648700,0.0,0.0
2022-11-07 00:00:00-05:00,41.84038944916786,41.98038414905601,41.448396456813015,41.57905960083008,21383000,0.0,0.0
2022-11-08 00:00:00-05:00,41.70972630564039,42.325712294524955,41.23373858889938,41.63506317138672,17503100,0.0,0.0
2022-11-09 00:00:00-05:00,41.541721079867436,41.73771933177166,40.96306855977259,40.98173522949219,19311700,0.0,0.0
2022-11-10 00:00:00-05:00,42.652369354179704,42.75503426848108,41.67239223091821,42.61503601074219,27190100,0.0,0.0
2022-11-11 00:00:00-05:00,42.16705369825013,42.29771686206493,40.991078103308546,41.803062438964844,25961800,0.0,0.0
2022-11-14 00:00:00-05:00,41.84038785878143,42.4097053131722,41.70038960391108,41.75638961791992,21091300,0.0,0.0
2022-11-15 00:00:00-05:00,42.03638289715566,42.22304605167943,41.48572854947747,41.90571975708008,19318000,0.0,0.0
2022-11-16 00:00:00-05:00,41.943054339825856,41.98038768706385,41.345735025233665,41.42973327636719,24939600,0.0,0.0
2022-11-17 00:00:00-05:00,43.10969065139734,43.72567658120538,42.14838019313874,43.48301696777344,38887800,0.0,0.0
2022-11-18 00:00:00-05:00,43.78167723957051,44.83632107255958,43.735012339414254,44.60299301147461,30843200,0.0,0.0
2022-11-21 00:00:00-05:00,44.43499293825116,45.06964549803132,44.3883280418592,44.4443244934082,17049500,0.0,0.0
2022-11-22 00:00:00-05:00,44.79899250362329,45.19098197908405,44.574995974571394,45.15365219116211,16367800,0.0,0.0
2022-11-23 00:00:00-05:00,45.172313209219126,45.72296756554052,45.097646522116214,45.33097457885742,12065600,0.0,0.0
2022-11-25 00:00:00-05:00,45.49896770669708,45.77896064206224,45.12564141934131,45.17230987548828,8492600,0.0,0.0
2022-11-28 00:00:00-05:00,45.06964812431444,45.237644609357645,44.724320038223645,44.873653411865234,14976600,0.0,0.0
2022-11-29 00:00:00-05:00,45.03231595033372,45.18164576754962,44.649658071198985,45.0603141784668,13779300,0.0,0.0
2022-11-30 00:00:00-05:00,44.95764861943125,46.50695034633468,44.76165390469176,46.4042854309082,29919700,0.0,0.0
2022-12-01 00:00:00-05:00,46.553613149439876,47.094932369623415,46.37628155430625,46.637611389160156,18559500,0.0,0.0
2022-12-02 00:00:00-05:00,45.94696599352677,46.51628708961591,45.657637886904936,46.385623931884766,12325100,0.0,0.0
2022-12-05 00:00:00-05:00,46.24561708792083,46.329615325226975,45.890957468150056,46.04029083251953,13795900,0.0,0.0
2022-12-06 00:00:00-05:00,46.14294995619112,46.14294995619112,45.041641369167785,45.34963607788086,15443800,0.0,0.0
2022-12-07 00:00:00-05:00,45.17231362629122,45.312308325446345,44.85498732378119,44.966983795166016,15171700,0.0,0.0
2022-12-08 00:00:00-05:00,45.41497051229626,45.91895994370172,45.37763717064324,45.722965240478516,16015800,0.0,0.0
2022-12-09 00:00:00-05:00,45.82562888652213,45.89096045753787,45.20964295958551,45.228309631347656,14303200,0.0,0.0
2022-12-12 00:00:00-05:00,45.545634852494,46.0309576259101,45.14431031986729,46.012290954589844,15425300,0.0,0.0
2022-12-13 00:00:00-05:00,46.97360810411217,47.328264202131244,45.94696247429425,46.329620361328125,22705900,0.0,0.0
2022-12-14 00:00:00-05:00,46.42295060302844,46.721610223545504,45.56430152381425,46.012290954589844,19050400,0.0,0.0
2022-12-15 00:00:00-05:00,45.69496840057338,45.778966648233784,44.556329839325954,44.938987731933594,19372500,0.0,0.0
2022-12-16 00:00:00-05:00,44.248328231921285,44.79898253465522,43.940337078353224,44.62165451049805,66125400,0.0,0.0
2022-12-19 00:00:00-05:00,44.48166568271407,44.761658670769464,43.996342841942855,44.23900604248047,17986300,0.0,0.0
2022-12-20 00:00:00-05:00,44.24833569606952,44.3883339642276,43.66968307093691,44.211002349853516,15086200,0.0,0.0
2022-12-21 00:00:00-05:00,44.50965716201432,44.76165188113175,44.257662442896894,44.481658935546875,15599400,0.0,0.0
2022-12-22 00:00:00-05:00,44.32299444162691,44.32299444162691,43.576341892393074,44.164329528808594,23118500,0.0,0.0
2022-12-23 00:00:00-05:00,44.09900210073484,44.322998598573726,43.87500560289596,44.313663482666016,9554400,0.0,0.0
2022-12-27 00:00:00-05:00,44.49099181545904,44.52832515872938,44.07100416473017,44.360328674316406,12066200,0.0,0.0
2022-12-28 00:00:00-05:00,44.50965998419314,44.58432667324527,43.847009140222106,43.931007385253906,9847400,0.0,0.0
2022-12-29 00:00:00-05:00,44.108332305408304,44.556325287365134,44.108332305408304,44.33232879638672,11396500,0.0,0.0
2022-12-30 00:00:00-05:00,44.117672882143125,44.49099566624771,43.8190132307379,44.46299743652344,13199800,0.0,0.0
2023-01-03 00:00:00-05:00,44.6683216484456,44.84564968150802,44.155000659851495,44.742984771728516,17718900,0.0,0.0
2023-01-04 00:00:00-05:00,45.42033885946367,45.60849342977316,44.37608440355845,44.733577728271484,18339800,0.38,0.0
2023-01-05 00:00:00-05:00,44.677137541351,44.677137541351,43.99037276496317,44.103267669677734,17372100,0.0,0.0
2023-01-06 00:00:00-05:00,44.648911286821374,45.711981628531454,44.47957252128348,45.45797348022461,20823000,0.0,0.0
2023-01-09 00:00:00-05:00,45.401526196939095,46.2952577764212,45.363898151263676,45.70257568359375,13938000,0.0,0.0
2023-01-10 00:00:00-05:00,45.90953942484513,46.29525468003415,45.71197874044952,45.918949127197266,12474400,0.0,0.0
2023-01-11 00:00:00-05:00,45.937771594413675,46.31407720173529,45.81547056737768,46.29526138305664,12530900,0.0,0.0
2023-01-12 00:00:00-05:00,46.295262745180054,46.50223316798433,45.95658517650053,46.09770202636719,14241700,0.0,0.0
2023-01-13 00:00:00-05:00,45.683756371221605,46.11650936775658,45.55204566080887,45.98480224609375,12649300,0.0,0.0
2023-01-17 00:00:00-05:00,46.02243193673864,46.041247753185594,45.10988816593662,45.2321891784668,19290800,0.0,0.0
2023-01-18 00:00:00-05:00,45.33566751067602,45.41093077102669,44.112668239975804,44.12207794189453,19882200,0.0,0.0
2023-01-19 00:00:00-05:00,44.16911986833532,44.263195363933434,43.6422877622356,43.7081413269043,19118600,0.0,0.0
2023-01-20 00:00:00-05:00,43.33183434944217,44.05622712603809,42.964931315516964,44.009185791015625,21847200,0.0,0.0
2023-01-23 00:00:00-05:00,44.122082356873925,45.034626153063975,44.03741297488205,44.68654251098633,15180500,0.0,0.0
2023-01-24 00:00:00-05:00,44.677137842569806,45.175744447795026,44.27260673649077,44.97818374633789,14872700,0.0,0.0
2023-01-25 00:00:00-05:00,45.13811111450195,45.23219019885905,44.43253413119925,45.13811111450195,14638700,0.0,0.0
2023-01-26 00:00:00-05:00,45.29805029361238,45.59909622945305,44.9970043577717,45.4767951965332,12952700,0.0,0.0
2023-01-27 00:00:00-05:00,45.250999684688956,45.84368531959546,45.128702265561344,45.636714935302734,13414800,0.0,0.0
2023-01-30 00:00:00-05:00,45.2886321519462,45.627309663857304,45.26981633586781,45.363895416259766,19261900,0.0,0.0
2023-01-31 00:00:00-05:00,45.26981668913838,45.80605489093226,45.20396312672509,45.78723907470703,16821600,0.0,0.0
2023-02-01 00:00:00-05:00,45.52382606355548,46.003620418476764,44.695948070872745,45.69316482543945,19639400,0.0,0.0
2023-02-02 00:00:00-05:00,45.65553405007172,46.62452889212028,45.49560498792545,46.39874267578125,17883800,0.0,0.0
2023-02-03 00:00:00-05:00,46.3799284605102,46.3799284605102,45.636719809132536,45.74961471557617,17980000,0.0,0.0
2023-02-06 00:00:00-05:00,45.22278413799694,45.42034484793192,44.705361692988475,44.75239944458008,13991600,0.0,0.0
2023-02-07 00:00:00-05:00,44.441940947530966,45.29804082145171,44.18793281938966,45.00640106201172,16675200,0.0,0.0
2023-02-08 00:00:00-05:00,44.573652825336396,44.72417577784544,43.99978294741123,44.17852783203125,18905500,0.0,0.0
2023-02-09 00:00:00-05:00,44.43253138550103,44.60187013812944,43.67991670090249,43.9621467590332,18598400,0.0,0.0
2023-02-10 00:00:00-05:00,43.93392966638765,44.517205662568735,43.877482213047436,44.460758209228516,17397300,0.0,0.0
2023-02-13 00:00:00-05:00,44.639503696816526,45.14751997663489,44.58305624725335,45.02521896362305,19422100,0.0,0.0
2023-02-14 00:00:00-05:00,44.949954499547125,45.156924887012586,44.38549437395945,44.87469482421875,19134400,0.0,0.0
2023-02-15 00:00:00-05:00,44.6865448740272,45.64613005776162,44.52661580444663,45.58027648925781,27071200,0.0,0.0
2023-02-16 00:00:00-05:00,47.0290564925093,48.675402683718616,46.85030803780664,47.969825744628906,48125300,0.0,0.0
2023-02-17 00:00:00-05:00,48.289687604786444,48.39316920833589,47.60292289020891,47.762855529785156,25321400,0.0,0.0
2023-02-21 00:00:00-05:00,47.70641130796075,47.75344905616345,46.680972606641184,46.746826171875,25100500,0.0,0.0
2023-02-22 00:00:00-05:00,46.897344472125305,46.897344472125305,45.99420687662846,46.38933181762695,20301900,0.0,0.0
2023-02-23 00:00:00-05:00,46.60571700812867,46.73742415012876,45.67435372166304,46.29526138305664,14066200,0.0,0.0
2023-02-24 00:00:00-05:00,45.918953227472265,46.00362261245225,45.31685782942001,45.608497619628906,17251600,0.0,0.0
2023-02-27 00:00:00-05:00,46.05066319751314,46.417562692099736,45.674353999154825,45.843692779541016,14776400,0.0,0.0
2023-02-28 00:00:00-05:00,45.91895077060804,46.031842081624426,45.51441968498678,45.55204772949219,16622400,0.0,0.0
2023-03-01 00:00:00-05:00,45.57087070570193,45.71198755820564,45.17574926069253,45.4767951965332,13449300,0.0,0.0
2023-03-02 00:00:00-05:00,45.45797214583584,45.74961191986802,45.26981756867798,45.65553283691406,18281800,0.0,0.0
2023-03-03 00:00:00-05:00,46.08829031340036,46.43637395504368,45.92835766372631,46.36111068725586,15969900,0.0,0.0
2023-03-06 00:00:00-05:00,46.53044855822068,46.85971996534925,46.323481753275644,46.49281692504883,13878400,0.0,0.0
2023-03-07 00:00:00-05:00,46.63393479737513,46.81267967581141,45.74961293057178,46.01302719116211,17506600,0.0,0.0
2023-03-08 00:00:00-05:00,46.116513934103374,46.35170627143229,45.85309966469508,46.2011833190918,12055500,0.0,0.0
2023-03-09 00:00:00-05:00,46.379924057453685,46.746823496688364,45.82487004742559,45.918949127197266,12497700,0.0,0.0
2023-03-10 00:00:00-05:00,45.99420977995331,46.25762403141346,45.43915575812655,45.68375778198242,16338200,0.0,0.0
2023-03-13 00:00:00-04:00,45.65553199474744,45.98480339588744,45.2698167336263,45.542640686035156,20280800,0.0,0.0
2023-03-14 00:00:00-04:00,45.79665357886496,46.342297951605964,45.636720918557,46.144737243652344,17679600,0.0,0.0
2023-03-15 00:00:00-04:00,45.5050149183614,46.20118585410328,45.5050149183614,46.15414810180664,17354900,0.0,0.0
2023-03-16 00:00:00-04:00,45.79664925967003,47.31128838863252,45.63671661444572,47.1513557434082,21425100,0.0,0.0
2023-03-17 00:00:00-04:00,47.28307006482741,47.55589406135884,46.793873118375274,47.21721649169922,47642700,0.0,0.0
2023-03-20 00:00:00-04:00,47.24543149815915,48.01686197344074,47.04786723400184,47.92278289794922,22699700,0.0,0.0
2023-03-21 00:00:00-04:00,48.176793735877894,48.28968863283512,47.348919357358106,47.66877746582031,23334000,0.0,0.0
2023-03-22 00:00:00-04:00,47.73463997643921,47.74404609120011,46.492821091727095,46.530452728271484,21399400,0.0,0.0
2023-03-23 00:00:00-04:00,46.62452909754947,47.27365864066525,46.48341226312204,46.78445816040039,17775400,0.0,0.0
2023-03-24 00:00:00-04:00,46.94438709740358,47.55588495778565,46.568077961206995,47.518253326416016,19438800,0.0,0.0
2023-03-27 00:00:00-04:00,47.697005033173404,47.932197362144926,47.49003463527843,47.54648208618164,15857200,0.0,0.0
2023-03-28 00:00:00-04:00,47.339511425587794,47.602925684174096,47.292473677804544,47.405364990234375,11124300,0.0,0.0
2023-03-29 00:00:00-04:00,47.72522676563015,48.233243055394425,47.64055738400277,48.139163970947266,18463400,0.0,0.0
2023-03-30 00:00:00-04:00,48.524883007115356,48.61895850314791,48.10153609746863,48.383766174316406,11754600,0.0,0.0
2023-03-31 00:00:00-04:00,48.39317566505965,49.2492756581908,48.34613791376131,49.18342208862305,20588800,0.0,0.0
2023-04-03 00:00:00-04:00,48.97645848767161,49.44684320910574,48.91060491377088,49.21165084838867,16884600,0.0,0.0
2023-04-04 00:00:00-04:00,49.31589646067994,49.40120182894061,48.74719641607999,49.116851806640625,13599900,0.39,0.0
2023-04-05 00:00:00-04:00,49.35381076117506,49.562335798191505,48.98415537061442,49.116851806640625,13797900,0.0,0.0
2023-04-06 00:00:00-04:00,48.263805778722094,48.87042383573411,48.08371824636828,48.595550537109375,14749000,0.0,0.0
2023-04-10 00:00:00-04:00,48.44389498222686,48.71876826981807,48.22589315211535,48.65242004394531,10177700,0.0,0.0
2023-04-11 00:00:00-04:00,48.45337200825676,48.62398276589591,47.884671893264326,47.979454040527344,15957900,0.0,0.0
2023-04-12 00:00:00-04:00,48.169022065736975,48.29224175003874,47.43918795980676,47.49605941772461,16100700,0.0,0.0
2023-04-13 00:00:00-04:00,47.590839240468604,48.17850009645853,47.477099945896065,48.150062561035156,15451700,0.0,0.0
2023-04-14 00:00:00-04:00,47.884672150282725,48.19745613049527,47.58136493856449,47.903629302978516,12360100,0.0,0.0
2023-04-17 00:00:00-04:00,47.922584929107,48.036324225951404,47.43918659003098,47.657188415527344,12042300,0.0,0.0
2023-04-18 00:00:00-04:00,47.75197520954679,48.04580203406342,47.45814476932303,47.68562698364258,15203600,0.0,0.0
2023-04-19 00:00:00-04:00,46.66195807961567,46.699872381074925,45.48664366003324,45.534034729003906,30466700,0.0,0.0
2023-04-20 00:00:00-04:00,45.12646585379533,45.16438015594875,43.94167102930252,44.15019607543945,39769400,0.0,0.0
2023-04-21 00:00:00-04:00,44.14072132284117,44.66203038897722,43.82793732944247,44.576725006103516,20861000,0.0,0.0
2023-04-24 00:00:00-04:00,44.59567770133629,44.97481350191857,44.54828663019025,44.91794204711914,17359900,0.0,0.0
2023-04-25 00:00:00-04:00,44.89899125621751,44.95586271907374,44.368205399055924,44.63359832763672,20281600,0.0,0.0
2023-04-26 00:00:00-04:00,44.320803229869526,44.40610860191162,44.00801927618642,44.112281799316406,22390500,0.0,0.0
2023-04-27 00:00:00-04:00,44.339766116952234,44.35872327049251,43.57202128496126,44.13124465942383,22845400,0.0,0.0
2023-04-28 00:00:00-04:00,44.2544546094874,44.79472075564209,44.17862962152706,44.78524398803711,19662000,0.0,0.0
2023-05-01 00:00:00-04:00,44.73785941769792,45.0411666450146,44.671511187704105,44.87055587768555,13122300,0.0,0.0
2023-05-02 00:00:00-04:00,44.46298616508496,44.62412016362097,43.65732701952702,43.94167709350586,20175100,0.0,0.0
2023-05-03 00:00:00-04:00,43.998541803719526,44.12176148608958,43.46775600096929,43.562538146972656,20765700,0.0,0.0
2023-05-04 00:00:00-04:00,43.382449297534954,43.53410289593015,43.183404627586334,43.31610107421875,17748900,0.0,0.0
2023-05-05 00:00:00-04:00,43.71419790282569,43.9416801472421,43.52462996842994,43.83741760253906,14315100,0.0,0.0
2023-05-08 00:00:00-04:00,44.01749637384155,44.093324978761565,43.685755266583755,43.92271423339844,12000000,0.0,0.0
2023-05-09 00:00:00-04:00,43.58149916486183,44.09333147637505,43.52462770279122,44.04594039916992,15221900,0.0,0.0
2023-05-10 00:00:00-04:00,44.26393784360108,44.481939669624275,43.74262881478847,44.273414611816406,15625100,0.0,0.0
2023-05-11 00:00:00-04:00,44.38716009451049,44.4061136320385,43.79002242257473,43.95115280151367,12521900,0.0,0.0
2023-05-12 00:00:00-04:00,43.86584488012306,44.368200372505015,43.86584488012306,44.273414611816406,14094800,0.0,0.0
2023-05-15 00:00:00-04:00,44.358720169138174,44.794723822959256,44.13124157397373,44.643070220947266,13204400,0.0,0.0
2023-05-16 00:00:00-04:00,44.77577637611915,44.86108176483443,44.358726202085535,44.47246551513672,16496300,0.0,0.0
2023-05-17 00:00:00-04:00,44.69046687778217,45.268643775120744,44.55776680643305,45.14542770385742,29326000,0.0,0.0
2023-05-18 00:00:00-04:00,43.372973508059175,45.733086724766665,43.316105662454156,45.68569564819336,41475700,0.0,0.0
2023-05-19 00:00:00-04:00,45.90369475398576,46.76622531270052,45.87526083287987,46.56718063354492,28561700,0.0,0.0
2023-05-22 00:00:00-04:00,46.54821921177003,46.661958501469265,46.22595487786651,46.273345947265625,18667500,0.0,0.0
2023-05-23 00:00:00-04:00,46.07430397353131,46.77570051924171,46.06482358967447,46.3586540222168,17645900,0.0,0.0
2023-05-24 00:00:00-04:00,46.39656735375191,46.44395842492166,45.65725290381732,45.884735107421875,15452900,0.0,0.0
2023-05-25 00:00:00-04:00,45.27811767572557,46.661957108837,45.23072660774085,46.472389221191406,21717000,0.0,0.0
2023-05-26 00:00:00-04:00,46.548221135492575,47.47709987378936,46.548221135492575,47.259098052978516,19825600,0.0,0.0
2023-05-30 00:00:00-04:00,47.38231417422677,47.856232083641814,47.145355219519246,47.552921295166016,19074800,0.0,0.0
2023-05-31 00:00:00-04:00,47.30649606233213,47.42023537341299,47.02214597677621,47.07901382446289,51990300,0.0,0.0
2023-06-01 00:00:00-04:00,47.164308759166126,47.47709631495304,46.69039084969992,47.145355224609375,17817000,0.0,0.0
2023-06-02 00:00:00-04:00,47.26857451391702,47.628753162168174,47.13587806869474,47.41075134277344,19153700,0.0,0.0
2023-06-05 00:00:00-04:00,47.60031976972544,47.94154127019338,47.42970901949146,47.59083938598633,13964100,0.0,0.0
2023-06-06 00:00:00-04:00,47.1927585430577,47.306497858457,46.57666365453851,47.21171569824219,16029600,0.0,0.0
2023-06-07 00:00:00-04:00,47.107444509613984,47.52449100003287,47.060053438201585,47.18326950073242,15950600,0.0,0.0
2023-06-08 00:00:00-04:00,47.31596813203805,47.391796742365266,46.98422700112435,47.0884895324707,13289100,0.0,0.0
2023-06-09 00:00:00-04:00,46.946318417509616,47.3633685937227,46.79466479407966,47.06953811645508,12173400,0.0,0.0
2023-06-12 00:00:00-04:00,47.31597034613582,47.87519371849225,47.079011351335765,47.84675979614258,15495000,0.0,0.0
2023-06-13 00:00:00-04:00,48.04580003446575,48.28275900732095,47.81832144532067,48.150062561035156,24035500,0.0,0.0
2023-06-14 00:00:00-04:00,48.1500622537987,48.54815520582291,47.98893188882466,48.30171585083008,16630700,0.0,0.0
2023-06-15 00:00:00-04:00,48.25432586822783,49.353815375434415,48.17850087585516,49.22111892700195,22496900,0.0,0.0
2023-06-16 00:00:00-04:00,49.47704049460251,49.67608518913171,49.221124337761786,49.35382080078125,37133300,0.0,0.0
2023-06-20 00:00:00-04:00,49.23059828514449,49.36329835626524,48.7851178442144,48.86094284057617,20138000,0.0,0.0
2023-06-21 00:00:00-04:00,48.69981572388169,48.718772878168096,48.16902625098467,48.19746017456055,16939600,0.0,0.0
2023-06-22 00:00:00-04:00,48.00789251563016,48.47233010828683,47.79936744872712,48.453372955322266,14993800,0.0,0.0
2023-06-23 00:00:00-04:00,47.99841286522835,48.07424147824611,47.47710380570674,47.704586029052734,16540300,0.0,0.0
2023-06-26 00:00:00-04:00,47.68562514484242,48.15006270826281,47.562405466182994,47.59083938598633,13032100,0.0,0.0
2023-06-27 00:00:00-04:00,47.68562307179998,48.37754281068809,47.6287516189587,48.206932067871094,12981000,0.0,0.0
2023-06-28 00:00:00-04:00,48.131106214293325,48.35858842294993,47.80884186119225,48.21641159057617,11387600,0.0,0.0
2023-06-29 00:00:00-04:00,48.206936085620576,48.59554867315733,48.16902178056647,48.53867721557617,14246000,0.0,0.0
2023-06-30 00:00:00-04:00,49.173731155826665,49.53390622126266,48.83250962797591,49.04103469848633,18186300,0.0,0.0
2023-07-03 00:00:00-04:00,48.680848198066876,49.126332189617756,48.65241428054889,49.116851806640625,7338300,0.0,0.0
2023-07-05 00:00:00-04:00,48.677546483197965,49.25055909678241,48.63934467079224,49.19325637817383,14950500,0.39,0.0
2023-07-06 00:00:00-04:00,48.773050778919206,48.88765258101839,48.37194265000925,48.81125259399414,13931100,0.0,0.0
2023-07-07 00:00:00-04:00,48.706196275631655,49.32696297953201,48.457891779946735,48.69664764404297,15579600,0.0,0.0
2023-07-10 00:00:00-04:00,48.77304775473482,49.183708133513214,48.72529731041474,49.08820724487305,19046500,0.0,0.0
2023-07-11 00:00:00-04:00,49.25055951172564,49.80447486689939,49.22190997374265,49.775821685791016,15002700,0.0,0.0
2023-07-12 00:00:00-04:00,49.24101234008977,49.59437001048338,48.257335670378446,48.45789337158203,26332500,0.0,0.0
2023-07-13 00:00:00-04:00,48.41014048669041,49.2983126438406,48.371942315005626,49.21236038208008,17864800,0.0,0.0
2023-07-14 00:00:00-04:00,48.152280505575376,48.677546316542355,47.80847512447699,48.11408233642578,19564800,0.0,0.0
2023-07-17 00:00:00-04:00,47.942181016123094,48.65844864990046,47.8848782938957,48.52474594116211,16140700,0.0,0.0
2023-07-18 00:00:00-04:00,48.687093785769896,49.05955233874566,48.56293972040289,48.935401916503906,16434200,0.0,0.0
2023-07-19 00:00:00-04:00,49.86177021471221,50.081425156784164,49.3747098897918,50.071876525878906,21745000,0.0,0.0
2023-07-20 00:00:00-04:00,49.718524818969314,50.4920915238851,49.584818468481814,50.01457977294922,22784400,0.0,0.0
2023-07-21 00:00:00-04:00,50.37748784323486,50.616243709790474,50.16738151486579,50.26288604736328,51284200,0.0,0.0
2023-07-24 00:00:00-04:00,50.32018267237777,50.91229981564087,50.30108176680878,50.72129440307617,18390200,0.0,0.0
2023-07-25 00:00:00-04:00,50.79769908285472,51.34206219100604,50.72129909663421,51.18925857543945,16136600,0.0,0.0
2023-07-26 00:00:00-04:00,51.131958390292716,51.237011556807914,50.57804301889456,50.826351165771484,13563700,0.0,0.0
2023-07-27 00:00:00-04:00,51.18925405203646,51.46621171925393,50.48253875866286,50.616241455078125,15795500,0.0,0.0
2023-07-28 00:00:00-04:00,49.71852377067426,50.06232916387364,49.44156608662086,49.74717330932617,27491300,0.0,0.0
2023-07-31 00:00:00-04:00,49.508423111492306,49.83313127821196,49.41292220962659,49.69942855834961,14193500,0.0,0.0
2023-08-01 00:00:00-04:00,50.2055859763062,50.40614004044244,49.957281464965,50.29153823852539,15286200,0.0,0.0
2023-08-02 00:00:00-04:00,50.02412825248546,50.72129491877854,49.966825535195866,50.21513366699219,17693700,0.0,0.0
2023-08-03 00:00:00-04:00,50.129183255336905,50.87410039185802,49.890427389208305,50.759498596191406,15186400,0.0,0.0
2023-08-04 00:00:00-04:00,50.501641913918895,50.92185092753163,50.17693378967824,50.26288604736328,12266700,0.0,0.0
2023-08-07 00:00:00-04:00,50.58759528631595,50.68309617779242,50.3106376006585,50.62579345703125,11327900,0.0,0.0
2023-08-08 00:00:00-04:00,50.29153499812523,50.740397187807034,50.00502869023008,50.673545837402344,12224800,0.0,0.0
2023-08-09 00:00:00-04:00,50.52074862964836,51.04601086784397,50.291541368423935,50.6067008972168,18765500,0.0,0.0
2023-08-10 00:00:00-04:00,51.00780248996853,51.70496917363334,50.77859525822411,50.969600677490234,16329500,0.0,0.0
2023-08-11 00:00:00-04:00,50.95049963042435,51.52351588663892,50.79769602405887,51.37071228027344,14342200,0.0,0.0
2023-08-14 00:00:00-04:00,51.380265222604095,51.69542473643276,51.30386523457407,51.456668853759766,20707300,0.0,0.0
2023-08-15 00:00:00-04:00,51.20835726145055,51.31341042568161,50.788148247651726,50.95050048828125,20173400,0.0,0.0
2023-08-16 00:00:00-04:00,50.79769220189045,51.11285166556373,50.49208501215428,50.57803726196289,26470200,0.0,0.0
2023-08-17 00:00:00-04:00,51.99148253323512,53.328517006331616,51.924631173892884,52.26844024658203,45278000,0.0,0.0
2023-08-18 00:00:00-04:00,52.172939377922944,52.96560705766945,52.16338710193907,52.56449890136719,28833600,0.0,0.0
2023-08-21 00:00:00-04:00,52.71729148432111,53.28075542616678,52.669541043783354,52.946495056152344,18283200,0.0,0.0
2023-08-22 00:00:00-04:00,52.98469996601632,53.30940808104712,52.79369454956433,52.965599060058594,15666000,0.0,0.0
2023-08-23 00:00:00-04:00,53.108857746472985,53.672321760684035,52.90830368458233,53.462215423583984,18250000,0.0,0.0
2023-08-24 00:00:00-04:00,53.7869281888482,53.93973181721492,52.726851423186496,52.7555046081543,17586400,0.0,0.0
2023-08-25 00:00:00-04:00,52.765047662141924,53.357161204067296,52.765047662141924,53.19480895996094,15731800,0.0,0.0
2023-08-28 00:00:00-04:00,53.376266517311635,53.74872512512689,53.175712442815076,53.672325134277344,15189900,0.0,0.0
2023-08-29 00:00:00-04:00,53.81557084343512,54.245332131693,53.58636725178118,54.01612854003906,17859100,0.0,0.0
2023-08-30 00:00:00-04:00,54.08298210485792,54.350387520441096,53.99702984368825,54.254886627197266,12145400,0.0,0.0
2023-08-31 00:00:00-04:00,54.53183967866358,54.94250006973609,54.33128562063994,54.77059555053711,22619700,0.0,0.0
2023-09-01 00:00:00-04:00,54.808798416652024,55.57281649269047,54.808798416652024,55.23855972290039,14078200,0.0,0.0
2023-09-05 00:00:00-04:00,55.219457251387865,55.219457251387865,54.65599325318491,54.68464279174805,13885000,0.0,0.0
2023-09-06 00:00:00-04:00,54.53183912550956,54.88520043534835,54.50318958697551,54.589141845703125,11380400,0.0,0.0
2023-09-07 00:00:00-04:00,54.407687135815344,54.522288929789774,54.11162855466226,54.235782623291016,14762000,0.0,0.0
2023-09-08 00:00:00-04:00,54.207129930375665,54.503188514193596,54.01612815307417,54.121177673339844,13992000,0.0,0.0
2023-09-11 00:00:00-04:00,54.168933205599444,54.40768907671986,53.90152415261926,54.28353500366211,15842300,0.0,0.0
2023-09-12 00:00:00-04:00,54.10208700888979,54.30264108539298,53.80602838896188,53.85377883911133,13916100,0.0,0.0
2023-09-13 00:00:00-04:00,53.78692389123682,53.98747795435763,53.55772028856319,53.748722076416016,13092200,0.0,0.0
2023-09-14 00:00:00-04:00,53.882421464528285,53.93017555167411,53.557716987938946,53.83467102050781,15760300,0.0,0.0
2023-09-15 00:00:00-04:00,53.77737276460213,53.85377274757428,53.042004257477345,53.51951599121094,43939000,0.0,0.0
2023-09-18 00:00:00-04:00,53.490864025997716,53.74872080525138,53.318963149620764,53.586368560791016,11825000,0.0,0.0
2023-09-19 00:00:00-04:00,53.65321840735439,53.68186794542534,52.9656003486484,53.32851028442383,10748500,0.0,0.0
2023-09-20 00:00:00-04:00,53.43356454871655,53.529065439670276,52.94650053272631,53.00380325317383,12219900,0.0,0.0
2023-09-21 00:00:00-04:00,51.00780365282378,51.66676853903311,50.47298919531122,50.94095230102539,37436100,0.0,0.0
2023-09-22 00:00:00-04:00,50.99825794761197,51.408918356868305,50.80725251303043,51.16061019897461,17869500,0.0,0.0
2023-09-25 00:00:00-04:00,51.05555271932945,51.26565904395129,50.769046413197614,51.07465362548828,14224400,0.0,0.0
2023-09-26 00:00:00-04:00,50.78814900602514,50.90275080365871,50.215136374731784,50.33928680419922,15618400,0.0,0.0
2023-09-27 00:00:00-04:00,50.51119237975797,50.969603223015426,50.1673833365335,50.8072509765625,15845500,0.0,0.0
2023-09-28 00:00:00-04:00,50.96960481295648,51.752723816673864,50.950503905167565,51.456668853759766,17204400,0.0,0.0
2023-09-29 00:00:00-04:00,51.72406709087088,51.762268901141596,51.09375179390473,51.34205627441406,13951200,0.0,0.0
2023-10-02 00:00:00-04:00,51.41846340974808,51.95327786072071,51.38981387164923,51.9437255859375,13934000,0.0,0.0
2023-10-03 00:00:00-04:00,51.80905816422189,51.83791461583412,51.31847647019266,51.6070556640625,15700600,0.39,0.0
2023-10-04 00:00:00-04:00,51.61667153026263,51.79943516675026,51.19342768655808,51.414669036865234,17009000,0.0,0.0
2023-10-05 00:00:00-04:00,51.366576582664955,51.43391075087109,50.57780175273284,51.04914093017578,14929400,0.0,0.0
2023-10-06 00:00:00-04:00,50.97218633625092,51.70324455163819,50.731706129034,51.414669036865234,15665500,0.0,0.0
2023-10-09 00:00:00-04:00,51.318480868449946,51.90525323110061,51.222290241873885,51.86677551269531,10163600,0.0,0.0
2023-10-10 00:00:00-04:00,51.9052490195419,52.03029975949399,51.607055899689,51.81867599487305,13105600,0.0,0.0
2023-10-11 00:00:00-04:00,51.876391584955094,52.06877648828952,51.31847573222894,51.61667251586914,12658000,0.0,0.0
2023-10-12 00:00:00-04:00,51.96296693602604,52.15535184797969,51.4723852270724,51.7994384765625,11846100,0.0,0.0
2023-10-13 00:00:00-04:00,51.828296469322524,52.05915541863335,51.40504894652461,51.72248458862305,14413800,0.0,0.0
2023-10-16 00:00:00-04:00,52.01106414644416,52.51126346801944,51.98220769290003,52.09763717651367,11736600,0.0,0.0
2023-10-17 00:00:00-04:00,51.7417232907813,51.92448693089061,51.145329723070624,51.886009216308594,17105900,0.0,0.0
2023-10-18 00:00:00-04:00,51.74172344597175,52.126489584635415,51.55895613587744,51.72248458862305,13087300,0.0,0.0
2023-10-19 00:00:00-04:00,51.71286714512303,51.87639560994805,51.17419377731616,51.28962326049805,16325600,0.0,0.0
2023-10-20 00:00:00-04:00,51.35695338110495,51.54933828419335,50.78941993518444,50.91447067260742,23887400,0.0,0.0
2023-10-23 00:00:00-04:00,50.808662585648406,50.83751903896311,50.1737949266653,50.21227264404297,17760000,0.0,0.0
2023-10-24 00:00:00-04:00,50.26998389593031,51.02990227665797,50.0776026542488,50.991424560546875,14824200,0.0,0.0
2023-10-25 00:00:00-04:00,51.08761839900836,51.33771621264465,50.33732128866255,50.40465545654297,14384700,0.0,0.0
2023-10-26 00:00:00-04:00,49.89483602958361,50.144937518338146,49.356162674303725,49.413875579833984,17594500,0.0,0.0
2023-10-27 00:00:00-04:00,49.67359330227201,50.16417500246236,49.44273434760108,49.596641540527344,13333900,0.0,0.0
2023-10-30 00:00:00-04:00,49.39463462918854,49.67359255889174,49.144536820465,49.606258392333984,13322400,0.0,0.0
2023-10-31 00:00:00-04:00,49.77940465258412,50.1834096536522,49.71207048573944,50.144935607910156,13509300,0.0,0.0
2023-11-01 00:00:00-04:00,50.05836223607747,50.289221186675135,49.82749961604296,50.2026481628418,14300700,0.0,0.0
2023-11-02 00:00:00-04:00,50.32769911495364,50.78942068754331,50.193030781627925,50.74132537841797,17459700,0.0,0.0
2023-11-03 00:00:00-04:00,51.231904782085735,51.414672098894926,50.625897265802436,50.991424560546875,17644900,0.0,0.0
2023-11-06 00:00:00-05:00,50.9529506846372,51.270382670025114,50.8663776578156,51.260765075683594,15429600,0.0,0.0
2023-11-07 00:00:00-05:00,51.30885980361556,51.405050423686376,50.95295010602922,51.10685729980469,15153100,0.0,0.0
2023-11-08 00:00:00-05:00,51.35695242992699,51.462764308137714,50.760562543891794,50.98180389404297,13633800,0.0,0.0
2023-11-09 00:00:00-05:00,50.135315495596075,50.56818062770617,49.77940579561087,50.0198860168457,21039400,0.0,0.0
2023-11-10 00:00:00-05:00,50.26036436705729,50.62589531716911,49.952549988890546,50.58741760253906,17369000,0.0,0.0
2023-11-13 00:00:00-05:00,50.481603400687256,50.635510582693385,50.10645487388711,50.24112319946289,14931600,0.0,0.0
2023-11-14 00:00:00-05:00,50.471986879543465,51.33771342068285,50.471986879543465,51.145328521728516,18331000,0.0,0.0
2023-11-15 00:00:00-05:00,51.241526814726086,51.3954340120429,51.02028544792299,51.25114440917969,32188200,0.0,0.0
2023-11-16 00:00:00-05:00,45.60467070774486,46.2299207740314,44.44074727425722,46.2106819152832,79057800,0.0,0.0
2023-11-17 00:00:00-05:00,46.22029550899513,46.51849228962387,45.91248113454336,45.94133758544922,32593700,0.0,0.0
2023-11-20 00:00:00-05:00,45.74895994500674,46.52811353612646,45.73933868099161,46.431922912597656,27421000,0.0,0.0
2023-11-21 00:00:00-05:00,46.43192041580345,46.50887217660113,45.84514810329397,45.97981643676758,21510500,0.0,0.0
2023-11-22 00:00:00-05:00,46.2491569519043,46.50887235635755,46.12410621200825,46.2491569519043,17308400,0.0,0.0
2023-11-24 00:00:00-05:00,46.25877457827242,46.55697136763659,46.22029686297959,46.51849365234375,8209500,0.0,0.0
2023-11-27 00:00:00-05:00,46.48963967708047,46.528113724985914,46.08563098385803,46.1048698425293,17651600,0.0,0.0
2023-11-28 00:00:00-05:00,46.1241064285091,46.35496538231492,45.98943809388288,46.02791213989258,16360900,0.0,0.0
2023-11-29 00:00:00-05:00,46.27801534240682,46.595447333057564,46.20105990865085,46.220298767089844,16700500,0.0,0.0
2023-11-30 00:00:00-05:00,46.35496766270755,46.65316446793293,46.114487433491405,46.53773498535156,37165000,0.0,0.0
2023-12-01 00:00:00-05:00,46.44153461168503,46.922495007148,46.191436820596394,46.62430191040039,18740800,0.0,0.0
2023-12-04 00:00:00-05:00,46.22992003102786,46.345349512224765,45.96057968231902,46.220298767089844,17812900,0.0,0.0
2023-12-05 00:00:00-05:00,45.93172378392498,46.13372629581765,45.77781658399193,46.1048698425293,20985000,0.0,0.0
2023-12-06 00:00:00-05:00,46.23953855993578,46.374206902293054,45.83553353286398,45.883628845214844,19535500,0.0,0.0
2023-12-07 00:00:00-05:00,46.085627602940754,46.51849271769585,45.97981572272986,46.422298431396484,20478500,0.0,0.0
2023-12-08 00:00:00-05:00,46.441540692002846,46.73973749722823,46.374206521377296,46.53773498535156,16038900,0.0,0.0
2023-12-11 00:00:00-05:00,47.076408382282686,47.55736884104116,46.98983535292867,47.509273529052734,25618900,0.0,0.0
2023-12-12 00:00:00-05:00,47.692033537223,47.701651130370784,47.239929601110006,47.45155334472656,18712200,0.0,0.0
2023-12-13 00:00:00-05:00,47.36498628244752,47.807469011596446,46.95136000580574,47.797847747802734,18689200,0.0,0.0
2023-12-14 00:00:00-05:00,48.09603855560311,48.10565614876216,47.29764255425056,47.5573616027832,28418700,0.0,0.0
2023-12-15 00:00:00-05:00,47.60546953686412,48.02871343481635,47.54775295873723,47.97099685668945,58859300,0.0,0.0
2023-12-18 00:00:00-05:00,48.019086254226785,48.384617198454166,47.51889064983576,48.326904296875,20453100,0.0,0.0
2023-12-19 00:00:00-05:00,48.45195539454493,48.53852842355348,47.942138484515176,48.26919174194336,17035800,0.0,0.0
2023-12-20 00:00:00-05:00,48.211478052504646,48.413484245243254,47.894046040093635,47.903663635253906,17812200,0.0,0.0
2023-12-21 00:00:00-05:00,48.02870977611699,48.076805086173685,47.49965402661946,47.80746841430664,18772300,0.0,0.0
2023-12-22 00:00:00-05:00,47.94213696669384,48.47119271858,47.94213696669384,48.1826171875,12900700,0.0,0.0
2023-12-26 00:00:00-05:00,48.20185835155162,48.48081630169744,48.14414177479958,48.36538314819336,9721200,0.0,0.0
2023-12-27 00:00:00-05:00,48.38462257949487,48.6347240789419,48.365383720349925,48.519290924072266,10414300,0.0,0.0
2023-12-28 00:00:00-05:00,48.6539602511056,48.70205556159323,48.500049386446015,48.55776596069336,8549900,0.0,0.0
2023-12-29 00:00:00-05:00,48.52891064186879,48.66357898215465,48.30766927290816,48.59624481201172,12491200,0.0,0.0
2024-01-02 00:00:00-05:00,48.567388956176494,48.92329866979968,48.33652632039244,48.58662414550781,20242900,0.0,0.0
2024-01-03 00:00:00-05:00,48.635093002937815,49.129492090690206,48.412130086143826,48.964691162109375,20303900,0.39,0.0
2024-01-04 00:00:00-05:00,48.89683459683294,48.96469271723019,48.460604879419215,48.5478515625,18134100,0.0,0.0
2024-01-05 00:00:00-05:00,48.64478757106317,48.828973357807754,48.344270415647294,48.55754089355469,13988500,0.0,0.0
2024-01-08 00:00:00-05:00,48.22794054500125,48.954994925076655,48.16977486331889,48.91621780395508,18070300,0.0,0.0
2024-01-09 00:00:00-05:00,48.43151856732385,48.509072815465316,47.91773461635189,48.38304901123047,20489200,0.0,0.0
2024-01-10 00:00:00-05:00,48.470294298872865,48.78050388654645,48.29580094355772,48.70295333862305,15174200,0.0,0.0
2024-01-11 00:00:00-05:00,48.90652764217642,48.954997196832714,48.509071377210844,48.89683151245117,16458300,0.0,0.0
2024-01-12 00:00:00-05:00,48.95499721930243,49.26520680683306,48.761115302598284,48.79989242553711,18785400,0.0,0.0
2024-01-16 00:00:00-05:00,48.712649597172046,49.0422477722168,48.53815622814892,49.0422477722168,17015900,0.0,0.0
2024-01-17 00:00:00-05:00,48.70295404054872,48.8871398302626,48.38304831853036,48.76111602783203,17370600,0.0,0.0
2024-01-18 00:00:00-05:00,48.76111615264818,49.245819103863354,48.74172759084077,49.197349548339844,18487500,0.0,0.0
2024-01-19 00:00:00-05:00,49.197351188675874,49.81777039523888,49.17796262622201,49.70144271850586,22860900,0.0,0.0
2024-01-22 00:00:00-05:00,49.97287523147803,50.195838152866585,49.837158992197175,49.99226379394531,20298700,0.0,0.0
2024-01-23 00:00:00-05:00,49.81776966684471,50.23461450853263,49.730522986073055,50.176448822021484,15044300,0.0,0.0
2024-01-24 00:00:00-05:00,50.4091040041384,50.4091040041384,49.64327249809643,49.74021530151367,19458500,0.0,0.0
2024-01-25 00:00:00-05:00,50.16675434954202,50.951974444550366,50.16675434954202,50.72901153564453,18936600,0.0,0.0
2024-01-26 00:00:00-05:00,50.81625899486335,51.01014092778418,50.39941783137046,50.54482650756836,13160300,0.0,0.0
2024-01-29 00:00:00-05:00,50.25400174558394,50.78717424824511,50.24430931374938,50.69023513793945,13492400,0.0,0.0
2024-01-30 00:00:00-05:00,50.699927581483244,50.81625525347491,50.40910655250908,50.64176559448242,14322100,0.0,0.0
2024-01-31 00:00:00-05:00,50.26369680364281,50.350943486672456,48.538155403712246,48.64479064941406,29311800,0.0,0.0
2024-02-01 00:00:00-05:00,48.69326020709938,48.91622313084398,48.29580391729547,48.64479064941406,20635700,0.0,0.0
2024-02-02 00:00:00-05:00,48.60601352406973,48.83867257814553,48.101921988564015,48.64479064941406,20530400,0.0,0.0
2024-02-05 00:00:00-05:00,48.412129871815644,48.6157079236307,47.75293355639088,47.99528503417969,19602000,0.0,0.0
2024-02-06 00:00:00-05:00,48.77081439759932,49.061635441342496,48.26672286271571,48.45090866088867,19265800,0.0,0.0
2024-02-07 00:00:00-05:00,48.76112134090727,48.80959090158802,47.946820148303274,48.247337341308594,16794400,0.0,0.0
2024-02-08 00:00:00-05:00,48.37335585356925,48.460602532424595,48.034061570025116,48.42182540893555,19599000,0.0,0.0
2024-02-09 00:00:00-05:00,48.402435377690814,48.72233739178815,48.11161435633235,48.596317291259766,24076900,0.0,0.0
2024-02-12 00:00:00-05:00,48.49937904930835,48.66417998564632,48.01467606877002,48.46060562133789,19046300,0.0,0.0
2024-02-13 00:00:00-05:00,48.10191881165523,48.412128397941586,47.63660443222571,48.121307373046875,23633700,0.0,0.0
2024-02-14 00:00:00-05:00,48.05344864199368,48.799891605061156,48.03406008085025,48.74172592163086,31176400,0.0,0.0
2024-02-15 00:00:00-05:00,46.783527641121104,48.169778389790366,46.71566952318541,47.55905532836914,42766500,0.0,0.0
2024-02-16 00:00:00-05:00,47.25854024824671,47.578445988039384,46.909553513196606,46.95802307128906,24909400,0.0,0.0
2024-02-20 00:00:00-05:00,46.50240400654895,46.98710697531268,46.38607263149273,46.80291748046875,26402500,0.0,0.0
2024-02-21 00:00:00-05:00,46.96771466185039,47.035572776218785,46.43454217838874,46.996795654296875,15999200,0.0,0.0
2024-02-22 00:00:00-05:00,46.79322437269439,47.21006921565277,46.67689669730767,47.08404541015625,22020300,0.0,0.0
2024-02-23 00:00:00-05:00,47.13251429439902,47.636605811204205,47.01618662067169,47.36517333984375,13141900,0.0,0.0
2024-02-26 00:00:00-05:00,47.35547251662844,47.40394576570171,46.880465738823986,46.91924285888672,13018700,0.0,0.0
2024-02-27 00:00:00-05:00,46.67689593510895,46.96771696782192,46.5508721316703,46.832000732421875,12515400,0.0,0.0
2024-02-28 00:00:00-05:00,46.725365435679116,46.996797906158456,46.54117594671952,46.58964920043945,14635100,0.0,0.0
2024-02-29 00:00:00-05:00,46.715670059794704,46.99679866475186,46.65750807117607,46.89016342163086,22962500,0.0,0.0
2024-03-01 00:00:00-05:00,46.63811428541649,46.93862772092837,46.20188092968506,46.91924285888672,18499900,0.0,0.0
2024-03-04 00:00:00-05:00,46.890160635358264,47.956509305214325,46.75444440599237,47.62691116333008,25214500,0.0,0.0
2024-03-05 00:00:00-05:00,47.53966978115184,47.5687507769713,47.08404779069853,47.452423095703125,18101300,0.0,0.0
2024-03-06 00:00:00-05:00,47.48150176654684,47.89834661016946,47.471809334411724,47.665687561035156,20903600,0.0,0.0
2024-03-07 00:00:00-05:00,47.92742611029749,47.96620323360924,47.336091620748256,47.40394973754883,21224700,0.0,0.0
2024-03-08 00:00:00-05:00,47.3748651380469,48.25702435615698,47.35547657635338,47.985591888427734,19306400,0.0,0.0
2024-03-11 00:00:00-04:00,48.19886408153011,48.76111759865851,48.063147842843605,48.68356704711914,17715100,0.0,0.0
2024-03-12 00:00:00-04:00,48.9937727218407,49.003465153259846,48.363657437889906,48.538150787353516,17590400,0.0,0.0
2024-03-13 00:00:00-04:00,48.499376751508755,48.615708123879415,48.30549852687119,48.57693099975586,16669900,0.0,0.0
2024-03-14 00:00:00-04:00,48.73203419835095,48.809584746061915,48.08253033357049,48.266719818115234,17239400,0.0,0.0
2024-03-15 00:00:00-04:00,48.26671880870482,48.431516030387925,47.40394818226999,47.43302917480469,57048600,0.0,0.0
2024-03-18 00:00:00-04:00,47.71415709507287,48.1406943375705,47.481498064080625,47.76262664794922,17406700,0.0,0.0
2024-03-19 00:00:00-04:00,47.61721956088516,48.08253397637378,47.471810886164484,47.6366081237793,19601100,0.0,0.0
2024-03-20 00:00:00-04:00,47.53966605178633,48.06314612341293,47.4427232433425,48.034061431884766,18554100,0.0,0.0
2024-03-21 00:00:00-04:00,48.1891686403631,48.654483050222915,48.0437599674014,48.35396957397461,26102900,0.0,0.0
2024-03-22 00:00:00-04:00,48.51876288541589,48.56723243914959,48.19886087238154,48.257022857666016,15021300,0.0,0.0
2024-03-25 00:00:00-04:00,48.04375610214345,48.23763431716099,47.78201607428187,48.16008377075195,16191200,0.0,0.0
2024-03-26 00:00:00-04:00,48.034061431884766,48.286109035848696,47.9662033149691,48.034061431884766,13842900,0.0,0.0
2024-03-27 00:00:00-04:00,48.247337341308594,48.37336115747088,47.89835058762253,48.247337341308594,17231000,0.0,0.0
2024-03-28 00:00:00-04:00,48.3636604491951,48.66417761375818,48.286109899043716,48.38304901123047,18139700,0.0,0.0
2024-04-01 00:00:00-04:00,48.43151329570046,48.664172316810564,48.34426662503288,48.50906753540039,15138100,0.0,0.0
2024-04-02 00:00:00-04:00,48.43152233282868,48.55754614686176,47.64630584829191,47.84988021850586,16414400,0.0,0.0
2024-04-03 00:00:00-04:00,47.69350197360306,48.103980779933906,47.556676947560234,47.634864807128906,22210000,0.4,0.0
2024-04-04 00:00:00-04:00,47.97692871763422,48.42649773815414,46.95073726533355,47.01914978027344,17374000,0.0,0.0
2024-04-05 00:00:00-04:00,46.87254675967976,47.566447216759805,46.80413424859875,47.44916915893555,18660900,0.0,0.0
2024-04-08 00:00:00-04:00,47.097336621587964,47.55668101533824,47.06801803584311,47.14620590209961,15375700,0.0,0.0
2024-04-09 00:00:00-04:00,47.73259484130581,49.06175859877971,47.41985086639457,48.87606430053711,26697100,0.0,0.0
2024-04-10 00:00:00-04:00,48.60241769088526,48.6415116225638,47.7032796314941,48.094207763671875,20026400,0.0,0.0
2024-04-11 00:00:00-04:00,48.20171055615593,48.46558898267019,47.888966582850635,48.40694808959961,15703900,0.0,0.0
2024-04-12 00:00:00-04:00,48.094205543990206,48.11375250892733,47.341664170821645,47.390533447265625,16415200,0.0,0.0
2024-04-15 00:00:00-04:00,48.592647874020884,48.66106039289399,47.10711196897136,47.14620590209961,20310800,0.0,0.0
2024-04-16 00:00:00-04:00,47.370986345795735,47.41007654735496,46.75527000075929,46.83345413208008,14233400,0.0,0.0
2024-04-17 00:00:00-04:00,46.91164318380902,47.185293242689795,46.62821777813826,46.70640563964844,14407600,0.0,0.0
2024-04-18 00:00:00-04:00,47.312346805473275,47.312346805473275,46.79436527001347,47.01914978027344,13080900,0.0,0.0
2024-04-19 00:00:00-04:00,47.29279681843024,47.33189074681311,46.94095891938886,47.22438430786133,20962400,0.0,0.0
2024-04-22 00:00:00-04:00,47.39053201249966,47.48826310602407,46.9116407065447,47.048465728759766,20135700,0.0,0.0
2024-04-23 00:00:00-04:00,47.04846535834064,47.36120932899915,46.97028122977712,47.22438430786133,16261700,0.0,0.0
2024-04-24 00:00:00-04:00,46.96051084827812,47.28303019923042,46.83345743170273,47.25370788574219,14828500,0.0,0.0
2024-04-25 00:00:00-04:00,47.67395459899447,47.82055497032465,46.76504124443287,47.00937271118164,18790900,0.0,0.0
2024-04-26 00:00:00-04:00,46.55980552823666,47.18529351106598,46.5304869441048,46.774818420410156,14658900,0.0,0.0
2024-04-29 00:00:00-04:00,46.90187366681343,47.214617670462815,46.50117017912499,46.696632385253906,11599500,0.0,0.0
2024-04-30 00:00:00-04:00,46.530484551520374,46.6086686812526,45.904996600853465,45.91476821899414,18535400,0.0,0.0
2024-05-01 00:00:00-04:00,45.64112143919221,46.49139394997194,45.62157447330959,45.77794647216797,18266400,0.0,0.0
2024-05-02 00:00:00-04:00,45.9636324964177,46.051591970063114,45.54338209213431,45.72907638549805,15441700,0.0,0.0
2024-05-03 00:00:00-04:00,46.03205062888354,46.325251395650504,45.777947522981805,46.051597595214844,17935300,0.0,0.0
2024-05-06 00:00:00-04:00,46.149326964118245,46.36433611190647,45.904995506202674,46.04182052612305,14163000,0.0,0.0
2024-05-07 00:00:00-04:00,46.13955333831914,46.38388480534459,45.944087419058306,46.20796585083008,14308200,0.0,0.0
2024-05-08 00:00:00-04:00,46.364340126658135,47.04846901370183,46.17864954471588,46.911643981933594,15130200,0.0,0.0
2024-05-09 00:00:00-04:00,46.91164318380902,46.99960266390676,46.56958061020806,46.70640563964844,12449300,0.0,0.0
2024-05-10 00:00:00-04:00,46.91164261288182,47.0093737103777,46.61844559219179,46.97028350830078,12096900,0.0,0.0
2024-05-13 00:00:00-04:00,47.21461195465931,47.713046485071686,47.13642409911109,47.57622146606445,15149100,0.0,0.0
2024-05-14 00:00:00-04:00,47.8694217331434,48.064887657144546,47.25370537741062,47.84010314941406,17379700,0.0,0.0
2024-05-15 00:00:00-04:00,48.07465768595413,48.60241454484502,47.62508868535921,48.54377365112305,37342100,0.0,0.0
2024-05-16 00:00:00-04:00,48.94448335489829,48.973801939169036,47.07778728800762,47.243934631347656,47829400,0.0,0.0
2024-05-17 00:00:00-04:00,47.16574496960235,47.45894571393387,47.01914832563892,47.07778549194336,22020300,0.0,0.0
2024-05-20 00:00:00-04:00,46.91163945615838,46.98005196544244,45.94408525196617,46.06136703491211,22040700,0.0,0.0
2024-05-21 00:00:00-04:00,46.051590327735816,46.08091263670668,45.55315581365548,45.87567138671875,25172200,0.0,0.0
2024-05-22 00:00:00-04:00,46.03204913971641,46.755271957767505,45.97341197082206,46.35456848144531,19940600,0.0,0.0
2024-05-23 00:00:00-04:00,46.08091676898027,46.120006970776764,45.45542507360572,45.54338455200195,18837500,0.0,0.0
2024-05-24 00:00:00-04:00,45.57270724300185,45.7388508545766,45.32837577077847,45.36746597290039,11933600,0.0,0.0
2024-05-28 00:00:00-04:00,45.10359073162534,45.82680979308132,44.93744339380825,45.23064041137695,18178800,0.0,0.0
2024-05-29 00:00:00-04:00,44.85926017840925,45.27951061251436,44.810390900981155,45.035179138183594,16001100,0.0,0.0
2024-05-30 00:00:00-04:00,45.05472137616718,45.406559287913424,44.95699027988316,45.07426834106445,19898100,0.0,0.0
2024-05-31 00:00:00-04:00,45.093814105675456,45.51406451927495,44.966760701326194,45.44565200805664,39269100,0.0,0.0
2024-06-03 00:00:00-04:00,45.66066333286289,45.709528878039926,45.230637587619846,45.59225082397461,23295000,0.0,0.0
2024-06-04 00:00:00-04:00,45.592253766021535,46.520710368904524,45.45542501121336,46.344791412353516,23330300,0.0,0.0
2024-06-05 00:00:00-04:00,46.442524563407765,46.55003100278128,44.6051509324294,44.97653579711914,28746400,0.0,0.0
2024-06-06 00:00:00-04:00,44.898348744740254,45.33814612814958,44.74197675599497,45.1817741394043,15456100,0.0,0.0
2024-06-07 00:00:00-04:00,44.9081274821329,45.24041844933298,44.75175548158007,44.800621032714844,15734600,0.0,0.0
2024-06-10 00:00:00-04:00,44.761524923653795,44.82016581908521,44.24354339605136,44.81039047241211,13404600,0.0,0.0
2024-06-11 00:00:00-04:00,44.65402038803605,44.88858025158471,44.33150476988452,44.732208251953125,17450700,0.0,0.0
2024-06-12 00:00:00-04:00,44.94722272703935,45.03518221293191,44.36082491168813,44.585609436035156,16803100,0.0,0.0
2024-06-13 00:00:00-04:00,44.39013825560742,44.517191659827006,44.09694124665642,44.48787307739258,16149000,0.0,0.0
2024-06-14 00:00:00-04:00,44.29240724502368,44.673563730194445,43.950344688640236,44.64424514770508,15274200,0.0,0.0
2024-06-17 00:00:00-04:00,44.370596728511465,44.67356536720955,43.93079933404382,44.65401840209961,16382000,0.0,0.0
2024-06-18 00:00:00-04:00,44.468328968463396,44.94722030545594,44.468328968463396,44.92767333984375,17627000,0.0,0.0
2024-06-20 00:00:00-04:00,44.86902834662708,45.80726024114032,44.820162801159086,45.66066360473633,25613200,0.0,0.0
2024-06-21 00:00:00-04:00,46.032048612011884,46.755271421772065,45.98318306242595,46.217742919921875,65576300,0.0,0.0
2024-06-24 00:00:00-04:00,46.413207116565225,46.696628784881,45.95386276553262,46.20796585083008,19136200,0.0,0.0
2024-06-25 00:00:00-04:00,46.19819576390553,46.73572426353872,45.92454570479099,46.305702209472656,17793600,0.0,0.0
2024-06-26 00:00:00-04:00,45.99295507865115,46.335017629184435,45.73884827408169,45.797489166259766,13981300,0.0,0.0
2024-06-27 00:00:00-04:00,45.71930469447999,46.43275215855098,45.70953307582804,46.374114990234375,16541900,0.0,0.0
2024-06-28 00:00:00-04:00,46.471844631690594,46.77481699523087,46.266607092616056,46.4327507019043,23921100,0.0,0.0
2024-07-01 00:00:00-04:00,46.40343383975981,46.75527176448139,46.276380427343135,46.442527770996094,17776000,0.0,0.0
2024-07-02 00:00:00-04:00,46.32524763930797,46.70640413135531,45.89522187129368,46.20796585083008,19794200,0.0,0.0
2024-07-03 00:00:00-04:00,46.08091490996655,46.442524427361846,45.973408470907955,46.022274017333984,8118300,0.0,0.0
2024-07-05 00:00:00-04:00,45.76599418846451,46.09127282726596,45.647711388913294,45.98284912109375,14692600,0.4,0.0
2024-07-08 00:00:00-04:00,45.687136866835445,46.11098764228511,45.292859611629495,45.40128707885742,19320900,0.0,0.0
2024-07-09 00:00:00-04:00,45.34214095306631,45.44070932064653,44.99714790639334,45.14500045776367,17343400,0.0,0.0
2024-07-10 00:00:00-04:00,45.40128815070142,45.62799842382911,45.17457787757372,45.60828399658203,18737300,0.0,0.0
2024-07-11 00:00:00-04:00,45.51957091240219,46.23913058562123,45.51957091240219,46.09127426147461,19741200,0.0,0.0
2024-07-12 00:00:00-04:00,46.11098633071376,47.17554278578891,45.98284820049133,46.70240783691406,20936100,0.0,0.0
2024-07-15 00:00:00-04:00,46.73197752540718,46.810835230171406,46.120845354053735,46.72212219238281,15925900,0.0,0.0
2024-07-16 00:00:00-04:00,46.771406252432776,47.28397005159949,46.544695992056745,46.7418327331543,17037300,0.0,0.0
2024-07-17 00:00:00-04:00,46.78126119470431,48.04295813601608,46.672833731920875,47.82610321044922,26638700,0.0,0.0
2024-07-18 00:00:00-04:00,47.46139759032376,47.94438788510653,47.29382684305249,47.352970123291016,18462500,0.0,0.0
2024-07-19 00:00:00-04:00,47.40225326282624,47.41210859591038,46.46583869385455,46.64326477050781,18289200,0.0,0.0
2024-07-22 00:00:00-04:00,46.64326287044539,46.702406146968,46.10112932948585,46.150413513183594,19899400,0.0,0.0
2024-07-23 00:00:00-04:00,46.0814166934639,46.11098645280239,45.677280355221036,45.69699478149414,16372000,0.0,0.0
2024-07-24 00:00:00-04:00,45.87442462908662,46.367274046003814,45.57871573096483,46.179988861083984,25318200,0.0,0.0
2024-07-25 00:00:00-04:00,46.69254929506552,47.500821978955045,46.38698508538922,46.56441116333008,20631200,0.0,0.0
2024-07-26 00:00:00-04:00,46.643266418465366,47.32339722957107,46.56441247057923,47.19525909423828,16104900,0.0,0.0
2024-07-29 00:00:00-04:00,47.13611349337668,47.52053540074039,46.76154691896028,47.30368423461914,11475700,0.0,0.0
2024-07-30 00:00:00-04:00,47.50082227230491,47.85567443037808,47.205113393958065,47.4515380859375,20166000,0.0,0.0
2024-07-31 00:00:00-04:00,47.71767792725775,48.07253009070577,47.550110939042,47.75710678100586,19953600,0.0,0.0
2024-08-01 00:00:00-04:00,47.924674074045676,48.0232462090429,46.52498359836743,46.71226501464844,18837500,0.0,0.0
2024-08-02 00:00:00-04:00,46.99811563760312,47.06711424773082,45.687134524892286,45.99270248413086,24000200,0.0,0.0
2024-08-05 00:00:00-04:00,45.88427875664464,46.012420654514145,44.05087837229075,44.10016632080078,29669600,0.0,0.0
2024-08-06 00:00:00-04:00,44.11001999590655,45.08586343351887,44.00159252948936,44.514156341552734,20524000,0.0,0.0
2024-08-07 00:00:00-04:00,44.770436510790574,45.54913944469482,44.44515787064043,44.474727630615234,18301100,0.0,0.0
2024-08-08 00:00:00-04:00,44.6324422505077,45.608285756101566,44.6324422505077,45.17457962036133,18369100,0.0,0.0
2024-08-09 00:00:00-04:00,45.04643147236272,45.40128360701217,44.59301097148494,44.81972122192383,21217600,0.0,0.0
2024-08-12 00:00:00-04:00,44.87886502809546,45.085864633191896,43.86359647034213,44.218448638916016,20289500,0.0,0.0
2024-08-13 00:00:00-04:00,44.33673133099656,44.740867686386935,44.24801828907464,44.721153259277344,20976900,0.0,0.0
2024-08-14 00:00:00-04:00,44.49444081678984,45.08586232079387,44.39587244619366,44.7901496887207,30675600,0.0,0.0
2024-08-15 00:00:00-04:00,48.05281532211358,49.56093324590049,47.47125289396333,47.835960388183594,45976400,0.0,0.0
2024-08-16 00:00:00-04:00,47.94438617691084,49.01879795537167,47.80638895474671,48.75265884399414,27424900,0.0,0.0
2024-08-19 00:00:00-04:00,48.62452250738632,49.27508355024358,48.59494898715933,49.26522445678711,16436600,0.0,0.0
2024-08-20 00:00:00-04:00,49.26522727534412,49.649649219006584,48.89066066555953,49.52151107788086,18697300,0.0,0.0
2024-08-21 00:00:00-04:00,49.57079252658405,49.82707255480738,49.31450873821829,49.7285041809082,21177600,0.0,0.0
2024-08-22 00:00:00-04:00,49.99464228748853,50.20163812455932,49.46236405489878,49.501792907714844,19143100,0.0,0.0
2024-08-23 00:00:00-04:00,49.7876444886973,50.04392828111679,49.600363071269605,50.01435852050781,16474100,0.0,0.0
2024-08-26 00:00:00-04:00,50.06364059448242,50.29035085657842,49.994641982546355,50.06364059448242,12016800,0.0,0.0
2024-08-27 00:00:00-04:00,49.9453543198084,50.11292506413306,49.67921896377093,49.98478317260742,10243900,0.0,0.0
2024-08-28 00:00:00-04:00,49.728502651877854,49.846785448948445,48.70337505021984,49.137081146240234,14571400,0.0,0.0
2024-08-29 00:00:00-04:00,49.25536564726869,50.09320804510135,49.16665261313352,49.66935729980469,16324100,0.0,0.0
2024-08-30 00:00:00-04:00,49.82707029870702,49.96506751997452,49.35393535715746,49.81721496582031,15615800,0.0,0.0
2024-09-03 00:00:00-04:00,49.590506571655574,49.777787984679335,49.18637022555199,49.34408187866211,14918600,0.0,0.0
2024-09-04 00:00:00-04:00,49.107510088865695,49.32436501121456,48.87094450097805,48.989227294921875,16411700,0.0,0.0
2024-09-05 00:00:00-04:00,48.792090928466855,48.93994725351923,48.24009824309955,48.42738342285156,16312000,0.0,0.0
2024-09-06 00:00:00-04:00,48.17109633567347,48.525948483436295,47.51067998522554,47.80638885498047,21040500,0.0,0.0
2024-09-09 00:00:00-04:00,47.77682213642394,48.44709762259868,47.56982253029459,48.00353240966797,18677600,0.0,0.0
2024-09-10 00:00:00-04:00,48.092247009277344,48.269673100193934,47.74725016132057,48.092247009277344,11754700,0.0,0.0
2024-09-11 00:00:00-04:00,48.052813108110584,48.50623362167092,47.165682746673184,48.40766525268555,15106600,0.0,0.0
2024-09-12 00:00:00-04:00,48.387952699140165,48.930086269821075,48.16124243358787,48.900516510009766,13236900,0.0,0.0
2024-09-13 00:00:00-04:00,49.028655741156236,49.34407902916155,48.959653371771765,49.08779525756836,10168900,0.0,0.0
2024-09-16 00:00:00-04:00,49.166657670573606,50.33963790022427,49.06808553353832,50.300209045410156,16668200,0.0,0.0
2024-09-17 00:00:00-04:00,50.290351554110046,50.68462880490735,49.84678635683849,49.88621520996094,13230300,0.0,0.0
2024-09-18 00:00:00-04:00,49.669360419608715,50.408634497122584,49.55107762004637,49.84678649902344,12697700,0.0,0.0
2024-09-19 00:00:00-04:00,50.67477594191294,50.98034392829367,50.41849590440908,50.704345703125,16274000,0.0,0.0
2024-09-20 00:00:00-04:00,50.714200883359155,51.58161682668628,50.6846273642867,51.22676467895508,44096600,0.0,0.0
2024-09-23 00:00:00-04:00,51.315480638324274,51.69004347324557,51.147909887844754,51.44361877441406,18343400,0.0,0.0
2024-09-24 00:00:00-04:00,51.463333840952224,51.81818601330131,51.26619332740911,51.76890182495117,26479300,0.0,0.0
2024-09-25 00:00:00-04:00,51.81818361497633,51.975895266482866,51.62104311055756,51.89704132080078,22422200,0.0,0.0
2024-09-26 00:00:00-04:00,52.242033562118934,52.527887101025065,52.0054642085071,52.09417724609375,18374000,0.0,0.0
2024-09-27 00:00:00-04:00,52.28146369420689,52.4588897737234,52.10403761469039,52.261749267578125,13868300,0.0,0.0
2024-09-30 00:00:00-04:00,52.2617485043023,52.54760204603097,51.89704101735261,52.45888900756836,17807500,0.0,0.0
2024-10-01 00:00:00-04:00,52.35046342044095,52.43917646208547,51.56190513923551,51.985755920410156,16621800,0.0,0.0
2024-10-02 00:00:00-04:00,52.04535036498386,52.48237101422699,51.777177311285065,52.263858795166016,11071300,0.4,0.0
2024-10-03 00:00:00-04:00,51.83676841251316,52.30358859017682,51.80697266972741,52.07514572143555,11029100,0.0,0.0
2024-10-04 00:00:00-04:00,52.44263950159185,52.551895608352794,52.055279696805755,52.39297866821289,11724100,0.0,0.0
2024-10-07 00:00:00-04:00,52.22413176508242,52.492301026638096,52.01555019993645,52.15460205078125,10941700,0.0,0.0
2024-10-08 00:00:00-04:00,52.28372452056761,52.41284572329416,51.84670386602701,52.37311553955078,12365000,0.0,0.0
2024-10-09 00:00:00-04:00,52.293657505363214,53.31668508056695,52.18440139754946,53.1974983215332,10586100,0.0,0.0
2024-10-10 00:00:00-04:00,53.336548314310406,53.44580441831905,53.05844083441243,53.17763137817383,9377500,0.0,0.0
2024-10-11 00:00:00-04:00,53.15776896435008,53.96228812529796,53.15776896435008,53.88282775878906,12704500,0.0,0.0
2024-10-14 00:00:00-04:00,53.94242106925877,54.04174273489909,53.42594007239601,53.90269088745117,11428600,0.0,0.0
2024-10-15 00:00:00-04:00,54.0516729899756,54.24038945773999,53.55505708765442,53.7139778137207,20066300,0.0,0.0
2024-10-16 00:00:00-04:00,54.62775206416865,56.02820882916763,54.458904467359424,55.9984130859375,32382300,0.0,0.0
2024-10-17 00:00:00-04:00,55.998411123516064,56.19705824547283,55.471995681998834,56.01827621459961,18383400,0.0,0.0
2024-10-18 00:00:00-04:00,56.02820580352619,56.48509152315007,55.82955868533535,56.37583541870117,17679800,0.0,0.0
2024-10-21 00:00:00-04:00,56.306310955561365,56.67380945985034,56.127528923442064,56.20698928833008,14083600,0.0,0.0
2024-10-22 00:00:00-04:00,55.6209813747064,56.51489151949422,55.48192952749022,56.2169189453125,14956300,0.0,0.0
2024-10-23 00:00:00-04:00,55.77989924020803,56.20698922883219,55.61105164831784,55.899085998535156,18723000,0.0,0.0
2024-10-24 00:00:00-04:00,55.998412396236,56.16725999096562,55.43227054856323,55.58125305175781,14699600,0.0,0.0
2024-10-25 00:00:00-04:00,55.86928993936247,56.24671909228331,55.29321366443703,55.36274337768555,14680500,0.0,0.0
2024-10-28 00:00:00-04:00,55.52165972198125,55.60111629660359,54.83632734786032,54.905853271484375,12912300,0.0,0.0
2024-10-29 00:00:00-04:00,54.995246936911705,55.730240179210206,54.89592526662651,55.30315017700195,18810100,0.0,0.0
2024-10-30 00:00:00-04:00,55.19389147038082,55.66071163429835,54.995244350274724,55.2137565612793,13284300,0.0,0.0
2024-10-31 00:00:00-04:00,55.0548401008011,55.134296676205956,54.3397119777639,54.39930725097656,22023400,0.0,0.0
2024-11-01 00:00:00-04:00,54.369512233886816,55.43226999264087,54.16093066930016,55.124366760253906,19235600,0.0,0.0
2024-11-04 00:00:00-05:00,55.074704034056005,55.5315897524454,54.74693572159494,55.45213317871094,13269900,0.0,0.0
2024-11-05 00:00:00-05:00,55.52166098766016,55.88915570503315,55.12436673885565,55.77989959716797,10183600,0.0,0.0
2024-11-06 00:00:00-05:00,56.8029269432266,57.696837104983736,56.57448407719505,57.47832489013672,20506000,0.0,0.0
2024-11-07 00:00:00-05:00,57.40879742609215,57.90541332733668,57.150558824551595,57.68690490722656,17880200,0.0,0.0
2024-11-08 00:00:00-05:00,57.69683752121172,57.806093629423415,57.2697475284999,57.66704177856445,17517700,0.0,0.0
2024-11-11 00:00:00-05:00,58.60067954051604,58.97810870691731,57.96501175850055,58.233184814453125,17827000,0.0,0.0
2024-11-12 00:00:00-05:00,58.36230197864197,58.64040947374551,58.03453743757413,58.31264114379883,16609400,0.0,0.0
2024-11-13 00:00:00-05:00,57.75643331878173,58.87878257595924,57.4485300827475,58.77946090698242,36350600,0.0,0.0
2024-11-14 00:00:00-05:00,58.59074614165707,58.59074614165707,57.13069416844985,57.527984619140625,33747700,0.0,0.0
2024-11-15 00:00:00-05:00,57.06116767674176,57.70676607351602,56.842655468266265,57.07109832763672,28173700,0.0,0.0
2024-11-18 00:00:00-05:00,57.16049266475043,57.59751710711181,56.84265877333062,56.922119140625,23770500,0.0,0.0
2024-11-19 00:00:00-05:00,56.29638097096539,56.653945039437716,55.96861264523949,56.6241455078125,17476200,0.0,0.0
2024-11-20 00:00:00-05:00,56.45529933527628,57.11083221435547,56.226856461084324,57.11083221435547,15345000,0.0,0.0
2024-11-21 00:00:00-05:00,56.9022523666665,57.53792013071462,56.71353589436058,57.17042541503906,16162400,0.0,0.0
2024-11-22 00:00:00-05:00,57.200222993728126,58.30271096502622,57.07110179098612,58.153724670410156,14952100,0.0,0.0
2024-11-25 00:00:00-05:00,58.25304673036326,58.560946164246346,57.86568314474226,58.342437744140625,52408200,0.0,0.0
2024-11-26 00:00:00-05:00,58.600676735871296,59.236344487463555,58.54108146333002,59.186683654785156,14209700,0.0,0.0
2024-11-27 00:00:00-05:00,59.20655154217578,59.464790157628194,58.531153576987805,58.88871765136719,12703300,0.0,0.0
2024-11-29 00:00:00-05:00,58.67020565317781,59.18668667492081,58.64040990982611,58.80925750732422,11618400,0.0,0.0
2024-12-02 00:00:00-05:00,58.848985151244435,59.295940226624566,58.73972904516499,59.027767181396484,15977400,0.0,0.0
2024-12-03 00:00:00-05:00,59.02776988974989,59.12709156044542,58.76952748373532,59.077430725097656,11746000,0.0,0.0
2024-12-04 00:00:00-05:00,59.23634534626205,59.434992468734244,58.86885063245965,59.21648025512695,16872100,0.0,0.0
2024-12-05 00:00:00-05:00,59.38533048563445,59.82235111550958,59.29593947169651,59.613773345947266,19121700,0.0,0.0
2024-12-06 00:00:00-05:00,59.59390958001769,59.673369944786174,59.3654667146264,59.48465347290039,14622700,0.0,0.0
2024-12-09 00:00:00-05:00,59.425062841845794,59.474723676100105,58.46162674402119,58.55101776123047,16517500,0.0,0.0
2024-12-10 00:00:00-05:00,58.104062399143096,58.4616264662815,57.73656768075252,58.322574615478516,14480200,0.0,0.0
2024-12-11 00:00:00-05:00,58.4814928907343,58.56094946919916,57.91535103448636,58.19345474243164,26842900,0.0,0.0
2024-12-12 00:00:00-05:00,58.29277373531869,59.33567016997046,58.233182251426825,58.451690673828125,17704600,0.0,0.0
2024-12-13 00:00:00-05:00,58.22324752807617,58.54108140354773,57.984874015911835,58.22324752807617,14129700,0.0,0.0
2024-12-16 00:00:00-05:00,58.0742648549038,58.094129945670645,57.458458407767566,57.955074310302734,26883200,0.0,0.0
2024-12-17 00:00:00-05:00,57.98487621787891,58.67020482747496,57.77629465071594,58.12392807006836,24912500,0.0,0.0
2024-12-18 00:00:00-05:00,58.31263884266671,58.31263884266671,57.09096416711657,57.140625,24195100,0.0,0.0
2024-12-19 00:00:00-05:00,57.00157477833205,57.74649865946839,56.95191394403205,57.239952087402344,21947800,0.0,0.0
2024-12-20 00:00:00-05:00,57.1803570587958,58.38216668286607,56.88238826283573,58.12392807006836,69544600,0.0,0.0
2024-12-23 00:00:00-05:00,57.73656880025364,58.62054454510884,57.72663435993008,58.580814361572266,18671200,0.0,0.0
2024-12-24 00:00:00-05:00,58.40203073906816,59.444923400878906,58.40203073906816,59.444923400878906,9922300,0.0,0.0
2024-12-26 00:00:00-05:00,59.21647921751692,59.65350363707382,58.997970796617125,59.57404327392578,8524500,0.0,0.0
2024-12-27 00:00:00-05:00,59.16682041520723,59.61377550105489,58.73973042082823,59.20655059814453,13021400,0.0,0.0
2024-12-30 00:00:00-05:00,58.690068896667945,58.98803768743737,58.01467095018861,58.789390563964844,12948100,0.0,0.0
2024-12-31 00:00:00-05:00,58.819189126552494,58.978106064937535,58.372234053319985,58.79932403564453,14173000,0.0,0.0
2025-01-02 00:00:00-05:00,58.8688521474939,59.276077054046716,58.17358909538744,58.70000076293945,16144300,0.0,0.0
2025-01-03 00:00:00-05:00,58.84000015258789,59.16999816894531,58.36000061035156,58.86000061035156,18859000,0.4,0.0
2025-01-06 00:00:00-05:00,58.90999984741211,59.58000183105469,58.59000015258789,58.77000045776367,18543300,0.0,0.0
2025-01-07 00:00:00-05:00,58.970001220703125,59.25,58.650001525878906,58.93000030517578,16863800,0.0,0.0
2025-01-08 00:00:00-05:00,58.88999938964844,59.2400016784668,58.27000045776367,59.20000076293945,14400300,0.0,0.0
2025-01-10 00:00:00-05:00,58.790000915527344,59.060001373291016,58.540000915527344,58.7400016784668,17274500,0.0,0.0
2025-01-13 00:00:00-05:00,58.91999816894531,58.93000030517578,58.16999816894531,58.7599983215332,19340700,0.0,0.0
2025-01-14 00:00:00-05:00,58.970001220703125,59.34000015258789,58.75,59.33000183105469,16715500,0.0,0.0
2025-01-15 00:00:00-05:00,59.86000061035156,60.34000015258789,59.59000015258789,59.97999954223633,19185100,0.0,0.0
2025-01-16 00:00:00-05:00,60.18000030517578,60.45000076293945,59.779998779296875,59.81999969482422,18445700,0.0,0.0
2025-01-17 00:00:00-05:00,60.7599983215332,60.95000076293945,60.20000076293945,60.22999954223633,23876400,0.0,0.0
2025-01-21 00:00:00-05:00,60.470001220703125,61.33000183105469,60.279998779296875,61.029998779296875,18623800,0.0,0.0
2025-01-22 00:00:00-05:00,61.040000915527344,61.7599983215332,60.9900016784668,61.630001068115234,19436600,0.0,0.0
2025-01-23 00:00:00-05:00,61.79999923706055,62.31999969482422,61.380001068115234,62.22999954223633,14212000,0.0,0.0
2025-01-24 00:00:00-05:00,62.060001373291016,62.290000915527344,61.86000061035156,62.22999954223633,17232900,0.0,0.0
2025-01-27 00:00:00-05:00,61.38999938964844,61.459999084472656,58.7599983215332,59.08000183105469,33730300,0.0,0.0
2025-01-28 00:00:00-05:00,59.02000045776367,59.560001373291016,58.91999816894531,59.43000030517578,25473300,0.0,0.0
2025-01-29 00:00:00-05:00,59.95000076293945,60.540000915527344,59.5099983215332,59.54999923706055,17925300,0.0,0.0
2025-01-30 00:00:00-05:00,60.470001220703125,61.08000183105469,60.25,60.470001220703125,17079000,0.0,0.0
2025-01-31 00:00:00-05:00,60.529998779296875,61.189998626708984,60.459999084472656,60.599998474121094,16555700,0.0,0.0
2025-02-03 00:00:00-05:00,60.189998626708984,61.2599983215332,59.54999923706055,61.040000915527344,20375700,0.0,0.0
2025-02-04 00:00:00-05:00,60.84000015258789,61.59000015258789,60.72999954223633,61.34000015258789,12742700,0.0,0.0
2025-02-05 00:00:00-05:00,61.45000076293945,62.709999084472656,61.29999923706055,62.56999969482422,18997400,0.0,0.0
2025-02-06 00:00:00-05:00,62.81999969482422,62.90999984741211,62.06999969482422,62.27000045776367,15521800,0.0,0.0
2025-02-07 00:00:00-05:00,62.7400016784668,63.25,62.209999084472656,62.27000045776367,23861000,0.0,0.0
2025-02-10 00:00:00-05:00,63.119998931884766,63.150001525878906,62.380001068115234,62.810001373291016,15816200,0.0,0.0
2025-02-11 00:00:00-05:00,62.529998779296875,62.79999923706055,62.18000030517578,62.43000030517578,17702500,0.0,0.0
2025-02-12 00:00:00-05:00,61.439998626708984,62.560001373291016,61.20000076293945,62.529998779296875,30116300,0.0,0.0
2025-02-13 00:00:00-05:00,66.0999984741211,66.5,62.720001220703125,63.84000015258789,43257700,0.0,0.0
2025-02-14 00:00:00-05:00,63.790000915527344,65.06999969482422,63.439998626708984,64.87000274658203,23693300,0.0,0.0
2025-02-18 00:00:00-05:00,65.30000305175781,66.25,64.43000030517578,64.58999633789062,22047500,0.0,0.0
2025-02-19 00:00:00-05:00,64.5199966430664,64.95999908447266,64.29000091552734,64.83999633789062,14164100,0.0,0.0
2025-02-20 00:00:00-05:00,64.95999908447266,65.2300033569336,64.2699966430664,64.66999816894531,14836600,0.0,0.0
2025-02-21 00:00:00-05:00,64.68000030517578,64.95999908447266,63.880001068115234,63.97999954223633,18905800,0.0,0.0
2025-02-24 00:00:00-05:00,64.43000030517578,64.58000183105469,63.150001525878906,63.2400016784668,17287500,0.0,0.0
2025-02-25 00:00:00-05:00,64.5999984741211,64.63999938964844,63.31999969482422,64.2699966430664,22100100,0.0,0.0
2025-02-26 00:00:00-05:00,64.05000305175781,64.77999877929688,63.939998626708984,64.08000183105469,13452300,0.0,0.0
2025-02-27 00:00:00-05:00,64.7699966430664,65.29000091552734,63.75,63.810001373291016,24695600,0.0,0.0
2025-02-28 00:00:00-05:00,63.93000030517578,64.16000366210938,62.83000183105469,64.11000061035156,26711800,0.0,0.0
2025-03-03 00:00:00-05:00,64.38999938964844,64.87999725341797,63.189998626708984,63.47999954223633,21810700,0.0,0.0
2025-03-04 00:00:00-05:00,63.7400016784668,63.90999984741211,62.61000061035156,63.2599983215332,24588300,0.0,0.0
2025-03-05 00:00:00-05:00,63.22999954223633,64.18000030517578,62.79999923706055,63.959999084472656,14931500,0.0,0.0
2025-03-06 00:00:00-05:00,63.79999923706055,64.0199966430664,62.7599983215332,63.40999984741211,23155100,0.0,0.0
2025-03-07 00:00:00-05:00,62.900001525878906,64.16999816894531,62.189998626708984,63.939998626708984,21154800,0.0,0.0
2025-03-10 00:00:00-04:00,63.47999954223633,63.689998626708984,61.68000030517578,62.060001373291016,27417600,0.0,0.0
2025-03-11 00:00:00-04:00,62.279998779296875,62.380001068115234,60.529998779296875,60.66999816894531,25787400,0.0,0.0
2025-03-12 00:00:00-04:00,60.959999084472656,61.18000030517578,60.25,60.459999084472656,18935300,0.0,0.0
2025-03-13 00:00:00-04:00,60.40999984741211,60.4900016784668,59.22999954223633,59.66999816894531,16463300,0.0,0.0
2025-03-14 00:00:00-04:00,60.31999969482422,60.619998931884766,59.91999816894531,60.5,16250700,0.0,0.0
2025-03-17 00:00:00-04:00,60.400001525878906,61.209999084472656,60.34000015258789,60.88999938964844,15335800,0.0,0.0
2025-03-18 00:00:00-04:00,60.66999816894531,60.79999923706055,59.66999816894531,60.29999923706055,16669000,0.0,0.0
2025-03-19 00:00:00-04:00,60.630001068115234,61.58000183105469,60.5,61.119998931884766,15488800,0.0,0.0
2025-03-20 00:00:00-04:00,60.47999954223633,61.02000045776367,60.34000015258789,60.619998931884766,16528600,0.0,0.0
2025-03-21 00:00:00-04:00,60.16999816894531,60.400001525878906,59.43000030517578,60.29999923706055,65935200,0.0,0.0
2025-03-24 00:00:00-04:00,61.040000915527344,61.380001068115234,60.880001068115234,60.970001220703125,28335600,0.0,0.0
2025-03-25 00:00:00-04:00,60.84000015258789,61.209999084472656,60.70000076293945,60.9900016784668,20877600,0.0,0.0
2025-03-26 00:00:00-04:00,61.029998779296875,61.84000015258789,61.0099983215332,61.79999923706055,30621200,0.0,0.0
