Date,Open,High,Low,Close,Volume,Dividends,Stock Splits
2005-04-01 00:00:00-05:00,30.284068185373513,31.164600372314453,30.284068185373513,31.164600372314453,4329000,0.0,0.0
2005-04-04 00:00:00-04:00,31.44763182232398,31.8627404664081,30.780941163955706,31.152023315429688,5164500,0.0,0.0
2005-04-05 00:00:00-04:00,31.03882457082578,31.296695163153423,30.346977342414522,30.485347747802734,3765300,0.0,0.0
2005-04-06 00:00:00-04:00,30.6362923904247,31.126877239203964,30.284080334061287,30.812400817871094,3502100,0.0,0.0
2005-04-07 00:00:00-04:00,31.13316204503143,31.321847395754496,30.227470922002066,30.65515899658203,3736900,0.0,0.0
2005-04-08 00:00:00-04:00,30.221182877021995,30.409868245390975,29.49159769320122,29.497888565063477,3890000,0.0,0.0
2005-04-11 00:00:00-04:00,29.504170508348277,29.799779039575377,29.22743218926732,29.692855834960938,3668800,0.0,0.0
2005-04-12 00:00:00-04:00,29.57335747465178,29.64883113000387,28.969563433306533,29.082775115966797,3442200,0.0,0.0
2005-04-13 00:00:00-04:00,29.089059127473153,29.328061798584656,28.554450351862982,28.592185974121094,3686500,0.0,0.0
2005-04-14 00:00:00-04:00,28.931814106856436,29.510449237347178,28.585890722387987,28.636205673217773,4259600,0.0,0.0
2005-04-15 00:00:00-04:00,28.554444117718685,28.60475906949912,27.296539132784176,27.6173038482666,5496900,0.0,0.0
2005-04-18 00:00:00-04:00,27.04498321018862,28.089045256750854,27.03240386031851,27.988412857055664,3768800,0.0,0.0
2005-04-19 00:00:00-04:00,28.296580184991416,28.868926988502455,28.21481567041444,28.573318481445312,3751300,0.0,0.0
2005-04-20 00:00:00-04:00,28.33433059060579,28.66767729352326,27.730536320088905,27.77456283569336,4805900,0.0,0.0
2005-04-21 00:00:00-04:00,27.7997117373808,28.85635253820536,27.749394366263292,28.762008666992188,3244800,0.0,0.0
2005-04-22 00:00:00-04:00,28.661368616254148,29.258874041636517,28.466392454504295,28.982135772705078,2834500,0.0,0.0
2005-04-25 00:00:00-04:00,29.164517352751602,29.686548911134174,29.164517352751602,29.655101776123047,2905100,0.0,0.0
2005-04-26 00:00:00-04:00,29.655129015511267,29.831235052743885,29.359520396500958,29.416126251220703,3185700,0.0,0.0
2005-04-27 00:00:00-04:00,29.151952456704365,29.403534459917196,28.49155269735043,28.768293380737305,3230200,0.0,0.0
2005-04-28 00:00:00-04:00,28.52300226879985,28.554451821318555,27.994681936623238,28.30286979675293,3740600,0.0,0.0
2005-04-29 00:00:00-04:00,28.667664853428473,28.906665148921828,28.063868445658866,28.409791946411133,3895400,0.0,0.0
2005-05-02 00:00:00-04:00,28.409782985830482,29.246290954010973,28.063859594184102,29.221132278442383,2601000,0.0,0.0
2005-05-03 00:00:00-04:00,28.460096768356863,28.749414303328074,27.862591494472447,28.28399085998535,4149900,0.0,0.0
2005-05-04 00:00:00-04:00,27.202201700004757,28.321736632263622,27.202201700004757,28.183368682861328,4432000,0.0,0.0
2005-05-05 00:00:00-04:00,28.460116253994194,28.906672198399086,28.051295944783426,28.50414276123047,2885900,0.0,0.0
2005-05-06 00:00:00-04:00,28.680242385947547,28.86893011684344,27.94436887280456,28.00726318359375,2347600,0.0,0.0
2005-05-09 00:00:00-04:00,28.126757695382786,28.52928692763828,28.08273121055881,28.47896957397461,2567500,0.0,0.0
2005-05-10 00:00:00-04:00,28.302867636288674,28.44752644962916,27.76196800424628,27.862600326538086,3116300,0.0,0.0
2005-05-11 00:00:00-04:00,27.868900516693532,28.397220985232046,27.611029954625007,28.321744918823242,3371800,0.0,0.0
2005-05-12 00:00:00-04:00,28.32173436781735,28.32173436781735,26.84998521083722,26.919170379638672,4600600,0.0,0.0
2005-05-13 00:00:00-04:00,27.070113978275092,27.23364055932414,26.107815099895284,26.315370559692383,4684500,0.0,0.0
2005-05-16 00:00:00-04:00,26.271346991807714,26.849982157316738,25.535471297373423,26.724193572998047,3960500,0.0,0.0
2005-05-17 00:00:00-04:00,26.353134586218438,27.472670282777848,26.353134586218438,27.372037887573242,3107700,0.0,0.0
2005-05-18 00:00:00-04:00,27.535550236311593,28.045002820314025,26.938047051705848,27.25252342224121,2873000,0.0,0.0
2005-05-19 00:00:00-04:00,27.126726188238386,27.963231894872827,27.107855978823583,27.887758255004883,2135800,0.0,0.0
2005-05-20 00:00:00-04:00,27.89405310678076,27.89405310678076,27.21478539404182,27.25252342224121,2905300,0.0,0.0
2005-05-23 00:00:00-04:00,27.19592091251308,28.051294729815783,27.044971180480488,27.799715042114258,3566800,0.0,0.0
2005-05-24 00:00:00-04:00,27.850018349236027,28.17707396553158,27.68020087158659,28.120468139648438,2141500,0.0,0.0
2005-05-25 00:00:00-04:00,28.12048603144387,28.76830920634575,27.837456721949373,28.529306411743164,2532200,0.0,0.0
2005-05-26 00:00:00-04:00,28.434939965334188,28.56073093641071,28.29657205648691,28.447519302368164,2538400,0.0,0.0
2005-05-27 00:00:00-04:00,28.44751775159132,29.31547276551441,28.44751775159132,29.277734756469727,1825600,0.0,0.0
2005-05-31 00:00:00-04:00,29.114223917198952,29.164538890521417,28.724271477444027,28.868932723999023,2371200,0.0,0.0
2005-06-01 00:00:00-04:00,28.963265306392113,29.61108808359893,28.749421337081216,29.52932357788086,2149500,0.0,0.0
2005-06-02 00:00:00-04:00,29.535621195021406,29.78091238887823,29.252591971623378,29.479015350341797,2164600,0.0,0.0
2005-06-03 00:00:00-04:00,29.309186533316634,29.824927408849337,29.284030255904486,29.548189163208008,2296900,0.0,0.0
2005-06-06 00:00:00-04:00,29.71172340104018,30.063935339546095,29.61109107585794,30.013620376586914,2222800,0.0,0.0
2005-06-07 00:00:00-04:00,30.07023248349865,30.214891331176666,29.4790153503418,29.479015350341797,2409300,0.0,0.0
2005-06-08 00:00:00-04:00,29.479006469993458,30.31551454501482,29.416112172302324,29.906694412231445,3342500,0.0,0.0
2005-06-09 00:00:00-04:00,30.038775643642143,30.428727989905575,29.887828360600132,30.296646118164062,2535000,0.0,0.0
2005-06-10 00:00:00-04:00,30.265208384363046,30.435025930071188,29.667702738189497,29.91928482055664,3197000,0.0,0.0
2005-06-13 00:00:00-04:00,29.9224237468957,30.382283865586967,29.853129328467137,30.300390243530273,2380500,0.075,0.0
2005-06-14 00:00:00-04:00,30.237379769555357,30.457859702487948,30.086191813365122,30.445262908935547,2447600,0.0,0.0
2005-06-15 00:00:00-04:00,30.60906143863516,30.772846262112424,30.3381845973422,30.64055824279785,3131800,0.0,0.0
2005-06-16 00:00:00-04:00,30.741367048791865,30.99964483560118,30.61537735699509,30.98074722290039,2974000,0.0,0.0
2005-06-17 00:00:00-04:00,31.434290126419594,31.434290126419594,30.77914604804769,31.018526077270508,5442800,0.0,0.0
2005-06-20 00:00:00-04:00,31.163422296395456,31.415399197215265,30.873645376026204,31.30830955505371,4799900,0.0,0.0
2005-06-21 00:00:00-04:00,31.24532173352707,31.421708253783393,30.772862216973415,30.78546142578125,3288300,0.0,0.0
2005-06-22 00:00:00-04:00,31.02481461608993,31.308290560197456,30.615349096484476,31.24529457092285,4747300,0.0,0.0
2005-06-23 00:00:00-04:00,31.308308948493536,32.66269107217396,31.25791212747431,32.59339904785156,9551500,0.0,0.0
2005-06-24 00:00:00-04:00,32.59339545562188,32.66898827576669,31.906754464754442,32.26582336425781,4538900,0.0,0.0
2005-06-27 00:00:00-04:00,32.4422218885472,32.95247905907798,32.27213616503694,32.776092529296875,2852500,0.0,0.0
2005-06-28 00:00:00-04:00,32.221722365196136,32.435903991667224,31.598075087131132,31.717763900756836,4202900,0.0,0.0
2005-06-29 00:00:00-04:00,31.642185516059886,32.06425056196378,31.37130855901565,31.679983139038086,2526700,0.0,0.0
2005-06-30 00:00:00-04:00,31.591771626936524,32.38550199609034,31.591771626936524,31.925642013549805,3033900,0.0,0.0
2005-07-01 00:00:00-04:00,32.44220013494039,33.36822098543859,31.969740909674268,33.19813537597656,3086500,0.0,0.0
2005-07-05 00:00:00-04:00,33.27375133924344,34.155676801488774,33.26745293586541,34.06118392944336,2946600,0.0,0.0
2005-07-06 00:00:00-04:00,34.143078969206904,34.43285359735879,33.33674633023369,33.48163604736328,3381600,0.0,0.0
2005-07-07 00:00:00-04:00,33.19813787702078,34.470628441302566,33.07844665964965,34.34463882446289,2963700,0.0,0.0
2005-07-08 00:00:00-04:00,34.521035044155646,34.57773027161406,33.544619373974484,34.03597640991211,2746100,0.0,0.0
2005-07-11 00:00:00-04:00,33.67060472881792,34.38874258273842,33.519416673915,34.28165054321289,2617100,0.0,0.0
2005-07-12 00:00:00-04:00,34.43913091349466,34.85489739024721,34.40133570873693,34.804500579833984,2640800,0.0,0.0
2005-07-13 00:00:00-04:00,34.89270373755717,35.018693400771284,34.08637373787157,34.28795623779297,3800500,0.0,0.0
2005-07-14 00:00:00-04:00,34.269067327275806,34.565140347464926,33.078467230919586,33.280052185058594,3760200,0.0,0.0
2005-07-15 00:00:00-04:00,33.37452618901184,33.70209827368308,32.725682822999936,32.8642692565918,3556900,0.0,0.0
2005-07-18 00:00:00-04:00,32.75718391005867,32.870574354299244,32.265826920384654,32.59339904785156,2189000,0.0,0.0
2005-07-19 00:00:00-04:00,32.59968497740531,33.336720179951364,32.56818817784426,33.32412338256836,2068500,0.0,0.0
2005-07-20 00:00:00-04:00,33.51310698117943,33.58869978163449,32.851664570331195,33.43121337890625,2019000,0.0,0.0
2005-07-21 00:00:00-04:00,33.14145081227329,33.63280779531454,32.99026275430917,33.273738861083984,1891500,0.0,0.0
2005-07-22 00:00:00-04:00,33.544616185596695,34.8234054796576,33.52571857925772,34.81080627441406,2665500,0.0,0.0
2005-07-25 00:00:00-04:00,34.71632451959548,35.2769760763199,34.49584197728651,34.817115783691406,2750700,0.0,0.0
2005-07-26 00:00:00-04:00,35.150975055588084,35.251766287168344,34.773008537925236,35.075382232666016,2116500,0.0,0.0
2005-07-27 00:00:00-04:00,35.18247186488457,35.276964695826535,34.60922128469949,35.075382232666016,2622600,0.0,0.0
2005-07-28 00:00:00-04:00,34.917900611002786,35.34626400520905,34.83600697306701,35.283267974853516,2403200,0.0,0.0
2005-07-29 00:00:00-04:00,35.440757411111136,35.79352800145614,35.302170938840604,35.33366775512695,2439100,0.0,0.0
2005-08-01 00:00:00-04:00,35.46596004606409,35.843929095640405,35.34627116871093,35.67384338378906,1686600,0.0,0.0
2005-08-02 00:00:00-04:00,35.89431722675908,36.70064721277268,35.83132359774661,36.39827346801758,2745500,0.0,0.0
2005-08-03 00:00:00-04:00,36.5998506828142,37.223498093472216,36.070696105091585,36.28487777709961,2909200,0.0,0.0
2005-08-04 00:00:00-04:00,36.28487618548072,36.95891798189921,36.28487618548072,36.32267379760742,2308600,0.0,0.0
2005-08-05 00:00:00-04:00,36.48016905010882,36.83923804131047,35.869120723337964,36.35417938232422,2408800,0.0,0.0
2005-08-08 00:00:00-04:00,37.066002496341895,37.70854735384859,37.066002496341895,37.3179817199707,2866300,0.0,0.0
2005-08-09 00:00:00-04:00,37.412469276828524,37.48176367820088,36.66283486836315,36.94001007080078,2741800,0.0,0.0
2005-08-10 00:00:00-04:00,37.418782184234445,37.79674871011457,37.12270688369506,37.77785110473633,2737100,0.0,0.0
2005-08-11 00:00:00-04:00,37.79674777624591,38.00463104248047,37.57626770877214,38.00463104248047,3382200,0.0,0.0
2005-08-12 00:00:00-04:00,38.048720000034415,38.086515202848126,37.55106233653598,37.69594955444336,1960000,0.0,0.0
2005-08-15 00:00:00-04:00,37.48177599721086,37.53847121669009,36.94002221175436,37.04081344604492,1938300,0.0,0.0
2005-08-16 00:00:00-04:00,37.04711111760243,37.10380633228812,35.96360363829909,35.96990203857422,2868300,0.0,0.0
2005-08-17 00:00:00-04:00,35.96990953990354,36.78884112349229,34.943099464202604,35.1005859375,3815600,0.0,0.0
2005-08-18 00:00:00-04:00,34.691117742074105,35.52894687543124,34.67851853671692,35.30216598510742,3020900,0.0,0.0
2005-08-19 00:00:00-04:00,35.74942731569322,36.47386601106493,35.74312891447859,36.31637954711914,2644900,0.0,0.0
2005-08-22 00:00:00-04:00,36.50536222511132,36.946324797544996,36.27228293514528,36.65024948120117,2898400,0.0,0.0
2005-08-23 00:00:00-04:00,36.87073454979396,37.04082023942579,36.17779498734101,36.6817512512207,2559200,0.0,0.0
2005-08-24 00:00:00-04:00,36.89593913665365,37.425093903021214,36.62506214892661,36.97783279418945,2813600,0.0,0.0
2005-08-25 00:00:00-04:00,36.85183279072087,37.17310412180959,36.751041549295714,37.097511291503906,1812300,0.0,0.0
2005-08-26 00:00:00-04:00,36.97781874361906,37.17940120630097,36.33527374267578,36.33527374267578,2248200,0.0,0.0
2005-08-29 00:00:00-04:00,36.454960099515525,37.60146117918621,36.234480046906675,36.71323776245117,2737700,0.0,0.0
2005-08-30 00:00:00-04:00,37.02821400028094,37.544769373038285,37.02821400028094,37.368385314941406,2716600,0.0,0.0
2005-08-31 00:00:00-04:00,37.368388769527265,38.357403591948945,37.229799909323305,38.28181076049805,3944900,0.0,0.0
2005-09-01 00:00:00-04:00,38.42669091630754,39.29601672792456,38.38889330604512,39.20782470703125,4309800,0.0,0.0
2005-09-02 00:00:00-04:00,39.05664347974741,39.06294188102996,38.061327863411094,38.26291275024414,2250800,0.0,0.0
2005-09-06 00:00:00-04:00,38.42040403325216,38.91805950076637,38.017236612087466,38.88026428222656,2225000,0.0,0.0
2005-09-07 00:00:00-04:00,39.025149326347865,39.655095231848065,38.7668716012149,39.251930236816406,3119400,0.0,0.0
2005-09-08 00:00:00-04:00,39.88187969285068,40.10865822045554,39.37162259887019,39.692893981933594,2480300,0.0,0.0
2005-09-09 00:00:00-04:00,40.31653838736924,40.84569064677263,40.303939180756835,40.52442169189453,3539400,0.0,0.0
2005-09-12 00:00:00-04:00,40.44252053202076,40.51181495809783,39.29602171194188,39.850372314453125,2893300,0.0,0.0
2005-09-13 00:00:00-04:00,39.86613072983267,40.320230764731114,39.45618144802,39.538169860839844,2852600,0.075,0.0
2005-09-14 00:00:00-04:00,39.76523382861007,40.22563990066507,39.531877853657335,39.676937103271484,2339600,0.0,0.0
2005-09-15 00:00:00-04:00,39.89136655987545,40.09318830098662,39.15345627004493,39.481414794921875,2828000,0.0,0.0
2005-09-16 00:00:00-04:00,39.60755782774904,39.878756269788965,39.2417567887054,39.355281829833984,3786800,0.0,0.0
2005-09-19 00:00:00-04:00,40.5220742975204,41.45550318452807,40.40224094269745,41.108619689941406,3975200,0.0,0.0
2005-09-20 00:00:00-04:00,41.121229833008705,41.562718337126405,40.60406115981642,41.455501556396484,3767100,0.0,0.0
2005-09-21 00:00:00-04:00,42.88717014538444,42.89347842947758,41.87806122197287,42.36369323730469,4474000,0.0,0.0
2005-09-22 00:00:00-04:00,42.72948669667271,43.32864362599809,40.90678277824651,41.953731536865234,4079900,0.0,0.0
2005-09-23 00:00:00-04:00,41.953730331454125,41.953730331454125,40.54728649328805,40.83109664916992,3106800,0.0,0.0
2005-09-26 00:00:00-04:00,40.2004095328687,42.02941945699721,40.17518121244912,41.87174606323242,3627000,0.0,0.0
2005-09-27 00:00:00-04:00,42.571828346784564,42.571828346784564,41.54379926118101,42.433074951171875,2390500,0.0,0.0
2005-09-28 00:00:00-04:00,42.559194236464144,43.37278451650404,41.99156919426623,43.328636169433594,2641800,0.0,0.0
2005-09-29 00:00:00-04:00,43.44848200477548,44.369294089413565,43.32864868020815,44.26207733154297,4473600,0.0,0.0
2005-09-30 00:00:00-04:00,44.11701673261352,44.369295142623,43.26558130916566,43.290809631347656,2453900,0.0,0.0
2005-10-03 00:00:00-04:00,43.58091686315816,44.016096887736076,43.29079845070928,43.61245346069336,2182100,0.0,0.0
2005-10-04 00:00:00-04:00,43.555703415499835,43.56201169952209,41.62578232042332,41.86544418334961,2970300,0.0,0.0
2005-10-05 00:00:00-04:00,41.68884551014188,42.54028089782341,39.82830133662261,39.84722137451172,5028500,0.0,0.0
2005-10-06 00:00:00-04:00,38.9453355548722,40.35809048623036,37.90468999873609,39.002098083496094,5721600,0.0,0.0
2005-10-07 00:00:00-04:00,39.15975270650589,40.313920359877464,39.13452439347263,39.9859619140625,3342400,0.0,0.0
2005-10-10 00:00:00-04:00,39.985980043110224,40.02382012391189,38.70567024409896,38.98948287963867,3159000,0.0,0.0
2005-10-11 00:00:00-04:00,39.38681619870748,41.089689417075405,39.35528199957024,40.522064208984375,4023500,0.0,0.0
2005-10-12 00:00:00-04:00,40.6166760847002,40.742812902591695,39.44989127195926,39.91029739379883,3180100,0.0,0.0
2005-10-13 00:00:00-04:00,39.582313625524755,39.60754193696606,36.95862938323399,38.10649108886719,5957500,0.0,0.0
2005-10-14 00:00:00-04:00,37.7217871222935,39.279598762531606,37.0343309648765,39.121925354003906,3703100,0.0,0.0
2005-10-17 00:00:00-04:00,39.5634160233728,40.143655485939234,39.5634160233728,39.73370361328125,3204500,0.0,0.0
2005-10-18 00:00:00-04:00,39.12822482295138,39.22913568543998,37.26767854028226,37.400123596191406,5116000,0.0,0.0
2005-10-19 00:00:00-04:00,37.51366509943046,38.339874803123166,36.59915865300381,38.245269775390625,5177100,0.0,0.0
2005-10-20 00:00:00-04:00,38.156966998690784,38.156966998690784,35.709874887765864,36.27750015258789,5782900,0.0,0.0
2005-10-21 00:00:00-04:00,36.28379740452968,37.368591027887,35.848619742229396,36.655906677246094,4731500,0.0,0.0
2005-10-24 00:00:00-04:00,36.53608329353413,38.33986751533444,36.13874562085304,38.030826568603516,3615100,0.0,0.0
2005-10-25 00:00:00-04:00,38.2200259368447,38.92009612142841,37.70285744850274,38.72458267211914,4085900,0.0,0.0
2005-10-26 00:00:00-04:00,38.674119838813816,39.25435902903584,37.84160472728588,38.31462478637695,3932800,0.0,0.0
2005-10-27 00:00:00-04:00,38.40923591407546,38.81287937755592,36.542381286621094,36.542381286621094,3872400,0.0,0.0
2005-10-28 00:00:00-04:00,36.5486804949087,38.365078035508155,36.044126290826696,38.09387969970703,4505800,0.0,0.0
2005-10-31 00:00:00-05:00,38.09389009922511,38.91379120542695,37.450582411185394,38.081275939941406,4207000,0.0,0.0
2005-11-01 00:00:00-05:00,37.92361243642707,37.92991831475909,37.21723376796512,37.8353157043457,4861000,0.0,0.0
2005-11-02 00:00:00-05:00,37.99297795002398,38.409235568733685,37.097391918312304,37.683937072753906,6061700,0.0,0.0
2005-11-03 00:00:00-05:00,38.087590056760455,39.26068065898586,37.841619912275526,39.02732467651367,4071700,0.0,0.0
2005-11-04 00:00:00-05:00,39.027325392101936,39.03363127027123,36.89558009097014,37.166778564453125,4670100,0.0,0.0
2005-11-07 00:00:00-05:00,37.02171603979679,37.0280219174095,35.77924883633858,36.02521896362305,4817900,0.0,0.0
2005-11-08 00:00:00-05:00,36.201804065653576,37.103695868538956,35.6657132033339,36.78834915161133,4696700,0.0,0.0
2005-11-09 00:00:00-05:00,36.7189756805115,37.21722170807666,36.0125972409448,36.353172302246094,4884800,0.0,0.0
2005-11-10 00:00:00-05:00,36.01261227794378,36.018920562771186,34.0637684879677,34.41695785522461,5602700,0.0,0.0
2005-11-11 00:00:00-05:00,34.637689947815446,35.186395089741254,34.322343160646376,34.71968078613281,3065400,0.0,0.0
2005-11-14 00:00:00-05:00,35.27468064718148,35.31882899094782,34.12681889744802,34.56199645996094,3559400,0.0,0.0
2005-11-15 00:00:00-05:00,34.688147816743026,36.51085192616888,34.56200861622839,35.50804901123047,4740100,0.0,0.0
2005-11-16 00:00:00-05:00,35.58373326913323,37.4127457492108,35.54589319130469,37.12262725830078,5464300,0.0,0.0
2005-11-17 00:00:00-05:00,37.829002214487204,37.829002214487204,36.63699168360942,36.99018096923828,4711200,0.0,0.0
2005-11-18 00:00:00-05:00,37.14784844086072,37.17938263495862,36.66221415285768,36.96494674682617,3568000,0.0,0.0
2005-11-21 00:00:00-05:00,37.431671540467754,38.28310951103422,37.00279961586515,38.1948127746582,3706600,0.0,0.0
2005-11-22 00:00:00-05:00,38.629976222229644,39.47510559418482,38.45338281510325,39.32373809814453,2764800,0.0,0.0
2005-11-23 00:00:00-05:00,39.32373464854505,39.355271244969465,38.47860535072723,38.71196365356445,3212800,0.0,0.0
2005-11-25 00:00:00-05:00,38.62997283348909,38.894862920941705,38.38400277916752,38.71196365356445,1125300,0.0,0.0
2005-11-28 00:00:00-05:00,38.56691427377122,38.57322015111922,37.08478288285591,37.41905212402344,3945800,0.0,0.0
2005-11-29 00:00:00-05:00,38.005596334386325,38.2263405440686,37.475813599416185,38.06235885620117,3327400,0.0,0.0
2005-11-30 00:00:00-05:00,37.532581791777524,38.4029397891333,37.400136689501046,37.9677619934082,5601800,0.0,0.0
2005-12-01 00:00:00-05:00,38.283099499257,39.12822896426126,38.07496947002449,39.03993225097656,3917300,0.0,0.0
2005-12-02 00:00:00-05:00,39.20391689781423,39.60125456802904,38.699362462726945,39.28590774536133,3072600,0.0,0.0
2005-12-05 00:00:00-05:00,39.733695452884476,40.11211063769277,39.33005194751427,39.56340789794922,3755000,0.0,0.0
2005-12-06 00:00:00-05:00,40.36440225930125,40.83111431311714,39.65802589341712,40.395938873291016,4329700,0.0,0.0
2005-12-07 00:00:00-05:00,40.64820098876953,41.34827127649136,40.30762826996054,40.64820098876953,4645800,0.0,0.0
2005-12-08 00:00:00-05:00,40.64189601512399,41.84651825612219,40.64189601512399,41.714073181152344,4191200,0.0,0.0
2005-12-09 00:00:00-05:00,41.6257831228454,41.63209140698926,40.64190251608492,41.18429946899414,3538400,0.0,0.0
2005-12-12 00:00:00-05:00,42.21232117118158,42.578124599550314,41.65100427432374,41.87174606323242,3846800,0.0,0.0
2005-12-13 00:00:00-05:00,42.5820808179899,43.18823083460248,42.09589483084352,42.30426025390625,4318600,0.075,0.0
2005-12-14 00:00:00-05:00,42.30426650144745,42.9230474444927,41.60971980591903,42.84096145629883,3571800,0.0,0.0
2005-12-15 00:00:00-05:00,42.71467882500029,42.77150313515132,41.477121847880085,41.84333419799805,3786300,0.0,0.0
2005-12-16 00:00:00-05:00,41.89384700032031,41.906477836026475,40.44792461611536,40.51737976074219,4646800,0.0,0.0
2005-12-19 00:00:00-05:00,40.85202936344054,41.041453382878075,39.9049213093852,40.2079963684082,3006200,0.0,0.0
2005-12-20 00:00:00-05:00,40.207997203213,41.1487922668457,40.17011191681362,41.1487922668457,3146400,0.0,0.0
2005-12-21 00:00:00-05:00,41.18035456989854,41.67285113068267,40.536316900217855,40.74468231201172,2684700,0.0,0.0
2005-12-22 00:00:00-05:00,41.07301280808788,41.117211089828004,40.334265625840956,40.53000259399414,2545500,0.0,0.0
2005-12-23 00:00:00-05:00,39.89859619167113,40.39109515040784,39.10302465621318,40.32164001464844,2142200,0.0,0.0
2005-12-27 00:00:00-05:00,39.93649232543125,39.94280533556845,38.74944650363542,39.10934829711914,2804500,0.0,0.0
2005-12-28 00:00:00-05:00,39.336651032200514,40.315331286375496,39.210369165197804,39.747066497802734,2643000,0.0,0.0
2005-12-29 00:00:00-05:00,39.6081627279362,40.27113962813052,39.27351777258491,39.40611267089844,1969900,0.0,0.0
2005-12-30 00:00:00-05:00,39.115655736180884,39.99962390127545,38.82520915659093,39.48818588256836,2071100,0.0,0.0
2006-01-03 00:00:00-05:00,39.627104032662764,41.03514141660688,39.53239442360248,40.84572219848633,4101200,0.0,0.0
2006-01-04 00:00:00-05:00,40.84570845367822,41.83701696174696,40.41003620927641,41.666534423828125,5681000,0.0,0.0
2006-01-05 00:00:00-05:00,41.66654580450466,41.67286122321781,40.60578187158717,41.1487922668457,5543500,0.0,0.0
2006-01-06 00:00:00-05:00,41.8307188038062,42.40530155550629,41.60341187096371,42.04539489746094,3472000,0.0,0.0
2006-01-09 00:00:00-05:00,42.367404763291525,42.367404763291525,41.5844615055476,41.95698928833008,3030600,0.0,0.0
2006-01-10 00:00:00-05:00,41.956974188223576,42.68309287225153,41.80543792580282,42.020118713378906,3526400,0.0,0.0
2006-01-11 00:00:00-05:00,41.735985706463595,41.79912541876208,40.750992706303734,41.2813720703125,3972700,0.0,0.0
2006-01-12 00:00:00-05:00,41.357164571369324,42.36109953646883,41.14879907463983,41.35084915161133,4503600,0.0,0.0
2006-01-13 00:00:00-05:00,41.34453021642924,41.70443199403842,40.99093904005239,41.445552825927734,3253400,0.0,0.0
2006-01-17 00:00:00-05:00,42.30428449507406,42.72101557999444,41.988580879439176,42.63261413574219,2951500,0.0,0.0
2006-01-18 00:00:00-05:00,42.58838902657222,42.607335278083845,40.965673655875705,41.622337341308594,3326500,0.0,0.0
2006-01-19 00:00:00-05:00,41.62234722417777,43.1061526729503,41.281386874788055,43.0998420715332,4178700,0.0,0.0
2006-01-20 00:00:00-05:00,43.554461780982294,44.17955343106076,42.601035757046894,42.853599548339844,4426900,0.0,0.0
2006-01-23 00:00:00-05:00,42.76517782472273,43.18190374091556,42.03905915773052,42.904083251953125,3993500,0.0,0.0
2006-01-24 00:00:00-05:00,42.27269662355885,43.213496519765776,42.24112916398505,42.752567291259766,3010500,0.0,0.0
2006-01-25 00:00:00-05:00,42.84096135062621,42.87253362558487,40.441617788605136,41.07302474975586,4634100,0.0,0.0
2006-01-26 00:00:00-05:00,41.19931752518603,41.23720041357285,39.84179115669072,40.80153274536133,5154500,0.0,0.0
2006-01-27 00:00:00-05:00,41.35714314019403,42.05168961879283,40.953043195654686,41.331886291503906,3382100,0.0,0.0
2006-01-30 00:00:00-05:00,41.51500848192622,43.18823792411604,41.51500848192622,42.74625015258789,2871400,0.0,0.0
2006-01-31 00:00:00-05:00,42.27901661809963,43.2703255203615,42.247449155109386,43.068275451660156,3141300,0.0,0.0
2006-02-01 00:00:00-05:00,43.56707028812613,43.7564942597578,41.49605670316099,41.666534423828125,4704100,0.0,0.0
2006-02-02 00:00:00-05:00,41.489734557906,42.045370731467074,40.713106998113304,41.2119140625,5330100,0.0,0.0
2006-02-03 00:00:00-05:00,41.04777344345728,41.23088206502011,40.28376908660504,40.63104248046875,3644000,0.0,0.0
2006-02-06 00:00:00-05:00,41.028811262500184,42.083259341026896,41.02249584639644,41.458168029785156,4003000,0.0,0.0
2006-02-07 00:00:00-05:00,40.72574240527199,40.73205782269252,38.88834854193731,39.20405197143555,5274300,0.0,0.0
2006-02-08 00:00:00-05:00,39.21035551163557,39.462919157695,38.08013933751452,38.831512451171875,5010900,0.0,0.0
2006-02-09 00:00:00-05:00,39.05252094239871,39.904921814783926,37.25301200396296,37.39823532104492,5592600,0.0,0.0
2006-02-10 00:00:00-05:00,37.84022569038126,37.84022569038126,36.362733058334584,37.2025032043457,5593200,0.0,0.0
2006-02-13 00:00:00-05:00,37.36033436490006,37.473987766881756,36.43848113427119,36.62158966064453,4301100,0.0,0.0
2006-02-14 00:00:00-05:00,36.46375099400587,37.37929154397891,35.73763204539331,37.101470947265625,6086500,0.0,0.0
2006-02-15 00:00:00-05:00,37.366666041313984,37.71393940576548,36.242762364447735,36.80471420288086,5090500,0.0,0.0
2006-02-16 00:00:00-05:00,36.89941963708825,38.43373864951125,36.89941963708825,38.174861907958984,4538200,0.0,0.0
2006-02-17 00:00:00-05:00,38.547396369072715,38.98938174507416,38.11172641182035,38.33271789550781,3136700,0.0,0.0
2006-02-21 00:00:00-05:00,39.77862554963937,40.09432892701746,39.00830853807663,39.26718521118164,3554200,0.0,0.0
2006-02-22 00:00:00-05:00,38.35797758102417,39.20406310878607,37.65711538305235,37.884422302246094,3683100,0.0,0.0
2006-02-23 00:00:00-05:00,37.852856556009584,38.692626756047304,37.290904616016874,37.89073944091797,4708700,0.0,0.0
2006-02-24 00:00:00-05:00,38.57898016705942,38.755775826473396,38.38324547043925,38.503211975097656,3102200,0.0,0.0
2006-02-27 00:00:00-05:00,38.509516995234634,38.63579647818875,37.676057474251635,37.80865478515625,3474700,0.0,0.0
2006-02-28 00:00:00-05:00,37.505569881326316,37.70761989156081,36.861534570469075,37.019386291503906,5363100,0.0,0.0
2006-03-01 00:00:00-05:00,37.3287778823048,37.61291148903893,36.98781996285018,37.360347747802734,4423800,0.0,0.0
2006-03-02 00:00:00-05:00,37.25300088143531,38.357962771986365,37.25300088143531,38.19379806518555,4711500,0.0,0.0
2006-03-03 00:00:00-05:00,37.91598435094844,38.59790496785984,37.91598435094844,38.39585494995117,2653400,0.0,0.0
2006-03-06 00:00:00-05:00,38.01071111060422,38.086479294585054,36.4195647952438,36.64055633544922,4541500,0.0,0.0
2006-03-07 00:00:00-05:00,36.64053328821097,36.75418669700673,35.50400160887891,35.996498107910156,4279700,0.0,0.0
2006-03-08 00:00:00-05:00,35.478751422508715,36.552143591230625,35.106221270088355,36.32483673095703,4561400,0.0,0.0
2006-03-09 00:00:00-05:00,36.73525559339647,36.93730561947958,35.781829774729594,35.80077362060547,3808200,0.0,0.0
2006-03-10 00:00:00-05:00,35.579788694652635,36.11648616838934,34.91681172933261,35.88917922973633,4477000,0.0,0.0
2006-03-13 00:00:00-05:00,36.517416073341245,37.580293219044414,36.314963513533485,37.40947341918945,4558300,0.113,0.0
2006-03-14 00:00:00-05:00,37.45374848738363,38.38376389975026,37.11843457526719,38.24457931518555,3604700,0.0,0.0
2006-03-15 00:00:00-05:00,38.17497589140505,38.36477475804848,37.776396582057345,38.20028305053711,2734700,0.0,0.0
2006-03-16 00:00:00-05:00,38.16233167699278,39.03540957391685,37.858652933154865,38.72540283203125,3649400,0.0,0.0
2006-03-17 00:00:00-05:00,38.92785459292152,38.92785459292152,38.14967737401271,38.27621078491211,2958400,0.0,0.0
2006-03-20 00:00:00-05:00,38.27622853649953,38.28255412393732,37.01089866752434,37.26396560668945,3907700,0.0,0.0
2006-03-21 00:00:00-05:00,37.01720393180817,38.00416155658325,36.81475145699644,37.169044494628906,3752000,0.0,0.0
2006-03-22 00:00:00-05:00,37.023537876293474,38.10539391486432,36.71353111689065,36.86537170410156,4882300,0.0,0.0
2006-03-23 00:00:00-05:00,37.18169097750432,38.168648413856126,37.14373024069038,37.864967346191406,3735200,0.0,0.0
2006-03-24 00:00:00-05:00,37.9282400937358,39.225201933030284,37.915586513178816,38.567230224609375,4071400,0.0,0.0
2006-03-27 00:00:00-05:00,38.56725313836122,38.57358113911119,37.77009639705052,38.345821380615234,3319100,0.0,0.0
2006-03-28 00:00:00-05:00,38.592548110314205,39.56685236314071,38.535608188696436,39.09235382080078,3542100,0.0,0.0
2006-03-29 00:00:00-05:00,38.77601155787351,40.016033519329845,38.77601155787351,39.864192962646484,3070200,0.0,0.0
2006-03-30 00:00:00-05:00,39.86419158847213,40.26909892119546,39.307448531146974,39.57949447631836,3549900,0.0,0.0
2006-03-31 00:00:00-05:00,39.19355302672662,39.35171909833292,38.276189328725515,38.7000732421875,3905200,0.0,0.0
2006-04-03 00:00:00-04:00,39.383382269474474,39.8578808510344,39.00378436959636,39.086029052734375,3543000,0.0,0.0
2006-04-04 00:00:00-04:00,38.46601495480324,39.573178228086206,38.12437542268264,39.30113220214844,3999900,0.0,0.0
2006-04-05 00:00:00-04:00,39.49091157459901,39.74397830563983,38.69375547463991,39.592140197753906,2893300,0.0,0.0
2006-04-06 00:00:00-04:00,39.73134086732,39.908488616378406,38.62417769275776,38.9278564453125,3966800,0.0,0.0
2006-04-07 00:00:00-04:00,38.56090877870097,38.68744218442437,37.42843853828366,37.833343505859375,4853000,0.0,0.0
2006-04-10 00:00:00-04:00,38.58621260604226,39.09866935544596,38.187633257176444,38.65580368041992,3463000,0.0,0.0
2006-04-11 00:00:00-04:00,39.07335265685265,39.396012855464306,38.21293109187566,38.25721740722656,2968900,0.0,0.0
2006-04-12 00:00:00-04:00,38.05478914476747,38.52928775049561,37.649881640602686,37.95988845825195,3022400,0.0,0.0
2006-04-13 00:00:00-04:00,37.6435465299138,38.45968450449002,36.979249132658964,38.02947235107422,3574300,0.0,0.0
2006-04-17 00:00:00-04:00,38.750713828983606,39.15561886080386,38.434381471195984,39.11766052246094,2557200,0.0,0.0
2006-04-18 00:00:00-04:00,39.35174454467521,40.566462015074194,39.35174454467521,40.345027923583984,4639300,0.0,0.0
2006-04-19 00:00:00-04:00,39.990730263155406,41.21810117705878,39.95909751467237,40.93339920043945,3646100,0.0,0.0
2006-04-20 00:00:00-04:00,41.281362284784734,41.281362284784734,39.326428709933836,40.01603317260742,4530500,0.0,0.0
2006-04-21 00:00:00-04:00,40.17420856778012,40.74360776481917,39.845222633204706,40.58544158935547,5208500,0.0,0.0
2006-04-24 00:00:00-04:00,40.490557510726056,40.490557510726056,39.130326878979986,39.56053924560547,3475100,0.0,0.0
2006-04-25 00:00:00-04:00,39.819914787534906,40.3766603914412,38.50397348507599,39.16194534301758,3794100,0.0,0.0
2006-04-26 00:00:00-04:00,39.16194564741927,39.63644416941503,37.58660949248669,37.90926742553711,5737000,0.0,0.0
2006-04-27 00:00:00-04:00,37.39047161494747,38.453348185939,36.73250235805752,37.66251754760742,4062900,0.0,0.0
2006-04-28 00:00:00-04:00,37.934571688570344,38.744384078577546,37.61191378022054,38.02947235107422,3986700,0.0,0.0
2006-05-01 00:00:00-04:00,38.491326082320555,38.90888474894296,38.263566370812946,38.453365325927734,3320000,0.0,0.0
2006-05-02 00:00:00-04:00,38.908883232355336,40.28176462048409,38.864596891668896,39.72502136230469,5740300,0.0,0.0
2006-05-03 00:00:00-04:00,39.41499326076441,40.36398989985227,39.12396820399905,39.914798736572266,6116400,0.0,0.0
2006-05-04 00:00:00-04:00,39.509917850577004,40.0666635589019,38.73806601040554,39.26950454711914,4813200,0.0,0.0
2006-05-05 00:00:00-04:00,39.79461211136551,40.15523081102952,39.484605334648954,40.022369384765625,3703600,0.0,0.0
2006-05-08 00:00:00-04:00,38.908890876131466,39.92115373843316,38.693784716214225,39.807273864746094,2985300,0.0,0.0
2006-05-09 00:00:00-04:00,39.807267197063695,40.06666207634419,39.01011062820226,39.44032287597656,4414300,0.0,0.0
2006-05-10 00:00:00-04:00,39.22519736373581,39.92112731933594,38.91519070976126,39.92112731933594,3948200,0.0,0.0
2006-05-11 00:00:00-04:00,40.31971648973193,40.53482255998577,39.22520697190106,39.522560119628906,4727600,0.0,0.0
2006-05-12 00:00:00-04:00,39.029088439391124,39.16194987409187,37.68151422914762,37.801719665527344,5506900,0.0,0.0
2006-05-15 00:00:00-04:00,37.48537788527884,37.49170346942889,36.15678317876511,36.78944778442383,5105200,0.0,0.0
2006-05-16 00:00:00-04:00,37.20068280724379,37.453749645334085,36.416179953327486,37.11211013793945,4531200,0.0,0.0
2006-05-17 00:00:00-04:00,36.75147978307164,37.23230372653227,35.30267754294169,35.68227767944336,5224200,0.0,0.0
2006-05-18 00:00:00-04:00,36.061878189364634,36.33392413018286,34.9483896791082,35.074920654296875,4995100,0.0,0.0
2006-05-19 00:00:00-04:00,35.207786781333816,36.4035225172376,34.70165315872094,36.13780212402344,7320700,0.0,0.0
2006-05-22 00:00:00-04:00,35.33431393289938,36.542703119365,34.461238596981445,36.27698516845703,4961200,0.0,0.0
2006-05-23 00:00:00-04:00,36.78945114286536,37.453748556764715,35.334320486274954,35.57473373413086,4226000,0.0,0.0
2006-05-24 00:00:00-04:00,34.92308649857856,35.789836327199836,33.891842521988224,34.480220794677734,6877200,0.0,0.0
2006-05-25 00:00:00-04:00,35.1128945470696,35.827806409102145,34.53084412022863,35.50514602661133,3846400,0.0,0.0
2006-05-26 00:00:00-04:00,35.58739087018917,36.39087536255815,35.28371209104115,36.07454299926758,2276100,0.0,0.0
2006-05-30 00:00:00-04:00,36.63127164473053,36.82107049199075,35.45451541292457,35.52410888671875,2391100,0.0,0.0
2006-05-31 00:00:00-04:00,35.53044805590195,36.32127889975075,35.20146213524994,36.28964614868164,4637800,0.0,0.0
2006-06-01 00:00:00-04:00,35.90371298973604,36.97924320074768,35.6506462059367,36.27698516845703,3734800,0.0,0.0
2006-06-02 00:00:00-04:00,36.47312018559749,36.84006444922454,35.92902816841065,36.73883819580078,3883500,0.0,0.0
2006-06-05 00:00:00-04:00,37.200673755511815,37.33986072393669,35.479827880859375,35.479827880859375,3687200,0.0,0.0
2006-06-06 00:00:00-04:00,35.42920418980142,36.28330011115064,35.176137480219346,35.86574172973633,4317900,0.0,0.0
2006-06-07 00:00:00-04:00,35.549426364301254,35.65065261332936,34.16389162821202,34.252464294433594,5212300,0.0,0.0
2006-06-08 00:00:00-04:00,33.689395788012405,34.68267918906389,32.95550482137389,34.537166595458984,7544700,0.0,0.0
2006-06-09 00:00:00-04:00,34.85349058404434,34.85349058404434,33.34142267712366,33.58816146850586,5203500,0.0,0.0
2006-06-12 00:00:00-04:00,33.60715367923607,34.0373659386014,32.80366908934567,32.835304260253906,4752800,0.0,0.0
2006-06-13 00:00:00-04:00,32.34897069176487,32.672332522578344,31.030156154957734,31.131603240966797,8023500,0.113,0.0
2006-06-14 00:00:00-04:00,31.277455954469882,33.10350468544859,31.144304602649676,33.0844841003418,6890900,0.0,0.0
2006-06-15 00:00:00-04:00,33.57268523828158,34.92320184615078,33.47757751512704,34.65056228637695,6735600,0.0,0.0
2006-06-16 00:00:00-04:00,34.23843856017199,34.872483718693694,33.49026507962115,34.60618591308594,4935500,0.0,0.0
2006-06-19 00:00:00-04:00,34.39695360264108,34.4032929906942,33.059117785206844,33.141544342041016,4194700,0.0,0.0
2006-06-20 00:00:00-04:00,33.21129977262208,33.84534519254168,32.98304303446041,33.05912780761719,3686900,0.0,0.0
2006-06-21 00:00:00-04:00,33.19225786382952,34.53009332501389,33.14787490320453,33.96579360961914,3847300,0.0,0.0
2006-06-22 00:00:00-04:00,33.92141312220375,34.32720160246961,33.68681711055446,34.09260559082031,2419200,0.0,0.0
2006-06-23 00:00:00-04:00,35.842579807045,36.01377232719905,35.27194049188903,35.30364227294922,6423300,0.0,0.0
2006-06-26 00:00:00-04:00,35.5065182973975,35.89962550131416,34.83442975889707,35.867923736572266,4333700,0.0,0.0
2006-06-27 00:00:00-04:00,36.14058104117861,36.70488095465561,35.70309066772461,35.70309066772461,4329000,0.0,0.0
2006-06-28 00:00:00-04:00,35.88061336068107,36.102528184729586,35.43044190693111,35.67771911621094,4035100,0.0,0.0
2006-06-29 00:00:00-04:00,36.337133935226,36.98386037667787,35.823556415007864,36.89509201049805,4254500,0.0,0.0
2006-06-30 00:00:00-04:00,37.72568850360369,38.67675628100546,37.70032611572061,38.302669525146484,6283000,0.0,0.0
2006-07-03 00:00:00-04:00,39.272743945285775,39.272743945285775,38.67674255371094,38.67674255371094,2308400,0.0,0.0
2006-07-05 00:00:00-04:00,38.68308520496172,39.22836430349936,38.20755144489142,39.01913070678711,3883500,0.0,0.0
2006-07-06 00:00:00-04:00,39.01914011545591,39.35518327962148,38.63237217701385,39.01279830932617,3486500,0.0,0.0
2006-07-07 00:00:00-04:00,39.46930496853062,40.16675356676362,38.568962144677485,38.65138626098633,5708700,0.0,0.0
2006-07-10 00:00:00-04:00,38.74015516555314,39.02547594814327,38.08075009085503,38.49287796020508,3009700,0.0,0.0
2006-07-11 00:00:00-04:00,38.75283452560847,39.27909310180152,38.270961330110886,38.905006408691406,3197800,0.0,0.0
2006-07-12 00:00:00-04:00,38.96208306654844,39.18399794779438,38.22659063610225,38.391441345214844,3999100,0.0,0.0
2006-07-13 00:00:00-04:00,38.61334562235357,38.67040977524138,37.846149251597424,37.96027755737305,4318100,0.0,0.0
2006-07-14 00:00:00-04:00,38.42946770908721,38.94304260941648,37.35159072893672,38.91768264770508,3695800,0.0,0.0
2006-07-17 00:00:00-04:00,38.518245605834764,38.740160456663794,37.40866651430866,37.87786102294922,4497900,0.0,0.0
2006-07-18 00:00:00-04:00,38.28997278068617,38.4611652013358,37.23111891284406,37.744693756103516,3956700,0.0,0.0
2006-07-19 00:00:00-04:00,37.605211430399464,38.289978801991914,37.472060136495806,38.09976577758789,2836300,0.0,0.0
2006-07-20 00:00:00-04:00,38.20121948540928,38.42313431577374,37.40866306455017,37.440364837646484,2906200,0.0,0.0
2006-07-21 00:00:00-04:00,38.03001055709576,38.03635236018581,36.26102481048707,36.35613250732422,4058200,0.0,0.0
2006-07-24 00:00:00-04:00,36.54636149913511,38.03636903002302,36.48929733976169,37.941261291503906,3352500,0.0,0.0
2006-07-25 00:00:00-04:00,38.35973245023747,39.2981190034054,38.15683819110335,38.72113800048828,3887100,0.0,0.0
2006-07-26 00:00:00-04:00,38.72747862301614,41.035402564150175,38.67675385043768,40.45207977294922,5464400,0.0,0.0
2006-07-27 00:00:00-04:00,40.99102655610223,40.99102655610223,39.69123185306486,39.94485092163086,4918400,0.0,0.0
2006-07-28 00:00:00-04:00,39.94484465480512,40.420378519743274,39.551737337022864,40.1667594909668,2605200,0.0,0.0
2006-07-31 00:00:00-04:00,40.67399560530055,41.092462871015734,40.29990888600709,40.984676361083984,3408400,0.0,0.0
2006-08-01 00:00:00-04:00,41.136850454815274,41.65676732052077,40.674000172021124,41.060768127441406,4440200,0.0,0.0
2006-08-02 00:00:00-04:00,41.815283681729895,42.791713979421004,41.24464680781382,41.6884765625,4943300,0.0,0.0
2006-08-03 00:00:00-04:00,40.67399397815731,41.28267669136232,40.42037497164351,40.75007629394531,2982500,0.0,0.0
2006-08-04 00:00:00-04:00,40.794466174025416,41.098810000919826,39.88144436810422,40.10335922241211,3031500,0.0,0.0
2006-08-07 00:00:00-04:00,40.38867896797783,41.0163847684559,40.04629398589888,40.67399978637695,2604200,0.0,0.0
2006-08-08 00:00:00-04:00,40.67399111839017,40.724715883602535,39.849730614518684,39.95751953125,4360800,0.0,0.0
2006-08-09 00:00:00-04:00,40.0209274216679,41.206591122523136,40.01458803467186,40.287227630615234,4879200,0.0,0.0
2006-08-10 00:00:00-04:00,40.04629246591926,40.38233562889549,39.653185141429105,40.29991149902344,4135900,0.0,0.0
2006-08-11 00:00:00-04:00,40.36963890619474,40.43938423440365,39.81802050288067,40.14772415161133,2672700,0.0,0.0
2006-08-14 00:00:00-04:00,39.58344104917993,39.77365412073106,38.626031466424266,39.26641845703125,3844800,0.0,0.0
2006-08-15 00:00:00-04:00,39.45027941289377,39.55172651290327,38.77819086364978,39.336151123046875,4043700,0.0,0.0
2006-08-16 00:00:00-04:00,39.247390927304686,39.91947715571495,38.746494739900434,38.86696243286133,3513200,0.0,0.0
2006-08-17 00:00:00-04:00,38.645047098654004,38.664067676575556,38.074405574107885,38.1314697265625,3962800,0.0,0.0
2006-08-18 00:00:00-04:00,38.289985780421674,38.61335015766319,37.79543134309967,38.58164596557617,3454000,0.0,0.0
2006-08-21 00:00:00-04:00,38.91135127805436,39.11424553829372,38.423136208512645,38.60700988769531,2425200,0.0,0.0
2006-08-22 00:00:00-04:00,38.68310055853623,39.5327213104961,38.67676117010932,39.46297836303711,3820000,0.0,0.0
2006-08-23 00:00:00-04:00,39.37419225203039,39.46929996641327,38.70844550741918,38.930362701416016,2485100,0.0,0.0
2006-08-24 00:00:00-04:00,39.088874564106646,39.697557173447,38.803553835137826,39.665855407714844,2565400,0.0,0.0
2006-08-25 00:00:00-04:00,40.16675657494276,40.61059105242528,39.79901167047374,39.91947937011719,3686600,0.0,0.0
2006-08-28 00:00:00-04:00,39.27910614013672,39.67855534946912,39.15229659858935,39.27910614013672,2518400,0.0,0.0
2006-08-29 00:00:00-04:00,39.09522564899963,39.72293144057161,39.025480292303804,39.4376106262207,3742300,0.0,0.0
2006-08-30 00:00:00-04:00,39.43761580858565,39.60246651260064,38.23292884244038,38.752845764160156,4096100,0.0,0.0
2006-08-31 00:00:00-04:00,38.67042256170594,40.084343241120116,38.39778289872523,39.621490478515625,5055300,0.0,0.0
2006-09-01 00:00:00-04:00,40.38867896797783,40.80080688905172,40.268208834270176,40.67399978637695,4039600,0.0,0.0
2006-09-05 00:00:00-04:00,42.92485133087087,47.39487122038798,42.791702440369455,45.740013122558594,25269200,0.0,0.0
2006-09-06 00:00:00-04:00,45.96827914318619,46.09508625414594,43.749120839722025,43.755462646484375,14663500,0.0,0.0
2006-09-07 00:00:00-04:00,43.40671629864879,44.92208332826862,43.178459731750664,44.29438018798828,9386500,0.0,0.0
2006-09-08 00:00:00-04:00,44.3831697538086,44.70019239490723,42.658565812250984,42.836097717285156,6908700,0.0,0.0
2006-09-11 00:00:00-04:00,42.32885100959598,42.41761693404533,41.11782258158258,41.726505279541016,9796900,0.0,0.0
2006-09-12 00:00:00-04:00,41.68847135829207,42.322516550053166,40.553529884553996,41.339744567871094,7970500,0.0,0.0
2006-09-13 00:00:00-04:00,41.95140553520595,43.12642495445639,41.7672125685026,42.472225189208984,8655400,0.113,0.0
2006-09-14 00:00:00-04:00,42.49124872338735,42.76436157094519,40.80811163242751,41.11298370361328,7199600,0.0,0.0
2006-09-15 00:00:00-04:00,41.189207756903016,42.33882505040029,40.903394060260965,41.65286636352539,7548900,0.0,0.0
2006-09-18 00:00:00-04:00,41.65287506155307,42.66275485663297,41.35435567182877,42.453155517578125,6203400,0.0,0.0
2006-09-19 00:00:00-04:00,42.55476812844143,42.61828173858204,40.44608428963933,40.852577209472656,7651800,0.0,0.0
2006-09-20 00:00:00-04:00,40.61758353803122,40.94150690287871,39.17580195672406,39.3282356262207,8652400,0.0,0.0
2006-09-21 00:00:00-04:00,39.34093377369216,40.192029324685045,39.213906539753154,39.73472595214844,7187600,0.0,0.0
2006-09-22 00:00:00-04:00,40.007833249354064,40.01418364100377,38.426319210805204,38.654972076416016,7653600,0.0,0.0
2006-09-25 00:00:00-04:00,38.10873818587397,38.92807663836346,37.06709972978888,38.508880615234375,9021400,0.0,0.0
2006-09-26 00:00:00-04:00,38.36281671098559,39.277426015371766,38.19767740560991,38.839176177978516,9551900,0.0,0.0
2006-09-27 00:00:00-04:00,39.36635207497614,39.87446843280827,38.312009723890775,39.48067855834961,9224200,0.0,0.0
2006-09-28 00:00:00-04:00,39.48066596034755,40.27459827327514,39.06782018846955,39.188499450683594,7478700,0.0,0.0
2006-09-29 00:00:00-04:00,38.90903500616431,40.31905961564431,38.90903500616431,40.10946273803711,5010800,0.0,0.0
2006-10-02 00:00:00-04:00,40.07771417108597,40.26825992147508,38.864585331109936,39.06148147583008,5838000,0.0,0.0
2006-10-03 00:00:00-04:00,38.12145880929747,38.508898212226626,37.53712329686137,37.60063934326172,7406500,0.0,0.0
2006-10-04 00:00:00-04:00,37.759432062840425,38.978911280513756,37.187799665249905,38.80107116699219,7560000,0.0,0.0
2006-10-05 00:00:00-04:00,39.72838129510427,39.82365416301238,39.0932353034227,39.537837982177734,5995800,0.0,0.0
2006-10-06 00:00:00-04:00,39.53782576382892,39.76012582306435,38.74389351957532,39.63309860229492,4722100,0.0,0.0
2006-10-09 00:00:00-04:00,40.01420499073968,40.4079949011282,38.99161936442502,39.09324264526367,5178700,0.0,0.0
2006-10-10 00:00:00-04:00,39.099589197542116,40.68110382647913,39.06147956475083,40.45880126953125,7618300,0.0,0.0
2006-10-11 00:00:00-04:00,40.141220017605576,40.617579426620935,39.696617417946726,39.798240661621094,5595600,0.0,0.0
2006-10-12 00:00:00-04:00,39.99513067403956,40.59851722872161,39.77282819657191,40.420677185058594,4556800,0.0,0.0
2006-10-13 00:00:00-04:00,40.68110085932762,41.710034217857945,40.57947517929645,41.10664749145508,4615300,0.0,0.0
2006-10-16 00:00:00-04:00,41.34799946007592,42.68180495637922,40.99231928660275,42.56113052368164,5440400,0.0,0.0
2006-10-17 00:00:00-04:00,42.70087574887102,42.7770901819165,41.82437100260531,42.23721694946289,4869900,0.0,0.0
2006-10-18 00:00:00-04:00,42.40233303208141,42.853285948033225,41.614748787020126,42.19273376464844,4821700,0.0,0.0
2006-10-19 00:00:00-04:00,42.542078302173145,43.564658834109366,42.23720611088412,43.4058723449707,5719600,0.0,0.0
2006-10-20 00:00:00-04:00,43.52019574077444,43.55830779060882,42.21179671322444,42.80248260498047,5161500,0.0,0.0
2006-10-23 00:00:00-04:00,42.796118921534614,42.9676109877943,41.72272589838543,42.24989318847656,4188300,0.0,0.0
2006-10-24 00:00:00-04:00,42.49126023721149,44.03466491566708,42.20544168444357,43.82506561279297,5126500,0.0,0.0
2006-10-25 00:00:00-04:00,43.72980172105559,44.51738141486714,43.20898218785738,44.0473747253418,5493900,0.0,0.0
2006-10-26 00:00:00-04:00,44.39670892996692,44.39670892996692,43.03749679922964,43.507503509521484,4287200,0.0,0.0
2006-10-27 00:00:00-04:00,43.380447475415764,44.0600530901455,42.6246226423492,42.66908264160156,3466400,0.0,0.0
2006-10-30 00:00:00-05:00,42.03395436659428,42.516666590310116,41.900574313813294,42.10382080078125,3038700,0.0,0.0
2006-10-31 00:00:00-05:00,41.8497687672098,42.453155517578125,41.36070848852783,42.453155517578125,5907600,0.0,0.0
2006-11-01 00:00:00-05:00,42.20544083468637,43.120052431883494,41.71638065027193,42.199092864990234,4865900,0.0,0.0
2006-11-02 00:00:00-05:00,42.01491672261509,43.0311495434142,41.843424556923175,42.580196380615234,3588900,0.0,0.0
2006-11-03 00:00:00-05:00,42.827884577625895,44.142636284646834,42.815183792851876,43.634517669677734,4873500,0.0,0.0
2006-11-06 00:00:00-05:00,43.297890372618134,43.85046899308443,43.15180954432653,43.72978973388672,3634000,0.0,0.0
2006-11-07 00:00:00-05:00,43.44397980275855,43.9457456368623,42.98032117136846,43.33600616455078,4199200,0.0,0.0
2006-11-08 00:00:00-05:00,43.202618943263516,44.301423405021566,43.19627097367121,44.0664176940918,3750400,0.0,0.0
2006-11-09 00:00:00-05:00,44.28871809262481,45.68603689306403,44.23790526641085,45.14616394042969,7153100,0.0,0.0
2006-11-10 00:00:00-05:00,44.96832996767863,45.10805798997133,44.20615200886633,44.517372131347656,4590800,0.0,0.0
2006-11-13 00:00:00-05:00,44.33318409155762,45.05089718709411,43.72979260177558,44.517372131347656,4029300,0.0,0.0
2006-11-14 00:00:00-05:00,44.84130063240671,44.96833272288123,44.10453389076957,44.453861236572266,3187300,0.0,0.0
2006-11-15 00:00:00-05:00,44.777788150619784,45.34306764173835,44.54913522772027,44.860355377197266,3563300,0.0,0.0
2006-11-16 00:00:00-05:00,45.000094010607036,45.349426255748334,43.74250761965739,43.74885559082031,5071900,0.0,0.0
2006-11-17 00:00:00-05:00,43.11370588285304,44.51102989786519,42.783432116848914,44.434810638427734,4606300,0.0,0.0
2006-11-20 00:00:00-05:00,44.43480348619573,44.63804996620194,43.691683997964745,44.01560974121094,3329200,0.0,0.0
2006-11-21 00:00:00-05:00,44.23792578237531,45.679705262952936,44.110893657927456,45.34307861328125,5157800,0.0,0.0
2006-11-22 00:00:00-05:00,45.15888846166845,45.35578705530199,44.24428133794696,44.936588287353516,3948100,0.0,0.0
2006-11-24 00:00:00-05:00,45.158868161234146,45.60347315577944,44.75237521213902,44.75872802734375,1105200,0.0,0.0
2006-11-27 00:00:00-05:00,45.09537885286357,45.41930476200558,44.021980256279356,44.13630676269531,3927900,0.0,0.0
2006-11-28 00:00:00-05:00,44.26332180695024,45.38752798092966,44.26332180695024,44.854007720947266,4181300,0.0,0.0
2006-11-29 00:00:00-05:00,45.158873339066524,46.38470514210821,44.9556268412151,46.19416427612305,5506600,0.0,0.0
2006-11-30 00:00:00-05:00,46.35295189283635,46.97539218777076,45.85753399923411,46.60065841674805,5070300,0.0,0.0
2006-12-01 00:00:00-05:00,46.302141207735914,46.72768783569336,45.61618241158478,46.72768783569336,3547000,0.0,0.0
2006-12-04 00:00:00-05:00,46.607019474466036,46.613372292339136,45.870252511933536,46.410125732421875,2526300,0.0,0.0
2006-12-05 00:00:00-05:00,46.645098996249345,47.16591824557449,46.302119757067885,47.019832611083984,4243700,0.0,0.0
2006-12-06 00:00:00-05:00,47.0134908076987,47.31201011425427,46.5180778503418,46.5180778503418,3471200,0.0,0.0
2006-12-07 00:00:00-05:00,46.57524549939157,46.981738448362336,45.914693245869536,46.77849197387695,3755900,0.0,0.0
2006-12-08 00:00:00-05:00,46.77849893064549,46.89917336277562,45.692399966800906,45.774967193603516,5011600,0.0,0.0
2006-12-11 00:00:00-05:00,45.54631532558459,45.56536892868991,44.60630203667621,45.216041564941406,5514400,0.0,0.0
2006-12-12 00:00:00-05:00,45.3494254553966,45.78767290110001,44.72063227101906,45.10171890258789,5372800,0.0,0.0
2006-12-13 00:00:00-05:00,45.42170250281648,45.85429033059578,44.83007510384629,45.211769104003906,4015600,0.113,0.0
2006-12-14 00:00:00-05:00,45.52347454082817,46.12146474023581,45.33263001262458,45.968788146972656,4550500,0.0,0.0
2006-12-15 00:00:00-05:00,45.9687923018055,46.076938029578955,44.74736488479891,44.963661193847656,4615800,0.0,0.0
2006-12-18 00:00:00-05:00,44.963664663171365,45.020916575174134,43.15061464721732,43.39871597290039,5807000,0.0,0.0
2006-12-19 00:00:00-05:00,42.80708834322598,44.321143199780295,42.62260187210556,44.12393569946289,4797000,0.0,0.0
2006-12-20 00:00:00-05:00,44.39111823532596,44.56288366657462,43.58319946021767,43.69770812988281,4113500,0.0,0.0
2006-12-21 00:00:00-05:00,43.767692655703115,44.04759900523838,43.16970230503222,43.6659049987793,2996900,0.0,0.0
2006-12-22 00:00:00-05:00,43.67226905155891,43.76133082688131,43.13789354612174,43.32874298095703,2094200,0.0,0.0
2006-12-26 00:00:00-05:00,43.576846559812,43.6659083396832,42.53991020645273,42.74348068237305,3014400,0.0,0.0
2006-12-27 00:00:00-05:00,42.81344416854625,43.01065163608577,42.13275516234386,42.93431091308594,3542200,0.0,0.0
2006-12-28 00:00:00-05:00,43.04246241317616,43.25239091232991,42.641679675652306,42.87705993652344,2169800,0.0,0.0
2006-12-29 00:00:00-05:00,42.877066690630706,42.877066690630706,42.3299702115621,42.67349624633789,2707400,0.0,0.0
2007-01-03 00:00:00-05:00,42.00553844789022,42.14549407269216,40.86681432750574,41.261234283447266,6297900,0.0,0.0
2007-01-04 00:00:00-05:00,41.26759528294831,41.26759528294831,40.230656458503795,40.52328872680664,6471600,0.0,0.0
2007-01-05 00:00:00-05:00,40.561455618654314,41.81469078043963,40.55509510287944,41.553863525390625,6938100,0.0,0.0
2007-01-08 00:00:00-05:00,42.46358166166625,42.55264346713321,41.070392934926126,41.74472427368164,4900700,0.0,0.0
2007-01-09 00:00:00-05:00,41.10855541862681,42.120044892372576,40.752303432760826,41.763797760009766,6362300,0.0,0.0
2007-01-10 00:00:00-05:00,41.731985411295796,42.972497064935524,40.61870833555657,41.140357971191406,4381900,0.0,0.0
2007-01-11 00:00:00-05:00,41.343915561219475,42.158197192073565,40.51691047653946,40.707759857177734,5287100,0.0,0.0
2007-01-12 00:00:00-05:00,40.92406148565178,41.96099768838197,40.7586589812738,41.75106430053711,5243200,0.0,0.0
2007-01-16 00:00:00-05:00,41.477515270884886,41.98644380384755,41.07037438591563,41.28030776977539,4402700,0.0,0.0
2007-01-17 00:00:00-05:00,41.337563418626296,42.29815883973206,41.17852386305887,41.79559326171875,4532700,0.0,0.0
2007-01-18 00:00:00-05:00,41.846488019057176,42.2345449315898,41.28667051821605,41.821041107177734,4984900,0.0,0.0
2007-01-19 00:00:00-05:00,42.113662522221425,43.19513415921861,41.91645507256646,43.042457580566406,4503300,0.0,0.0
2007-01-22 00:00:00-05:00,43.34782821092753,43.583208540250595,42.5971611875085,42.80073165893555,4593600,0.0,0.0
2007-01-23 00:00:00-05:00,43.06791998208082,44.5310861838072,43.06791998208082,44.16847610473633,5248300,0.0,0.0
2007-01-24 00:00:00-05:00,43.89490970664974,44.537430758437566,43.417791122881816,44.47381591796875,4192100,0.0,0.0
2007-01-25 00:00:00-05:00,44.422923293806946,44.49290107624696,43.290562601234114,43.40507125854492,3782200,0.0,0.0
2007-01-26 00:00:00-05:00,43.67226808590416,44.0157941489102,43.13153450383086,43.30965805053711,2956100,0.0,0.0
2007-01-29 00:00:00-05:00,43.417799035762954,44.05395726339318,43.16969771526733,43.28420639038086,3094500,0.0,0.0
2007-01-30 00:00:00-05:00,43.53867760205123,44.75373748695938,43.50686774419119,44.645591735839844,4249900,0.0,0.0
2007-01-31 00:00:00-05:00,44.531073592692856,45.10997987907874,44.225715523945006,44.58832550048828,4625100,0.0,0.0
2007-02-01 00:00:00-05:00,44.2575233967644,45.04000007617191,44.16209870120227,44.65194320678711,3884500,0.0,0.0
2007-02-02 00:00:00-05:00,44.912775067885995,44.97003183878206,44.352957510416694,44.785545349121094,2533000,0.0,0.0
2007-02-05 00:00:00-05:00,45.008183479396244,45.319899574902266,44.6582945992868,44.76644515991211,2760800,0.0,0.0
2007-02-06 00:00:00-05:00,45.02729069777726,45.0781845345303,44.25753961752532,44.40385818481445,3466500,0.0,0.0
2007-02-07 00:00:00-05:00,44.27660662572259,44.6519424610648,43.704063315413364,43.98397445678711,3220700,0.0,0.0
2007-02-08 00:00:00-05:00,43.748613300366756,44.04125045061994,43.27149447563313,43.72317123413086,4019000,0.0,0.0
2007-02-09 00:00:00-05:00,43.723155159732215,43.996703379485595,43.112439017513886,43.41779708862305,3219600,0.0,0.0
2007-02-12 00:00:00-05:00,43.099726059504945,43.23331872391112,42.24091330060651,42.50173568725586,4018600,0.0,0.0
2007-02-13 00:00:00-05:00,42.62259581378318,42.826166226514914,42.36813158449313,42.679847717285156,4659800,0.0,0.0
2007-02-14 00:00:00-05:00,42.83890149225444,43.53867956876244,42.71167176207286,42.84526443481445,4867300,0.0,0.0
2007-02-15 00:00:00-05:00,42.7561894579138,42.845251212256,42.01188557369615,42.43174743652344,3631300,0.0,0.0
2007-02-16 00:00:00-05:00,42.20909204258668,42.87706003770169,42.17092410692347,42.42538833618164,3941300,0.0,0.0
2007-02-20 00:00:00-05:00,42.17729199870891,42.17729199870891,41.61746965792112,41.81468200683594,3780600,0.0,0.0
2007-02-21 00:00:00-05:00,41.751072714317566,42.14549265701039,41.382104542737544,42.043704986572266,3718000,0.0,0.0
2007-02-22 00:00:00-05:00,42.23454762004804,42.590794702032895,41.92919436506173,42.253631591796875,3715300,0.0,0.0
2007-02-23 00:00:00-05:00,42.55900131474435,42.60353221214505,41.87194902327314,42.08188247680664,3455200,0.0,0.0
2007-02-26 00:00:00-05:00,42.279084892945114,43.036114910039736,42.279084892945114,42.692588806152344,4237200,0.0,0.0
2007-02-27 00:00:00-05:00,41.8783045961135,42.80709518807653,41.21033639916262,41.7129020690918,5248800,0.0,0.0
2007-02-28 00:00:00-05:00,42.43811442519173,42.45084030759828,41.286669596004224,41.79559326171875,5061800,0.0,0.0
2007-03-01 00:00:00-05:00,41.254881440122524,42.21548221992638,40.96861203094811,41.69383239746094,4823900,0.0,0.0
2007-03-02 00:00:00-05:00,41.693815614873365,41.77651444671248,40.78410905063244,41.00040054321289,4359100,0.0,0.0
2007-03-05 00:00:00-05:00,40.077965182402416,41.13399008673067,40.04615775887767,40.40240478515625,4836300,0.0,0.0
2007-03-06 00:00:00-05:00,40.809550231667075,41.22305403977399,40.516915610094784,41.05128860473633,5624800,0.0,0.0
2007-03-07 00:00:00-05:00,41.095826894061744,42.15821013377451,40.904982308339484,41.502967834472656,4542600,0.0,0.0
2007-03-08 00:00:00-05:00,41.763785577706976,41.910099241461324,41.03220269842996,41.184879302978516,4377600,0.0,0.0
2007-03-09 00:00:00-05:00,41.54113118492747,41.72561278644352,41.03220269842996,41.184879302978516,3065400,0.0,0.0
2007-03-12 00:00:00-04:00,40.955874441000766,41.051299167964835,40.56781987066753,40.936790466308594,4405200,0.0,0.0
2007-03-13 00:00:00-04:00,40.82202725965129,41.402195852642464,40.18448192093655,40.343868255615234,4673200,0.14,0.0
2007-03-14 00:00:00-04:00,40.35661756318176,40.917658115933065,40.03784490876161,40.80927658081055,4127000,0.0,0.0
2007-03-15 00:00:00-04:00,40.86664756369483,41.319304085479374,40.53512619002306,40.94953155517578,3520800,0.0,0.0
2007-03-16 00:00:00-04:00,41.108929619596786,41.599837438442904,40.873036070024526,41.05154800415039,4939900,0.0,0.0
2007-03-19 00:00:00-04:00,41.41495694839365,41.77198088785225,41.20456575660425,41.55521774291992,3527500,0.0,0.0
2007-03-20 00:00:00-04:00,41.55521650269306,41.95049646964382,41.38945330828322,41.918617248535156,2993000,0.0,0.0
2007-03-21 00:00:00-04:00,42.046122026507064,42.58803957018401,41.81660526694848,42.307518005371094,3745600,0.0,0.0
2007-03-22 00:00:00-04:00,42.63903740540956,43.435969207825835,42.492404677652964,43.123573303222656,4954500,0.0,0.0
2007-03-23 00:00:00-04:00,43.30845576718469,43.44233970683102,42.74104079550429,43.12994384765625,3130100,0.0,0.0
2007-03-26 00:00:00-04:00,43.359451985519286,44.1818859070187,43.021553795525485,44.1563835144043,6269600,0.0,0.0
2007-03-27 00:00:00-04:00,44.156396075424325,44.51341994541929,43.8694977249623,44.46879196166992,4702800,0.0,0.0
2007-03-28 00:00:00-04:00,44.65367832394574,44.90869744490815,44.009756137934815,44.207393646240234,5690100,0.0,0.0
2007-03-29 00:00:00-04:00,44.596298636813735,44.76843861813201,44.23927477050231,44.660057067871094,4796200,0.0,0.0
2007-03-30 00:00:00-04:00,44.481556141563296,44.7110729558219,44.016150558935145,44.13090896606445,3762900,0.0,0.0
2007-04-02 00:00:00-04:00,44.188265015906595,44.87681513579318,44.18189306478372,44.69830322265625,2964700,0.0,0.0
2007-04-03 00:00:00-04:00,44.60265512665111,45.125441920116366,44.232877797007035,45.00430679321289,3364000,0.0,0.0
2007-04-04 00:00:00-04:00,44.83857724165894,45.62913231839109,44.5771812457223,45.55900192260742,4437500,0.0,0.0
2007-04-05 00:00:00-04:00,45.50159955204667,45.97975841922801,45.201952550359664,45.826744079589844,4122700,0.0,0.0
2007-04-09 00:00:00-04:00,46.540805601345866,47.229355673513176,46.17740498504942,46.50892639160156,5965500,0.0,0.0
2007-04-10 00:00:00-04:00,46.55992428042199,47.38235815626172,46.50891949802485,47.305850982666016,4254600,0.0,0.0
2007-04-11 00:00:00-04:00,47.21023264991274,47.53537725930693,46.75757119463581,46.827701568603516,5481900,0.0,0.0
2007-04-12 00:00:00-04:00,47.10820418828633,47.9433866620466,46.878687577101665,47.784000396728516,4122400,0.0,0.0
2007-04-13 00:00:00-04:00,47.720279002094166,47.90516777807206,47.24211988410909,47.87966537475586,3004900,0.0,0.0
2007-04-16 00:00:00-04:00,47.89876453940795,48.00077409640246,47.07633072645245,47.618247985839844,3061600,0.0,0.0
2007-04-17 00:00:00-04:00,47.74575577837349,47.88601648928608,46.591800616183775,46.88507080078125,3912200,0.0,0.0
2007-04-18 00:00:00-04:00,46.7256941081143,46.770322083106244,46.31766551844952,46.73207092285156,4542100,0.0,0.0
2007-04-19 00:00:00-04:00,46.547196884407605,46.57269928731308,45.66738100846968,45.890525817871094,3462100,0.0,0.0
2007-04-20 00:00:00-04:00,46.21566282894722,46.94246416664639,46.21566282894722,46.89146423339844,4873700,0.0,0.0
2007-04-23 00:00:00-04:00,46.897839265448305,47.324998391064526,46.528066620707754,46.73845291137695,3847500,0.0,0.0
2007-04-24 00:00:00-04:00,46.75118908805991,46.96795211390292,46.26027657692466,46.49617004394531,3019300,0.0,0.0
2007-04-25 00:00:00-04:00,46.98708749889804,48.00078707322624,46.78945000889491,47.69476318359375,3963600,0.0,0.0
2007-04-26 00:00:00-04:00,47.42063720348185,47.63102840655775,46.751217281085744,46.897850036621094,3883900,0.0,0.0
2007-04-27 00:00:00-04:00,46.64919611419212,47.165611199795,46.47706099504811,46.85321044921875,2323500,0.0,0.0
2007-04-30 00:00:00-04:00,46.75757758725313,47.382374223272556,46.38142813371323,46.45793533325195,3228400,0.0,0.0
2007-05-01 00:00:00-04:00,46.45792299773993,46.763941986469824,46.037140808131156,46.59817886352539,2653400,0.0,0.0
2007-05-02 00:00:00-04:00,46.87871354757283,47.720273300107074,46.85958796339247,47.34412384033203,3122700,0.0,0.0
2007-05-03 00:00:00-04:00,47.24211316497546,48.62558551553032,47.14648038216285,48.427947998046875,4378100,0.0,0.0
2007-05-04 00:00:00-04:00,48.702095236134326,49.17387749459476,48.325945765437865,48.4088249206543,3867500,0.0,0.0
2007-05-07 00:00:00-04:00,48.40880812905336,48.69570152874469,48.07728675909707,48.35780334472656,2086200,0.0,0.0
2007-05-08 00:00:00-04:00,47.94338422446059,48.1346496787509,47.388723162367285,48.07089614868164,2711600,0.0,0.0
2007-05-09 00:00:00-04:00,48.0645417164225,48.13467209137778,47.089098146334244,47.59913635253906,3537600,0.0,0.0
2007-05-10 00:00:00-04:00,47.46524427364625,47.784016914474186,46.52805679544308,46.77669906616211,3290000,0.0,0.0
2007-05-11 00:00:00-04:00,46.94246888043978,47.95616865686609,46.85958972451489,47.82228469848633,2870900,0.0,0.0
2007-05-14 00:00:00-04:00,47.66288307661384,48.6064472994591,47.61187829049136,48.45343780517578,3596300,0.0,0.0
2007-05-15 00:00:00-04:00,48.619208690921475,48.631957457445594,47.68839308394411,47.835025787353516,3394400,0.0,0.0
2007-05-16 00:00:00-04:00,47.84139378496346,48.75308364207773,47.01895986932185,47.873268127441406,3493500,0.0,0.0
2007-05-17 00:00:00-04:00,47.84777071639038,49.154735499206474,47.586374841376745,48.816837310791016,3573100,0.0,0.0
2007-05-18 00:00:00-04:00,47.73302673124609,49.71579335101732,47.72664991518433,49.69666290283203,3486400,0.0,0.0
2007-05-21 00:00:00-04:00,49.945301629136196,50.856991696923664,49.8241713171948,50.39158630371094,4616300,0.0,0.0
2007-05-22 00:00:00-04:00,50.232203272311494,50.640231944242124,49.88792816835401,49.93255615234375,2701400,0.0,0.0
2007-05-23 00:00:00-04:00,50.091941378470075,50.35970927639027,49.486275200209825,49.62015914916992,3025700,0.0,0.0
2007-05-24 00:00:00-04:00,49.639283325040395,50.04731197622934,48.2813134263102,48.62558364868164,2933600,0.0,0.0
2007-05-25 00:00:00-04:00,49.02085290538235,49.314123130841345,48.47256361219426,48.83596420288086,2191800,0.0,0.0
2007-05-29 00:00:00-04:00,48.797702842363755,48.867833192928266,48.00714827537111,48.504432678222656,2578500,0.0,0.0
2007-05-30 00:00:00-04:00,48.523560573992086,49.25036163816652,48.17928561768577,49.084598541259766,3248200,0.0,0.0
2007-05-31 00:00:00-04:00,49.218497239755784,49.51177237021882,48.66383591894509,48.95072937011719,3177600,0.0,0.0
2007-06-01 00:00:00-04:00,49.54364509610001,49.93254812149846,48.96985334845601,49.51814270019531,3895000,0.0,0.0
2007-06-04 00:00:00-04:00,49.4735100737412,51.00361963562685,49.333249341489754,50.86973571777344,3726800,0.0,0.0
2007-06-05 00:00:00-04:00,50.997234700081634,51.18212337550795,50.27681043852399,51.086490631103516,3488300,0.0,0.0
2007-06-06 00:00:00-04:00,50.93349888058183,50.93987569618316,49.887924869879846,50.72948455810547,4128600,0.0,0.0
2007-06-07 00:00:00-04:00,50.748592728348754,51.16937486012853,49.9261589050293,49.9261589050293,5148100,0.0,0.0
2007-06-08 00:00:00-04:00,49.907033328872664,49.94528448118593,49.15472986084984,49.9261589050293,3162100,0.0,0.0
2007-06-11 00:00:00-04:00,50.047323131215116,50.81237580669472,49.779555181205886,50.187583923339844,2122900,0.0,0.0
2007-06-12 00:00:00-04:00,50.193932530749585,50.774096096376006,49.72852242427435,49.85602951049805,2806400,0.0,0.0
2007-06-13 00:00:00-04:00,50.01572001952237,50.9354334811773,50.01572001952237,50.67356872558594,3341400,0.14,0.0
2007-06-14 00:00:00-04:00,51.06316903966936,51.68908622521897,50.90988508776682,51.554962158203125,3255500,0.0,0.0
2007-06-15 00:00:00-04:00,52.08508055430448,52.68544479307937,52.033984273997405,52.6024169921875,3675800,0.0,0.0
2007-06-18 00:00:00-04:00,52.69181801085159,53.59237142125767,52.58324210078802,53.349666595458984,3057000,0.0,0.0
2007-06-19 00:00:00-04:00,52.69183373759515,53.33052263138418,52.34055289688735,53.234718322753906,3932200,0.0,0.0
2007-06-20 00:00:00-04:00,53.29858520067807,53.59876975456853,51.491099369753954,51.58689880371094,3417300,0.0,0.0
2007-06-21 00:00:00-04:00,51.97009670144729,52.302212652195784,51.16534764585409,51.77848815917969,4327800,0.0,0.0
2007-06-22 00:00:00-04:00,51.44636853580677,51.701840076849244,50.66077941596,51.120635986328125,3480600,0.0,0.0
2007-06-25 00:00:00-04:00,50.55223057610773,50.705514557322616,49.728321258761646,50.034889221191406,4660400,0.0,0.0
2007-06-26 00:00:00-04:00,51.03124098710164,51.03124098710164,48.572289845915336,48.853309631347656,4703000,0.0,0.0
2007-06-27 00:00:00-04:00,48.47646914121679,49.67081378904473,48.118800186425275,49.53668975830078,3817500,0.0,0.0
2007-06-28 00:00:00-04:00,49.868823875121564,50.041267711240906,49.06407460334371,49.39619064331055,3866900,0.0,0.0
2007-06-29 00:00:00-04:00,49.92628530342185,50.60329851409421,49.6580372683591,50.0029296875,3349900,0.0,0.0
2007-07-02 00:00:00-04:00,50.00294313059411,50.85878372192383,50.00294313059411,50.85878372192383,2734500,0.0,0.0
2007-07-03 00:00:00-04:00,50.858794977261645,51.242012212679754,50.74383078119812,51.0504035949707,1140300,0.0,0.0
2007-07-05 00:00:00-04:00,51.38251281512382,51.56134977508243,50.13068333226704,50.74382400512695,3078100,0.0,0.0
2007-07-06 00:00:00-04:00,50.94182965524666,51.158981549232934,50.45003645776755,50.70551300048828,2117500,0.0,0.0
2007-07-09 00:00:00-04:00,50.69909035265519,51.56770708495057,50.69909035265519,50.89708709716797,2976500,0.0,0.0
2007-07-10 00:00:00-04:00,50.462790942359625,50.6288464807711,49.94544982910156,49.94544982910156,3568300,0.0,0.0
2007-07-11 00:00:00-04:00,49.94544075357848,50.13066101074218,49.504748984416175,50.13066101074219,2927000,0.0,0.0
2007-07-12 00:00:00-04:00,50.43086437602922,51.024845123291016,50.13067987637528,51.024845123291016,3231500,0.0,0.0
2007-07-13 00:00:00-04:00,50.83963908046652,51.554972453542824,50.81409093791273,51.107887268066406,2182700,0.0,0.0
2007-07-16 00:00:00-04:00,50.82045984696597,51.07593630244692,50.13706313041908,50.55221176147461,2418400,0.0,0.0
2007-07-17 00:00:00-04:00,50.90988068263591,51.45276515628982,50.27758017204176,50.71827697753906,3235000,0.0,0.0
2007-07-18 00:00:00-04:00,50.73105689130924,53.24110433306587,50.73105689130924,53.03672409057617,8100900,0.0,0.0
2007-07-19 00:00:00-04:00,53.2602723405225,53.63071310927263,52.5002309137438,52.87705993652344,3277100,0.0,0.0
2007-07-20 00:00:00-04:00,53.13251646832884,53.3113485312631,51.906230415849976,52.2447395324707,3172800,0.0,0.0
2007-07-23 00:00:00-04:00,52.50022775921299,52.59603207265878,51.09511407137412,51.29310607910156,2776600,0.0,0.0
2007-07-24 00:00:00-04:00,50.705491148393584,50.80129541972716,49.351469466471244,49.53668975830078,4263500,0.0,0.0
2007-07-25 00:00:00-04:00,49.75383300133411,50.584125092217754,48.87243979035106,50.29032897949219,3901600,0.0,0.0
2007-07-26 00:00:00-04:00,50.162618479040205,50.162618479040205,47.63341143885441,48.821372985839844,5236300,0.0,0.0
2007-07-27 00:00:00-04:00,48.82774317804723,49.127927609884395,47.135222228850424,47.6397819519043,4348800,0.0,0.0
2007-07-30 00:00:00-04:00,47.7994519052804,48.489236754387576,47.269344077043776,48.144344329833984,3113900,0.0,0.0
2007-07-31 00:00:00-04:00,48.668085503513545,49.140718732604626,47.537608450814986,47.65257263183594,2995400,0.0,0.0
2007-08-01 00:00:00-04:00,48.41259194864208,50.56496915060489,48.41259194864208,50.08595275878906,6534000,0.0,0.0
2007-08-02 00:00:00-04:00,50.44363250269682,51.41443712170477,49.17902681206543,50.654396057128906,5433600,0.0,0.0
2007-08-03 00:00:00-04:00,50.903485535830995,51.388890294051144,49.24289595253961,49.255672454833984,4679000,0.0,0.0
2007-08-06 00:00:00-04:00,48.891641687692214,49.71554615550119,47.90167185359392,49.29401397705078,5483600,0.0,0.0
2007-08-07 00:00:00-04:00,48.60421301644115,50.69911134179165,48.310416775476966,50.11151885986328,4256900,0.0,0.0
2007-08-08 00:00:00-04:00,50.02212207826806,51.242020402173296,49.7091658339489,50.39256286621094,3766700,0.0,0.0
2007-08-09 00:00:00-04:00,48.47647822777238,49.65805146820988,48.310417784521235,48.88523864746094,6210000,0.0,0.0
2007-08-10 00:00:00-04:00,48.59144161545012,49.012973659591076,47.42902827708596,48.51479721069336,5371800,0.0,0.0
2007-08-13 00:00:00-04:00,49.236519016614736,49.95185225244786,48.6744746066945,48.783050537109375,3636300,0.0,0.0
2007-08-14 00:00:00-04:00,48.86605481343983,49.42171064793075,48.02936962804219,48.06130599975586,2511500,0.0,0.0
2007-08-15 00:00:00-04:00,48.361515881195345,49.18542500371626,46.918077853714685,47.10329818725586,3488500,0.0,0.0
2007-08-16 00:00:00-04:00,46.12610563672688,47.05220244200328,44.07591518586135,46.5029296875,6261100,0.0,0.0
2007-08-17 00:00:00-04:00,47.74198341050043,48.323192504011075,46.24745409485888,48.086875915527344,4395200,0.0,0.0
2007-08-20 00:00:00-04:00,47.80585926804617,47.959143227082784,46.72009017625557,47.690895080566406,3128900,0.0,0.0
2007-08-21 00:00:00-04:00,47.39070700565353,47.467351415856264,46.336874384016745,46.79672622680664,2525300,0.0,0.0
2007-08-22 00:00:00-04:00,47.096915298189465,47.512064032863535,46.31133072705803,46.65622329711914,3186900,0.0,0.0
2007-08-23 00:00:00-04:00,46.81587490090545,47.50565486452869,46.50930223822288,47.30766296386719,3100000,0.0,0.0
2007-08-24 00:00:00-04:00,47.26295695056051,48.22098986172052,47.231020571065564,48.09325408935547,2060600,0.0,0.0
2007-08-27 00:00:00-04:00,47.72282494586732,48.125197110616604,47.31406452912911,47.665340423583984,1758600,0.0,0.0
2007-08-28 00:00:00-04:00,47.262951951791806,47.66532397771146,46.751999170757806,46.783935546875,2796500,0.0,0.0
2007-08-29 00:00:00-04:00,47.045814467502176,48.042167332864715,46.71369359717578,47.76114273071289,2407400,0.0,0.0
2007-08-30 00:00:00-04:00,47.56951630447181,48.208204733049115,47.262943714720066,47.556739807128906,2534200,0.0,0.0
2007-08-31 00:00:00-04:00,48.10602432815683,48.50201300754405,47.86970779601825,48.09963607788086,2190600,0.0,0.0
2007-09-04 00:00:00-04:00,48.09963433439075,49.81770813580856,47.70365054216417,49.33869171142578,2793000,0.0,0.0
2007-09-05 00:00:00-04:00,49.30040083843141,50.2201095985306,49.30040083843141,50.034889221191406,2948000,0.0,0.0
2007-09-06 00:00:00-04:00,50.111531917970964,51.13343321213618,49.90076340557165,50.39894485473633,3883600,0.0,0.0
2007-09-07 00:00:00-04:00,49.536688655914425,49.99654524983585,49.076832061992995,49.56223678588867,2485300,0.0,0.0
2007-09-10 00:00:00-04:00,49.44726672433123,49.932671390180516,48.393429634750746,49.42171859741211,2732000,0.0,0.0
2007-09-11 00:00:00-04:00,49.72190992936289,50.252022673021145,48.80220159609429,50.16899490356445,3148800,0.0,0.0
2007-09-12 00:00:00-04:00,50.31617178388324,51.768586913712554,50.26498427236728,51.371891021728516,3651700,0.14,0.0
2007-09-13 00:00:00-04:00,51.403882179814744,51.66621452859559,50.70647060546378,50.834434509277344,3274000,0.0,0.0
2007-09-14 00:00:00-04:00,50.53370225744397,51.423064277056454,50.32895714965208,50.917598724365234,2361800,0.0,0.0
2007-09-17 00:00:00-04:00,51.01356284077334,51.79415003649869,50.891993781743125,51.147926330566406,2394600,0.0,0.0
2007-09-18 00:00:00-04:00,50.89841757668891,52.920275420102854,50.67447343931989,52.485191345214844,3216900,0.0,0.0
2007-09-19 00:00:00-04:00,52.945874438986195,53.86723019070256,52.811510872112585,53.380958557128906,3438200,0.0,0.0
2007-09-20 00:00:00-04:00,53.23376932977609,53.89279728145473,53.08021174097601,53.62406539916992,2140600,0.0,0.0
2007-09-21 00:00:00-04:00,54.17434311333501,54.51345184535585,53.62408955067519,54.27671813964844,3475400,0.0,0.0
2007-09-24 00:00:00-04:00,54.29589857111177,54.29589857111177,52.47878136347343,53.23377990722656,3391800,0.0,0.0
2007-09-25 00:00:00-04:00,52.21645422024301,52.62594446139762,52.01810875760807,52.38920593261719,3027300,0.0,0.0
2007-09-26 00:00:00-04:00,52.689924400139596,52.84348201437788,51.4422596316251,52.32522201538086,3626700,0.0,0.0
2007-09-27 00:00:00-04:00,52.72831746046504,53.74564336678363,52.17806405452253,53.50251007080078,3897000,0.0,0.0
2007-09-28 00:00:00-04:00,53.86081458180474,54.10394788584063,53.0162403533274,53.23377990722656,2950100,0.0,0.0
2007-10-01 00:00:00-04:00,53.06741256812951,54.22550135956714,52.977836909206566,54.06554412841797,2207900,0.0,0.0
2007-10-02 00:00:00-04:00,53.809638025663716,53.91840782473557,52.9458695292825,53.83523178100586,2603700,0.0,0.0
2007-10-03 00:00:00-04:00,53.48971322563919,53.84802085072409,52.977852860745976,53.508907318115234,1975800,0.0,0.0
2007-10-04 00:00:00-04:00,53.451312649621045,55.45397556500776,52.907459002337895,54.91012191772461,3290100,0.0,0.0
2007-10-05 00:00:00-04:00,55.02530489495608,55.34521945829885,54.385475768270545,55.1916618347168,2590700,0.0,0.0
2007-10-08 00:00:00-04:00,54.72459372083501,54.91654444405226,53.82243703733712,54.13595199584961,2159700,0.0,0.0
2007-10-09 00:00:00-04:00,54.51981894007981,55.10206557106297,54.38545545943147,55.070072174072266,2329900,0.0,0.0
2007-10-10 00:00:00-04:00,54.7373658461374,56.08740525261774,54.45583956034783,55.69710922241211,2240000,0.0,0.0
2007-10-11 00:00:00-04:00,56.28576989994358,57.29670110683442,55.75471054526574,56.24098205566406,4046400,0.0,0.0
2007-10-12 00:00:00-04:00,56.36257553100586,57.111179719019425,56.2090178254055,56.36257553100586,2647400,0.0,0.0
2007-10-15 00:00:00-04:00,57.45027424996081,57.488662446423604,56.567311560745104,57.01519012451172,2595000,0.0,0.0
2007-10-16 00:00:00-04:00,57.072754723901035,58.14127304875531,56.84241585352,57.565425872802734,3816700,0.0,0.0
2007-10-17 00:00:00-04:00,57.64861182708998,57.89814483272152,56.82323154634351,57.43107223510742,2876300,0.0,0.0
2007-10-18 00:00:00-04:00,57.53983105565666,58.12847265504494,57.10474707317215,57.917327880859375,2003300,0.0,0.0
2007-10-19 00:00:00-04:00,57.591000026679986,57.75095724993257,55.274817676640126,55.428375244140625,4222500,0.0,0.0
2007-10-22 00:00:00-04:00,54.70539098998089,54.788567020107834,53.65607160010899,54.71818542480469,4022400,0.0,0.0
2007-10-23 00:00:00-04:00,55.02529310215685,55.460377010317934,53.80321738897358,54.74376678466797,4684800,0.0,0.0
2007-10-24 00:00:00-04:00,54.526219043379754,55.60113177889736,54.347067734378,55.428375244140625,3589500,0.0,0.0
2007-10-25 00:00:00-04:00,55.76111140749722,57.44386031491638,55.50517877115551,57.11754608154297,3925600,0.0,0.0
2007-10-26 00:00:00-04:00,57.648600808834196,59.86240890425816,57.44385569253801,59.63846969604492,5540400,0.0,0.0
2007-10-29 00:00:00-04:00,59.79205747964458,60.623837680102675,59.44655388780436,59.82405090332031,2347600,0.0,0.0
2007-10-30 00:00:00-04:00,59.33774310080761,59.44651774626701,57.43745009344691,57.62300109863281,4283400,0.0,0.0
2007-10-31 00:00:00-04:00,58.346003627900224,59.82400694323903,58.03888358342992,59.76002502441406,4401300,0.0,0.0
2007-11-01 00:00:00-04:00,59.50410709761815,59.86240983633823,58.26923672280508,58.422794342041016,3632500,0.0,0.0
2007-11-02 00:00:00-04:00,58.86428859685738,59.50411782073626,58.38441667894821,59.222591400146484,3086700,0.0,0.0
2007-11-05 00:00:00-05:00,58.448387633056434,59.45931878822865,57.930127621263125,59.126609802246094,2797600,0.0,0.0
2007-11-06 00:00:00-05:00,59.177784535106795,59.95197706146048,59.08180920606122,59.324947357177734,4543900,0.0,0.0
2007-11-07 00:00:00-05:00,59.78561674250362,60.559809161520576,57.738161238927255,57.904518127441406,4605900,0.0,0.0
2007-11-08 00:00:00-05:00,58.00689309929853,59.20337007345776,56.59926652530715,57.904518127441406,4944000,0.0,0.0
2007-11-09 00:00:00-05:00,57.597411807532836,57.597411807532836,56.59928000180375,56.70804977416992,4032800,0.0,0.0
2007-11-12 00:00:00-05:00,56.10022110147769,56.10022110147769,54.033570761014666,54.1423454284668,4244300,0.0,0.0
2007-11-13 00:00:00-05:00,54.487836223975386,54.85893330842719,52.71550728260501,54.8077507019043,6282900,0.0,0.0
2007-11-14 00:00:00-05:00,55.24921669809859,56.2985355546657,55.012483162858786,55.03167724609375,3573900,0.0,0.0
2007-11-15 00:00:00-05:00,54.92294083314482,55.594763502606654,53.80963929774589,54.3854866027832,3750000,0.0,0.0
2007-11-16 00:00:00-05:00,54.85896267625894,55.415615923192995,54.078370151193994,55.15968322753906,4034000,0.0,0.0
2007-11-19 00:00:00-05:00,55.40278795917105,56.14499190468138,54.71817115912641,54.794952392578125,4468900,0.0,0.0
2007-11-20 00:00:00-05:00,54.99331966618591,55.85709302090335,54.70539846895314,55.351627349853516,3106400,0.0,0.0
2007-11-21 00:00:00-05:00,55.025311104614325,55.51797743989616,53.59848984322356,53.76484680175781,4204900,0.0,0.0
2007-11-23 00:00:00-05:00,54.219126971685725,54.92293814044351,53.77124846834247,54.603023529052734,1100400,0.0,0.0
2007-11-26 00:00:00-05:00,55.30681638250826,55.505161796297344,53.61766833334903,53.74563217163086,2787300,0.0,0.0
2007-11-27 00:00:00-05:00,52.6771391250792,53.387349926487886,51.998916854714786,53.1058235168457,3852900,0.0,0.0
2007-11-28 00:00:00-05:00,53.316966688906795,53.342560441862915,51.21832776159726,52.197265625,7567700,0.0,0.0
2007-11-29 00:00:00-05:00,52.46597912473284,53.22097755617833,51.76216818594656,52.45957946777344,8902700,0.0,0.0
2007-11-30 00:00:00-05:00,52.47879106909619,53.18260712425092,51.94773652044709,52.984256744384766,3542900,0.0,0.0
2007-12-03 00:00:00-05:00,52.6515403070651,53.6304781063319,52.49158302270101,53.31696319580078,3028900,0.0,0.0
2007-12-04 00:00:00-05:00,53.10582688921378,53.90561343875013,52.38282160577641,53.17620849609375,3619700,0.0,0.0
2007-12-05 00:00:00-05:00,53.77764612595592,54.94852985012222,53.649677357256465,54.5262451171875,4021400,0.0,0.0
2007-12-06 00:00:00-05:00,54.50703908230797,56.94478623430041,54.071955127055226,56.63127136230469,4402000,0.0,0.0
2007-12-07 00:00:00-05:00,56.62488675591939,56.81683747718738,55.812305783105465,56.2857780456543,2388200,0.0,0.0
2007-12-10 00:00:00-05:00,56.28576157586417,57.0407600402832,56.22817442373052,57.0407600402832,2882800,0.0,0.0
2007-12-11 00:00:00-05:00,57.245511659661304,57.680595652814375,55.415600001532994,55.645938873291016,3700300,0.0,0.0
2007-12-12 00:00:00-05:00,56.80591412624495,58.15813111973866,56.588023750495374,57.414730072021484,4151300,0.14,0.0
2007-12-13 00:00:00-05:00,57.06224133611636,57.72232712133442,56.562370737189255,57.581336975097656,2584200,0.0,0.0
2007-12-14 00:00:00-05:00,56.825112388702365,57.28012286128817,56.466231991029886,56.86356735229492,3203100,0.0,0.0
2007-12-17 00:00:00-05:00,56.50468296698718,57.15836357532679,55.306276667329236,55.690792083740234,3314200,0.0,0.0
2007-12-18 00:00:00-05:00,56.20344887923166,56.5815590156941,54.966588249089725,55.60744857788086,3331200,0.0,0.0
2007-12-19 00:00:00-05:00,55.73565627900258,56.222711783678896,55.35114083399672,55.767696380615234,2546000,0.0,0.0
2007-12-20 00:00:00-05:00,56.28679384399075,57.01737461695766,56.09453368715572,56.90201950073242,2518800,0.0,0.0
2007-12-21 00:00:00-05:00,57.196806166534934,58.73487252031739,57.18399110639543,58.4528923034668,4362000,0.0,0.0
2007-12-24 00:00:00-05:00,58.049156915015054,59.023262919210424,58.049156915015054,58.81818771362305,901200,0.0,0.0
2007-12-26 00:00:00-05:00,59.03609333273661,59.03609333273661,57.86972697748614,58.202972412109375,2210000,0.0,0.0
2007-12-27 00:00:00-05:00,58.132457934369235,58.79254349620645,57.72871756172318,57.75435256958008,1843300,0.0,0.0
2007-12-28 00:00:00-05:00,58.42726281109963,58.61952295699438,57.74795210386111,57.94021224975586,1930800,0.0,0.0
2007-12-31 00:00:00-05:00,57.86332524649634,58.222205748673645,56.90203399619557,56.978939056396484,1685700,0.0,0.0
2008-01-02 00:00:00-05:00,57.671052295043,59.042493784558395,57.33139691063672,58.75410842895508,4014400,0.0,0.0
2008-01-03 00:00:00-05:00,58.47854349821932,60.24091056254921,58.47854349821932,59.56159973144531,3339200,0.0,0.0
2008-01-04 00:00:00-05:00,58.93997603070399,59.561611867815685,57.709524312158635,57.8697395324707,3063000,0.0,0.0
2008-01-07 00:00:00-05:00,58.305520943340966,58.395241069127046,56.85717408662546,57.5493049621582,3399700,0.0,0.0
2008-01-08 00:00:00-05:00,58.222209722041505,58.44010496279092,55.75489632243072,55.91511154174805,4146200,0.0,0.0
2008-01-09 00:00:00-05:00,55.89586885469896,57.34421534919652,55.89586885469896,57.222450256347656,3460000,0.0,0.0
2008-01-10 00:00:00-05:00,56.68411895082895,57.11990436083568,55.84459311703977,56.812294006347656,3232200,0.0,0.0
2008-01-11 00:00:00-05:00,56.530303173812705,56.85714339237785,55.5754224137918,55.863807678222656,2853100,0.0,0.0
2008-01-14 00:00:00-05:00,56.20347807595698,58.16451502555817,56.20347807595698,57.80562973022461,3286900,0.0,0.0
2008-01-15 00:00:00-05:00,56.728985668384624,57.19040614375115,55.71001952643271,55.947139739990234,3490400,0.0,0.0
2008-01-16 00:00:00-05:00,55.58185748066048,55.876652852098104,53.031229430443204,53.883575439453125,4823400,0.0,0.0
2008-01-17 00:00:00-05:00,54.08223437818574,55.024300394648314,51.505976501396304,51.71745681762695,4806200,0.0,0.0
2008-01-18 00:00:00-05:00,51.973789314633024,53.05043522773483,51.43546880277109,52.44802474975586,5203400,0.0,0.0
2008-01-22 00:00:00-05:00,49.27579099470613,51.63415914840271,48.8207803721203,50.81385803222656,5088900,0.0,0.0
2008-01-23 00:00:00-05:00,49.98071141636618,51.16630242019308,47.782559600661635,51.10862731933594,6516500,0.0,0.0
2008-01-24 00:00:00-05:00,51.268864713031164,52.37755606377764,50.6600489003159,52.10839080810547,5162900,0.0,0.0
2008-01-25 00:00:00-05:00,52.71079811541626,53.81307941757738,51.51238672027511,51.95458221435547,4280700,0.0,0.0
2008-01-28 00:00:00-05:00,51.6918196212046,53.640031590729585,51.531604467242595,53.47981643676758,3548700,0.0,0.0
2008-01-29 00:00:00-05:00,53.72976948362163,54.05019989768725,53.06327852501961,53.26194381713867,2890500,0.0,0.0
2008-01-30 00:00:00-05:00,53.140144848816846,55.331886311595916,53.140144848816846,53.960445404052734,3779400,0.0,0.0
2008-01-31 00:00:00-05:00,53.2170719004363,54.934578732821976,52.32627593891252,54.50520324707031,3357600,0.0,0.0
2008-02-01 00:00:00-05:00,54.5051729194362,55.81893365983224,54.3257279202986,55.60744857788086,3842400,0.0,0.0
2008-02-04 00:00:00-05:00,55.60747798511818,56.491868835748505,55.11401742231486,55.95995330810547,2037800,0.0,0.0
2008-02-05 00:00:00-05:00,54.47957398490362,55.75488551442571,54.197593688964844,54.197593688964844,3396700,0.0,0.0
2008-02-06 00:00:00-05:00,55.72926476744202,56.61365107291296,54.00534733574368,55.248619079589844,5464100,0.0,0.0
2008-02-07 00:00:00-05:00,54.83844581763027,56.761027774386335,54.47956541697034,56.33806228637695,3975400,0.0,0.0
2008-02-08 00:00:00-05:00,56.15863099538068,57.67747287458829,56.15863099538068,57.39549255371094,4418500,0.0,0.0
2008-02-11 00:00:00-05:00,57.491601464750275,60.17039885768543,57.395471400844976,60.04222869873047,5988100,0.0,0.0
2008-02-12 00:00:00-05:00,59.95894066406897,60.69593163299861,58.292703401302205,58.952789306640625,4618600,0.0,0.0
2008-02-13 00:00:00-05:00,58.82461648153273,59.92048791986562,58.82461648153273,59.66414260864258,3564800,0.0,0.0
2008-02-14 00:00:00-05:00,59.79872010861338,60.88177643291631,59.79872010861338,60.0294303894043,4197100,0.0,0.0
2008-02-15 00:00:00-05:00,60.28578022479462,60.28578022479462,59.0361035176391,59.72822952270508,3977500,0.0,0.0
2008-02-19 00:00:00-05:00,60.88176412861605,62.227570568320196,60.330623556933,61.650794982910156,5473300,0.0,0.0
2008-02-20 00:00:00-05:00,61.52261627394721,64.00274850266688,61.03556085941921,63.816898345947266,5856100,0.0,0.0
2008-02-21 00:00:00-05:00,63.490054670186844,63.70794980027174,61.26626777317763,61.452117919921875,5988000,0.0,0.0
2008-02-22 00:00:00-05:00,61.82385466138023,62.663380914562055,60.59980793893018,62.55443572998047,4242800,0.0,0.0
2008-02-25 00:00:00-05:00,62.7210434480088,64.90637606600461,62.58005330051626,64.77820587158203,7033800,0.0,0.0
2008-02-26 00:00:00-05:00,64.34243218178646,65.89972428797425,63.9963667260358,65.79077911376953,5425000,0.0,0.0
2008-02-27 00:00:00-05:00,65.3485745191153,66.32909073021776,64.29115325423588,64.50904846191406,5258900,0.0,0.0
2008-02-28 00:00:00-05:00,64.59878400106179,68.66824994766691,64.59878400106179,67.95689392089844,7529300,0.0,0.0
2008-02-29 00:00:00-05:00,66.94426577034895,67.65562108832607,65.13703993560667,65.82917022705078,4537000,0.0,0.0
2008-03-03 00:00:00-05:00,65.88048133151057,67.33523295628274,65.43828588783073,66.63028717041016,3814300,0.0,0.0
2008-03-04 00:00:00-05:00,66.14323211631601,67.22628826156009,63.72077945788905,65.38701629638672,5951100,0.0,0.0
2008-03-05 00:00:00-05:00,65.50236391058868,66.54696496941858,65.20756860974181,66.45724487304688,4427100,0.0,0.0
2008-03-06 00:00:00-05:00,66.27141898451147,66.9379099270279,64.76539216324652,65.25885772705078,5197500,0.0,0.0
2008-03-07 00:00:00-05:00,64.61154848202685,65.16909881738125,63.0606674118769,64.4449234008789,5181300,0.0,0.0
2008-03-10 00:00:00-04:00,64.20785599694308,65.12428729181214,63.0671243619412,64.13095092773438,4739800,0.0,0.0
2008-03-11 00:00:00-04:00,65.44471783959975,66.59826454309392,64.57955170025322,66.559814453125,4189700,0.0,0.0
2008-03-12 00:00:00-04:00,66.12333731433439,67.23373917079913,64.9872657856173,65.5328369140625,4057400,0.16,0.0
2008-03-13 00:00:00-04:00,64.83213451119325,68.12356447437033,64.44642125021872,67.1592788696289,6126000,0.16,0.0
2008-03-14 00:00:00-04:00,67.16570373087157,67.49998722385662,64.9478440650361,66.220703125,5314000,0.0,0.0
2008-03-17 00:00:00-04:00,64.82569920439327,65.48141610795393,62.299275837399,63.84212875366211,5572500,0.0,0.0
2008-03-18 00:00:00-04:00,65.1471223558233,66.67712506858312,64.74212423429775,66.51641082763672,3880800,0.0,0.0
2008-03-19 00:00:00-04:00,66.18213045747605,66.50355897821096,61.99070470512108,62.19641876220703,5417900,0.0,0.0
2008-03-20 00:00:00-04:00,61.071413517062105,62.19641323974483,59.09784277116879,61.900699615478516,6520400,0.0,0.0
2008-03-24 00:00:00-04:00,61.437830685319994,64.45283096604574,61.437830685319994,63.745689392089844,3868700,0.0,0.0
2008-03-25 00:00:00-04:00,63.80998192882289,66.41354962125686,63.803551986062665,66.16926574707031,4941500,0.0,0.0
2008-03-26 00:00:00-04:00,66.27852971492973,69.51209837151289,66.27852971492973,69.16495513916016,6003900,0.0,0.0
2008-03-27 00:00:00-04:00,69.03637979463893,69.49280745762508,67.56423738069964,67.64781188964844,4610600,0.0,0.0
2008-03-28 00:00:00-04:00,68.10425795252888,68.99782860388726,66.68996990458416,67.06282806396484,5489800,0.0,0.0
2008-03-31 00:00:00-04:00,67.06281444412116,67.8985301620263,66.09852934097259,67.06924438476562,4823000,0.0,0.0
2008-04-01 00:00:00-04:00,66.96640283354493,67.1656918098742,65.12783168692391,66.8635482788086,3818600,0.0,0.0
2008-04-02 00:00:00-04:00,66.85070587266543,68.406423722058,65.29499292788311,67.27499389648438,4449700,0.0,0.0
2008-04-03 00:00:00-04:00,68.61212407728775,69.07497695902626,67.05640653881676,67.85997772216797,4204400,0.0,0.0
2008-04-04 00:00:00-04:00,68.04638674870303,70.58567388166156,68.04638674870303,69.00424194335938,4356500,0.0,0.0
2008-04-07 00:00:00-04:00,69.64709803550369,70.95210135964894,69.20353021253375,69.71138763427734,3782600,0.0,0.0
2008-04-08 00:00:00-04:00,69.35783128875508,71.6399752699516,69.06854764251167,71.25425720214844,4011900,0.0,0.0
2008-04-09 00:00:00-04:00,71.74283879335422,73.28569654361542,71.74283879335422,72.0321273803711,4238600,0.0,0.0
2008-04-10 00:00:00-04:00,71.56284608364395,72.59784631890282,70.90713405549354,71.80070495605469,3183900,0.0,0.0
2008-04-11 00:00:00-04:00,71.26068842486875,72.05782963040708,70.01997437615235,70.2385482788086,2588200,0.0,0.0
2008-04-14 00:00:00-04:00,71.12570313232169,72.61070133817218,70.72070495925611,72.03855895996094,2782700,0.0,0.0
2008-04-15 00:00:00-04:00,72.64928600208165,74.24356894596423,71.92285430255622,72.94499969482422,3041900,0.0,0.0
2008-04-16 00:00:00-04:00,73.70998574590412,75.09212436793536,72.82283994970176,74.97640991210938,3490300,0.0,0.0
2008-04-17 00:00:00-04:00,74.6099777364327,75.728552386072,73.96069573355393,74.66140747070312,3759300,0.0,0.0
2008-04-18 00:00:00-04:00,73.93497331754565,76.21068732825908,73.93497331754565,76.1142578125,3456500,0.0,0.0
2008-04-21 00:00:00-04:00,76.34568463304517,76.98211157254653,75.22068509023133,76.43568420410156,2701300,0.0,0.0
2008-04-22 00:00:00-04:00,76.59640322945653,78.85283239873831,76.45497392189341,77.70211791992188,5015400,0.0,0.0
2008-04-23 00:00:00-04:00,77.79210892726509,77.79210892726509,75.8635383739065,76.8535385131836,3543400,0.0,0.0
2008-04-24 00:00:00-04:00,76.62855086034014,76.62855086034014,73.8192689671347,74.06355285644531,3678400,0.0,0.0
2008-04-25 00:00:00-04:00,75.78640813636811,76.28783579044995,74.06355125295822,76.24283599853516,3702200,0.0,0.0
2008-04-28 00:00:00-04:00,76.63495812757802,77.07853088666867,75.46495895405042,75.86995697021484,2901400,0.0,0.0
2008-04-29 00:00:00-04:00,75.11139467932584,75.21425413320738,72.48211242324044,72.681396484375,3049600,0.0,0.0
2008-04-30 00:00:00-04:00,72.97710305730935,73.88996345681458,71.35710605093732,72.89996337890625,4267100,0.0,0.0
2008-05-01 00:00:00-04:00,71.90355215497367,72.37926494637287,68.43212348577428,70.68855285644531,5038600,0.0,0.0
2008-05-02 00:00:00-04:00,70.82354668409042,73.22783512964041,70.82354668409042,72.05783081054688,4026300,0.0,0.0
2008-05-05 00:00:00-04:00,72.66211679268321,74.21140432217278,72.46283271720544,73.6199722290039,2802400,0.0,0.0
2008-05-06 00:00:00-04:00,74.98282928173384,77.61854162097511,73.92211440367325,77.35497283935547,4778800,0.0,0.0
2008-05-07 00:00:00-04:00,79.07140785839424,79.07140785839424,74.73212328079944,74.89283752441406,6609900,0.0,0.0
2008-05-08 00:00:00-04:00,75.22068522465922,75.5999684312735,73.56211329004067,75.42639923095703,4668900,0.0,0.0
2008-05-09 00:00:00-04:00,76.04997522072377,76.04997522072377,73.24068872859532,74.39140319824219,4121200,0.0,0.0
2008-05-12 00:00:00-04:00,73.67141147800807,74.93141061388337,73.16355385766995,74.75141143798828,3298100,0.0,0.0
2008-05-13 00:00:00-04:00,75.08570005825331,76.39069899214341,74.21783917882793,75.82498168945312,3360800,0.0,0.0
2008-05-14 00:00:00-04:00,76.31354686149888,76.4549761732266,74.43640577128009,74.57783508300781,3626900,0.0,0.0
2008-05-15 00:00:00-04:00,75.149965451435,76.59639333901973,74.26281987476695,76.07567596435547,4455900,0.0,0.0
2008-05-16 00:00:00-04:00,76.67353232217877,78.31924914997056,76.67353232217877,78.02996063232422,4605300,0.0,0.0
2008-05-19 00:00:00-04:00,78.6407083725872,80.02285208603836,77.8242771281859,78.57642364501953,4700200,0.0,0.0
2008-05-20 00:00:00-04:00,79.30282942534359,80.62068806291352,78.35782897557313,79.94568634033203,4229700,0.0,0.0
2008-05-21 00:00:00-04:00,80.2092481915107,81.74568059775878,78.89139457246971,79.1035385131836,5510200,0.0,0.0
2008-05-22 00:00:00-04:00,79.05856051613999,80.56927357117151,78.09427496127606,79.1099853515625,4515100,0.0,0.0
2008-05-23 00:00:00-04:00,79.75924619840434,79.75924619840434,75.4071076448066,76.27496337890625,4758300,0.0,0.0
2008-05-27 00:00:00-04:00,76.31998215578261,76.84712468807074,75.16283761924302,75.90855407714844,3854200,0.0,0.0
2008-05-28 00:00:00-04:00,75.22068837912146,77.24568862564762,74.03140407706925,76.63497161865234,4065700,0.0,0.0
2008-05-29 00:00:00-04:00,75.67713032421412,76.18498796625173,74.15355739810127,74.3207015991211,3895700,0.0,0.0
2008-05-30 00:00:00-04:00,75.37497023983435,75.75425345015519,74.13425624780454,74.53282928466797,4044400,0.0,0.0
2008-06-02 00:00:00-04:00,74.09567479291128,77.07209995708791,74.08281491056474,76.08209991455078,3475600,0.0,0.0
2008-06-03 00:00:00-04:00,76.19784863489667,77.38713324771733,75.04070883780506,75.27213287353516,3739600,0.0,0.0
2008-06-04 00:00:00-04:00,74.90569295240999,75.11783693235223,72.28926524695103,72.37926483154297,5124900,0.0,0.0
2008-06-05 00:00:00-04:00,72.67497936424547,75.36212158203125,71.99997761228659,75.36212158203125,4755300,0.0,0.0
2008-06-06 00:00:00-04:00,76.52571039920322,77.14285263170359,74.54570933788298,74.55213928222656,6047600,0.0,0.0
2008-06-09 00:00:00-04:00,75.32353919528256,77.38710918448294,74.72568210273975,76.66068267822266,3807800,0.0,0.0
2008-06-10 00:00:00-04:00,75.86356225918267,76.54498916643861,73.42070349396275,74.50713348388672,5289300,0.0,0.0
2008-06-11 00:00:00-04:00,75.36856786367667,75.90857039837182,73.877139531801,74.96356964111328,4169600,0.0,0.0
2008-06-12 00:00:00-04:00,74.03013459538978,75.33048784207188,73.3863942945603,74.64812469482422,4472800,0.16,0.0
2008-06-13 00:00:00-04:00,74.24900417305945,75.04080690655614,73.92713402163537,74.82193756103516,3787100,0.0,0.0
2008-06-16 00:00:00-04:00,75.76822246518053,76.31540558512788,74.57730403202976,74.96998596191406,3870600,0.0,0.0
2008-06-17 00:00:00-04:00,74.87341125177872,77.79599196510463,74.80259944617576,77.74449157714844,4400200,0.0,0.0
2008-06-18 00:00:00-04:00,77.84749590320423,79.28303858702897,76.21883412275771,78.74229431152344,5734700,0.0,0.0
2008-06-19 00:00:00-04:00,79.34098678701032,80.36453143963486,76.4055327825869,76.5342788696289,5976100,0.0,0.0
2008-06-20 00:00:00-04:00,77.60929596840477,78.5234105380127,75.9291341075185,76.45700073242188,4439100,0.0,0.0
2008-06-23 00:00:00-04:00,75.8132768550711,79.06416664359865,75.8132768550711,78.86460876464844,4549100,0.0,0.0
2008-06-24 00:00:00-04:00,78.42043291250647,78.42043291250647,75.4914129653226,75.59441375732422,4132600,0.0,0.0
2008-06-25 00:00:00-04:00,76.02570266698737,76.02570266698737,72.31775842119445,74.094482421875,5816900,0.0,0.0
2008-06-26 00:00:00-04:00,74.15887137387148,75.13092048117569,72.63964406187813,73.80481719970703,5589100,0.0,0.0
2008-06-27 00:00:00-04:00,74.03012382292447,74.62880241203334,73.27694895927563,73.95287322998047,5432500,0.0,0.0
2008-06-30 00:00:00-04:00,75.82613347758763,77.4869838188171,75.58151405119463,77.35179901123047,6780600,0.0,0.0
2008-07-01 00:00:00-04:00,77.86680045389292,79.32165442792721,76.77244426884899,79.1800308227539,6189000,0.0,0.0
2008-07-02 00:00:00-04:00,80.36453143963486,82.0318212615146,76.09009652004174,76.5342788696289,7334000,0.0,0.0
2008-07-03 00:00:00-04:00,76.61149443831899,78.10497095732174,74.3519657910504,75.86475372314453,3525900,0.0,0.0
2008-07-07 00:00:00-04:00,75.53004674889097,75.53004674889097,70.30931278763691,71.45516967773438,8483300,0.0,0.0
2008-07-08 00:00:00-04:00,70.61828906659153,70.61828906659153,66.91034951853818,69.68486785888672,10512700,0.0,0.0
2008-07-09 00:00:00-04:00,70.07113147114345,71.14617660566917,67.20648906804227,67.32879638671875,6477600,0.0,0.0
2008-07-10 00:00:00-04:00,67.32876701657194,70.71484093125886,67.32876701657194,70.4959716796875,7443400,0.0,0.0
2008-07-11 00:00:00-04:00,71.51950955962661,72.85848987360751,69.80072502145624,71.03026580810547,6074500,0.0,0.0
2008-07-14 00:00:00-04:00,71.9315403420438,72.27916069628215,69.78788885793047,71.52598571777344,4024000,0.0,0.0
2008-07-15 00:00:00-04:00,71.98304384352267,72.81346946249973,68.23647530171277,68.3587875366211,6919700,0.0,0.0
2008-07-16 00:00:00-04:00,68.59050717977722,68.84156541693932,64.34825751777333,65.26236724853516,9474300,0.0,0.0
2008-07-17 00:00:00-04:00,65.66149478073844,66.19580027973649,61.09737951077903,62.77110290527344,9386500,0.0,0.0
2008-07-18 00:00:00-04:00,62.28830767667662,65.5456317549582,61.83768655695476,63.45347595214844,7902900,0.0,0.0
2008-07-21 00:00:00-04:00,64.56713757321752,66.52410326369818,63.427714782709785,66.34385681152344,5721700,0.0,0.0
2008-07-22 00:00:00-04:00,65.86753602827544,65.91903645346152,62.320524053036024,63.47282028198242,8207100,0.0,0.0
2008-07-23 00:00:00-04:00,63.42775501435541,63.83331470033884,59.745558316867935,60.06742858886719,9509000,0.0,0.0
2008-07-24 00:00:00-04:00,60.69825938803584,61.93423929843591,58.11686000901205,59.983707427978516,9972100,0.0,0.0
2008-07-25 00:00:00-04:00,59.93222391860627,62.243254264066756,59.372172973107396,60.76264953613281,5845600,0.0,0.0
2008-07-28 00:00:00-04:00,61.522235729478645,62.53934617641337,60.36994046283944,60.7948112487793,4816500,0.0,0.0
2008-07-29 00:00:00-04:00,61.10383034327743,61.41926663804304,58.1876874629042,59.591041564941406,6882700,0.0,0.0
2008-07-30 00:00:00-04:00,59.455826355878884,62.76464953864973,58.85070918869592,62.442779541015625,9503400,0.0,0.0
2008-07-31 00:00:00-04:00,62.24968295006748,62.66167633529143,60.67252123269598,61.08451461791992,6473100,0.0,0.0
2008-08-01 00:00:00-04:00,60.73688372282801,62.73891603341313,60.65319926927395,61.22612762451172,5269900,0.0,0.0
2008-08-04 00:00:00-04:00,60.839888550437486,60.93001178682322,56.23714507210281,56.674888610839844,8277300,0.0,0.0
2008-08-05 00:00:00-04:00,56.66200589046402,57.37655785048291,55.27796849585847,57.22850036621094,10710800,0.0,0.0
2008-08-06 00:00:00-04:00,57.40873517355743,60.11244129271284,57.29286177351668,59.54595184326172,8137900,0.0,0.0
2008-08-07 00:00:00-04:00,60.50511560221245,61.953530467614364,59.713318226146484,60.2089958190918,8723500,0.0,0.0
2008-08-08 00:00:00-04:00,59.38505906096628,59.48162111488014,57.35083679422118,57.67914581298828,7934500,0.0,0.0
2008-08-11 00:00:00-04:00,58.41301712408634,59.24988181784244,56.6556081430895,58.45164489746094,10015200,0.0,0.0
2008-08-12 00:00:00-04:00,59.01166708643599,60.498710392254274,58.75417000614011,59.790592193603516,6333800,0.0,0.0
2008-08-13 00:00:00-04:00,59.76482836789398,63.45346129209444,59.301339622656066,63.163780212402344,8340500,0.0,0.0
2008-08-14 00:00:00-04:00,62.94492738381076,63.756041558065235,61.155330089123794,62.21750259399414,6663600,0.0,0.0
2008-08-15 00:00:00-04:00,62.01793177135717,62.01793177135717,59.67471771306254,60.479393005371094,5965600,0.0,0.0
2008-08-18 00:00:00-04:00,60.49871205347466,62.33337082001932,59.78415996892331,60.00946807861328,4908100,0.0,0.0
2008-08-19 00:00:00-04:00,59.91292704045376,62.835509446250306,59.87430418279372,62.75825881958008,5386000,0.0,0.0
2008-08-20 00:00:00-04:00,63.704545562373085,67.04555960902003,63.5629218970768,66.82025146484375,9207000,0.0,0.0
2008-08-21 00:00:00-04:00,68.06909402518218,68.71927306590129,66.70436781107084,67.72147369384766,7402500,0.0,0.0
2008-08-22 00:00:00-04:00,66.6850801516051,67.42538275454721,65.03710594156748,65.84178161621094,4303100,0.0,0.0
2008-08-25 00:00:00-04:00,65.72588510961569,66.73012333966925,64.62508976149347,65.53919982910156,4024100,0.0,0.0
2008-08-26 00:00:00-04:00,66.64640556639304,68.71281050577275,66.4790317807883,67.7536392211914,4771800,0.0,0.0
2008-08-27 00:00:00-04:00,69.73633938511351,70.55388683662149,68.16561257371939,68.73854064941406,6668800,0.0,0.0
2008-08-28 00:00:00-04:00,69.42737946491526,69.62050348911282,65.26881836963341,66.40824127197266,7112500,0.0,0.0
2008-08-29 00:00:00-04:00,67.21289124161676,67.52832244524689,65.4554789986995,65.69366455078125,4576800,0.0,0.0
2008-09-02 00:00:00-04:00,63.65305882373591,63.65305882373591,61.168220102708624,61.80552673339844,7875300,0.0,0.0
2008-09-03 00:00:00-04:00,61.51582057440154,63.08010967641074,60.11890532306147,61.425697326660156,6848300,0.0,0.0
2008-09-04 00:00:00-04:00,61.40636948446659,62.17885566179629,58.380792893353366,60.31844711303711,9073100,0.0,0.0
2008-09-05 00:00:00-04:00,60.70467774517794,62.050091849890286,58.837830954172226,61.5994758605957,6984000,0.0,0.0
2008-09-08 00:00:00-04:00,62.886969147828445,63.086526998334996,60.25406970185465,61.18105697631836,6906500,0.0,0.0
2008-09-09 00:00:00-04:00,60.33776875997098,60.447203410990674,56.14058006887862,56.217830657958984,8513100,0.0,0.0
2008-09-10 00:00:00-04:00,56.501077480332874,59.79059042840965,56.501077480332874,59.01166534423828,7499900,0.0,0.0
2008-09-11 00:00:00-04:00,58.03964252470702,60.09317126277915,56.50109829908061,59.50736999511719,6965400,0.0,0.0
2008-09-12 00:00:00-04:00,59.978086809827325,62.318913445505125,59.971636869161415,61.8223762512207,6049300,0.16,0.0
2008-09-15 00:00:00-04:00,58.68841492235365,59.72663469630902,57.4631860981968,57.740474700927734,7443600,0.0,0.0
2008-09-16 00:00:00-04:00,55.315770949480516,61.12592741386068,52.94269964064468,60.83573913574219,10819000,0.0,0.0
2008-09-17 00:00:00-04:00,60.77126517592799,63.60863429270376,58.53361270219831,60.519771575927734,10375200,0.0,0.0
2008-09-18 00:00:00-04:00,62.222185886380025,64.8274060492201,60.73901927972133,63.18302536010742,10778800,0.0,0.0
2008-09-19 00:00:00-04:00,65.45291575210355,71.45652645018164,64.36955694975696,68.03234100341797,9235700,0.0,0.0
2008-09-22 00:00:00-04:00,68.11619791439063,68.9867582222934,65.51742671697438,65.93658447265625,6892700,0.0,0.0
2008-09-23 00:00:00-04:00,66.05265190214038,67.90339183978921,64.87256331904167,65.36265563964844,6813500,0.0,0.0
2008-09-24 00:00:00-04:00,65.92369144312421,67.26498941290885,65.00154632147301,65.51097869873047,4535300,0.0,0.0
2008-09-25 00:00:00-04:00,65.83338397691354,66.71038902737686,65.13049290021802,66.18805694580078,5813100,0.0,0.0
2008-09-26 00:00:00-04:00,63.20238137972658,64.93059684441015,60.95182885050919,63.6860237121582,5477500,0.0,0.0
2008-09-29 00:00:00-04:00,61.27424608840849,61.577329349581355,54.14858661981197,56.82474136352539,9343000,0.0,0.0
2008-09-30 00:00:00-04:00,57.392223254161074,59.77819011812995,57.392223254161074,58.81090545654297,5872900,0.0,0.0
2008-10-01 00:00:00-04:00,59.03663816205297,59.12691771458242,56.05739816898103,57.740474700927734,6180000,0.0,0.0
2008-10-02 00:00:00-04:00,56.992403356500084,56.992403356500084,53.21354469126543,53.587562561035156,7535400,0.0,0.0
2008-10-03 00:00:00-04:00,53.77459102002723,57.334202176676754,52.92338051210936,53.20711898803711,5566900,0.0,0.0
2008-10-06 00:00:00-04:00,49.7635689805332,50.8275830624216,44.64341232758636,49.911888122558594,10170500,0.0,0.0
2008-10-07 00:00:00-04:00,51.05325676312718,52.48483810651882,46.12655650380024,46.777862548828125,7847800,0.0,0.0
2008-10-08 00:00:00-04:00,44.740135841228536,49.37020505008544,43.23762414883416,46.719844818115234,10470500,0.0,0.0
2008-10-09 00:00:00-04:00,46.79077572671251,48.51899096163914,40.496978759765625,40.496978759765625,8540500,0.0,0.0
2008-10-10 00:00:00-04:00,37.51129498851369,41.064455071469034,35.08018856535297,38.691383361816406,15382700,0.0,0.0
2008-10-13 00:00:00-04:00,40.61951117744766,48.016013406750204,40.54857657032526,46.99713897705078,9529900,0.0,0.0
2008-10-14 00:00:00-04:00,49.56366625896643,51.898048337594325,47.24218406423307,48.493202209472656,11025400,0.0,0.0
2008-10-15 00:00:00-04:00,46.913310626193656,47.51302737119938,40.04558788044804,40.40026092529297,8728400,0.0,0.0
2008-10-16 00:00:00-04:00,40.890340501503815,45.662275950939325,39.18147021316686,45.0819091796875,12990000,0.0,0.0
2008-10-17 00:00:00-04:00,44.09527431701308,49.93767604448516,42.87649624019224,45.65583038330078,7491500,0.0,0.0
2008-10-20 00:00:00-04:00,48.09984435798791,51.4402012514862,47.40340307151751,51.39506149291992,9238200,0.0,0.0
2008-10-21 00:00:00-04:00,49.81513962503615,51.05326230291091,47.86122619779521,49.789344787597656,6110200,0.0,0.0
2008-10-22 00:00:00-04:00,47.4485348757579,47.4485348757579,42.79267090187362,44.71434020996094,7256800,0.0,0.0
2008-10-23 00:00:00-04:00,45.069004182156455,47.261516477583235,42.07687149187856,46.829463958740234,8019100,0.0,0.0
2008-10-24 00:00:00-04:00,41.67705271614187,46.107216398598105,40.00687758855167,45.03030776977539,5542800,0.0,0.0
2008-10-27 00:00:00-04:00,44.127529401979025,45.93312952533206,41.10960085971808,41.57389831542969,5503700,0.0,0.0
2008-10-28 00:00:00-04:00,43.36659472534344,45.46237811355706,39.96820105910981,45.28826904296875,7072800,0.0,0.0
2008-10-29 00:00:00-04:00,46.165267913863275,49.25413070035194,45.849289651322586,46.28779220581055,7996700,0.0,0.0
2008-10-30 00:00:00-04:00,48.08694090757549,50.08599473684595,45.98470769415139,49.53141784667969,5446700,0.0,0.0
2008-10-31 00:00:00-04:00,48.40937366117867,53.83906380696159,47.84834677671413,52.14309310913086,6743200,0.0,0.0
2008-11-03 00:00:00-05:00,51.45954527389387,52.23337102483466,48.757595247758864,50.227867126464844,5281800,0.0,0.0
2008-11-04 00:00:00-05:00,51.58204147785079,53.839037977337505,51.58204147785079,53.5230598449707,5859000,0.0,0.0
2008-11-05 00:00:00-05:00,52.23336687295174,54.019616883990416,50.19561834699088,51.433746337890625,6203000,0.0,0.0
2008-11-06 00:00:00-05:00,50.518062257992945,50.614791729238526,46.45546874446626,47.71938705444336,7546600,0.0,0.0
2008-11-07 00:00:00-05:00,47.9837669945649,49.49272860616948,47.17124655454342,49.080020904541016,4129600,0.0,0.0
2008-11-10 00:00:00-05:00,50.89848919869905,51.72390417133928,48.91233134587018,50.169803619384766,3698800,0.0,0.0
2008-11-11 00:00:00-05:00,48.85433601600321,49.331528508985365,46.842381709583286,47.71938705444336,5336800,0.0,0.0
2008-11-12 00:00:00-05:00,46.42964890746239,47.06161018233131,43.05060361453639,43.805084228515625,5835100,0.0,0.0
2008-11-13 00:00:00-05:00,43.953417623025146,47.9128357990597,42.41220619424181,47.70648193359375,9270400,0.0,0.0
2008-11-14 00:00:00-05:00,46.481251439920946,47.97731812161191,44.69499642039845,45.230228424072266,6061100,0.0,0.0
2008-11-17 00:00:00-05:00,44.54667640946836,46.82946840560764,44.25004308836959,44.92713928222656,4326400,0.0,0.0
2008-11-18 00:00:00-05:00,45.33339181830123,46.53282471717702,43.366578484160215,45.75254440307617,6262000,0.0,0.0
2008-11-19 00:00:00-05:00,45.81705002089228,47.358256451322056,43.79864630348513,44.217803955078125,7467600,0.0,0.0
2008-11-20 00:00:00-05:00,42.347716294803284,43.02481744577521,38.01428319618743,38.368953704833984,10420500,0.0,0.0
2008-11-21 00:00:00-05:00,39.426512028240374,44.69498658326566,39.06539409071845,44.46928787231445,9167400,0.0,0.0
2008-11-24 00:00:00-05:00,46.25555144132086,48.32553988171684,44.74013497510822,46.932647705078125,8968100,0.0,0.0
2008-11-25 00:00:00-05:00,47.525913358408715,47.893481299144995,45.63003894191496,47.11965560913086,5400200,0.0,0.0
2008-11-26 00:00:00-05:00,46.53284154563267,48.36423141362729,44.39191351198663,48.293296813964844,9329000,0.0,0.0
2008-11-28 00:00:00-05:00,47.7193745288316,47.7193745288316,45.13994887862449,46.64891052246094,2652700,0.0,0.0
2008-12-01 00:00:00-05:00,45.197970611548804,45.197970611548804,42.20583811035818,42.3606071472168,6335300,0.0,0.0
2008-12-02 00:00:00-05:00,43.824429731113334,44.624050095733296,41.56743287818162,43.2569580078125,5545500,0.0,0.0
2008-12-03 00:00:00-05:00,42.23808860463553,43.65032550791012,41.59323229006094,43.47621154785156,6278200,0.0,0.0
2008-12-04 00:00:00-05:00,42.33482492173462,43.04416599917138,38.994468472120474,40.07782745361328,7287400,0.0,0.0
2008-12-05 00:00:00-05:00,39.18146666447596,40.16164850962175,36.80194786628137,39.5038948059082,8368400,0.0,0.0
2008-12-08 00:00:00-05:00,41.31594646308525,43.069956535652416,41.05800293714357,42.12201690673828,6869800,0.0,0.0
2008-12-09 00:00:00-05:00,41.477163156448846,43.876029734579575,40.226142634914694,42.71528625488281,5025300,0.0,0.0
2008-12-10 00:00:00-05:00,43.61808322987716,47.145448260407775,43.37948460862749,46.790775299072266,8112800,0.0,0.0
2008-12-11 00:00:00-05:00,47.61155419987754,48.66499614032823,44.92302587755203,45.86659622192383,6301900,0.16,0.0
2008-12-12 00:00:00-05:00,44.21858652438528,44.593431041151646,42.51240347031325,43.97946548461914,6762500,0.0,0.0
2008-12-15 00:00:00-05:00,44.97472746596886,45.34311265650502,42.396065647371735,43.494747161865234,6732700,0.0,0.0
2008-12-16 00:00:00-05:00,44.01176674460506,46.1380333544164,44.01176674460506,45.47882843017578,6369000,0.0,0.0
2008-12-17 00:00:00-05:00,44.90364220835339,46.00878301658435,44.237968100501256,44.37369155883789,5976700,0.0,0.0
2008-12-18 00:00:00-05:00,44.27027545080641,44.41245814628146,41.31676968000394,41.74331283569336,6611500,0.0,0.0
2008-12-19 00:00:00-05:00,41.97598153306657,43.992381591992036,41.80148769725659,43.16514205932617,7530600,0.0,0.0
2008-12-22 00:00:00-05:00,43.262075794619,43.30731529256698,40.15992329587484,40.76742935180664,4661900,0.0,0.0
2008-12-23 00:00:00-05:00,40.75450480104738,42.00828979350575,40.13407280118683,40.72865295410156,4178500,0.0,0.0
2008-12-24 00:00:00-05:00,40.47660496304241,40.96777774459511,39.810933441455376,40.709266662597656,1659000,0.0,0.0
2008-12-26 00:00:00-05:00,40.82558659345439,41.478332055975585,40.3085620711493,41.368465423583984,1851900,0.0,0.0
2008-12-29 00:00:00-05:00,42.33143060161061,42.74505029241941,41.53004306701053,42.363746643066406,3218600,0.0,0.0
2008-12-30 00:00:00-05:00,42.189255536728815,42.53178394285681,41.168132048583644,42.324974060058594,4073000,0.0,0.0
2008-12-31 00:00:00-05:00,42.09877521019471,43.37841471004132,41.853190022874664,42.46715545654297,3772600,0.0,0.0
2009-01-02 00:00:00-05:00,42.61580203100987,44.619273616971185,42.20218228154959,44.263816833496094,4886200,0.0,0.0
2009-01-05 00:00:00-05:00,44.14103489208813,47.18502061155963,43.62400764401234,45.873069763183594,6885700,0.0,0.0
2009-01-06 00:00:00-05:00,46.82309012892436,47.24963826223132,45.33018152382256,45.47882843017578,6554900,0.0,0.0
2009-01-07 00:00:00-05:00,44.86484692787337,44.86484692787337,42.376664894309755,43.58521270751953,4875700,0.0,0.0
2009-01-08 00:00:00-05:00,43.3654971190458,43.86313674376108,42.28620796209984,43.04882049560547,5923100,0.0,0.0
2009-01-09 00:00:00-05:00,43.30731586796089,43.617528163515594,41.80147909652979,42.37020492553711,4299100,0.0,0.0
2009-01-12 00:00:00-05:00,41.6657668121259,41.872576683570664,40.33442610750312,40.81267547607422,4789800,0.0,0.0
2009-01-13 00:00:00-05:00,40.67048811733533,42.00829039896526,40.495991845987795,41.57528305053711,4909900,0.0,0.0
2009-01-14 00:00:00-05:00,40.61878150667712,40.90960860471121,39.10002133358573,39.487789154052734,5130500,0.0,0.0
2009-01-15 00:00:00-05:00,39.28744606341414,39.55242133317263,36.83803901773933,38.73164367675781,7970700,0.0,0.0
2009-01-16 00:00:00-05:00,39.545974978071264,39.9660590547997,37.13534461565923,37.92380905151367,7302500,0.0,0.0
2009-01-20 00:00:00-05:00,37.27103657579258,37.98194739323182,35.2352522228405,35.41621017456055,7878600,0.0,0.0
2009-01-21 00:00:00-05:00,36.03018188353762,38.557141626440995,35.95909054724584,38.41495895385742,6617100,0.0,0.0
2009-01-22 00:00:00-05:00,37.3356814419039,38.27925181218969,36.36625922069757,37.10301971435547,7350900,0.0,0.0
2009-01-23 00:00:00-05:00,36.20468404331538,40.30856991536963,35.77167422667922,39.966041564941406,9528200,0.0,0.0
2009-01-26 00:00:00-05:00,40.37321785445162,41.68516889269911,39.649380588535976,40.44430923461914,5536900,0.0,0.0
2009-01-27 00:00:00-05:00,40.43136633620127,40.612324344048666,39.22928250608824,39.9466552734375,5629300,0.0,0.0
2009-01-28 00:00:00-05:00,40.74803656937426,41.975969593225095,39.953110844809,41.704532623291016,5866500,0.0,0.0
2009-01-29 00:00:00-05:00,40.32149663442981,41.85964460978573,40.06944727987014,40.61232376098633,5230600,0.0,0.0
2009-01-30 00:00:00-05:00,41.32969488689277,41.62698619639963,39.52010750971311,39.81093215942383,6362800,0.0,0.0
2009-02-02 00:00:00-05:00,39.35855470974808,39.35855470974808,38.25341117978926,38.822139739990234,6868900,0.0,0.0
2009-02-03 00:00:00-05:00,39.48133705481165,40.21163584235658,38.99016419806592,40.011287689208984,6503000,0.0,0.0
2009-02-04 00:00:00-05:00,38.641182719677595,39.65584477267291,37.27106376596438,37.542503356933594,11221700,0.0,0.0
2009-02-05 00:00:00-05:00,37.316294193070114,38.77688927084319,37.0319287605816,38.44082260131836,8131900,0.0,0.0
2009-02-06 00:00:00-05:00,37.917329384585265,38.3503392140546,36.80572702870388,37.61357879638672,6558000,0.0,0.0
2009-02-09 00:00:00-05:00,37.69760271956542,38.85444478124937,37.67821259727083,38.356807708740234,6402900,0.0,0.0
2009-02-10 00:00:00-05:00,38.84151849056308,38.84151849056308,35.965567689623796,36.321022033691406,5942000,0.0,0.0
2009-02-11 00:00:00-05:00,36.592455591259416,36.71525064654992,33.302882859773746,34.0137939453125,12999600,0.0,0.0
2009-02-12 00:00:00-05:00,33.302895304609414,33.658352212892225,32.41102833119719,33.458003997802734,8149600,0.0,0.0
2009-02-13 00:00:00-05:00,33.37397083298377,34.38863242558945,33.108995559730715,34.0202522277832,5850900,0.0,0.0
2009-02-17 00:00:00-05:00,32.75354744375319,32.9603573317425,31.280026375487274,31.325265884399414,8070400,0.0,0.0
2009-02-18 00:00:00-05:00,31.56438796742621,31.893990441490846,30.730684256352767,31.661331176757812,6821400,0.0,0.0
2009-02-19 00:00:00-05:00,32.29468866838672,32.92804426851769,31.396357741003317,31.958621978759766,7034900,0.0,0.0
2009-02-20 00:00:00-05:00,31.208933963606793,31.96508212885593,30.24597345196221,30.950420379638672,5896900,0.0,0.0
2009-02-23 00:00:00-05:00,31.687176231983127,31.751805851160825,29.360564179679475,29.405803680419922,5616300,0.0,0.0
2009-02-24 00:00:00-05:00,29.741873753243787,30.439856463733683,29.211923141367034,30.187807083129883,9458500,0.0,0.0
2009-02-25 00:00:00-05:00,30.452780012534497,30.452780012534497,28.442844389174414,29.27008628845215,9458600,0.0,0.0
2009-02-26 00:00:00-05:00,29.74187591406547,30.892256233370844,29.39288330078125,29.39288330078125,6564800,0.0,0.0
2009-02-27 00:00:00-05:00,28.908163573756305,29.347635075061913,27.983981075307835,28.22310447692871,8878700,0.0,0.0
2009-03-02 00:00:00-05:00,27.505734067204674,27.609138980543626,25.347154344057415,25.424707412719727,10359300,0.0,0.0
2009-03-03 00:00:00-05:00,25.831872560877347,27.18260100583672,25.547507120653297,26.41998863220215,12048800,0.0,0.0
2009-03-04 00:00:00-05:00,27.33123561728387,28.60440804819803,27.143813456491348,27.62206268310547,10185300,0.0,0.0
2009-03-05 00:00:00-05:00,26.878853974150868,27.96460734548234,26.187332804541626,26.63973045349121,8311200,0.0,0.0
2009-03-06 00:00:00-05:00,27.163207098332336,27.667308278757204,24.959387570596288,25.79955291748047,9521200,0.0,0.0
2009-03-09 00:00:00-04:00,25.48286851562852,26.64617421005492,24.914140355881347,25.1015625,6737200,0.0,0.0
2009-03-10 00:00:00-04:00,25.864180494816626,26.497535935978817,25.230825053654435,26.103303909301758,8917100,0.0,0.0
2009-03-11 00:00:00-04:00,26.01929082534715,27.88058214409321,25.96112539459358,27.337705612182617,9439200,0.0,0.0
2009-03-12 00:00:00-04:00,27.3182498646146,28.732493326465523,27.058754697865517,28.615720748901367,6589200,0.16,0.0
2009-03-13 00:00:00-04:00,29.10874376153472,30.211593946085404,28.875198725426568,29.303363800048828,8353800,0.0,0.0
2009-03-16 00:00:00-04:00,29.206068979297783,31.061452681151053,28.972523831549925,30.068885803222656,7098500,0.0,0.0
2009-03-17 00:00:00-04:00,30.075370080312734,30.78249168395996,29.30986219839266,30.78249168395996,6376600,0.0,0.0
2009-03-18 00:00:00-04:00,30.464612113365572,31.106861212898544,28.901159984403407,30.776004791259766,7348900,0.0,0.0
2009-03-19 00:00:00-04:00,31.372841461252207,32.55353958293556,31.359866457475267,31.73613166809082,8681000,0.0,0.0
2009-03-20 00:00:00-04:00,32.17727344729225,32.37838230342711,30.510023739956818,30.879802703857422,7368100,0.0,0.0
2009-03-23 00:00:00-04:00,31.755600263718332,33.77965414236859,31.67126396364519,33.76019287109375,7472700,0.0,0.0
2009-03-24 00:00:00-04:00,33.24119430218104,33.40337810981815,31.924260101352385,32.170780181884766,6416600,0.0,0.0
2009-03-25 00:00:00-04:00,32.28755495957271,32.754645149859925,31.074420687275286,32.079959869384766,5571200,0.0,0.0
2009-03-26 00:00:00-04:00,32.72219791423573,33.280110502349594,30.840867588309273,31.411752700805664,8716500,0.0,0.0
2009-03-27 00:00:00-04:00,30.86684405742063,30.905766613403603,29.238516156175123,29.770479202270508,7451100,0.0,0.0
2009-03-30 00:00:00-04:00,28.933586813336333,29.27741812699705,28.388649186214664,28.946561813354492,5884900,0.0,0.0
2009-03-31 00:00:00-04:00,29.303381884484853,29.822372273785543,28.855755272179067,28.991989135742188,6129500,0.0,0.0
2009-04-01 00:00:00-04:00,28.434068407383034,30.315399227738347,28.12267329634854,30.153215408325195,6073800,0.0,0.0
2009-04-02 00:00:00-04:00,30.892778882210006,31.98265454608975,30.892778882210006,31.398794174194336,6610200,0.0,0.0
2009-04-03 00:00:00-04:00,31.457178190799908,32.741673886032885,31.333916890550096,32.40433120727539,6087300,0.0,0.0
2009-04-06 00:00:00-04:00,32.01508297877808,32.28755306537028,30.750051245513184,31.392297744750977,5621200,0.0,0.0
2009-04-07 00:00:00-04:00,30.633284117189515,30.808442959218926,29.751003642402388,30.049421310424805,5271300,0.0,0.0
2009-04-08 00:00:00-04:00,30.02997836373783,30.970645693123622,29.322856299549112,30.464630126953125,4768700,0.0,0.0
2009-04-09 00:00:00-04:00,31.515572876530086,32.1124083694661,30.905759901444576,31.72965431213379,4911800,0.0,0.0
2009-04-13 00:00:00-04:00,31.11333427903259,31.930741877139194,30.46459918993819,31.66476058959961,4859400,0.0,0.0
2009-04-14 00:00:00-04:00,31.282022607471443,33.20227884833635,31.249583856829958,32.26810073852539,8310400,0.0,0.0
2009-04-15 00:00:00-04:00,31.995622113208533,32.735179897194236,31.638818223094376,32.37837600708008,4747200,0.0,0.0
2009-04-16 00:00:00-04:00,32.70922989343684,32.70922989343684,31.62584322121568,32.37837600708008,4399600,0.0,0.0
2009-04-17 00:00:00-04:00,32.38486489102384,34.058603147874926,32.03454971086813,33.831546783447266,7580000,0.0,0.0
2009-04-20 00:00:00-04:00,33.05954553922181,33.202268076607716,31.21065119003358,31.33390998840332,4944400,0.0,0.0
2009-04-21 00:00:00-04:00,30.95116419236374,32.657338924021175,30.54246268732381,32.42379379272461,5259600,0.0,0.0
2009-04-22 00:00:00-04:00,32.177268134325146,33.0854984946582,31.599894144786713,32.29404067993164,4651300,0.0,0.0
2009-04-23 00:00:00-04:00,32.74166115720125,33.13738996256581,32.17725984066753,33.09846496582031,4574500,0.0,0.0
2009-04-24 00:00:00-04:00,33.56555833046675,34.37647728199328,33.37093580231778,33.9677734375,5135900,0.0,0.0
2009-04-27 00:00:00-04:00,33.15685731378893,33.643408726200875,32.71571716855716,33.03359603881836,3894900,0.0,0.0
2009-04-28 00:00:00-04:00,32.430273536055154,33.474735122815446,32.19023973173713,33.08549499511719,3243400,0.0,0.0
2009-04-29 00:00:00-04:00,33.409881169456256,34.79168859812703,33.091999657797814,34.0910530090332,4504100,0.0,0.0
2009-04-30 00:00:00-04:00,34.408921344314216,34.694363989048476,32.81951934411903,33.636924743652344,5562700,0.0,0.0
2009-05-01 00:00:00-04:00,33.786142306586754,35.32364457931845,33.57205842729627,35.122535705566406,5174600,0.0,0.0
2009-05-04 00:00:00-04:00,35.258758890594756,37.14657831786532,35.213347622305626,37.09468078613281,6335500,0.0,0.0
2009-05-05 00:00:00-04:00,36.685991394621134,36.919536566532656,34.62950108311149,35.343109130859375,6250700,0.0,0.0
2009-05-06 00:00:00-04:00,37.86019837631169,39.916688408416434,37.0233291155731,39.579345703125,11657800,0.0,0.0
2009-05-07 00:00:00-04:00,40.513519515864566,41.42823617939736,38.489466095974095,39.14468765258789,7545100,0.0,0.0
2009-05-08 00:00:00-04:00,39.689640365987636,42.15483738726264,39.63125406864734,41.40230178833008,7963700,0.0,0.0
2009-05-11 00:00:00-04:00,40.72110505319347,41.389301455782814,40.05939491312667,41.09737014770508,6121600,0.0,0.0
2009-05-12 00:00:00-04:00,41.58394027576907,42.226186968750696,40.267008138364325,42.07698059082031,9609800,0.0,0.0
2009-05-13 00:00:00-04:00,41.45418540877479,41.681241767030556,39.81288346649488,40.37079620361328,6774800,0.0,0.0
2009-05-14 00:00:00-04:00,39.9231843682881,40.539483605282044,39.03441492689774,40.22808837890625,5648400,0.0,0.0
2009-05-15 00:00:00-04:00,39.94911739098219,40.16319873398737,37.65908030386363,37.951011657714844,6561300,0.0,0.0
2009-05-18 00:00:00-04:00,38.61272384755767,40.14373949182394,38.35322874778319,39.910194396972656,4463900,0.0,0.0
2009-05-19 00:00:00-04:00,39.95560839250294,41.155767742650376,39.70908827838167,40.31890106201172,4900900,0.0,0.0
2009-05-20 00:00:00-04:00,41.02602316697295,42.174284992691575,39.95560888756761,40.098331451416016,6346700,0.0,0.0
2009-05-21 00:00:00-04:00,39.46905171432552,39.65069678783472,38.09373371190905,38.8592414855957,4869700,0.0,0.0
2009-05-22 00:00:00-04:00,39.05385989599416,39.689620100904285,38.5478447525008,38.76192855834961,3044700,0.0,0.0
2009-05-26 00:00:00-04:00,38.18456084120918,39.890735403841276,37.665573086814106,39.84532165527344,5032700,0.0,0.0
2009-05-27 00:00:00-04:00,40.38377973537175,40.811945011890145,39.001972603309554,39.11225891113281,4786000,0.0,0.0
2009-05-28 00:00:00-04:00,38.83330792819907,40.87033702858783,38.52840144734217,40.42271041870117,6465100,0.0,0.0
2009-05-29 00:00:00-04:00,41.077925224450816,41.389317918683034,40.33836726630816,41.02602767944336,5596900,0.0,0.0
2009-06-01 00:00:00-04:00,41.88235383598302,43.41985844221402,41.75909748151284,43.108463287353516,6688300,0.0,0.0
2009-06-02 00:00:00-04:00,42.913848756871765,43.549606692834004,42.329985892599396,42.90087127685547,5200500,0.0,0.0
2009-06-03 00:00:00-04:00,42.245640816396204,42.25212460521868,40.35781888306063,41.14278793334961,7356400,0.0,0.0
2009-06-04 00:00:00-04:00,41.68773651167559,42.77761213778012,41.077923676397425,42.4597282409668,4661100,0.0,0.0
2009-06-05 00:00:00-04:00,42.93978660277006,43.32902675219527,41.59041613193614,41.98614501953125,5856400,0.0,0.0
2009-06-08 00:00:00-04:00,41.415260478039905,41.90180946453125,40.948170283355466,41.454185485839844,9351800,0.0,0.0
2009-06-09 00:00:00-04:00,41.947235239008386,42.11590288703526,41.149288483117644,41.61637878417969,5374400,0.0,0.0
2009-06-10 00:00:00-04:00,42.23914511031197,42.3559176327962,40.63676853212254,41.35686492919922,5484700,0.0,0.0
2009-06-11 00:00:00-04:00,41.39590554703506,43.834784448526776,41.38940048062911,43.0478401184082,5874800,0.16,0.0
2009-06-12 00:00:00-04:00,42.65759650702066,42.91774446624959,42.03974944552288,42.61857604980469,2715200,0.0,0.0
2009-06-15 00:00:00-04:00,42.05927699521158,42.241379153093256,40.88211307325391,41.42191696166992,3348900,0.0,0.0
2009-06-16 00:00:00-04:00,42.033258674264445,42.18284541430454,40.465875246258854,40.72602081298828,4151000,0.0,0.0
2009-06-17 00:00:00-04:00,40.54391660351134,40.72601873904408,39.36024776063749,40.0561408996582,4972000,0.0,0.0
2009-06-18 00:00:00-04:00,40.30327602028454,40.3553041318033,39.52933708344319,39.94557189941406,3987300,0.0,0.0
2009-06-19 00:00:00-04:00,40.478887056732624,40.478887056732624,38.371694600604265,38.78792953491211,7899000,0.0,0.0
2009-06-22 00:00:00-04:00,38.11153197324733,38.12453962009695,36.42057757807579,36.6221923828125,5344000,0.0,0.0
2009-06-23 00:00:00-04:00,36.92786967911944,37.122981934082894,36.23848164556057,36.65471649169922,4539200,0.0,0.0
2009-06-24 00:00:00-04:00,36.77829836759494,37.30509717549899,36.095412677986445,36.297027587890625,4200400,0.0,0.0
2009-06-25 00:00:00-04:00,36.056379929925605,37.36362023438284,35.93931355994569,36.953887939453125,6014300,0.0,0.0
2009-06-26 00:00:00-04:00,36.7587930551461,36.76529564235702,35.82226419650878,36.03688430786133,5769100,0.0,0.0
2009-06-29 00:00:00-04:00,36.48562755373405,36.7587832821443,35.95232622978957,36.088905334472656,4914700,0.0,0.0
2009-06-30 00:00:00-04:00,36.08889903957927,36.64171050450046,34.8076740799233,35.44503402709961,7471500,0.0,0.0
2009-07-01 00:00:00-04:00,35.97184994638201,36.83683797540957,35.744219689617196,35.822265625,5549600,0.0,0.0
2009-07-02 00:00:00-04:00,35.05481409997973,35.1718804646782,33.71505597118361,33.962196350097656,6035700,0.0,0.0
2009-07-06 00:00:00-04:00,33.06469108942771,33.42239279710369,32.36229284370265,33.357357025146484,7596600,0.0,0.0
2009-07-07 00:00:00-04:00,33.350845485717386,33.42889137406352,32.290748219045184,32.459842681884766,7833400,0.0,0.0
2009-07-08 00:00:00-04:00,32.362287959295855,33.07769374762803,31.698915246396353,32.42732620239258,5394000,0.0,0.0
2009-07-09 00:00:00-04:00,32.8240519905204,33.53295273973504,32.71348821373003,33.071189880371094,5015600,0.0,0.0
2009-07-10 00:00:00-04:00,32.5183854450167,33.051686767838504,32.08264027091232,32.8760871887207,3931800,0.0,0.0
2009-07-13 00:00:00-04:00,32.9411259683428,33.812618811268834,32.19320209891492,33.72156524658203,4472600,0.0,0.0
2009-07-14 00:00:00-04:00,34.00772102878006,34.33940739979133,33.38987133749081,34.33290481567383,4671900,0.0,0.0
2009-07-15 00:00:00-04:00,35.11985587798807,35.57511376519021,34.95726395262702,35.35398864746094,6085100,0.0,0.0
2009-07-16 00:00:00-04:00,35.06132364001779,36.16044419223337,34.957264904192385,35.958831787109375,4748900,0.0,0.0
2009-07-17 00:00:00-04:00,35.96533060623855,36.42058845815665,35.47105228306979,36.21247100830078,4508200,0.0,0.0
2009-07-20 00:00:00-04:00,36.58967061248143,37.08395124986303,35.87426743005868,36.583168029785156,3379000,0.0,0.0
2009-07-21 00:00:00-04:00,36.71324929075949,37.201024961192196,36.192955738489005,36.96689224243164,3699500,0.0,0.0
2009-07-22 00:00:00-04:00,36.54416129899117,37.20753667120274,36.082400813153185,36.79130172729492,3732800,0.0,0.0
2009-07-23 00:00:00-04:00,36.700256255933596,37.88392548904617,36.700256255933596,37.78636932373047,4253100,0.0,0.0
2009-07-24 00:00:00-04:00,37.50018387540497,38.07250787735093,37.41563541943513,38.020477294921875,2507800,0.0,0.0
2009-07-27 00:00:00-04:00,38.183085928913336,38.26113183686599,37.5717412023524,38.17007827758789,2250900,0.0,0.0
2009-07-28 00:00:00-04:00,37.60424875164323,38.02048355579862,36.36854950597119,36.979896545410156,4166900,0.0,0.0
2009-07-29 00:00:00-04:00,36.31652459047001,36.674226251696155,35.77671832569091,36.570167541503906,4501700,0.0,0.0
2009-07-30 00:00:00-04:00,37.38964083353206,37.57824558437978,36.87584974591078,37.246559143066406,3606200,0.0,0.0
2009-07-31 00:00:00-04:00,36.90836114130961,38.228606569727354,36.856330542674684,37.77985382080078,3635200,0.0,0.0
2009-08-03 00:00:00-04:00,38.59931762365595,39.67242519929789,38.44323078269877,39.30171585083008,6207400,0.0,0.0
2009-08-04 00:00:00-04:00,39.002540438441656,40.32278569219997,38.89848173589354,39.82200241088867,4532700,0.0,0.0
2009-08-05 00:00:00-04:00,40.97317458499789,41.8836905681582,40.68701362389778,41.142269134521484,8994200,0.0,0.0
2009-08-06 00:00:00-04:00,41.03818376068759,41.28532407827359,40.472364792357,41.213783264160156,5161000,0.0,0.0
2009-08-07 00:00:00-04:00,41.63002822971414,42.046263064410134,41.31134703886266,41.49995422363281,5430900,0.0,0.0
2009-08-10 00:00:00-04:00,41.20079422050979,42.1243151954332,41.09023289856374,41.92270278930664,2918800,0.0,0.0
2009-08-11 00:00:00-04:00,41.81214430389232,41.96823117851754,41.73409838562357,41.786128997802734,5522500,0.0,0.0
2009-08-12 00:00:00-04:00,41.77310996310653,42.37144691886913,41.460931355541774,41.61051559448242,3798200,0.0,0.0
2009-08-13 00:00:00-04:00,41.92920115568903,42.560058539496005,41.49995862674706,42.091793060302734,4076500,0.0,0.0
2009-08-14 00:00:00-04:00,42.03325866948221,42.15032504283161,40.452867591176606,40.79756164550781,3641400,0.0,0.0
2009-08-17 00:00:00-04:00,39.97159429005803,40.030127476502464,39.314724069697675,39.965091705322266,3788300,0.0,0.0
2009-08-18 00:00:00-04:00,40.03664063552996,40.37483217213425,39.56187246326514,40.30329132080078,2685800,0.0,0.0
2009-08-19 00:00:00-04:00,39.80249524976644,41.252814613824235,39.53584464885815,40.80406188964844,4194300,0.0,0.0
2009-08-20 00:00:00-04:00,40.79756783277844,41.2983512878418,39.83502388000488,41.2983512878418,5819900,0.0,0.0
2009-08-21 00:00:00-04:00,41.35687312503015,42.22836575225328,41.05770464368849,41.8381462097168,6685900,0.0,0.0
2009-08-24 00:00:00-04:00,42.24136714558445,42.42997431603756,41.55848424764413,41.87716293334961,2880600,0.0,0.0
2009-08-25 00:00:00-04:00,42.05925923350857,42.27388166976722,40.752021830417405,40.895103454589844,3720000,0.0,0.0
2009-08-26 00:00:00-04:00,40.530900082297045,40.81055828977107,40.303272462704214,40.667476654052734,3427000,0.0,0.0
2009-08-27 00:00:00-04:00,40.38782447487528,40.517898483038195,39.56185985709479,40.4073371887207,3374400,0.0,0.0
2009-08-28 00:00:00-04:00,41.025193229804394,41.20079031496086,40.39433580498896,40.693504333496094,3698900,0.0,0.0
2009-08-31 00:00:00-04:00,40.17319473931916,40.23172790476658,39.34722784065205,39.919551849365234,3352100,0.0,0.0
2009-09-01 00:00:00-04:00,39.848012981359865,40.24473751307719,38.76189807641614,38.90497970581055,5014600,0.0,0.0
2009-09-02 00:00:00-04:00,39.26920461310071,40.361822608578976,39.152138222088325,39.815513610839844,6550000,0.0,0.0
2009-09-03 00:00:00-04:00,40.0561335912155,40.15368970656873,39.2171589382339,39.60087585449219,3836500,0.0,0.0
2009-09-04 00:00:00-04:00,39.568358211021064,40.244740996395294,39.386256107633805,40.17970275878906,2730900,0.0,0.0
2009-09-08 00:00:00-04:00,40.87560001567576,41.57799816896396,40.68049024452527,41.40890121459961,3693800,0.0,0.0
2009-09-09 00:00:00-04:00,41.55850082092159,42.1958584465069,41.20730163539179,41.44793701171875,3380600,0.0,0.0
2009-09-10 00:00:00-04:00,41.6560601880782,42.599091527197686,41.304858494521596,42.553565979003906,4303800,0.0,0.0
2009-09-11 00:00:00-04:00,42.85343909826528,43.446721580784654,42.16235640471009,42.8012809753418,4558300,0.16,0.0
2009-09-14 00:00:00-04:00,42.2340877445509,43.19247245757461,42.097176353272395,43.14683532714844,2953700,0.0,0.0
2009-09-15 00:00:00-04:00,43.583664205308544,44.93974653022002,43.38807856507144,44.65288162231445,5825600,0.0,0.0
2009-09-16 00:00:00-04:00,45.04404044672495,47.19551647533452,44.61374822544745,47.078163146972656,8419000,0.0,0.0
2009-09-17 00:00:00-04:00,46.804332434045875,47.534531350462544,46.276245033019144,46.38707733154297,6712500,0.0,0.0
2009-09-18 00:00:00-04:00,46.65439046277154,46.97385536476878,45.72860578850363,46.1328239440918,4195900,0.0,0.0
2009-09-21 00:00:00-04:00,45.135300092031464,45.68294540401315,44.75064019274464,45.552555084228516,3024100,0.0,0.0
2009-09-22 00:00:00-04:00,46.178453266260334,46.75217783199347,45.83943036108846,46.44575500488281,3154000,0.0,0.0
2009-09-23 00:00:00-04:00,46.59569256472114,46.77824100204837,45.539513067806936,45.552555084228516,3472300,0.0,0.0
2009-09-24 00:00:00-04:00,45.4613185513677,45.5656298988514,43.72057599739137,44.2486686706543,4915900,0.0,0.0
2009-09-25 00:00:00-04:00,44.13130894136571,44.626796475199825,43.511942062960166,43.79228591918945,3535600,0.0,0.0
2009-09-28 00:00:00-04:00,43.85747178515447,44.470317520389095,43.583648999907844,44.34644317626953,3940800,0.0,0.0
2009-09-29 00:00:00-04:00,44.30081945276841,44.43773586090285,43.73361565082165,44.11827087402344,4447300,0.0,0.0
2009-09-30 00:00:00-04:00,44.489873865019035,44.58766913428671,43.08815493637974,43.89659118652344,4990100,0.0,0.0
2009-10-01 00:00:00-04:00,43.75968413645893,43.811837307706746,41.82335651451937,41.93418884277344,4639600,0.0,0.0
2009-10-02 00:00:00-04:00,41.445215640156874,42.22105185272824,40.81281183401796,42.05154037475586,5083900,0.0,0.0
2009-10-05 00:00:00-04:00,42.12977798166431,43.44021776374621,41.803797045491315,43.25114822387695,3549500,0.0,0.0
2009-10-06 00:00:00-04:00,42.938209944222734,43.60320887523556,42.59918698011862,43.316349029541016,4801800,0.0,0.0
2009-10-07 00:00:00-04:00,43.3163716818164,43.63583177830052,42.69048854471246,43.35548782348633,3085800,0.0,0.0
2009-10-08 00:00:00-04:00,43.50542454833548,45.22008274277444,43.50542454833548,44.9984130859375,4484800,0.0,0.0
2009-10-09 00:00:00-04:00,44.56158098631827,45.10923139820787,44.07260971366502,44.594181060791016,3915600,0.0,0.0
2009-10-12 00:00:00-04:00,44.9853748618303,45.630815804063396,44.8941005861236,45.089691162109375,3329400,0.0,0.0
2009-10-13 00:00:00-04:00,45.14184215637635,45.93071548632782,44.522480319148045,45.63081359863281,4423700,0.0,0.0
2009-10-14 00:00:00-04:00,45.98939270852411,46.32189466799213,45.330909801284356,45.8589973449707,3790800,0.0,0.0
2009-10-15 00:00:00-04:00,45.72208288741797,46.76522582981629,45.67644575674361,46.726104736328125,4553100,0.0,0.0
2009-10-16 00:00:00-04:00,46.302309427011785,46.726085450693326,45.98937065271339,46.47182083129883,3786300,0.0,0.0
2009-10-19 00:00:00-04:00,46.55010058753237,47.1499045985901,46.15892427484588,46.88260269165039,3622000,0.0,0.0
2009-10-20 00:00:00-04:00,47.00643526709783,47.67143895392603,46.34143655434241,46.93471908569336,3340000,0.0,0.0
2009-10-21 00:00:00-04:00,45.77425058242672,47.37807647608201,45.60473907279886,46.20454788208008,5118500,0.0,0.0
2009-10-22 00:00:00-04:00,45.872039794921875,45.98287212441699,44.809343685970994,45.872039794921875,4317100,0.0,0.0
2009-10-23 00:00:00-04:00,46.008946474902906,46.09369972274556,44.17693531113596,44.476837158203125,3333600,0.0,0.0
2009-10-26 00:00:00-04:00,44.33991689410951,45.21354319015735,43.21854196706601,43.577117919921875,3876400,0.0,0.0
2009-10-27 00:00:00-04:00,43.6553765147239,44.76371493957753,43.33591651581793,44.16390609741211,3980200,0.0,0.0
2009-10-28 00:00:00-04:00,43.87703993486041,43.87703993486041,42.605711185286275,42.70350646972656,3859000,0.0,0.0
2009-10-29 00:00:00-04:00,43.15988230743731,44.32037884289289,42.84694333366582,44.26169967651367,3637500,0.0,0.0
2009-10-30 00:00:00-04:00,44.066102143285974,44.066102143285974,41.64080558244096,42.188453674316406,6120200,0.0,0.0
2009-11-02 00:00:00-05:00,42.72307045092454,43.2642001222675,41.69297175074747,42.36449432373047,3753800,0.0,0.0
2009-11-03 00:00:00-05:00,41.836395939590304,43.53801697828442,41.45174078766222,43.32286834716797,4378600,0.0,0.0
2009-11-04 00:00:00-05:00,44.013949945686925,44.84846039480271,42.82737946821143,43.72708511352539,6929500,0.0,0.0
2009-11-05 00:00:00-05:00,44.07914961750415,45.00493443011276,43.62277822370417,44.93973922729492,3807100,0.0,0.0
2009-11-06 00:00:00-05:00,44.25517695234201,45.01145522884754,44.09870747150729,44.359493255615234,4223700,0.0,0.0
2009-11-09 00:00:00-05:00,44.802808713418884,45.23310084787872,44.58766015915246,45.05055236816406,4076700,0.0,0.0
2009-11-10 00:00:00-05:00,44.913643311529995,45.59168410957765,44.82236906699216,45.49388885498047,2771900,0.0,0.0
2009-11-11 00:00:00-05:00,45.793815715062735,45.891611023177624,44.48337549818153,44.920188903808594,3105000,0.0,0.0
2009-11-12 00:00:00-05:00,44.59418637616993,45.076636696619424,43.43369521326714,43.87702941894531,3615500,0.0,0.0
2009-11-13 00:00:00-05:00,43.81835220177312,44.33340262325569,43.46629223111135,44.19649124145508,4300200,0.0,0.0
2009-11-16 00:00:00-05:00,45.643867261017235,47.09773993455846,45.57215103327384,46.28278732299805,6860900,0.0,0.0
2009-11-17 00:00:00-05:00,46.66743635608084,47.03253344684253,45.8589999778588,46.04155349731445,5711800,0.0,0.0
2009-11-18 00:00:00-05:00,46.14586338155542,46.75870917115085,45.80684537556998,46.7195930480957,4779100,0.0,0.0
2009-11-19 00:00:00-05:00,46.21104927013591,46.41967684119916,44.89408866043796,45.096195220947266,5451100,0.0,0.0
2009-11-20 00:00:00-05:00,44.66590236828585,44.8419298580382,43.72055481495336,44.00741958618164,4742300,0.0,0.0
2009-11-23 00:00:00-05:00,44.94626767416579,45.18097442239193,44.066114881279795,44.287784576416016,4120900,0.0,0.0
2009-11-24 00:00:00-05:00,44.405138015734806,44.48989129613361,43.50543212893077,44.1052360534668,4167400,0.0,0.0
2009-11-25 00:00:00-05:00,44.07263070482987,44.91366229125356,43.72709163676459,44.85498809814453,4187100,0.0,0.0
2009-11-27 00:00:00-05:00,43.38155412379359,44.29430196167553,43.04253108231504,43.99440002441406,2787700,0.0,0.0
2009-11-30 00:00:00-05:00,43.66189369455642,44.20302332055669,43.35547077443397,43.909637451171875,4333500,0.0,0.0
2009-12-01 00:00:00-05:00,44.39860721067214,45.076648226558284,44.39860721067214,44.71806716918945,3148000,0.0,0.0
2009-12-02 00:00:00-05:00,44.50292370703725,44.861499791928125,43.746645464154845,44.05958938598633,2723000,0.0,0.0
2009-12-03 00:00:00-05:00,43.95527072573324,44.37904696154019,42.95776980048088,43.198997497558594,5279600,0.0,0.0
2009-12-04 00:00:00-05:00,43.687974838967,44.52900641251073,42.46880411314928,43.13380813598633,4587700,0.0,0.0
2009-12-07 00:00:00-05:00,43.17944682051581,43.71405547853869,42.67743327908336,42.892581939697266,3389000,0.0,0.0
2009-12-08 00:00:00-05:00,42.67090863243052,42.67090863243052,41.50389860487868,41.59517288208008,3810100,0.0,0.0
2009-12-09 00:00:00-05:00,41.73208185207705,42.005904651314665,40.851931810876366,41.37350082397461,4284000,0.0,0.0
2009-12-10 00:00:00-05:00,41.79727745347531,42.15585848507286,41.18443168095387,41.75164031982422,4261500,0.0,0.0
2009-12-11 00:00:00-05:00,41.81046368141969,41.99346944301479,41.444449664963,41.758174896240234,3580600,0.16,0.0
2009-12-14 00:00:00-05:00,43.66014099121094,44.666672741605936,43.46406052805002,43.66014099121094,9141400,0.0,0.0
2009-12-15 00:00:00-05:00,43.92157698306615,43.92157698306615,43.16994680824044,43.37909698486328,5334100,0.0,0.0
2009-12-16 00:00:00-05:00,43.75818960794892,44.64054697527179,43.47061115704314,44.359500885009766,4275200,0.0,0.0
2009-12-17 00:00:00-05:00,44.38564938399054,45.385649173619406,43.77126834239987,44.90198516845703,5663200,0.0,0.0
2009-12-18 00:00:00-05:00,45.431388794434795,45.97386884210976,45.26799004821768,45.46406555175781,6356600,0.0,0.0
2009-12-21 00:00:00-05:00,46.156883730247586,46.555577105386824,46.07845052993785,46.176490783691406,3044900,0.0,0.0
2009-12-22 00:00:00-05:00,46.18301690924055,46.627456643406674,46.078439334236826,46.46405792236328,2717200,0.0,0.0
2009-12-23 00:00:00-05:00,46.58824622111285,47.31373699869776,46.13726411976719,47.15687561035156,2877400,0.0,0.0
2009-12-24 00:00:00-05:00,47.346413156512014,48.01961506307929,47.130725656388606,47.725494384765625,1162800,0.0,0.0
2009-12-28 00:00:00-05:00,48.098063851057844,48.55558343995158,47.934665066424756,48.40525436401367,2704500,0.0,0.0
2009-12-29 00:00:00-05:00,48.444439390505984,49.05228264128511,48.248358992242395,48.49672317504883,3363900,0.0,0.0
2009-12-30 00:00:00-05:00,48.104591902206984,48.69282841051332,48.065377797164636,48.41831970214844,2254000,0.0,0.0
2009-12-31 00:00:00-05:00,48.555574827618045,48.69282918398073,48.03923416137695,48.03923416137695,1784200,0.0,0.0
2010-01-04 00:00:00-05:00,49.22224890083714,50.189571912000176,48.92159573174821,50.045780181884766,4225500,0.0,0.0
2010-01-05 00:00:00-05:00,50.14377769743227,50.156847395146855,49.59475564933119,50.098026275634766,3711400,0.0,0.0
2010-01-06 00:00:00-05:00,50.052300971080946,50.130729171354155,49.34641724942051,49.947723388671875,3225500,0.0,0.0
2010-01-07 00:00:00-05:00,49.614403750699125,49.74512076901418,49.05884395652363,49.65361785888672,2836400,0.0,0.0
2010-01-08 00:00:00-05:00,49.287592367417396,49.83007232885653,48.849680007402846,49.751644134521484,2496200,0.0,0.0
2010-01-11 00:00:00-05:00,49.477125003911254,49.6732054410548,48.601310354144125,49.0718994140625,2811600,0.0,0.0
2010-01-12 00:00:00-05:00,48.4052295269319,48.67974313402725,48.00000394034861,48.49020004272461,2567500,0.0,0.0
2010-01-13 00:00:00-05:00,48.54903563513056,49.24838208326322,47.94119208776037,49.06537628173828,2131300,0.0,0.0
2010-01-14 00:00:00-05:00,49.10457622982009,49.20915379284859,48.05882553219843,48.34640884399414,2867600,0.0,0.0
2010-01-15 00:00:00-05:00,48.04576818852402,48.39217272872669,47.18955537722241,47.73204040527344,3400400,0.0,0.0
2010-01-19 00:00:00-05:00,47.46404797927712,48.124175023041566,47.25489787883588,48.0849609375,2198900,0.0,0.0
2010-01-20 00:00:00-05:00,47.28758135307864,47.28758135307864,46.26143774756268,47.08496856689453,2905400,0.0,0.0
2010-01-21 00:00:00-05:00,47.17647156872452,47.620916219988246,46.61437965722828,46.686275482177734,2963800,0.0,0.0
2010-01-22 00:00:00-05:00,46.73200764810988,46.87579923871816,45.163379820657454,45.29410171508789,3269500,0.0,0.0
2010-01-25 00:00:00-05:00,45.69284134096656,46.732055281665154,45.54904960379268,46.385650634765625,2756500,0.0,0.0
2010-01-26 00:00:00-05:00,45.75817868734154,46.58824198619242,45.11765351447406,45.59477996826172,3628800,0.0,0.0
2010-01-27 00:00:00-05:00,45.59477757883215,45.97385879746607,44.496738044698056,45.32680130004883,3633100,0.0,0.0
2010-01-28 00:00:00-05:00,45.588236994592954,46.202617698167494,44.281047403350144,44.7843132019043,3760800,0.0,0.0
2010-01-29 00:00:00-05:00,45.235297903513654,45.843141299142644,43.43791210839419,43.732032775878906,4751100,0.0,0.0
2010-02-01 00:00:00-05:00,44.24837113220146,45.686282852023766,44.1634055934319,45.59477996826172,3073400,0.0,0.0
2010-02-02 00:00:00-05:00,45.61438065926287,46.718957441984145,45.326797358073314,46.6143798828125,3556800,0.0,0.0
2010-02-03 00:00:00-05:00,46.48365581308466,46.718950298712144,45.79084205583408,46.0718879699707,3298300,0.0,0.0
2010-02-04 00:00:00-05:00,45.54249352573811,45.67974785844649,43.60785319062931,43.69935607910156,4551200,0.0,0.0
2010-02-05 00:00:00-05:00,43.6143798828125,43.92156522677503,42.26143894911496,43.6143798828125,4666200,0.0,0.0
2010-02-08 00:00:00-05:00,43.54902366503995,44.189548821008344,43.01307608005946,43.228763580322266,3113000,0.0,0.0
2010-02-09 00:00:00-05:00,43.86274624282996,44.74509820170399,43.464053026670236,43.98693084716797,3853300,0.0,0.0
2010-02-10 00:00:00-05:00,43.84968269779367,43.98694202511729,42.52942309600495,43.405242919921875,3950400,0.0,0.0
2010-02-11 00:00:00-05:00,43.13727907895212,44.274533222076464,43.07845791010861,43.862770080566406,3357100,0.0,0.0
2010-02-12 00:00:00-05:00,43.11765278520696,43.98693512708917,42.98039846594128,43.843143463134766,3367700,0.0,0.0
2010-02-16 00:00:00-05:00,44.88889012915715,45.24183191219503,44.60130682745239,45.16339874267578,3011200,0.0,0.0
2010-02-17 00:00:00-05:00,46.08496891800957,46.33987048098592,45.25490076244462,45.6143798828125,4839000,0.0,0.0
2010-02-18 00:00:00-05:00,45.503270782656806,46.11764649046819,45.490196094482584,45.88888931274414,3399100,0.0,0.0
2010-02-19 00:00:00-05:00,45.83661048011887,46.93465015801249,45.751644934677984,46.67974853515625,3733000,0.0,0.0
2010-02-22 00:00:00-05:00,47.045763695834246,47.045763695834246,45.673210399109664,45.764713287353516,3048400,0.0,0.0
2010-02-23 00:00:00-05:00,45.470595683827774,45.542491519679594,44.2875905445931,44.47059631347656,4506900,0.0,0.0
2010-02-24 00:00:00-05:00,44.47714379180415,44.98694711742388,44.21570478246384,44.699363708496094,2497500,0.0,0.0
2010-02-25 00:00:00-05:00,43.75817482950063,45.02615048103562,43.594776110963984,44.97386169433594,3628500,0.0,0.0
2010-02-26 00:00:00-05:00,45.163415059078424,45.21570385764854,44.67975613864051,45.006553649902344,3728900,0.0,0.0
2010-03-01 00:00:00-05:00,45.33333914108417,45.62745482862169,45.00000437175081,45.34640884399414,3319000,0.0,0.0
2010-03-02 00:00:00-05:00,45.496744843144825,46.07844394939894,45.4836701516932,45.856224060058594,3125700,0.0,0.0
2010-03-03 00:00:00-05:00,45.92157925006038,46.4509895254429,45.830076362624716,46.03922653198242,3195500,0.0,0.0
2010-03-04 00:00:00-05:00,46.16992770816059,46.31371933533123,45.032674363359945,45.45751190185547,3651700,0.0,0.0
2010-03-05 00:00:00-05:00,45.87582616967154,45.90850292171371,44.7254977859767,45.71895980834961,3879500,0.0,0.0
2010-03-08 00:00:00-05:00,45.764712831792345,45.764712831792345,45.00000799342376,45.54903030395508,4064300,0.0,0.0
2010-03-09 00:00:00-05:00,45.28104631907815,46.50980771744245,45.16993640138468,46.30718994140625,5451800,0.0,0.0
2010-03-10 00:00:00-05:00,46.392160633188304,47.313726698956536,46.176473154581835,46.960784912109375,6096000,0.0,0.0
2010-03-11 00:00:00-05:00,48.21195332110969,48.218505257727244,47.000104925354464,47.19007110595703,9963500,0.16,0.0
2010-03-12 00:00:00-05:00,47.55034827473232,47.55690021143496,45.94546862136144,46.2009391784668,6106000,0.0,0.0
2010-03-15 00:00:00-04:00,45.87996947827422,45.9258230450938,44.510904415808504,45.0218505859375,5537400,0.0,0.0
2010-03-16 00:00:00-04:00,45.44761102758814,45.44761102758814,44.08510351592875,44.40607833862305,8492000,0.0,0.0
2010-03-17 00:00:00-04:00,44.641893543761036,44.96286833438908,43.90167994797278,43.99993896484375,8180400,0.0,0.0
2010-03-18 00:00:00-04:00,43.927892153465145,44.17681571621046,42.58503529233883,42.833953857421875,8371300,0.0,0.0
2010-03-19 00:00:00-04:00,42.12648391723633,42.89944715414254,41.890666784626895,42.12648391723633,8940900,0.0,0.0
2010-03-22 00:00:00-04:00,41.74001718375075,42.02824237385357,41.176670674547495,41.923431396484375,7814600,0.0,0.0
2010-03-23 00:00:00-04:00,42.06754179000772,42.79465166505153,41.779316614988645,42.56538391113281,6147700,0.0,0.0
2010-03-24 00:00:00-04:00,42.309906651760585,43.377647143228195,42.05443616552696,42.65708923339844,11050000,0.0,0.0
2010-03-25 00:00:00-04:00,43.01735623557181,43.023908169016906,41.13080421391612,41.222511291503906,6915500,0.0,0.0
2010-03-26 00:00:00-04:00,41.49764772250465,41.550053213936806,40.86224738129363,41.399391174316406,4784300,0.0,0.0
2010-03-29 00:00:00-04:00,41.68105315616159,42.57192377977189,41.60244494030102,42.29680252075195,5643900,0.0,0.0
2010-03-30 00:00:00-04:00,42.36231932679366,42.57848823573726,41.818626084098895,42.19200897216797,3194800,0.0,0.0
2010-03-31 00:00:00-04:00,42.30991463219674,42.683300026140074,42.119953463659066,42.205108642578125,4494400,0.0,0.0
2010-04-01 00:00:00-04:00,42.643989597873535,43.31214708795246,42.643989597873535,43.1221809387207,5385400,0.0,0.0
2010-04-05 00:00:00-04:00,43.305588071501276,44.065447546520836,42.95841050982031,44.026145935058594,4088200,0.0,0.0
2010-04-06 00:00:00-04:00,43.986857499555526,44.01306024759977,43.41695897433543,43.55451965332031,3018600,0.0,0.0
2010-04-07 00:00:00-04:00,43.38420338585632,43.855837793505415,42.87980930052933,43.1221809387207,4545800,0.0,0.0
2010-04-08 00:00:00-04:00,42.742252321861386,43.31869775708186,42.18545769727777,43.18113708496094,4037900,0.0,0.0
2010-04-09 00:00:00-04:00,43.31870028955524,44.11131468344436,43.18769154587528,44.05891418457031,4518100,0.0,0.0
2010-04-12 00:00:00-04:00,44.14405911581114,44.53709025323339,43.82308426997688,44.09820556640625,3081200,0.0,0.0
2010-04-13 00:00:00-04:00,43.875487622521455,43.88203455950258,43.09597232285127,43.52830505371094,3400900,0.0,0.0
2010-04-14 00:00:00-04:00,43.81652818348244,44.0195931690838,43.13527194425599,43.97373962402344,3634300,0.0,0.0
2010-04-15 00:00:00-04:00,43.6986224170847,44.21611532954999,43.58071257629942,43.62001419067383,3002000,0.0,0.0
2010-04-16 00:00:00-04:00,43.25318060569478,43.54795767111573,42.41471294857655,42.702938079833984,4102500,0.0,0.0
2010-04-19 00:00:00-04:00,42.257501512282246,42.80119210397952,41.96927638102481,42.702938079833984,2974900,0.0,0.0
2010-04-20 00:00:00-04:00,43.030467147951796,44.31437144205873,43.017363278916065,44.15060806274414,4130600,0.0,0.0
2010-04-21 00:00:00-04:00,44.07199758035528,44.68774945423808,43.803428250842686,44.275062561035156,3844400,0.0,0.0
2010-04-22 00:00:00-04:00,43.587266063438385,44.63535079792984,43.43005460268022,44.3602294921875,5216400,0.0,0.0
2010-04-23 00:00:00-04:00,44.41918354732793,45.938907717574295,44.15716610232806,45.87995529174805,5448100,0.0,0.0
2010-04-26 00:00:00-04:00,45.670336627669606,45.735840986467686,44.799114162434655,44.89737319946289,4375200,0.0,0.0
2010-04-27 00:00:00-04:00,44.55019498118905,45.21834742790923,43.56106268479051,43.613468170166016,4532700,0.0,0.0
2010-04-28 00:00:00-04:00,44.06545882064574,44.543650205648675,43.63312599096389,44.18336868286133,4150100,0.0,0.0
2010-04-29 00:00:00-04:00,44.49123539120611,45.19869441629127,43.86893652511904,44.117855072021484,4013900,0.0,0.0
2010-04-30 00:00:00-04:00,44.27506955062783,45.15939589129104,44.05890566512076,44.104759216308594,5005700,0.0,0.0
2010-05-03 00:00:00-04:00,44.5108895919713,45.054585272949026,43.88859067843159,44.62879943847656,3938000,0.0,0.0
2010-05-04 00:00:00-04:00,44.01960514287617,44.03926095124427,42.95186944737167,43.46281051635742,4106600,0.0,0.0
2010-05-05 00:00:00-04:00,44.02616481596819,44.96289193961278,42.94532505827615,44.22268295288086,8592400,0.0,0.0
2010-05-06 00:00:00-04:00,43.980305837857706,44.825325726326106,40.580577971075584,43.299049377441406,7835200,0.0,0.0
2010-05-07 00:00:00-04:00,43.109073063196476,44.0130501719597,41.851371430969955,42.30335998535156,6653600,0.0,0.0
2010-05-10 00:00:00-04:00,43.954084753872735,44.60258625908606,43.62655803439878,44.425724029541016,5173200,0.0,0.0
2010-05-11 00:00:00-04:00,43.80344991551251,44.89738857481864,43.80344991551251,44.45850372314453,4601100,0.0,0.0
2010-05-12 00:00:00-04:00,44.543644753806994,46.28608972687796,44.543644753806994,45.572078704833984,5341600,0.0,0.0
2010-05-13 00:00:00-04:00,44.82530757411876,45.39520587211596,44.14405138958017,44.294715881347656,6407700,0.0,0.0
2010-05-14 00:00:00-04:00,43.829638142627246,44.12441025931016,42.56538451295785,43.2728385925293,5396700,0.0,0.0
2010-05-17 00:00:00-04:00,43.42349067409568,43.613456760639075,41.929969715242336,42.82084274291992,4144400,0.0,0.0
2010-05-18 00:00:00-04:00,43.36453650445717,43.803426115328634,42.20509409389286,42.414710998535156,4039000,0.0,0.0
2010-05-19 00:00:00-04:00,42.67674031359575,42.79465015397086,41.2356219858796,42.30335998535156,5362200,0.0,0.0
2010-05-20 00:00:00-04:00,41.2028614704358,41.43867860463797,40.28578567504883,40.28578567504883,6245500,0.0,0.0
2010-05-21 00:00:00-04:00,39.90585452722214,41.59589360871573,39.335958731783165,41.3142204284668,6277300,0.0,0.0
2010-05-24 00:00:00-04:00,41.28148711732596,41.3011379299582,39.918974134638084,39.95172882080078,3946900,0.0,0.0
2010-05-25 00:00:00-04:00,38.96913210428881,39.9255095725979,38.37303354540238,39.873104095458984,6506700,0.0,0.0
2010-05-26 00:00:00-04:00,40.52815480659516,40.52815480659516,39.31630696684184,39.49317169189453,6174700,0.0,0.0
2010-05-27 00:00:00-04:00,40.482324878978325,41.52386053479251,40.09584303188169,41.517311096191406,6184300,0.0,0.0
2010-05-28 00:00:00-04:00,41.33387467204262,42.290252178194855,41.12425775285393,41.825164794921875,5530500,0.0,0.0
2010-06-01 00:00:00-04:00,41.432138700112375,42.1920032474824,40.325099055767616,40.37095260620117,5862300,0.0,0.0
2010-06-02 00:00:00-04:00,40.79018960676829,42.6177873249084,40.01067669110391,42.61124038696289,8051500,0.0,0.0
2010-06-03 00:00:00-04:00,42.80120155038805,43.587268900670914,41.82517304639095,43.489009857177734,7429800,0.0,0.0
2010-06-04 00:00:00-04:00,42.46711000050923,44.733593998224876,42.38194986626476,42.6505241394043,7659200,0.0,0.0
2010-06-07 00:00:00-04:00,42.689844819009174,43.05012632260313,41.13736838098482,41.27492904663086,7898500,0.0,0.0
2010-06-08 00:00:00-04:00,41.32732643665976,42.65708677373943,41.03910378911332,42.53917694091797,6203500,0.0,0.0
2010-06-09 00:00:00-04:00,42.873246966328175,43.72481846355939,42.10028368347041,42.2837028503418,5679200,0.0,0.0
2010-06-10 00:00:00-04:00,43.377644926341986,44.44538036557921,43.102523647175836,44.432281494140625,5908200,0.0,0.0
2010-06-11 00:00:00-04:00,43.99236327422791,44.819683747412306,43.63779735714889,44.754024505615234,4285700,0.16,0.0
2010-06-14 00:00:00-04:00,45.292445155262875,45.863686155740446,44.37320060260541,44.45855712890625,5172000,0.0,0.0
2010-06-15 00:00:00-04:00,44.891906906708314,46.08692304811648,44.754021006870296,46.047523498535156,4617600,0.0,0.0
2010-06-16 00:00:00-04:00,45.128295271009534,45.82429236797377,44.64897320740594,45.50912094116211,5474800,0.0,0.0
2010-06-17 00:00:00-04:00,45.509107822952934,45.86367369735585,45.08232029790127,45.627296447753906,3705700,0.0,0.0
2010-06-18 00:00:00-04:00,45.60761232470692,45.96217830131177,45.253046348102075,45.90964889526367,3791600,0.0,0.0
2010-06-21 00:00:00-04:00,46.461199742694575,46.487464446907396,44.92474710786534,45.3121452331543,4086900,0.0,0.0
2010-06-22 00:00:00-04:00,45.16767477895851,45.482841091332844,43.99235600979816,44.10397720336914,4085200,0.0,0.0
2010-06-23 00:00:00-04:00,43.81508453477743,43.81508453477743,43.07968797323093,43.30949783325195,4930700,0.0,0.0
2010-06-24 00:00:00-04:00,42.98775540721483,43.513034266268356,41.81243663372064,41.99628448486328,6052200,0.0,0.0
2010-06-25 00:00:00-04:00,42.04882205568963,42.33116131330579,41.25433368181139,41.792747497558594,7065200,0.0,0.0
2010-06-28 00:00:00-04:00,41.910937460933226,42.147314754267434,41.182108308065985,41.306861877441406,2992800,0.0,0.0
2010-06-29 00:00:00-04:00,40.30882218787543,40.623991049100866,39.75727605454605,40.072444915771484,5394300,0.0,0.0
2010-06-30 00:00:00-04:00,40.1249696715299,40.90632555974718,39.875460079303025,40.000213623046875,4178000,0.0,0.0
2010-07-01 00:00:00-04:00,40.00021929074636,40.28912596628342,39.06784503175918,39.84263610839844,4957200,0.0,0.0
2010-07-02 00:00:00-04:00,40.08558781636391,40.42702146541762,39.58000351900017,39.862342834472656,4904600,0.0,0.0
2010-07-06 00:00:00-04:00,40.84723662266905,41.12301094609483,39.737579416221706,40.13810729980469,3839300,0.0,0.0
2010-07-07 00:00:00-04:00,40.2037548000236,41.03107502395358,39.98707736358207,41.00481033325195,6090500,0.0,0.0
2010-07-08 00:00:00-04:00,41.81901745395339,41.88467921485311,40.74875705105873,41.530113220214844,3768400,0.0,0.0
2010-07-09 00:00:00-04:00,41.556384860570375,41.654873761248204,41.031103209400506,41.59577941894531,3030000,0.0,0.0
2010-07-12 00:00:00-04:00,41.21494765053769,41.9766066060429,41.21494765053769,41.69426727294922,2972700,0.0,0.0
2010-07-13 00:00:00-04:00,42.04225800210314,42.10791725134516,41.365958216899145,41.68769454956055,4229800,0.0,0.0
2010-07-14 00:00:00-04:00,41.40535753097088,42.02256302367473,41.36596047642981,41.81245040893555,3836500,0.0,0.0
2010-07-15 00:00:00-04:00,41.77962987541013,41.77962987541013,40.88008238649496,41.59577941894531,4121700,0.0,0.0
2010-07-16 00:00:00-04:00,41.30686070271687,41.30686070271687,39.97395850900385,40.157806396484375,4293400,0.0,0.0
2010-07-19 00:00:00-04:00,40.4467186081821,40.45985096057237,39.82951307428021,40.12498474121094,3575800,0.0,0.0
2010-07-20 00:00:00-04:00,39.396138327344715,41.41190720471473,39.396138327344715,41.28058624267578,3206300,0.0,0.0
2010-07-21 00:00:00-04:00,41.845272393380654,41.98315830198316,40.814406782846575,41.14927291870117,3733000,0.0,0.0
2010-07-22 00:00:00-04:00,41.60232574647344,42.13417205268954,41.346251227963585,41.87809753417969,3195700,0.0,0.0
2010-07-23 00:00:00-04:00,41.85840835601281,42.09478565101688,41.319994519498955,41.98316192626953,2426900,0.0,0.0
2010-07-26 00:00:00-04:00,41.97658916317288,42.61349425522455,41.8977975811347,42.23923110961914,3534300,0.0,0.0
2010-07-27 00:00:00-04:00,42.53471279041702,42.666036307348996,41.30030178813614,41.65486526489258,3272600,0.0,0.0
2010-07-28 00:00:00-04:00,41.65486060317074,41.95689964883223,41.070484794292575,41.136146545410156,2720800,0.0,0.0
2010-07-29 00:00:00-04:00,41.45130357974489,41.75990495513566,40.860360512419604,41.03764343261719,3469600,0.0,0.0
2010-07-30 00:00:00-04:00,40.51894191585077,41.21494150606803,40.308829304604025,41.03109359741211,2921400,0.0,0.0
2010-08-02 00:00:00-04:00,41.88467787894126,42.41652434919535,41.81901612013583,42.28520584106445,3038500,0.0,0.0
2010-08-03 00:00:00-04:00,42.19982661468935,42.620056685429695,41.80586624594052,42.24578857421875,3423200,0.0,0.0
2010-08-04 00:00:00-04:00,42.72512060901503,43.473646990532856,42.40994923335954,43.125648498535156,5603600,0.0,0.0
2010-08-05 00:00:00-04:00,42.849876675761024,43.237269711161005,42.67915863855267,43.125648498535156,2926200,0.0,0.0
2010-08-06 00:00:00-04:00,42.771077726362634,42.86300165685699,41.8452684903649,42.5150032043457,3676800,0.0,0.0
2010-08-09 00:00:00-04:00,42.8104750269133,42.961495785026656,42.29176353258202,42.830177307128906,2506500,0.0,0.0
2010-08-10 00:00:00-04:00,42.33773052954036,43.191310756219025,42.24580157271831,43.05342483520508,4025900,0.0,0.0
2010-08-11 00:00:00-04:00,42.278629192790405,42.50187661930362,41.94376306249946,42.009422302246094,4067200,0.0,0.0
2010-08-12 00:00:00-04:00,41.22806655083884,42.05538700265082,41.22806655083884,41.7073860168457,3682900,0.0,0.0
2010-08-13 00:00:00-04:00,41.556373666668364,42.02256084996005,41.30029908724729,41.82558059692383,4034800,0.0,0.0
2010-08-16 00:00:00-04:00,41.77962083968387,42.13418431207889,41.497281543603066,41.681129455566406,3551000,0.0,0.0
2010-08-17 00:00:00-04:00,42.05537697807328,42.19326285226146,41.516960817680555,41.8912239074707,3999600,0.0,0.0
2010-08-18 00:00:00-04:00,41.85183558229334,41.91092989495888,41.162401099615565,41.313419342041016,4216500,0.0,0.0
2010-08-19 00:00:00-04:00,41.44474694736617,41.694256585741805,41.21493708619101,41.3659553527832,5619700,0.0,0.0
2010-08-20 00:00:00-04:00,41.03765061424362,41.21493356546588,40.64369017024264,40.801273345947266,5085300,0.0,0.0
2010-08-23 00:00:00-04:00,40.96542641926484,41.20836862422737,40.873502477102775,40.886634826660156,2585500,0.0,0.0
2010-08-24 00:00:00-04:00,40.15780643633433,40.49267258954038,39.94769384907963,40.026485443115234,4966000,0.0,0.0
2010-08-25 00:00:00-04:00,39.731009116115516,39.7966708572969,38.857729248687264,39.6850471496582,5804600,0.0,0.0
2010-08-26 00:00:00-04:00,39.842646180017574,40.039626460115876,39.12694924202629,39.258270263671875,2600900,0.0,0.0
2010-08-27 00:00:00-04:00,39.43552758993386,40.21688327762179,38.78549033364735,40.170921325683594,3312400,0.0,0.0
2010-08-30 00:00:00-04:00,39.941127338483184,40.42044681564635,39.698182634028534,39.704750061035156,2293600,0.0,0.0
2010-08-31 00:00:00-04:00,39.50776753264786,40.29569096000274,39.396146320348514,39.579994201660156,2820300,0.0,0.0
2010-09-01 00:00:00-04:00,40.06586860680814,40.958848045529066,39.94111508409282,40.90631866455078,3160000,0.0,0.0
2010-09-02 00:00:00-04:00,41.10330463881987,41.35938165014702,40.64368501404085,41.3265495300293,2405700,0.0,0.0
2010-09-03 00:00:00-04:00,41.51697071391793,41.98972525781049,41.40534950479855,41.7073860168457,1954700,0.0,0.0
2010-09-07 00:00:00-04:00,41.20180477703368,41.51697366041673,40.97855983821156,41.23463439941406,2381100,0.0,0.0
2010-09-08 00:00:00-04:00,41.36595666644207,41.78618185721582,41.27403271905278,41.41191864013672,2183900,0.0,0.0
2010-09-09 00:00:00-04:00,41.85182800828672,41.96344918715509,41.08360208266196,41.274017333984375,2286400,0.0,0.0
2010-09-10 00:00:00-04:00,41.52353208306454,41.52353208306454,40.93258898940924,41.057342529296875,4173200,0.0,0.0
2010-09-13 00:00:00-04:00,41.47209143853514,41.52475561715022,40.464912878601055,40.63606643676758,5942900,0.16,0.0
2010-09-14 00:00:00-04:00,40.655793312569045,41.15609270711945,40.43197569104176,40.80061721801758,3436100,0.0,0.0
2010-09-15 00:00:00-04:00,40.57022113883812,40.925694145739335,40.42539722158919,40.89278030395508,2847800,0.0,0.0
2010-09-16 00:00:00-04:00,40.78745210576157,41.13634583942663,40.65579423519919,40.88619613647461,2838200,0.0,0.0
2010-09-17 00:00:00-04:00,41.0046884561716,41.12318028996942,40.418813561929625,40.794036865234375,5351200,0.0,0.0
2010-09-20 00:00:00-04:00,40.99151429484706,41.56422303727023,40.50438101785829,41.42598342895508,2606600,0.0,0.0
2010-09-21 00:00:00-04:00,41.33382933969222,41.623474631632185,40.91910794689703,41.261417388916016,3687200,0.0,0.0
2010-09-22 00:00:00-04:00,41.32724402468021,41.98553081710221,41.050764777222085,41.18242263793945,2499400,0.0,0.0
2010-09-23 00:00:00-04:00,40.66896876545267,41.41283375496619,40.66896876545267,40.97178268432617,2033000,0.0,0.0
2010-09-24 00:00:00-04:00,41.49182232464098,42.367345103227706,41.30750279700808,42.169857025146484,3239900,0.0,0.0
2010-09-27 00:00:00-04:00,42.16327359611486,42.39367298283567,42.00528365153133,42.123775482177734,2487800,0.0,0.0
2010-09-28 00:00:00-04:00,42.03818542747191,42.492404818327074,41.570802513580134,42.36074447631836,2793900,0.0,0.0
2010-09-29 00:00:00-04:00,42.12378143625653,42.95322185685548,42.12378143625653,42.67674255371094,3097100,0.0,0.0
2010-09-30 00:00:00-04:00,43.09803660916859,43.117784409142025,42.04477624667388,42.61748504638672,3798000,0.0,0.0
2010-10-01 00:00:00-04:00,42.999281155743006,43.23626473708207,42.67013785080856,42.95320129394531,2405600,0.0,0.0
2010-10-04 00:00:00-04:00,42.78863179877178,43.13093864333741,42.03160115478935,42.36074447631836,2568900,0.0,0.0
2010-10-05 00:00:00-04:00,42.88080422164089,43.15070423591479,42.577992878867974,43.03879165649414,2504200,0.0,0.0
2010-10-06 00:00:00-04:00,43.03222869068743,43.776091291052296,42.782076383303284,43.64443588256836,3274000,0.0,0.0
2010-10-07 00:00:00-04:00,43.887968893047955,44.06570909758084,42.93345527812019,43.33501052856445,2218100,0.0,0.0
2010-10-08 00:00:00-04:00,43.34159713871686,44.09204865303801,43.275769468289894,43.95380401611328,2427700,0.0,0.0
2010-10-11 00:00:00-04:00,43.92091215828035,44.46729160741101,43.85508445867786,44.197391510009766,2053600,0.0,0.0
2010-10-12 00:00:00-04:00,43.855074291856724,44.15788565769338,43.40743900706984,43.99989318847656,2141600,0.0,0.0
2010-10-13 00:00:00-04:00,44.29611961818969,44.796418995192326,44.045972440853255,44.500186920166016,2741800,0.0,0.0
2010-10-14 00:00:00-04:00,44.55286097652654,44.816176760990544,44.21055397235493,44.447532653808594,2291700,0.0,0.0
2010-10-15 00:00:00-04:00,44.67133963784562,44.76349938184542,44.09862835242167,44.5396842956543,2716400,0.0,0.0
2010-10-18 00:00:00-04:00,44.46728514400408,45.49421117106564,44.36195682208452,45.32963943481445,3318000,0.0,0.0
2010-10-19 00:00:00-04:00,44.625273399746135,44.816177219879,43.736587012620056,44.02622985839844,3145000,0.0,0.0
2010-10-20 00:00:00-04:00,44.09205279228178,44.66475910332271,44.052552168453936,44.40802764892578,3289200,0.0,0.0
2010-10-21 00:00:00-04:00,44.55286804500257,44.61211146918245,43.16388195835979,43.690513610839844,4360400,0.0,0.0
2010-10-22 00:00:00-04:00,43.84848215235277,43.84848215235277,42.597736284862165,42.94004821777344,3601900,0.0,0.0
2010-10-25 00:00:00-04:00,43.1901992442117,43.381103027264764,42.61090864284132,42.80180740356445,3195500,0.0,0.0
2010-10-26 00:00:00-04:00,42.558242230484545,42.83472147856592,42.327842857083404,42.518741607666016,3022200,0.0,0.0
2010-10-27 00:00:00-04:00,42.163264939510576,42.64381141567652,41.9723586835922,42.58456802368164,2809000,0.0,0.0
2010-10-28 00:00:00-04:00,42.861051857352884,42.907131730210125,42.281761309671964,42.610904693603516,2035900,0.0,0.0
2010-10-29 00:00:00-04:00,42.47266398912744,42.96637911078297,42.37392498266028,42.80180740356445,2336700,0.0,0.0
2010-11-01 00:00:00-04:00,43.249446296137165,43.473266448444896,42.80839528894856,43.0124626159668,2802000,0.0,0.0
2010-11-02 00:00:00-04:00,43.354772324781486,43.512759762463446,43.12437293184318,43.40085220336914,2196600,0.0,0.0
2010-11-03 00:00:00-04:00,43.88798239949498,45.42179194142701,43.03221252124292,44.908329010009766,11007600,0.0,0.0
2010-11-04 00:00:00-04:00,45.50736920120398,46.073496307285914,45.48762139881302,45.81676483154297,8515100,0.0,0.0
2010-11-05 00:00:00-04:00,45.86942945146202,46.613291808938946,45.70485773342754,46.593544006347656,3740000,0.0,0.0
2010-11-08 00:00:00-05:00,46.23806013042474,47.62704558122004,46.23806013042474,47.106998443603516,4533500,0.0,0.0
2010-11-09 00:00:00-05:00,47.449311867014885,47.56780368720742,46.448713158204626,46.6264533996582,5376200,0.0,0.0
2010-11-10 00:00:00-05:00,46.51454776407223,47.370317591876784,46.257811291168174,47.3308219909668,4733400,0.0,0.0
2010-11-11 00:00:00-05:00,46.94243461752469,47.94961271485981,46.94243461752469,47.89695358276367,4350400,0.0,0.0
2010-11-12 00:00:00-05:00,47.43614694246428,48.054938164328604,47.21233183296521,47.71263122558594,4112500,0.0,0.0
2010-11-15 00:00:00-05:00,48.04835687152308,48.18659651049756,47.02143096923828,47.02143096923828,5498100,0.0,0.0
2010-11-16 00:00:00-05:00,46.56720347136121,46.69227956149708,45.70484943262487,46.369720458984375,4014000,0.0,0.0
2010-11-17 00:00:00-05:00,46.2973223106944,46.639629314216954,46.04717005587902,46.31048583984375,2425300,0.0,0.0
2010-11-18 00:00:00-05:00,46.758111542310644,47.488810306816035,46.63961971503059,47.35057067871094,3206100,0.0,0.0
2010-11-19 00:00:00-05:00,47.6467971230122,48.219508451222424,47.028010941689274,48.18659210205078,5635400,0.0,0.0
2010-11-22 00:00:00-05:00,47.943025096921126,48.028600566184544,46.79760253849446,47.66654586791992,3352000,0.0,0.0
2010-11-23 00:00:00-05:00,47.067493575516096,47.08724137064657,46.52111447270724,46.652774810791016,2526700,0.0,0.0
2010-11-24 00:00:00-05:00,46.77785060876194,47.3703096345381,46.34338400474533,47.21232223510742,3164900,0.0,0.0
2010-11-26 00:00:00-05:00,46.764680193931405,47.08723921841874,46.6132720676376,46.6988525390625,1039100,0.0,0.0
2010-11-29 00:00:00-05:00,46.323637771138,46.67252892522405,46.145897546241564,46.38288116455078,3388100,0.0,0.0
2010-11-30 00:00:00-05:00,45.935244657629525,46.90292690041062,45.85625346871932,46.455291748046875,4973800,0.0,0.0
2010-12-01 00:00:00-05:00,47.185992933844766,47.64021238398308,46.89634516595029,47.403228759765625,2783100,0.0,0.0
2010-12-02 00:00:00-05:00,47.40324265678753,48.403836568345376,47.40324265678753,48.338008880615234,4269500,0.0,0.0
2010-12-03 00:00:00-05:00,48.008849447016935,48.706631744998376,47.98251737621947,48.65397262573242,1873200,0.0,0.0
2010-12-06 00:00:00-05:00,48.68689639265161,49.30568765874282,48.449912717226475,48.66714859008789,2359100,0.0,0.0
2010-12-07 00:00:00-05:00,49.11478188714709,49.30568567479861,48.49599064595457,48.5025749206543,2565800,0.0,0.0
2010-12-08 00:00:00-05:00,48.44991833850931,48.73956620259688,47.72580370062123,48.173439025878906,2463900,0.0,0.0
2010-12-09 00:00:00-05:00,48.21291421465353,48.39065442772621,47.14649302553228,47.90351867675781,3843600,0.0,0.0
2010-12-10 00:00:00-05:00,47.98911431455832,48.54207288025236,47.7652941648748,48.245845794677734,2966100,0.0,0.0
2010-12-13 00:00:00-05:00,48.305210100965596,49.195840513983995,48.305210100965596,48.74062728881836,2708400,0.16,0.0
2010-12-14 00:00:00-05:00,48.562496185302734,49.017709344531106,48.30520310399539,48.562496185302734,2682600,0.0,0.0
2010-12-15 00:00:00-05:00,48.351401121883654,48.79341708330983,48.034729890323746,48.27223205566406,3209700,0.0,0.0
2010-12-16 00:00:00-05:00,48.43717191560653,48.43717191560653,47.948975175774045,48.3909912109375,2349200,0.0,0.0
2010-12-17 00:00:00-05:00,48.21286207138222,48.44376557076916,48.02813927187267,48.21945571899414,3347500,0.0,0.0
2010-12-20 00:00:00-05:00,48.29862122761947,48.87258562660368,48.061119064820375,48.80661392211914,1926500,0.0,0.0
2010-12-21 00:00:00-05:00,48.91217161515651,49.39377466031329,48.84619990531391,49.083702087402344,2152900,0.0,0.0
2010-12-22 00:00:00-05:00,49.37397615887587,50.53509732090107,49.34099282225633,50.1524543762207,3160700,0.0,0.0
2010-12-23 00:00:00-05:00,50.15241960450341,51.28055664774816,50.13922728566582,51.04964828491211,3113400,0.0,0.0
2010-12-27 00:00:00-05:00,50.96389343761294,50.99688178973385,50.50208670781528,50.89132308959961,1834200,0.0,0.0
2010-12-28 00:00:00-05:00,50.95731786569348,51.35315310404557,50.95731786569348,51.16843032836914,1557700,0.0,0.0
2010-12-29 00:00:00-05:00,51.20142416212594,51.7885809189234,51.14864478249234,51.458717346191406,1969600,0.0,0.0
2010-12-30 00:00:00-05:00,51.45870526633124,51.979890192898594,51.392733573935345,51.59064865112305,2070500,0.0,0.0
2010-12-31 00:00:00-05:00,51.557667700086384,52.0260732810189,51.46530631980772,51.795169830322266,1692600,0.0,0.0
2011-01-03 00:00:00-05:00,52.204185564887744,52.342727603997865,51.834740127260744,51.907310485839844,2557400,0.0,0.0
2011-01-04 00:00:00-05:00,52.34273701773479,52.42190606860037,50.88474097252018,51.59064865112305,2875400,0.0,0.0
2011-01-05 00:00:00-05:00,51.28717206565985,51.96669002389018,50.772585846157945,51.920509338378906,2885000,0.0,0.0
2011-01-06 00:00:00-05:00,51.87433371097412,52.118434520087895,51.25419373554304,51.61044692993164,2462300,0.0,0.0
2011-01-07 00:00:00-05:00,51.781967517078435,52.026068303499585,51.39273102790342,51.762176513671875,1830900,0.0,0.0
2011-01-10 00:00:00-05:00,51.742405639716985,51.8875464322525,51.22122053621181,51.65664291381836,1901700,0.0,0.0
2011-01-11 00:00:00-05:00,51.788564060400354,53.37850837939335,51.788564060400354,53.34552001953125,3711400,0.0,0.0
2011-01-12 00:00:00-05:00,53.589644866987605,54.11082494702694,53.338945299388676,54.091033935546875,3336400,0.0,0.0
2011-01-13 00:00:00-05:00,53.95245521531743,54.21634693374704,53.338909109127826,54.058013916015625,3185300,0.0,0.0
2011-01-14 00:00:00-05:00,53.688583593773,54.65838312786371,53.517058190906305,54.61880111694336,2344300,0.0,0.0
2011-01-18 00:00:00-05:00,54.26254887666196,55.48964157003366,54.1437978084867,55.43026351928711,3641900,0.0,0.0
2011-01-19 00:00:00-05:00,55.45666999952669,55.667782514292654,54.30214733336168,54.4208984375,4431500,0.0,0.0
2011-01-20 00:00:00-05:00,53.67538690706093,54.49344694396426,52.97607792658852,54.31532287597656,3960200,0.0,0.0
2011-01-21 00:00:00-05:00,54.631987701151765,55.11359059444465,54.38789194837299,55.09379959106445,3021800,0.0,0.0
2011-01-24 00:00:00-05:00,55.11358952472802,56.5583931432468,54.810115734381625,56.538597106933594,4570600,0.0,0.0
2011-01-25 00:00:00-05:00,56.136165309655624,56.70353090498828,55.02782883503445,55.766719818115234,3857000,0.0,0.0
2011-01-26 00:00:00-05:00,55.878875795819766,56.98062372906651,55.872282149701135,56.578189849853516,3006300,0.0,0.0
2011-01-27 00:00:00-05:00,56.74313714225724,57.22473517332579,55.067429472084825,55.351112365722656,3672200,0.0,0.0
2011-01-28 00:00:00-05:00,55.430269642910666,56.17576449954813,55.2653378651864,56.162567138671875,3744400,0.0,0.0
2011-01-31 00:00:00-05:00,56.47923552900251,58.966404397467045,56.41326382789096,58.51119613647461,5399600,0.0,0.0
2011-02-01 00:00:00-05:00,58.445219000643895,59.36883790981673,57.937231368923804,59.0125846862793,4265000,0.0,0.0
2011-02-02 00:00:00-05:00,58.352850456566976,59.44140100054337,58.346256810632475,59.03896713256836,3394000,0.0,0.0
2011-02-03 00:00:00-05:00,58.9861802898556,59.197292681293725,57.89103129886523,58.70909118652344,2491200,0.0,0.0
2011-02-04 00:00:00-05:00,58.669529225805974,59.04557345879181,57.73931163018313,58.51119613647461,1992100,0.0,0.0
2011-02-07 00:00:00-05:00,57.73272265891135,58.28689103310983,57.12576987290342,57.3830680847168,3793500,0.0,0.0
2011-02-08 00:00:00-05:00,57.38965740550007,57.56118785600465,56.7497213311683,57.17195129394531,2881500,0.0,0.0
2011-02-09 00:00:00-05:00,57.09938291245861,57.32368771201409,56.27472403176636,56.6507682800293,2600700,0.0,0.0
2011-02-10 00:00:00-05:00,56.584780293582924,57.43582869326286,56.485825274227295,57.31707763671875,2271800,0.0,0.0
2011-02-11 00:00:00-05:00,57.21154012124865,57.36987323032138,56.716744751242445,57.026817321777344,2045300,0.0,0.0
2011-02-14 00:00:00-05:00,58.023022475783755,58.83448938767742,57.59420369495958,58.2143440246582,3148800,0.0,0.0
2011-02-15 00:00:00-05:00,58.13516086322373,58.26050560465825,57.40286329139271,58.12196350097656,3138100,0.0,0.0
2011-02-16 00:00:00-05:00,58.220905412321784,58.28027842394541,56.406656235167276,56.88166046142578,6743400,0.0,0.0
2011-02-17 00:00:00-05:00,56.80248619163861,57.77228555889155,56.80248619163861,57.47541046142578,2622600,0.0,0.0
2011-02-18 00:00:00-05:00,57.62715267114593,58.385839730808655,57.422638910999076,58.18791961669922,3145700,0.0,0.0
2011-02-22 00:00:00-05:00,58.39244150754634,59.17751325963744,57.31048956854329,57.69972610473633,3148600,0.0,0.0
2011-02-23 00:00:00-05:00,57.79870128955395,59.48760133704082,57.79870128955395,59.157737731933594,4991700,0.0,0.0
2011-02-24 00:00:00-05:00,58.92682035660012,59.184113505407964,58.03618983893311,58.28688430786133,4250200,0.0,0.0
2011-02-25 00:00:00-05:00,58.498004333131114,59.68551519921632,58.498004333131114,59.606346130371094,3408100,0.0,0.0
2011-02-28 00:00:00-05:00,59.71190068380242,60.36502909749538,59.4018281443095,60.32544708251953,2968900,0.0,0.0
2011-03-01 00:00:00-05:00,60.57613221748185,60.760854969951836,58.451810497442025,58.557369232177734,3900300,0.0,0.0
2011-03-02 00:00:00-05:00,58.47162452545348,59.23691055367114,57.745925555008114,58.973018646240234,3114000,0.0,0.0
2011-03-03 00:00:00-05:00,59.37543262286998,59.54696305977614,58.61674553269197,59.48099136352539,2062500,0.0,0.0
2011-03-04 00:00:00-05:00,59.63271219657771,60.12750735588108,59.203888718518115,60.114315032958984,3260200,0.0,0.0
2011-03-07 00:00:00-05:00,60.266069864791355,60.69489348849329,59.15113448314833,59.725093841552734,2850300,0.0,0.0
2011-03-08 00:00:00-05:00,59.83065929780717,60.028574430932416,58.40564617937465,59.349056243896484,2338600,0.0,0.0
2011-03-09 00:00:00-05:00,59.329276248239914,59.81747304056399,58.76191036797686,59.18413543701172,2253900,0.0,0.0
2011-03-10 00:00:00-05:00,58.4847971295343,58.4847971295343,56.51880853646344,56.78929901123047,3747100,0.0,0.0
2011-03-11 00:00:00-05:00,56.597616014365656,58.65979893015184,55.76481573916462,58.1971321105957,2373200,0.16,0.0
2011-03-14 00:00:00-04:00,57.91954778934866,58.739136510921625,57.7146531303014,58.54084777832031,2393700,0.0,0.0
2011-03-15 00:00:00-04:00,56.52491332804816,58.25661858977661,55.93005739971042,57.86665725708008,2918800,0.0,0.0
2011-03-16 00:00:00-04:00,57.635306196651015,58.487939228330006,56.04901734418611,56.6108283996582,4562200,0.0,0.0
2011-03-17 00:00:00-04:00,57.11317414285842,59.16213543427785,56.70999083525794,59.122474670410156,4395700,0.0,0.0
2011-03-18 00:00:00-04:00,59.7371763928658,60.662515413038726,59.44635930395406,59.578548431396484,6052100,0.0,0.0
2011-03-21 00:00:00-04:00,60.31221813672231,61.46889081331698,60.22629569611607,61.26399612426758,3317400,0.0,0.0
2011-03-22 00:00:00-04:00,61.263968744819245,61.673757939779364,60.97314670244205,61.53495788574219,3005500,0.0,0.0
2011-03-23 00:00:00-04:00,61.52833953667348,61.79272272141583,60.82772838339261,61.44241714477539,2314500,0.0,0.0
2011-03-24 00:00:00-04:00,61.713417331381976,61.83899544833138,60.688934281320726,61.31023406982422,2069400,0.0,0.0
2011-03-25 00:00:00-04:00,60.60963142009559,61.67377042584294,60.530319968983434,61.475486755371094,3150200,0.0,0.0
2011-03-28 00:00:00-04:00,61.48209409285788,61.63411611546584,60.43778796860175,60.47744369506836,2689700,0.0,0.0
2011-03-29 00:00:00-04:00,60.272539249789986,60.88061715595214,59.2480561126786,60.609622955322266,3147500,0.0,0.0
2011-03-30 00:00:00-04:00,61.09873876264154,61.23092786877793,60.14696106184783,60.536922454833984,3634900,0.0,0.0
2011-03-31 00:00:00-04:00,60.5435492181444,61.13841043633371,60.36509337403385,60.65591049194336,3102500,0.0,0.0
2011-04-01 00:00:00-04:00,60.9995771546528,61.263960334821604,60.41793819243321,60.807899475097656,2411600,0.0,0.0
2011-04-04 00:00:00-04:00,61.059059682045095,61.217692613056364,60.45098190790416,60.794681549072266,2439800,0.0,0.0
2011-04-05 00:00:00-04:00,60.77487192859037,60.78148289725372,60.034604804426884,60.16018295288086,2651700,0.0,0.0
2011-04-06 00:00:00-04:00,60.41134090352023,60.84096303822622,59.38024677168767,60.05442428588867,2852100,0.0,0.0
2011-04-07 00:00:00-04:00,60.206422354980496,60.47741647772126,59.56529988063853,60.35183334350586,2141300,0.0,0.0
2011-04-08 00:00:00-04:00,60.874005678116866,60.973150020020896,60.107299855619836,60.411338806152344,2130000,0.0,0.0
2011-04-11 00:00:00-04:00,60.33200354134337,60.47080355972108,58.758931623706935,58.9836540222168,2907500,0.0,0.0
2011-04-12 00:00:00-04:00,58.111206856148335,58.32271241628383,56.571179317482525,56.828956604003906,4435300,0.0,0.0
2011-04-13 00:00:00-04:00,57.7344676052708,58.29627882709026,57.41721175791687,57.97902297973633,3696300,0.0,0.0
2011-04-14 00:00:00-04:00,57.71463790967945,58.25001028674479,57.34450441864076,58.01206588745117,3093100,0.0,0.0
2011-04-15 00:00:00-04:00,58.26322913812102,58.944012505691816,57.556006945062286,58.04511260986328,3129200,0.0,0.0
2011-04-18 00:00:00-04:00,57.238754986807834,57.26519381640899,56.273760398475744,56.96776580810547,2487500,0.0,0.0
2011-04-19 00:00:00-04:00,56.941338632532535,57.68160584210884,56.7364389218601,57.48332214355469,2655000,0.0,0.0
2011-04-20 00:00:00-04:00,58.47473754933996,58.924187519160014,58.16408763807882,58.71928787231445,2038700,0.0,0.0
2011-04-21 00:00:00-04:00,58.95062850998639,59.28110629278898,58.263234116634116,58.89775085449219,1724700,0.0,0.0
2011-04-25 00:00:00-04:00,58.73252828192905,58.93081702378146,57.992256027397865,58.30290603637695,1596400,0.0,0.0
2011-04-26 00:00:00-04:00,58.57386493253666,59.06297047958511,58.32930963766787,58.9836540222168,1500000,0.0,0.0
2011-04-27 00:00:00-04:00,59.195171097644106,59.21499895518773,57.30483802390361,58.28305435180664,2409900,0.0,0.0
2011-04-28 00:00:00-04:00,58.309509101316856,58.94402592945965,57.82700925098675,58.69947052001953,1939000,0.0,0.0
2011-04-29 00:00:00-04:00,58.85809604173455,60.29897939867806,58.851485074023145,60.14695739746094,2981000,0.0,0.0
2011-05-02 00:00:00-04:00,60.40472714004698,60.550138167465754,58.59371035012831,59.06959915161133,2652100,0.0,0.0
2011-05-03 00:00:00-04:00,58.996900921066846,59.06960644375173,57.17266197107663,57.71464538574219,3345100,0.0,0.0
2011-05-04 00:00:00-04:00,56.80915291970958,57.09336413506266,55.52690200810823,56.154808044433594,4069100,0.0,0.0
2011-05-05 00:00:00-04:00,55.69213486072453,56.08209634641276,54.542068184639945,55.163368225097656,4084400,0.0,0.0
2011-05-06 00:00:00-04:00,55.5400893193812,57.007411321977315,54.5883117949534,55.269100189208984,3380400,0.0,0.0
2011-05-09 00:00:00-04:00,55.923450373138465,56.84217819874951,55.804478170549736,56.54475021362305,3350800,0.0,0.0
2011-05-10 00:00:00-04:00,56.33987541813442,56.64391450496153,55.7317972444802,56.49850845336914,2781300,0.0,0.0
2011-05-11 00:00:00-04:00,56.148170978794944,56.168003880810126,54.62797626585127,54.965065002441406,3937200,0.0,0.0
2011-05-12 00:00:00-04:00,54.7403203990968,54.81302588903798,53.623304274263184,54.297481536865234,5636100,0.0,0.0
2011-05-13 00:00:00-04:00,54.46933270622101,54.733710811546615,53.53738324407412,54.21155548095703,3145200,0.0,0.0
2011-05-16 00:00:00-04:00,54.059566596308066,55.22945595111947,53.65638322120153,54.052955627441406,2406000,0.0,0.0
2011-05-17 00:00:00-04:00,53.76212296173579,54.28427846053903,53.20692271046597,54.079383850097656,3053000,0.0,0.0
2011-05-18 00:00:00-04:00,54.21156009478425,55.4012818407606,53.9802267115915,54.865909576416016,2716000,0.0,0.0
2011-05-19 00:00:00-04:00,55.15673816898743,55.1897879632872,53.98023810666043,54.54866027832031,2082800,0.0,0.0
2011-05-20 00:00:00-04:00,54.575114628739726,55.156753857948445,53.72909209800266,54.76018142700195,3465200,0.0,0.0
2011-05-23 00:00:00-04:00,53.72908353088981,54.013294652244156,53.18048915016308,53.299461364746094,3782000,0.0,0.0
2011-05-24 00:00:00-04:00,53.643171514127886,54.6279941774515,53.623338605609824,53.89433288574219,2571100,0.0,0.0
2011-05-25 00:00:00-04:00,53.497749511378466,55.32859436050485,53.49113854322309,54.93863296508789,3299400,0.0,0.0
2011-05-26 00:00:00-04:00,54.67426402943218,55.17659184430167,53.92077482847421,54.68748092651367,2950500,0.0,0.0
2011-05-27 00:00:00-04:00,55.097255901175146,55.500439196308655,54.48256702848723,55.08403396606445,2082300,0.0,0.0
2011-05-31 00:00:00-04:00,55.59298622782421,56.068875154897164,54.733741771421165,55.56654739379883,3876100,0.0,0.0
2011-06-01 00:00:00-04:00,55.40129988238438,55.70533886254755,54.429694313878585,54.70729446411133,4241800,0.0,0.0
2011-06-02 00:00:00-04:00,54.85932309245775,55.33521200322301,54.40326204585907,54.69408416748047,2124000,0.0,0.0
2011-06-03 00:00:00-04:00,54.01330450532538,54.90559375612331,53.6431709002992,54.38343811035156,2202900,0.0,0.0
2011-06-06 00:00:00-04:00,54.17854042582329,54.7271348760811,53.77535703878484,53.881107330322266,2690200,0.0,0.0
2011-06-07 00:00:00-04:00,54.304095051335224,54.37018957910561,53.3457067492523,53.35892868041992,6294800,0.0,0.0
2011-06-08 00:00:00-04:00,53.3853794402808,54.08599577705613,52.757473662679516,52.869834899902344,3225000,0.0,0.0
2011-06-09 00:00:00-04:00,53.17386717956609,54.2710557139968,53.03506713172067,53.81499481201172,2813300,0.0,0.0
2011-06-10 00:00:00-04:00,53.43163833008846,53.57044341779952,52.39393843310223,52.56578826904297,2724300,0.0,0.0
2011-06-13 00:00:00-04:00,52.7048996161663,52.77113575491879,50.909873472458465,51.340415954589844,3586000,0.17,0.0
2011-06-14 00:00:00-04:00,51.797463535236005,52.65192361183516,51.75109771961411,52.426719665527344,2753500,0.0,0.0
2011-06-15 00:00:00-04:00,51.80406788890069,52.141878726364475,50.7906404300022,51.06221008300781,2867800,0.0,0.0
2011-06-16 00:00:00-04:00,51.20792031425513,51.691453555899095,50.724392126102806,51.08207321166992,2974500,0.0,0.0
2011-06-17 00:00:00-04:00,51.499389326184144,51.525884795279275,50.5257023142876,50.96949005126953,3565700,0.0,0.0
2011-06-20 00:00:00-04:00,50.56543907542352,50.97611123435482,50.27399904493405,50.823768615722656,1859200,0.0,0.0
2011-06-21 00:00:00-04:00,51.24769979238697,52.088909620366216,51.174838501755495,51.81071472167969,1804900,0.0,0.0
2011-06-22 00:00:00-04:00,51.47286816281083,52.43992956132141,51.42650237841277,51.72456741333008,1814500,0.0,0.0
2011-06-23 00:00:00-04:00,50.757504967104,51.42650131688812,50.00902730484468,51.327144622802734,3681500,0.0,0.0
2011-06-24 00:00:00-04:00,51.28082034975588,51.6782423943081,50.724430498081865,50.744300842285156,3613700,0.0,0.0
2011-06-27 00:00:00-04:00,50.44621031233523,50.731025174627796,50.0554085425398,50.35347366333008,2975200,0.0,0.0
2011-06-28 00:00:00-04:00,50.80390486340147,51.69811065710314,50.71117323425378,51.6517448425293,2639300,0.0,0.0
2011-06-29 00:00:00-04:00,51.08210143024895,52.55256218967565,50.89001305298953,51.611995697021484,4894000,0.0,0.0
2011-06-30 00:00:00-04:00,51.79742639530611,52.512788512108706,51.73781541231819,52.201473236083984,2636700,0.0,0.0
2011-07-01 00:00:00-04:00,52.234590139799096,52.473044161942774,51.32713983033615,52.16835403442383,2929100,0.0,0.0
2011-07-05 00:00:00-04:00,52.02265316036367,53.27453476941444,51.989532567185236,52.857242584228516,2794600,0.0,0.0
2011-07-06 00:00:00-04:00,52.73801344519186,52.996337890625,52.12862790777948,52.996337890625,2925600,0.0,0.0
2011-07-07 00:00:00-04:00,53.59249337004023,54.25486502922158,53.42027532367456,54.01641082763672,3175600,0.0,0.0
2011-07-08 00:00:00-04:00,53.88390561879141,53.88390561879141,52.83073765060297,53.201663970947266,2961200,0.0,0.0
2011-07-11 00:00:00-04:00,52.473060815704656,52.80424650118273,51.625226269439594,51.83718490600586,2510700,0.0,0.0
2011-07-12 00:00:00-04:00,51.54573960832129,52.16837031078755,51.46625322497693,51.51261901855469,2317000,0.0,0.0
2011-07-13 00:00:00-04:00,51.790831964139485,52.592300915462864,51.75108623564426,51.86369323730469,1867100,0.0,0.0
2011-07-14 00:00:00-04:00,52.201485303730976,52.618782495079884,51.472877817881646,51.585479736328125,2469300,0.0,0.0
2011-07-15 00:00:00-04:00,52.32072752930067,53.38714613335597,52.102148757579634,53.29441452026367,4199500,0.0,0.0
2011-07-18 00:00:00-04:00,53.208283613102516,53.40037188161632,52.28758798182392,52.96982955932617,2686600,0.0,0.0
2011-07-19 00:00:00-04:00,53.360649094611276,54.64565148606834,53.3275335500493,54.526424407958984,2795100,0.0,0.0
2011-07-20 00:00:00-04:00,54.6588757642828,55.016556861654585,53.92364829320347,54.32769012451172,2668500,0.0,0.0
2011-07-21 00:00:00-04:00,54.87748509020207,55.91078820451904,54.81124894205854,55.43387985229492,2670200,0.0,0.0
2011-07-22 00:00:00-04:00,55.34111589764183,55.98361171805879,55.02980062442931,55.871009826660156,1978600,0.0,0.0
2011-07-25 00:00:00-04:00,55.16229172970947,55.90414954852098,54.9900737434064,55.48023223876953,1714600,0.0,0.0
2011-07-26 00:00:00-04:00,55.38087476937586,55.678939886649836,54.678762682068246,54.837730407714844,2643400,0.0,0.0
2011-07-27 00:00:00-04:00,54.45353590725909,54.7780963812452,53.89714652328289,54.056114196777344,1950600,0.0,0.0
2011-07-28 00:00:00-04:00,53.95676130476673,54.50653065394505,52.857227659901675,52.96982955932617,5124200,0.0,0.0
2011-07-29 00:00:00-04:00,52.39358885319941,52.64529327767927,51.82394891310508,52.128639221191406,4464700,0.0,0.0
2011-08-01 00:00:00-04:00,53.08243432820819,53.155295573772456,51.360269999444775,51.87691879272461,2905200,0.0,0.0
2011-08-02 00:00:00-04:00,51.42651431711099,52.10875604027592,49.72422004689143,49.90968322753906,4270800,0.0,0.0
2011-08-03 00:00:00-04:00,50.671413009350665,51.11520064247664,48.82339616376697,50.20112991333008,5736700,0.0,0.0
2011-08-04 00:00:00-04:00,49.60499780736495,49.60499780736495,47.40592478126781,47.45891571044922,5387900,0.0,0.0
2011-08-05 00:00:00-04:00,48.03516071860703,48.43258751050793,45.31281953643195,46.29975128173828,8730900,0.0,0.0
2011-08-08 00:00:00-04:00,44.72994647856955,45.292961241513076,42.86205905521392,43.28597640991211,8651000,0.0,0.0
2011-08-09 00:00:00-04:00,44.027841902032335,45.61753478311387,42.7892051671012,45.524803161621094,7200700,0.0,0.0
2011-08-10 00:00:00-04:00,44.378870352319645,45.624126387724914,43.736369480451344,43.90196228027344,5413300,0.0,0.0
2011-08-11 00:00:00-04:00,43.69000859281475,45.88245589094092,43.47142485972586,45.292945861816406,5980300,0.0,0.0
2011-08-12 00:00:00-04:00,45.763253866665764,45.97521764136036,44.729955732502276,45.0412712097168,3610700,0.0,0.0
2011-08-15 00:00:00-04:00,45.485046968352435,46.32626155293382,45.226722503101314,46.220279693603516,3249000,0.0,0.0
2011-08-16 00:00:00-04:00,45.47842003685039,46.34612490197338,45.107488638601694,45.663883209228516,4039200,0.0,0.0
2011-08-17 00:00:00-04:00,45.981825986041876,46.65744771174655,45.31945451962182,45.49167251586914,2791400,0.0,0.0
2011-08-18 00:00:00-04:00,44.23979466180106,44.299405673240194,42.285798162090614,42.76932907104492,4438100,0.0,0.0
2011-08-19 00:00:00-04:00,42.18643199722892,43.411820557988364,42.00759142262901,42.09370040893555,3729700,0.0,0.0
2011-08-22 00:00:00-04:00,43.00115214756037,43.17999526413547,41.31210550150769,41.709529876708984,4000700,0.0,0.0
2011-08-23 00:00:00-04:00,42.05396167171827,42.90841886498899,41.504192191991386,42.82893753051758,3795400,0.0,0.0
2011-08-24 00:00:00-04:00,42.378522967855076,42.974655727267645,42.232800447517,42.96141052246094,3754300,0.0,0.0
2011-08-25 00:00:00-04:00,42.881933235124436,43.41845763329493,41.82876488394544,42.000980377197266,3111700,0.0,0.0
2011-08-26 00:00:00-04:00,41.81550152369667,42.722949511253,40.523876963356095,42.643463134765625,2751000,0.0,0.0
2011-08-29 00:00:00-04:00,43.17999633109526,43.76950651579326,42.78256941932722,43.723140716552734,3223200,0.0,0.0
2011-08-30 00:00:00-04:00,43.405196907143356,44.789555756931456,43.33896077803464,44.491485595703125,4468100,0.0,0.0
2011-08-31 00:00:00-04:00,44.92201714559358,45.26644796571437,44.51134515889938,44.92864227294922,4124700,0.0,0.0
2011-09-01 00:00:00-04:00,45.2995795487479,45.37906593584215,44.04769800959667,44.10068893432617,2799500,0.0,0.0
2011-09-02 00:00:00-04:00,43.19325557509055,43.49794593391415,42.557379384481095,42.795833587646484,2491900,0.0,0.0
2011-09-06 00:00:00-04:00,41.43132231800722,42.35864310412841,41.16637532679107,42.28578186035156,2915500,0.0,0.0
2011-09-07 00:00:00-04:00,42.868678221125094,44.02782818206439,42.73620090777922,43.96821212768555,3542200,0.0,0.0
2011-09-08 00:00:00-04:00,44.04108084865676,44.98827232222075,43.09388937509277,43.464820861816406,3480300,0.0,0.0
2011-09-09 00:00:00-04:00,42.80906139575313,43.100506426372334,41.524061800397746,41.855247497558594,4006400,0.0,0.0
2011-09-12 00:00:00-04:00,41.35184757548913,42.292413770470105,41.093523128325245,42.24604797363281,4853100,0.0,0.0
2011-09-13 00:00:00-04:00,42.272618793446924,42.916837031451045,41.93390511910477,42.59140396118164,5269300,0.17,0.0
2011-09-14 00:00:00-04:00,42.73087095441634,43.5012776938251,42.19291784406966,42.99652862548828,5452000,0.0,0.0
2011-09-15 00:00:00-04:00,43.55441049177738,43.94625163193675,43.202416229058315,43.82670593261719,4049700,0.0,0.0
2011-09-16 00:00:00-04:00,43.99938583143781,44.08572242479879,42.9168367286858,43.90640640258789,4485900,0.0,0.0
2011-09-19 00:00:00-04:00,42.87698383767974,43.21569750216663,42.12650558793303,42.87034606933594,3806000,0.0,0.0
2011-09-20 00:00:00-04:00,43.13599032545945,43.96616723755065,42.79063895950853,43.082862854003906,4246700,0.0,0.0
2011-09-21 00:00:00-04:00,42.81721604583175,43.016455514869705,40.844714393661896,40.91777038574219,3481700,0.0,0.0
2011-09-22 00:00:00-04:00,39.44335792917734,39.56954641849917,36.926261377579955,37.796287536621094,7917500,0.0,0.0
2011-09-23 00:00:00-04:00,37.24506390712023,37.88263926526085,36.62076915212902,36.773521423339844,5038000,0.0,0.0
2011-09-26 00:00:00-04:00,37.039168822903676,38.23462292143959,36.83992689539745,38.14164352416992,5516700,0.0,0.0
2011-09-27 00:00:00-04:00,39.19762590735218,39.94146356929984,38.71944328649377,38.94525146484375,3360700,0.0,0.0
2011-09-28 00:00:00-04:00,39.098010572983384,39.33046162508247,37.43765677298496,37.470863342285156,4162600,0.0,0.0
2011-09-29 00:00:00-04:00,38.154938836530505,38.79251422146955,37.29819548792527,38.301048278808594,4818900,0.0,0.0
2011-09-30 00:00:00-04:00,37.43101500132493,37.88927172005346,36.6606109697458,36.820003509521484,4530600,0.0,0.0
2011-10-03 00:00:00-04:00,36.44144000250843,36.45472313529147,35.17957279010186,35.4253044128418,4810000,0.0,0.0
2011-10-04 00:00:00-04:00,34.69477720711537,37.00599093068845,33.6985642641873,36.89308547973633,6800000,0.0,0.0
2011-10-05 00:00:00-04:00,37.09229800727153,37.51735065238842,36.51449567013395,37.417728424072266,6402300,0.0,0.0
2011-10-06 00:00:00-04:00,37.404457701810884,38.45380272984184,37.04582060107884,38.36082077026367,5449400,0.0,0.0
2011-10-07 00:00:00-04:00,38.599911177056235,38.63976058727816,37.39117360214991,37.510719299316406,3718300,0.0,0.0
2011-10-10 00:00:00-04:00,38.20142539341956,39.031602399013266,38.20142539341956,39.024959564208984,2657300,0.0,0.0
2011-10-11 00:00:00-04:00,38.79250686739432,39.675816322960465,38.63311178462714,39.038238525390625,3822400,0.0,0.0
2011-10-12 00:00:00-04:00,39.45666172632438,40.49936408330495,39.290626286887985,39.9946174621582,5613700,0.0,0.0
2011-10-13 00:00:00-04:00,39.54964105132474,39.582847632414904,38.579994695893376,39.21092987060547,3376500,0.0,0.0
2011-10-14 00:00:00-04:00,39.742239091781684,40.339967630104574,39.4101682446022,40.32004165649414,4186800,0.0,0.0
2011-10-17 00:00:00-04:00,40.220416389350035,40.5059974813172,39.53634881548724,39.63597106933594,3713900,0.0,0.0
2011-10-18 00:00:00-04:00,39.536363221637636,41.09045524025829,38.905430495695555,40.864646911621094,3591100,0.0,0.0
2011-10-19 00:00:00-04:00,40.904486168846894,41.92726496399442,40.69860133600568,41.37602615356445,3689300,0.0,0.0
2011-10-20 00:00:00-04:00,41.20999954372521,41.87414136564987,40.67868659288548,41.70146560668945,2766100,0.0,0.0
2011-10-21 00:00:00-04:00,42.09994306356601,42.8172173344879,41.97375704931105,42.77737045288086,3237200,0.0,0.0
2011-10-24 00:00:00-04:00,42.70430621891447,43.08950448979096,42.099934940490556,42.3323860168457,3573600,0.0,0.0
2011-10-25 00:00:00-04:00,42.37888412658643,42.3921672650256,40.804866423788944,40.911128997802734,3642700,0.0,0.0
2011-10-26 00:00:00-04:00,41.56198266026281,41.867487189077025,40.45950516902174,41.648319244384766,3669300,0.0,0.0
2011-10-27 00:00:00-04:00,43.162563782558344,44.43771958280072,42.896906113049575,44.07908248901367,3838900,0.0,0.0
2011-10-28 00:00:00-04:00,44.145484047490406,45.32765504602994,43.7005104814329,45.2612419128418,3459700,0.0,0.0
2011-10-31 00:00:00-04:00,44.298249567268165,44.46428499303303,43.10944037775087,43.13600158691406,3504700,0.0,0.0
2011-11-01 00:00:00-04:00,41.20334592090396,42.09993607727165,40.61890059715733,41.44907760620117,4081000,0.0,0.0
2011-11-02 00:00:00-04:00,42.710937207855515,44.178689279224024,42.32573646461567,43.474700927734375,5244200,0.0,0.0
2011-11-03 00:00:00-04:00,43.979460744039386,44.497490418792104,43.0230951494198,43.87319564819336,3970800,0.0,0.0
2011-11-04 00:00:00-04:00,43.587605200665436,43.932961621193186,42.96995339760385,43.42156982421875,2933400,0.0,0.0
2011-11-07 00:00:00-05:00,43.15593098844183,44.025955016036264,42.83714073488861,43.75365447998047,2690500,0.0,0.0
2011-11-08 00:00:00-05:00,44.358027231733274,46.19105984500415,44.18534896131662,46.07151412963867,5588300,0.0,0.0
2011-11-09 00:00:00-05:00,44.48421462758204,44.90926492295046,43.527848929503484,43.607547760009766,5026400,0.0,0.0
2011-11-10 00:00:00-05:00,44.650230214947406,44.98893869332851,43.90638999511639,44.65686798095703,4022000,0.0,0.0
2011-11-11 00:00:00-05:00,45.25460602285342,45.82576817650008,45.25460602285342,45.47377395629883,2626300,0.0,0.0
2011-11-14 00:00:00-05:00,45.407371914792954,45.44721879716246,44.17206789134537,44.41779708862305,2512200,0.0,0.0
2011-11-15 00:00:00-05:00,44.21853576514864,44.78969777627888,43.620807489896436,44.4775505065918,3027500,0.0,0.0
2011-11-16 00:00:00-05:00,43.986106873146745,45.24797204532084,43.83335205317882,43.93961715698242,3027300,0.0,0.0
2011-11-17 00:00:00-05:00,43.614178460818984,43.833346408943314,42.04680638403245,42.465213775634766,3823200,0.0,0.0
2011-11-18 00:00:00-05:00,42.837121290129154,42.98987604513847,41.9073222952386,42.319091796875,3101100,0.0,0.0
2011-11-21 00:00:00-05:00,41.62175297227071,41.90069376247002,40.84470851417814,41.648319244384766,2575700,0.0,0.0
2011-11-22 00:00:00-05:00,41.49555327130054,41.58189236039824,40.62552714823491,40.97752380371094,3274500,0.0,0.0
2011-11-23 00:00:00-05:00,40.51264595847505,40.51264595847505,39.52307365556916,39.52971649169922,3481400,0.0,0.0
2011-11-25 00:00:00-05:00,39.24412951686169,39.689103198537985,38.89213525920734,38.905418395996094,1412400,0.0,0.0
2011-11-28 00:00:00-05:00,40.3864562601318,41.01074852398366,40.014536009231016,40.40637969970703,2648400,0.0,0.0
2011-11-29 00:00:00-05:00,40.884559652143665,41.4822855990044,40.49935629068961,41.117008209228516,3448400,0.0,0.0
2011-11-30 00:00:00-05:00,42.80391661024104,43.992730474452976,42.65116690646371,43.474700927734375,4612200,0.0,0.0
2011-12-01 00:00:00-05:00,43.37507624292106,43.89974859361643,42.90353642401698,43.2356071472168,2258800,0.0,0.0
2011-12-02 00:00:00-05:00,43.77359069138631,44.19199822249785,43.321974041789694,43.4282341003418,3417700,0.0,0.0
2011-12-05 00:00:00-05:00,44.45764594147316,45.088578514375286,43.627468836602496,44.065799713134766,3604200,0.0,0.0
2011-12-06 00:00:00-05:00,44.11228871458749,44.82956293766994,43.77358010951983,44.510772705078125,3140000,0.0,0.0
2011-12-07 00:00:00-05:00,44.23184132590781,44.57719788739818,43.56769954904133,44.165428161621094,3417200,0.0,0.0
2011-12-08 00:00:00-05:00,43.680591591932185,44.059152108093734,42.17299236216555,42.32574462890625,3332900,0.0,0.0
2011-12-09 00:00:00-05:00,42.55820766640315,44.33146505241999,42.52499854967632,44.20527648925781,3982000,0.0,0.0
2011-12-12 00:00:00-05:00,43.40829991757994,43.50127934593654,42.08001657877272,42.65782165527344,2901700,0.0,0.0
2011-12-13 00:00:00-05:00,42.92418468495962,44.08951705023379,41.83876265369336,42.20500946044922,3292400,0.17,0.0
2011-12-14 00:00:00-05:00,41.572404989760344,41.74553898730319,40.333822605061464,40.66677474975586,3824800,0.0,0.0
2011-12-15 00:00:00-05:00,41.49247134599256,41.67226569698364,40.12070844966527,40.18729782104492,4243500,0.0,0.0
2011-12-16 00:00:00-05:00,40.64678594695435,40.926464443271186,39.940926702567,40.253902435302734,4632400,0.0,0.0
2011-12-19 00:00:00-05:00,40.3737776369369,40.51361692757016,39.18846627858227,39.32164764404297,3583600,0.0,0.0
2011-12-20 00:00:00-05:00,40.15402180079896,41.04633350927106,40.15402180079896,40.75999450683594,2982900,0.0,0.0
2011-12-21 00:00:00-05:00,40.7400101660219,41.69891108786806,40.367102981859425,41.58570861816406,2900000,0.0,0.0
2011-12-22 00:00:00-05:00,41.745520226752234,42.23162983472028,41.592362613849055,41.86538314819336,3302600,0.0,0.0
2011-12-23 00:00:00-05:00,41.93864718082632,42.03853382922495,41.2061535599797,41.62567138671875,2024900,0.0,0.0
2011-12-27 00:00:00-05:00,41.672287094038644,42.11178377538471,41.45919540772198,41.525787353515625,1833100,0.0,0.0
2011-12-28 00:00:00-05:00,41.519117116465786,41.65229843648317,40.67342119583351,40.72669219970703,2199600,0.0,0.0
2011-12-29 00:00:00-05:00,40.866542348150425,41.5657412895499,40.83324764431675,41.47917556762695,2165200,0.0,0.0
2011-12-30 00:00:00-05:00,41.28605270385742,41.825435919791126,41.25275800810848,41.28605270385742,1522800,0.0,0.0
2012-01-03 00:00:00-05:00,43.19054235194852,44.34921411760133,42.830953511481376,44.02292251586914,5474700,0.0,0.0
2012-01-04 00:00:00-05:00,43.95632314341618,44.08284144491728,42.73771764067931,43.536800384521484,3266600,0.0,0.0
2012-01-05 00:00:00-05:00,43.60341268548393,43.610068070087074,42.498009187811306,43.5301628112793,3294900,0.0,0.0
2012-01-06 00:00:00-05:00,43.576769807149425,43.66999598300897,42.79100269601504,43.11729431152344,2869500,0.0,0.0
2012-01-09 00:00:00-05:00,43.28376737298054,43.93635563953829,43.210517514067575,43.84312438964844,3088100,0.0,0.0
2012-01-10 00:00:00-05:00,44.542343920813,44.55566485356785,43.496874239238245,43.749916076660156,4046100,0.0,0.0
2012-01-11 00:00:00-05:00,43.463558803054816,43.550129588399045,42.185024137669984,42.4047737121582,4089500,0.0,0.0
2012-01-12 00:00:00-05:00,42.4647116954175,42.79100587539237,42.12509912644131,42.20500946044922,3187200,0.0,0.0
2012-01-13 00:00:00-05:00,41.931973741698954,42.09844973395252,41.372614306118095,42.01853942871094,3004500,0.0,0.0
2012-01-17 00:00:00-05:00,42.46470518336203,42.697773144809155,41.905345632200515,42.4047737121582,3367700,0.0,0.0
2012-01-18 00:00:00-05:00,42.185026371541134,42.897543600127015,41.97859771330316,42.88422775268555,3265100,0.0,0.0
2012-01-19 00:00:00-05:00,42.97080763652513,43.41696233944153,42.53131085952564,42.71776580810547,3350500,0.0,0.0
2012-01-20 00:00:00-05:00,42.61786811647261,42.71109429654173,41.79214580401788,42.145076751708984,2924900,0.0,0.0
2012-01-23 00:00:00-05:00,42.59788591673523,43.749897160003705,42.59788591673523,43.470218658447266,3288600,0.0,0.0
2012-01-24 00:00:00-05:00,43.10398128041996,43.15059437139573,42.651166219321446,42.73107147216797,1941400,0.0,0.0
2012-01-25 00:00:00-05:00,42.61121259225248,44.142791805906185,42.178373828726784,44.06288146972656,2642400,0.0,0.0
2012-01-26 00:00:00-05:00,44.30925419780515,44.35586727608979,42.97744615487904,43.16389846801758,3343800,0.0,0.0
2012-01-27 00:00:00-05:00,42.94415139080433,43.50351344282629,42.917514618760926,43.29042434692383,2092200,0.0,0.0
2012-01-30 00:00:00-05:00,42.830942721921126,43.21050777783472,42.29155959709663,43.02405548095703,1789500,0.0,0.0
2012-01-31 00:00:00-05:00,43.35701154844805,43.45023770567217,42.404768587849254,42.491336822509766,3279000,0.0,0.0
2012-02-01 00:00:00-05:00,42.91086094329754,43.01740295526517,42.29156739965045,42.451385498046875,3099600,0.0,0.0
2012-02-02 00:00:00-05:00,42.53128813246673,42.904195290135824,41.97858912865556,42.56458282470703,3837300,0.0,0.0
2012-02-03 00:00:00-05:00,43.1505960152959,43.17722771362874,42.185031836233186,42.25828170776367,4077400,0.0,0.0
2012-02-06 00:00:00-05:00,42.05850422694223,43.03072617523918,41.82543880042532,42.92417907714844,4679100,0.0,0.0
2012-02-07 00:00:00-05:00,42.75770862985344,44.122814289831055,42.37814343412222,43.96299362182617,3684500,0.0,0.0
2012-02-08 00:00:00-05:00,44.12281799316406,44.3758597847413,43.46356911331494,44.12281799316406,3107600,0.0,0.0
2012-02-09 00:00:00-05:00,44.14944969883127,44.5156939539825,43.42361149204243,44.10283660888672,3224200,0.0,0.0
2012-02-10 00:00:00-05:00,42.784346067085565,43.45691075074284,42.70443573185185,43.05070877075195,3577400,0.0,0.0
2012-02-13 00:00:00-05:00,43.93636338843445,44.136131609428865,43.13061479828487,43.70995330810547,3268200,0.0,0.0
2012-02-14 00:00:00-05:00,43.809823080261026,45.075041647560596,43.78318631163487,44.54897689819336,4516000,0.0,0.0
2012-02-15 00:00:00-05:00,45.40134655092968,48.08493954535199,45.02178137693724,47.74532699584961,12816700,0.0,0.0
2012-02-16 00:00:00-05:00,48.68426775062226,50.22250518335371,48.53776797980078,49.95614242553711,10173800,0.0,0.0
2012-02-17 00:00:00-05:00,50.70859567952323,50.781845533273035,49.51662679084756,49.909507751464844,5838900,0.0,0.0
2012-02-21 00:00:00-05:00,50.40892931311179,50.442226544328626,49.816275176650265,50.0959587097168,3431200,0.0,0.0
2012-02-22 00:00:00-05:00,49.88952386518468,50.329022920932964,49.50995880814937,49.782981872558594,2956400,0.0,0.0
2012-02-23 00:00:00-05:00,49.802959362456036,50.082637815247,49.137055381271345,50.00272750854492,3670900,0.0,0.0
2012-02-24 00:00:00-05:00,50.04935199901267,50.50882234948149,49.60985287719181,50.06932830810547,2696900,0.0,0.0
2012-02-27 00:00:00-05:00,49.92283495623344,50.7086020567324,49.689769519739144,50.04269790649414,3255300,0.0,0.0
2012-02-28 00:00:00-05:00,50.215831025576236,50.36232566118667,49.050498841155274,49.263587951660156,3949700,0.0,0.0
2012-02-29 00:00:00-05:00,49.2769001990657,49.603191764345794,48.67758553190703,48.81742477416992,3849000,0.0,0.0
2012-03-01 00:00:00-05:00,48.84405247118688,49.5299327093301,48.75082632699909,49.36345672607422,2846500,0.0,0.0
2012-03-02 00:00:00-05:00,49.17035321658637,49.56323925273737,48.51110962152358,48.61099624633789,1830000,0.0,0.0
2012-03-05 00:00:00-05:00,48.391277307337575,48.51114031686891,47.91848573653285,48.3979377746582,2511200,0.0,0.0
2012-03-06 00:00:00-05:00,47.625477165667895,47.83856635574337,46.9262806421923,47.27920913696289,3337700,0.0,0.0
2012-03-07 00:00:00-05:00,47.86518720783866,48.364615307137484,47.45232989723666,48.06496047973633,2299400,0.0,0.0
2012-03-08 00:00:00-05:00,48.38458006466052,48.537735117409945,47.83853398659019,48.04496765136719,3017000,0.0,0.0
2012-03-09 00:00:00-05:00,48.01168580155768,48.25141169002316,47.69871005381413,47.818572998046875,3538200,0.0,0.0
2012-03-12 00:00:00-04:00,47.758645625988116,47.87850857413567,47.01283116190938,47.35244369506836,3039300,0.0,0.0
2012-03-13 00:00:00-04:00,47.592834287883655,48.1738066254502,46.94508984525851,48.1470947265625,3153200,0.2,0.0
2012-03-14 00:00:00-04:00,48.15378847526027,48.68801642433587,47.41254961593615,47.62623977661133,2972600,0.0,0.0
2012-03-15 00:00:00-04:00,47.62624167998577,48.968485761968665,47.49936139068512,48.44093704223633,5108000,0.0,0.0
2012-03-16 00:00:00-04:00,48.46762994846504,49.415879384172435,48.46762994846504,49.23558044433594,4589700,0.0,0.0
2012-03-19 00:00:00-04:00,49.81656056448109,50.97850038667307,49.415892187322626,50.624576568603516,5025800,0.0,0.0
2012-03-20 00:00:00-04:00,50.10369789045109,50.163800938020934,49.295682035959715,49.34910583496094,3729100,0.0,0.0
2012-03-21 00:00:00-04:00,49.56279337151597,49.642923971097474,48.42756062796629,48.61454391479492,3207400,0.0,0.0
2012-03-22 00:00:00-04:00,48.100349662645215,48.140414963161284,47.071964492951864,47.3123664855957,3501200,0.0,0.0
2012-03-23 00:00:00-04:00,47.62623252853515,48.51438419342901,47.3324066917824,48.10703659057617,2762500,0.0,0.0
2012-03-26 00:00:00-04:00,48.49436019575162,48.714724517874565,48.12039858365196,48.5143928527832,3075100,0.0,0.0
2012-03-27 00:00:00-04:00,48.42754600596268,48.48096978606889,47.49932947939868,47.51936721801758,2958100,0.0,0.0
2012-03-28 00:00:00-04:00,47.3858312395707,47.746434291748464,47.03858668642245,47.4459342956543,3563800,0.0,0.0
2012-03-29 00:00:00-04:00,47.17882295822366,47.37248044662974,46.31070388533778,47.1521110534668,3395500,0.0,0.0
2012-03-30 00:00:00-04:00,47.45260538152751,47.639583597651544,46.8182142775675,47.49267578125,3278000,0.0,0.0
2012-04-02 00:00:00-04:00,47.37248403356727,48.841603243008805,47.18550578088655,48.30070114135742,4121200,0.0,0.0
2012-04-03 00:00:00-04:00,48.10702867221027,48.14041472421671,47.13206730456003,47.51270294189453,4092900,0.0,0.0
2012-04-04 00:00:00-04:00,46.9384223467135,48.26730780669417,46.77815600804235,47.599525451660156,6315000,0.0,0.0
2012-04-05 00:00:00-04:00,47.94009269313966,48.68133146554628,47.41254405635096,47.526065826416016,4104900,0.0,0.0
2012-04-09 00:00:00-04:00,47.01854359000463,47.45927715937572,46.61119607124319,46.93840789794922,3032500,0.0,0.0
2012-04-10 00:00:00-04:00,46.93172124558291,47.16544394207034,45.40249975317562,46.036895751953125,4836800,0.0,0.0
2012-04-11 00:00:00-04:00,46.45761377915847,46.54442364286604,45.13540260133232,45.22221755981445,3239500,0.0,0.0
2012-04-12 00:00:00-04:00,45.22221746282792,46.297347356569645,45.16879365691881,46.163787841796875,3546100,0.0,0.0
2012-04-13 00:00:00-04:00,46.21052954108266,46.223888039121256,45.26227997131158,45.302345275878906,2205600,0.0,0.0
2012-04-16 00:00:00-04:00,45.57614485897235,45.62288941913927,44.65460706077804,44.741416931152344,3038700,0.0,0.0
2012-04-17 00:00:00-04:00,45.329071011547434,45.89669017161698,45.02189169497405,45.53608703613281,3214000,0.0,0.0
2012-04-18 00:00:00-04:00,45.242261726105404,45.39585393381422,44.49434353577595,44.54108810424805,3086300,0.0,0.0
2012-04-19 00:00:00-04:00,44.48097627029035,44.94174765508845,43.75309096539518,44.01353073120117,3854200,0.0,0.0
2012-04-20 00:00:00-04:00,44.30734962977761,44.58114278764264,43.399165395786106,43.5594367980957,4299500,0.0,0.0
2012-04-23 00:00:00-04:00,43.399167077007434,44.407519702811065,42.71803142251461,44.04023742675781,4921100,0.0,0.0
2012-04-24 00:00:00-04:00,44.173789425656345,44.73472397580578,43.87328440684196,44.60116958618164,4237400,0.0,0.0
2012-04-25 00:00:00-04:00,44.97513191508056,45.28899037655468,44.40751804177212,45.20885467529297,4079000,0.0,0.0
2012-04-26 00:00:00-04:00,45.128729823151524,46.1637893488648,44.968458400191956,46.11037063598633,3648200,0.0,0.0
2012-04-27 00:00:00-04:00,46.01688252436184,46.597849887252856,45.90335565692726,46.51771926879883,3360500,0.0,0.0
2012-04-30 00:00:00-04:00,46.51771330923629,46.66462112250603,45.97012698115474,46.644588470458984,2908000,0.0,0.0
2012-05-01 00:00:00-04:00,46.798178280201185,47.465960487071264,46.34408617573857,47.17881393432617,4018100,0.0,0.0
2012-05-02 00:00:00-04:00,45.26897313501458,46.41088051914859,45.095348270563996,45.44927215576172,6310300,0.0,0.0
2012-05-03 00:00:00-04:00,45.47596479327792,45.67630148234259,44.17379159867851,44.387481689453125,4892200,0.0,0.0
2012-05-04 00:00:00-04:00,44.02020624798369,44.0736300526115,42.90501107394377,43.425880432128906,6094100,0.0,0.0
2012-05-07 00:00:00-04:00,43.178806292746025,43.2789695626901,42.27061940285148,42.9717903137207,3856400,0.0,0.0
2012-05-08 00:00:00-04:00,42.64459555119061,43.15878589108264,41.91003319190935,43.07865524291992,5097800,0.0,0.0
2012-05-09 00:00:00-04:00,42.45759861400049,43.13205504902123,41.74974847966002,42.75809860229492,4836100,0.0,0.0
2012-05-10 00:00:00-04:00,43.1454083439948,43.819869792444145,42.8716151965388,43.138729095458984,3581000,0.0,0.0
2012-05-11 00:00:00-04:00,42.73138695864547,43.43923705507759,42.57111809906924,43.05860137939453,3933900,0.0,0.0
2012-05-14 00:00:00-04:00,42.4776237973648,43.09866141276552,42.404167351850575,42.584468841552734,3787400,0.0,0.0
2012-05-15 00:00:00-04:00,42.571119021127245,42.85826559635484,41.45592387108434,41.63622283935547,3902100,0.0,0.0
2012-05-16 00:00:00-04:00,41.930050013218626,42.54440848866829,41.09532216240947,41.19548797607422,3230400,0.0,0.0
2012-05-17 00:00:00-04:00,41.18213455151297,41.67629459036167,40.848243390703345,40.98847961425781,3698800,0.0,0.0
2012-05-18 00:00:00-04:00,41.288987455930354,41.62955536271883,40.7814713999703,41.021873474121094,4285700,0.0,0.0
2012-05-21 00:00:00-04:00,41.1287134740685,42.02354189092928,40.95509119052271,41.996829986572266,2628500,0.0,0.0
2012-05-22 00:00:00-04:00,41.7965039156952,42.3440853244192,40.828218847502015,41.14875411987305,4874300,0.0,0.0
2012-05-23 00:00:00-04:00,40.56777354532389,40.94173253950891,39.87327936214623,40.8415641784668,6200000,0.0,0.0
2012-05-24 00:00:00-04:00,41.08197846387775,41.08197846387775,39.86661455440631,40.354095458984375,4891900,0.0,0.0
2012-05-25 00:00:00-04:00,40.21384105536382,40.60783261760001,39.946727181940865,40.080284118652344,4495600,0.0,0.0
2012-05-29 00:00:00-04:00,40.51435071416581,41.27562467213628,40.387472994864375,40.83488845825195,2894500,0.0,0.0
2012-05-30 00:00:00-04:00,40.30065841930207,40.334049570250954,39.65291135856579,39.89999008178711,3527400,0.0,0.0
2012-05-31 00:00:00-04:00,39.89333097660568,40.06695332014212,39.152091932600925,39.74641799926758,4693600,0.0,0.0
2012-06-01 00:00:00-04:00,39.025200957648025,39.14540198856852,38.43087505331201,38.724700927734375,4919300,0.0,0.0
2012-06-04 00:00:00-04:00,38.744721388307426,39.13203371805996,38.15707237182116,38.97176742553711,3661700,0.0,0.0
2012-06-05 00:00:00-04:00,38.82485471593694,39.579449276635174,38.68462107247766,39.445892333984375,2844200,0.0,0.0
2012-06-06 00:00:00-04:00,39.81986159838871,40.334054305241445,39.62620410865441,40.12704086303711,4570400,0.0,0.0
2012-06-07 00:00:00-04:00,40.66126119451759,41.015184975331906,39.51935414716838,39.5994873046875,3556700,0.0,0.0
2012-06-08 00:00:00-04:00,39.31901440446456,39.57276979185855,38.91166687813896,39.20549011230469,3346600,0.0,0.0
2012-06-11 00:00:00-04:00,39.652917391843616,39.83989563814813,38.190472387886764,38.23721694946289,3873200,0.0,0.0
2012-06-12 00:00:00-04:00,38.46425484296893,38.75140140128467,38.0836191814596,38.43086624145508,3981700,0.0,0.0
2012-06-13 00:00:00-04:00,38.31024971222542,38.48448002679122,37.55302602254396,37.754058837890625,5604600,0.2,0.0
2012-06-14 00:00:00-04:00,37.854569972811284,38.27673804510008,37.59322454618948,37.99529266357422,4238900,0.0,0.0
2012-06-15 00:00:00-04:00,38.09581829200604,38.477781447386015,37.64014250027708,38.43087387084961,5061500,0.0,0.0
2012-06-18 00:00:00-04:00,38.24993621751068,38.363853857851645,37.834465566657585,38.10921096801758,4430700,0.0,0.0
2012-06-19 00:00:00-04:00,38.31695599161915,38.83964187375144,38.02210800410603,38.745826721191406,4853300,0.0,0.0
2012-06-20 00:00:00-04:00,38.89324090428687,38.93344592605198,37.968487059632466,38.18292236328125,4380300,0.0,0.0
2012-06-21 00:00:00-04:00,38.09580747718505,38.16282010769262,36.742185572448356,36.78239059448242,6803400,0.0,0.0
2012-06-22 00:00:00-04:00,36.936526779757145,37.432410167700084,36.43394340490891,37.19116973876953,5547400,0.0,0.0
2012-06-25 00:00:00-04:00,36.722085588823205,36.93652092359206,36.306617447242395,36.40043258666992,4848000,0.0,0.0
2012-06-26 00:00:00-04:00,36.27981833347449,36.74889666371164,36.192703165621715,36.574668884277344,3483900,0.0,0.0
2012-06-27 00:00:00-04:00,36.923123991024525,37.767465486366746,36.923123991024525,37.660247802734375,4454700,0.0,0.0
2012-06-28 00:00:00-04:00,37.33859516381206,38.15612905192741,37.21127240565735,38.08911895751953,3361400,0.0,0.0
2012-06-29 00:00:00-04:00,38.97365886329724,39.020566432653695,38.35045537753767,38.8597412109375,4210500,0.0,0.0
2012-07-02 00:00:00-04:00,38.4576826882823,39.20820654246809,38.14272959538914,38.28345489501953,3429900,0.0,0.0
2012-07-03 00:00:00-04:00,38.631904233566324,39.32881780406153,38.497881508223486,39.18809509277344,3165400,0.0,0.0
2012-07-05 00:00:00-04:00,39.10097904351179,39.30201440506325,38.571593252735944,38.8597412109375,3019100,0.0,0.0
2012-07-06 00:00:00-04:00,38.296850995429054,38.59839895019902,37.96849542645754,38.363861083984375,2239800,0.0,0.0
2012-07-09 00:00:00-04:00,38.270050409504286,38.36386556695281,37.821074583651786,38.02210998535156,2324500,0.0,0.0
2012-07-10 00:00:00-04:00,38.182932853094854,38.24324295858168,36.89632067773739,37.10405349731445,2639000,0.0,0.0
2012-07-11 00:00:00-04:00,37.238077404052845,37.727258249977005,36.97003191432423,37.41230773925781,2882500,0.0,0.0
2012-07-12 00:00:00-04:00,36.996834999921276,37.13085773763239,36.561264297699026,36.62157440185547,3729500,0.0,0.0
2012-07-13 00:00:00-04:00,36.75559001523942,37.278278371724944,36.75559001523942,37.12415313720703,3354100,0.0,0.0
2012-07-16 00:00:00-04:00,37.050441093071996,37.92828494499921,36.68858050743883,37.70044708251953,3406600,0.0,0.0
2012-07-17 00:00:00-04:00,37.794264250789496,39.02726868531049,37.351991059943416,38.953556060791016,4077200,0.0,0.0
2012-07-18 00:00:00-04:00,38.79942297862747,39.62365909684959,38.70560530331455,39.355613708496094,3474200,0.0,0.0
2012-07-19 00:00:00-04:00,39.53654153144013,39.76437933065178,39.395818861527964,39.50303649902344,3740600,0.0,0.0
2012-07-20 00:00:00-04:00,39.25511216783191,39.57676521122609,38.966964170490456,39.52985763549805,2776700,0.0,0.0
2012-07-23 00:00:00-04:00,38.57829681260764,39.25511047248977,38.18963369389354,39.100982666015625,3065500,0.0,0.0
2012-07-24 00:00:00-04:00,38.99375714196228,39.16128488754665,37.76745537354531,38.11591339111328,2916100,0.0,0.0
2012-07-25 00:00:00-04:00,38.243238085864135,38.28344566982274,37.43240431473023,37.92158508300781,2860200,0.0,0.0
2012-07-26 00:00:00-04:00,38.49788737635319,38.99376821255535,38.31695705300226,38.832942962646484,3130000,0.0,0.0
2012-07-27 00:00:00-04:00,38.48446965352601,39.737576335814495,38.33034445142809,39.45613098144531,4255000,0.0,0.0
2012-07-30 00:00:00-04:00,39.54326528890829,39.95203357644653,39.42264761094663,39.67728805541992,3520500,0.0,0.0
2012-07-31 00:00:00-04:00,39.677276346878074,39.92521928645311,39.51645111954006,39.616966247558594,4154800,0.0,0.0
2012-08-01 00:00:00-04:00,38.98035906131051,39.50304742541084,37.512816762874145,38.23653793334961,8241000,0.0,0.0
2012-08-02 00:00:00-04:00,37.599941562427176,38.0891224540706,36.88962273764923,37.130863189697266,5010900,0.0,0.0
2012-08-03 00:00:00-04:00,37.95509699514657,38.276750056225794,37.59993888617246,37.74066162109375,3866600,0.0,0.0
2012-08-06 00:00:00-04:00,37.97518921379838,38.68550779538025,37.861271570595854,38.51128005981445,3398900,0.0,0.0
2012-08-07 00:00:00-04:00,38.62519525648801,39.73087936102361,38.62519525648801,39.58345413208008,3241100,0.0,0.0
2012-08-08 00:00:00-04:00,39.523155006735685,40.01233583560279,39.37572973689834,39.83810806274414,1958600,0.0,0.0
2012-08-09 00:00:00-04:00,39.78450097377236,41.01750567613661,39.67058329751126,40.48811721801758,3689500,0.0,0.0
2012-08-10 00:00:00-04:00,39.95872345473391,40.25357140258223,39.74428811879498,40.126251220703125,2610000,0.0,0.0
2012-08-13 00:00:00-04:00,39.87830655498757,40.1329494639597,39.4494359017318,39.543251037597656,1896800,0.0,0.0
2012-08-14 00:00:00-04:00,39.77109566562007,39.891715876926526,39.214904741281295,39.3690299987793,1691100,0.0,0.0
2012-08-15 00:00:00-04:00,39.228313763563214,39.34223145072282,38.886555589541224,39.134498596191406,2055400,0.0,0.0
2012-08-16 00:00:00-04:00,39.141191806367424,39.57676507233766,39.06747917154743,39.46284484863281,2965500,0.0,0.0
2012-08-17 00:00:00-04:00,39.348921214067566,39.55665400112613,39.248403535234175,39.516448974609375,2315100,0.0,0.0
2012-08-20 00:00:00-04:00,39.38912808883147,39.757691224334074,39.24840537687823,39.71078109741211,1867900,0.0,0.0
2012-08-21 00:00:00-04:00,39.93862914734624,40.441212580691726,39.76440134854594,40.31389236450195,3641800,0.0,0.0
2012-08-22 00:00:00-04:00,40.206659029795944,41.131412903237,40.012326230980335,41.0308952331543,3801800,0.0,0.0
2012-08-23 00:00:00-04:00,40.930385495985256,41.35255363073962,40.5149147909194,40.55512237548828,3725100,0.0,0.0
2012-08-24 00:00:00-04:00,40.528316598093184,40.99069230919057,40.24016863781963,40.90357971191406,2505300,0.0,0.0
2012-08-27 00:00:00-04:00,40.93708523951245,41.044302908123655,40.233469129484504,40.3406867980957,2709300,0.0,0.0
2012-08-28 00:00:00-04:00,40.340687063108305,40.57522491590143,40.153054224602926,40.400997161865234,2646500,0.0,0.0
2012-08-29 00:00:00-04:00,40.33397503032688,40.45459519945893,39.24839606440875,39.355613708496094,4428500,0.0,0.0
2012-08-30 00:00:00-04:00,39.261812092736605,39.40253481969922,38.61850600696081,38.625205993652344,2641000,0.0,0.0
2012-08-31 00:00:00-04:00,38.906654402483106,39.19480240232336,38.61850640264284,38.75252914428711,2346000,0.0,0.0
2012-09-04 00:00:00-04:00,38.69891565986659,38.77262828917445,38.263342426467936,38.49788284301758,2085500,0.0,0.0
2012-09-05 00:00:00-04:00,38.725721853942126,38.725721853942126,38.07571325598689,38.203033447265625,3279800,0.0,0.0
2012-09-06 00:00:00-04:00,38.39737467662278,39.549966861525824,38.243249393616004,39.134498596191406,2970900,0.0,0.0
2012-09-07 00:00:00-04:00,39.295314570626196,39.85150801170674,39.24170701178393,39.7643928527832,2863700,0.0,0.0
2012-09-10 00:00:00-04:00,39.80460137915082,40.052541776727544,39.67727863088546,39.78449630737305,3110000,0.0,0.0
2012-09-11 00:00:00-04:00,39.93862901786161,40.68915544973977,39.844813852944725,40.62214279174805,3148300,0.0,0.0
2012-09-12 00:00:00-04:00,40.897792865390365,41.34153010422223,40.36665209875945,41.30118942260742,3995200,0.2,0.0
2012-09-13 00:00:00-04:00,41.4491008180445,42.18193983017874,40.81710965829245,41.812156677246094,3572000,0.0,0.0
2012-09-14 00:00:00-04:00,41.98696091489986,42.99545475962252,41.98696091489986,42.68618392944336,3354600,0.0,0.0
2012-09-17 00:00:00-04:00,42.53827786137369,42.840826578826714,42.13487871652536,42.45087432861328,2711200,0.0,0.0
2012-09-18 00:00:00-04:00,42.32313126508347,42.35674721818308,41.32808417788456,41.65752410888672,2667500,0.0,0.0
2012-09-19 00:00:00-04:00,41.77182958201761,41.87940219177694,40.81039826022272,40.98520278930664,2986400,0.0,0.0
2012-09-20 00:00:00-04:00,40.58178783593395,41.059140916093384,40.34647109499141,40.99190902709961,2539200,0.0,0.0
2012-09-21 00:00:00-04:00,41.20033515220467,41.34152624230075,40.83727931051731,41.0994873046875,5594800,0.0,0.0
2012-09-24 00:00:00-04:00,40.72298503914976,40.91123642032421,40.33975754762593,40.50111770629883,2471500,0.0,0.0
2012-09-25 00:00:00-04:00,40.790229257325265,40.99865232421599,39.95654211922934,39.99015808105469,2015500,0.0,0.0
2012-09-26 00:00:00-04:00,39.855678438504974,39.855678438504974,39.264030525528916,39.66742706298828,2591700,0.0,0.0
2012-09-27 00:00:00-04:00,39.93635629821283,40.897787278465785,39.88256873007417,40.76332092285156,3016200,0.0,0.0
2012-09-28 00:00:00-04:00,40.702816181165296,41.04570299352318,40.37337369775791,40.67592239379883,2822000,0.0,0.0
2012-10-01 00:00:00-04:00,41.11966741747832,41.49617281774823,40.72971768571056,40.86418151855469,2497200,0.0,0.0
2012-10-02 00:00:00-04:00,41.30118376875888,41.57683864355959,40.72970496347745,41.39530944824219,3089600,0.0,0.0
2012-10-03 00:00:00-04:00,41.21377845500952,41.301181967030715,40.25907224506148,40.427154541015625,2212500,0.0,0.0
2012-10-04 00:00:00-04:00,40.72299277921546,40.985200842754686,40.35993427674581,40.891075134277344,2064800,0.0,0.0
2012-10-05 00:00:00-04:00,41.01208131520998,41.03225037055229,40.131329137432154,40.35319900512695,2713500,0.0,0.0
2012-10-08 00:00:00-04:00,39.976678768696765,40.54815991528195,39.86910623923965,40.326290130615234,2130500,0.0,0.0
2012-10-09 00:00:00-04:00,40.34648445343589,41.18689616777347,40.34648445343589,41.05915451049805,2266600,0.0,0.0
2012-10-10 00:00:00-04:00,40.924672083594224,41.28100825483248,40.54144469723377,40.6624641418457,1435000,0.0,0.0
2012-10-11 00:00:00-04:00,41.04569022278184,41.778529029743666,40.823822957870945,41.42219543457031,2754800,0.0,0.0
2012-10-12 00:00:00-04:00,41.46926884515946,41.75164590249236,40.931405951621144,41.25412368774414,1715600,0.0,0.0
2012-10-15 00:00:00-04:00,41.119669192689145,41.402048896265725,40.66920969080109,40.98520278930664,2226100,0.0,0.0
2012-10-16 00:00:00-04:00,41.32807864091218,41.5163300048351,41.09276187127606,41.321353912353516,1969900,0.0,0.0
2012-10-17 00:00:00-04:00,41.20706307095337,42.32312959711251,41.20706307095337,42.22900390625,2368400,0.0,0.0
2012-10-18 00:00:00-04:00,42.00041757805515,42.26934779370444,41.79199454502216,42.121437072753906,2519100,0.0,0.0
2012-10-19 00:00:00-04:00,42.07436610981841,42.3567431665236,41.543225381559516,41.68441390991211,2503800,0.0,0.0
2012-10-22 00:00:00-04:00,41.58355522616114,41.67768345774363,40.601955322246575,41.26083755493164,2551100,0.0,0.0
2012-10-23 00:00:00-04:00,40.57505584728083,40.7364159426155,39.983408148761015,40.0640869140625,2841900,0.0,0.0
2012-10-24 00:00:00-04:00,40.19856294786384,40.35319835403534,39.4657240270401,39.512786865234375,2523200,0.0,0.0
2012-10-25 00:00:00-04:00,39.86239341804172,40.02375096766802,38.94130069372455,39.58673858642578,2123100,0.0,0.0
2012-10-26 00:00:00-04:00,39.54640862355817,39.84895731693537,39.06233071415465,39.1900749206543,2206200,0.0,0.0
2012-10-31 00:00:00-04:00,39.499346124441836,39.929636463355116,39.06233105632088,39.136287689208984,2248300,0.0,0.0
2012-11-01 00:00:00-04:00,39.136280706521504,39.593464751229355,38.860625847041675,39.344703674316406,2951600,0.0,0.0
2012-11-02 00:00:00-04:00,39.67414391568149,39.67414391568149,38.6387589242237,38.860626220703125,2327700,0.0,0.0
2012-11-05 00:00:00-05:00,38.692555811060025,39.136293105062265,38.55808942035839,38.88080978393555,2414000,0.0,0.0
2012-11-06 00:00:00-05:00,39.15646165497084,40.14478403481817,39.10939624189918,40.08427429199219,4769100,0.0,0.0
2012-11-07 00:00:00-05:00,39.479184019744125,39.479184019744125,36.35285121804215,37.2537727355957,9785100,0.0,0.0
2012-11-08 00:00:00-05:00,37.00500143362664,37.1865306334891,36.198205844704326,36.3192253112793,6761600,0.0,0.0
2012-11-09 00:00:00-05:00,36.245267546993176,36.99155337918372,36.104079028668586,36.19148254394531,4523100,0.0,0.0
2012-11-12 00:00:00-05:00,36.265438079833984,36.420073496402786,36.157865504623835,36.265438079833984,2830300,0.0,0.0
2012-11-13 00:00:00-05:00,35.98306073349521,36.608327123201576,35.868763430619566,36.10408020019531,3578900,0.0,0.0
2012-11-14 00:00:00-05:00,36.16459000968553,36.30577853288875,35.58638645973048,35.673789978027344,4035100,0.0,0.0
2012-11-15 00:00:00-05:00,35.8822205849093,35.95617723179151,34.947683097361086,35.28384780883789,4037000,0.0,0.0
2012-11-16 00:00:00-05:00,35.37797129713994,35.539331477003394,34.84010830548351,35.23006057739258,4110000,0.0,0.0
2012-11-19 00:00:00-05:00,35.85532566040232,36.097362073335084,35.54605220853339,35.96289825439453,2863900,0.0,0.0
2012-11-20 00:00:00-05:00,35.828421577564164,36.00322603080703,35.28383403427102,35.458641052246094,3415200,0.0,0.0
2012-11-21 00:00:00-05:00,35.465368332862596,35.77463917577449,35.39813643300612,35.55949401855469,1788100,0.0,0.0
2012-11-23 00:00:00-05:00,35.6334543148254,35.7948144817146,35.30401181626249,35.788089752197266,1085600,0.0,0.0
2012-11-26 00:00:00-05:00,35.357807222342764,35.58639934662284,35.24350987783602,35.546058654785156,2793800,0.0,0.0
2012-11-27 00:00:00-05:00,35.56621590609946,35.828423885218285,35.39140887686533,35.71412658691406,3631300,0.0,0.0
2012-11-28 00:00:00-05:00,35.39140887686533,35.77463631784397,35.14936995314569,35.71412658691406,4484500,0.0,0.0
2012-11-29 00:00:00-05:00,35.70068183394645,35.989783614072905,35.31073220604979,35.36451721191406,3672100,0.0,0.0
2012-11-30 00:00:00-05:00,35.35107224631119,35.43175103601852,34.61823328091072,34.73925018310547,5763500,0.0,0.0
2012-12-03 00:00:00-05:00,34.96112992652702,35.216615824884634,34.759431612974474,34.893898010253906,3864300,0.0,0.0
2012-12-04 00:00:00-05:00,34.89387901778848,35.02162061507193,34.7056251381691,34.88043212890625,4011300,0.0,0.0
2012-12-05 00:00:00-05:00,34.97456750019633,35.79480999670395,34.91405776578622,35.37796401977539,3330000,0.0,0.0
2012-12-06 00:00:00-05:00,35.304006104999985,35.85531842325607,35.19643353272055,35.6939582824707,2871000,0.0,0.0
2012-12-07 00:00:00-05:00,35.741030133861365,35.80153988132052,35.236783093279385,35.57966995239258,2918900,0.0,0.0
2012-12-10 00:00:00-05:00,35.53260324723862,35.53932797663433,35.001465037953544,35.17626953125,2576200,0.0,0.0
2012-12-11 00:00:00-05:00,35.25695029147291,35.45865114883579,35.02163604419347,35.2703971862793,3081100,0.0,0.0
2012-12-12 00:00:00-05:00,35.49311500914766,36.026288488341194,35.40537698198397,35.709083557128906,4226500,0.2,0.0
2012-12-13 00:00:00-05:00,35.68882258085915,35.68882258085915,35.243387312668744,35.317626953125,4396200,0.0,0.0
2012-12-14 00:00:00-05:00,35.155670276691744,35.229909961399485,34.95320004765613,35.04093551635742,6201600,0.0,0.0
2012-12-17 00:00:00-05:00,35.094928735851205,35.44587833215555,34.96669819230772,35.18266677856445,3265500,0.0,0.0
2012-12-18 00:00:00-05:00,35.189406630226195,36.70118896315056,35.155662029061624,36.53921127319336,5161300,0.0,0.0
2012-12-19 00:00:00-05:00,36.431230071737154,36.53246645830159,35.85081361447065,36.28950119018555,3494200,0.0,0.0
2012-12-20 00:00:00-05:00,36.383980462968815,36.593201088849696,36.03978144573024,36.57295227050781,3569300,0.0,0.0
2012-12-21 00:00:00-05:00,35.91154711670209,36.269247050054446,35.769818265992434,36.08027267456055,4521000,0.0,0.0
2012-12-24 00:00:00-05:00,35.979049476238714,36.066784938478705,35.50661726024891,35.682090759277344,965600,0.0,0.0
2012-12-26 00:00:00-05:00,35.87106414717593,36.00604256963452,35.290647662229816,35.337890625,1902500,0.0,0.0
2012-12-27 00:00:00-05:00,35.310880798616985,35.37162209598749,34.79120582656871,35.2703857421875,2544700,0.0,0.0
2012-12-28 00:00:00-05:00,35.00041619527236,35.047659126694555,34.4874892619076,34.521236419677734,3184400,0.0,0.0
2012-12-31 00:00:00-05:00,34.37276826284472,35.16915304189157,34.34577155773017,35.121910095214844,3970100,0.0,0.0
2013-01-02 00:00:00-05:00,35.81032324476562,35.90480917140761,34.84521258055378,35.40538024902344,4541200,0.0,0.0
2013-01-03 00:00:00-05:00,35.3243995600217,36.22876907974866,35.13542766993064,36.03304672241211,3714900,0.0,0.0
2013-01-04 00:00:00-05:00,36.235508716141055,36.91716157788082,35.97904765932355,36.83617401123047,3349500,0.0,0.0
2013-01-07 00:00:00-05:00,37.09937463289762,37.133119227874445,36.76192353403422,36.84965896606445,3238700,0.0,0.0
2013-01-08 00:00:00-05:00,36.71469705100784,36.75518955332003,36.39074158521801,36.586463928222656,2410700,0.0,0.0
2013-01-09 00:00:00-05:00,36.61346731537258,36.9981616047038,35.871075459534936,36.00605392456055,3702300,0.0,0.0
2013-01-10 00:00:00-05:00,36.22874662835767,36.41771840134065,36.0060276891586,36.36372756958008,3681200,0.0,0.0
2013-01-11 00:00:00-05:00,36.38398631343328,36.62695157622186,36.07353184411374,36.620201110839844,2983400,0.0,0.0
2013-01-14 00:00:00-05:00,36.64719113925292,36.73492915137934,36.22875247107323,36.323238372802734,2173100,0.0,0.0
2013-01-15 00:00:00-05:00,36.026276645107544,36.30973430569385,35.89129570335569,36.22199630737305,2443300,0.0,0.0
2013-01-16 00:00:00-05:00,36.13426647494896,36.417724179396984,36.00603340189585,36.35023498535156,2176700,0.0,0.0
2013-01-17 00:00:00-05:00,36.55270962856879,36.74843191969056,36.444725360113345,36.53921127319336,2325700,0.0,0.0
2013-01-18 00:00:00-05:00,36.660690403246434,36.89015727366449,36.43797399714679,36.63369369506836,2828600,0.0,0.0
2013-01-22 00:00:00-05:00,36.59320935875996,37.112884521484375,36.316499474664965,37.112884521484375,2905900,0.0,0.0
2013-01-23 00:00:00-05:00,37.031895407078785,37.08588883696148,36.54596741087678,36.64045333862305,2138100,0.0,0.0
2013-01-24 00:00:00-05:00,36.68769630249618,36.92391112186185,36.48522608953297,36.64045333862305,2996300,0.0,0.0
2013-01-25 00:00:00-05:00,36.768669977636044,37.24110201238047,36.6876824379662,37.10612106323242,2526000,0.0,0.0
2013-01-28 00:00:00-05:00,37.0791425240245,37.166880570136804,36.48523017608402,36.82268142700195,2309900,0.0,0.0
2013-01-29 00:00:00-05:00,36.95089534884188,38.48967153677405,36.829412747210654,38.44242858886719,7194600,0.0,0.0
2013-01-30 00:00:00-05:00,38.449178315674914,39.4142886464992,38.44242785207613,38.97560119628906,7736900,0.0,0.0
2013-01-31 00:00:00-05:00,38.820375213853424,38.921609000066034,38.28045396374336,38.59765625,4223800,0.0,0.0
2013-02-01 00:00:00-05:00,39.292814078909174,39.292814078909174,38.57066879907934,39.157833099365234,3354100,0.0,0.0
2013-02-04 00:00:00-05:00,38.955352006164446,39.15782213149568,38.523415052245205,38.590904235839844,2501700,0.0,0.0
2013-02-05 00:00:00-05:00,38.806874302474824,39.38729057353508,38.76637924593082,39.2050666809082,2547300,0.0,0.0
2013-02-06 00:00:00-05:00,38.989113676104985,39.45479542580104,38.90137563936279,39.211830139160156,2823500,0.0,0.0
2013-02-07 00:00:00-05:00,39.34680911592509,40.750607333391585,39.29956615423615,40.15669250488281,6514300,0.0,0.0
2013-02-08 00:00:00-05:00,40.15668664300316,40.831588939524224,39.947466004244376,40.77759552001953,3504000,0.0,0.0
2013-02-11 00:00:00-05:00,40.67636204435056,40.777595844906514,40.028456452419796,40.29166793823242,2674800,0.0,0.0
2013-02-12 00:00:00-05:00,40.359157219397275,40.487390304725345,39.859730956739675,40.17693328857422,2573000,0.0,0.0
2013-02-13 00:00:00-05:00,40.71684508380457,41.6752048336707,40.66285167981635,41.49298095703125,8367000,0.0,0.0
2013-02-14 00:00:00-05:00,41.25003733617142,41.70897121161813,40.764109319176725,40.93958282470703,5414800,0.0,0.0
2013-02-15 00:00:00-05:00,41.101554548380136,41.101554548380136,39.63701509573533,39.98796463012695,5356300,0.0,0.0
2013-02-19 00:00:00-05:00,40.13644224032044,40.905830481743514,39.98796290441491,40.87883377075195,5945000,0.0,0.0
2013-02-20 00:00:00-05:00,40.912592201092714,40.912592201092714,37.63256536882908,38.179237365722656,9360300,0.0,0.0
2013-02-21 00:00:00-05:00,38.030743702225095,38.07798665741908,37.038639068603516,37.038639068603516,6534600,0.0,0.0
2013-02-22 00:00:00-05:00,37.32208955205031,37.450322612287316,36.68093197450769,37.10612106323242,4545400,0.0,0.0
2013-02-25 00:00:00-05:00,37.43683618279304,37.61230967038703,36.43123049464986,36.44472885131836,4826300,0.0,0.0
2013-02-26 00:00:00-05:00,36.67419544146869,36.72818629311727,35.5606054843674,36.26250457763672,5166500,0.0,0.0
2013-02-27 00:00:00-05:00,36.15451715591156,36.74843191969056,36.14101880053612,36.53921127319336,3139400,0.0,0.0
2013-02-28 00:00:00-05:00,36.50546894482757,36.82267387952913,36.3502417101678,36.620201110839844,4214600,0.0,0.0
2013-03-01 00:00:00-05:00,36.35697710651793,36.48521015922551,36.15450698195798,36.36372756958008,2720100,0.0,0.0
2013-03-04 00:00:00-05:00,36.23549813434683,36.30298989896955,35.891299145687455,36.12751388549805,3394500,0.0,0.0
2013-03-05 00:00:00-05:00,36.38397592452455,36.75517160355177,36.20850249291898,36.49871063232422,3159300,0.0,0.0
2013-03-06 00:00:00-05:00,36.61344735570268,36.8969050671897,36.35023588802251,36.66069030761719,2834400,0.0,0.0
2013-03-07 00:00:00-05:00,36.653942663234865,37.70678854100356,36.64719219888887,37.65279769897461,3987100,0.0,0.0
2013-03-08 00:00:00-05:00,37.794530942491335,38.00375159418888,37.64605160421901,37.95650863647461,2688600,0.0,0.0
2013-03-11 00:00:00-04:00,37.80801213859744,37.90924589866128,37.28833726505288,37.76751708984375,2598400,0.0,0.0
2013-03-12 00:00:00-04:00,37.848522053813625,38.13197978278762,37.57856010517825,37.700042724609375,3096900,0.0,0.0
2013-03-13 00:00:00-04:00,37.46297347674478,38.25544516871267,37.46297347674478,37.72035598754883,3625400,0.2,0.0
2013-03-14 00:00:00-04:00,37.767774972674275,39.14275136205318,37.72713698199837,39.06824493408203,4114900,0.0,0.0
2013-03-15 00:00:00-04:00,38.946325909829255,39.64397231235486,38.85150048623925,39.32563018798828,4884200,0.0,0.0
2013-03-18 00:00:00-04:00,39.02760138697133,39.610103324415476,38.844722691462195,39.26466751098633,3180000,0.0,0.0
2013-03-19 00:00:00-04:00,39.237570705489226,39.366261962353825,38.485736988893954,38.78376007080078,3818700,0.0,0.0
2013-03-20 00:00:00-04:00,39.08179031044417,39.284988007516375,38.40446293100423,38.682167053222656,2894200,0.0,0.0
2013-03-21 00:00:00-04:00,38.46540573848204,39.08177328185873,38.370580360085285,38.54668426513672,2928700,0.0,0.0
2013-03-22 00:00:00-04:00,38.74990029161484,39.01405756664562,38.57379630286066,38.81763458251953,2472900,0.0,0.0
2013-03-25 00:00:00-04:00,39.0479174575304,39.3865810865331,38.499281448378596,38.62120056152344,2427100,0.0,0.0
2013-03-26 00:00:00-04:00,38.76345149226688,38.912464365151344,38.47897518999577,38.74990463256836,2273600,0.0,0.0
2013-03-27 00:00:00-04:00,38.56702574761144,38.837957772896374,38.438334456690704,38.702491760253906,1787700,0.0,0.0
2013-03-28 00:00:00-04:00,38.7024782298311,38.810850485298175,38.16061695249573,38.21480178833008,3737300,0.0,0.0
2013-04-01 00:00:00-04:00,38.05902895151277,38.11321638840011,37.2733292032408,37.605220794677734,3464600,0.0,0.0
2013-04-02 00:00:00-04:00,37.7203676327563,37.72714235469974,37.04981485312092,37.219146728515625,3133700,0.0,0.0
2013-04-03 00:00:00-04:00,37.219144708353575,37.2868764213154,36.31829793992576,36.474082946777344,2912600,0.0,0.0
2013-04-04 00:00:00-04:00,36.44700030741271,36.6840639418362,35.97287045476589,36.16252136230469,3221400,0.0,0.0
2013-04-05 00:00:00-04:00,35.87802215464655,36.914331930655024,35.75610305349282,36.57566833496094,3446800,0.0,0.0
2013-04-08 00:00:00-04:00,36.616320449330786,37.06335643333819,36.433441739900616,36.87370300292969,2486400,0.0,0.0
2013-04-09 00:00:00-04:00,36.9075848324565,37.65264421488703,36.71115919359393,37.40880584716797,2264400,0.0,0.0
2013-04-10 00:00:00-04:00,37.60522521483378,37.98452956623135,37.36138688777817,37.79487609863281,2566600,0.0,0.0
2013-04-11 00:00:00-04:00,37.89647348038017,38.39769437470509,37.56458187430072,38.29609680175781,2921700,0.0,0.0
2013-04-12 00:00:00-04:00,38.09966236290737,38.275766332068926,37.19881577259213,37.286869049072266,5752900,0.0,0.0
2013-04-15 00:00:00-04:00,36.79919849355518,36.90757077305861,35.95253925249749,35.96608352661133,5542900,0.0,0.0
2013-04-16 00:00:00-04:00,36.35893331147076,36.68405013797019,36.088001330821804,36.59599685668945,3392500,0.0,0.0
2013-04-17 00:00:00-04:00,36.22346888405969,36.23024360495759,35.27521207847218,35.76288604736328,3520700,0.0,0.0
2013-04-18 00:00:00-04:00,35.84416438919511,36.23701551726937,35.28198399670825,35.96608352661133,3129400,0.0,0.0
2013-04-19 00:00:00-04:00,36.12864763221193,36.196379346215394,34.57079495593882,34.84172439575195,5515000,0.0,0.0
2013-04-22 00:00:00-04:00,34.88235628755439,35.119419811328996,34.415001376199314,35.017822265625,4636500,0.0,0.0
2013-04-23 00:00:00-04:00,35.10586663092283,35.87124443278182,34.61819026713461,35.85092544555664,5267600,0.0,0.0
2013-04-24 00:00:00-04:00,35.99316495710915,36.38601595109398,35.87802057985033,36.18959045410156,2889900,0.0,0.0
2013-04-25 00:00:00-04:00,36.25055972858385,36.9143402150556,36.1083216065825,36.21669387817383,2708500,0.0,0.0
2013-04-26 00:00:00-04:00,36.304752530351,36.40635268765023,35.72902519578697,36.311527252197266,2691600,0.0,0.0
2013-04-29 00:00:00-04:00,36.480853554389974,37.2868722164572,36.338615422930864,37.09722137451172,2963600,0.0,0.0
2013-04-30 00:00:00-04:00,37.08366016798662,37.35459205204817,36.8872346812319,37.29363250732422,3234900,0.0,0.0
2013-05-01 00:00:00-04:00,37.42911358061531,38.71603676330662,36.97530543139417,37.41556930541992,8214600,0.0,0.0
2013-05-02 00:00:00-04:00,37.754229836595854,38.52638264740198,37.266553289224014,38.36382293701172,4593400,0.0,0.0
2013-05-03 00:00:00-04:00,38.668628571790755,39.494968980521016,38.58734999211548,39.3865966796875,4007800,0.0,0.0
2013-05-06 00:00:00-04:00,39.38659160220347,40.29421047360421,39.27821931534066,39.55592346191406,3829600,0.0,0.0
2013-05-07 00:00:00-04:00,39.52883170290488,39.86072071745526,38.89891694686523,39.36627197265625,5309400,0.0,0.0
2013-05-08 00:00:00-04:00,39.37983015475404,39.901372768516346,39.30532369795942,39.576255798339844,2642900,0.0,0.0
2013-05-09 00:00:00-04:00,39.55592328085524,39.745574136047296,39.23080383795583,39.54914855957031,2288800,0.0,0.0
2013-05-10 00:00:00-04:00,39.31885170993923,40.10455132377886,39.22402629541012,40.084232330322266,3318800,0.0,0.0
2013-05-13 00:00:00-04:00,40.016511874571115,40.41613263844089,39.67107338594542,40.07746887207031,2579400,0.0,0.0
2013-05-14 00:00:00-04:00,40.077466904487885,40.456771234369,40.016509909981345,40.267120361328125,1883200,0.0,0.0
2013-05-15 00:00:00-04:00,40.016517573666135,40.212940622447746,39.535612993242566,39.79977035522461,2476500,0.0,0.0
2013-05-16 00:00:00-04:00,39.72525569551803,39.87426597648242,39.22403224918555,39.44077682495117,2251100,0.0,0.0
2013-05-17 00:00:00-04:00,39.73202270878391,40.165511804407245,39.62365043487808,39.82007598876953,3107300,0.0,0.0
2013-05-20 00:00:00-04:00,39.8403977568366,40.60577844797799,39.806531903345174,40.54481887817383,2390300,0.0,0.0
2013-05-21 00:00:00-04:00,40.51772010173819,41.22214113510263,40.35516299176097,40.754783630371094,3482600,0.0,0.0
2013-05-22 00:00:00-04:00,40.88348854154148,41.3847094474107,39.79976298521458,40.06392288208008,3598800,0.0,0.0
2013-05-23 00:00:00-04:00,39.257895512535256,39.745572067706796,38.80408739442762,39.481414794921875,5021500,0.0,0.0
2013-05-24 00:00:00-04:00,39.05470513642885,39.29176873755914,38.783773091880406,39.1766242980957,2846800,0.0,0.0
2013-05-28 00:00:00-04:00,39.62365554521576,39.982638264365235,39.31885767810812,39.44077682495117,2538000,0.0,0.0
2013-05-29 00:00:00-04:00,39.29853602426495,39.86071642220608,39.156297890499005,39.732025146484375,2678800,0.0,0.0
2013-05-30 00:00:00-04:00,39.65074870845127,39.820080567386775,39.129206272873994,39.54914855957031,2155200,0.0,0.0
2013-05-31 00:00:00-04:00,39.39336137576021,39.400133512870624,38.492517279734244,38.50606155395508,3303200,0.0,0.0
2013-06-03 00:00:00-04:00,38.53992525792124,39.11565244216525,38.41800613451449,38.980186462402344,2464800,0.0,0.0
2013-06-04 00:00:00-04:00,38.87858911444622,39.102105785970316,38.54669759151812,38.7769889831543,1986400,0.0,0.0
2013-06-05 00:00:00-04:00,38.70926135266642,38.76344620026388,38.32318494726336,38.36382293701172,3001900,0.0,0.0
2013-06-06 00:00:00-04:00,39.24435194059174,39.28499251819207,37.13786571905932,37.81519317626953,7772100,0.0,0.0
2013-06-07 00:00:00-04:00,38.05225343738689,38.539929990904085,37.79486830260848,38.50606155395508,3352700,0.0,0.0
2013-06-10 00:00:00-04:00,38.465422098688904,38.5060600874016,37.85582643000965,38.079345703125,1960300,0.0,0.0
2013-06-11 00:00:00-04:00,37.6661699464014,37.74067635960469,37.25977203360125,37.42910385131836,2663400,0.0,0.0
2013-06-12 00:00:00-04:00,37.911941397606014,37.911941397606014,36.9598916073696,37.0890998840332,2686900,0.22,0.0
2013-06-13 00:00:00-04:00,37.07550067356674,37.503923359354296,36.871490735519785,37.42911911010742,2298000,0.0,0.0
2013-06-14 00:00:00-04:00,37.408714364612294,37.558322855364196,36.83748501116418,36.939491271972656,2460600,0.0,0.0
2013-06-17 00:00:00-04:00,37.28630421953488,37.619519773160576,37.15029675934771,37.40190887451172,2571100,0.0,0.0
2013-06-18 00:00:00-04:00,37.36109839427952,37.79632269875538,37.313496181842886,37.60591125488281,2458600,0.0,0.0
2013-06-19 00:00:00-04:00,37.57870941764241,37.721518649717495,36.80347041834633,36.810272216796875,2951100,0.0,0.0
2013-06-20 00:00:00-04:00,36.52465817368491,36.57906218750635,35.72221712870174,35.84462356567383,4162300,0.0,0.0
2013-06-21 00:00:00-04:00,36.17783614971096,36.41584718857964,35.89222030894278,36.33424377441406,5514300,0.0,0.0
2013-06-24 00:00:00-04:00,35.92624743928189,35.93984585536857,35.13060520358381,35.38221740722656,4363100,0.0,0.0
2013-06-25 00:00:00-04:00,35.661020597050836,36.218648872651286,35.32780502935446,36.08944320678711,3499200,0.0,0.0
2013-06-26 00:00:00-04:00,36.37507072922362,36.38186993732853,35.7698374427879,36.03505325317383,2154100,0.0,0.0
2013-06-27 00:00:00-04:00,36.24585641837197,36.48387016861966,35.531820355882985,35.606624603271484,3876300,0.0,0.0
2013-06-28 00:00:00-04:00,35.57941529233161,35.667820529676746,35.13739169973242,35.28020095825195,3936700,0.0,0.0
2013-07-01 00:00:00-04:00,35.44341012092763,35.871832735882265,35.36180667802612,35.552215576171875,2865300,0.0,0.0
2013-07-02 00:00:00-04:00,35.58622054360875,36.109845030503735,35.559018530383184,36.075843811035156,3261400,0.0,0.0
2013-07-03 00:00:00-04:00,36.02144124126932,36.429461050261835,35.72902609364491,36.381858825683594,1802000,0.0,0.0
2013-07-05 00:00:00-04:00,36.53826164247723,37.17069407812958,36.35465197463045,37.102691650390625,2797800,0.0,0.0
2013-07-08 00:00:00-04:00,37.35431856941762,37.687534229346475,37.17750803652988,37.27951431274414,2888600,0.0,0.0
2013-07-09 00:00:00-04:00,37.42911847471497,37.88474057548098,37.33391401151771,37.81673812866211,2736600,0.0,0.0
2013-07-10 00:00:00-04:00,37.89832937379252,38.00713481012462,37.565113859955694,37.585514068603516,2696700,0.0,0.0
2013-07-11 00:00:00-04:00,37.94593526449282,38.69397498157175,37.75552638100525,38.06154251098633,3077100,0.0,0.0
2013-07-12 00:00:00-04:00,38.122754921769484,38.43557033261505,37.714732452115726,37.84394073486328,2371100,0.0,0.0
2013-07-15 00:00:00-04:00,37.803139101953484,38.326766271111765,37.65353059815763,38.14995574951172,2055500,0.0,0.0
2013-07-16 00:00:00-04:00,38.15675350203574,38.36756263233029,37.864338326988225,38.21115493774414,2035500,0.0,0.0
2013-07-17 00:00:00-04:00,38.245160367170186,38.530773753476,38.10915288097012,38.19755554199219,1378600,0.0,0.0
2013-07-18 00:00:00-04:00,38.319954408054926,38.836782234124,38.21795075926276,38.612369537353516,2257000,0.0,0.0
2013-07-19 00:00:00-04:00,38.63956594099494,39.43520777557542,38.59196372630756,39.36720275878906,3073600,0.0,0.0
2013-07-22 00:00:00-04:00,39.27201341303203,39.34001586181066,38.83679151494361,38.959197998046875,1843700,0.0,0.0
2013-07-23 00:00:00-04:00,39.108794405171295,39.33320710106274,38.78917986058932,39.033992767333984,2056100,0.0,0.0
2013-07-24 00:00:00-04:00,39.033993863121864,39.033993863121864,38.14314744837624,38.31315612792969,2856400,0.0,0.0
2013-07-25 00:00:00-04:00,38.27236186508378,38.625980310734164,38.12955516418473,38.42197036743164,2892800,0.0,0.0
2013-07-26 00:00:00-04:00,38.265555867913434,38.374361324643466,37.687524771307224,37.973140716552734,2728200,0.0,0.0
2013-07-29 00:00:00-04:00,37.66031941454555,37.93913351558652,37.055088994782906,37.22509765625,3070700,0.0,0.0
2013-07-30 00:00:00-04:00,37.33390446055086,37.442709904102095,36.77627623808501,37.32710266113281,3562800,0.0,0.0
2013-07-31 00:00:00-04:00,37.50390987505123,37.694318736217745,37.3339012221165,37.4087028503418,3380000,0.0,0.0
2013-08-01 00:00:00-04:00,37.74872746126876,38.44916501091289,37.74872746126876,38.306358337402344,2344900,0.0,0.0
2013-08-02 00:00:00-04:00,38.190733050249364,38.217935049729796,37.837114839380106,38.054725646972656,2232500,0.0,0.0
2013-08-05 00:00:00-04:00,37.96634266031366,38.265557026851766,37.884736619699524,38.081947326660156,2787800,0.0,0.0
2013-08-06 00:00:00-04:00,38.06155301815384,38.10915525216667,37.69433356080294,37.945945739746094,2664800,0.0,0.0
2013-08-07 00:00:00-04:00,39.101997015544555,39.16999945096441,37.50391643603817,38.544368743896484,7142800,0.0,0.0
2013-08-08 00:00:00-04:00,38.557977131030846,40.394071774247,38.557977131030846,39.89764404296875,5247500,0.0,0.0
2013-08-09 00:00:00-04:00,39.90443847281709,40.08804816263355,39.66642735312538,39.78203201293945,2604100,0.0,0.0
2013-08-12 00:00:00-04:00,39.63241583894051,39.88403050986082,39.34680255081622,39.36720275878906,2278500,0.0,0.0
2013-08-13 00:00:00-04:00,39.47601128572409,39.47601128572409,38.89118106615203,39.13599395751953,1881600,0.0,0.0
2013-08-14 00:00:00-04:00,39.22441029900062,39.74123564283986,39.15640785174945,39.40802001953125,3254100,0.0,0.0
2013-08-15 00:00:00-04:00,39.163200851056494,39.52361843378653,39.04079439010541,39.45561599731445,2038000,0.0,0.0
2013-08-16 00:00:00-04:00,39.312808511796845,39.3672099410249,38.680376007995186,39.02039337158203,2501500,0.0,0.0
2013-08-19 00:00:00-04:00,39.068005059018226,39.102006284788246,38.34036793220539,38.381168365478516,2860700,0.0,0.0
2013-08-20 00:00:00-04:00,38.72797968408616,39.163201510742596,38.4355645329026,38.44236373901367,2752000,0.0,0.0
2013-08-21 00:00:00-04:00,38.35395195648364,38.734769667068235,38.10233729013186,38.1363410949707,3354900,0.0,0.0
2013-08-22 00:00:00-04:00,38.24516248720225,39.24481198881287,38.18395924472591,38.98640060424805,1776000,0.0,0.0
2013-08-23 00:00:00-04:00,39.01359809362793,39.65963171126778,38.938793846073295,39.530426025390625,2219100,0.0,0.0
2013-08-26 00:00:00-04:00,39.564412985235386,39.836427861165,39.46240675823025,39.48960876464844,2349800,0.0,0.0
2013-08-27 00:00:00-04:00,39.14280177092237,39.44201613182994,38.64637670676524,38.734779357910156,3145800,0.0,0.0
2013-08-28 00:00:00-04:00,38.775588578746,39.700436416530536,38.74838656136948,39.10200500488281,2818000,0.0,0.0
2013-08-29 00:00:00-04:00,39.03399820804179,39.204006906519105,38.52397211260985,38.60557556152344,1937000,0.0,0.0
2013-08-30 00:00:00-04:00,38.6803934911667,39.12241470714303,38.659990676123506,38.82320022583008,2037600,0.0,0.0
2013-09-03 00:00:00-04:00,39.29240310839619,39.36040813309379,38.75517768098061,38.91838455200195,2229600,0.0,0.0
2013-09-04 00:00:00-04:00,38.8979950628132,39.34001617160949,38.87079304543668,39.10200500488281,2160600,0.0,0.0
2013-09-05 00:00:00-04:00,39.1019810899356,39.97922615784777,39.09518188681347,39.93842315673828,3291500,0.0,0.0
2013-09-06 00:00:00-04:00,39.999638510979935,40.278452617935535,39.66642298014649,39.70042419433594,2422200,0.0,0.0
2013-09-09 00:00:00-04:00,39.877232917275585,40.19004824510944,39.78202847785889,40.13564682006836,2112300,0.0,0.0
2013-09-10 00:00:00-04:00,40.24445375930242,40.24445375930242,39.686825512752556,39.91803741455078,2388300,0.0,0.0
2013-09-11 00:00:00-04:00,39.87708561304147,40.36172866821289,39.84295648056385,40.36172866821289,2996200,0.22,0.0
2013-09-12 00:00:00-04:00,40.38221169482594,40.73033306462443,40.081871638453,40.20473861694336,1869400,0.0,0.0
2013-09-13 00:00:00-04:00,40.34807333136927,40.402679418275454,39.761042924785066,39.856605529785156,1780800,0.0,0.0
2013-09-16 00:00:00-04:00,40.238852079623435,40.272981203934464,39.59038830217286,39.66547393798828,2059700,0.0,0.0
2013-09-17 00:00:00-04:00,39.67913279473553,40.32076929311353,39.624524103527676,40.177425384521484,2027400,0.0,0.0
2013-09-18 00:00:00-04:00,40.06138324228244,41.21496710784344,40.03408150054744,40.83271408081055,4457800,0.0,0.0
2013-09-19 00:00:00-04:00,40.97605478067041,41.09209693852838,40.47776222959916,40.73714828491211,2458700,0.0,0.0
2013-09-20 00:00:00-04:00,40.76445707359218,41.11940576591416,40.532375336454194,40.6415901184082,3796500,0.0,0.0
2013-09-23 00:00:00-04:00,40.60061961999869,40.71666175055749,40.34123362570687,40.668880462646484,2918300,0.0,0.0
2013-09-24 00:00:00-04:00,40.64841523984301,41.01701610844874,40.44363784746844,40.77128219604492,2627700,0.0,0.0
2013-09-25 00:00:00-04:00,40.79176904820737,41.017026057175826,40.57333942950936,40.614295959472656,2289300,0.0,0.0
2013-09-26 00:00:00-04:00,40.63476113465539,40.778107645999896,40.30711680165567,40.593807220458984,2038900,0.0,0.0
2013-09-27 00:00:00-04:00,40.43681886035601,40.627944106790025,39.78152746536502,40.075042724609375,3262200,0.0,0.0
2013-09-30 00:00:00-04:00,39.569913574022166,39.576738357714135,39.04431669763665,39.42656707763672,3530700,0.0,0.0
2013-10-01 00:00:00-04:00,39.494817960167374,40.23201679534587,39.460688842555506,39.999935150146484,2260700,0.0,0.0
2013-10-02 00:00:00-04:00,39.86342715926565,40.040900170929476,39.303701178937374,39.7883415222168,1930300,0.0,0.0
2013-10-03 00:00:00-04:00,39.679122893366824,39.8975523959208,39.46069339081286,39.569908142089844,2166100,0.0,0.0
2013-10-04 00:00:00-04:00,39.658657661122184,40.368555102763665,39.583574608157605,40.2183837890625,2074800,0.0,0.0
2013-10-07 00:00:00-04:00,39.92486605470472,40.39585429130497,39.80199910535063,39.83612823486328,1732300,0.0,0.0
2013-10-08 00:00:00-04:00,40.00677648032741,40.266162551578994,39.685956934407976,39.72691345214844,2877200,0.0,0.0
2013-10-09 00:00:00-04:00,39.74739615072692,40.088692702875235,39.556270914767396,39.7951774597168,3133100,0.0,0.0
2013-10-10 00:00:00-04:00,40.136475731656,41.23545109328488,40.12965094603046,41.14671325683594,4366200,0.0,0.0
2013-10-11 00:00:00-04:00,40.94875689246026,41.89073339623421,40.805410377637486,41.50165557861328,3305800,0.0,0.0
2013-10-14 00:00:00-04:00,41.16035089585344,41.774685540640824,41.05113613721182,41.59720993041992,2246700,0.0,0.0
2013-10-15 00:00:00-04:00,41.46071018260686,41.97265505876215,41.296886676527194,41.617706298828125,2868100,0.0,0.0
2013-10-16 00:00:00-04:00,41.96581118850692,43.06478617436354,41.84977164534703,42.65523147583008,4179700,0.0,0.0
2013-10-17 00:00:00-04:00,42.60745142656577,43.0920944084067,42.32758841637744,42.982879638671875,2647500,0.0,0.0
2013-10-18 00:00:00-04:00,43.303705543458555,43.3992707652014,42.71667766178309,43.14670944213867,3229200,0.0,0.0
2013-10-21 00:00:00-04:00,44.313933061421515,45.610860707896286,44.03407265997953,44.586971282958984,8475700,0.0,0.0
2013-10-22 00:00:00-04:00,45.098916060127884,45.67911902687055,44.51188570569998,44.723487854003906,5280900,0.0,0.0
2013-10-23 00:00:00-04:00,44.38902314102849,44.38902314102849,43.4743483924701,43.75421142578125,3223500,0.0,0.0
2013-10-24 00:00:00-04:00,43.77468330562999,44.23202453269045,43.665471143424945,44.027244567871094,2348900,0.0,0.0
2013-10-25 00:00:00-04:00,44.17058589924476,44.36853846502117,43.610859929996856,44.05454635620117,1924100,0.0,0.0
2013-10-28 00:00:00-04:00,44.191072785140015,44.21837713218773,43.52895929449082,43.7064323425293,2508300,0.0,0.0
2013-10-29 00:00:00-04:00,43.877077426635076,44.18424740283716,43.733733520849306,44.047725677490234,2278400,0.0,0.0
2013-10-30 00:00:00-04:00,44.11597611498292,44.3548877900407,42.9009616175468,43.2832145690918,2391000,0.0,0.0
2013-10-31 00:00:00-04:00,43.24226151315615,43.56308102675803,42.86001113496029,43.153526306152344,2407400,0.0,0.0
2013-11-01 00:00:00-04:00,43.133049333132504,43.6518214544767,42.80540501622933,43.4538688659668,2345900,0.0,0.0
2013-11-04 00:00:00-05:00,43.556255129511996,44.143282853002376,43.52212340042964,43.99993896484375,2408200,0.0,0.0
2013-11-05 00:00:00-05:00,43.8702519077076,43.986296681139905,43.31052843324974,43.54261016845703,2663200,0.0,0.0
2013-11-06 00:00:00-05:00,44.013600695260706,44.013600695260706,40.54602686643286,41.91121292114258,9580600,0.0,0.0
2013-11-07 00:00:00-05:00,41.85659775699241,41.97263990772025,40.63475580202253,40.791751861572266,6374000,0.0,0.0
2013-11-08 00:00:00-05:00,40.798580830056764,41.33782988411587,40.771276487193795,41.030662536621094,3538900,0.0,0.0
2013-11-11 00:00:00-05:00,41.986286021513024,41.986286021513024,41.255911863559355,41.44021224975586,4171600,0.0,0.0
2013-11-12 00:00:00-05:00,41.39926846731787,41.433397598169535,40.58698109206496,40.839542388916016,3234600,0.0,0.0
2013-11-13 00:00:00-05:00,40.76445522136029,41.365135192871094,40.614283926539755,41.365135192871094,2674800,0.0,0.0
2013-11-14 00:00:00-05:00,41.35148750911482,41.65865229323401,41.07162186368798,41.51530838012695,2350800,0.0,0.0
2013-11-15 00:00:00-05:00,41.59039723958326,41.71326420426422,41.11258155514464,41.28322982788086,2666600,0.0,0.0
2013-11-18 00:00:00-05:00,41.37879149911237,41.50165846098768,40.68254624978092,40.81224060058594,2724300,0.0,0.0
2013-11-19 00:00:00-05:00,40.805412477989684,43.13988210776172,40.55967855865727,42.84636688232422,11442600,0.0,0.0
2013-11-20 00:00:00-05:00,44.409506322066505,44.778107228490384,42.36172958433468,42.83271789550781,14575600,0.0,0.0
2013-11-21 00:00:00-05:00,43.1535295038628,43.35830687933981,42.641584763227485,42.73031997680664,5586800,0.0,0.0
2013-11-22 00:00:00-05:00,43.03065837336487,43.071612282146425,42.50506151162368,42.7098388671875,4494500,0.0,0.0
2013-11-25 00:00:00-05:00,42.566490066468305,42.66205264777772,41.494819512266936,42.0477180480957,3523600,0.0,0.0
2013-11-26 00:00:00-05:00,41.94533856166392,42.58697501659113,41.79516727489743,41.822471618652344,3299400,0.0,0.0
2013-11-27 00:00:00-05:00,41.82247737862212,41.98629825594263,41.255923885164435,41.344661712646484,2278600,0.0,0.0
2013-11-29 00:00:00-05:00,41.371970838055226,41.79517785787468,41.092107753416954,41.3787956237793,2250200,0.0,0.0
2013-12-02 00:00:00-05:00,41.56308327332348,41.57673544444958,41.16035333870218,41.32417678833008,3362700,0.0,0.0
2013-12-03 00:00:00-05:00,41.46069504068551,42.27297967679718,41.26956725274691,41.945335388183594,3588500,0.0,0.0
2013-12-04 00:00:00-05:00,41.81564867299332,42.184249541185785,41.4811795400632,41.50848388671875,3597300,0.0,0.0
2013-12-05 00:00:00-05:00,41.37195502682249,42.252500470219864,41.2490880996561,41.8838996887207,3845900,0.0,0.0
2013-12-06 00:00:00-05:00,42.211556848187676,42.25251337104333,41.07845242137459,41.28322982788086,3129000,0.0,0.0
2013-12-09 00:00:00-05:00,41.41974321335336,41.63134797955184,41.04431758626012,41.43339538574219,2434800,0.0,0.0
2013-12-10 00:00:00-05:00,41.28322664295493,41.98629663914408,41.26274968504986,41.51530838012695,3200800,0.0,0.0
2013-12-11 00:00:00-05:00,41.378295014348424,41.481054110175464,40.62471524492271,40.80968475341797,3354600,0.22,0.0
2013-12-12 00:00:00-05:00,40.96725987235039,41.309795494382314,40.686380766817784,40.706932067871094,2967000,0.0,0.0
2013-12-13 00:00:00-05:00,40.71377243441276,41.01520275356629,40.419191675843756,40.569908142089844,3039700,0.0,0.0
2013-12-16 00:00:00-05:00,40.84393865803231,41.487907170998255,40.78913432842137,41.3782958984375,2800500,0.0,0.0
2013-12-17 00:00:00-05:00,41.28238552164929,41.29608725797533,40.83023867624587,40.86449432373047,3026400,0.0,0.0
2013-12-18 00:00:00-05:00,40.89873701830831,41.022050000729074,39.75466715103536,40.6521110534668,4353500,0.0,0.0
2013-12-19 00:00:00-05:00,40.65896812424978,41.871544266496876,40.52195599699468,41.61806869506836,3620000,0.0,0.0
2013-12-20 00:00:00-05:00,41.748226165771484,41.864689595730106,41.193320323435714,41.748226165771484,3954400,0.0,0.0
2013-12-23 00:00:00-05:00,42.001696049577,42.37163233384853,41.59065195889822,41.65916061401367,1940000,0.0,0.0
2013-12-24 00:00:00-05:00,41.61122212515016,42.0976220065502,41.508460408983275,41.96745681762695,847800,0.0,0.0
2013-12-26 00:00:00-05:00,41.89894735481374,42.10446815715913,41.51530660732057,41.871543884277344,2125300,0.0,0.0
2013-12-27 00:00:00-05:00,42.077050666603085,42.392185246091614,41.87838210475729,42.262020111083984,1472900,0.0,0.0
2013-12-30 00:00:00-05:00,42.30313024617328,42.74842739936303,42.17296770929451,42.33738327026367,2724100,0.0,0.0
2013-12-31 00:00:00-05:00,42.36479416359409,42.604567987609705,42.049662105362515,42.385345458984375,2336400,0.0,0.0
2014-01-02 00:00:00-05:00,42.26203551874728,42.36479722981362,41.734530454395234,41.898948669433594,2056900,0.0,0.0
2014-01-03 00:00:00-05:00,41.994848773347854,42.25517646646081,41.65231329785018,41.809879302978516,1735600,0.0,0.0
2014-01-06 00:00:00-05:00,41.44679570494846,41.54955740079198,41.152214964424715,41.27552795410156,2565900,0.0,0.0
2014-01-07 00:00:00-05:00,41.734519588159316,42.46754788378864,41.63861007658301,42.118160247802734,3499200,0.0,0.0
2014-01-08 00:00:00-05:00,42.118177464478485,42.33055047930802,41.748238385745466,42.00171661376953,3503800,0.0,0.0
2014-01-09 00:00:00-05:00,41.98115400153103,42.14557220690059,41.097414314353166,41.63861846923828,2826200,0.0,0.0
2014-01-10 00:00:00-05:00,41.7619346097876,41.830443289400186,41.28238430585518,41.46735382080078,2283400,0.0,0.0
2014-01-13 00:00:00-05:00,41.43995123715332,41.645472040757426,40.43289590215275,40.54250717163086,3198800,0.0,0.0
2014-01-14 00:00:00-05:00,40.52195175699534,41.172767133375686,40.50139784938668,40.95354461669922,2414400,0.0,0.0
2014-01-15 00:00:00-05:00,41.04259563238599,41.30977285300001,40.50138901900283,40.563045501708984,3030900,0.0,0.0
2014-01-16 00:00:00-05:00,40.494543533755554,40.816527710648764,40.38493228828909,40.67266082763672,3042200,0.0,0.0
2014-01-17 00:00:00-05:00,40.72748126381161,40.816541246956966,40.213677890290036,40.426048278808594,3312000,0.0,0.0
2014-01-21 00:00:00-05:00,40.84393507959209,41.20017233753842,40.41919176229936,40.885040283203125,2750700,0.0,0.0
2014-01-22 00:00:00-05:00,41.16592833543408,41.59752392131231,40.8233927369077,41.38515090942383,3092700,0.0,0.0
2014-01-23 00:00:00-05:00,41.32348093448173,41.50845041102593,40.994647180627034,41.186466217041016,2484400,0.0,0.0
2014-01-24 00:00:00-05:00,40.837081449879,41.0289004876065,40.52194942694429,40.77542495727539,3788100,0.0,0.0
2014-01-27 00:00:00-05:00,40.74118187100011,40.7617331691026,40.04925855037406,40.19312286376953,3576200,0.0,0.0
2014-01-28 00:00:00-05:00,40.3575425542557,40.77543638644295,40.247931271496675,40.61787033081055,2483400,0.0,0.0
2014-01-29 00:00:00-05:00,40.220527452067785,40.80968907184012,39.87799186972006,40.426048278808594,3097500,0.0,0.0
2014-01-30 00:00:00-05:00,40.49455096405722,41.446799323775046,40.23422322830528,40.87818908691406,4712000,0.0,0.0
2014-01-31 00:00:00-05:00,40.357535177228414,40.93299495985872,40.28217694410537,40.569908142089844,3442100,0.0,0.0
2014-02-03 00:00:00-05:00,40.549354409632606,40.85078734343292,39.50804610257597,39.6313591003418,4388100,0.0,0.0
2014-02-04 00:00:00-05:00,40.23421669470184,40.96039284457566,40.16571064484168,40.63840866088867,4608800,0.0,0.0
2014-02-05 00:00:00-05:00,40.70693601901054,40.8576525436022,40.15202992999516,40.47401428222656,3927600,0.0,0.0
2014-02-06 00:00:00-05:00,40.74801700872178,41.56325044272779,40.4465867521156,41.41253662109375,3738300,0.0,0.0
2014-02-07 00:00:00-05:00,41.43994513470964,41.864688414722295,41.241273921368496,41.80303192138672,2993200,0.0,0.0
2014-02-10 00:00:00-05:00,41.69343370406624,41.74823804120072,41.30979289076786,41.65232849121094,2284600,0.0,0.0
2014-02-11 00:00:00-05:00,41.638612033456425,42.33738472492999,41.487898199612694,42.15926742553711,2033000,0.0,0.0
2014-02-12 00:00:00-05:00,42.38535304869984,42.38535304869984,41.782492293698525,41.912654876708984,2341900,0.0,0.0
2014-02-13 00:00:00-05:00,41.713986654777514,42.78954827367015,41.597525800420414,42.659385681152344,3315400,0.0,0.0
2014-02-14 00:00:00-05:00,42.659372006210404,42.768983263019685,42.179821777667854,42.5086555480957,2317200,0.0,0.0
2014-02-18 00:00:00-05:00,42.71418332830368,43.412956184985546,42.563469458827235,43.09782409667969,5131700,0.0,0.0
2014-02-19 00:00:00-05:00,43.82399667376573,44.96806409293858,43.37184987736527,44.01581573486328,9710000,0.0,0.0
2014-02-20 00:00:00-05:00,43.98840613866336,44.48165807088899,43.87879750187804,44.228179931640625,3788200,0.0,0.0
2014-02-21 00:00:00-05:00,44.30353636245608,44.40629804862219,43.57736283978813,43.618465423583984,4596600,0.0,0.0
2014-02-24 00:00:00-05:00,43.776049612942685,44.467972970830196,43.776049612942685,44.0980339050293,3368500,0.0,0.0
2014-02-25 00:00:00-05:00,43.89249775808905,43.947304691239296,43.28963456012833,43.78288650512695,3764300,0.0,0.0
2014-02-26 00:00:00-05:00,43.71439481126057,43.871960875816974,43.378708768795704,43.65958786010742,3244500,0.0,0.0
2014-02-27 00:00:00-05:00,43.48145813965511,44.13227351295494,43.43350337769277,44.056915283203125,3066400,0.0,0.0
2014-02-28 00:00:00-05:00,44.07746769072222,44.35834932265139,43.89935298560718,44.13227462768555,2456900,0.0,0.0
2014-03-03 00:00:00-05:00,43.844548870471584,44.55702341681805,43.64587763120096,43.69383239746094,3815500,0.0,0.0
2014-03-04 00:00:00-05:00,44.03638248840526,44.42687292176286,43.6869972739999,44.28300857543945,3990300,0.0,0.0
2014-03-05 00:00:00-05:00,44.221333727084094,44.51591445673455,44.04321380930836,44.166526794433594,2749700,0.0,0.0
2014-03-06 00:00:00-05:00,44.21448330822643,44.35834759213482,43.89249909947466,44.20077896118164,1684700,0.0,0.0
2014-03-07 00:00:00-05:00,44.18022640452052,44.700881817124355,44.0363621247241,44.61867141723633,2935700,0.0,0.0
2014-03-10 00:00:00-04:00,44.52961435910484,44.57071694597665,43.70752864826906,44.2076301574707,3191600,0.0,0.0
2014-03-11 00:00:00-04:00,44.15968863974103,44.37891121325877,43.4335148449657,43.53627395629883,2331400,0.0,0.0
2014-03-12 00:00:00-04:00,43.247538562150886,43.50877065381887,42.9863064704829,43.36440658569336,2251900,0.22,0.0
2014-03-13 00:00:00-04:00,43.460644522863035,43.56376057915906,42.958805706121666,43.027549743652344,2182700,0.0,0.0
2014-03-14 00:00:00-04:00,42.945060389247175,43.18566716551683,42.87631372287215,43.130672454833984,3081800,0.0,0.0
2014-03-17 00:00:00-04:00,43.26815584703569,43.59125858789038,42.917557065032206,43.171913146972656,2174900,0.0,0.0
2014-03-18 00:00:00-04:00,43.32315654189026,43.74937537062306,43.288784520969685,43.64625930786133,2145500,0.0,0.0
2014-03-19 00:00:00-04:00,43.611891534123224,43.91437165967101,43.378158083662434,43.625640869140625,2667900,0.0,0.0
2014-03-20 00:00:00-04:00,43.28878210579755,43.694378223832366,43.11691938836614,43.508766174316406,2870400,0.0,0.0
2014-03-21 00:00:00-04:00,43.873121621013794,44.23746980362537,43.57751748788529,44.05873107910156,3313800,0.0,0.0
2014-03-24 00:00:00-04:00,44.27872571428864,44.46433519453075,43.84562818566472,43.93499755859375,1555200,0.0,0.0
2014-03-25 00:00:00-04:00,44.1068536828938,44.21684310312453,43.85936830891462,43.9693603515625,2780300,0.0,0.0
2014-03-26 00:00:00-04:00,44.31995944493974,44.42307812677245,43.88686465262617,43.996856689453125,3440800,0.0,0.0
2014-03-27 00:00:00-04:00,44.09309895430526,44.95241255295454,43.99685625084326,44.47119903564453,3936200,0.0,0.0
2014-03-28 00:00:00-04:00,44.73243617626023,45.25490040266555,44.601818808450176,45.22740173339844,5840500,0.0,0.0
2014-03-31 00:00:00-04:00,45.37175977290326,46.02483603533714,45.11053031689654,46.01108932495117,5353400,0.0,0.0
2014-04-01 00:00:00-04:00,45.997341303443335,46.53355215539259,45.887346644154235,46.526676177978516,4251700,0.0,0.0
2014-04-02 00:00:00-04:00,46.36855572734862,46.911642504719346,46.25856632342344,46.67103576660156,3481000,0.0,0.0
2014-04-03 00:00:00-04:00,47.021631890740125,47.832823977628365,46.822270545802944,47.097251892089844,4800600,0.0,0.0
2014-04-04 00:00:00-04:00,47.296626912681745,47.48223635931479,46.60917597060692,46.7535400390625,3033400,0.0,0.0
2014-04-07 00:00:00-04:00,46.636669236914855,46.88415199482114,46.23107569996727,46.437313079833984,2344800,0.0,0.0
2014-04-08 00:00:00-04:00,46.57478777407771,46.82914643677711,46.44417045474114,46.643531799316406,3107800,0.0,0.0
2014-04-09 00:00:00-04:00,46.84978183217479,47.0560139638503,46.62292176698082,47.00789260864258,4998400,0.0,0.0
2014-04-10 00:00:00-04:00,46.8910341638166,47.764099909711256,46.6848020015554,47.166015625,5158500,0.0,0.0
2014-04-11 00:00:00-04:00,46.83603063883016,47.269128087583375,46.42356112393117,46.437313079833984,3824600,0.0,0.0
2014-04-14 00:00:00-04:00,46.85666130194285,46.85666130194285,46.148582387068714,46.60230255126953,4506300,0.0,0.0
2014-04-15 00:00:00-04:00,46.59541598204186,47.365362792574395,46.464798647217826,47.2141227722168,3481300,0.0,0.0
2014-04-16 00:00:00-04:00,47.461604872834805,48.30716643774789,47.461604872834805,48.02531433105469,3777900,0.0,0.0
2014-04-17 00:00:00-04:00,48.10093936373265,48.83651160243548,47.874079312445616,48.60277557373047,4003500,0.0,0.0
2014-04-21 00:00:00-04:00,48.72652336742798,48.78839668267941,48.16968975433872,48.465293884277344,3156800,0.0,0.0
2014-04-22 00:00:00-04:00,48.307181820149964,48.76090201981683,48.094073678095306,48.554664611816406,2246700,0.0,0.0
2014-04-23 00:00:00-04:00,48.774634893301126,49.22835496422812,48.61652413755409,49.022117614746094,2540100,0.0,0.0
2014-04-24 00:00:00-04:00,49.235235623876164,49.77832246731981,49.07024363066487,49.43459701538086,3872600,0.0,0.0
2014-04-25 00:00:00-04:00,49.14586826289703,49.324606983236684,48.33467591038282,48.396549224853516,4243700,0.0,0.0
2014-04-28 00:00:00-04:00,48.55465936858195,48.760896754311574,47.880960365556405,48.31405258178711,2843700,0.0,0.0
2014-04-29 00:00:00-04:00,48.65777402441918,49.145863535660034,48.403420547268325,48.451541900634766,2153700,0.0,0.0
2014-04-30 00:00:00-04:00,48.23155761918751,48.31404837042126,47.743462865161874,48.12156295776367,4350600,0.0,0.0
2014-05-01 00:00:00-04:00,48.0803150402561,48.30029910663963,47.88095366059074,48.04594039916992,3104800,0.0,0.0
2014-05-02 00:00:00-04:00,48.265931224428144,48.59590999262863,48.00470174802726,48.31405258178711,4054900,0.0,0.0
2014-05-05 00:00:00-04:00,48.011573522384275,48.58903506804769,47.84658675712388,48.36217498779297,2054200,0.0,0.0
2014-05-06 00:00:00-04:00,48.355280158114,48.69900551122485,48.094050777889514,48.252166748046875,2746700,0.0,0.0
2014-05-07 00:00:00-04:00,48.733391567982366,50.72700013231027,47.57159792378714,50.22515869140625,8860700,0.0,0.0
2014-05-08 00:00:00-04:00,50.135807500567296,50.33516894325243,48.664662608180244,48.80215072631836,5886600,0.0,0.0
2014-05-09 00:00:00-04:00,48.85713241675584,48.877755103385105,48.135306915728506,48.6234016418457,3053700,0.0,0.0
2014-05-12 00:00:00-04:00,48.836509704589844,48.9533750919838,48.56152831173113,48.836509704589844,2026400,0.0,0.0
2014-05-13 00:00:00-04:00,49.022121591727654,50.07392062078045,48.898380220966494,49.79206848144531,4720900,0.0,0.0
2014-05-14 00:00:00-04:00,49.80581758560642,49.90206029584294,49.283358657132275,49.32460403442383,2694800,0.0,0.0
2014-05-15 00:00:00-04:00,49.27646193075567,49.297084610717974,48.12842062430881,48.63025665283203,4221500,0.0,0.0
2014-05-16 00:00:00-04:00,48.65777333808372,48.87775741391797,48.18343054385228,48.5821533203125,2497900,0.0,0.0
2014-05-19 00:00:00-04:00,48.58902590355664,49.248978084957756,48.43778587857923,49.001495361328125,2452600,0.0,0.0
2014-05-20 00:00:00-04:00,49.352100969532245,50.14954128992118,49.29022766093121,49.87456512451172,5440400,0.0,0.0
2014-05-21 00:00:00-04:00,50.06017972315633,50.62388931211355,49.93643833802745,50.555145263671875,3382800,0.0,0.0
2014-05-22 00:00:00-04:00,50.610133264615776,50.658254614131764,49.977674499048014,49.98455047607422,2571300,0.0,0.0
2014-05-23 00:00:00-04:00,50.05329537939535,50.27327944454331,49.77831923158576,49.94330596923828,2157300,0.0,0.0
2014-05-27 00:00:00-04:00,50.04643388746152,50.30078739563161,49.76457646563166,50.27328872680664,2698500,0.0,0.0
2014-05-28 00:00:00-04:00,50.29390757270038,50.568883721585514,49.97767556078155,50.486392974853516,3439200,0.0,0.0
2014-05-29 00:00:00-04:00,50.63077431376773,50.85763443440723,50.27329680642629,50.79576110839844,2233700,0.0,0.0
2014-05-30 00:00:00-04:00,50.76136169252654,50.864480355679326,50.307646917420584,50.8026123046875,2120800,0.0,0.0
2014-06-02 00:00:00-04:00,50.76823065125476,51.09820927876578,50.568869328671575,50.658241271972656,2125700,0.0,0.0
2014-06-03 00:00:00-04:00,51.06385289991429,51.55881839568636,50.96761019182908,51.35258102416992,3318800,0.0,0.0
2014-06-04 00:00:00-04:00,51.490066960125986,51.58630965439194,51.235708271089685,51.469444274902344,2139600,0.0,0.0
2014-06-05 00:00:00-04:00,51.428205940336184,51.62756735315998,51.21509781569183,51.414459228515625,2026800,0.0,0.0
2014-06-06 00:00:00-04:00,51.50382532766232,51.55882266393083,51.235719869396654,51.33196258544922,2091100,0.0,0.0
2014-06-09 00:00:00-04:00,51.42132947941673,51.59319220462221,50.98823205520503,51.18071746826172,2253600,0.0,0.0
2014-06-10 00:00:00-04:00,51.43508211925076,52.21189983859247,51.39383673879351,51.517578125,3388700,0.0,0.0
2014-06-11 00:00:00-04:00,51.46930481325088,53.234837336274495,51.289997068180625,52.70379638671875,5787300,0.24,0.0
2014-06-12 00:00:00-04:00,53.01414023583805,53.79345376150949,52.95896619994476,53.10379409790039,3781400,0.0,0.0
2014-06-13 00:00:00-04:00,53.255509066198364,53.862407550616744,52.93136824938148,53.82102966308594,3314100,0.0,0.0
2014-06-16 00:00:00-04:00,53.91758324705601,54.01413516207828,53.5589626000711,53.95206832885742,4048000,0.0,0.0
2014-06-17 00:00:00-04:00,53.63482039470978,54.01413524839253,53.43482375733315,53.87620544433594,2042800,0.0,0.0
2014-06-18 00:00:00-04:00,53.69689248971457,54.331378007070484,53.3589607865966,53.87620544433594,2798500,0.0,0.0
2014-06-19 00:00:00-04:00,53.8968812529541,54.138260982066114,53.51756649171847,54.13136291503906,2055300,0.0,0.0
2014-06-20 00:00:00-04:00,54.35206792562231,54.65551981400705,54.283103022358006,54.4486198425293,3133500,0.0,0.0
2014-06-23 00:00:00-04:00,54.648607031428305,54.648607031428305,54.21412352232842,54.393436431884766,2518300,0.0,0.0
2014-06-24 00:00:00-04:00,54.42793812299823,54.82104391164266,53.34517268678914,53.49689865112305,3648800,0.0,0.0
2014-06-25 00:00:00-04:00,53.483103113211634,54.827937204110114,53.483103113211634,54.800350189208984,2627800,0.0,0.0
2014-06-26 00:00:00-04:00,54.64172226364943,54.80034099561387,53.90378683932058,54.20723342895508,1943200,0.0,0.0
2014-06-27 00:00:00-04:00,54.11069899559228,54.88311974758959,54.01414705930335,54.827945709228516,1972700,0.0,0.0
2014-06-30 00:00:00-04:00,54.621037093789866,55.60725051200731,54.496898157871414,54.75897216796875,2667300,0.0,0.0
2014-07-01 00:00:00-04:00,55.06931989683368,55.179667962228095,54.51069728540921,54.53828430175781,2156600,0.0,0.0
2014-07-02 00:00:00-04:00,54.53138264784276,54.93138646607679,53.97276007313716,54.193450927734375,3310900,0.0,0.0
2014-07-03 00:00:00-04:00,54.441727734822884,54.662418585114885,53.91758499224754,54.627933502197266,1413700,0.0,0.0
2014-07-07 00:00:00-04:00,55.0762010671916,55.0762010671916,53.862399028713384,53.98653793334961,3287900,0.0,0.0
2014-07-08 00:00:00-04:00,54.09000895781145,54.57966669961602,53.738281047447174,53.89000701904297,3641000,0.0,0.0
2014-07-09 00:00:00-04:00,54.08310345870491,54.765870237098966,53.93137750795068,54.75897216796875,2213300,0.0,0.0
2014-07-10 00:00:00-04:00,53.903783198388005,54.303781666117956,53.33136461267693,53.86240005493164,3014200,0.0,0.0
2014-07-11 00:00:00-04:00,53.80723606551196,53.889997106164,53.17275053890077,53.19343948364258,2920200,0.0,0.0
2014-07-14 00:00:00-04:00,53.34517174987558,53.834829459644254,53.22103280502681,53.66241455078125,2107600,0.0,0.0
2014-07-15 00:00:00-04:00,53.60033854779337,53.72447747142424,52.41412333569495,52.75895309448242,3398100,0.0,0.0
2014-07-16 00:00:00-04:00,53.10378988633583,53.765862479490515,52.95206393050523,53.717586517333984,2340100,0.0,0.0
2014-07-17 00:00:00-04:00,53.75206395628129,54.22792544079483,52.13825796490963,52.23480987548828,3875900,0.0,0.0
2014-07-18 00:00:00-04:00,52.77274647310659,53.338267093877604,52.50377966942798,53.11068344116211,2548500,0.0,0.0
2014-07-21 00:00:00-04:00,53.04171845176147,53.24861315949959,52.634816581679,53.186546325683594,1915700,0.0,0.0
2014-07-22 00:00:00-04:00,53.55204762639685,54.0968791244248,53.3313568529144,53.89687728881836,3234600,0.0,0.0
2014-07-23 00:00:00-04:00,53.80033585554134,54.16585452684459,53.50378207778291,54.138267517089844,2044400,0.0,0.0
2014-07-24 00:00:00-04:00,54.13138260877763,54.69690329202,54.00724366554466,54.50379943847656,2921700,0.0,0.0
2014-07-25 00:00:00-04:00,54.15896439880598,54.24862350907416,53.738271646318765,54.02792739868164,1194500,0.0,0.0
2014-07-28 00:00:00-04:00,53.931372618696884,54.26241150503015,53.39343903237935,53.66930389404297,1588700,0.0,0.0
2014-07-29 00:00:00-04:00,53.62793563928698,53.952076515339115,53.30379476323485,53.37965774536133,2180200,0.0,0.0
2014-07-30 00:00:00-04:00,53.82105039506977,54.11760431387113,53.2141516768727,53.317596435546875,2356300,0.0,0.0
2014-07-31 00:00:00-04:00,53.103798822061904,53.13138584246271,52.02103326433926,52.06930923461914,2800500,0.0,0.0
2014-08-01 00:00:00-04:00,51.80033330904231,52.28999099677943,51.19343475135797,51.786537170410156,2913800,0.0,0.0
2014-08-04 00:00:00-04:00,51.93825100805384,53.11067521905504,51.60721742170535,52.972740173339844,3235900,0.0,0.0
2014-08-05 00:00:00-04:00,52.572754208426126,52.889996996555716,51.11067394594234,51.441707611083984,3892000,0.0,0.0
2014-08-06 00:00:00-04:00,51.048604735637745,52.17965139702176,49.29687386323283,51.29688262939453,4806300,0.0,0.0
2014-08-07 00:00:00-04:00,51.42792858496675,51.496893509289556,50.3520610328089,50.66930389404297,2505700,0.0,0.0
2014-08-08 00:00:00-04:00,50.696882104220236,51.338265786144355,50.41411912345285,51.29688262939453,2153500,0.0,0.0
2014-08-11 00:00:00-04:00,51.648592350038896,51.80031826080419,51.12444972967253,51.172725677490234,1624700,0.0,0.0
2014-08-12 00:00:00-04:00,51.03480460505685,51.0623916173266,50.00031532252191,50.35204315185547,3239200,0.0,0.0
2014-08-13 00:00:00-04:00,50.53135131208819,50.80032336881484,49.93135089007966,50.089969635009766,2978900,0.0,0.0
2014-08-14 00:00:00-04:00,50.29687395596442,50.53135569024135,49.95894223116559,50.11066818237305,2744100,0.0,0.0
2014-08-15 00:00:00-04:00,50.26929088588252,50.7658466700064,50.145151939851544,50.57963562011719,2793100,0.0,0.0
2014-08-18 00:00:00-04:00,50.689980428538746,50.82791024339812,50.31756361439624,50.717567443847656,1883300,0.0,0.0
2014-08-19 00:00:00-04:00,50.87618504278319,51.53826287170514,50.76584224575289,51.22791290283203,1733700,0.0,0.0
2014-08-20 00:00:00-04:00,51.27618428286108,51.27618428286108,50.65548966224336,50.93135452270508,2637400,0.0,0.0
2014-08-21 00:00:00-04:00,50.965835228825185,51.71756151583349,50.965835228825185,51.655494689941406,1788400,0.0,0.0
2014-08-22 00:00:00-04:00,51.46238538285907,51.53824833640903,51.04169273560331,51.13824462890625,1487000,0.0,0.0
2014-08-25 00:00:00-04:00,51.44860558729957,51.71067960522131,51.31067577068777,51.51757049560547,1880800,0.0,0.0
2014-08-26 00:00:00-04:00,51.710685388486276,52.15895997345176,51.37964642523561,51.421024322509766,1937300,0.0,0.0
2014-08-27 00:00:00-04:00,51.572742693789905,51.58653883197185,51.0554980073531,51.22791290283203,1676600,0.0,0.0
2014-08-28 00:00:00-04:00,51.048598929422184,51.62101763390433,50.986532093885174,51.46929168701172,1314000,0.0,0.0
2014-08-29 00:00:00-04:00,51.5451457441035,52.03480332148301,51.35894000801767,52.01411437988281,1624200,0.0,0.0
2014-09-02 00:00:00-04:00,51.93137433281374,51.95895608884016,50.72446993176136,51.089988708496094,1947900,0.0,0.0
2014-09-03 00:00:00-04:00,51.510674844099114,51.724467626549675,51.09687489373877,51.1589469909668,1582700,0.0,0.0
2014-09-04 00:00:00-04:00,50.87619967537979,51.06241076259717,49.61412627636737,49.86929702758789,3207500,0.0,0.0
2014-09-05 00:00:00-04:00,49.80032138590454,50.20032523519343,49.565839636677865,50.16584014892578,2509500,0.0,0.0
2014-09-08 00:00:00-04:00,49.79343258826642,49.79343258826642,48.60722222038412,49.11756896972656,3205100,0.0,0.0
2014-09-09 00:00:00-04:00,48.91066358258451,49.25549342498009,48.40031688911108,48.79342269897461,3135100,0.0,0.0
2014-09-10 00:00:00-04:00,48.98026167575251,48.98026167575251,47.96993194366516,48.90414047241211,3478600,0.24,0.0
2014-09-11 00:00:00-04:00,48.48893116206948,49.118660077745666,48.23288666675149,48.8764533996582,2234800,0.0,0.0
2014-09-12 00:00:00-04:00,48.68268378703136,48.93872823767641,48.22596198378681,48.405879974365234,3610600,0.0,0.0
2014-09-15 00:00:00-04:00,48.38512937990626,48.84877281436958,47.983764042791194,48.6273307800293,2136800,0.0,0.0
2014-09-16 00:00:00-04:00,48.68961041217058,50.0390218802095,48.440487482748914,49.720699310302734,4246700,0.0,0.0
2014-09-17 00:00:00-04:00,49.93523394833636,49.983674233258284,49.32626433263781,49.526947021484375,2300500,0.0,0.0
2014-09-18 00:00:00-04:00,49.838353637287995,49.96291513801439,49.1048277327857,49.5200309753418,4937500,0.0,0.0
2014-09-19 00:00:00-04:00,49.810664826864674,49.962901927860514,49.00793419451468,49.11173629760742,4105400,0.0,0.0
2014-09-22 00:00:00-04:00,48.90412837688778,48.98717110897329,47.93531762093241,48.4266471862793,3970800,0.0,0.0
2014-09-23 00:00:00-04:00,48.21904423969593,48.84185154741814,48.16368241687751,48.37820816040039,2449000,0.0,0.0
2014-09-24 00:00:00-04:00,48.461247149119615,48.96641455903973,47.87996382990717,48.495849609375,3788700,0.0,0.0
2014-09-25 00:00:00-04:00,48.27441704553939,48.62042059748357,47.49936718853014,47.54088592529297,2555800,0.0,0.0
2014-09-26 00:00:00-04:00,47.53396765816345,48.19829381642957,47.222561306741994,47.9422492980957,2407600,0.0,0.0
2014-09-29 00:00:00-04:00,47.492442874504576,48.24673331922254,47.31252483927581,48.14985275268555,2519800,0.0,0.0
2014-09-30 00:00:00-04:00,48.01836186454403,48.1152424152298,46.765830973825196,47.181034088134766,4124100,0.0,0.0
2014-10-01 00:00:00-04:00,46.84196826289424,47.610096664232216,46.1568773452063,46.41292190551758,3039600,0.0,0.0
2014-10-02 00:00:00-04:00,46.06690384780099,46.40598578530104,45.070412120101345,46.05998229980469,3325500,0.0,0.0
2014-10-03 00:00:00-04:00,46.21223731687914,46.26067760691294,45.16038875631851,45.284950256347656,3619900,0.0,0.0
2014-10-06 00:00:00-04:00,45.52713592418564,45.6516973810346,44.66904882122268,44.85588836669922,3878600,0.0,0.0
2014-10-07 00:00:00-04:00,44.641369625054715,45.00813246219515,43.990881405465856,44.01856231689453,3244300,0.0,0.0
2014-10-08 00:00:00-04:00,43.74868799774762,44.3368929538511,42.93903834968083,44.25385284423828,4571800,0.0,0.0
2014-10-09 00:00:00-04:00,43.79713559735575,43.85249479974542,42.378521388772455,42.420040130615234,5181200,0.0,0.0
2014-10-10 00:00:00-04:00,42.22626170533574,42.44078479644356,40.93912843828254,41.119049072265625,6456900,0.0,0.0
2014-10-13 00:00:00-04:00,41.112142303474336,41.44430539953067,39.043039882863766,39.139923095703125,5774300,0.0,0.0
2014-10-14 00:00:00-04:00,39.395962902685056,39.79040672336768,38.00502720676422,38.23339080810547,7618100,0.0,0.0
2014-10-15 00:00:00-04:00,37.430646677414565,38.434057032128194,36.91164159461059,38.15725326538086,8324900,0.0,0.0
2014-10-16 00:00:00-04:00,37.65901535739378,39.58279639200179,37.31301189704376,39.12607192993164,7998200,0.0,0.0
2014-10-17 00:00:00-04:00,40.09488229514441,40.600047058955475,39.87344027922167,40.25404357910156,8129700,0.0,0.0
2014-10-20 00:00:00-04:00,40.36477409885235,40.93221969123506,39.68660483986081,40.1225700378418,3820500,0.0,0.0
2014-10-21 00:00:00-04:00,40.752293458701914,41.61038333497799,40.641572439807966,41.56194305419922,5052300,0.0,0.0
2014-10-22 00:00:00-04:00,41.72109712223426,42.31622348555826,40.558525305461075,40.57928466796875,6709400,0.0,0.0
2014-10-23 00:00:00-04:00,41.36126352892379,41.97714940835997,40.99450062089945,41.52734375,3964800,0.0,0.0
2014-10-24 00:00:00-04:00,41.32666474328962,41.734949036760746,40.828418787922125,41.45814514160156,3196500,0.0,0.0
2014-10-27 00:00:00-04:00,40.447814838909295,40.468574206822986,39.34060191375583,39.672767639160156,4785700,0.0,0.0
2014-10-28 00:00:00-04:00,39.956477911578105,41.27128938320974,39.61047447591766,41.22977066040039,3230400,0.0,0.0
2014-10-29 00:00:00-04:00,42.62071746219636,42.62071746219636,40.8837807999522,41.33358383178711,3248500,0.0,0.0
2014-10-30 00:00:00-04:00,40.95989910787481,41.22286254379321,40.164092530460366,40.34401321411133,3562400,0.0,0.0
2014-10-31 00:00:00-04:00,40.323248279091544,41.548100988063865,39.741962292457174,41.52042007446289,4011300,0.0,0.0
2014-11-03 00:00:00-05:00,41.665740281780515,42.281626081214085,40.39936886133342,40.51008987426758,4685600,0.0,0.0
2014-11-04 00:00:00-05:00,39.46516131224255,39.8250052958888,38.36486999448873,38.7662353515625,6075700,0.0,0.0
2014-11-05 00:00:00-05:00,41.382011892650574,42.94594895740131,41.30589071164985,42.64146423339844,8913800,0.0,0.0
2014-11-06 00:00:00-05:00,42.433871772920334,43.29888057885853,42.19858927211325,43.291961669921875,5122900,0.0,0.0
2014-11-07 00:00:00-05:00,43.76944520409892,45.02197625485658,43.693324007463346,45.001216888427734,6779300,0.0,0.0
2014-11-10 00:00:00-05:00,45.64478540535745,45.9631080219258,44.032410315489095,44.433773040771484,6151400,0.0,0.0
2014-11-11 00:00:00-05:00,44.39916960660693,44.883572372429505,43.70024109055365,44.675968170166016,2718300,0.0,0.0
2014-11-12 00:00:00-05:00,44.413016192901836,44.97354025826452,44.06009109120171,44.33689498901367,3733700,0.0,0.0
2014-11-13 00:00:00-05:00,43.90092411136643,44.288448990359086,43.0843556219229,43.79020309448242,4072300,0.0,0.0
2014-11-14 00:00:00-05:00,43.8178794352964,44.482205467263455,43.58259696900011,44.41300582885742,2703400,0.0,0.0
2014-11-17 00:00:00-05:00,44.15005440726708,44.57218181912659,43.617208599893786,44.184654235839844,2843200,0.0,0.0
2014-11-18 00:00:00-05:00,44.004716916511946,44.89740377150386,43.790193836740485,44.62752151489258,3648600,0.0,0.0
2014-11-19 00:00:00-05:00,44.85589430852684,45.15345753488303,44.12928747385599,44.862815856933594,2778800,0.0,0.0
2014-11-20 00:00:00-05:00,44.9181827156769,46.26759442842473,44.73825939411215,46.198394775390625,3741900,0.0,0.0
2014-11-21 00:00:00-05:00,47.11184592535707,47.381728279380745,46.11535398459565,46.50287628173828,4343000,0.0,0.0
2014-11-24 00:00:00-05:00,46.39213974932636,46.50285809967957,45.38181038423448,45.87313461303711,3394700,0.0,0.0
2014-11-25 00:00:00-05:00,46.267580694717324,46.288340056505994,44.592925302246236,44.82820510864258,4136200,0.0,0.0
2014-11-26 00:00:00-05:00,44.530651644061,44.63445375522465,43.83864460909628,44.30228805541992,2699600,0.0,0.0
2014-11-28 00:00:00-05:00,41.492740814721685,41.65190211457547,40.56545129050594,40.807655334472656,5443900,0.0,0.0
2014-12-01 00:00:00-05:00,40.613884641591774,41.62421673753242,39.84575918808862,41.4788932800293,7586900,0.0,0.0
2014-12-02 00:00:00-05:00,40.79381593164222,42.35083178674462,40.41321258391,41.44430160522461,4325500,0.0,0.0
2014-12-03 00:00:00-05:00,41.734955610407184,43.07052973129015,41.721115149489464,42.15707778930664,3800500,0.0,0.0
2014-12-04 00:00:00-05:00,41.75571241794384,41.75571241794384,41.015264962998785,41.18826675415039,3994600,0.0,0.0
2014-12-05 00:00:00-05:00,41.00141584809889,41.90102444423274,40.413210938264484,41.45122146606445,4473900,0.0,0.0
2014-12-08 00:00:00-05:00,40.93221884750575,40.93221884750575,39.06379924875532,39.167598724365234,6296700,0.0,0.0
2014-12-09 00:00:00-05:00,39.54819818466557,40.40628532299597,38.766229593282965,39.58279800415039,6006300,0.0,0.0
2014-12-10 00:00:00-05:00,38.73499982457274,38.73499982457274,37.51888486849463,37.852447509765625,6890600,0.24,0.0
2014-12-11 00:00:00-05:00,37.782942852158044,38.59600371206832,37.27564964766541,37.414634704589844,4908000,0.0,0.0
2014-12-12 00:00:00-05:00,36.70582191566112,37.97753190627304,36.34446174320723,36.83785629272461,5611200,0.0,0.0
2014-12-15 00:00:00-05:00,37.192269049552614,37.782952376735494,36.39310675896859,36.594635009765625,5001400,0.0,0.0
2014-12-16 00:00:00-05:00,36.03869244268617,38.64465262528396,35.96919858059836,37.59531784057617,7293200,0.0,0.0
2014-12-17 00:00:00-05:00,38.02618391722403,41.215880300424345,37.85245318317373,40.632144927978516,7364000,0.0,0.0
2014-12-18 00:00:00-05:00,41.93163815435444,42.19570953728752,40.180432534922204,41.89689254760742,6041400,0.0,0.0
2014-12-19 00:00:00-05:00,42.13318031880091,42.709965004127675,41.49384980935693,42.60572814941406,7956600,0.0,0.0
2014-12-22 00:00:00-05:00,42.06367788954329,42.14707053748456,41.076888747186885,41.8274040222168,4689800,0.0,0.0
2014-12-23 00:00:00-05:00,42.36249537097587,42.97402820782562,41.84825395776605,42.7169075012207,3510400,0.0,0.0
2014-12-24 00:00:00-05:00,42.390286745368165,42.50842233762684,41.55637893494744,41.8412971496582,2185900,0.0,0.0
2014-12-26 00:00:00-05:00,42.279100008082544,42.69605259566375,41.88299425460443,42.272151947021484,2270400,0.0,0.0
2014-12-29 00:00:00-05:00,42.445892961492454,42.925388818972536,42.11232762916135,42.494537353515625,2503000,0.0,0.0
2014-12-30 00:00:00-05:00,42.167912561252955,42.703003395330185,41.74400926082035,42.431983947753906,3255000,0.0,0.0
2014-12-31 00:00:00-05:00,41.9594322881653,43.11300383443403,41.62586971886202,42.536216735839844,3712600,0.0,0.0
2015-01-02 00:00:00-05:00,42.13316467699767,42.82808738745026,41.417392482606076,42.36248779296875,3017000,0.0,0.0
2015-01-05 00:00:00-05:00,41.47994139370132,41.47994139370132,40.16653771267545,40.791969299316406,3864500,0.0,0.0
2015-01-06 00:00:00-05:00,40.722483017417076,41.13248765597768,39.450775422135614,39.95806884765625,4685000,0.0,0.0
2015-01-07 00:00:00-05:00,40.368058332698475,40.9587415466061,39.874663869230254,40.14568328857422,4208700,0.0,0.0
2015-01-08 00:00:00-05:00,40.82671853962011,42.00808794669532,40.31247445033313,41.57028579711914,4551800,0.0,0.0
2015-01-09 00:00:00-05:00,41.69537119542989,42.19571649806955,41.0490927298271,41.980289459228516,3556300,0.0,0.0
2015-01-12 00:00:00-05:00,41.14637078612975,41.41044214383216,40.24991990274079,41.09077835083008,4333100,0.0,0.0
2015-01-13 00:00:00-05:00,41.1950115512534,41.54942356754574,40.6321259326658,40.92399215698242,4910900,0.0,0.0
2015-01-14 00:00:00-05:00,40.50009695141433,41.26451356563957,39.826023687709785,40.65298080444336,5974000,0.0,0.0
2015-01-15 00:00:00-05:00,41.63976027272077,41.81349092002201,40.15262635596921,40.208221435546875,3758900,0.0,0.0
2015-01-16 00:00:00-05:00,40.56264831106577,42.25826185775095,40.50705585839371,42.181819915771484,5252000,0.0,0.0
2015-01-20 00:00:00-05:00,41.417400509056186,41.69537070747412,40.58349521564292,41.44519805908203,4769500,0.0,0.0
2015-01-21 00:00:00-05:00,41.97334184970085,42.85589155004414,41.66062603217904,42.807247161865234,4001500,0.0,0.0
2015-01-22 00:00:00-05:00,43.071311536660815,43.210296616230956,41.6397697236522,42.56401824951172,3888400,0.0,0.0
2015-01-23 00:00:00-05:00,42.355550229900324,42.82114728885819,41.79266174059325,41.80656051635742,3998300,0.0,0.0
2015-01-26 00:00:00-05:00,41.97333855204272,43.196401524468115,41.70926714344673,42.8906364440918,3336900,0.0,0.0
2015-01-27 00:00:00-05:00,42.550115428161774,43.481311926489994,42.13316288004093,43.15469741821289,2737300,0.0,0.0
2015-01-28 00:00:00-05:00,42.73775239317901,42.76554994152548,40.53484837966331,40.604339599609375,4753000,0.0,0.0
2015-01-29 00:00:00-05:00,40.95180704482515,41.14638461012588,39.548062457205816,40.80587387084961,3087200,0.0,0.0
2015-01-30 00:00:00-05:00,40.388906913144226,42.34164067049803,40.083141876966444,41.882991790771484,3792600,0.0,0.0
2015-02-02 00:00:00-05:00,42.62656119713248,43.67589337353103,42.28604788637434,43.6689453125,4579600,0.0,0.0
2015-02-03 00:00:00-05:00,44.329126988973705,45.12828928630157,44.00946313041062,44.523704528808594,6447400,0.0,0.0
2015-02-04 00:00:00-05:00,43.5994579415933,44.6626863337724,43.32843582093574,44.475059509277344,5257000,0.0,0.0
2015-02-05 00:00:00-05:00,44.85031526423498,45.44794925795286,44.523700720942664,45.169979095458984,5249600,0.0,0.0
2015-02-06 00:00:00-05:00,45.663376523565965,45.80236426458421,45.07269320429896,45.357608795166016,4855200,0.0,0.0
2015-02-09 00:00:00-05:00,45.62168088605998,45.76761403145982,44.90591128164359,44.98235321044922,3941200,0.0,0.0
2015-02-10 00:00:00-05:00,44.961500938927,44.97540236330813,43.564707342581826,44.60014343261719,4257400,0.0,0.0
2015-02-11 00:00:00-05:00,43.78014552775157,44.91981873321558,43.39793843824898,44.89202117919922,3883700,0.0,0.0
2015-02-12 00:00:00-05:00,45.57999145297012,46.05948996094087,45.23948070911319,45.71202850341797,4933500,0.0,0.0
2015-02-13 00:00:00-05:00,46.33745002013929,46.34440073228016,45.4549004444869,46.1915168762207,4872400,0.0,0.0
2015-02-17 00:00:00-05:00,45.94828124957829,46.615406266220354,45.73285165225798,46.31658935546875,4582000,0.0,0.0
2015-02-18 00:00:00-05:00,45.072691043135656,45.76066309720817,44.15539320375898,44.440311431884766,6840200,0.0,0.0
2015-02-19 00:00:00-05:00,43.34233347566375,45.03099871078422,43.21029910048711,44.759979248046875,4240600,0.0,0.0
2015-02-20 00:00:00-05:00,44.59320135600533,44.96846035936606,44.009468663115975,44.349979400634766,2771000,0.0,0.0
2015-02-23 00:00:00-05:00,43.89132181032631,44.746076494703665,43.55775920063661,44.440311431884766,2263500,0.0,0.0
2015-02-24 00:00:00-05:00,44.87116908860125,45.10049490602091,44.39862132930044,45.05879592895508,2993000,0.0,0.0
2015-02-25 00:00:00-05:00,44.982345237215476,45.53828017326832,44.46115060146196,45.48268508911133,3355800,0.0,0.0
2015-02-26 00:00:00-05:00,44.98234527476839,45.128278394423056,43.26588283740169,43.467411041259766,3561700,0.0,0.0
2015-02-27 00:00:00-05:00,43.59945520450555,43.73148957480362,42.73774981420461,42.80029296875,3278300,0.0,0.0
2015-03-02 00:00:00-05:00,42.80029256030744,42.80029256030744,41.85519718993833,42.292999267578125,4529100,0.0,0.0
2015-03-03 00:00:00-05:00,42.22350493711087,43.057412763611815,42.1470656617212,42.56401824951172,3615500,0.0,0.0
2015-03-04 00:00:00-05:00,42.69606509506056,43.07132412429376,42.06368531657677,42.98793411254883,3745000,0.0,0.0
2015-03-05 00:00:00-05:00,42.83503767516412,42.83503767516412,42.265201235040514,42.272151947021484,2499600,0.0,0.0
2015-03-06 00:00:00-05:00,41.60502214657053,41.82739720298576,41.07688205031431,41.125526428222656,4572600,0.0,0.0
2015-03-09 00:00:00-04:00,41.01436017130122,41.334024149320534,40.31943709686559,40.333335876464844,2790000,0.0,0.0
2015-03-10 00:00:00-04:00,39.93026103299403,40.38196188600019,39.58975036613581,39.6036491394043,2809700,0.0,0.0
2015-03-11 00:00:00-04:00,40.74814223133732,40.81094988773102,40.106110776762584,40.36431884765625,7496400,0.24,0.0
2015-03-12 00:00:00-04:00,40.448051173713885,40.54575135601609,39.84091242502852,39.8967399597168,3328300,0.0,0.0
2015-03-13 00:00:00-04:00,39.46407861586362,40.30151318857185,39.32450574339039,40.26662063598633,3690900,0.0,0.0
2015-03-16 00:00:00-04:00,39.86185908671766,41.03426694180916,39.631566112752054,40.99937438964844,3568300,0.0,0.0
2015-03-17 00:00:00-04:00,40.63647572887804,40.9435338373369,40.14797213559272,40.510860443115234,2518400,0.0,0.0
2015-03-18 00:00:00-04:00,39.91767376979877,42.276446115585394,39.778100953326,42.0391731262207,3533900,0.0,0.0
2015-03-19 00:00:00-04:00,41.236639857687855,41.48787044626935,40.60158594194268,40.657413482666016,2238200,0.0,0.0
2015-03-20 00:00:00-04:00,41.06916581202561,41.60651971678634,40.88772291559816,40.93657302856445,4336700,0.0,0.0
2015-03-23 00:00:00-04:00,41.00635638180211,41.33435226516774,40.44109005258383,40.455047607421875,2834900,0.0,0.0
2015-03-24 00:00:00-04:00,40.538784264068646,40.88073765157456,40.29453374594369,40.36431884765625,2868900,0.0,0.0
2015-03-25 00:00:00-04:00,40.79001747789499,42.11595312948526,40.7132522638616,41.6204719543457,6182100,0.0,0.0
2015-03-26 00:00:00-04:00,42.52769059154504,42.69517856911801,41.613493477941276,41.91357421875,3811200,0.0,0.0
2015-03-27 00:00:00-04:00,41.794934819655246,41.794934819655246,41.138945810901674,41.27851867675781,2277300,0.0,0.0
2015-03-30 00:00:00-04:00,41.82286370159828,42.43698291637602,41.53674043030385,42.36719512939453,3248400,0.0,0.0
2015-03-31 00:00:00-04:00,41.760028412790646,42.611420216104314,41.55067051453666,42.0880241394043,3135500,0.0,0.0
2015-04-01 00:00:00-04:00,42.34623918175584,43.44885904943676,42.28343153560037,42.97431564331055,3582100,0.0,0.0
2015-04-02 00:00:00-04:00,42.827760682274835,43.90944550446649,42.61142531511476,43.65123748779297,4740500,0.0,0.0
2015-04-06 00:00:00-04:00,43.944345663938655,44.69803746736124,43.86060035547122,44.25140380859375,3922900,0.0,0.0
2015-04-07 00:00:00-04:00,44.30025335519456,44.86552220071452,44.13276806460912,44.19557571411133,3388400,0.0,0.0
2015-04-08 00:00:00-04:00,44.4398178578572,44.65615586820138,43.937356756221796,43.993186950683594,2821400,0.0,0.0
2015-04-09 00:00:00-04:00,44.432854030022035,45.52849670747587,44.293283816997764,45.31914138793945,3854800,0.0,0.0
2015-04-10 00:00:00-04:00,45.3400746903284,45.3400746903284,44.69106310796042,45.263309478759766,2341000,0.0,0.0
2015-04-13 00:00:00-04:00,45.70296834722643,45.70296834722643,45.00510653873628,45.06791687011719,2054700,0.0,0.0
2015-04-14 00:00:00-04:00,45.402872601276535,46.4845601778426,45.388917712379104,46.17052459716797,3168100,0.0,0.0
2015-04-15 00:00:00-04:00,46.51946089367977,47.00796192684064,46.22635494952131,46.72183609008789,4583200,0.0,0.0
2015-04-16 00:00:00-04:00,46.40082265285598,46.98004913806692,45.86347148988222,46.47060775756836,3463500,0.0,0.0
2015-04-17 00:00:00-04:00,46.135639561356506,46.33103999457383,45.68202837038057,46.00304412841797,2354400,0.0,0.0
2015-04-20 00:00:00-04:00,45.99606859219426,47.04286117381803,45.98908848418997,46.52643966674805,2240100,0.0,0.0
2015-04-21 00:00:00-04:00,46.66601854234029,46.70788854483515,45.20050456386663,45.55641555786133,2600100,0.0,0.0
2015-04-22 00:00:00-04:00,45.65410550588279,46.17750171633493,45.25632459890962,45.94023132324219,3298400,0.0,0.0
2015-04-23 00:00:00-04:00,46.198436203501764,46.89629780974355,46.10073600456883,46.268226623535156,2764400,0.0,0.0
2015-04-24 00:00:00-04:00,45.92627630988136,46.540398007213255,45.570370679940936,46.40780258178711,3819400,0.0,0.0
2015-04-27 00:00:00-04:00,46.672976729213566,46.95212240319222,46.42872626108007,46.44966125488281,3083100,0.0,0.0
2015-04-28 00:00:00-04:00,46.624126428225495,47.119607468310036,46.35196086147851,47.091697692871094,2873100,0.0,0.0
2015-04-29 00:00:00-04:00,46.875353520574464,48.14546117916996,46.55433788425478,48.11754608154297,4664600,0.0,0.0
2015-04-30 00:00:00-04:00,48.264118518417696,48.264118518417696,47.00796530813166,47.60114669799805,3388700,0.0,0.0
2015-05-01 00:00:00-04:00,47.38480227359032,48.43159464197186,47.2801219718999,47.88028335571289,5235200,0.0,0.0
2015-05-04 00:00:00-04:00,47.99892402018785,48.292024638937676,47.5871881973148,48.17338943481445,2817700,0.0,0.0
2015-05-05 00:00:00-04:00,48.63396586495517,49.18527704608683,46.37987105218952,46.51246643066406,5707500,0.0,0.0
2015-05-06 00:00:00-04:00,47.87329918742209,48.62699090653415,46.756721820734334,47.091697692871094,5887300,0.0,0.0
2015-05-07 00:00:00-04:00,46.94514982167624,47.175445438940656,46.13563309407341,46.386863708496094,4426600,0.0,0.0
2015-05-08 00:00:00-04:00,46.98004576567891,47.42667679289209,46.142613920719654,47.37782669067383,3639000,0.0,0.0
2015-05-11 00:00:00-04:00,47.4336514523551,47.4336514523551,46.26822391595401,46.379878997802734,3657900,0.0,0.0
2015-05-12 00:00:00-04:00,46.358956160189145,47.52438400221942,46.289171050200146,47.154518127441406,2659300,0.0,0.0
2015-05-13 00:00:00-04:00,47.13357820504309,47.26617362715999,45.77274474317824,46.02397537231445,3437400,0.0,0.0
2015-05-14 00:00:00-04:00,46.12166503914056,46.49153611501847,45.74482450583093,45.83554458618164,2020500,0.0,0.0
2015-05-15 00:00:00-04:00,45.47266915527818,46.16355072055658,45.26330852373344,45.9611701965332,2443000,0.0,0.0
2015-05-18 00:00:00-04:00,45.42381075557507,46.30311789657787,45.40287575864243,46.22635269165039,2007900,0.0,0.0
2015-05-19 00:00:00-04:00,45.61921101950397,45.88439648932427,45.15861984510652,45.20746994018555,2795400,0.0,0.0
2015-05-20 00:00:00-04:00,45.73086232799015,46.04490319126225,45.27027651582258,45.93324279785156,2945600,0.0,0.0
2015-05-21 00:00:00-04:00,46.25427197394693,47.175449192027955,46.25427197394693,47.11264419555664,2922300,0.0,0.0
2015-05-22 00:00:00-04:00,46.64507197653788,47.426678972207675,46.50550177071852,47.0847282409668,2311000,0.0,0.0
2015-05-26 00:00:00-04:00,46.39384113422683,46.9172373299799,46.19843541543275,46.26124572753906,2577800,0.0,0.0
2015-05-27 00:00:00-04:00,46.15656643331067,46.65204753721859,45.54245013359274,46.0937614440918,1970500,0.0,0.0
2015-05-28 00:00:00-04:00,45.975117146985916,46.02396724267455,45.20747050433826,45.62618637084961,2167600,0.0,0.0
2015-05-29 00:00:00-04:00,45.69597950175153,45.849504579998026,45.21445329829693,45.51453399658203,2596400,0.0,0.0
2015-06-01 00:00:00-04:00,45.633169856059105,45.70993505843404,44.54450745766772,44.99113845825195,3266000,0.0,0.0
2015-06-02 00:00:00-04:00,45.249353018848645,45.584328999336606,44.872512361660746,45.24237823486328,2395600,0.0,0.0
2015-06-03 00:00:00-04:00,45.08883781353164,45.367983514741084,44.50961141526779,44.60033416748047,2378500,0.0,0.0
2015-06-04 00:00:00-04:00,44.23046848000108,44.36306122421488,43.91643023093606,44.02111053466797,3106900,0.0,0.0
2015-06-05 00:00:00-04:00,43.76988559600454,45.039993645698324,43.65124772562336,44.52357482910156,2740500,0.0,0.0
2015-06-08 00:00:00-04:00,44.230471064000156,44.57940188065054,43.40001401660847,43.61635208129883,3319900,0.0,0.0
2015-06-09 00:00:00-04:00,44.09089621303432,44.43284690711023,43.27439675465108,43.35116195678711,3569400,0.0,0.0
2015-06-10 00:00:00-04:00,43.98621425650706,44.711990934014715,43.60937102891674,44.530548095703125,4079400,0.0,0.0
2015-06-11 00:00:00-04:00,44.71968883631122,44.86679510641077,44.05421674340133,44.08924102783203,3200500,0.24,0.0
2015-06-12 00:00:00-04:00,43.83706855419042,43.86508638096822,42.961448003064994,43.33971405029297,3120300,0.0,0.0
2015-06-15 00:00:00-04:00,42.99646101869337,43.556857490063365,42.9264097896589,43.17158508300781,2137900,0.0,0.0
2015-06-16 00:00:00-04:00,43.16458511527577,43.80904315840329,43.08052629997446,43.75300216674805,2184400,0.0,0.0
2015-06-17 00:00:00-04:00,43.74599566234251,44.41847148735668,42.9334200390717,43.178592681884766,2355100,0.0,0.0
2015-06-18 00:00:00-04:00,43.3677244006868,43.56386250314203,42.98945576979635,43.038490295410156,1988000,0.0,0.0
2015-06-19 00:00:00-04:00,42.84936380583473,43.136569897143204,42.67423970460667,42.709266662597656,2928300,0.0,0.0
2015-06-22 00:00:00-04:00,42.835347678430395,43.11554458115314,42.42205477514676,42.97544479370117,1901300,0.0,0.0
2015-06-23 00:00:00-04:00,43.0104762908522,43.16458366837524,42.863370028779045,43.031490325927734,1780400,0.0,0.0
2015-06-24 00:00:00-04:00,42.898399041627556,43.28367151219168,42.723274948445535,42.7933235168457,1545000,0.0,0.0
2015-06-25 00:00:00-04:00,42.90540587070401,42.97545444406917,42.155874912533186,42.29597473144531,2552900,0.0,0.0
2015-06-26 00:00:00-04:00,42.32398832416395,42.61119439390694,41.945722324772355,42.35200881958008,2539000,0.0,0.0
2015-06-29 00:00:00-04:00,41.68653130785985,42.0227718645908,41.16816557124689,41.203189849853516,2931200,0.0,0.0
2015-06-30 00:00:00-04:00,41.756582301152015,41.94571661117582,41.3783136811044,41.672523498535156,3291700,0.0,0.0
2015-07-01 00:00:00-04:00,41.62349321267129,41.88968258269669,40.26453121065603,40.43965530395508,3556700,0.0,0.0
2015-07-02 00:00:00-04:00,40.537723541259766,40.930002464228416,40.3345816280371,40.537723541259766,2826200,0.0,0.0
2015-07-06 00:00:00-04:00,39.79520499781135,40.58676407648923,39.55002963261978,39.704139709472656,3255700,0.0,0.0
2015-07-07 00:00:00-04:00,39.62708206389522,40.201488911596535,38.611361725629614,40.1524543762207,3506200,0.0,0.0
2015-07-08 00:00:00-04:00,39.9072810528224,40.27153950412869,38.695422592686185,38.912574768066406,3024900,0.0,0.0
2015-07-09 00:00:00-04:00,39.753155700548305,40.01934498032204,39.178749083054925,39.185752868652344,2548100,0.0,0.0
2015-07-10 00:00:00-04:00,39.655101382814856,39.8792600156343,39.00363952112658,39.12272262573242,2757400,0.0,0.0
2015-07-13 00:00:00-04:00,39.213789280749154,39.227799529814476,38.54831714714631,38.80750274658203,3272700,0.0,0.0
2015-07-14 00:00:00-04:00,38.80749710536536,39.55702795222347,38.541307756182235,39.325862884521484,3200300,0.0,0.0
2015-07-15 00:00:00-04:00,38.968599479274204,39.48696510600581,38.142013852904846,38.41520690917969,3564600,0.0,0.0
2015-07-16 00:00:00-04:00,38.576319631863974,38.79347438270221,37.92485805152982,38.08597183227539,2904100,0.0,0.0
2015-07-17 00:00:00-04:00,37.91785594033791,38.08597351367678,37.4345119045822,37.57461166381836,2783100,0.0,0.0
2015-07-20 00:00:00-04:00,37.385486820572275,37.56761735517788,36.306724548339844,36.306724548339844,4678800,0.0,0.0
2015-07-21 00:00:00-04:00,36.460832963702515,36.79707087702935,36.215660320291725,36.481849670410156,4347500,0.0,0.0
2015-07-22 00:00:00-04:00,36.31373131648198,36.383779883430336,35.45912490436796,35.82338333129883,3855400,0.0,0.0
2015-07-23 00:00:00-04:00,35.872415180513705,36.033529010194115,35.26998792994614,35.8373908996582,3548500,0.0,0.0
2015-07-24 00:00:00-04:00,35.78134896418364,35.8233770280851,34.34532954477962,34.604515075683594,5021000,0.0,0.0
2015-07-27 00:00:00-04:00,33.91803227106315,34.618528626984464,33.770928677643234,34.205238342285156,5668900,0.0,0.0
2015-07-28 00:00:00-04:00,34.40838461998747,35.340046174208545,34.07214664714899,35.017818450927734,4905800,0.0,0.0
2015-07-29 00:00:00-04:00,34.94775394112911,36.2436734755271,34.80065038486938,35.85139465332031,4438500,0.0,0.0
2015-07-30 00:00:00-04:00,35.725303359255086,36.194634493288746,35.115872461925456,35.452110290527344,3515600,0.0,0.0
2015-07-31 00:00:00-04:00,35.1719230622582,35.276998589516396,34.569495739965454,34.6185302734375,3978100,0.0,0.0
2015-08-03 00:00:00-04:00,34.149188718182856,34.78664013403503,33.700871591277696,33.87599563598633,4218700,0.0,0.0
2015-08-04 00:00:00-04:00,34.07915187064393,34.77964829000203,33.70788695130054,34.14219665527344,4692200,0.0,0.0
2015-08-05 00:00:00-04:00,35.26298797111264,36.20165322972939,32.69216486005044,32.8883056640625,7958100,0.0,0.0
2015-08-06 00:00:00-04:00,32.853275947037126,34.072137953558226,32.53805209287436,33.83396911621094,5896900,0.0,0.0
2015-08-07 00:00:00-04:00,33.65185419870361,34.1562098870592,32.20883037393278,32.51004409790039,4363100,0.0,0.0
2015-08-10 00:00:00-04:00,32.67114407960179,33.784933203778266,32.32790241975167,33.53976058959961,6412600,0.0,0.0
2015-08-11 00:00:00-04:00,32.7271860028441,33.35062724441956,32.62911695435104,33.13347244262695,5708400,0.0,0.0
2015-08-12 00:00:00-04:00,33.07743317987623,33.63782963527107,32.34891645177239,33.53976058959961,5413800,0.0,0.0
2015-08-13 00:00:00-04:00,33.126468724013115,33.28758254289502,32.15978313854057,32.22983169555664,5170500,0.0,0.0
2015-08-14 00:00:00-04:00,32.13876490725087,32.5870820268202,32.00566892525441,32.264854431152344,5960200,0.0,0.0
2015-08-17 00:00:00-04:00,32.07573699420517,32.7271989858391,31.942640942295355,32.51004409790039,3443800,0.0,0.0
2015-08-18 00:00:00-04:00,32.250859725651125,32.70618085050896,32.15979443180672,32.376949310302734,3961800,0.0,0.0
2015-08-19 00:00:00-04:00,32.16679839048103,32.320908477462766,31.130063878472367,31.2841739654541,4362900,0.0,0.0
2015-08-20 00:00:00-04:00,31.58538161001695,31.58538161001695,29.981244272260298,29.988250732421875,5362200,0.0,0.0
2015-08-21 00:00:00-04:00,29.673026472118345,29.93921583923703,28.783395767211914,28.783395767211914,5713400,0.0,0.0
2015-08-24 00:00:00-04:00,26.913070077432554,28.223000253442635,25.91836648419966,26.674903869628906,10777700,0.0,0.0
2015-08-25 00:00:00-04:00,27.7256463252331,27.7256463252331,25.659181594848633,25.659181594848633,7888100,0.0,0.0
2015-08-26 00:00:00-04:00,26.19855962923644,26.95509415534919,25.89734604163959,26.934080123901367,7326200,0.0,0.0
2015-08-27 00:00:00-04:00,27.543516280535428,28.867453955078087,27.452451006783903,28.566240310668945,9059100,0.0,0.0
2015-08-28 00:00:00-04:00,28.384115131476786,29.925207782986014,28.265029351077548,29.560949325561523,8502800,0.0,0.0
2015-08-31 00:00:00-04:00,29.119635608271707,30.254439046534596,28.370104661844433,29.883176803588867,7125400,0.0,0.0
2015-09-01 00:00:00-04:00,28.769392085966597,29.48389886257528,27.998846976857603,28.251026153564453,6676800,0.0,0.0
2015-09-02 00:00:00-04:00,28.839433099503104,28.888470301819478,27.417426381228214,28.524211883544922,5348700,0.0,0.0
2015-09-03 00:00:00-04:00,28.601261138916016,29.560940185049922,28.29304110060955,28.601261138916016,5355000,0.0,0.0
2015-09-04 00:00:00-04:00,28.012847084416073,28.321064482015952,27.76767178598282,28.117919921875,3856600,0.0,0.0
2015-09-08 00:00:00-04:00,28.538216471056746,28.559230502037856,27.648585973050228,28.37009620666504,4629500,0.0,0.0
2015-09-09 00:00:00-04:00,28.650308580193684,29.070605421022357,27.592557344356173,27.802705764770508,7706400,0.0,0.0
2015-09-10 00:00:00-04:00,27.93578907649668,28.440144521107882,27.522496213498894,28.01284408569336,5857500,0.0,0.0
2015-09-11 00:00:00-04:00,27.484305624429307,27.632297394134355,26.864146180688195,27.371549606323242,4692300,0.24,0.0
2015-09-14 00:00:00-04:00,27.286982436675032,27.48430479029312,26.906429878998345,27.420879364013672,4433500,0.0,0.0
2015-09-15 00:00:00-04:00,27.561823173304013,27.921232105480293,27.33631115932767,27.60410499572754,3161400,0.0,0.0
2015-09-16 00:00:00-04:00,27.829619040325795,28.978319994272187,27.829619040325795,28.92898941040039,4303400,0.0,0.0
2015-09-17 00:00:00-04:00,28.95717567529946,29.577334970243125,28.611858940525465,28.75985336303711,5200400,0.0,0.0
2015-09-18 00:00:00-04:00,28.16084171631868,28.485014932141386,27.73800732075128,28.03399085998535,5719000,0.0,0.0
2015-09-21 00:00:00-04:00,28.329981408371346,28.745769792364626,27.808483065205767,28.42159652709961,3387100,0.0,0.0
2015-09-22 00:00:00-04:00,27.942377955730507,28.61891405215366,27.568871468240562,27.836668014526367,5051100,0.0,0.0
2015-09-23 00:00:00-04:00,27.87894747544069,28.041034051143164,26.828905081854227,26.885284423828125,4003300,0.0,0.0
2015-09-24 00:00:00-04:00,26.575215509296587,27.449076889227335,26.363798257345728,27.202421188354492,4799300,0.0,0.0
2015-09-25 00:00:00-04:00,27.385648175026763,27.484309368269493,26.885293444543823,27.11080551147461,4253900,0.0,0.0
2015-09-28 00:00:00-04:00,26.786629338642832,26.92052897547873,25.898675918579105,25.8986759185791,5788700,0.0,0.0
2015-09-29 00:00:00-04:00,26.117140490423516,26.21580167748588,25.384224974652053,25.67316246032715,5113700,0.0,0.0
2015-09-30 00:00:00-04:00,26.053712621366486,26.406075506964342,25.37717383789884,26.13827896118164,6573600,0.0,0.0
2015-10-01 00:00:00-04:00,26.680919545815968,27.427927182468476,26.335602716716057,26.6033992767334,5624400,0.0,0.0
2015-10-02 00:00:00-04:00,26.342648106647484,28.752808773195795,26.21579726226965,28.69643211364746,6483100,0.0,0.0
2015-10-05 00:00:00-04:00,29.02060677239857,30.599190956316072,28.964227421672383,30.246828079223633,7163800,0.0,0.0
2015-10-06 00:00:00-04:00,30.366637628458975,31.346206150616386,30.11998465105093,30.831756591796875,6607000,0.0,0.0
2015-10-07 00:00:00-04:00,31.395532968094084,32.0297872455568,29.915609905101764,30.909273147583008,6390100,0.0,0.0
2015-10-08 00:00:00-04:00,30.74718596973824,31.684469842009552,30.345492497576895,31.480098724365234,4656400,0.0,0.0
2015-10-09 00:00:00-04:00,31.69151580558481,31.973404474519842,31.13478185358894,31.881792068481445,5791900,0.0,0.0
2015-10-12 00:00:00-04:00,31.881792142832992,31.952263638152292,30.683757904198323,31.000885009765625,4031000,0.0,0.0
2015-10-13 00:00:00-04:00,30.65557498968671,31.585812912239522,30.40892201337188,30.81061553955078,3101000,0.0,0.0
2015-10-14 00:00:00-04:00,30.70489465307786,31.628086171187196,30.61327957092903,31.465999603271484,3541000,0.0,0.0
2015-10-15 00:00:00-04:00,31.289826499670596,32.213015574326356,31.134785963883584,32.1848258972168,3732600,0.0,0.0
2015-10-16 00:00:00-04:00,32.48784865797392,32.74155030077213,31.783123067229887,32.72040939331055,5131000,0.0,0.0
2015-10-19 00:00:00-04:00,32.14253387444487,32.37509191604377,31.60694093251244,31.90997314453125,4345200,0.0,0.0
2015-10-20 00:00:00-04:00,31.88883903788807,32.6781310967053,31.719703681126727,32.198917388916016,2997200,0.0,0.0
2015-10-21 00:00:00-04:00,32.00864263952175,32.142542254070115,30.542814460734643,30.937461853027344,6868500,0.0,0.0
2015-10-22 00:00:00-04:00,31.28982131485665,31.726750484392127,30.747182217834542,31.536474227905273,4389200,0.0,0.0
2015-10-23 00:00:00-04:00,31.275733449520885,31.87474933661626,30.972701124054076,31.684473037719727,3300300,0.0,0.0
2015-10-26 00:00:00-04:00,31.543530135546323,31.56467374062424,30.119986181711674,30.155221939086914,3984500,0.0,0.0
2015-10-27 00:00:00-04:00,29.612581108764402,29.612581108764402,28.56253838922319,29.034706115722656,5464000,0.0,0.0
2015-10-28 00:00:00-04:00,28.611863807660598,29.788757184761614,28.069227356631796,29.288402557373047,6544700,0.0,0.0
2015-10-29 00:00:00-04:00,29.04879642260808,29.936749689253364,28.823284396529427,28.921945571899414,5636400,0.0,0.0
2015-10-30 00:00:00-04:00,29.062888798584655,30.007221335920192,28.42158852468393,29.549148559570312,5756500,0.0,0.0
2015-11-02 00:00:00-05:00,29.133361478403696,30.521672012119257,28.893754625198707,30.394821166992188,5430000,0.0,0.0
2015-11-03 00:00:00-05:00,30.761273954651262,32.76269479476768,30.563948955779036,31.867692947387695,6572500,0.0,0.0
2015-11-04 00:00:00-05:00,32.93183179052202,33.714077751265826,32.36100300309175,32.762699127197266,9572500,0.0,0.0
2015-11-05 00:00:00-05:00,32.586518492600185,34.20738711177981,32.41738313685353,33.48151779174805,6390800,0.0,0.0
2015-11-06 00:00:00-05:00,33.16440579158325,34.30606113351127,32.60767161874617,33.0305061340332,5704300,0.0,0.0
2015-11-09 00:00:00-05:00,33.43923124037358,33.88320913414933,32.69926987629059,33.108009338378906,5301100,0.0,0.0
2015-11-10 00:00:00-05:00,32.98116353130597,34.00301637452469,32.854312685206246,33.65769958496094,5134400,0.0,0.0
2015-11-11 00:00:00-05:00,33.52379740060681,33.69997880493555,31.87473934855724,32.14958190917969,4244200,0.0,0.0
2015-11-12 00:00:00-05:00,31.69152222853348,32.466719585608764,31.28982871044519,31.754947662353516,6082600,0.0,0.0
2015-11-13 00:00:00-05:00,31.712664253203773,32.30463409346288,31.346206477013293,31.747900009155273,5084900,0.0,0.0
2015-11-16 00:00:00-05:00,31.797218958083327,32.7979307281115,31.684462967350633,32.76974105834961,3911700,0.0,0.0
2015-11-17 00:00:00-05:00,32.52309348780101,32.76270034333452,31.712657823648318,32.35395812988281,3767100,0.0,0.0
2015-11-18 00:00:00-05:00,32.75565936717894,33.39695982586181,32.1848304228637,33.17144775390625,3163400,0.0,0.0
2015-11-19 00:00:00-05:00,32.76975522469588,33.10802334312707,31.93113234910496,32.403297424316406,3657400,0.0,0.0
2015-11-20 00:00:00-05:00,32.50194258641424,32.77678512901297,31.76198127442194,31.888832092285156,3969500,0.0,0.0
2015-11-23 00:00:00-05:00,31.761983605796015,32.170725757427455,31.45190529954503,31.66332244873047,3055200,0.0,0.0
2015-11-24 00:00:00-05:00,32.04389004211554,33.14326081166781,31.945228838521484,32.80499267578125,3128000,0.0,0.0
2015-11-25 00:00:00-05:00,32.62880073422398,32.706320994590016,31.959310753617235,32.35395812988281,2294400,0.0,0.0
2015-11-27 00:00:00-05:00,32.022733764681675,32.20596394598416,31.487143433528853,31.62104034423828,1170200,0.0,0.0
2015-11-30 00:00:00-05:00,31.769038367409568,32.819078238278514,31.628092678561845,32.42443084716797,4405700,0.0,0.0
2015-12-01 00:00:00-05:00,32.494902607232,32.78384003803406,32.18482157727793,32.762699127197266,3805200,0.0,0.0
2015-12-02 00:00:00-05:00,32.26235104307395,32.4737709650461,30.613292319250263,30.67671775817871,4784000,0.0,0.0
2015-12-03 00:00:00-05:00,30.91631835524878,30.91631835524878,28.66824414742239,28.9642276763916,9820800,0.0,0.0
2015-12-04 00:00:00-05:00,28.428641201828412,28.886714084573974,27.92123772411835,28.562538146972656,5912400,0.0,0.0
2015-12-07 00:00:00-05:00,26.610446084131286,26.962808998153932,25.461744920004758,25.680208206176758,11420200,0.0,0.0
2015-12-08 00:00:00-05:00,24.87681567945148,25.200988843317404,23.622404843778487,24.79929542541504,13144200,0.0,0.0
2015-12-09 00:00:00-05:00,25.64497130417217,25.701350658282912,24.228473636084377,24.890914916992188,7916100,0.0,0.0
2015-12-10 00:00:00-05:00,24.7358714488939,25.863434202588234,24.453982776706752,25.024808883666992,6799700,0.0,0.0
2015-12-11 00:00:00-05:00,24.506862909221752,25.117051574568837,23.705103194990677,23.80443572998047,5925400,0.24,0.0
2015-12-14 00:00:00-05:00,23.6767160717615,23.925050056839964,22.278960126396687,22.378293991088867,11006400,0.0,0.0
2015-12-15 00:00:00-05:00,22.690482689241524,23.016861720282744,22.349912912510515,22.612436294555664,7808500,0.0,0.0
2015-12-16 00:00:00-05:00,22.598245163620913,22.740148558187727,21.271440236932143,21.6900577545166,8350500,0.0,0.0
2015-12-17 00:00:00-05:00,21.647489892133486,21.753917791235374,19.866591689040828,20.561922073364258,15841400,0.0,0.0
2015-12-18 00:00:00-05:00,20.54063684333524,21.27144272648049,20.27811343504049,20.341970443725586,9366500,0.0,0.0
2015-12-21 00:00:00-05:00,20.363262472687293,21.05149766749852,20.143309888596423,20.45549964904785,7462700,0.0,0.0
2015-12-22 00:00:00-05:00,20.448397796682883,21.52687018879306,20.327779156074453,21.165014266967773,8734100,0.0,0.0
2015-12-23 00:00:00-05:00,21.718444622026905,23.68381869407396,21.711349247546437,23.55610466003418,10280800,0.0,0.0
2015-12-24 00:00:00-05:00,23.570291005915664,23.747671274878645,22.72595919342268,23.201339721679688,3816900,0.0,0.0
2015-12-28 00:00:00-05:00,22.874959521449636,23.045243055356185,22.19381861930351,22.484722137451172,4816600,0.0,0.0
2015-12-29 00:00:00-05:00,22.92463193734285,23.30067732348343,22.357014140823843,22.87496566772461,5476400,0.0,0.0
2015-12-30 00:00:00-05:00,22.349913966271185,23.08071981079974,21.80358241119158,21.995153427124023,5265500,0.0,0.0
2015-12-31 00:00:00-05:00,21.988059186067517,22.84658043872537,21.690060263708347,22.704675674438477,4454100,0.0,0.0
2016-01-04 00:00:00-05:00,22.54858568654174,23.350344099120157,22.371205375030158,22.931726455688477,6770300,0.0,0.0
2016-01-05 00:00:00-05:00,22.846578178249818,23.364528216033182,22.392483789443038,23.293577194213867,6258100,0.0,0.0
2016-01-06 00:00:00-05:00,22.427961950198185,22.442151343399928,21.37786971493706,21.43463134765625,7777700,0.0,0.0
2016-01-07 00:00:00-05:00,20.725113535412216,21.377873091434097,19.795641145342287,19.909164428710938,11164900,0.0,0.0
2016-01-08 00:00:00-05:00,20.114925625066302,20.52644785331703,19.47635683685714,20.22135353088379,8160500,0.0,0.0
2016-01-11 00:00:00-05:00,20.434207746670594,20.455493867493413,18.809405083044922,19.135784149169922,10329800,0.0,0.0
2016-01-12 00:00:00-05:00,19.625351562115576,19.76725630929674,17.418740727941838,18.24888038635254,14152100,0.0,0.0
2016-01-13 00:00:00-05:00,18.702982714249565,18.93712469929771,17.184606145984603,17.596128463745117,11457100,0.0,0.0
2016-01-14 00:00:00-05:00,17.766415830318525,18.603649913720925,17.15622701645315,18.419174194335938,8580900,0.0,0.0
2016-01-15 00:00:00-05:00,17.29102744218428,17.48969245695137,16.57441106660776,17.376169204711914,9673400,0.0,0.0
2016-01-19 00:00:00-05:00,17.652882703239165,17.652882703239165,16.14160349860385,16.65955352783203,9417700,0.0,0.0
2016-01-20 00:00:00-05:00,16.00679657405228,16.070653585054558,13.970471655703806,15.318561553955078,18600900,0.0,0.0
2016-01-21 00:00:00-05:00,15.134084186624772,17.68126490549938,15.027656298067877,17.156219482421875,10875600,0.0,0.0
2016-01-22 00:00:00-05:00,18.759739264898087,19.511831292142787,17.71674232607615,18.185026168823242,14612300,0.0,0.0
2016-01-25 00:00:00-05:00,17.560647528513478,18.461739665880696,16.148700677506262,16.15579605102539,10370000,0.0,0.0
2016-01-26 00:00:00-05:00,16.950459262048017,17.48969548004435,16.106130096737786,17.425838470458984,7529800,0.0,0.0
2016-01-27 00:00:00-05:00,17.142027327805046,18.341118202051216,16.687934318847216,17.376169204711914,10952700,0.0,0.0
2016-01-28 00:00:00-05:00,18.305639272668223,19.14996954999048,17.887021819820436,19.008066177368164,11272800,0.0,0.0
2016-01-29 00:00:00-05:00,19.199639337269602,20.334873294032086,19.015163700881594,19.795637130737305,11270900,0.0,0.0
2016-02-01 00:00:00-05:00,19.17835430549142,19.17835430549142,18.021834245982575,18.4901180267334,8310500,0.0,0.0
2016-02-02 00:00:00-05:00,17.652883974575065,18.00764451657725,17.354885065161064,17.518075942993164,7786100,0.0,0.0
2016-02-03 00:00:00-05:00,17.986359205982968,18.87326053415467,17.113648623854978,18.866165161132812,12323100,0.0,0.0
2016-02-04 00:00:00-05:00,18.993885045386236,20.48388000836112,18.745552326006347,18.844884872436523,11744100,0.0,0.0
2016-02-05 00:00:00-05:00,18.34112250315367,18.404979516676203,17.269745374758546,17.631601333618164,9510100,0.0,0.0
2016-02-08 00:00:00-05:00,17.071075757147455,17.156218876970645,15.779747687406262,16.80145835876465,9304900,0.0,0.0
2016-02-09 00:00:00-05:00,16.127417429845153,16.602796713876472,15.694610394512301,16.07775115966797,8871100,0.0,0.0
2016-02-10 00:00:00-05:00,15.751368184416195,16.616983396531943,15.126988889362188,15.346940040588379,9868600,0.0,0.0
2016-02-11 00:00:00-05:00,14.914137209594585,15.325659486251414,13.920807716282006,15.077326774597168,15209000,0.0,0.0
2016-02-12 00:00:00-05:00,14.630323843113489,15.481748244380002,14.594846980579096,15.389511108398438,19887100,0.0,0.0
2016-02-16 00:00:00-05:00,15.85070200986219,15.985511402274529,14.367802753238882,15.084419250488281,13772500,0.0,0.0
2016-02-17 00:00:00-05:00,14.481325997221525,14.779324922706168,13.040997631828393,14.424564361572266,30662900,0.0,0.0
2016-02-18 00:00:00-05:00,13.62989738665841,14.481323104632386,13.473803258128193,13.977563858032227,97177500,0.0,0.0
2016-02-19 00:00:00-05:00,13.65828365619002,13.700854550998383,12.821048389567599,13.23257064819336,33916500,0.0,0.0
2016-02-22 00:00:00-05:00,13.232571389275567,14.545186006900657,13.232571389275567,14.403281211853027,24330200,0.0,0.0
2016-02-23 00:00:00-05:00,14.24718543960888,14.467136629561162,13.402854844670147,13.417045593261719,19387700,0.0,0.0
2016-02-24 00:00:00-05:00,13.097758298296569,13.835660860439269,12.927473403949186,13.771803855895996,17820900,0.0,0.0
2016-02-25 00:00:00-05:00,13.800188448321522,14.154949062897352,13.374475440169658,13.87823486328125,16421600,0.0,0.0
2016-02-26 00:00:00-05:00,14.452947517111783,14.601946320326316,14.076900791901682,14.396185874938965,24943100,0.0,0.0
2016-02-29 00:00:00-05:00,14.488419539597738,14.502610285042469,13.828564762761413,13.963374137878418,17878000,0.0,0.0
2016-03-01 00:00:00-05:00,14.183320946505543,14.1904163170605,13.168705963307147,13.63698959350586,22698700,0.0,0.0
2016-03-02 00:00:00-05:00,13.523472453499902,15.28308589672325,13.374473664743338,15.268895149230957,20265900,0.0,0.0
2016-03-03 00:00:00-05:00,15.17665818344209,15.971322530671552,15.034754754036177,15.609466552734375,17474400,0.0,0.0
2016-03-04 00:00:00-05:00,15.971320271063817,17.056888051290215,15.219228277035288,16.538936614990234,21258900,0.0,0.0
2016-03-07 00:00:00-05:00,16.53184566724532,17.539365962414635,16.524751645188207,17.163320541381836,21885000,0.0,0.0
2016-03-08 00:00:00-05:00,16.964647247659123,16.964647247659123,15.212130839443649,15.233415603637695,16059700,0.0,0.0
2016-03-09 00:00:00-05:00,15.659130936687745,16.631175468702803,15.254704113917208,16.269319534301758,14397800,0.0,0.0
2016-03-10 00:00:00-05:00,16.09193986625189,16.155796877888147,15.006372021739786,15.950035095214844,18339500,0.0,0.0
2016-03-11 00:00:00-05:00,16.760445030262638,17.95813195684031,16.717413379313953,17.771665573120117,19564400,0.24,0.0
2016-03-14 00:00:00-04:00,17.226613700511795,17.900759950000868,17.06883368508849,17.778841018676758,12254800,0.0,0.0
2016-03-15 00:00:00-04:00,17.427418266214193,17.64257240564264,16.588320268631556,17.276811599731445,12384600,0.0,0.0
2016-03-16 00:00:00-04:00,17.47044807762656,18.81874146437621,17.362870335271392,18.804397583007812,15702000,0.0,0.0
2016-03-17 00:00:00-04:00,19.385315991234936,20.13118017517763,18.883290995342463,19.650671005249023,17461800,0.0,0.0
2016-03-18 00:00:00-04:00,20.03078043039404,20.48260193854883,18.969357389087236,19.751081466674805,26829400,0.0,0.0
2016-03-21 00:00:00-04:00,19.57178406361609,20.690581119771878,19.414004062118046,20.09532356262207,13667600,0.0,0.0
2016-03-22 00:00:00-04:00,19.77259329177767,20.532801436920124,19.72239106067037,20.088151931762695,10769100,0.0,0.0
2016-03-23 00:00:00-04:00,19.78693804411619,19.987748345251507,18.252177801157355,18.474502563476562,14814600,0.0,0.0
2016-03-24 00:00:00-04:00,17.843383165826552,19.098444323120994,17.64257425612063,18.98369598388672,12753400,0.0,0.0
2016-03-28 00:00:00-04:00,19.03389868962045,19.084100914700592,18.087222883321008,18.53187370300293,9698900,0.0,0.0
2016-03-29 00:00:00-04:00,18.130254673517374,18.768542456560244,17.628229683049195,18.71116828918457,12580000,0.0,0.0
2016-03-30 00:00:00-04:00,19.05541314506716,19.34228397971186,18.402781483284954,18.790058135986328,10610500,0.0,0.0
2016-03-31 00:00:00-04:00,18.660968702525892,19.72239163302335,18.567734812413892,19.67936134338379,11418900,0.0,0.0
2016-04-01 00:00:00-04:00,18.926326414583606,19.27057288386855,18.359756522889995,19.0841064453125,15199900,0.0,0.0
2016-04-04 00:00:00-04:00,19.16298704967409,19.57177947487721,18.603589336704946,18.682477951049805,8820200,0.0,0.0
2016-04-05 00:00:00-04:00,18.36692324106334,19.249051575322977,18.323891589703322,18.926321029663086,10035400,0.0,0.0
2016-04-06 00:00:00-04:00,19.28491356652018,20.05229371152798,18.84743597149913,19.765422821044922,12189100,0.0,0.0
2016-04-07 00:00:00-04:00,19.62198493029535,20.260272730809742,19.471376881869162,19.79410743713379,10606900,0.0,0.0
2016-04-08 00:00:00-04:00,20.511285134404833,21.063512362801863,20.40370873913598,20.63320541381836,9888100,0.0,0.0
2016-04-11 00:00:00-04:00,20.805332300853575,21.3001854647823,20.733614232936482,20.83401870727539,8342400,0.0,0.0
2016-04-12 00:00:00-04:00,21.364728247651485,22.418979167049184,21.00613933205807,22.203824996948242,16470200,0.0,0.0
2016-04-13 00:00:00-04:00,22.06039025145577,22.433323051970877,21.572709107383425,22.203824996948242,13266200,0.0,0.0
2016-04-14 00:00:00-04:00,22.36160214468505,22.526552696532693,21.931295227245474,22.483522415161133,10436500,0.0,0.0
2016-04-15 00:00:00-04:00,22.23968357464387,22.69867692545623,21.82372050849315,22.51938247680664,10890900,0.0,0.0
2016-04-18 00:00:00-04:00,21.493820208198485,23.157674010744813,21.321697684054016,22.949691772460938,10880100,0.0,0.0
2016-04-19 00:00:00-04:00,23.595152661603272,24.34818886658712,23.272422077805505,24.11151885986328,11769100,0.0,0.0
2016-04-20 00:00:00-04:00,23.66686726302552,25.36657787315973,23.387168360374897,24.92192840576172,12902400,0.0,0.0
2016-04-21 00:00:00-04:00,25.000826649658805,25.280525644591638,24.254960839293194,24.333850860595703,14104500,0.0,0.0
2016-04-22 00:00:00-04:00,24.577683842596397,25.488499988319468,24.570510532449347,25.244659423828125,11294700,0.0,0.0
2016-04-25 00:00:00-04:00,25.072534856324708,25.23031484542554,24.068487592834742,24.348186492919922,11134700,0.0,0.0
2016-04-26 00:00:00-04:00,24.635058850524477,25.094054987466343,24.319501571204885,24.828697204589844,10971400,0.0,0.0
2016-04-27 00:00:00-04:00,25.029506888976726,26.664671435057144,25.029506888976726,26.471033096313477,14921700,0.0,0.0
2016-04-28 00:00:00-04:00,26.1411355991704,27.01609079679722,25.74668829232539,25.897294998168945,12081400,0.0,0.0
2016-04-29 00:00:00-04:00,26.205680180889573,26.49972299989042,24.254955487527955,24.871728897094727,17332000,0.0,0.0
2016-05-02 00:00:00-04:00,24.692433533136196,24.98647634147441,24.025457915424766,24.785667419433594,9928100,0.0,0.0
2016-05-03 00:00:00-04:00,24.233443149481456,24.369705972626747,23.23656625471403,23.487577438354492,12722900,0.0,0.0
2016-05-04 00:00:00-04:00,24.341014917374324,24.563341032783917,21.716145498949043,22.454837799072266,18024300,0.0,0.0
2016-05-05 00:00:00-04:00,23.301109958941623,23.6238378084489,22.024531503196343,22.37594985961914,11039800,0.0,0.0
2016-05-06 00:00:00-04:00,22.03170135761447,23.193529986743357,21.909781077816426,22.51938247680664,10078600,0.0,0.0
2016-05-09 00:00:00-04:00,22.23251163266752,22.28271385942438,21.22846299380609,21.544021606445312,9751500,0.0,0.0
2016-05-10 00:00:00-04:00,21.80220180086863,22.63412782322423,21.594220979233683,22.61978530883789,7598600,0.0,0.0
2016-05-11 00:00:00-04:00,22.40463179729236,23.94656362092904,21.995840715964878,23.336963653564453,10725500,0.0,0.0
2016-05-12 00:00:00-04:00,24.16890224435976,24.470115729767524,23.21505406893389,23.458894729614258,9704200,0.0,0.0
2016-05-13 00:00:00-04:00,22.870799520814494,23.925051758428737,22.806253409617373,23.322622299194336,6731800,0.0,0.0
2016-05-16 00:00:00-04:00,24.0111123891731,24.68525853553443,24.003941814940145,24.23343849182129,8588000,0.0,0.0
2016-05-17 00:00:00-04:00,24.305163507774278,25.137089930557167,23.960918374465887,24.83587646484375,9807600,0.0,0.0
2016-05-18 00:00:00-04:00,24.713946689847162,25.07253559504802,24.197580526712965,24.47010612487793,9747100,0.0,0.0
2016-05-19 00:00:00-04:00,24.061308805979046,24.548989810541357,23.501911133140435,24.31232261657715,8081000,0.0,0.0
2016-05-20 00:00:00-04:00,24.577681208990665,24.771319524968384,24.111514588768454,24.563337326049805,7720300,0.0,0.0
2016-05-23 00:00:00-04:00,24.362531116931304,24.914758359740055,24.21909500755746,24.77132225036621,6494600,0.0,0.0
2016-05-24 00:00:00-04:00,24.950611122049622,25.352228855481005,24.462930100755266,24.735458374023438,7883800,0.0,0.0
2016-05-25 00:00:00-04:00,25.101223739016913,26.291738812634776,24.936273168458467,26.13395881652832,9777800,0.0,0.0
2016-05-26 00:00:00-04:00,26.406481445617793,26.59294917085126,25.71081823407452,25.746679306030273,7546100,0.0,0.0
2016-05-27 00:00:00-04:00,25.502838790135826,25.76819376055118,25.172934984526385,25.746679306030273,5385500,0.0,0.0
2016-05-31 00:00:00-04:00,25.954662697592326,26.65032601494382,25.732339338219777,25.882946014404297,6883100,0.0,0.0
2016-06-01 00:00:00-04:00,25.366573448666344,25.940315038109247,25.0223284950006,25.925973892211914,8027500,0.0,0.0
2016-06-02 00:00:00-04:00,25.416783031639113,26.406489270094806,25.380924684873893,26.39931869506836,6622900,0.0,0.0
2016-06-03 00:00:00-04:00,26.45669367185394,26.85114099024418,25.531533476050445,25.761030197143555,6990300,0.0,0.0
2016-06-06 00:00:00-04:00,26.722048790710552,27.03043552319967,26.291743121841268,26.937204360961914,7977200,0.0,0.0
2016-06-07 00:00:00-04:00,27.224071658886995,28.041654004076552,27.123667193451997,27.797813415527344,9766400,0.0,0.0
2016-06-08 00:00:00-04:00,28.07034144358295,28.30701145429232,26.886999597485516,26.95154571533203,9518100,0.0,0.0
2016-06-09 00:00:00-04:00,26.492546587028503,26.987401013224975,26.12678711775891,26.858308792114258,5823500,0.0,0.0
2016-06-10 00:00:00-04:00,26.227196836105733,26.406491319664465,24.993649913760326,25.187288284301758,8044300,0.0,0.0
2016-06-13 00:00:00-04:00,25.029238413275824,26.243342269784158,24.986133112740593,25.704538345336914,7993900,0.06,0.0
2016-06-14 00:00:00-04:00,25.57521871567568,26.171496223357764,24.799342685767538,25.53929901123047,7375800,0.0,0.0
2016-06-15 00:00:00-04:00,25.445904014190017,25.869763077634907,24.907100259327745,25.208831787109375,7003900,0.0,0.0
2016-06-16 00:00:00-04:00,25.115442528447232,25.431542537569467,24.145596705272172,25.000497817993164,17231400,0.0,0.0
2016-06-17 00:00:00-04:00,25.34533846729626,26.178688517521454,25.2519477501279,25.848222732543945,13328500,0.0,0.0
2016-06-20 00:00:00-04:00,26.43731152541726,27.126979878311126,26.39420896617291,26.810882568359375,9509700,0.0,0.0
2016-06-21 00:00:00-04:00,26.703112942989055,27.60111920672419,26.408566998103836,27.43588638305664,7597400,0.0,0.0
2016-06-22 00:00:00-04:00,27.68732742053639,27.95313648459936,26.983290898655014,27.256282806396484,6678300,0.0,0.0
2016-06-23 00:00:00-04:00,27.615490627133088,27.917222189490637,27.34249866654522,27.874116897583008,5841200,0.0,0.0
2016-06-24 00:00:00-04:00,26.171503866026786,27.126981437679753,25.61114863965134,25.75482749938965,18759500,0.0,0.0
2016-06-27 00:00:00-04:00,25.266299907751037,25.388430170112514,23.570866586034686,24.246166229248047,15020900,0.0,0.0
2016-06-28 00:00:00-04:00,25.1585462795307,25.955976358365724,25.05797000661419,25.85540008544922,8328700,0.0,0.0
2016-06-29 00:00:00-04:00,26.300816815956193,26.68875631125676,26.092478634350492,26.358287811279297,6788500,0.0,0.0
2016-06-30 00:00:00-04:00,26.250526811284065,26.430128112279988,25.73327418745632,26.04218864440918,6254100,0.0,0.0
2016-07-01 00:00:00-04:00,25.848217516935385,27.040769981635076,25.776378096609395,26.904273986816406,7255300,0.0,0.0
2016-07-05 00:00:00-04:00,26.17150093163323,26.387021937574694,25.48183261642123,25.970348358154297,6408600,0.0,0.0
2016-07-06 00:00:00-04:00,25.740457512697535,26.595358643749734,25.63269564536826,26.566621780395508,6966500,0.0,0.0
2016-07-07 00:00:00-04:00,26.968931617090533,27.579574935261615,26.114027683053028,26.444496154785156,7558900,0.0,0.0
2016-07-08 00:00:00-04:00,26.997669219970703,27.23474151520146,26.32236656583194,26.997669219970703,5699800,0.0,0.0
2016-07-11 00:00:00-04:00,27.37124093060688,27.629867278001385,27.02640671424712,27.062326431274414,5611900,0.0,0.0
2016-07-12 00:00:00-04:00,27.888487979272384,28.951727282916416,27.744806399753312,28.743389129638672,8801300,0.0,0.0
2016-07-13 00:00:00-04:00,28.764941351892702,28.915805767744015,27.428707404642736,28.017799377441406,6592900,0.0,0.0
2016-07-14 00:00:00-04:00,28.614073867524084,28.664362000748387,27.500543870563213,27.57956886291504,6364100,0.0,0.0
2016-07-15 00:00:00-04:00,27.72325722140501,28.024986094795782,27.241924304640843,27.507736206054688,5250900,0.0,0.0
2016-07-18 00:00:00-04:00,27.213188921298332,27.572391510447737,26.85398633214893,27.378421783447266,5425600,0.0,0.0
2016-07-19 00:00:00-04:00,27.53647890128889,27.651423649841014,27.047963034817624,27.119802474975586,5817200,0.0,0.0
2016-07-20 00:00:00-04:00,26.803689296963565,27.52927708051724,26.422932815239786,27.27065086364746,6062000,0.0,0.0
2016-07-21 00:00:00-04:00,27.270655036898752,27.953140382413675,26.76777095386156,26.81806182861328,5794200,0.0,0.0
2016-07-22 00:00:00-04:00,27.01204057423967,27.249115659659097,26.739048509240238,27.119802474975586,4792500,0.0,0.0
2016-07-25 00:00:00-04:00,26.825248489959606,26.897087908972814,25.86258547649246,25.920059204101562,6405100,0.0,0.0
2016-07-26 00:00:00-04:00,25.912866965747767,27.112604686867698,25.86257883724847,26.911449432373047,11555500,0.0,0.0
2016-07-27 00:00:00-04:00,27.170082089740482,27.637046525464775,25.790745540736367,25.955978393554688,11405300,0.0,0.0
2016-07-28 00:00:00-04:00,26.013449379514135,26.322363807978245,25.618327101861794,25.955978393554688,6028500,0.0,0.0
2016-07-29 00:00:00-04:00,25.819473928497047,27.558015400703336,25.582401710762895,27.50054168701172,10235300,0.0,0.0
2016-08-01 00:00:00-04:00,27.112604533284454,27.126970220919333,25.675794606020776,25.797922134399414,8791900,0.0,0.0
2016-08-02 00:00:00-04:00,26.020635570998405,26.47322884514078,25.151363251339966,25.948793411254883,9254100,0.0,0.0
2016-08-03 00:00:00-04:00,25.94879765120736,27.39279378226753,25.532124018604485,27.299400329589844,11775400,0.0,0.0
2016-08-04 00:00:00-04:00,27.15571779267991,27.938779621650376,26.782146735322588,27.737627029418945,9601100,0.0,0.0
2016-08-05 00:00:00-04:00,27.780723498796043,28.506314173955293,27.34249869616772,28.384183883666992,6639500,0.0,0.0
2016-08-08 00:00:00-04:00,28.73620505382851,29.526449596609567,28.621260343233118,28.879886627197266,9180300,0.0,0.0
2016-08-09 00:00:00-04:00,29.095403877950343,29.289373565996403,28.484760695229483,28.66436195373535,4908000,0.0,0.0
2016-08-10 00:00:00-04:00,28.843973982927572,29.03794100290553,28.305170006214098,28.427297592163086,4835300,0.0,0.0
2016-08-11 00:00:00-04:00,28.800865239252694,29.928761209923607,28.448845477346584,29.67732048034668,7407000,0.0,0.0
2016-08-12 00:00:00-04:00,29.86409276252254,30.24484649899457,29.720411228222627,29.935932159423828,4589800,0.0,0.0
2016-08-15 00:00:00-04:00,30.280776296611723,30.661530125612472,30.065252572537794,30.144277572631836,3928800,0.0,0.0
2016-08-16 00:00:00-04:00,30.69745577338017,30.726192640884268,29.871291386376313,30.510671615600586,7562300,0.0,0.0
2016-08-17 00:00:00-04:00,30.5106658052715,31.185965620025243,30.180197372904523,31.114126205444336,7074400,0.0,0.0
2016-08-18 00:00:00-04:00,31.36556679012453,32.335412586152884,31.36556679012453,32.15581130981445,6775400,0.0,0.0
2016-08-19 00:00:00-04:00,31.947469566840915,32.13425365131592,31.509242101133353,31.846893310546875,4460600,0.0,0.0
2016-08-22 00:00:00-04:00,31.35838907730754,31.925927120647295,31.178787771573816,31.681669235229492,4682800,0.0,0.0
2016-08-23 00:00:00-04:00,31.40149292573682,32.65151927077408,31.40149292573682,32.49346923828125,5730900,0.0,0.0
2016-08-24 00:00:00-04:00,32.21329040226491,32.60122988152843,31.832536509931327,31.976215362548828,4770200,0.0,0.0
2016-08-25 00:00:00-04:00,31.97621082223564,32.32823053836139,31.566720121322906,31.88282012939453,4122700,0.0,0.0
2016-08-26 00:00:00-04:00,32.026505009333405,32.49346674325403,31.681668103009596,31.918743133544922,4760500,0.0,0.0
2016-08-29 00:00:00-04:00,31.889996932506538,32.37132969882592,31.7678694001628,32.33540725708008,5571300,0.0,0.0
2016-08-30 00:00:00-04:00,32.33541115919117,32.77363869259765,31.631374515873393,31.925920486450195,5286700,0.0,0.0
2016-08-31 00:00:00-04:00,31.56671907117382,31.731951915124334,30.704635144562097,31.128494262695312,6948600,0.0,0.0
2016-09-01 00:00:00-04:00,31.020727630492882,31.552345787438323,30.76928698065349,31.394298553466797,6026800,0.0,0.0
2016-09-02 00:00:00-04:00,31.739147808040194,32.37852811546423,31.638571499973338,31.803804397583008,5105900,0.0,0.0
2016-09-06 00:00:00-04:00,31.681671392748626,32.06242805037255,31.31528590992032,31.760696411132812,5178800,0.0,0.0
2016-09-07 00:00:00-04:00,32.004938703710685,32.25638207052609,31.44458374191759,31.753498077392578,4112800,0.0,0.0
2016-09-08 00:00:00-04:00,32.18455424099673,32.70180689135245,31.760695039288247,32.529388427734375,6448900,0.0,0.0
2016-09-09 00:00:00-04:00,32.08397147141371,32.23483588382446,31.042283534319527,31.15004539489746,6411600,0.0,0.0
2016-09-12 00:00:00-04:00,30.668715282076036,31.372752009746637,30.187385140499497,31.027917861938477,5414700,0.0,0.0
2016-09-13 00:00:00-04:00,30.495557698232748,30.5099461182022,29.423646481458274,29.596302032470703,7034900,0.06,0.0
2016-09-14 00:00:00-04:00,29.474006157898874,30.071110524905837,28.711436324535697,28.905675888061523,6536100,0.0,0.0
2016-09-15 00:00:00-04:00,29.056754723575814,29.67544319039256,28.963231346326264,29.42365264892578,4470500,0.0,0.0
2016-09-16 00:00:00-04:00,28.776178347280386,29.589106153997918,28.718624673316917,29.48838996887207,5589600,0.0,0.0
2016-09-19 00:00:00-04:00,29.884067159689515,30.107080824980326,29.35170655857748,29.387676239013672,3869200,0.0,0.0
2016-09-20 00:00:00-04:00,29.38047529383436,29.999163506143667,29.114296438879173,29.2509822845459,3887500,0.0,0.0
2016-09-21 00:00:00-04:00,29.668238614652797,30.37325459617491,29.603492108986988,30.337282180786133,4746400,0.0,0.0
2016-09-22 00:00:00-04:00,30.86964202508808,31.01352345083126,30.04232588529723,30.1286563873291,4600200,0.0,0.0
2016-09-23 00:00:00-04:00,29.905653592923667,30.20060941442647,28.193469613699236,28.445262908935547,8050100,0.0,0.0
2016-09-26 00:00:00-04:00,28.63949877448436,28.992005499800438,28.243824039910034,28.51719856262207,6357400,0.0,0.0
2016-09-27 00:00:00-04:00,28.056776419883857,28.056776419883857,27.229460120034886,27.610746383666992,8866400,0.0,0.0
2016-09-28 00:00:00-04:00,27.87692031879418,30.107072846573725,27.32297860507772,29.9128360748291,10634800,0.0,0.0
2016-09-29 00:00:00-04:00,30.035140371815984,31.646607793273557,29.891258910993066,30.963172912597656,9428300,0.0,0.0
2016-09-30 00:00:00-04:00,31.330071184482275,31.833654975901077,30.855264236987033,31.732938766479492,5969800,0.0,0.0
2016-10-03 00:00:00-04:00,31.62501781718691,31.898392266685914,31.214957515093456,31.79767608642578,4248500,0.0,0.0
2016-10-04 00:00:00-04:00,31.848047533465003,32.02070313080466,30.89123793109246,31.135835647583008,3923700,0.0,0.0
2016-10-05 00:00:00-04:00,31.689773215328753,32.33004289315456,31.437982694041363,31.783296585083008,6381700,0.0,0.0
2016-10-06 00:00:00-04:00,32.05668271542057,32.25092236400228,31.049514777066218,31.27972412109375,5452300,0.0,0.0
2016-10-07 00:00:00-04:00,31.4739497219174,31.63221960441273,30.495559074329236,30.797710418701172,4907400,0.0,0.0
2016-10-10 00:00:00-04:00,31.28690941035931,32.0135068987671,31.114251087003975,31.934371948242188,4893500,0.0,0.0
2016-10-11 00:00:00-04:00,31.826460615280094,31.898399977338304,31.40201179279084,31.754518508911133,4444700,0.0,0.0
2016-10-12 00:00:00-04:00,31.603434177215178,32.15737587114439,31.04949248328597,32.05665969848633,6757900,0.0,0.0
2016-10-13 00:00:00-04:00,31.6825853496903,32.20055489540149,31.12864337159654,31.58186912536621,4636300,0.0,0.0
2016-10-14 00:00:00-04:00,31.75450441623711,32.00629756031636,30.984742057730234,30.9919376373291,3257600,0.0,0.0
2016-10-17 00:00:00-04:00,30.8912281600977,31.04949802785715,29.783347318712657,30.04952621459961,6840100,0.0,0.0
2016-10-18 00:00:00-04:00,30.6466340662813,30.747353012886336,29.905648225706596,30.14305305480957,5126700,0.0,0.0
2016-10-19 00:00:00-04:00,30.33009183544442,31.294093918807686,30.17901755791911,30.905614852905273,5655800,0.0,0.0
2016-10-20 00:00:00-04:00,30.40203245085599,31.092662844908997,30.200600072425296,30.89122772216797,4258100,0.0,0.0
2016-10-21 00:00:00-04:00,30.51713475644514,30.963167481186307,30.409225737989797,30.711374282836914,3173700,0.0,0.0
2016-10-24 00:00:00-04:00,30.610671484744373,30.68980644613023,29.459624985435518,30.013566970825195,4414700,0.0,0.0
2016-10-25 00:00:00-04:00,29.797741780351245,30.1646397193815,29.243802568469953,29.258188247680664,3670800,0.0,0.0
2016-10-26 00:00:00-04:00,28.840920471895334,29.294145980340428,28.351725294848837,28.920055389404297,6910600,0.0,0.0
2016-10-27 00:00:00-04:00,29.107107162475586,29.653856152182318,28.920063188719418,29.107107162475586,4303900,0.0,0.0
2016-10-28 00:00:00-04:00,29.092718262209992,29.308541817080954,27.99203020733427,28.186269760131836,5872900,0.0,0.0
2016-10-31 00:00:00-04:00,28.092747003247922,28.099942585529725,27.20068690204349,27.258237838745117,6902400,0.0,0.0
2016-11-01 00:00:00-04:00,27.675494419964505,27.88411965758237,26.35898275225437,27.114356994628906,6471200,0.0,0.0
2016-11-02 00:00:00-04:00,26.85537354154629,28.67546620013146,26.740266177410344,28.452449798583984,12156400,0.0,0.0
2016-11-03 00:00:00-04:00,28.68985494827858,29.495587296257163,28.646689686234666,29.143077850341797,7930300,0.0,0.0
2016-11-04 00:00:00-04:00,29.078333138769107,29.452423866828113,28.51000558020311,28.912870407104492,5988300,0.0,0.0
2016-11-07 00:00:00-05:00,29.517168542543033,30.099887230489628,29.474006024828157,30.085498809814453,5336900,0.0,0.0
2016-11-08 00:00:00-05:00,29.73299591735533,30.445204993995933,29.653860965659486,30.200607299804688,4293300,0.0,0.0
2016-11-09 00:00:00-05:00,30.16463001112435,31.740124831509373,30.07830224208812,31.380422592163086,6196300,0.0,0.0
2016-11-10 00:00:00-05:00,31.30848688308399,31.488338023673183,30.40203559770051,31.035112380981445,5621600,0.0,0.0
2016-11-11 00:00:00-05:00,30.58908876703787,30.79052120876802,29.560339806525423,30.107086181640625,5287900,0.0,0.0
2016-11-14 00:00:00-05:00,29.970394071143662,30.840872936246715,29.625080209226187,30.797710418701172,4828100,0.0,0.0
2016-11-15 00:00:00-05:00,31.286911037378335,32.37321090698242,31.27252261432457,32.37321090698242,6640700,0.0,0.0
2016-11-16 00:00:00-05:00,32.21493502007384,32.40917457879103,31.55308414827653,31.63941192626953,5611300,0.0,0.0
2016-11-17 00:00:00-05:00,31.919972696889367,32.150181887055965,30.754538328632215,30.840866088867188,6041600,0.0,0.0
2016-11-18 00:00:00-05:00,31.186180572664185,31.91997341187288,31.078271556030895,31.524301528930664,4769900,0.0,0.0
2016-11-21 00:00:00-05:00,32.35880901110043,32.58901819548924,31.94874872988849,32.3012580871582,4861900,0.0,0.0
2016-11-22 00:00:00-05:00,32.43076131251797,32.58183562280534,31.358847230289168,31.999116897583008,4356400,0.0,0.0
2016-11-23 00:00:00-05:00,31.725728120095546,32.40916274507829,31.473937716090653,32.40196990966797,2920700,0.0,0.0
2016-11-25 00:00:00-05:00,32.04228370192993,32.236523286336826,31.344460314724916,31.81926727294922,1962400,0.0,0.0
2016-11-28 00:00:00-05:00,32.26529559403438,32.35881896154795,30.61066554331917,30.682607650756836,5810300,0.0,0.0
2016-11-29 00:00:00-05:00,29.668240700272037,30.509942588787517,29.085522108315807,30.33009147644043,7671900,0.0,0.0
2016-11-30 00:00:00-05:00,33.610587377009004,35.042201146972864,33.459510309210295,34.768829345703125,17514200,0.0,0.0
2016-12-01 00:00:00-05:00,35.61772311783588,35.675276807272915,34.20769065835998,34.42351150512695,7155000,0.0,0.0
2016-12-02 00:00:00-05:00,33.98467697256886,35.09975363445734,33.98467697256886,34.42351150512695,4454200,0.0,0.0
2016-12-05 00:00:00-05:00,34.84075990920715,35.186073737458315,34.272429699574666,34.3443717956543,4282100,0.0,0.0
2016-12-06 00:00:00-05:00,33.74727879361379,34.50265327882856,32.93435060758076,34.03504180908203,5334800,0.0,0.0
2016-12-07 00:00:00-05:00,33.91993097388031,34.63214005376593,33.76166106976751,34.20769119262695,4936700,0.0,0.0
2016-12-08 00:00:00-05:00,34.6033551086099,34.826371489991224,33.67532539582068,34.3443717956543,4987300,0.0,0.0
2016-12-09 00:00:00-05:00,34.73286145259325,34.88393854012291,34.34438496207652,34.581787109375,3675200,0.0,0.0
2016-12-12 00:00:00-05:00,36.22922374149995,36.4666258825636,34.49545839935008,34.61775588989258,7603100,0.0,0.0
2016-12-13 00:00:00-05:00,35.11476201204191,35.12196383114259,34.19277529387342,34.71139144897461,4485200,0.06,0.0
2016-12-14 00:00:00-05:00,34.21437052911927,35.21559061654414,33.72456458383089,33.86862564086914,5678900,0.0,0.0
2016-12-15 00:00:00-05:00,33.638138766956075,34.3800497156017,33.436452129739635,34.23598861694336,4984000,0.0,0.0
2016-12-16 00:00:00-05:00,34.48810402995034,34.49530585003116,33.875844909054344,34.127952575683594,4847600,0.0,0.0
2016-12-19 00:00:00-05:00,33.99828588208527,34.24318889481386,33.66694732008087,33.88303756713867,3657500,0.0,0.0
2016-12-20 00:00:00-05:00,33.933458336817445,34.272001462148644,33.494073279958634,33.60932159423828,3371400,0.0,0.0
2016-12-21 00:00:00-05:00,33.919063913404344,33.99829767260881,33.285196587506185,33.54450607299805,2788200,0.0,0.0
2016-12-22 00:00:00-05:00,33.5012870467549,34.30802828219861,33.40764964707285,33.78220748901367,4874500,0.0,0.0
2016-12-23 00:00:00-05:00,33.65974470686203,33.998287853785925,33.36442071095078,33.52288818359375,2727100,0.0,0.0
2016-12-27 00:00:00-05:00,33.64533160889961,33.875828206162154,33.57330245265614,33.73897171020508,1792100,0.0,0.0
2016-12-28 00:00:00-05:00,33.86142379321726,33.99828304486408,33.17713852592856,33.306793212890625,2392300,0.0,0.0
2016-12-29 00:00:00-05:00,33.13393024143339,33.28519317655691,32.86741896320568,33.09791564941406,2111800,0.0,0.0
2016-12-30 00:00:00-05:00,33.097907774134846,33.60932200324079,32.780972845206534,32.89622116088867,2871800,0.0,0.0
2017-01-03 00:00:00-05:00,33.72457733569589,34.257602623962974,32.86021341437106,33.91185760498047,5828600,0.0,0.0
2017-01-04 00:00:00-05:00,33.81100785448768,34.23598655872537,33.48687383666402,34.214378356933594,3706200,0.0,0.0
2017-01-05 00:00:00-05:00,34.380053367138295,35.61897510035534,34.33683420862937,35.302040100097656,7513000,0.0,0.0
2017-01-06 00:00:00-05:00,35.31643830173455,35.47490576513879,34.88425780775135,35.05712890625,3193900,0.0,0.0
2017-01-09 00:00:00-05:00,34.624946123820926,34.7041798502863,33.50127306689965,33.55169677734375,5736100,0.0,0.0
2017-01-10 00:00:00-05:00,33.832612209416396,34.01988966649372,33.458054547525535,33.63813018798828,4642700,0.0,0.0
2017-01-11 00:00:00-05:00,33.465266682405804,34.185569466346024,33.31400375723525,34.14235305786133,3997600,0.0,0.0
2017-01-12 00:00:00-05:00,34.3440257255783,34.43046126201526,33.16272998590725,33.46525573730469,4433600,0.0,0.0
2017-01-13 00:00:00-05:00,33.2059615579695,33.66695770772883,33.08351138769255,33.429256439208984,3081600,0.0,0.0
2017-01-17 00:00:00-05:00,33.54449883565773,33.983883952638145,33.38603135143871,33.479671478271484,3376800,0.0,0.0
2017-01-18 00:00:00-05:00,33.126726802430014,33.43645447684223,32.79538542793594,33.39323806762695,3653500,0.0,0.0
2017-01-19 00:00:00-05:00,33.48687939948878,33.609329560299216,33.03308785232058,33.19875717163086,2602700,0.0,0.0
2017-01-20 00:00:00-05:00,33.70296747810398,33.818215812113785,33.141129445536265,33.321205139160156,3571300,0.0,0.0
2017-01-23 00:00:00-05:00,32.982657059741946,33.20594910953502,32.50005288385217,32.867408752441406,4985300,0.0,0.0
2017-01-24 00:00:00-05:00,33.19154202838152,33.774985321364035,33.05468278860648,33.558895111083984,3185600,0.0,0.0
2017-01-25 00:00:00-05:00,33.58770859934853,33.87582797005045,33.23475914164869,33.46525573730469,4992600,0.0,0.0
2017-01-26 00:00:00-05:00,33.71736962161425,34.44487412332905,33.616524937772226,33.96227264404297,3018000,0.0,0.0
2017-01-27 00:00:00-05:00,33.695755409004235,33.77498913619466,33.321197719936286,33.594913482666016,2726400,0.0,0.0
2017-01-30 00:00:00-05:00,33.501273632022034,33.501273632022034,31.995841046994443,32.46403884887695,4126000,0.0,0.0
2017-01-31 00:00:00-05:00,32.550474222905855,32.81698816915556,32.11109193531125,32.802581787109375,3493600,0.0,0.0
2017-02-01 00:00:00-05:00,33.11951394891608,33.27077683879634,32.29836940643875,32.802581787109375,3566600,0.0,0.0
2017-02-02 00:00:00-05:00,32.80259454989154,33.11952683500976,32.30558379299963,32.88182830810547,3269900,0.0,0.0
2017-02-03 00:00:00-05:00,32.83139915473543,33.97667783676234,32.80258638660301,33.702964782714844,3824700,0.0,0.0
2017-02-06 00:00:00-05:00,33.616526872642595,33.767792533243714,32.55047916886977,32.60810470581055,3629400,0.0,0.0
2017-02-07 00:00:00-05:00,32.32718605165216,32.66572645330424,31.59967878352768,31.794160842895508,3854600,0.0,0.0
2017-02-08 00:00:00-05:00,31.39799101125936,32.21913555045932,31.05944790386638,31.736534118652344,4356100,0.0,0.0
2017-02-09 00:00:00-05:00,32.15430966532899,32.36319809204472,31.89500027323173,32.233543395996094,2915000,0.0,0.0
2017-02-10 00:00:00-05:00,32.42802860838764,33.09070578828265,32.413622224337296,32.708946228027344,3445000,0.0,0.0
2017-02-13 00:00:00-05:00,32.46403462254502,32.88901322273613,32.197523457327705,32.60089111328125,3261700,0.0,0.0
2017-02-14 00:00:00-05:00,32.90342458082182,33.12671938681761,32.17591738086756,33.090702056884766,3360600,0.0,0.0
2017-02-15 00:00:00-05:00,33.350022150618265,34.03431042295532,31.563671372432907,31.85899543762207,9506800,0.0,0.0
2017-02-16 00:00:00-05:00,32.01025671691808,32.57929661102447,31.714932667072787,31.772558212280273,6199400,0.0,0.0
2017-02-17 00:00:00-05:00,31.606885393985262,31.88780302644401,31.412403322036067,31.815771102905273,3362900,0.0,0.0
2017-02-21 00:00:00-05:00,32.096681621909994,32.860200542683145,31.9526205668299,32.45683288574219,4971900,0.0,0.0
2017-02-22 00:00:00-05:00,32.05347395497036,32.39201714343355,31.48443409496455,31.520448684692383,4805800,0.0,0.0
2017-02-23 00:00:00-05:00,32.30557324522449,32.377605159963025,31.325963934409643,31.686115264892578,4982400,0.0,0.0
2017-02-24 00:00:00-05:00,31.333160798707226,31.61407835243716,30.656077393621327,30.836153030395508,4574400,0.0,0.0
2017-02-27 00:00:00-05:00,31.023439077373155,31.29715489045746,30.7065068580429,31.016237258911133,7623600,0.0,0.0
2017-02-28 00:00:00-05:00,30.936998722434023,31.57806762793866,30.872171375375324,31.232322692871094,5194200,0.0,0.0
2017-03-01 00:00:00-05:00,31.657307690450253,32.247955749483175,31.383591865030567,32.14711380004883,4669400,0.0,0.0
2017-03-02 00:00:00-05:00,31.686105834993175,31.801354116539947,31.217908145608046,31.311548233032227,4393000,0.0,0.0
2017-03-03 00:00:00-05:00,31.47721852109261,31.686106897065194,31.109862722280706,31.22511100769043,2677300,0.0,0.0
2017-03-06 00:00:00-05:00,31.22512010913824,31.693317950686225,30.908187918816576,31.65009880065918,5376700,0.0,0.0
2017-03-07 00:00:00-05:00,31.887800900671927,31.931020051914,31.196310967219194,31.376386642456055,2843100,0.0,0.0
2017-03-08 00:00:00-05:00,31.009028457795797,31.160291354472406,29.157850871601436,29.330724716186523,7773200,0.0,0.0
2017-03-09 00:00:00-05:00,29.006595485091065,29.561228997576656,28.437555586182015,29.36674690246582,8696700,0.0,0.0
2017-03-10 00:00:00-05:00,29.734094926101516,29.770112259714114,28.704061833179633,28.999385833740234,5036000,0.0,0.0
2017-03-13 00:00:00-04:00,28.89118043466997,29.70633812186605,28.89118043466997,29.54763412475586,4366700,0.06,0.0
2017-03-14 00:00:00-04:00,29.071524159900836,29.085952045808856,27.910105486764788,28.869539260864258,5860400,0.0,0.0
2017-03-15 00:00:00-04:00,29.201368418817594,29.771257451584187,28.95609989533814,29.663049697875977,3497700,0.0,0.0
2017-03-16 00:00:00-04:00,29.655833280864332,29.67747372806086,29.223005074073846,29.374496459960938,2900200,0.0,0.0
2017-03-17 00:00:00-04:00,29.511554991128914,29.71353982132909,29.208577745828652,29.244646072387695,5180900,0.0,0.0
2017-03-20 00:00:00-04:00,28.869529422132427,29.345638487487783,28.746893809627373,29.244646072387695,3295900,0.0,0.0
2017-03-21 00:00:00-04:00,29.273514920709633,29.446644066322914,28.50163807773674,28.710838317871094,3960500,0.0,0.0
2017-03-22 00:00:00-04:00,28.436708496921057,28.97052922232054,28.126518607971,28.378999710083008,4561800,0.0,0.0
2017-03-23 00:00:00-04:00,28.263580189092707,28.62426906056981,28.0760204348955,28.19865608215332,4051900,0.0,0.0
2017-03-24 00:00:00-04:00,28.285220944470936,28.465565382145712,27.888463731953973,27.989456176757812,4148600,0.0,0.0
2017-03-27 00:00:00-04:00,27.59269433247656,28.155368002982275,27.426777807887373,28.047163009643555,4048000,0.0,0.0
2017-03-28 00:00:00-04:00,28.314082691412455,28.718055307735163,28.01831786126996,28.580991744995117,4889600,0.0,0.0
2017-03-29 00:00:00-04:00,28.638702360433115,29.771265410860433,28.552137785426208,29.735197067260742,5821400,0.0,0.0
2017-03-30 00:00:00-04:00,30.095883947096702,30.30508142639221,29.663055598009578,29.901111602783203,6667200,0.0,0.0
2017-03-31 00:00:00-04:00,29.72076940020171,30.26180281373024,29.62698950467539,30.09588623046875,4806900,0.0,0.0
2017-04-03 00:00:00-04:00,30.081452467028342,30.52870589767277,29.76404449857809,30.31950569152832,4297400,0.0,0.0
2017-04-04 00:00:00-04:00,30.341151621460302,30.67298475298703,29.944391625245782,30.651344299316406,3850600,0.0,0.0
2017-04-05 00:00:00-04:00,30.983171311172644,31.394356360726675,29.893889494269054,29.951601028442383,5680800,0.0,0.0
2017-04-06 00:00:00-04:00,30.240153501734046,31.134663109013143,30.117520606970984,30.93267822265625,6989800,0.0,0.0
2017-04-07 00:00:00-04:00,30.882182678662403,31.09138013619167,30.65134201723595,30.687410354614258,3710100,0.0,0.0
2017-04-10 00:00:00-04:00,30.93988915540745,31.17794511761802,30.831684151360637,31.062524795532227,3184500,0.0,0.0
2017-04-11 00:00:00-04:00,30.918247876699933,31.012027745831613,30.2617942964531,30.6729793548584,7316600,0.0,0.0
2017-04-12 00:00:00-04:00,30.672986826447012,30.99760741264018,30.095885090902573,30.204090118408203,3899900,0.0,0.0
2017-04-13 00:00:00-04:00,30.29787576268136,30.543144390833756,29.19416831191491,29.324016571044922,4507500,0.0,0.0
2017-04-17 00:00:00-04:00,29.302365188357165,29.59812997348644,28.804615501726303,29.583702087402344,4373800,0.0,0.0
2017-04-18 00:00:00-04:00,29.309589097559677,29.75684268989908,29.042677254532475,29.237449645996094,4158700,0.0,0.0
2017-04-19 00:00:00-04:00,29.31679203395456,29.46106813783712,28.198657044580845,28.314077377319336,4839900,0.0,0.0
2017-04-20 00:00:00-04:00,28.46557238634974,28.811833461665366,28.37900780548044,28.638704299926758,3502200,0.0,0.0
2017-04-21 00:00:00-04:00,28.4511391352781,28.76133180608827,28.097665558109792,28.66033935546875,4301300,0.0,0.0
2017-04-24 00:00:00-04:00,28.912827203038304,29.05710057982196,28.559350825506503,28.72526741027832,3609500,0.0,0.0
2017-04-25 00:00:00-04:00,28.718049796042965,29.345647680657294,28.609842030630453,29.280723571777344,3726800,0.0,0.0
2017-04-26 00:00:00-04:00,28.956103027377594,29.785688557306088,28.92003468951935,29.280723571777344,4127100,0.0,0.0
2017-04-27 00:00:00-04:00,28.963319649005776,29.07873998644716,28.17701774023699,28.386215209960938,5109800,0.0,0.0
2017-04-28 00:00:00-04:00,28.60262773800469,28.869536724256605,28.31407554887348,28.487207412719727,3662100,0.0,0.0
2017-05-01 00:00:00-04:00,28.472783086903775,28.63869965324903,28.256367542086693,28.357362747192383,2950600,0.0,0.0
2017-05-02 00:00:00-04:00,28.35013888492382,28.65311890526392,27.700900701630115,28.0255184173584,5262900,0.0,0.0
2017-05-03 00:00:00-04:00,28.13373327859304,28.234725726991375,27.123803290934056,27.534988403320312,7651000,0.0,0.0
2017-05-04 00:00:00-04:00,27.246431224420363,27.246431224420363,26.373565022748945,26.676542282104492,7536100,0.0,0.0
2017-05-05 00:00:00-04:00,26.835253068373735,27.462850945457696,26.633265425483156,27.426782608032227,4874000,0.0,0.0
2017-05-08 00:00:00-04:00,27.36185067521655,27.715324133475594,27.116582198290356,27.527767181396484,4135700,0.0,0.0
2017-05-09 00:00:00-04:00,27.571061913127785,27.628770709346323,27.13102099062937,27.333005905151367,3550400,0.0,0.0
2017-05-10 00:00:00-04:00,27.729757628287462,28.213082115296455,27.54941320438691,27.801897048950195,5631500,0.0,0.0
2017-05-11 00:00:00-04:00,27.938959304855196,28.025523862412143,27.318574013382104,27.376285552978516,3640900,0.0,0.0
2017-05-12 00:00:00-04:00,27.296937240719945,27.47728169850699,27.080524441743105,27.311365127563477,3000900,0.0,0.0
2017-05-15 00:00:00-04:00,27.95338004571439,28.104868670682553,27.239215060834972,27.527767181396484,4222800,0.0,0.0
2017-05-16 00:00:00-04:00,27.542206464299756,27.657626809937714,27.159877085343663,27.354646682739258,3761500,0.0,0.0
2017-05-17 00:00:00-04:00,27.35464560155061,27.51334960246934,26.86411121585617,26.94346046447754,4631300,0.0,0.0
2017-05-18 00:00:00-04:00,26.690975935980905,27.05166479998065,26.517844070452465,26.618839263916016,5053700,0.0,0.0
2017-05-19 00:00:00-04:00,26.80639326302517,27.765826854795716,26.777537496692823,27.693687438964844,4251500,0.0,0.0
2017-05-22 00:00:00-04:00,27.874037785214636,27.982245556079885,27.31857654832634,27.470067977905273,3904800,0.0,0.0
2017-05-23 00:00:00-04:00,27.41956389403116,27.549412094153716,27.123799160826987,27.282503128051758,3212400,0.0,0.0
2017-05-24 00:00:00-04:00,27.145446502415044,27.325790946554697,26.510633288528876,26.784757614135742,5043400,0.0,0.0
2017-05-25 00:00:00-04:00,26.690978075366164,27.23922398178124,25.666622940382936,25.77482795715332,5323300,0.0,0.0
2017-05-26 00:00:00-04:00,25.688269210425954,25.890254155606716,25.40693225054175,25.839757919311523,3719600,0.0,0.0
2017-05-30 00:00:00-04:00,25.52233947734645,25.58726356943279,24.743250372310367,24.880313873291016,5530200,0.0,0.0
2017-05-31 00:00:00-04:00,24.404209923866496,24.865891230717313,24.079589395037747,24.512414932250977,9029700,0.0,0.0
2017-06-01 00:00:00-04:00,24.60619641076271,25.118373971929156,24.425851966534708,24.721616744995117,4213000,0.0,0.0
2017-06-02 00:00:00-04:00,24.461919994071287,24.50520365079744,23.71168645517812,23.899246215820312,6472800,0.0,0.0
2017-06-05 00:00:00-04:00,23.77661526093979,24.02909918062542,23.58184289495545,23.84153938293457,5085400,0.0,0.0
2017-06-06 00:00:00-04:00,23.79824885430457,24.461914942698737,23.63954489758543,24.454702377319336,7250800,0.0,0.0
2017-06-07 00:00:00-04:00,24.274359206515474,24.454703620377142,22.954236776166127,23.02637481689453,8373900,0.0,0.0
2017-06-08 00:00:00-04:00,23.02637919439671,23.257221243796295,22.694544694329085,22.7161865234375,6004600,0.0,0.0
2017-06-09 00:00:00-04:00,22.773894152320107,23.646760523576432,22.636832001754996,23.502487182617188,6913600,0.0,0.0
2017-06-12 00:00:00-04:00,23.848749842288537,24.231079176200215,23.516913979816554,23.60348129272461,5624500,0.0,0.0
2017-06-13 00:00:00-04:00,23.639613180285547,24.21054918083111,23.545663780367676,24.203323364257812,4478000,0.06,0.0
2017-06-14 00:00:00-04:00,24.066006050572163,24.066006050572163,22.945817105463526,23.263805389404297,7083700,0.0,0.0
2017-06-15 00:00:00-04:00,23.10481645128784,23.422806185295222,22.606152329794025,22.757919311523438,5194300,0.0,0.0
2017-06-16 00:00:00-04:00,22.93858859599112,22.96027017801762,22.59169155424501,22.95304298400879,6384800,0.0,0.0
2017-06-19 00:00:00-04:00,22.996407006911465,23.061450380872653,22.562784973319044,22.635055541992188,4684800,0.0,0.0
2017-06-20 00:00:00-04:00,22.194213189956958,22.68565155505733,21.962948401308992,22.51943016052246,5585100,0.0,0.0
2017-06-21 00:00:00-04:00,22.490514332373014,22.729006228698292,21.623270321128537,21.789491653442383,6774500,0.0,0.0
2017-06-22 00:00:00-04:00,21.905128611752794,22.172529341303154,21.60159328181976,21.688318252563477,5805400,0.0,0.0
2017-06-23 00:00:00-04:00,21.746134687991365,22.13639361466758,21.702772891348822,22.02798843383789,4161300,0.0,0.0
2017-06-26 00:00:00-04:00,22.18698017099786,22.533877241389522,21.88344488979355,22.201433181762695,5088600,0.0,0.0
2017-06-27 00:00:00-04:00,22.20143752269077,22.40379487587497,21.847313188453448,21.934038162231445,9619000,0.0,0.0
2017-06-28 00:00:00-04:00,21.95571747124062,22.382112369728226,21.796723300690545,22.078577041625977,7398100,0.0,0.0
2017-06-29 00:00:00-04:00,22.33152376664745,23.299947333581216,22.252027369212637,22.98918342590332,7410100,0.0,0.0
2017-06-30 00:00:00-04:00,23.321632033312845,23.386675430022557,22.729015644132772,23.104820251464844,6659700,0.0,0.0
2017-07-03 00:00:00-04:00,23.220451170972204,23.907019661320405,23.177087992871414,23.69020652770996,2651900,0.0,0.0
2017-07-05 00:00:00-04:00,23.451712065576064,23.473392272597586,22.411019396700578,22.476062774658203,7234900,0.0,0.0
2017-07-06 00:00:00-04:00,22.51942489426829,22.700100640453655,21.73167853062437,21.811176300048828,7081400,0.0,0.0
2017-07-07 00:00:00-04:00,21.543778765668993,21.644958135794695,20.80662266016317,21.348649978637695,7366500,0.0,0.0
2017-07-10 00:00:00-04:00,21.233011794393487,21.717222819872042,21.20410439355337,21.485958099365234,7655000,0.0,0.0
2017-07-11 00:00:00-04:00,21.861762037115767,22.345973020017837,21.572681161901027,22.064119338989258,7450900,0.0,0.0
2017-07-12 00:00:00-04:00,22.41824784203433,22.837415535332962,22.13639272901782,22.2664794921875,5668700,0.0,0.0
2017-07-13 00:00:00-04:00,22.259255585117987,22.60615413096868,22.186986375743952,22.548337936401367,4550400,0.0,0.0
2017-07-14 00:00:00-04:00,22.62783127680606,23.032545962393723,22.519426098984823,22.873550415039062,4846100,0.0,0.0
2017-07-17 00:00:00-04:00,22.85187033685758,23.133722698042785,22.591696805845654,22.656740188598633,5803500,0.0,0.0
2017-07-18 00:00:00-04:00,22.859097823983692,22.895233805067697,22.46883887740356,22.663969039916992,4574900,0.0,0.0
2017-07-19 00:00:00-04:00,22.61337828440547,23.59625483822624,22.5627879148263,23.48784828186035,5498500,0.0,0.0
2017-07-20 00:00:00-04:00,23.639616022679636,23.711887981567504,23.097588737040674,23.11927032470703,4954600,0.0,0.0
2017-07-21 00:00:00-04:00,23.083136478994042,23.191541663979535,22.75791954559084,23.09758949279785,3774900,0.0,0.0
2017-07-24 00:00:00-04:00,23.039770889029334,23.30717160386929,22.794053138740782,22.9385929107666,4171200,0.0,0.0
2017-07-25 00:00:00-04:00,23.37944360084537,24.1455098602766,23.299948577612817,23.834747314453125,5465300,0.0,0.0
2017-07-26 00:00:00-04:00,24.102143106205382,24.44904296016639,23.69020263113138,23.84197235107422,6258300,0.0,0.0
2017-07-27 00:00:00-04:00,23.805831270259763,24.188865661621094,23.740787902435585,24.188865661621094,3591200,0.0,0.0
2017-07-28 00:00:00-04:00,24.11659940057553,24.673081065919636,23.91424343386614,24.000967025756836,4323600,0.0,0.0
2017-07-31 00:00:00-04:00,23.863653837227826,24.362317924074446,23.79138188173999,24.073238372802734,3790700,0.0,0.0
2017-08-01 00:00:00-04:00,24.029877477427874,24.282822453380252,23.574573763820123,23.834747314453125,4659300,0.0,0.0
2017-08-02 00:00:00-04:00,23.646838879786635,24.36954175257334,23.162626521435353,24.138277053833008,5605500,0.0,0.0
2017-08-03 00:00:00-04:00,24.253910248553968,24.774254460409566,23.29994264377715,23.321622848510742,6413900,0.0,0.0
2017-08-04 00:00:00-04:00,23.372215562020997,24.40568109166323,23.32885238873843,24.326183319091797,7148400,0.0,0.0
2017-08-07 00:00:00-04:00,24.20332918361672,24.23223521375297,23.350539264489875,23.41558265686035,4379800,0.0,0.0
2017-08-08 00:00:00-04:00,23.32884863403752,23.76969784233083,23.13371852101133,23.227670669555664,6161400,0.0,0.0
2017-08-09 00:00:00-04:00,23.401125087294268,23.68297883034798,22.96750298982549,23.184314727783203,4297900,0.0,0.0
2017-08-10 00:00:00-04:00,23.364984771834397,23.58902089387666,22.916907013964625,22.95304298400879,4010000,0.0,0.0
2017-08-11 00:00:00-04:00,22.794061261395946,23.119276898179443,22.70010906657509,22.844650268554688,3588200,0.0,0.0
2017-08-14 00:00:00-04:00,22.916907527409375,23.010859673182853,22.43992373971025,22.454378128051758,3093500,0.0,0.0
2017-08-15 00:00:00-04:00,22.382112383389906,22.396566774843272,22.100258642282434,22.345977783203125,4004900,0.0,0.0
2017-08-16 00:00:00-04:00,22.483290320148626,22.786825629198386,22.04244105788797,22.15807342529297,3843000,0.0,0.0
2017-08-17 00:00:00-04:00,22.042441034614647,22.562786687387746,21.803949104787826,21.811176300048828,3800900,0.0,0.0
2017-08-18 00:00:00-04:00,21.796724312037608,22.22311923030953,21.529324950139646,21.970172882080078,4204200,0.0,0.0
2017-08-21 00:00:00-04:00,21.91958020872,22.013530984804987,21.738904472948008,21.926807403564453,2922900,0.0,0.0
2017-08-22 00:00:00-04:00,21.99908166631051,22.129168438454037,21.76781690625388,21.970172882080078,3931000,0.0,0.0
2017-08-23 00:00:00-04:00,21.919579020471588,22.671190702192913,21.796719471668926,22.38933563232422,3320000,0.0,0.0
2017-08-24 00:00:00-04:00,22.230345041862822,22.613378138380526,22.165301659841955,22.49051856994629,3820900,0.0,0.0
2017-08-25 00:00:00-04:00,22.58447355463556,22.880781737396628,22.476068357262683,22.51943016052246,3246900,0.0,0.0
2017-08-28 00:00:00-04:00,22.5989200086955,22.5989200086955,22.02075686175895,22.353200912475586,2967000,0.0,0.0
2017-08-29 00:00:00-04:00,22.107487341841342,22.490520470731063,21.85454098798763,22.396568298339844,3438400,0.0,0.0
2017-08-30 00:00:00-04:00,22.22311668723104,22.548333580374013,22.049668137036967,22.3748836517334,3213600,0.0,0.0
2017-08-31 00:00:00-04:00,22.591693127473185,22.98195198200262,22.432698983545844,22.69287109375,5333100,0.0,0.0
2017-09-01 00:00:00-04:00,22.77237157887354,23.379440827595946,22.504970863725497,23.20599365234375,3821000,0.0,0.0
2017-09-05 00:00:00-04:00,23.379436480522486,23.63238413633188,22.938588672091623,23.220443725585938,3836800,0.0,0.0
2017-09-06 00:00:00-04:00,23.42279746587409,23.91423558681986,23.364982675882317,23.61792755126953,3810700,0.0,0.0
2017-09-07 00:00:00-04:00,23.46616946686014,23.654071051240347,23.191541529479764,23.40835189819336,2903300,0.0,0.0
2017-09-08 00:00:00-04:00,23.32885257577731,23.32885257577731,22.411020789083274,22.74346351623535,4439900,0.0,0.0
2017-09-11 00:00:00-04:00,22.859096657532415,23.126497390122235,22.743464280857538,22.98918342590332,3862700,0.0,0.0
2017-09-12 00:00:00-04:00,23.046997457789722,23.516755494829802,22.989181274862002,23.249353408813477,3619500,0.0,0.0
2017-09-13 00:00:00-04:00,23.372210510591263,24.225000102582754,23.364984695052485,24.217771530151367,6000400,0.0,0.0
2017-09-14 00:00:00-04:00,24.362575477262506,25.050372544282546,24.362575477262506,24.543575286865234,5577000,0.06,0.0
2017-09-15 00:00:00-04:00,24.572531287825132,24.78249171383074,24.072972845591718,24.362573623657227,4709400,0.0,0.0
2017-09-18 00:00:00-04:00,24.246738018625113,24.608737672304066,23.978856286379198,24.594257354736328,4305800,0.0,0.0
2017-09-19 00:00:00-04:00,24.579773431033864,24.630453154166567,24.326372053532577,24.449453353881836,3605000,0.0,0.0
2017-09-20 00:00:00-04:00,24.615975108361898,25.296533425919623,24.615975108361898,25.260334014892578,5017200,0.0,0.0
2017-09-21 00:00:00-04:00,25.1807005004018,25.817820802701345,25.072102237791768,25.593379974365234,4761100,0.0,0.0
2017-09-22 00:00:00-04:00,25.50650206017497,25.926423095966236,25.448583536316228,25.904701232910156,4734900,0.0,0.0
2017-09-25 00:00:00-04:00,26.121896253497468,26.693853605525234,26.0856940787722,26.549053192138672,4337300,0.0,0.0
2017-09-26 00:00:00-04:00,26.411500556196273,26.816941257066404,26.223261907622998,26.737300872802734,4578800,0.0,0.0
2017-09-27 00:00:00-04:00,26.773495728470046,26.92553492967906,26.520097059788355,26.911054611206055,4638800,0.0,0.0
2017-09-28 00:00:00-04:00,26.94001537838296,27.113776439060633,26.411496179835982,26.49113655090332,5216500,0.0,0.0
2017-09-29 00:00:00-04:00,26.433217751329117,26.59249850837517,26.158099958771455,26.578018188476562,5507900,0.0,0.0
2017-10-02 00:00:00-04:00,26.07845675475612,26.520096797378592,25.55717634223933,26.498374938964844,4673200,0.0,0.0
2017-10-03 00:00:00-04:00,26.389770558382498,26.570770352662436,26.223251079065477,26.447689056396484,3003100,0.0,0.0
2017-10-04 00:00:00-04:00,26.47666065470568,26.592500460559837,25.890220084034656,25.962621688842773,4379300,0.0,0.0
2017-10-05 00:00:00-04:00,26.201542993764278,26.476663598951298,26.14362446531598,26.3173828125,3354000,0.0,0.0
2017-10-06 00:00:00-04:00,26.006060721042143,26.179821816296194,25.810583286409837,25.904701232910156,3174100,0.0,0.0
2017-10-09 00:00:00-04:00,25.991580301210742,26.06397913852676,25.738178846927457,25.984338760375977,3068700,0.0,0.0
2017-10-10 00:00:00-04:00,26.454938530959527,26.672137796885078,26.006056917963075,26.06397819519043,4089200,0.0,0.0
2017-10-11 00:00:00-04:00,26.165336845839317,26.23773844009714,25.817817478917036,26.121898651123047,3415000,0.0,0.0
2017-10-12 00:00:00-04:00,25.767143518235446,25.911943977362245,25.629584601076463,25.78162384033203,3233500,0.0,0.0
2017-10-13 00:00:00-04:00,26.136383461851636,26.317383354972048,25.95538356873123,25.969863891601562,2461700,0.0,0.0
2017-10-16 00:00:00-04:00,26.114660250764445,26.360820177162083,25.89021942433641,25.955379486083984,3568400,0.0,0.0
2017-10-17 00:00:00-04:00,25.962614713858628,26.01329444268954,25.477533758399527,25.868494033813477,3160800,0.0,0.0
2017-10-18 00:00:00-04:00,25.861263520378888,26.16534199053515,25.405143053305522,25.499263763427734,3553700,0.0,0.0
2017-10-19 00:00:00-04:00,25.361696206225382,25.67301614594795,25.158977273136575,25.30377769470215,2892600,0.0,0.0
2017-10-20 00:00:00-04:00,25.376172423347448,25.426852148428953,25.072094072858437,25.28929328918457,2923100,0.0,0.0
2017-10-23 00:00:00-04:00,25.339980887982218,25.586140812796167,25.072101863338396,25.08658218383789,3352900,0.0,0.0
2017-10-24 00:00:00-04:00,25.245859266275257,25.52097982206912,25.11553914836441,25.224140167236328,4247900,0.0,0.0
2017-10-25 00:00:00-04:00,25.057614674591285,25.3110133092795,24.74629477378121,24.869373321533203,3647600,0.0,0.0
2017-10-26 00:00:00-04:00,24.905581828745564,25.33274160861347,24.594261848748346,25.27482032775879,5216600,0.0,0.0
2017-10-27 00:00:00-04:00,25.02141766944275,25.98433533565928,24.95625761971094,25.977096557617188,4530100,0.0,0.0
2017-10-30 00:00:00-04:00,26.092938833804105,26.462177309693693,25.897458665919554,26.06397819519043,8143300,0.0,0.0
2017-10-31 00:00:00-04:00,26.013295943503415,26.816935635384663,25.69473723506758,26.715576171875,6139000,0.0,0.0
2017-11-01 00:00:00-04:00,27.330982636881053,28.482142016033844,27.215142820946642,28.293903350830078,9303000,0.0,0.0
2017-11-02 00:00:00-04:00,28.2866600196136,28.72830015300365,27.86674174910166,28.11290168762207,9585700,0.0,0.0
2017-11-03 00:00:00-04:00,28.192536385545267,28.63417647309128,27.845016995797245,28.43145751953125,6359200,0.0,0.0
2017-11-06 00:00:00-05:00,28.721053875021415,29.640533412514472,28.619694404435137,29.58261489868164,9214600,0.0,0.0
2017-11-07 00:00:00-05:00,29.582615267198857,30.024255333259333,29.575373726730522,29.87221336364746,10660600,0.0,0.0
2017-11-08 00:00:00-05:00,29.626051890388943,29.778093851931892,29.039614188145876,29.148212432861328,6517100,0.0,0.0
2017-11-09 00:00:00-05:00,29.046848370042383,29.70568755967991,29.0106489608654,29.546409606933594,6213400,0.0,0.0
2017-11-10 00:00:00-05:00,29.683972767913573,29.698453086050225,28.967212210259984,29.256813049316406,4439500,0.0,0.0
2017-11-13 00:00:00-05:00,28.728302125601825,29.372661277839192,28.634181411571028,28.70658302307129,4681300,0.0,0.0
2017-11-14 00:00:00-05:00,28.518334560473207,28.71381472054675,27.635054450919796,27.678495407104492,4205900,0.0,0.0
2017-11-15 00:00:00-05:00,27.403378343736353,27.56265910807069,27.063100476984012,27.446819305419922,4694600,0.0,0.0
2017-11-16 00:00:00-05:00,27.461288143121585,27.75812768590649,27.302007445390014,27.6278076171875,4645600,0.0,0.0
2017-11-17 00:00:00-05:00,27.8160501806202,28.207010442977282,27.736412582144194,28.004291534423828,3254100,0.0,0.0
2017-11-20 00:00:00-05:00,27.758131696014054,27.77985078999236,27.041371214512036,27.08481216430664,5144000,0.0,0.0
2017-11-21 00:00:00-05:00,27.345457048218805,27.45405529864868,26.9038169823573,27.186176300048828,3585000,0.0,0.0
2017-11-22 00:00:00-05:00,27.468537580117797,27.642298659793102,27.280298942154992,27.50473976135254,2562800,0.0,0.0
2017-11-24 00:00:00-05:00,27.64229623143363,27.87397580942201,27.51197612358536,27.533695220947266,1526100,0.0,0.0
2017-11-27 00:00:00-05:00,27.388892801021267,27.388892801021267,26.628691383274255,26.63593292236328,4591200,0.0,0.0
2017-11-28 00:00:00-05:00,26.592495890315025,27.03413593730741,26.476656104369347,26.911054611206055,2845600,0.0,0.0
2017-11-29 00:00:00-05:00,26.845894987958392,27.20789463281109,26.58525480177035,26.86037254333496,5562100,0.0,0.0
2017-11-30 00:00:00-05:00,27.063091566280583,27.96084905077172,27.063091566280583,27.895689010620117,8006100,0.0,0.0
2017-12-01 00:00:00-05:00,28.192533182587148,28.909293741275206,27.982575473898418,28.120134353637695,5809800,0.0,0.0
2017-12-04 00:00:00-05:00,28.02600816812402,28.72104673229733,27.77984833141625,27.97532844543457,5415700,0.0,0.0
2017-12-05 00:00:00-05:00,27.96809010302617,28.23596903595009,27.75089089357873,27.787090301513672,4002300,0.0,0.0
2017-12-06 00:00:00-05:00,27.642296115255135,27.64953489373254,26.650417753546265,26.70109748840332,3670200,0.0,0.0
2017-12-07 00:00:00-05:00,26.67213703499593,27.005176084024423,26.556297245688697,26.896577835083008,2854600,0.0,0.0
2017-12-08 00:00:00-05:00,27.287533704195177,27.82329442263718,27.09205355402735,27.548173904418945,7562200,0.0,0.0
2017-12-11 00:00:00-05:00,27.63505313162122,27.997052797029966,27.519213349163955,27.866735458374023,2961400,0.0,0.0
2017-12-12 00:00:00-05:00,28.033255795844156,28.14909558170143,27.475775963331532,27.808815002441406,3686500,0.0,0.0
2017-12-13 00:00:00-05:00,27.808814536363247,27.888454905650033,27.497494599244877,27.598854064941406,3056700,0.0,0.0
2017-12-14 00:00:00-05:00,27.52634496053552,27.874412223421754,27.490088472646004,27.55535125732422,3799500,0.06,0.0
2017-12-15 00:00:00-05:00,27.82364933592834,27.82364933592834,27.142018038199236,27.32330322265625,8030500,0.0,0.0
2017-12-18 00:00:00-05:00,27.461075571427386,27.72212664735706,27.156517826970795,27.598854064941406,5318400,0.0,0.0
2017-12-19 00:00:00-05:00,27.780138106100363,28.331243759344122,27.5335901850248,28.062942504882812,5487600,0.0,0.0
2017-12-20 00:00:00-05:00,28.331240305994644,28.925855319723063,27.707619007159572,28.889598846435547,5830400,0.0,0.0
2017-12-21 00:00:00-05:00,28.89685772277635,29.962815508309305,28.672065861092616,29.672758102416992,5680700,0.0,0.0
2017-12-22 00:00:00-05:00,29.7887903169247,30.245627104797464,29.59300193661076,30.144107818603516,4245200,0.0,0.0
2017-12-26 00:00:00-05:00,30.24561903043279,30.890993834256395,30.107843288263457,30.876493453979492,3776500,0.0,0.0
2017-12-27 00:00:00-05:00,30.854732983229393,30.854732983229393,30.209358270768252,30.33988380432129,2826100,0.0,0.0
2017-12-28 00:00:00-05:00,30.390651654522223,30.441411290625087,30.01357809619188,30.281879425048828,2224600,0.0,0.0
2017-12-29 00:00:00-05:00,30.484917885879998,30.484917885879998,29.955565468725673,30.020828247070312,2763900,0.0,0.0
2018-01-02 00:00:00-05:00,30.30363118890792,30.63719525441899,30.19485897501886,30.622692108154297,4782500,0.0,0.0
2018-01-03 00:00:00-05:00,30.774968909853524,31.384087180745635,30.702455949634604,30.978010177612305,3908700,0.0,0.0
2018-01-04 00:00:00-05:00,31.094037374626478,31.391344983336005,30.666204204415934,31.347835540771484,4243500,0.0,0.0
2018-01-05 00:00:00-05:00,31.2318045649595,31.376833234224115,30.869234274893852,31.26081085205078,3722200,0.0,0.0
2018-01-08 00:00:00-05:00,31.27531338963611,31.478351862957624,30.869233676801354,31.362329483032227,3596000,0.0,0.0
2018-01-09 00:00:00-05:00,31.44209776919999,31.44209776919999,30.774966959459135,30.847482681274414,5826100,0.0,0.0
2018-01-10 00:00:00-05:00,30.85474430202991,30.94901339222046,30.426911066479526,30.586442947387695,3457100,0.0,0.0
2018-01-11 00:00:00-05:00,30.905499523857422,31.587133633040185,30.637198207579402,31.231813430786133,6856900,0.0,0.0
2018-01-12 00:00:00-05:00,31.239065271763902,32.058472338989034,31.195555830330168,31.935199737548828,7671400,0.0,0.0
2018-01-16 00:00:00-05:00,32.029468797000554,32.21075400259696,31.355090377079215,31.369590759277344,5634900,0.0,0.0
2018-01-17 00:00:00-05:00,31.507365489987297,31.79016993405548,30.934503645432965,31.500112533569336,4341500,0.0,0.0
2018-01-18 00:00:00-05:00,31.34783175047276,31.746658577417723,31.108536760782666,31.326078414916992,2714700,0.0,0.0
2018-01-19 00:00:00-05:00,31.137537929663655,31.20280069758414,30.738711132901564,31.072275161743164,5604300,0.0,0.0
2018-01-22 00:00:00-05:00,31.22454970677028,32.50079571981925,31.173790095047337,32.49354553222656,4840600,0.0,0.0
2018-01-23 00:00:00-05:00,32.55156928989455,32.732854485553304,32.080229440897334,32.283267974853516,4173500,0.0,0.0
2018-01-24 00:00:00-05:00,32.413793537023224,32.65308855687264,31.94970387872763,32.283267974853516,5302100,0.0,0.0
2018-01-25 00:00:00-05:00,32.60957724007014,32.747352973336554,31.826423978491366,31.840927124023438,3633900,0.0,0.0
2018-01-26 00:00:00-05:00,31.927939090914577,32.13098033584295,31.732150800907835,31.80466651916504,2734500,0.0,0.0
2018-01-29 00:00:00-05:00,31.608884493543627,32.20349967013708,31.405845974568013,31.42034912109375,3401000,0.0,0.0
2018-01-30 00:00:00-05:00,31.12304073156138,31.21005961620975,30.028079378565078,30.107845306396484,6403900,0.0,0.0
2018-01-31 00:00:00-05:00,30.1078471653432,30.434161087440845,29.781533243245555,29.999074935913086,4526900,0.0,0.0
2018-02-01 00:00:00-05:00,30.223867503807067,30.709710491756418,30.06433564928399,30.61544418334961,7342200,0.0,0.0
2018-02-02 00:00:00-05:00,30.180357726018443,30.27462679956896,28.969373981808076,29.02738380432129,6009900,0.0,0.0
2018-02-05 00:00:00-05:00,28.548787016382516,29.136151946949852,27.772886731295348,28.026687622070312,8425300,0.0,0.0
2018-02-06 00:00:00-05:00,27.359553891671194,28.44726476724557,26.996983599813067,27.830896377563477,8520400,0.0,0.0
2018-02-07 00:00:00-05:00,27.82364482523455,28.222471613144783,26.64166760585229,26.65616798400879,8469500,0.0,0.0
2018-02-08 00:00:00-05:00,26.743191038517697,27.113011595650963,25.30015976105336,25.336416244506836,7717800,0.0,0.0
2018-02-09 00:00:00-05:00,25.58296776324293,25.58296776324293,23.704852890706906,25.147884368896484,11522700,0.0,0.0
2018-02-12 00:00:00-05:00,25.59747218841365,26.184837289646445,25.416186970696568,25.945539474487305,6551600,0.0,0.0
2018-02-13 00:00:00-05:00,25.648225323358577,25.662728469040907,24.944840738014857,25.068113327026367,4890000,0.0,0.0
2018-02-14 00:00:00-05:00,24.67654148718876,25.960041084459412,24.502509237568212,25.786008834838867,6463500,0.0,0.0
2018-02-15 00:00:00-05:00,25.851268966182655,25.88027249401351,24.335724680870584,25.191390991210938,6839600,0.0,0.0
2018-02-16 00:00:00-05:00,25.111623983549734,25.31466250057796,24.65478455404389,24.73455047607422,6752900,0.0,0.0
2018-02-20 00:00:00-05:00,24.872326329421888,25.30741242440249,24.785310216902705,25.126127243041992,6373400,0.0,0.0
2018-02-21 00:00:00-05:00,22.573625561958398,24.08191790736321,21.935502462520006,22.16754722595215,31052300,0.0,0.0
2018-02-22 00:00:00-05:00,22.269072517085867,22.88544245192154,21.892000365565455,22.051530838012695,18625400,0.0,0.0
2018-02-23 00:00:00-05:00,22.3125811518202,22.812927272198767,21.928256057398094,22.791173934936523,11877800,0.0,0.0
2018-02-26 00:00:00-05:00,22.87093798965427,23.189998896911252,22.28357303587098,22.92169761657715,11189400,0.0,0.0
2018-02-27 00:00:00-05:00,22.783921174905146,23.552569940622192,22.762166455679665,23.102983474731445,10584900,0.0,0.0
2018-02-28 00:00:00-05:00,23.146486497134806,23.342273395207812,22.23280923477603,22.240060806274414,12820800,0.0,0.0
2018-03-01 00:00:00-05:00,22.232813839302583,22.82742899435943,22.051528663585444,22.145797729492188,8932300,0.0,0.0
2018-03-02 00:00:00-05:00,22.044277847892676,22.783921722171353,21.73246711365189,22.740413665771484,9107600,0.0,0.0
2018-03-05 00:00:00-05:00,22.566377051471477,23.44379793443204,22.55912547918797,23.204500198364258,9848900,0.0,0.0
2018-03-06 00:00:00-05:00,23.320525182785996,23.36403462132685,22.667898818730773,22.718658447265625,6937100,0.0,0.0
2018-03-07 00:00:00-05:00,22.457609369369624,22.84193447915579,22.290827322576035,22.44310760498047,6492400,0.0,0.0
2018-03-08 00:00:00-05:00,23.052221413672555,23.57432078902709,23.00146040750309,23.4873046875,12183900,0.0,0.0
2018-03-09 00:00:00-05:00,23.610582060941137,23.820870760504896,23.313274486186618,23.726604461669922,9139500,0.0,0.0
2018-03-12 00:00:00-04:00,23.73385716912099,24.183443673861746,23.63958809409401,23.79911994934082,7303000,0.0,0.0
2018-03-13 00:00:00-04:00,23.90788452749466,24.031157091721255,23.429291880971356,23.777359008789062,9880400,0.0,0.0
2018-03-14 00:00:00-04:00,23.835485548422813,23.98804360796635,23.63933828418245,23.69745445251465,9723500,0.06,0.0
2018-03-15 00:00:00-04:00,23.74830585294497,24.009835524435704,22.891072324807457,23.036365509033203,9724900,0.0,0.0
2018-03-16 00:00:00-04:00,23.04363248479345,23.668398638099667,22.992779796379363,23.217985153198242,10675500,0.0,0.0
2018-03-19 00:00:00-04:00,23.065427812301714,23.174398060272825,22.447927892956237,22.636810302734375,9728400,0.0,0.0
2018-03-20 00:00:00-04:00,22.854747359929434,23.217982388935038,22.811159544425628,22.920129776000977,8607900,0.0,0.0
2018-03-21 00:00:00-04:00,23.087221604116355,24.19145516651883,22.992779709733092,23.915395736694336,10172400,0.0,0.0
2018-03-22 00:00:00-04:00,23.55942325613966,23.791893443659085,23.312423335492365,23.457717895507812,8580800,0.0,0.0
2018-03-23 00:00:00-04:00,23.59574292447088,24.03162654394698,23.319683575928966,23.414125442504883,8514900,0.0,0.0
2018-03-26 00:00:00-04:00,23.66112779492901,23.66112779492901,22.92012805872491,23.588481903076172,6366000,0.0,0.0
2018-03-27 00:00:00-04:00,23.610277535775268,23.67565995364795,22.941925008568056,23.036365509033203,6045100,0.0,0.0
2018-03-28 00:00:00-04:00,23.152599908262683,23.276099865814064,22.506040654902346,22.665864944458008,7075500,0.0,0.0
2018-03-29 00:00:00-04:00,22.82568979202997,23.217982911659554,22.658602007477217,23.094484329223633,6290400,0.0,0.0
2018-04-02 00:00:00-04:00,22.99277309007804,23.036360898058025,21.670598034423243,22.048362731933594,8078300,0.0,0.0
2018-04-03 00:00:00-04:00,22.12827490511779,22.80389220759052,21.801364245800727,22.789363861083984,7195000,0.0,0.0
2018-04-04 00:00:00-04:00,22.295364820674592,22.825687591279397,22.128275666600125,22.753040313720703,6405500,0.0,0.0
2018-04-05 00:00:00-04:00,22.825688360761706,23.603012455523263,22.79662889450597,23.457717895507812,5654900,0.0,0.0
2018-04-06 00:00:00-04:00,23.28336164099465,23.406862975130704,22.498774140386615,22.84748077392578,6514100,0.0,0.0
2018-04-09 00:00:00-04:00,23.101746006201317,23.450451282109416,22.832952875634003,22.862010955810547,6724600,0.0,0.0
2018-04-10 00:00:00-04:00,23.40686660650259,24.569217613190194,23.36327740452803,24.409393310546875,8647800,0.0,0.0
2018-04-11 00:00:00-04:00,24.358536161038668,24.743567113059516,24.242301081681763,24.511096954345703,6238700,0.0,0.0
2018-04-12 00:00:00-04:00,24.37306640059432,24.380332652041016,23.85000991821289,23.85000991821289,9887000,0.0,0.0
2018-04-13 00:00:00-04:00,24.155129893853772,24.620070296528816,24.06795426116805,24.409393310546875,7749800,0.0,0.0
2018-04-16 00:00:00-04:00,24.423925399780273,24.49657407674351,24.067956582083234,24.423925399780273,4698600,0.0,0.0
2018-04-17 00:00:00-04:00,24.394858331138213,24.612798726864263,24.133328747761954,24.474767684936523,5516400,0.0,0.0
2018-04-18 00:00:00-04:00,24.77262861181285,26.668715963427037,24.77262861181285,26.225568771362305,15106900,0.0,0.0
2018-04-19 00:00:00-04:00,26.545208700786084,26.617854576505714,25.73156048216111,25.92770767211914,12064800,0.0,0.0
2018-04-20 00:00:00-04:00,25.760627445248875,25.862332809389027,25.27389383936007,25.717041015625,8332500,0.0,0.0
2018-04-23 00:00:00-04:00,25.5644784533691,25.855067563591025,25.230302916498086,25.738832473754883,5048900,0.0,0.0
2018-04-24 00:00:00-04:00,25.82600184652859,25.993089574516606,24.896121352938774,25.04867935180664,9014500,0.0,0.0
2018-04-25 00:00:00-04:00,25.06321722673899,25.65165897667376,24.787157826258845,25.571746826171875,7969100,0.0,0.0
2018-04-26 00:00:00-04:00,25.579009601635633,26.036686505622455,25.5644798681941,25.99309730529785,6409400,0.0,0.0
2018-04-27 00:00:00-04:00,25.724300236857808,26.196506802183357,25.53541927348531,25.97130012512207,6937300,0.0,0.0
2018-04-30 00:00:00-04:00,25.811481842267554,26.617864099046294,25.775158891413202,26.39266014099121,6304600,0.0,0.0
2018-05-01 00:00:00-04:00,26.28368803910733,26.596070399047342,25.96404219763396,26.2982177734375,5657300,0.0,0.0
2018-05-02 00:00:00-04:00,27.293475355704746,28.78273817472025,27.053741717162193,27.772945404052734,17385600,0.0,0.0
2018-05-03 00:00:00-04:00,27.576795054888773,27.736619309933,26.930237326773593,27.02467918395996,8730900,0.0,0.0
2018-05-04 00:00:00-04:00,27.06826650410415,27.663974355148277,26.85032609439968,27.51141357421875,6466600,0.0,0.0
2018-05-07 00:00:00-04:00,27.925509382469823,28.63018625961547,27.489628435093973,27.525951385498047,10541000,0.0,0.0
2018-05-08 00:00:00-04:00,27.52595082838682,28.564803262245672,26.552480812437384,28.34686279296875,12191400,0.0,0.0
2018-05-09 00:00:00-04:00,28.77547885261461,29.770742035777808,28.760949119199996,29.218626022338867,13498700,0.0,0.0
2018-05-10 00:00:00-04:00,29.465624841070984,29.727151718920705,29.087860100270476,29.705358505249023,8170200,0.0,0.0
2018-05-11 00:00:00-04:00,29.734425036627744,30.07586691202283,29.560070972033873,29.74895477294922,10409500,0.0,0.0
2018-05-14 00:00:00-04:00,29.959622186896617,30.192092350976694,29.676296576365004,30.017738342285156,6328900,0.0,0.0
2018-05-15 00:00:00-04:00,30.061330458587143,30.25021144603376,29.690829193336505,29.98868179321289,7387100,0.0,0.0
2018-05-16 00:00:00-04:00,29.807055613651855,30.213879707583565,29.683557075345078,30.075851440429688,4742500,0.0,0.0
2018-05-17 00:00:00-04:00,30.322857149696947,31.020267641592586,30.27200170327054,30.77326774597168,6624200,0.0,0.0
2018-05-18 00:00:00-04:00,30.63524314680086,30.795067457483345,30.322863549692386,30.482685089111328,4232600,0.0,0.0
2018-05-21 00:00:00-04:00,30.838657649751543,30.976685977141273,30.38098069075499,30.751482009887695,4461600,0.0,0.0
2018-05-22 00:00:00-04:00,30.904036503545832,31.1582999118119,30.192096189137537,30.36644744873047,6311600,0.0,0.0
2018-05-23 00:00:00-04:00,30.242951160023015,30.67883211326254,29.814333688456625,30.64977264404297,6366500,0.0,0.0
2018-05-24 00:00:00-04:00,29.959618411864536,30.395499221776213,29.61091043842007,30.286527633666992,6046300,0.0,0.0
2018-05-25 00:00:00-04:00,29.400249502496166,29.5818670501592,28.760954958768412,29.480161666870117,6948700,0.0,0.0
2018-05-29 00:00:00-04:00,29.037007420861098,29.734417970986723,28.884446611369782,29.705358505249023,5295400,0.0,0.0
2018-05-30 00:00:00-04:00,29.916037271663686,30.72968296234322,29.916037271663686,30.46088981628418,6170000,0.0,0.0
2018-05-31 00:00:00-04:00,30.19935989379883,30.73694895259347,30.025008632915338,30.199359893798828,5413300,0.0,0.0
2018-06-01 00:00:00-04:00,30.235672915223017,30.48993901315374,29.763469198372952,30.075851440429688,4966900,0.0,0.0
2018-06-04 00:00:00-04:00,30.439091421676665,30.657031848186655,29.02247449246742,29.12417984008789,7568900,0.0,0.0
2018-06-05 00:00:00-04:00,28.7972646728211,29.02973480523693,27.947296270787454,28.564794540405273,10997700,0.0,0.0
2018-06-06 00:00:00-04:00,30.511735088149283,30.84591056924978,30.03952855566095,30.155763626098633,11933500,0.0,0.0
2018-06-07 00:00:00-04:00,30.250211385505576,30.896769264095006,30.250211385505576,30.475418090820312,6088900,0.0,0.0
2018-06-08 00:00:00-04:00,30.32285750199293,30.69335596409733,30.13397375953737,30.627973556518555,5371900,0.0,0.0
2018-06-11 00:00:00-04:00,30.671560893110488,30.96941344930369,30.410031278645665,30.707883834838867,6910400,0.0,0.0
2018-06-12 00:00:00-04:00,30.60618438243565,31.165566660797626,30.41003713382067,30.46088981628418,7041500,0.0,0.0
2018-06-13 00:00:00-04:00,30.264743622373953,31.23095016537898,30.206627456646068,30.94036102294922,6242700,0.0,0.0
2018-06-14 00:00:00-04:00,31.122319919711167,31.377064625810714,30.292585890113525,30.358091354370117,5515700,0.08,0.0
2018-06-15 00:00:00-04:00,30.10334414722809,30.205240901212516,29.14259935754875,29.29544448852539,9282700,0.0,0.0
2018-06-18 00:00:00-04:00,29.346398011129185,30.445433825188555,29.295449625203656,29.91411018371582,5914800,0.0,0.0
2018-06-19 00:00:00-04:00,29.368219388167105,30.583708520483803,29.295436804833088,30.285295486450195,5951900,0.0,0.0
2018-06-20 00:00:00-04:00,30.72928558574495,31.173266694721807,30.328972929140637,31.013141632080078,7271300,0.0,0.0
2018-06-21 00:00:00-04:00,30.772954486708617,30.772954486708617,29.819489576297016,29.95050048828125,6101600,0.0,0.0
2018-06-22 00:00:00-04:00,31.013136349352745,31.91565271337852,31.013136349352745,31.50078582763672,7990500,0.0,0.0
2018-06-25 00:00:00-04:00,31.013137348432487,31.457118396085058,30.292577442549486,30.489093780517578,5697700,0.0,0.0
2018-06-26 00:00:00-04:00,30.68561265838689,31.165985043244135,30.29257994991871,30.99858283996582,5055800,0.0,0.0
2018-06-27 00:00:00-04:00,31.398890575824236,32.41786357858248,31.398890575824236,31.63907814025879,8072100,0.0,0.0
2018-06-28 00:00:00-04:00,31.73369912109152,32.02483509619374,31.238769629304795,31.719144821166992,6250200,0.0,0.0
2018-06-29 00:00:00-04:00,31.828310111682686,32.67260087910603,31.799195966759683,31.995712280273438,6191600,0.0,0.0
2018-07-02 00:00:00-04:00,31.595416726347278,31.915664135210598,31.26788938973767,31.682756423950195,4360400,0.0,0.0
2018-07-03 00:00:00-04:00,32.17040549234628,32.89824270811666,31.835601039446786,32.024837493896484,4132900,0.0,0.0
2018-07-05 00:00:00-04:00,32.22862204575673,32.30868456141968,31.791920948566986,32.01755142211914,5456300,0.0,0.0
2018-07-06 00:00:00-04:00,31.77009280731237,32.64349516885738,31.631801971434307,32.39603042602539,4270200,0.0,0.0
2018-07-09 00:00:00-04:00,32.66532949864061,32.97829967062801,32.53431859983294,32.97101974487305,4718400,0.0,0.0
2018-07-10 00:00:00-04:00,33.48050749105833,33.87354020187337,33.080197630700034,33.196651458740234,7678600,0.0,0.0
2018-07-11 00:00:00-04:00,32.716292827689145,33.06565445871069,31.966618391505925,32.112186431884766,5113900,0.0,0.0
2018-07-12 00:00:00-04:00,32.48336724121466,32.48336724121466,31.75553021536207,31.973880767822266,4959500,0.0,0.0
2018-07-13 00:00:00-04:00,32.06850907420212,32.99286268143381,31.973889457711667,32.54888153076172,6548700,0.0,0.0
2018-07-16 00:00:00-04:00,31.981164598023987,32.439702797524,31.428009564459625,32.17768096923828,5571300,0.0,0.0
2018-07-17 00:00:00-04:00,31.96660461496402,32.4396998481871,31.748254036737304,32.08306121826172,4823900,0.0,0.0
2018-07-18 00:00:00-04:00,31.71915114698865,31.90838762501005,31.14415900855292,31.84288215637207,8151700,0.0,0.0
2018-07-19 00:00:00-04:00,31.784647518093344,32.41058792137937,31.639082306939,32.126731872558594,5095100,0.0,0.0
2018-07-20 00:00:00-04:00,32.32324823939108,32.32324823939108,31.799204594504463,32.126731872558594,5088300,0.0,0.0
2018-07-23 00:00:00-04:00,32.34508318698116,32.56343656153825,32.11945543877395,32.17768096923828,3823700,0.0,0.0
2018-07-24 00:00:00-04:00,32.35236391684177,32.97830434962568,32.206795922348995,32.43242645263672,4269100,0.0,0.0
2018-07-25 00:00:00-04:00,32.45426626131341,33.03653556294075,32.366926560189064,32.949195861816406,4533500,0.0,0.0
2018-07-26 00:00:00-04:00,33.07291373831165,33.196647477534256,32.63621262965312,32.86184310913086,4958200,0.0,0.0
2018-07-27 00:00:00-04:00,32.70900408544637,33.13842816179562,32.35236539791485,32.425148010253906,4340500,0.0,0.0
2018-07-30 00:00:00-04:00,32.89096159264672,33.07292089001438,32.65077676389024,32.79634475708008,5591000,0.0,0.0
2018-07-31 00:00:00-04:00,32.752671580656866,32.96374501942035,32.301413327403985,32.75994873046875,5588000,0.0,0.0
2018-08-01 00:00:00-04:00,30.933075297927235,32.01027382218357,30.023278965635257,31.63907814025879,16603400,0.0,0.0
2018-08-02 00:00:00-04:00,31.369781585354378,32.28685799393854,31.333390281374044,31.981164932250977,6503100,0.0,0.0
2018-08-03 00:00:00-04:00,31.95205059107029,32.068504418892175,31.129593870309193,31.33338737487793,6560100,0.0,0.0
2018-08-06 00:00:00-04:00,31.850147938688092,32.265017609624465,31.617240305886124,31.77008819580078,6769600,0.0,0.0
2018-08-07 00:00:00-04:00,32.19951903338926,32.2723016429871,31.57357859552485,31.624526977539062,5816300,0.0,0.0
2018-08-08 00:00:00-04:00,31.384339584784673,31.50079342683202,30.540048535821775,31.056812286376953,7014100,0.0,0.0
2018-08-09 00:00:00-04:00,31.173269304630963,31.267886143678645,30.598277237439813,30.6201114654541,5755600,0.0,0.0
2018-08-10 00:00:00-04:00,30.489088720215776,31.231482726053414,30.299852339030917,31.18053436279297,5844200,0.0,0.0
2018-08-13 00:00:00-04:00,30.947638768061633,31.318834526697742,30.590997310449293,30.6201114654541,5861500,0.0,0.0
2018-08-14 00:00:00-04:00,31.042258754759995,31.122318517262542,30.729288525912686,30.867576599121094,4867500,0.0,0.0
2018-08-15 00:00:00-04:00,30.620105924096045,30.620105924096045,29.164431755034276,29.462844848632812,8336000,0.0,0.0
2018-08-16 00:00:00-04:00,29.564746279464558,29.950501883377072,29.27361306542183,29.608417510986328,5371400,0.0,0.0
2018-08-17 00:00:00-04:00,29.76854143729861,29.86315827056839,29.419177151532534,29.550188064575195,4529700,0.0,0.0
2018-08-20 00:00:00-04:00,29.49924288406153,30.081514905837388,29.397346113194388,29.870441436767578,4174200,0.0,0.0
2018-08-21 00:00:00-04:00,30.205240040631768,30.707446646594445,30.17612588990048,30.45998191833496,4872300,0.0,0.0
2018-08-22 00:00:00-04:00,30.83845372890398,31.296991828455624,30.79478528469384,31.085918426513672,5292800,0.0,0.0
2018-08-23 00:00:00-04:00,30.896681560121984,31.027692443744776,30.7001652346878,30.947629928588867,4245000,0.0,0.0
2018-08-24 00:00:00-04:00,31.29699282745702,31.522623310163784,30.94763138023486,31.049528121948242,3545600,0.0,0.0
2018-08-27 00:00:00-04:00,31.049532608109143,31.289720199546505,30.882130397324786,31.209657669067383,3873000,0.0,0.0
2018-08-28 00:00:00-04:00,31.078651880734864,31.486238973630236,30.74384740400543,30.94036102294922,4761800,0.0,0.0
2018-08-29 00:00:00-04:00,31.22421484872304,31.566296421252048,31.071366937084136,31.26788330078125,4551100,0.0,0.0
2018-08-30 00:00:00-04:00,31.355229329632902,31.73370224748299,31.195104249903377,31.391620635986328,4207400,0.0,0.0
2018-08-31 00:00:00-04:00,31.20965667270728,31.31883057548388,30.874849485348822,31.246047973632812,3776800,0.0,0.0
2018-09-04 00:00:00-04:00,31.340668615714748,31.493513750553582,30.65649991913989,30.823902130126953,4972800,0.0,0.0
2018-09-05 00:00:00-04:00,30.612836060469665,30.62011321139649,30.001452652901065,30.358091354370117,7087700,0.0,0.0
2018-09-06 00:00:00-04:00,30.176128712625044,30.176128712625044,29.477405688583822,29.572025299072266,9195500,0.0,0.0
2018-09-07 00:00:00-04:00,29.273609038671985,29.521073763631353,28.858742113957486,29.455568313598633,7669500,0.0,0.0
2018-09-10 00:00:00-04:00,29.68847453454738,29.892268024184084,29.22993640638674,29.484678268432617,5692400,0.0,0.0
2018-09-11 00:00:00-04:00,29.339113826853414,30.278021554170977,29.30999967716716,30.197961807250977,7606000,0.0,0.0
2018-09-12 00:00:00-04:00,30.605554675927205,30.765679753481685,30.21252190910002,30.532772064208984,8555800,0.0,0.0
2018-09-13 00:00:00-04:00,30.3212949291123,30.510892943569207,29.664988760254847,29.810834884643555,7547900,0.08,0.0
2018-09-14 00:00:00-04:00,29.79625166296143,29.956682686953346,28.855547028836547,28.928468704223633,11391400,0.0,0.0
2018-09-17 00:00:00-04:00,29.08161385223324,29.30767275525986,28.213830738960947,28.301340103149414,10602000,0.0,0.0
2018-09-18 00:00:00-04:00,28.622194796105266,28.91388706597649,28.461763769497733,28.68053436279297,6920400,0.0,0.0
2018-09-19 00:00:00-04:00,28.695115294876906,29.23474513745421,28.54927194771115,29.07431411743164,5806100,0.0,0.0
2018-09-20 00:00:00-04:00,29.329549857149715,29.409765378972285,29.08161223596357,29.24933433532715,5157800,0.0,0.0
2018-09-21 00:00:00-04:00,29.249333045677005,29.840005895265033,29.183702419969023,29.570192337036133,9825000,0.0,0.0
2018-09-24 00:00:00-04:00,30.03688934450938,30.481718707075373,29.956676630513893,30.29941177368164,6367100,0.0,0.0
2018-09-25 00:00:00-04:00,30.53276696315087,30.583812686200364,30.160862012106957,30.197322845458984,6252500,0.0,0.0
2018-09-26 00:00:00-04:00,29.825417374244626,29.912923929119987,28.89200392236895,28.935758590698242,8234400,0.0,0.0
2018-09-27 00:00:00-04:00,29.300369213607546,29.300369213607546,28.680526781213562,28.71698760986328,5706400,0.0,0.0
2018-09-28 00:00:00-04:00,28.70970270048852,29.35871511028387,28.6659508052202,29.125362396240234,7239400,0.0,0.0
2018-10-01 00:00:00-04:00,29.1836973438031,29.511850415264593,28.96492955675655,29.314958572387695,5902500,0.0,0.0
2018-10-02 00:00:00-04:00,29.570190475181036,29.570190475181036,28.96493277112465,29.06702423095703,6768600,0.0,0.0
2018-10-03 00:00:00-04:00,29.081608295082066,29.737911710379137,28.78262497903057,29.64311408996582,6084600,0.0,0.0
2018-10-04 00:00:00-04:00,29.45350710970704,29.810829915812086,29.052432420826307,29.27120018005371,4255400,0.0,0.0
2018-10-05 00:00:00-04:00,29.307662829988843,29.708740325564335,28.90658811619651,29.198280334472656,5085500,0.0,0.0
2018-10-08 00:00:00-04:00,28.950348207297957,29.067024560111005,28.191950523121285,28.279457092285156,8175200,0.0,0.0
2018-10-09 00:00:00-04:00,28.30133133492917,29.183696287077527,28.053393776778538,28.81178855895996,7421100,0.0,0.0
2018-10-10 00:00:00-04:00,28.731579330730234,28.804501005372178,27.163738289876292,27.200199127197266,8290600,0.0,0.0
2018-10-11 00:00:00-04:00,26.959554185321785,27.273122379650097,26.157401890753576,26.2813720703125,9628100,0.0,0.0
2018-10-12 00:00:00-04:00,26.872044749048374,26.96684514699873,26.120940965199683,26.71161651611328,7670200,0.0,0.0
2018-10-15 00:00:00-04:00,26.91579432398236,27.090810196150557,26.288658056238784,26.332412719726562,6328400,0.0,0.0
2018-10-16 00:00:00-04:00,26.952258879916837,27.51376462097135,26.740782149821637,27.03976821899414,7495500,0.0,0.0
2018-10-17 00:00:00-04:00,26.806412990255517,26.96684399813926,25.960508844494242,26.252201080322266,8328900,0.0,0.0
2018-10-18 00:00:00-04:00,25.76362445608303,26.077189911049537,25.282331345158845,25.59589958190918,7779700,0.0,0.0
2018-10-19 00:00:00-04:00,25.697982316666963,26.062596123316826,25.442750982942506,25.479211807250977,4493900,0.0,0.0
2018-10-22 00:00:00-04:00,25.420880104237114,25.5886021548639,25.04168133603533,25.428171157836914,4949400,0.0,0.0
2018-10-23 00:00:00-04:00,24.786452119171752,24.91771055319799,24.25411342073232,24.596851348876953,7186000,0.0,0.0
2018-10-24 00:00:00-04:00,24.954176161078856,24.99792804865849,23.3863352811986,23.430089950561523,7418600,0.0,0.0
2018-10-25 00:00:00-04:00,23.7582443692237,24.275995468143158,23.5613525185536,23.95513343811035,6423600,0.0,0.0
2018-10-26 00:00:00-04:00,23.466553919352965,23.99888994969901,23.109232417166233,23.61240005493164,7365900,0.0,0.0
2018-10-29 00:00:00-04:00,23.765533619102236,23.81657934149815,22.139355992730188,22.591476440429688,7084100,0.0,0.0
2018-10-30 00:00:00-04:00,22.431046713531874,23.619687384731975,22.35812365724359,23.568641662597656,7518800,0.0,0.0
2018-10-31 00:00:00-04:00,23.89679717034695,24.254117261919596,23.590520024358316,23.626983642578125,8033200,0.0,0.0
2018-11-01 00:00:00-04:00,23.721782506307452,24.589565480679394,23.605106154515884,23.96242904663086,9823500,0.0,0.0
2018-11-02 00:00:00-04:00,24.057226434005724,24.421840335339784,23.473841966444592,23.539472579956055,6305000,0.0,0.0
2018-11-05 00:00:00-05:00,23.94784361094623,24.268702875638635,23.84575215317063,24.137441635131836,6018900,0.0,0.0
2018-11-06 00:00:00-05:00,24.25411340367065,24.50205094649347,23.67073176814139,24.013469696044922,7910700,0.0,0.0
2018-11-07 00:00:00-05:00,24.392672797370768,25.267746797351304,23.984304188904236,24.6916561126709,11394200,0.0,0.0
2018-11-08 00:00:00-05:00,24.538516469783886,24.968760981075174,23.736364224405516,23.860334396362305,6708200,0.0,0.0
2018-11-09 00:00:00-05:00,23.379043693811745,24.239532699167764,23.123812301025982,24.071807861328125,7897200,0.0,0.0
2018-11-12 00:00:00-05:00,24.421841057961323,24.421841057961323,22.970676463728392,23.007137298583984,6717700,0.0,0.0
2018-11-13 00:00:00-05:00,22.875874287858665,23.47383940742454,22.48209064971854,22.53313636779785,7976400,0.0,0.0
2018-11-14 00:00:00-05:00,23.13839854885695,23.306120614759752,22.081019037351222,22.270618438720703,7793500,0.0,0.0
2018-11-15 00:00:00-05:00,22.16123314724749,22.474801334406916,21.81120412521024,22.328956604003906,10229800,0.0,0.0
2018-11-16 00:00:00-05:00,22.321665041048455,22.56231017707132,21.103854470049882,21.55597496032715,17938000,0.0,0.0
2018-11-19 00:00:00-05:00,21.439294734362743,21.920584919291326,21.256987803983993,21.5997257232666,7778000,0.0,0.0
2018-11-20 00:00:00-05:00,21.030926328507615,21.140310201944637,19.732900561951734,20.010007858276367,11635100,0.0,0.0
2018-11-21 00:00:00-05:00,20.228776239892973,21.11114248054038,20.21419135207268,20.804866790771484,6299100,0.0,0.0
2018-11-23 00:00:00-05:00,19.958969287104555,20.257952630593742,19.543308193844354,19.623523712158203,5545600,0.0,0.0
2018-11-26 00:00:00-05:00,19.90062470318825,20.148560842845882,19.536010851309168,19.783946990966797,7705000,0.0,0.0
2018-11-27 00:00:00-05:00,19.754783692791754,19.958968003140928,19.309954233873686,19.404754638671875,6088500,0.0,0.0
2018-11-28 00:00:00-05:00,19.368291089756276,19.59435272216797,18.865124880330395,19.59435272216797,6246900,0.0,0.0
2018-11-29 00:00:00-05:00,19.659984552723458,19.944384394521688,19.404755886982866,19.623523712158203,8024600,0.0,0.0
2018-11-30 00:00:00-05:00,19.3318283707569,19.798533698982187,18.945337151513087,19.711027145385742,10152900,0.0,0.0
2018-12-03 00:00:00-05:00,20.680905561221547,21.278872270809707,20.476721230016725,20.979888916015625,11739200,0.0,0.0
2018-12-04 00:00:00-05:00,20.979883907682925,21.176775745318416,20.484008786626852,20.542346954345703,9765500,0.0,0.0
2018-12-06 00:00:00-05:00,19.8787529396077,20.301705070625232,19.426631024641168,20.236074447631836,9912100,0.0,0.0
2018-12-07 00:00:00-05:00,20.615274683467806,20.95801132262422,19.78395386646902,19.83500099182129,8442500,0.0,0.0
2018-12-10 00:00:00-05:00,19.36828991321832,19.77665848128282,18.84324639971036,19.156814575195312,7803700,0.0,0.0
2018-12-11 00:00:00-05:00,19.477673787390813,19.813119297225363,19.156814558199763,19.50684356689453,9868400,0.0,0.0
2018-12-12 00:00:00-05:00,19.842293934246694,20.491307823664798,19.835002877966424,19.893341064453125,8237000,0.0,0.0
2018-12-13 00:00:00-05:00,19.82019670821565,19.915274527478665,19.315549249865537,19.651981353759766,7976000,0.08,0.0
2018-12-14 00:00:00-05:00,19.388686035199438,19.41062771340344,18.847470527675668,18.898666381835938,6420700,0.0,0.0
2018-12-17 00:00:00-05:00,18.78165345256427,19.425260893360697,18.540300487892747,18.657320022583008,8951200,0.0,0.0
2018-12-18 00:00:00-05:00,18.6207448185248,18.803587959609995,17.838176397877355,17.85280418395996,10057600,0.0,0.0
2018-12-19 00:00:00-05:00,18.00639258920482,18.35745107440084,17.311588116644756,17.443235397338867,10649300,0.0,0.0
2018-12-20 00:00:00-05:00,17.05561111084272,17.43592524897051,16.38274817222537,16.463199615478516,13613800,0.0,0.0
2018-12-21 00:00:00-05:00,16.41931784731203,16.675297179043508,16.00243423210062,16.024375915527344,16282800,0.0,0.0
2018-12-24 00:00:00-05:00,15.804961823947428,16.053628611546397,15.336882426417462,15.344196319580078,5332200,0.0,0.0
2018-12-26 00:00:00-05:00,15.446587492644078,16.616782352328826,14.898058129048485,16.609468460083008,9944300,0.0,0.0
2018-12-27 00:00:00-05:00,16.258410613052405,16.748430252075195,15.914666034477335,16.748430252075195,8395900,0.0,0.0
2018-12-28 00:00:00-05:00,16.806942203904004,16.938589496594947,16.25109885419923,16.42662811279297,7783500,0.0,0.0
2018-12-31 00:00:00-05:00,16.57290186422496,16.785000573224682,16.11213777171675,16.485137939453125,9196600,0.0,0.0
2019-01-02 00:00:00-05:00,16.046312871673592,17.121429933162066,15.914665599862285,16.975154876708984,6788900,0.0,0.0
2019-01-03 00:00:00-05:00,17.004408614890263,17.53831014198142,16.73380020808695,17.201879501342773,7699700,0.0,0.0
2019-01-04 00:00:00-05:00,17.655335282678525,18.086845256752405,17.57488523995776,17.969825744628906,9714500,0.0,0.0
2019-01-07 00:00:00-05:00,18.094155078439044,18.83284145433713,17.801606363970073,18.540292739868164,7237600,0.0,0.0
2019-01-08 00:00:00-05:00,18.78164843225277,18.949863794033398,18.364766276977946,18.686569213867188,7185100,0.0,0.0
2019-01-09 00:00:00-05:00,18.971810783452174,19.118084506160635,18.525672929978125,18.891359329223633,12577400,0.0,0.0
2019-01-10 00:00:00-05:00,18.701195978908338,19.33749071455559,18.525666733380717,19.227785110473633,8847500,0.0,0.0
2019-01-11 00:00:00-05:00,18.8694106356831,19.381371962496722,18.78896060631359,19.278980255126953,7811000,0.0,0.0
2019-01-14 00:00:00-05:00,18.920611041151414,19.432571058400395,18.91329714726438,19.14002227783203,5823300,0.0,0.0
2019-01-15 00:00:00-05:00,19.308237075805664,19.447198265545197,19.191217567072137,19.308237075805664,6301000,0.0,0.0
2019-01-16 00:00:00-05:00,19.140020805307028,19.300922273495125,18.78896229563345,18.93523597717285,10838200,0.0,0.0
2019-01-17 00:00:00-05:00,18.715826723557594,19.38868963527727,18.664630859891314,19.30092430114746,8678500,0.0,0.0
2019-01-18 00:00:00-05:00,19.534960637373768,19.849451065063477,19.403314746813336,19.849451065063477,10160000,0.0,0.0
2019-01-22 00:00:00-05:00,19.55690139156422,19.725116739586742,19.15464705586125,19.476449966430664,9361600,0.0,0.0
2019-01-23 00:00:00-05:00,19.61541939205745,19.63736107950329,18.957184113495167,19.249732971191406,8882600,0.0,0.0
2019-01-24 00:00:00-05:00,19.18390316383366,19.63735479436827,19.08882533863163,19.454511642456055,6737000,0.0,0.0
2019-01-25 00:00:00-05:00,19.673918579802915,20.054232587705556,19.600781055978217,19.929899215698242,7222800,0.0,0.0
2019-01-28 00:00:00-05:00,19.63003536515934,19.666603427236453,19.22778110238251,19.38136863708496,5541200,0.0,0.0
2019-01-29 00:00:00-05:00,19.630045723869255,19.74706525824541,19.46183031757639,19.637359619140625,4338200,0.0,0.0
2019-01-30 00:00:00-05:00,19.761691440960874,20.244397329734902,19.739749756931957,20.237083435058594,5284400,0.0,0.0
2019-01-31 00:00:00-05:00,20.34678532031665,20.419922858635633,19.41062929377772,19.491079330444336,6890300,0.0,0.0
2019-02-01 00:00:00-05:00,19.615412369639518,20.12737373356039,19.571530405440797,19.75437355041504,6224000,0.0,0.0
2019-02-04 00:00:00-05:00,19.534960313330632,20.01766748397501,19.51302002942574,19.864078521728516,5654000,0.0,0.0
2019-02-05 00:00:00-05:00,19.79825423400521,20.024979328512934,19.637352779029143,19.64466667175293,8934200,0.0,0.0
2019-02-06 00:00:00-05:00,19.53496720568668,19.688556222122678,19.330183710415934,19.586164474487305,4790000,0.0,0.0
2019-02-07 00:00:00-05:00,19.38868856587788,19.43988442672041,18.452531098385986,18.503726959228516,6542400,0.0,0.0
2019-02-08 00:00:00-05:00,18.503728193764356,18.60612131726349,17.772355515829283,18.225807189941406,7077700,0.0,0.0
2019-02-11 00:00:00-05:00,18.064901752612457,18.649999209020137,17.925940583597242,18.606117248535156,5106000,0.0,0.0
2019-02-12 00:00:00-05:00,18.92792327388392,19.330179062118532,18.884041306161407,18.986433029174805,7033400,0.0,0.0
2019-02-13 00:00:00-05:00,19.103454498269834,19.871395233488926,19.08882671026996,19.681238174438477,8143200,0.0,0.0
2019-02-14 00:00:00-05:00,19.60078488161596,20.215137969679915,19.57884459667386,19.988412857055664,5740400,0.0,0.0
2019-02-15 00:00:00-05:00,20.273652520755768,20.814868198847822,20.23708444054012,20.785614013671875,7114400,0.0,0.0
2019-02-19 00:00:00-05:00,20.544254868836767,20.895313355097386,20.544254868836767,20.705156326293945,8169100,0.0,0.0
2019-02-20 00:00:00-05:00,22.584789216807046,23.791553938474,22.021633276684316,22.138652801513672,34746600,0.0,0.0
2019-02-21 00:00:00-05:00,22.277608734422966,22.66523671475613,21.53160974234131,21.831472396850586,19449100,0.0,0.0
2019-02-22 00:00:00-05:00,22.014314129776466,22.102078054968146,21.107412331228605,21.685195922851562,11957200,0.0,0.0
2019-02-25 00:00:00-05:00,21.582804055284598,21.9046083669461,21.49503873574694,21.56817626953125,9952500,0.0,0.0
2019-02-26 00:00:00-05:00,21.568181722626626,22.05088761467047,21.568181722626626,21.641319274902344,7921100,0.0,0.0
2019-02-27 00:00:00-05:00,21.853412628173828,22.189844748856057,21.568177761169082,21.853412628173828,6652700,0.0,0.0
2019-02-28 00:00:00-05:00,21.868036636569403,21.9046060971634,21.465782334911438,21.582801818847656,9008700,0.0,0.0
2019-03-01 00:00:00-05:00,21.53892052292302,22.160586027317144,21.53892052292302,22.050880432128906,13399000,0.0,0.0
2019-03-04 00:00:00-05:00,22.160591961403856,22.262985086649373,21.231749704771104,21.531612396240234,11404900,0.0,0.0
2019-03-05 00:00:00-05:00,21.560865649691237,21.6266893005912,21.13666956332628,21.407278060913086,7440400,0.0,0.0
2019-03-06 00:00:00-05:00,21.209806893564565,21.451159812760995,20.9172581119602,21.005022048950195,6347200,0.0,0.0
2019-03-07 00:00:00-05:00,21.034275432341612,21.06352960996177,20.471118214583136,20.522314071655273,8760900,0.0,0.0
2019-03-08 00:00:00-05:00,20.08349311763589,20.127376482811243,19.44719966740274,19.534963607788086,10808600,0.0,0.0
2019-03-11 00:00:00-04:00,19.761689270101442,20.463806342104657,19.66661004473687,20.3321590423584,8110800,0.0,0.0
2019-03-12 00:00:00-04:00,20.500371560419964,21.041587039939227,20.390664570059005,21.034273147583008,7048800,0.0,0.0
2019-03-13 00:00:00-04:00,21.326825124477246,21.57549192264189,21.17323754648396,21.45115852355957,9233700,0.0,0.0
2019-03-14 00:00:00-04:00,21.44383094424613,21.744513826732206,21.42916314539357,21.63450813293457,6571700,0.08,0.0
2019-03-15 00:00:00-04:00,21.487828059153678,21.78851087331318,21.465827764672426,21.73717498779297,8012700,0.0,0.0
2019-03-18 00:00:00-04:00,21.891181886917394,22.41920988442735,21.854512401730556,22.375207901000977,6771400,0.0,0.0
2019-03-19 00:00:00-04:00,22.558546869104422,22.67588640194053,22.067187050804126,22.17719268798828,6193000,0.0,0.0
2019-03-20 00:00:00-04:00,22.096525608894183,23.181918600691482,22.081859213484453,22.917903900146484,10054100,0.0,0.0
2019-03-21 00:00:00-04:00,22.925237226585505,23.2845897829389,22.72722620610573,23.211252212524414,6863900,0.0,0.0
2019-03-22 00:00:00-04:00,23.049912612131276,23.174586072665278,22.16253059331914,22.25053596496582,7404000,0.0,0.0
2019-03-25 00:00:00-04:00,22.25053563747926,22.690559691640466,21.986520925222955,22.602554321289062,5355100,0.0,0.0
2019-03-26 00:00:00-04:00,23.09391387083965,23.43859865143204,23.01324239927207,23.174585342407227,5790800,0.0,0.0
2019-03-27 00:00:00-04:00,23.086577687845544,23.32859067978988,22.73455904479883,22.976572036743164,5433000,0.0,0.0
2019-03-28 00:00:00-04:00,22.71256488759079,23.41660380597367,22.705230988578673,23.379934310913086,5973000,0.0,0.0
2019-03-29 00:00:00-04:00,23.72461227873237,23.78328345378295,23.04257665434303,23.145248413085938,6528600,0.0,0.0
2019-04-01 00:00:00-04:00,23.40926197615483,23.52660292179663,22.93990378877857,23.13058090209961,5252100,0.0,0.0
2019-04-02 00:00:00-04:00,23.174583345925544,23.34325877303744,22.851898886252265,22.888566970825195,4385200,0.0,0.0
2019-04-03 00:00:00-04:00,23.01323905385401,23.064576327532805,22.360537675283823,22.521879196166992,4312600,0.0,0.0
2019-04-04 00:00:00-04:00,22.587884732129,22.822565234824587,22.301869749103297,22.741893768310547,5131500,0.0,0.0
2019-04-05 00:00:00-04:00,22.85190025057533,23.621941262962583,22.837232456351344,23.614608764648438,7171400,0.0,0.0
2019-04-08 00:00:00-04:00,23.75394770465628,23.82728667297057,23.203918031479258,23.489933013916016,5413700,0.0,0.0
2019-04-09 00:00:00-04:00,23.350593928004344,23.416597602830564,22.712558870950144,22.778562545776367,4981600,0.0,0.0
2019-04-10 00:00:00-04:00,22.925234669994897,23.17458154231865,22.81522902603975,23.02790641784668,4927900,0.0,0.0
2019-04-11 00:00:00-04:00,22.873899600707055,23.284588005358685,22.617218823250646,22.866565704345703,3416500,0.0,0.0
2019-04-12 00:00:00-04:00,24.193978238617632,24.795343918001624,23.907960398094453,24.553329467773438,13576000,0.0,0.0
2019-04-15 00:00:00-04:00,24.369983772449274,24.56799481262071,23.86395742374176,23.885957717895508,6383500,0.0,0.0
2019-04-16 00:00:00-04:00,24.017960376301332,24.149967710574128,23.592602788623356,24.076631546020508,5129200,0.0,0.0
2019-04-17 00:00:00-04:00,24.274644686138455,24.487323523226166,24.149972621525883,24.355316162109375,5092000,0.0,0.0
2019-04-18 00:00:00-04:00,24.39931651909028,24.802671051271147,24.303977259543526,24.604660034179688,7864600,0.0,0.0
2019-04-22 00:00:00-04:00,25.008018278415193,25.82939805588513,24.567995595738864,25.7853946685791,10513100,0.0,0.0
2019-04-23 00:00:00-04:00,25.866061830949374,25.954065793282638,25.257360997288455,25.37470054626465,6277600,0.0,0.0
2019-04-24 00:00:00-04:00,25.587380537762208,25.792724058579342,25.176693496127942,25.29403305053711,7331900,0.0,0.0
2019-04-25 00:00:00-04:00,25.169354259826378,25.294029090514634,24.575321284983957,24.59732437133789,6210000,0.0,0.0
2019-04-26 00:00:00-04:00,24.318645125553214,24.443319972654173,23.6586083999495,23.97395896911621,4967900,0.0,0.0
2019-04-29 00:00:00-04:00,23.856619501717095,24.318645211268176,23.81261891825215,23.995962142944336,4900200,0.0,0.0
2019-04-30 00:00:00-04:00,24.289313354506415,24.362652334204828,23.2625914182948,23.570608139038086,7090500,0.0,0.0
2019-05-01 00:00:00-04:00,24.201308007449683,24.340647864600488,22.95457339906189,23.350595474243164,13692400,0.0,0.0
2019-05-02 00:00:00-04:00,22.859231269847914,23.467930665533277,22.46320926844416,22.675888061523438,9268800,0.0,0.0
2019-05-03 00:00:00-04:00,22.83723608978906,23.064582740038485,22.44121537431889,22.925241470336914,9278900,0.0,0.0
2019-05-06 00:00:00-04:00,22.63922545601914,23.137917928310078,22.485216396395547,23.093915939331055,5712600,0.0,0.0
2019-05-07 00:00:00-04:00,22.77122688293457,22.86656613864516,22.36053847048283,22.77122688293457,6314700,0.0,0.0
2019-05-08 00:00:00-04:00,22.66121958490402,23.387258500090923,22.595215919996335,23.123245239257812,5218300,0.0,0.0
2019-05-09 00:00:00-04:00,22.82989853369887,22.991241472386523,22.463212071296528,22.917903900146484,5201400,0.0,0.0
2019-05-10 00:00:00-04:00,22.815230788750473,23.05724378366885,22.507214122600015,22.961904525756836,4950500,0.0,0.0
2019-05-13 00:00:00-04:00,22.7345609467691,22.81523241709876,21.82517867675408,21.94251823425293,5947500,0.0,0.0
2019-05-14 00:00:00-04:00,22.118524004553837,22.705221697460715,22.023186154005582,22.558547973632812,4346200,0.0,0.0
2019-05-15 00:00:00-04:00,22.272540915841894,22.77856733074398,22.147867437069323,22.683229446411133,4552300,0.0,0.0
2019-05-16 00:00:00-04:00,22.983910176696412,23.328594986800237,22.844568913548905,22.954574584960938,4146600,0.0,0.0
2019-05-17 00:00:00-04:00,22.63189060826382,22.881237533343953,22.389877580838746,22.44854736328125,3156300,0.0,0.0
2019-05-20 00:00:00-04:00,22.433879935858677,22.62455708162317,21.98652196314975,22.023191452026367,5404800,0.0,0.0
2019-05-21 00:00:00-04:00,22.213867489092173,22.939906547036774,22.16986410463645,22.822566986083984,5308200,0.0,0.0
2019-05-22 00:00:00-04:00,22.492548729296885,22.639223880751786,21.47316076295886,21.495161056518555,4706800,0.0,0.0
2019-05-23 00:00:00-04:00,21.05514074931644,21.05514074931644,19.7790717401577,19.92574691772461,6956300,0.0,0.0
2019-05-24 00:00:00-04:00,20.15308807728327,20.417102783584113,19.559056386904253,19.79373550415039,5184900,0.0,0.0
2019-05-28 00:00:00-04:00,19.903743562969407,19.925745257410597,19.478387262026,19.507722854614258,6361800,0.0,0.0
2019-05-29 00:00:00-04:00,19.15570289376882,19.69839873226606,19.03102943095202,19.691064834594727,11386500,0.0,0.0
2019-05-30 00:00:00-04:00,19.625060049944903,19.749733505745667,18.88435321239895,18.906354904174805,8207200,0.0,0.0
2019-05-31 00:00:00-04:00,18.63500721501375,18.811016561461823,18.422329779271557,18.451663970947266,6536200,0.0,0.0
2019-06-03 00:00:00-04:00,18.576339943182255,18.86235499496134,18.429664768588907,18.70834732055664,5506900,0.0,0.0
2019-06-04 00:00:00-04:00,18.94302041226953,19.207035082438395,18.510330324513966,19.060359954833984,7348800,0.0,0.0
2019-06-05 00:00:00-04:00,19.001694768002807,19.00902866603221,18.18765027111317,18.686344146728516,6671800,0.0,0.0
2019-06-06 00:00:00-04:00,18.80367674504138,18.987019931397235,18.58366548093335,18.796342849731445,5635000,0.0,0.0
2019-06-07 00:00:00-04:00,18.869683384463208,19.05302659977777,18.62033649973159,18.840349197387695,5364300,0.0,0.0
2019-06-10 00:00:00-04:00,18.928350308984253,19.698392536704446,18.884348335593746,19.155696868896484,5234800,0.0,0.0
2019-06-11 00:00:00-04:00,19.368378382353338,19.617725282899627,19.119031481807053,19.141033172607422,5756700,0.0,0.0
2019-06-12 00:00:00-04:00,18.87702129909897,18.884355197128375,18.451665004979652,18.686344146728516,5327200,0.0,0.0
2019-06-13 00:00:00-04:00,18.94393383874912,19.23832258685878,18.686343157744563,19.223604202270508,5809600,0.09,0.0
2019-06-14 00:00:00-04:00,19.172082442282207,19.28247943671003,18.892413518996765,18.96601104736328,5075600,0.0,0.0
2019-06-17 00:00:00-04:00,18.78201895190193,19.47383210648355,18.64954367437382,19.42967414855957,5624000,0.0,0.0
2019-06-18 00:00:00-04:00,19.554791832206494,20.12149107327594,19.48119429117368,19.79766273498535,5800900,0.0,0.0
2019-06-19 00:00:00-04:00,19.76086522898494,20.047894103053334,19.503274529914044,19.805023193359375,7122000,0.0,0.0
2019-06-20 00:00:00-04:00,20.349638230133383,20.82802004819139,20.283400596459312,20.65874671936035,7345900,0.0,0.0
2019-06-21 00:00:00-04:00,20.78386116027832,21.026732004924135,20.57778837546284,20.78386116027832,6676700,0.0,0.0
2019-06-24 00:00:00-04:00,20.76914439377792,20.989936996121617,20.393798233174223,20.54835319519043,5202100,0.0,0.0
2019-06-25 00:00:00-04:00,20.46739576728879,20.76914439377792,20.349640274207964,20.54835319519043,4782200,0.0,0.0
2019-06-26 00:00:00-04:00,20.95313816267972,21.490399195381446,20.916340096384484,21.14449119567871,6219400,0.0,0.0
2019-06-27 00:00:00-04:00,21.14449428781243,21.31376766353477,20.739709884344855,20.828025817871094,4934200,0.0,0.0
2019-06-28 00:00:00-04:00,20.87954312751756,21.17393188462128,20.695549978858196,20.989938735961914,8134800,0.0,0.0
2019-07-01 00:00:00-04:00,21.431518568212475,21.608151789464163,21.085610614974698,21.269603729248047,4932400,0.0,0.0
2019-07-02 00:00:00-04:00,21.144490697452113,21.144490697452113,20.195086852594482,20.26868438720703,9228000,0.0,0.0
2019-07-03 00:00:00-04:00,20.423238731291594,20.423238731291594,20.025812871366153,20.253965377807617,4011000,0.0,0.0
2019-07-05 00:00:00-04:00,20.195085605391238,20.563071851971767,20.128847968706253,20.533632278442383,4754100,0.0,0.0
2019-07-08 00:00:00-04:00,20.39379935305278,21.137131821291494,20.34964139166169,20.563074111938477,7030300,0.0,0.0
2019-07-09 00:00:00-04:00,20.4894739510237,20.695546750730873,20.180365453340997,20.666107177734375,4639800,0.0,0.0
2019-07-10 00:00:00-04:00,20.908978306089526,21.438877992966848,20.820662393488032,21.225446701049805,5116800,0.0,0.0
2019-07-11 00:00:00-04:00,21.24016494304843,21.321120956419602,20.908976785488125,21.09296989440918,4207300,0.0,0.0
2019-07-12 00:00:00-04:00,21.13713110456786,21.380001989617945,21.063534972663657,21.085613250732422,4853500,0.0,0.0
2019-07-15 00:00:00-04:00,21.159203995457407,21.23280150749711,20.29811633323117,20.349634170532227,5786100,0.0,0.0
2019-07-16 00:00:00-04:00,20.334921036576535,20.40851857268149,19.56951031085123,19.724063873291016,7598100,0.0,0.0
2019-07-17 00:00:00-04:00,19.70198394267745,19.841817705417096,19.076407043887016,19.08376693725586,5634600,0.0,0.0
2019-07-18 00:00:00-04:00,18.973377043718042,19.10585095288317,18.723146209034105,18.914499282836914,6051400,0.0,0.0
2019-07-19 00:00:00-04:00,18.958651231258113,19.44439295519415,18.75257843174497,19.385515213012695,6905300,0.0,0.0
2019-07-22 00:00:00-04:00,19.42231481927918,19.731423341240802,19.23832168486765,19.437034606933594,4518100,0.0,0.0
2019-07-23 00:00:00-04:00,19.076405606949756,19.363434407933468,18.826174866282305,19.289836883544922,7234600,0.0,0.0
2019-07-24 00:00:00-04:00,19.304562525920083,19.790304368993652,19.28984273582538,19.510635375976562,6577200,0.0,0.0
2019-07-25 00:00:00-04:00,19.584231219293482,19.628389181980364,18.752581400112025,18.818819046020508,5530200,0.0,0.0
2019-07-26 00:00:00-04:00,18.789379684305153,19.076408529258728,18.64954450692121,18.79673957824707,4823600,0.0,0.0
2019-07-29 00:00:00-04:00,18.656903279518776,18.862974682481898,18.34043487781838,18.782018661499023,5301700,0.0,0.0
2019-07-30 00:00:00-04:00,18.77466019596397,19.966934958452054,18.715782447245502,19.782941818237305,6911300,0.0,0.0
2019-07-31 00:00:00-04:00,19.7314263997994,20.3128454684683,19.591592606675544,19.871261596679688,5991300,0.0,0.0
2019-08-01 00:00:00-04:00,19.503266145031574,19.503266145031574,18.274192335590676,18.51706314086914,9688500,0.0,0.0
2019-08-02 00:00:00-04:00,18.59066578128763,18.95865203649026,17.7884556326454,18.4213924407959,7951200,0.0,0.0
2019-08-05 00:00:00-04:00,17.847333723153334,18.060766429109478,17.611822739861168,17.70749855041504,8057700,0.0,0.0
2019-08-06 00:00:00-04:00,17.891492081307923,18.031327257170375,17.280634928337708,17.825254440307617,12237600,0.0,0.0
2019-08-07 00:00:00-04:00,17.02304332368117,18.001886693470137,16.684496647159275,17.781095504760742,13310200,0.0,0.0
2019-08-08 00:00:00-04:00,18.038687118932028,18.230040147730595,17.655981061334888,17.98716926574707,10249000,0.0,0.0
2019-08-09 00:00:00-04:00,18.119641644318563,18.384590761641,17.685417803109353,17.700136184692383,7074500,0.0,0.0
2019-08-12 00:00:00-04:00,17.36895485981178,17.692783219591824,17.184961696898004,17.302717208862305,6449300,0.0,0.0
2019-08-13 00:00:00-04:00,17.16287821794313,18.023966086176422,17.030402945329378,17.383670806884766,8900700,0.0,0.0
2019-08-14 00:00:00-04:00,16.853769546518148,16.94208686195565,16.206114380415507,16.21347427368164,6910300,0.0,0.0
2019-08-15 00:00:00-04:00,16.220832558318822,16.309148461241882,15.742449369754366,15.911724090576172,7200700,0.0,0.0
2019-08-16 00:00:00-04:00,16.036842016589894,16.632979369644513,15.742451883162051,16.588821411132812,7774400,0.0,0.0
2019-08-19 00:00:00-04:00,16.91264875472681,17.214397386010628,16.787533365870868,17.126081466674805,5236100,0.0,0.0
2019-08-20 00:00:00-04:00,17.074564369824436,17.38367290871155,16.897929715812122,17.192319869995117,6936700,0.0,0.0
2019-08-21 00:00:00-04:00,17.427831503047575,17.641262828446873,17.16288091616646,17.20703887939453,5745400,0.0,0.0
2019-08-22 00:00:00-04:00,17.317429994120577,17.413105782483292,16.927364141167647,16.949443817138672,5894800,0.0,0.0
2019-08-23 00:00:00-04:00,16.58146187485669,16.853770929264375,15.882287398528227,15.95588493347168,9246700,0.0,0.0
2019-08-26 00:00:00-04:00,16.206119620735926,16.345953426740035,15.779255499564483,15.874931335449219,9275800,0.0,0.0
2019-08-27 00:00:00-04:00,16.014765585127797,16.169319173158428,15.543743522074664,15.705657005310059,6666700,0.0,0.0
2019-08-28 00:00:00-04:00,15.845491789021436,16.345952015945684,15.808692313967597,16.13252067565918,5824800,0.0,0.0
2019-08-29 00:00:00-04:00,16.257633212904587,16.69921700929016,16.257633212904587,16.588821411132812,6215100,0.0,0.0
2019-08-30 00:00:00-04:00,16.66241616934732,16.86112907192936,16.110436820234604,16.18403434753418,6616200,0.0,0.0
2019-09-03 00:00:00-04:00,15.779251348150725,16.30179116773023,15.676214239971802,16.257633209228516,6614700,0.0,0.0
2019-09-04 00:00:00-04:00,16.596179572042,16.94944744440007,16.471064188942638,16.809612274169922,5609600,0.0,0.0
2019-09-05 00:00:00-04:00,17.023044383275774,17.736938651800845,17.023044383275774,17.29535484313965,7531000,0.0,0.0
2019-09-06 00:00:00-04:00,17.059842127865316,17.34687094278214,16.59617868433928,17.18495750427246,5874100,0.0,0.0
2019-09-09 00:00:00-04:00,17.435191386184158,18.163804095876117,17.42783149169155,18.127004623413086,7254700,0.0,0.0
2019-09-10 00:00:00-04:00,18.259482218428474,18.69370622193308,17.89885576537078,18.075489044189453,9206800,0.0,0.0
2019-09-11 00:00:00-04:00,18.193242261637003,18.612747824982616,17.884133711872856,18.377235412597656,7092500,0.0,0.0
2019-09-12 00:00:00-04:00,17.82325971930568,18.362464273136627,17.55735211029644,18.140872955322266,7706100,0.09,0.0
2019-09-13 00:00:00-04:00,18.42893892277252,18.694846494197247,18.185189493813304,18.517574310302734,5773800,0.0,0.0
2019-09-16 00:00:00-04:00,20.12041114536965,20.992000407164415,19.743707240246458,20.770410537719727,13742400,0.0,0.0
2019-09-17 00:00:00-04:00,20.689161844306973,20.711321396480386,19.374391334201317,19.706777572631836,9822200,0.0,0.0
2019-09-18 00:00:00-04:00,19.426092606344543,19.920977925960955,19.315297679918107,19.573820114135742,8430800,0.0,0.0
2019-09-19 00:00:00-04:00,19.817576036279704,19.95791707397362,19.07155455325911,19.174962997436523,6823200,0.0,0.0
2019-09-20 00:00:00-04:00,19.25620718468332,19.381775145130135,19.064161985833252,19.28575325012207,7923500,0.0,0.0
2019-09-23 00:00:00-04:00,18.990300731365192,19.315300449811772,18.931210001541643,19.078937530517578,4068700,0.0,0.0
2019-09-24 00:00:00-04:00,18.93859834694153,19.012462118559274,18.155645748995678,18.25905418395996,5730000,0.0,0.0
2019-09-25 00:00:00-04:00,17.926664946404287,18.340299994066722,17.867574225309653,18.251663208007812,4347500,0.0,0.0
2019-09-26 00:00:00-04:00,17.99314580079534,18.11871378446786,17.801100566423585,18.03007698059082,3653800,0.0,0.0
2019-09-27 00:00:00-04:00,17.727237032860824,18.25905363666633,17.631215118819885,17.911895751953125,4462000,0.0,0.0
2019-09-30 00:00:00-04:00,17.778939556671563,17.88234797869434,17.616440406516617,17.77155303955078,3920700,0.0,0.0
2019-10-01 00:00:00-04:00,17.874962482501143,18.12609842382146,17.062463931690353,17.092008590698242,4563500,0.0,0.0
2019-10-02 00:00:00-04:00,16.944284789409895,17.055079741262944,16.24996759758495,16.272127151489258,6803500,0.0,0.0
2019-10-03 00:00:00-04:00,16.11701399909953,16.767013528540403,15.821560307914735,16.744853973388672,7236500,0.0,0.0
2019-10-04 00:00:00-04:00,16.53803361036807,16.855646816858528,16.35337490043959,16.693147659301758,3582200,0.0,0.0
2019-10-07 00:00:00-04:00,16.589734156111735,16.693143968817292,15.917576713277914,16.168712615966797,7205800,0.0,0.0
2019-10-08 00:00:00-04:00,15.910196467266553,16.043149566222027,15.444855690002441,15.444855690002441,8530500,0.0,0.0
2019-10-09 00:00:00-04:00,15.747693711299869,15.806784438949183,15.208490645395623,15.563035011291504,7644600,0.0,0.0
2019-10-10 00:00:00-04:00,15.548259429512834,15.769850678514514,15.19371512171076,15.385760307312012,5998200,0.0,0.0
2019-10-11 00:00:00-04:00,15.644285089453854,16.043147143762024,15.548261777734107,15.703375816345215,8706400,0.0,0.0
2019-10-14 00:00:00-04:00,15.378378149569246,15.511332654881711,14.839175019210243,15.474401473999023,9665300,0.0,0.0
2019-10-15 00:00:00-04:00,15.393149125392275,15.695989276370824,15.105082008323427,15.489171028137207,6529300,0.0,0.0
2019-10-16 00:00:00-04:00,15.467017210638579,15.792015594516197,15.208494680272944,15.252812385559082,6535900,0.0,0.0
2019-10-17 00:00:00-04:00,15.282353993995253,15.311898652604109,14.898263570241864,15.053376197814941,5714900,0.0,0.0
2019-10-18 00:00:00-04:00,15.016445481327274,15.223263733246874,14.624968528747559,14.624968528747559,5893000,0.0,0.0
2019-10-21 00:00:00-04:00,14.610197002728675,15.06076327739513,14.602810485591968,14.949968338012695,5062900,0.0,0.0
2019-10-22 00:00:00-04:00,15.02383250299289,15.644285870755686,14.839173796130966,15.267581939697266,6468900,0.0,0.0
2019-10-23 00:00:00-04:00,15.245419019926002,15.902804829142784,15.0090561527696,15.732917785644531,10303100,0.0,0.0
2019-10-24 00:00:00-04:00,15.865877772875729,15.90281036424474,15.533492903560477,15.851104736328125,8312900,0.0,0.0
2019-10-25 00:00:00-04:00,15.828947232124222,15.976673377086886,15.555651680250028,15.858491897583008,9456300,0.0,0.0
2019-10-28 00:00:00-04:00,15.998830292914302,16.153944339689975,15.548262596130371,15.548262596130371,8878500,0.0,0.0
2019-10-29 00:00:00-04:00,15.370989979832935,15.910194461082344,15.297126217170842,15.806784629821777,8305100,0.0,0.0
2019-10-30 00:00:00-04:00,15.888036579073944,15.947127313645776,14.905652236295822,14.957356452941895,6303300,0.0,0.0
2019-10-31 00:00:00-04:00,14.890876378855381,15.090308098558955,14.565876695875552,14.979513168334961,5711200,0.0,0.0
2019-11-01 00:00:00-04:00,15.19371782638444,15.666443654271706,15.038605192421715,15.6368989944458,6601300,0.0,0.0
2019-11-04 00:00:00-05:00,15.96189566158167,16.73007498540571,15.88803191285167,16.670984268188477,12374300,0.0,0.0
2019-11-05 00:00:00-05:00,16.840870980268473,17.409620050350348,16.781780259275155,16.973825454711914,11001200,0.0,0.0
2019-11-06 00:00:00-05:00,17.72723204062376,17.72723204062376,16.27212225113607,16.309053421020508,10316400,0.0,0.0
2019-11-07 00:00:00-05:00,16.56758239446245,16.892582171654823,16.530649801125595,16.752241134643555,8545900,0.0,0.0
2019-11-08 00:00:00-05:00,16.47894179879258,16.98860019924342,16.294283100974717,16.922122955322266,5696800,0.0,0.0
2019-11-11 00:00:00-05:00,16.582358224154312,16.811334706063352,16.464176723244186,16.641448974609375,5730300,0.0,0.0
2019-11-12 00:00:00-05:00,16.796556126328422,17.040305567665392,16.36814797461999,16.52326202392578,7759900,0.0,0.0
2019-11-13 00:00:00-05:00,16.405078247584534,16.501101560624242,15.910194283587865,15.969285011291504,6227300,0.0,0.0
2019-11-14 00:00:00-05:00,16.02837980627096,16.331220038703478,15.984060692621492,16.13178825378418,5818300,0.0,0.0
2019-11-15 00:00:00-05:00,16.279511891087047,16.87780569280342,16.257352339603443,16.66360092163086,6862200,0.0,0.0
2019-11-18 00:00:00-05:00,16.43462755542168,16.486331776249962,15.954515122086347,16.220422744750977,7662000,0.0,0.0
2019-11-19 00:00:00-05:00,16.13178197130925,16.16871314279997,15.66644132105643,15.873259544372559,6166100,0.0,0.0
2019-11-20 00:00:00-05:00,15.80678185001807,16.6488263421482,15.725532993328994,16.213031768798828,6380900,0.0,0.0
2019-11-21 00:00:00-05:00,16.3312153037198,16.907349525777306,16.183487785388426,16.818714141845703,7108000,0.0,0.0
2019-11-22 00:00:00-05:00,16.89257790101139,17.018145868942852,16.626668931548526,16.818714141845703,4324300,0.0,0.0
2019-11-25 00:00:00-05:00,16.78916804864116,16.907349499589596,16.6118958722185,16.796554565429688,7193200,0.0,0.0
2019-11-26 00:00:00-05:00,16.767010587224686,16.848259457526144,16.36076060038106,16.4420108795166,6717600,0.0,0.0
2019-11-27 00:00:00-05:00,16.508491266515453,16.685763483868737,16.323832530668152,16.626672744750977,3221600,0.0,0.0
2019-11-29 00:00:00-05:00,16.434621550304165,16.434621550304165,16.035758148798113,16.168712615966797,2392100,0.0,0.0
2019-12-02 00:00:00-05:00,16.360760183290747,16.523260737419147,16.094852619066714,16.12439727783203,4867500,0.0,0.0
2019-12-03 00:00:00-05:00,15.880649039296728,16.08008078395693,15.577808867998266,15.81417179107666,4483700,0.0,0.0
2019-12-04 00:00:00-05:00,16.072689525594374,16.68575620480736,16.057916495050993,16.538028717041016,6375200,0.0,0.0
2019-12-05 00:00:00-05:00,16.74485320260579,16.796557420078837,16.153945847436276,16.301671981811523,5175000,0.0,0.0
2019-12-06 00:00:00-05:00,16.375533351539723,17.17325886842954,16.375533351539723,17.092008590698242,5310200,0.0,0.0
2019-12-09 00:00:00-05:00,16.9221273398738,17.21019453228146,16.892582673161577,17.09939956665039,4508700,0.0,0.0
2019-12-10 00:00:00-05:00,17.35053233873279,17.64598599494455,17.11416941376338,17.298828125,5087100,0.0,0.0
2019-12-11 00:00:00-05:00,17.232350876248084,17.417009587484706,17.07723823504972,17.298828125,3583600,0.0,0.0
2019-12-12 00:00:00-05:00,17.34331714944744,17.884601757830605,17.291413475254178,17.7882080078125,5833000,0.09,0.0
2019-12-13 00:00:00-05:00,17.832695224689427,17.951332588739742,17.37297579256169,17.410049438476562,4573600,0.0,0.0
2019-12-16 00:00:00-05:00,17.632500688075854,17.951337812829035,17.52127688942569,17.684404373168945,11448300,0.0,0.0
2019-12-17 00:00:00-05:00,17.721473637566753,18.04772710992128,17.691815002408525,17.921674728393555,5364000,0.0,0.0
2019-12-18 00:00:00-05:00,18.27758406249402,18.551933820990488,18.02547933769255,18.314659118652344,9021700,0.0,0.0
2019-12-19 00:00:00-05:00,18.344317842646696,18.707644909234194,18.322072808838517,18.618667602539062,7107400,0.0,0.0
2019-12-20 00:00:00-05:00,18.759556258418154,18.944927373281057,18.58160015786209,18.885608673095703,14639100,0.0,0.0
2019-12-23 00:00:00-05:00,18.93751162592528,19.508453520119385,18.86336290553394,19.449134826660156,6292100,0.0,0.0
2019-12-24 00:00:00-05:00,19.538110817655944,19.790215582859428,19.486207144985052,19.678993225097656,2780000,0.0,0.0
2019-12-26 00:00:00-05:00,19.797633210369504,19.953344248950216,19.515868358267465,19.545528411865234,3175300,0.0,0.0
2019-12-27 00:00:00-05:00,19.649335319012035,19.701238997345225,19.06356200235078,19.078392028808594,3950700,0.0,0.0
2019-12-30 00:00:00-05:00,19.100634806520013,19.256345823079652,18.907848728206414,18.93009376525879,3549700,0.0,0.0
2019-12-31 00:00:00-05:00,18.744722627088542,19.337909470176886,18.648328881168567,19.256345748901367,3391300,0.0,0.0
2020-01-02 00:00:00-05:00,19.434301048162958,19.48620613240567,19.004240250034478,19.122879028320312,5091400,0.0,0.0
2020-01-03 00:00:00-05:00,19.649332753187554,19.678992802230155,19.219271941952698,19.352739334106445,6983500,0.0,0.0
2020-01-06 00:00:00-05:00,19.52328095431102,19.686406986093047,19.34532489756635,19.582599639892578,4389700,0.0,0.0
2020-01-07 00:00:00-05:00,19.4639640169929,19.701238780631275,19.352741648321057,19.64192008972168,6457400,0.0,0.0
2020-01-08 00:00:00-05:00,19.61225843133736,19.64191706509049,18.692816742418472,18.944921493530273,8227400,0.0,0.0
2020-01-09 00:00:00-05:00,19.197028479735557,19.23410354407975,18.685405320207522,19.167369842529297,7500200,0.0,0.0
2020-01-10 00:00:00-05:00,19.056144542106885,19.056144542106885,18.55193505886077,18.61125373840332,5205900,0.0,0.0
2020-01-13 00:00:00-05:00,18.544521140167625,18.855944579688856,18.27017134719482,18.804040908813477,4744200,0.0,0.0
2020-01-14 00:00:00-05:00,18.915266585527114,19.545528587449656,18.81145922554077,19.449134826660156,6388500,0.0,0.0
2020-01-15 00:00:00-05:00,19.278590731026988,19.471376808049538,19.174783387349073,19.456546783447266,5669200,0.0,0.0
2020-01-16 00:00:00-05:00,19.641912962967158,20.005239989744652,19.567764272666547,19.604839324951172,6293500,0.0,0.0
2020-01-17 00:00:00-05:00,19.69382302779501,19.69382302779501,19.070976089503485,19.167369842529297,5842600,0.0,0.0
2020-01-21 00:00:00-05:00,19.019071200131528,19.10804993461099,18.522276683771285,18.529691696166992,5810100,0.0,0.0
2020-01-22 00:00:00-05:00,18.34431986675812,18.425883585452386,17.92908908973712,18.01806640625,8146500,0.0,0.0
2020-01-23 00:00:00-05:00,17.825279349133066,18.233095059160014,17.49902593255025,18.092212677001953,5921300,0.0,0.0
2020-01-24 00:00:00-05:00,18.047727147748866,18.055142160121214,17.46936891112666,17.758548736572266,5564900,0.0,0.0
2020-01-27 00:00:00-05:00,17.20243593445956,17.365561967612596,16.638907709564023,16.772375106811523,6349000,0.0,0.0
2020-01-28 00:00:00-05:00,16.97998492176189,17.03930359079679,16.71305161823916,16.84651756286621,5050200,0.0,0.0
2020-01-29 00:00:00-05:00,17.017067196811777,17.113459544557,16.401635214000567,16.45353889465332,5954000,0.0,0.0
2020-01-30 00:00:00-05:00,16.179188840987816,16.713058496277537,16.06055145409437,16.675983428955078,5609200,0.0,0.0
2020-01-31 00:00:00-05:00,16.275580144606806,16.349727439519167,15.771370619296366,16.105037689208984,7340500,0.0,0.0
2020-02-03 00:00:00-05:00,16.090209698647477,16.15694339805465,15.682392489573747,15.70463752746582,5867400,0.0,0.0
2020-02-04 00:00:00-05:00,16.127285219112995,16.557346101718572,16.06796652545254,16.20884895324707,6171000,0.0,0.0
2020-02-05 00:00:00-05:00,16.668564237729885,17.506442163714418,16.609245559150626,17.358144760131836,6787400,0.0,0.0
2020-02-06 00:00:00-05:00,17.410049628493564,17.46195329904845,17.009648874020925,17.150529861450195,5152800,0.0,0.0
2020-02-07 00:00:00-05:00,16.853936725541967,17.12087150909739,16.683395686834437,17.031892776489258,3338500,0.0,0.0
2020-02-10 00:00:00-05:00,16.83169393751061,16.93550128547546,16.557344128114735,16.713056564331055,3741400,0.0,0.0
2020-02-11 00:00:00-05:00,17.05413836662735,17.165360725295027,16.809448611850847,16.831693649291992,3700800,0.0,0.0
2020-02-12 00:00:00-05:00,17.313659055562727,17.639912550487065,17.143118002365338,17.246925354003906,4484100,0.0,0.0
2020-02-13 00:00:00-05:00,17.03189108796896,17.32848589107938,16.898425123691872,17.276580810546875,5176500,0.0,0.0
2020-02-14 00:00:00-05:00,17.380394309463604,17.491616683905843,16.727887261335805,16.920673370361328,7211000,0.0,0.0
2020-02-18 00:00:00-05:00,16.683396349286493,16.727885010222593,16.320069220725426,16.431291580200195,9680000,0.0,0.0
2020-02-19 00:00:00-05:00,16.698221597413276,17.076378642861496,16.43128687962192,16.84651756286621,10966700,0.0,0.0
2020-02-20 00:00:00-05:00,16.557345122474164,16.772376258194058,16.357144012859596,16.423877716064453,7706300,0.0,0.0
2020-02-21 00:00:00-05:00,16.0902080446792,16.112451666015726,15.45994617854773,15.54892349243164,9274000,0.0,0.0
2020-02-24 00:00:00-05:00,14.777781434901629,14.777781434901629,14.162349559552998,14.221668243408203,10968800,0.0,0.0
2020-02-25 00:00:00-05:00,14.243911181479799,14.355134945849084,13.057537561383935,13.183589935302734,10388900,0.0,0.0
2020-02-26 00:00:00-05:00,13.25032544079794,13.294814104070143,12.375373715586342,12.39761734008789,10340400,0.0,0.0
2020-02-27 00:00:00-05:00,11.737695016079508,12.405030523837556,11.41885657872639,11.619057655334473,13203400,0.0,0.0
2020-02-28 00:00:00-05:00,11.070360196061428,12.101022861914103,10.96655214539328,12.041704177856445,13848000,0.0,0.0
2020-03-02 00:00:00-05:00,12.25673631163893,12.360543663812702,11.426273251441451,12.093608856201172,11012000,0.0,0.0
2020-03-03 00:00:00-05:00,12.026873193641151,12.464348984010712,11.478175056321623,11.708035469055176,11433000,0.0,0.0
2020-03-04 00:00:00-05:00,11.97496914795517,12.27156253521432,11.633886399039941,12.056532859802246,8787200,0.0,0.0
2020-03-05 00:00:00-05:00,11.589397842208735,11.937895605526636,11.46334547477746,11.826672554016113,9800200,0.0,0.0
2020-03-06 00:00:00-05:00,11.240900549159273,11.285389913051599,9.646709775024483,9.913643836975098,13648400,0.0,0.0
2020-03-09 00:00:00-04:00,6.784581042151905,7.244301929075489,5.954118713455436,6.206223487854004,24783100,0.0,0.0
2020-03-10 00:00:00-04:00,6.955122345688704,6.969951662969885,5.798406958809864,6.6807732582092285,20134700,0.0,0.0
2020-03-11 00:00:00-04:00,6.243297771698599,6.62886923437659,5.99860801283086,6.235882759094238,15483400,0.0,0.0
2020-03-12 00:00:00-04:00,5.816159819515038,6.070991671033632,5.254030987559471,5.448902130126953,14551000,0.09,0.0
2020-03-13 00:00:00-04:00,6.0934765756737095,6.528189478410049,5.3889417356765135,6.520694255828857,18626600,0.0,0.0
2020-03-16 00:00:00-04:00,5.321486588325273,6.265862908305789,4.871783561792078,5.6737542152404785,14135800,0.0,0.0
2020-03-17 00:00:00-04:00,5.696237122380748,5.898603429445861,4.766851225457056,4.841801643371582,13441300,0.0,0.0
2020-03-18 00:00:00-04:00,4.407089521036652,4.467049864333721,3.522673385229366,4.054821968078613,14374600,0.0,0.0
2020-03-19 00:00:00-04:00,4.129773921423097,4.90925931930542,3.942397616982309,4.90925931930542,14057900,0.0,0.0
2020-03-20 00:00:00-04:00,5.051664896772914,5.501368304495454,4.452060948796079,4.5569915771484375,18814900,0.0,0.0
2020-03-23 00:00:00-04:00,4.512021083202942,4.939239156311575,4.272179301518671,4.631941795349121,13426500,0.0,0.0
2020-03-24 00:00:00-04:00,5.096634689288333,5.718723848790224,4.774347276010096,5.553832530975342,14859800,0.0,0.0
2020-03-25 00:00:00-04:00,5.5313468510865045,5.83864377923848,4.97671297874801,5.366455554962158,12033100,0.0,0.0
2020-03-26 00:00:00-04:00,5.478882498971143,5.696238959728474,5.059159665874509,5.516357898712158,13399600,0.0,0.0
2020-03-27 00:00:00-04:00,5.20156531507159,5.216555402424861,4.654426590589353,4.714386940002441,13563100,0.0,0.0
2020-03-30 00:00:00-04:00,4.616950973780773,4.886772890690203,4.092297583993632,4.75935697555542,19194700,0.0,0.0
2020-03-31 00:00:00-04:00,5.0066947479961,5.583813753913902,5.0066947479961,5.179080963134766,14607600,0.0,0.0
2020-04-01 00:00:00-04:00,4.92424803988255,5.201564807556295,4.661921000707661,5.089138984680176,16931500,0.0,0.0
2020-04-02 00:00:00-04:00,5.463893305812769,6.775527508173156,5.2990023061970675,5.838645935058594,24076400,0.0,0.0
2020-04-03 00:00:00-04:00,6.22089197182296,6.4232579608334905,5.666258056658593,6.280852317810059,17941900,0.0,0.0
2020-04-06 00:00:00-04:00,6.340813105286596,6.6631005234948155,6.145941609868427,6.595644950866699,13542100,0.0,0.0
2020-04-07 00:00:00-04:00,7.18775425406194,7.555011593301246,6.475724529165547,6.528189659118652,14770900,0.0,0.0
2020-04-08 00:00:00-04:00,6.768029688581684,7.07532661235314,6.460732764810229,7.052841663360596,11611300,0.0,0.0
2020-04-09 00:00:00-04:00,7.570001449652567,7.914773808473616,6.6406146249281734,7.247714042663574,24413800,0.0,0.0
2020-04-13 00:00:00-04:00,7.68992316259291,7.749883518595738,7.067833932975696,7.277695178985596,11422400,0.0,0.0
2020-04-14 00:00:00-04:00,7.060337897630573,7.285189564168464,6.64810996144173,6.827991008758545,11435600,0.0,0.0
2020-04-15 00:00:00-04:00,6.258368524973175,6.5431798637289855,6.033516828517259,6.4982099533081055,10246900,0.0,0.0
2020-04-16 00:00:00-04:00,6.445743868946813,6.4682288208412055,6.056000890597445,6.063496112823486,6949200,0.0,0.0
2020-04-17 00:00:00-04:00,6.130952267706099,6.932922537961047,6.093476867787387,6.91043758392334,12742900,0.0,0.0
2020-04-20 00:00:00-04:00,6.288347603213153,7.180258294859727,6.220892034601015,6.865466117858887,12798900,0.0,0.0
2020-04-21 00:00:00-04:00,6.5131991505312765,6.9479127758793,6.430753845004879,6.783021450042725,14497600,0.0,0.0
2020-04-22 00:00:00-04:00,7.180258311211713,7.360139351397928,6.992882048988476,7.3001790046691895,7391800,0.0,0.0
2020-04-23 00:00:00-04:00,7.592487844096203,8.244557289392255,7.532527484628787,7.922269821166992,12396400,0.0,0.0
2020-04-24 00:00:00-04:00,8.169605552893776,8.416942186243771,7.637456887095712,7.884794235229492,16016800,0.0,0.0
2020-04-27 00:00:00-04:00,7.719902944401593,8.16211108331578,7.4051107341502656,8.064675331115723,7466800,0.0,0.0
2020-04-28 00:00:00-04:00,8.26703963832189,8.431930932247482,7.989722884546454,8.22206974029541,8856000,0.0,0.0
2020-04-29 00:00:00-04:00,8.62680297352324,9.668614496491346,8.506882284385934,9.466248512268066,11865400,0.0,0.0
2020-04-30 00:00:00-04:00,9.601159602355615,9.631139774506972,8.919109435040815,9.346327781677246,10381000,0.0,0.0
2020-05-01 00:00:00-04:00,8.934099507199123,9.143960703536596,8.274535032497697,8.356980323791504,7152100,0.0,0.0
2020-05-04 00:00:00-04:00,8.139625852242808,8.566844283272978,7.97473523022931,8.559349060058594,6554300,0.0,0.0
2020-05-05 00:00:00-04:00,9.113982681964563,9.181438261105443,8.327002116627332,8.379467964172363,8942300,0.0,0.0
2020-05-06 00:00:00-04:00,8.919109538359784,9.031535721317479,8.431931556560857,8.611812591552734,10874300,0.0,0.0
2020-05-07 00:00:00-04:00,8.956584827199848,9.316347607730474,8.92660465505427,9.001555442810059,8928300,0.0,0.0
2020-05-08 00:00:00-04:00,9.233901947561545,9.533704395142562,9.181436823017945,9.51871395111084,7413600,0.0,0.0
2020-05-11 00:00:00-04:00,9.368813985059765,9.578675218185644,9.18143770535857,9.338833808898926,8113500,0.0,0.0
2020-05-12 00:00:00-04:00,9.47374701463717,9.80352902396282,9.293865203857422,9.293865203857422,8834000,0.0,0.0
2020-05-13 00:00:00-04:00,9.18143710120718,9.196427545693098,8.461912205908982,8.641793251037598,9738800,0.0,0.0
2020-05-14 00:00:00-04:00,8.401952055991739,9.039031666016777,8.087159862189221,8.739229202270508,7713900,0.0,0.0
2020-05-15 00:00:00-04:00,8.70175403339433,9.24889313309421,8.626803951577973,8.956585884094238,8335400,0.0,0.0
2020-05-18 00:00:00-04:00,9.638635091416273,10.013387632191483,9.466249265755874,9.83350658416748,10691700,0.0,0.0
2020-05-19 00:00:00-04:00,9.84849615648397,9.863485885099593,9.218911829386773,9.226407051086426,9861100,0.0,0.0
2020-05-20 00:00:00-04:00,9.458753053403898,9.646129304180006,9.263881581048665,9.308852195739746,10717300,0.0,0.0
2020-05-21 00:00:00-04:00,9.36131903705895,9.451259568181037,9.031537089611291,9.211418151855469,8138600,0.0,0.0
2020-05-22 00:00:00-04:00,9.106487810086739,9.181438615308924,8.844161421376795,9.098993301391602,8327800,0.0,0.0
2020-05-26 00:00:00-04:00,9.548693721550993,9.586169115265577,9.076505476228096,9.226407051086426,9076900,0.0,0.0
2020-05-27 00:00:00-04:00,9.3688141601068,9.3688141601068,8.829170264345185,9.316349029541016,9418900,0.0,0.0
2020-05-28 00:00:00-04:00,9.286368287606791,9.29386279524304,8.671773630058004,8.739229202270508,11208700,0.0,0.0
2020-05-29 00:00:00-04:00,8.619310166194284,8.664280794609775,8.072171690045176,8.102151870727539,43102100,0.0,0.0
2020-06-01 00:00:00-04:00,8.094653771292233,8.904119076943093,7.959742648755878,8.769207954406738,12174000,0.0,0.0
2020-06-02 00:00:00-04:00,8.904121897592159,9.158953780982674,8.889131450435606,9.113983154296875,8460800,0.0,0.0
2020-06-03 00:00:00-04:00,9.293863079069826,9.436269450263806,9.054021672575256,9.383804321289062,8261400,0.0,0.0
2020-06-04 00:00:00-04:00,9.256388891544987,9.608655797519816,9.054022157880295,9.533705711364746,10409200,0.0,0.0
2020-06-05 00:00:00-04:00,10.12581497975834,11.167626704636602,10.118319756538712,10.94277572631836,15550300,0.0,0.0
2020-06-08 00:00:00-04:00,11.72975547482992,11.812201499938965,10.897805004073806,11.812201499938965,13064200,0.0,0.0
2020-06-09 00:00:00-04:00,11.242577316932058,11.265062271426453,10.657963496591059,10.90530014038086,10895900,0.0,0.0
2020-06-10 00:00:00-04:00,10.605497287205118,10.867824368213443,10.005893755958306,10.245735168457031,12575600,0.0,0.0
2020-06-11 00:00:00-04:00,9.143960952758789,9.908456403857398,8.934099750701469,9.143960952758789,9180400,0.0,0.0
2020-06-12 00:00:00-04:00,9.854907301690556,9.900287085689238,9.159088755625424,9.680953025817871,8107100,0.11,0.0
2020-06-15 00:00:00-04:00,9.08345598835801,9.9002862620846,8.939753952056087,9.749021530151367,7482400,0.0,0.0
2020-06-16 00:00:00-04:00,10.49022011899318,10.497783536662707,9.680953181821238,10.059115409851074,10065500,0.0,0.0
2020-06-17 00:00:00-04:00,9.983482397952843,10.066678547428396,9.529688169715598,9.552377700805664,7580300,0.0,0.0
2020-06-18 00:00:00-04:00,9.408676454713325,9.938104181297449,9.355733970569812,9.794402122497559,6611000,0.0,0.0
2020-06-19 00:00:00-04:00,10.149875648894483,10.331393370113842,9.62801129877969,9.786839485168457,15559700,0.0,0.0
2020-06-22 00:00:00-04:00,9.764148133644227,9.81709061216103,9.499435019773031,9.60531997680664,6084900,0.0,0.0
2020-06-23 00:00:00-04:00,9.764149248324573,9.832218569209678,9.287664723416095,9.363297462463379,9560800,0.0,0.0
2020-06-24 00:00:00-04:00,9.159088575311115,9.204468358416408,8.508649826049805,8.508649826049805,11073100,0.0,0.0
2020-06-25 00:00:00-04:00,8.402763703738684,8.917064519169237,8.364948061311145,8.848995208740234,8708200,0.0,0.0
2020-06-26 00:00:00-04:00,8.743110779444251,8.750673475610347,8.206120402143343,8.274188995361328,9114100,0.0,0.0
2020-06-29 00:00:00-04:00,8.25906316358527,8.470833810493627,8.138051365351922,8.410327911376953,8126000,0.0,0.0
2020-06-30 00:00:00-04:00,8.281753413014977,8.644789560457946,8.153178185929683,8.576720237731934,8480700,0.0,0.0
2020-07-01 00:00:00-04:00,8.591844515842569,8.924627639941404,8.30444117095253,8.395200729370117,9292600,0.0,0.0
2020-07-02 00:00:00-04:00,8.675041225229212,8.818742546434878,8.425454226464993,8.501086235046387,8120800,0.0,0.0
2020-07-06 00:00:00-04:00,8.697730784914992,8.87168505439545,8.304441742335776,8.440580368041992,8733500,0.0,0.0
2020-07-07 00:00:00-04:00,8.296880175924667,8.319569709535692,7.812832224070083,7.827959060668945,10357100,0.0,0.0
2020-07-08 00:00:00-04:00,7.797706049363468,7.941407389521752,7.631314454479721,7.835521697998047,9995400,0.0,0.0
2020-07-09 00:00:00-04:00,7.805268010033676,7.888464160271145,7.396852840236267,7.411979675292969,8992400,0.0,0.0
2020-07-10 00:00:00-04:00,7.328783667811338,7.744762263239857,7.26827776898034,7.706945896148682,8822300,0.0,0.0
2020-07-13 00:00:00-04:00,7.714506659146,7.911151123322016,7.434666793027959,7.532989025115967,8218600,0.0,0.0
2020-07-14 00:00:00-04:00,7.495174021130232,7.888463020324707,7.366598826877199,7.888463020324707,8370700,0.0,0.0
2020-07-15 00:00:00-04:00,8.11536043393395,8.190993162151996,7.918716638883903,8.122923851013184,7685500,0.0,0.0
2020-07-16 00:00:00-04:00,8.024604637628396,8.296881985494108,7.812833928067507,8.069984436035156,6045600,0.0,0.0
2020-07-17 00:00:00-04:00,8.107797215208121,8.266625357192257,7.714508207899936,7.7825775146484375,6260700,0.0,0.0
2020-07-20 00:00:00-04:00,7.7598897753292695,8.001913391760082,7.699383871221567,7.767453193664551,7694900,0.0,0.0
2020-07-21 00:00:00-04:00,8.085109025801561,8.796054498251713,8.085109025801561,8.584283828735352,14804500,0.0,0.0
2020-07-22 00:00:00-04:00,8.425455068421979,8.508650502561395,8.228810528142734,8.372511863708496,9684400,0.0,0.0
2020-07-23 00:00:00-04:00,8.221245939766078,8.485959761787113,8.138050517470361,8.228809356689453,9173000,0.0,0.0
2020-07-24 00:00:00-04:00,8.206120493549513,8.387638186727067,8.06998186302275,8.092671394348145,5428000,0.0,0.0
2020-07-27 00:00:00-04:00,8.069980687051192,8.09267021507023,7.759887826071674,7.888463020324707,7119200,0.0,0.0
2020-07-28 00:00:00-04:00,7.835521584643079,8.077545915869191,7.797705936555572,7.820395469665527,5853400,0.0,0.0
2020-07-29 00:00:00-04:00,7.8733389974517,8.20612222650781,7.7674540147144056,8.198558807373047,7501100,0.0,0.0
2020-07-30 00:00:00-04:00,7.956534110899761,8.009476595252073,7.684256828431293,7.820395469665527,7693300,0.0,0.0
2020-07-31 00:00:00-04:00,7.737197214921465,7.956531953567243,7.661565217966043,7.933841705322266,7538200,0.0,0.0
2020-08-03 00:00:00-04:00,7.948969038882488,8.145613541687029,7.775014064467055,8.017038345336914,6596700,0.0,0.0
2020-08-04 00:00:00-04:00,7.994349948932892,8.561593339170225,7.979223833595944,8.387639045715332,11389200,0.0,0.0
2020-08-05 00:00:00-04:00,8.970007234284076,9.181778588206559,8.73554707133105,9.106145858764648,14166700,0.0,0.0
2020-08-06 00:00:00-04:00,9.000259974624697,9.113709066176057,8.803616180919208,8.901938438415527,9407300,0.0,0.0
2020-08-07 00:00:00-04:00,8.750673902759985,9.204468874087592,8.644788938394173,9.159089088439941,9433600,0.0,0.0
2020-08-10 00:00:00-04:00,9.26497542138408,9.605321313014203,9.166653146684306,9.559942245483398,10311300,0.0,0.0
2020-08-11 00:00:00-04:00,9.862469143586804,10.021297280276634,9.302789317646292,9.34816837310791,8952600,0.0,0.0
2020-08-12 00:00:00-04:00,9.582632143880378,9.643138050415294,9.310355564473257,9.461620330810547,6983400,0.0,0.0
2020-08-13 00:00:00-04:00,9.430721637919321,9.546577874097334,9.13721833812624,9.144942283630371,7692500,0.26,0.0
2020-08-14 00:00:00-04:00,9.090876488346078,9.361207962036133,8.944124464500723,9.361207962036133,4218100,0.0,0.0
2020-08-17 00:00:00-04:00,9.27625020988552,9.299421319291604,8.913232725074185,9.067708015441895,6813200,0.0,0.0
2020-08-18 00:00:00-04:00,8.990469920334757,9.052260030858331,8.720137634346953,8.758756637573242,6895200,0.0,0.0
2020-08-19 00:00:00-04:00,8.758756664154435,8.805098878889645,8.542491276665597,8.565662384033203,6724900,0.0,0.0
2020-08-20 00:00:00-04:00,8.388013236499082,8.511594164656684,8.248985889290354,8.256709098815918,5064600,0.0,0.0
2020-08-21 00:00:00-04:00,8.241261922650358,8.272156970463827,8.017272641853696,8.063614845275879,4932300,0.0,0.0
2020-08-24 00:00:00-04:00,8.140854945774677,8.434358344468944,8.086788782219182,8.326225280761719,5946900,0.0,0.0
2020-08-25 00:00:00-04:00,8.418909434959252,8.550213590587092,8.272158121573154,8.48069953918457,5796300,0.0,0.0
2020-08-26 00:00:00-04:00,8.496147111128819,8.573385106777527,8.248986703606738,8.264433860778809,5244400,0.0,0.0
2020-08-27 00:00:00-04:00,8.31077766418457,8.395738878899733,8.125407339389929,8.31077766418457,5458400,0.0,0.0
2020-08-28 00:00:00-04:00,8.372567967484843,8.673794568144032,8.33394896477063,8.573386192321777,5612100,0.0,0.0
2020-08-31 00:00:00-04:00,8.573386683380898,8.604281740002605,8.303054385493763,8.395739555358887,5002400,0.0,0.0
2020-09-01 00:00:00-04:00,8.310776626778885,8.55021308226822,8.202643582515124,8.42663288116455,5747800,0.0,0.0
2020-09-02 00:00:00-04:00,8.426631899836817,8.449803000696328,8.179471526412666,8.233537673950195,8443800,0.0,0.0
2020-09-03 00:00:00-04:00,8.094512343008427,8.31850242819491,8.024999016835958,8.08678913116455,8122500,0.0,0.0
2020-09-04 00:00:00-04:00,8.194920857825213,8.318501813953398,7.99410336938386,8.148578643798828,5498300,0.0,0.0
2020-09-08 00:00:00-04:00,7.885968911526547,7.916863960934644,7.3298572855847235,7.430266380310059,11081000,0.0,0.0
2020-09-09 00:00:00-04:00,7.546123666941326,7.5615708239592,7.237172424026641,7.39937162399292,7062100,0.0,0.0
2020-09-10 00:00:00-04:00,7.399371811593226,7.4843330188358745,6.843260149524278,6.8509840965271,12149700,0.0,0.0
2020-09-11 00:00:00-04:00,6.874446749240242,7.054324584086473,6.7727767983872695,7.015220642089844,10429000,0.11,0.0
2020-09-14 00:00:00-04:00,7.069965162098886,7.210739043971677,6.960474282214981,7.13253116607666,6228100,0.0,0.0
2020-09-15 00:00:00-04:00,7.171635134880835,7.343692019458815,7.140352132761712,7.218559265136719,8890400,0.0,0.0
2020-09-16 00:00:00-04:00,7.351512672706977,7.766013409147118,7.210739527244982,7.633060455322266,7845100,0.0,0.0
2020-09-17 00:00:00-04:00,7.437540865194149,7.797295754717557,7.398436926928337,7.781653881072998,6791100,0.0,0.0
2020-09-18 00:00:00-04:00,7.750370652281839,7.875502654385373,7.56267264912654,7.648700714111328,12580600,0.0,0.0
2020-09-21 00:00:00-04:00,7.335871191216441,7.398437196382182,7.140352238612098,7.249843120574951,5664200,0.0,0.0
2020-09-22 00:00:00-04:00,7.304588330531458,7.421899406034687,7.124710502801462,7.19509744644165,5359300,0.0,0.0
2020-09-23 00:00:00-04:00,7.242020678605179,7.30458667076996,6.788416862487793,6.788416862487793,6896800,0.0,0.0
2020-09-24 00:00:00-04:00,6.757134609177508,7.14817247611461,6.592898675230104,7.00739860534668,9167500,0.0,0.0
2020-09-25 00:00:00-04:00,6.858805492169076,7.015220511395914,6.788418547055588,6.897908687591553,6859700,0.0,0.0
2020-09-28 00:00:00-04:00,7.476644869919397,7.836399762640645,7.030861163079542,7.664342880249023,39400900,0.0,0.0
2020-09-29 00:00:00-04:00,7.633059941000904,7.640880877956715,7.015220092558254,7.4844651222229,25306900,0.0,0.0
2020-09-30 00:00:00-04:00,7.515747124844639,7.633058926046253,7.35151119983878,7.398436069488525,12237500,0.0,0.0
2020-10-01 00:00:00-04:00,7.359332536609846,7.461002471517566,7.054323477732224,7.116889476776123,12066500,0.0,0.0
2020-10-02 00:00:00-04:00,6.804059234936111,7.711267033481513,6.764955296203168,7.507927894592285,14637600,0.0,0.0
2020-10-05 00:00:00-04:00,7.719087857219797,7.945889803530774,7.523568912267384,7.938068866729736,12036800,0.0,0.0
2020-10-06 00:00:00-04:00,8.17269199318143,8.282182874119252,7.578314203825717,7.609597206115723,11454000,0.0,0.0
2020-10-07 00:00:00-04:00,7.664343010066493,7.781654082048108,7.500107061784869,7.719088077545166,9363500,0.0,0.0
2020-10-08 00:00:00-04:00,7.797295029313094,8.078842016111766,7.695625097618861,8.07102108001709,8722000,0.0,0.0
2020-10-09 00:00:00-04:00,8.141409940271704,8.180513884155573,7.8207589429462185,7.875504016876221,8986300,0.0,0.0
2020-10-12 00:00:00-04:00,7.820758840420975,7.844220908105446,7.633060807253836,7.711267948150635,6470900,0.0,0.0
2020-10-13 00:00:00-04:00,7.664342316672063,7.797295250673941,7.414077575456184,7.4297194480896,8267600,0.0,0.0
2020-10-14 00:00:00-04:00,7.484464610345993,7.719087482054808,7.2733045478999445,7.28894567489624,11721100,0.0,0.0
2020-10-15 00:00:00-04:00,7.132532154712841,7.382796205312894,6.983938061130485,7.367155075073242,10028800,0.0,0.0
2020-10-16 00:00:00-04:00,7.3358708192115145,7.406257757915027,6.991757062404472,6.99957799911499,9136600,0.0,0.0
2020-10-19 00:00:00-04:00,7.077787388941717,7.1090703966317434,6.858806335111526,6.929192543029785,8942500,0.0,0.0
2020-10-20 00:00:00-04:00,6.976116700093215,7.132531722234074,6.827521869675156,7.015220642089844,10046500,0.0,0.0
2020-10-21 00:00:00-04:00,6.944835222641836,7.038684256561153,6.741495276227072,6.749316215515137,13997300,0.0,0.0
2020-10-22 00:00:00-04:00,6.75713583116207,7.335871799886728,6.75713583116207,7.304588794708252,10617000,0.0,0.0
2020-10-23 00:00:00-04:00,7.359332991779689,7.476644806626812,7.202917984495778,7.3202290534973145,8760000,0.0,0.0
2020-10-26 00:00:00-04:00,7.132531653725243,7.17945653283961,6.788418608320601,6.8900885581970215,9174100,0.0,0.0
2020-10-27 00:00:00-04:00,6.819700755086944,6.921370692181591,6.7258517545024,6.796237945556641,8523700,0.0,0.0
2020-10-28 00:00:00-04:00,6.56161601642169,6.60854014521718,6.264427132616458,6.334814071655273,10995600,0.0,0.0
2020-10-29 00:00:00-04:00,6.170578565419211,6.616361949583655,6.045446544428281,6.608541011810303,12843600,0.0,0.0
2020-10-30 00:00:00-04:00,6.600719547467947,6.9839372634887695,6.5225124135103885,6.9839372634887695,15694900,0.0,0.0
2020-11-02 00:00:00-05:00,7.093427891201417,7.492286763284283,6.780597842026034,7.374975681304932,9494800,0.0,0.0
2020-11-03 00:00:00-05:00,7.578313988724608,7.742549932546903,7.382795043500235,7.539210796356201,9360000,0.0,0.0
2020-11-04 00:00:00-05:00,7.593957028553804,7.83640088603623,7.273306028478695,7.6721649169921875,16190000,0.0,0.0
2020-11-05 00:00:00-05:00,7.625240814621943,8.094486701552373,7.5548538569978,7.859863758087158,14737800,0.0,0.0
2020-11-06 00:00:00-05:00,7.781655172157591,8.039740163348007,7.609598262748744,7.6408820152282715,13372700,0.0,0.0
2020-11-09 00:00:00-05:00,8.469882911109499,9.291062849689185,8.469882911109499,8.860920906066895,17784200,0.0,0.0
2020-11-10 00:00:00-05:00,9.032976260114538,9.21285334847377,8.759249412959749,9.197212219238281,12157100,0.0,0.0
2020-11-11 00:00:00-05:00,9.337983324574058,9.345804260405071,9.048615411435982,9.119002342224121,9466900,0.0,0.0
2020-11-12 00:00:00-05:00,8.915662101981816,9.24413393429282,8.649757007780703,8.77488899230957,7156200,0.0,0.0
2020-11-13 00:00:00-05:00,8.868740381110007,9.251957373912127,8.82963643889954,9.21285343170166,6255500,0.0,0.0
2020-11-16 00:00:00-05:00,9.799410820007324,9.838514764183824,9.549146770630852,9.799410820007324,9010500,0.0,0.0
2020-11-17 00:00:00-05:00,9.697740657377265,10.25301456451416,9.596071448863158,10.25301456451416,10544300,0.0,0.0
2020-11-18 00:00:00-05:00,10.339044012831323,10.667515963397445,9.971468116560523,9.979289054870605,13030700,0.0,0.0
2020-11-19 00:00:00-05:00,9.979288159872647,10.628411064477866,9.90108027547741,10.604948997497559,13796600,0.0,0.0
2020-11-20 00:00:00-05:00,10.558026915936072,10.612772002014696,10.198271894892564,10.292120933532715,9144000,0.0,0.0
2020-11-23 00:00:00-05:00,10.550200532564602,11.363559193615158,10.503276410379353,11.324455261230469,13055800,0.0,0.0
2020-11-24 00:00:00-05:00,11.762420338205919,12.075250368804896,11.574722319846533,11.965760231018066,15283200,0.0,0.0
2020-11-25 00:00:00-05:00,11.793703454464548,11.989222411926953,11.613826371605041,11.824986457824707,8835500,0.0,0.0
2020-11-27 00:00:00-05:00,11.715496101429723,11.91101506770869,11.46523206326326,11.559081077575684,4805800,0.0,0.0
2020-11-30 00:00:00-05:00,11.394847196613439,11.441772085260338,10.917781100291347,10.941243171691895,11359000,0.0,0.0
2020-12-01 00:00:00-05:00,11.277534277502127,11.410487237102643,10.870854460878036,10.94906234741211,6989500,0.0,0.0
2020-12-02 00:00:00-05:00,10.870853604235544,11.950118325791108,10.777004595297532,11.574722290039062,11248500,0.0,0.0
2020-12-03 00:00:00-05:00,11.660749605074017,12.239485495558865,11.410485597479612,11.973580360412598,10305600,0.0,0.0
2020-12-04 00:00:00-05:00,12.317692484509921,13.091947261676191,12.247305550977439,13.076305389404297,13820300,0.0,0.0
2020-12-07 00:00:00-05:00,12.833864570241909,12.919893391023315,12.435005708016261,12.474109649658203,10100800,0.0,0.0
2020-12-08 00:00:00-05:00,12.317694916068003,12.904251816833145,12.255128906320708,12.489751815795898,10695900,0.0,0.0
2020-12-09 00:00:00-05:00,12.677448453481132,12.786940083730572,12.004864255877832,12.28641128540039,11767500,0.0,0.0
2020-12-10 00:00:00-05:00,12.270660531762937,13.168513265093724,12.191901177458016,13.050374984741211,9436700,0.11,0.0
2020-12-11 00:00:00-05:00,12.971614438807952,12.987366608663823,12.554191701989804,12.727461814880371,6840700,0.0,0.0
2020-12-14 00:00:00-05:00,13.026747292440104,13.07400230073814,12.097389532285995,12.105265617370605,8244700,0.0,0.0
2020-12-15 00:00:00-05:00,12.254906891843913,12.467555908182472,11.987126037035942,12.436052322387695,6702600,0.0,0.0
2020-12-16 00:00:00-05:00,12.546315523287292,12.664453784831586,12.176147818754556,12.530563354492188,11101600,0.0,0.0
2020-12-17 00:00:00-05:00,12.688082383440094,12.821972817424479,12.380921843516251,12.680206298828125,10290000,0.0,0.0
2020-12-18 00:00:00-05:00,12.640826836966685,12.798345536764572,12.160396905676645,12.310039520263672,18161900,0.0,0.0
2020-12-21 00:00:00-05:00,11.546076474330825,12.199776521571314,11.294047757641911,12.050134658813477,10013600,0.0,0.0
2020-12-22 00:00:00-05:00,12.065887072253934,12.089515329719047,11.664216459710499,11.679967880249023,5470700,0.0,0.0
2020-12-23 00:00:00-05:00,11.971374224805691,12.546315621549207,11.75872520213956,12.33366584777832,6573800,0.0,0.0
2020-12-24 00:00:00-05:00,12.349418907113105,12.365170326062533,11.916243994984123,12.073761940002441,2793200,0.0,0.0
2020-12-28 00:00:00-05:00,12.207654935416679,12.325793231123887,12.002881188492886,12.089516639709473,5395600,0.0,0.0
2020-12-29 00:00:00-05:00,12.207652921610153,12.247032597384703,11.892617017623442,12.058011054992676,5649800,0.0,0.0
2020-12-30 00:00:00-05:00,12.05800977871635,12.782592281192578,12.010754022567694,12.711709022521973,8885700,0.0,0.0
2020-12-31 00:00:00-05:00,12.593570882373522,12.766840237374241,12.325790014148158,12.451805114746094,8597400,0.0,0.0
2021-01-04 00:00:00-05:00,12.601447480212586,12.940111621596836,12.373046274677925,12.70383358001709,10303800,0.0,0.0
2021-01-05 00:00:00-05:00,12.900731371936121,14.129373599518322,12.877104619004294,13.672571182250977,17603600,0.0,0.0
2021-01-06 00:00:00-05:00,13.940351347935653,14.688561362412143,13.790708744156538,14.428656578063965,89656100,0.0,0.0
2021-01-07 00:00:00-05:00,14.279014805088458,15.176868977793943,14.153000447903414,14.625555038452148,21497600,0.0,0.0
2021-01-08 00:00:00-05:00,14.798825455211388,14.846080462163169,14.11362109446742,14.263263702392578,13952000,0.0,0.0
2021-01-11 00:00:00-05:00,13.8379622201533,14.483786067313492,13.625312464953906,14.436531066894531,10890600,0.0,0.0
2021-01-12 00:00:00-05:00,14.743691714730096,15.65729645654103,14.460160192857044,15.523406028747559,17082400,0.0,0.0
2021-01-13 00:00:00-05:00,15.484030052823638,15.531285065082832,14.972096497088057,15.066606521606445,10870300,0.0,0.0
2021-01-14 00:00:00-05:00,15.17686742106254,16.358253025151715,15.161115252477742,15.972333908081055,12994700,0.0,0.0
2021-01-15 00:00:00-05:00,15.673048887321908,15.704553224840282,14.956341733083338,15.4131441116333,12581100,0.0,0.0
2021-01-19 00:00:00-05:00,15.743934941747922,15.862073224012422,15.373767923396555,15.751811027526855,10915400,0.0,0.0
2021-01-20 00:00:00-05:00,15.940835502074226,15.988090523201482,15.358018567471289,15.728185653686523,10245700,0.0,0.0
2021-01-21 00:00:00-05:00,15.68092741654513,15.743934599195955,13.767082177987945,14.483789443969727,21202300,0.0,0.0
2021-01-22 00:00:00-05:00,14.019112586975098,14.239638503759458,13.625317272709394,14.019112586975098,16633700,0.0,0.0
2021-01-25 00:00:00-05:00,13.806460975172381,13.885218817525544,13.144884884380863,13.68044662475586,15034500,0.0,0.0
2021-01-26 00:00:00-05:00,13.924599805251667,14.121497423533597,13.255147602651181,13.270899772644043,11023100,0.0,0.0
2021-01-27 00:00:00-05:00,12.963737210331645,13.837963031491004,12.688081773217855,13.55443000793457,15504100,0.0,0.0
2021-01-28 00:00:00-05:00,13.71982679854233,13.830088989671255,13.121257828310176,13.546557426452637,12285600,0.0,0.0
2021-01-29 00:00:00-05:00,13.396913116632,13.86946766527026,12.845599226185778,12.963737487792969,11201200,0.0,0.0
2021-02-01 00:00:00-05:00,13.231519814289934,13.365410259531865,12.73533845969317,13.200016975402832,9160500,0.0,0.0
2021-02-02 00:00:00-05:00,13.60168952082907,13.798587163566456,13.270901420941867,13.357535362243652,10544500,0.0,0.0
2021-02-03 00:00:00-05:00,13.530804796652918,14.373526376744097,13.499300456136414,14.334147453308105,10508800,0.0,0.0
2021-02-04 00:00:00-05:00,14.452285117620706,14.475911869804145,13.916723369055644,14.294766426086426,7402600,0.0,0.0
2021-02-05 00:00:00-05:00,14.672810586630899,14.814577119231823,14.066367033696498,14.097869873046875,9425300,0.0,0.0
2021-02-08 00:00:00-05:00,14.27114116390197,14.885460820163523,14.20025789553183,14.767322540283203,10309200,0.0,0.0
2021-02-09 00:00:00-05:00,14.924840753047226,15.074481868232564,14.491665071579474,14.861833572387695,8261000,0.0,0.0
2021-02-10 00:00:00-05:00,14.940592664944264,15.625797126074387,14.846082637194472,15.539161682128906,11604800,0.0,0.0
2021-02-11 00:00:00-05:00,15.373763693935391,15.381639777547544,14.720063776220165,15.200492858886719,7221000,0.0,0.0
2021-02-12 00:00:00-05:00,15.042979238272112,15.751810406104891,14.940591629394996,15.736058235168457,9125700,0.0,0.0
2021-02-16 00:00:00-05:00,16.2164877556321,16.633911241876383,16.035342309646875,16.437013626098633,14500300,0.0,0.0
2021-02-17 00:00:00-05:00,16.26374402951867,17.311239366953167,16.066846398405346,17.114341735839844,13098100,0.0,0.0
2021-02-18 00:00:00-05:00,16.948949053040128,17.074963421283496,16.14560632883135,16.17711067199707,10717500,0.0,0.0
2021-02-19 00:00:00-05:00,16.247989359831024,16.468515213560266,16.05109175899725,16.405508041381836,9343800,0.0,0.0
2021-02-22 00:00:00-05:00,16.594532972644767,17.720787721521713,16.444890344599845,16.736299514770508,19651000,0.0,0.0
2021-02-23 00:00:00-05:00,16.84656111039798,17.13009418450378,15.444650915563166,17.004079818725586,17987000,0.0,0.0
2021-02-24 00:00:00-05:00,17.090715949961254,17.681408876772686,16.791430692472645,17.539642333984375,15609200,0.0,0.0
2021-02-25 00:00:00-05:00,17.634151106961834,17.84680090602144,16.720546231975767,16.8150577545166,17195300,0.0,0.0
2021-02-26 00:00:00-05:00,16.55515512495246,17.145848087526986,16.035345438063665,16.964702606201172,16250100,0.0,0.0
2021-03-01 00:00:00-05:00,17.366368048230548,17.815295846594246,17.208850866571083,17.642024993896484,11829700,0.0,0.0
2021-03-02 00:00:00-05:00,17.712906524930894,18.256344278879226,17.56326394006206,17.70503044128418,10517000,0.0,0.0
2021-03-03 00:00:00-05:00,17.90980509617222,18.50837396641503,17.85467400981726,17.870426177978516,13706100,0.0,0.0
2021-03-04 00:00:00-05:00,18.05945024646239,19.01243402201718,17.6420267443395,18.602888107299805,19432600,0.0,0.0
2021-03-05 00:00:00-05:00,19.311717147044867,20.579736681263807,18.925798027742626,20.170190811157227,25108200,0.0,0.0
2021-03-08 00:00:00-05:00,20.280454077844666,20.45372343596673,19.06756406436152,19.351097106933594,22490300,0.0,0.0
2021-03-09 00:00:00-05:00,19.382605049715593,19.579502698730305,18.65802164125305,18.76828384399414,11746000,0.0,0.0
2021-03-10 00:00:00-05:00,18.736779909859713,19.051815829490042,18.303604205934466,18.823413848876953,16969700,0.0,0.0
2021-03-11 00:00:00-05:00,19.059690288258256,19.64250706537562,18.988807024616044,19.40622901916504,13936600,0.0,0.0
2021-03-12 00:00:00-05:00,19.597578949810003,19.733119630322015,19.206903228504743,19.334470748901367,9798700,0.3,0.0
2021-03-15 00:00:00-04:00,19.318527867195183,19.741096304175382,18.86406830480189,19.621501922607422,10401800,0.0,0.0
2021-03-16 00:00:00-04:00,19.159067747709305,19.350419047871483,18.62487813115137,18.74447250366211,9902600,0.0,0.0
2021-03-17 00:00:00-04:00,18.656766691636008,19.063388718902818,18.345821061671575,18.8800106048584,11863700,0.0,0.0
2021-03-18 00:00:00-04:00,18.776360787350164,18.864064023600775,17.524603604290114,17.827577590942383,17018600,0.0,0.0
2021-03-19 00:00:00-04:00,17.859471160323967,18.31393068195205,17.63622874028206,18.098661422729492,18103700,0.0,0.0
2021-03-22 00:00:00-04:00,18.00298581360152,18.05082325991835,17.620283201616854,17.803661346435547,11954200,0.0,0.0
2021-03-23 00:00:00-04:00,17.301358931809304,17.891358987082935,17.102034527160463,17.333250045776367,13197700,0.0,0.0
2021-03-24 00:00:00-04:00,17.79568774177083,18.433526933241176,17.779741419820954,17.811634063720703,11052300,0.0,0.0
2021-03-25 00:00:00-04:00,17.285415324614668,17.891361792239415,16.894739612736494,17.819604873657227,9282900,0.0,0.0
2021-03-26 00:00:00-04:00,18.313934279257467,18.481367647901845,17.628259042084714,18.130556106567383,11916000,0.0,0.0
2021-03-29 00:00:00-04:00,17.98703631479409,18.21825338582233,17.181765427165143,17.420955657958984,10882100,0.0,0.0
2021-03-30 00:00:00-04:00,17.149878252624728,17.628257303496042,16.886770002754268,17.54055404663086,8036200,0.0,0.0
2021-03-31 00:00:00-04:00,17.540550012993542,17.564469492290343,17.102036870958596,17.420955657958984,9276100,0.0,0.0
2021-04-01 00:00:00-04:00,17.684066850202843,18.77636407124946,17.604336759732835,18.736499786376953,14127500,0.0,0.0
2021-04-05 00:00:00-04:00,18.664740139229277,18.68865961910483,17.819604953048422,17.907306671142578,11309100,0.0,0.0
2021-04-06 00:00:00-04:00,18.146500652500233,18.752447247869934,17.995013623476538,18.162446975708008,12527800,0.0,0.0
2021-04-07 00:00:00-04:00,18.194337453599527,18.297987030034598,17.86744544310436,17.955148696899414,7821400,0.0,0.0
2021-04-08 00:00:00-04:00,17.715957652746415,17.85149834787043,17.357174533223997,17.811634063720703,7749200,0.0,0.0
2021-04-09 00:00:00-04:00,17.7877103128464,18.066764797113564,17.460818394932595,17.57244110107422,6826300,0.0,0.0
2021-04-12 00:00:00-04:00,17.819610564286318,18.01893506384047,17.35717778614969,17.44487953186035,7475500,0.0,0.0
2021-04-13 00:00:00-04:00,17.41298848489704,17.5166365560353,17.110014392538567,17.293394088745117,7356600,0.0,0.0
2021-04-14 00:00:00-04:00,17.492717284941737,18.457447065456652,17.468797799204747,17.931230545043945,11993200,0.0,0.0
2021-04-15 00:00:00-04:00,18.034874734234567,18.034874734234567,17.556495807672768,17.83555030822754,6988400,0.0,0.0
2021-04-16 00:00:00-04:00,17.947178122342955,17.987042413963685,17.285420844652176,17.44487953186035,6568300,0.0,0.0
2021-04-19 00:00:00-04:00,17.492715270264902,17.931228479862522,17.24555184162446,17.564472198486328,8624900,0.0,0.0
2021-04-20 00:00:00-04:00,17.41298337600962,17.460820816290056,16.29676680487563,16.71933364868164,13799100,0.0,0.0
2021-04-21 00:00:00-04:00,16.057578287001405,17.046227443109515,16.057578287001405,16.878795623779297,7001200,0.0,0.0
2021-04-22 00:00:00-04:00,16.950553248195707,17.014337018281886,16.575823789030046,16.743255615234375,6503700,0.0,0.0
2021-04-23 00:00:00-04:00,16.878797715074924,17.189743429914575,16.6475805789043,17.09406852722168,5023200,0.0,0.0
2021-04-26 00:00:00-04:00,17.04622388746622,17.57244176021607,16.982440133303307,17.436901092529297,7863400,0.0,0.0
2021-04-27 00:00:00-04:00,17.500688498676194,17.771769890618078,17.221633945709552,17.65217399597168,7321500,0.0,0.0
2021-04-28 00:00:00-04:00,18.05082574454636,19.29461168578646,17.91528502738783,19.15907096862793,15830700,0.0,0.0
2021-04-29 00:00:00-04:00,19.454068172762206,19.812852830831247,18.895960563318745,19.190959930419922,11528000,0.0,0.0
2021-04-30 00:00:00-04:00,18.82420302846375,19.302580529592316,18.600959079405428,18.640823364257812,8597700,0.0,0.0
2021-05-03 00:00:00-04:00,18.887984902634283,18.98365978497602,18.4654165302379,18.83217430114746,10247500,0.0,0.0
2021-05-04 00:00:00-04:00,18.92785179815418,19.206906364861293,18.35379786263029,18.696636199951172,10921300,0.0,0.0
2021-05-05 00:00:00-04:00,19.1670386121755,20.45068695372269,18.872037775984044,20.115821838378906,22502600,0.0,0.0
2021-05-06 00:00:00-04:00,20.044066952746114,20.171634483844706,19.477986223586743,20.147716522216797,11220900,0.0,0.0
2021-05-07 00:00:00-04:00,19.820823589789327,21.19217524415584,19.701227704445422,20.905147552490234,13226800,0.0,0.0
2021-05-10 00:00:00-04:00,21.088526205077002,21.78217439956582,20.72176844739947,20.737714767456055,13095300,0.0,0.0
2021-05-11 00:00:00-04:00,20.107852316670478,20.642041965880452,19.709203370117514,20.52244758605957,10516800,0.0,0.0
2021-05-12 00:00:00-04:00,20.610149166070016,21.542987686026763,20.16366280801698,20.394878387451172,14191000,0.0,0.0
2021-05-13 00:00:00-04:00,19.988256941724103,20.48258227995856,19.35041926728445,19.733121871948242,10783500,0.0,0.0
2021-05-14 00:00:00-04:00,20.123795857877376,21.048661164381937,20.123795857877376,21.03271484375,10102400,0.0,0.0
2021-05-17 00:00:00-04:00,20.809474930270657,21.80609727826518,20.777582285186824,21.678529739379883,12044400,0.0,0.0
2021-05-18 00:00:00-04:00,21.814067145123555,21.877850904933428,20.89717350686005,20.921092987060547,13291300,0.0,0.0
2021-05-19 00:00:00-04:00,20.291233768752335,20.42677448330545,19.59758387175105,20.15569305419922,13867300,0.0,0.0
2021-05-20 00:00:00-04:00,20.0679868770179,20.251365016919696,19.581634703541447,20.13974380493164,7717500,0.0,0.0
2021-05-21 00:00:00-04:00,20.315150133107313,20.721772244716043,20.187582590727132,20.211502075195312,8636100,0.0,0.0
2021-05-24 00:00:00-04:00,20.62609660221083,20.793528425256614,20.131771252824457,20.68988037109375,9454700,0.0,0.0
2021-05-25 00:00:00-04:00,20.67393346171555,21.040689742198104,20.482582160499657,20.570283889770508,13301400,0.0,0.0
2021-05-26 00:00:00-04:00,20.602175397537447,21.120418666508634,20.442715228288677,21.0566349029541,8220100,0.0,0.0
2021-05-27 00:00:00-04:00,21.200150301210005,21.471231696318462,20.929068906101545,21.247987747192383,14805100,0.0,0.0
2021-05-28 00:00:00-04:00,21.391502178043584,21.455285947967838,20.952988949904974,21.176231384277344,6134600,0.0,0.0
2021-06-01 00:00:00-04:00,22.99407027343368,24.19001705663977,22.7867726485243,24.07839584350586,37271800,0.0,0.0
2021-06-02 00:00:00-04:00,24.19001784389973,25.0271800110993,23.69569248830116,24.556774139404297,16381900,0.0,0.0
2021-06-03 00:00:00-04:00,24.261770261007122,24.955418437182775,24.102310106100788,24.851770401000977,10345000,0.0,0.0
2021-06-04 00:00:00-04:00,25.09095989957437,25.362041258982334,24.4770417815973,25.242446899414062,9923300,0.0,0.0
2021-06-07 00:00:00-04:00,25.12285060212525,25.50555313151586,24.44514725587646,24.65244483947754,9893700,0.0,0.0
2021-06-08 00:00:00-04:00,24.309611912885376,24.81191042339871,24.006639390917414,24.59663963317871,9744900,0.0,0.0
2021-06-09 00:00:00-04:00,24.660424666937313,24.859749144981453,23.75150553368805,23.863126754760742,9713100,0.0,0.0
2021-06-10 00:00:00-04:00,24.365419398578197,24.4212299991008,23.161499584716367,23.432580947875977,11263700,0.0,0.0
2021-06-11 00:00:00-04:00,23.610040064106286,23.843961761905042,23.480979498729738,23.62617301940918,6377100,0.34,0.0
2021-06-14 00:00:00-04:00,23.892361525729644,24.158549144137975,23.198659806867727,23.376117706298828,7983200,0.0,0.0
2021-06-15 00:00:00-04:00,23.44871236311818,23.989154029345,23.400315038261166,23.8762264251709,7208900,0.0,0.0
2021-06-16 00:00:00-04:00,23.610040078984667,23.843961776930836,23.013134579111156,23.44064712524414,9412500,0.0,0.0
2021-06-17 00:00:00-04:00,23.36805562007173,23.6584427269184,21.899990203944476,22.254907608032227,14957200,0.0,0.0
2021-06-18 00:00:00-04:00,21.657998601287204,22.13391004627648,21.512805070473746,21.577335357666016,16743600,0.0,0.0
2021-06-21 00:00:00-04:00,21.94032202499075,23.093800865561114,21.924189066473332,23.069602966308594,10531200,0.0,0.0
2021-06-22 00:00:00-04:00,22.90827293367851,23.150262658638127,22.472693890388587,23.021202087402344,7999300,0.0,0.0
2021-06-23 00:00:00-04:00,23.287389365953544,24.126283066668318,23.271256410155114,23.47291374206543,9484600,0.0,0.0
2021-06-24 00:00:00-04:00,23.480980908654107,24.005289679294062,23.1018641288884,23.98915672302246,9092900,0.0,0.0
2021-06-25 00:00:00-04:00,23.98915421582467,24.190811532573555,23.618105491497868,24.005287170410156,10966800,0.0,0.0
2021-06-28 00:00:00-04:00,23.876229238417235,23.940759525337686,22.64208577022482,22.916339874267578,12320600,0.0,0.0
2021-06-29 00:00:00-04:00,23.045402621666234,23.29545731475179,22.464629984605846,22.601757049560547,8817800,0.0,0.0
2021-06-30 00:00:00-04:00,22.93247646817864,23.618111837041038,22.90021055033869,23.545515060424805,10819200,0.0,0.0
2021-07-01 00:00:00-04:00,24.44087249191622,24.642529860788546,23.71490627168058,24.16661834716797,11461000,0.0,0.0
2021-07-02 00:00:00-04:00,24.08594941949436,24.17467758903834,23.545507771175075,23.57777214050293,9161500,0.0,0.0
2021-07-06 00:00:00-04:00,23.634242204868592,23.634242204868592,22.3113704028188,22.45656394958496,15099800,0.0,0.0
2021-07-07 00:00:00-04:00,22.738880028038743,23.077664390070836,21.795123700843853,22.206504821777344,13732000,0.0,0.0
2021-07-08 00:00:00-04:00,21.57733489599419,22.730815101083973,21.416008412203574,22.392030715942383,10291000,0.0,0.0
2021-07-09 00:00:00-04:00,22.66628265082888,23.18252488802456,22.262968018388946,23.109928131103516,8812200,0.0,0.0
2021-07-12 00:00:00-04:00,22.65822030633887,23.31158969927739,22.472695910823063,23.150264739990234,8413400,0.0,0.0
2021-07-13 00:00:00-04:00,22.98087168901576,23.537446412284286,22.84374462787782,23.368053436279297,9897400,0.0,0.0
2021-07-14 00:00:00-04:00,23.46485015517145,23.96495953835233,21.75479509293303,22.02098274230957,16498200,0.0,0.0
2021-07-15 00:00:00-04:00,21.69832901232374,22.254903689609154,21.391810539028267,21.496671676635742,13428900,0.0,0.0
2021-07-16 00:00:00-04:00,21.80319337253088,21.859657184721037,20.673910974633753,20.794906616210938,13531000,0.0,0.0
2021-07-19 00:00:00-04:00,19.83501599164084,20.351258287270966,19.399435400810372,20.109270095825195,16836900,0.0,0.0
2021-07-20 00:00:00-04:00,20.125404413465382,20.83523761796952,19.79468647814233,20.431922912597656,13312300,0.0,0.0
2021-07-21 00:00:00-04:00,20.84330170444332,21.545068349673063,20.738439031508918,21.24661636352539,9063800,0.0,0.0
2021-07-22 00:00:00-04:00,21.319213680972815,21.440207774146742,20.883633099318644,20.964296340942383,6993200,0.0,0.0
2021-07-23 00:00:00-04:00,21.012695220041667,21.028828177260777,20.310928504768658,20.66584587097168,7984500,0.0,0.0
2021-07-26 00:00:00-04:00,20.80297148806493,21.58540139666594,20.71424176803473,21.496671676635742,8333000,0.0,0.0
2021-07-27 00:00:00-04:00,21.190155005657868,21.391812358497724,20.746507906296078,20.923967361450195,8499700,0.0,0.0
2021-07-28 00:00:00-04:00,21.198220405000082,21.609601568469056,20.811037137984712,21.343412399291992,6879300,0.0,0.0
2021-07-29 00:00:00-04:00,21.73866008089758,21.811256840413357,21.303079523802932,21.48053741455078,6009800,0.0,0.0
2021-07-30 00:00:00-04:00,21.416011771875034,21.416011771875034,20.601317362643712,20.843305587768555,9262000,0.0,0.0
2021-08-02 00:00:00-04:00,20.89977001334554,21.58540538920787,20.39159411036738,20.560985565185547,8739200,0.0,0.0
2021-08-03 00:00:00-04:00,20.375459042798454,21.1820884512773,20.044741108404008,21.141756057739258,10435600,0.0,0.0
2021-08-04 00:00:00-04:00,20.448053624319098,20.980428853859145,20.020539529708856,20.399656295776367,12758800,0.0,0.0
2021-08-05 00:00:00-04:00,20.690041075960433,21.81932177944997,20.690041075960433,21.48053741455078,10407600,0.0,0.0
2021-08-06 00:00:00-04:00,21.811257309787365,22.150040143453815,21.51280378774171,21.787057876586914,7952500,0.0,0.0
2021-08-09 00:00:00-04:00,21.238548945148537,21.617664154027754,20.948161911142087,21.488603591918945,7787100,0.0,0.0
2021-08-10 00:00:00-04:00,21.666066334279158,22.367833055822082,21.625733940871037,22.303302764892578,8156400,0.0,0.0
2021-08-11 00:00:00-04:00,22.06131585782766,22.66628794786759,21.819326098697534,22.58562469482422,6996200,0.0,0.0
2021-08-12 00:00:00-04:00,22.62595443065337,23.013137718366533,22.31136945175221,22.964738845825195,7314300,0.0,0.0
2021-08-13 00:00:00-04:00,22.8921390392981,23.16639312656335,22.537223252209323,22.593687057495117,5643400,0.0,0.0
2021-08-16 00:00:00-04:00,22.174241687120098,22.222639019603974,21.674132328231956,21.916120529174805,8975800,0.0,0.0
2021-08-17 00:00:00-04:00,21.698329624627323,22.246837839340724,21.53700467463853,21.706396102905273,8292500,0.0,0.0
2021-08-18 00:00:00-04:00,21.795123633295606,22.10970856187784,21.04495815265496,21.085289001464844,7773700,0.0,0.0
2021-08-19 00:00:00-04:00,20.512587773067256,20.835239255011032,19.73015619851452,20.439990997314453,15530400,0.0,0.0
2021-08-20 00:00:00-04:00,20.133468206088928,20.7949055775574,19.996342691061045,20.730375289916992,8944400,0.0,0.0
2021-08-23 00:00:00-04:00,21.55313741033845,22.07744776079553,21.488607118693142,21.988718032836914,7807100,0.0,0.0
2021-08-24 00:00:00-04:00,22.367833360766724,23.077668109192068,22.222639819565014,23.013137817382812,10505500,0.0,0.0
2021-08-25 00:00:00-04:00,23.10992882163831,23.803630502490535,22.746946564710235,23.585840225219727,10567000,0.0,0.0
2021-08-26 00:00:00-04:00,23.392252702645465,23.868164173815646,23.142198018334796,23.4648494720459,11960300,0.0,0.0
2021-08-27 00:00:00-04:00,23.763297858816035,24.52959629049967,23.763297858816035,24.48926544189453,13653800,0.0,0.0
2021-08-30 00:00:00-04:00,24.51346621236658,24.642526789276516,23.852030371072313,24.02142333984375,7964400,0.0,0.0
2021-08-31 00:00:00-04:00,23.92462908381607,24.457004391501297,23.7310382027054,23.835899353027344,11534800,0.0,0.0
2021-09-01 00:00:00-04:00,23.714900900888438,23.86816089730872,22.319432593573953,22.779211044311523,20559000,0.0,0.0
2021-09-02 00:00:00-04:00,23.06960085217077,24.174682254440935,23.06960085217077,23.650373458862305,11711300,0.0,0.0
2021-09-03 00:00:00-04:00,23.56163944597701,24.037550822356923,23.39224804346375,23.529375076293945,7305300,0.0,0.0
2021-09-07 00:00:00-04:00,23.311586559786264,23.658437406400548,23.174459516671856,23.44064712524414,5939700,0.0,0.0
2021-09-08 00:00:00-04:00,23.59391107822967,23.89236464745166,22.609823717040367,22.771148681640625,8874000,0.0,0.0
2021-09-09 00:00:00-04:00,22.593687255025213,23.456780374278498,22.36783049338414,22.948604583740234,9205700,0.0,0.0
2021-09-10 00:00:00-04:00,23.55597210878394,23.826824679936433,22.99785127962461,23.038888931274414,6582700,0.49,0.0
2021-09-13 00:00:00-04:00,23.547766031521224,24.196170056039907,23.449273468493914,23.736541748046875,9789200,0.0,0.0
2021-09-14 00:00:00-04:00,23.90890423873038,24.040228191453167,22.874740830614936,23.203046798706055,9044100,0.0,0.0
2021-09-15 00:00:00-04:00,23.728330812641484,24.97589476585996,23.703707283721105,24.893817901611328,20487900,0.0,0.0
2021-09-16 00:00:00-04:00,24.78712011375383,25.099010332399327,24.38494361861273,24.877403259277344,10065400,0.0,0.0
2021-09-17 00:00:00-04:00,24.79532733941255,25.189296006295727,24.393152394383943,24.450607299804688,24716400,0.0,0.0
2021-09-20 00:00:00-04:00,23.33436658906425,23.662672520618248,22.4889774455123,23.129175186157227,14190300,0.0,0.0
2021-09-21 00:00:00-04:00,23.654462334123597,23.728331357093708,22.825488960614777,23.383609771728516,11105200,0.0,0.0
2021-09-22 00:00:00-04:00,23.9909733489273,25.312406203515227,23.974557664469927,24.984100341796875,15922200,0.0,0.0
2021-09-23 00:00:00-04:00,25.09901292398271,27.019603059557802,25.02514389198141,26.921112060546875,15590400,0.0,0.0
2021-09-24 00:00:00-04:00,26.59280864015143,27.364327233510476,26.477898817718255,27.159135818481445,10329400,0.0,0.0
2021-09-27 00:00:00-04:00,27.90602591378348,28.80066039919953,27.840363173472827,28.726791381835938,17222100,0.0,0.0
2021-09-28 00:00:00-04:00,29.161798522560286,29.52293736259876,28.61188711573377,28.833494186401367,15516900,0.0,0.0
2021-09-29 00:00:00-04:00,28.71858489143433,29.580388000292764,28.349239807360206,29.342365264892578,13299100,0.0,0.0
2021-09-30 00:00:00-04:00,29.13717755681681,29.47369131322003,28.652925748239277,29.145383834838867,15487000,0.0,0.0
2021-10-01 00:00:00-04:00,29.43265345543898,30.507854334226224,29.39161580367122,30.21238136291504,14253500,0.0,0.0
2021-10-04 00:00:00-04:00,30.77870316231134,32.33815870825709,30.72945611010187,31.8128662109375,19176300,0.0,0.0
2021-10-05 00:00:00-04:00,32.272498673069556,33.02760454862313,31.87032533809899,32.89628219604492,19210500,0.0,0.0
2021-10-06 00:00:00-04:00,32.02627763852352,32.6500581860553,31.221927637060563,31.747217178344727,16983600,0.0,0.0
2021-10-07 00:00:00-04:00,31.853914517134275,31.99344316825615,30.795126126611,31.51740074157715,14063200,0.0,0.0
2021-10-08 00:00:00-04:00,32.009862131139066,32.806005857850444,31.862124055440614,32.715721130371094,10952800,0.0,0.0
2021-10-11 00:00:00-04:00,33.3723294286272,33.53648317609006,32.21505004892386,32.37920379638672,10102100,0.0,0.0
2021-10-12 00:00:00-04:00,32.38740976791752,33.01939965452877,31.812873222727987,32.215049743652344,9319300,0.0,0.0
2021-10-13 00:00:00-04:00,31.66513799691643,32.313540434129706,31.230130104717755,32.001651763916016,7691400,0.0,0.0
2021-10-14 00:00:00-04:00,32.64184483943808,32.7813734738316,32.026270704467215,32.65005111694336,7627800,0.0,0.0
2021-10-15 00:00:00-04:00,33.035812921531196,33.63497138886344,32.85524350116705,32.912696838378906,7737500,0.0,0.0
2021-10-18 00:00:00-04:00,33.38053253685731,34.45573650620144,32.73213014896595,33.25741958618164,11777300,0.0,0.0
2021-10-19 00:00:00-04:00,33.35591130210612,34.31620861942377,32.92090656445955,33.07685089111328,16074300,0.0,0.0
2021-10-20 00:00:00-04:00,32.69108958488867,33.676005626393646,32.4366511666159,33.5775146484375,10565100,0.0,0.0
2021-10-21 00:00:00-04:00,33.323075753471834,33.479023191557594,32.14117464199013,32.584388732910156,9937800,0.0,0.0
2021-10-22 00:00:00-04:00,32.78958384220505,33.20817288861152,32.30533204994623,33.19175720214844,7334500,0.0,0.0
2021-10-25 00:00:00-04:00,33.65138629908221,33.89761532873476,32.90448980158536,33.3723258972168,8639500,0.0,0.0
2021-10-26 00:00:00-04:00,33.58572500400549,34.258755639525134,33.44619636253759,34.069976806640625,6663000,0.0,0.0
2021-10-27 00:00:00-04:00,33.405159346875394,33.70063545322271,32.346371009454884,32.51052474975586,9047100,0.0,0.0
2021-10-28 00:00:00-04:00,32.436655076478615,33.273836317447724,32.412033111764615,33.241004943847656,5849200,0.0,0.0
2021-10-29 00:00:00-04:00,33.068642196746595,33.15071749299353,32.297120635749266,32.89628219604492,7957500,0.0,0.0
2021-11-01 00:00:00-04:00,33.67600997776655,34.80046105103208,33.51185937028651,34.46394729614258,13381700,0.0,0.0
2021-11-02 00:00:00-04:00,34.27516864128671,34.90715850250539,34.225924711173676,34.45573806762695,9657200,0.0,0.0
2021-11-03 00:00:00-04:00,34.95640256951721,36.13830375558078,34.045352368793004,34.44752883911133,15035600,0.0,0.0
2021-11-04 00:00:00-04:00,35.26009737886054,35.9167093807906,34.36546254780178,34.76763916015625,11428000,0.0,0.0
2021-11-05 00:00:00-04:00,35.366782605922914,35.84282492859038,34.734792847283906,35.768959045410156,8681700,0.0,0.0
2021-11-08 00:00:00-05:00,36.2368061908831,36.76209572754099,35.95774573316202,36.212181091308594,8016400,0.0,0.0
2021-11-09 00:00:00-05:00,36.21217364203561,36.441990115276916,34.98102536964074,36.10547637939453,7071000,0.0,0.0
2021-11-10 00:00:00-05:00,35.662272041758094,36.01520156056026,34.15206295438715,34.74301528930664,9206500,0.0,0.0
2021-11-11 00:00:00-05:00,34.95640613492279,35.55556463187739,34.948199856760546,35.063106536865234,6521100,0.0,0.0
2021-11-12 00:00:00-05:00,34.743012621212756,35.1862237073931,34.496780413257184,34.948204040527344,5994800,0.0,0.0
2021-11-15 00:00:00-05:00,34.92357536888231,35.916700985346566,34.20130077010273,35.44065856933594,8705800,0.0,0.0
2021-11-16 00:00:00-05:00,35.45707162383216,36.00698302764191,35.08772650807903,35.64584732055664,5649100,0.0,0.0
2021-11-17 00:00:00-05:00,35.27650164167997,36.10547656946752,34.513189458299024,34.710174560546875,7821700,0.0,0.0
2021-11-18 00:00:00-05:00,34.83328655192383,36.07264420525398,34.32441282065473,35.55556106567383,8311900,0.0,0.0
2021-11-19 00:00:00-05:00,34.3572483752953,34.61989311573459,33.16713763400785,33.323081970214844,14549800,0.0,0.0
2021-11-22 00:00:00-05:00,33.232800623664104,34.51319295977309,32.99477784749995,33.76629638671875,10696700,0.0,0.0
2021-11-23 00:00:00-05:00,34.652724645790165,35.859247949142606,34.652724645790165,35.654056549072266,11164000,0.0,0.0
2021-11-24 00:00:00-05:00,35.42424204653112,37.39408067640489,35.37499498494401,37.00831985473633,12219100,0.0,0.0
2021-11-26 00:00:00-05:00,34.48035787125757,35.17801043685699,32.756751543959155,35.046688079833984,15887500,0.0,0.0
2021-11-29 00:00:00-05:00,36.138304115516,36.96727902735679,35.41603272676932,36.04801940917969,10617100,0.0,0.0
2021-11-30 00:00:00-05:00,35.120558932502995,35.998777827941204,34.0781862994842,34.521400451660156,18070000,0.0,0.0
2021-12-01 00:00:00-05:00,36.06444137362121,36.06444137362121,33.446200088903744,33.52006912231445,12620600,0.0,0.0
2021-12-02 00:00:00-05:00,33.0604351980341,34.35724626385784,32.06730963859517,34.13563919067383,13679300,0.0,0.0
2021-12-03 00:00:00-05:00,34.77582895696352,35.481687698582796,33.61034359733841,34.28337097167969,9960200,0.0,0.0
2021-12-06 00:00:00-05:00,34.75942974895982,35.44066685350619,33.938663963804,34.76763916015625,8408000,0.0,0.0
2021-12-07 00:00:00-05:00,35.39141613882241,37.25455465519713,35.39141613882241,37.0329475402832,13003800,0.0,0.0
2021-12-08 00:00:00-05:00,37.20531130155945,37.385877629495845,36.54048994637174,36.86058807373047,8233300,0.0,0.0
2021-12-09 00:00:00-05:00,36.36709725804899,36.43401157270904,35.145939731354396,35.3968620300293,10979600,0.84,0.0
2021-12-10 00:00:00-05:00,35.948894424951526,36.400556502858095,34.719370943089324,36.31691360473633,8017500,0.0,0.0
2021-12-13 00:00:00-05:00,35.6059644371525,35.965620901418696,34.27607274596241,34.342987060546875,9522800,0.0,0.0
2021-12-14 00:00:00-05:00,33.790957985120116,34.35971691764998,33.36438719039759,33.74077224731445,11249700,0.0,0.0
2021-12-15 00:00:00-05:00,33.73241212156233,33.74077481650826,31.925763710794037,33.439666748046875,14637100,0.0,0.0
2021-12-16 00:00:00-05:00,33.749133810145295,34.752826198056894,33.48984881680114,33.75749969482422,10234000,0.0,0.0
2021-12-17 00:00:00-05:00,33.35602471383051,33.540032705685284,32.03449565884023,32.78726577758789,20547600,0.0,0.0
2021-12-20 00:00:00-05:00,30.42858946829345,32.10140907109231,29.73436780161983,32.00103759765625,20487400,0.0,0.0
2021-12-21 00:00:00-05:00,32.58652836127108,34.76119597715704,32.56979978068921,34.552093505859375,15177900,0.0,0.0
2021-12-22 00:00:00-05:00,34.552091508878995,35.88198327709541,34.04188099789687,35.37177276611328,7569800,0.0,0.0
2021-12-23 00:00:00-05:00,35.564149441836236,35.781614612628466,35.10412463353109,35.17103576660156,5399900,0.0,0.0
2021-12-27 00:00:00-05:00,35.070654975642604,37.42932980532987,34.55208191417965,37.312232971191406,8186200,0.0,0.0
2021-12-28 00:00:00-05:00,37.55479524488916,37.93117704172096,36.88566496018896,37.22023010253906,6374500,0.0,0.0
2021-12-29 00:00:00-05:00,37.019489482483245,37.71371101932009,36.743475958780955,36.96930694580078,7497800,0.0,0.0
2021-12-30 00:00:00-05:00,37.0864124881192,37.4711602493326,36.475833686893495,36.52601623535156,4919200,0.0,0.0
2021-12-31 00:00:00-05:00,36.38382822067188,37.06132134307024,36.22491149891687,36.84385299682617,4895700,0.0,0.0
2022-01-03 00:00:00-05:00,36.919129899238136,38.28247883448429,36.776941757672446,38.115196228027344,10232500,0.0,0.0
2022-01-04 00:00:00-05:00,38.70068723489079,40.12258473164252,38.57522447110511,39.86329650878906,15536400,0.0,0.0
2022-01-05 00:00:00-05:00,40.2731374557947,40.71643367622275,38.909788442523855,38.98506546020508,13786800,0.0,0.0
2022-01-06 00:00:00-05:00,40.51569030804481,40.97571825902027,39.311261322541455,40.4571418762207,14529500,0.0,0.0
2022-01-07 00:00:00-05:00,40.51568197790424,41.61137975939864,39.997108892375024,40.892066955566406,15611900,0.0,0.0
2022-01-10 00:00:00-05:00,40.37349833599796,40.78333731983745,39.12724642558311,40.56587219238281,9846200,0.0,0.0
2022-01-11 00:00:00-05:00,41.13463647522096,41.91249788713364,40.02220984869946,41.6532096862793,13170300,0.0,0.0
2022-01-12 00:00:00-05:00,42.35579608158768,42.79072960482687,41.46083775955816,41.736854553222656,13828000,0.0,0.0
2022-01-13 00:00:00-05:00,41.82049051904782,42.52307488739383,41.22664031943339,41.51938247680664,10745900,0.0,0.0
2022-01-14 00:00:00-05:00,41.61138482748241,43.03328203258165,41.60302213391564,42.14668655395508,12865200,0.0,0.0
2022-01-18 00:00:00-05:00,42.723817225582565,43.48495007136305,41.159728488456956,42.12160110473633,11575800,0.0,0.0
2022-01-19 00:00:00-05:00,42.46452751166699,42.65690138995935,40.91716740960181,40.925533294677734,12232000,0.0,0.0
2022-01-20 00:00:00-05:00,40.323316357009965,42.61508065067783,39.88002017670989,40.67461013793945,13374400,0.0,0.0
2022-01-21 00:00:00-05:00,39.436730244411955,39.57055570819429,37.671904747210064,38.575225830078125,17268100,0.0,0.0
2022-01-24 00:00:00-05:00,37.17841607861586,40.60769496672007,35.85688706912926,40.42368698120117,25431400,0.0,0.0
2022-01-25 00:00:00-05:00,40.16439710664383,43.35948213845525,39.24434445514131,42.87436294555664,18435600,0.0,0.0
2022-01-26 00:00:00-05:00,43.49331039555442,44.513731391227424,42.405978273795604,43.317665100097656,16714600,0.0,0.0
2022-01-27 00:00:00-05:00,44.45518618622073,45.38359846844604,42.32233844987346,43.275848388671875,13642000,0.0,0.0
2022-01-28 00:00:00-05:00,43.944975274624,44.11225788652214,42.071415764535594,43.11692810058594,9723700,0.0,0.0
2022-01-31 00:00:00-05:00,43.01654635425063,43.08345746369002,41.51937239158231,42.29723358154297,11896500,0.0,0.0
2022-02-01 00:00:00-05:00,42.05468391701291,44.53882205548163,41.4273765641188,43.961700439453125,11710100,0.0,0.0
2022-02-02 00:00:00-05:00,43.59368652801219,44.68938473194247,43.008198913769675,44.53046798706055,9387500,0.0,0.0
2022-02-03 00:00:00-05:00,44.26280435148388,44.73956086498683,43.142018301068575,44.33808135986328,9253200,0.0,0.0
2022-02-04 00:00:00-05:00,45.04066663705574,46.37055835209442,44.06206869858493,44.220985412597656,12759300,0.0,0.0
2022-02-07 00:00:00-05:00,44.112260095632976,45.007218444858914,43.050019126131495,43.98679733276367,10298200,0.0,0.0
2022-02-08 00:00:00-05:00,43.827873218382145,43.986789926026816,42.28051322969963,42.81581497192383,9751900,0.0,0.0
2022-02-09 00:00:00-05:00,43.08346703648312,44.20425628680559,42.84927331543519,43.59367752075195,7304600,0.0,0.0
2022-02-10 00:00:00-05:00,43.26748772450029,45.12431889432704,43.26748772450029,43.677330017089844,9753200,0.0,0.0
2022-02-11 00:00:00-05:00,44.02860955792789,45.29159009095583,43.61040467505905,45.25813293457031,11954900,0.0,0.0
2022-02-14 00:00:00-05:00,45.023935821780015,45.04902709184969,43.091828260169684,43.71076965332031,11934400,0.0,0.0
2022-02-15 00:00:00-05:00,42.564901535158896,43.31767176093965,41.86231705464709,43.00819778442383,11265500,0.0,0.0
2022-02-16 00:00:00-05:00,43.677322749255154,46.588028601809896,43.55185999732982,45.04066848754883,20745200,0.0,0.0
2022-02-17 00:00:00-05:00,45.425419125531334,47.19024119094305,45.20795078244249,46.21164321899414,17642700,0.0,0.0
2022-02-18 00:00:00-05:00,45.37523105450546,46.178183686211646,44.890111845359975,45.81852722167969,11707600,0.0,0.0
2022-02-22 00:00:00-05:00,48.53685621225797,48.53685621225797,42.865999193604694,44.0536994934082,23309400,0.0,0.0
2022-02-23 00:00:00-05:00,44.630828613261656,45.81852902901182,44.2377149759062,44.78974533081055,12372100,0.0,0.0
2022-02-24 00:00:00-05:00,44.9152029769046,45.24976495330628,42.83254135284083,44.12061309814453,21102500,0.0,0.0
2022-02-25 00:00:00-05:00,44.61410360363755,46.186555088225205,44.14571291719747,46.16982650756836,12605600,0.0,0.0
2022-02-28 00:00:00-05:00,46.211643026326534,49.90021024252134,45.8770778186541,49.808204650878906,22585000,0.0,0.0
2022-03-01 00:00:00-05:00,50.18458885482595,50.803533521254906,48.28593819360701,49.557281494140625,19146500,0.0,0.0
2022-03-02 00:00:00-05:00,50.23477285022833,50.53587769276911,48.60377313087771,49.05543518066406,17556100,0.0,0.0
2022-03-03 00:00:00-05:00,48.469950351538365,49.62419681186615,47.78409454527193,49.22271728515625,11719000,0.0,0.0
2022-03-04 00:00:00-05:00,49.39836449941499,50.13440283453233,47.5080765431154,49.82493209838867,18185300,0.0,0.0
2022-03-07 00:00:00-05:00,50.60279704765741,52.51817641240749,48.745966118454234,50.092586517333984,21979600,0.0,0.0
2022-03-08 00:00:00-05:00,51.271922323968276,52.77745939108743,46.8724079891817,49.749656677246094,24167800,0.0,0.0
2022-03-09 00:00:00-05:00,48.34448604010412,49.88348020731406,46.84731172497024,49.29799270629883,17694700,0.0,0.0
2022-03-10 00:00:00-05:00,49.8834812317892,50.9206308140865,49.08052856909788,50.66134262084961,18048600,0.0,0.0
2022-03-11 00:00:00-05:00,49.56425963005925,50.86545124625277,49.49622526946078,49.87042236328125,10834400,1.0,0.0
2022-03-14 00:00:00-04:00,48.05896278628374,48.41615373127715,44.308475707017,44.81024169921875,21911600,0.0,0.0
2022-03-15 00:00:00-04:00,42.93074698266602,45.822280393359854,42.69262184680123,45.0823860168457,17372900,0.0,0.0
2022-03-16 00:00:00-04:00,45.12491160687981,46.332549944556966,43.84923566156422,44.61463928222656,13099700,0.0,0.0
2022-03-17 00:00:00-04:00,46.1454519700712,49.24109513691555,45.81377672753369,48.91792297363281,14621200,0.0,0.0
2022-03-18 00:00:00-04:00,48.985959582126966,49.86192601920165,48.81587203555278,49.555763244628906,19656000,0.0,0.0
2022-03-21 00:00:00-04:00,51.01002894176841,52.915039800725495,50.610316103260466,52.251686096191406,17038100,0.0,0.0
2022-03-22 00:00:00-04:00,51.8774824080674,52.50681722866742,50.788906766176886,51.56281661987305,9708300,0.0,0.0
2022-03-23 00:00:00-04:00,53.093632805270616,53.799505137389296,51.83496626893633,52.447288513183594,11290700,0.0,0.0
2022-03-24 00:00:00-04:00,52.3027121542551,52.66840617356974,51.70739608251882,52.33673095703125,7501500,0.0,0.0
2022-03-25 00:00:00-04:00,51.87748425292968,53.47633221697295,51.78393417208828,53.153160095214844,8547300,0.0,0.0
2022-03-28 00:00:00-04:00,51.71590702661598,51.911510293740434,50.51677169740129,51.40974426269531,8959600,0.0,0.0
2022-03-29 00:00:00-04:00,49.79387601167169,51.503283329499695,49.03697558748575,51.460758209228516,10398500,0.0,0.0
2022-03-30 00:00:00-04:00,52.04757997593001,52.489814699387146,51.14610112685835,51.503292083740234,7610600,0.0,0.0
2022-03-31 00:00:00-04:00,51.09507628315922,52.32822712242047,50.27864119876835,50.287147521972656,11344400,0.0,0.0
2022-04-01 00:00:00-04:00,50.491258089660505,51.72441227643718,50.491258089660505,51.32469940185547,6292500,0.0,0.0
2022-04-04 00:00:00-04:00,52.15814289624132,52.821493402923686,50.788916752582026,51.74992370605469,8381600,0.0,0.0
2022-04-05 00:00:00-04:00,51.92000211415462,52.404758637171504,49.4366882239075,49.7258415222168,8667400,0.0,0.0
2022-04-06 00:00:00-04:00,50.431719572342125,50.661341622013786,48.824368468852086,49.61528778076172,9136000,0.0,0.0
2022-04-07 00:00:00-04:00,50.16808029193362,51.375718537857786,49.53024236773697,51.22263717651367,7952600,0.0,0.0
2022-04-08 00:00:00-04:00,51.31619625573141,53.187188476949,51.20563675443897,53.04261016845703,10115100,0.0,0.0
2022-04-11 00:00:00-04:00,52.34524055276121,52.3877624394197,50.89947369688833,51.052555084228516,9011300,0.0,0.0
2022-04-12 00:00:00-04:00,52.26018425489539,53.93556954604779,52.2516779330751,52.94904708862305,9418900,0.0,0.0
2022-04-13 00:00:00-04:00,54.00360822490617,54.67546491686611,52.96605754842178,54.21622085571289,9955700,0.0,0.0
2022-04-14 00:00:00-04:00,53.79950596684586,54.47136599411822,53.17867739001407,53.204193115234375,8616800,0.0,0.0
2022-04-18 00:00:00-04:00,53.78249745696207,54.632944814102615,53.28073147239584,54.03763198852539,9422300,0.0,0.0
2022-04-19 00:00:00-04:00,53.78250161637155,54.79453674233278,53.23821046427428,53.578392028808594,8156000,0.0,0.0
2022-04-20 00:00:00-04:00,54.19921157725992,55.26227797788432,54.02912082339157,54.947608947753906,7121200,0.0,0.0
2022-04-21 00:00:00-04:00,55.27929197723334,55.66199217247556,51.75842682268036,52.00505828857422,10699200,0.0,0.0
2022-04-22 00:00:00-04:00,51.76692291697063,52.455789015041674,49.062489968677156,49.38566207885742,9734600,0.0,0.0
2022-04-25 00:00:00-04:00,47.61673584833971,48.00794238949322,45.17594001745542,47.7783203125,13608400,0.0,0.0
2022-04-26 00:00:00-04:00,48.433159291816516,49.74285391257264,47.74429318095382,47.96541213989258,9636500,0.0,0.0
2022-04-27 00:00:00-04:00,48.331105237106904,50.07452817692847,47.31906702885559,49.38566207885742,8168000,0.0,0.0
2022-04-28 00:00:00-04:00,49.57277096160168,51.46927559044806,48.04196038503002,50.93349075317383,7940000,0.0,0.0
2022-04-29 00:00:00-04:00,51.120587025026154,51.69889370319638,49.17305433660617,49.47071075439453,7834600,0.0,0.0
2022-05-02 00:00:00-04:00,48.858390910622774,49.861922945771575,47.99943392999301,49.62379455566406,11320300,0.0,0.0
2022-05-03 00:00:00-04:00,51.792444689665125,54.82855318069256,50.49125301907359,54.66696548461914,22056300,0.0,0.0
2022-05-04 00:00:00-04:00,55.68751371136404,57.75410913554962,54.39482503658502,57.609527587890625,15072000,0.0,0.0
2022-05-05 00:00:00-04:00,58.45998258700943,58.57054533681496,55.36434238409157,57.10776901245117,13010400,0.0,0.0
2022-05-06 00:00:00-04:00,58.34941044470883,59.31892351425511,56.16375287726888,59.26789855957031,14629700,0.0,0.0
2022-05-09 00:00:00-04:00,57.269347405980966,57.49046640621622,52.64289997921545,52.74495315551758,18682400,0.0,0.0
2022-05-10 00:00:00-04:00,54.01211118557225,55.77254674950914,52.319716464778686,54.22472381591797,12783500,0.0,0.0
2022-05-11 00:00:00-04:00,55.6364726952825,58.06025543336128,54.78602215641818,55.00714111328125,12610000,0.0,0.0
2022-05-12 00:00:00-04:00,54.72648999446166,55.64497811882399,53.17016722046276,54.947608947753906,10767100,0.0,0.0
2022-05-13 00:00:00-04:00,56.129742579552826,58.96174478510645,56.095723775136214,58.42595672607422,13287700,0.0,0.0
2022-05-16 00:00:00-04:00,58.59605064898195,60.9092774380082,58.511006882296115,60.37348937988281,12633200,0.0,0.0
2022-05-17 00:00:00-04:00,61.65765896901633,61.93830918085524,60.82421465494319,61.7256965637207,10782300,0.0,0.0
2022-05-18 00:00:00-04:00,62.08289421394647,62.23597558250409,58.51100426549965,59.463504791259766,13801800,0.0,0.0
2022-05-19 00:00:00-04:00,57.67756253479046,60.69666492254946,57.40541858768947,59.11482620239258,10460700,0.0,0.0
2022-05-20 00:00:00-04:00,59.96527402258542,61.46206241690079,57.94119742849878,59.463504791259766,12971600,0.0,0.0
2022-05-23 00:00:00-04:00,60.254420079394365,60.8582391903775,59.395463208424985,60.433013916015625,9610300,0.0,0.0
2022-05-24 00:00:00-04:00,59.81219525258216,60.654139572015914,58.72361946817821,59.86322021484375,7960600,0.0,0.0
2022-05-25 00:00:00-04:00,59.71863955184748,61.39402819853955,59.53153938990298,61.18141555786133,8740500,0.0,0.0
2022-05-26 00:00:00-04:00,61.657670782260524,64.15799771510561,61.49608308598394,62.771759033203125,12960200,0.0,0.0
2022-05-27 00:00:00-04:00,62.5846630039402,64.4896772163742,62.17645030729279,64.46416473388672,9335500,0.0,0.0
2022-05-31 00:00:00-04:00,66.74336416642039,67.34718329773797,63.33305553443296,63.69874954223633,22040700,0.0,0.0
2022-06-01 00:00:00-04:00,64.94041641881921,65.99497347733137,63.8008090989815,65.04247283935547,9911800,0.0,0.0
2022-06-02 00:00:00-04:00,64.13248777567063,65.6547887565301,63.647724667631294,64.89788818359375,7514300,0.0,0.0
2022-06-03 00:00:00-04:00,65.05946990465237,65.78235160590835,64.70228221533857,65.50170135498047,7106800,0.0,0.0
2022-06-06 00:00:00-04:00,66.25009568235131,66.47971446395199,64.6852633781048,65.52721405029297,7709800,0.0,0.0
2022-06-07 00:00:00-04:00,65.26357517262035,66.51373855341053,64.85536253098863,66.3691635131836,10469500,0.0,0.0
2022-06-08 00:00:00-04:00,66.84541988591212,66.9304636533465,65.58675655566692,66.27561950683594,9974100,0.0,0.0
2022-06-09 00:00:00-04:00,66.37766693728355,67.52577386332207,65.72281639097666,66.20757293701172,13712200,0.0,0.0
2022-06-10 00:00:00-04:00,65.52459004761305,65.90499615982866,62.66291660170309,64.0289077758789,14759700,1.27,0.0
2022-06-13 00:00:00-04:00,60.752241633403315,61.7983583798192,58.10670698194187,59.861751556396484,15218700,0.0,0.0
2022-06-14 00:00:00-04:00,61.824295314551996,62.6283312786438,59.766651344065714,61.028900146484375,11041500,0.0,0.0
2022-06-15 00:00:00-04:00,61.028899545083426,61.56492571453827,58.38336486170255,59.187400817871094,11457200,0.0,0.0
2022-06-16 00:00:00-04:00,57.20757319921805,57.85598911408428,54.1211137082959,54.70036697387695,17448400,0.0,0.0
2022-06-17 00:00:00-04:00,54.19892124030106,54.449642840629586,48.89055705741733,50.16145324707031,32304400,0.0,0.0
2022-06-21 00:00:00-04:00,51.57067740940039,52.91938032299189,51.129752766100324,52.357421875,14929500,0.0,0.0
2022-06-22 00:00:00-04:00,48.69171003631227,50.602374723541445,48.1211041881529,49.75511169433594,13909100,0.0,0.0
2022-06-23 00:00:00-04:00,50.3689389460082,50.51591491204815,46.23636988296704,47.32571029663086,18060800,0.0,0.0
2022-06-24 00:00:00-04:00,48.33724490891983,48.85597632132766,46.245024474459186,46.487098693847656,34714100,0.0,0.0
2022-06-27 00:00:00-04:00,47.07499240839749,50.533210351375985,47.07499240839749,49.96260452270508,17746100,0.0,0.0
2022-06-28 00:00:00-04:00,51.16433601058317,52.29690360253577,50.18738849380006,51.406410217285156,18542000,0.0,0.0
2022-06-29 00:00:00-04:00,52.296896860901015,52.72917405886576,48.086514578154805,48.25942611694336,12722000,0.0,0.0
2022-06-30 00:00:00-04:00,47.291128363289246,49.03752872178298,46.72052256679236,47.64559555053711,11855000,0.0,0.0
2022-07-01 00:00:00-04:00,47.922252706534785,48.40640437853744,46.132625285793935,47.64559555053711,9604300,0.0,0.0
2022-07-05 00:00:00-04:00,46.18449981271067,46.43522140926521,43.65135816156749,44.861732482910156,14834300,0.0,0.0
2022-07-06 00:00:00-04:00,44.204670530269674,45.51014631572316,42.242131507332324,44.09227752685547,16175300,0.0,0.0
2022-07-07 00:00:00-04:00,45.64847708636102,46.90208177497223,45.276718386331204,46.400638580322266,12692900,0.0,0.0
2022-07-08 00:00:00-04:00,47.100929260253906,47.507270934897434,45.66576890706091,47.100929260253906,10976700,0.0,0.0
2022-07-11 00:00:00-04:00,46.87614571280641,47.56778864829689,45.181616398337674,46.098045349121094,8938200,0.0,0.0
2022-07-12 00:00:00-04:00,44.273832456182035,45.475562610286836,43.798328169753916,44.89631271362305,9733000,0.0,0.0
2022-07-13 00:00:00-04:00,44.35164290622745,46.80697769169492,44.30841584305644,45.4669189453125,8522700,0.0,0.0
2022-07-14 00:00:00-04:00,43.74646025591576,44.50726920675309,42.80409563551926,44.45539474487305,10458500,0.0,0.0
2022-07-15 00:00:00-04:00,45.64847730438669,45.78680589356914,44.412164095687544,45.5706672668457,8048500,0.0,0.0
2022-07-18 00:00:00-04:00,46.90207775990245,48.147034950023325,46.599485029043926,47.221961975097656,11090500,0.0,0.0
2022-07-19 00:00:00-04:00,46.9107261112057,49.62543003424126,46.76375342802308,49.46116256713867,10525600,0.0,0.0
2022-07-20 00:00:00-04:00,48.68306164719395,50.074991523647476,48.01735433340481,49.86750030517578,8032000,0.0,0.0
2022-07-21 00:00:00-04:00,48.24213998828354,48.639834263033165,46.850206728646214,48.58796310424805,8150400,0.0,0.0
2022-07-22 00:00:00-04:00,48.74358175269223,49.521678793861454,47.47268563136487,47.714759826660156,6315800,0.0,0.0
2022-07-25 00:00:00-04:00,48.432339487530705,50.19603131345608,47.78392366605932,50.118221282958984,8473200,0.0,0.0
2022-07-26 00:00:00-04:00,51.00871661039272,51.172980781683606,48.20755851828916,49.072113037109375,9777700,0.0,0.0
2022-07-27 00:00:00-04:00,49.62542947062039,51.83004277941675,49.27960635245036,51.51015853881836,9145900,0.0,0.0
2022-07-28 00:00:00-04:00,52.11533953669923,52.82427389935936,51.02600241539646,52.19314956665039,7631300,0.0,0.0
2022-07-29 00:00:00-04:00,53.33436290964547,54.57932343015819,52.80698746472106,54.33724594116211,11209400,0.0,0.0
2022-08-01 00:00:00-04:00,53.412176994903355,54.31131448393845,52.0029555070269,53.230621337890625,16319200,0.0,0.0
2022-08-02 00:00:00-04:00,53.01447576896948,53.77528456763946,50.93954388096531,52.41793441772461,15073700,0.0,0.0
2022-08-03 00:00:00-04:00,52.772407443628616,52.876153060129944,48.97701371831699,49.020240783691406,19943200,0.0,0.0
2022-08-04 00:00:00-04:00,48.847322399735035,48.93377651840538,46.9798850735418,47.10956954956055,15371400,0.0,0.0
2022-08-05 00:00:00-04:00,46.25366470178899,49.37470690374142,45.933780467482116,48.977012634277344,11507500,0.0,0.0
2022-08-08 00:00:00-04:00,48.88191254773442,50.05770720326322,48.622546855606295,49.72917556762695,8478100,0.0,0.0
2022-08-09 00:00:00-04:00,50.83579849038666,52.3401246102367,50.52455837607194,51.04329299926758,10416800,0.0,0.0
2022-08-10 00:00:00-04:00,51.44099196868048,52.33148203479075,50.0836416881379,51.91649627685547,8669200,0.0,0.0
2022-08-11 00:00:00-04:00,53.42946832103746,56.09229450995983,53.394885348944165,55.729183197021484,14134900,0.0,0.0
2022-08-12 00:00:00-04:00,55.43523380650983,56.88768554891702,55.05482773710911,56.671546936035156,8712000,0.0,0.0
2022-08-15 00:00:00-04:00,54.45828457571402,55.677306180667095,53.08364291072323,54.95972442626953,11134200,0.0,0.0
2022-08-16 00:00:00-04:00,55.7378252614237,56.59373230183258,54.051943460176595,54.9683723449707,9355800,0.0,0.0
2022-08-17 00:00:00-04:00,55.08076359792654,56.394890064766564,54.60525930674919,55.45252227783203,8144500,0.0,0.0
2022-08-18 00:00:00-04:00,56.23061724257406,58.77240921132972,56.196034276111746,58.72053146362305,12516300,0.0,0.0
2022-08-19 00:00:00-04:00,58.59950129787672,60.43235916062696,58.23639000118938,59.230628967285156,13972800,0.0,0.0
2022-08-22 00:00:00-04:00,58.25368306577499,59.386254008878126,56.63697028258085,59.1528205871582,12662200,0.0,0.0
2022-08-23 00:00:00-04:00,60.518811764810984,62.64561492959396,60.40642206038892,61.27961730957031,15997300,0.0,0.0
2022-08-24 00:00:00-04:00,61.74648044559531,62.904986898749634,61.34013877760896,62.63697052001953,12851700,0.0,0.0
2022-08-25 00:00:00-04:00,63.55339158413065,63.83868950426585,62.4986342305834,63.734947204589844,11149700,0.0,0.0
2022-08-26 00:00:00-04:00,63.97703643353206,64.72920126346924,62.749370560692014,62.913631439208984,10589300,0.0,0.0
2022-08-29 00:00:00-04:00,62.60239268959856,65.07501241930942,62.28250515933623,64.09806823730469,11902000,0.0,0.0
2022-08-30 00:00:00-04:00,62.740721938619494,62.95686057098293,60.743603086310095,61.452537536621094,11606400,0.0,0.0
2022-08-31 00:00:00-04:00,59.94820480674273,62.66291195721507,59.24791778482079,61.054840087890625,11430500,0.0,0.0
2022-09-01 00:00:00-04:00,59.23926544153842,59.593735916751996,57.510156616559144,58.92803192138672,13493900,0.0,0.0
2022-09-02 00:00:00-04:00,61.05483253647235,61.59085202926606,59.87903805495013,60.81275177001953,10100000,0.0,0.0
2022-09-06 00:00:00-04:00,61.57357617708751,61.88481634312722,59.60239285618786,60.121124267578125,12545000,0.0,0.0
2022-09-07 00:00:00-04:00,58.2796241667716,59.80123539391407,57.22486658239327,59.100948333740234,10785200,0.0,0.0
2022-09-08 00:00:00-04:00,59.55050817372365,60.19892401157527,58.763767053731044,59.57645034790039,11289100,0.0,0.0
2022-09-09 00:00:00-04:00,60.61125671080215,60.98272347410963,59.74450092975136,60.593570709228516,9021200,1.55,0.0
2022-09-12 00:00:00-04:00,61.61068870020897,63.29998190726972,61.24806155889134,62.96389389038086,11044600,0.0,0.0
2022-09-13 00:00:00-04:00,62.265181607953465,63.18500894423476,60.646639081194834,61.088863372802734,11480400,0.0,0.0
2022-09-14 00:00:00-04:00,62.274007129335104,64.82121576679654,62.212089271349676,63.830631256103516,12215600,0.0,0.0
2022-09-15 00:00:00-04:00,62.07944615841406,62.72508982399826,61.24806235843812,61.45148849487305,11230300,0.0,0.0
2022-09-16 00:00:00-04:00,60.80583617570717,61.00041593111852,57.86062096401385,59.09885025024414,30970300,0.0,0.0
2022-09-19 00:00:00-04:00,56.8877185840115,59.05461437979155,56.799275097045985,58.28514862060547,10530200,0.0,0.0
2022-09-20 00:00:00-04:00,57.79871052235948,58.02866903128172,56.463194716492886,57.59529113769531,7976800,0.0,0.0
2022-09-21 00:00:00-04:00,59.125378185582896,59.20498205582079,56.99386090641376,57.029239654541016,9389300,0.0,0.0
2022-09-22 00:00:00-04:00,58.24977574766416,58.46204148733827,55.764474376150005,55.826385498046875,8909800,0.0,0.0
2022-09-23 00:00:00-04:00,53.279172701346205,53.28801570076268,50.236668068842995,51.023826599121094,17563200,0.0,0.0
2022-09-26 00:00:00-04:00,50.72311892000329,51.439523402583106,48.78617796563989,48.80386734008789,13363800,0.0,0.0
2022-09-27 00:00:00-04:00,49.85635660675091,50.61698278954579,48.93653281197622,49.679466247558594,10695500,0.0,0.0
2022-09-28 00:00:00-04:00,50.192450494852956,53.234952006279435,49.77675863577521,53.11112976074219,11734500,0.0,0.0
2022-09-29 00:00:00-04:00,52.31512413062994,54.34935477278019,51.49258684995873,53.92481994628906,12286900,0.0,0.0
2022-09-30 00:00:00-04:00,53.91597907165298,54.526250688269926,52.54508458868831,53.181888580322266,9686600,0.0,0.0
2022-10-03 00:00:00-04:00,55.98558470401597,58.27630626284386,55.64949335736511,57.7810173034668,13020200,0.0,0.0
2022-10-04 00:00:00-04:00,59.31996620637114,61.10654937543189,58.921967043046905,61.088863372802734,14620700,0.0,0.0
2022-10-05 00:00:00-04:00,61.026944206713544,63.246911747676855,60.06289861688784,62.68970489501953,15689500,0.0,0.0
2022-10-06 00:00:00-04:00,62.026364732138596,64.18442101768332,62.008678732925254,63.89255142211914,11199500,0.0,0.0
2022-10-07 00:00:00-04:00,64.12252088366688,65.33421784543773,62.955049049214466,63.715675354003906,12020900,0.0,0.0
2022-10-10 00:00:00-04:00,63.58299479361045,64.97157850858476,61.83179074430823,62.220943450927734,9829700,0.0,0.0
2022-10-11 00:00:00-04:00,60.73508428882196,62.43322399662251,60.04521545426594,60.64664077758789,11718900,0.0,0.0
2022-10-12 00:00:00-04:00,60.18671802168362,62.02636561739115,59.38186671596922,61.38072204589844,7419800,0.0,0.0
2022-10-13 00:00:00-04:00,60.21324226103085,64.62663741631894,60.160170774190654,63.901390075683594,10697100,0.0,0.0
2022-10-14 00:00:00-04:00,62.98157577802589,64.3170948791449,60.107118203103425,60.16018295288086,9071800,0.0,0.0
2022-10-17 00:00:00-04:00,61.389574136349744,62.167886393635754,60.690859005780965,61.7345085144043,7969400,0.0,0.0
2022-10-18 00:00:00-04:00,62.574728307373306,62.95504141364132,60.51396178392554,61.70796585083008,7943300,0.0,0.0
2022-10-19 00:00:00-04:00,62.008677959829306,64.05175160769464,61.63721125072757,63.627220153808594,8977700,0.0,0.0
2022-10-20 00:00:00-04:00,64.50283473419053,64.87430151558063,62.95504973059136,63.397274017333984,7704000,0.0,0.0
2022-10-21 00:00:00-04:00,64.1048311977738,65.78527797439885,63.61838181645183,65.70568084716797,11214800,0.0,0.0
2022-10-24 00:00:00-04:00,65.93564116457604,67.1031129640722,65.4049666438722,66.54590606689453,8530900,0.0,0.0
2022-10-25 00:00:00-04:00,66.19212807191104,67.02351189118002,65.4226621307475,66.78471374511719,6541000,0.0,0.0
2022-10-26 00:00:00-04:00,67.10310955971882,69.05773991853908,67.10310955971882,68.03177642822266,7803200,0.0,0.0
2022-10-27 00:00:00-04:00,69.42919560907204,69.71221881170636,67.51878393043633,67.71336364746094,7410900,0.0,0.0
2022-10-28 00:00:00-04:00,68.6155047233751,69.0046574094964,65.32535577640843,67.22692108154297,7861200,0.0,0.0
2022-10-31 00:00:00-04:00,66.36902012132772,69.22578516420347,66.12137560653059,68.41209411621094,8429600,0.0,0.0
2022-11-01 00:00:00-04:00,69.59726483036019,69.66801559240243,67.9610294671699,68.36788177490234,10730300,0.0,0.0
2022-11-02 00:00:00-04:00,66.73163681403514,66.74048318844592,58.904268916526256,59.64720916748047,36589400,0.0,0.0
2022-11-03 00:00:00-04:00,59.77102723096029,63.052330135615634,58.860046416856214,62.55704116821289,18048600,0.0,0.0
2022-11-04 00:00:00-04:00,64.48513655214998,65.67914055127656,62.070589433546836,63.220375061035156,14218400,0.0,0.0
2022-11-07 00:00:00-05:00,63.450338085707294,64.46745528376825,62.32709137857333,63.715675354003906,9347000,0.0,0.0
2022-11-08 00:00:00-05:00,63.848337683207696,64.11366817749621,62.256327726251136,63.671443939208984,8450300,0.0,0.0
2022-11-09 00:00:00-05:00,62.3359294827455,62.56588122043127,59.01040143428554,59.045780181884766,9463400,0.0,0.0
2022-11-10 00:00:00-05:00,60.628952741080106,61.663755958208725,59.11653973412948,61.0092658996582,8089800,0.0,0.0
2022-11-11 00:00:00-05:00,62.309388136785095,64.55588792059143,62.15018715217501,63.50339889526367,9500400,0.0,0.0
2022-11-14 00:00:00-05:00,63.10539900264996,64.50282924940444,62.910819253379515,63.238067626953125,6600600,0.0,0.0
2022-11-15 00:00:00-05:00,63.901408810862215,65.43150779709859,63.16731488255786,65.11310577392578,8500600,0.0,0.0
2022-11-16 00:00:00-05:00,63.84832885781665,64.60010860942943,62.73392204198517,63.09654235839844,8881400,0.0,0.0
2022-11-17 00:00:00-05:00,61.91139660052912,62.81353112481616,60.6377885683058,62.7869987487793,8337800,0.0,0.0
2022-11-18 00:00:00-05:00,61.04463523143614,61.769882763963544,59.78871992473376,61.57530975341797,10216600,0.0,0.0
2022-11-21 00:00:00-05:00,59.78870673816458,60.18671254186964,57.5068283898994,59.42608642578125,15267300,0.0,0.0
2022-11-22 00:00:00-05:00,60.25748123078917,62.29171572820948,59.771038545098136,60.64664077758789,14037100,0.0,0.0
2022-11-23 00:00:00-05:00,59.70027325721794,60.4343671256321,59.001558138248534,59.96561050415039,9888800,0.0,0.0
2022-11-25 00:00:00-05:00,60.540492749416224,61.11538558241863,60.107114905130864,60.452049255371094,3520500,0.0,0.0
2022-11-28 00:00:00-05:00,58.40896840000384,60.009817714636874,57.64834229798031,58.84234619140625,9713600,0.0,0.0
2022-11-29 00:00:00-05:00,59.87715860097151,60.28401083443313,58.84235551259997,59.70027160644531,10032100,0.0,0.0
2022-11-30 00:00:00-05:00,60.7616065409076,60.92080753371949,59.17844973458621,60.6024055480957,13844800,0.0,0.0
2022-12-01 00:00:00-05:00,61.51339775628506,62.026372773647886,60.266322094180396,60.39014434814453,7640300,0.0,0.0
2022-12-02 00:00:00-05:00,60.14249761149576,61.45148435207494,60.14249761149576,60.54934310913086,8250500,0.0,0.0
2022-12-05 00:00:00-05:00,61.6902866921125,62.282865604304995,58.24093597912116,58.86005401611328,11218100,0.0,0.0
2022-12-06 00:00:00-05:00,58.37359801095621,59.488004953278384,56.28629911801267,56.71967697143555,10278500,0.0,0.0
2022-12-07 00:00:00-05:00,57.108840363138675,57.895999001932935,56.07403721970892,56.8258171081543,10523200,0.0,0.0
2022-12-08 00:00:00-05:00,58.285161095866606,58.70969262328934,55.764480690993864,56.16248321533203,13385400,0.0,0.0
2022-12-09 00:00:00-05:00,55.981750645049466,56.37032481075063,53.80392967893346,53.876220703125,13152800,1.35,0.0
2022-12-12 00:00:00-05:00,54.21057455697228,55.56606479801767,53.8310354969408,55.19556427001953,10636000,0.0,0.0
2022-12-13 00:00:00-05:00,56.60526945460744,57.011917198687335,55.1232674070183,56.008853912353516,10915100,0.0,0.0
2022-12-14 00:00:00-05:00,56.59623695550296,57.011919803022224,54.96964935206977,55.95463562011719,9062700,0.0,0.0
2022-12-15 00:00:00-05:00,55.24075210002064,55.819094109017826,54.4545651997992,55.64739990234375,7976400,0.0,0.0
2022-12-16 00:00:00-05:00,54.21960998150304,54.90639019117182,53.37017066611455,54.29190444946289,14377200,0.0,0.0
2022-12-19 00:00:00-05:00,54.62625730102758,55.05097523166872,53.06292563961924,53.550899505615234,7011700,0.0,0.0
2022-12-20 00:00:00-05:00,53.27076914207189,54.12924701607314,52.918342217854246,53.64126968383789,7606400,0.0,0.0
2022-12-21 00:00:00-05:00,55.014824970604536,55.93655863797128,54.41840947374247,55.81004333496094,7992800,0.0,0.0
2022-12-22 00:00:00-05:00,55.62932349031315,55.81005277365698,52.94545157693787,54.31901550292969,8067900,0.0,0.0
2022-12-23 00:00:00-05:00,55.06001176197481,56.49683150043778,54.61721678339876,56.48779296875,6099600,0.0,0.0
2022-12-27 00:00:00-05:00,56.94866983655478,57.49990314513417,56.59624288770967,57.14747619628906,6771900,0.0,0.0
2022-12-28 00:00:00-05:00,56.79504171047623,56.81311532798608,54.7979535127029,55.023868560791016,6524400,0.0,0.0
2022-12-29 00:00:00-05:00,54.53588849111561,55.602207740322285,54.34612068757626,55.15941619873047,6355900,0.0,0.0
2022-12-30 00:00:00-05:00,55.078085680969785,55.63835399704867,54.689511548814636,55.58413314819336,6690900,0.0,0.0
2023-01-03 00:00:00-05:00,54.87928270284253,55.35822149850259,51.70743696554829,52.520729064941406,10613200,0.0,0.0
2023-01-04 00:00:00-05:00,51.40019196172479,53.55090070639527,50.975470574370114,53.2255859375,9690900,0.0,0.0
2023-01-05 00:00:00-05:00,53.189437381252205,54.67143948686646,52.92737510845238,54.37322998046875,8812100,0.0,0.0
2023-01-06 00:00:00-05:00,55.27688724570122,56.26187690298367,54.94253397038581,55.33110809326172,7332500,0.0,0.0
2023-01-09 00:00:00-05:00,56.650448362783074,57.37337917417994,55.97270331249071,56.20765686035156,7567900,0.0,0.0
2023-01-10 00:00:00-05:00,56.74985568688007,57.07517388644755,55.54798950202224,57.048065185546875,5909300,0.0,0.0
2023-01-11 00:00:00-05:00,57.780025969912565,57.933649980559665,56.26187671518347,56.79503631591797,7557100,0.0,0.0
2023-01-12 00:00:00-05:00,57.328199013046756,58.53910375907444,57.17457844129209,57.861358642578125,7232000,0.0,0.0
2023-01-13 00:00:00-05:00,57.75291606948869,57.96979600730942,56.82214728221859,57.4637451171875,5474100,0.0,0.0
2023-01-17 00:00:00-05:00,57.62641013052383,58.18667847728261,57.10228557112463,57.37338638305664,5383900,0.0,0.0
2023-01-18 00:00:00-05:00,57.8703955266629,59.10841238618629,56.56008764931051,56.587196350097656,8349600,0.0,0.0
2023-01-19 00:00:00-05:00,56.189588077745256,58.01497853665913,56.06307620902745,57.90654373168945,7312900,0.0,0.0
2023-01-20 00:00:00-05:00,58.11438074486482,58.69272267642255,57.283015080048024,58.511993408203125,7093800,0.0,0.0
2023-01-23 00:00:00-05:00,59.0361199166436,59.876524141349655,58.77405764287721,59.4246940612793,6246100,0.0,0.0
2023-01-24 00:00:00-05:00,59.415650378142224,59.7500070903836,57.66255106044462,57.80713653564453,7043500,0.0,0.0
2023-01-25 00:00:00-05:00,57.29205022269618,57.99690397918824,56.3974252302958,57.98786544799805,5834700,0.0,0.0
2023-01-26 00:00:00-05:00,58.85538291794889,59.397584521890536,57.55411354668647,59.388545989990234,6346700,0.0,0.0
2023-01-27 00:00:00-05:00,59.38854281328445,60.50907940569187,58.963821463625834,58.98189163208008,7210200,0.0,0.0
2023-01-30 00:00:00-05:00,58.37644952935413,58.68369759289632,56.28899660245971,56.33417892456055,8003900,0.0,0.0
2023-01-31 00:00:00-05:00,56.38840144216488,57.599306325001315,55.990788722696294,57.14747619628906,7472300,0.0,0.0
2023-02-01 00:00:00-05:00,56.532982498737695,56.74985901303409,54.88832123536482,55.927528381347656,9653400,0.0,0.0
2023-02-02 00:00:00-05:00,56.0811501714618,56.0811501714618,54.21960902076065,55.078086853027344,8770300,0.0,0.0
2023-02-03 00:00:00-05:00,55.123267071068476,56.514904476909514,54.91542565806984,54.98771667480469,6564100,0.0,0.0
2023-02-06 00:00:00-05:00,54.77083644091268,55.412434252119574,53.596079059798356,54.34611511230469,7394900,0.0,0.0
2023-02-07 00:00:00-05:00,54.87024970902858,56.32514321603921,54.093101367605,56.21670150756836,8170800,0.0,0.0
2023-02-08 00:00:00-05:00,56.29802626684297,56.749856338723234,55.03290413389216,55.421478271484375,7848700,0.0,0.0
2023-02-09 00:00:00-05:00,55.367258862821956,55.584135372542434,54.36419552559233,54.49070739746094,5685300,0.0,0.0
2023-02-10 00:00:00-05:00,55.45762330872457,57.554114613779355,55.32207635241592,57.4185676574707,8727500,0.0,0.0
2023-02-13 00:00:00-05:00,56.894435964984716,57.93364640216988,56.388388542791894,57.4366340637207,7606800,0.0,0.0
2023-02-14 00:00:00-05:00,56.85829176764494,58.195711747532314,56.5149034120425,57.780025482177734,8775600,0.0,0.0
2023-02-15 00:00:00-05:00,53.18040117867087,53.46957216574044,50.062776258877705,51.71647262573242,52418700,0.0,0.0
2023-02-16 00:00:00-05:00,51.51766683036886,51.88816737696335,50.315800548856046,50.35194778442383,17678700,0.0,0.0
2023-02-17 00:00:00-05:00,49.520573925694656,49.520573925694656,47.396974020892436,48.192195892333984,25514600,0.0,0.0
2023-02-21 00:00:00-05:00,48.508479026604896,48.87897956472028,48.065684019008444,48.55366134643555,11378800,0.0,0.0
2023-02-22 00:00:00-05:00,48.53558133968023,49.11392323063377,47.496374331619805,48.42714309692383,13144400,0.0,0.0
2023-02-23 00:00:00-05:00,49.159110709486676,49.945294029524135,48.61691258237935,49.7013053894043,11919400,0.0,0.0
2023-02-24 00:00:00-05:00,49.17718087791952,49.87299956703394,48.707280660492096,49.7013053894043,10030100,0.0,0.0
2023-02-27 00:00:00-05:00,49.80974227249789,49.9452926623617,49.032594057949886,49.267547607421875,9624200,0.0,0.0
2023-02-28 00:00:00-05:00,49.67419914857773,49.818784633525794,48.68920945512219,48.7253532409668,10887300,0.0,0.0
2023-03-01 00:00:00-05:00,48.634989053316865,49.746490625436,48.40003893080945,49.46635818481445,9308100,0.0,0.0
2023-03-02 00:00:00-05:00,49.0235620560492,50.6049672836637,48.9783797389839,50.33386993408203,8660000,0.0,0.0
2023-03-03 00:00:00-05:00,49.619978364640055,51.626104987238385,49.50250158071757,51.210418701171875,10997800,0.0,0.0
2023-03-06 00:00:00-05:00,50.74955431777524,51.32789626714409,50.48749204472063,51.04776382446289,8926300,0.0,0.0
2023-03-07 00:00:00-05:00,50.70436715997869,50.91220856274685,49.48442399522261,49.72841262817383,9492500,0.0,0.0
2023-03-08 00:00:00-05:00,49.42117157123728,50.22543198749992,48.80668240330057,49.24947738647461,8379100,0.0,0.0
2023-03-09 00:00:00-05:00,49.53864643551726,50.0356588013732,47.7584349343639,47.875911712646484,9275200,0.0,0.0
2023-03-10 00:00:00-05:00,47.75843866857778,48.49943973317935,46.3939133268427,46.7734489440918,12351100,0.0,0.0
2023-03-13 00:00:00-04:00,45.18300586698613,46.149921916764455,44.297419365655976,45.16493225097656,15449700,0.0,0.0
2023-03-14 00:00:00-04:00,45.09133028184439,46.77501156742835,44.44730264114962,45.284542083740234,12442500,0.89,0.0
2023-03-15 00:00:00-04:00,43.32484634475939,43.49045444708432,40.82232702934918,41.512359619140625,23274200,0.0,0.0
2023-03-16 00:00:00-04:00,40.859130270235354,42.644013334525646,40.50951276971078,42.570411682128906,14250200,0.0,0.0
2023-03-17 00:00:00-04:00,42.60721735372301,42.73602288702579,41.43876164353871,42.46001052856445,28300500,0.0,0.0
2023-03-20 00:00:00-04:00,42.32200281670753,43.53646000806413,42.303601524755145,43.24204635620117,8906600,0.0,0.0
2023-03-21 00:00:00-04:00,44.19888817618519,45.5513496609712,44.05168136458647,45.137332916259766,11184700,0.0,0.0
2023-03-22 00:00:00-04:00,45.25694298098786,45.57896034367319,43.87687759439072,43.941280364990234,8633200,0.0,0.0
2023-03-23 00:00:00-04:00,44.28169730799647,44.723317793464666,42.53361314870817,42.98443603515625,8905800,0.0,0.0
2023-03-24 00:00:00-04:00,41.815976399440565,43.23284418509126,41.80677399931876,42.8464241027832,8727600,0.0,0.0
2023-03-27 00:00:00-04:00,43.61006123939862,44.53930358614633,42.855625885888166,44.23569107055664,7759600,0.0,0.0
2023-03-28 00:00:00-04:00,43.90447643139772,45.2845416653132,43.867673849501664,44.6865119934082,7671100,0.0,0.0
2023-03-29 00:00:00-04:00,45.51455394543195,45.92857072066254,45.31214324843034,45.80896759033203,8150400,0.0,0.0
2023-03-30 00:00:00-04:00,46.50818966378232,46.609394991706665,45.66175148420918,45.864158630371094,6603000,0.0,0.0
2023-03-31 00:00:00-04:00,46.30578542817548,46.78420490167424,46.11257364922702,46.56339645385742,7652500,0.0,0.0
2023-04-03 00:00:00-04:00,49.139522628903755,50.28957699066399,48.67030199356803,49.04751968383789,18907000,0.0,0.0
2023-04-04 00:00:00-04:00,49.03831627451362,49.24072696111861,47.38223872959157,48.523094177246094,10252700,0.0,0.0
2023-04-05 00:00:00-04:00,48.578296185702754,49.30513139433902,47.93426503260337,49.24992752075195,8297200,0.0,0.0
2023-04-06 00:00:00-04:00,48.973918051597366,49.249930416385894,48.50469738242563,48.67950439453125,6239500,0.0,0.0
2023-04-10 00:00:00-04:00,48.854307003435,50.16996945035788,48.854307003435,49.12112045288086,6996900,0.0,0.0
2023-04-11 00:00:00-04:00,49.46154201153688,50.42759059186131,49.20393092861718,49.95836639404297,6427300,0.0,0.0
2023-04-12 00:00:00-04:00,50.1699739295916,50.832406412272384,49.921561748586306,50.179176330566406,7277200,0.0,0.0
2023-04-13 00:00:00-04:00,50.050370328337685,51.05321793430725,50.04116792744857,50.804805755615234,6567500,0.0,0.0
2023-04-14 00:00:00-04:00,50.84160044228397,51.577638023635636,50.694393627951094,51.246421813964844,5969300,0.0,0.0
2023-04-17 00:00:00-04:00,51.14521999077549,51.69724470509138,50.67599933457573,50.8784065246582,6132100,0.0,0.0
2023-04-18 00:00:00-04:00,50.51039210154047,51.02561424132752,50.13317438790169,50.804805755615234,5329700,0.0,0.0
2023-04-19 00:00:00-04:00,49.84795474059088,50.565587513368705,49.63634516681504,50.46438217163086,5112300,0.0,0.0
2023-04-20 00:00:00-04:00,49.48913886763231,49.82035507686978,49.19472523935174,49.700748443603516,6705700,0.0,0.0
2023-04-21 00:00:00-04:00,49.83875117681761,49.83875117681761,48.983114011394115,49.3419303894043,5510400,0.0,0.0
2023-04-24 00:00:00-04:00,49.24992962197259,50.45518792405614,49.12112408779478,50.11477279663086,5473400,0.0,0.0
2023-04-25 00:00:00-04:00,49.31433324078886,49.46154006948991,48.440294669575714,48.95551681518555,6242700,0.0,0.0
2023-04-26 00:00:00-04:00,48.50469486539614,49.065921966832335,47.41904324516914,48.02627182006836,6955900,0.0,0.0
2023-04-27 00:00:00-04:00,48.311479188340584,48.46788839720085,47.290233924457446,48.072269439697266,6360400,0.0,0.0
2023-04-28 00:00:00-04:00,47.95266267836598,49.709945492557544,47.78705457988199,49.157920837402344,7658800,0.0,0.0
2023-05-01 00:00:00-04:00,48.477093206226215,49.443141737893534,48.32988637915966,48.98311996459961,5921700,0.0,0.0
2023-05-02 00:00:00-04:00,47.97106949151874,48.20108037593123,45.96537429866683,46.6554069519043,9588100,0.0,0.0
2023-05-03 00:00:00-04:00,45.54215049926925,46.140180142023425,44.96252214656613,45.09132766723633,9470800,0.0,0.0
2023-05-04 00:00:00-04:00,45.201734511092944,45.77216045261413,44.20808592616526,44.382896423339844,7220100,0.0,0.0
2023-05-05 00:00:00-04:00,45.91017013226574,46.79341101297196,45.726160738030124,46.33338928222656,8310700,0.0,0.0
2023-05-08 00:00:00-04:00,47.62144983585013,47.86986200107426,46.87621684986516,46.922218322753906,8842500,0.0,0.0
2023-05-09 00:00:00-04:00,46.21378030317232,47.1430261175236,44.8981179392638,45.23853302001953,13774400,0.0,0.0
2023-05-10 00:00:00-04:00,45.23853810301465,45.27534068606583,43.42605475883746,44.2632942199707,12036100,0.0,0.0
2023-05-11 00:00:00-04:00,43.545660852011146,44.02408038691801,43.14083946290734,43.48125457763672,7922500,0.0,0.0
2023-05-12 00:00:00-04:00,43.83087849737568,43.96888644740617,43.094844286484964,43.72047424316406,5949900,0.0,0.0
2023-05-15 00:00:00-04:00,44.09768581171035,44.33689558057207,43.63766405570226,43.8952751159668,7187000,0.0,0.0
2023-05-16 00:00:00-04:00,43.5732615338901,43.849273887098335,42.36800326293289,42.44160842895508,8030900,0.0,0.0
2023-05-17 00:00:00-04:00,42.864827365221174,44.41969963704102,42.736021835088906,43.8952751159668,7930900,0.0,0.0
2023-05-18 00:00:00-04:00,43.582457405639566,44.502500859056326,43.29724618128021,44.41969680786133,6115900,0.0,0.0
2023-05-19 00:00:00-04:00,45.109730767264715,45.62495638030558,44.91652247850715,45.26613998413086,8284100,0.0,0.0
2023-05-22 00:00:00-04:00,45.25693451053034,45.983769653759374,44.99932347634774,45.37654113769531,5510700,0.0,0.0
2023-05-23 00:00:00-04:00,45.77216932532912,46.15858595458125,45.137340501691575,45.18334197998047,7381000,0.0,0.0
2023-05-24 00:00:00-04:00,45.33054351441744,46.048176318915175,44.78771771084707,45.69855880737305,6903000,0.0,0.0
2023-05-25 00:00:00-04:00,44.787720831363266,45.00852932058364,43.858474869305184,44.042484283447266,11289800,0.0,0.0
2023-05-26 00:00:00-04:00,44.57610752758716,44.612910109293466,43.775670678755446,44.22649002075195,6377100,0.0,0.0
2023-05-30 00:00:00-04:00,43.52725564644951,43.89527091018246,42.61641111256272,43.205238342285156,11242800,0.0,0.0
2023-05-31 00:00:00-04:00,42.607217087977666,43.04883756069889,42.220796980791896,42.414005279541016,11537800,0.0,0.0
2023-06-01 00:00:00-04:00,42.60721286078712,43.91367285759194,42.303596841714715,43.03963088989258,7568000,0.0,0.0
2023-06-02 00:00:00-04:00,44.05168541723806,45.10053448508152,43.70206789139439,44.64971160888672,8822200,0.0,0.0
2023-06-05 00:00:00-04:00,45.63415159648282,45.63415159648282,44.38289551073919,44.502498626708984,7367600,0.0,0.0
2023-06-06 00:00:00-04:00,43.70206525135036,45.11893305129805,43.619261197855046,45.036128997802734,5952500,0.0,0.0
2023-06-07 00:00:00-04:00,45.34894806284358,46.47139882312213,45.164938648305046,46.048179626464844,7190000,0.0,0.0
2023-06-08 00:00:00-04:00,45.87336965684368,46.45299804689741,45.04532909962405,46.02057647705078,7162900,0.0,0.0
2023-06-09 00:00:00-04:00,45.93777223285897,46.443795455889365,45.56055453827041,45.882568359375,6105400,0.0,0.0
2023-06-12 00:00:00-04:00,45.164931001704396,46.03897294051798,44.99012401781651,45.45014572143555,8611900,0.0,0.0
2023-06-13 00:00:00-04:00,46.701411394185314,47.29944113553071,46.29659347538535,46.36099624633789,13214200,0.0,0.0
2023-06-14 00:00:00-04:00,46.74367773833105,47.29436858651016,45.38094006819166,45.68895721435547,10790700,0.72,0.0
2023-06-15 00:00:00-04:00,45.847632249422205,46.92102085266474,45.800963953751385,46.295654296875,8670000,0.0,0.0
2023-06-16 00:00:00-04:00,46.622338767678585,46.8743518330843,46.276989112372675,46.482330322265625,16256000,0.0,0.0
2023-06-20 00:00:00-04:00,45.95030045253114,46.127641384158736,44.23288098004914,45.054256439208984,10540800,0.0,0.0
2023-06-21 00:00:00-04:00,44.98892709928785,46.04364773976224,44.92359076904778,45.67962646484375,6950800,0.0,0.0
2023-06-22 00:00:00-04:00,44.93291156420731,44.988915644680894,44.316880921246074,44.51288986206055,7243500,0.0,0.0
2023-06-23 00:00:00-04:00,43.86886834966412,44.242221844950215,43.775531756124,44.00887680053711,13663600,0.0,0.0
2023-06-26 00:00:00-04:00,44.13954852925981,44.97958853517745,44.06487640754478,44.5595703125,6833700,0.0,0.0
2023-06-27 00:00:00-04:00,44.4942307669022,44.7929156954899,44.15821689829621,44.16754913330078,7871700,0.0,0.0
2023-06-28 00:00:00-04:00,44.37288500171966,44.70890236343707,43.766186591889664,44.51288986206055,8819700,0.0,0.0
2023-06-29 00:00:00-04:00,44.74624059364133,45.203598408077056,44.559567422585936,45.17559814453125,6745800,0.0,0.0
2023-06-30 00:00:00-04:00,45.82896188957739,45.82896188957739,45.100926544542624,45.11959457397461,8873000,0.0,0.0
2023-07-03 00:00:00-04:00,45.12892828800787,45.81963115738662,45.06359196313507,45.57695388793945,4385700,0.0,0.0
2023-07-05 00:00:00-04:00,45.99697151686996,46.10897969570942,45.03559112548828,45.26893615722656,7528100,0.0,0.0
2023-07-06 00:00:00-04:00,44.80224681260177,45.24093661868856,43.58885334020634,44.382225036621094,9501500,0.0,0.0
2023-07-07 00:00:00-04:00,44.04620459987522,46.09030924949497,43.96220025043108,45.59561538696289,9695500,0.0,0.0
2023-07-10 00:00:00-04:00,45.32494075886408,46.146312716260084,45.17560007928639,45.912967681884766,5793500,0.0,0.0
2023-07-11 00:00:00-04:00,46.43566455895092,47.40638081331131,46.23031977730006,47.19170379638672,8670800,0.0,0.0
2023-07-12 00:00:00-04:00,47.78906612771185,48.134415798796674,47.3877123637905,47.68639373779297,7640900,0.0,0.0
2023-07-13 00:00:00-04:00,47.64905496186707,48.35842585514012,47.22903319092417,47.70505905151367,7168500,0.0,0.0
2023-07-14 00:00:00-04:00,47.31303983142743,47.31303983142743,45.48361554131995,45.64229202270508,9693800,0.0,0.0
2023-07-17 00:00:00-04:00,45.45561231758859,45.82896222729192,45.12892714096528,45.660953521728516,6486700,0.0,0.0
2023-07-18 00:00:00-04:00,45.73562848064704,47.54638473460882,45.67029215337685,47.1450309753418,9097000,0.0,0.0
2023-07-19 00:00:00-04:00,47.107698662065,47.742397467128484,47.00502627292784,47.247703552246094,8251200,0.0,0.0
2023-07-20 00:00:00-04:00,47.77039756254651,48.33976003804738,47.51838448844468,47.97574234008789,8133600,0.0,0.0
2023-07-21 00:00:00-04:00,48.199747718678054,48.97445490953244,47.854398079177464,48.7784423828125,9920200,0.0,0.0
2023-07-24 00:00:00-04:00,49.00245576973858,50.01050799750037,48.890451153508124,49.55315017700195,9024000,0.0,0.0
2023-07-25 00:00:00-04:00,49.469141528836325,50.21584483980065,49.338468894487846,49.84249496459961,5547000,0.0,0.0
2023-07-26 00:00:00-04:00,49.29180816137746,49.9171711674998,49.207803803481326,49.60915756225586,5078800,0.0,0.0
2023-07-27 00:00:00-04:00,50.02917769268193,50.075849551502515,48.545103020485485,48.74111557006836,7478600,0.0,0.0
2023-07-28 00:00:00-04:00,49.049121176965926,49.4878109421854,48.610434972308795,49.46914291381836,5559400,0.0,0.0
2023-07-31 00:00:00-04:00,49.93583679199219,50.607871622778475,49.87050046795048,50.40252685546875,6926000,0.0,0.0
2023-08-01 00:00:00-04:00,50.08517947310888,50.34652477972859,49.525152798763,50.10384750366211,7363700,0.0,0.0
2023-08-02 00:00:00-04:00,48.55443618455432,48.55443618455432,46.099645375184906,46.42633056640625,21330900,0.0,0.0
2023-08-03 00:00:00-04:00,46.71566770042423,48.30241439258284,46.566327044724716,47.44370651245117,12952100,0.0,0.0
2023-08-04 00:00:00-04:00,47.72372760480929,48.51709930040965,47.3130380640219,47.41571044921875,11881800,0.0,0.0
2023-08-07 00:00:00-04:00,47.41570921834528,47.92906757044047,47.135695895435404,47.425045013427734,6614000,0.0,0.0
2023-08-08 00:00:00-04:00,46.36099027150012,47.40637860152843,45.595618834499604,47.38771057128906,6899400,0.0,0.0
2023-08-09 00:00:00-04:00,47.96640084571998,48.526431019598675,47.44371028944138,47.77972412109375,7379700,0.0,0.0
2023-08-10 00:00:00-04:00,47.90106632889487,48.29308782141954,46.89301767487609,47.37837219238281,6296900,0.0,0.0
2023-08-11 00:00:00-04:00,47.117029287945385,47.77039610149709,46.86501622155133,47.051692962646484,9470900,0.0,0.0
2023-08-14 00:00:00-04:00,46.81834921708914,46.94902187128928,46.30499083534741,46.93968963623047,6192200,0.0,0.0
2023-08-15 00:00:00-04:00,46.603670550283276,46.66900687506335,45.68895844279955,45.912967681884766,7083500,0.0,0.0
2023-08-16 00:00:00-04:00,45.92230407221454,46.183649374721234,45.2689372553851,45.28760528564453,6439900,0.0,0.0
2023-08-17 00:00:00-04:00,45.96897456103962,46.501000986850286,45.68896121491237,45.79163360595703,5943000,0.0,0.0
2023-08-18 00:00:00-04:00,45.268933897075215,46.68767204647784,45.222265605170094,46.659671783447266,6299200,0.0,0.0
2023-08-21 00:00:00-04:00,47.21970018037939,47.490381268379664,46.304988094557395,46.82767868041992,6526700,0.0,0.0
2023-08-22 00:00:00-04:00,46.96768920586377,47.19170201014592,46.40766253600251,46.42633056640625,4688000,0.0,0.0
2023-08-23 00:00:00-04:00,45.87564136211079,46.09965063137127,45.259610530799755,46.052982330322266,5748500,0.0,0.0
2023-08-24 00:00:00-04:00,45.69829307757346,46.12764710883842,45.418279733729484,45.58628845214844,5261800,0.0,0.0
2023-08-25 00:00:00-04:00,46.12764239049429,47.44371173701115,45.866297104381,47.07035827636719,10108500,0.0,0.0
2023-08-28 00:00:00-04:00,47.341042994537446,48.13441470865785,47.014357801234006,47.20103454589844,4757700,0.0,0.0
2023-08-29 00:00:00-04:00,47.31303625570623,47.6117176045563,46.81834593927879,47.350372314453125,4677800,0.0,0.0
2023-08-30 00:00:00-04:00,47.60238738604759,47.74239583199633,47.238369699256076,47.285037994384766,4350300,0.0,0.0
2023-08-31 00:00:00-04:00,47.61172161401093,47.87307048668522,47.14503152206172,47.68639373779297,6783900,0.0,0.0
2023-09-01 00:00:00-04:00,48.46109765615611,49.78649937472547,48.311756968485476,49.39447784423828,9331800,0.0,0.0
2023-09-05 00:00:00-04:00,49.84250020352192,50.84121665451676,49.646487670834176,49.93583679199219,8350700,0.0,0.0
2023-09-06 00:00:00-04:00,49.85183392103297,50.533201006709135,49.60915664745405,49.92650604248047,5102700,0.0,0.0
2023-09-07 00:00:00-04:00,49.74916005448904,50.187849853537045,48.871784016955644,49.00245666503906,7234400,0.0,0.0
2023-09-08 00:00:00-04:00,49.31047855130061,49.777168659593535,49.06779770107303,49.15180206298828,5123400,0.0,0.0
2023-09-11 00:00:00-04:00,49.61848700179198,49.61848700179198,47.005023379747236,47.39704132080078,12427600,0.0,0.0
2023-09-12 00:00:00-04:00,47.929071713446895,48.54510250132357,47.78906682017117,47.966407775878906,8137200,0.0,0.0
2023-09-13 00:00:00-04:00,48.16241556186438,48.17175135752104,46.9956903441781,47.27570724487305,7766900,0.0,0.0
2023-09-14 00:00:00-04:00,48.02970430513688,48.40670499891086,47.3793818834891,48.00143051147461,9639000,0.49,0.0
2023-09-15 00:00:00-04:00,47.59615521057083,47.61500560447186,46.625383294410184,46.823307037353516,26174300,0.0,0.0
2023-09-18 00:00:00-04:00,47.12490120319405,47.294551135153114,46.2578047468207,46.65365219116211,9265500,0.0,0.0
2023-09-19 00:00:00-04:00,47.21915498352189,47.36053114148524,46.0598827123956,46.1729850769043,9549400,0.0,0.0
2023-09-20 00:00:00-04:00,45.814835192437044,46.238960074800275,45.107961586946686,45.12681198120117,10362300,0.0,0.0
2023-09-21 00:00:00-04:00,45.004280499680135,45.17393043107614,43.458584320600714,43.7413330078125,13741800,0.0,0.0
2023-09-22 00:00:00-04:00,44.12775815811132,44.31625848608987,43.59053456034652,43.91098403930664,8357000,0.0,0.0
2023-09-25 00:00:00-04:00,43.89213312946691,44.8911823392327,43.826158554753995,44.778079986572266,10594900,0.0,0.0
2023-09-26 00:00:00-04:00,44.16546113027047,44.834633912160655,44.11833694477797,44.25028610229492,8722300,0.0,0.0
2023-09-27 00:00:00-04:00,45.03255927444249,46.380331881192795,44.910037106807025,46.03160858154297,12027900,0.0,0.0
2023-09-28 00:00:00-04:00,45.94678667449145,46.3049369927021,45.53208876601008,46.00333786010742,6520600,0.0,0.0
2023-09-29 00:00:00-04:00,46.18240386543188,46.2201046498374,44.86290517399595,44.957157135009766,8853800,0.0,0.0
2023-10-02 00:00:00-04:00,45.070262818677335,45.070262818677335,42.742291156402466,43.02504348754883,10400300,0.0,0.0
2023-10-03 00:00:00-04:00,42.90251146446305,43.156986368200464,42.49723701725289,43.119285583496094,8624300,0.0,0.0
2023-10-04 00:00:00-04:00,42.355868288607375,42.450120266871394,40.357773088899634,40.857295989990234,14901400,0.0,0.0
2023-10-05 00:00:00-04:00,40.527415878577784,40.95154071730626,40.272940975340696,40.38603973388672,10595100,0.0,0.0
2023-10-06 00:00:00-04:00,40.52741872534468,41.67726756992299,40.14099464410287,41.18716812133789,11573000,0.0,0.0
2023-10-09 00:00:00-04:00,42.54436046955158,43.73190999992413,42.28988557018603,43.44915771484375,10939200,0.0,0.0
2023-10-10 00:00:00-04:00,43.44916078577673,43.741336489849566,43.11928789032749,43.4208869934082,7999900,0.0,0.0
2023-10-11 00:00:00-04:00,43.23238730794323,44.10891083805208,42.95906558844889,44.06178665161133,8053300,0.0,0.0
2023-10-12 00:00:00-04:00,44.533037840670495,44.655563607563685,43.59996308491411,44.0052375793457,8040700,0.0,0.0
2023-10-13 00:00:00-04:00,44.91003256666707,45.82425321091294,44.66498106547936,45.607479095458984,10185400,0.0,0.0
2023-10-16 00:00:00-04:00,45.92793446449689,46.67250886663257,45.550937361322774,46.559410095214844,9632900,0.0,0.0
2023-10-17 00:00:00-04:00,46.24838426792922,47.06835665767306,46.163559290000876,47.05893325805664,9484500,0.0,0.0
2023-10-18 00:00:00-04:00,47.37937928098723,47.9166029031317,47.00237860792152,47.2003059387207,10883400,0.0,0.0
2023-10-19 00:00:00-04:00,46.389755993665474,46.95525339554976,45.63575466402669,46.41802978515625,12615900,0.0,0.0
2023-10-20 00:00:00-04:00,46.23896176720779,46.512283505539074,45.29646359205729,45.54151153564453,7907300,0.0,0.0
2023-10-23 00:00:00-04:00,44.92888246526835,45.23048516340167,44.25028628166688,44.966583251953125,8084400,0.0,0.0
2023-10-24 00:00:00-04:00,45.09852981505644,45.258756351574924,44.54245582715937,44.74038314819336,5672600,0.0,0.0
2023-10-25 00:00:00-04:00,44.52360903085585,45.15508099244784,44.23143334387383,45.09852981567383,6337400,0.0,0.0
2023-10-26 00:00:00-04:00,44.3445390110409,44.834638500073346,43.98638869302772,44.457637786865234,5500600,0.0,0.0
2023-10-27 00:00:00-04:00,44.46706298299626,44.561311359812365,43.30779069050161,44.08063888549805,8089500,0.0,0.0
2023-10-30 00:00:00-04:00,44.00523617534081,44.485912232630554,43.04388765610634,43.51513671875,6815200,0.0,0.0
2023-10-31 00:00:00-04:00,43.430313570920774,43.92040941221435,43.02503910591869,43.89213562011719,5896200,0.0,0.0
2023-11-01 00:00:00-04:00,44.29741175138112,44.29741175138112,43.468012396999086,43.55283737182617,7565000,0.0,0.0
2023-11-02 00:00:00-04:00,43.66593307719386,44.58958066484167,43.204107485697726,44.5518798828125,6014900,0.0,0.0
2023-11-03 00:00:00-04:00,44.693256862923825,45.17393289319232,44.49533313062259,44.61785888671875,7007900,0.0,0.0
2023-11-06 00:00:00-05:00,44.97601020976294,45.0042840020811,43.66593843396278,44.033512115478516,7874000,0.0,0.0
2023-11-07 00:00:00-05:00,43.25123886778721,43.43973921397778,42.43126649650503,42.68574142456055,11263500,0.0,0.0
2023-11-08 00:00:00-05:00,42.1296639360451,42.50666100225637,41.18716587749977,41.639564514160156,14232200,0.0,0.0
2023-11-09 00:00:00-05:00,42.00713831517341,42.53493852395947,41.58301346841183,41.601863861083984,9925700,0.0,0.0
2023-11-10 00:00:00-05:00,42.05426697487273,43.31721465556021,41.96944199649278,42.99676513671875,11178100,0.0,0.0
2023-11-13 00:00:00-05:00,43.17583914952692,43.3831862861843,42.73286389310201,42.80826187133789,8175900,0.0,0.0
2023-11-14 00:00:00-05:00,43.14756047156827,43.54341153034095,42.83653797820991,43.10986328125,6847000,0.0,0.0
2023-11-15 00:00:00-05:00,43.04388797400715,43.74133817382259,42.84596422911785,42.90251541137695,7318600,0.0,0.0
2023-11-16 00:00:00-05:00,42.101383186741224,42.29931049568896,40.96096148987165,41.74323654174805,12410900,0.0,0.0
2023-11-17 00:00:00-05:00,42.22391258840472,43.109863070430414,41.88461270978593,42.751712799072266,9335200,0.0,0.0
2023-11-20 00:00:00-05:00,43.19469344809855,43.54341676907509,42.911941116952185,43.02504348754883,7587800,0.0,0.0
2023-11-21 00:00:00-05:00,42.685741559911044,42.9496398882076,42.37471544840862,42.648040771484375,5040000,0.0,0.0
2023-11-22 00:00:00-05:00,41.51704362036705,42.62919174728035,41.177743704312796,42.56321716308594,6973800,0.0,0.0
2023-11-24 00:00:00-05:00,42.468964970161515,42.99676159631499,42.31816542049697,42.742286682128906,4050600,0.0,0.0
2023-11-27 00:00:00-05:00,42.393563546881154,42.440687732190035,41.799788745023555,42.346439361572266,8319900,0.0,0.0
2023-11-28 00:00:00-05:00,42.525516063520506,42.808264793056644,42.148518955920714,42.242767333984375,5942200,0.0,0.0
2023-11-29 00:00:00-05:00,42.459539360028174,42.610338914608505,42.073115276707014,42.29931640625,6470300,0.0,0.0
2023-11-30 00:00:00-05:00,42.88366284897226,43.34548849237447,41.96943855640689,42.38414001464844,12904400,0.0,0.0
2023-12-01 00:00:00-05:00,42.29931394565698,43.22296161315013,42.07311282927234,42.572635650634766,6380700,0.0,0.0
2023-12-04 00:00:00-05:00,42.06369276788974,42.70459178725858,41.91289321011737,42.110816955566406,6670300,0.0,0.0
2023-12-05 00:00:00-05:00,42.11081144668912,42.27103438289866,41.2060142184192,41.2625617980957,8282100,0.0,0.0
2023-12-06 00:00:00-05:00,41.026940765012746,41.63013896820771,40.58396910692295,40.76304244995117,10636500,0.0,0.0
2023-12-07 00:00:00-05:00,41.045789170806906,41.28141368222984,40.65936511588708,40.96096420288086,10954900,0.0,0.0
2023-12-08 00:00:00-05:00,41.30969298446769,41.714963855195336,41.1588898386315,41.55474090576172,7450800,0.0,0.0
2023-12-11 00:00:00-05:00,41.70554275686394,42.04484266302246,41.52646940432254,41.85634231567383,8093600,0.0,0.0
2023-12-12 00:00:00-05:00,41.37566626619796,41.37566626619796,40.56511735945916,40.84786605834961,11439000,0.0,0.0
2023-12-13 00:00:00-05:00,40.83844247304585,41.705538958392715,40.480292205237696,41.67726516723633,13256400,0.0,0.0
2023-12-14 00:00:00-05:00,42.44462794154144,43.63403833452246,42.358299738348784,43.15443801879883,13683600,0.77,0.0
2023-12-15 00:00:00-05:00,42.6940167303168,43.07769843065432,42.3391135358935,43.039329528808594,24610700,0.0,0.0
2023-12-18 00:00:00-05:00,43.7107641341284,44.27669254495957,43.365451387308106,43.394229888916016,12127200,0.0,0.0
2023-12-19 00:00:00-05:00,43.49015582576014,43.86424347839977,43.18321192312968,43.8162841796875,9074600,0.0,0.0
2023-12-20 00:00:00-05:00,43.979339088740026,44.34383628361248,43.32708249120378,43.394229888916016,8494500,0.0,0.0
2023-12-21 00:00:00-05:00,43.53811581931333,43.98894128433544,43.317500114468054,43.979347229003906,8104100,0.0,0.0
2023-12-22 00:00:00-05:00,44.31507048431137,44.55487064530974,43.8546546142817,43.940982818603516,6311800,0.0,0.0
2023-12-26 00:00:00-05:00,44.3726201588542,45.0248768891668,44.305476406533195,44.75630187988281,8224800,0.0,0.0
2023-12-27 00:00:00-05:00,44.65078630844509,44.861811607139224,44.35343647016863,44.50690841674805,7982600,0.0,0.0
2023-12-28 00:00:00-05:00,44.22873921273705,44.458945302257106,43.88342641939714,43.89301681518555,7843000,0.0,0.0
2023-12-29 00:00:00-05:00,44.00812414039839,44.10404273587614,43.20239549758168,43.451786041259766,9440600,0.0,0.0
2024-01-02 00:00:00-05:00,43.75873177031728,44.59323895397515,43.69158801885884,43.969757080078125,7489500,0.0,0.0
2024-01-03 00:00:00-05:00,43.82587352416285,44.928955663375284,43.66281118064198,44.90018081665039,7374600,0.0,0.0
2024-01-04 00:00:00-05:00,45.12079461608515,45.41814444390327,43.70117824539111,43.7683219909668,8311400,0.0,0.0
2024-01-05 00:00:00-05:00,44.10403891191608,44.199961158136944,43.66280755647877,44.065670013427734,7071800,0.0,0.0
2024-01-08 00:00:00-05:00,43.30791162360509,43.67240524291992,42.52136736857388,43.67240524291992,8222300,0.0,0.0
2024-01-09 00:00:00-05:00,43.72995312257178,43.78750647270392,42.73238367463966,42.94340896606445,7532800,0.0,0.0
2024-01-10 00:00:00-05:00,42.94340840326199,42.991367698213715,42.05135161273328,42.14727020263672,10531300,0.0,0.0
2024-01-11 00:00:00-05:00,42.281563855183094,42.44462619948775,41.65808200670791,41.811553955078125,10739000,0.0,0.0
2024-01-12 00:00:00-05:00,42.62687236399442,42.71320056236656,40.92908690204894,41.02500915527344,12739700,0.0,0.0
2024-01-16 00:00:00-05:00,40.79479588592658,41.00582116574878,39.82600499585648,39.97947692871094,13084600,0.0,0.0
2024-01-17 00:00:00-05:00,39.60539217522433,39.79723301988225,39.144976343481176,39.413551330566406,11802700,0.0,0.0
2024-01-18 00:00:00-05:00,39.30803892918116,39.52865462124824,38.857213490271135,39.403961181640625,10038500,0.0,0.0
2024-01-19 00:00:00-05:00,39.3751846166597,39.43273797097144,38.96272805840889,39.2984504699707,9163300,0.0,0.0
2024-01-22 00:00:00-05:00,39.13538448498564,39.92192869906903,38.90517838572512,39.499881744384766,9522600,0.0,0.0
2024-01-23 00:00:00-05:00,39.538252269795315,40.132955652859536,39.38478031097035,39.614986419677734,5843100,0.0,0.0
2024-01-24 00:00:00-05:00,39.998666210991416,40.17132261369828,39.586209655531675,39.92192840576172,8160700,0.0,0.0
2024-01-25 00:00:00-05:00,40.094584633774524,40.76602579036906,39.77805033623106,40.75643539428711,8101500,0.0,0.0
2024-01-26 00:00:00-05:00,40.66051830468643,41.025015606134204,40.40153366884672,40.881134033203125,5768600,0.0,0.0
2024-01-29 00:00:00-05:00,40.84276236273662,41.06337805656324,40.31519911765144,41.02500915527344,5362500,0.0,0.0
2024-01-30 00:00:00-05:00,40.73725128401042,41.59093924578637,40.67969792985723,41.55257034301758,6014800,0.0,0.0
2024-01-31 00:00:00-05:00,41.41827931413238,41.45664821363268,40.29601278763611,40.305606842041016,6996900,0.0,0.0
2024-02-01 00:00:00-05:00,40.56459533523665,40.88112963897687,39.78764151123066,40.09458541870117,7886700,0.0,0.0
2024-02-02 00:00:00-05:00,40.0274429950936,40.1137712006239,39.528658214147434,39.614986419677734,6948600,0.0,0.0
2024-02-05 00:00:00-05:00,39.39436631328861,39.46151005909368,38.81884744665664,39.029869079589844,7451100,0.0,0.0
2024-02-06 00:00:00-05:00,39.26007963248132,39.80682366479102,39.07783284139802,39.403961181640625,6864000,0.0,0.0
2024-02-07 00:00:00-05:00,39.49028541619428,39.778048512297154,39.02986958511335,39.624576568603516,6761800,0.0,0.0
2024-02-08 00:00:00-05:00,39.64376415692586,40.75643675154264,39.62457970506315,40.6796989440918,11090600,0.0,0.0
2024-02-09 00:00:00-05:00,40.66051391255541,40.84276437312288,39.66294438427662,39.89315414428711,7462200,0.0,0.0
2024-02-12 00:00:00-05:00,40.084994882940784,40.85235464894676,40.05621637611181,40.51663589477539,7972800,0.0,0.0
2024-02-13 00:00:00-05:00,40.363162379497254,40.54540917341437,39.72049608473505,40.19050598144531,6512500,0.0,0.0
2024-02-14 00:00:00-05:00,40.33438105975554,40.76602202477092,39.95070304789934,40.13294982910156,6715300,0.0,0.0
2024-02-15 00:00:00-05:00,40.15213683630068,41.552568803951516,40.15213683630068,41.42787170410156,8847500,0.0,0.0
2024-02-16 00:00:00-05:00,41.42787072676498,41.94583990555924,41.207255037810334,41.68685531616211,6175300,0.0,0.0
2024-02-20 00:00:00-05:00,41.610125907760626,42.041766939191156,41.3703257413059,41.63890075683594,6377800,0.0,0.0
2024-02-21 00:00:00-05:00,41.93624943564861,42.80912179433934,41.86910568952315,42.31033706665039,7522700,0.0,0.0
2024-02-22 00:00:00-05:00,41.907477224307655,42.46381538610658,41.5525739901954,42.176055908203125,10886600,0.0,0.0
2024-02-23 00:00:00-05:00,41.734818619801246,42.31993160102587,41.37032500777615,42.089725494384766,7029700,0.0,0.0
2024-02-26 00:00:00-05:00,41.945844857929984,42.540548248763606,41.70604469044189,42.04176712036133,8164000,0.0,0.0
2024-02-27 00:00:00-05:00,42.329525351064575,42.8091256720087,42.15686894279989,42.51177215576172,7475100,0.0,0.0
2024-02-28 00:00:00-05:00,42.30074818548962,43.087292444063515,41.94584496126973,42.233604431152344,11356000,0.0,0.0
2024-02-29 00:00:00-05:00,42.387075958926836,42.62687612455361,42.051357190673414,42.26238250732422,7975100,0.0,0.0
2024-03-01 00:00:00-05:00,42.63646799639816,42.96259635130858,42.28156479398564,42.578914642333984,12030500,0.0,0.0
2024-03-04 00:00:00-05:00,42.71320631123795,42.895456787364104,42.43504088709752,42.55973434448242,7332700,0.0,0.0
2024-03-05 00:00:00-05:00,42.78034511193226,43.557298911844065,42.52136417102155,43.24076461791992,9578300,0.0,0.0
2024-03-06 00:00:00-05:00,43.71077184227604,43.75873114133413,43.06810918496561,43.59566879272461,8359200,0.0,0.0
2024-03-07 00:00:00-05:00,43.59566850251584,44.39180310694844,43.557299599900794,44.01771545410156,7767900,0.0,0.0
2024-03-08 00:00:00-05:00,44.1615998247362,44.478134143839966,43.93139005342968,44.276702880859375,6790000,0.0,0.0
2024-03-11 00:00:00-04:00,44.24792646506203,44.842629836214044,43.84506029430353,44.765892028808594,7571700,0.0,0.0
2024-03-12 00:00:00-04:00,44.79466847644314,45.07283752690752,44.60282762581048,44.6795654296875,6939400,0.0,0.0
2024-03-13 00:00:00-04:00,45.1016127292195,45.849788027616434,45.1016127292195,45.47570037841797,8846300,0.0,0.0
2024-03-14 00:00:00-04:00,45.804885471523946,46.347067320840075,45.73711274035943,46.33738708496094,9075200,0.44,0.0
2024-03-15 00:00:00-04:00,45.99851755940693,46.75370518903816,45.95979292438576,46.105018615722656,16338000,0.0,0.0
2024-03-18 00:00:00-04:00,46.15343117740644,46.49229853988594,45.756475010695084,45.95979690551758,6691000,0.0,0.0
2024-03-19 00:00:00-04:00,45.94042980270622,46.98606883873932,45.83392874397372,46.889251708984375,8230900,0.0,0.0
2024-03-20 00:00:00-04:00,46.550388710700815,47.29588874555158,46.47293205114724,47.06352615356445,6248500,0.0,0.0
2024-03-21 00:00:00-04:00,47.08289337100241,47.10225753714625,46.66657303225243,46.9860725402832,6671500,0.0,0.0
2024-03-22 00:00:00-04:00,47.044159794828616,47.276526069316425,46.763384957045695,46.83115768432617,4639200,0.0,0.0
2024-03-25 00:00:00-04:00,47.13130082416612,47.673486383349825,47.01511952338995,47.48952865600586,6091000,0.0,0.0
2024-03-26 00:00:00-04:00,47.60570865610663,47.760621977358284,47.21843643298807,47.23780059814453,5832000,0.0,0.0
2024-03-27 00:00:00-04:00,46.995756568996484,47.89616998322764,46.937664070442615,47.8864860534668,5580400,0.0,0.0
2024-03-28 00:00:00-04:00,48.38025801863685,48.69007725864653,48.13821150654575,48.58357620239258,9259400,0.0,0.0
2024-04-01 00:00:00-04:00,49.300030582119966,49.571125180379454,48.71912044490329,49.329078674316406,8016600,0.0,0.0
2024-04-02 00:00:00-04:00,49.62921655189816,50.00681222334156,49.251624573791524,49.97776412963867,7093800,0.0,0.0
2024-04-03 00:00:00-04:00,50.20044954537201,51.1492752063524,50.20044954537201,51.091182708740234,8999300,0.0,0.0
2024-04-04 00:00:00-04:00,51.26545591829868,51.43004578630029,50.645817390914104,50.868499755859375,7702300,0.0,0.0
2024-04-05 00:00:00-04:00,51.1008625939119,51.875414450071126,50.665181791493545,51.57527542114258,7665500,0.0,0.0
2024-04-08 00:00:00-04:00,51.78827514221619,52.09809439293522,51.275134007376664,51.73018264770508,7183100,0.0,0.0
2024-04-09 00:00:00-04:00,51.86572535310912,52.485363821631836,51.55590611884776,52.4175910949707,7886900,0.0,0.0
2024-04-10 00:00:00-04:00,52.291732424671395,52.81455383295453,51.83668744487273,52.77582550048828,7984200,0.0,0.0
2024-04-11 00:00:00-04:00,52.7564601798344,53.182460717807,51.57527200151198,52.18523025512695,7527400,0.0,0.0
2024-04-12 00:00:00-04:00,52.73709933041851,53.3373736928713,51.56559131401397,51.72050094604492,9804200,0.0,0.0
2024-04-15 00:00:00-04:00,51.9528655052626,52.32077725404728,50.82008955137764,51.00404357910156,7850700,0.0,0.0
2024-04-16 00:00:00-04:00,50.703904895636356,51.02340808063634,49.90999259109544,50.51995086669922,6991400,0.0,0.0
2024-04-17 00:00:00-04:00,50.38440414428677,50.97499823997297,49.80349028426604,50.02617263793945,6183100,0.0,0.0
2024-04-18 00:00:00-04:00,50.28758508779202,50.490906977278165,49.600173837952035,49.7938117980957,5168200,0.0,0.0
2024-04-19 00:00:00-04:00,49.89062491569492,50.77167405476103,49.78412386152155,50.18108367919922,5072100,0.0,0.0
2024-04-22 00:00:00-04:00,49.91968035060358,50.87818259247427,49.483995834600016,50.4715461730957,6363300,0.0,0.0
2024-04-23 00:00:00-04:00,50.316634656725455,51.03309032891073,49.97776729321122,50.897544860839844,4173200,0.0,0.0
2024-04-24 00:00:00-04:00,50.53931426300696,50.742632454002894,50.11331002282103,50.4424934387207,6470200,0.0,0.0
2024-04-25 00:00:00-04:00,50.38440588209527,50.97499999815165,49.79381176603889,50.93627166748047,6392000,0.0,0.0
2024-04-26 00:00:00-04:00,50.76199775667768,51.2073624783668,50.45217849869074,51.03308868408203,4618400,0.0,0.0
2024-04-29 00:00:00-04:00,50.82976957159543,51.5075005712174,50.82976957159543,51.391319274902344,4809100,0.0,0.0
2024-04-30 00:00:00-04:00,51.0718134085341,51.17831446344784,49.513033299349246,49.551761627197266,7539300,0.0,0.0
2024-05-01 00:00:00-04:00,49.33876698155727,49.522724719996994,48.19630699056065,48.79658508300781,8501200,0.0,0.0
2024-05-02 00:00:00-04:00,49.493675075335155,50.5877264616546,48.44803595130417,48.73849105834961,13274100,0.0,0.0
2024-05-03 00:00:00-04:00,49.48398700082977,49.66794101104237,48.564209563093776,48.93212127685547,8953800,0.0,0.0
2024-05-06 00:00:00-04:00,49.241947174072266,49.822857374871234,49.04830920936028,49.241947174072266,5858800,0.0,0.0
2024-05-07 00:00:00-04:00,49.28067843420613,49.6485865263513,49.20322176638365,49.358131408691406,5103000,0.0,0.0
2024-05-08 00:00:00-04:00,48.806259108622406,49.445261760119145,48.69975805115016,48.95148849487305,5146700,0.0,0.0
2024-05-09 00:00:00-04:00,49.077352029605485,49.571129008373156,48.970854661116505,49.232261657714844,4437900,0.0,0.0
2024-05-10 00:00:00-04:00,49.43558328443881,49.571128746651745,48.41898493116809,48.52548599243164,5061400,0.0,0.0
2024-05-13 00:00:00-04:00,48.64166814164416,48.83530239444531,48.04139013928341,48.31248474121094,6733600,0.0,0.0
2024-05-14 00:00:00-04:00,48.409306513631705,48.5351717447015,47.96394178010717,48.24471664428711,4435500,0.0,0.0
2024-05-15 00:00:00-04:00,48.04139170104283,48.22534941785541,47.140978361567136,48.1285285949707,5742200,0.0,0.0
2024-05-16 00:00:00-04:00,48.341531876224295,48.47707733819058,47.64443670801272,47.673484802246094,5312500,0.0,0.0
2024-05-17 00:00:00-04:00,47.847755321232285,48.205986837674665,47.528255828553554,48.0413932800293,4691700,0.0,0.0
2024-05-20 00:00:00-04:00,48.060757225134395,48.477077541973415,47.99298449386636,48.42866897583008,4826000,0.0,0.0
2024-05-21 00:00:00-04:00,48.21566320375214,48.64166741758122,48.080117751474376,48.18661880493164,3800400,0.0,0.0
2024-05-22 00:00:00-04:00,47.74125929327054,47.818712262962315,46.90861863239633,47.24748229980469,5115300,0.0,0.0
2024-05-23 00:00:00-04:00,47.60570744017085,47.77030099312829,46.59879673111144,46.695613861083984,4533400,0.0,0.0
2024-05-24 00:00:00-04:00,46.93765972694063,47.131297677530995,46.49229502591849,46.618160247802734,4039100,0.0,0.0
2024-05-28 00:00:00-04:00,46.83115964854286,47.41207351245906,46.81179548374531,47.353981018066406,5336400,0.0,0.0
2024-05-29 00:00:00-04:00,47.11193640654957,47.17002890329548,45.07874703382281,45.68870162963867,10321600,0.0,0.0
2024-05-30 00:00:00-04:00,45.68870140240007,46.172794459530834,45.68870140240007,46.07597732543945,6069000,0.0,0.0
2024-05-31 00:00:00-04:00,46.22120428839207,47.51857376098633,46.134067394959,47.51857376098633,15249200,0.0,0.0
2024-06-03 00:00:00-04:00,47.237796286401085,47.286204848205195,45.43696971793085,45.58219909667969,8211700,0.0,0.0
2024-06-04 00:00:00-04:00,45.06906509311073,45.22397473126521,44.43974630394316,45.16588592529297,7669700,0.0,0.0
2024-06-05 00:00:00-04:00,45.27237864870797,45.388563635388024,44.856062039782984,45.13683319091797,5293700,0.0,0.0
2024-06-06 00:00:00-04:00,45.05938239636023,45.398246057153656,44.84638027052613,45.27238082885742,4095100,0.0,0.0
2024-06-07 00:00:00-04:00,44.972242530790716,45.669333971750824,44.77860458311532,45.30142593383789,6467600,0.0,0.0
2024-06-10 00:00:00-04:00,45.35951901796058,45.95011315216302,45.04969974974569,45.62092971801758,6608300,0.0,0.0
2024-06-11 00:00:00-04:00,45.34983796865325,45.82425079210431,44.99161013870262,45.7855224609375,4211100,0.0,0.0
2024-06-12 00:00:00-04:00,46.2696134181825,46.327702218956425,45.07874498893907,45.35951614379883,5105200,0.0,0.0
2024-06-13 00:00:00-04:00,45.13683606153044,45.21429272424323,44.21705850516932,44.304195404052734,7572700,0.0,0.0
2024-06-14 00:00:00-04:00,44.63591813673311,44.63591813673311,43.904181773835845,44.45054626464844,6809800,0.35,0.0
2024-06-17 00:00:00-04:00,44.39200488274599,44.6944572448733,44.05052941083088,44.64567184448242,5577700,0.0,0.0
2024-06-18 00:00:00-04:00,44.72372483085676,45.33838439280575,44.47981271980754,44.538352966308594,5011700,0.0,0.0
2024-06-20 00:00:00-04:00,44.52859223913503,45.162765185842865,44.30419355446388,44.87007141113281,5368200,0.0,0.0
2024-06-21 00:00:00-04:00,45.14325088840362,45.16276430257643,44.489564539925745,44.70420837402344,12610900,0.0,0.0
2024-06-24 00:00:00-04:00,44.93837007630687,46.821371929877536,44.88958467513794,46.47989273071289,8375900,0.0,0.0
2024-06-25 00:00:00-04:00,46.40184057962844,46.411595426315806,45.865230966738324,46.21646499633789,6857500,0.0,0.0
2024-06-26 00:00:00-04:00,46.20670884496711,46.25549052063335,45.25057385905629,45.58229446411133,5120900,0.0,0.0
2024-06-27 00:00:00-04:00,45.98231487476908,46.06036481947813,45.601812555028744,45.865234375,3620100,0.0,0.0
2024-06-28 00:00:00-04:00,46.34329851872252,46.46037528340175,45.79693408054736,46.24573516845703,7931400,0.0,0.0
2024-07-01 00:00:00-04:00,46.53842735795241,46.86038938031888,45.98230809238959,46.56769561767578,4481200,0.0,0.0
2024-07-02 00:00:00-04:00,46.97747505874698,47.23114202194692,46.39208374691065,46.606727600097656,4783000,0.0,0.0
2024-07-03 00:00:00-04:00,46.81161070831628,47.260408087931935,46.65550711011069,46.938446044921875,3338400,0.0,0.0
2024-07-05 00:00:00-04:00,46.80185460829049,46.928686219695976,45.67010262115922,45.884742736816406,6394700,0.0,0.0
2024-07-08 00:00:00-04:00,45.45546016142324,45.65059059031944,44.41151664690244,45.38716506958008,11872600,0.0,0.0
2024-07-09 00:00:00-04:00,44.97738904309437,45.76766557450038,44.76274892930018,44.9383659362793,6198100,0.0,0.0
2024-07-10 00:00:00-04:00,44.977390750650535,45.03593099580045,44.538351938337975,44.79201889038086,5700700,0.0,0.0
2024-07-11 00:00:00-04:00,44.83104812040441,45.40668086888191,44.38225071563988,45.28960037231445,6879200,0.0,0.0
2024-07-12 00:00:00-04:00,45.65058924381364,45.73839774813678,45.0944699570349,45.34813690185547,4954300,0.0,0.0
2024-07-15 00:00:00-04:00,45.80669765788555,47.484810541143474,45.54327211719772,46.87990951538086,8391700,0.0,0.0
2024-07-16 00:00:00-04:00,46.52867131161124,47.36772953931315,46.31403119233641,47.06528091430664,6136800,0.0,0.0
2024-07-17 00:00:00-04:00,47.25065385298713,48.14824862383769,47.25065385298713,47.46529769897461,7723900,0.0,0.0
2024-07-18 00:00:00-04:00,47.201872545528666,47.884827197545334,47.094550621694175,47.27992248535156,4782600,0.0,0.0
2024-07-19 00:00:00-04:00,47.22138523934212,47.22138523934212,46.37256843024203,46.577457427978516,4995500,0.0,0.0
2024-07-22 00:00:00-04:00,46.343301648250836,46.35305649521482,45.32862636103524,45.66034698486328,5634900,0.0,0.0
2024-07-23 00:00:00-04:00,45.40667911853203,45.52375588878281,44.65542937596632,44.84080123901367,6678400,0.0,0.0
2024-07-24 00:00:00-04:00,45.18227749211699,45.49448467372332,44.45054121238905,44.470054626464844,5279000,0.0,0.0
2024-07-25 00:00:00-04:00,44.518838269924466,45.514000100989165,44.38224808715539,45.15300750732422,4900400,0.0,0.0
2024-07-26 00:00:00-04:00,45.01641362531432,45.42618786175154,44.665179628883294,45.211544036865234,4327200,0.0,0.0
2024-07-29 00:00:00-04:00,45.36765392103551,45.42619416917,44.05052997333978,44.57737731933594,5309200,0.0,0.0
2024-07-30 00:00:00-04:00,44.51883373725919,45.182274890421034,44.41151182692376,45.04568099975586,5228300,0.0,0.0
2024-07-31 00:00:00-04:00,45.74815255727003,46.177440232190925,45.67010262115922,45.884742736816406,6693300,0.0,0.0
2024-08-01 00:00:00-04:00,45.97254832948179,46.28475549775851,43.435864156782685,43.96271514892578,11131100,0.0,0.0
2024-08-02 00:00:00-04:00,43.55294141416067,43.63099506802695,41.04552547165406,41.74799346923828,12250300,0.0,0.0
2024-08-05 00:00:00-04:00,40.43086758069543,41.13333560619929,39.87474830110594,40.46989440917969,12221600,0.0,0.0
2024-08-06 00:00:00-04:00,40.52843772968746,41.396764259486446,40.32355244729066,40.95772171020508,8326700,0.0,0.0
2024-08-07 00:00:00-04:00,42.46021925843844,43.36757257766696,42.08947182045823,42.11874008178711,11873900,0.0,0.0
2024-08-08 00:00:00-04:00,42.70413226601134,44.10906466662199,42.538270097424835,44.01150131225586,8819700,0.0,0.0
2024-08-09 00:00:00-04:00,43.91393078468514,44.08954778618434,43.221221346440046,43.82612228393555,6233400,0.0,0.0
2024-08-12 00:00:00-04:00,44.02125389478471,44.37248790732288,43.884663716976135,44.22614288330078,4920600,0.0,0.0
2024-08-13 00:00:00-04:00,43.670020949789944,43.943205033888475,43.260250406347105,43.55294418334961,6873000,0.0,0.0
2024-08-14 00:00:00-04:00,43.709049588119875,43.74807641914956,43.0943900257144,43.40660095214844,5709600,0.0,0.0
2024-08-15 00:00:00-04:00,43.650510861916196,44.44078368049187,43.650510861916196,44.33346176147461,5403700,0.0,0.0
2024-08-16 00:00:00-04:00,43.87490855830038,44.3139473490432,43.72855981351732,43.99198532104492,4917900,0.0,0.0
2024-08-19 00:00:00-04:00,44.157845108817476,44.43102919264847,43.9529598372967,44.08955001831055,5064500,0.0,0.0
2024-08-20 00:00:00-04:00,43.89442271485213,43.904177561161184,42.7333987485029,42.96755599975586,6267700,0.0,0.0
2024-08-21 00:00:00-04:00,43.426105382937564,43.55294070751082,42.548024122007284,42.772422790527344,5366600,0.0,0.0
2024-08-22 00:00:00-04:00,42.87974764918836,43.00658298247934,42.47973195662752,42.606563568115234,4173600,0.0,0.0
2024-08-23 00:00:00-04:00,42.9285298984787,43.67977961831848,42.87974822250018,43.61148452758789,4314300,0.0,0.0
2024-08-26 00:00:00-04:00,44.39200553021251,44.91885659896876,43.91393614075511,44.040771484375,5334100,0.0,0.0
2024-08-27 00:00:00-04:00,43.96271787068756,44.15784457158867,43.504161935602795,43.56270217895508,3767300,0.0,0.0
2024-08-28 00:00:00-04:00,43.211468062240634,43.77734219278745,43.172441233429616,43.5041618347168,3651200,0.0,0.0
2024-08-29 00:00:00-04:00,43.84563837470972,44.235899228936695,43.42610925904689,43.904178619384766,4365500,0.0,0.0
2024-08-30 00:00:00-04:00,43.45538350107514,43.74807729605778,43.29927989563083,43.689537048339844,5832500,0.0,0.0
2024-09-03 00:00:00-04:00,42.8895050555933,43.006585549528815,41.767511568904,41.97239685058594,6389000,0.0,0.0
2024-09-04 00:00:00-04:00,42.148013051455,42.41143857499075,41.07479754203491,41.21139144897461,6316400,0.0,0.0
2024-09-05 00:00:00-04:00,41.611405697035686,41.699214201798746,40.90893765893117,41.0552864074707,5320900,0.0,0.0
2024-09-06 00:00:00-04:00,41.07479651180151,41.34798059702554,40.07963841025367,40.33330535888672,6226400,0.0,0.0
2024-09-09 00:00:00-04:00,40.48941287941263,40.830888366782595,40.27476901774941,40.391849517822266,7694700,0.0,0.0
2024-09-10 00:00:00-04:00,40.39184628601186,40.42111454778644,39.12350035599724,39.250335693359375,7926400,0.0,0.0
2024-09-11 00:00:00-04:00,39.26984879736248,39.279603643942266,38.06980169066818,38.9576416015625,10260800,0.0,0.0
2024-09-12 00:00:00-04:00,38.97715759535612,39.46498183629473,38.421038258430386,39.03569412231445,8038100,0.0,0.0
2024-09-13 00:00:00-04:00,39.24285856548034,39.54867406121875,38.828531535629864,38.91731643676758,8673500,0.44,0.0
2024-09-16 00:00:00-04:00,39.213263064568466,39.63745715474967,38.85812347621322,39.1047477722168,7139000,0.0,0.0
2024-09-17 00:00:00-04:00,39.015961153564604,40.01232537284022,38.8778521560067,39.913673400878906,7490700,0.0,0.0
2024-09-18 00:00:00-04:00,39.63745702710733,40.545032627147584,39.5190784190995,39.82489013671875,5996600,0.0,0.0
2024-09-19 00:00:00-04:00,40.57462940423883,40.870577800766405,40.22935313896663,40.41679000854492,6471500,0.0,0.0
2024-09-20 00:00:00-04:00,40.239219665527344,40.337867875286136,39.657186196299314,40.239219665527344,12847500,0.0,0.0
2024-09-23 00:00:00-04:00,40.23922000993778,40.92976877372372,39.98272864126882,40.564762115478516,7209800,0.0,0.0
2024-09-24 00:00:00-04:00,41.28490705035338,41.31450452584872,40.36746433695102,40.45624923706055,6905000,0.0,0.0
2024-09-25 00:00:00-04:00,40.1800273104045,40.337866699329915,39.232990976851994,39.2625846862793,8386600,0.0,0.0
2024-09-26 00:00:00-04:00,38.6706933705284,38.86799357529817,37.260001986728845,37.35865020751953,16997600,0.0,0.0
2024-09-27 00:00:00-04:00,37.77297813541422,38.53258141982082,37.694056554245066,38.433929443359375,8631700,0.0,0.0
2024-09-30 00:00:00-04:00,38.38460286497515,38.9764996328766,38.14784189990185,38.591766357421875,10931400,0.0,0.0
2024-10-01 00:00:00-04:00,38.23662829695969,39.60786251155517,38.12811677034919,39.22312545776367,12618700,0.0,0.0
2024-10-02 00:00:00-04:00,39.95313262939453,40.18002651126288,39.361235873493435,39.95313262939453,8133200,0.0,0.0
2024-10-03 00:00:00-04:00,39.97286753928083,41.34409806382176,39.85448892736336,41.2257194519043,11722800,0.0,0.0
2024-10-04 00:00:00-04:00,41.827479484884776,41.9655884798772,41.294770135752955,41.847206115722656,10288300,0.0,0.0
2024-10-07 00:00:00-04:00,41.84720820953729,42.44897208627443,41.738696681748095,42.034645080566406,8362700,0.0,0.0
2024-10-08 00:00:00-04:00,41.27504215704363,41.393420764937524,40.47597808658659,41.11720275878906,7402600,0.0,0.0
2024-10-09 00:00:00-04:00,40.72259903022561,41.56112382203554,40.564759644960695,41.39341735839844,6264600,0.0,0.0
2024-10-10 00:00:00-04:00,41.58085698984144,42.40951475856673,41.35395933039611,42.28126907348633,7454900,0.0,0.0
2024-10-11 00:00:00-04:00,42.07410543322361,42.71532633013298,41.9754534591843,42.37991714477539,5979100,0.0,0.0
2024-10-14 00:00:00-04:00,41.99518547346065,42.34045798794297,41.82748275590872,42.291133880615234,5866100,0.0,0.0
2024-10-15 00:00:00-04:00,40.87057828601162,41.2750419774786,40.456247515403355,40.64368438720703,8384900,0.0,0.0
2024-10-16 00:00:00-04:00,40.9100381174409,41.0481471166776,40.08138035883271,40.140567779541016,7566400,0.0,0.0
2024-10-17 00:00:00-04:00,40.160296817116276,40.357596993582305,39.163936382585256,40.03205490112305,21526000,0.0,0.0
2024-10-18 00:00:00-04:00,39.91367317851877,40.14056706798385,39.53880697671798,40.1109733581543,6942900,0.0,0.0
2024-10-21 00:00:00-04:00,40.367460894726605,40.50557365448843,39.400694155521386,39.5388069152832,6248200,0.0,0.0
2024-10-22 00:00:00-04:00,39.7361054720796,39.89394487140828,39.410563357358996,39.62759017944336,5918700,0.0,0.0
2024-10-23 00:00:00-04:00,39.35137144250111,39.479617128076434,38.670689751102366,38.97650146484375,7346500,0.0,0.0
2024-10-24 00:00:00-04:00,39.173801651146995,39.321777731671446,38.729877172761704,38.97650146484375,4223100,0.0,0.0
2024-10-25 00:00:00-04:00,39.30204850578361,39.47961830241964,38.33528170364754,38.660823822021484,9322100,0.0,0.0
2024-10-28 00:00:00-04:00,37.66446405634031,38.355012861065426,37.45730054387924,38.06892776489258,8475500,0.0,0.0
2024-10-29 00:00:00-04:00,37.980139569513305,38.167572669784036,37.55594550183773,37.625,6111100,0.0,0.0
2024-10-30 00:00:00-04:00,37.901219264884524,38.325413346799074,37.64473165784197,37.8321647644043,6318600,0.0,0.0
2024-10-31 00:00:00-04:00,38.157711029052734,38.5523114043176,37.9209500512562,38.157711029052734,7033800,0.0,0.0
2024-11-01 00:00:00-04:00,38.31554931064705,38.591767307375235,37.64473095014605,37.80257034301758,6921500,0.0,0.0
2024-11-04 00:00:00-05:00,38.157713501699945,38.88771935110035,37.99000701422905,38.621368408203125,7877000,0.0,0.0
2024-11-05 00:00:00-05:00,38.60163623617804,39.05542404203265,38.2662270398533,38.808799743652344,12281800,0.0,0.0
2024-11-06 00:00:00-05:00,39.163939272148106,39.99259706389449,37.772978382058255,39.479618072509766,17787000,0.0,0.0
2024-11-07 00:00:00-05:00,39.26258810165838,39.26258810165838,38.26622757799287,38.36487579345703,12981500,0.0,0.0
2024-11-08 00:00:00-05:00,38.29582207046192,38.66082499094389,38.118252268457006,38.34514617919922,8623300,0.0,0.0
2024-11-11 00:00:00-05:00,38.18730514698794,38.57203844721728,37.84203263734317,38.433929443359375,8426700,0.0,0.0
2024-11-12 00:00:00-05:00,38.56217280169534,38.82852747726907,37.78283916907456,37.82229995727539,8057400,0.0,0.0
2024-11-13 00:00:00-05:00,37.91108698061229,38.818662581130624,37.4277017059445,38.581905364990234,8317600,0.0,0.0
2024-11-14 00:00:00-05:00,38.93704386654167,39.094883260629594,38.37474078990421,38.84825897216797,5235700,0.0,0.0
2024-11-15 00:00:00-05:00,38.68055593056676,39.20340202745571,37.82230438427615,37.9505500793457,6725300,0.0,0.0
2024-11-18 00:00:00-05:00,38.276091820628,38.641094742505075,37.98014340388473,38.246498107910156,6576900,0.0,0.0
2024-11-19 00:00:00-05:00,37.68419453281952,38.03933413390517,37.378379040065035,37.398109436035156,8134100,0.0,0.0
2024-11-20 00:00:00-05:00,37.43756822571934,38.266225996204405,37.41783783080445,37.782840728759766,5777500,0.0,0.0
2024-11-21 00:00:00-05:00,38.02946456481568,38.46352572136701,37.881492249508824,38.17744064331055,7169000,0.0,0.0
2024-11-22 00:00:00-05:00,38.12811940620361,39.114616635205635,38.088658613878344,38.91731643676758,7465200,0.0,0.0
2024-11-25 00:00:00-05:00,38.92718049211687,39.04556287133965,37.69405893245892,37.75325012207031,11970200,0.0,0.0
2024-11-26 00:00:00-05:00,37.605273190777694,37.76311259636546,36.77661537064483,37.200809478759766,10083200,0.0,0.0
2024-11-27 00:00:00-05:00,37.26986078821921,37.85189425202199,37.26986078821921,37.32905197143555,6298300,0.0,0.0
2024-11-29 00:00:00-05:00,37.48689277082214,37.68419295909566,37.3487837679871,37.43756866455078,3241000,0.0,0.0
2024-12-02 00:00:00-05:00,37.447433932556365,37.634870814621394,36.64837358501861,37.1021614074707,7837900,0.0,0.0
2024-12-03 00:00:00-05:00,37.4079724250762,37.47703069196143,36.7568844165128,37.072566986083984,7316800,0.0,0.0
2024-12-04 00:00:00-05:00,37.09228893813589,37.10215601638363,35.55335589200899,35.79998016357422,13021700,0.0,0.0
2024-12-05 00:00:00-05:00,35.79998358957347,36.15512317672371,35.43497692323122,35.47443771362305,10313200,0.0,0.0
2024-12-06 00:00:00-05:00,35.40538132058666,35.415248399251546,34.29063851229257,34.51753616333008,13002500,0.0,0.0
2024-12-09 00:00:00-05:00,34.92199843009828,35.425110289314304,34.37942202099857,35.03050994873047,11704100,0.0,0.0
2024-12-10 00:00:00-05:00,35.20807985360089,35.27713434897581,34.22158276174467,34.261043548583984,8887400,0.0,0.0
2024-12-11 00:00:00-05:00,34.44848118967771,34.45834826928421,34.06374787516574,34.29064178466797,10382700,0.0,0.0
2024-12-12 00:00:00-05:00,34.23145054432694,34.280774647296994,33.42252321341697,33.66914749145508,11943700,0.0,0.0
2024-12-13 00:00:00-05:00,33.75850895333515,34.00673328387438,33.152840980803006,33.63936233520508,10477200,0.22,0.0
2024-12-16 00:00:00-05:00,33.51028508043697,33.51028508043697,32.32873861447115,32.358524322509766,15130700,0.0,0.0
2024-12-17 00:00:00-05:00,31.951436526531232,32.14008565654519,31.62378048190533,31.941505432128906,14450800,0.0,0.0
2024-12-18 00:00:00-05:00,31.872001931433626,32.130157351434505,30.849318920729118,30.879106521606445,13828400,0.0,0.0
2024-12-19 00:00:00-05:00,31.2266212757669,31.43512880263516,30.273438869765517,30.303226470947266,15241500,0.0,0.0
2024-12-20 00:00:00-05:00,30.2337238926983,30.908892473725246,30.174148690471338,30.551450729370117,34647800,0.0,0.0
2024-12-23 00:00:00-05:00,30.491875538494767,30.86917757753401,30.30322641277648,30.759958267211914,11098900,0.0,0.0
2024-12-24 00:00:00-05:00,30.769887851552262,31.057828984612225,30.34294169911237,31.018112182617188,5806600,0.0,0.0
2024-12-26 00:00:00-05:00,31.018111996696362,31.077685305530487,30.680526756967417,30.889036178588867,9002200,0.0,0.0
2024-12-27 00:00:00-05:00,30.869178057364962,31.365626721016636,30.76988794587436,30.978397369384766,9097600,0.0,0.0
2024-12-30 00:00:00-05:00,31.037971342826044,32.00108108914784,30.88903711930432,31.74292755126953,12334300,0.0,0.0
2024-12-31 00:00:00-05:00,31.723069396547707,32.54717218350116,31.663494195191,32.497528076171875,10409800,0.0,0.0
2025-01-02 00:00:00-05:00,33.132983636139976,33.68900751781108,32.914548793871504,33.16277313232422,10072200,0.0,0.0
2025-01-03 00:00:00-05:00,33.450709778999126,33.788295023660325,33.11312453433793,33.68900680541992,8817900,0.0,0.0
2025-01-06 00:00:00-05:00,33.9272994786087,34.62232835751234,33.44078191469803,33.510284423828125,12626900,0.0,0.0
2025-01-07 00:00:00-05:00,33.798226332459926,34.85069508785483,33.75850952987071,34.443607330322266,11021700,0.0,0.0
2025-01-08 00:00:00-05:00,34.21523948417895,34.949985140595544,34.115951270858965,34.90034103393555,10936900,0.0,0.0
2025-01-10 00:00:00-05:00,35.99252662788939,36.618052978778664,35.39678977115845,35.734375,14356700,0.0,0.0
2025-01-13 00:00:00-05:00,36.13153279748299,37.25350782739768,36.09181599573672,36.50883483886719,12201100,0.0,0.0
2025-01-14 00:00:00-05:00,36.359900188266415,37.12443160841427,36.270539274545165,36.915924072265625,9395600,0.0,0.0
2025-01-15 00:00:00-05:00,37.4222977901224,38.45491188884736,37.1045709578382,38.15704345703125,15331700,0.0,0.0
2025-01-16 00:00:00-05:00,37.75988444534017,38.36555242582407,37.65066513245255,38.14711380004883,8471200,0.0,0.0
2025-01-17 00:00:00-05:00,37.91874749117432,38.355624738389395,37.45208832383466,37.68045425415039,9359800,0.0,0.0
2025-01-21 00:00:00-05:00,37.2336514567252,37.382587577593256,36.161320476722125,36.469120025634766,13092100,0.0,0.0
2025-01-22 00:00:00-05:00,36.449258870191656,36.93578021235151,36.17124883901609,36.20103454589844,7971600,0.0,0.0
2025-01-23 00:00:00-05:00,36.43933303794862,36.95564010787846,36.05210368240193,36.19110870361328,6550300,0.0,0.0
2025-01-24 00:00:00-05:00,36.46911740520909,36.48897580573813,35.50600581136493,35.704586029052734,7202300,0.0,0.0
2025-01-27 00:00:00-05:00,35.74430278825959,36.21096573113915,34.88048319807204,35.079063415527344,9972000,0.0,0.0
2025-01-28 00:00:00-05:00,35.4265764624853,35.4265764624853,34.304601437264594,34.632259368896484,6961200,0.0,0.0
2025-01-29 00:00:00-05:00,34.602468977345346,34.97977100737498,34.22517073491829,34.82090759277344,7126600,0.0,0.0
2025-01-30 00:00:00-05:00,35.10885164203058,35.14856844589239,34.51311094691204,34.80105209350586,6101900,0.0,0.0
2025-01-31 00:00:00-05:00,34.751404781907816,34.7811904882595,33.549999982757896,33.85779571533203,8392600,0.0,0.0
2025-02-03 00:00:00-05:00,33.93723057282882,33.94715787944625,33.15284078395753,33.510284423828125,9706600,0.0,0.0
2025-02-04 00:00:00-05:00,33.093271167830764,34.35424749493291,32.97412075632903,34.1755256652832,7057200,0.0,0.0
2025-02-05 00:00:00-05:00,34.00673365591028,34.125880275343825,33.53014339057335,33.89751434326172,7592800,0.0,0.0
2025-02-06 00:00:00-05:00,34.24503231310797,34.36417893821521,32.78547195203337,33.1826286315918,8907100,0.0,0.0
2025-02-07 00:00:00-05:00,33.30177630702469,33.490425430238496,32.884757472022315,32.914546966552734,5509800,0.0,0.0
2025-02-10 00:00:00-05:00,33.301779059092404,34.22517392619017,33.242203852710865,34.01666259765625,8701700,0.0,0.0
2025-02-11 00:00:00-05:00,34.18545429055635,35.158493188579534,34.096093382186744,34.87055206298828,9504100,0.0,0.0
2025-02-12 00:00:00-05:00,34.60247240644501,34.97977447386522,33.57978931032499,33.72872543334961,8741000,0.0,0.0
2025-02-13 00:00:00-05:00,33.70886505128656,33.97694778442383,33.30177729821205,33.97694778442383,7229400,0.0,0.0
2025-02-14 00:00:00-05:00,34.21524103793343,34.94998672771569,34.18545533010534,34.39396286010742,9066800,0.0,0.0
2025-02-18 00:00:00-05:00,34.74147867944045,35.24785464297749,34.12587961775678,34.632259368896484,10239900,0.0,0.0
2025-02-19 00:00:00-05:00,35.94288565154266,38.36555387754744,35.94288565154266,37.30315399169922,21954200,0.0,0.0
2025-02-20 00:00:00-05:00,37.779743041270834,38.603849651777374,37.44215779406136,38.27619171142578,11384100,0.0,0.0
2025-02-21 00:00:00-05:00,37.978324705917785,38.375485172131945,37.08471555073738,37.223724365234375,11546100,0.0,0.0
2025-02-24 00:00:00-05:00,37.323012033299015,37.39251454571312,36.63791421624443,37.04500198364258,7804300,0.0,0.0
2025-02-25 00:00:00-05:00,36.97549734486965,36.97549734486965,35.52586439941856,35.62515640258789,10935600,0.0,0.0
2025-02-26 00:00:00-05:00,35.575512241984136,35.95281049065947,35.02941569437023,35.20813751220703,8136300,0.0,0.0
2025-02-27 00:00:00-05:00,35.446434584485736,36.429400796444945,35.13863505606478,35.62515640258789,7400600,0.0,0.0
2025-02-28 00:00:00-05:00,35.26771297590285,36.022313266459506,34.95991344565331,35.96274185180664,9073100,0.0,0.0
2025-03-03 00:00:00-05:00,36.23082421438823,36.37975653711787,33.59964484920237,34.16559600830078,13946000,0.0,0.0
2025-03-04 00:00:00-05:00,33.55992839269189,34.721620217444936,32.864899516675834,34.00673294067383,14139100,0.0,0.0
2025-03-05 00:00:00-05:00,33.361349934968814,33.61950537081816,32.47767188650584,33.42092514038086,14135300,0.0,0.0
2025-03-06 00:00:00-05:00,33.26206171385219,33.92730113007986,32.87483234767754,33.629432678222656,8651600,0.0,0.0
2025-03-07 00:00:00-05:00,33.9471595597626,34.95991532699111,33.84787133826295,34.46346664428711,10540900,0.0,0.0
2025-03-10 00:00:00-04:00,34.45353950541223,34.73154955705106,33.29184761265893,33.967018127441406,10579000,0.0,0.0
2025-03-11 00:00:00-04:00,34.35424513213271,34.930127385308005,33.77836666656004,34.16559600830078,8721900,0.0,0.0
2025-03-12 00:00:00-04:00,34.294673931836854,35.02941581879562,34.03651851066556,34.50318145751953,7621600,0.0,0.0
2025-03-13 00:00:00-04:00,34.14573995890192,34.33439288332643,33.182628297669496,33.55000305175781,9821100,0.0,0.0
2025-03-14 00:00:00-04:00,33.61000061035156,34.58000183105469,33.439998626708984,34.54999923706055,8375800,0.24,0.0
2025-03-17 00:00:00-04:00,34.630001068115234,35.380001068115234,34.630001068115234,35.11000061035156,7567000,0.0,0.0
2025-03-18 00:00:00-04:00,35.65999984741211,35.90999984741211,34.81999969482422,35.369998931884766,7292700,0.0,0.0
2025-03-19 00:00:00-04:00,35.279998779296875,36.45000076293945,35.25,36.04999923706055,10658200,0.0,0.0
2025-03-20 00:00:00-04:00,35.75,36.34000015258789,35.54999923706055,36.130001068115234,6915800,0.0,0.0
2025-03-21 00:00:00-04:00,35.970001220703125,36.279998779296875,35.77000045776367,36.150001525878906,12728200,0.0,0.0
2025-03-24 00:00:00-04:00,36.25,37.20000076293945,36.119998931884766,36.959999084472656,5722200,0.0,0.0
2025-03-25 00:00:00-04:00,37.2599983215332,37.77000045776367,36.83000183105469,36.970001220703125,5934100,0.0,0.0
2025-03-26 00:00:00-04:00,37.41999816894531,37.849998474121094,37.20000076293945,37.470001220703125,7504800,0.0,0.0
