Date,Open,High,Low,Close,Volume,Dividends,Stock Splits
2012-04-12 00:00:00-04:00,21.60586745598737,22.229675365069635,20.79361679974724,22.093217849731445,654700,0.0,0.0
2012-04-13 00:00:00-04:00,22.09321284938503,24.33502464897803,22.03473071622028,24.042613983154297,1685000,0.0,0.0
2012-04-16 00:00:00-04:00,24.04261089993146,24.04261089993146,23.38631369306101,23.750200271606445,550200,0.0,0.0
2012-04-17 00:00:00-04:00,23.65273386183051,23.880162994066872,23.392812728881836,23.392812728881836,179600,0.0,0.0
2012-04-18 00:00:00-04:00,23.392812728881836,23.67872399209207,22.418112198511757,23.392812728881836,207100,0.0,0.0
2012-04-19 00:00:00-04:00,23.392812728881836,24.185569953462817,23.262852162407498,23.392812728881836,598100,0.0,0.0
2012-04-20 00:00:00-04:00,23.457789298860476,24.04261054692382,23.457789298860476,23.600746154785156,149700,0.0,0.0
2012-04-23 00:00:00-04:00,23.548756808704464,23.548756808704464,23.015918444089284,23.18486785888672,95700,0.0,0.0
2012-04-24 00:00:00-04:00,23.392813044486285,23.392813044486285,22.535076764491787,22.580562591552734,124500,0.0,0.0
2012-04-25 00:00:00-04:00,22.613052113911742,23.067912863312863,22.41811250096602,22.580562591552734,266200,0.0,0.0
2012-04-26 00:00:00-04:00,22.489585712281773,22.73651048666563,22.37911838737672,22.71051788330078,183900,0.0,0.0
2012-04-27 00:00:00-04:00,22.905458067296134,22.905458067296134,22.073714567569187,22.16468620300293,536000,0.0,0.0
2012-04-30 00:00:00-04:00,22.31413498684996,22.678023926305755,22.093202859107265,22.12569236755371,4105700,0.0,0.0
2012-05-01 00:00:00-04:00,21.92426101665414,22.158187019038458,21.17049284330597,21.28745460510254,6878600,0.0,0.0
2012-05-02 00:00:00-04:00,21.18348880798294,21.228974630721495,20.553182962585197,20.793609619140625,11287600,0.0,0.0
2012-05-03 00:00:00-04:00,20.748124830383727,20.780614351274462,20.176299843298892,20.397232055664062,11800000,0.0,0.0
2012-05-04 00:00:00-04:00,20.04633533058504,20.202287221398898,19.571981507768466,19.597972869873047,10881000,0.0,0.0
2012-05-07 00:00:00-04:00,19.558980483783287,19.851389743673,19.006650229242506,19.071630477905273,12257200,0.0,0.0
2012-05-08 00:00:00-04:00,18.902688299805227,19.760424382865388,18.681756128181178,19.55898666381836,14601300,0.0,0.0
2012-05-09 00:00:00-04:00,19.37054661935748,21.37193149619815,19.31856264487054,21.11201286315918,13990000,0.0,0.0
2012-05-10 00:00:00-04:00,21.475900518013944,21.67084012222936,20.481706801361234,21.105514526367188,8862000,0.0,0.0
2012-05-11 00:00:00-04:00,20.618161436121827,20.891078827460174,20.403727405266505,20.683141708374023,4460100,0.0,0.0
2012-05-14 00:00:00-04:00,20.26727400954218,20.52069575876364,19.994357802920668,20.351747512817383,6398200,0.0,0.0
2012-05-15 00:00:00-04:00,20.371240047373263,21.001545904396835,20.182797361814078,20.57917594909668,6362800,0.0,0.0
2012-05-16 00:00:00-04:00,20.442715497005054,21.047029934516267,20.306258037900268,20.85858726501465,6118600,0.0,0.0
2012-05-17 00:00:00-04:00,20.722131135032754,20.79360956451741,20.27376982116276,20.31275749206543,5850500,0.0,0.0
2012-05-18 00:00:00-04:00,20.42322638925204,20.592174638827355,20.13731387155567,20.390735626220703,7940800,0.0,0.0
2012-05-21 00:00:00-04:00,20.29325715551466,21.0145356748492,20.111313917769266,20.917064666748047,5480100,0.0,0.0
2012-05-22 00:00:00-04:00,20.715636519075865,20.969059521686923,20.358246789444475,20.553186416625977,5415000,0.0,0.0
2012-05-23 00:00:00-04:00,20.371237248183828,20.462208882838574,20.065830350021916,20.41022491455078,5268900,0.0,0.0
2012-05-24 00:00:00-04:00,20.416723686515404,20.429719988831543,19.9813574740895,20.228281021118164,4210400,0.0,0.0
2012-05-25 00:00:00-04:00,20.150303709668226,20.410223533520064,20.033339479086024,20.3387451171875,3217900,0.0,0.0
2012-05-29 00:00:00-04:00,20.325758845451464,20.61167015563359,20.052842602535055,20.150312423706055,3979600,0.0,0.0
2012-05-30 00:00:00-04:00,20.00735092052202,20.03334228685227,19.610972358971484,19.77992057800293,6000600,0.0,0.0
2012-05-31 00:00:00-04:00,19.662952038383995,19.721434149104333,19.312059374061963,19.513498306274414,8098000,0.0,0.0
2012-06-01 00:00:00-04:00,19.169106185961265,19.6044723760318,19.091129615463995,19.4420223236084,5701700,0.0,0.0
2012-06-04 00:00:00-04:00,19.039149335742007,19.617472477167155,19.006659814723015,19.1886043548584,4844900,0.0,0.0
2012-06-05 00:00:00-04:00,19.08463608577181,19.558990025447216,19.052145325892546,19.42902946472168,4046500,0.0,0.0
2012-06-06 00:00:00-04:00,19.513506272669694,20.793612602317335,19.377047545481123,20.48820686340332,8609400,0.0,0.0
2012-06-07 00:00:00-04:00,20.839093618141934,21.28095798218214,20.624659587286608,20.683141708374023,7694300,0.0,0.0
2012-06-08 00:00:00-04:00,20.572676409877673,21.021037702959113,20.47520661744239,20.871583938598633,4302100,0.0,0.0
2012-06-11 00:00:00-04:00,21.086022186408837,21.47590141105212,20.94306531393686,21.183490753173828,5999000,0.0,0.0
2012-06-12 00:00:00-04:00,21.157497758538263,21.924262278158665,21.112011937780387,21.761812210083008,6809900,0.0,0.0
2012-06-13 00:00:00-04:00,21.618854979725132,21.761811830350407,21.14450108667641,21.293954849243164,2876200,0.0,0.0
2012-06-14 00:00:00-04:00,21.293950911515374,21.859276339951123,20.995043441656545,21.787797927856445,4460000,0.0,0.0
2012-06-15 00:00:00-04:00,21.833287694922603,22.684526925955176,21.690333323625175,22.678030014038086,9892400,0.0,0.0
2012-06-18 00:00:00-04:00,22.340139564361586,22.418114922203163,21.982749822229778,22.002243041992188,4254400,0.0,0.0
2012-06-19 00:00:00-04:00,22.1322036242561,22.437608141965573,21.917768291701854,22.002243041992188,4873500,0.0,0.0
2012-06-20 00:00:00-04:00,21.956755730966275,22.645542556620622,21.755316718086963,22.52208137512207,4628400,0.0,0.0
2012-06-21 00:00:00-04:00,22.548074990826557,22.587061429463276,21.482402702363753,21.75531768798828,3489900,0.0,0.0
2012-06-22 00:00:00-04:00,21.865780828540988,22.554567551988068,21.46290286256437,22.19717788696289,4359500,0.0,0.0
2012-06-25 00:00:00-04:00,21.89177629588375,21.89177629588375,21.287461678314394,21.35894012451172,3518600,0.0,0.0
2012-06-26 00:00:00-04:00,21.319953607333485,22.080218942247036,21.05353552260412,21.170499801635742,3274700,0.0,0.0
2012-06-27 00:00:00-04:00,21.189990701366185,21.70333359436758,20.416727905311614,20.72213363647461,3615600,0.0,0.0
2012-06-28 00:00:00-04:00,20.494700134088337,21.053528736265427,20.332250074329473,20.995046615600586,3115900,0.0,0.0
2012-06-29 00:00:00-04:00,21.300455182439624,21.69033688891511,21.215982919676193,21.599365234375,4599500,0.0,0.0
2012-07-02 00:00:00-04:00,21.826799733636374,22.301153819425533,21.68384282492458,22.093217849731445,3868500,0.0,0.0
2012-07-03 00:00:00-04:00,22.106207714255543,22.50258631557261,21.982746542858244,22.249164581298828,3647400,0.0,0.0
2012-07-05 00:00:00-04:00,21.982742991690923,22.249160987093436,21.794300329901272,21.963247299194336,2711300,0.0,0.0
2012-07-06 00:00:00-04:00,21.7033240421996,21.88526727456119,21.39141781702169,21.683828353881836,1907800,0.0,0.0
2012-07-09 00:00:00-04:00,21.495391101213137,21.9372529422414,21.215976826068893,21.60585594177246,2264600,0.0,0.0
2012-07-10 00:00:00-04:00,21.748826223073245,21.748826223073245,21.11851886675944,21.235483169555664,2972900,0.0,0.0
2012-07-11 00:00:00-04:00,21.222481543756878,21.859285655672654,21.02104252189696,21.75531768798828,2583000,0.0,0.0
2012-07-12 00:00:00-04:00,21.540883344559827,21.566873475583762,21.15100163370031,21.449909210205078,3505600,0.0,0.0
2012-07-13 00:00:00-04:00,21.839790183742394,22.79499749248947,21.774808661397095,22.704023361206055,4801300,0.0,0.0
2012-07-16 00:00:00-04:00,22.54157752851496,23.470792403724023,22.45710525170838,23.457796096801758,4895700,0.0,0.0
2012-07-17 00:00:00-04:00,23.496783550529138,23.91265543090793,23.301843916450572,23.841176986694336,3604100,0.0,0.0
2012-07-18 00:00:00-04:00,23.8151834589822,24.477977624625552,23.776194546206646,24.10759162902832,2839200,0.0,0.0
2012-07-19 00:00:00-04:00,24.120651447027473,24.172918412837273,23.192935233938464,23.25826644897461,3758600,0.2,0.0
2012-07-20 00:00:00-04:00,22.983879359876894,23.153742066075065,22.80748203484791,23.07534408569336,3290000,0.0,0.0
2012-07-23 00:00:00-04:00,22.729079230568633,23.04920570298434,22.53961520031572,22.879343032836914,3245900,0.0,0.0
2012-07-24 00:00:00-04:00,23.029605361820735,23.14066892899925,22.611479592305567,23.016538619995117,2351600,0.0,0.0
2012-07-25 00:00:00-04:00,23.258267876323405,23.44773190067209,22.7813429990578,23.127605438232422,3551300,0.0,0.0
2012-07-26 00:00:00-04:00,23.36280048675318,23.558799138112576,23.25173691039414,23.493465423583984,2951300,0.0,0.0
2012-07-27 00:00:00-04:00,23.669857601372435,24.11411679529367,23.454262620566276,23.85932159423828,6158600,0.0,0.0
2012-07-30 00:00:00-04:00,24.081458593830043,24.597583770751953,24.061859723793663,24.597583770751953,2830300,0.0,0.0
2012-07-31 00:00:00-04:00,24.656379994038687,25.06143904492821,24.50611370055055,24.564912796020508,6958400,0.0,0.0
2012-08-01 00:00:00-04:00,25.53183357366836,26.250487019335075,24.682512693228535,25.002641677856445,6639700,0.0,0.0
2012-08-02 00:00:00-04:00,24.787052742124,25.525307805062003,24.721721494314554,25.022249221801758,4434800,0.0,0.0
2012-08-03 00:00:00-04:00,25.218238911133472,26.034891757895913,25.218238911133472,25.917293548583984,4516000,0.0,0.0
2012-08-06 00:00:00-04:00,26.09368680408878,26.361548796476068,25.9826232304721,26.178619384765625,3405100,0.0,0.0
2012-08-07 00:00:00-04:00,26.38768505504644,26.67514843763454,25.865027757922505,25.98262596130371,4636800,0.0,0.0
2012-08-08 00:00:00-04:00,25.871555386233204,26.263550160101072,25.780090686665215,26.230884552001953,4002600,0.0,0.0
2012-08-09 00:00:00-04:00,26.06755912513828,26.524882712554298,26.05449238089402,26.34195327758789,2888200,0.0,0.0
2012-08-10 00:00:00-04:00,26.302749554779982,26.413815620005696,25.96955634355545,26.13288688659668,2107700,0.0,0.0
2012-08-13 00:00:00-04:00,26.041420535910458,26.361546984398426,25.982621444441584,26.230884552001953,2213500,0.0,0.0
2012-08-14 00:00:00-04:00,26.257020895199773,26.426886079501198,26.00222561097429,26.087158203125,2533900,0.0,0.0
2012-08-15 00:00:00-04:00,26.485680231431868,26.564078190638522,26.08715332610657,26.36808204650879,4009400,0.0,0.0
2012-08-16 00:00:00-04:00,26.479144409243688,26.956069252069774,26.374612970983534,26.903804779052734,3862100,0.0,0.0
2012-08-17 00:00:00-04:00,27.191274756941084,28.047127908965976,27.093277902488314,27.942596435546875,5536300,0.0,0.0
2012-08-20 00:00:00-04:00,28.007930602551518,28.38685879098799,27.929532612340488,28.138595581054688,3809500,0.0,0.0
2012-08-21 00:00:00-04:00,28.341119214823344,28.341119214823344,27.1063405910547,27.145538330078125,4469400,0.0,0.0
2012-08-22 00:00:00-04:00,27.02140215655176,27.13246571605758,26.40727779430449,27.09980010986328,4384500,0.0,0.0
2012-08-23 00:00:00-04:00,27.099808831322143,27.197808173669912,26.81888004163379,27.001811981201172,1996300,0.0,0.0
2012-08-24 00:00:00-04:00,26.884212907286624,27.139008198568124,26.616350871294955,27.02140998840332,2562300,0.0,0.0
2012-08-27 00:00:00-04:00,27.067143759245862,27.694332584656504,26.766616091931617,26.831947326660156,3779200,0.0,0.0
2012-08-28 00:00:00-04:00,26.72088996501534,27.746606041430674,26.72088996501534,27.413410186767578,3770300,0.0,0.0
2012-08-29 00:00:00-04:00,27.37420150748572,27.69432799370506,27.210870955513194,27.42646598815918,2674300,0.0,0.0
2012-08-30 00:00:00-04:00,27.302332857192102,27.896855905522738,27.191266797318722,27.753124237060547,2523800,0.0,0.0
2012-08-31 00:00:00-04:00,27.896857346844108,28.092853500729518,26.85154037241141,27.439531326293945,5791200,0.0,0.0
2012-09-04 00:00:00-04:00,27.485260220497672,27.73352331336618,27.099800086396304,27.70738983154297,2620700,0.0,0.0
2012-09-05 00:00:00-04:00,27.759667975001538,27.81846708667127,27.06714538113879,27.269676208496094,2881800,0.0,0.0
2012-09-06 00:00:00-04:00,27.54407292532204,28.576323537613824,27.54407292532204,28.367258071899414,4222200,0.0,0.0
2012-09-07 00:00:00-04:00,28.406449885388867,28.9487085253811,28.328051916649848,28.916040420532227,3458100,0.0,0.0
2012-09-10 00:00:00-04:00,28.70044536700297,29.301500614035298,28.70044536700297,29.09897232055664,4417300,0.0,0.0
2012-09-11 00:00:00-04:00,29.164295721824786,30.118145310430016,29.04669755421857,29.78495216369629,6304700,0.0,0.0
2012-09-12 00:00:00-04:00,30.144296899864205,30.97401669544748,30.078965652934976,30.235761642456055,5269800,0.0,0.0
2012-09-13 00:00:00-04:00,30.24881382917839,30.60814049877189,29.641224054753,30.470943450927734,5292000,0.0,0.0
2012-09-14 00:00:00-04:00,30.81067961275802,31.50320214895869,30.059357969783456,30.52975082397461,6718600,0.0,0.0
2012-09-17 00:00:00-04:00,30.16389552158649,30.686555461530002,30.052831904296237,30.144296646118164,4833400,0.0,0.0
2012-09-18 00:00:00-04:00,29.7457594204415,29.90908997292313,29.03363811193255,29.739227294921875,6108200,0.0,0.0
2012-09-19 00:00:00-04:00,29.745766684088984,30.444821420035083,29.7326999376325,29.771900177001953,3505400,0.0,0.0
2012-09-20 00:00:00-04:00,29.654290996209816,30.255348650029685,29.510559330512997,29.909086227416992,3233500,0.0,0.0
2012-09-21 00:00:00-04:00,30.078954333074957,30.76494213657772,30.078954333074957,30.588544845581055,5960500,0.0,0.0
2012-09-24 00:00:00-04:00,30.503623007531633,30.653886865630536,30.222694166494954,30.536291122436523,2453800,0.0,0.0
2012-09-25 00:00:00-04:00,30.70614576939035,30.9021419460688,30.026690030826902,30.039756774902344,2912200,0.0,0.0
2012-09-26 00:00:00-04:00,29.850289505747188,30.26841779439978,29.549761901094104,29.745758056640625,3626000,0.0,0.0
2012-09-27 00:00:00-04:00,29.922153506126172,30.53627791259846,29.843755547168964,30.399078369140625,3180100,0.0,0.0
2012-09-28 00:00:00-04:00,30.333753991143706,30.399085222966697,30.06589195310665,30.294553756713867,3253700,0.0,0.0
2012-10-01 00:00:00-04:00,30.444813091926513,30.71920970799803,30.222683447383428,30.418682098388672,2785500,0.0,0.0
2012-10-02 00:00:00-04:00,30.497084197667522,30.680013638362368,30.229222162838624,30.327219009399414,2911900,0.0,0.0
2012-10-03 00:00:00-04:00,30.22922998827504,30.320694732299927,29.399510179692005,29.50404167175293,5392000,0.0,0.0
2012-10-04 00:00:00-04:00,29.78495607771222,29.830688427543638,29.451762887193855,29.6542911529541,6196000,0.0,0.0
2012-10-05 00:00:00-04:00,29.967888125884635,31.15040218573953,29.896022286304177,30.065887451171875,7658200,0.0,0.0
2012-10-08 00:00:00-04:00,30.026699935424706,30.42522703839065,29.765372444394238,30.00710105895996,3414600,0.0,0.0
2012-10-09 00:00:00-04:00,30.157359944415408,30.542820235309463,30.09202870550876,30.11162757873535,3667800,0.0,0.0
2012-10-10 00:00:00-04:00,30.065881327661533,30.268412062300136,29.1969617965815,29.49749183654785,5564600,0.0,0.0
2012-10-11 00:00:00-04:00,29.81284166252682,29.990221140417,29.28070322885628,29.300411224365234,4600600,0.25,0.0
2012-10-12 00:00:00-04:00,29.12304141645908,29.313557934150964,27.887955769984956,28.85368537902832,6634300,0.0,0.0
2012-10-15 00:00:00-04:00,28.807685767083733,29.18872364792237,28.518624361901214,29.15587615966797,2722000,0.0,0.0
2012-10-16 00:00:00-04:00,29.412096591269705,30.739155960728596,29.300412099143777,30.542068481445312,5742000,0.0,0.0
2012-10-17 00:00:00-04:00,30.581484966377797,31.021649433102343,30.42381598285207,30.64718246459961,2842000,0.0,0.0
2012-10-18 00:00:00-04:00,30.62747104077124,30.634042043447412,29.819410632725194,29.931095123291016,3402300,0.0,0.0
2012-10-19 00:00:00-04:00,29.911384606556272,30.279283067039515,29.26756418028802,29.326690673828125,3002400,0.0,0.0
2012-10-22 00:00:00-04:00,29.38581365963631,30.042773506727045,29.38581365963631,29.944231033325195,3421700,0.0,0.0
2012-10-23 00:00:00-04:00,29.504070693984026,29.615755186536905,28.860250255942347,29.510639190673828,4079100,0.0,0.0
2012-10-24 00:00:00-04:00,29.563191168984105,29.990216043866095,29.339824735463228,29.418659210205078,3478700,0.0,0.0
2012-10-25 00:00:00-04:00,29.6551803689162,29.858838914859046,29.267573785414687,29.582914352416992,2903900,0.0,0.0
2012-10-26 00:00:00-04:00,29.937673197579755,31.284440975183603,29.444953095570735,31.20560646057129,6123800,0.0,0.0
2012-10-31 00:00:00-04:00,31.415824606869922,31.796862580779607,30.64061166542217,30.98223114013672,4791200,0.0,0.0
2012-11-01 00:00:00-04:00,30.877122589536896,31.304147627791128,30.476376554951415,31.126768112182617,4291500,0.0,0.0
2012-11-02 00:00:00-04:00,31.540653368038853,31.632629887369454,30.26615167341881,30.358125686645508,2826000,0.0,0.0
2012-11-05 00:00:00-05:00,30.37125411450432,31.468378387036417,30.37125411450432,31.376401901245117,3024100,0.0,0.0
2012-11-06 00:00:00-05:00,31.534072701542023,33.5049522453884,31.44209872380566,32.874271392822266,8220800,0.0,0.0
2012-11-07 00:00:00-05:00,32.3421436571217,32.900561215307135,32.02680312706459,32.49324417114258,6708500,0.0,0.0
2012-11-08 00:00:00-05:00,32.41440269841108,32.82828815157611,32.1516177267913,32.191036224365234,3699100,0.0,0.0
2012-11-09 00:00:00-05:00,31.606333810668055,31.901966197865725,30.988790044943464,31.146461486816406,5424200,0.0,0.0
2012-11-12 00:00:00-05:00,31.159604115262002,31.60633698836347,31.0610591409209,31.107046127319336,2699200,0.0,0.0
2012-11-13 00:00:00-05:00,30.877113062220108,31.37640144734943,30.5880516293666,30.785139083862305,3129100,0.0,0.0
2012-11-14 00:00:00-05:00,30.988798125230222,31.179317102891012,30.02963724653571,30.062484741210938,3542400,0.0,0.0
2012-11-15 00:00:00-05:00,29.91138344474399,30.344976878495473,29.523777003503792,29.786561965942383,3805000,0.0,0.0
2012-11-16 00:00:00-05:00,29.931098374003962,30.16760186786408,29.530352374743774,30.069059371948242,4591900,0.0,0.0
2012-11-19 00:00:00-05:00,30.482934488848507,31.698309067223263,30.469794992647913,31.612903594970703,4339700,0.0,0.0
2012-11-20 00:00:00-05:00,31.658892828628897,32.23701817202947,31.44866588668375,32.23044967651367,3492900,0.0,0.0
2012-11-21 00:00:00-05:00,32.401248134684934,32.61804601138941,32.08590781901647,32.447235107421875,3805700,0.0,0.0
2012-11-23 00:00:00-05:00,32.572078771912416,32.84800077549687,32.460394266101865,32.7297477722168,1698700,0.0,0.0
2012-11-26 00:00:00-05:00,32.552362255697034,32.83485521068528,32.23702180722012,32.55893325805664,2943300,0.0,0.0
2012-11-27 00:00:00-05:00,32.52609439855487,33.123928006776254,32.19761433895842,32.88742446899414,4638900,0.0,0.0
2012-11-28 00:00:00-05:00,32.624640058614794,33.68234627223266,32.35528650470808,33.504966735839844,5404800,0.0,0.0
2012-11-29 00:00:00-05:00,33.636353943714866,33.9385549552099,33.393279434999606,33.872859954833984,3951100,0.0,0.0
2012-11-30 00:00:00-05:00,33.95168969621616,34.51010463942827,33.8005892116541,34.404991149902344,5323100,0.0,0.0
2012-12-03 00:00:00-05:00,34.588946485787474,34.66120998375954,33.51810093815531,33.872859954833984,5670000,0.0,0.0
2012-12-04 00:00:00-05:00,33.82030194965034,34.3195929744804,33.82030194965034,33.872859954833984,3726600,0.0,0.0
2012-12-05 00:00:00-05:00,33.80058328673832,34.12906319719039,33.02537049758322,33.301292419433594,3332400,0.0,0.0
2012-12-06 00:00:00-05:00,33.30130187414187,33.64292137873495,33.04508787222295,33.485252380371094,3405700,0.0,0.0
2012-12-07 00:00:00-05:00,33.62977946700922,34.6546379073186,33.54437647656096,34.385284423828125,4854900,0.0,0.0
2012-12-10 00:00:00-05:00,34.29988358210876,35.68606968749716,34.29331508429955,35.199920654296875,7741300,0.0,0.0
2012-12-11 00:00:00-05:00,35.29188287890307,35.42327284005559,34.64149154434549,34.845149993896484,5205500,0.0,0.0
2012-12-12 00:00:00-05:00,35.03566936136682,35.14735133089073,34.77945291943576,34.85171890258789,8427100,0.0,0.0
2012-12-13 00:00:00-05:00,34.556087293956345,34.556087293956345,33.66262399826343,34.29987335205078,7136600,0.0,0.0
2012-12-14 00:00:00-05:00,34.16191923429247,35.17363821308057,34.0305267360168,35.12765121459961,5120800,0.0,0.0
2012-12-17 00:00:00-05:00,35.18677093917583,35.38385839559328,34.93712549112547,35.160491943359375,4292300,0.0,0.0
2012-12-18 00:00:00-05:00,35.107936727608035,35.27874770781753,34.818875269080735,34.93055725097656,3922800,0.0,0.0
2012-12-19 00:00:00-05:00,35.00281863861628,35.06851612471149,34.0567973937709,34.49039077758789,6409900,0.0,0.0
2012-12-20 00:00:00-05:00,34.54294402729564,34.634917989107585,33.96481875948876,34.437828063964844,4391700,0.0,0.0
2012-12-21 00:00:00-05:00,33.971407693205194,34.41157228312128,33.72176464840312,34.26704025268555,5053600,0.0,0.0
2012-12-24 00:00:00-05:00,34.30644808059196,34.42470106756346,34.09622110511001,34.142208099365234,975200,0.0,0.0
2012-12-26 00:00:00-05:00,34.267022406766586,34.56922330747266,33.71517608516724,33.741455078125,2322700,0.0,0.0
2012-12-27 00:00:00-05:00,33.83344145094625,33.971402455397865,33.11078642239662,33.872859954833984,2885400,0.0,0.0
2012-12-28 00:00:00-05:00,33.54437700343931,33.83343848832681,33.18961801782505,33.22246551513672,2999100,0.0,0.0
2012-12-31 00:00:00-05:00,33.11077403829219,34.96340042433374,33.11077403829219,34.88456344604492,4233600,0.0,0.0
2013-01-02 00:00:00-05:00,35.64007945353321,36.336457945052956,34.969979963075374,36.30360794067383,5229900,0.0,0.0
2013-01-03 00:00:00-05:00,36.15249739953097,36.244471371591196,34.73346431578081,34.94369125366211,5291900,0.0,0.0
2013-01-04 00:00:00-05:00,34.89769958569293,35.26559793067869,34.35242432187555,34.91083908081055,4161100,0.0,0.0
2013-01-07 00:00:00-05:00,34.477249338223224,34.477249338223224,33.35384870335757,33.741455078125,6884000,0.0,0.0
2013-01-08 00:00:00-05:00,33.63633753708019,34.01737286439129,33.557503073861064,33.89255142211914,3575600,0.0,0.0
2013-01-09 00:00:00-05:00,33.872847078171056,34.260453447690274,33.51808819635292,33.71517562866211,4429800,0.0,0.0
2013-01-10 00:00:00-05:00,33.92542093053567,34.056813458601994,33.64949887709002,33.84001541137695,3403400,0.0,0.0
2013-01-11 00:00:00-05:00,33.68890436941269,33.96482884286667,33.084502437442545,33.229034423828125,4615800,0.0,0.0
2013-01-14 00:00:00-05:00,33.28816081421399,33.78088079670575,32.92683332827404,33.734893798828125,5000100,0.0,0.0
2013-01-15 00:00:00-05:00,33.734891267050116,34.37871420122528,33.63634878160936,34.31958770751953,4499600,0.0,0.0
2013-01-16 00:00:00-05:00,34.24731782976238,35.83715947068275,34.207899336395485,35.81745147705078,8024800,0.0,0.0
2013-01-17 00:00:00-05:00,36.1196426090288,36.678059836104076,35.60064386462662,36.231327056884766,5976600,0.0,0.0
2013-01-18 00:00:00-05:00,36.270745933478295,36.61893629300779,35.856863109779084,36.17877197265625,5998800,0.0,0.0
2013-01-22 00:00:00-05:00,36.29046085019013,36.29046085019013,35.42327159912469,35.8765754699707,4462000,0.0,0.0
2013-01-23 00:00:00-05:00,35.948847394027425,36.91457676608977,35.607227937083806,36.47441482543945,4293900,0.0,0.0
2013-01-24 00:00:00-05:00,36.46126930043467,37.41386152211703,36.37586382378794,36.86858367919922,4702100,0.0,0.0
2013-01-25 00:00:00-05:00,37.118229525245795,37.37444345196573,36.86201559852586,37.3218879699707,3612300,0.0,0.0
2013-01-28 00:00:00-05:00,37.50585174560547,37.89345830005812,37.118245191152816,37.50585174560547,4055400,0.0,0.0
2013-01-29 00:00:00-05:00,38.10367134026532,39.713223475686775,38.077392344772846,39.3387565612793,8446300,0.0,0.0
2013-01-30 00:00:00-05:00,40.981150547931094,41.32933841892629,39.84461046338023,39.916873931884766,7922300,0.0,0.0
2013-01-31 00:00:00-05:00,39.66067217323008,40.10740514752916,39.3584711924111,39.79206466674805,5450400,0.0,0.0
2013-02-01 00:00:00-05:00,40.73150051162537,41.55270011871459,40.219072758754436,41.224220275878906,4709200,0.0,0.0
2013-02-04 00:00:00-05:00,40.816922970742176,40.89575746414484,40.17967100830363,40.21908950805664,3796500,0.0,0.0
2013-02-05 00:00:00-05:00,40.547562937720784,40.718371396851744,40.061411543712275,40.081119537353516,4578900,0.0,0.0
2013-02-06 00:00:00-05:00,39.93660382993981,41.06000496429809,39.88404582065568,40.547576904296875,5068700,0.0,0.0
2013-02-07 00:00:00-05:00,40.65267384515992,41.61183456867002,40.07454850921977,41.55927658081055,4392600,0.0,0.0
2013-02-08 00:00:00-05:00,41.657827425378166,42.860062746899196,41.5330059457764,42.058570861816406,4745800,0.0,0.0
2013-02-11 00:00:00-05:00,42.045431867355525,42.47902778934654,41.861483904888814,42.1636848449707,3097900,0.0,0.0
2013-02-12 00:00:00-05:00,42.452758272772385,42.557869269565174,41.90090924993692,42.32793426513672,3702400,0.0,0.0
2013-02-13 00:00:00-05:00,42.37391262385717,42.37391262385717,41.94688769574916,42.117698669433594,2777100,0.0,0.0
2013-02-14 00:00:00-05:00,41.89433507238837,42.649837488867625,41.88119557304483,42.59071350097656,3560000,0.0,0.0
2013-02-15 00:00:00-05:00,42.40677542006268,42.952048480414575,41.736673327657314,42.157127380371094,3787800,0.0,0.0
2013-02-19 00:00:00-05:00,42.03365518957491,42.832472305313914,42.02705449832491,42.75325393676758,3091700,0.313,0.0
2013-02-20 00:00:00-05:00,42.74666002362871,42.878694024436,41.287662656578775,41.35367965698242,4847000,0.0,0.0
2013-02-21 00:00:00-05:00,41.14242804284354,41.53853513796911,40.416230862317505,41.122623443603516,5032600,0.0,0.0
2013-02-22 00:00:00-05:00,41.446098064927774,42.33074185141042,41.267849169297996,42.32413864135742,3049300,0.0,0.0
2013-02-25 00:00:00-05:00,42.57501495390855,42.740059985557664,40.475644468248156,40.49544906616211,4294800,0.0,0.0
2013-02-26 00:00:00-05:00,40.587866044706,40.726503240111825,39.571188241622934,40.422821044921875,4346900,0.0,0.0
2013-02-27 00:00:00-05:00,40.46904128787728,41.67056891773794,40.270987753423164,41.584747314453125,2581500,0.0,0.0
2013-02-28 00:00:00-05:00,41.498920590337136,42.429771892058056,40.93116531368918,41.564937591552734,4226400,0.0,0.0
2013-03-01 00:00:00-05:00,41.399885322411144,42.20530569185295,41.056591435737374,42.18550109863281,3150000,0.0,0.0
2013-03-04 00:00:00-05:00,42.14588740291629,43.4002277758778,41.947833924910434,43.360618591308594,3758500,0.0,0.0
2013-03-05 00:00:00-05:00,43.59828773623247,43.60489094651878,42.59481131720848,43.42003631591797,3920300,0.0,0.0
2013-03-06 00:00:00-05:00,43.57190458556045,44.21228035277793,43.17579736941066,43.604915618896484,2929700,0.0,0.0
2013-03-07 00:00:00-05:00,43.499266296680794,43.651109935549556,42.77306919552779,43.48606491088867,3429800,0.0,0.0
2013-03-08 00:00:00-05:00,43.62470489991391,43.75673891332474,43.307816216243275,43.59169387817383,4045300,0.0,0.0
2013-03-11 00:00:00-04:00,43.505862842033,43.62469544305238,42.211908132976006,43.367225646972656,4966800,0.0,0.0
2013-03-12 00:00:00-04:00,43.347421929960056,43.835953727691255,43.050337903014004,43.71712112426758,4134600,0.0,0.0
2013-03-13 00:00:00-04:00,43.49265965748161,43.59829088259088,42.38355697770449,42.6146240234375,4784800,0.0,0.0
2013-03-14 00:00:00-04:00,42.885288207241125,43.20877496686012,42.44296885720266,42.878684997558594,3832700,0.0,0.0
2013-03-15 00:00:00-04:00,42.57500657172679,43.07014156919178,42.324139986249705,42.350547790527344,5979000,0.0,0.0
2013-03-18 00:00:00-04:00,41.80261099199955,43.103166820801114,41.59795421882952,42.9315185546875,3643900,0.0,0.0
2013-03-19 00:00:00-04:00,42.83249236061442,43.802958123890065,42.68725693801869,43.18239212036133,4124400,0.0,0.0
2013-03-20 00:00:00-04:00,43.5718766559395,45.18271734407805,43.53886564376356,44.58855438232422,5087500,0.0,0.0
2013-03-21 00:00:00-04:00,44.232068096856544,44.78661698071756,43.64450819224325,44.11323547363281,3394800,0.0,0.0
2013-03-22 00:00:00-04:00,44.21226338941479,44.75361088569646,44.12643675038168,44.59516906738281,2650400,0.0,0.0
2013-03-25 00:00:00-04:00,44.852632631155615,45.35436582503071,44.000999792197405,44.1396369934082,3905300,0.0,0.0
2013-03-26 00:00:00-04:00,44.218867351650836,44.50274500920202,43.81615706915322,44.39051055908203,3243600,0.0,0.0
2013-03-27 00:00:00-04:00,44.31788315242802,45.08369439713404,43.875563745627396,45.07048797607422,3920600,0.0,0.0
2013-03-28 00:00:00-04:00,45.143113450478516,46.555898462341396,44.86583901714642,46.19280242919922,6211100,0.0,0.0
2013-04-01 00:00:00-04:00,46.212615032151035,46.33805088472069,45.374188375606,45.79010009765625,3015200,0.0,0.0
2013-04-02 00:00:00-04:00,46.32482720169883,46.34463179487901,44.04060511407211,44.126426696777344,5679900,0.0,0.0
2013-04-03 00:00:00-04:00,44.12644318223556,44.15285099526613,40.58127864886876,41.23485565185547,14028500,0.0,0.0
2013-04-04 00:00:00-04:00,41.30746174999588,42.218510840840594,40.89154765137748,41.188629150390625,6139100,0.0,0.0
2013-04-05 00:00:00-04:00,40.442631187242505,41.57154105461244,39.74284190392292,41.13582229614258,5289600,0.0,0.0
2013-04-08 00:00:00-04:00,41.12262166304125,42.1194925696968,40.86515181051903,42.00065994262695,3969300,0.0,0.0
2013-04-09 00:00:00-04:00,42.21851466619742,43.063546842000456,41.498918311558164,42.6872444152832,4291500,0.0,0.0
2013-04-10 00:00:00-04:00,42.766464033073305,43.05034166400941,41.62435281673397,42.15909957885742,6005500,0.0,0.0
2013-04-11 00:00:00-04:00,42.1260932274632,42.15910172889533,40.805733023080066,40.937767028808594,6204800,0.0,0.0
2013-04-12 00:00:00-04:00,40.51524616619621,40.75951458107069,38.996832659704246,40.05311965942383,8305100,0.0,0.0
2013-04-15 00:00:00-04:00,39.06946314290101,39.60420999380166,37.683085776193785,37.97356414794922,7897200,0.0,0.0
2013-04-16 00:00:00-04:00,38.38947346585782,39.1618829668591,38.13860432503905,39.135475158691406,5644000,0.0,0.0
2013-04-17 00:00:00-04:00,38.65354707916029,38.81199142243232,37.73589707834234,38.28384780883789,4602100,0.0,0.0
2013-04-18 00:00:00-04:00,38.237631687182564,38.64694517852097,37.055911175676,37.782108306884766,4270200,0.0,0.0
2013-04-19 00:00:00-04:00,38.382860296832185,38.382860296832185,37.27375782539875,38.18480682373047,5045100,0.0,0.0
2013-04-22 00:00:00-04:00,38.36966783662304,39.83526850766067,38.33665933432857,39.23450469970703,3659300,0.0,0.0
2013-04-23 00:00:00-04:00,39.340121174170655,40.54824910717363,39.188280096164085,40.37000274658203,5318500,0.0,0.0
2013-04-24 00:00:00-04:00,40.54165463312367,41.62434945512118,40.475637638957735,40.81232833862305,4771700,0.0,0.0
2013-04-25 00:00:00-04:00,40.95756761890512,41.65075611208811,40.785919409385926,40.865142822265625,4384100,0.0,0.0
2013-04-26 00:00:00-04:00,40.83212489685567,40.98396848664877,40.36339778272371,40.66707992553711,3034700,0.0,0.0
2013-04-29 00:00:00-04:00,40.91136141212203,41.12921953454484,40.58787205654002,40.799129486083984,3444900,0.0,0.0
2013-04-30 00:00:00-04:00,40.8849522455009,41.06320116795422,39.624008403008595,40.23797607421875,5457000,0.0,0.0
2013-05-01 00:00:00-04:00,40.34360526703592,40.891553426255456,39.31372343114169,39.3929443359375,5678600,0.0,0.0
2013-05-02 00:00:00-04:00,39.65701965323776,40.059729929849986,39.05625584407172,39.808860778808594,4212400,0.0,0.0
2013-05-03 00:00:00-04:00,40.13894625460907,41.366881541932784,39.934292052313126,41.04999542236328,4548900,0.0,0.0
2013-05-06 00:00:00-04:00,41.25465608343939,42.409968754792274,41.14242415544612,42.16570281982422,3682400,0.0,0.0
2013-05-07 00:00:00-04:00,42.41657295081609,43.136166868049706,42.26472930617319,42.568416595458984,4676600,0.0,0.0
2013-05-08 00:00:00-04:00,42.40336856530483,42.56181037350079,41.49231683543594,41.86201858520508,3664300,0.0,0.0
2013-05-09 00:00:00-04:00,41.74318777034731,41.76959557898138,40.85194563523902,41.016990661621094,3436900,0.0,0.0
2013-05-10 00:00:00-04:00,40.75291258702646,41.063198004249,40.27098147162168,40.5218505859375,5059200,0.0,0.0
2013-05-13 00:00:00-04:00,40.356814071350065,41.11601974780543,39.86827964261523,40.9113655090332,3829500,0.0,0.0
2013-05-14 00:00:00-04:00,40.97077631049031,42.370357362612395,40.93116459941989,42.30434036254883,6212800,0.0,0.0
2013-05-15 00:00:00-04:00,42.07326718496577,43.22858459590771,42.07326718496577,42.878684997558594,5621700,0.0,0.0
2013-05-16 00:00:00-04:00,42.9271281679123,43.39149513820248,42.270386307531226,42.34999084472656,3994700,0.313,0.0
2013-05-17 00:00:00-04:00,42.588810737531816,43.72982023813826,42.57554542152833,43.42466735839844,5521600,0.0,0.0
2013-05-20 00:00:00-04:00,43.33178676810655,44.34675279948589,43.33178676810655,43.75634765625,4531600,0.0,0.0
2013-05-21 00:00:00-04:00,43.84921357528185,44.25387390299472,43.04652810620866,43.39811706542969,4505200,0.0,0.0
2013-05-22 00:00:00-04:00,43.31851048773811,44.194167730490946,42.98682206152622,43.378211975097656,4482700,0.0,0.0
2013-05-23 00:00:00-04:00,42.74801702989744,43.49099605734963,42.389792829733686,43.28535079956055,2380300,0.0,0.0
2013-05-24 00:00:00-04:00,42.96691522390307,43.45118253865039,42.32344141702708,43.43128204345703,2518400,0.0,0.0
2013-05-28 00:00:00-04:00,44.04159713500545,44.432992183568736,43.7298091457681,44.12783432006836,2792000,0.0,0.0
2013-05-29 00:00:00-04:00,43.92218514240244,44.67179923787628,43.55069568781919,44.340110778808594,3135200,0.0,0.0
2013-05-30 00:00:00-04:00,44.015061169563765,44.51922908643615,43.57059981209854,44.293678283691406,2896400,0.0,0.0
2013-05-31 00:00:00-04:00,44.20745075271293,45.03667215047715,43.96863458526358,44.161014556884766,3506400,0.0,0.0
2013-06-03 00:00:00-04:00,44.47278632226864,44.50595212933143,42.64186472952813,43.83594512939453,4022900,0.0,0.0
2013-06-04 00:00:00-04:00,43.65019851239229,43.902279891975375,42.65513324291068,43.2389030456543,2890200,0.0,0.0
2013-06-05 00:00:00-04:00,43.07970319162858,43.35168512472193,42.14433920981186,42.197410583496094,3064900,0.0,0.0
2013-06-06 00:00:00-04:00,42.243849361100445,43.21901440240729,42.02493372709992,43.1195068359375,2637300,0.0,0.0
2013-06-07 00:00:00-04:00,43.41139910290375,43.91556205555355,43.23891963954165,43.696651458740234,2774600,0.0,0.0
2013-06-10 00:00:00-04:00,43.73644327118097,44.041596066110564,43.12613768132178,43.192474365234375,2372500,0.0,0.0
2013-06-11 00:00:00-04:00,42.48929105399011,42.94038753340898,42.25710762837577,42.42958450317383,3202200,0.0,0.0
2013-06-12 00:00:00-04:00,43.03990477905745,43.25882043853307,41.91216572427231,41.99840545654297,3967600,0.0,0.0
2013-06-13 00:00:00-04:00,41.85244852830378,43.00009025631645,41.3748163527306,42.7944450378418,3336300,0.0,0.0
2013-06-14 00:00:00-04:00,42.927115777511105,43.09959517732991,42.30354244339989,42.330078125,1833900,0.0,0.0
2013-06-17 00:00:00-04:00,42.58879501856825,42.91385334408751,42.44285382114804,42.62860107421875,3341200,0.0,0.0
2013-06-18 00:00:00-04:00,42.774546490553085,43.11950026576692,42.62196757039269,42.714839935302734,2336900,0.0,0.0
2013-06-19 00:00:00-04:00,42.635224874668246,43.03325500514472,42.13105961816618,42.21066665649414,3341500,0.0,0.0
2013-06-20 00:00:00-04:00,41.51412585692908,41.58709518714704,39.84241583612167,40.06132888793945,5087000,0.0,0.0
2013-06-21 00:00:00-04:00,40.47926566057877,40.61857422605036,38.51567030829139,39.30508804321289,6354700,0.0,0.0
2013-06-24 00:00:00-04:00,38.78101126864898,38.98665900965432,37.70634144626595,37.93852233886719,4938400,0.0,0.0
2013-06-25 00:00:00-04:00,38.66823914952303,39.61023310948599,38.66823914952303,39.41122055053711,3453600,0.0,0.0
2013-06-26 00:00:00-04:00,39.86894461236332,40.43944906446358,39.51072306410319,39.61686325073242,2706600,0.0,0.0
2013-06-27 00:00:00-04:00,40.01490434123006,40.074608378277816,38.77438993877406,39.28519058227539,3883300,0.0,0.0
2013-06-28 00:00:00-04:00,39.23211283443755,39.63677318312496,38.98666406889588,39.07953643798828,3573800,0.0,0.0
2013-07-01 00:00:00-04:00,39.29844326626119,39.961820075052636,38.920316157114904,39.07289505004883,3486700,0.0,0.0
2013-07-02 00:00:00-04:00,39.039737566063835,39.278553703976364,37.55377442218098,37.865562438964844,4998500,0.0,0.0
2013-07-03 00:00:00-04:00,37.646639594308795,38.28348081975388,36.35305411534829,38.263580322265625,6190900,0.0,0.0
2013-07-05 00:00:00-04:00,38.36970465612759,38.40287298174972,36.75769923119809,37.9716796875,3653200,0.0,0.0
2013-07-08 00:00:00-04:00,38.283479910108575,39.25200956711605,38.237043730017945,38.973392486572266,3067800,0.0,0.0
2013-07-09 00:00:00-04:00,39.15250592612695,39.38468683473213,38.74784560205898,38.81418228149414,3271200,0.0,0.0
2013-07-10 00:00:00-04:00,38.747847013953574,38.89379075072736,37.10930516026234,37.20881271362305,5874000,0.0,0.0
2013-07-11 00:00:00-04:00,37.845657145135505,38.40952911052376,37.16237964851014,38.316654205322266,5355200,0.0,0.0
2013-07-12 00:00:00-04:00,37.74614948174782,39.56380090832073,37.74614948174782,39.198944091796875,6108800,0.0,0.0
2013-07-15 00:00:00-04:00,39.43776810893514,39.70311742390975,38.99330414721397,39.29182434082031,4202400,0.0,0.0
2013-07-16 00:00:00-04:00,39.27854685069796,39.41785539664634,37.91199201420638,38.23704528808594,6289800,0.0,0.0
2013-07-17 00:00:00-04:00,38.35646330377014,38.75448854722243,37.878830987161166,38.50240707397461,3527400,0.0,0.0
2013-07-18 00:00:00-04:00,38.601895901024115,38.661599915515694,37.62009851983725,37.75940704345703,4328100,0.0,0.0
2013-07-19 00:00:00-04:00,38.104371851986336,38.363090993301654,37.62674215931855,38.137542724609375,3960500,0.0,0.0
2013-07-22 00:00:00-04:00,38.39626053341606,38.77438521176018,37.93189613860925,38.4493293762207,4093500,0.0,0.0
2013-07-23 00:00:00-04:00,38.787657164117114,39.61024329409824,38.70805009560335,39.46430206298828,3938200,0.0,0.0
2013-07-24 00:00:00-04:00,39.57043637266117,39.57043637266117,38.276850804468694,39.03310012817383,4041900,0.0,0.0
2013-07-25 00:00:00-04:00,38.926956818641784,39.603601562470445,38.63507189272007,39.41785430908203,4551000,0.0,0.0
2013-07-26 00:00:00-04:00,39.3050806724419,39.696473138167136,38.94685654504959,39.13923645019531,2603600,0.0,0.0
2013-07-29 00:00:00-04:00,39.13922946478425,39.3316093355948,38.853977250984215,39.112693786621094,852400,0.0,0.0
2013-07-30 00:00:00-04:00,39.172416082042304,39.305092004206806,38.41616661546219,38.78765869140625,4076700,0.0,0.0
2013-07-31 00:00:00-04:00,38.02475355295237,41.10945632657021,37.89871288661474,40.79766845703125,8186700,0.0,0.0
2013-08-01 00:00:00-04:00,41.043125495072694,41.06966117673181,40.01489187130973,40.14756774902344,3918500,0.0,0.0
2013-08-02 00:00:00-04:00,39.88886162989904,39.88886162989904,38.522304033408666,38.74785232543945,5612800,0.0,0.0
2013-08-05 00:00:00-04:00,38.66159834960771,38.67486618902198,38.011489401798336,38.343177795410156,4125100,0.0,0.0
2013-08-06 00:00:00-04:00,38.23703573960803,39.23873605642479,38.23703573960803,38.68149948120117,4863300,0.0,0.0
2013-08-07 00:00:00-04:00,38.63507665249285,38.93359427075646,38.18398010103278,38.4493293762207,3824100,0.0,0.0
2013-08-08 00:00:00-04:00,38.48912740265852,39.37805253512352,38.40952288454312,39.13923645019531,3254800,0.0,0.0
2013-08-09 00:00:00-04:00,39.13923010964212,39.3448778229225,38.85397789114227,39.086158752441406,3178500,0.0,0.0
2013-08-12 00:00:00-04:00,38.76774656428638,39.12597071092554,38.290116899349634,38.5886344909668,3295100,0.0,0.0
2013-08-13 00:00:00-04:00,38.73457972050186,39.265280774589485,38.47586311479553,39.198944091796875,3180300,0.0,0.0
2013-08-14 00:00:00-04:00,39.347665300193114,39.46770922836242,38.93418207208669,39.20761489868164,2358500,0.313,0.0
2013-08-15 00:00:00-04:00,38.86082199839843,38.96752743071707,38.04052351043799,38.11388397216797,3495300,0.0,0.0
2013-08-16 00:00:00-04:00,37.94048911957382,38.00718161019698,37.39362341675589,37.54701232910156,3478700,0.0,0.0
2013-08-19 00:00:00-04:00,37.533662761450245,37.91380094168652,36.84674684699831,36.906768798828125,3212100,0.0,0.0
2013-08-20 00:00:00-04:00,36.83340976852523,38.47400645618744,36.613330966062115,38.0205078125,3870800,0.0,0.0
2013-08-21 00:00:00-04:00,37.83377709610444,39.00753928627043,37.5470057964649,38.64740753173828,3784200,0.0,0.0
2013-08-22 00:00:00-04:00,38.667409488382006,39.26095849003174,38.360631752886725,38.75410842895508,3009300,0.0,0.0
2013-08-23 00:00:00-04:00,38.98085774302934,39.507716817504495,38.64073249988912,38.75410842895508,2951800,0.0,0.0
2013-08-26 00:00:00-04:00,38.794115236117705,39.40767315419137,38.600713460256074,38.76744079589844,2843800,0.0,0.0
2013-08-27 00:00:00-04:00,38.48735884922737,38.680763276182354,38.073875540335635,38.080543518066406,2979300,0.0,0.0
2013-08-28 00:00:00-04:00,38.147233811310166,38.88083343411943,38.147233811310166,38.700767517089844,2220300,0.0,0.0
2013-08-29 00:00:00-04:00,38.59406110611366,38.9942084264155,38.267276799128524,38.49402618408203,2119000,0.0,0.0
2013-08-30 00:00:00-04:00,38.64741829941117,39.014218132011514,37.98050858775285,38.080543518066406,2661100,0.0,0.0
2013-09-03 00:00:00-04:00,38.520688595728764,38.974187223877294,38.23391987363197,38.75410842895508,3045700,0.0,0.0
2013-09-04 00:00:00-04:00,38.62740940649654,39.56108402354512,38.40066254607533,39.367679595947266,4079400,0.0,0.0
2013-09-05 00:00:00-04:00,39.13425589107006,39.41435670449554,38.54070674866615,38.5473747253418,3849800,0.0,0.0
2013-09-06 00:00:00-04:00,38.62072826560833,38.75411067173424,37.947150803556276,38.293941497802734,2800400,0.0,0.0
2013-09-09 00:00:00-04:00,38.06052476505241,38.62739681950376,38.02717979903606,38.32728958129883,3102600,0.0,0.0
2013-09-10 00:00:00-04:00,38.307272668526664,38.307272668526664,37.80042267502653,37.873783111572266,3476500,0.0,0.0
2013-09-11 00:00:00-04:00,37.900465528701396,38.033845384384534,37.386944943336765,37.96715545654297,2597300,0.0,0.0
2013-09-12 00:00:00-04:00,38.00717690813418,38.240594236292,37.56701670070938,37.64704513549805,2662700,0.0,0.0
2013-09-13 00:00:00-04:00,37.77374960722335,38.50068098574337,37.72706615077269,38.10053634643555,2420800,0.0,0.0
2013-09-16 00:00:00-04:00,38.42733507713475,38.480689072721546,37.82044736965692,37.90047836303711,2521900,0.0,0.0
2013-09-17 00:00:00-04:00,37.82043587995633,37.88045783472777,37.2202188762997,37.38027572631836,3885000,0.0,0.0
2013-09-18 00:00:00-04:00,37.38027305528979,38.3472922379273,37.36026658648147,38.180564880371094,3873300,0.0,0.0
2013-09-19 00:00:00-04:00,38.90751179218553,39.48772251575362,38.614072441612166,38.780799865722656,4667700,0.0,0.0
2013-09-20 00:00:00-04:00,38.82080904755722,39.54774064781402,38.47401573381414,38.63407516479492,4944400,0.0,0.0
2013-09-23 00:00:00-04:00,38.50068807447801,38.50068807447801,37.9471544700505,38.28727722167969,3067700,0.0,0.0
2013-09-24 00:00:00-04:00,38.17391293523386,39.047563027489865,38.03385996259261,38.527374267578125,3430500,0.0,0.0
2013-09-25 00:00:00-04:00,38.5607071892142,39.04755082022437,38.367302823125016,38.71409606933594,3049500,0.0,0.0
2013-09-26 00:00:00-04:00,38.687417667776984,39.34765916984281,38.687417667776984,39.0008659362793,2709400,0.0,0.0
2013-09-27 00:00:00-04:00,38.747446504707,39.26096719884414,38.747446504707,39.034217834472656,3027700,0.0,0.0
2013-09-30 00:00:00-04:00,38.68742280867592,38.74077679510988,37.93381683073201,38.56071090698242,4407300,0.0,0.0
2013-10-01 00:00:00-04:00,38.44733587846054,38.82747411154782,38.140555557535265,38.61406326293945,2600600,0.0,0.0
2013-10-02 00:00:00-04:00,38.407314844323096,39.55439989799793,38.23391950888876,39.46770095825195,4150400,0.0,0.0
2013-10-03 00:00:00-04:00,39.25430452616015,39.90120773569785,39.08090658312227,39.72114181518555,4244400,0.0,0.0
2013-10-04 00:00:00-04:00,39.34766328026582,39.581080604135714,38.94084804947142,39.461036682128906,3550700,0.0,0.0
2013-10-07 00:00:00-04:00,39.1876033285382,39.2809728008551,38.61406326293945,38.61406326293945,3345300,0.0,0.0
2013-10-08 00:00:00-04:00,38.627402984956476,38.740778940377766,37.68039256983598,37.940486907958984,4211400,0.0,0.0
2013-10-09 00:00:00-04:00,37.89380482214107,38.20058264014515,37.68706192180355,37.94715881347656,3466300,0.0,0.0
2013-10-10 00:00:00-04:00,38.46067061497536,39.20761110555709,38.42732564794498,39.060890197753906,4396700,0.0,0.0
2013-10-11 00:00:00-04:00,39.04755575208489,40.55477284114049,38.99420430811432,39.967891693115234,5680300,0.0,0.0
2013-10-14 00:00:00-04:00,39.727802492989504,40.494749508614944,39.5143916362005,40.33469009399414,2891900,0.0,0.0
2013-10-15 00:00:00-04:00,40.27466710073141,40.581444881506705,39.57441258581111,39.68111801147461,3602600,0.0,0.0
2013-10-16 00:00:00-04:00,40.02791386938448,40.51475756446056,39.921208436820656,40.50141906738281,2993300,0.0,0.0
2013-10-17 00:00:00-04:00,40.39471530172959,41.60849060125203,40.34803183206014,41.4951171875,3405000,0.0,0.0
2013-10-18 00:00:00-04:00,41.6885156117698,42.34875719770221,41.51512024499154,42.335418701171875,3813800,0.0,0.0
2013-10-21 00:00:00-04:00,42.528810220610865,42.8089134749059,42.34207641378572,42.62217712402344,2985500,0.0,0.0
2013-10-22 00:00:00-04:00,42.908938071356076,43.509157405147384,42.78889929271152,43.26906967163086,4264700,0.0,0.0
2013-10-23 00:00:00-04:00,42.92897110128701,43.61588714826736,42.90229410775854,43.12237548828125,4215000,0.0,0.0
2013-10-24 00:00:00-04:00,43.04234992475203,43.0823628760224,41.81523605264436,42.168697357177734,4248900,0.0,0.0
2013-10-25 00:00:00-04:00,42.22871617013035,42.49548103092266,41.84857789713916,42.28207015991211,2206800,0.0,0.0
2013-10-28 00:00:00-04:00,42.52881693951339,42.9623065658504,42.108663263721645,42.202030181884766,3067700,0.0,0.0
2013-10-29 00:00:00-04:00,42.275391619412645,42.89561764064683,42.16868620414965,42.77557373046875,3213300,0.0,0.0
2013-10-30 00:00:00-04:00,42.74890280815006,43.77594416586428,42.04864826209333,43.50251388549805,4687500,0.0,0.0
2013-10-31 00:00:00-04:00,43.335788833132966,43.70258606691891,42.95565055775972,42.96898651123047,3786300,0.0,0.0
2013-11-01 00:00:00-04:00,42.995661356945575,43.23574921234954,42.20870785048065,42.7689094543457,2746900,0.0,0.0
2013-11-04 00:00:00-05:00,42.86893901740133,43.0423369006329,42.27539000861305,42.97564697265625,2728600,0.0,0.0
2013-11-05 00:00:00-05:00,42.84894965833915,43.222417474634504,42.42879582094818,42.86228561401367,3184100,0.0,0.0
2013-11-06 00:00:00-05:00,43.18239274512867,43.72258784470845,42.78224803847269,42.922298431396484,2979500,0.0,0.0
2013-11-07 00:00:00-05:00,42.86893973799172,43.2557484501197,42.42877959139715,42.57550048828125,3084200,0.0,0.0
2013-11-08 00:00:00-05:00,42.62886654916601,43.60922461643062,42.45547114758369,43.58921813964844,3252600,0.0,0.0
2013-11-11 00:00:00-05:00,43.449160319246474,43.735931643257665,43.20907246248751,43.675907135009766,2437700,0.0,0.0
2013-11-12 00:00:00-05:00,43.561863027864725,44.434041598792064,43.49477354977779,43.8838996887207,3229900,0.39,0.0
2013-11-13 00:00:00-05:00,43.79667847132532,44.31998356298726,43.29349971109667,44.31327819824219,3427000,0.0,0.0
2013-11-14 00:00:00-05:00,44.440741594862644,45.86306190403618,44.43403623088335,45.32633590698242,4088500,0.0,0.0
2013-11-15 00:00:00-05:00,45.15190715050399,45.36659653911785,44.62859696707135,45.017723083496094,4106300,0.0,0.0
2013-11-18 00:00:00-05:00,45.36658803425148,45.65507732598695,44.98417247251821,45.091514587402344,2723300,0.0,0.0
2013-11-19 00:00:00-05:00,45.04455208546616,45.98381991724256,44.89695219665299,45.467220306396484,3246100,0.0,0.0
2013-11-20 00:00:00-05:00,45.76913503349297,45.883187642855034,44.816451263647956,44.97075653076172,2923500,0.0,0.0
2013-11-21 00:00:00-05:00,44.99087204188108,45.379998035246025,44.17236740707799,45.28607177734375,2933400,0.0,0.0
2013-11-22 00:00:00-05:00,45.52089960576102,46.15826237622753,45.312920710254346,45.943572998046875,3108000,0.0,0.0
2013-11-25 00:00:00-05:00,45.94356882965496,46.52725280437136,45.7087480247573,46.05091094970703,2808300,0.0,0.0
2013-11-26 00:00:00-05:00,46.15154689219696,46.44674667467956,45.70874721847306,46.12471008300781,3094400,0.0,0.0
2013-11-27 00:00:00-05:00,46.02406424220123,47.634236645486354,45.88988534134287,47.04384231567383,4526400,0.0,0.0
2013-11-29 00:00:00-05:00,46.983457991281746,47.446383898532744,46.56750032955192,46.70167922973633,1688100,0.0,0.0
2013-12-02 00:00:00-05:00,46.9633395621523,48.137423051206106,46.74193973289582,47.875770568847656,3900900,0.0,0.0
2013-12-03 00:00:00-05:00,47.674498499993724,47.81538790868582,46.65472534815661,47.365882873535156,4299300,0.0,0.0
2013-12-04 00:00:00-05:00,46.76205523606261,47.28536519825379,45.84291907898888,46.688255310058594,5377100,0.0,0.0
2013-12-05 00:00:00-05:00,46.842590301173594,47.29880593908892,46.406500995745816,46.78221130371094,3978800,0.0,0.0
2013-12-06 00:00:00-05:00,47.18473684862322,48.64059906813005,46.963337031297975,47.795257568359375,5174200,0.0,0.0
2013-12-09 00:00:00-05:00,48.50640032434005,49.090083998658955,48.10385350517406,48.19107437133789,4297300,0.0,0.0
2013-12-10 00:00:00-05:00,47.80196523495573,48.60034355542751,46.65471868354846,48.04349136352539,4233700,0.0,0.0
2013-12-11 00:00:00-05:00,48.0636229273499,48.09717021720724,47.157902405777286,47.533607482910156,3890300,0.0,0.0
2013-12-12 00:00:00-05:00,47.500073863586714,48.09717887664643,47.25854766520315,47.78185272216797,2773000,0.0,0.0
2013-12-13 00:00:00-05:00,47.801973253430695,48.31856776482848,47.34575772500491,48.03678894042969,2711400,0.0,0.0
2013-12-16 00:00:00-05:00,48.09046329984668,49.15049426729269,47.98982654141352,48.71440505981445,2741600,0.0,0.0
2013-12-17 00:00:00-05:00,48.71440930479462,49.15720391444827,48.472883110947684,48.707698822021484,2438200,0.0,0.0
2013-12-18 00:00:00-05:00,48.68086359186301,49.727478838752056,48.4460478731567,49.63355255126953,3960900,0.0,0.0
2013-12-19 00:00:00-05:00,49.345067245702445,49.90862501673596,48.7747938725291,48.922393798828125,3505000,0.0,0.0
2013-12-20 00:00:00-05:00,49.11022018715062,50.00252463381054,49.009588580727396,49.66707229614258,4906800,0.0,0.0
2013-12-23 00:00:00-05:00,49.982414200331625,50.579519141693375,49.83481430586502,49.922035217285156,2556800,0.0,0.0
2013-12-24 00:00:00-05:00,50.143436431884766,50.297746828421595,49.841531240372014,50.143436431884766,1065000,0.0,0.0
2013-12-26 00:00:00-05:00,50.31786603649008,50.512429066062936,50.10317667947831,50.39837646484375,1187000,0.0,0.0
2013-12-27 00:00:00-05:00,50.41181818606646,50.43865500929272,49.77446026989511,50.15016555786133,1688800,0.0,0.0
2013-12-30 00:00:00-05:00,50.324579367491815,50.720410812460734,50.10988999832599,50.1300163269043,2252200,0.0,0.0
2013-12-31 00:00:00-05:00,50.49901499363175,51.854245903577606,50.438636003075096,51.74689865112305,2993900,0.0,0.0
2014-01-02 00:00:00-05:00,51.77373230097527,51.874369064353054,51.230300944773006,51.290679931640625,2846700,0.0,0.0
2014-01-03 00:00:00-05:00,51.2302860332545,51.65295417409776,51.08939665297342,51.18332290649414,1958200,0.0,0.0
2014-01-06 00:00:00-05:00,51.33092563461491,51.988409445986115,51.25712570006956,51.666378021240234,2815600,0.0,0.0
2014-01-07 00:00:00-05:00,51.70663536287683,52.216524470035026,51.43827240549896,51.67308807373047,4005700,0.0,0.0
2014-01-08 00:00:00-05:00,51.827386853065924,51.93473405946139,51.08939272418494,51.572444915771484,4492200,0.0,0.0
2014-01-09 00:00:00-05:00,51.66639440953585,52.498315159040125,51.579173485445054,52.41780471801758,4187400,0.0,0.0
2014-01-10 00:00:00-05:00,52.59223033010569,53.00148269457695,51.820688735515716,52.3305778503418,3019900,0.0,0.0
2014-01-13 00:00:00-05:00,52.46476380531784,52.46476380531784,50.64661204792596,50.86130142211914,3046300,0.0,0.0
2014-01-14 00:00:00-05:00,51.089392120418104,51.46509710116916,50.8545765074487,51.31749725341797,3359100,0.0,0.0
2014-01-15 00:00:00-05:00,51.3242247968651,51.34435112486856,50.15014122308061,50.68015670776367,3697800,0.0,0.0
2014-01-16 00:00:00-05:00,50.52581326164302,50.80759702506986,50.096434816586196,50.57948684692383,3231900,0.0,0.0
2014-01-17 00:00:00-05:00,50.230653075075494,51.40473668208318,50.21723211029464,51.00218963623047,3901600,0.0,0.0
2014-01-21 00:00:00-05:00,51.00890496961139,51.92804663777539,51.00890496961139,51.592594146728516,2792000,0.0,0.0
2014-01-22 00:00:00-05:00,51.86093725092043,52.0622055971109,51.04913802991598,51.72675323486328,2748300,0.0,0.0
2014-01-23 00:00:00-05:00,52.00855460430018,52.397680742164894,51.01561804672706,51.79386520385742,4105600,0.0,0.0
2014-01-24 00:00:00-05:00,51.136363631315426,51.223579410840344,49.37859124849536,49.94215393066406,4712700,0.0,0.0
2014-01-27 00:00:00-05:00,50.029370756273565,50.7874913379576,49.499355349776835,50.250770568847656,3408300,0.0,0.0
2014-01-28 00:00:00-05:00,49.59327667761146,50.62647058155298,49.59327667761146,50.37152862548828,2792000,0.0,0.0
2014-01-29 00:00:00-05:00,49.667082523057104,51.59258118044401,47.50676820467119,49.76771926879883,5942000,0.0,0.0
2014-01-30 00:00:00-05:00,49.94215270826516,50.297731417329196,49.22428480923103,49.35175323486328,4595300,0.0,0.0
2014-01-31 00:00:00-05:00,49.04313702500933,50.03607832386947,48.80832138228477,49.03642654418945,5799800,0.0,0.0
2014-02-03 00:00:00-05:00,49.056564539617725,49.365180156794416,47.72817068267667,47.875770568847656,5620300,0.0,0.0
2014-02-04 00:00:00-05:00,47.97641278273098,48.137428532069734,46.14484007908358,47.72817611694336,4647500,0.0,0.0
2014-02-05 00:00:00-05:00,47.46653068631733,48.00325675565174,46.366246850921016,47.41285705566406,6071000,0.0,0.0
2014-02-06 00:00:00-05:00,47.83551653922877,49.39201554375488,47.56044310135332,49.17732620239258,5388900,0.0,0.0
2014-02-07 00:00:00-05:00,49.44567097753635,49.93543362738808,48.91566080497124,49.83479690551758,3310400,0.0,0.0
2014-02-10 00:00:00-05:00,49.88176933318358,50.10987961988908,48.325270449453825,48.48628616333008,3743600,0.0,0.0
2014-02-11 00:00:00-05:00,48.50642500630577,49.82139796053014,48.46616723274718,49.707340240478516,3711500,0.0,0.0
2014-02-12 00:00:00-05:00,49.76101625501314,50.0495055728472,49.217584912492484,49.40543746948242,3045200,0.0,0.0
2014-02-13 00:00:00-05:00,49.06818637082536,50.53179976708871,48.98724730368724,50.349693298339844,3234400,0.39,0.0
2014-02-14 00:00:00-05:00,50.228292360455534,51.24675385528912,50.08665283799789,51.21302795410156,2408700,0.0,0.0
2014-02-18 00:00:00-05:00,51.40187707645728,51.92796816496083,50.767867228337785,50.84206008911133,2813700,0.0,0.0
2014-02-19 00:00:00-05:00,50.73415110062251,51.90099320671172,50.599252638804295,50.76787185668945,3700300,0.0,0.0
2014-02-20 00:00:00-05:00,50.599279410453,51.09839626448367,50.417172822960055,50.78139114379883,3164800,0.0,0.0
2014-02-21 00:00:00-05:00,50.63973685178823,51.05116825341689,50.457625171276455,50.55205154418945,3210500,0.0,0.0
2014-02-24 00:00:00-05:00,50.592521117171884,52.45407392871261,50.592521117171884,51.428871154785156,3631400,0.0,0.0
2014-02-25 00:00:00-05:00,51.41538121570484,52.818289389591015,51.19280258264207,52.292198181152344,4201700,0.0,0.0
2014-02-26 00:00:00-05:00,52.23150609544631,52.561998419844144,51.563770089241395,51.77286148071289,3384100,0.0,0.0
2014-02-27 00:00:00-05:00,51.58400166966553,51.79983409732727,50.13387513419557,50.41040802001953,5635900,0.0,0.0
2014-02-28 00:00:00-05:00,50.43738506136688,53.20948571355552,50.1675932545305,50.4913444519043,4209000,0.0,0.0
2014-03-03 00:00:00-05:00,50.34970491113161,51.10511579525262,50.16085219010136,50.4913444519043,2672200,0.0,0.0
2014-03-04 00:00:00-05:00,50.95672943825882,51.395135285800386,50.51831844486712,51.31420135498047,2380300,0.0,0.0
2014-03-05 00:00:00-05:00,51.12535395809035,51.88751104551442,50.88928291311282,51.80657196044922,2815300,0.0,0.0
2014-03-06 00:00:00-05:00,51.92124171078075,53.14204343379346,51.90100307827101,52.70363235473633,3699300,0.0,0.0
2014-03-07 00:00:00-05:00,52.9464298137736,53.135282498053655,52.1707804497522,52.663150787353516,2243500,0.0,0.0
2014-03-10 00:00:00-04:00,52.609205961053426,53.4185763021138,52.48779989530926,53.05436325073242,2371900,0.0,0.0
2014-03-11 00:00:00-04:00,53.03412493060402,53.53998268320904,52.61595248179528,53.337642669677734,3068100,0.0,0.0
2014-03-12 00:00:00-04:00,53.344364999303075,54.15374020671625,53.32413151964138,53.9581413269043,3437700,0.0,0.0
2014-03-13 00:00:00-04:00,54.00537317023457,54.221205604344846,52.42035324981367,52.70363235473633,3439100,0.0,0.0
2014-03-14 00:00:00-04:00,52.629442900839784,53.56022451456615,52.60920941286338,53.07460021972656,2751000,0.0,0.0
2014-03-17 00:00:00-04:00,53.1892639823037,53.769314694133485,53.10832487861169,53.51975631713867,2640700,0.0,0.0
2014-03-18 00:00:00-04:00,53.499503535038144,54.200960076525355,53.22297070238597,54.1942138671875,3002000,0.0,0.0
2014-03-19 00:00:00-04:00,54.12002876934612,54.1267749796522,52.555242458634446,52.899227142333984,2894800,0.0,0.0
2014-03-20 00:00:00-04:00,52.656420143967374,53.256704273241034,52.292201939826406,52.94644546508789,3108200,0.0,0.0
2014-03-21 00:00:00-04:00,54.03909261069088,54.03909261069088,52.48779363842375,52.57547378540039,4624400,0.0,0.0
2014-03-24 00:00:00-04:00,52.85876234735862,53.081335838110746,51.94821431504624,52.2180061340332,3287000,0.0,0.0
2014-03-25 00:00:00-04:00,52.096586297690465,53.10830149199125,52.096586297690465,52.744083404541016,3040600,0.0,0.0
2014-03-26 00:00:00-04:00,52.92620497372281,53.14878359332778,51.88076368468169,52.07636260986328,2657000,0.0,0.0
2014-03-27 00:00:00-04:00,52.1303076430565,52.38660695072303,51.75260231684285,51.84028244018555,3430600,0.0,0.0
2014-03-28 00:00:00-04:00,51.93472771920723,52.20451954172396,51.604235438196014,51.69866180419922,3014100,0.0,0.0
2014-03-31 00:00:00-04:00,52.13705971977297,52.31241998619679,51.84703448425701,51.975181579589844,3071500,0.0,0.0
2014-04-01 00:00:00-04:00,52.0831333550625,53.71536704270447,51.88753433773885,53.67490005493164,4031200,0.0,0.0
2014-04-02 00:00:00-04:00,53.3983358332729,53.620914449008744,52.53500621013437,53.44554901123047,3083000,0.0,0.0
2014-04-03 00:00:00-04:00,53.73558631547055,54.57194157768954,53.73558631547055,54.362850189208984,3319400,0.0,0.0
2014-04-04 00:00:00-04:00,54.63937350676439,54.92265256144913,53.38484609790315,53.66812515258789,3315400,0.0,0.0
2014-04-07 00:00:00-04:00,53.35112327153396,53.924427623597715,52.52826060689751,52.57547378540039,3224400,0.0,0.0
2014-04-08 00:00:00-04:00,52.64965829735297,53.06108956433552,51.94146073227214,52.31241989135742,3338900,0.0,0.0
2014-04-09 00:00:00-04:00,52.62944574168305,53.08809036202709,52.08986716506472,52.831790924072266,2515700,0.0,0.0
2014-04-10 00:00:00-04:00,52.79131291496752,53.5399828021543,51.71215073618289,51.725643157958984,3875400,0.0,0.0
2014-04-11 00:00:00-04:00,51.68515513955838,52.64965716581063,51.38164263902534,51.76609420776367,5550200,0.0,0.0
2014-04-14 00:00:00-04:00,52.00891367530306,52.629431182388785,51.69190871198636,52.615943908691406,2673900,0.0,0.0
2014-04-15 00:00:00-04:00,52.44731931789202,53.08807024287516,51.75935007517453,53.06783676147461,3647700,0.0,0.0
2014-04-16 00:00:00-04:00,53.566957576048154,54.73380495156873,53.03412017359604,54.706825256347656,3800900,0.0,0.0
2014-04-17 00:00:00-04:00,54.41004107924583,54.86868549945553,53.95814286773245,54.146995544433594,4512100,0.0,0.0
2014-04-21 00:00:00-04:00,54.20096755818218,55.408281903810945,54.08630771286146,55.18570327758789,2938800,0.0,0.0
2014-04-22 00:00:00-04:00,54.8552175978493,55.62412099355416,54.45053241261274,55.29362869262695,2987200,0.0,0.0
2014-04-23 00:00:00-04:00,55.20593511697163,55.947858703082595,54.96986922309776,55.50945281982422,2077200,0.0,0.0
2014-04-24 00:00:00-04:00,55.71179995423349,56.015317696012154,55.14524173627525,55.691566467285156,2592200,0.0,0.0
2014-04-25 00:00:00-04:00,55.66457301413046,56.04902460870063,55.3273345927233,55.705039978027344,2544900,0.0,0.0
2014-04-28 00:00:00-04:00,55.90738933655016,56.925850887411286,55.21942516878821,56.68978500366211,3864300,0.0,0.0
2014-04-29 00:00:00-04:00,57.01353704077957,57.229369463793475,56.210907805578984,56.48744583129883,2732500,0.0,0.0
2014-04-30 00:00:00-04:00,56.59538435365377,56.993323431867,56.05580053501101,56.1299934387207,2860200,0.0,0.0
2014-05-01 00:00:00-04:00,56.16368870378494,57.107957384631995,56.042282657021026,56.68978500366211,2602300,0.0,0.0
2014-05-02 00:00:00-04:00,56.64930902556252,57.02701955963971,56.27160363733531,56.33905029296875,2095700,0.0,0.0
2014-05-05 00:00:00-04:00,56.07600740425714,56.649311723217195,55.7455151738202,56.60884475708008,2101300,0.0,0.0
2014-05-06 00:00:00-04:00,56.74375084972157,57.613826838504785,56.426750967196355,56.83143615722656,2669000,0.0,0.0
2014-05-07 00:00:00-04:00,57.10797214546974,57.4991700801396,56.29860172174392,57.35078430175781,2584100,0.0,0.0
2014-05-08 00:00:00-04:00,56.797718944276795,57.161937214829294,55.637617448261906,55.927642822265625,3057500,0.0,0.0
2014-05-09 00:00:00-04:00,55.792738914271936,56.10974393130663,54.51123157015032,55.24641418457031,3687700,0.0,0.0
2014-05-12 00:00:00-04:00,55.738768278590356,56.71001662073642,55.68480889383776,56.34579849243164,3181100,0.0,0.0
2014-05-13 00:00:00-04:00,56.50768491769156,57.15518225091018,56.29859868444375,56.83143615722656,2566700,0.0,0.0
2014-05-14 00:00:00-04:00,56.696548731984805,57.11472642597117,55.95462488111099,56.359310150146484,3143600,0.0,0.0
2014-05-15 00:00:00-04:00,56.32536864283697,56.32536864283697,55.158283950280996,55.64683151245117,11581500,0.5,0.0
2014-05-16 00:00:00-04:00,55.538272382150105,55.891114648029294,55.11758260406966,55.54505920410156,2305200,0.0,0.0
2014-05-19 00:00:00-04:00,55.63326614219921,56.3864428830536,55.54505816579246,56.1353874206543,2907900,0.0,0.0
2014-05-20 00:00:00-04:00,55.945373356997635,56.4814182060871,55.54503901346488,55.61967849731445,2316600,0.0,0.0
2014-05-21 00:00:00-04:00,55.80289328821626,56.06074071617599,54.89365599988635,55.36184310913086,6323700,0.0,0.0
2014-05-22 00:00:00-04:00,55.42969350794087,56.22358061739478,55.361835661189424,55.89788055419922,2433300,0.0,0.0
2014-05-23 00:00:00-04:00,55.877532066887916,56.12180584978714,55.660400390625,55.660400390625,2540600,0.0,0.0
2014-05-27 00:00:00-04:00,55.81647217683973,55.918253793400325,55.27364033973527,55.76218795776367,3004300,0.0,0.0
2014-05-28 00:00:00-04:00,55.673976678333005,56.62392457161355,55.6671898571445,56.311798095703125,3488700,0.0,0.0
2014-05-29 00:00:00-04:00,56.48143110503884,57.275323507578065,56.19644674352611,57.21425247192383,2451600,0.0,0.0
2014-05-30 00:00:00-04:00,57.24138241340019,57.757071989031026,57.11245872528585,57.53315353393555,4139400,0.0,0.0
2014-06-02 00:00:00-04:00,57.668874308516074,57.98100079458809,57.275326672842276,57.83850860595703,2520000,0.0,0.0
2014-06-03 00:00:00-04:00,57.60100850287783,57.79778486430127,57.25495316542098,57.363521575927734,2335700,0.0,0.0
2014-06-04 00:00:00-04:00,57.03782233427983,57.44494870265681,56.69177216871695,56.793548583984375,2449600,0.0,0.0
2014-06-05 00:00:00-04:00,57.04461855794967,57.431384530204056,56.60356837071944,56.67142105102539,3736300,0.0,0.0
2014-06-06 00:00:00-04:00,56.963183735954715,57.40423385737543,56.69177305522833,57.24138641357422,2492800,0.0,0.0
2014-06-09 00:00:00-04:00,57.11923954471442,57.343157976288104,56.549265825874684,56.813899993896484,2308600,0.0,0.0
2014-06-10 00:00:00-04:00,56.725706974826124,56.929270198703875,55.93860654127633,56.2032356262207,2394900,0.0,0.0
2014-06-11 00:00:00-04:00,55.88433736186202,56.42716932038114,55.76898725314621,56.243961334228516,2355300,0.0,0.0
2014-06-12 00:00:00-04:00,56.56963870403075,56.800338828314416,55.93181218682533,56.1828727722168,2879000,0.0,0.0
2014-06-13 00:00:00-04:00,56.182882491185886,56.70535385980366,55.91146657456204,56.65106964111328,4330000,0.0,0.0
2014-06-16 00:00:00-04:00,56.67140930644039,56.75962243170175,56.277861771493576,56.617130279541016,2279700,0.0,0.0
2014-06-17 00:00:00-04:00,56.325361459922405,57.06496435284758,55.9793061180448,57.04460906982422,2965900,0.0,0.0
2014-06-18 00:00:00-04:00,56.915711682462394,57.37033564636977,56.271103263580166,57.33640670776367,2617000,0.0,0.0
2014-06-19 00:00:00-04:00,57.47887240958766,58.04205939887499,57.41780656046887,57.85206985473633,2950200,0.0,0.0
2014-06-20 00:00:00-04:00,58.07598065100138,58.544172848113476,57.84528055069064,58.313472747802734,7281900,0.0,0.0
2014-06-23 00:00:00-04:00,58.52382553016469,58.91059147442139,58.299907042219424,58.57810974121094,2316700,0.0,0.0
2014-06-24 00:00:00-04:00,58.36777266422502,59.066670388607115,57.45174840115151,57.63495635986328,2801900,0.0,0.0
2014-06-25 00:00:00-04:00,54.92757353210484,56.087876472899104,53.712996737137225,55.20577621459961,10144700,0.0,0.0
2014-06-26 00:00:00-04:00,55.58577552147293,55.9521862922592,55.02258830840355,55.70791244506836,5304200,0.0,0.0
2014-06-27 00:00:00-04:00,55.42291862797472,55.687547721469905,54.9750815917041,55.29399490356445,5490200,0.0,0.0
2014-06-30 00:00:00-04:00,55.00221404554966,55.09042717911471,54.316895322098375,54.574737548828125,3392600,0.0,0.0
2014-07-01 00:00:00-04:00,54.690093994140625,54.846159818555066,54.24226216103552,54.690093994140625,3127100,0.0,0.0
2014-07-02 00:00:00-04:00,54.71722072300668,55.307549749230134,54.69007862304886,54.96149444580078,2437000,0.0,0.0
2014-07-03 00:00:00-04:00,55.09720661932749,55.606109408952406,54.96150127949159,55.3007698059082,1712300,0.0,0.0
2014-07-07 00:00:00-04:00,55.18542906523882,55.26006856779655,54.242262816730516,54.62224197387695,2226500,0.0,0.0
2014-07-08 00:00:00-04:00,54.493314556321536,54.64259355130349,53.62478786932915,53.7944221496582,3010600,0.0,0.0
2014-07-09 00:00:00-04:00,54.05227629497484,54.4119001857302,53.285525939306645,54.154052734375,3278400,0.0,0.0
2014-07-10 00:00:00-04:00,53.41444185052976,54.34403437324019,53.394086565627674,54.09976577758789,2722600,0.0,0.0
2014-07-11 00:00:00-04:00,53.9776506341602,54.65618801396445,53.9505085177485,54.479766845703125,2235200,0.0,0.0
2014-07-14 00:00:00-04:00,54.88009383824887,54.89366748299545,54.03192223059081,54.249053955078125,8384700,0.0,0.0
2014-07-15 00:00:00-04:00,54.10654235588025,55.30076900099609,53.889410709207084,55.04292678833008,8653600,0.0,0.0
2014-07-16 00:00:00-04:00,55.10399254545154,55.55182947793341,54.561166018087,54.85293197631836,2888000,0.0,0.0
2014-07-17 00:00:00-04:00,54.55437505045737,54.94792774723343,53.8758380602199,53.97083282470703,2370200,0.0,0.0
2014-07-18 00:00:00-04:00,54.221904101070876,54.98864918806122,53.90977246820772,54.866512298583984,3127200,0.0,0.0
2014-07-21 00:00:00-04:00,54.55436886353476,54.825784664214204,54.28295306285533,54.39152145385742,2102800,0.0,0.0
2014-07-22 00:00:00-04:00,54.78508944453575,55.06329216803778,54.44582086084707,54.62224197387695,2733900,0.0,0.0
2014-07-23 00:00:00-04:00,54.656171934274155,55.456846013960316,54.58831407479382,55.14471435546875,2118400,0.0,0.0
2014-07-24 00:00:00-04:00,55.456856952054174,56.203246962102256,55.165085699955604,55.70791244506836,3517400,0.0,0.0
2014-07-25 00:00:00-04:00,55.735029878657386,56.23036417635086,55.52468506104212,56.081085205078125,2064000,0.0,0.0
2014-07-28 00:00:00-04:00,56.31857265767616,56.31857265767616,55.409335535790454,56.0539436340332,2359500,0.0,0.0
2014-07-29 00:00:00-04:00,56.264304979454046,56.488223504252,55.95896530151368,55.95896530151367,3163300,0.0,0.0
2014-07-30 00:00:00-04:00,55.768963606147,56.596779662307256,55.17184766959754,55.450050354003906,2664700,0.0,0.0
2014-07-31 00:00:00-04:00,55.05651098949865,55.98610886773649,54.66295814964658,55.036155700683594,3120000,0.0,0.0
2014-08-01 00:00:00-04:00,54.70365630475802,54.96828532787348,53.774058725591786,54.64937210083008,4488000,0.0,0.0
2014-08-04 00:00:00-04:00,54.8325746087112,55.66717741623045,54.44580871664778,55.55860900878906,2934400,0.0,0.0
2014-08-05 00:00:00-04:00,55.26005572818629,55.40254787900831,54.67651348568091,54.968284606933594,2735500,0.0,0.0
2014-08-06 00:00:00-04:00,54.79187889049983,56.25073490561248,54.79187889049983,55.830039978027344,2730200,0.0,0.0
2014-08-07 00:00:00-04:00,55.97931499976275,56.33893886177184,55.07685934581279,55.31434631347656,2532100,0.0,0.0
2014-08-08 00:00:00-04:00,55.64003874868747,56.43392586400468,55.17184652214439,56.35250473022461,2290400,0.0,0.0
2014-08-11 00:00:00-04:00,56.6646418567635,56.895342015143996,55.84361248285922,55.90467834472656,2293700,0.0,0.0
2014-08-12 00:00:00-04:00,56.033589356218414,56.27107628210062,55.73503140549408,56.020015716552734,2113300,0.0,0.0
2014-08-13 00:00:00-04:00,56.3613547176632,56.57980937903515,55.95858105165896,56.51154327392578,2411200,0.5,0.0
2014-08-14 00:00:00-04:00,56.62758995755944,57.28295907810679,56.35452556709566,57.13277053833008,2849900,0.0,0.0
2014-08-15 00:00:00-04:00,57.24200461358385,57.59699671262938,57.003070628670656,57.201045989990234,4763500,0.0,0.0
2014-08-18 00:00:00-04:00,57.52873313016678,58.76437226119744,57.52873313016678,58.44351577758789,3347700,0.0,0.0
2014-08-19 00:00:00-04:00,58.44350742589366,58.98281853492199,58.259183204539944,58.77118682861328,2676900,0.0,0.0
2014-08-20 00:00:00-04:00,58.70292419250045,59.24906350716247,58.470818369209915,59.119354248046875,2128300,0.0,0.0
2014-08-21 00:00:00-04:00,59.18760532112853,59.201261665128875,58.71656562050021,58.87357711791992,1767600,0.0,0.0
2014-08-22 00:00:00-04:00,58.743884552028476,58.90089608005699,58.34793383273625,58.77118682861328,1633900,0.0,0.0
2014-08-25 00:00:00-04:00,58.96915801453009,59.46068229219053,58.79166718744035,59.32415008544922,1903500,0.0,0.0
2014-08-26 00:00:00-04:00,59.303686040344466,59.460697597675555,58.88725593171147,59.16714859008789,1869300,0.0,0.0
2014-08-27 00:00:00-04:00,59.18760738839878,59.39241088860378,58.730218807426226,59.01011657714844,1824500,0.0,0.0
2014-08-28 00:00:00-04:00,58.73023939084377,59.33781672379076,58.586878973803934,59.126190185546875,1188200,0.0,0.0
2014-08-29 00:00:00-04:00,59.10570259102717,59.49482515659372,59.016951958359236,59.40607452392578,2150300,0.0,0.0
2014-09-02 00:00:00-04:00,59.33099697210718,59.52896717181365,58.72341439786994,59.358299255371094,2376000,0.0,0.0
2014-09-03 00:00:00-04:00,59.5289631095933,60.061451347589426,59.25589862861615,59.556270599365234,2881000,0.0,0.0
2014-09-04 00:00:00-04:00,59.54260446968365,59.986341952123766,59.07838767716273,59.31049346923828,3332000,0.0,0.0
2014-09-05 00:00:00-04:00,59.35148172384674,59.84300620155203,58.750727269597185,59.740604400634766,2236800,0.0,0.0
2014-09-08 00:00:00-04:00,59.69961010442197,59.802011853107444,59.406061202653916,59.43336868286133,2060200,0.0,0.0
2014-09-09 00:00:00-04:00,59.392439567467065,59.76108292082149,58.67563217899371,59.03062438964844,2486700,0.0,0.0
2014-09-10 00:00:00-04:00,58.798489603076796,58.98964198244812,57.276135199478944,58.12264633178711,4590100,0.0,0.0
2014-09-11 00:00:00-04:00,57.74034930332345,58.10216431850947,57.050849718545265,57.351226806640625,3313500,0.0,0.0
2014-09-12 00:00:00-04:00,57.26247470815766,57.50823682690091,56.35452571163504,56.675376892089844,2782700,0.0,0.0
2014-09-15 00:00:00-04:00,56.68904419084699,57.3580593701919,56.450110198223804,57.27614212036133,2412600,0.0,0.0
2014-09-16 00:00:00-04:00,57.19420845346103,59.17395653418624,57.003061296822764,58.55955123901367,5220300,0.0,0.0
2014-09-17 00:00:00-04:00,58.66879869754529,58.969170658454644,58.225061117936924,58.498130798339844,4135200,0.0,0.0
2014-09-18 00:00:00-04:00,58.511762499748414,58.97597923969947,58.279656733957495,58.6346435546875,3497400,0.0,0.0
2014-09-19 00:00:00-04:00,58.73706076260583,58.96916658949153,58.423032474740744,58.539085388183594,3614200,0.0,0.0
2014-09-22 00:00:00-04:00,58.36840160628609,58.38888091386151,57.132768104456886,57.235164642333984,2576400,0.0,0.0
2014-09-23 00:00:00-04:00,57.24202631226082,57.92469807557549,56.75732998531207,56.83925247192383,2168700,0.0,0.0
2014-09-24 00:00:00-04:00,56.62759458640162,56.89383603472543,55.71281734515977,56.450103759765625,2514100,0.0,0.0
2014-09-25 00:00:00-04:00,56.54568172266917,56.54568172266917,55.80156707763672,55.80156707763672,2420500,0.0,0.0
2014-09-26 00:00:00-04:00,55.7059801603079,56.33403654149816,55.7059801603079,56.13606643676758,3274500,0.0,0.0
2014-09-29 00:00:00-04:00,55.54899513265149,56.183879988025836,55.35101972523675,55.822059631347656,2073500,0.0,0.0
2014-09-30 00:00:00-04:00,55.637735393710926,55.89714872666805,55.07794489010904,55.508026123046875,5197200,0.0,0.0
2014-10-01 00:00:00-04:00,55.50804146206061,55.979086662854044,54.313365832060676,54.36115264892578,4192300,0.0,0.0
2014-10-02 00:00:00-04:00,54.05392978988863,54.19729018044528,51.84207557957563,53.084537506103516,8948800,0.0,0.0
2014-10-03 00:00:00-04:00,53.405384260113465,53.43951470403503,52.59300365258865,53.00260543823242,4846200,0.0,0.0
2014-10-06 00:00:00-04:00,53.04358721297066,53.33031327563747,52.36091553605535,52.80465316772461,2580100,0.0,0.0
2014-10-07 00:00:00-04:00,52.96849291184025,53.79453022427474,52.668120915690174,52.80465316772461,3654200,0.0,0.0
2014-10-08 00:00:00-04:00,53.13231377566962,54.07439838768501,52.238010742669104,54.04026794433594,4384500,0.0,0.0
2014-10-09 00:00:00-04:00,53.9105664392601,54.18363606700942,52.265325708138704,52.299461364746094,3570400,0.0,0.0
2014-10-10 00:00:00-04:00,52.395035145497815,53.064055475520505,51.07065083149349,52.10148620605469,4702000,0.0,0.0
2014-10-13 00:00:00-04:00,51.86938361622096,52.661279859388074,49.73261845678074,49.86915588378906,5176000,0.0,0.0
2014-10-14 00:00:00-04:00,50.190012969268274,50.62692757825742,47.862105557383856,48.18978500366211,9368900,0.0,0.0
2014-10-15 00:00:00-04:00,47.664125302791916,48.37410430836886,45.220160011966165,46.3465690612793,11400000,0.0,0.0
2014-10-16 00:00:00-04:00,46.053027676645804,48.14200120420138,45.13825018964633,47.58903884887695,8930400,0.0,0.0
2014-10-17 00:00:00-04:00,48.25803812559085,49.937408977300755,47.91670245959203,49.29569625854492,8218500,0.0,0.0
2014-10-20 00:00:00-04:00,48.988511233512284,49.76675637347158,48.92024512109614,49.39128494262695,3495500,0.0,0.0
2014-10-21 00:00:00-04:00,50.75662941243427,52.620325061746364,49.78723704785233,52.43600082397461,6745200,0.0,0.0
2014-10-22 00:00:00-04:00,52.395043719497345,52.94118306637137,51.439302466653196,51.466609954833984,5186800,0.0,0.0
2014-10-23 00:00:00-04:00,52.169756522737195,52.613494054234415,51.85572824725141,51.96495819091797,3218500,0.0,0.0
2014-10-24 00:00:00-04:00,51.985438732440144,52.2721595287887,51.09796364846166,52.21754455566406,2924800,0.0,0.0
2014-10-27 00:00:00-04:00,51.644090909427995,51.95811911904585,50.879497089248034,51.528038024902344,4295500,0.0,0.0
2014-10-28 00:00:00-04:00,51.780632419494864,53.05723000409794,51.31641558949104,52.927520751953125,7580200,0.0,0.0
2014-10-29 00:00:00-04:00,53.630668751265425,53.910566552598645,51.61679000807402,52.14927291870117,4319500,0.0,0.0
2014-10-30 00:00:00-04:00,52.12195341793891,52.95481324853695,51.630429241955234,52.83876037597656,3747000,0.0,0.0
2014-10-31 00:00:00-04:00,53.04357097787222,53.767206275611336,52.32676906152636,53.5897102355957,3848500,0.0,0.0
2014-11-03 00:00:00-05:00,53.562414159942165,53.82865567248646,52.14245595412519,52.347259521484375,5523700,0.0,0.0
2014-11-04 00:00:00-05:00,51.896682243137704,52.18340821550338,50.162701313237726,50.852195739746094,6013000,0.0,0.0
2014-11-05 00:00:00-05:00,51.13209523295256,52.135623148550515,50.299235188487046,51.022865295410156,5429500,0.0,0.0
2014-11-06 00:00:00-05:00,51.32323993035048,51.63726817302537,50.73614206541097,51.48707962036133,4054400,0.0,0.0
2014-11-07 00:00:00-05:00,51.4051667649082,51.603136919359784,50.708838908311265,50.99555969238281,5464000,0.0,0.0
2014-11-10 00:00:00-05:00,51.20035977971634,51.60996161628008,50.777101597190835,50.85902404785156,3332200,0.0,0.0
2014-11-11 00:00:00-05:00,51.12526234210459,51.30275837004725,49.992030490708295,50.27192306518555,3976000,0.0,0.0
2014-11-12 00:00:00-05:00,50.15507637881514,51.00737439891279,50.07259389533148,50.203189849853516,3703800,0.5,0.0
2014-11-13 00:00:00-05:00,49.921375479591816,49.98323864929314,48.26489301500212,48.68416976928711,5418400,0.0,0.0
2014-11-14 00:00:00-05:00,48.759800132594144,49.37840065420223,48.663573151722794,49.337162017822266,7638900,0.0,0.0
2014-11-17 00:00:00-05:00,49.34401924990596,50.25818048569135,49.34401924990596,50.02448272705078,4327600,0.0,0.0
2014-11-18 00:00:00-05:00,50.27880973728933,51.234209783622305,50.05198678540346,50.83555221557617,4730000,0.0,0.0
2014-11-19 00:00:00-05:00,50.95927202499459,52.292710289826545,50.71870461741568,52.07963180541992,4721100,0.0,0.0
2014-11-20 00:00:00-05:00,51.907796700113636,53.60552348656023,51.8940522386582,53.49555206298828,4789900,0.0,0.0
2014-11-21 00:00:00-05:00,54.30658825272551,55.206999543741084,53.76359048941895,54.58839416503906,5331200,0.0,0.0
2014-11-24 00:00:00-05:00,54.389065473903194,54.91831878167143,54.34095201355825,54.58839416503906,2976700,0.0,0.0
2014-11-25 00:00:00-05:00,54.82210607811136,55.103912063506236,54.3134719437324,54.67089080810547,3458700,0.0,0.0
2014-11-26 00:00:00-05:00,54.69152392253202,54.74651226077199,54.093537543119545,54.49219512939453,4383900,0.0,0.0
2014-11-28 00:00:00-05:00,53.894187751125266,54.02477843588565,50.01072609051819,50.189430236816406,5301900,0.0,0.0
2014-12-01 00:00:00-05:00,50.17569706611243,50.67745634412264,48.84913390652333,49.39213180541992,7524300,0.0,0.0
2014-12-02 00:00:00-05:00,49.31653402543331,51.062374326133465,49.31653402543331,50.69808578491211,5166700,0.0,0.0
2014-12-03 00:00:00-05:00,50.73243333596447,51.72907692091245,50.71868887864344,51.43352127075195,3270600,0.0,0.0
2014-12-04 00:00:00-05:00,51.08986231595544,51.71533750597546,50.60185270238636,51.52975845336914,3904000,0.0,0.0
2014-12-05 00:00:00-05:00,51.42664102489488,51.68095803243712,50.12069746947294,50.189430236816406,4252400,0.0,0.0
2014-12-08 00:00:00-05:00,49.646441628648084,49.92137271975568,47.22700817269562,47.37822341918945,6709000,0.0,0.0
2014-12-09 00:00:00-05:00,47.123930282050914,47.51571305387395,46.43659171787175,47.2957649230957,5270200,0.0,0.0
2014-12-10 00:00:00-05:00,46.48469869964667,46.979583235607095,45.65301978270398,46.12728500366211,5589700,0.0,0.0
2014-12-11 00:00:00-05:00,46.12727291609864,46.82148605512459,45.79047862337268,45.92794418334961,4743700,0.0,0.0
2014-12-12 00:00:00-05:00,45.570526434928446,46.13414356991483,44.890057816220576,45.14437484741211,4427800,0.0,0.0
2014-12-15 00:00:00-05:00,45.81110100676248,46.340349216557144,44.58763961136219,44.73884963989258,9156000,0.0,0.0
2014-12-16 00:00:00-05:00,44.40205905840558,47.172031938131354,44.00340153263504,46.079166412353516,6209400,0.0,0.0
2014-12-17 00:00:00-05:00,45.900454339833935,47.52944812305178,45.79048293030377,46.9864501953125,4530100,0.0,0.0
2014-12-18 00:00:00-05:00,48.04495822670392,48.319894652769015,45.93482941591676,47.44697189331055,5258500,0.0,0.0
2014-12-19 00:00:00-05:00,47.838759166582875,49.412764981107436,47.48134544933495,49.3577766418457,6677000,0.0,0.0
2014-12-22 00:00:00-05:00,48.84225876157514,49.24779109243028,48.31988542023568,48.959110260009766,3540100,0.0,0.0
2014-12-23 00:00:00-05:00,49.13780128176032,49.9901043357833,49.00721060339735,49.873252868652344,3717500,0.0,0.0
2014-12-24 00:00:00-05:00,49.55710220336914,49.89389658240058,49.01410418755648,49.55710220336914,2090100,0.0,0.0
2014-12-26 00:00:00-05:00,49.722048824883075,50.40938710718873,49.5570891054427,49.93512725830078,1842900,0.0,0.0
2014-12-29 00:00:00-05:00,50.182575031151345,50.43001725977255,49.557094607699,50.051979064941406,2980000,0.0,0.0
2014-12-30 00:00:00-05:00,50.03823884109855,50.59498128063945,49.61896198732855,50.1207160949707,3144000,0.0,0.0
2014-12-31 00:00:00-05:00,49.96949238423999,50.19631528212006,49.2546651659105,49.28215408325195,2565400,0.0,0.0
2015-01-02 00:00:00-05:00,49.22031177617096,49.79767361515189,48.76666583642016,49.68770217895508,2545200,0.0,0.0
2015-01-05 00:00:00-05:00,48.96598418276333,49.206551564314594,46.14789790464361,46.68402099609375,5886000,0.0,0.0
2015-01-06 00:00:00-05:00,46.505326070132575,47.26139738179137,45.37808609008789,45.37808609008789,5793500,0.0,0.0
2015-01-07 00:00:00-05:00,45.89357134961999,46.663392055719584,45.295590445144214,45.577396392822266,5556700,0.0,0.0
2015-01-08 00:00:00-05:00,46.12040596484338,47.357617192456814,45.77673676205919,47.35074234008789,5432700,0.0,0.0
2015-01-09 00:00:00-05:00,46.95208217193511,47.08267813973796,45.84546698154147,46.26474380493164,4438000,0.0,0.0
2015-01-12 00:00:00-05:00,45.69426304761701,45.72175197126943,43.87281508303191,44.15462112426758,5232300,0.0,0.0
2015-01-13 00:00:00-05:00,44.20273597942801,44.53266075724259,42.181961791746026,42.27131652832031,8886400,0.0,0.0
2015-01-14 00:00:00-05:00,41.68019792933815,41.91389307773038,39.405109624977705,40.841644287109375,11611100,0.0,0.0
2015-01-15 00:00:00-05:00,41.40526641199566,41.58397324250364,40.333017562984054,40.61482620239258,5531100,0.0,0.0
2015-01-16 00:00:00-05:00,40.552964338884074,41.982629424978555,40.552964338884074,41.810794830322266,4978600,0.0,0.0
2015-01-20 00:00:00-05:00,42.47063818979911,43.79032659164638,41.98950081004688,43.72846603393555,7995200,0.0,0.0
2015-01-21 00:00:00-05:00,44.17523856156084,45.79048806624751,43.78345848844905,45.536170959472656,7109000,0.0,0.0
2015-01-22 00:00:00-05:00,45.94169393340391,46.45719770865652,45.34371291025526,46.26474380493164,5501500,0.0,0.0
2015-01-23 00:00:00-05:00,46.37472945326446,47.55695251279089,46.03106020312196,47.096431732177734,4667600,0.0,0.0
2015-01-26 00:00:00-05:00,47.178913933280015,47.45385038040166,46.47095612162597,47.013954162597656,4149700,0.0,0.0
2015-01-27 00:00:00-05:00,46.53281612736703,47.96248152045487,46.40909498288872,47.83876037597656,4407900,0.0,0.0
2015-01-28 00:00:00-05:00,47.976214423062146,48.154918601621134,46.95895145322464,46.99332046508789,6039300,0.0,0.0
2015-01-29 00:00:00-05:00,48.07932497209095,48.58795922711877,47.18578808716039,48.44361877441406,5810100,0.0,0.0
2015-01-30 00:00:00-05:00,47.92809874085645,48.986595036923106,47.31636287056834,48.33362579345703,5793200,0.0,0.0
2015-02-02 00:00:00-05:00,49.014096778526536,50.03823471069336,48.16179868035276,50.03823471069336,4818900,0.0,0.0
2015-02-03 00:00:00-05:00,50.67058572160629,51.50913937611628,50.402524175522025,51.4678955078125,6683000,0.0,0.0
2015-02-04 00:00:00-05:00,50.74619481953778,51.63973158415432,50.017612556971066,51.1517219543457,5353000,0.0,0.0
2015-02-05 00:00:00-05:00,51.75659204425795,52.16211924917482,51.089872848670986,51.69472885131836,3014400,0.0,0.0
2015-02-06 00:00:00-05:00,51.77033811730215,52.663880308163996,51.61912280094305,52.306461334228516,3592200,0.0,0.0
2015-02-09 00:00:00-05:00,52.42330591888185,52.66387859287768,52.02465356798297,52.189613342285156,2783100,0.0,0.0
2015-02-10 00:00:00-05:00,51.687841101661974,52.14148692344444,50.75306053917874,52.01089096069336,3340600,0.0,0.0
2015-02-11 00:00:00-05:00,51.50226988051557,51.55725821465587,50.4093990263758,50.9936408996582,4125600,0.0,0.0
2015-02-12 00:00:00-05:00,51.71330991843204,52.121588549524155,51.26350757873884,51.97626876831055,2812700,0.5,0.0
2015-02-13 00:00:00-05:00,52.42609118270644,53.041972753965645,52.12160850763606,53.02121353149414,3479200,0.0,0.0
2015-02-17 00:00:00-05:00,52.855106594010934,53.477909399662686,52.502189403771474,53.21495056152344,3523800,0.0,0.0
2015-02-18 00:00:00-05:00,52.599091320603435,53.014291605375895,52.2323309810618,52.55756759643555,3997800,0.0,0.0
2015-02-19 00:00:00-05:00,52.225395072973384,53.89311725260817,51.85863483461023,53.58171844482422,4599000,0.0,0.0
2015-02-20 00:00:00-05:00,53.6439964624475,54.09379884976419,52.77899390205256,53.51943588256836,4566600,0.0,0.0
2015-02-23 00:00:00-05:00,53.111167082389954,54.986492348429714,53.111167082389954,54.89653396606445,3785500,0.0,0.0
2015-02-24 00:00:00-05:00,55.15947581022083,55.408596939143536,54.20451500238778,55.36015701293945,4442900,0.0,0.0
2015-02-25 00:00:00-05:00,55.27712047180531,55.768441281478815,54.6058829349093,54.730438232421875,2959700,0.0,0.0
2015-02-26 00:00:00-05:00,54.66125686154986,55.48474123773331,54.23913506195651,55.40169906616211,4279900,0.0,0.0
2015-02-27 00:00:00-05:00,55.42938565880927,55.66466919672673,54.28066453468625,54.29450225830078,4296600,0.0,0.0
2015-03-02 00:00:00-05:00,54.29449468695894,54.29449468695894,52.709808936359224,53.28417205810547,5976200,0.0,0.0
2015-03-03 00:00:00-05:00,53.650913648502936,54.239114286377934,53.616316716602185,54.03843307495117,3361500,0.0,0.0
2015-03-04 00:00:00-05:00,53.768552887099546,54.031517024054025,53.3395150292159,53.9484748840332,2199900,0.0,0.0
2015-03-05 00:00:00-05:00,54.11456101154508,54.21836238035295,53.1872807505238,53.20111846923828,2721700,0.0,0.0
2015-03-06 00:00:00-05:00,52.70286122860825,53.491742882289564,51.99701641454292,52.14925765991211,3681700,0.0,0.0
2015-03-09 00:00:00-04:00,52.20464211336823,53.609405585454255,52.20464211336823,52.792842864990234,3630500,0.0,0.0
2015-03-10 00:00:00-04:00,52.48142659375568,52.48142659375568,51.22198322618191,51.228904724121094,3496400,0.0,0.0
2015-03-11 00:00:00-04:00,51.401909244471945,51.9001515440236,51.318872380917625,51.58875274658203,2422400,0.0,0.0
2015-03-12 00:00:00-04:00,51.96935655650797,52.52988184655428,51.21507680311162,51.318878173828125,2960800,0.0,0.0
2015-03-13 00:00:00-04:00,51.30503805476574,51.734081280680456,50.88983782815389,51.651039123535156,2848900,0.0,0.0
2015-03-16 00:00:00-04:00,51.42959783103649,52.81360208405637,51.24967579986788,52.792842864990234,2471600,0.0,0.0
2015-03-17 00:00:00-04:00,52.30844636966046,52.792851101526715,51.720245526269636,52.55756759643555,2634300,0.0,0.0
2015-03-18 00:00:00-04:00,52.34302554853505,54.384429129655025,52.14234435534319,54.0591926574707,4731200,0.0,0.0
2015-03-19 00:00:00-04:00,53.43641131657742,53.88621380743721,53.06965099127198,53.63709259033203,2647400,0.0,0.0
2015-03-20 00:00:00-04:00,53.76856028909715,54.585122966599705,53.28416093784859,54.571285247802734,5172300,0.0,0.0
2015-03-23 00:00:00-04:00,54.66814100613577,55.00722040245549,54.33597782638559,54.342899322509766,2747400,0.0,0.0
2015-03-24 00:00:00-04:00,54.23911718386373,54.342918544223565,53.547115154206885,53.720115661621094,2198400,0.0,0.0
2015-03-25 00:00:00-04:00,54.384428533171366,55.41551519856093,54.204511834673966,54.66815185546875,4135100,0.0,0.0
2015-03-26 00:00:00-04:00,55.152558384488806,55.31172117065737,54.25295893434051,54.2806396484375,2035800,0.0,0.0
2015-03-27 00:00:00-04:00,54.39828180762507,54.5574393232602,53.505598525725816,53.70627975463867,1979000,0.0,0.0
2015-03-30 00:00:00-04:00,54.15607985812837,55.387842615701125,54.0799592131497,55.05567932128906,3035700,0.0,0.0
2015-03-31 00:00:00-04:00,54.28757510061137,54.938058913456736,54.252978155400214,54.39137649536133,2715700,0.0,0.0
2015-04-01 00:00:00-04:00,54.71658670140024,55.56775130975265,54.62662836049925,55.31863021850586,3257500,0.0,0.0
2015-04-02 00:00:00-04:00,54.861918428720706,55.40860064937677,53.93463827084894,54.09379577636719,4424700,0.0,0.0
2015-04-06 00:00:00-04:00,54.315253467329235,54.89653808496732,53.85161324106661,54.35677719116211,3260600,0.0,0.0
2015-04-07 00:00:00-04:00,54.419029644828576,54.56434941202085,53.76854616158695,53.816986083984375,2776100,0.0,0.0
2015-04-08 00:00:00-04:00,54.01768350445113,54.52976887175192,53.40180204335965,53.56788635253906,2352500,0.0,0.0
2015-04-09 00:00:00-04:00,53.477901580597056,53.91386612058833,53.14574365251855,53.844661712646484,3572700,0.0,0.0
2015-04-10 00:00:00-04:00,53.976174258729394,54.34985609868295,53.67169158627285,54.21145248413086,2306300,0.0,0.0
2015-04-13 00:00:00-04:00,54.28756634372003,54.30833084296719,52.88972432918294,53.23572540283203,3996800,0.0,0.0
2015-04-14 00:00:00-04:00,53.68551999631077,54.14223860130589,53.47791727068604,53.8585205078125,3443900,0.0,0.0
2015-04-15 00:00:00-04:00,53.94155076227695,54.79271549753484,53.906953831951455,54.62663650512695,2989800,0.0,0.0
2015-04-16 00:00:00-04:00,54.543615549044404,54.99341805438696,54.066132320959134,54.83425521850586,2545700,0.0,0.0
2015-04-17 00:00:00-04:00,54.43980427577228,54.51592492960647,53.80316360693822,53.98308563232422,2411000,0.0,0.0
2015-04-20 00:00:00-04:00,54.15607643202312,55.124880259915514,54.05919657718949,54.87575912475586,2620100,0.0,0.0
2015-04-21 00:00:00-04:00,54.875773280465815,55.11105148016648,54.460567761722906,55.0141716003418,2458100,0.0,0.0
2015-04-22 00:00:00-04:00,55.304808785303194,56.1006122881648,54.90344628409546,55.99681091308594,2822400,0.0,0.0
2015-04-23 00:00:00-04:00,56.149036050798486,56.55039843638379,55.94143336044589,56.21131896972656,2919000,0.0,0.0
2015-04-24 00:00:00-04:00,56.315152239504656,56.63347270333365,55.98299405096971,56.460472106933594,2067000,0.0,0.0
2015-04-27 00:00:00-04:00,56.65421260556474,56.6957310412109,56.059090390037426,56.100608825683594,2040000,0.0,0.0
2015-04-28 00:00:00-04:00,56.211307274790485,56.737224829701695,56.086746742405275,56.474266052246094,2265000,0.0,0.0
2015-04-29 00:00:00-04:00,56.34973091239333,56.70265345977918,55.97604914684779,56.05216979980469,2855600,0.0,0.0
2015-04-30 00:00:00-04:00,55.98296106099043,56.16979927199528,54.59895710536424,54.88267517089844,4829400,0.0,0.0
2015-05-01 00:00:00-04:00,54.951864238253215,56.508868253291006,54.76502079989809,56.474266052246094,3061900,0.0,0.0
2015-05-04 00:00:00-04:00,56.744169326510544,56.875651408310624,55.87224524638827,55.941444396972656,2833700,0.0,0.0
2015-05-05 00:00:00-04:00,56.12136475267928,56.3289674778506,55.602363219307605,55.66464614868164,2279300,0.0,0.0
2015-05-06 00:00:00-04:00,55.74076330164103,55.84455937816326,55.090279731134856,55.235599517822266,3398700,0.0,0.0
2015-05-07 00:00:00-04:00,55.22175038074935,55.443190764129255,54.60586914948788,55.31863021850586,4047600,0.0,0.0
2015-05-08 00:00:00-04:00,55.636965291405865,56.61960692498892,54.97264396393182,56.48812484741211,3008900,0.0,0.0
2015-05-11 00:00:00-04:00,56.73033714675757,56.73033714675757,55.54009263409898,55.73385238647461,2406400,0.0,0.0
2015-05-12 00:00:00-04:00,55.55393543001843,55.91377952836037,55.117975947337214,55.7061767578125,2245800,0.0,0.0
2015-05-13 00:00:00-04:00,56.01756595599074,56.17672875652012,55.436286746176016,55.89300537109375,2343100,0.0,0.0
2015-05-14 00:00:00-04:00,56.03237506000132,56.91735112004809,56.02540523755209,56.88250732421875,2658400,0.56,0.0
2015-05-15 00:00:00-04:00,56.81981767370634,56.81981767370634,56.345970568919334,56.478370666503906,2046500,0.0,0.0
2015-05-18 00:00:00-04:00,56.52015010609449,56.83372296851026,56.10901568933686,56.67345428466797,2015000,0.0,0.0
2015-05-19 00:00:00-04:00,56.373824983090635,56.513189541121584,55.90694786562813,56.23445510864258,2549200,0.0,0.0
2015-05-20 00:00:00-04:00,56.262343549742624,56.5968260180032,55.84424445173075,56.109039306640625,2551000,0.0,0.0
2015-05-21 00:00:00-04:00,56.22749908512493,56.70831060436243,55.9348249628376,56.44351577758789,2289400,0.0,0.0
2015-05-22 00:00:00-04:00,56.17870917205815,56.4992518898156,56.10205707472302,56.42259979248047,1735000,0.0,0.0
2015-05-26 00:00:00-04:00,55.86513066182427,56.01146503329582,54.95925045989319,55.300697326660156,3202900,0.0,0.0
2015-05-27 00:00:00-04:00,55.62126573787385,56.011490908735674,54.95927584924479,55.1822624206543,3368500,0.0,0.0
2015-05-28 00:00:00-04:00,55.00804531193304,55.51673085558743,54.3390857033077,55.44007873535156,3302200,0.0,0.0
2015-05-29 00:00:00-04:00,55.44006791793341,56.12296704231043,54.98016060267325,55.13346481323242,3734300,0.0,0.0
2015-06-01 00:00:00-04:00,55.43311303844775,55.92089441456198,55.18921703397237,55.29374313354492,3007400,0.0,0.0
2015-06-02 00:00:00-04:00,55.31464225681249,55.398264192145,54.68052652556544,55.119529724121094,3281600,0.0,0.0
2015-06-03 00:00:00-04:00,54.9034890191722,54.95226713100706,54.15787770031611,54.562042236328125,3198400,0.0,0.0
2015-06-04 00:00:00-04:00,54.1509195712596,54.40178000526322,53.781598742425544,53.920963287353516,2623000,0.0,0.0
2015-06-05 00:00:00-04:00,53.82342056792795,54.778084421473814,53.774642433304024,54.38785934448242,1934400,0.0,0.0
2015-06-08 00:00:00-04:00,53.73281901654038,54.18576174866426,53.54467103844416,53.78159713745117,3344500,0.0,0.0
2015-06-09 00:00:00-04:00,53.893100973309046,54.220613572795976,53.468037424403484,53.50984573364258,3383300,0.0,0.0
2015-06-10 00:00:00-04:00,53.941873716712,54.59689346926525,53.78159970240906,54.21363830566406,3600200,0.0,0.0
2015-06-11 00:00:00-04:00,54.33906623470083,55.251916209557784,53.99064956442975,54.81987762451172,3126400,0.0,0.0
2015-06-12 00:00:00-04:00,54.464509809434055,54.58993473774002,53.614372074797295,54.10912322998047,2574600,0.0,0.0
2015-06-15 00:00:00-04:00,54.1439675348646,54.41573220823786,53.7676820766696,54.40876770019531,2546600,0.0,0.0
2015-06-16 00:00:00-04:00,54.35299891948541,54.65960728131009,53.844308257041405,54.62476348876953,2511000,0.0,0.0
2015-06-17 00:00:00-04:00,55.154368848308714,55.50975539780718,54.29726136220472,54.93834686279297,2799100,0.0,0.0
2015-06-18 00:00:00-04:00,54.98712809188654,56.08115635594776,54.91047598986045,55.767578125,2508100,0.0,0.0
2015-06-19 00:00:00-04:00,55.453988307405155,56.17869548612299,55.453988307405155,55.516700744628906,3030700,0.0,0.0
2015-06-22 00:00:00-04:00,55.760606220976555,55.760606220976555,55.00803019090835,55.46793746948242,3153000,0.0,0.0
2015-06-23 00:00:00-04:00,55.607322403068544,56.16478608315739,55.440078514265366,55.962703704833984,2453100,0.0,0.0
2015-06-24 00:00:00-04:00,55.53764377993807,55.830317974503664,55.02198833038221,55.1822624206543,3106400,0.0,0.0
2015-06-25 00:00:00-04:00,55.182234810253355,55.41218577578725,54.91047022846338,54.973182678222656,2347100,0.0,0.0
2015-06-26 00:00:00-04:00,54.910484532917614,55.51672630418582,54.743240657158566,55.48188781738281,8753600,0.0,0.0
2015-06-29 00:00:00-04:00,54.87564002738767,55.335552705212066,54.673557667411906,54.694461822509766,4888300,0.0,0.0
2015-06-30 00:00:00-04:00,55.2170743962275,56.69436304506718,55.175266095548864,56.13689422607422,4628100,0.0,0.0
2015-07-01 00:00:00-04:00,56.192644778575406,57.04278237459825,56.109022856921435,56.652557373046875,3779600,0.0,0.0
2015-07-02 00:00:00-04:00,56.771038801925165,57.26579005968856,56.44352613299558,56.75709915161133,3388900,0.0,0.0
2015-07-06 00:00:00-04:00,56.0184605876294,56.99402882864828,55.57248744597834,56.819820404052734,3978700,0.0,0.0
2015-07-07 00:00:00-04:00,57.12639520959776,57.57933259303167,55.69091502316169,57.384220123291016,4170700,0.0,0.0
2015-07-08 00:00:00-04:00,57.03581056871509,57.042780391048126,54.39481144466966,54.701419830322266,4513100,0.0,0.0
2015-07-09 00:00:00-04:00,55.46793320004557,55.746667601335545,55.18223429312531,55.363407135009766,3839200,0.0,0.0
2015-07-10 00:00:00-04:00,55.64911376868376,57.02884087438387,55.50974922021071,56.784950256347656,3236100,0.0,0.0
2015-07-13 00:00:00-04:00,57.17517874495038,58.701240172983454,57.17517874495038,58.12983703613281,4148900,0.0,0.0
2015-07-14 00:00:00-04:00,57.76050564874285,58.80575548721654,57.76050564874285,58.19950866699219,4884500,0.0,0.0
2015-07-15 00:00:00-04:00,57.690849019305915,58.08107409777856,56.73618516213624,56.98007583618164,3737700,0.0,0.0
2015-07-16 00:00:00-04:00,57.43301379461268,58.143786917062044,57.15427934103287,57.98351287841797,3017300,0.0,0.0
2015-07-17 00:00:00-04:00,57.98352470561604,58.046242495762684,57.21003896445854,58.00442886352539,2502100,0.0,0.0
2015-07-20 00:00:00-04:00,57.92776387359836,58.011385803080636,57.30758251675269,57.37030029296875,3095200,0.0,0.0
2015-07-21 00:00:00-04:00,57.34939411093808,57.83717539128565,56.7779909040664,57.126407623291016,2215000,0.0,0.0
2015-07-22 00:00:00-04:00,57.028853240352255,57.73962641437029,56.58288020883493,57.021888732910156,3725600,0.0,0.0
2015-07-23 00:00:00-04:00,57.21698805508288,57.474818314176346,56.59680678522516,56.715267181396484,2110100,0.0,0.0
2015-07-24 00:00:00-04:00,56.680423110997886,56.83372730125859,54.562054369046834,55.07073974609375,5377100,0.0,0.0
2015-07-27 00:00:00-04:00,54.35300935456039,54.38088333066102,52.56911741545914,53.461063385009766,7687900,0.0,0.0
2015-07-28 00:00:00-04:00,53.51682428640292,55.09863426883011,53.25202410758332,54.805965423583984,4784200,0.0,0.0
2015-07-29 00:00:00-04:00,54.73626763369518,55.87210420198259,54.65961553166909,55.767578125,4380000,0.0,0.0
2015-07-30 00:00:00-04:00,55.39128978879343,55.732742009190616,54.6178042292757,55.13346481323242,4040100,0.0,0.0
2015-07-31 00:00:00-04:00,54.68052815071179,56.185685816506854,54.2903030737312,55.39826583862305,3615800,0.0,0.0
2015-08-03 00:00:00-04:00,54.819881068673354,55.89997494093921,54.527212323198135,54.82685089111328,4085500,0.0,0.0
2015-08-04 00:00:00-04:00,55.126486974192,55.35644325659298,54.41571397702835,54.5341796875,3601300,0.0,0.0
2015-08-05 00:00:00-04:00,55.44703432994415,56.06024581803841,54.485406136165594,54.548118591308594,3102700,0.0,0.0
2015-08-06 00:00:00-04:00,54.66658928955917,55.649127136490655,54.31120801065963,55.49582290649414,4605300,0.0,0.0
2015-08-07 00:00:00-04:00,55.237991827672026,56.17175152653055,55.02894495760014,55.48188781738281,2969400,0.0,0.0
2015-08-10 00:00:00-04:00,55.79543856769048,57.509647738633454,55.74666045245122,57.50267791748047,3876700,0.0,0.0
2015-08-11 00:00:00-04:00,56.49228131547556,58.401603268189874,56.37382091804956,58.324951171875,3584100,0.0,0.0
2015-08-12 00:00:00-04:00,58.09501404882806,59.12632470914962,57.23093663281834,58.75700378417969,5037900,0.0,0.0
2015-08-13 00:00:00-04:00,58.36414771345097,59.20594154752498,57.86608890380515,58.279972076416016,4177400,0.56,0.0
2015-08-14 00:00:00-04:00,58.013411242785914,58.588634716428466,57.396099943645126,57.732818603515625,3277000,0.0,0.0
2015-08-17 00:00:00-04:00,57.46624844823403,58.31505349663064,57.28386430200643,58.26594924926758,2586100,0.0,0.0
2015-08-18 00:00:00-04:00,57.99937679219464,58.62370443799185,57.7889269860325,58.399227142333984,2516800,0.0,0.0
2015-08-19 00:00:00-04:00,58.01341513571412,58.17476073088684,56.37894202963511,56.68058395385742,4913600,0.0,0.0
2015-08-20 00:00:00-04:00,56.28771241900994,57.36801066135766,55.71248923562571,55.78965377807617,3737800,0.0,0.0
2015-08-21 00:00:00-04:00,55.200424866017315,55.474006405452535,53.081915350641935,53.131019592285156,7353200,0.0,0.0
2015-08-24 00:00:00-04:00,50.45833287684984,51.78415267297545,48.9571400351842,50.2689323425293,7050100,0.0,0.0
2015-08-25 00:00:00-04:00,51.64386511560908,51.994611266036294,49.38505905054399,49.49028396606445,4731500,0.0,0.0
2015-08-26 00:00:00-04:00,50.85818051646315,51.46848060936643,49.4972840424298,51.419376373291016,4573100,0.0,0.0
2015-08-27 00:00:00-04:00,52.63296628115083,53.692221150052866,51.32819017825468,52.62594985961914,5814300,0.0,0.0
2015-08-28 00:00:00-04:00,52.7101325394502,54.19729818576416,52.682072204392014,54.17625427246094,4889900,0.0,0.0
2015-08-31 00:00:00-04:00,55.768644809372724,56.21759950924089,54.211330852721574,55.467002868652344,8614300,0.0,0.0
2015-09-01 00:00:00-04:00,54.80760141378654,55.0110348599225,53.881631623904326,54.428794860839844,5302200,0.0,0.0
2015-09-02 00:00:00-04:00,55.51608530677844,55.54414563348924,53.90966772831627,55.10921859741211,3621900,0.0,0.0
2015-09-03 00:00:00-04:00,55.48804387924691,56.16147589379597,54.555057768189194,55.03908920288086,3358300,0.0,0.0
2015-09-04 00:00:00-04:00,54.365669927079985,54.72343260837562,53.811490197845785,54.15522003173828,4266100,0.0,0.0
2015-09-08 00:00:00-04:00,54.86370745519056,56.09833529629776,54.02191890786718,56.03519821166992,6212500,0.0,0.0
2015-09-09 00:00:00-04:00,56.161472286367854,58.04848830148491,56.091324126184354,56.575355529785156,6346100,0.0,0.0
2015-09-10 00:00:00-04:00,56.96817749556526,57.57146117946041,56.19653719233857,56.83489227294922,4424900,0.0,0.0
2015-09-11 00:00:00-04:00,56.70162497536937,56.80684989276942,55.92296807935524,56.540279388427734,3950700,0.0,0.0
2015-09-14 00:00:00-04:00,56.49116638204539,56.49116638204539,54.751468711676274,54.863704681396484,4261200,0.0,0.0
2015-09-15 00:00:00-04:00,54.99698624108739,55.86683501819743,54.52698777983894,55.56519317626953,4053900,0.0,0.0
2015-09-16 00:00:00-04:00,55.69848689719546,55.83176678817784,54.89176972225883,55.55117416381836,4018400,0.0,0.0
2015-09-17 00:00:00-04:00,55.75460702504144,56.65251625903751,54.98296125961243,55.63534927368164,4060300,0.0,0.0
2015-09-18 00:00:00-04:00,54.77952958625436,55.810724094356345,54.576101534743245,55.13027572631836,12950800,0.0,0.0
2015-09-21 00:00:00-04:00,55.28460981104966,56.47013358274375,55.053121405468545,55.600284576416016,3399100,0.0,0.0
2015-09-22 00:00:00-04:00,54.80057618188597,55.2425143701411,54.54803854517987,54.83564758300781,2957200,0.0,0.0
2015-09-23 00:00:00-04:00,55.10223876374173,55.78969842597399,54.59014687692687,54.61119079589844,2485200,0.0,0.0
2015-09-24 00:00:00-04:00,54.44280682841796,55.01101376395724,53.67116652475661,54.47086715698242,3727500,0.0,0.0
2015-09-25 00:00:00-04:00,54.84266924813489,55.27759640893055,54.19729760460194,54.674312591552734,3193100,0.0,0.0
2015-09-28 00:00:00-04:00,54.3375927311141,54.76550346081689,51.86132577684281,51.98759460449219,4161900,0.0,0.0
2015-09-29 00:00:00-04:00,52.47863293809292,53.30639399815252,52.0857989950006,52.2681884765625,4335400,0.0,0.0
2015-09-30 00:00:00-04:00,53.4607335420607,54.21133017324132,52.92759783566371,53.902671813964844,3901000,0.0,0.0
2015-10-01 00:00:00-04:00,54.45685512401219,55.05312796790487,53.67819810270438,54.66730499267578,3044000,0.0,0.0
2015-10-02 00:00:00-04:00,54.092062140433654,55.754600524902344,53.62907473515355,55.754600524902344,2467100,0.0,0.0
2015-10-05 00:00:00-04:00,56.07729923598383,57.7258051605863,56.03520605635206,57.39610290527344,3449600,0.0,0.0
2015-10-06 00:00:00-04:00,57.31894844102686,58.567604167361296,57.255816688374395,57.92924880981445,5355200,0.0,0.0
2015-10-07 00:00:00-04:00,58.174777638127615,58.77806166190367,57.003286359013146,58.39223861694336,4013700,0.0,0.0
2015-10-08 00:00:00-04:00,58.202822658359196,59.53565922861765,57.78192830774127,59.33222579956055,3179500,0.0,0.0
2015-10-09 00:00:00-04:00,59.353260015849855,59.47952883559885,57.88012735341908,58.58863067626953,3104300,0.0,0.0
2015-10-12 00:00:00-04:00,58.74999027791208,58.92536338321928,58.034470363122175,58.834171295166016,1791100,0.0,0.0
2015-10-13 00:00:00-04:00,58.22386788556206,58.89729993212347,57.5293919237897,57.63461685180664,3322200,0.0,0.0
2015-10-14 00:00:00-04:00,57.634624159490045,58.50447332759428,57.29088899425391,57.85208511352539,2172100,0.0,0.0
2015-10-15 00:00:00-04:00,58.24490300042792,58.848186787813994,57.424158319435705,58.567588806152344,2289700,0.0,0.0
2015-10-16 00:00:00-04:00,58.946392029194435,59.465494787878185,58.53251417682847,59.00952911376953,2679000,0.0,0.0
2015-10-19 00:00:00-04:00,58.51846945943855,58.714886390325795,57.15757843030833,57.25578689575195,3054100,0.0,0.0
2015-10-20 00:00:00-04:00,57.04536230979258,57.40312493582819,56.175513223865885,57.24177932739258,2896000,0.0,0.0
2015-10-21 00:00:00-04:00,57.43817674063518,57.45220958108121,56.28071894598091,56.47011947631836,2347500,0.0,0.0
2015-10-22 00:00:00-04:00,57.0523737052211,58.118639714793396,56.63147936859946,57.95028305053711,3323800,0.0,0.0
2015-10-23 00:00:00-04:00,57.95028042648368,59.24102371393868,57.809984104616525,58.469383239746094,2522900,0.0,0.0
2015-10-26 00:00:00-04:00,58.44131111084057,58.70086514107155,57.809972437888284,58.22385025024414,3124300,0.0,0.0
2015-10-27 00:00:00-04:00,57.76088145202306,58.61670303344726,57.56446443700025,58.616703033447266,2595800,0.0,0.0
2015-10-28 00:00:00-04:00,58.70788645241833,59.85833328167879,58.46235989030316,59.54967498779297,2672500,0.0,0.0
2015-10-29 00:00:00-04:00,59.29014027323727,60.973723245043,59.29014027323727,60.6299934387207,3568900,0.0,0.0
2015-10-30 00:00:00-04:00,61.95579239045541,63.70952293292976,61.240272683988664,62.4678840637207,7125400,0.0,0.0
2015-11-02 00:00:00-05:00,62.004920001298736,64.18656204655733,61.941788246916445,63.55521774291992,4939700,0.0,0.0
2015-11-03 00:00:00-05:00,63.63937831351484,65.44221319715471,63.26057185308187,65.00728607177734,3636600,0.0,0.0
2015-11-04 00:00:00-05:00,65.23877453925668,66.02444772923101,64.88802843958325,65.47026824951172,3933900,0.0,0.0
2015-11-05 00:00:00-05:00,65.47731767138978,65.90522859179676,64.96523106301021,65.71582794189453,3115200,0.0,0.0
2015-11-06 00:00:00-05:00,65.38609369919696,65.74385625465128,64.5653490295911,65.06340789794922,2447100,0.0,0.0
2015-11-09 00:00:00-05:00,65.06340666429794,65.94027198322378,64.10937676914972,64.54430389404297,2730500,0.0,0.0
2015-11-10 00:00:00-05:00,64.50195066389031,65.59592397651828,64.16317551405581,65.00305938720703,2299200,0.56,0.0
2015-11-11 00:00:00-05:00,64.7983750420724,65.44064451331805,63.8102764474383,63.937313079833984,2590000,0.0,0.0
2015-11-12 00:00:00-05:00,63.492680491897495,63.492680491897495,62.39871244923883,62.98451232910156,2692300,0.0,0.0
2015-11-13 00:00:00-05:00,62.99862023533631,63.49266953908716,62.0528617877844,62.871578216552734,3080000,0.0,0.0
2015-11-16 00:00:00-05:00,62.80099120818272,64.2972576691067,62.34222813140154,64.27608489990234,2743500,0.0,0.0
2015-11-17 00:00:00-05:00,64.06436367133846,64.918371747011,63.866743925962204,64.31139373779297,2306700,0.0,0.0
2015-11-18 00:00:00-05:00,64.42431961654022,65.44065593089604,64.41020622761168,65.31361389160156,1857500,0.0,0.0
2015-11-19 00:00:00-05:00,65.18657020517809,65.62416063718749,64.67134267418741,65.20068359375,2367400,0.0,0.0
2015-11-20 00:00:00-05:00,65.32067414734885,65.63121717051729,64.5937080666002,64.69957733154297,2758700,0.0,0.0
2015-11-23 00:00:00-05:00,63.866736006828575,65.28537098128237,63.8596820058928,65.05245971679688,2725700,0.0,0.0
2015-11-24 00:00:00-05:00,65.00307310300364,66.28055303243792,64.60783354988898,65.73003387451172,2807400,0.0,0.0
2015-11-25 00:00:00-05:00,65.68769836208247,66.38642707453154,65.46890577382999,65.47595977783203,1949500,0.0,0.0
2015-11-27 00:00:00-05:00,65.13717374418017,65.85707511918079,65.01013169156418,65.4688949584961,769900,0.0,0.0
2015-11-30 00:00:00-05:00,65.70179650210059,65.96293997742004,64.46666761175949,64.60076904296875,4113100,0.0,0.0
2015-12-01 00:00:00-05:00,65.16541488588109,65.6030000503726,64.3749302957487,65.40538024902344,2580500,0.0,0.0
2015-12-02 00:00:00-05:00,65.04542674997805,65.6382861043118,63.57738637057741,63.83147048950195,3024700,0.0,0.0
2015-12-03 00:00:00-05:00,64.22671141739714,64.42433120635454,62.2505027583523,62.51164627075195,2834600,0.0,0.0
2015-12-04 00:00:00-05:00,63.76794431900081,63.993796262180346,62.603393049432725,63.66207504272461,3025900,0.0,0.0
2015-12-07 00:00:00-05:00,62.54694764791463,63.13980710788019,60.50016094066623,61.184776306152344,5261600,0.0,0.0
2015-12-08 00:00:00-05:00,60.3942552690821,61.707020865235485,60.069593562522975,61.01534652709961,3427300,0.0,0.0
2015-12-09 00:00:00-05:00,61.05769974836504,62.003452748509396,60.13311413442606,60.76126480102539,2916800,0.0,0.0
2015-12-10 00:00:00-05:00,61.03653620562573,61.79172899676836,60.47190376647456,61.22709655761719,2694500,0.0,0.0
2015-12-11 00:00:00-05:00,60.31663308851181,60.63424087330286,58.24161494625384,58.42512130737305,4232800,0.0,0.0
2015-12-14 00:00:00-05:00,58.10046499208842,58.46041836152231,56.660656899087705,57.451141357421875,5113500,0.0,0.0
2015-12-15 00:00:00-05:00,58.171018251527514,58.792114845033716,57.46523058416688,57.71931457519531,5233100,0.0,0.0
2015-12-16 00:00:00-05:00,57.55699085768603,58.86269706586533,57.55699085768603,58.62272644042969,3981600,0.0,0.0
2015-12-17 00:00:00-05:00,58.58037639093249,58.82034161316348,57.70520119113043,57.71931457519531,3147700,0.0,0.0
2015-12-18 00:00:00-05:00,57.52171105466723,57.719330795506174,56.237177354479975,56.85826873779297,6246600,0.0,0.0
2015-12-21 00:00:00-05:00,57.18293417813677,57.359381155881216,56.088966146961866,56.9006233215332,2809400,0.0,0.0
2015-12-22 00:00:00-05:00,57.11235480672526,58.07222676858066,56.935907834100874,57.66286849975586,2623100,0.0,0.0
2015-12-23 00:00:00-05:00,58.375704177156656,59.88608953191681,57.97340537490247,59.85080337524414,3113800,0.0,0.0
2015-12-24 00:00:00-05:00,59.66025441792735,59.97786222555474,59.15208623351129,59.5402717590332,1054200,0.0,0.0
2015-12-28 00:00:00-05:00,58.707448023751894,58.97564553423947,57.81109960298228,58.19927978515625,1690500,0.0,0.0
2015-12-29 00:00:00-05:00,59.088562017789165,59.19443127645405,58.28396426751076,58.418060302734375,1906100,0.0,0.0
2015-12-30 00:00:00-05:00,58.0934127192416,58.86978388265619,57.78286963861125,57.88167953491211,1527700,0.0,0.0
2015-12-31 00:00:00-05:00,57.5217057199005,58.16397520279483,57.31702661166166,57.73344421386719,2095800,0.0,0.0
2016-01-04 00:00:00-05:00,57.31705465722298,57.79699081161386,56.0113476648281,56.51951599121094,3251400,0.0,0.0
2016-01-05 00:00:00-05:00,56.72417877769718,57.30292467414229,56.498326851882865,57.1688232421875,2849900,0.0,0.0
2016-01-06 00:00:00-05:00,55.84194735494263,56.46303884371895,54.76914660146038,55.072635650634766,4273300,0.0,0.0
2016-01-07 00:00:00-05:00,54.112770882457106,55.129107442297496,53.60460260253691,53.957496643066406,6358000,0.0,0.0
2016-01-08 00:00:00-05:00,54.28921034195784,54.47271672520257,53.03996798174694,53.082313537597656,6010000,0.0,0.0
2016-01-11 00:00:00-05:00,53.54106628763593,54.705617307422344,52.489443907585034,53.76691818237305,4356000,0.0,0.0
2016-01-12 00:00:00-05:00,54.14100184912022,55.31966662596803,53.6398929688688,54.9244270324707,5370100,0.0,0.0
2016-01-13 00:00:00-05:00,55.693716732601004,55.70783011902679,52.60942217178737,53.110530853271484,6500200,0.0,0.0
2016-01-14 00:00:00-05:00,53.5904907003949,56.519512395184464,52.454171427513316,55.95487976074219,5363500,0.0,0.0
2016-01-15 00:00:00-05:00,54.289216503685324,55.47494066469769,54.07042392731076,55.3831901550293,5343200,0.0,0.0
2016-01-19 00:00:00-05:00,56.731250129829945,56.91475655840417,54.68446878200601,55.52435302734375,4574300,0.0,0.0
2016-01-20 00:00:00-05:00,54.275091872493505,55.1996723202779,53.195237221473825,54.2962646484375,5169900,0.0,0.0
2016-01-21 00:00:00-05:00,54.1409903192603,54.50800305055076,53.1387727721896,53.668113708496094,4360700,0.0,0.0
2016-01-22 00:00:00-05:00,55.369053453268236,57.098236878341126,54.76913487099145,56.48419952392578,4035600,0.0,0.0
2016-01-25 00:00:00-05:00,55.80664672991549,56.27952331102504,53.75986082760654,53.80221176147461,4273700,0.0,0.0
2016-01-26 00:00:00-05:00,54.282149995736226,54.9103007962128,53.77398184597218,54.8820686340332,3177200,0.0,0.0
2016-01-27 00:00:00-05:00,54.44447560808456,56.3006957590567,53.93630748248793,54.86089324951172,4782100,0.0,0.0
2016-01-28 00:00:00-05:00,55.926650839849316,56.463051335260424,54.34568691018816,55.54552459716797,5161000,0.0,0.0
2016-01-29 00:00:00-05:00,55.12204115248863,56.62537302315821,53.49873200013245,56.56890869140625,7448400,0.0,0.0
2016-02-01 00:00:00-05:00,56.23718280720057,56.928857351935285,54.92441681893223,56.09602737426758,4487700,0.0,0.0
2016-02-02 00:00:00-05:00,55.46081842381617,56.06779649181909,54.91030468417044,55.404354095458984,4295400,0.0,0.0
2016-02-03 00:00:00-05:00,56.1171992720526,56.42068829436766,54.17628248357443,55.827823638916016,7337500,0.0,0.0
2016-02-04 00:00:00-05:00,55.82076852670216,57.11236181719023,55.47493392563323,56.37834167480469,5657700,0.0,0.0
2016-02-05 00:00:00-05:00,56.20187211999699,56.80179596752609,54.99497580974101,55.28435134887695,4650400,0.0,0.0
2016-02-08 00:00:00-05:00,55.28436107730479,55.28436107730479,51.734249214256124,53.837493896484375,7979800,0.0,0.0
2016-02-09 00:00:00-05:00,53.47755775669445,54.07748190224289,52.701191984775555,53.244651794433594,4348600,0.0,0.0
2016-02-10 00:00:00-05:00,53.654004758104996,54.41625713828128,52.701191975252364,53.1387825012207,5693400,0.0,0.0
2016-02-11 00:00:00-05:00,52.28547412405608,53.3592015677097,51.01264605245827,51.83749771118164,7720800,0.56,0.0
2016-02-12 00:00:00-05:00,52.61968663883967,53.558307859177695,52.50591173936315,53.47297668457031,4217700,0.0,0.0
2016-02-16 00:00:00-05:00,54.58226630942205,55.66310084892657,53.94229599158354,55.64176940917969,5690300,0.0,0.0
2016-02-17 00:00:00-05:00,56.239056585257195,57.51899688325599,56.08973112133816,57.30567169189453,4464600,0.0,0.0
2016-02-18 00:00:00-05:00,57.838983298290486,58.130527385242154,56.09684733873633,56.48794174194336,4609000,0.0,0.0
2016-02-19 00:00:00-05:00,55.99729403682152,57.01413400585864,55.7413059729321,56.95013427734375,3173500,0.0,0.0
2016-02-22 00:00:00-05:00,56.95013538308773,57.89586878053683,56.95013538308773,57.50477981567383,3278100,0.0,0.0
2016-02-23 00:00:00-05:00,57.17057044219775,57.31989590518019,55.840854997899406,55.862186431884766,3323400,0.0,0.0
2016-02-24 00:00:00-05:00,55.122657913215214,56.281716290963224,55.00177618826117,56.23904800415039,3667200,0.0,0.0
2016-02-25 00:00:00-05:00,56.35283589992319,56.40972334543888,55.193782679239426,56.00440979003906,3297200,0.0,0.0
2016-02-26 00:00:00-05:00,56.54482864791229,57.02125425982833,56.11818362351082,56.246177673339844,2490100,0.0,0.0
2016-02-29 00:00:00-05:00,56.4595086810651,57.15636102644402,56.12530165977493,56.452396392822266,3106400,0.0,0.0
2016-03-01 00:00:00-05:00,56.89324744208618,59.58111646020158,56.67280997929849,59.310909271240234,6029000,0.0,0.0
2016-03-02 00:00:00-05:00,59.12605231896842,60.18555550636126,58.90561476481585,60.135780334472656,3585500,0.0,0.0
2016-03-03 00:00:00-05:00,60.39885701130745,61.565022372585105,60.12153753058195,61.216590881347656,3831300,0.0,0.0
2016-03-04 00:00:00-05:00,61.50813469305784,61.57924127820628,60.3277447642718,60.996158599853516,2891100,0.0,0.0
2016-03-07 00:00:00-05:00,60.71171852380648,62.453859459440714,60.49128651249416,62.155208587646484,3741800,0.0,0.0
2016-03-08 00:00:00-05:00,61.785468262264594,62.3969947991463,60.26376420772249,60.299320220947266,3514400,0.0,0.0
2016-03-09 00:00:00-05:00,60.81127737681926,62.027223315489174,60.5837330484013,61.216590881347656,3076700,0.0,0.0
2016-03-10 00:00:00-05:00,61.202376442086255,61.202376442086255,59.81577893179936,60.74728775024414,2464600,0.0,0.0
2016-03-11 00:00:00-05:00,61.33037616322226,61.67169542629875,60.51974901663696,61.458370208740234,2914700,0.0,0.0
2016-03-14 00:00:00-04:00,60.91793942232951,61.508134383754644,60.64773223009032,61.28059005737305,2028600,0.0,0.0
2016-03-15 00:00:00-04:00,60.44153976337424,61.62903694846918,60.37043315455227,61.579261779785156,2208900,0.0,0.0
2016-03-16 00:00:00-04:00,61.60057192128098,62.50364235884789,61.4156958872828,62.268985748291016,2351800,0.0,0.0
2016-03-17 00:00:00-04:00,62.58187573794555,63.04407678026644,61.465485288846196,62.844970703125,2463500,0.0,0.0
2016-03-18 00:00:00-04:00,63.14361626211644,63.74803040207997,62.66719072642017,63.57737350463867,5398200,0.0,0.0
2016-03-21 00:00:00-04:00,63.39250328690003,63.96847380867988,63.364059561430096,63.776485443115234,2170200,0.0,0.0
2016-03-22 00:00:00-04:00,63.726712714369405,64.61555882518923,63.30717452901766,64.1106948852539,2171400,0.0,0.0
2016-03-23 00:00:00-04:00,63.954254890446975,63.954254890446975,62.48943286140517,62.66009521484375,2012500,0.0,0.0
2016-03-24 00:00:00-04:00,61.84235663684466,62.66009612745179,61.55792480205705,62.617427825927734,2547300,0.0,0.0
2016-03-28 00:00:00-04:00,62.4823327658185,62.66720886443726,61.91346904291909,62.212120056152344,2083500,0.0,0.0
2016-03-29 00:00:00-04:00,61.72148375429249,62.382785559698725,61.1668391553334,62.16946029663086,1974600,0.0,0.0
2016-03-30 00:00:00-04:00,62.709856044375314,63.008506956999575,61.84945388652845,62.304542541503906,1850900,0.0,0.0
2016-03-31 00:00:00-04:00,62.05569142179444,62.439673677672225,61.301951489008786,61.57215881347656,2810600,0.0,0.0
2016-04-01 00:00:00-04:00,60.86817832785338,61.12416643228821,60.35620211898371,60.91795349121094,2639100,0.0,0.0
2016-04-04 00:00:00-04:00,60.939295457591186,61.62193413741466,60.64775671472356,60.96063232421875,1817400,0.0,0.0
2016-04-05 00:00:00-04:00,60.498420792969696,60.932178113312716,59.87978196926262,60.306427001953125,2126100,0.0,0.0
2016-04-06 00:00:00-04:00,60.69041382591794,60.882407631698605,59.204265672327814,60.45575714111328,3172000,0.0,0.0
2016-04-07 00:00:00-04:00,60.1570805339748,60.45573141020495,59.60955392755287,60.09308624267578,1751800,0.0,0.0
2016-04-08 00:00:00-04:00,61.010390664559345,61.72857431536817,60.633515409327984,61.19526672363281,2741300,0.0,0.0
2016-04-11 00:00:00-04:00,61.508149596746186,61.75702541761177,60.12865872525407,60.14288330078125,2158100,0.0,0.0
2016-04-12 00:00:00-04:00,60.20686771721731,61.21659541020476,59.773110461411335,61.13838195800781,2587500,0.0,0.0
2016-04-13 00:00:00-04:00,61.493918770593986,61.93478287668258,61.01038637111119,61.87078857421875,2089200,0.0,0.0
2016-04-14 00:00:00-04:00,61.941903361896784,62.31166092805047,61.557921221033894,61.80679702758789,1735400,0.0,0.0
2016-04-15 00:00:00-04:00,61.62191827086136,61.62191827086136,60.33486557006836,60.33486557006836,2723400,0.0,0.0
2016-04-18 00:00:00-04:00,60.33487621712909,60.96062738542352,59.66646759429608,60.90373992919922,2454600,0.0,0.0
2016-04-19 00:00:00-04:00,60.953492856619384,61.50813178971544,60.647729672337654,61.45124435424805,1935800,0.0,0.0
2016-04-20 00:00:00-04:00,61.08861803662773,62.013014735741606,60.306429119957215,61.64325714111328,2344300,0.0,0.0
2016-04-21 00:00:00-04:00,61.74991792542801,62.32589392711772,61.20950336531801,62.14812469482422,2270700,0.0,0.0
2016-04-22 00:00:00-04:00,62.31878171244745,62.90186457805573,62.133900191619524,62.560550689697266,2038900,0.0,0.0
2016-04-25 00:00:00-04:00,62.503662456862756,62.745426006022974,61.785473247445346,62.524993896484375,1730700,0.0,0.0
2016-04-26 00:00:00-04:00,62.894753930999606,63.179185795445,62.44677740643155,62.85920333862305,1654800,0.0,0.0
2016-04-27 00:00:00-04:00,63.17918330994985,63.506278042413705,62.58188130069055,63.25028991699219,2451700,0.0,0.0
2016-04-28 00:00:00-04:00,62.830740000338416,63.3284915389558,62.105438701113215,62.4254264831543,3039000,0.0,0.0
2016-04-29 00:00:00-04:00,60.590853569389395,61.173936329275165,57.703883493014175,58.38651657104492,7296800,0.0,0.0
2016-05-02 00:00:00-04:00,58.62116279626417,58.663825660717656,56.87191482757291,58.45050048828125,4486800,0.0,0.0
2016-05-03 00:00:00-04:00,57.38390029901539,57.58300637642625,56.495054226074714,56.89326095581055,4397100,0.0,0.0
2016-05-04 00:00:00-04:00,56.81505198948825,57.163478191905625,55.81243084007355,56.402626037597656,2996800,0.0,0.0
2016-05-05 00:00:00-04:00,56.90036886673948,57.46923253393736,55.77687153290695,56.23196029663086,2830500,0.0,0.0
2016-05-06 00:00:00-04:00,55.968858015518784,57.014141849353855,55.65598246659242,55.8337516784668,3802800,0.0,0.0
2016-05-09 00:00:00-04:00,55.8195223465181,55.84085378003822,54.667576110667696,55.6915283203125,3064600,0.0,0.0
2016-05-10 00:00:00-04:00,56.00440670350788,56.66570830219705,55.93330011307482,56.35283279418945,2236500,0.0,0.0
2016-05-11 00:00:00-04:00,56.288851738841785,57.142141875044736,55.90486955002454,56.452396392822266,2652200,0.0,0.0
2016-05-12 00:00:00-04:00,56.886154028554316,56.957260636072725,55.35022526574187,55.64176940917969,2603500,0.0,0.0
2016-05-13 00:00:00-04:00,55.641766639755055,56.27462463781694,55.40000310120833,55.70576095581055,3029400,0.0,0.0
2016-05-16 00:00:00-04:00,56.0713460775162,56.48711548287454,55.34016464477334,56.401092529296875,3107000,0.63,0.0
2016-05-17 00:00:00-04:00,56.31507083193281,56.845537520561095,55.942315629581756,56.135860443115234,2235800,0.0,0.0
2016-05-18 00:00:00-04:00,56.12152940371684,56.97457265604653,55.712929911328246,56.006832122802734,2508400,0.0,0.0
2016-05-19 00:00:00-04:00,55.59106336957274,55.88496555576237,54.96740926365781,55.66274642944336,2240900,0.0,0.0
2016-05-20 00:00:00-04:00,56.021171304328924,56.24339044693704,55.548053230181864,55.84196090698242,2352300,0.0,0.0
2016-05-23 00:00:00-04:00,55.56238401273104,56.365242960975955,55.483531013304635,55.784603118896484,2498900,0.0,0.0
2016-05-24 00:00:00-04:00,56.3437348954302,57.34731398396276,56.26488190117697,57.132259368896484,3454500,0.0,0.0
2016-05-25 00:00:00-04:00,57.411850729843344,57.684254083647986,56.967412363645536,57.44052505493164,2917400,0.0,0.0
2016-05-26 00:00:00-04:00,57.64839727619563,57.77742897650493,56.71650652424366,57.375999450683594,3572100,0.0,0.0
2016-05-27 00:00:00-04:00,57.383163399870554,57.92079451678727,57.16810876547725,57.798927307128906,2319000,0.0,0.0
2016-05-31 00:00:00-04:00,57.99247606235485,58.12150774581883,57.24696027668143,57.60538101196289,5908500,0.0,0.0
2016-06-01 00:00:00-04:00,57.27563728011249,58.0354875244727,56.910046581627235,57.956634521484375,3022500,0.0,0.0
2016-06-02 00:00:00-04:00,57.7559223730416,58.37240653191425,57.720078108592325,57.94230270385742,2303700,0.0,0.0
2016-06-03 00:00:00-04:00,57.78461148692286,57.985326293472625,56.91006371346895,57.44052505493164,2985100,0.0,0.0
2016-06-06 00:00:00-04:00,57.78459685144551,57.89928865368165,57.404671711121225,57.89212417602539,2185000,0.0,0.0
2016-06-07 00:00:00-04:00,57.97099107549267,58.479948033470656,57.73443199853905,58.2935676574707,2708400,0.0,0.0
2016-06-08 00:00:00-04:00,58.479940044937095,59.082084374126254,58.07134054468232,59.04624557495117,3595800,0.0,0.0
2016-06-09 00:00:00-04:00,58.530109273609746,58.702149701403386,57.97813825871637,58.1573486328125,3298200,0.0,0.0
2016-06-10 00:00:00-04:00,57.52654989049479,57.82045763035299,57.082106040856225,57.397518157958984,2341400,0.0,0.0
2016-06-13 00:00:00-04:00,57.15378836402504,57.30432445740582,56.393932480063356,56.487125396728516,3347700,0.0,0.0
2016-06-14 00:00:00-04:00,56.36526466783237,56.87422165254701,55.64842291994102,56.558815002441406,2638700,0.0,0.0
2016-06-15 00:00:00-04:00,56.36525564081567,57.32582627306826,55.99250039799986,56.7308464050293,2321700,0.0,0.0
2016-06-16 00:00:00-04:00,56.25055351772865,57.0390780758453,55.985320193215486,56.938720703125,1867400,0.0,0.0
2016-06-17 00:00:00-04:00,56.87421236846412,56.96023533303345,56.114361989838336,56.27206802368164,4086500,0.0,0.0
2016-06-20 00:00:00-04:00,57.01040500518037,57.51936182625894,56.601805559014934,56.67348861694336,2748300,0.0,0.0
2016-06-21 00:00:00-04:00,56.845558437803696,57.046273272084925,56.07853791018955,56.88139724731445,2331100,0.0,0.0
2016-06-22 00:00:00-04:00,56.89570875974432,57.562371537603845,56.73800276318692,57.01757049560547,1842100,0.0,0.0
2016-06-23 00:00:00-04:00,57.36165431935996,57.97097396850585,57.06058220248312,57.97097396850586,2097300,0.0,0.0
2016-06-24 00:00:00-04:00,56.121522805355035,57.16094081336185,56.121522805355035,56.35808181762695,6031800,0.0,0.0
2016-06-27 00:00:00-04:00,56.0498561804634,56.28640979302147,54.766708837510066,55.12512969970703,3474000,0.0,0.0
2016-06-28 00:00:00-04:00,55.91364368257069,56.4799491915412,55.24698078913119,56.45127487182617,2479000,0.0,0.0
2016-06-29 00:00:00-04:00,56.781008602083205,57.35448392954925,56.68782118572304,57.132259368896484,2348700,0.0,0.0
2016-06-30 00:00:00-04:00,56.91722457296371,56.981737692309125,55.70576050951499,56.874210357666016,3505600,0.0,0.0
2016-07-01 00:00:00-04:00,56.680652758632995,57.28280241551077,56.60179976226726,57.18960952758789,2661000,0.0,0.0
2016-07-05 00:00:00-04:00,56.60898411799088,56.859877593444544,55.483542983183675,55.863468170166016,3063900,0.0,0.0
2016-07-06 00:00:00-04:00,55.38318976898493,55.43336846785922,53.64842874561384,54.745201110839844,5344900,0.0,0.0
2016-07-07 00:00:00-04:00,54.90289858861674,55.26848935639678,52.80972231215779,53.23982620239258,6056100,0.0,0.0
2016-07-08 00:00:00-04:00,53.43337472117761,54.10003764292323,53.08928833905478,53.65559387207031,4058200,0.0,0.0
2016-07-11 00:00:00-04:00,53.65559851513047,54.1788953465642,53.5910853892503,53.91366195678711,2704900,0.0,0.0
2016-07-12 00:00:00-04:00,54.47279305590537,55.333006279505284,54.27924822530921,54.766700744628906,3309200,0.0,0.0
2016-07-13 00:00:00-04:00,54.53731410474455,54.84555623334733,53.634092093409095,54.659175872802734,3586500,0.0,0.0
2016-07-14 00:00:00-04:00,54.738025925140406,55.06060246288568,54.5229712539319,54.917236328125,2901000,0.0,0.0
2016-07-15 00:00:00-04:00,55.132288547336884,55.132288547336884,54.121539294304235,54.236236572265625,2977600,0.0,0.0
2016-07-18 00:00:00-04:00,54.31507478664319,54.53012941135443,53.763109271181555,54.22905731201172,2418400,0.0,0.0
2016-07-19 00:00:00-04:00,54.28641843776875,54.43695452209322,53.992510747610844,54.293582916259766,2018000,0.0,0.0
2016-07-20 00:00:00-04:00,54.2935813009631,54.49429607409088,53.76312004783004,54.00684356689453,2144500,0.0,0.0
2016-07-21 00:00:00-04:00,54.157401440674164,54.60183986683516,53.72729197538812,53.849159240722656,2631000,0.0,0.0
2016-07-22 00:00:00-04:00,53.84914924360507,54.04986403997228,53.483558453611636,54.042694091796875,1688300,0.0,0.0
2016-07-25 00:00:00-04:00,53.78462735256104,53.84914594405034,53.024776964567685,53.38319778442383,3318200,0.0,0.0
2016-07-26 00:00:00-04:00,53.383189978338166,54.695011299763635,53.3115069186625,54.644832611083984,2901700,0.0,0.0
2016-07-27 00:00:00-04:00,54.78819633750559,55.10360834918283,53.95665756819892,54.04985046386719,3108500,0.0,0.0
2016-07-28 00:00:00-04:00,54.25774629846154,54.75236331854114,53.82763693273281,54.659175872802734,4051900,0.0,0.0
2016-07-29 00:00:00-04:00,54.035504462056,54.59464536565116,52.91723359299774,54.52295684814453,5548800,0.0,0.0
2016-08-01 00:00:00-04:00,53.978185905825974,54.21473952658497,53.06062387277397,53.232669830322266,3399600,0.0,0.0
2016-08-02 00:00:00-04:00,53.426208430045065,54.716525614977634,53.41187400313154,54.587493896484375,4528300,0.0,0.0
2016-08-03 00:00:00-04:00,54.9100707831105,56.44411151812576,54.69502156372778,56.38676834106445,4582400,0.0,0.0
2016-08-04 00:00:00-04:00,56.17888417058137,56.50863068556781,55.41902827433022,55.58390426635742,2692900,0.0,0.0
2016-08-05 00:00:00-04:00,55.7057461594047,56.35090453199957,55.55521011731023,56.11434555053711,1619100,0.0,0.0
2016-08-08 00:00:00-04:00,56.55161436534453,57.00322245258193,56.257712252113514,56.32939529418945,2327900,0.0,0.0
2016-08-09 00:00:00-04:00,56.45843183117209,56.479936198744625,54.89571731513117,54.99607467651367,3052700,0.0,0.0
2016-08-10 00:00:00-04:00,55.11794478004874,55.813281938895074,54.838377020996454,55.160953521728516,2228200,0.0,0.0
2016-08-11 00:00:00-04:00,55.49787646835555,56.25056235102231,55.196804302915844,56.028343200683594,1962200,0.0,0.0
2016-08-12 00:00:00-04:00,56.19321721397628,56.55880799142149,55.913649404479315,56.49428939819336,2454500,0.0,0.0
2016-08-15 00:00:00-04:00,56.73801722349403,56.80970029408944,56.07135427572813,56.33658218383789,2808000,0.0,0.0
2016-08-16 00:00:00-04:00,56.45220445234275,56.54614494479255,56.15592168549888,56.351036071777344,1624800,0.63,0.0
2016-08-17 00:00:00-04:00,56.408835224820464,56.51723147925826,55.83073105658976,56.155914306640625,2642600,0.0,0.0
2016-08-18 00:00:00-04:00,56.351040813388146,56.495565508281565,55.77293100728705,56.3293571472168,3632100,0.0,0.0
2016-08-19 00:00:00-04:00,56.0980893387328,56.86408531759609,56.01137676572804,56.4015998840332,2400300,0.0,0.0
2016-08-22 00:00:00-04:00,56.01863101947804,56.119804934332784,55.498338745555294,55.621185302734375,2252000,0.0,0.0
2016-08-23 00:00:00-04:00,55.76569532034407,56.502785495712196,55.6139427579478,56.235408782958984,1724100,0.0,0.0
2016-08-24 00:00:00-04:00,56.220942025312496,56.53167494664762,55.787357101952736,56.13422393798828,1655700,0.0,0.0
2016-08-25 00:00:00-04:00,56.28600484432329,57.41331298180171,56.24264853542461,57.13871383666992,3666000,0.0,0.0
2016-08-26 00:00:00-04:00,57.16037227283826,57.59395175204795,56.488322150421475,56.81351089477539,2061300,0.0,0.0
2016-08-29 00:00:00-04:00,56.98694591787352,57.30490679966508,56.8351933642719,57.00139617919922,1782300,0.0,0.0
2016-08-30 00:00:00-04:00,57.00141027161186,57.65901034639277,57.00141027161186,57.32659912109375,1980800,0.0,0.0
2016-08-31 00:00:00-04:00,57.196509735490245,57.35549017414067,56.444969352128034,56.6906623840332,2648800,0.0,0.0
2016-09-01 00:00:00-04:00,57.03752441186973,57.03752441186973,56.119781294527534,56.57503890991211,2165400,0.0,0.0
2016-09-02 00:00:00-04:00,57.06644111142375,57.109797412441786,56.712351788829224,56.994178771972656,1561100,0.0,0.0
2016-09-06 00:00:00-04:00,57.29046434409882,57.333820651418115,56.91469681638253,57.16761779785156,2729900,0.0,0.0
2016-09-07 00:00:00-04:00,57.26156340152188,57.803539344340244,57.19652893475059,57.51448440551758,3312500,0.0,0.0
2016-09-08 00:00:00-04:00,57.66620504582464,58.14314069866265,57.427734462775234,57.8685417175293,2001800,0.0,0.0
2016-09-09 00:00:00-04:00,57.36995023244415,57.38440600929694,56.26432037353515,56.264320373535156,2834200,0.0,0.0
2016-09-12 00:00:00-04:00,55.996929403005105,57.23986125981223,55.765686651501134,56.97248458862305,2224700,0.0,0.0
2016-09-13 00:00:00-04:00,56.3655004408753,56.401634377232995,55.729583959138125,55.823524475097656,4007800,0.0,0.0
2016-09-14 00:00:00-04:00,55.74403185991345,56.53170643031187,55.469432700348854,55.621185302734375,3115100,0.0,0.0
2016-09-15 00:00:00-04:00,55.95358316319095,57.47111433716996,55.71511248225141,57.16038131713867,2875300,0.0,0.0
2016-09-16 00:00:00-04:00,56.59673017716265,57.2976864791745,56.531695722714545,57.15315628051758,7599600,0.0,0.0
2016-09-19 00:00:00-04:00,57.63731190245634,58.44665877017967,57.21818269552131,58.063663482666016,3205500,0.0,0.0
2016-09-20 00:00:00-04:00,58.06366629391018,58.15038439676287,57.50724029541015,57.507240295410156,2218400,0.0,0.0
2016-09-21 00:00:00-04:00,57.68068856410698,57.94806532776345,57.355505227529754,57.86134719848633,2133400,0.0,0.0
2016-09-22 00:00:00-04:00,58.17206317878542,58.59119241058573,57.81797390314976,57.83242416381836,1728500,0.0,0.0
2016-09-23 00:00:00-04:00,57.5867305113762,57.77461146433022,57.1314673629775,57.507240295410156,2065100,0.0,0.0
2016-09-26 00:00:00-04:00,57.65178365406394,58.00587304069258,57.36995661995444,57.42776870727539,2351000,0.0,0.0
2016-09-27 00:00:00-04:00,57.10257452238329,57.68068431511691,57.03031217660749,57.38440704345703,2274600,0.0,0.0
2016-09-28 00:00:00-04:00,57.61563557582143,58.757393587886604,57.30490260407441,58.67068099975586,2954500,0.0,0.0
2016-09-29 00:00:00-04:00,58.56953645087528,58.67070485366829,56.986964914912,57.290470123291016,4121800,0.0,0.0
2016-09-30 00:00:00-04:00,57.75294295240324,58.50448342939285,57.4855717388751,58.20820617675781,2819900,0.0,0.0
2016-10-03 00:00:00-04:00,58.11425896525558,58.367179910612826,57.67345152623447,58.10703659057617,1702800,0.0,0.0
2016-10-04 00:00:00-04:00,58.056435276102874,58.72848537549688,57.62285581174655,57.680667877197266,1985400,0.0,0.0
2016-10-05 00:00:00-04:00,58.23710579086566,58.829671313385234,58.07090296018205,58.59842300415039,2358100,0.0,0.0
2016-10-06 00:00:00-04:00,58.66346646421306,58.89470927396064,57.83966360990831,58.367183685302734,1828800,0.0,0.0
2016-10-07 00:00:00-04:00,58.53339015598358,58.583974346698966,57.81075570961342,58.09258270263672,1614700,0.0,0.0
2016-10-10 00:00:00-04:00,58.432207006394,58.851336202541155,58.38885071481391,58.75016784667969,1338500,0.0,0.0
2016-10-11 00:00:00-04:00,58.70681902724083,58.77908136694536,57.94082830249916,58.21542739868164,1581600,0.0,0.0
2016-10-12 00:00:00-04:00,58.21543012775385,58.21543012775385,57.45666725539164,57.67345428466797,1664600,0.0,0.0
2016-10-13 00:00:00-04:00,57.21819227961779,57.42052903044021,56.40883976306518,57.19651412963867,2185300,0.0,0.0
2016-10-14 00:00:00-04:00,57.62285530244435,57.89745985427712,57.23986002042702,57.3121223449707,1420800,0.0,0.0
2016-10-17 00:00:00-04:00,57.31215091609832,57.60843376167028,56.90747728630706,57.18930435180664,2397000,0.0,0.0
2016-10-18 00:00:00-04:00,57.61565832038024,57.803539344340244,57.30492522596714,57.51448440551758,1339300,0.0,0.0
2016-10-19 00:00:00-04:00,57.74571328182076,57.89023794583237,57.41329663072151,57.5722770690918,1737400,0.0,0.0
2016-10-20 00:00:00-04:00,57.37717832419247,57.752945824744444,57.02308897573302,57.62287139892578,1407300,0.0,0.0
2016-10-21 00:00:00-04:00,57.239860841869316,58.121475548435406,56.94358365300975,58.063663482666016,2070800,0.0,0.0
2016-10-24 00:00:00-04:00,58.19375764521049,58.55507490913283,57.71682172373023,58.23711395263672,1490300,0.0,0.0
2016-10-25 00:00:00-04:00,58.02031958132755,58.59120144788353,57.76739863114786,58.35995864868164,2263300,0.0,0.0
2016-10-26 00:00:00-04:00,58.01307878246331,58.90192136758408,57.89023227875307,58.57673263549805,2064900,0.0,0.0
2016-10-27 00:00:00-04:00,58.6201160222414,58.721284417043755,57.709594955756174,57.80353546142578,2434400,0.0,0.0
2016-10-28 00:00:00-04:00,57.25433081344,59.082595119007344,57.08812246145051,57.90469741821289,2977400,0.0,0.0
2016-10-31 00:00:00-04:00,57.95527111645625,59.24878722999229,57.82519671640061,58.64177703857422,2819800,0.0,0.0
2016-11-01 00:00:00-04:00,59.50895606321674,60.13042223788624,57.42777047497786,57.991424560546875,4350600,0.0,0.0
2016-11-02 00:00:00-04:00,57.449426334559774,57.673441201306,56.37270278093362,56.611167907714844,2958400,0.0,0.0
2016-11-03 00:00:00-04:00,56.79184778180738,57.66624045658829,56.11980292950726,57.14594268798828,2530700,0.0,0.0
2016-11-04 00:00:00-04:00,57.001401392872836,57.48557064713922,56.553371578382766,56.79906463623047,1568500,0.0,0.0
2016-11-07 00:00:00-05:00,57.53615887463926,57.97696634537652,57.46389101654056,57.76017379760742,2051400,0.0,0.0
2016-11-08 00:00:00-05:00,57.60842710103479,58.338289538892,57.528936859621425,57.73127365112305,1617300,0.0,0.0
2016-11-09 00:00:00-05:00,57.2976743101337,60.09427103598336,57.037525521065724,59.58119583129883,4490400,0.0,0.0
2016-11-10 00:00:00-05:00,59.50169124549113,60.52783589374809,59.39330053727811,60.04366683959961,3188500,0.0,0.0
2016-11-11 00:00:00-05:00,59.90638483279718,60.04368160137511,59.16207238268694,59.41499328613281,2185500,0.0,0.0
2016-11-14 00:00:00-05:00,59.41500861585338,60.33997988040082,59.27770629858775,60.23881149291992,2602400,0.0,0.0
2016-11-15 00:00:00-05:00,60.69753102534943,61.00334738455639,60.071332448736754,60.94509506225586,2991100,0.63,0.0
2016-11-16 00:00:00-05:00,60.90869616424204,61.032478192118795,60.275214610302946,60.43540573120117,1601300,0.0,0.0
2016-11-17 00:00:00-05:00,60.95965741046547,61.60769918181551,60.65384106886707,61.03975296020508,2294800,0.0,0.0
2016-11-18 00:00:00-05:00,61.08342818717306,61.29458863808153,60.82129835537261,60.90139389038086,2220300,0.0,0.0
2016-11-21 00:00:00-05:00,61.51303990530068,61.84069945945023,61.141688336750356,61.789730072021484,2118400,0.0,0.0
2016-11-22 00:00:00-05:00,61.862543087562955,62.350393735416155,61.28731396559188,61.804290771484375,2853900,0.0,0.0
2016-11-23 00:00:00-05:00,61.77517265708027,62.32855862138893,61.51304831108916,61.93536376953125,2681300,0.0,0.0
2016-11-25 00:00:00-05:00,61.76060364136085,61.83341625804506,61.534882863065846,61.81157302856445,972200,0.0,0.0
2016-11-28 00:00:00-05:00,61.74605502415286,61.91352351869146,61.17810317395239,61.22907257080078,3389300,0.0,0.0
2016-11-29 00:00:00-05:00,60.69753949934537,60.79947829997939,59.92571556447409,59.99124526977539,2150500,0.0,0.0
2016-11-30 00:00:00-05:00,60.50821264643464,61.0251894980699,59.94754933149834,60.49365234375,4999400,0.0,0.0
2016-12-01 00:00:00-05:00,61.10527268615777,62.474174181892984,60.87226900362245,61.87710189819336,3535500,0.0,0.0
2016-12-02 00:00:00-05:00,61.70963492429165,62.401363123173255,61.67322583793088,61.804290771484375,2104400,0.0,0.0
2016-12-05 00:00:00-05:00,62.16836700098178,62.539718617243295,61.8115812431408,62.212059020996094,2811300,0.0,0.0
2016-12-06 00:00:00-05:00,61.98633072301496,62.20477415052754,61.571292654938745,61.82614517211914,2564200,0.0,0.0
2016-12-07 00:00:00-05:00,61.94992693416947,63.42076193360591,61.84798814981482,63.35523223876953,2687000,0.0,0.0
2016-12-08 00:00:00-05:00,63.391633093748325,64.05424071929507,63.28969431370219,63.806671142578125,2240700,0.0,0.0
2016-12-09 00:00:00-05:00,63.85037423672165,63.85037423672165,63.2460188249925,63.46446228027344,1513000,0.0,0.0
2016-12-12 00:00:00-05:00,64.07607720842124,64.4255855284119,63.15134535665353,63.566383361816406,1844200,0.0,0.0
2016-12-13 00:00:00-05:00,63.8867603812845,64.70955902427072,63.588226999280096,64.19985961914062,1976900,0.0,0.0
2016-12-14 00:00:00-05:00,63.82124391887508,64.11977736273292,62.874663081257864,62.92563247680664,2667500,0.0,0.0
2016-12-15 00:00:00-05:00,62.70719907383972,63.41348773257935,62.56885118092526,63.03485870361328,2133800,0.0,0.0
2016-12-16 00:00:00-05:00,63.20232408432712,63.75570446951802,63.013006818210705,63.682891845703125,2295800,0.0,0.0
2016-12-19 00:00:00-05:00,63.4862951360008,63.668329467226634,63.238725556805264,63.47172927856445,1516800,0.0,0.0
2016-12-20 00:00:00-05:00,63.62464839851714,63.70474396245888,63.10767147550545,63.30427169799805,1483700,0.0,0.0
2016-12-21 00:00:00-05:00,63.42804989138979,63.51542838001311,63.02757209592568,63.18776321411133,1512600,0.0,0.0
2016-12-22 00:00:00-05:00,63.12951575455326,64.02512727742388,62.94020401414807,63.755714416503906,1456700,0.0,0.0
2016-12-23 00:00:00-05:00,63.55181025564292,64.00325729345046,63.55181025564292,63.8721923828125,948800,0.0,0.0
2016-12-27 00:00:00-05:00,63.98143357050525,64.17802821876575,63.79211629626553,63.88677215576172,926600,0.0,0.0
2016-12-28 00:00:00-05:00,63.879482151494436,64.04695060481794,63.36978275320329,63.43531799316406,1359800,0.0,0.0
2016-12-29 00:00:00-05:00,63.35523138778362,63.7047341993773,62.88194100663877,63.093101501464844,1035700,0.0,0.0
2016-12-30 00:00:00-05:00,63.09309780057564,63.384353829984015,62.62709037562092,62.9183464050293,1374800,0.0,0.0
2017-01-03 00:00:00-05:00,63.57367831158786,64.01784259582504,63.0931104883832,63.19504928588867,2257900,0.0,0.0
2017-01-04 00:00:00-05:00,63.471726717565176,64.26539925841459,63.406197027486435,63.537261962890625,2306900,0.0,0.0
2017-01-05 00:00:00-05:00,63.537272568299194,64.16347119139232,63.100391229111516,63.15863800048828,2056300,0.0,0.0
2017-01-06 00:00:00-05:00,63.1877691517435,63.32611704958549,62.095562939933465,62.18294143676758,1989400,0.0,0.0
2017-01-09 00:00:00-05:00,61.826171099440046,61.826171099440046,60.981528751113835,61.178123474121094,2581900,0.0,0.0
2017-01-10 00:00:00-05:00,61.16355532326507,62.022757870254225,60.865016255763074,60.98880386352539,3697700,0.0,0.0
2017-01-11 00:00:00-05:00,61.098001607714046,62.32854982884285,61.01790606278745,61.81157302856445,3543500,0.0,0.0
2017-01-12 00:00:00-05:00,61.95720916371095,61.97905795228255,60.806756285079,61.41110610961914,2169400,0.0,0.0
2017-01-13 00:00:00-05:00,61.207212435363736,61.2800306009656,60.486358148923145,60.646549224853516,2242900,0.0,0.0
2017-01-17 00:00:00-05:00,60.58831174567244,61.636831368246646,60.49365588456405,60.84315872192383,2379700,0.0,0.0
2017-01-18 00:00:00-05:00,60.81402216255281,61.534882057454716,60.799461861505215,61.25818634033203,1967400,0.0,0.0
2017-01-19 00:00:00-05:00,61.1271115840357,61.221772968991424,60.20237984688111,60.4281005859375,1929600,0.0,0.0
2017-01-20 00:00:00-05:00,60.792179049772386,61.18537384176824,60.129577023531475,60.46451950073242,2068200,0.0,0.0
2017-01-23 00:00:00-05:00,60.63926811860975,60.70480335857063,59.72181364588112,59.85287857055664,2033700,0.0,0.0
2017-01-24 00:00:00-05:00,60.17328358980158,61.498493640368544,60.10775388019446,61.30189895629883,2398500,0.0,0.0
2017-01-25 00:00:00-05:00,61.68051734771716,62.10283836517346,61.5057659304153,61.89167785644531,1707900,0.0,0.0
2017-01-26 00:00:00-05:00,62.02273050943066,62.13922957944825,61.18537156989697,61.338279724121094,1618200,0.0,0.0
2017-01-27 00:00:00-05:00,61.170815693105496,61.41837970682511,60.071326822461664,60.267921447753906,2099300,0.0,0.0
2017-01-30 00:00:00-05:00,60.071337571000264,60.25337192727602,59.48154803434606,59.94755554199219,2375000,0.0,0.0
2017-01-31 00:00:00-05:00,59.70725120551814,59.97666397304137,59.08833568821746,59.43056106567383,2740200,0.0,0.0
2017-02-01 00:00:00-05:00,59.78736746005769,59.9402756604756,58.51312690132713,58.79710006713867,3030200,0.0,0.0
2017-02-02 00:00:00-05:00,58.928154966845916,59.16844162156486,58.418461052515156,59.015533447265625,3386800,0.0,0.0
2017-02-03 00:00:00-05:00,58.61505447072994,59.12474837446361,57.39178354652222,58.214576721191406,3672500,0.0,0.0
2017-02-06 00:00:00-05:00,58.25100418990078,58.38935210253137,57.522866637527024,57.62480545043945,3016700,0.0,0.0
2017-02-07 00:00:00-05:00,57.595658793186466,57.62478495155019,56.65636101813127,57.195186614990234,3255400,0.0,0.0
2017-02-08 00:00:00-05:00,56.97675323939678,57.5374166097119,56.656370996218044,57.42091751098633,3042800,0.0,0.0
2017-02-09 00:00:00-05:00,57.42091046030816,57.98157376177978,57.42091046030816,57.70488357543945,2596900,0.0,0.0
2017-02-10 00:00:00-05:00,57.828661853718295,58.23642251097257,57.799535695682515,58.149044036865234,2030700,0.0,0.0
2017-02-13 00:00:00-05:00,58.14904309292531,58.33836033946135,57.93788261702868,58.17816925048828,2111900,0.0,0.0
2017-02-14 00:00:00-05:00,58.23642730712891,58.323800233185366,57.63207197741874,58.236427307128906,2543900,0.0,0.0
2017-02-15 00:00:00-05:00,58.05437249051295,58.53494008003075,58.00340311654522,58.30921936035156,2272800,0.0,0.0
2017-02-16 00:00:00-05:00,58.41930803214867,58.48536292649212,57.538617169072964,57.61200714111328,2939200,0.63,0.0
2017-02-17 00:00:00-05:00,57.60469630828394,58.155129782701906,57.501949174336495,57.72946548461914,2219200,0.0,0.0
2017-02-21 00:00:00-05:00,58.037693432159784,58.26520409040204,57.802842094823326,58.00099563598633,2833700,0.0,0.0
2017-02-22 00:00:00-05:00,57.97896786689305,57.97896786689305,57.406518193968125,57.52394104003906,2017500,0.0,0.0
2017-02-23 00:00:00-05:00,57.97897388963243,58.235841641435954,57.50927125796398,57.6927490234375,1864600,0.0,0.0
2017-02-24 00:00:00-05:00,57.531302155084724,57.60469215986214,57.01756652234435,57.267093658447266,2225500,0.0,0.0
2017-02-27 00:00:00-05:00,57.391855679400585,58.1184318252167,57.24507567380247,57.87623977661133,2648400,0.0,0.0
2017-02-28 00:00:00-05:00,57.817511053154895,58.081719476494115,57.325791998333465,57.38450622558594,3243100,0.0,0.0
2017-03-01 00:00:00-05:00,57.91292799178835,58.73490484595975,57.8909059552253,58.250526428222656,3204500,0.0,0.0
2017-03-02 00:00:00-05:00,58.18447609076943,58.2358496481934,57.362499171985824,57.48726272583008,2550400,0.0,0.0
2017-03-03 00:00:00-05:00,57.6120192185957,58.00099119131779,57.377167899256115,57.494590759277344,1737700,0.0,0.0
2017-03-06 00:00:00-05:00,57.362491060395705,57.898242997871456,57.25240328168382,57.77347946166992,1848200,0.0,0.0
2017-03-07 00:00:00-05:00,57.69276296660502,57.839542974738755,56.79739035881336,56.86344528198242,2679200,0.0,0.0
2017-03-08 00:00:00-05:00,56.95886109490475,57.47259680716122,56.60658117842937,56.69465255737305,2817600,0.0,0.0
2017-03-09 00:00:00-05:00,56.52582674747916,56.80471653072078,55.98273413693557,56.39372253417969,2684500,0.0,0.0
2017-03-10 00:00:00-05:00,56.643268691972885,57.96431113954918,56.210258156651314,57.87623977661133,5038100,0.0,0.0
2017-03-13 00:00:00-04:00,57.91291907216564,58.3385831921028,57.76613351417308,57.98630905151367,2178700,0.0,0.0
2017-03-14 00:00:00-04:00,57.61202882707999,57.810182386106185,57.36250170835825,57.61936950683594,2343400,0.0,0.0
2017-03-15 00:00:00-04:00,57.93494340906015,58.918381584928774,57.93494340906015,58.822975158691406,2411800,0.0,0.0
2017-03-16 00:00:00-04:00,58.75692562548566,58.78628274377524,58.28722293144788,58.485382080078125,2474600,0.0,0.0
2017-03-17 00:00:00-04:00,58.61013952930133,58.77893594276467,58.441337516540784,58.668853759765625,2799600,0.0,0.0
2017-03-20 00:00:00-04:00,58.62482553361938,58.705556214793454,58.05237568478368,58.27989196777344,2285400,0.0,0.0
2017-03-21 00:00:00-04:00,58.33859767242148,58.55143258486642,57.435890063714844,57.68541717529297,4631300,0.0,0.0
2017-03-22 00:00:00-04:00,57.46524930318152,57.934952024083344,57.127645223191365,57.85422134399414,3026800,0.0,0.0
2017-03-23 00:00:00-04:00,57.66339657277133,58.118423483694464,57.5606494637399,57.597347259521484,2211800,0.0,0.0
2017-03-24 00:00:00-04:00,57.553307514945644,57.73678529121055,56.599226437946534,56.70930862426758,2359700,0.0,0.0
2017-03-27 00:00:00-04:00,56.489158272470455,57.0909653636706,56.26164754265678,56.69465255737305,2089300,0.0,0.0
2017-03-28 00:00:00-04:00,56.81206114525604,57.32579667740527,56.56986913754397,57.18635177612305,2388500,0.0,0.0
2017-03-29 00:00:00-04:00,57.10562318977718,57.61202366086445,56.90746964851991,57.47991943359375,2282000,0.0,0.0
2017-03-30 00:00:00-04:00,57.523968433379906,57.86890765678869,57.20105125343692,57.6780891418457,3241500,0.0,0.0
2017-03-31 00:00:00-04:00,57.60468051459961,58.29455873849933,57.545971882225174,58.140438079833984,2744100,0.0,0.0
2017-04-03 00:00:00-04:00,58.045018817212046,58.14043083160818,57.245058507778545,57.45789337158203,1711600,0.0,0.0
2017-04-04 00:00:00-04:00,57.61201197240033,57.6487097611459,57.00286451472088,57.560638427734375,1368100,0.0,0.0
2017-04-05 00:00:00-04:00,57.788152242640344,58.33125042983285,56.900120578886195,56.92947769165039,2867200,0.0,0.0
2017-04-06 00:00:00-04:00,56.94416047649179,56.98819895072172,56.25428783892697,56.4230842590332,3322400,0.0,0.0
2017-04-07 00:00:00-04:00,56.4817976223238,56.99553875225002,56.16621562513826,56.62124252319336,2484300,0.0,0.0
2017-04-10 00:00:00-04:00,56.88543715538353,57.72209515886343,56.87809647835764,57.2817497253418,2503900,0.0,0.0
2017-04-11 00:00:00-04:00,57.10562031346565,57.22304877592385,56.62124190406876,57.1569938659668,2042900,0.0,0.0
2017-04-12 00:00:00-04:00,57.34047624072412,57.435888273952656,56.701977122583514,56.790042877197266,2006100,0.0,0.0
2017-04-13 00:00:00-04:00,56.70196563392115,57.017547589040184,56.114834592068235,56.26895523071289,2606600,0.0,0.0
2017-04-17 00:00:00-04:00,56.26161830032958,56.51848602294922,56.195563400629446,56.51848602294922,1548800,0.0,0.0
2017-04-18 00:00:00-04:00,56.25428124483955,56.50380830593761,55.51302954101258,55.72586441040039,2326300,0.0,0.0
2017-04-19 00:00:00-04:00,55.73321250890181,55.88733317291706,55.14608137039822,55.285526275634766,2511300,0.0,0.0
2017-04-20 00:00:00-04:00,55.410295089872754,56.04879984374176,55.285531530852914,55.593772888183594,1682300,0.0,0.0
2017-04-21 00:00:00-04:00,55.48369658743461,56.21026725151207,55.48369658743461,56.03413009643555,2561100,0.0,0.0
2017-04-24 00:00:00-04:00,56.59921979169421,56.94415326715809,56.320330020970296,56.88544464111328,2483300,0.0,0.0
2017-04-25 00:00:00-04:00,56.95148464801769,57.37715431330962,56.69461695320214,57.30376434326172,2632800,0.0,0.0
2017-04-26 00:00:00-04:00,57.19371283862045,57.89826707636785,56.99555923396936,57.3258171081543,2977500,0.0,0.0
2017-04-27 00:00:00-04:00,57.25239261653422,57.34045834366096,56.459767476617685,57.2817497253418,3001200,0.0,0.0
2017-04-28 00:00:00-04:00,58.419333623000185,59.40277759688953,58.03036156142919,58.389976501464844,5260800,0.0,0.0
2017-05-01 00:00:00-04:00,58.36061937992951,58.969767053366326,58.21383937155123,58.389976501464844,2632700,0.0,0.0
2017-05-02 00:00:00-04:00,58.66151893548022,58.76426604939816,58.023014213877744,58.1697998046875,2202900,0.0,0.0
2017-05-03 00:00:00-04:00,57.912944430969205,58.529427246592704,57.78817525221773,58.4119987487793,1946200,0.0,0.0
2017-05-04 00:00:00-04:00,58.19915706289785,58.19915706289785,57.245070317880725,57.421207427978516,2163800,0.0,0.0
2017-05-05 00:00:00-04:00,57.487271875725014,58.29457316343686,57.47993119512527,58.23585891723633,1764000,0.0,0.0
2017-05-08 00:00:00-04:00,58.03036691477707,58.514751065847335,57.82487264437111,58.44869613647461,1867800,0.0,0.0
2017-05-09 00:00:00-04:00,58.37527865744098,58.79360768229675,58.25785021572188,58.4193115234375,1455800,0.0,0.0
2017-05-10 00:00:00-04:00,58.54409852146198,58.74225769650744,58.31658782351209,58.529422760009766,1690500,0.0,0.0
2017-05-11 00:00:00-04:00,58.639508442476476,58.727574206594056,58.133107901607076,58.360618591308594,1440400,0.0,0.0
2017-05-12 00:00:00-04:00,58.32392168988397,58.69821795511959,58.19915813457139,58.558773040771484,1439900,0.0,0.0
2017-05-15 00:00:00-04:00,58.92573173205401,59.21195665605503,58.58813324731686,58.800968170166016,1725800,0.0,0.0
2017-05-16 00:00:00-04:00,58.81579155334757,58.83800205052475,57.91252701046654,58.14944839477539,2011800,0.7,0.0
2017-05-17 00:00:00-04:00,58.149434941570476,58.327124526529765,57.475686556930995,57.50530242919922,2208700,0.0,0.0
2017-05-18 00:00:00-04:00,57.29058165302143,57.7051981441992,56.868565431547836,57.41645050048828,2534400,0.0,0.0
2017-05-19 00:00:00-04:00,57.497893931103135,58.14202069661643,57.26837236818132,57.934715270996094,2293200,0.0,0.0
2017-05-22 00:00:00-04:00,57.979138435461664,58.33452321325221,57.90510158761138,58.15683364868164,1386600,0.0,0.0
2017-05-23 00:00:00-04:00,58.30491125922504,58.33452713008357,57.81625786303392,57.85327911376953,2977000,0.0,0.0
2017-05-24 00:00:00-04:00,57.831072659122285,58.20126259771676,57.68299894314456,57.95693588256836,1424900,0.0,0.0
2017-05-25 00:00:00-04:00,58.12722264900011,58.401159573858195,57.172131980372185,57.32020568847656,2765100,0.0,0.0
2017-05-26 00:00:00-04:00,57.47567884214446,57.6829899201953,57.120299719927345,57.33501052856445,2300400,0.0,0.0
2017-05-30 00:00:00-04:00,57.216559931620736,57.512713032548604,56.8759858425814,57.009254455566406,1920200,0.0,0.0
2017-05-31 00:00:00-04:00,56.93521589753526,57.17954262217593,56.26887285244725,56.35031509399414,3842300,0.0,0.0
2017-06-01 00:00:00-04:00,56.55021004512556,56.794536747567065,56.19483088580146,56.7279052734375,2503800,0.0,0.0
2017-06-02 00:00:00-04:00,56.39474059457359,56.868583320417635,56.157819231651565,56.54281997680664,2150900,0.0,0.0
2017-06-05 00:00:00-04:00,56.40952561860385,57.17952110892987,56.40952561860385,56.90557861328125,2251900,0.0,0.0
2017-06-06 00:00:00-04:00,56.77972472408401,57.08327748369308,56.50578218360575,57.038856506347656,1707200,0.0,0.0
2017-06-07 00:00:00-04:00,56.74271200211329,57.12771269244608,56.528001164937315,56.97963333129883,2556000,0.0,0.0
2017-06-08 00:00:00-04:00,56.97963949666017,57.70521432316584,56.861181643574945,57.3054084777832,2434700,0.0,0.0
2017-06-09 00:00:00-04:00,57.27578292411305,59.008268979371806,57.23136194279351,58.91202163696289,2832800,0.0,0.0
2017-06-12 00:00:00-04:00,58.9120102755291,59.58575848840541,58.9120102755291,59.3858528137207,2971200,0.0,0.0
2017-06-13 00:00:00-04:00,59.445096691543064,59.77086562136819,59.15634901234344,59.69682312011719,1843100,0.0,0.0
2017-06-14 00:00:00-04:00,59.667211313214615,59.7042325663616,58.30491505688829,58.327125549316406,2810800,0.0,0.0
2017-06-15 00:00:00-04:00,58.20125688569617,58.771346849775504,58.14202514565816,58.54923629760742,2157300,0.0,0.0
2017-06-16 00:00:00-04:00,58.80836320243907,59.95595406335365,58.64547875522289,59.92633819580078,4870900,0.0,0.0
2017-06-19 00:00:00-04:00,59.96334640179624,60.35574671336266,59.85969370246354,60.148441314697266,2757400,0.0,0.0
2017-06-20 00:00:00-04:00,59.452517063170696,59.67462767698263,58.4233893011505,58.89723205566406,2299700,0.0,0.0
2017-06-21 00:00:00-04:00,58.897203543855255,59.06008232234148,58.21604997141486,58.40855026245117,2073900,0.0,0.0
2017-06-22 00:00:00-04:00,58.50481075928429,58.793564085191996,58.21606308202632,58.42337417602539,1016100,0.0,0.0
2017-06-23 00:00:00-04:00,58.35671918559364,59.50430981206485,58.341914079166344,59.430267333984375,2696600,0.0,0.0
2017-06-26 00:00:00-04:00,59.437685478459635,59.71162801971414,59.27480102953259,59.4080696105957,1512900,0.0,0.0
2017-06-27 00:00:00-04:00,59.51913750705457,60.19288590247981,59.408079396433365,59.63019561767578,1653900,0.0,0.0
2017-06-28 00:00:00-04:00,59.970763347079426,60.80739048124706,59.96335796751347,60.5556640625,2317500,0.0,0.0
2017-06-29 00:00:00-04:00,60.78517140295983,61.31824568340059,60.55565550668902,60.61488723754883,2514000,0.0,0.0
2017-06-30 00:00:00-04:00,60.94806519068962,61.53296591322075,60.651912139596064,61.222007751464844,2458700,0.0,0.0
2017-07-03 00:00:00-04:00,61.42931017165859,62.09565309168721,61.39228892384892,61.7032470703125,1076900,0.0,0.0
2017-07-05 00:00:00-04:00,61.63663453681245,61.63663453681245,60.822217672662866,60.95548629760742,1974200,0.0,0.0
2017-07-06 00:00:00-04:00,61.007294976295675,61.155368672774166,60.481626010552766,60.62969970703125,1590800,0.0,0.0
2017-07-07 00:00:00-04:00,60.651917894293504,61.318260910314706,60.37798095617657,61.15537643432617,1710800,0.0,0.0
2017-07-10 00:00:00-04:00,61.06651897839682,61.35526660400573,60.95546089578215,61.05170822143555,1498700,0.0,0.0
2017-07-11 00:00:00-04:00,60.9184484671801,61.26642787369072,60.64451155889265,60.97768020629883,1365400,0.0,0.0
2017-07-12 00:00:00-04:00,61.32565910384852,61.525559160903285,60.64451105558478,60.888832092285156,1606000,0.0,0.0
2017-07-13 00:00:00-04:00,60.66671821872003,60.896234132502755,60.05220167362201,60.50383377075195,2318400,0.0,0.0
2017-07-14 00:00:00-04:00,60.60747697572426,60.97026141287476,60.45199793123119,60.85920333862305,1435800,0.0,0.0
2017-07-17 00:00:00-04:00,60.65189585219539,60.87401199303111,60.44459046669437,60.57045364379883,1843700,0.0,0.0
2017-07-18 00:00:00-04:00,60.777762059872586,60.80737792337063,60.348346160771904,60.681514739990234,1339100,0.0,0.0
2017-07-19 00:00:00-04:00,60.6741151685364,61.40709515080117,60.60748370577539,61.39228439331055,1666200,0.0,0.0
2017-07-20 00:00:00-04:00,61.42931233194247,61.54037043062771,60.70373764936185,60.97768020629883,1167700,0.0,0.0
2017-07-21 00:00:00-04:00,60.940655984383206,61.69584649968353,60.69633495757358,61.34046173095703,2190600,0.0,0.0
2017-07-24 00:00:00-04:00,61.22199486154161,61.46631585225258,61.09612602848928,61.192378997802734,1417900,0.0,0.0
2017-07-25 00:00:00-04:00,61.60702339653871,62.69538297583472,61.60702339653871,62.52509307861328,2335600,0.0,0.0
2017-07-26 00:00:00-04:00,62.70275995411148,62.72497044180711,61.91055388395634,61.96977996826172,1753700,0.0,0.0
2017-07-27 00:00:00-04:00,61.843921492338836,62.88045430355527,61.70324752799786,62.569496154785156,2188400,0.0,0.0
2017-07-28 00:00:00-04:00,62.36959497618501,62.67315341627268,61.814310106546415,61.93277359008789,2169400,0.0,0.0
2017-07-31 00:00:00-04:00,62.10305657663362,62.48065186225142,62.00680923461914,62.00680923461914,3641500,0.0,0.0
2017-08-01 00:00:00-04:00,62.221514881493654,63.5319845538756,62.19189901364925,63.39871597290039,2696700,0.0,0.0
2017-08-02 00:00:00-04:00,63.265452163555615,64.63515932358216,63.21362580308134,64.16871643066406,2952400,0.0,0.0
2017-08-03 00:00:00-04:00,64.24274244064647,64.50187984793833,63.369094191043246,63.41352081298828,2430100,0.0,0.0
2017-08-04 00:00:00-04:00,63.44314774032958,63.81333764541046,63.36170550931981,63.37651062011719,2087500,0.0,0.0
2017-08-07 00:00:00-04:00,63.32467432319449,63.36909529726629,62.843426392371136,62.984100341796875,2187200,0.0,0.0
2017-08-08 00:00:00-04:00,62.81383297452725,63.16181245884371,62.58431699493588,62.94710159301758,1848000,0.0,0.0
2017-08-09 00:00:00-04:00,62.93227510284422,63.34688593124826,62.42881667607551,62.55467987060547,2297100,0.0,0.0
2017-08-10 00:00:00-04:00,62.50285308233508,62.747179739651926,61.806900003590066,61.925357818603516,1850500,0.0,0.0
2017-08-11 00:00:00-04:00,61.51815290360452,62.04382751560772,61.42190556619589,61.77729034423828,1858200,0.0,0.0
2017-08-14 00:00:00-04:00,61.89574480960484,62.41401401407582,61.77728698912375,62.103050231933594,1758700,0.0,0.0
2017-08-15 00:00:00-04:00,62.0068167541248,62.25114347730968,61.629221422716384,61.95499038696289,1907600,0.0,0.0
2017-08-16 00:00:00-04:00,62.20135612765112,62.32828676642427,61.79071560265368,61.99230194091797,2138400,0.7,0.0
2017-08-17 00:00:00-04:00,61.723535314722646,61.97739097393027,60.3945426940918,60.3945426940918,2359100,0.0,0.0
2017-08-18 00:00:00-04:00,60.32734787775529,61.350221255277994,60.27508431610304,60.894779205322266,2288900,0.0,0.0
2017-08-21 00:00:00-04:00,60.78279471855379,61.25316681049831,60.58120261036225,61.14863967895508,1686900,0.0,0.0
2017-08-22 00:00:00-04:00,61.312882648468104,61.671259666612976,61.215817696483036,61.39501190185547,1709100,0.0,0.0
2017-08-23 00:00:00-04:00,61.200885790088925,61.708591296914975,61.133686541089986,61.492069244384766,1159800,0.0,0.0
2017-08-24 00:00:00-04:00,61.26808416073946,63.022658569855665,61.26808416073946,62.61948013305664,2463200,0.0,0.0
2017-08-25 00:00:00-04:00,62.94053478685712,63.34370756242208,62.24617281247184,62.28350067138672,1778600,0.0,0.0
2017-08-28 00:00:00-04:00,62.798666288047215,63.16451115911397,62.3581543158525,62.45521926879883,2285600,0.0,0.0
2017-08-29 00:00:00-04:00,62.343223571777344,62.70906843849204,62.15656721377801,62.343223571777344,1696800,0.0,0.0
2017-08-30 00:00:00-04:00,62.34322723303301,62.52241575227165,61.932580942798296,62.41788864135742,1853600,0.0,0.0
2017-08-31 00:00:00-04:00,62.694131674736994,62.70159952321556,62.05950126524339,62.574668884277344,2446000,0.0,0.0
2017-09-01 00:00:00-04:00,62.61947020921857,63.171971373731644,62.11176474292836,63.03757858276367,2048800,0.0,0.0
2017-09-05 00:00:00-04:00,62.95546584393448,63.01519725475806,61.71607039899995,62.14910888671875,2491400,0.0,0.0
2017-09-06 00:00:00-04:00,62.44774743600768,62.67919948510033,62.104300438667096,62.23869323730469,1885900,0.0,0.0
2017-09-07 00:00:00-04:00,62.328301894922305,62.865867492872944,62.05204839751514,62.74641036987305,1853200,0.0,0.0
2017-09-08 00:00:00-04:00,62.73892863135623,63.54528539423373,62.68666508355673,63.239166259765625,1936700,0.0,0.0
2017-09-11 00:00:00-04:00,63.38851557824052,63.77675838998653,63.03760062930203,63.605037689208984,1508900,0.0,0.0
2017-09-12 00:00:00-04:00,63.61250049473264,64.09034043544733,63.52290906603703,64.00821685791016,1567300,0.0,0.0
2017-09-13 00:00:00-04:00,64.12765286530924,64.5532291002932,63.85139942648476,64.47109985351562,1748100,0.0,0.0
2017-09-14 00:00:00-04:00,64.3441889707969,64.77723314912872,64.17246259100988,64.38898468017578,2002600,0.0,0.0
2017-09-15 00:00:00-04:00,64.43378410167668,65.56865237596719,64.42631625157657,65.45665740966797,4363600,0.0,0.0
2017-09-18 00:00:00-04:00,65.4118660323519,65.96436735402635,65.32973676471502,65.93450164794922,1815900,0.0,0.0
2017-09-19 00:00:00-04:00,65.97929540376875,66.68111947813917,65.7179719299741,66.51686096191406,1928600,0.0,0.0
2017-09-20 00:00:00-04:00,66.47206453452695,66.83044726570024,66.27794031779557,66.5019302368164,2279000,0.0,0.0
2017-09-21 00:00:00-04:00,66.37501829555536,66.97978322073216,66.30035687333499,66.55420684814453,2035700,0.0,0.0
2017-09-22 00:00:00-04:00,66.55418199894619,67.27094163798915,66.4645849079536,67.11415100097656,2036600,0.0,0.0
2017-09-25 00:00:00-04:00,67.1738948701198,68.31623093500194,67.08429776248774,67.95038604736328,2039700,0.0,0.0
2017-09-26 00:00:00-04:00,68.0549084561042,68.45061901894664,67.8757199495208,68.20423126220703,1986500,0.0,0.0
2017-09-27 00:00:00-04:00,68.23411817389707,68.74929169880821,67.62935321599389,68.54023742675781,2468200,0.0,0.0
2017-09-28 00:00:00-04:00,68.67462129888672,68.8314119824368,68.15944784129292,68.53276062011719,2197400,0.0,0.0
2017-09-29 00:00:00-04:00,68.43571002598047,68.74929143284295,68.20425220027579,68.39837646484375,1947300,0.0,0.0
2017-10-02 00:00:00-04:00,68.21171858830115,69.18979634904095,68.09972360359546,68.97327423095703,1929500,0.0,0.0
2017-10-03 00:00:00-04:00,70.03347057464882,70.69796677975027,69.62282429226016,69.90653991699219,2606100,0.0,0.0
2017-10-04 00:00:00-04:00,69.7273593312053,69.96627927823079,69.25698728758351,69.7572250366211,2214300,0.0,0.0
2017-10-05 00:00:00-04:00,69.83188661286033,70.27239864838187,69.51083739927714,69.68256378173828,2046000,0.0,0.0
2017-10-06 00:00:00-04:00,69.264447146076,69.68256131173864,68.99566719884376,69.3017807006836,1769400,0.0,0.0
2017-10-09 00:00:00-04:00,69.77216915328813,70.00362699299994,69.46605557938827,69.67510986328125,1238700,0.0,0.0
2017-10-10 00:00:00-04:00,69.92892422010648,70.18277407295552,69.6750686709588,69.78706359863281,1109900,0.0,0.0
2017-10-11 00:00:00-04:00,69.78710272448895,70.14547985841011,69.37645632488984,69.94389343261719,1644300,0.0,0.0
2017-10-12 00:00:00-04:00,69.7721643968262,70.5262578948629,69.6825729648665,70.43666076660156,1692800,0.0,0.0
2017-10-13 00:00:00-04:00,70.69797708751625,70.92942919153546,70.3470621580026,70.50385284423828,1608600,0.0,0.0
2017-10-16 00:00:00-04:00,69.8094707171723,70.02599275375475,67.71891744391368,67.8458480834961,3563000,0.0,0.0
2017-10-17 00:00:00-04:00,67.71145789065966,68.01757133599168,67.49493584576646,67.66665649414062,2398400,0.0,0.0
2017-10-18 00:00:00-04:00,67.7488164009378,67.85334354628527,67.12165352885299,67.37550354003906,1942200,0.0,0.0
2017-10-19 00:00:00-04:00,66.97975943912886,67.62932554404628,66.6437803102781,67.48746490478516,1899800,0.0,0.0
2017-10-20 00:00:00-04:00,67.78614176786115,67.96533032445784,67.487490375999,67.79360961914062,2109800,0.0,0.0
2017-10-23 00:00:00-04:00,67.86079067590227,68.51035690617762,67.71893000926386,68.12210845947266,2036000,0.0,0.0
2017-10-24 00:00:00-04:00,68.1519681768748,68.60741014379542,67.6965262099542,68.56261444091797,1425700,0.0,0.0
2017-10-25 00:00:00-04:00,68.55515935843528,68.95086999767766,68.11465300797333,68.47303009033203,2187400,0.0,0.0
2017-10-26 00:00:00-04:00,68.32369642002055,68.68954129499726,67.79359303488691,68.07730865478516,1683300,0.0,0.0
2017-10-27 00:00:00-04:00,67.98025898248086,68.74928239183141,67.34562270442567,68.68208312988281,2082900,0.0,0.0
2017-10-30 00:00:00-04:00,68.37595405447026,68.92845524383313,67.93544211570149,67.95783996582031,1922900,0.0,0.0
2017-10-31 00:00:00-04:00,67.89812029253443,68.2714330177913,67.41281261044048,68.00264739990234,1442200,0.0,0.0
2017-11-01 00:00:00-04:00,67.96531097046022,69.17484619973553,67.88318171867796,68.91352844238281,2152200,0.0,0.0
2017-11-02 00:00:00-04:00,68.84632792375952,69.88413678119042,68.62234371999948,69.77960968017578,1822800,0.0,0.0
2017-11-03 00:00:00-04:00,69.68254532254927,70.49636422029201,69.48095328800609,69.86920166015625,1868100,0.0,0.0
2017-11-06 00:00:00-05:00,69.87668440299448,70.89209563449317,69.65270014964395,70.50385284423828,1927100,0.0,0.0
2017-11-07 00:00:00-05:00,70.68302932496532,70.83235783135225,70.14545809457245,70.60836791992188,1370900,0.0,0.0
2017-11-08 00:00:00-05:00,70.57104127384372,70.68303624051637,70.19772851580194,70.59344482421875,2035400,0.0,0.0
2017-11-09 00:00:00-05:00,69.89161122519013,70.65316670391441,69.89161122519013,70.49637603759766,1532600,0.0,0.0
2017-11-10 00:00:00-05:00,70.41423410467452,70.5635625906918,69.67507661186167,69.9289321899414,1347800,0.0,0.0
2017-11-13 00:00:00-05:00,69.92896556250987,70.33960627835621,69.58551272891197,69.67510986328125,1264000,0.0,0.0
2017-11-14 00:00:00-05:00,69.13005564794294,69.72735835529718,68.98073281925477,69.30924987792969,1774800,0.0,0.0
2017-11-15 00:00:00-05:00,68.8388588589992,69.48095715177764,68.27888981503891,69.1151123046875,1766000,0.0,0.0
2017-11-16 00:00:00-05:00,69.2129189431696,69.7696299449435,68.86685503721809,69.5589828491211,2197900,0.7,0.0
2017-11-17 00:00:00-05:00,69.39346794418844,70.10816995775994,69.19034561299175,69.70191955566406,1340700,0.0,0.0
2017-11-20 00:00:00-05:00,69.5815472752495,69.95018541099633,69.32576317097055,69.67935180664062,919600,0.0,0.0
2017-11-21 00:00:00-05:00,69.91259512659748,70.74766478125089,69.85993333484929,70.43169403076172,1509100,0.0,0.0
2017-11-22 00:00:00-05:00,70.46929570899758,70.68746759617235,69.73954974768635,70.18341827392578,1414100,0.0,0.0
2017-11-24 00:00:00-05:00,70.21350829751361,70.6122340336943,70.18341503104854,70.44672393798828,605700,0.0,0.0
2017-11-27 00:00:00-05:00,70.37148816836947,70.44671845882908,69.62669853532378,69.82229614257812,2066200,0.0,0.0
2017-11-28 00:00:00-05:00,70.31131182339347,70.88307244516115,69.84487477146402,70.75518035888672,1584200,0.0,0.0
2017-11-29 00:00:00-05:00,70.75516981779681,71.4999594477527,70.75516981779681,71.40216064453125,2004100,0.0,0.0
2017-11-30 00:00:00-05:00,71.46985223873781,73.4935793651499,71.40966572248195,73.3957748413086,3332600,0.0,0.0
2017-12-01 00:00:00-05:00,73.71175666770176,73.84717346950463,71.73316641137653,73.40330505371094,2329600,0.0,0.0
2017-12-04 00:00:00-05:00,72.96697188720994,74.74243432645231,72.96697188720994,73.37322235107422,1953800,0.0,0.0
2017-12-05 00:00:00-05:00,73.53873068826427,74.74243254903178,73.3807453571357,73.929931640625,1820200,0.0,0.0
2017-12-06 00:00:00-05:00,73.81707395162495,74.1932310647789,73.19265176626088,73.41834259033203,1612400,0.0,0.0
2017-12-07 00:00:00-05:00,73.35065682490891,73.94498591256234,73.21523999810555,73.62149047851562,1485700,0.0,0.0
2017-12-08 00:00:00-05:00,74.11800992956468,75.13363893072935,73.87726955840564,74.89289855957031,2360000,0.0,0.0
2017-12-11 00:00:00-05:00,74.75748121781757,75.41951579893654,74.75748121781757,75.02079010009766,1299500,0.0,0.0
2017-12-12 00:00:00-05:00,75.14116454953381,75.32924316040642,74.47912990555554,74.53179168701172,1670400,0.0,0.0
2017-12-13 00:00:00-05:00,74.72738300268969,75.52483434752784,74.4715931484927,75.22390747070312,1912700,0.0,0.0
2017-12-14 00:00:00-05:00,75.11858942894887,75.57750165829941,74.89289855957031,74.89289855957031,1455900,0.0,0.0
2017-12-15 00:00:00-05:00,75.23141300940068,75.53986455779585,74.91544245228951,75.17122650146484,2957300,0.0,0.0
2017-12-18 00:00:00-05:00,75.17124212750883,75.54739927074861,74.98316355588895,75.21638488769531,1833000,0.0,0.0
2017-12-19 00:00:00-05:00,75.26154927886567,75.33677958693245,74.53180323723826,74.58446502685547,1552300,0.0,0.0
2017-12-20 00:00:00-05:00,74.96814833147333,75.96872809088,74.64465283556383,75.77312469482422,2223100,0.0,0.0
2017-12-21 00:00:00-05:00,75.73549638861671,75.86338847110808,75.16374152346566,75.29163360595703,2359900,0.0,0.0
2017-12-22 00:00:00-05:00,75.72043190133505,76.19438782187419,75.46464206665352,75.90098571777344,1092600,0.0,0.0
2017-12-26 00:00:00-05:00,76.08907566047343,76.59312491573253,75.87842855318326,76.4652328491211,900400,0.0,0.0
2017-12-27 00:00:00-05:00,76.59311801685502,77.05955495505847,76.18686760094285,76.78119659423828,1226000,0.0,0.0
2017-12-28 00:00:00-05:00,76.81130195430312,76.85644472298358,76.29972791365205,76.70597839355469,1258300,0.0,0.0
2017-12-29 00:00:00-05:00,76.9241403807064,76.9542336427248,76.09659576416016,76.09659576416016,1267600,0.0,0.0
2018-01-02 00:00:00-05:00,76.48029097446289,76.60818305549483,76.03642245716442,76.5479965209961,1222300,0.0,0.0
2018-01-03 00:00:00-05:00,76.32229961675546,77.3379287287951,76.29221208931627,77.0595703125,1351700,0.0,0.0
2018-01-04 00:00:00-05:00,77.03700134325027,77.27774173927246,76.60065758180261,76.84892272949219,1110600,0.0,0.0
2018-01-05 00:00:00-05:00,76.88652520653172,76.99937350834084,76.46523100212758,76.85643768310547,1752500,0.0,0.0
2018-01-08 00:00:00-05:00,77.11221672713768,77.11221672713768,76.32980915645899,76.78119659423828,1236500,0.0,0.0
2018-01-09 00:00:00-05:00,76.66083796320402,76.92414685339232,76.26211225238981,76.52542114257812,1537000,0.0,0.0
2018-01-10 00:00:00-05:00,76.6758763399012,77.04451449997494,76.20944512138793,76.79624938964844,977500,0.0,0.0
2018-01-11 00:00:00-05:00,77.20247519293028,77.20247519293028,76.36740608075704,77.01439666748047,1358600,0.0,0.0
2018-01-12 00:00:00-05:00,77.14231204568162,79.06071014233329,77.11221878373338,78.9704360961914,1849300,0.0,0.0
2018-01-16 00:00:00-05:00,78.64693234973431,78.91024118917994,77.61625976138748,77.8645248413086,2601200,0.0,0.0
2018-01-17 00:00:00-05:00,78.2030873572627,80.42994325354422,78.1128132936999,79.86570739746094,2333400,0.0,0.0
2018-01-18 00:00:00-05:00,80.06881186136769,80.06881186136769,78.65446303159989,79.21117401123047,1514000,0.0,0.0
2018-01-19 00:00:00-05:00,79.39174205490119,79.48202185413103,78.85759949045791,79.46697235107422,1657500,0.0,0.0
2018-01-22 00:00:00-05:00,79.43684727863398,80.36219619619881,79.2863867465314,80.24182891845703,1348000,0.0,0.0
2018-01-23 00:00:00-05:00,80.42240142822266,80.75341582385272,80.16661157645567,80.42240142822266,1436500,0.0,0.0
2018-01-24 00:00:00-05:00,80.66315028116354,80.85122887975244,78.09023642999607,78.71465301513672,1945300,0.0,0.0
2018-01-25 00:00:00-05:00,79.00053840244897,79.24127878589297,78.21813072133006,78.36859130859375,1864000,0.0,0.0
2018-01-26 00:00:00-05:00,78.7071390942035,80.43745886930877,78.63190305813934,80.18919372558594,2645100,0.0,0.0
2018-01-29 00:00:00-05:00,79.8355941248726,80.07633446688972,78.20306776150083,78.42876434326172,2563500,0.0,0.0
2018-01-30 00:00:00-05:00,77.52600161380094,78.00748237309598,76.65331415026407,76.94671630859375,2049800,0.0,0.0
2018-01-31 00:00:00-05:00,77.18746316098473,77.45077207647597,76.46524196147855,77.03700256347656,3388700,0.0,0.0
2018-02-01 00:00:00-05:00,76.98432860805246,77.48085309308489,74.98316968732325,75.87842559814453,3243600,0.0,0.0
2018-02-02 00:00:00-05:00,76.05898843900947,76.05898843900947,72.28237249042873,72.98202514648438,4492300,0.0,0.0
2018-02-05 00:00:00-05:00,72.08677331537987,74.90795261817293,70.3790219695589,71.62786102294922,4252500,0.0,0.0
2018-02-06 00:00:00-05:00,69.8749660517669,72.97450374086833,69.73954921729879,72.88422393798828,2894200,0.0,0.0
2018-02-07 00:00:00-05:00,72.8390716032237,73.79450825589612,71.91372247215278,71.92877197265625,2199700,0.0,0.0
2018-02-08 00:00:00-05:00,71.83850868101052,71.86107719724416,69.5213844256609,69.54395294189453,2621100,0.0,0.0
2018-02-09 00:00:00-05:00,70.05552865559898,70.81536217180063,67.06131440519964,69.66432189941406,2679300,0.0,0.0
2018-02-12 00:00:00-05:00,70.31128934823573,71.29681918228289,69.67182338156618,70.40908813476562,1809000,0.0,0.0
2018-02-13 00:00:00-05:00,70.145788258564,70.93572062050015,69.93514115930182,70.53699493408203,1441200,0.0,0.0
2018-02-14 00:00:00-05:00,70.25863800170195,70.57460865708433,68.70134749765673,70.2135009765625,4091300,0.0,0.0
2018-02-15 00:00:00-05:00,70.70251130437244,71.01848198139923,68.92704882435969,69.79220581054688,2639600,0.0,0.0
2018-02-16 00:00:00-05:00,69.5723732761147,70.43653174338475,68.94320354438638,69.73155975341797,2220500,0.7,0.0
2018-02-20 00:00:00-05:00,69.70123809426538,70.17880331226296,68.42016430764625,68.97352600097656,2957100,0.0,0.0
2018-02-21 00:00:00-05:00,69.02659630304768,69.3828733225209,67.88954493877604,67.90470886230469,2256700,0.0,0.0
2018-02-22 00:00:00-05:00,68.29888465373232,69.13272117066474,67.91228556754513,68.32162475585938,2905600,0.0,0.0
2018-02-23 00:00:00-05:00,68.67029373434846,69.6330001032557,68.3064406718271,69.61026000976562,2922000,0.0,0.0
2018-02-26 00:00:00-05:00,70.20911644301906,70.67151768046736,69.70881118938348,70.13330841064453,3391100,0.0,0.0
2018-02-27 00:00:00-05:00,70.3228185348528,71.06569447240776,69.81493709302518,69.8301010131836,3183100,0.0,0.0
2018-02-28 00:00:00-05:00,70.45927136444257,70.52749744473338,68.48080178613239,68.50354766845703,3233800,0.0,0.0
2018-03-01 00:00:00-05:00,68.63239288567213,69.67847762965282,67.84403690252469,68.8825454711914,3431900,0.0,0.0
2018-03-02 00:00:00-05:00,68.2761272051857,69.46624044199169,68.06387859480108,69.2615737915039,1903800,0.0,0.0
2018-03-05 00:00:00-05:00,68.99628051358015,70.6639594695027,68.73096966112557,70.54267120361328,2953300,0.0,0.0
2018-03-06 00:00:00-05:00,70.91408234343461,71.49018401398725,70.30765283582717,71.20213317871094,2056500,0.0,0.0
2018-03-07 00:00:00-05:00,70.51991928101361,72.04356961167643,70.5123373198305,71.42198181152344,1791400,0.0,0.0
2018-03-08 00:00:00-05:00,71.42955269894104,72.18758676616243,70.91408930189687,72.15726470947266,2101300,0.0,0.0
2018-03-09 00:00:00-05:00,72.77128426784066,72.99111488306748,72.33920499883403,72.70306396484375,1776400,0.0,0.0
2018-03-12 00:00:00-04:00,72.55144651438671,72.96078564212011,71.92985875375633,72.00566101074219,1310600,0.0,0.0
2018-03-13 00:00:00-04:00,72.09661634255549,72.86223232461495,71.3385823200564,71.672119140625,1735500,0.0,0.0
2018-03-14 00:00:00-04:00,71.89196531707542,72.24824233903342,71.26280128646393,71.4144058227539,1607800,0.0,0.0
2018-03-15 00:00:00-04:00,71.7403587456428,72.14969792202433,70.68669163329379,71.60391235351562,2688200,0.0,0.0
2018-03-16 00:00:00-04:00,71.71760301127848,72.7864280305086,71.69486291477116,72.6120834350586,3193400,0.0,0.0
2018-03-19 00:00:00-04:00,72.11937725192004,72.35436601604474,71.17183445033045,71.55843353271484,1778400,0.0,0.0
2018-03-20 00:00:00-04:00,71.77066972555613,72.69547226456788,71.69486747126724,72.08904266357422,2011800,0.0,0.0
2018-03-21 00:00:00-04:00,72.27097526475,73.51415662891968,72.16485094321654,72.8849868774414,1623300,0.0,0.0
2018-03-22 00:00:00-04:00,72.18761358781306,72.9380659738609,71.63424596846505,71.78585052490234,1401500,0.0,0.0
2018-03-23 00:00:00-04:00,72.10421015182577,72.90014253625012,70.55781979779074,70.79280853271484,1743600,0.0,0.0
2018-03-26 00:00:00-04:00,71.80857755576471,72.85466260049361,71.24762812090253,72.77127838134766,1618800,0.0,0.0
2018-03-27 00:00:00-04:00,73.02144360185468,73.74915581686737,72.11179899558189,72.55146026611328,1533100,0.0,0.0
2018-03-28 00:00:00-04:00,72.59694421019579,73.2033739789354,71.41441252283072,71.50537872314453,2399200,0.0,0.0
2018-03-29 00:00:00-04:00,71.9601726045892,73.1502858318673,71.914692412254,72.71062469482422,1553000,0.0,0.0
2018-04-02 00:00:00-04:00,72.64241556474332,72.93046646601444,70.78522838678653,71.975341796875,1677600,0.0,0.0
2018-04-03 00:00:00-04:00,72.31647191521739,72.99870392809864,71.84648857671195,72.9077377319336,1511100,0.0,0.0
2018-04-04 00:00:00-04:00,72.00566818055694,72.9456347674695,70.25461100145745,72.76370239257812,2492100,0.0,0.0
2018-04-05 00:00:00-04:00,73.33979909650549,74.48443220561593,72.96836400723856,74.11299133300781,1856800,0.0,0.0
2018-04-06 00:00:00-04:00,73.87800400495699,74.20395890508351,72.71063077620953,73.5065689086914,2596300,0.0,0.0
2018-04-09 00:00:00-04:00,73.7794647450902,74.8103916452962,73.52931208915604,74.09025573730469,1401200,0.0,0.0
2018-04-10 00:00:00-04:00,75.12876149465764,76.45532119404199,74.94683492664907,75.992919921875,1825300,0.0,0.0
2018-04-11 00:00:00-04:00,75.76548869379914,78.0168503824271,75.76548869379914,77.73638153076172,2247500,0.0,0.0
2018-04-12 00:00:00-04:00,77.91075676656035,78.28977387928606,77.24368873016631,77.79705047607422,2031600,0.0,0.0
2018-04-13 00:00:00-04:00,78.28976324959018,78.97957707709658,77.85768403108159,78.63845825195312,1496600,0.0,0.0
2018-04-16 00:00:00-04:00,79.04022366809221,81.29158617251875,78.96442140458916,80.97321319580078,2142000,0.0,0.0
2018-04-17 00:00:00-04:00,81.36738515444382,82.08752108703436,80.68515902708889,81.76156616210938,2087300,0.0,0.0
2018-04-18 00:00:00-04:00,82.12540683679532,83.45196643456529,82.10266674045381,82.54232788085938,2488400,0.0,0.0
2018-04-19 00:00:00-04:00,82.67121620037864,84.02809824695059,82.01930626105708,83.86891174316406,3075300,0.0,0.0
2018-04-20 00:00:00-04:00,83.69456085711694,84.37678702722798,83.17909735710147,84.13421630859375,3155400,0.0,0.0
2018-04-23 00:00:00-04:00,84.12665413098951,84.49808934060727,83.22459141000327,84.48292541503906,1958600,0.0,0.0
2018-04-24 00:00:00-04:00,84.86191972058182,85.86252455476645,82.4816929819405,82.8000717163086,3092900,0.0,0.0
2018-04-25 00:00:00-04:00,82.29976108168104,83.41407212150519,81.5038229722806,83.22456359863281,2043200,0.0,0.0
2018-04-26 00:00:00-04:00,83.5656892826381,85.57448108598857,83.01990372877088,85.29400634765625,2819500,0.0,0.0
2018-04-27 00:00:00-04:00,83.95988063443004,84.87710144285093,83.15636034426329,84.3995361328125,2062800,0.0,0.0
2018-04-30 00:00:00-04:00,84.80887221112447,85.90044341272457,84.28583249647652,84.37679290771484,3310300,0.0,0.0
2018-05-01 00:00:00-04:00,84.6496787940502,84.89224950977712,83.63391572923815,84.78612518310547,3783500,0.0,0.0
2018-05-02 00:00:00-04:00,84.47533291690266,87.53020981099472,84.40710683171163,86.81007385253906,3452700,0.0,0.0
2018-05-03 00:00:00-04:00,86.49168564779886,87.63631870512508,85.60478717987407,87.62115478515625,3096500,0.0,0.0
2018-05-04 00:00:00-04:00,87.70454231390283,87.7803503499338,86.74942351999731,87.63632202148438,2526400,0.0,0.0
2018-05-07 00:00:00-04:00,87.89405931281308,89.44044970683431,87.41649986980985,87.48472595214844,2631500,0.0,0.0
2018-05-08 00:00:00-04:00,87.47714731027222,88.20485944389215,86.18090953007341,88.12147521972656,3056800,0.0,0.0
2018-05-09 00:00:00-04:00,88.6899756248961,89.89524687661572,88.35643882315924,89.0689926147461,3148100,0.0,0.0
2018-05-10 00:00:00-04:00,89.56173769251055,89.74366427265521,88.8264436276095,89.41770935058594,1969600,0.0,0.0
2018-05-11 00:00:00-04:00,89.54656694059565,89.79671958380334,88.97046518352141,89.26609802246094,1851400,0.0,0.0
2018-05-14 00:00:00-04:00,89.63753225110608,90.3273460575412,89.34948137534637,89.66785430908203,2355200,0.0,0.0
2018-05-15 00:00:00-04:00,89.44802684525501,89.99381234117087,89.05385164450547,89.69059753417969,1921700,0.0,0.0
2018-05-16 00:00:00-04:00,89.3873730853466,89.637525707882,88.03807341228763,89.56930541992188,2034300,0.0,0.0
2018-05-17 00:00:00-04:00,90.03171186419254,92.76821556013421,89.63753665780943,92.38162231445312,3571800,0.0,0.0
2018-05-18 00:00:00-04:00,92.45793187006741,92.5876478010726,91.28284478680162,91.81697845458984,3423500,0.8,0.0
2018-05-21 00:00:00-04:00,92.32819965893893,92.78602427806051,91.82458850281608,92.6639404296875,2065000,0.0,0.0
2018-05-22 00:00:00-04:00,92.68683658882975,92.86996528362953,89.8635739213483,90.61135864257812,2780600,0.0,0.0
2018-05-23 00:00:00-04:00,90.03144121646551,91.13785705050793,89.51257174777294,90.76396179199219,2507700,0.0,0.0
2018-05-24 00:00:00-04:00,90.03909213929006,91.37441765830496,89.57363534979459,90.66478729248047,1630700,0.0,0.0
2018-05-25 00:00:00-04:00,89.2455102665891,89.5125741573207,87.29212201260225,88.20777130126953,1941700,0.0,0.0
2018-05-29 00:00:00-04:00,88.78768309178813,90.1611628072008,88.2840719222848,89.13105010986328,2961500,0.0,0.0
2018-05-30 00:00:00-04:00,90.22219850476868,91.38202707103838,89.55072279167706,90.93946075439453,3583000,0.0,0.0
2018-05-31 00:00:00-04:00,90.94710640184765,91.79408468482391,88.84110587486153,88.88688659667969,5907100,0.0,0.0
2018-06-01 00:00:00-04:00,89.57360918034345,90.93182466571031,89.08526217035886,90.80210876464844,2757000,0.0,0.0
2018-06-04 00:00:00-04:00,91.1073469145273,92.17560841426832,90.48927804751291,90.9547348022461,2979100,0.0,0.0
2018-06-05 00:00:00-04:00,90.80213262215538,91.16076382530547,89.77202555924067,90.67241668701172,2369800,0.0,0.0
2018-06-06 00:00:00-04:00,90.63425952319216,90.90895550805858,88.67323896662501,89.00897979736328,2413000,0.0,0.0
2018-06-07 00:00:00-04:00,89.4973206366941,89.9398870058525,88.90214798512903,89.61177825927734,2478300,0.0,0.0
2018-06-08 00:00:00-04:00,89.3675952162975,89.58124631758209,88.70374573311535,89.15393829345703,2220600,0.0,0.0
2018-06-11 00:00:00-04:00,89.2302360185544,89.88645335937599,88.47481937779489,89.29127502441406,2225200,0.0,0.0
2018-06-12 00:00:00-04:00,89.04713456535853,89.24552741726635,87.9865050372302,88.16963958740234,2471100,0.0,0.0
2018-06-13 00:00:00-04:00,88.16962120625578,88.88687766944943,86.86481254991772,88.32222747802734,2973000,0.0,0.0
2018-06-14 00:00:00-04:00,88.97846347521197,89.27604984229504,88.0170274622589,88.16963958740234,2464100,0.0,0.0
2018-06-15 00:00:00-04:00,87.84152304589038,88.56641165631059,86.864822995809,87.21582794189453,3483900,0.0,0.0
2018-06-18 00:00:00-04:00,87.17766107487508,88.35274797088242,86.94111961231818,87.70416259765625,2654200,0.0,0.0
2018-06-19 00:00:00-04:00,86.74274153859538,87.87204791018324,86.52909039786289,87.42948150634766,1997000,0.0,0.0
2018-06-20 00:00:00-04:00,87.8796543166501,87.92544085187154,86.43750362062126,87.43708801269531,2317000,0.0,0.0
2018-06-21 00:00:00-04:00,86.97167253296823,87.3684524630178,84.67491071154609,85.04116821289062,2481200,0.0,0.0
2018-06-22 00:00:00-04:00,86.53672479172052,87.36080695368013,85.32348317906134,85.47608947753906,2965800,0.0,0.0
2018-06-25 00:00:00-04:00,85.41502961676395,85.46081033082906,83.7210733376861,84.27809143066406,1799800,0.0,0.0
2018-06-26 00:00:00-04:00,84.53754473921781,85.45319411967314,84.43071917221657,84.55280303955078,1878400,0.0,0.0
2018-06-27 00:00:00-04:00,84.98008968391126,85.81943570777446,84.28571785207511,84.47647857666016,1831700,0.0,0.0
2018-06-28 00:00:00-04:00,84.51464179660691,85.61341972527158,83.86605643020677,85.26242065429688,1723200,0.0,0.0
2018-06-29 00:00:00-04:00,85.6668347592507,86.59774814755633,85.52186054839837,85.69735717773438,1928000,0.0,0.0
2018-07-02 00:00:00-04:00,85.27006858040014,85.62869977791448,84.04156869262238,84.40019989013672,2516500,0.0,0.0
2018-07-03 00:00:00-04:00,85.39214441457456,85.60579552185013,83.99577433573711,84.32388305664062,1248900,0.0,0.0
2018-07-05 00:00:00-04:00,85.14035387450352,85.24717944701902,83.63715797639065,84.04920196533203,2070800,0.0,0.0
2018-07-06 00:00:00-04:00,83.70583753437997,85.31585916793445,83.22512240941427,84.83514404296875,1561300,0.0,0.0
2018-07-09 00:00:00-04:00,85.1174511251446,86.2086028755239,84.98010314881866,85.9110107421875,1608800,0.0,0.0
2018-07-10 00:00:00-04:00,86.26201751933382,87.45236279219438,86.0865150596282,86.36884307861328,1867900,0.0,0.0
2018-07-11 00:00:00-04:00,85.86524140144398,85.97969903380776,84.05683293201291,84.4383544921875,1433500,0.0,0.0
2018-07-12 00:00:00-04:00,84.78171321675349,85.11745401953502,83.73634214908327,84.80460357666016,1249300,0.0,0.0
2018-07-13 00:00:00-04:00,84.69777109222963,85.72024589485203,84.5833134804965,85.31583404541016,1563300,0.0,0.0
2018-07-16 00:00:00-04:00,85.1479746368455,85.65158586478523,84.85038830090174,84.94195556640625,1795100,0.0,0.0
2018-07-17 00:00:00-04:00,84.78173053848208,85.14036177444211,84.07973219065603,84.74357604980469,2062000,0.0,0.0
2018-07-18 00:00:00-04:00,84.51465727845365,85.07167549385434,83.69056931482737,84.6214828491211,2561700,0.0,0.0
2018-07-19 00:00:00-04:00,84.66726357324801,85.07167549385434,84.27810995349832,84.6214828491211,2333100,0.0,0.0
2018-07-20 00:00:00-04:00,84.58332398726377,84.86565202173489,84.17128002677484,84.20943450927734,2334800,0.0,0.0
2018-07-23 00:00:00-04:00,84.72066223521117,84.98009987898035,84.01103202175814,84.27046966552734,1568000,0.0,0.0
2018-07-24 00:00:00-04:00,84.6138255528018,85.4531715669593,84.28571687744733,84.86563110351562,2163000,0.0,0.0
2018-07-25 00:00:00-04:00,85.11745903545818,85.91101872624984,84.79697651320976,85.72789001464844,1671100,0.0,0.0
2018-07-26 00:00:00-04:00,85.82706911716528,88.62743520096058,85.82706911716528,88.51297760009766,3212100,0.0,0.0
2018-07-27 00:00:00-04:00,89.87884080647858,91.83986119571736,89.10053364191552,90.64188385009766,3715600,0.0,0.0
2018-07-30 00:00:00-04:00,91.23705886387116,93.63301361738007,91.23705886387116,93.2057113647461,3985900,0.0,0.0
2018-07-31 00:00:00-04:00,93.54907354734415,94.52576768629416,93.40409933149006,94.11372375488281,3831100,0.0,0.0
2018-08-01 00:00:00-04:00,93.51091652742704,94.55628165069184,92.97678296563058,93.8619155883789,2679300,0.0,0.0
2018-08-02 00:00:00-04:00,93.15229251960899,93.61774922374015,92.17559839341776,93.12940216064453,2627000,0.0,0.0
2018-08-03 00:00:00-04:00,93.0836327021129,93.4117414911095,91.8780289434913,92.83183288574219,1692000,0.0,0.0
2018-08-06 00:00:00-04:00,92.87760840962542,93.8771930222153,92.35110680009606,93.50330352783203,1542600,0.0,0.0
2018-08-07 00:00:00-04:00,93.84665166633279,94.59443632579635,93.39645911597789,93.64063262939453,2058100,0.0,0.0
2018-08-08 00:00:00-04:00,93.4270062883565,93.92297968465972,93.02259434537335,93.83905029296875,1411600,0.0,0.0
2018-08-09 00:00:00-04:00,93.92296569265682,94.22055783628572,93.00731636651942,93.22859954833984,1897600,0.0,0.0
2018-08-10 00:00:00-04:00,92.885231216792,93.66353255104706,92.86996709601965,93.54144287109375,1847400,0.0,0.0
2018-08-13 00:00:00-04:00,93.73981651217466,94.1976410752213,92.7097097899309,92.76312255859375,1989100,0.0,0.0
2018-08-14 00:00:00-04:00,93.03783588836437,93.09124866703239,91.66435612039221,92.28242492675781,2703100,0.0,0.0
2018-08-15 00:00:00-04:00,91.63384160726203,91.63384160726203,87.95597415742169,88.03990936279297,3985400,0.0,0.0
2018-08-16 00:00:00-04:00,88.33748385110431,88.49772800099457,87.62785364187766,87.70416259765625,2747800,0.0,0.0
2018-08-17 00:00:00-04:00,88.00175815643102,88.2993444863027,87.43710209634312,88.085693359375,1774000,0.0,0.0
2018-08-20 00:00:00-04:00,88.12411540047201,89.76073689988117,87.90128800835272,89.19214630126953,2461600,0.8,0.0
2018-08-21 00:00:00-04:00,89.57633037886617,90.51374014633808,88.96163371955227,89.52254486083984,2479700,0.0,0.0
2018-08-22 00:00:00-04:00,89.92208351283989,90.64435112729842,89.63010585657297,89.91439819335938,3889800,0.0,0.0
2018-08-23 00:00:00-04:00,89.84523926231019,90.98242608661258,89.35348438212012,90.95169067382812,2062700,0.0,0.0
2018-08-24 00:00:00-04:00,91.13612127213581,92.21183755395951,90.93634396755289,91.62787628173828,2959200,0.0,0.0
2018-08-27 00:00:00-04:00,92.00435312906177,92.48842856538556,91.75847568251884,92.22718048095703,2328800,0.0,0.0
2018-08-28 00:00:00-04:00,92.3962460480055,93.3951267285325,91.91985580830793,92.0120620727539,2237200,0.0,0.0
2018-08-29 00:00:00-04:00,92.2425504872123,92.98018282179015,91.62016862508358,92.5422134399414,1956700,0.0,0.0
2018-08-30 00:00:00-04:00,92.78042229766596,92.88799333280467,91.08232997191169,91.85838317871094,1847300,0.0,0.0
2018-08-31 00:00:00-04:00,91.36662106917042,91.75848443994151,89.98355663650392,91.05927276611328,2575200,0.0,0.0
2018-09-04 00:00:00-04:00,91.13609414262477,92.38853139391297,90.87484607406468,91.40502166748047,2477400,0.0,0.0
2018-09-05 00:00:00-04:00,91.17453229150937,91.17453229150937,89.90672416105737,90.65972137451172,2324700,0.0,0.0
2018-09-06 00:00:00-04:00,90.30628010149479,91.35894625530784,89.5763329272025,89.66853332519531,1943500,0.0,0.0
2018-09-07 00:00:00-04:00,89.24592698241699,89.2920271775357,87.14828017179371,87.82444763183594,3032400,0.0,0.0
2018-09-10 00:00:00-04:00,88.09336479414299,88.36229233751665,87.5094036555453,87.55550384521484,2543800,0.0,0.0
2018-09-11 00:00:00-04:00,86.14939897812394,86.97923173850279,85.734479666844,86.47979736328125,3772500,0.0,0.0
2018-09-12 00:00:00-04:00,87.0330359323474,87.9397103563272,85.79596891446789,86.1801528930664,3762800,0.0,0.0
2018-09-13 00:00:00-04:00,86.39528584066143,87.12523297788167,85.69606825975683,86.84093475341797,3368500,0.0,0.0
2018-09-14 00:00:00-04:00,86.80250574476975,87.67075919277814,86.80250574476975,87.28657531738281,2774300,0.0,0.0
2018-09-17 00:00:00-04:00,87.32502045726847,87.6093128527255,86.62580279476984,86.6795883178711,2773400,0.0,0.0
2018-09-18 00:00:00-04:00,87.14058934188513,87.64002368964366,86.84860584508768,87.05606842041016,2521000,0.0,0.0
2018-09-19 00:00:00-04:00,86.91775841541396,86.91775841541396,83.91343782263644,84.02869415283203,2934800,0.0,0.0
2018-09-20 00:00:00-04:00,84.41289873850647,85.17358132508421,83.63684551096567,84.77403259277344,3175700,0.0,0.0
2018-09-21 00:00:00-04:00,84.43593754680904,86.01877334779265,84.29763110754574,85.79595184326172,5963200,0.0,0.0
2018-09-24 00:00:00-04:00,86.21087097469878,87.50941452537472,85.81900758947141,87.17901611328125,2757500,0.0,0.0
2018-09-25 00:00:00-04:00,87.58625648316722,89.05384200618154,87.44795002477939,88.27010345458984,2819800,0.0,0.0
2018-09-26 00:00:00-04:00,88.30084032517463,88.39304658634204,86.95619645960579,87.5094223022461,2692800,0.0,0.0
2018-09-27 00:00:00-04:00,87.78602634925825,88.2470458841266,86.70262487324526,86.73336029052734,1943900,0.0,0.0
2018-09-28 00:00:00-04:00,86.0571793062016,87.30961650179094,85.73446629072657,86.61040496826172,2540000,0.0,0.0
2018-10-01 00:00:00-04:00,87.01765072169019,88.30850882118793,87.01765072169019,87.9627456665039,2021600,0.0,0.0
2018-10-02 00:00:00-04:00,88.08568662487616,88.5928122011267,86.62578659097518,88.12410736083984,2884700,0.0,0.0
2018-10-03 00:00:00-04:00,88.43913234679667,91.11305486227215,88.03958367133443,91.02853393554688,3310000,0.0,0.0
2018-10-04 00:00:00-04:00,90.93634524460663,91.32821453851187,89.67622228203113,90.43690490722656,2576400,0.0,0.0
2018-10-05 00:00:00-04:00,90.65202772690544,91.26671839605274,90.00659578279311,90.95169067382812,2572200,0.0,0.0
2018-10-08 00:00:00-04:00,90.59056437855399,91.02853378806579,89.9528177005442,90.77497100830078,2306300,0.0,0.0
2018-10-09 00:00:00-04:00,90.73653648943187,91.54332489805567,89.98353944608449,90.4215087890625,2263600,0.0,0.0
2018-10-10 00:00:00-04:00,90.4753095118065,90.74423707252637,86.77946222633047,86.86398315429688,2576500,0.0,0.0
2018-10-11 00:00:00-04:00,86.44140755987551,86.51824319415879,83.87506102927912,84.1055679321289,3565200,0.0,0.0
2018-10-12 00:00:00-04:00,85.18896972072724,85.54241832817677,82.90691562319724,84.1055679321289,3078200,0.0,0.0
2018-10-15 00:00:00-04:00,84.09786674763913,84.14397280925915,82.3690389225304,82.37672424316406,2670600,0.0,0.0
2018-10-16 00:00:00-04:00,83.12972977193964,84.4666883536464,82.94531724453152,84.41290283203125,2644000,0.0,0.0
2018-10-17 00:00:00-04:00,84.47436310662223,85.01990357537998,83.30644069454192,83.58305358886719,2214700,0.0,0.0
2018-10-18 00:00:00-04:00,82.99141811202317,84.58961888090046,82.76090539828473,83.84430694580078,1841100,0.0,0.0
2018-10-19 00:00:00-04:00,81.15500948403157,82.10778391858489,78.43498675725316,78.96515655517578,4013500,0.0,0.0
2018-10-22 00:00:00-04:00,79.34166204171763,79.75658136435587,77.68198475116463,79.25714111328125,4927100,0.0,0.0
2018-10-23 00:00:00-04:00,77.67431018518803,77.90482290596063,75.24627060737814,76.68312072753906,3292200,0.0,0.0
2018-10-24 00:00:00-04:00,76.82907334456785,76.82907334456785,73.03334145295477,73.22543334960938,3379100,0.0,0.0
2018-10-25 00:00:00-04:00,74.34727865242336,76.57554670509882,74.19360155716677,75.67655181884766,4015800,0.0,0.0
2018-10-26 00:00:00-04:00,77.95092813826068,79.74891223470328,73.22546981695413,76.41419219970703,5267700,0.0,0.0
2018-10-29 00:00:00-04:00,76.99812827961948,78.39655729120757,74.75449595108128,75.6995849609375,2752000,0.0,0.0
2018-10-30 00:00:00-04:00,76.36039816596521,78.56561610240342,76.35271870789964,78.41962432861328,2554400,0.0,0.0
2018-10-31 00:00:00-04:00,79.23408322282525,80.37126419181182,78.6885428325143,79.00357055664062,2688200,0.0,0.0
2018-11-01 00:00:00-04:00,78.8652767199546,79.41081719735932,77.75882512511595,78.75770568847656,2147700,0.0,0.0
2018-11-02 00:00:00-04:00,79.180317998832,79.5798667454307,75.70729165190622,76.07611083984375,2726700,0.0,0.0
2018-11-05 00:00:00-05:00,76.99046587545693,77.72041894176141,76.56018170142126,77.23634338378906,2226600,0.0,0.0
2018-11-06 00:00:00-05:00,77.23633418581458,77.57441791782765,76.52943716631594,77.51294708251953,2185200,0.0,0.0
2018-11-07 00:00:00-05:00,78.51181751670786,79.51069794405116,77.89712096723802,79.23408508300781,4212300,0.0,0.0
2018-11-08 00:00:00-05:00,78.9421145270448,79.19567733493774,75.2155314731135,75.81485748291016,2989400,0.0,0.0
2018-11-09 00:00:00-05:00,75.17708610929608,77.09800518439681,74.7544874300818,76.6369857788086,2096700,0.0,0.0
2018-11-12 00:00:00-05:00,77.13645521593604,77.55137459725277,74.931237169544,75.04649353027344,1677300,0.0,0.0
2018-11-13 00:00:00-05:00,74.75452030432545,75.48446752899532,72.74139411793752,72.8412857055664,2990200,0.0,0.0
2018-11-14 00:00:00-05:00,74.13212287512144,74.961955587354,72.49549582077633,73.4559555053711,2933400,0.0,0.0
2018-11-15 00:00:00-05:00,72.99494555603046,74.07066171560825,72.66454714692117,73.9400405883789,2618000,0.0,0.0
2018-11-16 00:00:00-05:00,74.6063704016545,75.76083432797209,74.25770275306805,74.85430908203125,3468800,0.8,0.0
2018-11-19 00:00:00-05:00,74.48240808605003,74.85431911211147,72.6151209423583,73.5293960571289,1987200,0.0,0.0
2018-11-20 00:00:00-05:00,72.41366685366944,73.1729824678321,71.34443228971801,71.70084381103516,4553500,0.0,0.0
2018-11-21 00:00:00-05:00,72.20447104667083,73.20397562135885,71.29793979248632,72.56088256835938,2447400,0.0,0.0
2018-11-23 00:00:00-05:00,71.0422618400117,71.27470106761405,68.95027332363802,68.95802307128906,2169900,0.0,0.0
2018-11-26 00:00:00-05:00,70.03499795472777,71.4296567764956,69.91103156575097,71.33667755126953,3324200,0.0,0.0
2018-11-27 00:00:00-05:00,71.04999555799428,71.22820426063664,70.28293616689146,70.7090835571289,2675900,0.0,0.0
2018-11-28 00:00:00-05:00,71.14297533292859,71.84805449108035,69.7328229279497,71.77056884765625,3525700,0.0,0.0
2018-11-29 00:00:00-05:00,72.0572342885141,72.70032715303242,71.56135702007965,71.80929565429688,2290800,0.0,0.0
2018-11-30 00:00:00-05:00,71.46838934609183,72.52987993548393,70.95701841671902,72.46014404296875,4393700,0.0,0.0
2018-12-03 00:00:00-05:00,72.70036059594655,74.34295258649863,70.12799386588144,71.35218811035156,5780700,0.0,0.0
2018-12-04 00:00:00-05:00,71.77056251138309,72.71583052898747,70.68583453510671,70.81755065917969,3191800,0.0,0.0
2018-12-06 00:00:00-05:00,69.57787492842787,71.80932350173177,69.01226155938619,71.7473373413086,4165300,0.0,0.0
2018-12-07 00:00:00-05:00,72.35941806842305,73.61461088112283,69.63983659656891,70.00399780273438,3880700,0.0,0.0
2018-12-10 00:00:00-05:00,69.34541462549151,70.09698040020538,67.11396653992118,68.83403778076172,2610800,0.0,0.0
2018-12-11 00:00:00-05:00,69.48489010378506,70.21321265191325,67.73381963616788,68.50862884521484,2535900,0.0,0.0
2018-12-12 00:00:00-05:00,69.60886807030155,70.41467049097021,68.93478772966635,69.1517333984375,2570700,0.0,0.0
2018-12-13 00:00:00-05:00,69.12071927597835,69.62434637451346,67.8887756413068,68.8262939453125,3040700,0.0,0.0
2018-12-14 00:00:00-05:00,68.43113621205386,69.7948018181912,66.99774062767762,67.27667236328125,2867100,0.0,0.0
2018-12-17 00:00:00-05:00,67.26893977709967,67.40840568047783,65.75806408327436,66.5251235961914,4396800,0.0,0.0
2018-12-18 00:00:00-05:00,66.87378364577094,67.57111314438008,65.30867158118188,65.64958953857422,2708700,0.0,0.0
2018-12-19 00:00:00-05:00,66.06796586765218,68.33815664723988,65.20793325047995,65.98274230957031,3893400,0.0,0.0
2018-12-20 00:00:00-05:00,65.37839588706386,66.97450680308133,63.79778446484772,64.13870239257812,4929700,0.0,0.0
2018-12-21 00:00:00-05:00,63.89077110237029,65.08397807646453,63.25542774331497,63.82878494262695,5015200,0.0,0.0
2018-12-24 00:00:00-05:00,63.21668272615547,63.340655041348406,60.77603836187939,60.82252502441406,2322100,0.0,0.0
2018-12-26 00:00:00-05:00,61.21767417599368,65.27767257156454,61.1556880236766,65.23892974853516,3493300,0.0,0.0
2018-12-27 00:00:00-05:00,64.27042083217206,66.53286819077515,64.07671853200118,66.49412536621094,2737800,0.0,0.0
2018-12-28 00:00:00-05:00,66.82728614459373,67.3154137587905,65.44812686620416,65.8277816772461,2248900,0.0,0.0
2018-12-31 00:00:00-05:00,66.19193060164632,66.83502346602833,65.55658748214164,66.74979400634766,2580600,0.0,0.0
2019-01-02 00:00:00-05:00,66.10672349540478,68.52413042942887,65.8587847774017,68.27619171142578,3147800,0.0,0.0
2019-01-03 00:00:00-05:00,68.32265665637762,68.53960222675524,65.93624355957688,67.33090209960938,3182000,0.0,0.0
2019-01-04 00:00:00-05:00,68.53187342179982,70.62386187106065,68.14446881023208,70.3836669921875,3307200,0.0,0.0
2019-01-07 00:00:00-05:00,70.20546685352532,71.63886278862195,69.39191477373578,70.8718032836914,3474000,0.0,0.0
2019-01-08 00:00:00-05:00,71.50714393644517,71.72408957318362,69.86454625477157,70.809814453125,2357300,0.0,0.0
2019-01-09 00:00:00-05:00,71.514883565673,71.73957300670136,69.98075891942197,71.27468872070312,2588600,0.0,0.0
2019-01-10 00:00:00-05:00,71.08873275382552,72.04949435331137,70.01949835655857,72.01075744628906,2323700,0.0,0.0
2019-01-11 00:00:00-05:00,71.47613686535851,72.59186382024636,71.18171154618493,71.81705474853516,2102600,0.0,0.0
2019-01-14 00:00:00-05:00,71.11971222653077,72.17345284175444,70.7555510844769,71.9255142211914,2178600,0.0,0.0
2019-01-15 00:00:00-05:00,72.41367012463243,72.62287192764717,71.23596269279226,71.63111114501953,1953500,0.0,0.0
2019-01-16 00:00:00-05:00,71.3754117922774,72.3439231044816,71.17395978416823,72.04949188232422,2316100,0.0,0.0
2019-01-17 00:00:00-05:00,71.70083763484519,72.9327813147157,71.5226289338747,72.3826675415039,3069200,0.0,0.0
2019-01-18 00:00:00-05:00,73.07997907051627,74.19570583705523,71.97975179313653,73.83929443359375,4014900,0.0,0.0
2019-01-22 00:00:00-05:00,73.30469418142832,73.91679411951291,71.9177850930581,72.0572509765625,4733500,0.0,0.0
2019-01-23 00:00:00-05:00,72.28194571989704,72.66935029171898,71.44515042604372,71.77056884765625,2542400,0.0,0.0
2019-01-24 00:00:00-05:00,71.66984620751518,72.08049411024359,70.76332092285156,70.76332092285156,3194000,0.0,0.0
2019-01-25 00:00:00-05:00,71.4761382516547,72.53762882856358,70.98026090904781,72.07273864746094,2044800,0.0,0.0
2019-01-28 00:00:00-05:00,71.28245618665541,72.09600832288129,71.21272618651793,71.66986083984375,2349500,0.0,0.0
2019-01-29 00:00:00-05:00,71.84807504075775,72.59189132204006,71.19723210005677,72.32845306396484,2056500,0.0,0.0
2019-01-30 00:00:00-05:00,72.86305906918365,73.80057750715967,72.56088394914696,73.24271392822266,3093300,0.0,0.0
2019-01-31 00:00:00-05:00,74.45916727693472,74.8465718995112,73.66111470023924,73.92455291748047,4044500,0.0,0.0
2019-02-01 00:00:00-05:00,74.04853032643528,74.34295575526791,72.37494518209917,72.99478912353516,2618100,0.0,0.0
2019-02-04 00:00:00-05:00,72.67710520427337,73.4209213256836,72.21996470314076,73.4209213256836,2758500,0.0,0.0
2019-02-05 00:00:00-05:00,73.42092534022085,74.02527560245373,73.14199354052484,73.73859405517578,2849300,0.0,0.0
2019-02-06 00:00:00-05:00,73.33568703753528,73.94778697378979,73.09549218196409,73.15747833251953,3127800,0.0,0.0
2019-02-07 00:00:00-05:00,73.14973868856384,73.7695824956604,70.78656828732227,71.08099365234375,5291500,0.0,0.0
2019-02-08 00:00:00-05:00,73.5448779594245,73.73858023338715,71.06549121723218,72.46014404296875,4248400,0.0,0.0
2019-02-11 00:00:00-05:00,72.04951661614709,73.8780670742162,71.95654328150606,73.01028442382812,4229500,0.0,0.0
2019-02-12 00:00:00-05:00,73.80057322725337,73.98652577234006,72.76233177991742,72.83206176757812,2486000,0.0,0.0
2019-02-13 00:00:00-05:00,73.04124605988495,74.63735671203865,72.90178019535355,74.47464752197266,2627100,0.0,0.0
2019-02-14 00:00:00-05:00,74.04850274714676,74.55987957191282,73.67659179174197,74.11048889160156,2701500,0.0,0.0
2019-02-15 00:00:00-05:00,75.00905107386572,75.5950592853803,74.39178837572831,75.00123596191406,2647300,0.8,0.0
2019-02-19 00:00:00-05:00,74.57148053549538,75.75912090832577,74.53241094721491,75.59503936767578,2108000,0.0,0.0
2019-02-20 00:00:00-05:00,75.59505210066324,76.6733049613444,75.06373780093992,76.1419906616211,3586900,0.0,0.0
2019-02-21 00:00:00-05:00,76.00915468554793,76.78268369161155,75.32157400917832,75.64192199707031,2054000,0.0,0.0
2019-02-22 00:00:00-05:00,76.39984132242823,76.64987124892657,75.79039374916249,76.0716781616211,2102500,0.0,0.0
2019-02-25 00:00:00-05:00,75.90758007695216,76.33731575280675,75.79819238046682,76.0169677734375,1661000,0.0,0.0
2019-02-26 00:00:00-05:00,76.04822745524828,76.79831712296996,75.93102464065802,76.44670867919922,2274400,0.0,0.0
2019-02-27 00:00:00-05:00,76.6498533538716,77.2280463061893,76.04822103285193,76.29043579101562,1881900,0.0,0.0
2019-02-28 00:00:00-05:00,76.51702365030046,76.61859623156523,74.96215064783348,75.29031372070312,2351200,0.0,0.0
2019-03-01 00:00:00-05:00,75.64973817617114,76.46233678400638,75.36845381341347,76.1654281616211,2879000,0.0,0.0
2019-03-04 00:00:00-05:00,76.89207794690815,76.89207794690815,74.73556649994863,76.0091552734375,2386200,0.0,0.0
2019-03-05 00:00:00-05:00,76.15763353291705,76.48579672399578,75.64975852128518,76.14981842041016,2511900,0.0,0.0
2019-03-06 00:00:00-05:00,76.1497904714097,77.16554012186627,75.82162740077557,76.2591781616211,2644600,0.0,0.0
2019-03-07 00:00:00-05:00,76.24356419113734,76.34513678541546,74.92309065960755,75.36064147949219,3638000,0.0,0.0
2019-03-08 00:00:00-05:00,74.43084866704412,74.57930000845963,73.32133539481671,73.68856811523438,3334100,0.0,0.0
2019-03-11 00:00:00-04:00,74.33707623454983,75.6341102851227,74.08704636423464,75.53253173828125,2257400,0.0,0.0
2019-03-12 00:00:00-04:00,75.82166157163614,76.75927247062839,75.59507097945634,76.09513092041016,2362600,0.0,0.0
2019-03-13 00:00:00-04:00,76.61079219792465,76.84519185368876,76.08728711490163,76.63423156738281,2294500,0.0,0.0
2019-03-14 00:00:00-04:00,76.76706055245896,77.0952236554345,76.29825526803924,76.93895721435547,1663000,0.0,0.0
2019-03-15 00:00:00-04:00,76.57174616418082,77.97816837615991,76.49361292155628,76.97804260253906,3785800,0.0,0.0
2019-03-18 00:00:00-04:00,77.04052154184427,77.56402062061125,76.3763802967179,77.13428497314453,2530800,0.0,0.0
2019-03-19 00:00:00-04:00,77.57965920484678,78.45476677446246,77.00927536833655,77.26712036132812,2932600,0.0,0.0
2019-03-20 00:00:00-04:00,77.071789433608,77.59528860349218,76.45452681610367,76.71237182617188,3292600,0.0,0.0
2019-03-21 00:00:00-04:00,76.60299285617563,77.46247035992947,76.47016576111571,77.00148010253906,2124000,0.0,0.0
2019-03-22 00:00:00-04:00,76.35296078277902,76.55611195616272,74.6027513383519,74.99342346191406,1856900,0.0,0.0
2019-03-25 00:00:00-04:00,74.82153259396598,74.98561418328363,74.17301538772196,74.89966583251953,1357500,0.0,0.0
2019-03-26 00:00:00-04:00,75.52472640633225,76.81393945084767,75.52472640633225,76.58734893798828,2284700,0.0,0.0
2019-03-27 00:00:00-04:00,76.37639825503575,76.79832485332118,75.76695071124016,76.00135040283203,1657400,0.0,0.0
2019-03-28 00:00:00-04:00,75.64192972165722,76.00134733654403,74.35271656695701,74.7511978149414,2524800,0.0,0.0
2019-03-29 00:00:00-04:00,75.4856723534404,75.72007802497495,73.82141116133346,74.36053466796875,2900400,0.0,0.0
2019-04-01 00:00:00-04:00,75.01685217528976,75.23562757960619,73.96203878380258,74.28238677978516,2635300,0.0,0.0
2019-04-02 00:00:00-04:00,74.49334783370874,74.83714116467544,73.34477694932794,73.85264587402344,2594800,0.0,0.0
2019-04-03 00:00:00-04:00,74.19644031663962,75.29813843764401,74.09486772241526,74.25894927978516,2096100,0.0,0.0
2019-04-04 00:00:00-04:00,74.66524991048735,75.68881486699757,73.8917208209342,75.68099975585938,2146800,0.0,0.0
2019-04-05 00:00:00-04:00,75.66536564993132,76.66549118287699,75.26688442008333,76.40764617919922,2705200,0.0,0.0
2019-04-08 00:00:00-04:00,76.47797558793974,77.24369560133144,75.95447635371009,76.80614471435547,2332400,0.0,0.0
2019-04-09 00:00:00-04:00,76.29045098313101,76.7592563340735,75.75913666241392,76.0794906616211,2352800,0.0,0.0
2019-04-10 00:00:00-04:00,76.49359383936024,77.61872536708236,76.29044269026734,77.04834747314453,1792100,0.0,0.0
2019-04-11 00:00:00-04:00,77.17336003322713,77.86876181967159,76.69674558008244,76.97021484375,1486200,0.0,0.0
2019-04-12 00:00:00-04:00,77.79063783251448,77.92347089611816,75.75914381257529,75.92322540283203,2223700,0.0,0.0
2019-04-15 00:00:00-04:00,75.6653767228187,75.91541261353258,75.04030487958522,75.19657135009766,1934400,0.0,0.0
2019-04-16 00:00:00-04:00,75.12625055324115,75.29033212979525,73.93079480893029,74.99342346191406,1829600,0.0,0.0
2019-04-17 00:00:00-04:00,75.52472638202559,75.95446207633157,74.96215765527059,75.36845397949219,1591600,0.0,0.0
2019-04-18 00:00:00-04:00,75.36846882584683,75.59505938326794,74.11050405327191,74.55587005615234,2400100,0.0,0.0
2019-04-22 00:00:00-04:00,75.15749806264328,76.08729357681646,74.87621368289156,75.89977264404297,1927300,0.0,0.0
2019-04-23 00:00:00-04:00,76.0872826833153,76.5092091925352,75.47002015841112,76.10291290283203,2461000,0.0,0.0
2019-04-24 00:00:00-04:00,76.07165643748453,76.07165643748453,73.47759445541868,73.66511535644531,2974100,0.0,0.0
2019-04-25 00:00:00-04:00,73.56355909567074,75.0402991863543,73.07912353594185,74.39959716796875,2745400,0.0,0.0
2019-04-26 00:00:00-04:00,74.11049779364542,74.64181209967735,73.44635640140132,74.16519165039062,2091500,0.0,0.0
2019-04-29 00:00:00-04:00,74.42304670379916,74.94654596908921,74.13394715850353,74.50899505615234,2651200,0.0,0.0
2019-04-30 00:00:00-04:00,74.61836641441187,75.50909826958457,73.17288092741636,73.65731048583984,3303300,0.0,0.0
2019-05-01 00:00:00-04:00,73.64167071369067,74.14173038806153,71.71175011361181,71.75862884521484,3350700,0.0,0.0
2019-05-02 00:00:00-04:00,71.6883306653286,71.85241223270835,69.4380615054565,69.61776733398438,3708800,0.0,0.0
2019-05-03 00:00:00-04:00,70.23504079731302,70.76635517600357,69.95375636381894,69.9771957397461,2811100,0.0,0.0
2019-05-06 00:00:00-04:00,69.00830841163639,69.30521701387882,67.96131021332188,68.00037384033203,3427500,0.0,0.0
2019-05-07 00:00:00-04:00,67.50813288360314,67.71128402310178,66.29704711809288,67.62533569335938,3421700,0.0,0.0
2019-05-08 00:00:00-04:00,67.71909451716628,67.97693951151449,66.78929905331414,67.11746215820312,3095300,0.0,0.0
2019-05-09 00:00:00-04:00,66.77365367833536,67.24245885909473,65.41411686577881,67.000244140625,3393700,0.0,0.0
2019-05-10 00:00:00-04:00,67.00808764382161,68.07071634979256,66.06266177300024,67.70348358154297,3094900,0.0,0.0
2019-05-13 00:00:00-04:00,66.88305972899833,67.67221900946656,66.2032941165681,67.0315170288086,3065600,0.0,0.0
2019-05-14 00:00:00-04:00,67.30499637988596,68.28949185026592,67.23467825545075,67.91444396972656,2450300,0.0,0.0
2019-05-15 00:00:00-04:00,67.75035332001333,68.48481875882514,67.3128024855806,68.21134948730469,2059900,0.0,0.0
2019-05-16 00:00:00-04:00,68.36762845420176,69.35993312427317,68.36762845420176,68.99270629882812,2645700,0.0,0.0
2019-05-17 00:00:00-04:00,68.32962179365528,68.4717122872124,66.8771465462447,66.94818878173828,2562400,0.9,0.0
2019-05-20 00:00:00-04:00,66.80607929994719,67.62704569353798,66.54558515460748,66.71924591064453,2106500,0.0,0.0
2019-05-21 00:00:00-04:00,66.86132511619101,68.36116719789354,66.84553996741334,68.01383972167969,2722600,0.0,0.0
2019-05-22 00:00:00-04:00,67.67439424893188,68.11645063613308,67.33495637374051,67.57176971435547,2111600,0.0,0.0
2019-05-23 00:00:00-04:00,66.54557423945015,66.5850401228436,64.73787055717304,64.94310760498047,3020000,0.0,0.0
2019-05-24 00:00:00-04:00,65.52725717407382,66.08772327941429,64.91942357946822,65.47200012207031,2661600,0.0,0.0
2019-05-28 00:00:00-04:00,65.46411759656483,65.72461776050729,65.01416550546794,65.14046478271484,3105100,0.0,0.0
2019-05-29 00:00:00-04:00,64.54053462096321,65.35360543967472,64.37476342688723,65.32202911376953,2232000,0.0,0.0
2019-05-30 00:00:00-04:00,65.06152464179569,65.53515745393251,64.20109240238006,64.77734375,2449600,0.0,0.0
2019-05-31 00:00:00-04:00,63.735339724352436,64.54841036902745,63.340644768873915,63.78270721435547,2785000,0.0,0.0
2019-06-03 00:00:00-04:00,63.877437294348795,64.94311258883033,63.624832735489704,64.88785552978516,3144800,0.0,0.0
2019-06-04 00:00:00-04:00,65.65355651154243,66.49820346330472,65.62198019284692,66.40348052978516,2781800,0.0,0.0
2019-06-05 00:00:00-04:00,66.83764582761721,67.00341699492138,65.3614904709989,66.96395111083984,3097000,0.0,0.0
2019-06-06 00:00:00-04:00,66.91659388082526,67.84807440846022,66.24561352286231,67.01921844482422,2837200,0.0,0.0
2019-06-07 00:00:00-04:00,67.37442637899623,67.84016954909391,66.68766102432774,67.50862121582031,2623700,0.0,0.0
2019-06-10 00:00:00-04:00,67.72965596435567,68.49535910992934,67.62703142270776,67.80859375,3026700,0.0,0.0
2019-06-11 00:00:00-04:00,68.32960260426567,68.8269222033355,66.86923217773438,66.86923217773438,2736700,0.0,0.0
2019-06-12 00:00:00-04:00,66.57715283056257,67.42180595182822,65.47201159680345,65.71672058105469,3232800,0.0,0.0
2019-06-13 00:00:00-04:00,66.37978295624728,67.68227728298288,66.32452591317686,67.28758239746094,3029700,0.0,0.0
2019-06-14 00:00:00-04:00,67.27180290562545,67.79279706656547,66.78237903832233,67.56387329101562,1830500,0.0,0.0
2019-06-17 00:00:00-04:00,67.48495701761985,68.27434710656522,67.48495701761985,67.8165054321289,2003400,0.0,0.0
2019-06-18 00:00:00-04:00,68.1559335074428,69.23740003583644,68.1559335074428,68.51905822753906,2336600,0.0,0.0
2019-06-19 00:00:00-04:00,68.61377306434079,69.45053050736657,68.16382103337784,69.15055847167969,2901700,0.0,0.0
2019-06-20 00:00:00-04:00,70.31095893935951,72.05550991518497,69.93994471859459,71.70028686523438,4082600,0.0,0.0
2019-06-21 00:00:00-04:00,72.15025987787511,72.56074010004711,71.04511247923985,71.50296020507812,6129800,0.0,0.0
2019-06-24 00:00:00-04:00,71.32929235654302,72.02395350016872,70.52411105437562,70.85565948486328,2360800,0.0,0.0
2019-06-25 00:00:00-04:00,70.58727392909289,71.5187546546962,70.30309296042952,70.91092681884766,3343800,0.0,0.0
2019-06-26 00:00:00-04:00,71.83448787279144,73.81585840043681,71.46347362016732,73.22381591796875,3816200,0.0,0.0
2019-06-27 00:00:00-04:00,73.14488439115998,73.37380220413294,72.26076537347399,72.4265365600586,2086400,0.0,0.0
2019-06-28 00:00:00-04:00,72.72650333920696,73.91848400431763,72.63178038738899,73.83954620361328,4442600,0.0,0.0
2019-07-01 00:00:00-04:00,74.88153730924905,75.25255157993243,73.90269537690867,74.2500228881836,2668700,0.0,0.0
2019-07-02 00:00:00-04:00,73.98162212225206,75.89983981317073,73.4606218993168,75.5604019165039,4112200,0.0,0.0
2019-07-03 00:00:00-04:00,75.78144890086624,76.6024153200005,75.67093476969129,76.58662414550781,2035500,0.0,0.0
2019-07-05 00:00:00-04:00,76.31824250727423,76.84713248012895,75.52885233074991,76.41297149658203,1956000,0.0,0.0
2019-07-08 00:00:00-04:00,76.2156140656029,77.78649862678856,76.2156140656029,76.53926086425781,3044500,0.0,0.0
2019-07-09 00:00:00-04:00,76.5629409044396,77.62861629027057,76.24718367315718,77.13919830322266,2369900,0.0,0.0
2019-07-10 00:00:00-04:00,77.5339082960572,78.11805537196553,76.97344196311458,77.44707489013672,1954600,0.0,0.0
2019-07-11 00:00:00-04:00,77.88122188257883,78.66271631223213,77.32864525774454,78.61534881591797,2446600,0.0,0.0
2019-07-12 00:00:00-04:00,78.34695838257751,79.45210559954053,78.34695838257751,79.19950103759766,1842400,0.0,0.0
2019-07-15 00:00:00-04:00,79.2153048175867,79.84681938224648,78.45749095353649,79.7363052368164,3089500,0.0,0.0
2019-07-16 00:00:00-04:00,79.72836961610479,80.33619711077368,78.78899382905028,80.02833557128906,2625600,0.0,0.0
2019-07-17 00:00:00-04:00,80.03627023475576,80.5493750586183,79.16004664913937,79.56263732910156,2254400,0.0,0.0
2019-07-18 00:00:00-04:00,79.09688371701726,80.46253120724731,78.80481324145467,80.45463562011719,2468000,0.0,0.0
2019-07-19 00:00:00-04:00,80.77826721727753,81.20453847176317,80.3598915478472,80.48619079589844,3972900,0.0,0.0
2019-07-22 00:00:00-04:00,80.99931154787176,81.42558288724179,80.14676886913166,80.95195007324219,1966800,0.0,0.0
2019-07-23 00:00:00-04:00,81.30717887105092,81.51242197976302,80.50200363313178,80.77039337158203,1873800,0.0,0.0
2019-07-24 00:00:00-04:00,80.54935343687903,81.16507665120878,80.01256801520765,80.84931945800781,2924400,0.0,0.0
2019-07-25 00:00:00-04:00,81.07824887469613,81.18086740998577,78.92321747563801,80.1783447265625,3649000,0.0,0.0
2019-07-26 00:00:00-04:00,80.79407411055489,81.02299795823984,79.3100229167613,80.77039337158203,2267300,0.0,0.0
2019-07-29 00:00:00-04:00,80.44673463208275,81.48083356425707,79.98888700464393,81.15718078613281,2275200,0.0,0.0
2019-07-30 00:00:00-04:00,80.80195881431034,81.82027261096268,80.19412515722516,81.7886962890625,1465900,0.0,0.0
2019-07-31 00:00:00-04:00,81.80449366025681,82.45968888679413,80.10730976817922,80.95984649658203,2415900,0.0,0.0
2019-08-01 00:00:00-04:00,80.4782961185128,81.78079062925903,80.05203088178634,80.50987243652344,2153200,0.0,0.0
2019-08-02 00:00:00-04:00,80.32834262643213,80.43885676463071,78.48906214809045,78.56010437011719,2075600,0.0,0.0
2019-08-05 00:00:00-04:00,77.28126855991023,77.63649158816577,74.98414117465325,75.49724578857422,3034800,0.0,0.0
2019-08-06 00:00:00-04:00,76.22347644370853,76.99708109036,75.81299640149925,76.89446258544922,2164500,0.0,0.0
2019-08-07 00:00:00-04:00,75.48937024226707,77.14709420767946,75.0394181431727,76.83133697509766,2349800,0.0,0.0
2019-08-08 00:00:00-04:00,77.60492874346733,79.52314667870199,77.26549080356762,79.49946594238281,2311900,0.0,0.0
2019-08-09 00:00:00-04:00,79.35738102004986,79.69681898355255,78.59167170545764,79.28633880615234,2005600,0.0,0.0
2019-08-12 00:00:00-04:00,78.99427064707777,79.04952771567996,77.21024725388496,77.60494232177734,1967400,0.0,0.0
2019-08-13 00:00:00-04:00,77.29705996784548,79.84679207411527,76.64976047060607,78.73374938964844,2267800,0.0,0.0
2019-08-14 00:00:00-04:00,77.05237232236938,77.91280468720907,76.67346240388598,76.98921966552734,2529800,0.0,0.0
2019-08-15 00:00:00-04:00,77.29707953120862,77.71545533350461,76.08141801699708,76.94185638427734,2089900,0.0,0.0
2019-08-16 00:00:00-04:00,77.39180015277705,78.22855166696564,77.09972367019799,78.01541900634766,2118400,0.0,0.0
2019-08-19 00:00:00-04:00,79.0988411386581,79.44139855143938,78.15083214279265,78.67662048339844,2747900,0.9,0.0
2019-08-20 00:00:00-04:00,78.70848405563657,79.41749721966424,78.11896271190469,78.61288452148438,1904500,0.0,0.0
2019-08-21 00:00:00-04:00,79.35379236511582,79.66448336400201,78.29425327767434,79.1068344116211,1988300,0.0,0.0
2019-08-22 00:00:00-04:00,79.06698737864431,79.60870602395221,78.23847615182538,78.43763732910156,1946100,0.0,0.0
2019-08-23 00:00:00-04:00,77.6569313147563,78.76426700835735,75.46615829709833,75.82464599609375,3305100,0.0,0.0
2019-08-26 00:00:00-04:00,76.50178635207551,76.79654706673254,75.76090656910856,76.72484588623047,1568100,0.0,0.0
2019-08-27 00:00:00-04:00,77.25861006435166,77.66489450830638,75.16343049459323,75.29885864257812,2586000,0.0,0.0
2019-08-28 00:00:00-04:00,75.31479072306212,77.16300618531261,75.31479072306212,76.61331939697266,2318100,0.0,0.0
2019-08-29 00:00:00-04:00,77.36218083370055,78.43765015121431,77.30641593806406,78.16679382324219,2372500,0.0,0.0
2019-08-30 00:00:00-04:00,78.60494849462059,79.46532641982124,78.17475953202026,78.57308197021484,1932500,0.0,0.0
2019-09-03 00:00:00-04:00,77.49760963649489,79.35379358613761,77.29844842502037,79.24226379394531,2140100,0.0,0.0
2019-09-04 00:00:00-04:00,79.93533285095147,80.15043034126494,78.95546319304361,79.41751861572266,1664100,0.0,0.0
2019-09-05 00:00:00-04:00,80.14246200546121,80.85944350831045,79.46531517196027,79.5051498413086,2668700,0.0,0.0
2019-09-06 00:00:00-04:00,79.76803915493485,80.76384512396243,79.20242209387726,80.3894271850586,2117500,0.0,0.0
2019-09-09 00:00:00-04:00,80.89928022984502,81.8472833896276,80.46909131722279,81.39319610595703,2396100,0.0,0.0
2019-09-10 00:00:00-04:00,81.5923635446976,82.77936873953563,81.45693537978357,82.02255249023438,2367200,0.0,0.0
2019-09-11 00:00:00-04:00,82.28543532860543,83.02631517456176,81.33742614993093,81.63218688964844,1924500,0.0,0.0
2019-09-12 00:00:00-04:00,80.81163516540218,81.7437079463311,80.22211374885342,81.40911865234375,1868500,0.0,0.0
2019-09-13 00:00:00-04:00,81.99865139106335,82.39697380021494,81.32946658317151,81.87118530273438,1688400,0.0,0.0
2019-09-16 00:00:00-04:00,81.34540521670745,83.64770832141585,81.27370402048612,82.87496185302734,4654400,0.0,0.0
2019-09-17 00:00:00-04:00,82.63595520421896,82.7952817088085,81.2258907191436,81.41708374023438,2464500,0.0,0.0
2019-09-18 00:00:00-04:00,80.97893908961284,82.17390620039536,80.580616719352,82.04644012451172,1814700,0.0,0.0
2019-09-19 00:00:00-04:00,82.42882447810675,82.84307702971442,81.72777328288636,82.11813354492188,1332700,0.0,0.0
2019-09-20 00:00:00-04:00,82.3890139415658,82.88293596667076,81.95086289415559,82.26951599121094,9381800,0.0,0.0
2019-09-23 00:00:00-04:00,82.06236076822034,83.50428552856046,82.06236076822034,83.05816650390625,2413000,0.0,0.0
2019-09-24 00:00:00-04:00,83.0103892280097,83.16175369132384,81.52066727907993,82.54833984375,2599700,0.0,0.0
2019-09-25 00:00:00-04:00,82.3650928217142,84.06194379882459,81.97473863107611,83.69548797607422,3043400,0.0,0.0
2019-09-26 00:00:00-04:00,83.35292216638497,83.68751751702479,82.14202505075362,83.29715728759766,1762600,0.0,0.0
2019-09-27 00:00:00-04:00,83.49632910910066,84.03008567761803,82.03847392649615,82.58019256591797,2297000,0.0,0.0
2019-09-30 00:00:00-04:00,82.37306069140666,82.81121161633665,81.52861320209486,81.576416015625,1801600,0.0,0.0
2019-10-01 00:00:00-04:00,82.18185744856372,82.46068183482147,80.32567412618022,80.48500061035156,1897900,0.0,0.0
2019-10-02 00:00:00-04:00,79.98314596913606,80.03094271628609,77.43387874458278,78.26239013671875,2066700,0.0,0.0
2019-10-03 00:00:00-04:00,77.87999082759558,78.78019718815564,77.23470446065254,78.76426696777344,1639800,0.0,0.0
2019-10-04 00:00:00-04:00,79.08291822872948,80.44518604072083,79.03512149073569,80.3495864868164,2097300,0.0,0.0
2019-10-07 00:00:00-04:00,80.66823866737695,81.4569151661915,80.24601797687944,80.7479019165039,2377200,0.0,0.0
2019-10-08 00:00:00-04:00,80.36551524298255,80.89927181183042,79.97516104133763,80.31771850585938,1904300,0.0,0.0
2019-10-09 00:00:00-04:00,81.22588839521582,82.50848677759026,81.0665618951847,81.82337188720703,1827300,0.0,0.0
2019-10-10 00:00:00-04:00,82.54833471084987,85.00996417615028,82.41290047834494,84.92233276367188,3782100,0.0,0.0
2019-10-11 00:00:00-04:00,85.24098588422342,86.19695712652457,84.77893048334718,84.86656188964844,2388900,0.0,0.0
2019-10-14 00:00:00-04:00,84.44432276838067,85.3923317330719,84.26905999394207,84.96214294433594,1409000,0.0,0.0
2019-10-15 00:00:00-04:00,84.84266226470287,86.13322889283573,84.57180597862877,85.47998046875,1606400,0.0,0.0
2019-10-16 00:00:00-04:00,85.07368708240543,85.85439547412743,84.39654031222139,84.6514663696289,1865400,0.0,0.0
2019-10-17 00:00:00-04:00,85.24098475764949,85.44811408598011,84.7550309938258,85.40827941894531,1767600,0.0,0.0
2019-10-18 00:00:00-04:00,85.24099542819907,86.02171002322707,85.00996770189401,85.40032196044922,3015900,0.0,0.0
2019-10-21 00:00:00-04:00,86.03762631337351,86.49171354246631,85.69506885437953,86.19695281982422,1638800,0.0,0.0
2019-10-22 00:00:00-04:00,86.58729692081833,87.49547120938047,86.09337511840636,86.6510238647461,1571400,0.0,0.0
2019-10-23 00:00:00-04:00,86.65103571920991,86.99359316108728,86.3005162069495,86.83426666259766,2329600,0.0,0.0
2019-10-24 00:00:00-04:00,87.24058176132537,88.40368254678556,86.97768749448296,88.13282012939453,3471800,0.0,0.0
2019-10-25 00:00:00-04:00,89.4074366052059,93.20742911804278,89.14454239771142,91.15208435058594,6245900,0.0,0.0
2019-10-28 00:00:00-04:00,91.61415018760829,94.7369962831292,91.61415018760829,93.40660095214844,4706800,0.0,0.0
2019-10-29 00:00:00-04:00,92.801131392831,95.4220929590029,92.68960163068888,94.76884460449219,3838400,0.0,0.0
2019-10-30 00:00:00-04:00,94.97598104864137,94.97598104864137,92.53825023872572,92.76927185058594,2286700,0.0,0.0
2019-10-31 00:00:00-04:00,92.92862060473432,93.39863813688032,91.53449215268962,93.06404876708984,3940600,0.0,0.0
2019-11-01 00:00:00-04:00,93.70931121284605,94.47408937378647,93.52608634068058,94.3227310180664,2248800,0.0,0.0
2019-11-04 00:00:00-05:00,95.17513727468177,95.24683237575685,93.69337773996666,94.43425750732422,2031600,0.0,0.0
2019-11-05 00:00:00-05:00,94.80073255533011,95.5097459512332,93.87662165671806,94.73699951171875,2268900,0.0,0.0
2019-11-06 00:00:00-05:00,94.94412820691618,95.11142288679915,93.81289404127845,94.33867645263672,2130300,0.0,0.0
2019-11-07 00:00:00-05:00,94.9202248059113,95.43007696842162,94.3227412331648,95.25481414794922,2386400,0.0,0.0
2019-11-08 00:00:00-05:00,94.71308765947192,95.53363072594945,94.08373761869869,95.35836791992188,1577600,0.0,0.0
2019-11-11 00:00:00-05:00,94.52191205508369,95.45398506483865,94.28291617046649,94.33071899414062,1634300,0.0,0.0
2019-11-12 00:00:00-05:00,94.68919960199882,95.25481666982351,93.65355895065271,94.08374786376953,2178400,0.0,0.0
2019-11-13 00:00:00-05:00,93.48626371940885,94.73699578091882,93.30303882363866,94.34664154052734,1542200,0.0,0.0
2019-11-14 00:00:00-05:00,94.52187991562224,95.2627596125192,94.30678247702093,95.15122985839844,1507500,0.0,0.0
2019-11-15 00:00:00-05:00,95.6890552654868,95.6890552654868,94.57331221174505,95.00676727294922,1636700,0.9,0.0
2019-11-18 00:00:00-05:00,94.83818594206473,95.25558363726137,94.3405140418908,95.23953247070312,1365000,0.0,0.0
2019-11-19 00:00:00-05:00,94.60542238531308,95.48838369303843,93.93918555007744,94.25223541259766,2781500,0.0,0.0
2019-11-20 00:00:00-05:00,94.13181853842684,94.13181853842684,91.86020168602519,93.16056060791016,4337000,0.0,0.0
2019-11-21 00:00:00-05:00,93.40138589822013,95.26363397009538,93.03214774270025,95.01480102539062,2401300,0.0,0.0
2019-11-22 00:00:00-05:00,95.42415489898562,95.45626335833599,93.27293711501088,93.61809539794922,2261000,0.0,0.0
2019-11-25 00:00:00-05:00,93.91509961773706,93.91509961773706,92.44616966676148,92.64684295654297,2758900,0.0,0.0
2019-11-26 00:00:00-05:00,92.73513326626134,92.91975537465132,91.54715090257221,91.77190399169922,4118100,0.0,0.0
2019-11-27 00:00:00-05:00,92.25353486175128,92.5665847372708,91.53913836386688,92.0608901977539,2290500,0.0,0.0
2019-11-29 00:00:00-05:00,91.84415053819482,92.42209059727699,91.64347724679477,92.0849609375,1105700,0.0,0.0
2019-12-02 00:00:00-05:00,92.20535900247089,93.16055963126067,91.55517342428219,91.77190399169922,2418300,0.0,0.0
2019-12-03 00:00:00-05:00,91.25015936943417,91.25015936943417,90.23876426538592,90.50365447998047,4128900,0.0,0.0
2019-12-04 00:00:00-05:00,91.13776696310845,91.50700502040864,90.24677721377427,90.3591537475586,2128900,0.0,0.0
2019-12-05 00:00:00-05:00,90.52772763877879,90.87288591979387,90.03808435352339,90.3350830078125,1688600,0.0,0.0
2019-12-06 00:00:00-05:00,90.75246971828875,91.76386462526257,90.66417299729555,91.15381622314453,2142600,0.0,0.0
2019-12-09 00:00:00-05:00,90.86486757502446,90.92908450064742,89.7812329824053,89.8695297241211,1585300,0.0,0.0
2019-12-10 00:00:00-05:00,90.1424423931077,90.35916684709305,89.65279908603644,89.84544372558594,2215800,0.0,0.0
2019-12-11 00:00:00-05:00,89.85348121316592,90.42339266578914,89.48424306600425,90.07020568847656,1652500,0.0,0.0
2019-12-12 00:00:00-05:00,90.00597694689225,91.48293546573863,89.83741212731772,91.29029083251953,1618800,0.0,0.0
2019-12-13 00:00:00-05:00,91.4106777216705,92.03678341332292,90.46349972545168,90.69628143310547,1621900,0.0,0.0
2019-12-16 00:00:00-05:00,90.81669927354638,92.01271030980386,90.53575790584328,91.61939239501953,2097700,0.0,0.0
2019-12-17 00:00:00-05:00,91.63546372852556,92.26958600248297,90.47155484960244,90.7284164428711,2672000,0.0,0.0
2019-12-18 00:00:00-05:00,90.93711587145368,91.4588676906592,90.3752269415157,90.73644256591797,3074800,0.0,0.0
2019-12-19 00:00:00-05:00,91.03343967177527,91.20200451059166,90.29495726602225,90.55181884765625,1850500,0.0,0.0
2019-12-20 00:00:00-05:00,91.3384545860693,91.62742461098355,90.5839210627862,90.98526763916016,4666900,0.0,0.0
2019-12-23 00:00:00-05:00,91.02541425289618,91.24213873218469,90.07020734166663,90.43944549560547,1937500,0.0,0.0
2019-12-24 00:00:00-05:00,90.42338298435854,90.89696899499162,90.37521723184173,90.86486053466797,1190800,0.0,0.0
2019-12-26 00:00:00-05:00,90.35916616911578,90.86486064066243,89.78122613074096,89.94979095458984,1147700,0.0,0.0
2019-12-27 00:00:00-05:00,90.23072582883037,90.23072582883037,88.72165902328327,88.77784729003906,1427500,0.0,0.0
2019-12-30 00:00:00-05:00,88.69760964307886,89.29962961803189,88.40061091743904,88.59326171875,1712000,0.0,0.0
2019-12-31 00:00:00-05:00,88.47284791561529,89.42805480957031,88.32836289068146,89.42805480957031,1695900,0.0,0.0
2020-01-02 00:00:00-05:00,89.96583743180413,90.84879855137284,89.40394862912449,90.0621566772461,1607900,0.0,0.0
2020-01-03 00:00:00-05:00,89.29959419482459,90.23874351343588,86.84335563105313,87.08415985107422,2236900,0.0,0.0
2020-01-06 00:00:00-05:00,86.88350363157087,87.04404593377326,86.0567306784322,86.53834533691406,3917100,0.0,0.0
2020-01-07 00:00:00-05:00,85.99250099165478,86.86743956759773,85.67945120391181,86.80322265625,2687900,0.0,0.0
2020-01-08 00:00:00-05:00,86.94773016990138,87.04405556187753,83.32758199863635,83.56036376953125,3452600,0.0,0.0
2020-01-09 00:00:00-05:00,82.98241939630381,84.82058752784656,82.0512984846943,84.78045654296875,3127700,0.0,0.0
2020-01-10 00:00:00-05:00,84.79650733542404,85.68749725819778,84.13027052396926,84.17843627929688,1910700,0.0,0.0
2020-01-13 00:00:00-05:00,84.2185551734423,85.1015163228916,83.91353401245061,84.5235824584961,2243100,0.0,0.0
2020-01-14 00:00:00-05:00,84.49950541169808,85.61525452705303,84.27475230900076,85.39049530029297,2753400,0.0,0.0
2020-01-15 00:00:00-05:00,84.74032014160316,84.85269669870019,83.57641746135702,84.19448852539062,2386300,0.0,0.0
2020-01-16 00:00:00-05:00,84.7322798702345,84.82057659927744,83.19913926642576,83.31151580810547,2568200,0.0,0.0
2020-01-17 00:00:00-05:00,83.31151914468857,83.43994685858218,82.29209545911525,82.92622375488281,2782000,0.0,0.0
2020-01-21 00:00:00-05:00,82.27602444418137,82.66934226093355,81.80243856010073,82.14759063720703,2102000,0.0,0.0
2020-01-22 00:00:00-05:00,82.5168549626289,82.66936249065425,81.52953973310954,81.76232147216797,2505400,0.0,0.0
2020-01-23 00:00:00-05:00,81.46532691948273,81.97905005085931,80.26931582837749,81.93891906738281,3520300,0.0,0.0
2020-01-24 00:00:00-05:00,81.79443309767301,81.86667254152385,79.76362041080726,80.52617645263672,2120500,0.0,0.0
2020-01-27 00:00:00-05:00,78.88064676904854,78.94486368562404,77.55620807803682,77.79701232910156,2472800,0.0,0.0
2020-01-28 00:00:00-05:00,78.22243857465978,78.58365413684393,77.5481793237489,77.61239624023438,2926900,0.0,0.0
2020-01-29 00:00:00-05:00,78.00572465435742,79.39438657129804,76.69733695587838,76.89801025390625,2395600,0.0,0.0
2020-01-30 00:00:00-05:00,76.4404713741081,77.50002608721518,75.854502679982,77.38764953613281,2610400,0.0,0.0
2020-01-31 00:00:00-05:00,76.17557722654728,76.1996570399539,72.41094458773101,73.34207153320312,6451000,0.0,0.0
2020-02-03 00:00:00-05:00,73.277843492528,73.35008292178327,70.99016970518917,71.41559600830078,4306800,0.0,0.0
2020-02-04 00:00:00-05:00,72.69992415334552,72.93270592031337,70.86175595823794,71.2149429321289,3427900,0.0,0.0
2020-02-05 00:00:00-05:00,72.53938514113956,74.88324776536149,72.4912193858042,74.36149597167969,3100700,0.0,0.0
2020-02-06 00:00:00-05:00,74.64244885317927,74.7066657874716,72.28253469654396,72.41899108886719,2606100,0.0,0.0
2020-02-07 00:00:00-05:00,72.2183008006061,72.63569852734564,71.64838942175861,72.50727081298828,2481500,0.0,0.0
2020-02-10 00:00:00-05:00,72.12999426452173,73.07717225991847,71.93734965713676,72.4510726928711,2171400,0.0,0.0
2020-02-11 00:00:00-05:00,72.99690012684464,73.02900858030122,71.88115739648879,72.45909118652344,2682900,0.0,0.0
2020-02-12 00:00:00-05:00,73.51868025741497,74.08859791943617,72.60361033742046,73.157470703125,2361400,0.0,0.0
2020-02-13 00:00:00-05:00,73.04508504486597,73.42235184857422,72.37884818402219,72.51530456542969,2727700,0.0,0.0
2020-02-14 00:00:00-05:00,72.58015424922968,73.15580660337284,71.84235649568446,72.53961944580078,2254900,0.9,0.0
2020-02-18 00:00:00-05:00,71.9234474986912,72.23964748646475,70.59378442556971,71.3478012084961,4542600,0.0,0.0
2020-02-19 00:00:00-05:00,71.75317868411423,71.9396585933572,70.31000839633577,71.6396713256836,2441800,0.0,0.0
2020-02-20 00:00:00-05:00,71.76128808222008,73.20445836924051,71.68021228133894,73.12338256835938,2905900,0.0,0.0
2020-02-21 00:00:00-05:00,72.58015709808514,73.09905579924605,71.90722242643645,72.36125183105469,2406900,0.0,0.0
2020-02-24 00:00:00-05:00,70.22894065685638,71.25050699999572,69.66950705059828,70.18029022216797,3732700,0.0,0.0
2020-02-25 00:00:00-05:00,70.39919294008499,70.78025600493133,66.702075834622,67.139892578125,4211800,0.0,0.0
2020-02-26 00:00:00-05:00,67.37501195972993,67.89390446663185,65.08863991816622,65.12918090820312,4156400,0.0,0.0
2020-02-27 00:00:00-05:00,63.80762972994705,63.84006128910589,60.19159439051632,60.20781326293945,6900500,0.0,0.0
2020-02-28 00:00:00-05:00,58.13221545164355,61.107746509641785,57.88087869247097,60.694252014160156,7137800,0.0,0.0
2020-03-02 00:00:00-05:00,61.02668889666967,61.17262782473098,58.5538427417871,60.896968841552734,5279400,0.0,0.0
2020-03-03 00:00:00-05:00,61.18072488999087,62.89956011896385,58.45653624082324,59.072723388671875,5710300,0.0,0.0
2020-03-04 00:00:00-05:00,60.01321541489158,60.62129314526777,58.7159841605597,60.50778579711914,4201800,0.0,0.0
2020-03-05 00:00:00-05:00,58.497097700429116,59.85108306400935,57.99441772157513,58.35926818847656,5724800,0.0,0.0
2020-03-06 00:00:00-05:00,56.7539113030631,57.69440765950001,55.14858366164629,56.18637466430664,6374400,0.0,0.0
2020-03-09 00:00:00-04:00,50.79475739848153,56.024223036588104,48.808369667458116,50.34072494506836,7993800,0.0,0.0
2020-03-10 00:00:00-04:00,53.470295258148155,54.216208585711264,48.88133888159633,51.37040328979492,7047200,0.0,0.0
2020-03-11 00:00:00-04:00,49.48941380184095,50.00019680152623,43.87888240371754,44.7139778137207,8448500,0.0,0.0
2020-03-12 00:00:00-04:00,41.36550548061564,41.51955074059062,36.33062212392051,37.619747161865234,11492100,0.0,0.0
2020-03-13 00:00:00-04:00,41.11415843416973,44.1140089630691,37.8224332146858,44.07347106933594,6997200,0.0,0.0
2020-03-16 00:00:00-04:00,37.91972786330139,46.692262391695465,36.74411029233521,39.13588333129883,7192800,0.0,0.0
2020-03-17 00:00:00-04:00,39.792609210737055,41.130378397170084,37.26300355875419,37.83864974975586,6274500,0.0,0.0
2020-03-18 00:00:00-04:00,36.354945981114206,38.04945629309662,32.463248559640085,34.83880615234375,6970800,0.0,0.0
2020-03-19 00:00:00-04:00,35.06581937325059,37.814330500946355,33.89831112488282,37.03599166870117,4936100,0.0,0.0
2020-03-20 00:00:00-04:00,38.26025488314644,41.316859727842875,36.776546627603935,39.200748443603516,7605100,0.0,0.0
2020-03-23 00:00:00-04:00,38.66563266240805,38.9169725569284,33.57399640925305,34.12532043457031,6075800,0.0,0.0
2020-03-24 00:00:00-04:00,37.092735910309926,37.55487466766669,34.376657031610144,36.95490646362305,5476000,0.0,0.0
2020-03-25 00:00:00-04:00,37.44948685600303,42.88975905447202,35.398238558797075,40.94390869140625,6516900,0.0,0.0
2020-03-26 00:00:00-04:00,41.67359225389328,46.00310552993147,41.397930244076505,44.09779357910156,6014400,0.0,0.0
2020-03-27 00:00:00-04:00,42.22492291361234,44.05726261323827,40.579056937572304,42.41950607299805,4191500,0.0,0.0
2020-03-30 00:00:00-04:00,41.08173356738253,44.53561710954456,39.476408590135044,43.91132354736328,5207900,0.0,0.0
2020-03-31 00:00:00-04:00,45.16801433746787,45.808523640385765,42.200595053680516,43.49782943725586,4743800,0.0,0.0
2020-04-01 00:00:00-04:00,41.7303514225598,42.03844193253944,39.76017920016,40.141239166259766,4142800,0.0,0.0
2020-04-02 00:00:00-04:00,41.75466636593596,45.4842081440086,40.587158361554614,41.93303680419922,5169000,0.0,0.0
2020-04-03 00:00:00-04:00,42.97083086724211,43.2545992679072,40.814181743656526,41.851966857910156,3587300,0.0,0.0
2020-04-06 00:00:00-04:00,43.854571857164856,46.96793037349188,43.327569850444405,46.55443572998047,5347800,0.0,0.0
2020-04-07 00:00:00-04:00,48.784049196189144,49.91102255113698,47.03278540980767,47.535465240478516,5281100,0.0,0.0
2020-04-08 00:00:00-04:00,48.33813141512743,52.05145831821312,48.15165459028312,51.64607620239258,3754800,0.0,0.0
2020-04-09 00:00:00-04:00,54.41079160613907,54.678347271402934,48.15975376299447,49.87858581542969,5316800,0.0,0.0
2020-04-13 00:00:00-04:00,51.15960613286258,51.72714597740589,49.44077391447836,49.9110221862793,3438100,0.0,0.0
2020-04-14 00:00:00-04:00,50.11371576594636,50.60017673219864,48.71108345064744,49.51374435424805,3496900,0.0,0.0
2020-04-15 00:00:00-04:00,47.276016201844534,47.34898565085337,44.641012788409995,45.78419876098633,4093100,0.0,0.0
2020-04-16 00:00:00-04:00,45.37881720496002,45.719339265337204,43.100551421805235,43.400535583496094,4363300,0.0,0.0
2020-04-17 00:00:00-04:00,44.55183992683018,48.39489039358473,44.300499956526245,48.265167236328125,5601700,0.0,0.0
2020-04-20 00:00:00-04:00,46.21391295992225,48.87323889141483,45.81663410169628,47.12197494506836,3468500,0.0,0.0
2020-04-21 00:00:00-04:00,45.005855804658346,47.02467511438551,44.11400975514344,46.05175018310547,3287100,0.0,0.0
2020-04-22 00:00:00-04:00,48.378662161029546,48.54081683907731,46.49767531849926,47.170616149902344,3071800,0.0,0.0
2020-04-23 00:00:00-04:00,48.70296680648899,49.16510558387814,47.31655047432153,48.621891021728516,3419800,0.0,0.0
2020-04-24 00:00:00-04:00,49.456990784225646,49.959667529479,48.265157393649986,49.075927734375,3399900,0.0,0.0
2020-04-27 00:00:00-04:00,49.173223081454836,51.99470044217298,48.78405059082808,51.47581100463867,3234300,0.0,0.0
2020-04-28 00:00:00-04:00,52.821695533264084,54.86483432539484,52.07578821119155,54.5972785949707,3851900,0.0,0.0
2020-04-29 00:00:00-04:00,56.75392150878906,59.834851150683654,56.348536355154856,59.591617584228516,5191400,0.0,0.0
2020-04-30 00:00:00-04:00,59.59972363810418,61.318552633161865,58.38356824619603,59.324058532714844,5993400,0.0,0.0
2020-05-01 00:00:00-04:00,57.19984874818464,57.86468016545748,52.910872998262505,53.80271911621094,6626600,0.0,0.0
2020-05-04 00:00:00-04:00,53.518946486477326,60.32941789385658,53.26760350011846,59.575401306152344,7575800,0.0,0.0
2020-05-05 00:00:00-04:00,61.21315849438763,62.242834067889135,59.924036668734715,60.96992492675781,6934400,0.0,0.0
2020-05-06 00:00:00-04:00,61.472614706991344,61.85367780470158,58.229532936776685,58.30250549316406,5972000,0.0,0.0
2020-05-07 00:00:00-04:00,59.82672577123455,61.318539769896454,58.80515372434266,59.43755340576172,3586900,0.0,0.0
2020-05-08 00:00:00-04:00,60.507775477281605,62.78604385812366,59.81862207086371,62.47794723510742,3275800,0.0,0.0
2020-05-11 00:00:00-04:00,61.74827001685134,63.029282410469555,61.49692701351521,62.16175842285156,3441800,0.0,0.0
2020-05-12 00:00:00-04:00,62.52660073080902,62.729293283013256,59.583500913964635,59.61593246459961,3117400,0.0,0.0
2020-05-13 00:00:00-04:00,59.1862305913914,59.4781083877929,57.17551757014625,57.589012145996094,3687400,0.0,0.0
2020-05-14 00:00:00-04:00,56.42961769932816,59.01597721333606,55.02698839377151,58.17277526855469,3159700,0.0,0.0
2020-05-15 00:00:00-04:00,57.86076931823391,59.03489896701377,56.76053291843907,58.238460540771484,2830600,0.9,0.0
2020-05-18 00:00:00-04:00,61.58020436135726,63.829932740032056,61.36672456557777,62.63117218017578,4530900,0.0,0.0
2020-05-19 00:00:00-04:00,62.401286063139175,63.06635039687934,60.8494651082364,61.7608528137207,3736700,0.0,0.0
2020-05-20 00:00:00-04:00,63.06632320420405,64.95478486861384,62.934955389709756,64.24866485595703,3501500,0.0,0.0
2020-05-21 00:00:00-04:00,64.57710659570509,64.94658530302357,63.074548159320706,63.296234130859375,2299500,0.0,0.0
2020-05-22 00:00:00-04:00,62.680434414107374,63.09096911034102,61.70336609676968,62.77896499633789,2036100,0.0,0.0
2020-05-26 00:00:00-04:00,64.99587186512134,65.61988024434467,64.42111939255607,64.8398666381836,2747400,0.0,0.0
2020-05-27 00:00:00-04:00,65.68554256400108,67.26199408211434,64.95479140411749,67.10599517822266,3328100,0.0,0.0
2020-05-28 00:00:00-04:00,67.26200574217124,67.35232387999456,64.20762648117817,64.50321197509766,4129200,0.0,0.0
2020-05-29 00:00:00-04:00,64.3143563112036,65.11079449162338,63.28801974143817,64.25688171386719,4305200,0.0,0.0
2020-06-01 00:00:00-04:00,64.06804129686891,64.83984850149945,62.65580099233734,64.72489929199219,2470200,0.0,0.0
2020-06-02 00:00:00-04:00,65.38998293155892,67.10602166580118,64.93018595668703,66.97464752197266,3151900,0.0,0.0
2020-06-03 00:00:00-04:00,68.02561604878727,69.26543291594325,67.85319218211218,68.74816131591797,2562400,0.0,0.0
2020-06-04 00:00:00-04:00,67.7874990368715,68.67425564112744,67.06496009873521,68.25550842285156,2586300,0.0,0.0
2020-06-05 00:00:00-04:00,71.24420439644706,72.63181398529291,70.73514526814715,71.76148223876953,3767300,0.0,0.0
2020-06-08 00:00:00-04:00,72.71389705122961,73.72381507216859,71.75324744924053,73.67455291748047,3355700,0.0,0.0
2020-06-09 00:00:00-04:00,71.07177769891254,71.35915705062158,69.8976480008377,70.34102630615234,3809900,0.0,0.0
2020-06-10 00:00:00-04:00,69.83197004807428,71.44947185321169,68.48541644257828,69.24079895019531,3201700,0.0,0.0
2020-06-11 00:00:00-04:00,64.0516246182716,65.56238928313793,61.547360482826285,61.580204010009766,4387200,0.0,0.0
2020-06-12 00:00:00-04:00,63.82172514092422,65.40638928191504,61.84294494448614,63.435821533203125,3025700,0.0,0.0
2020-06-15 00:00:00-04:00,60.2911337727482,62.88571014123468,59.609644582774486,62.072853088378906,4308900,0.0,0.0
2020-06-16 00:00:00-04:00,64.78239321655731,64.82344293833081,61.72801327758331,63.25520324707031,3419100,0.0,0.0
2020-06-17 00:00:00-04:00,63.25518238898919,63.44402482825816,59.80668741967703,59.83953094482422,3665500,0.0,0.0
2020-06-18 00:00:00-04:00,59.535749620309915,62.951395392321864,59.199108127390176,62.59833526611328,3760200,0.0,0.0
2020-06-19 00:00:00-04:00,64.04342484045168,64.38006636248517,61.25999956968083,61.333892822265625,7484400,0.0,0.0
2020-06-22 00:00:00-04:00,60.84123544428848,61.448824987945436,59.855954764614395,61.08755874633789,2455400,0.0,0.0
2020-06-23 00:00:00-04:00,61.374948805432865,61.957907433679196,60.89872696345241,61.333892822265625,2749700,0.0,0.0
2020-06-24 00:00:00-04:00,60.34861559568633,60.52925190995565,56.9165444173611,57.46665954589844,3560200,0.0,0.0
2020-06-25 00:00:00-04:00,56.99864078337006,58.67362324446014,56.563474968999856,57.5323371887207,2655200,0.0,0.0
2020-06-26 00:00:00-04:00,57.2531682455434,57.26958687618603,55.79987199532229,55.89019012451172,3797700,0.0,0.0
2020-06-29 00:00:00-04:00,56.52242410721576,57.277812844594884,55.684935932981176,56.374637603759766,2364900,0.0,0.0
2020-06-30 00:00:00-04:00,55.849146868668804,59.40437944936357,55.225138533967005,59.0349006652832,3502500,0.0,0.0
2020-07-01 00:00:00-04:00,58.92815158380218,60.22544281632268,56.51421166404108,56.744110107421875,2251700,0.0,0.0
2020-07-02 00:00:00-04:00,57.696563246128186,58.27952822732626,56.062636348567025,56.17758560180664,2624100,0.0,0.0
2020-07-06 00:00:00-04:00,57.15464529112369,57.43380589911153,54.4204825012383,55.9066162109375,3592400,0.0,0.0
2020-07-07 00:00:00-04:00,55.16766197091978,55.21692413658895,52.94256436709001,53.04930114746094,3120400,0.0,0.0
2020-07-08 00:00:00-04:00,53.10677363972396,53.82931251913561,52.25286063809405,52.53202438354492,3798000,0.0,0.0
2020-07-09 00:00:00-04:00,52.548446882021786,52.819401314680334,48.377412407338184,48.42667770385742,6096200,0.0,0.0
2020-07-10 00:00:00-04:00,48.221409063539305,50.18376457397931,48.21319974706801,50.13450241088867,4247900,0.0,0.0
2020-07-13 00:00:00-04:00,50.36439914527453,50.71745925203342,48.8536312632762,49.48585510253906,3481400,0.0,0.0
2020-07-14 00:00:00-04:00,48.96037614692241,51.07873387082854,48.771530533979224,50.87346649169922,3423300,0.0,0.0
2020-07-15 00:00:00-04:00,52.52381586510275,53.96068746131873,51.48105724513594,53.74720764160156,3635500,0.0,0.0
2020-07-16 00:00:00-04:00,53.4269867991003,54.28911219403467,52.44170287069764,53.26277542114258,1857300,0.0,0.0
2020-07-17 00:00:00-04:00,53.62404222285909,54.321956246569115,52.21180493958377,52.41707229614258,2122100,0.0,0.0
2020-07-20 00:00:00-04:00,52.425280277672805,53.00823880374789,51.127992245954566,51.1772575378418,2079600,0.0,0.0
2020-07-21 00:00:00-04:00,52.326762554199334,54.92955468170396,52.137916931719786,54.535438537597656,3241200,0.0,0.0
2020-07-22 00:00:00-04:00,53.50088626974337,53.804677945195955,52.47454636538034,53.57477951049805,2585400,0.0,0.0
2020-07-23 00:00:00-04:00,53.221725570435076,53.94426448658208,52.52381773739055,53.517311096191406,2104700,0.0,0.0
2020-07-24 00:00:00-04:00,53.738986381365144,54.584693072736854,53.16424034282321,53.41876983642578,2040600,0.0,0.0
2020-07-27 00:00:00-04:00,53.16425300970713,53.394151479899385,52.22002178062026,53.03287887573242,1826600,0.0,0.0
2020-07-28 00:00:00-04:00,52.663398766014694,53.33667552509598,52.05580907227386,52.2036018371582,2428300,0.0,0.0
2020-07-29 00:00:00-04:00,52.67982404298751,53.853947457001674,52.310338995990215,53.845741271972656,2449100,0.0,0.0
2020-07-30 00:00:00-04:00,52.5566588922814,52.720870281712244,50.3315582327682,51.801273345947266,3118400,0.0,0.0
2020-07-31 00:00:00-04:00,50.38903685240084,51.809486782425076,49.748603612725525,50.922733306884766,5838600,0.0,0.0
2020-08-03 00:00:00-04:00,50.339770616117654,50.9063074260336,49.2970120075028,50.18376541137695,4331600,0.0,0.0
2020-08-04 00:00:00-04:00,49.87997073260569,51.177262009815095,49.36269608504852,50.783145904541016,3412600,0.0,0.0
2020-08-05 00:00:00-04:00,51.825907005574,51.825907005574,49.699336832508976,50.87346649169922,4538200,0.0,0.0
2020-08-06 00:00:00-04:00,50.16734851177102,51.68632906641104,49.82250080240963,50.060611724853516,3187800,0.0,0.0
2020-08-07 00:00:00-04:00,49.75680426244627,51.719162754518386,49.37911309110434,51.62063217163086,2914000,0.0,0.0
2020-08-10 00:00:00-04:00,52.0311681615408,53.303825133500744,51.64526766478264,53.26277542114258,3387100,0.0,0.0
2020-08-11 00:00:00-04:00,54.510792888050034,55.39754927715337,52.3431703353054,52.638755798339844,3544200,0.0,0.0
2020-08-12 00:00:00-04:00,53.64867850095221,53.788265077775186,52.3924462915194,52.88508987426758,3442200,0.0,0.0
2020-08-13 00:00:00-04:00,52.425286650805276,52.78655923763433,51.41537153532983,51.423583984375,2875500,0.0,0.0
2020-08-14 00:00:00-04:00,50.988417491608544,52.35139281102224,50.791362554802475,52.269287109375,2638100,0.0,0.0
2020-08-17 00:00:00-04:00,52.21931666924996,52.585766866101196,51.74459586856067,51.93614959716797,2816100,0.9,0.0
2020-08-18 00:00:00-04:00,51.85286767933982,52.05275164355211,50.87844169355549,51.061668395996094,2658800,0.0,0.0
2020-08-19 00:00:00-04:00,51.219899758298986,51.711277785501146,50.27878526341064,51.15327072143555,3100800,0.0,0.0
2020-08-20 00:00:00-04:00,50.60360375059492,51.29486584623712,50.48700609037767,50.77850341796875,2598700,0.0,0.0
2020-08-21 00:00:00-04:00,50.80348772314446,51.453105074096534,50.4453645227355,50.77850341796875,3124900,0.0,0.0
2020-08-24 00:00:00-04:00,51.01168675780467,53.03549760497196,50.53696600867132,53.01051330566406,3011200,0.0,0.0
2020-08-25 00:00:00-04:00,53.05216529192743,53.26037629921361,51.15327874508497,51.32817840576172,2303900,0.0,0.0
2020-08-26 00:00:00-04:00,51.153265490359594,51.503061544026835,49.97895584063209,49.99561309814453,3003400,0.0,0.0
2020-08-27 00:00:00-04:00,50.12054988583914,50.32876087633297,49.19609257971891,50.18717575073242,3160200,0.0,0.0
2020-08-28 00:00:00-04:00,50.26212852173783,51.694621058578534,50.26212852173783,51.46142578125,2469100,0.0,0.0
2020-08-31 00:00:00-04:00,51.51139455800181,51.56969337753272,48.68805421168586,48.69638442993164,3657000,0.0,0.0
2020-09-01 00:00:00-04:00,48.62142856222644,49.47925677652079,48.06342148808783,48.962894439697266,3194900,0.0,0.0
2020-09-02 00:00:00-04:00,48.796316917079835,50.28710803721055,48.1633570458151,50.01226806640625,4491700,0.0,0.0
2020-09-03 00:00:00-04:00,50.07890528919301,51.41145427680399,49.304360197316825,49.71245193481445,3365700,0.0,0.0
2020-09-04 00:00:00-04:00,49.970636920565234,50.50365653939033,48.77134277820878,49.12113571166992,3420100,0.0,0.0
2020-09-08 00:00:00-04:00,48.571461308021874,49.66248808012776,48.196680876607815,48.271636962890625,4119800,0.0,0.0
2020-09-09 00:00:00-04:00,48.33825945829728,48.82963747356879,47.60535595583105,48.19667434692383,3057100,0.0,0.0
2020-09-10 00:00:00-04:00,48.43820162905697,48.521484749152975,46.09790910060963,46.106239318847656,3100900,0.0,0.0
2020-09-11 00:00:00-04:00,46.38107017191856,47.82188956758231,45.70646872586642,47.5303955078125,3002100,0.0,0.0
2020-09-14 00:00:00-04:00,47.90518209174238,49.07116165969154,47.830226012749065,48.61309814453125,2889700,0.0,0.0
2020-09-15 00:00:00-04:00,48.51315372362758,49.58752304068506,48.06341728713183,48.34658432006836,3397700,0.0,0.0
2020-09-16 00:00:00-04:00,48.92958549981267,51.41146026391914,48.396565842695544,50.395389556884766,5347700,0.0,0.0
2020-09-17 00:00:00-04:00,48.98787308397771,50.320421920962815,48.93790131119813,50.262123107910156,4187000,0.0,0.0
2020-09-18 00:00:00-04:00,49.345999914931355,50.570281435805036,49.079490127360486,49.82072067260742,7292400,0.0,0.0
2020-09-21 00:00:00-04:00,48.238319724382436,48.496502490828505,46.28946794486748,46.5726318359375,6187500,0.0,0.0
2020-09-22 00:00:00-04:00,46.397733416231056,47.32219066371466,45.69814440546352,46.106239318847656,4135900,0.0,0.0
2020-09-23 00:00:00-04:00,46.19785363061428,46.489347734139734,43.774277931003894,43.832576751708984,3725300,0.0,0.0
2020-09-24 00:00:00-04:00,43.55773694950091,44.84864440695205,42.51668203590362,44.01580047607422,2981000,0.0,0.0
2020-09-25 00:00:00-04:00,43.366185790233985,44.373926243677275,43.058034407166126,44.04079055786133,2824300,0.0,0.0
2020-09-28 00:00:00-04:00,44.923606099890975,45.50659755974511,44.498857039982425,44.9569206237793,2126600,0.0,0.0
2020-09-29 00:00:00-04:00,44.773690262135624,44.823662043886195,43.1080023283545,43.46612548828125,2464600,0.0,0.0
2020-09-30 00:00:00-04:00,43.69932177389908,44.18236959847251,42.966418230116254,43.17462921142578,2670300,0.0,0.0
2020-10-01 00:00:00-04:00,42.63328466722738,42.974750591766785,41.43399041014825,41.875396728515625,4047100,0.0,0.0
2020-10-02 00:00:00-04:00,40.776031463855205,43.10799345576955,40.659433840816526,42.52500534057617,3453200,0.0,0.0
2020-10-05 00:00:00-04:00,43.166299998951324,44.24899641189531,43.07468666345539,43.76594543457031,2711600,0.0,0.0
2020-10-06 00:00:00-04:00,44.548816017738744,44.548816017738744,42.42506179764564,42.52500534057617,2926500,0.0,0.0
2020-10-07 00:00:00-04:00,42.849811946364994,43.45778750791817,42.18353757596746,43.249576568603516,2621200,0.0,0.0
2020-10-08 00:00:00-04:00,43.40782856472579,44.6904090923673,43.35785995783569,44.67375183105469,2398000,0.0,0.0
2020-10-09 00:00:00-04:00,45.00688565803095,45.38999309413226,43.765946834253825,44.174041748046875,3185700,0.0,0.0
2020-10-12 00:00:00-04:00,43.85756350008588,45.27339888988555,43.249587780917,44.52383804321289,2769000,0.0,0.0
2020-10-13 00:00:00-04:00,44.03245824417123,44.52383629614266,42.57498134831247,42.69990921020508,2885600,0.0,0.0
2020-10-14 00:00:00-04:00,43.0746874072397,44.44055089118898,42.916445033360745,43.37451171875,2111400,0.0,0.0
2020-10-15 00:00:00-04:00,42.516680354836865,43.92418857567932,41.991987809556356,43.73263168334961,3502000,0.0,0.0
2020-10-16 00:00:00-04:00,43.690988316524034,43.724302833555214,42.03363080731285,42.125244140625,2938700,0.0,0.0
2020-10-19 00:00:00-04:00,42.40008500495845,42.41674226506176,40.709412817566474,40.7677116394043,3683200,0.0,0.0
2020-10-20 00:00:00-04:00,41.117497377505046,41.717145928134066,40.87597509087676,41.300724029541016,3471300,0.0,0.0
2020-10-21 00:00:00-04:00,40.70941534295356,41.49228755408909,40.52618864749831,40.5761604309082,3798400,0.0,0.0
2020-10-22 00:00:00-04:00,40.542843348665244,41.800436303120485,39.60172880467973,41.6505241394043,3408600,0.0,0.0
2020-10-23 00:00:00-04:00,42.10025285152849,42.84148331458327,41.15081144145621,42.041954040527344,3291400,0.0,0.0
2020-10-26 00:00:00-04:00,41.34237118107143,41.35070139931736,39.89322455692316,40.09310531616211,3215000,0.0,0.0
2020-10-27 00:00:00-04:00,39.976498806478716,40.284650095205585,39.16031233709204,39.20195388793945,3525700,0.0,0.0
2020-10-28 00:00:00-04:00,38.085950567891004,38.72724074206988,36.761728660596404,36.8283576965332,4911700,0.0,0.0
2020-10-29 00:00:00-04:00,36.32865060663348,38.46073216830473,36.037156507813,38.29416275024414,4436300,0.0,0.0
2020-10-30 00:00:00-04:00,37.79445362808189,38.92712173721092,37.40301601409102,38.86049270629883,4578900,0.0,0.0
2020-11-02 00:00:00-05:00,39.46015503802503,40.37628229323566,38.735578370872155,39.94320297241211,3732600,0.0,0.0
2020-11-03 00:00:00-05:00,40.49287503812173,40.84267117578164,39.018740753296804,39.57674789428711,3287300,0.0,0.0
2020-11-04 00:00:00-05:00,39.693343557094266,41.01756559894411,38.818858022374016,39.909881591796875,3709000,0.0,0.0
2020-11-05 00:00:00-05:00,39.7349780825222,40.73439130678125,39.50178282844568,40.134742736816406,3211600,0.0,0.0
2020-11-06 00:00:00-05:00,40.06812632174973,40.71774364087637,38.46906415083701,38.877159118652344,3617000,0.0,0.0
2020-11-09 00:00:00-05:00,43.65767827348237,48.49650276001007,43.55773788919426,47.49708938598633,8912800,0.0,0.0
2020-11-10 00:00:00-05:00,48.87961047493592,48.954566557814054,46.38940883374123,48.421546936035156,5192400,0.0,0.0
2020-11-11 00:00:00-05:00,49.05450984784055,49.129465930303304,48.04676625538636,49.12113571166992,4588500,0.0,0.0
2020-11-12 00:00:00-05:00,48.03843787096065,48.746353936727616,45.47327705576057,45.681488037109375,5068000,0.0,0.0
2020-11-13 00:00:00-05:00,46.28113355881127,49.55421021903933,46.22283474212912,48.937904357910156,5655700,0.0,0.0
2020-11-16 00:00:00-05:00,51.75440939859277,53.40371712988409,49.98669039274626,52.96390151977539,6020300,0.9,0.0
2020-11-17 00:00:00-05:00,51.805167364664214,54.494807332489756,50.95936871381255,54.41868209838867,5370200,0.0,0.0
2020-11-18 00:00:00-05:00,54.77392132631589,54.85004010594329,51.35689407174855,51.382266998291016,4151000,0.0,0.0
2020-11-19 00:00:00-05:00,50.74791841377626,52.287271680876884,50.350392020399305,51.974327087402344,2673700,0.0,0.0
2020-11-20 00:00:00-05:00,51.847460518530724,52.85396305304404,51.60217811713958,52.092742919921875,2651600,0.0,0.0
2020-11-23 00:00:00-05:00,53.04849400447996,55.75504718718535,52.94699584027909,55.687381744384766,4504300,0.0,0.0
2020-11-24 00:00:00-05:00,57.64117856686546,58.114823740000986,56.33018809459627,57.27748489379883,4207300,0.0,0.0
2020-11-25 00:00:00-05:00,56.56701265743182,56.863047353915526,55.628175618644335,56.04262161254883,3755900,0.0,0.0
2020-11-27 00:00:00-05:00,55.50130870504412,56.034159521590325,54.71471571703887,55.17144775390625,1936000,0.0,0.0
2020-11-30 00:00:00-05:00,54.35102269861618,54.554012566461246,51.0016576145148,51.23848342895508,6423000,0.0,0.0
2020-12-01 00:00:00-05:00,53.09924102887046,54.283360492216886,52.04199266033471,52.3380241394043,4021100,0.0,0.0
2020-12-02 00:00:00-05:00,51.76287165168754,55.21372804101849,51.62754401340917,54.49480056762695,4410700,0.0,0.0
2020-12-03 00:00:00-05:00,54.76545741578478,56.58392563214607,53.99578084602696,54.99382019042969,2732700,0.0,0.0
2020-12-04 00:00:00-05:00,56.44860187309628,59.138241922974665,56.26252513176321,58.63076400756836,4437500,0.0,0.0
2020-12-07 00:00:00-05:00,57.78496158125743,58.19940109910429,56.09336433771602,56.71080017089844,3059500,0.0,0.0
2020-12-08 00:00:00-05:00,55.87346857711933,58.42778465426489,55.87346857711933,56.998382568359375,3050800,0.0,0.0
2020-12-09 00:00:00-05:00,57.90337759093854,59.29048692745123,56.65159914234509,58.16557312011719,3602200,0.0,0.0
2020-12-10 00:00:00-05:00,57.641178839601885,60.64376015198096,57.641178839601885,59.933292388916016,3352600,0.0,0.0
2020-12-11 00:00:00-05:00,59.375058585144714,59.56113530787851,57.89491104894735,58.79146194458008,2557000,0.0,0.0
2020-12-14 00:00:00-05:00,58.960621903559925,59.671096110460645,56.55009709126215,56.8292121887207,2816400,0.0,0.0
2020-12-15 00:00:00-05:00,56.80384017199435,58.09791106811551,56.034160306602175,57.72575759887695,3028500,0.0,0.0
2020-12-16 00:00:00-05:00,57.894906969289835,57.937199477087724,56.60083624701504,56.91378402709961,3395200,0.0,0.0
2020-12-17 00:00:00-05:00,57.39589714219519,57.40435693555096,56.161031882448796,56.812294006347656,3162500,0.0,0.0
2020-12-18 00:00:00-05:00,56.74461580091805,57.10830939822559,55.87344441625654,56.5416259765625,8457000,0.0,0.0
2020-12-21 00:00:00-05:00,54.77392772079647,56.88842455194129,53.961958485522615,56.23715591430664,3479200,0.0,0.0
2020-12-22 00:00:00-05:00,56.262530980760204,57.666560027375304,55.949589567741334,57.099876403808594,3573900,0.0,0.0
2020-12-23 00:00:00-05:00,57.835699735231564,59.180522720364614,57.522758416707475,58.66458511352539,2988100,0.0,0.0
2020-12-24 00:00:00-05:00,58.5207994709437,58.596918237484815,57.54812991880384,58.13173294067383,1295200,0.0,0.0
2020-12-28 00:00:00-05:00,58.732248095682834,59.992486015040505,58.39392741551876,58.63920974731445,2442000,0.0,0.0
2020-12-29 00:00:00-05:00,58.740709029487874,59.09594933870437,57.3282269440689,57.8357048034668,3847500,0.0,0.0
2020-12-30 00:00:00-05:00,58.0133293530343,59.975588518909234,57.92875077417843,59.71338653564453,2906000,0.0,0.0
2020-12-31 00:00:00-05:00,59.62881186092642,59.83180175405745,59.0029225928952,59.15516662597656,2003500,0.0,0.0
2021-01-04 00:00:00-05:00,59.721836418520134,60.296979693399216,57.98794680152162,59.104400634765625,2714200,0.0,0.0
2021-01-05 00:00:00-05:00,59.20590284394055,62.40302056504433,59.20590284394055,60.68605041503906,3907000,0.0,0.0
2021-01-06 00:00:00-05:00,61.75176580914857,62.09853992576407,59.493478342446366,60.23778533935547,5097800,0.0,0.0
2021-01-07 00:00:00-05:00,60.47459905865205,62.00549243841564,59.86562304265539,60.77908706665039,2568200,0.0,0.0
2021-01-08 00:00:00-05:00,61.32885555096954,61.40497432415949,59.49346776679716,59.80641555786133,2683600,0.0,0.0
2021-01-11 00:00:00-05:00,58.36010353258824,61.5741408010627,58.08944823809059,61.12586212158203,4944300,0.0,0.0
2021-01-12 00:00:00-05:00,61.50646715248295,62.64829382204565,60.59300323566064,62.369178771972656,2648600,0.0,0.0
2021-01-13 00:00:00-05:00,62.16619925062482,62.33535639530429,60.499974918513196,60.702964782714844,2520600,0.0,0.0
2021-01-14 00:00:00-05:00,60.92287621968932,63.39260674895744,60.897503292453194,62.70751190185547,3028700,0.0,0.0
2021-01-15 00:00:00-05:00,61.87017242288783,62.13236793896153,59.99249839091489,60.67759323120117,3413700,0.0,0.0
2021-01-19 00:00:00-05:00,61.50645957724792,63.578663038907614,60.965149127191594,63.248802185058594,2976200,0.0,0.0
2021-01-20 00:00:00-05:00,63.77322267215954,64.24686787477678,62.53835735609895,63.76476287841797,2566800,0.0,0.0
2021-01-21 00:00:00-05:00,63.06274452529838,63.781678531550526,61.43035289219243,61.878631591796875,2698600,0.0,0.0
2021-01-22 00:00:00-05:00,60.64374847174737,61.819407843428685,60.17856317922235,61.3626823425293,2563600,0.0,0.0
2021-01-25 00:00:00-05:00,60.89749112744201,61.91244673172723,60.077065561728446,60.96515655517578,3003600,0.0,0.0
2021-01-26 00:00:00-05:00,61.616430696317344,62.65676588075334,60.271613932925945,60.313899993896484,2056800,0.0,0.0
2021-01-27 00:00:00-05:00,59.39196167764975,61.89552404071971,58.95214291824608,60.22084045410156,3080400,0.0,0.0
2021-01-28 00:00:00-05:00,60.64375402180461,61.42189359931994,59.679544182008485,60.43230438232422,2654500,0.0,0.0
2021-01-29 00:00:00-05:00,58.61385574369186,60.39003182166657,56.998377039640594,57.345157623291016,5732800,0.0,0.0
2021-02-01 00:00:00-05:00,57.80186830890543,57.89490666322438,55.29830544025617,56.98990249633789,2968800,0.0,0.0
2021-02-02 00:00:00-05:00,58.495431936916674,59.33277071065001,57.184441578109244,58.072532653808594,2324900,0.0,0.0
2021-02-03 00:00:00-05:00,58.07252651132135,60.38155273921823,58.07252651132135,60.296974182128906,2598900,0.0,0.0
2021-02-04 00:00:00-05:00,60.52533199021665,61.40496310857828,59.83177755401821,60.838279724121094,1997000,0.0,0.0
2021-02-05 00:00:00-05:00,61.87016859238269,62.17465660319882,60.347728538302036,60.931331634521484,2466500,0.0,0.0
2021-02-08 00:00:00-05:00,61.574137252919634,64.39910132314519,61.3626876146238,64.10307312011719,2678800,0.0,0.0
2021-02-09 00:00:00-05:00,63.81549421597662,63.908532567170454,62.45375811533649,63.03736114501953,2644900,0.0,0.0
2021-02-10 00:00:00-05:00,63.26574695827338,64.94042481343698,62.969712243361016,64.88967895507812,2231600,0.0,0.0
2021-02-11 00:00:00-05:00,64.61900020218228,65.34638735537965,63.30801007764681,65.3294677734375,2308000,0.0,0.0
2021-02-12 00:00:00-05:00,65.17723899477625,65.79467482100596,64.48368439085138,65.32102966308594,1954700,0.0,0.0
2021-02-16 00:00:00-05:00,66.72504992579759,68.17136473334311,66.05686826858104,67.14794921875,2763700,0.0,0.0
2021-02-17 00:00:00-05:00,67.6638895947887,68.43356943633647,66.1668288767938,68.2052001953125,2135800,0.0,0.0
2021-02-18 00:00:00-05:00,67.80768373597225,68.16291765963426,66.7419819649862,67.70619201660156,2075000,0.0,0.0
2021-02-19 00:00:00-05:00,68.23652175512204,70.9824124682054,68.01411832565587,70.4092788696289,3401800,0.9,0.0
2021-02-22 00:00:00-05:00,69.6907479397697,73.02687190236117,69.42557104773337,71.82073211669922,3213900,0.0,0.0
2021-02-23 00:00:00-05:00,72.9242189838749,73.55722503977083,70.4777285345694,73.16373443603516,2557200,0.0,0.0
2021-02-24 00:00:00-05:00,73.43746417664715,75.2252870561411,73.16373131068471,74.63504791259766,3540700,0.0,0.0
2021-02-25 00:00:00-05:00,75.27661873596868,75.3193921525915,72.03459085043318,72.40242004394531,2767000,0.0,0.0
2021-02-26 00:00:00-05:00,71.7865050640482,72.2313250134385,68.57014578622288,71.04229736328125,4790700,0.0,0.0
2021-03-01 00:00:00-05:00,72.7531361840212,73.35192479632579,71.94048703725765,72.4537353515625,2227400,0.0,0.0
2021-03-02 00:00:00-05:00,72.07736676403242,73.0012112478034,70.30665559120268,70.37508392333984,2354100,0.0,0.0
2021-03-03 00:00:00-05:00,71.10217697452502,73.24071687542298,70.83699358892571,71.71807098388672,2352400,0.0,0.0
2021-03-04 00:00:00-05:00,72.23986885122318,73.70263575718513,70.81988187632291,72.20565795898438,2829300,0.0,0.0
2021-03-05 00:00:00-05:00,74.08758265120609,74.78902353258385,71.94904258282192,74.72058868408203,3367100,0.0,0.0
2021-03-08 00:00:00-05:00,76.02938237656288,77.07299108690343,74.63505645079226,75.67866516113281,2892300,0.0,0.0
2021-03-09 00:00:00-05:00,75.01143182263365,77.49213302454712,72.99264952184573,73.05252838134766,3497500,0.0,0.0
2021-03-10 00:00:00-05:00,73.18084055939204,76.19190197279715,72.62481886059761,75.65299224853516,2554600,0.0,0.0
2021-03-11 00:00:00-05:00,75.7898775071201,76.55975342785734,74.8916943715166,75.04566955566406,2667700,0.0,0.0
2021-03-12 00:00:00-05:00,76.11492704231512,76.24323423558307,74.84035236119387,75.84119415283203,1864100,0.0,0.0
2021-03-15 00:00:00-04:00,75.670107954828,76.23468571742448,74.30144349046724,75.1397476196289,2200800,0.0,0.0
2021-03-16 00:00:00-04:00,74.12180654684316,74.23300829063758,72.35109547667703,72.6504898071289,3064000,0.0,0.0
2021-03-17 00:00:00-04:00,72.66757215883975,73.32624600276891,71.55553549545644,73.10383605957031,2490300,0.0,0.0
2021-03-18 00:00:00-04:00,72.42807852197994,72.87289854196406,69.54533048554656,69.60520935058594,3516700,0.0,0.0
2021-03-19 00:00:00-04:00,69.83617103186654,71.46146295389111,68.9550934785672,70.36653137207031,5098200,0.0,0.0
2021-03-22 00:00:00-04:00,69.63940187708045,70.09277119688795,68.74121269633784,68.92940521240234,2946100,0.0,0.0
2021-03-23 00:00:00-04:00,67.68051821939268,69.16894027490943,66.48293447962824,67.56076049804688,3348500,0.0,0.0
2021-03-24 00:00:00-04:00,68.83533746303101,70.3665331286247,68.71557972617406,70.16978454589844,3417400,0.0,0.0
2021-03-25 00:00:00-04:00,69.10052138050924,70.76858692947296,67.68908330871157,70.52051544189453,2613300,0.0,0.0
2021-03-26 00:00:00-04:00,71.81218211476099,72.23134072097304,70.63171019477487,72.12013244628906,2370000,0.0,0.0
2021-03-29 00:00:00-04:00,71.13638933807464,71.32457535387613,69.56242068924884,70.59747314453125,1880600,0.0,0.0
2021-03-30 00:00:00-04:00,69.93880405224566,71.26469474811326,69.80193437906165,70.4092788696289,1960600,0.0,0.0
2021-03-31 00:00:00-04:00,70.13556022293709,70.67447651212467,69.51965962175501,69.75062561035156,2665200,0.0,0.0
2021-04-01 00:00:00-04:00,69.79340388913062,71.25617131885083,68.87810882583825,71.13641357421875,2732900,0.0,0.0
2021-04-05 00:00:00-04:00,71.03374511828929,71.31603396339122,69.44267084301349,70.1954345703125,3060200,0.0,0.0
2021-04-06 00:00:00-04:00,70.30664601253704,70.93109606342179,68.8780962739424,69.16038513183594,2905200,0.0,0.0
2021-04-07 00:00:00-04:00,69.17749522456943,69.2373740843439,67.67196121641754,68.43328094482422,2707200,0.0,0.0
2021-04-08 00:00:00-04:00,67.54364384932771,67.72328041891697,66.43160701001715,67.08171844482422,2908500,0.0,0.0
2021-04-09 00:00:00-04:00,67.16725170094598,68.97217972111481,66.80797859939807,67.603515625,3592000,0.0,0.0
2021-04-12 00:00:00-04:00,68.1424416961974,68.74978627307247,66.2605225803151,66.39739227294922,1846300,0.0,0.0
2021-04-13 00:00:00-04:00,66.08944199082859,66.58557831086192,65.57619369606293,66.39739227294922,2000600,0.0,0.0
2021-04-14 00:00:00-04:00,67.02185023608006,68.88665759809116,66.9020925039946,67.91148376464844,2237300,0.0,0.0
2021-04-15 00:00:00-04:00,67.60353432100977,67.80883236062664,66.93631079752473,67.59497833251953,2143800,0.0,0.0
2021-04-16 00:00:00-04:00,68.0569062316451,68.81822607662016,66.85077286399644,67.31269836425781,2422300,0.0,0.0
2021-04-19 00:00:00-04:00,67.44955251123702,68.13388794424782,66.26052475426819,66.67112731933594,2352600,0.0,0.0
2021-04-20 00:00:00-04:00,66.09798287211969,66.28617541191042,63.81402401478001,64.51546478271484,2283800,0.0,0.0
2021-04-21 00:00:00-04:00,63.83114675572815,66.16642887195722,63.5830753229089,65.88414001464844,2553200,0.0,0.0
2021-04-22 00:00:00-04:00,66.01246647217128,66.01246647217128,64.08778002553929,64.11344146728516,2625700,0.0,0.0
2021-04-23 00:00:00-04:00,64.42137968882895,65.6959542835085,64.13909735647698,65.43077087402344,1992800,0.0,0.0
2021-04-26 00:00:00-04:00,65.4307750663994,66.2177628312333,65.22547703163296,65.4393310546875,1582100,0.0,0.0
2021-04-27 00:00:00-04:00,65.60185781216872,67.02184503658073,65.35378637886345,66.80799102783203,1955100,0.0,0.0
2021-04-28 00:00:00-04:00,67.15871338071719,68.90376284007871,67.06461709666046,68.5188217163086,2670500,0.0,0.0
2021-04-29 00:00:00-04:00,69.28871275697361,70.38364445756592,68.75835235923957,69.39136505126953,2814500,0.0,0.0
2021-04-30 00:00:00-04:00,68.47604982526067,70.56326031809056,68.34773612671768,69.21170806884766,3061400,0.0,0.0
2021-05-03 00:00:00-04:00,70.332325275471,72.03460178938681,70.13557666595834,71.80364227294922,3078200,0.0,0.0
2021-05-04 00:00:00-04:00,72.24842968965444,72.81300734409098,70.34085579342224,71.02518463134766,2867600,0.0,0.0
2021-05-05 00:00:00-04:00,71.56411428749543,72.77880358706645,70.81134394025158,72.70181274414062,2899900,0.0,0.0
2021-05-06 00:00:00-04:00,72.9327757864361,73.33482238261283,71.94904600295601,73.23217010498047,1661100,0.0,0.0
2021-05-07 00:00:00-04:00,72.28265696055885,73.81385248879731,72.07735893383554,73.5999984741211,1894900,0.0,0.0
2021-05-10 00:00:00-04:00,74.53239112068066,75.23383195506653,73.1808388479997,73.21504974365234,2567400,0.0,0.0
2021-05-11 00:00:00-04:00,71.98326453598482,72.7189228878983,70.70014041422505,71.53844451904297,2450700,0.0,0.0
2021-05-12 00:00:00-04:00,71.50422729798386,74.91734217060747,71.45290442138425,73.00120544433594,3060600,0.0,0.0
2021-05-13 00:00:00-04:00,71.98326205155992,73.7368610416573,71.2048303119318,72.15434265136719,2265300,0.0,0.0
2021-05-14 00:00:00-04:00,72.90711673850899,75.10553584432309,72.90711673850899,75.01998901367188,2818200,0.0,0.0
2021-05-17 00:00:00-04:00,74.84035167509398,76.12347580646546,74.20734559764998,75.87540435791016,3022200,0.0,0.0
2021-05-18 00:00:00-04:00,75.87539146712959,76.21755914929108,74.0704633068758,74.21588897705078,2147700,0.0,0.0
2021-05-19 00:00:00-04:00,72.88145518490157,74.19879687187247,71.70953920704666,73.33483123779297,2669700,0.0,0.0
2021-05-20 00:00:00-04:00,73.34337951497169,73.67699129428432,71.82073979886641,72.79591369628906,3492300,0.0,0.0
2021-05-21 00:00:00-04:00,73.66046394669983,74.39534477046939,72.82184680444195,72.87371826171875,2675100,0.9,0.0
2021-05-24 00:00:00-04:00,73.48756246337985,74.07546322692951,72.81320706320409,73.9284896850586,1683300,0.0,0.0
2021-05-25 00:00:00-04:00,73.5134860095385,73.76420903144172,71.8794692427079,71.95728302001953,2433200,0.0,0.0
2021-05-26 00:00:00-04:00,72.28581578433237,72.56247454312016,71.80166460547002,72.07832336425781,2529100,0.0,0.0
2021-05-27 00:00:00-04:00,72.32039577181816,73.05526994913495,72.19935798242786,72.97746276855469,2903500,0.0,0.0
2021-05-28 00:00:00-04:00,73.4875572566937,73.57401188719436,72.31175581290137,72.81320190429688,1722900,0.0,0.0
2021-06-01 00:00:00-04:00,74.31752538713465,75.48467926035066,74.26565393376742,75.08698272705078,3599900,0.0,0.0
2021-06-02 00:00:00-04:00,75.38958772473443,77.59421714556964,74.43857356918292,77.48182678222656,3142100,0.0,0.0
2021-06-03 00:00:00-04:00,77.15327795039484,78.21668890007108,76.41840378969184,77.1273422241211,2995900,0.0,0.0
2021-06-04 00:00:00-04:00,77.81035384193126,79.42708245745273,77.39536238583884,79.08990478515625,3267400,0.0,0.0
2021-06-07 00:00:00-04:00,79.38384268869748,81.08702573727741,79.21093344964014,79.89393615722656,3160000,0.0,0.0
2021-06-08 00:00:00-04:00,79.29737871304712,81.06972129049643,78.03512294787824,80.02360534667969,2778100,0.0,0.0
2021-06-09 00:00:00-04:00,80.85359856983723,81.2513017297764,79.91987935712108,79.92852020263672,3670900,0.0,0.0
2021-06-10 00:00:00-04:00,81.23400332354984,81.56253353265876,78.39824944599714,79.22822570800781,2248500,0.0,0.0
2021-06-11 00:00:00-04:00,79.81612545636654,80.09278420715205,78.5971001031152,78.64897155761719,2518300,0.0,0.0
2021-06-14 00:00:00-04:00,79.0293773838979,79.5913357132332,78.19939456099233,79.05531311035156,2030900,0.0,0.0
2021-06-15 00:00:00-04:00,79.59997217507279,80.74119015408208,78.82186750846105,79.62590789794922,2450100,0.0,0.0
2021-06-16 00:00:00-04:00,79.16771261110989,79.50489028612456,77.61150288329947,78.45012664794922,2188600,0.0,0.0
2021-06-17 00:00:00-04:00,78.25128225046566,78.79595236128974,74.36076449755379,74.9227294921875,3044100,0.0,0.0
2021-06-18 00:00:00-04:00,73.82475291243108,74.67202432824217,72.70947009797587,72.76998901367188,3990400,0.0,0.0
2021-06-21 00:00:00-04:00,73.66910758509336,75.66623773993169,73.44432028838975,75.5192642211914,2828400,0.0,0.0
2021-06-22 00:00:00-04:00,75.14750776700699,76.50486587499593,74.25701256569815,76.0552978515625,2689400,0.0,0.0
2021-06-23 00:00:00-04:00,76.60862480681082,77.84494526836421,76.23686392407613,76.3060302734375,3452400,0.0,0.0
2021-06-24 00:00:00-04:00,76.79016644977942,77.80169937533609,76.10716372508612,77.5423355102539,3097500,0.0,0.0
2021-06-25 00:00:00-04:00,77.63744013801823,78.19939849562873,76.55674084097492,77.84493255615234,8032600,0.0,0.0
2021-06-28 00:00:00-04:00,77.52503967480318,77.52503967480318,73.470260581457,73.85066223144531,4141800,0.0,0.0
2021-06-29 00:00:00-04:00,74.49043921679721,74.79303368005574,73.21953587504679,73.58264923095703,3392700,0.0,0.0
2021-06-30 00:00:00-04:00,73.9457720129023,74.30888541509943,73.55672288141473,74.19649505615234,3103500,0.0,0.0
2021-07-01 00:00:00-04:00,75.726751422126,75.95153870335379,74.39533580794046,75.29447174072266,2358100,0.0,0.0
2021-07-02 00:00:00-04:00,75.02646494578279,76.65184086675922,74.65470413365146,75.9947738647461,2080300,0.0,0.0
2021-07-06 00:00:00-04:00,76.08122771372018,76.08122771372018,72.64892581717402,73.01203918457031,6464400,0.0,0.0
2021-07-07 00:00:00-04:00,72.11290978792479,72.98611011834086,70.13306777635195,71.3607406616211,5109200,0.0,0.0
2021-07-08 00:00:00-04:00,69.49328290839127,71.0408450417519,68.93132456949377,69.8477554321289,2484200,0.0,0.0
2021-07-09 00:00:00-04:00,70.54804753917308,71.61145853085115,69.78723762214642,71.49906158447266,2376600,0.0,0.0
2021-07-12 00:00:00-04:00,70.37513332671674,71.91404793440978,70.02930826299523,71.23969268798828,3251800,0.0,0.0
2021-07-13 00:00:00-04:00,70.72959650929683,71.17917105362963,70.0984718936853,70.59127044677734,3340600,0.0,0.0
2021-07-14 00:00:00-04:00,70.45294393961967,71.21376043613041,67.6950039279626,67.90249633789062,4263700,0.0,0.0
2021-07-15 00:00:00-04:00,67.08980123398977,67.98029626920972,66.40679858657252,66.7180404663086,3481000,0.0,0.0
2021-07-16 00:00:00-04:00,67.25408487855583,67.40970585374521,64.16760770068755,64.39239501953125,3305400,0.0,0.0
2021-07-19 00:00:00-04:00,62.248267732799256,62.94855863405283,60.579668070008054,60.994659423828125,5171600,0.0,0.0
2021-07-20 00:00:00-04:00,60.95144273111098,62.689209115449444,60.28573484042999,61.49611282348633,4956500,0.0,0.0
2021-07-21 00:00:00-04:00,62.68055461745404,64.2367641291408,62.57680511798674,63.769901275634766,4450100,0.0,0.0
2021-07-22 00:00:00-04:00,63.35491630533798,63.501889830788336,61.712252008704816,62.516292572021484,2807100,0.0,0.0
2021-07-23 00:00:00-04:00,62.499005554587406,62.77566432414054,61.73819558733261,62.39525604248047,2126000,0.0,0.0
2021-07-26 00:00:00-04:00,62.57679651336508,64.3145624631197,62.481694467613195,64.25404357910156,2167800,0.0,0.0
2021-07-27 00:00:00-04:00,63.571060312739384,64.56530507780218,62.939935558301144,64.44426727294922,1932500,0.0,0.0
2021-07-28 00:00:00-04:00,64.76415419769235,65.62871368282892,63.78719775800615,65.03216552734375,1958000,0.0,0.0
2021-07-29 00:00:00-04:00,65.85348565428745,66.05233721172965,64.54800575426935,64.65174865722656,1938400,0.0,0.0
2021-07-30 00:00:00-04:00,64.27134186715105,64.75549961072936,63.08689972468883,63.484596252441406,3301000,0.0,0.0
2021-08-02 00:00:00-04:00,63.76126018321136,65.83620420669163,63.328980453155694,63.52783203125,4061200,0.0,0.0
2021-08-03 00:00:00-04:00,63.54511893761759,65.79297216585772,63.216588724496326,65.76703643798828,3148500,0.0,0.0
2021-08-04 00:00:00-04:00,63.769898973606665,63.865001029002464,61.902447626995645,61.93703079223633,4259700,0.0,0.0
2021-08-05 00:00:00-04:00,62.749725071846456,64.27134492091984,62.352028525197845,63.4327278137207,2182900,0.0,0.0
2021-08-06 00:00:00-04:00,64.27999535401602,64.55665412091227,63.450019053327324,63.94281768798828,1807900,0.0,0.0
2021-08-09 00:00:00-04:00,62.94856320940401,63.908224601055096,62.7410708154445,63.12147903442383,2220700,0.0,0.0
2021-08-10 00:00:00-04:00,63.32898306434828,64.40968243404706,63.207945262627256,64.17625427246094,2823800,0.0,0.0
2021-08-11 00:00:00-04:00,63.96011021004091,64.44426138521997,63.49324732137608,64.33187103271484,2021300,0.0,0.0
2021-08-12 00:00:00-04:00,64.19354255918827,64.51343194719811,63.45866830701673,64.3578109741211,1790000,0.0,0.0
2021-08-13 00:00:00-04:00,64.53069783915574,64.80735651793631,63.79582384202573,63.88227844238281,2214700,0.0,0.0
2021-08-16 00:00:00-04:00,63.01772226258578,63.095536023875404,61.82463289000753,62.11857986450195,4751400,0.0,0.0
2021-08-17 00:00:00-04:00,61.58451862140567,62.433780227167205,60.796550271067034,61.26057815551758,3161400,0.9,0.0
2021-08-18 00:00:00-04:00,61.23431484998965,61.934731919785776,59.579570588449506,59.66712188720703,3895000,0.0,0.0
2021-08-19 00:00:00-04:00,58.520179371927966,58.87914838994669,57.215646950789086,58.0211296081543,4008600,0.0,0.0
2021-08-20 00:00:00-04:00,57.084318187021495,58.22250517052016,56.42767339186525,57.740962982177734,4518600,0.0,0.0
2021-08-23 00:00:00-04:00,59.21184280974654,60.402559143203526,59.14180578051758,60.23621368408203,3549900,0.0,0.0
2021-08-24 00:00:00-04:00,60.91913762610882,62.355000602475364,60.551418086249974,62.101097106933594,3351900,0.0,0.0
2021-08-25 00:00:00-04:00,62.013540048763424,63.60699792037165,61.584527278907466,63.195499420166016,2229500,0.0,0.0
2021-08-26 00:00:00-04:00,62.16238180672222,62.810269549592654,61.68959669282095,61.8822135925293,2518500,0.0,0.0
2021-08-27 00:00:00-04:00,62.42504194840842,64.06227222382662,62.3725058163332,63.57197952270508,2349900,0.0,0.0
2021-08-30 00:00:00-04:00,64.07102853624434,64.35119674467795,62.64392276824455,62.66143035888672,1790300,0.0,0.0
2021-08-31 00:00:00-04:00,62.22365375955135,63.20424561845552,61.88219903755719,62.24116134643555,3333500,0.0,0.0
2021-09-01 00:00:00-04:00,62.56511488446041,62.56511488446041,60.33252660291825,60.59518051147461,3334500,0.0,0.0
2021-09-02 00:00:00-04:00,61.1380103343854,62.302462053697994,60.99792290360959,61.21680450439453,2336500,0.0,0.0
2021-09-03 00:00:00-04:00,61.19929364990784,61.67207868394453,60.455097582895576,60.95414733886719,1606200,0.0,0.0
2021-09-07 00:00:00-04:00,60.49011055095515,61.6370545782235,60.16617008593429,60.183677673339844,2108700,0.0,0.0
2021-09-08 00:00:00-04:00,60.56891711521417,60.962901326546145,58.60773983347942,58.651512145996094,2498400,0.0,0.0
2021-09-09 00:00:00-04:00,58.20499658258861,59.70214588827648,57.82851997263883,58.4326286315918,3575700,0.0,0.0
2021-09-10 00:00:00-04:00,59.3081479071769,59.31690504023937,57.91606433833577,58.117431640625,2477500,0.0,0.0
2021-09-13 00:00:00-04:00,58.9404345651811,59.49201376986996,58.40636294869072,58.88790512084961,3545100,0.0,0.0
2021-09-14 00:00:00-04:00,59.3781907148987,59.57080756095005,56.865427942771525,57.11933135986328,3572200,0.0,0.0
2021-09-15 00:00:00-04:00,57.67967434836885,58.59022256680416,57.32071201325903,57.811004638671875,4584500,0.0,0.0
2021-09-16 00:00:00-04:00,57.784736106607326,58.17872027180359,57.03178295023329,57.57461166381836,2427000,0.0,0.0
2021-09-17 00:00:00-04:00,57.56586451895695,58.327574940871195,57.136858425567816,57.80225372314453,6201900,0.0,0.0
2021-09-20 00:00:00-04:00,56.29634433725809,57.18937823330149,55.32450626007901,56.27007293701172,2989700,0.0,0.0
2021-09-21 00:00:00-04:00,57.04054458290104,57.189382463294415,55.648457515113584,56.331363677978516,2170000,0.0,0.0
2021-09-22 00:00:00-04:00,57.31195311465865,59.553298395804056,57.29444552703413,58.66902160644531,4003600,0.0,0.0
2021-09-23 00:00:00-04:00,58.73905486597329,60.288740120828066,58.55519514890729,60.06985855102539,2520300,0.0,0.0
2021-09-24 00:00:00-04:00,59.518290405785415,59.96480408134146,59.01048346680445,59.57081985473633,2424700,0.0,0.0
2021-09-27 00:00:00-04:00,60.87534704959835,62.60889219024047,60.48136285750227,62.276187896728516,3136300,0.0,0.0
2021-09-28 00:00:00-04:00,63.265543204406164,63.86965191323024,61.96100398331874,62.08358383178711,3790400,0.0,0.0
2021-09-29 00:00:00-04:00,61.969750914846735,62.02228035572942,61.015430446888004,61.2518196105957,2351900,0.0,0.0
2021-09-30 00:00:00-04:00,61.39191883717724,62.06607128390309,60.49012095686787,61.31311798095703,3435400,0.0,0.0
2021-10-01 00:00:00-04:00,61.36564816393166,63.72081654750046,61.36564816393166,63.536956787109375,2859400,0.0,0.0
2021-10-04 00:00:00-04:00,63.91341921936308,66.47871151823378,63.29179635455123,66.28609466552734,6312000,0.0,0.0
2021-10-05 00:00:00-04:00,67.50308799188572,69.09654586447131,66.25108490058729,67.72196960449219,5064900,0.0,0.0
2021-10-06 00:00:00-04:00,67.43304136357139,68.88641841485148,66.77639655408046,68.63251495361328,4437300,0.0,0.0
2021-10-07 00:00:00-04:00,68.9126809545585,70.02460320404423,68.68504222415622,69.42924499511719,2746500,0.0,0.0
2021-10-08 00:00:00-04:00,70.05086325528643,72.36225222292352,69.72691610976872,71.90697479248047,3274000,0.0,0.0
2021-10-11 00:00:00-04:00,72.63366871303978,73.99073729317493,71.80192131214166,71.82818603515625,2671900,0.0,0.0
2021-10-12 00:00:00-04:00,71.79316261081343,72.96636474476557,71.62681046237037,72.34474182128906,2217500,0.0,0.0
2021-10-13 00:00:00-04:00,71.61805760036471,72.13461493697409,70.53240012455751,71.6793441772461,3511800,0.0,0.0
2021-10-14 00:00:00-04:00,72.75623296371427,73.13270953353731,71.55676622802852,71.93324279785156,2283100,0.0,0.0
2021-10-15 00:00:00-04:00,72.66868824013675,72.97512113170818,71.0839876581987,71.1102523803711,2092900,0.0,0.0
2021-10-18 00:00:00-04:00,71.50424252030977,72.35350423311984,70.39232688419152,70.80382537841797,2534500,0.0,0.0
2021-10-19 00:00:00-04:00,71.26785019319703,72.57238265699004,70.97016774416332,72.47607421875,2880000,0.0,0.0
2021-10-20 00:00:00-04:00,72.090848887767,72.95762493318816,71.68810749886595,72.94886779785156,2016900,0.0,0.0
2021-10-21 00:00:00-04:00,72.38851776421325,73.75433671154728,71.67058643552025,72.43229675292969,2536000,0.0,0.0
2021-10-22 00:00:00-04:00,72.60739428910912,73.4128768593739,71.37289903447117,72.57237243652344,1880200,0.0,0.0
2021-10-25 00:00:00-04:00,73.15022056021296,73.61424840205748,72.51984059403355,73.30781555175781,1939200,0.0,0.0
2021-10-26 00:00:00-04:00,73.31656817404745,73.32532530709658,71.7581324780692,71.98577117919922,3262700,0.0,0.0
2021-10-27 00:00:00-04:00,70.47987925928096,70.78631218098266,67.52935271664063,67.72196960449219,5417200,0.0,0.0
2021-10-28 00:00:00-04:00,66.9777584510828,68.28229069960811,66.53999532395154,67.19664001464844,3380000,0.0,0.0
2021-10-29 00:00:00-04:00,67.4155324599217,68.01089067610786,64.85023985367289,65.47186279296875,5110900,0.0,0.0
2021-11-01 00:00:00-04:00,66.02345182151014,68.4486571129552,65.92714337905966,68.41363525390625,5824600,0.0,0.0
2021-11-02 00:00:00-04:00,68.37860732817194,70.01584402483469,67.8970718383789,67.8970718383789,4552600,0.0,0.0
2021-11-03 00:00:00-04:00,67.64318222596023,69.6393816647203,67.40678631994332,69.11406707763672,4270800,0.0,0.0
2021-11-04 00:00:00-04:00,69.90202805261127,70.15593152283044,66.81142077537886,67.31047058105469,2859200,0.0,0.0
2021-11-05 00:00:00-04:00,68.2910728428173,68.62377053657674,67.06533430199869,68.0896987915039,2682400,0.0,0.0
2021-11-08 00:00:00-05:00,68.81636681194124,69.22786524748658,67.78324549622117,68.28229522705078,1640600,0.0,0.0
2021-11-09 00:00:00-05:00,68.13345527908275,69.36795054806772,67.65191315010236,69.31541442871094,2363700,0.0,0.0
2021-11-10 00:00:00-05:00,69.23663100290523,69.83198923660761,67.51184288410258,67.87956237792969,2910300,0.0,0.0
2021-11-11 00:00:00-05:00,67.85327612773607,68.92141909166567,67.57310802897867,68.1772232055664,1510500,0.0,0.0
2021-11-12 00:00:00-05:00,67.57311532716292,68.4136197142132,67.03028665480885,67.82701873779297,2146500,0.0,0.0
2021-11-15 00:00:00-05:00,68.3786029654417,69.65687056694676,67.64316407679587,69.08778381347656,3721000,0.0,0.0
2021-11-16 00:00:00-05:00,69.13206925895284,69.53956141930327,67.85643692496409,68.20191955566406,2950000,0.92,0.0
2021-11-17 00:00:00-05:00,67.52867841361153,67.82986564110932,65.96957290356347,66.15560150146484,2299800,0.0,0.0
2021-11-18 00:00:00-05:00,65.96957690627605,66.50108818374834,64.66736988342272,65.29632568359375,2548600,0.0,0.0
2021-11-19 00:00:00-05:00,63.79037622298206,64.04727480592476,61.57574025816492,61.69089889526367,4692200,0.0,0.0
2021-11-22 00:00:00-05:00,61.66432320603934,65.05714706351762,61.628888220232874,63.9498291015625,3782400,0.0,0.0
2021-11-23 00:00:00-05:00,64.80911282567678,65.67724637537006,64.52563292214751,65.40263366699219,3452500,0.0,0.0
2021-11-24 00:00:00-05:00,65.00399106887811,66.25304897143307,64.7913879130188,65.43806457519531,2305200,0.0,0.0
2021-11-26 00:00:00-05:00,61.89464148448818,61.98322556150862,59.42310721198658,61.34540939331055,5044500,0.0,0.0
2021-11-29 00:00:00-05:00,62.66534511619125,63.701800012360565,61.141674302641015,61.88579559326172,3400500,0.0,0.0
2021-11-30 00:00:00-05:00,60.24696373217972,61.77948816358755,60.24696373217972,61.27455139160156,5819900,0.0,0.0
2021-12-01 00:00:00-05:00,63.25000868445821,63.630926365907136,60.79618808859116,60.83162307739258,3976800,0.0,0.0
2021-12-02 00:00:00-05:00,60.97334884908105,63.54232749206146,60.17607868284141,63.23227310180664,3617500,0.0,0.0
2021-12-03 00:00:00-05:00,64.22445147378104,64.5610737518819,61.5403134107939,62.00981521606445,3219500,0.0,0.0
2021-12-06 00:00:00-05:00,62.984242853544536,64.05612580466347,61.60231223202465,62.95766830444336,3866000,0.0,0.0
2021-12-07 00:00:00-05:00,63.81695558170584,65.63295315456901,63.78152059257488,64.20673370361328,2572900,0.0,0.0
2021-12-08 00:00:00-05:00,64.40159529640137,64.8179478366372,63.52460156265777,63.64862060546875,1947700,0.0,0.0
2021-12-09 00:00:00-05:00,63.79038075670909,64.5344952496779,63.125989920044184,64.04727935791016,3913400,0.0,0.0
2021-12-10 00:00:00-05:00,64.67623049691788,64.85339867038343,63.17913442456338,64.24215698242188,2268800,0.0,0.0
2021-12-13 00:00:00-05:00,63.36516314398282,63.75494123652107,61.57574025816492,61.69089889526367,2527800,0.0,0.0
2021-12-14 00:00:00-05:00,61.522579677702424,64.15356808335716,61.40742104944144,62.65647888183594,3360000,0.0,0.0
2021-12-15 00:00:00-05:00,62.22241319624299,62.922239006128265,61.33655876730461,62.47045135498047,2666100,0.0,0.0
2021-12-16 00:00:00-05:00,63.21457261561456,64.13586203311174,62.71849629793644,62.8602294921875,2965600,0.0,0.0
2021-12-17 00:00:00-05:00,62.75392107613916,63.68407087916041,61.59345400031075,63.604347229003906,5988200,0.0,0.0
2021-12-20 00:00:00-05:00,61.8060547874542,62.91337272068496,60.743032274965586,61.50486755371094,5883100,0.0,0.0
2021-12-21 00:00:00-05:00,62.37300485933993,64.46361480129701,62.22240449100514,63.9055290222168,5058500,0.0,0.0
2021-12-22 00:00:00-05:00,64.06498053952714,64.64964760185401,63.32086619678208,63.44488525390625,2320700,0.0,0.0
2021-12-23 00:00:00-05:00,64.29530183341042,64.81795258662456,63.6486252697655,63.69292068481445,2970100,0.0,0.0
2021-12-27 00:00:00-05:00,63.39173468426808,64.52562716305044,62.59447118161517,64.48133850097656,2229500,0.0,0.0
2021-12-28 00:00:00-05:00,64.75595022098803,65.73038863302939,64.63193115537543,65.4912109375,2316200,0.0,0.0
2021-12-29 00:00:00-05:00,65.198883300957,65.4912168786486,64.48134339074377,64.53449249267578,2693100,0.0,0.0
2021-12-30 00:00:00-05:00,64.59649789154541,65.53550810287688,64.11813572921406,64.18014526367188,2469200,0.0,0.0
2021-12-31 00:00:00-05:00,64.0029743951999,64.7116605521236,63.82580623523502,64.18900299072266,2317800,0.0,0.0
2022-01-03 00:00:00-05:00,64.56992836713839,67.19205664881783,64.56992836713839,67.09461212158203,3710300,0.0,0.0
2022-01-04 00:00:00-05:00,67.79443402833756,69.76103181613868,67.73242449262008,69.60157775878906,4484400,0.0,0.0
2022-01-05 00:00:00-05:00,70.20396422152949,71.09867909642655,68.97262709321622,69.38011932373047,4196400,0.0,0.0
2022-01-06 00:00:00-05:00,71.08982196816187,71.49731421764074,69.45099253306356,71.29357147216797,3631300,0.0,0.0
2022-01-07 00:00:00-05:00,71.29356123087507,72.71978051990857,70.77090364869842,72.60462188720703,3771000,0.0,0.0
2022-01-10 00:00:00-05:00,72.93239409862426,74.67752834139912,72.61348597514598,74.28775024414062,5816300,0.0,0.0
2022-01-11 00:00:00-05:00,74.96985795565264,76.83015766492873,74.42948621282984,76.31636047363281,4409600,0.0,0.0
2022-01-12 00:00:00-05:00,76.62639453038736,77.060461231292,75.74940069346891,76.44922637939453,4263400,0.0,0.0
2022-01-13 00:00:00-05:00,76.01515566850313,77.94631832169127,76.01515566850313,76.87443542480469,3706600,0.0,0.0
2022-01-14 00:00:00-05:00,76.6264151372421,78.52214324850969,76.6264151372421,78.468994140625,3389700,0.0,0.0
2022-01-18 00:00:00-05:00,79.34598767080992,79.6383212792438,77.21993550902437,78.53986358642578,3862500,0.0,0.0
2022-01-19 00:00:00-05:00,79.30169144275095,79.32827275477712,76.62641384079245,77.28194427490234,3086500,0.0,0.0
2022-01-20 00:00:00-05:00,76.58210611209813,78.20322120010755,75.71397263095143,75.74054718017578,2943500,0.0,0.0
2022-01-21 00:00:00-05:00,75.43050544217378,75.43050544217378,72.8526658281043,73.91569519042969,3592700,0.0,0.0
2022-01-24 00:00:00-05:00,71.94910181313506,73.62336623653815,70.45200558198908,73.37532806396484,3803800,0.0,0.0
2022-01-25 00:00:00-05:00,72.85266143643221,76.40493934959677,71.96680706716153,76.14804077148438,3122800,0.0,0.0
2022-01-26 00:00:00-05:00,76.99846233733956,77.91975171851722,74.77497267359281,75.3419189453125,3907700,0.0,0.0
2022-01-27 00:00:00-05:00,77.27308292175506,77.82230832881456,74.41177021245046,76.0240249633789,3917900,0.0,0.0
2022-01-28 00:00:00-05:00,76.32523284495176,79.0182247849372,72.62236047930428,74.63324737548828,6742900,0.0,0.0
2022-01-31 00:00:00-05:00,74.78383418985624,75.9974572704325,73.71195107133269,75.11160278320312,3778700,0.0,0.0
2022-02-01 00:00:00-05:00,74.48263897986486,77.77801840294131,73.9245463868561,77.65399932861328,3360100,0.0,0.0
2022-02-02 00:00:00-05:00,77.08704138826226,77.91088619154627,75.08501545392102,77.68942260742188,4159500,0.0,0.0
2022-02-03 00:00:00-05:00,77.7337382895531,77.95520193140368,76.42267055604272,77.26423645019531,2829400,0.0,0.0
2022-02-04 00:00:00-05:00,77.99949119731725,79.2839775150982,77.86661167100425,78.69931030273438,3256300,0.0,0.0
2022-02-07 00:00:00-05:00,78.29180253767032,80.78991145512596,77.95518032841463,79.9837875366211,4104900,0.0,0.0
2022-02-08 00:00:00-05:00,79.23967305590796,79.93949884009972,77.83116780970381,78.68158721923828,3048400,0.0,0.0
2022-02-09 00:00:00-05:00,78.84991366093348,79.81549185518931,78.66388502053191,79.23968505859375,2605900,0.0,0.0
2022-02-10 00:00:00-05:00,78.84104293636688,80.78991994598753,78.7258842954867,79.24853515625,2660100,0.0,0.0
2022-02-11 00:00:00-05:00,79.72689140637088,82.87167704859066,79.62058645142407,82.5616226196289,4821300,0.0,0.0
2022-02-14 00:00:00-05:00,81.88836816667946,81.95923136944602,79.15107504869263,80.1875228881836,3951800,0.0,0.0
2022-02-15 00:00:00-05:00,78.53098181520976,79.3371056806017,77.7337116263105,78.32723236083984,3397400,0.0,0.0
2022-02-16 00:00:00-05:00,79.31939710733742,80.37356591729369,77.73371705384763,78.22093963623047,3426300,0.0,0.0
2022-02-17 00:00:00-05:00,77.91974355166973,78.3803915732439,76.68840661322376,77.1047592163086,2670700,0.0,0.0
2022-02-18 00:00:00-05:00,76.27212870984133,77.60615037419078,75.69912584069527,76.16468811035156,2488000,0.92,0.0
2022-02-22 00:00:00-05:00,77.83893263541994,78.18810603507747,74.32928162669039,75.29622650146484,3562000,0.0,0.0
2022-02-23 00:00:00-05:00,75.96771916472765,76.00353269886743,74.64265255522176,75.18879699707031,3261800,0.0,0.0
2022-02-24 00:00:00-05:00,76.10201472487708,76.13782825737673,73.12955983473472,74.74113464355469,3775000,0.0,0.0
2022-02-25 00:00:00-05:00,75.23354989330973,76.46013767727082,74.83960789509955,75.824462890625,2999700,0.0,0.0
2022-02-28 00:00:00-05:00,74.76799921641495,75.86923640046881,74.25766829022898,75.42157745361328,4639400,0.0,0.0
2022-03-01 00:00:00-05:00,76.17363820609806,77.18534483636668,72.60131535307144,73.5682601928711,5324500,0.0,0.0
2022-03-02 00:00:00-05:00,74.34720215752426,76.24527863918252,73.95326008020768,75.4842529296875,3644200,0.0,0.0
2022-03-03 00:00:00-05:00,75.2067040133189,76.45119535469966,73.78315182324747,74.31138610839844,3894300,0.0,0.0
2022-03-04 00:00:00-05:00,73.82790019367307,75.64539411721385,73.68465290691826,75.47528839111328,4030100,0.0,0.0
2022-03-07 00:00:00-05:00,76.29897423550817,76.96150741003676,73.74732019850524,73.95323944091797,6183500,0.0,0.0
2022-03-08 00:00:00-05:00,75.70808241348396,79.0565764092075,75.01869060891369,75.4842529296875,16579800,0.0,0.0
2022-03-09 00:00:00-05:00,71.17777133795545,71.93879016850391,69.94223512473796,71.04347229003906,14161400,0.0,0.0
2022-03-10 00:00:00-05:00,71.80448263023288,72.81619608493978,70.09442923654765,72.70875549316406,10788600,0.0,0.0
2022-03-11 00:00:00-05:00,72.12680340817336,73.50559370917678,71.44636676409355,72.3148193359375,7198200,0.0,0.0
2022-03-14 00:00:00-04:00,71.66124699707073,72.49389293428017,69.16330918544244,70.07653045654297,5807200,0.0,0.0
2022-03-15 00:00:00-04:00,68.85890272587916,69.45876407739605,66.11922531660375,67.4532470703125,5925300,0.0,0.0
2022-03-16 00:00:00-04:00,67.82033284505208,68.79622610492838,67.56068982701335,68.4918212890625,4031800,0.0,0.0
2022-03-17 00:00:00-04:00,69.18120529573066,69.81688696219028,68.11578172944112,69.43190002441406,4840500,0.0,0.0
2022-03-18 00:00:00-04:00,69.60199280590913,70.58684086335897,68.49180082282378,70.51522064208984,8269500,0.0,0.0
2022-03-21 00:00:00-04:00,71.62542822497583,72.87887458505955,71.42845720443985,72.1894760131836,4278900,0.0,0.0
2022-03-22 00:00:00-04:00,71.80448519516311,72.14471033257314,70.11233509096222,71.43740844726562,3541700,0.0,0.0
2022-03-23 00:00:00-04:00,72.07308308246562,72.50283863307601,71.50008023547358,71.86715698242188,3446700,0.0,0.0
2022-03-24 00:00:00-04:00,72.18947840636437,72.81620502254964,71.44636975525235,72.62818908691406,3946900,0.0,0.0
2022-03-25 00:00:00-04:00,72.33271772219545,75.0723876953125,72.14470182509251,75.0723876953125,4290900,0.0,0.0
2022-03-28 00:00:00-04:00,73.86370558269743,74.50833537888165,72.92361932480685,73.67568969726562,4214600,0.0,0.0
2022-03-29 00:00:00-04:00,72.52074167914316,74.80380479763149,72.17156828418368,74.732177734375,3546000,0.0,0.0
2022-03-30 00:00:00-04:00,75.77970539029901,78.3403150929383,75.77970539029901,78.2865982055664,4512500,0.0,0.0
2022-03-31 00:00:00-04:00,77.89265629926231,79.43260416039496,77.27488477036451,77.34651184082031,4830800,0.0,0.0
2022-04-01 00:00:00-04:00,77.3823177932607,78.33135247623603,75.68121260566257,76.96151733398438,3204400,0.0,0.0
2022-04-04 00:00:00-04:00,77.60615357767185,77.89265502407129,76.58549174795303,77.59719848632812,2410900,0.0,0.0
2022-04-05 00:00:00-04:00,77.874753175943,78.93122856070482,76.89885312263075,76.91676330566406,3003100,0.0,0.0
2022-04-06 00:00:00-04:00,77.48975964685488,77.88369484069031,76.29898531312466,76.71083068847656,2563300,0.0,0.0
2022-04-07 00:00:00-04:00,77.1405915649318,77.57929541207841,71.77763256330546,74.38301086425781,7514600,0.0,0.0
2022-04-08 00:00:00-04:00,74.9112483325514,76.03935081841637,74.44568602212578,75.43053436279297,4686200,0.0,0.0
2022-04-11 00:00:00-04:00,74.83961510537952,75.3857595352491,73.56826540960212,73.85476684570312,3973800,0.0,0.0
2022-04-12 00:00:00-04:00,74.75904116280273,75.86028513395703,73.15642137687024,73.38920593261719,2943900,0.0,0.0
2022-04-13 00:00:00-04:00,73.80104697954974,74.66055125312964,73.09374509352682,74.43672180175781,2659600,0.0,0.0
2022-04-14 00:00:00-04:00,74.59788637800051,75.28727814829931,74.1233689888589,74.17708587646484,3014900,0.0,0.0
2022-04-18 00:00:00-04:00,74.92018760829485,78.05379965027298,73.96219791440511,78.03589630126953,3679600,0.0,0.0
2022-04-19 00:00:00-04:00,77.85682849776975,81.03520915183094,77.70462612399037,80.17570495605469,5120900,0.0,0.0
2022-04-20 00:00:00-04:00,80.37267507842226,81.15160401551911,79.26248293038252,79.56689453125,2816600,0.0,0.0
2022-04-21 00:00:00-04:00,80.36373377759156,81.03522217886986,76.58549128014837,76.95256805419922,4574000,0.0,0.0
2022-04-22 00:00:00-04:00,76.98836111974093,77.64194599540595,74.75902213281624,74.86646270751953,3458600,0.0,0.0
2022-04-25 00:00:00-04:00,72.77143507050843,73.42502011834529,69.91536889154722,72.53865051269531,5577500,0.0,0.0
2022-04-26 00:00:00-04:00,72.89677128316787,74.70531700598968,72.56550807953157,73.3086166381836,4847000,0.0,0.0
2022-04-27 00:00:00-04:00,73.31757695402457,75.31413873138831,72.23424319347582,74.3203353881836,4482600,0.0,0.0
2022-04-28 00:00:00-04:00,74.88437395472415,78.57308543991007,74.35613977585128,78.08065795898438,4228700,0.0,0.0
2022-04-29 00:00:00-04:00,79.35202019309676,80.87406466735385,77.41813714992216,77.67778015136719,6279900,0.0,0.0
2022-05-02 00:00:00-04:00,77.60614228656303,80.09512452079247,77.07790126587126,79.84443664550781,4280400,0.0,0.0
2022-05-03 00:00:00-04:00,80.0324576437623,81.69774929922428,80.01455429327392,81.28590393066406,4292000,0.0,0.0
2022-05-04 00:00:00-04:00,82.13644897898772,86.35339478780868,81.42914713243741,86.10270690917969,5874800,0.0,0.0
2022-05-05 00:00:00-04:00,86.49664481866137,86.6309438417877,82.78107494273706,84.62542724609375,5448500,0.0,0.0
2022-05-06 00:00:00-04:00,85.88784020606278,86.43398463200676,83.34513400205152,86.2728271484375,4093600,0.0,0.0
2022-05-09 00:00:00-04:00,84.40160321899931,84.78659013354127,79.82653569604604,80.113037109375,5173000,0.0,0.0
2022-05-10 00:00:00-04:00,80.94568931310978,82.85271385607201,78.63576764311065,80.19361877441406,4186100,0.0,0.0
2022-05-11 00:00:00-04:00,81.79623111011527,83.24664834055727,80.6681288197715,81.6529769897461,2981700,0.0,0.0
2022-05-12 00:00:00-04:00,81.84996991291395,82.08275450549762,79.45947249251535,81.64405059814453,3910600,0.0,0.0
2022-05-13 00:00:00-04:00,82.98701371888241,84.95671025698194,82.98701371888241,84.69706726074219,3329000,0.0,0.0
2022-05-16 00:00:00-04:00,84.80450693088146,87.72324500302813,84.80450693088146,86.9174575805664,4561900,0.0,0.0
2022-05-17 00:00:00-04:00,88.06345078784786,88.33204883401234,86.33548732871088,87.49044799804688,3747200,0.0,0.0
2022-05-18 00:00:00-04:00,87.92019605050243,88.26042115065832,84.43741071849793,85.52074432373047,4002600,0.0,0.0
2022-05-19 00:00:00-04:00,83.44360824014163,86.31758411407765,82.86165719043456,85.35063934326172,4660600,0.0,0.0
2022-05-20 00:00:00-04:00,86.31849013994135,86.75266351204773,82.74563284622562,84.83507537841797,3838800,0.97,0.0
2022-05-23 00:00:00-04:00,86.07425545447201,86.76168671558953,85.18782149015166,86.00189208984375,4220300,0.0,0.0
2022-05-24 00:00:00-04:00,85.06120069373841,87.78381227716946,84.75365980245441,87.5305404663086,3076300,0.0,0.0
2022-05-25 00:00:00-04:00,87.72952658840909,90.11746247611636,87.51244338978583,89.61997985839844,3422100,0.0,0.0
2022-05-26 00:00:00-04:00,90.35264885876812,91.02199281261677,89.07727717777337,89.2581787109375,3262700,0.0,0.0
2022-05-27 00:00:00-04:00,89.27626945592735,92.5054109409047,89.19486583323237,92.01697540283203,3621300,0.0,0.0
2022-05-31 00:00:00-04:00,92.54158902339373,93.77173876983116,90.95867645711994,91.18480682373047,5541800,0.0,0.0
2022-06-01 00:00:00-04:00,92.11646695017032,94.07928386486493,91.54662088516626,93.32852935791016,4086100,0.0,0.0
2022-06-02 00:00:00-04:00,92.75867855229677,94.11546074330481,91.94460785750172,93.16571044921875,3031400,0.0,0.0
2022-06-03 00:00:00-04:00,93.3466138704289,94.83002854388117,92.95766935842914,94.48631286621094,2940200,0.0,0.0
2022-06-06 00:00:00-04:00,94.86620029996233,96.74760643551305,94.71243332086121,95.89735412597656,3046000,0.0,0.0
2022-06-07 00:00:00-04:00,95.45416148649359,99.4792866687437,95.45416148649359,99.42501068115234,3477600,0.0,0.0
2022-06-08 00:00:00-04:00,99.27123473290683,100.65515152525892,98.44811685455545,99.72349548339844,3611100,0.0,0.0
2022-06-09 00:00:00-04:00,99.2531406392861,99.85916834780701,97.86017679368894,97.93253326416016,2946100,0.0,0.0
2022-06-10 00:00:00-04:00,96.70237865786359,97.4802606524284,94.83001288072073,96.15966033935547,3015000,0.0,0.0
2022-06-13 00:00:00-04:00,93.44612008884107,94.24210347768418,90.50642502093163,91.75466918945312,4227500,0.0,0.0
2022-06-14 00:00:00-04:00,94.91144038822011,97.42600903067866,92.57777328369838,94.18782043457031,4522800,0.0,0.0
2022-06-15 00:00:00-04:00,94.25113294857762,95.02902195276219,90.56069065306482,92.60490417480469,4747200,0.0,0.0
2022-06-16 00:00:00-04:00,89.88231055723827,91.42904160800752,86.77980130776724,87.28633117675781,6847800,0.0,0.0
2022-06-17 00:00:00-04:00,87.68430552557764,88.07324999829844,81.61496784266525,81.86823272705078,14918000,0.0,0.0
2022-06-21 00:00:00-04:00,84.76270382871775,87.46722101846542,84.61798398593392,86.81597137451172,5764900,0.0,0.0
2022-06-22 00:00:00-04:00,83.21596766235982,85.05214497510545,81.84109818957384,81.86823272705078,5178900,0.0,0.0
2022-06-23 00:00:00-04:00,82.88130701684376,83.26121131199271,75.22001529672686,76.33257293701172,6160600,0.0,0.0
2022-06-24 00:00:00-04:00,77.99689777396675,78.3315663372125,75.89840801415754,76.16071319580078,5269800,0.0,0.0
2022-06-27 00:00:00-04:00,77.2913475663802,79.68833055412924,76.94763193341197,78.87425994873047,3796200,0.0,0.0
2022-06-28 00:00:00-04:00,80.56572556018354,82.58281143723042,79.07326378221893,80.36672973632812,3791400,0.0,0.0
2022-06-29 00:00:00-04:00,81.66019449627252,82.10340806959121,76.17879677836312,76.50442504882812,4246300,0.0,0.0
2022-06-30 00:00:00-04:00,74.78582696920486,76.1787907037954,73.16673289265385,74.16170501708984,4829100,0.0,0.0
2022-07-01 00:00:00-04:00,74.51448083692618,76.62201764900011,72.9496624612819,76.31448364257812,4093300,0.0,0.0
2022-07-05 00:00:00-04:00,75.1295481120088,75.53658689794584,70.6702571656223,72.7144775390625,5205700,0.0,0.0
2022-07-06 00:00:00-04:00,72.34362323550195,73.15768695929239,69.34965276567424,71.93658447265625,4624400,0.0,0.0
2022-07-07 00:00:00-04:00,74.07126981234806,75.39187045855378,73.46524202488173,74.65921020507812,3711300,0.0,0.0
2022-07-08 00:00:00-04:00,75.5908686655544,75.77177022237257,73.12152169936947,74.17981719970703,2219400,0.0,0.0
2022-07-11 00:00:00-04:00,72.9677423656477,74.33357166215136,72.12653715666873,73.95367431640625,2444000,0.0,0.0
2022-07-12 00:00:00-04:00,71.88231783687986,73.38381979483482,71.48432620662521,72.8230209350586,2565200,0.0,0.0
2022-07-13 00:00:00-04:00,71.72855436798913,73.62804804928666,70.95970560805468,72.04513549804688,3591300,0.0,0.0
2022-07-14 00:00:00-04:00,69.78382435454462,71.08633042123826,68.51749306944079,71.05015563964844,4199000,0.0,0.0
2022-07-15 00:00:00-04:00,72.4069376408246,73.93557404684111,71.6380889639322,73.84512329101562,2792200,0.0,0.0
2022-07-18 00:00:00-04:00,75.56372440044467,76.26925004259866,74.46925425031462,74.84915161132812,2709600,0.0,0.0
2022-07-19 00:00:00-04:00,74.62303436577143,77.49941342099926,74.62303436577143,77.25519561767578,2767400,0.0,0.0
2022-07-20 00:00:00-04:00,77.15568175761877,78.96472464149306,76.54060690106347,78.55768585205078,3590900,0.0,0.0
2022-07-21 00:00:00-04:00,76.3868263581029,77.16471528249266,73.74562563391689,77.07426452636719,3628000,0.0,0.0
2022-07-22 00:00:00-04:00,76.93857791378807,77.86119348446303,76.0340566332556,76.45918273925781,2706700,0.0,0.0
2022-07-25 00:00:00-04:00,77.5536715452063,79.09136223711494,76.62201550354797,78.91045379638672,2756600,0.0,0.0
2022-07-26 00:00:00-04:00,79.83307122847495,80.0953832971953,77.2009102947632,77.74362182617188,1870000,0.0,0.0
2022-07-27 00:00:00-04:00,78.24110230678217,80.33054456470529,77.37276257750305,79.9054183959961,2277100,0.0,0.0
2022-07-28 00:00:00-04:00,80.7194910966033,81.47929269209295,78.42200581876565,79.60693359375,3257100,0.0,0.0
2022-07-29 00:00:00-04:00,79.88732844148305,80.9275294143492,78.47627728928751,80.50240325927734,4750400,0.0,0.0
2022-08-01 00:00:00-04:00,79.2722610214907,79.77879083602063,77.4722652297566,79.13658142089844,2910900,0.0,0.0
2022-08-02 00:00:00-04:00,79.25416420745925,80.30340539868222,77.95165123812697,79.18180084228516,2455900,0.0,0.0
2022-08-03 00:00:00-04:00,80.48432513158534,81.26220726328829,76.74864696522332,77.34563446044922,3539700,0.0,0.0
2022-08-04 00:00:00-04:00,76.79387856272558,76.92955817115359,74.56875644774158,74.75870513916016,2989700,0.0,0.0
2022-08-05 00:00:00-04:00,73.90843903452408,76.42300729542079,73.72753752403737,75.76271057128906,1796200,0.0,0.0
2022-08-08 00:00:00-04:00,75.97979831086303,76.71245844341357,75.31949464626699,75.79889678955078,1680200,0.0,0.0
2022-08-09 00:00:00-04:00,76.80291726041344,77.6441155580257,76.37779108788845,77.36371612548828,2062300,0.0,0.0
2022-08-10 00:00:00-04:00,77.8883358926212,78.10541908962846,75.67226129166893,77.45416259765625,2191600,0.0,0.0
2022-08-11 00:00:00-04:00,78.72048945649145,80.14058765431545,77.98782939484117,79.89636993408203,2803200,0.0,0.0
2022-08-12 00:00:00-04:00,79.49838823932612,81.44311070156789,79.2813050275494,81.40692901611328,2795200,0.0,0.0
2022-08-15 00:00:00-04:00,78.9466356610394,80.90944566590713,77.96975078177705,80.64714050292969,3082700,0.0,0.0
2022-08-16 00:00:00-04:00,81.0270292608732,82.31144800203951,79.87828320993874,80.82803344726562,3420100,0.0,0.0
2022-08-17 00:00:00-04:00,79.9776044362571,82.79410535880024,79.6301167808848,82.18142700195312,3063900,0.97,0.0
2022-08-18 00:00:00-04:00,82.56547841801714,82.8306690713496,79.24603598978032,81.10236358642578,5466000,0.0,0.0
2022-08-19 00:00:00-04:00,80.96519978288929,81.62360323980555,80.34337507098861,80.8737564086914,3167500,0.0,0.0
2022-08-22 00:00:00-04:00,80.25194059698863,81.78821317461008,78.89855478804567,80.68173217773438,2694600,0.0,0.0
2022-08-23 00:00:00-04:00,81.47729676249146,83.8548596231633,81.30355642638911,83.58967590332031,3128000,0.0,0.0
2022-08-24 00:00:00-04:00,83.5896755177735,84.76930702294808,83.11415876182261,84.46754455566406,3200700,0.0,0.0
2022-08-25 00:00:00-04:00,84.72359169366784,86.16842091984044,84.51326562588498,85.78434753417969,2766000,0.0,0.0
2022-08-26 00:00:00-04:00,86.05866155884323,86.6439074467873,84.25719872573865,84.29377746582031,2750000,0.0,0.0
2022-08-29 00:00:00-04:00,84.28464432167839,86.34215168298016,83.95544258573551,85.22652435302734,2576400,0.0,0.0
2022-08-30 00:00:00-04:00,84.0743318601217,84.11091060884316,81.69676203000749,82.43746948242188,2836400,0.0,0.0
2022-08-31 00:00:00-04:00,80.30680938971068,83.29705077017387,80.06905099677358,81.80650329589844,2841700,0.0,0.0
2022-09-01 00:00:00-04:00,80.25194320262756,80.81889638994859,77.17939794762455,78.94428253173828,4004200,0.0,0.0
2022-09-02 00:00:00-04:00,80.7274431995429,82.21799744072719,80.19706185020516,80.89204406738281,2641600,0.0,0.0
2022-09-06 00:00:00-04:00,81.55960235237883,81.58703467039135,79.00829212696793,79.33749389648438,2556200,0.0,0.0
2022-09-07 00:00:00-04:00,77.80121403398762,79.33748648940778,76.84104113309411,78.93512725830078,2633200,0.0,0.0
2022-09-08 00:00:00-04:00,79.26431929057192,79.46549888148945,77.72804702327983,78.57848358154297,2477400,0.0,0.0
2022-09-09 00:00:00-04:00,79.95929673323775,80.84631198109044,79.51121240644376,80.49881744384766,2474400,0.0,0.0
2022-09-12 00:00:00-04:00,81.59618672314069,83.27876745953098,81.2395456343595,81.89794921875,2454500,0.0,0.0
2022-09-13 00:00:00-04:00,80.46224458168969,81.7699049646924,78.65164219087468,78.78881072998047,3004000,0.0,0.0
2022-09-14 00:00:00-04:00,79.4015027959249,81.257830682036,77.64576472423505,78.64250946044922,3872100,0.0,0.0
2022-09-15 00:00:00-04:00,76.87761144934419,77.0787910428376,74.21657249211486,74.86582946777344,5077600,0.0,0.0
2022-09-16 00:00:00-04:00,74.92985285688152,74.92985285688152,72.25052059917954,73.82337188720703,6839900,0.0,0.0
2022-09-19 00:00:00-04:00,71.86644845661533,75.12188733267611,71.82987668450177,74.92070770263672,3124400,0.0,0.0
2022-09-20 00:00:00-04:00,74.18914239848257,76.6764413596358,73.93309814836667,76.100341796875,3482700,0.0,0.0
2022-09-21 00:00:00-04:00,77.59088600270006,77.64575760888152,74.25315050008213,74.3171615600586,2872300,0.0,0.0
2022-09-22 00:00:00-04:00,75.16761734169225,76.25581261507683,74.19830476473835,75.23162841796875,2963900,0.0,0.0
2022-09-23 00:00:00-04:00,72.5980077802848,72.66201884501002,69.07738526703193,69.48888397216797,5632400,0.0,0.0
2022-09-26 00:00:00-04:00,68.58358538316719,70.08327922541113,67.68742346441991,67.8154525756836,4717500,0.0,0.0
2022-09-27 00:00:00-04:00,69.07739391056874,70.81484628339285,68.94022533279879,69.69921875,4147800,0.0,0.0
2022-09-28 00:00:00-04:00,69.82721846947814,74.60063600137333,69.69919636512459,74.43603515625,5401100,0.0,0.0
2022-09-29 00:00:00-04:00,73.82337632863147,74.4452011316186,72.55228742736443,73.73192596435547,3118000,0.0,0.0
2022-09-30 00:00:00-04:00,72.99120477584133,74.46346592202899,72.57970615991513,73.814208984375,3259300,0.0,0.0
2022-10-03 00:00:00-04:00,76.47526457222101,77.97495835843023,75.2773402248263,77.343994140625,3891800,0.0,0.0
2022-10-04 00:00:00-04:00,79.08144649443683,82.71179829355196,78.17613817577595,82.62950134277344,5402400,0.0,0.0
2022-10-05 00:00:00-04:00,81.9345292556176,85.7752145658913,81.79736067727146,84.68701934814453,5443400,0.0,0.0
2022-10-06 00:00:00-04:00,84.04689445963143,85.75690725467038,83.71769271773123,85.37284088134766,3237500,0.0,0.0
2022-10-07 00:00:00-04:00,85.8666464165174,86.41531367946315,84.00117214115562,84.58641815185547,3283500,0.0,0.0
2022-10-10 00:00:00-04:00,85.18996668316585,85.84836328733664,83.03186915778036,83.31534576416016,2786000,0.0,0.0
2022-10-11 00:00:00-04:00,82.4100334109082,84.10176034628306,81.05664767659874,82.6112060546875,2939500,0.0,0.0
2022-10-12 00:00:00-04:00,82.19970869823996,85.71119172921298,81.41328306545319,84.98877716064453,2838800,0.0,0.0
2022-10-13 00:00:00-04:00,84.0926113879224,89.524433070409,83.95544283475894,88.6099853515625,3690000,0.0,0.0
2022-10-14 00:00:00-04:00,88.24420597744017,89.15865370777635,85.88492915876907,86.04953002929688,3905200,0.0,0.0
2022-10-17 00:00:00-04:00,87.57665129207011,89.6067262590568,86.45188455199293,87.29317474365234,3667600,0.0,0.0
2022-10-18 00:00:00-04:00,87.75041230272528,88.97577601404682,85.93066308749655,87.88758087158203,2756500,0.0,0.0
2022-10-19 00:00:00-04:00,88.2076271197046,90.40230306507816,87.42120151447338,89.57015228271484,3343500,0.0,0.0
2022-10-20 00:00:00-04:00,90.320008190915,91.353338693499,89.13123020988176,89.37812805175781,3033400,0.0,0.0
2022-10-21 00:00:00-04:00,89.85364100746277,92.06660296536765,89.39641711648989,91.84713745117188,3260100,0.0,0.0
2022-10-24 00:00:00-04:00,91.71911874751369,92.72500994990911,91.37162411231084,91.81056213378906,1996100,0.0,0.0
2022-10-25 00:00:00-04:00,91.12471540342841,92.11232060145224,90.16454252034708,91.64595031738281,2627300,0.0,0.0
2022-10-26 00:00:00-04:00,92.06659220263786,94.16982464591511,91.80140153967284,93.51142120361328,3171700,0.0,0.0
2022-10-27 00:00:00-04:00,95.10256983003158,96.894886655011,94.59962075660344,94.70021057128906,3394200,0.0,0.0
2022-10-28 00:00:00-04:00,95.57807680050423,96.98632718803316,93.91378215645784,95.28545379638672,3561000,0.0,0.0
2022-10-31 00:00:00-04:00,93.88634428019195,96.32791798027704,93.88634428019195,95.36775207519531,3581600,0.0,0.0
2022-11-01 00:00:00-04:00,97.84590988631861,100.57096726878076,97.23323156423803,98.19339752197266,5810800,0.0,0.0
2022-11-02 00:00:00-04:00,97.58071999944795,97.73617444482883,94.19726606539419,94.40758514404297,3682200,0.0,0.0
2022-11-03 00:00:00-04:00,93.79490252494968,95.04769841514074,92.87130837266746,94.2978515625,3073700,0.0,0.0
2022-11-04 00:00:00-04:00,96.14504738473423,96.76687220822947,93.63031577123898,94.62706756591797,3059200,0.0,0.0
2022-11-07 00:00:00-05:00,94.98368868145936,96.88573466668709,94.98368868145936,96.41022491455078,3226700,0.0,0.0
2022-11-08 00:00:00-05:00,96.2639151342372,96.69370670890743,94.755081872261,96.11760711669922,2488600,0.0,0.0
2022-11-09 00:00:00-05:00,97.47098735181818,99.22673242466864,94.39844917186667,95.18486785888672,4702300,0.0,0.0
2022-11-10 00:00:00-05:00,97.08692124508333,97.29724730880976,95.38604777906278,97.15093231201172,3457300,0.0,0.0
2022-11-11 00:00:00-05:00,98.26656238045291,103.07655989064173,98.26656238045291,101.77804565429688,5586800,0.0,0.0
2022-11-14 00:00:00-05:00,101.50370049153753,103.81725218827361,100.79957879210238,100.82701110839844,3977400,0.0,0.0
2022-11-15 00:00:00-05:00,101.23852091628841,102.13468288150759,99.95829252741106,101.60430145263672,3785700,0.0,0.0
2022-11-16 00:00:00-05:00,100.44194448378549,102.02864793235196,99.06741944255712,99.33494567871094,3021700,0.97,0.0
2022-11-17 00:00:00-05:00,97.81281506876836,101.3552238421309,97.60064370383972,101.22607421875,2446000,0.0,0.0
2022-11-18 00:00:00-05:00,99.60246305805275,100.82939143396321,98.60615999920249,100.54341125488281,3696400,0.0,0.0
2022-11-21 00:00:00-05:00,99.15964676018497,100.80169768302838,97.69287330824909,100.5802993774414,3047200,0.0,0.0
2022-11-22 00:00:00-05:00,102.24081835097597,104.10426783614476,101.9825191191829,103.5876693725586,3494100,0.0,0.0
2022-11-23 00:00:00-05:00,101.91795557703892,103.17255097898199,100.96777324344572,102.130126953125,2662300,0.0,0.0
2022-11-25 00:00:00-05:00,102.43454683154667,103.14486974710861,101.79801867218652,102.19469451904297,1409400,0.0,0.0
2022-11-28 00:00:00-05:00,99.86077193452704,101.55817105377378,99.26114464461583,99.46409606933594,3598700,0.0,0.0
2022-11-29 00:00:00-05:00,100.66333997546347,101.77033867166911,100.00836492576043,100.52496337890625,3854100,0.0,0.0
2022-11-30 00:00:00-05:00,101.62273684030055,101.81646125014649,98.70762963356955,100.0360336303711,3987300,0.0,0.0
2022-12-01 00:00:00-05:00,100.62644012836147,101.17071249886119,98.57848618474158,99.66703796386719,3214200,0.0,0.0
2022-12-02 00:00:00-05:00,98.89212639089503,100.27587819881684,97.83125563532217,98.39398193359375,2676000,0.0,0.0
2022-12-05 00:00:00-05:00,99.44563743545709,99.78695839311098,95.20212606049479,96.07850646972656,3015200,0.0,0.0
2022-12-06 00:00:00-05:00,95.3404952557361,97.1947245925782,94.05821918248162,95.09142303466797,3627000,0.0,0.0
2022-12-07 00:00:00-05:00,94.78700317374214,96.82573008599398,94.0213254492225,95.02685546875,2817100,0.0,0.0
2022-12-08 00:00:00-05:00,96.52131714659585,96.63201984625522,92.68371505405509,93.08039093017578,2899700,0.0,0.0
2022-12-09 00:00:00-05:00,92.6744730386061,93.40324985737703,90.34977302782009,90.40512084960938,3212200,0.0,0.0
2022-12-12 00:00:00-05:00,91.0232003311929,94.23350790785895,90.42357308680648,94.15970611572266,3692400,0.0,0.0
2022-12-13 00:00:00-05:00,95.91246346338733,96.24456450197292,93.85528242093356,94.21505737304688,2984000,0.0,0.0
2022-12-14 00:00:00-05:00,94.27963060318527,95.17445799558571,93.21875973240263,93.4309310913086,2646800,0.0,0.0
2022-12-15 00:00:00-05:00,92.9419991584884,93.66154899361527,91.95492312140715,93.606201171875,2445400,0.0,0.0
2022-12-16 00:00:00-05:00,92.01950480043872,93.12650354669721,91.38297665037058,92.84053039550781,7235200,0.0,0.0
2022-12-19 00:00:00-05:00,93.45859132682384,94.45489428006775,91.85344126090332,92.8128433227539,2451200,0.0,0.0
2022-12-20 00:00:00-05:00,93.17263006727752,95.43275540712433,92.80362814453434,94.68553161621094,2442300,0.0,0.0
2022-12-21 00:00:00-05:00,96.16152540238949,96.54898126457198,94.34419686910462,95.34049987792969,2471800,0.0,0.0
2022-12-22 00:00:00-05:00,95.38664085243795,95.46966259551074,91.29995959663319,92.73905944824219,2287700,0.0,0.0
2022-12-23 00:00:00-05:00,93.21876028756486,95.95858326908414,93.21876028756486,95.8847885131836,2216300,0.0,0.0
2022-12-27 00:00:00-05:00,96.46594696782954,96.66889835112438,95.65414847277556,96.47517395019531,2474900,0.0,0.0
2022-12-28 00:00:00-05:00,96.3091330869397,96.60433320902942,94.08590166891554,94.23350524902344,1910700,0.0,0.0
2022-12-29 00:00:00-05:00,94.09513241553913,96.21688821663027,93.7907052979856,96.04161071777344,1827300,0.0,0.0
2022-12-30 00:00:00-05:00,95.79254113175304,96.75194342365549,95.48812102148156,96.01394653320312,2088900,0.0,0.0
2023-01-03 00:00:00-05:00,95.38664047465679,96.37371663221995,92.74828606507174,93.20030975341797,2877200,0.0,0.0
2023-01-04 00:00:00-05:00,91.8350098122723,94.09513524556715,91.67817923788682,92.87743377685547,2959100,0.0,0.0
2023-01-05 00:00:00-05:00,92.43463348175415,95.08221491939602,92.43463348175415,95.03608703613281,3348400,0.0,0.0
2023-01-06 00:00:00-05:00,96.14309424297153,98.08957270351351,95.77409228605859,97.50839233398438,3101300,0.0,0.0
2023-01-09 00:00:00-05:00,98.43088893238627,98.67996823242378,93.689232667106,94.10436248779297,4707400,0.0,0.0
2023-01-10 00:00:00-05:00,94.50102677239981,95.43274793264746,92.77594696560959,93.69844818115234,3259200,0.0,0.0
2023-01-11 00:00:00-05:00,94.52871838428455,94.7685707159158,92.73906343879925,93.56008911132812,3551100,0.0,0.0
2023-01-12 00:00:00-05:00,94.03978166137993,95.72795363552353,93.83683025599763,94.88848114013672,2231600,0.0,0.0
2023-01-13 00:00:00-05:00,94.88847982024932,95.36817737692266,93.65232447653648,95.04530334472656,2133200,0.0,0.0
2023-01-17 00:00:00-05:00,95.52501501550886,96.87186610538444,94.42723618659849,94.56561279296875,2600800,0.0,0.0
2023-01-18 00:00:00-05:00,95.22058444089426,97.33311324314117,94.37188494180964,94.75010681152344,2908000,0.0,0.0
2023-01-19 00:00:00-05:00,94.7224305894747,96.69658274223112,93.93830591839173,96.29067993164062,2696800,0.0,0.0
2023-01-20 00:00:00-05:00,96.6781390717015,98.92903745815858,95.783311684449,98.67073822021484,2986400,0.0,0.0
2023-01-23 00:00:00-05:00,99.16888881516805,100.2574406204317,98.33863624536929,98.65229034423828,3070100,0.0,0.0
2023-01-24 00:00:00-05:00,98.65227548162412,98.94747556884248,96.27222081948067,98.71685028076172,2360500,0.0,0.0
2023-01-25 00:00:00-05:00,98.11723469476784,100.42348784754422,97.36078394218225,100.41426086425781,2889100,0.0,0.0
2023-01-26 00:00:00-05:00,101.060022631558,103.01572092962685,99.88844201136907,102.84967041015625,2723600,0.0,0.0
2023-01-27 00:00:00-05:00,102.80353575147208,103.17253060015062,100.27587740164545,100.30355834960938,2506700,0.0,0.0
2023-01-30 00:00:00-05:00,99.97145848347017,100.48805690795038,97.6836523899673,98.17257690429688,3110000,0.0,0.0
2023-01-31 00:00:00-05:00,96.58589573944025,96.58589573944025,91.44756311791252,92.49921417236328,7890100,0.0,0.0
2023-02-01 00:00:00-05:00,92.0656289858105,93.71690005523851,89.51029654253152,90.3958969116211,4467800,0.0,0.0
2023-02-02 00:00:00-05:00,90.40511929426638,91.32762051155481,88.87376389526723,91.30917358398438,4668700,0.0,0.0
2023-02-03 00:00:00-05:00,91.58592811734425,92.81285653789851,90.87560521172813,91.15235137939453,3525100,0.0,0.0
2023-02-06 00:00:00-05:00,90.94018592253398,91.78888548611953,88.69850733215193,90.47893524169922,2666300,0.0,0.0
2023-02-07 00:00:00-05:00,91.198478949366,94.44568042390168,90.85715093513338,94.35343170166016,3628400,0.0,0.0
2023-02-08 00:00:00-05:00,93.87373132112897,95.6172581605195,93.39402671878938,94.77777862548828,3683600,0.0,0.0
2023-02-09 00:00:00-05:00,95.1652386895682,96.19843565423103,94.02133199565367,94.19660949707031,2897400,0.0,0.0
2023-02-10 00:00:00-05:00,95.6910504582075,99.19655071786806,95.46042516330382,99.05817413330078,3003300,0.0,0.0
2023-02-13 00:00:00-05:00,98.70764148048025,99.91611596042395,97.5545148276709,99.8699951171875,2608800,0.0,0.0
2023-02-14 00:00:00-05:00,99.16889211293737,100.40504050609093,98.79989017651974,99.58401489257812,2267500,0.0,0.0
2023-02-15 00:00:00-05:00,98.70763967425312,99.31649391409591,97.09326238986112,98.384765625,2626400,0.0,0.0
2023-02-16 00:00:00-05:00,98.21870569022623,98.98438338940952,96.69657727470394,96.78882598876953,2876500,0.0,0.0
2023-02-17 00:00:00-05:00,95.0649544990416,95.57746201531434,92.41857014771095,92.7540283203125,3537600,1.05,0.0
2023-02-21 00:00:00-05:00,92.18562046915312,93.8256375363213,91.7756144250426,92.85653686523438,2569200,0.0,0.0
2023-02-22 00:00:00-05:00,92.54902919713703,93.93744901410633,91.81288523799931,92.68880462646484,2087700,0.0,0.0
2023-02-23 00:00:00-05:00,94.16108725172796,94.58040640686683,92.3626615056304,93.50880432128906,2738000,0.0,0.0
2023-02-24 00:00:00-05:00,92.3440267668133,95.05564594141427,91.41220004442513,95.04632568359375,3005800,0.0,0.0
2023-02-27 00:00:00-05:00,95.4470021590747,97.21747418096774,95.05563668002857,96.58383178710938,2699500,0.0,0.0
2023-02-28 00:00:00-05:00,97.49701898700668,97.72997564749208,94.92518257392462,95.5681381225586,4104500,0.0,0.0
2023-03-01 00:00:00-05:00,95.97814922580923,100.12477515933142,95.62405764237285,99.92909240722656,4581100,0.0,0.0
2023-03-02 00:00:00-05:00,99.23954320107799,100.03159447143848,97.23611438126726,98.5965805053711,4644000,0.0,0.0
2023-03-03 00:00:00-05:00,97.8045176800487,99.36998662996564,97.04974041984198,98.79225158691406,3755700,0.0,0.0
2023-03-06 00:00:00-05:00,97.91635009820861,97.91635009820861,95.80109953488947,96.89134216308594,4000200,0.0,0.0
2023-03-07 00:00:00-05:00,96.6677063151448,96.88202959852052,94.33813940976256,94.85064697265625,3119900,0.0,0.0
2023-03-08 00:00:00-05:00,94.88790271154473,95.66132048213642,91.65446332906005,92.5396957397461,3876200,0.0,0.0
2023-03-09 00:00:00-05:00,93.48085931922941,96.97520963335921,93.22926922469259,94.24495697021484,5194700,0.0,0.0
2023-03-10 00:00:00-05:00,94.49654549607632,96.83542530620245,93.7324408059874,94.31949615478516,4367100,0.0,0.0
2023-03-13 00:00:00-04:00,91.4681006140716,91.6171891702272,88.59807303803166,89.00807189941406,6037700,0.0,0.0
2023-03-14 00:00:00-04:00,89.80944013576766,93.55538683987287,89.22239196987313,91.27240753173828,3521200,0.0,0.0
2023-03-15 00:00:00-04:00,88.1321630016437,88.52352847393456,86.28714317484373,87.26556396484375,6810300,0.0,0.0
2023-03-16 00:00:00-04:00,85.24350840813487,88.81239921434164,85.1316866464177,88.57012939453125,5801500,0.0,0.0
2023-03-17 00:00:00-04:00,88.77511939651487,89.87467509790082,87.10715599466074,88.26261901855469,10256800,0.0,0.0
2023-03-20 00:00:00-04:00,88.71921649479636,90.2660521811424,88.32785099919313,89.03604125976562,4692800,0.0,0.0
2023-03-21 00:00:00-04:00,90.83446701920708,91.60787775310679,88.64466865488909,89.03604125976562,7228900,0.0,0.0
2023-03-22 00:00:00-04:00,89.22239885916021,90.70399977241223,88.21602440340057,88.23466491699219,3012600,0.0,0.0
2023-03-23 00:00:00-04:00,88.74717323059181,89.98650445219106,86.38033255112641,87.16307067871094,2856300,0.0,0.0
2023-03-24 00:00:00-04:00,85.3926043968843,87.53580880564127,84.4794181460141,87.34012603759766,3718400,0.0,0.0
2023-03-27 00:00:00-04:00,88.71921061176664,90.266046195541,87.34942435871348,89.669677734375,3475300,0.0,0.0
2023-03-28 00:00:00-04:00,89.59513581752597,93.06153217031805,89.46468065235838,92.04583740234375,3350700,0.0,0.0
2023-03-29 00:00:00-04:00,92.94971361239814,94.19835798180763,92.48380026095755,93.4435806274414,3053600,0.0,0.0
2023-03-30 00:00:00-04:00,94.37540473998097,94.51518016343141,92.88448347814742,93.17334747314453,2336700,0.0,0.0
2023-03-31 00:00:00-04:00,93.06152153059045,94.53380209905211,92.39992552308846,94.46857452392578,3920500,0.0,0.0
2023-04-03 00:00:00-04:00,97.83248120190201,97.83248120190201,95.2047302470802,95.894287109375,4212300,0.0,0.0
2023-04-04 00:00:00-04:00,95.38177217503527,95.9035928006104,90.86241454754904,91.57991790771484,4202300,0.0,0.0
2023-04-05 00:00:00-04:00,91.69174752454767,97.5063440672926,91.46811111001571,97.31066131591797,6353400,0.0,0.0
2023-04-06 00:00:00-04:00,97.66474777332837,98.15861475458905,95.47495659320326,95.82904815673828,3808300,0.0,0.0
2023-04-10 00:00:00-04:00,95.98746810408365,98.27044062177653,95.97814784670587,97.80452728271484,2887700,0.0,0.0
2023-04-11 00:00:00-04:00,98.58727615928215,100.01296999507642,98.0002207379969,99.20227813720703,2484100,0.0,0.0
2023-04-12 00:00:00-04:00,99.39794317102063,100.14340730564378,98.64316588893752,98.80157470703125,3192500,0.0,0.0
2023-04-13 00:00:00-04:00,98.391580321969,99.09977062242604,97.5995290288483,99.02522277832031,2765300,0.0,0.0
2023-04-14 00:00:00-04:00,98.9506797028665,99.61227580778935,98.08408058613897,99.01590728759766,2111500,0.0,0.0
2023-04-17 00:00:00-04:00,98.66180575990273,98.95999001144186,96.4067869133085,96.8354263305664,3326700,0.0,0.0
2023-04-18 00:00:00-04:00,96.56519486286096,97.69270427589562,96.11792204425996,97.19883728027344,2932200,0.0,0.0
2023-04-19 00:00:00-04:00,97.19884099449386,97.28270909448216,93.9188141320795,96.0340576171875,3676700,0.0,0.0
2023-04-20 00:00:00-04:00,94.77609733512257,95.75451826061018,93.74176907992957,94.34745788574219,3784400,0.0,0.0
2023-04-21 00:00:00-04:00,94.27290116293713,94.99972481776287,92.69811894723911,93.32244110107422,3111000,0.0,0.0
2023-04-24 00:00:00-04:00,92.781981752569,94.4406320967138,92.6794802495692,93.82563018798828,2897800,0.0,0.0
2023-04-25 00:00:00-04:00,92.78196786436635,93.44356385152287,92.29742119393914,92.54901123046875,2738500,0.0,0.0
2023-04-26 00:00:00-04:00,92.74470306111208,93.56471504292423,91.61719369539331,92.50242614746094,2716000,0.0,0.0
2023-04-27 00:00:00-04:00,92.35334154343879,92.6887997123309,89.76286454642896,91.07673645019531,3132800,0.0,0.0
2023-04-28 00:00:00-04:00,90.40581932065025,92.80993380689773,90.21013657538917,92.25083923339844,2710500,0.0,0.0
2023-05-01 00:00:00-04:00,91.50537235153236,92.8006108003199,90.92764439005109,91.69174194335938,2546600,0.0,0.0
2023-05-02 00:00:00-04:00,91.22583881290957,91.49606941927479,86.76238789745604,88.2719497680664,4207200,0.0,0.0
2023-05-03 00:00:00-04:00,87.54510685736649,91.41218869709719,86.69714834207575,89.40876007080078,6286000,0.0,0.0
2023-05-04 00:00:00-04:00,89.23172052271114,89.39944960131537,85.59759522580174,86.01691436767578,4619500,0.0,0.0
2023-05-05 00:00:00-04:00,87.78738865294271,88.39307740288287,86.8835156566237,87.06988525390625,2720800,0.0,0.0
2023-05-08 00:00:00-04:00,88.35579186090915,88.80307172627786,87.39601166629359,87.5544204711914,3352800,0.0,0.0
2023-05-09 00:00:00-04:00,86.93942434111452,88.63534846323104,86.74373449959056,87.57306671142578,3274100,0.0,0.0
2023-05-10 00:00:00-04:00,87.90852466664255,88.44898584166054,86.70647451807515,87.8060302734375,3323800,0.0,0.0
2023-05-11 00:00:00-04:00,86.45488054523062,87.48920875643654,86.05419477774299,87.0326156616211,3428400,0.0,0.0
2023-05-12 00:00:00-04:00,87.86192995965351,88.29056933762583,86.38964224230986,86.86487579345703,2776300,0.0,0.0
2023-05-15 00:00:00-04:00,86.89283417508771,88.32784805371936,86.23123811383789,87.79670715332031,3344000,0.0,0.0
2023-05-16 00:00:00-04:00,87.73147951181754,88.13216525108686,85.18758965845223,85.62554931640625,4389600,0.0,0.0
2023-05-17 00:00:00-04:00,86.86488276355324,88.5048996829406,86.01691708678409,88.32785034179688,3408600,0.0,0.0
2023-05-18 00:00:00-04:00,87.9551186132108,89.94922711374936,87.34942985722891,89.71627044677734,4405000,0.0,0.0
2023-05-19 00:00:00-04:00,89.9800513794028,90.36630897822907,88.98141962205474,89.44305419921875,3203600,1.05,0.0
2023-05-22 00:00:00-04:00,89.55611018960983,90.86562987927861,89.45247851451435,90.02716064453125,2398100,0.0,0.0
2023-05-23 00:00:00-04:00,90.8467920225842,92.09978797149114,89.8858522465484,90.10253143310547,3113600,0.0,0.0
2023-05-24 00:00:00-04:00,90.564157492409,91.28015619340445,89.92352858892033,90.9692611694336,2780400,0.0,0.0
2023-05-25 00:00:00-04:00,89.87643324811387,89.96121888465086,87.945123400181,89.63148498535156,3091700,0.0,0.0
2023-05-26 00:00:00-04:00,90.31921857988034,90.45111213482402,88.88722114383515,89.41480255126953,2440600,0.0,0.0
2023-05-30 00:00:00-04:00,88.10527209725646,88.36906638417126,86.84286035434572,88.17121887207031,2943500,0.0,0.0
2023-05-31 00:00:00-04:00,86.66386583561619,87.3610257254573,86.01382105679131,86.30587005615234,4851700,0.0,0.0
2023-06-01 00:00:00-04:00,87.50232823052195,88.95316446620906,87.21027925415602,87.66249084472656,3100900,0.0,0.0
2023-06-02 00:00:00-04:00,89.26405945754006,91.54394188962314,88.78358599039548,91.41204833984375,4658500,0.0,0.0
2023-06-05 00:00:00-04:00,92.38241221668021,92.38241221668021,89.59379440726865,90.46052551269531,2996100,0.0,0.0
2023-06-06 00:00:00-04:00,89.17926880762124,91.54393673674761,89.04736807760696,91.21420288085938,2888000,0.0,0.0
2023-06-07 00:00:00-04:00,91.66643150160856,95.34061970465115,91.506268866669,95.19931030273438,3871100,0.0,0.0
2023-06-08 00:00:00-04:00,95.15218764462874,95.62323807851304,93.03246069214939,93.3998794555664,3653600,0.0,0.0
2023-06-09 00:00:00-04:00,93.66367590261241,93.83325436325275,91.78889700106521,93.0418930053711,3247700,0.0,0.0
2023-06-12 00:00:00-04:00,91.49683167934225,93.09840015370254,91.04462013575868,91.176513671875,2883900,0.0,0.0
2023-06-13 00:00:00-04:00,92.41067797189821,93.50351851494555,91.18595105961317,91.27073669433594,2733400,0.0,0.0
2023-06-14 00:00:00-04:00,92.17516086572095,92.58968761690629,89.35828081260524,90.15906524658203,2297500,0.0,0.0
2023-06-15 00:00:00-04:00,90.14022180732242,91.61932005436985,89.83874978205351,91.40263366699219,2123000,0.0,0.0
2023-06-16 00:00:00-04:00,91.88310555475375,92.17515455254409,91.07289815347099,91.50626373291016,4964900,0.0,0.0
2023-06-20 00:00:00-04:00,91.08232437010399,91.17653303195404,88.05818104245834,88.0676040649414,3273300,0.0,0.0
2023-06-21 00:00:00-04:00,87.61537856290603,89.4618953561213,87.28564470477099,87.87916564941406,2902800,0.0,0.0
2023-06-22 00:00:00-04:00,87.10665306524547,87.77554387792327,85.43913754457824,85.55218505859375,3515500,0.0,0.0
2023-06-23 00:00:00-04:00,84.7890815858191,86.09860127085399,84.54413333758208,85.59928894042969,4192000,0.0,0.0
2023-06-26 00:00:00-04:00,85.79713440707481,86.99359946743316,85.60871708955158,86.22107696533203,2846000,0.0,0.0
2023-06-27 00:00:00-04:00,86.28701176461942,87.64363926293605,85.90075416102917,87.21027374267578,3763800,0.0,0.0
2023-06-28 00:00:00-04:00,87.30448882623449,88.56690777196141,86.46601959882324,87.99222564697266,2574100,0.0,0.0
2023-06-29 00:00:00-04:00,88.26543950157013,89.188694399071,87.99222936603954,89.05680084228516,2254400,0.0,0.0
2023-06-30 00:00:00-04:00,89.56552550601508,90.32862487728802,88.81184196791568,89.85757446289062,2573100,0.0,0.0
2023-07-03 00:00:00-04:00,90.11195301600141,91.04463089956428,89.87642778971163,90.12137603759766,1348800,0.0,0.0
2023-07-05 00:00:00-04:00,90.11195117844753,90.73373402559027,89.06621862003261,90.56415557861328,3854700,0.0,0.0
2023-07-06 00:00:00-04:00,89.87642669677734,90.63010309914392,89.04737331021687,89.87642669677734,4692900,0.0,0.0
2023-07-07 00:00:00-04:00,90.21558632410387,94.49272537349101,89.98947692765671,93.6825180053711,5338700,0.0,0.0
2023-07-10 00:00:00-04:00,93.7578742521565,95.40655075412366,93.70135050071141,94.52098083496094,3785200,0.0,0.0
2023-07-11 00:00:00-04:00,94.07819842508961,95.80224483334081,94.02167466995337,95.64208221435547,3060700,0.0,0.0
2023-07-12 00:00:00-04:00,96.38633634031105,97.18712781856178,95.65149882217618,96.05660247802734,2374100,0.0,0.0
2023-07-13 00:00:00-04:00,96.36750641647733,97.91255138949946,95.7268774871028,96.64071655273438,2886300,0.0,0.0
2023-07-14 00:00:00-04:00,96.15080775619904,96.30154733805074,92.93824768531789,94.64344787597656,2865000,0.0,0.0
2023-07-17 00:00:00-04:00,94.21009537436376,95.01087974751388,93.27741744270233,93.30567932128906,3078300,0.0,0.0
2023-07-18 00:00:00-04:00,93.29625317488167,96.13197896323138,93.16435962078722,95.30293273925781,2367500,0.0,0.0
2023-07-19 00:00:00-04:00,95.3029221752808,97.51685765949904,95.2746531131144,96.52764892578125,3052100,0.0,0.0
2023-07-20 00:00:00-04:00,97.20598142028192,98.49666237721256,97.14945766036065,98.0256118774414,2520300,0.0,0.0
2023-07-21 00:00:00-04:00,98.37418026036916,99.82501659748638,98.04444636276521,99.60833740234375,2711700,0.0,0.0
2023-07-24 00:00:00-04:00,99.86269831517119,101.89763976865132,99.67428100473474,100.66348266601562,3691800,0.0,0.0
2023-07-25 00:00:00-04:00,100.34316802288691,102.18026188728581,99.44816786286076,101.47368621826172,2744600,0.0,0.0
2023-07-26 00:00:00-04:00,100.75769652719912,103.57458362108729,100.64464901016015,103.24484252929688,2687600,0.0,0.0
2023-07-27 00:00:00-04:00,103.61226670844167,104.43188994326302,102.50058728851003,102.58537292480469,2925800,0.0,0.0
2023-07-28 00:00:00-04:00,103.14120752283654,104.27172570396866,102.7643657332394,103.96083068847656,2141100,0.0,0.0
2023-07-31 00:00:00-04:00,104.30942407235108,105.1102084863723,104.19636936457412,105.09136962890625,3800800,0.0,0.0
2023-08-01 00:00:00-04:00,104.7522110774685,105.93925314634589,104.24347568180957,105.61894226074219,2694200,0.0,0.0
2023-08-02 00:00:00-04:00,104.72394521579405,106.683509732236,101.84111141667856,102.67958068847656,4886000,0.0,0.0
2023-08-03 00:00:00-04:00,103.19774169529167,104.34710603516557,101.19106920549119,104.01737213134766,3510700,0.0,0.0
2023-08-04 00:00:00-04:00,105.11962256458243,106.62698260171685,104.05504392299717,104.08331298828125,2650300,0.0,0.0
2023-08-07 00:00:00-04:00,104.64857501733836,106.28782865413285,104.61089011690335,104.98773193359375,2982000,0.0,0.0
2023-08-08 00:00:00-04:00,103.55572162965024,106.87192058021688,102.66072871516728,106.15592193603516,2865000,0.0,0.0
2023-08-09 00:00:00-04:00,106.74003288588304,109.08586207128141,106.4668227673786,107.79518127441406,3864800,0.0,0.0
2023-08-10 00:00:00-04:00,108.31334145762045,109.46270570389078,107.64445068216105,108.03070831298828,2587700,0.0,0.0
2023-08-11 00:00:00-04:00,108.37929005987466,110.49901711736814,108.37929005987466,109.88665008544922,2557800,0.0,0.0
2023-08-14 00:00:00-04:00,109.72649280546243,110.18812023321284,107.68213558062264,108.03070831298828,3043900,0.0,0.0
2023-08-15 00:00:00-04:00,106.21245114483622,107.90823560304067,105.96751009127505,106.86250305175781,5087600,0.0,0.0
2023-08-16 00:00:00-04:00,107.39950594499386,108.61481700636428,106.66466837013262,106.7117691040039,3904400,0.0,0.0
2023-08-17 00:00:00-04:00,108.14765361999557,110.09702659384948,107.90992467770279,108.01451873779297,4704400,1.05,0.0
2023-08-18 00:00:00-04:00,107.08263158288968,109.14611718098277,107.08263158288968,108.63262176513672,4895500,0.0,0.0
2023-08-21 00:00:00-04:00,109.26021797283201,109.72616464551002,106.71176354618163,107.76728057861328,2662600,0.0,0.0
2023-08-22 00:00:00-04:00,108.11910638009176,108.61358658027945,107.09212299299166,107.39641571044922,2220800,0.0,0.0
2023-08-23 00:00:00-04:00,106.43600531135196,106.92097439857278,104.75288754499044,106.74980926513672,2027400,0.0,0.0
2023-08-24 00:00:00-04:00,106.14122635606797,107.66269021588006,106.0746625389172,106.87342834472656,1713600,0.0,0.0
2023-08-25 00:00:00-04:00,107.25379871206498,108.84182642735618,106.26484536558995,108.2998046875,2262100,0.0,0.0
2023-08-28 00:00:00-04:00,107.70072635921743,109.14611519405885,107.09214082297768,107.57710266113281,1702200,0.0,0.0
2023-08-29 00:00:00-04:00,107.62464572545039,107.9479536006471,106.53109115332883,107.15869903564453,1933200,0.0,0.0
2023-08-30 00:00:00-04:00,107.31084345964099,108.40439804883525,107.2157533333875,108.07157897949219,2113400,0.0,0.0
2023-08-31 00:00:00-04:00,108.1191290272106,108.98446593134109,106.56913880657305,108.55655670166016,3086400,0.0,0.0
2023-09-01 00:00:00-04:00,110.42984707086018,111.55192798299328,109.45040497690475,111.4188003540039,2785800,0.0,0.0
2023-09-05 00:00:00-04:00,111.92279659049794,112.94027629568747,110.98139189717047,111.00991821289062,2327000,0.0,0.0
2023-09-06 00:00:00-04:00,111.13353163519135,112.1985526830398,109.93537570145006,110.9148178100586,1764200,0.0,0.0
2023-09-07 00:00:00-04:00,111.49487571314762,113.1494671465133,111.03843294450621,112.92124938964844,3348800,0.0,0.0
2023-09-08 00:00:00-04:00,113.98629138986763,117.49516612275872,113.5678860728642,116.23045349121094,4711200,0.0,0.0
2023-09-11 00:00:00-04:00,116.86754735644065,117.9706058560619,115.32706122663475,116.33502960205078,3105400,0.0,0.0
2023-09-12 00:00:00-04:00,116.84851851099799,118.70280847746507,116.58226327599621,118.17980194091797,4229600,0.0,0.0
2023-09-13 00:00:00-04:00,118.62674681051413,119.0451520867683,116.3825849277339,117.12429809570312,2779400,0.0,0.0
2023-09-14 00:00:00-04:00,117.82797568771102,117.91355462403223,116.67736123004147,116.93411254882812,2526300,0.0,0.0
2023-09-15 00:00:00-04:00,115.9832033998175,116.45866130847959,114.43320597443542,115.08934020996094,9304500,0.0,0.0
2023-09-18 00:00:00-04:00,116.5157036008911,117.82797195554264,115.06080369022203,116.43962860107422,2237500,0.0,0.0
2023-09-19 00:00:00-04:00,117.34300415014552,117.41907915077265,113.22553724132192,114.319091796875,2970100,0.0,0.0
2023-09-20 00:00:00-04:00,113.84364879293821,115.82155553808373,113.6819948366776,114.17646789550781,2491400,0.0,0.0
2023-09-21 00:00:00-04:00,116.41110047540401,117.76139905400598,113.81510462759006,114.0528335571289,2730800,0.0,0.0
2023-09-22 00:00:00-04:00,114.5853543808024,115.72645044362574,112.70253789674086,112.75959777832031,2426300,0.0,0.0
2023-09-25 00:00:00-04:00,112.6835181798267,114.71847733702728,112.6454806786281,114.35713195800781,2499100,0.0,0.0
2023-09-26 00:00:00-04:00,113.34915461277194,114.37614536499025,112.77860661317669,113.55835723876953,2350800,0.0,0.0
2023-09-27 00:00:00-04:00,114.54731322134406,115.5743039980474,113.85314876934184,114.8706283569336,2793800,0.0,0.0
2023-09-28 00:00:00-04:00,114.57583631066792,117.40956842854301,114.48074618696181,117.32398223876953,3294300,0.0,0.0
2023-09-29 00:00:00-04:00,117.38104676058774,117.38104676058774,113.61542112454636,114.25253295898438,2841900,0.0,0.0
2023-10-02 00:00:00-04:00,114.19548107427157,114.39517978732185,112.38874676114249,113.1780014038086,2445800,0.0,0.0
2023-10-03 00:00:00-04:00,112.20806454007379,112.72155994330421,108.52801777771158,109.95439147949219,2988400,0.0,0.0
2023-10-04 00:00:00-04:00,107.60563151605007,107.73875914283916,103.32651057091383,105.06668090820312,4464100,0.0,0.0
2023-10-05 00:00:00-04:00,103.44061681178971,105.71330493294538,103.25994049302376,104.10626220703125,3206000,0.0,0.0
2023-10-06 00:00:00-04:00,105.08570629805068,105.38048787225912,102.88908588325182,103.83049774169922,2625100,0.0,0.0
2023-10-09 00:00:00-04:00,105.60871157489598,106.17926688664022,103.97313515837507,105.75135040283203,2769800,0.0,0.0
2023-10-10 00:00:00-04:00,105.41852830206525,107.4439763852921,104.92404801330636,106.87342834472656,2662300,0.0,0.0
2023-10-11 00:00:00-04:00,105.95103323081537,106.968512813353,104.75288458552463,106.62618255615234,2035900,0.0,0.0
2023-10-12 00:00:00-04:00,107.37740449890133,107.45347949990301,104.49613094389329,105.31391906738281,1976800,0.0,0.0
2023-10-13 00:00:00-04:00,106.9399837726671,107.20623902038308,105.05717466101194,105.17127990722656,3393200,0.0,0.0
2023-10-16 00:00:00-04:00,106.02711021902054,107.13017601397067,105.61821614053548,106.29336547851562,2750200,0.0,0.0
2023-10-17 00:00:00-04:00,106.19827929281207,108.38538858541096,106.19827929281207,108.3188247680664,2471900,0.0,0.0
2023-10-18 00:00:00-04:00,108.58506887154955,111.0384259263339,108.3853774400503,110.54395294189453,3249700,0.0,0.0
2023-10-19 00:00:00-04:00,110.44886610583085,110.64855754327004,109.00347009925461,109.5359878540039,2091400,0.0,0.0
2023-10-20 00:00:00-04:00,109.68813524379114,110.33475827306387,107.5961234016856,107.96697998046875,2667200,0.0,0.0
2023-10-23 00:00:00-04:00,107.74827049018221,108.0145257620791,106.52158819758974,107.50103759765625,2463500,0.0,0.0
2023-10-24 00:00:00-04:00,107.95746071286072,108.11911464435462,106.39795950982386,106.43599700927734,2331600,0.0,0.0
2023-10-25 00:00:00-04:00,106.62619293828413,107.34889102439996,105.04767638074767,105.3044204711914,2581100,0.0,0.0
2023-10-26 00:00:00-04:00,104.46760591852997,105.11422892518313,102.78448096147312,104.6958236694336,3517900,0.0,0.0
2023-10-27 00:00:00-04:00,105.68477597078376,106.55961672040115,102.55626227984733,105.4850845336914,5214900,0.0,0.0
2023-10-30 00:00:00-04:00,106.71176448047073,107.93844664389908,104.46760277519405,106.92096710205078,3194600,0.0,0.0
2023-10-31 00:00:00-04:00,108.81329278494427,109.57402830943622,106.90195003946918,108.47096252441406,3618600,0.0,0.0
2023-11-01 00:00:00-04:00,109.21266649231067,111.34271562500155,108.15714948686724,110.39179992675781,3343100,0.0,0.0
2023-11-02 00:00:00-04:00,110.45838002190534,112.70253457873422,110.3062300153886,112.32217407226562,2566900,0.0,0.0
2023-11-03 00:00:00-04:00,111.97984645548603,112.53137210484735,109.61206089383782,111.05745697021484,2525000,0.0,0.0
2023-11-06 00:00:00-05:00,111.48536616347076,112.31266551977598,110.62954049400186,111.11450958251953,2484500,0.0,0.0
2023-11-07 00:00:00-05:00,109.6691258302717,109.80225346779663,107.6531816328892,108.27127838134766,2180700,0.0,0.0
2023-11-08 00:00:00-05:00,107.50104029766715,108.29980613341976,106.14123033497306,106.3218994140625,2898600,0.0,0.0
2023-11-09 00:00:00-05:00,106.32188708220389,107.38691532792447,105.11422727872232,105.1998062133789,1802200,0.0,0.0
2023-11-10 00:00:00-05:00,106.50257371001092,108.01452640800059,106.25533356109443,107.87189483642578,2429400,0.0,0.0
2023-11-13 00:00:00-05:00,107.92893852365637,109.0129819072896,107.69120958417695,108.54703521728516,1487900,0.0,0.0
2023-11-14 00:00:00-05:00,108.6991868698403,109.8688165400476,108.55655529839851,109.37433624267578,2407900,0.0,0.0
2023-11-15 00:00:00-05:00,108.93690660232299,111.18106836515648,108.64212503976051,109.82125854492188,3203500,0.0,0.0
2023-11-16 00:00:00-05:00,108.86161865898417,110.1091468931345,107.38377143761076,108.94798278808594,4559600,1.05,0.0
2023-11-17 00:00:00-05:00,109.56215681663086,112.64260201865152,109.56215681663086,111.67337036132812,3354300,0.0,0.0
2023-11-20 00:00:00-05:00,111.87489839051851,114.21641638142394,111.87489839051851,113.34314727783203,2876700,0.0,0.0
2023-11-21 00:00:00-05:00,112.7577584786282,113.37192781143202,111.73094343895846,112.67139434814453,2039400,0.0,0.0
2023-11-22 00:00:00-05:00,111.21274412657368,113.43910993719652,110.30108852141089,113.24718475341797,2212000,0.0,0.0
2023-11-24 00:00:00-05:00,113.52547964035035,115.19525214214138,113.2375845476556,113.84215545654297,1173600,0.0,0.0
2023-11-27 00:00:00-05:00,113.45831291567441,114.07248232238038,112.58503644338748,113.55427551269531,2447200,0.0,0.0
2023-11-28 00:00:00-05:00,113.76538455090486,114.41794038575608,112.98807076492812,113.23757934570312,1926400,0.0,0.0
2023-11-29 00:00:00-05:00,118.035780374316,118.87067023708518,116.4043944684646,117.28726196289062,6873900,0.0,0.0
2023-11-30 00:00:00-05:00,117.7670916581039,124.51336367865979,117.46960542494259,123.68807220458984,9147400,0.0,0.0
2023-12-01 00:00:00-05:00,123.31381206324362,125.9624147395981,122.59408164264103,124.46537780761719,4756200,0.0,0.0
2023-12-04 00:00:00-05:00,123.70726544025669,126.06797296697256,122.73802644551283,123.25623321533203,4842900,0.0,0.0
2023-12-05 00:00:00-05:00,123.40977440990314,125.30985850376763,122.36376245559357,122.54608917236328,3484500,0.0,0.0
2023-12-06 00:00:00-05:00,121.72079787729308,122.69963529030792,119.59999324439559,119.95506286621094,2952000,0.0,0.0
2023-12-07 00:00:00-05:00,120.85712585182067,121.62483385219508,119.0625954968442,119.59040069580078,3702200,0.0,0.0
2023-12-08 00:00:00-05:00,120.35811621634649,121.29856717830025,118.31408447730875,120.26215362548828,4102700,0.0,0.0
2023-12-11 00:00:00-05:00,119.99345630314232,122.21982210581263,119.72475811822156,121.30816650390625,2976800,0.0,0.0
2023-12-12 00:00:00-05:00,120.03184200950317,120.43488928421633,118.87067782008111,120.16619110107422,3484900,0.0,0.0
2023-12-13 00:00:00-05:00,119.96466446671458,122.27739433224714,118.4004457201809,122.02789306640625,3054600,0.0,0.0
2023-12-14 00:00:00-05:00,122.83399115433542,125.10833458605751,121.16421863709456,124.85883331298828,4260100,0.0,0.0
2023-12-15 00:00:00-05:00,122.77640283234722,124.92598809190746,122.56528075964735,124.62850189208984,9648400,0.0,0.0
2023-12-18 00:00:00-05:00,126.01039222000173,127.65138392451446,125.45379897060418,126.00080108642578,2987700,0.0,0.0
2023-12-19 00:00:00-05:00,126.21192316640766,128.42869038742933,126.11595325884183,128.39990234375,2873100,0.0,0.0
2023-12-20 00:00:00-05:00,128.87011928418957,131.17326532325617,128.42869284402795,128.6590118408203,3365700,0.0,0.0
2023-12-21 00:00:00-05:00,128.91810214142006,129.87774264801325,127.90088554730362,128.8701171875,3235100,0.0,0.0
2023-12-22 00:00:00-05:00,130.1560413671638,130.33837539896527,128.5150497239022,128.64939880371094,1401900,0.0,0.0
2023-12-26 00:00:00-05:00,129.64745911674106,130.59749399933582,129.09086577638485,130.242431640625,1542400,0.0,0.0
2023-12-27 00:00:00-05:00,129.7530063786696,130.50152484298445,128.7933658200144,129.26358032226562,1799000,0.0,0.0
2023-12-28 00:00:00-05:00,128.68782487718732,129.2540093809378,127.4306832488708,127.47866821289062,1827500,0.0,0.0
2023-12-29 00:00:00-05:00,127.9584657061786,128.4958620640972,127.3347052142272,127.76654052734375,2023900,0.0,0.0
2024-01-02 00:00:00-05:00,128.11200763019028,129.79137851672837,127.872097503542,128.8701171875,2500300,0.0,0.0
2024-01-03 00:00:00-05:00,128.60142982354932,130.94295519926888,128.60142982354932,130.27120971679688,3094700,0.0,0.0
2024-01-04 00:00:00-05:00,130.88537678958517,132.4879747847349,129.4459159342222,129.82017517089844,3125200,0.0,0.0
2024-01-05 00:00:00-05:00,130.84698557835915,131.87379327976802,129.22519082090093,129.7817840576172,3126500,0.0,0.0
2024-01-08 00:00:00-05:00,128.10242005765633,128.77416550235472,126.43264025830388,128.44789123535156,3636500,0.0,0.0
2024-01-09 00:00:00-05:00,128.3902882873385,128.3902882873385,126.50940122114352,127.83370971679688,2172600,0.0,0.0
2024-01-10 00:00:00-05:00,128.1599914600325,128.1599914600325,123.72644240125076,124.18708038330078,3619900,0.0,0.0
2024-01-11 00:00:00-05:00,124.69569076631429,125.63613437026623,123.9951572909283,125.02196502685547,3540000,0.0,0.0
2024-01-12 00:00:00-05:00,127.16195985783324,127.5842040289215,126.27909233780879,127.50743103027344,2908800,0.0,0.0
2024-01-16 00:00:00-05:00,127.63219712889158,128.14080546481105,123.87999894710939,124.24466705322266,3169400,0.0,0.0
2024-01-17 00:00:00-05:00,122.96833591845026,124.96438996160946,122.32537852578565,123.09309387207031,2437000,0.0,0.0
2024-01-18 00:00:00-05:00,123.2850188116101,123.2850188116101,121.51927644713014,122.51730346679688,2337300,0.0,0.0
2024-01-19 00:00:00-05:00,122.81479539624009,123.90877766781811,121.931920564839,123.87998962402344,2880300,0.0,0.0
2024-01-22 00:00:00-05:00,123.69765056658582,124.70527598737904,122.83398000187822,124.42698669433594,2307900,0.0,0.0
2024-01-23 00:00:00-05:00,124.25425502472554,126.11596004524719,123.90878383903129,125.81847381591797,2309600,0.0,0.0
2024-01-24 00:00:00-05:00,126.64377559454576,128.3039497907373,126.3078955155858,128.27516174316406,2649200,0.0,0.0
2024-01-25 00:00:00-05:00,129.92573061570792,132.12330098388253,129.32115239678566,132.09451293945312,3167700,0.0,0.0
2024-01-26 00:00:00-05:00,132.09452290066264,134.61838236761466,131.63389951210434,134.56080627441406,3389100,0.0,0.0
2024-01-29 00:00:00-05:00,134.02338144980672,134.13853361178033,132.14247982751877,133.47637939453125,3099600,0.0,0.0
2024-01-30 00:00:00-05:00,132.23847101949653,136.82555168749812,131.56672556155854,136.66241455078125,3664500,0.0,0.0
2024-01-31 00:00:00-05:00,138.65847595504772,141.71971717756787,137.08466595234398,138.48573303222656,8307900,0.0,0.0
2024-02-01 00:00:00-05:00,139.46455236197568,142.71773299520996,136.63361588174317,139.67567443847656,5090500,0.0,0.0
2024-02-02 00:00:00-05:00,140.0211516419365,141.74850750473112,138.15944669219965,139.59890747070312,3702200,0.0,0.0
2024-02-05 00:00:00-05:00,138.533700813947,142.28589861955757,137.90033458039068,141.29747009277344,2899800,0.0,0.0
2024-02-06 00:00:00-05:00,142.02679380964403,143.48545146771556,139.96357259459012,140.02114868164062,3323300,0.0,0.0
2024-02-07 00:00:00-05:00,140.38580039642937,141.556562961973,139.88679788612853,140.61611938476562,2607800,0.0,0.0
2024-02-08 00:00:00-05:00,140.76006071200572,141.95961133019347,139.80042021745552,140.89442443847656,4018700,0.0,0.0
2024-02-09 00:00:00-05:00,140.9040277182559,141.8156833380753,139.48376376391766,139.78125,2889100,0.0,0.0
2024-02-12 00:00:00-05:00,140.36663965263668,140.38582192239218,138.4185703368111,138.62008666992188,3753800,0.0,0.0
2024-02-13 00:00:00-05:00,138.77363210279032,140.52017043521502,137.7180215525116,139.3014373779297,3226300,0.0,0.0
2024-02-14 00:00:00-05:00,140.3090361989544,140.6161135276602,137.2861600051297,139.34939575195312,3086700,0.0,0.0
2024-02-15 00:00:00-05:00,138.6680622702894,141.4318317957467,138.45694017359733,140.46258544921875,2810900,0.0,0.0
2024-02-16 00:00:00-05:00,140.47226428617472,140.56891288033736,138.42313120535943,139.00306701660156,2689700,1.05,0.0
2024-02-20 00:00:00-05:00,138.84839853862866,138.84839853862866,135.7940348223459,136.42230224609375,3483200,0.0,0.0
2024-02-21 00:00:00-05:00,136.73161785262042,139.14805379499225,136.73161785262042,138.7517547607422,2403100,0.0,0.0
2024-02-22 00:00:00-05:00,138.6840735617532,141.76744787468706,137.92048637002102,141.7191162109375,2633700,0.0,0.0
2024-02-23 00:00:00-05:00,141.08119445323257,142.72436785000434,140.42391624527164,142.1927490234375,2189700,0.0,0.0
2024-02-26 00:00:00-05:00,142.09608108826342,145.06347123848525,141.89310874662962,143.35263061523438,2584700,0.0,0.0
2024-02-27 00:00:00-05:00,143.67160116719387,144.1838843584675,140.11461487693518,140.48190307617188,2106200,0.0,0.0
2024-02-28 00:00:00-05:00,139.91165297599852,140.2402847524411,136.16133935451845,136.51898193359375,2594700,0.0,0.0
2024-02-29 00:00:00-05:00,136.51896692809032,138.64542755495225,136.2386521064163,137.7465057373047,3370200,0.0,0.0
2024-03-01 00:00:00-05:00,138.44242667380283,139.96961576941908,138.43276624078564,139.3800048828125,2063300,0.0,0.0
2024-03-04 00:00:00-05:00,138.5197760609113,141.11020314389526,138.26847202436454,139.43801879882812,3479200,0.0,0.0
2024-03-05 00:00:00-05:00,139.43802922272573,142.21210801042443,139.01274884033603,141.21653747558594,2886800,0.0,0.0
2024-03-06 00:00:00-05:00,142.20241265427148,143.18832261400246,140.27893915047508,141.86412048339844,3210200,0.0,0.0
2024-03-07 00:00:00-05:00,142.7340319446986,145.38245096304578,142.3957397727545,144.22256469726562,2947200,0.0,0.0
2024-03-08 00:00:00-05:00,143.90357442623426,145.73039910996457,143.37195565610065,144.3481903076172,2398500,0.0,0.0
2024-03-11 00:00:00-04:00,142.917688874816,144.5028702731465,141.32284704220623,144.4932098388672,3230900,0.0,0.0
2024-03-12 00:00:00-04:00,144.50286555136216,146.3586865364188,143.46862391584006,145.34378051757812,2367700,0.0,0.0
2024-03-13 00:00:00-04:00,146.9869747964002,150.23465059307082,146.9193075095922,149.30674743652344,4028600,0.0,0.0
2024-03-14 00:00:00-04:00,150.63096281465985,151.60721247471784,148.32085040674738,149.2197723388672,3637300,0.0,0.0
2024-03-15 00:00:00-04:00,149.06510446817282,154.40059926149465,149.06510446817282,153.71432495117188,11725700,0.0,0.0
2024-03-18 00:00:00-04:00,154.0816337305345,154.2652852323983,151.08524709211017,151.52020263671875,3470600,0.0,0.0
2024-03-19 00:00:00-04:00,151.60718811960612,152.93139021952385,151.0562336773388,151.7425079345703,2877200,0.0,0.0
2024-03-20 00:00:00-04:00,150.95957502813906,153.8013059792841,150.3216471656659,153.45333862304688,2388900,0.0,0.0
2024-03-21 00:00:00-04:00,153.68532181819768,154.1106168924638,151.752173116082,153.7626495361328,2488000,0.0,0.0
2024-03-22 00:00:00-04:00,154.10094941654037,154.45859197347076,152.815418444246,154.1202850341797,2078500,0.0,0.0
2024-03-25 00:00:00-04:00,154.65187560898374,156.02440923516323,151.20119855505726,151.23020935058594,2306200,0.0,0.0
2024-03-26 00:00:00-04:00,151.38487567819493,152.4287777853563,150.67928050577504,151.3655548095703,2351200,0.0,0.0
2024-03-27 00:00:00-04:00,150.68893753595074,153.68532396559937,150.68893753595074,153.64666748046875,2211300,0.0,0.0
2024-03-28 00:00:00-04:00,154.01395166668132,158.31520452632176,153.5306644970868,157.8802490234375,3177300,0.0,0.0
2024-04-01 00:00:00-04:00,157.7255935894663,158.37321137562645,155.58947255916073,157.8802490234375,2214100,0.0,0.0
2024-04-02 00:00:00-04:00,158.83716459037035,164.0276641265117,158.58586056910374,163.82469177246094,2999400,0.0,0.0
2024-04-03 00:00:00-04:00,164.51094650983052,167.74897638518158,163.4477236058187,166.9370574951172,3210500,0.0,0.0
2024-04-04 00:00:00-04:00,167.3913505952824,167.94230509283116,164.3176510260794,164.97491455078125,2781100,0.0,0.0
2024-04-05 00:00:00-04:00,167.10136467939458,168.26125085476983,164.93623300294198,165.0425567626953,2182200,0.0,0.0
2024-04-08 00:00:00-04:00,164.34664845721562,165.6805258845702,162.84845514730736,162.91612243652344,2624200,0.0,0.0
2024-04-09 00:00:00-04:00,163.20609125130454,163.74737054857817,158.25722035747128,159.88107299804688,2358100,0.0,0.0
2024-04-10 00:00:00-04:00,159.92941009032688,161.16662416855,158.10258502570406,159.63943481445312,1802400,0.0,0.0
2024-04-11 00:00:00-04:00,160.00671763928594,160.40301667791653,157.706280625873,159.88107299804688,1997100,0.0,0.0
2024-04-12 00:00:00-04:00,160.78966321297312,160.90564742560835,156.46907430724633,157.05868530273438,2001800,0.0,0.0
2024-04-15 00:00:00-04:00,158.3248758564351,159.48476208548794,154.5649023584304,155.44448852539062,1589900,0.0,0.0
2024-04-16 00:00:00-04:00,155.43482380038137,155.7441346816072,152.33212829764062,152.60276794433594,1864200,0.0,0.0
2024-04-17 00:00:00-04:00,153.3373579792693,154.5165798945104,151.05624186849616,151.9938201904297,1946700,0.0,0.0
2024-04-18 00:00:00-04:00,152.1194811772135,152.63176442050877,147.61524101092402,148.18551635742188,2347100,0.0,0.0
2024-04-19 00:00:00-04:00,148.52382077154914,151.9551627241183,148.34982971613846,149.53872680664062,2760800,0.0,0.0
2024-04-22 00:00:00-04:00,149.26807173270342,153.0377205959896,147.972865626557,151.80050659179688,1625500,0.0,0.0
2024-04-23 00:00:00-04:00,150.98857458309595,153.92695390124132,149.70302902242204,153.53065490722656,1756400,0.0,0.0
2024-04-24 00:00:00-04:00,152.6800929498024,153.0860524126269,151.06590078383363,152.51576232910156,1945000,0.0,0.0
2024-04-25 00:00:00-04:00,152.2934422204911,152.82506102781448,150.41828574488858,151.98414611816406,2617500,0.0,0.0
2024-04-26 00:00:00-04:00,147.40259206921914,150.6309469394275,144.5512006150081,146.34902954101562,4206700,0.0,0.0
2024-04-29 00:00:00-04:00,145.6627514964082,147.1029525864824,145.0441445027781,146.47467041015625,2822000,0.0,0.0
2024-04-30 00:00:00-04:00,145.8657300667543,145.8657300667543,138.23945948648077,138.42311096191406,3763900,0.0,0.0
2024-05-01 00:00:00-04:00,138.25879963360853,139.48635328630454,134.00587805169658,135.52340698242188,2537100,0.0,0.0
2024-05-02 00:00:00-04:00,136.81859052483014,139.81496190505737,136.67359553544236,139.06103515625,2310300,0.0,0.0
2024-05-03 00:00:00-04:00,139.24469365178084,139.83430457469686,137.31154501910584,138.8097381591797,1806100,0.0,0.0
2024-05-06 00:00:00-04:00,139.81498070384438,141.51616108270798,139.06105385366797,140.26927185058594,2239100,0.0,0.0
2024-05-07 00:00:00-04:00,140.61724193909055,141.63214802585134,139.6700031408662,140.3562774658203,2212400,0.0,0.0
2024-05-08 00:00:00-04:00,139.95995875388482,142.86934202838376,139.2446884768264,142.02842712402344,2919000,0.0,0.0
2024-05-09 00:00:00-04:00,142.05743313047392,144.24188584778707,142.05743313047392,142.78236389160156,2187000,0.0,0.0
2024-05-10 00:00:00-04:00,143.42030609115258,144.11624079974624,140.55923953929488,140.7332305908203,1808800,0.0,0.0
2024-05-13 00:00:00-04:00,141.0038684956803,141.7191240632937,139.91163477918457,140.23060607910156,1748000,0.0,0.0
2024-05-14 00:00:00-04:00,139.18670668258034,140.40458505650142,138.23946794730838,140.00830078125,1836000,0.0,0.0
2024-05-15 00:00:00-04:00,139.25436185682355,141.59346981530916,137.5048500429587,141.3228302001953,1870400,0.0,0.0
2024-05-16 00:00:00-04:00,141.11986429564868,141.9124623936979,140.29827014511034,140.97488403320312,1630500,0.0,0.0
2024-05-17 00:00:00-04:00,141.7542678805503,143.8002117138736,141.36457137228342,143.29359436035156,1886300,1.15,0.0
2024-05-20 00:00:00-04:00,143.1474497412446,143.59561411364228,139.6498737120711,140.7020721435547,1969300,0.0,0.0
2024-05-21 00:00:00-04:00,140.62412376207317,141.73477513609242,140.2149379785891,140.4292755126953,1804300,0.0,0.0
2024-05-22 00:00:00-04:00,139.6011659928527,140.73130676592874,138.0521021845332,139.22120666503906,2441800,0.0,0.0
2024-05-23 00:00:00-04:00,140.29288117782954,140.58516098681042,137.97414685680823,138.52947998046875,1696800,0.0,0.0
2024-05-24 00:00:00-04:00,139.47452013112718,140.56568230996888,138.41258444879236,139.00686645507812,1250600,0.0,0.0
2024-05-28 00:00:00-04:00,139.2114664114351,140.48773964193558,138.2859260040162,139.08480834960938,1590100,0.0,0.0
2024-05-29 00:00:00-04:00,139.09457232295912,139.09457232295912,134.25251745463387,134.63247680664062,2220900,0.0,0.0
2024-05-30 00:00:00-04:00,134.14532472888257,135.2267495940483,133.46334843237452,134.82730102539062,1951200,0.0,0.0
2024-05-31 00:00:00-04:00,135.0708681534695,138.77304439009953,134.44734483005578,138.4515380859375,3669900,0.0,0.0
2024-06-03 00:00:00-04:00,138.61715745337227,138.64638394724972,134.40837880936994,135.3533935546875,2345700,0.0,0.0
2024-06-04 00:00:00-04:00,133.68742312902938,135.5872195493827,132.7423935234747,133.46334838867188,3147000,0.0,0.0
2024-06-05 00:00:00-04:00,134.00894242015696,134.4863184408619,132.615748332825,133.85305786132812,2190400,0.0,0.0
2024-06-06 00:00:00-04:00,133.57053609256025,134.96371537636216,132.9762391931135,134.80783081054688,1567600,0.0,0.0
2024-06-07 00:00:00-04:00,134.310963616805,135.77234795260398,133.0834061264831,134.51556396484375,1687300,0.0,0.0
2024-06-10 00:00:00-04:00,134.34993245282192,135.51905185886216,133.37567619176892,134.56427001953125,1861500,0.0,0.0
2024-06-11 00:00:00-04:00,133.41463680149766,134.76885222736345,131.99221631087673,134.72987365722656,1692600,0.0,0.0
2024-06-12 00:00:00-04:00,135.8600346650041,136.0743722349229,131.38820192764294,132.5085906982422,2217700,0.0,0.0
2024-06-13 00:00:00-04:00,132.58652785233843,134.7006621047345,130.60878887861404,134.1258544921875,3486400,0.0,0.0
2024-06-14 00:00:00-04:00,133.96022801380343,134.34018733862194,132.66446547891715,133.23927307128906,2107800,0.0,0.0
2024-06-17 00:00:00-04:00,132.9470109090486,134.14534190246633,132.50858371533727,133.75563049316406,1790800,0.0,0.0
2024-06-18 00:00:00-04:00,134.3012347365603,134.99294837346645,131.84610473766304,132.35272216796875,2588800,0.0,0.0
2024-06-20 00:00:00-04:00,132.35270514043475,136.02564015619757,132.2942372834833,134.40838623046875,2740500,0.0,0.0
2024-06-21 00:00:00-04:00,135.16830962498366,135.59696986266798,133.65820955200945,134.5350341796875,6463600,0.0,0.0
2024-06-24 00:00:00-04:00,133.5023113889094,135.95744090857985,133.49257417971668,134.98318481445312,1919200,0.0,0.0
2024-06-25 00:00:00-04:00,134.79807817443648,136.9219493932378,133.91150153203318,136.6296844482422,1935100,0.0,0.0
2024-06-26 00:00:00-04:00,136.483550864388,136.99990547387603,134.06739959112616,136.18153381347656,1517600,0.0,0.0
2024-06-27 00:00:00-04:00,136.97066169460237,136.98041376983372,135.05137598603477,135.81129455566406,1847200,0.0,0.0
2024-06-28 00:00:00-04:00,137.07783451362087,138.5294814990253,135.63593960373615,137.53573608398438,10211500,0.0,0.0
2024-07-01 00:00:00-04:00,138.0618438647647,138.9776321471223,136.10357951305457,137.30191040039062,1422900,0.0,0.0
2024-07-02 00:00:00-04:00,138.13004831841542,139.35760582729304,136.2205144157169,136.85377502441406,2622100,0.0,0.0
2024-07-03 00:00:00-04:00,136.6199218861537,137.2434451642321,135.48004409025884,136.75631713867188,1081600,0.0,0.0
2024-07-05 00:00:00-04:00,136.55175180838623,136.88299534673064,133.9504895526174,134.83705139160156,1605500,0.0,0.0
2024-07-08 00:00:00-04:00,134.06738777584144,135.62620354338972,132.34295024871113,132.4501190185547,1647000,0.0,0.0
2024-07-09 00:00:00-04:00,129.59556103187938,131.82660113970968,128.61155277733337,129.39096069335938,2594100,0.0,0.0
2024-07-10 00:00:00-04:00,129.08893002597537,131.40766424317434,128.99149847202142,130.52108764648438,2052300,0.0,0.0
2024-07-11 00:00:00-04:00,130.45289897960885,133.77511618297297,129.36173679484378,133.39515686035156,1900200,0.0,0.0
2024-07-12 00:00:00-04:00,134.37914864188951,135.33393040797014,132.1481085162693,135.0708770751953,1810100,0.0,0.0
2024-07-15 00:00:00-04:00,135.48980940543032,137.36037942246284,134.86627120045046,136.4640655517578,1627300,0.0,0.0
2024-07-16 00:00:00-04:00,135.7820851937684,137.1168263296261,134.48632263181747,136.18153381347656,1570500,0.0,0.0
2024-07-17 00:00:00-04:00,136.7076202606513,139.36733519617923,136.27894520696105,137.11680603027344,2074700,0.0,0.0
2024-07-18 00:00:00-04:00,136.269209232396,136.4835467845655,133.42438292701976,134.1550750732422,2405600,0.0,0.0
2024-07-19 00:00:00-04:00,135.04163817884196,135.68465077059452,132.9469935170045,134.90524291992188,1787000,0.0,0.0
2024-07-22 00:00:00-04:00,134.46684461299733,136.75633775875914,133.79460545780935,136.50303649902344,1688600,0.0,0.0
2024-07-23 00:00:00-04:00,135.91846267125482,136.2984219542519,133.01518366614977,133.54129028320312,1745900,0.0,0.0
2024-07-24 00:00:00-04:00,133.96022621041888,135.14881995225437,132.54755770721204,134.61297607421875,1857600,0.0,0.0
2024-07-25 00:00:00-04:00,134.50579560175134,139.3283603527538,133.7069133252184,138.8412322998047,2014800,0.0,0.0
2024-07-26 00:00:00-04:00,138.95816653288523,139.39657884959593,137.45780366026847,138.54898071289062,1813600,0.0,0.0
2024-07-29 00:00:00-04:00,137.65263860873085,138.55870451717354,135.82104723920065,136.79530334472656,2124000,0.0,0.0
2024-07-30 00:00:00-04:00,139.97138983902175,144.55039111603867,139.32837716371247,143.38128662109375,3978300,0.0,0.0
2024-07-31 00:00:00-04:00,145.1934150814712,146.25535087977318,141.68608645793915,141.73480224609375,2273900,0.0,0.0
2024-08-01 00:00:00-04:00,141.82248497469632,143.35205950864463,136.45432369230164,137.3214111328125,3315700,0.0,0.0
2024-08-02 00:00:00-04:00,135.49954767749833,135.8113019164635,129.59555776301985,130.31649780273438,4079000,0.0,0.0
2024-08-05 00:00:00-04:00,127.57884422899629,129.52735659558186,125.05552428210068,128.25108337402344,2323700,0.0,0.0
2024-08-06 00:00:00-04:00,128.60180855861202,131.58302992391575,128.52386628466024,129.6540069580078,2082800,0.0,0.0
2024-08-07 00:00:00-04:00,131.125132983984,132.3721796792917,129.40071028457885,129.4786376953125,2146800,0.0,0.0
2024-08-08 00:00:00-04:00,129.62477935621163,132.3526994573456,129.62477935621163,131.9337615966797,2546700,0.0,0.0
2024-08-09 00:00:00-04:00,132.06042175318933,133.22952613916925,131.1738451046501,131.9240264892578,2056900,0.0,0.0
2024-08-12 00:00:00-04:00,132.89826673072696,134.03814448570532,132.10912173620093,132.3819122314453,1576600,0.0,0.0
2024-08-13 00:00:00-04:00,131.2517971099482,131.9240362698667,130.55033145316108,131.19334411621094,2463300,0.0,0.0
2024-08-14 00:00:00-04:00,131.78763965514705,134.57401296738067,131.48562261326362,134.1550750732422,2134400,0.0,0.0
2024-08-15 00:00:00-04:00,135.17803782833136,136.42508448352422,134.48630943607543,135.10983276367188,1935000,0.0,0.0
2024-08-16 00:00:00-04:00,134.42787047117514,136.3569085103356,134.08688971021104,135.3436737060547,1644500,0.0,0.0
2024-08-19 00:00:00-04:00,135.4215946365804,136.69786771826955,134.98318237533903,135.75283813476562,1833900,0.0,0.0
2024-08-20 00:00:00-04:00,135.7528584059312,135.9002069827563,129.88814521337602,130.05514526367188,3026500,1.15,0.0
2024-08-21 00:00:00-04:00,131.0571629201102,133.01205735978397,130.6052689602215,131.5188751220703,3332300,0.0,0.0
2024-08-22 00:00:00-04:00,131.58763003232193,132.45211498629257,130.5168570714061,130.8115692138672,1813500,0.0,0.0
2024-08-23 00:00:00-04:00,131.8037560983408,133.0808321026591,131.08663468417612,132.9825897216797,1911900,0.0,0.0
2024-08-26 00:00:00-04:00,133.69972901775674,134.52491107297624,131.84306189867132,132.84506225585938,1923600,0.0,0.0
2024-08-27 00:00:00-04:00,132.59946484292288,133.14958618633113,131.72516163864566,132.0100555419922,1505300,0.0,0.0
2024-08-28 00:00:00-04:00,131.4697512355874,134.14178201309394,131.14556937768967,132.5896453857422,2070900,0.0,0.0
2024-08-29 00:00:00-04:00,133.11028762090774,134.33824230375743,131.55815110302396,134.0926513671875,1594200,0.0,0.0
2024-08-30 00:00:00-04:00,133.26747873388604,138.36594933183508,133.247827260476,137.83546447753906,3981500,0.0,0.0
2024-09-03 00:00:00-04:00,135.6349741026897,136.25385309020746,130.93926145060126,132.61911010742188,2845500,0.0,0.0
2024-09-04 00:00:00-04:00,132.61910627944937,133.90600039388613,129.23977258034995,129.95689392089844,1984300,0.0,0.0
2024-09-05 00:00:00-04:00,130.71333010746503,130.72316333925855,126.40075345092333,126.61687469482422,3864500,0.0,0.0
2024-09-06 00:00:00-04:00,126.63652843211416,127.88411973821543,125.02544481101465,125.8801040649414,4244600,0.0,0.0
2024-09-09 00:00:00-04:00,126.06675583690975,127.04911969600855,125.47733902041877,125.71310424804688,4074600,0.0,0.0
2024-09-10 00:00:00-04:00,125.41839471930446,125.5166296083036,122.93301530290218,124.64232635498047,4468900,0.0,0.0
2024-09-11 00:00:00-04:00,124.1609639457008,125.0057974395752,121.58716801147396,122.79547882080078,4052700,0.0,0.0
2024-09-12 00:00:00-04:00,123.29648160272006,124.31814084553442,122.54988302242478,123.50277709960938,3041000,0.0,0.0
2024-09-13 00:00:00-04:00,124.46549224853516,125.64433332235984,123.89572693243639,124.46549224853516,2614600,0.0,0.0
2024-09-16 00:00:00-04:00,124.74056367659487,126.48916261743783,123.56172257192007,125.09420776367188,2908800,0.0,0.0
2024-09-17 00:00:00-04:00,125.5657469057251,126.40075467858198,124.94686037886818,126.03728485107422,3693600,0.0,0.0
2024-09-18 00:00:00-04:00,126.72493136999127,129.5344924635179,126.16497680377411,128.01182556152344,2884300,0.0,0.0
2024-09-19 00:00:00-04:00,129.6720381516916,131.28311438974646,128.37531057512638,130.21234130859375,2744600,0.0,0.0
2024-09-20 00:00:00-04:00,129.2790914641104,129.29872794896534,126.85265150272794,127.6778335571289,6418500,0.0,0.0
2024-09-23 00:00:00-04:00,127.42242604980561,128.99419927114445,126.85265319805218,128.7977294921875,3613700,0.0,0.0
2024-09-24 00:00:00-04:00,130.35968428233596,130.63474497041432,127.18665313720703,127.18665313720703,3661700,0.0,0.0
2024-09-25 00:00:00-04:00,127.39293673698398,129.09243698824167,126.59722441768251,127.55995178222656,8126500,0.0,0.0
2024-09-26 00:00:00-04:00,126.59721389651057,131.2634417912319,126.3123349994506,128.3752899169922,4192800,0.0,0.0
2024-09-27 00:00:00-04:00,129.00402722510418,129.239784954333,127.70729975561487,128.73878479003906,2564300,0.0,0.0
2024-09-30 00:00:00-04:00,128.55213803386107,129.79974435951834,127.48136500137313,129.13172912597656,2137500,0.0,0.0
2024-10-01 00:00:00-04:00,127.86447052952951,130.9196224210539,127.86447052952951,130.64456176757812,2071900,0.0,0.0
2024-10-02 00:00:00-04:00,131.63675276813063,132.81558636214757,130.21232821745676,132.0984649658203,1925600,0.0,0.0
2024-10-03 00:00:00-04:00,132.1082813927835,137.00046397474847,131.0178569606205,136.47979736328125,2766800,0.0,0.0
2024-10-04 00:00:00-04:00,137.82564139698528,138.12035352906074,135.16342895646886,136.17526245117188,2468500,0.0,0.0
2024-10-07 00:00:00-04:00,135.69391849100427,137.26569160036507,135.38938810686423,136.05738830566406,1812900,0.0,0.0
2024-10-08 00:00:00-04:00,134.4266558047004,134.74101940875602,129.86848847366562,129.99620056152344,2528900,0.0,0.0
2024-10-09 00:00:00-04:00,128.89596356005762,132.9236462326978,128.61106965772078,132.34405517578125,1494300,0.0,0.0
2024-10-10 00:00:00-04:00,133.03171994454286,134.6624476455516,131.843067998274,134.0140838623047,1416400,0.0,0.0
2024-10-11 00:00:00-04:00,133.51307002198956,134.60349445890418,133.454130591294,133.9453125,1460600,0.0,0.0
2024-10-14 00:00:00-04:00,133.32641990995225,133.5425411512457,132.2261772195001,133.03170776367188,1445900,0.0,0.0
2024-10-15 00:00:00-04:00,131.17505099773106,132.2360058135878,128.96473221211704,129.08261108398438,2338300,0.0,0.0
2024-10-16 00:00:00-04:00,130.30074437900123,130.71333540963465,129.5934411865773,129.9765625,1461800,0.0,0.0
2024-10-17 00:00:00-04:00,130.98839674822744,131.71535141896862,129.6425630232996,130.99822998046875,2219200,0.0,0.0
2024-10-18 00:00:00-04:00,131.18486882677385,131.5581719060879,129.42644403833614,130.26145935058594,1712400,0.0,0.0
2024-10-21 00:00:00-04:00,130.90980160305003,131.09645313339593,128.73878588299556,129.0040283203125,1289000,0.0,0.0
2024-10-22 00:00:00-04:00,129.59342418095636,129.59342418095636,128.23775740842444,129.112060546875,1946200,0.0,0.0
2024-10-23 00:00:00-04:00,128.6307209311135,128.88613012791262,125.81134156568388,126.84281158447266,1850600,0.0,0.0
2024-10-24 00:00:00-04:00,127.23577156667494,127.48136253210416,124.83880134573661,126.22393798828125,3200000,0.0,0.0
2024-10-25 00:00:00-04:00,127.3339933251503,127.86447818122856,125.889917313145,125.9095687866211,1346900,0.0,0.0
2024-10-28 00:00:00-04:00,123.29648761489966,126.88211712864488,122.86424512709789,126.61687469482422,2509700,0.0,0.0
2024-10-29 00:00:00-04:00,125.39874376288762,126.11587265288301,120.69322014165651,121.09598541259766,4171100,0.0,0.0
2024-10-30 00:00:00-04:00,120.63428129827463,121.11563747632468,119.32773560586901,119.91715240478516,3339500,0.0,0.0
2024-10-31 00:00:00-04:00,120.29044871332566,121.53805498208482,119.45544095174208,119.67156219482422,2700900,0.0,0.0
2024-11-01 00:00:00-04:00,120.06450920050277,120.85039577217158,117.65771330609142,117.89348602294922,2064400,0.0,0.0
2024-11-04 00:00:00-05:00,118.07031053814354,120.47709891172296,118.07031053814354,118.89549255371094,2185500,0.0,0.0
2024-11-05 00:00:00-05:00,120.33957162426206,120.47710196367392,118.57131369633636,119.69120788574219,2078600,0.0,0.0
2024-11-06 00:00:00-05:00,123.56171890894451,127.3143558608135,122.03905949928544,125.64433288574219,2626200,0.0,0.0
2024-11-07 00:00:00-05:00,125.49698321828312,125.64433929637269,123.6010206671291,124.44585418701172,1630500,0.0,0.0
2024-11-08 00:00:00-05:00,124.02343227251463,124.39672782596433,122.17659098909445,124.21990203857422,3126000,0.0,0.0
2024-11-11 00:00:00-05:00,124.32796500313415,125.78185928701383,123.10001020500003,125.68363189697266,3010400,0.0,0.0
2024-11-12 00:00:00-05:00,126.22392887733989,126.60705015616814,125.25138332815347,125.4478530883789,2719000,0.0,0.0
2024-11-13 00:00:00-05:00,125.96850229389398,128.5521238111048,124.56372929489811,127.61888122558594,1962000,0.0,0.0
2024-11-14 00:00:00-05:00,127.84483015731617,128.4440727022063,125.99798133247126,127.47152709960938,2257200,0.0,0.0
2024-11-15 00:00:00-05:00,127.28489334100956,129.39696965750665,126.97052970877172,128.60125732421875,2275000,0.0,0.0
2024-11-18 00:00:00-05:00,129.4832933804224,131.38616114599347,128.76972174896537,130.14732360839844,2357500,1.15,0.0
2024-11-19 00:00:00-05:00,128.78954144809316,131.38615509053645,128.52194831799775,129.7707061767578,2448700,0.0,0.0
2024-11-20 00:00:00-05:00,130.1473247427398,130.68249590973275,129.22562174302084,130.27615356445312,2502600,0.0,0.0
2024-11-21 00:00:00-05:00,130.44462746009694,131.97088371583408,129.9887437325594,130.23651123046875,2218800,0.0,0.0
2024-11-22 00:00:00-05:00,130.02838800854295,132.3276777917217,129.55267861712036,132.0799102783203,2480800,0.0,0.0
2024-11-25 00:00:00-05:00,132.74392308580735,134.05212767004966,131.95106403223664,132.08981323242188,4455800,0.0,0.0
2024-11-26 00:00:00-05:00,132.0898083514175,133.18989665599565,131.33660059574873,133.0511474609375,2705500,0.0,0.0
2024-11-27 00:00:00-05:00,132.79347916249222,135.1224846664674,131.7924887507687,132.15919494628906,2151900,0.0,0.0
2024-11-29 00:00:00-05:00,132.23846255382733,133.19980166154053,130.68249052092312,132.78355407714844,1402400,0.0,0.0
2024-12-02 00:00:00-05:00,132.22855473039257,135.42970652696968,130.78160103024902,135.211669921875,3319700,0.0,0.0
2024-12-03 00:00:00-05:00,135.9153485210373,136.76766938442108,133.11061841388516,133.2790985107422,2313600,0.0,0.0
2024-12-04 00:00:00-05:00,132.78355261028693,132.79347298857374,128.13543195213083,129.43374633789062,2594900,0.0,0.0
2024-12-05 00:00:00-05:00,129.75088648233557,129.9788283548739,126.93625122720537,128.67062377929688,2928300,0.0,0.0
2024-12-06 00:00:00-05:00,129.46348243933394,129.70132956734633,127.0353487756654,127.5308837890625,1926100,0.0,0.0
2024-12-09 00:00:00-05:00,128.07598039100753,131.96097323490682,127.56063484492402,128.91839599609375,3475700,0.0,0.0
2024-12-10 00:00:00-05:00,129.21571790425858,129.8400817521783,124.10179281898687,124.49822235107422,3124100,0.0,0.0
2024-12-11 00:00:00-05:00,124.59732450437117,125.55866363650667,122.91250092847196,124.21080780029297,2596800,0.0,0.0
2024-12-12 00:00:00-05:00,123.80446980925862,124.09188103338069,122.13947180965582,122.88277435302734,2646000,0.0,0.0
2024-12-13 00:00:00-05:00,122.71429050828202,122.97197083259793,121.19795457593908,121.62411499023438,1825800,0.0,0.0
2024-12-16 00:00:00-05:00,120.00866506651651,120.26634538881493,115.03349689414553,115.25153350830078,3653200,0.0,0.0
2024-12-17 00:00:00-05:00,114.61725375453607,115.33082540631369,113.38832899939932,114.79564666748047,3608800,0.0,0.0
2024-12-18 00:00:00-05:00,114.44876776200111,115.25153204825378,110.71242960043206,110.86109161376953,4211600,0.0,0.0
2024-12-19 00:00:00-05:00,111.29716937676669,111.58457303667554,108.41315190866807,109.36457824707031,4445000,0.0,0.0
2024-12-20 00:00:00-05:00,109.5033229757146,111.04939732856863,108.9780570817136,109.3843994140625,8178700,0.0,0.0
2024-12-23 00:00:00-05:00,109.11681200022755,109.96913285599823,107.93744377149821,109.49342346191406,3365100,0.0,0.0
2024-12-24 00:00:00-05:00,109.13663394579275,111.02957376291228,108.40323668270715,110.5835952758789,1448600,0.0,0.0
2024-12-26 00:00:00-05:00,110.54394918168732,111.61430660098351,109.91957780106324,111.19805145263672,1794800,0.0,0.0
2024-12-27 00:00:00-05:00,110.9701132546373,112.59546751044465,110.33582903584734,111.5845718383789,2615000,0.0,0.0
2024-12-30 00:00:00-05:00,111.5944825151029,112.1098431587734,110.43493240874052,110.98992919921875,2567500,0.0,0.0
2024-12-31 00:00:00-05:00,111.29716390937072,113.12072907807755,111.18814560458237,112.91260528564453,2989000,0.0,0.0
2025-01-02 00:00:00-05:00,113.73520155902995,114.468591282125,112.81350610599603,113.3883285522461,2538200,0.0,0.0
2025-01-03 00:00:00-05:00,114.40912474938207,115.41010001865612,113.3486801376533,115.05331420898438,2046000,0.0,0.0
2025-01-06 00:00:00-05:00,114.70644250941905,116.57956425067502,113.76492901072407,114.14153289794922,2324800,0.0,0.0
2025-01-07 00:00:00-05:00,115.04341343559774,116.23269447333415,113.64600103305624,114.16136169433594,2526300,0.0,0.0
2025-01-08 00:00:00-05:00,113.03154012928667,115.38037126498618,112.78377262138491,115.2118911743164,3037100,0.0,0.0
2025-01-10 00:00:00-05:00,114.1117990770523,114.82537068611637,111.47555681163674,112.91260528564453,4525800,0.0,0.0
2025-01-13 00:00:00-05:00,112.98198343333401,116.25251755722569,112.70448503470354,114.94430541992188,4153700,0.0,0.0
2025-01-14 00:00:00-05:00,115.0235844993177,116.25251677247725,113.49733575588861,116.2227783203125,3284000,0.0,0.0
2025-01-15 00:00:00-05:00,117.39224061886232,118.65090377615107,116.77778204685241,117.93733215332031,2643000,0.0,0.0
2025-01-16 00:00:00-05:00,117.39224358957169,118.78965597985533,117.12465800487077,118.56170654296875,1985900,0.0,0.0
2025-01-17 00:00:00-05:00,118.65090240126139,119.89965272674509,117.67965046782649,119.45366668701172,2722200,0.0,0.0
2025-01-21 00:00:00-05:00,119.14643877512053,119.85009758055685,118.2842051373956,119.41402435302734,3605800,0.0,0.0
2025-01-22 00:00:00-05:00,118.50224400665194,119.74108155274526,117.29313735186257,117.4913558959961,2166300,0.0,0.0
2025-01-23 00:00:00-05:00,118.58152997200305,121.58447093715309,118.37340617416005,121.52500915527344,2233100,0.0,0.0
2025-01-24 00:00:00-05:00,121.37635051698993,122.8530427777873,120.33572393755195,120.77179718017578,2196700,0.0,0.0
2025-01-27 00:00:00-05:00,121.8124235316133,123.4873267752332,120.80152784583464,121.98090362548828,3029900,0.0,0.0
2025-01-28 00:00:00-05:00,122.02054820424547,122.96206173438621,119.1266178897183,120.09786987304688,3025400,0.0,0.0
2025-01-29 00:00:00-05:00,120.12760121948557,122.20884683590488,119.96903394153952,121.06912231445312,1720100,0.0,0.0
2025-01-30 00:00:00-05:00,123.33866592580212,123.44768423728853,118.74010145292563,119.76090240478516,3878900,0.0,0.0
2025-01-31 00:00:00-05:00,118.88876134752881,119.75099500624408,115.67769652815555,116.81742858886719,7253700,0.0,0.0
2025-02-03 00:00:00-05:00,116.34171386685486,117.33278392794828,114.22082454101611,116.8075180053711,5210100,0.0,0.0
2025-02-04 00:00:00-05:00,117.00572297033648,122.53589544128137,116.37143876878697,122.50616455078125,3756000,0.0,0.0
2025-02-05 00:00:00-05:00,122.22867044699713,123.15036589116532,121.18804387539085,122.21875762939453,2495300,0.0,0.0
2025-02-06 00:00:00-05:00,123.37830644885261,123.75491790108354,119.31492082060721,119.74108123779297,3106800,0.0,0.0
2025-02-07 00:00:00-05:00,120.48438654158164,120.6528666365885,118.75001394162231,119.2257308959961,2263000,0.0,0.0
2025-02-10 00:00:00-05:00,120.31590107559934,122.84312507167887,120.06813357237994,122.60527038574219,2465200,0.0,0.0
2025-02-11 00:00:00-05:00,128.8391059374532,130.82124602879864,126.52000565998597,128.39312744140625,7531200,0.0,0.0
2025-02-12 00:00:00-05:00,127.60026988433816,127.69938293908515,123.47741481633823,123.92340087890625,3896000,0.0,0.0
2025-02-13 00:00:00-05:00,123.62607102062566,125.88570943527536,121.74303648799619,124.41893005371094,2990200,0.0,0.0
2025-02-14 00:00:00-05:00,124.93428440893989,127.82820705512296,124.58741141389469,126.89659881591797,3285900,0.0,0.0
2025-02-18 00:00:00-05:00,127.27321672868415,130.37527089074663,126.59928877781817,129.11660766601562,4402600,0.0,0.0
2025-02-19 00:00:00-05:00,128.87874128947956,131.47535507642633,128.53187584915344,128.79946899414062,3631100,0.0,0.0
2025-02-20 00:00:00-05:00,128.73007959682343,131.10864150904212,128.08589015633484,130.37525939941406,3154300,0.0,0.0
2025-02-21 00:00:00-05:00,130.03830529002943,130.74195654271244,127.58044072741234,127.62999725341797,12517500,0.0,0.0
2025-02-24 00:00:00-05:00,127.62999725341797,128.41000366210938,126.16999816894531,127.08000183105469,5831100,1.15,0.0
2025-02-25 00:00:00-05:00,127.30000305175781,129.30999755859375,125.8499984741211,126.26000213623047,2689400,0.0,0.0
2025-02-26 00:00:00-05:00,126.30999755859375,127.5999984741211,124.08999633789062,125.44000244140625,3947000,0.0,0.0
2025-02-27 00:00:00-05:00,126.12999725341797,128.80999755859375,125.11000061035156,127.41000366210938,2701700,0.0,0.0
2025-02-28 00:00:00-05:00,126.94000244140625,130.25,125.94999694824219,129.69000244140625,5739900,0.0,0.0
2025-03-03 00:00:00-05:00,130.75,131.0,124.5999984741211,124.98999786376953,6055200,0.0,0.0
2025-03-04 00:00:00-05:00,123.8499984741211,124.20999908447266,119.37999725341797,122.29000091552734,4322300,0.0,0.0
2025-03-05 00:00:00-05:00,121.4000015258789,122.19999694824219,116.69000244140625,119.73999786376953,4202700,0.0,0.0
2025-03-06 00:00:00-05:00,118.88999938964844,122.98999786376953,118.2699966430664,122.79000091552734,3058500,0.0,0.0
2025-03-07 00:00:00-05:00,122.55999755859375,127.05000305175781,122.55999755859375,126.18000030517578,3463700,0.0,0.0
2025-03-10 00:00:00-04:00,126.55999755859375,128.91000366210938,124.91999816894531,126.12999725341797,3571500,0.0,0.0
2025-03-11 00:00:00-04:00,126.72000122070312,126.88999938964844,121.86000061035156,123.55000305175781,4125200,0.0,0.0
2025-03-12 00:00:00-04:00,122.9800033569336,124.9000015258789,122.25,123.9800033569336,3194500,0.0,0.0
2025-03-13 00:00:00-04:00,123.68000030517578,126.56999969482422,121.72000122070312,122.5,5283100,0.0,0.0
2025-03-14 00:00:00-04:00,123.58999633789062,127.08000183105469,122.37000274658203,126.7300033569336,3469800,0.0,0.0
2025-03-17 00:00:00-04:00,127.08000183105469,129.82000732421875,126.58000183105469,129.19000244140625,3865400,0.0,0.0
2025-03-18 00:00:00-04:00,129.94000244140625,130.22000122070312,127.68000030517578,128.41000366210938,2627800,0.0,0.0
2025-03-19 00:00:00-04:00,128.5,129.77000427246094,127.16000366210938,129.0,2194200,0.0,0.0
2025-03-20 00:00:00-04:00,127.95999908447266,129.3000030517578,127.37000274658203,128.82000732421875,2134200,0.0,0.0
2025-03-21 00:00:00-04:00,128.52999877929688,129.0500030517578,124.79000091552734,125.48999786376953,4624600,0.0,0.0
2025-03-24 00:00:00-04:00,125.55000305175781,127.5999984741211,124.97000122070312,126.47000122070312,4032700,0.0,0.0
2025-03-25 00:00:00-04:00,126.94000244140625,127.97000122070312,125.29000091552734,125.48999786376953,2331800,0.0,0.0
2025-03-26 00:00:00-04:00,126.91000366210938,128.6300048828125,126.0999984741211,126.56999969482422,1714700,0.0,0.0
