Date,Open,High,Low,Close,Volume,Sentiment,US Federal Funds Rate,1 Mo,3 Mo,6 Mo,1 Yr,2 Yr,3 Yr,5 Yr,7 Yr,10 Yr,20 Yr,30 Yr
2017-01-03,27.153443523735135,27.376953958780422,27.019337262707968,27.166215896606445,2125000.0,0.0,0.66,0.52,0.53,0.65,0.89,1.22,1.5,1.94,2.26,2.45,2.78,3.04
2017-01-04,27.3833366419731,27.60684703848196,27.17898358342768,27.35779190063477,2373500.0,0.1297245696187018,0.66,0.49,0.53,0.63,0.87,1.24,1.5,1.94,2.26,2.46,2.78,3.05
2017-01-05,27.421652857642663,27.72179749501983,27.37695077583085,27.677095413208008,2339600.0,1.3300226945430038,0.66,0.51,0.52,0.62,0.83,1.17,1.43,1.86,2.18,2.37,2.69,2.96
2017-01-06,27.766494825802635,27.862286376769266,27.562141790748807,27.84951400756836,1598500.0,0.4228100199252366,0.66,0.5,0.53,0.61,0.85,1.22,1.5,1.92,2.23,2.42,2.73,3.0
2017-01-07,27.766494825802635,27.862286376769266,27.562141790748807,27.84951400756836,1598500.0,0.4228100199252366,0.66,0.5,0.53,0.61,0.85,1.22,1.5,1.92,2.23,2.42,2.73,3.0
2017-01-08,27.766494825802635,27.862286376769266,27.562141790748807,27.84951400756836,1598500.0,0.4228100199252366,0.66,0.5,0.53,0.61,0.85,1.22,1.5,1.92,2.23,2.42,2.73,3.0
2017-01-09,27.77927277472997,27.983625850830023,27.549374955097203,27.747343063354492,2084800.0,0.4228100199252366,0.66,0.5,0.5,0.6,0.82,1.21,1.47,1.89,2.18,2.38,2.69,2.97
2017-01-10,27.817596039076506,27.823981008330662,27.30671079981496,27.345027923583984,2280400.0,-0.2980690710246561,0.66,0.51,0.52,0.6,0.82,1.19,1.47,1.89,2.18,2.38,2.69,2.97
2017-01-11,27.37695512719992,27.632397723366015,27.242848860449236,27.542993545532227,1698700.0,-1.3259339369833467,0.66,0.51,0.52,0.6,0.82,1.2,1.47,1.89,2.18,2.38,2.68,2.96
2017-01-12,27.74095502116231,27.766499764107287,27.402495703424083,27.517444610595703,1626500.0,-0.9580323249101635,0.66,0.52,0.52,0.59,0.81,1.18,1.45,1.87,2.17,2.36,2.68,3.01
2017-01-13,27.47913065876948,27.651554039371227,27.313094682679488,27.632396697998047,1431400.0,0.4181516477838157,0.66,0.52,0.53,0.61,0.82,1.21,1.48,1.9,2.2,2.4,2.71,2.99
2017-01-14,27.47913065876948,27.651554039371227,27.313094682679488,27.632396697998047,1431400.0,0.4181516477838157,0.66,0.52,0.53,0.61,0.82,1.21,1.48,1.9,2.2,2.4,2.71,2.99
2017-01-15,27.47913065876948,27.651554039371227,27.313094682679488,27.632396697998047,1431400.0,0.4181516477838157,0.66,0.52,0.53,0.61,0.82,1.21,1.48,1.9,2.2,2.4,2.71,2.99
2017-01-16,27.47913065876948,27.651554039371227,27.313094682679488,27.632396697998047,1431400.0,0.4181516477838157,0.66,0.52,0.53,0.61,0.82,1.21,1.48,1.9,2.2,2.4,2.71,2.99
2017-01-17,27.862288948356085,28.18159089960813,27.760112421398652,28.015552520751953,2534500.0,-1.0274084550037514,0.66,0.52,0.55,0.62,0.8,1.17,1.42,1.84,2.14,2.33,2.66,2.93
2017-01-18,27.926150121269405,28.04748399339043,27.504671616540776,27.568531036376953,1911700.0,-1.9945675616618248,0.66,0.48,0.53,0.63,0.82,1.23,1.51,1.93,2.24,2.42,2.74,3.0
2017-01-19,27.530216585790164,27.568531263575345,27.10235067390335,27.210914611816406,1756000.0,-0.5449860505759716,0.66,0.47,0.52,0.62,0.83,1.25,1.53,1.97,2.28,2.47,2.77,3.04
2017-01-20,27.36417541322284,27.683477354735732,27.26838629241726,27.40249252319336,1607200.0,0.2061285190284252,0.66,0.46,0.5,0.62,0.82,1.2,1.5,1.95,2.28,2.48,2.79,3.05
2017-01-21,27.36417541322284,27.683477354735732,27.26838629241726,27.40249252319336,1607200.0,0.2061285190284252,0.66,0.46,0.5,0.62,0.82,1.2,1.5,1.95,2.28,2.48,2.79,3.05
2017-01-22,27.36417541322284,27.683477354735732,27.26838629241726,27.40249252319336,1607200.0,0.2061285190284252,0.66,0.46,0.5,0.62,0.82,1.2,1.5,1.95,2.28,2.48,2.79,3.05
2017-01-23,27.357786019637324,27.472734894869085,27.242837144405563,27.2556095123291,2160500.0,0.3299365937709808,0.66,0.46,0.51,0.59,0.79,1.16,1.43,1.88,2.19,2.41,2.72,2.99
2017-01-24,27.396109678125104,27.98362412669443,27.281160775390987,27.932537078857425,2155400.0,-1.2211354374885557,0.66,0.5,0.51,0.62,0.81,1.21,1.49,1.94,2.27,2.47,2.78,3.05
2017-01-25,28.104959535168305,28.41149158329072,28.02194277337926,28.251840591430664,1761500.0,-0.404454544186592,0.66,0.48,0.5,0.61,0.82,1.23,1.52,1.99,2.33,2.53,2.84,3.1
2017-01-26,28.33486175537109,28.430653339801783,28.181598143579404,28.334861755371097,2451900.0,-0.44928131531924,0.66,0.49,0.51,0.62,0.82,1.21,1.49,1.95,2.3,2.51,2.82,3.08
2017-01-27,28.251844456341168,28.277386767111604,27.38972752070902,27.4791316986084,4765600.0,2.8898201272822908,0.66,0.49,0.52,0.63,0.82,1.22,1.48,1.94,2.28,2.49,2.8,3.06
2017-01-28,28.251844456341168,28.277386767111604,27.38972752070902,27.4791316986084,4765600.0,2.8898201272822908,0.66,0.49,0.52,0.63,0.82,1.22,1.48,1.94,2.28,2.49,2.8,3.06
2017-01-29,28.251844456341168,28.277386767111604,27.38972752070902,27.4791316986084,4765600.0,2.8898201272822908,0.66,0.49,0.52,0.63,0.82,1.22,1.48,1.94,2.28,2.49,2.8,3.06
2017-01-30,27.55576514100862,27.62600953869411,27.064039740723768,27.127899169921875,2933200.0,0.4173557264730332,0.66,0.49,0.51,0.63,0.81,1.22,1.48,1.94,2.28,2.49,2.82,3.08
2017-01-31,27.421658106256004,27.421658106256004,27.076813757143206,27.204532623291016,2124600.0,0.1925991000607607,0.56,0.5,0.52,0.64,0.84,1.19,1.46,1.9,2.24,2.45,2.78,3.05
2017-02-01,27.153450255947135,27.306713896239724,26.68088208686809,26.993799209594727,2981400.0,-0.0008727461099623,0.66,0.5,0.51,0.65,0.83,1.22,1.49,1.93,2.27,2.48,2.8,3.08
2017-02-02,27.11513088906356,27.504679799773264,26.968252230876228,27.498294830322266,1616200.0,-0.0561774335801603,0.66,0.5,0.52,0.64,0.84,1.21,1.48,1.92,2.27,2.48,2.8,3.09
2017-02-03,27.542987678006693,28.01555321333711,27.44081114852331,27.983623504638672,1923200.0,-0.1796849884558468,0.66,0.49,0.51,0.63,0.82,1.21,1.49,1.93,2.27,2.49,2.82,3.11
2017-02-04,27.542987678006693,28.01555321333711,27.44081114852331,27.983623504638672,1923200.0,-0.1796849884558468,0.66,0.49,0.51,0.63,0.82,1.21,1.49,1.93,2.27,2.49,2.82,3.11
2017-02-05,27.542987678006693,28.01555321333711,27.44081114852331,27.983623504638672,1923200.0,-0.1796849884558468,0.66,0.49,0.51,0.63,0.82,1.21,1.49,1.93,2.27,2.49,2.82,3.11
2017-02-06,27.84313812376133,27.91338496538759,27.30032560660064,27.50467872619629,2205400.0,-1.0972801670432089,0.66,0.48,0.53,0.62,0.79,1.16,1.43,1.86,2.19,2.42,2.76,3.05
2017-02-07,27.357795357595943,27.440814559395612,26.95547415696163,26.987403869628903,2178500.0,0.0941350236535071,0.66,0.51,0.53,0.63,0.8,1.16,1.43,1.85,2.17,2.4,2.74,3.02
2017-02-08,26.9427017669972,27.376952680013815,26.6170148002752,27.332250595092773,2803400.0,0.5849210023880005,0.66,0.52,0.54,0.63,0.79,1.15,1.4,1.81,2.14,2.34,2.68,2.96
2017-02-09,27.45358659207081,27.651552269807617,27.21091639385571,27.389724731445312,2469600.0,0.2560809100978075,0.66,0.51,0.54,0.64,0.8,1.2,1.46,1.88,2.2,2.4,2.74,3.02
2017-02-10,27.587699520328417,27.753735525966665,27.428048484257165,27.56215476989746,3031000.0,-1.19441251270473,0.66,0.51,0.55,0.64,0.81,1.2,1.47,1.89,2.22,2.41,2.75,3.01
2017-02-11,27.587699520328417,27.753735525966665,27.428048484257165,27.56215476989746,3031000.0,-1.19441251270473,0.66,0.51,0.55,0.64,0.81,1.2,1.47,1.89,2.22,2.41,2.75,3.01
2017-02-12,27.587699520328417,27.753735525966665,27.428048484257165,27.56215476989746,3031000.0,-1.19441251270473,0.66,0.51,0.55,0.64,0.81,1.2,1.47,1.89,2.22,2.41,2.75,3.01
2017-02-13,27.636998365472415,27.869294196145464,27.47568038050893,27.862842559814453,2390700.0,0.0065932162106036,0.66,0.5,0.52,0.63,0.82,1.2,1.48,1.92,2.24,2.43,2.77,3.03
2017-02-14,27.86284354966365,27.97899269988502,27.70797719552943,27.90801239013672,2500900.0,-0.4385738344863056,0.66,0.51,0.54,0.66,0.84,1.25,1.53,1.98,2.29,2.47,2.81,3.07
2017-02-15,27.83702602335927,27.90155468250664,27.5918220416326,27.598276138305664,2440000.0,0.2708662869408726,0.66,0.53,0.54,0.67,0.86,1.27,1.57,2.01,2.33,2.51,2.84,3.09
2017-02-16,27.707979806339107,27.714433905024656,27.107876627489176,27.26274299621582,10279900.0,-0.7905324995517728,0.66,0.51,0.53,0.66,0.82,1.22,1.5,1.95,2.26,2.45,2.8,3.05
2017-02-17,27.1982178859776,27.211121160839273,26.84331628934356,27.10787773132324,5436500.0,0.2305681444704534,0.66,0.5,0.53,0.66,0.82,1.21,1.48,1.92,2.23,2.42,2.78,3.03
2017-02-18,27.1982178859776,27.211121160839273,26.84331628934356,27.10787773132324,5436500.0,0.2305681444704534,0.66,0.5,0.53,0.66,0.82,1.21,1.48,1.92,2.23,2.42,2.78,3.03
2017-02-19,27.1982178859776,27.211121160839273,26.84331628934356,27.10787773132324,5436500.0,0.2305681444704534,0.66,0.5,0.53,0.66,0.82,1.21,1.48,1.92,2.23,2.42,2.78,3.03
2017-02-20,27.1982178859776,27.211121160839273,26.84331628934356,27.10787773132324,5436500.0,0.2305681444704534,0.66,0.5,0.53,0.66,0.82,1.21,1.48,1.92,2.23,2.42,2.78,3.03
2017-02-21,27.127243136413583,27.346635776870517,27.036905424728616,27.256298065185547,3606600.0,0.0477867498993874,0.66,0.49,0.53,0.69,0.83,1.22,1.5,1.93,2.24,2.43,2.78,3.04
2017-02-22,27.15950399280039,27.21757858283845,27.0175433368145,27.19822120666504,3860000.0,-0.493334338068962,0.66,0.47,0.52,0.68,0.82,1.22,1.49,1.92,2.23,2.42,2.78,3.04
2017-02-23,27.09497303484461,27.20466809603601,26.59811328714368,26.914295196533203,30720700.0,-0.1812492620665582,0.66,0.39,0.51,0.66,0.81,1.18,1.44,1.87,2.2,2.38,2.75,3.02
2017-02-24,26.752969038469395,27.056247581237685,26.59810518028061,26.675537109375,36541600.0,-0.1812492620665582,0.66,0.4,0.52,0.65,0.8,1.12,1.38,1.8,2.12,2.31,2.69,2.95
2017-02-25,26.752969038469395,27.056247581237685,26.59810518028061,26.675537109375,36541600.0,-0.1812492620665582,0.66,0.4,0.52,0.65,0.8,1.12,1.38,1.8,2.12,2.31,2.69,2.95
2017-02-26,26.752969038469395,27.056247581237685,26.59810518028061,26.675537109375,36541600.0,-0.1812492620665582,0.66,0.4,0.52,0.65,0.8,1.12,1.38,1.8,2.12,2.31,2.69,2.95
2017-02-27,27.004632200929432,27.475682926812393,26.778787985657328,26.83686256408691,151262600.0,1.1766746789216993,0.66,0.44,0.5,0.68,0.81,1.2,1.46,1.87,2.18,2.36,2.72,2.98
2017-02-28,26.92075506411193,27.314371472063613,26.875586210233987,27.004638671875,42288500.0,0.8519853986799715,0.57,0.4,0.53,0.69,0.88,1.22,1.49,1.89,2.19,2.36,2.7,2.97
2017-03-01,27.11433121228015,27.204668903358,26.71426323971359,26.74007225036621,15759300.0,-0.4030153466446789,0.66,0.46,0.63,0.79,0.92,1.29,1.57,1.99,2.29,2.46,2.81,3.06
2017-03-02,26.611012970246502,26.843308775496332,26.52067284087971,26.565841674804688,7287300.0,-0.2237916262820362,0.66,0.52,0.67,0.84,0.98,1.32,1.6,2.03,2.32,2.49,2.84,3.09
2017-03-03,26.501317285840543,26.604560693521616,26.34645340507743,26.423885345458984,6756100.0,-0.068690374493599,0.66,0.56,0.71,0.84,0.98,1.32,1.59,2.02,2.32,2.49,2.83,3.08
2017-03-04,26.501317285840543,26.604560693521616,26.34645340507743,26.423885345458984,6756100.0,-0.068690374493599,0.66,0.56,0.71,0.84,0.98,1.32,1.59,2.02,2.32,2.49,2.83,3.08
2017-03-05,26.501317285840543,26.604560693521616,26.34645340507743,26.423885345458984,6756100.0,-0.068690374493599,0.66,0.56,0.71,0.84,0.98,1.32,1.59,2.02,2.32,2.49,2.83,3.08
2017-03-06,26.49487021769688,26.68845133278417,26.281929268038667,26.5400390625,6704000.0,0.07066413317807,0.66,0.56,0.74,0.83,0.97,1.31,1.6,2.02,2.32,2.49,2.84,3.1
2017-03-07,26.63037651954146,27.004633010572825,26.57875357649305,26.991729736328125,5890900.0,-0.2165225781500339,0.66,0.55,0.76,0.87,1.02,1.32,1.62,2.05,2.34,2.52,2.85,3.11
2017-03-08,26.772337076097823,27.101424721794817,26.546490393172427,26.572301864624023,8899400.0,-0.1857192385941743,0.66,0.54,0.73,0.86,1.03,1.36,1.65,2.08,2.38,2.57,2.89,3.15
2017-03-09,26.398076462203186,26.707806715565155,26.185137989930624,26.44969940185547,7555600.0,-0.4490970820188522,0.66,0.5,0.73,0.88,1.04,1.37,1.67,2.13,2.43,2.6,2.94,3.19
2017-03-10,26.643282613821828,26.8497694657592,26.520679353190776,26.66909408569336,5251000.0,-0.0189497834071516,0.66,0.6,0.75,0.89,1.03,1.36,1.66,2.11,2.4,2.58,2.94,3.16
2017-03-11,26.643282613821828,26.8497694657592,26.520679353190776,26.66909408569336,5251000.0,-0.0189497834071516,0.66,0.6,0.75,0.89,1.03,1.36,1.66,2.11,2.4,2.58,2.94,3.16
2017-03-12,26.643282613821828,26.8497694657592,26.520679353190776,26.66909408569336,5251000.0,-0.0189497834071516,0.66,0.6,0.75,0.89,1.03,1.36,1.66,2.11,2.4,2.58,2.94,3.16
2017-03-13,26.662638566053474,26.7981450938814,26.54648941033888,26.578752517700195,5822400.0,0.1284553890582173,0.66,0.69,0.79,0.93,1.06,1.4,1.69,2.14,2.43,2.62,2.97,3.2
2017-03-14,26.462606137034427,26.462606137034427,25.9722004537701,26.01091766357422,5095600.0,-0.9512014389038084,0.66,0.77,0.78,0.93,1.06,1.4,1.68,2.13,2.42,2.6,2.94,3.17
2017-03-15,26.28192090574381,26.69489447626944,26.24320371043829,26.675537109375,7367700.0,-0.0642514675855636,0.66,0.71,0.73,0.89,1.02,1.33,1.59,2.02,2.31,2.51,2.87,3.11
2017-03-16,26.817505871043863,27.04980172912871,26.759431291143304,26.914295196533203,4991400.0,-0.1134086400270462,0.91,0.68,0.73,0.89,1.01,1.35,1.63,2.05,2.34,2.53,2.89,3.14
2017-03-17,26.849768034873357,27.06916061105456,26.572300880834856,26.578752517700195,5035800.0,-0.1134086400270462,0.91,0.71,0.73,0.87,1.0,1.33,1.6,2.03,2.31,2.5,2.86,3.11
2017-03-18,26.849768034873357,27.06916061105456,26.572300880834856,26.578752517700195,5035800.0,-0.1134086400270462,0.91,0.71,0.73,0.87,1.0,1.33,1.6,2.03,2.31,2.5,2.86,3.11
2017-03-19,26.849768034873357,27.06916061105456,26.572300880834856,26.578752517700195,5035800.0,-0.1134086400270462,0.91,0.71,0.73,0.87,1.0,1.33,1.6,2.03,2.31,2.5,2.86,3.11
2017-03-20,26.50132166392137,26.643282296003957,26.159328281014133,26.320646286010746,4172100.0,-0.1134086400270462,0.91,0.7,0.76,0.89,1.01,1.3,1.57,2.0,2.28,2.47,2.83,3.08
2017-03-21,26.54649256588263,26.694904846600103,26.04963277660191,26.12061309814453,5273600.0,-1.1938602067530155,0.91,0.76,0.77,0.91,1.0,1.27,1.54,1.96,2.24,2.43,2.79,3.04
2017-03-22,26.03672497204471,26.746525669582585,26.03672497204471,26.66263961791992,4917900.0,-7.661469381302594,0.91,0.74,0.77,0.9,0.99,1.27,1.52,1.95,2.22,2.4,2.76,3.02
2017-03-23,26.591657738611513,26.66909214860171,26.327096324938157,26.340002059936523,4609600.0,-2.1303981132805347,0.91,0.73,0.76,0.9,0.99,1.26,1.52,1.95,2.23,2.41,2.76,3.02
2017-03-24,26.398079902919676,26.540040543949313,26.26902499848524,26.39162826538086,4098200.0,-0.4521441161632538,0.91,0.73,0.78,0.89,1.0,1.26,1.52,1.93,2.22,2.4,2.74,3.0
2017-03-25,26.398079902919676,26.540040543949313,26.26902499848524,26.39162826538086,4098200.0,-0.4521441161632538,0.91,0.73,0.78,0.89,1.0,1.26,1.52,1.93,2.22,2.4,2.74,3.0
2017-03-26,26.398079902919676,26.540040543949313,26.26902499848524,26.39162826538086,4098200.0,-0.4521441161632538,0.91,0.73,0.78,0.89,1.0,1.26,1.52,1.93,2.22,2.4,2.74,3.0
2017-03-27,26.256121564250034,26.649737949607793,26.120615010394413,26.591663360595703,4896300.0,-2.8384574633091684,0.91,0.73,0.78,0.91,1.0,1.27,1.51,1.93,2.2,2.38,2.73,2.98
2017-03-28,26.63037163747757,27.075608362817917,26.598108534745705,26.869121551513672,3435500.0,0.6191978380084037,0.91,0.75,0.78,0.92,1.03,1.3,1.56,1.97,2.25,2.42,2.77,3.02
2017-03-29,26.862671662155652,27.133684696544584,26.68844794225543,27.030441284179688,3338500.0,-0.3256873175851069,0.91,0.76,0.78,0.92,1.04,1.26,1.53,1.93,2.21,2.39,2.74,2.99
2017-03-30,27.146597204520535,27.17886031740054,26.636831651856134,26.643285751342773,2587000.0,-0.2441751919686793,0.91,0.75,0.78,0.91,1.03,1.28,1.55,1.96,2.25,2.42,2.78,3.03
2017-03-31,26.69490553568811,27.10142763950564,26.69490553568811,26.99818420410156,3363800.0,-1.7004624903202057,0.82,0.74,0.76,0.91,1.03,1.27,1.5,1.93,2.22,2.4,2.76,3.02
2017-04-01,26.69490553568811,27.10142763950564,26.69490553568811,26.99818420410156,3363800.0,-1.7004624903202057,0.82,0.74,0.76,0.91,1.03,1.27,1.5,1.93,2.22,2.4,2.76,3.02
2017-04-02,26.69490553568811,27.10142763950564,26.69490553568811,26.99818420410156,3363800.0,-1.7004624903202057,0.82,0.74,0.76,0.91,1.03,1.27,1.5,1.93,2.22,2.4,2.76,3.02
2017-04-03,26.985276312947153,27.049802531854915,26.436796067678763,26.74007225036621,2909900.0,-0.0478539615869522,0.91,0.73,0.79,0.92,1.02,1.24,1.47,1.88,2.16,2.35,2.71,2.98
2017-04-04,26.59165851837079,26.927200253615773,26.501320832250475,26.88848304748535,2684100.0,-0.8540183156728742,0.91,0.77,0.79,0.92,1.03,1.25,1.47,1.88,2.16,2.36,2.72,2.99
2017-04-05,26.946563626586123,27.18531609194825,26.752982475860573,26.765888214111328,2201200.0,-0.8975823819637299,0.91,0.77,0.8,0.93,1.03,1.24,1.44,1.85,2.14,2.34,2.71,2.98
2017-04-06,26.88203203764944,27.249836889157784,26.817505820777495,27.204668045043945,2684700.0,-1.4255342800170183,0.91,0.78,0.79,0.94,1.05,1.24,1.45,1.87,2.15,2.34,2.72,2.99
2017-04-07,27.230475474824253,27.39179345457852,27.230475474824253,27.3272647857666,2284400.0,-0.3739021246437913,0.91,0.77,0.82,0.95,1.08,1.29,1.52,1.92,2.2,2.38,2.74,3.0
2017-04-08,27.230475474824253,27.39179345457852,27.230475474824253,27.3272647857666,2284400.0,-0.3739021246437913,0.91,0.77,0.82,0.95,1.08,1.29,1.52,1.92,2.2,2.38,2.74,3.0
2017-04-09,27.230475474824253,27.39179345457852,27.230475474824253,27.3272647857666,2284400.0,-0.3739021246437913,0.91,0.77,0.82,0.95,1.08,1.29,1.52,1.92,2.2,2.38,2.74,3.0
2017-04-10,27.39824825440636,27.66280967329187,27.39824825440636,27.57892608642578,4150200.0,0.2917210143059491,0.91,0.77,0.82,0.97,1.07,1.29,1.52,1.91,2.18,2.37,2.72,2.99
2017-04-11,27.527304364391664,27.527304364391664,27.127236399913578,27.22402572631836,2317200.0,-0.282252162694931,0.91,0.74,0.82,0.94,1.05,1.24,1.45,1.84,2.11,2.32,2.67,2.93
2017-04-12,27.21758056602729,27.475690420896285,27.18531744954817,27.430519104003903,2345100.0,-0.8905458599328995,0.91,0.77,0.81,0.95,1.04,1.24,1.44,1.81,2.09,2.28,2.65,2.92
2017-04-13,27.507951833837325,27.533760848511495,27.20467314237569,27.26919937133789,2311700.0,0.0350762009620666,0.91,0.76,0.81,0.94,1.03,1.21,1.4,1.77,2.05,2.24,2.62,2.89
2017-04-14,27.507951833837325,27.533760848511495,27.20467314237569,27.26919937133789,2311700.0,0.0350762009620666,0.91,0.76,0.81,0.94,1.03,1.21,1.4,1.77,2.05,2.24,2.62,2.89
2017-04-15,27.507951833837325,27.533760848511495,27.20467314237569,27.26919937133789,2311700.0,0.0350762009620666,0.91,0.76,0.81,0.94,1.03,1.21,1.4,1.77,2.05,2.24,2.62,2.89
2017-04-16,27.507951833837325,27.533760848511495,27.20467314237569,27.26919937133789,2311700.0,0.0350762009620666,0.91,0.76,0.81,0.94,1.03,1.21,1.4,1.77,2.05,2.24,2.62,2.89
2017-04-17,27.346629910771647,27.69507494373791,27.30146106461829,27.50794792175293,2693500.0,0.0524659943766891,0.91,0.76,0.83,0.94,1.04,1.21,1.42,1.79,2.07,2.26,2.65,2.92
2017-04-18,27.28210481109504,27.359539238824336,26.95946874677644,27.19822120666504,2836200.0,0.3284083940088749,0.91,0.76,0.82,0.94,1.02,1.18,1.35,1.71,1.98,2.18,2.56,2.84
2017-04-19,27.165946035073905,27.24338043545071,26.73361504312969,26.869121551513672,2656500.0,-0.235392587725073,0.91,0.75,0.81,0.94,1.02,1.19,1.38,1.74,2.02,2.21,2.59,2.87
2017-04-20,26.875586210233987,27.178862448911875,26.81751161788836,27.004638671875,2786400.0,-0.278865460306406,0.91,0.73,0.79,0.93,1.01,1.21,1.41,1.78,2.06,2.24,2.61,2.89
2017-04-21,26.920752239400063,27.101427635954103,26.75943421775748,27.0498046875,2539800.0,0.0548929246142505,0.91,0.72,0.79,0.92,0.99,1.2,1.4,1.77,2.05,2.24,2.61,2.89
2017-04-22,26.920752239400063,27.101427635954103,26.75943421775748,27.0498046875,2539800.0,0.0548929246142505,0.91,0.72,0.79,0.92,0.99,1.2,1.4,1.77,2.05,2.24,2.61,2.89
2017-04-23,26.920752239400063,27.101427635954103,26.75943421775748,27.0498046875,2539800.0,0.0548929246142505,0.91,0.72,0.79,0.92,0.99,1.2,1.4,1.77,2.05,2.24,2.61,2.89
2017-04-24,27.249846173658437,27.495050312048484,27.204677314154775,27.275657653808594,3266200.0,0.0548929246142505,0.91,0.74,0.81,0.96,1.03,1.25,1.44,1.81,2.09,2.28,2.65,2.93
2017-04-25,27.19176525193088,27.436969333310405,27.185313614152477,27.340177536010746,2870000.0,-0.4175885906443,0.91,0.73,0.82,0.98,1.09,1.29,1.49,1.87,2.15,2.35,2.71,2.99
2017-04-26,27.243386611190328,27.37243905137236,26.875581741333008,26.875581741333008,3220400.0,-1.299095697700977,0.91,0.74,0.83,0.99,1.07,1.28,1.46,1.84,2.12,2.32,2.69,2.97
2017-04-27,27.178858743870197,27.191764480578563,26.52713503996201,26.752979278564453,3419200.0,-0.6281907372176646,0.91,0.7,0.81,0.98,1.06,1.25,1.44,1.81,2.1,2.3,2.68,2.96
2017-04-28,26.823960587071102,26.84331796208739,26.565850766438125,26.74652862548828,2203600.0,-0.69268680550158,0.83,0.68,0.8,0.99,1.07,1.28,1.45,1.81,2.1,2.29,2.67,2.96
2017-04-29,26.823960587071102,26.84331796208739,26.565850766438125,26.74652862548828,2203600.0,-0.69268680550158,0.83,0.68,0.8,0.99,1.07,1.28,1.45,1.81,2.1,2.29,2.67,2.96
2017-04-30,26.823960587071102,26.84331796208739,26.565850766438125,26.74652862548828,2203600.0,-0.69268680550158,0.83,0.68,0.8,0.99,1.07,1.28,1.45,1.81,2.1,2.29,2.67,2.96
2017-05-01,26.75942904078718,26.75942904078718,26.359358652219832,26.514225006103516,2014900.0,0.5047519765794276,0.91,0.67,0.83,0.98,1.09,1.28,1.48,1.84,2.13,2.33,2.71,3.0
2017-05-02,26.565849482211465,26.83041338940564,26.494871623410347,26.785242080688477,2800800.0,0.0688925608992576,0.91,0.72,0.82,0.99,1.08,1.27,1.45,1.81,2.09,2.29,2.68,2.97
2017-05-03,26.67554603145845,26.972370576862108,26.662640295373404,26.74007225036621,2064400.0,-0.0005661919713019,0.91,0.73,0.85,1.0,1.1,1.3,1.5,1.86,2.14,2.33,2.7,2.97
2017-05-04,26.61747031741672,26.74007111273251,26.0238212518657,26.133516311645508,3017300.0,1.121218746062368,0.91,0.71,0.86,1.0,1.11,1.32,1.51,1.88,2.17,2.36,2.73,3.0
2017-05-05,26.19804834514602,26.733625411987305,26.06899588416452,26.733625411987305,2704600.0,0.0679220333695411,0.91,0.71,0.9,1.01,1.1,1.32,1.52,1.89,2.17,2.36,2.73,2.99
2017-05-06,26.19804834514602,26.733625411987305,26.06899588416452,26.733625411987305,2704600.0,0.0679220333695411,0.91,0.71,0.9,1.01,1.1,1.32,1.52,1.89,2.17,2.36,2.73,2.99
2017-05-07,26.19804834514602,26.733625411987305,26.06899588416452,26.733625411987305,2704600.0,0.0679220333695411,0.91,0.71,0.9,1.01,1.1,1.32,1.52,1.89,2.17,2.36,2.73,2.99
2017-05-08,26.817508081593505,26.85622283037351,26.55294663168719,26.830413818359375,1748200.0,0.1637394279241562,0.91,0.73,0.91,1.02,1.12,1.33,1.53,1.91,2.19,2.39,2.76,3.02
2017-05-09,26.73361801579338,26.830409796268743,26.385170559902743,26.61101722717285,2914200.0,0.2920969277620315,0.91,0.74,0.91,1.04,1.14,1.37,1.57,1.94,2.22,2.42,2.79,3.04
2017-05-10,26.765874770237904,26.91428699330076,26.50776751941771,26.675537109375,2886000.0,0.3661391623318195,0.91,0.71,0.9,1.04,1.13,1.35,1.56,1.94,2.22,2.41,2.79,3.03
2017-05-11,26.43222367920844,26.575736053582308,25.92341069868108,26.11258316040039,3632400.0,-0.3850057329982521,0.91,0.68,0.89,1.04,1.13,1.35,1.55,1.93,2.2,2.39,2.78,3.03
2017-05-12,26.106066569784456,26.334379497326054,26.060403984276135,26.132160186767575,1973400.0,-1.6835780628025534,0.91,0.69,0.88,1.03,1.11,1.29,1.49,1.85,2.13,2.33,2.74,2.98
2017-05-13,26.106066569784456,26.334379497326054,26.060403984276135,26.132160186767575,1973400.0,-1.6835780628025534,0.91,0.69,0.88,1.03,1.11,1.29,1.49,1.85,2.13,2.33,2.74,2.98
2017-05-14,26.106066569784456,26.334379497326054,26.060403984276135,26.132160186767575,1973400.0,-1.6835780628025534,0.91,0.69,0.88,1.03,1.11,1.29,1.49,1.85,2.13,2.33,2.74,2.98
2017-05-15,26.38003987565171,26.569214850314896,26.06040180383716,26.093017578125,2831100.0,-4.066088657826185,0.91,0.73,0.9,1.02,1.11,1.31,1.49,1.86,2.14,2.34,2.76,3.0
2017-05-16,26.282195485431195,26.321333423574103,25.84513609824874,25.858182907104492,3176900.0,-0.7805514247156675,0.91,0.72,0.9,1.04,1.11,1.29,1.48,1.86,2.13,2.33,2.74,2.99
2017-05-17,25.71466928777494,25.76685652074159,25.179762591987913,25.23847198486328,4227900.0,-0.3172699215647296,0.91,0.72,0.9,1.0,1.08,1.26,1.42,1.76,2.03,2.22,2.65,2.91
2017-05-18,25.18629402745619,25.34285079169618,24.957978554337583,25.303712844848633,3419600.0,-0.635154217481613,0.91,0.73,0.93,1.02,1.09,1.27,1.44,1.78,2.04,2.23,2.64,2.9
2017-05-19,25.466787751002883,25.858182050004817,25.349368963617454,25.81904411315918,2815700.0,0.2579272203147411,0.91,0.71,0.92,1.03,1.1,1.28,1.45,1.79,2.05,2.23,2.63,2.9
2017-05-20,25.466787751002883,25.858182050004817,25.349368963617454,25.81904411315918,2815700.0,0.2579272203147411,0.91,0.71,0.92,1.03,1.1,1.28,1.45,1.79,2.05,2.23,2.63,2.9
2017-05-21,25.466787751002883,25.858182050004817,25.349368963617454,25.81904411315918,2815700.0,0.2579272203147411,0.91,0.71,0.92,1.03,1.1,1.28,1.45,1.79,2.05,2.23,2.63,2.9
2017-05-22,25.87775106392135,25.942985106152538,25.66900710563011,25.923416137695312,2259100.0,0.0007595929782837,0.91,0.7,0.93,1.05,1.12,1.29,1.45,1.8,2.06,2.25,2.64,2.91
2017-05-23,26.02778345904319,26.106061807288047,25.84513066190675,25.89731788635254,2845100.0,0.3550298288464545,0.91,0.76,0.92,1.08,1.14,1.31,1.49,1.84,2.1,2.29,2.68,2.95
2017-05-24,25.92993752548076,26.060403117633427,25.727715733222915,26.001693725585938,2654400.0,-0.4790498949587345,0.91,0.76,0.93,1.07,1.18,1.29,1.46,1.79,2.07,2.26,2.65,2.92
2017-05-25,25.995169199827313,26.03430962418479,25.558112325744407,25.636390686035156,2090200.0,-0.085923746228218,0.91,0.72,0.94,1.08,1.16,1.3,1.46,1.78,2.06,2.25,2.65,2.92
2017-05-26,25.675525781649224,25.73423516178869,25.381978880951895,25.414594650268555,1980500.0,0.1937589943408966,0.91,0.75,0.94,1.08,1.17,1.3,1.46,1.79,2.06,2.25,2.65,2.92
2017-05-27,25.675525781649224,25.73423516178869,25.381978880951895,25.414594650268555,1980500.0,0.1937589943408966,0.91,0.75,0.94,1.08,1.17,1.3,1.46,1.79,2.06,2.25,2.65,2.92
2017-05-28,25.675525781649224,25.73423516178869,25.381978880951895,25.414594650268555,1980500.0,0.1937589943408966,0.91,0.75,0.94,1.08,1.17,1.3,1.46,1.79,2.06,2.25,2.65,2.92
2017-05-29,25.675525781649224,25.73423516178869,25.381978880951895,25.414594650268555,1980500.0,0.1937589943408966,0.91,0.75,0.94,1.08,1.17,1.3,1.46,1.79,2.06,2.25,2.65,2.92
2017-05-30,25.362413615235177,25.368935774680057,25.114529253120963,25.205854415893555,2240300.0,-0.4276526719331741,0.91,0.77,0.93,1.07,1.16,1.28,1.44,1.76,2.02,2.21,2.61,2.88
2017-05-31,25.12758215982868,25.297185719229116,25.055825946396883,25.121057510375977,3660900.0,-0.6083031892776489,0.83,0.86,0.98,1.08,1.17,1.28,1.44,1.75,2.02,2.21,2.6,2.87
2017-06-01,25.15367070798408,25.54506498977445,25.11453028443538,25.40807723999023,2225900.0,-1.1848314702510834,0.91,0.82,0.98,1.07,1.16,1.28,1.45,1.76,2.02,2.21,2.6,2.87
2017-06-02,25.47330895472643,25.59072773770393,25.368936979682456,25.479833602905273,2218600.0,-2.4271679148077965,0.91,0.82,0.98,1.06,1.16,1.28,1.42,1.71,1.96,2.15,2.53,2.8
2017-06-03,25.47330895472643,25.59072773770393,25.368936979682456,25.479833602905273,2218600.0,-2.4271679148077965,0.91,0.82,0.98,1.06,1.16,1.28,1.42,1.71,1.96,2.15,2.53,2.8
2017-06-04,25.47330895472643,25.59072773770393,25.368936979682456,25.479833602905273,2218600.0,-2.4271679148077965,0.91,0.82,0.98,1.06,1.16,1.28,1.42,1.71,1.96,2.15,2.53,2.8
2017-06-05,25.440687720050935,25.6298626618576,25.349362572536993,25.427640914916992,2335000.0,-2.4271679148077965,0.91,0.83,0.96,1.06,1.16,1.32,1.45,1.74,1.99,2.18,2.56,2.84
2017-06-06,25.297181729924255,25.858182050004817,25.264565953078137,25.81904411315918,2662600.0,0.0039633717387915,0.91,0.83,0.97,1.08,1.16,1.3,1.42,1.71,1.95,2.14,2.53,2.81
2017-06-07,25.779906459595654,25.90384742030602,25.27761547920439,25.512453079223633,2568400.0,-0.4526628255844116,0.91,0.84,1.0,1.09,1.17,1.32,1.45,1.74,1.99,2.18,2.56,2.84
2017-06-08,25.27109274973343,25.375464737567963,24.886220578014015,24.984067916870117,17156900.0,-0.0035876668989656,0.91,0.8,1.01,1.11,1.19,1.33,1.47,1.75,2.0,2.19,2.57,2.85
2017-06-09,25.055818248624245,25.323271560249648,25.055818248624245,25.244993209838867,16193700.0,-0.0390782454051077,0.91,0.8,1.01,1.13,1.2,1.35,1.5,1.77,2.02,2.21,2.59,2.86
2017-06-10,25.055818248624245,25.323271560249648,25.055818248624245,25.244993209838867,16193700.0,-0.0390782454051077,0.91,0.8,1.01,1.13,1.2,1.35,1.5,1.77,2.02,2.21,2.59,2.86
2017-06-11,25.055818248624245,25.323271560249648,25.055818248624245,25.244993209838867,16193700.0,-0.0390782454051077,0.91,0.8,1.01,1.13,1.2,1.35,1.5,1.77,2.02,2.21,2.59,2.86
2017-06-12,25.277613648893187,25.440695027273144,24.918835114142155,24.938404083251953,5418000.0,0.33857664570678,0.91,0.82,0.98,1.09,1.19,1.35,1.5,1.78,2.02,2.21,2.59,2.86
2017-06-13,25.153666408113704,25.225420106384217,25.10800383265805,25.19280433654785,14015900.0,-0.3420431818813084,0.91,0.89,1.0,1.12,1.22,1.38,1.51,1.79,2.02,2.21,2.6,2.87
2017-06-14,25.3037044489822,25.32327341591291,24.55352919659982,24.56657600402832,5115600.0,-2.3288130089640617,0.91,0.9,1.01,1.12,1.2,1.35,1.48,1.74,1.96,2.15,2.53,2.79
2017-06-15,24.40349259248055,24.840551895112437,24.37739897981694,24.736177444458008,6112300.0,0.3744552549906075,1.16,0.86,1.02,1.13,1.21,1.35,1.49,1.76,1.98,2.16,2.52,2.78
2017-06-16,24.736181911027952,25.38850741486423,24.736181911027952,25.36893844604492,3777200.0,0.0863117694389073,1.16,0.85,1.03,1.13,1.21,1.32,1.48,1.75,1.97,2.16,2.52,2.78
2017-06-17,24.736181911027952,25.38850741486423,24.736181911027952,25.36893844604492,3777200.0,0.0863117694389073,1.16,0.85,1.03,1.13,1.21,1.32,1.48,1.75,1.97,2.16,2.52,2.78
2017-06-18,24.736181911027952,25.38850741486423,24.736181911027952,25.36893844604492,3777200.0,0.0863117694389073,1.16,0.85,1.03,1.13,1.21,1.32,1.48,1.75,1.97,2.16,2.52,2.78
2017-06-19,25.421127245263868,25.48635880429225,25.153673871768337,25.212383270263672,2509900.0,0.2242185212671758,1.16,0.85,1.02,1.13,1.22,1.36,1.52,1.8,2.02,2.19,2.53,2.79
2017-06-20,25.01667357983619,25.042767188348783,24.566570030899623,24.618757247924805,2596700.0,-0.123204633593559,1.16,0.88,1.01,1.14,1.22,1.36,1.5,1.77,1.99,2.16,2.49,2.74
2017-06-21,24.62528442169762,25.02972548232838,24.533959261725258,24.80141258239746,3008000.0,-1.595108831301331,1.16,0.85,0.99,1.12,1.22,1.36,1.5,1.78,2.0,2.16,2.48,2.73
2017-06-22,24.827512917457184,25.505929641664046,24.77532567567415,25.453744888305664,4316600.0,-1.5871971249580383,1.16,0.8,0.96,1.1,1.22,1.34,1.48,1.76,1.98,2.15,2.47,2.72
2017-06-23,25.15367672274976,25.75381509679041,25.147152073052723,25.66901206970215,3501300.0,-0.9442075006663796,1.16,0.76,0.97,1.1,1.21,1.34,1.48,1.77,1.98,2.15,2.48,2.71
2017-06-24,25.15367672274976,25.75381509679041,25.147152073052723,25.66901206970215,3501300.0,-0.9442075006663796,1.16,0.76,0.97,1.1,1.21,1.34,1.48,1.77,1.98,2.15,2.48,2.71
2017-06-25,25.15367672274976,25.75381509679041,25.147152073052723,25.66901206970215,3501300.0,-0.9442075006663796,1.16,0.76,0.97,1.1,1.21,1.34,1.48,1.77,1.98,2.15,2.48,2.71
2017-06-26,25.819046992105264,25.942987953310215,25.623347332358595,25.82556915283203,2429700.0,0.1365817077457904,1.16,0.81,0.99,1.1,1.2,1.36,1.48,1.77,1.97,2.14,2.46,2.7
2017-06-27,25.92341069868108,26.243048729065386,25.81251409436753,26.11258316040039,4424900.0,-0.0296822711825371,1.16,0.89,1.0,1.13,1.22,1.38,1.53,1.83,2.04,2.21,2.52,2.75
2017-06-28,26.275668832400772,26.412659070723944,26.145205730644086,26.327856063842773,3716800.0,0.1000417172908782,1.16,0.89,1.02,1.12,1.21,1.34,1.51,1.81,2.05,2.22,2.55,2.77
2017-06-29,26.210438541446475,26.308288360891744,25.9625541570296,26.04083251953125,2038100.0,-0.7732305191457269,1.16,0.88,1.04,1.14,1.23,1.38,1.53,1.85,2.1,2.27,2.59,2.82
2017-06-30,26.164777130565152,26.23653333625646,25.786427132710777,25.969079971313477,2286300.0,-0.0383296664804219,1.06,0.84,1.03,1.14,1.24,1.38,1.55,1.89,2.14,2.31,2.61,2.84
2017-07-01,26.164777130565152,26.23653333625646,25.786427132710777,25.969079971313477,2286300.0,-0.0383296664804219,1.06,0.84,1.03,1.14,1.24,1.38,1.55,1.89,2.14,2.31,2.61,2.84
2017-07-02,26.164777130565152,26.23653333625646,25.786427132710777,25.969079971313477,2286300.0,-0.0383296664804219,1.06,0.84,1.03,1.14,1.24,1.38,1.55,1.89,2.14,2.31,2.61,2.84
2017-07-03,26.10606498025378,26.26914634383226,26.086496012920083,26.184343338012695,806200.0,0.6842685304582116,1.16,0.96,1.06,1.13,1.24,1.41,1.6,1.93,2.19,2.35,2.65,2.86
2017-07-04,26.10606498025378,26.26914634383226,26.086496012920083,26.184343338012695,806200.0,0.6842685304582116,1.16,0.96,1.06,1.13,1.24,1.41,1.6,1.93,2.19,2.35,2.65,2.86
2017-07-05,26.03431023108296,26.066926007929077,25.5385439531189,25.81904411315918,2317500.0,-0.2480638362467287,1.16,0.97,1.05,1.15,1.24,1.41,1.59,1.92,2.17,2.33,2.63,2.85
2017-07-06,25.825562237186386,26.119109159774975,25.727712433515556,25.8842716217041,2845500.0,-0.3143834606744352,1.16,0.95,1.04,1.14,1.23,1.4,1.6,1.94,2.21,2.37,2.68,2.9
2017-07-07,25.90384592594666,25.969079971313477,25.525498416516673,25.969079971313477,1772500.0,-0.3365313233807678,1.16,0.94,1.05,1.14,1.22,1.4,1.6,1.95,2.22,2.39,2.71,2.93
2017-07-08,25.90384592594666,25.969079971313477,25.525498416516673,25.969079971313477,1772500.0,-0.3365313233807678,1.16,0.94,1.05,1.14,1.22,1.4,1.6,1.95,2.22,2.39,2.71,2.93
2017-07-09,25.90384592594666,25.969079971313477,25.525498416516673,25.969079971313477,1772500.0,-0.3365313233807678,1.16,0.94,1.05,1.14,1.22,1.4,1.6,1.95,2.22,2.39,2.71,2.93
2017-07-10,25.93646185784165,26.099543239586797,25.753811506582892,25.949508666992188,1355000.0,-0.1566948369145392,1.16,0.95,1.04,1.13,1.23,1.4,1.59,1.93,2.2,2.38,2.7,2.93
2017-07-11,25.884269752706977,25.93645448605253,25.571153887362577,25.74728202819824,1506200.0,-0.0070137986913322,1.16,0.97,1.05,1.14,1.2,1.37,1.57,1.92,2.18,2.37,2.69,2.92
2017-07-12,26.027788207259377,26.47789190230894,25.903844770801697,26.132160186767575,2456800.0,-1.435596391558647,1.16,0.94,1.05,1.13,1.21,1.35,1.53,1.88,2.14,2.33,2.65,2.89
2017-07-13,26.11911707112162,26.236535875722613,25.87775481253923,26.164779663085938,1537300.0,0.4276364371180532,1.16,0.95,1.05,1.14,1.23,1.37,1.55,1.89,2.16,2.35,2.69,2.92
2017-07-14,26.275671820302716,26.71273122384452,26.203915613122383,26.647497177124023,1779600.0,-0.0614735335111617,1.16,0.93,1.04,1.12,1.22,1.35,1.54,1.87,2.13,2.33,2.67,2.91
2017-07-15,26.275671820302716,26.71273122384452,26.203915613122383,26.647497177124023,1779600.0,-0.0614735335111617,1.16,0.93,1.04,1.12,1.22,1.35,1.54,1.87,2.13,2.33,2.67,2.91
2017-07-16,26.275671820302716,26.71273122384452,26.203915613122383,26.647497177124023,1779600.0,-0.0614735335111617,1.16,0.93,1.04,1.12,1.22,1.35,1.54,1.87,2.13,2.33,2.67,2.91
2017-07-17,26.68011689518008,26.817104668103905,26.48441723280367,26.523557662963867,1571700.0,0.372692860662937,1.16,0.95,1.07,1.1,1.22,1.36,1.53,1.86,2.12,2.31,2.65,2.89
2017-07-18,26.79100959148468,26.79100959148468,26.347428027483044,26.647497177124023,1600300.0,0.9151968508958812,1.16,0.95,1.07,1.11,1.19,1.36,1.52,1.82,2.08,2.27,2.61,2.85
2017-07-19,26.771435390731863,27.215016868060815,26.71924816355248,27.1041202545166,3325000.0,0.0355479493737219,1.16,0.99,1.11,1.12,1.23,1.37,1.52,1.83,2.09,2.27,2.61,2.85
2017-07-20,27.234582000237804,27.462894865948197,27.201966232053977,27.33243179321289,2284300.0,0.54781536757946,1.16,1.0,1.15,1.12,1.22,1.37,1.51,1.82,2.08,2.27,2.6,2.83
2017-07-21,27.35200194702816,27.371570911105543,26.999745663093012,27.27372360229492,1633100.0,0.1392426267266272,1.16,1.0,1.16,1.1,1.22,1.36,1.5,1.81,2.05,2.24,2.57,2.81
2017-07-22,27.35200194702816,27.371570911105543,26.999745663093012,27.27372360229492,1633100.0,0.1392426267266272,1.16,1.0,1.16,1.1,1.22,1.36,1.5,1.81,2.05,2.24,2.57,2.81
2017-07-23,27.35200194702816,27.371570911105543,26.999745663093012,27.27372360229492,1633100.0,0.1392426267266272,1.16,1.0,1.16,1.1,1.22,1.36,1.5,1.81,2.05,2.24,2.57,2.81
2017-07-24,27.299820720322632,27.371576922263255,26.97365797581018,27.22154235839844,1323500.0,-2.1897805146872997,1.16,1.0,1.17,1.12,1.23,1.37,1.53,1.83,2.07,2.26,2.59,2.83
2017-07-25,27.32591926280606,27.59989731156372,27.01932543140277,27.195453643798828,1984700.0,-2.4089281037449832,1.16,0.96,1.18,1.15,1.24,1.4,1.56,1.9,2.15,2.33,2.67,2.91
2017-07-26,27.23458916678985,27.404192699029647,27.03236736935939,27.22154235839844,1717200.0,-0.2647263035178184,1.16,1.02,1.13,1.14,1.23,1.36,1.5,1.83,2.09,2.29,2.65,2.89
2017-07-27,27.254158781770705,27.254158781770705,26.484414487385163,26.830148696899418,2168800.0,0.3065113723278045,1.16,1.01,1.11,1.13,1.22,1.36,1.52,1.84,2.12,2.32,2.68,2.93
2017-07-28,26.81057929992676,26.96061636730525,26.719254120426463,26.81057929992676,2230000.0,-0.9521363582462072,1.16,1.0,1.08,1.13,1.22,1.34,1.51,1.83,2.1,2.3,2.65,2.89
2017-07-29,26.81057929992676,26.96061636730525,26.719254120426463,26.81057929992676,2230000.0,-0.9521363582462072,1.16,1.0,1.08,1.13,1.22,1.34,1.51,1.83,2.1,2.3,2.65,2.89
2017-07-30,26.81057929992676,26.96061636730525,26.719254120426463,26.81057929992676,2230000.0,-0.9521363582462072,1.16,1.0,1.08,1.13,1.22,1.34,1.51,1.83,2.1,2.3,2.65,2.89
2017-07-31,26.94756284050017,27.2150161516946,26.869282001791632,27.04541015625,1752500.0,0.2486932873725891,1.07,1.0,1.07,1.13,1.23,1.34,1.51,1.84,2.11,2.3,2.66,2.89
2017-08-01,27.051944755618052,27.384629733034608,26.60836312677944,27.15631675720215,1880600.0,0.6941807121038437,1.16,1.0,1.08,1.15,1.22,1.34,1.5,1.8,2.07,2.26,2.61,2.86
2017-08-02,27.032368607067443,27.365056015220205,26.980183859536726,27.2672061920166,1891500.0,0.9975030226632952,1.16,1.02,1.08,1.15,1.24,1.36,1.52,1.82,2.08,2.27,2.6,2.85
2017-08-03,27.293297078755177,27.3650532768006,27.0388905499935,27.24110984802246,2571400.0,-1.286050623049959,1.16,1.0,1.08,1.13,1.22,1.34,1.49,1.79,2.05,2.24,2.56,2.81
2017-08-04,27.208494680563117,27.3454824316591,27.012797537793976,27.091075897216797,1452200.0,-1.7940733958967028,1.16,1.0,1.08,1.14,1.23,1.36,1.51,1.82,2.08,2.27,2.61,2.84
2017-08-05,27.208494680563117,27.3454824316591,27.012797537793976,27.091075897216797,1452200.0,-1.7940733958967028,1.16,1.0,1.08,1.14,1.23,1.36,1.51,1.82,2.08,2.27,2.61,2.84
2017-08-06,27.208494680563117,27.3454824316591,27.012797537793976,27.091075897216797,1452200.0,-1.7940733958967028,1.16,1.0,1.08,1.14,1.23,1.36,1.51,1.82,2.08,2.27,2.61,2.84
2017-08-07,27.025848695393027,27.1302206875628,26.98018610434529,27.078033447265625,1341200.0,-0.5290662348270415,1.16,0.99,1.02,1.14,1.22,1.36,1.52,1.81,2.07,2.26,2.6,2.84
2017-08-08,27.051938827321592,27.16283296601695,26.451798083412264,26.634450912475582,2204300.0,0.2067594155669211,1.16,1.0,1.06,1.16,1.24,1.36,1.53,1.84,2.1,2.29,2.63,2.86
2017-08-09,26.595313993815424,26.680117015332137,26.39309216971391,26.490942001342773,1493200.0,0.2102483399212361,1.16,1.01,1.06,1.15,1.21,1.33,1.5,1.81,2.06,2.24,2.59,2.82
2017-08-10,26.510501805293924,26.536595416495384,25.98864202338336,26.027782440185547,2423400.0,-0.3602660931646825,1.16,1.02,1.05,1.14,1.22,1.33,1.49,1.78,2.03,2.2,2.55,2.79
2017-08-11,26.145969620817414,26.238406986188323,25.994112012841928,26.060138702392575,2015900.0,-0.4948743321001529,1.16,0.99,1.03,1.14,1.21,1.3,1.43,1.74,2.0,2.19,2.55,2.79
2017-08-12,26.145969620817414,26.238406986188323,25.994112012841928,26.060138702392575,2015900.0,-0.4948743321001529,1.16,0.99,1.03,1.14,1.21,1.3,1.43,1.74,2.0,2.19,2.55,2.79
2017-08-13,26.145969620817414,26.238406986188323,25.994112012841928,26.060138702392575,2015900.0,-0.4948743321001529,1.16,0.99,1.03,1.14,1.21,1.3,1.43,1.74,2.0,2.19,2.55,2.79
2017-08-14,26.1525777212938,26.502510416425594,26.145973791954855,26.27802467346191,1736200.0,-0.2893909756094216,1.16,0.95,1.02,1.13,1.23,1.33,1.48,1.77,2.04,2.22,2.57,2.81
2017-08-15,26.172375443591772,26.31102768794736,25.895070954880595,25.90167236328125,1613700.0,0.0623915418982505,1.16,0.97,1.04,1.16,1.23,1.35,1.51,1.83,2.09,2.27,2.6,2.84
2017-08-16,25.96770133254268,26.13936567137334,25.77622772944125,25.862058639526367,1652400.0,-0.6048472225666045,1.16,0.97,1.02,1.13,1.24,1.33,1.49,1.79,2.04,2.23,2.58,2.81
2017-08-17,25.862061462529976,25.961100238713257,25.756421276642808,25.83565330505371,1278700.0,0.6009892467409372,1.16,0.95,1.0,1.11,1.24,1.32,1.46,1.76,2.01,2.19,2.54,2.78
2017-08-18,25.98090698100763,26.099752504938223,25.782831947343546,26.027124404907227,1480300.0,0.1075887377373873,1.16,0.97,1.02,1.13,1.24,1.33,1.47,1.77,2.01,2.19,2.54,2.78
2017-08-19,25.98090698100763,26.099752504938223,25.782831947343546,26.027124404907227,1480300.0,0.1075887377373873,1.16,0.97,1.02,1.13,1.24,1.33,1.47,1.77,2.01,2.19,2.54,2.78
2017-08-20,25.98090698100763,26.099752504938223,25.782831947343546,26.027124404907227,1480300.0,0.1075887377373873,1.16,0.97,1.02,1.13,1.24,1.33,1.47,1.77,2.01,2.19,2.54,2.78
2017-08-21,26.05353148179484,26.05353148179484,25.835649730462485,25.9412899017334,1433600.0,0.6845870651304721,1.16,0.95,1.0,1.11,1.23,1.32,1.46,1.76,2.0,2.18,2.52,2.77
2017-08-22,26.046935545965777,26.443085641805357,26.046935545965777,26.350650787353516,1499700.0,0.5729497149586678,1.16,0.93,1.0,1.13,1.24,1.33,1.48,1.8,2.04,2.22,2.55,2.79
2017-08-23,26.245003841363612,27.05711309195149,26.238402432884467,26.918460845947266,2159300.0,0.2865986116230486,1.16,0.98,1.0,1.11,1.22,1.32,1.45,1.76,1.99,2.17,2.51,2.75
2017-08-24,26.977887344431867,27.10333427224354,26.865643235412502,26.99109268188477,1425500.0,-2.427973221987486,1.16,0.98,1.02,1.11,1.23,1.33,1.47,1.78,2.01,2.19,2.53,2.77
2017-08-25,27.05711684627495,27.070322183725796,26.641157531885423,26.66756820678711,1642300.0,-1.614848297089338,1.16,0.99,1.03,1.11,1.23,1.35,1.47,1.77,2.0,2.17,2.51,2.75
2017-08-26,27.05711684627495,27.070322183725796,26.641157531885423,26.66756820678711,1642300.0,-1.614848297089338,1.16,0.99,1.03,1.11,1.23,1.35,1.47,1.77,2.0,2.17,2.51,2.75
2017-08-27,27.05711684627495,27.070322183725796,26.641157531885423,26.66756820678711,1642300.0,-1.614848297089338,1.16,0.99,1.03,1.11,1.23,1.35,1.47,1.77,2.0,2.17,2.51,2.75
2017-08-28,26.74019567866521,26.74019567866521,26.284622881227964,26.34404563903809,1474500.0,-0.2434344589710235,1.16,0.99,0.98,1.12,1.24,1.33,1.46,1.74,1.99,2.16,2.51,2.76
2017-08-29,26.23180808437778,26.264820176148465,25.980911653330494,26.25821876525879,2188900.0,0.5698738396167755,1.16,0.96,1.03,1.13,1.23,1.33,1.43,1.7,1.96,2.13,2.48,2.74
2017-08-30,26.15257653275422,26.1657818721709,25.868668031948022,26.07994842529297,1537000.0,-3.8973193867132063,1.16,0.96,1.03,1.11,1.23,1.33,1.44,1.72,1.97,2.15,2.49,2.75
2017-08-31,26.205389649011792,26.449684596879635,25.974302556337246,26.403467178344727,2064100.0,-1.0922149643301962,1.07,0.95,1.01,1.08,1.23,1.33,1.44,1.7,1.95,2.12,2.47,2.73
2017-09-01,26.561929543640343,26.79962059401648,26.509110709479383,26.707185745239254,1581100.0,-1.1621285676956177,1.16,0.96,1.02,1.1,1.24,1.35,1.46,1.73,1.99,2.16,2.51,2.77
2017-09-02,26.561929543640343,26.79962059401648,26.509110709479383,26.707185745239254,1581100.0,-1.1621285676956177,1.16,0.96,1.02,1.1,1.24,1.35,1.46,1.73,1.99,2.16,2.51,2.77
2017-09-03,26.561929543640343,26.79962059401648,26.509110709479383,26.707185745239254,1581100.0,-1.1621285676956177,1.16,0.96,1.02,1.1,1.24,1.35,1.46,1.73,1.99,2.16,2.51,2.77
2017-09-04,26.561929543640343,26.79962059401648,26.509110709479383,26.707185745239254,1581100.0,-1.1621285676956177,1.16,0.96,1.02,1.1,1.24,1.35,1.46,1.73,1.99,2.16,2.51,2.77
2017-09-05,26.812830716785204,26.885458830544643,26.350653871766102,26.548728942871097,1774400.0,0.1865923553705215,1.16,1.3,1.03,1.13,1.23,1.3,1.4,1.65,1.9,2.07,2.43,2.69
2017-09-06,26.601548259636377,27.17596667727025,26.555330830554393,26.94487953186035,2286900.0,0.7170830257236958,1.16,1.04,1.07,1.17,1.24,1.3,1.42,1.69,1.93,2.1,2.46,2.72
2017-09-07,27.063717852572875,27.090126005962993,26.80621757807164,26.83262825012207,1778300.0,0.2633372694253921,1.16,0.98,1.05,1.15,1.21,1.27,1.38,1.63,1.88,2.05,2.4,2.66
2017-09-08,26.878853475350382,26.878853475350382,26.66097166428912,26.753406524658203,1786800.0,0.0179273560643196,1.16,0.96,1.04,1.14,1.22,1.27,1.39,1.64,1.89,2.06,2.41,2.67
2017-09-09,26.878853475350382,26.878853475350382,26.66097166428912,26.753406524658203,1786800.0,0.0179273560643196,1.16,0.96,1.04,1.14,1.22,1.27,1.39,1.64,1.89,2.06,2.41,2.67
2017-09-10,26.878853475350382,26.878853475350382,26.66097166428912,26.753406524658203,1786800.0,0.0179273560643196,1.16,0.96,1.04,1.14,1.22,1.27,1.39,1.64,1.89,2.06,2.41,2.67
2017-09-11,26.760000027268365,27.01749778181944,26.73359187401053,26.97788429260254,1741600.0,-0.1124619543552399,1.16,0.97,1.05,1.16,1.24,1.32,1.44,1.71,1.96,2.14,2.49,2.75
2017-09-12,27.024109951620893,27.090134132893645,26.786418869181272,27.043916702270508,2478300.0,0.0679929880425333,1.16,0.99,1.03,1.16,1.27,1.33,1.46,1.75,1.99,2.17,2.52,2.78
2017-09-13,27.09673622789096,27.195772493095784,27.004301372902106,27.03731346130371,1862700.0,0.0679929880425333,1.16,0.99,1.04,1.16,1.27,1.35,1.48,1.78,2.01,2.2,2.53,2.79
2017-09-14,27.030707013572975,27.20237388712201,26.94487609545912,27.162757873535156,1157900.0,-1.8309211842715736,1.16,0.99,1.05,1.17,1.28,1.37,1.5,1.79,2.01,2.2,2.52,2.77
2017-09-15,27.116542430785444,27.275003978045323,27.004300828749532,27.156158447265625,1846100.0,-1.5087267160415647,1.16,0.98,1.05,1.17,1.3,1.39,1.53,1.81,2.04,2.2,2.52,2.77
2017-09-16,27.116542430785444,27.275003978045323,27.004300828749532,27.156158447265625,1846100.0,-1.5087267160415647,1.16,0.98,1.05,1.17,1.3,1.39,1.53,1.81,2.04,2.2,2.52,2.77
2017-09-17,27.116542430785444,27.275003978045323,27.004300828749532,27.156158447265625,1846100.0,-1.5087267160415647,1.16,0.98,1.05,1.17,1.3,1.39,1.53,1.81,2.04,2.2,2.52,2.77
2017-09-18,27.136351563516783,27.327825215333267,26.944880430361376,27.043916702270508,2128900.0,-0.0813476145267486,1.16,0.96,1.05,1.18,1.3,1.4,1.54,1.83,2.06,2.23,2.56,2.8
2017-09-19,27.129746547395825,27.28820808751689,26.997695683738396,27.215579986572266,1298600.0,-1.9062124900519848,1.16,0.97,1.04,1.19,1.31,1.4,1.55,1.84,2.07,2.24,2.57,2.81
2017-09-20,27.26839759772885,27.552306060326497,27.109938583376117,27.275001525878903,1766600.0,0.1524384710937738,1.16,0.98,1.04,1.2,1.32,1.45,1.6,1.89,2.12,2.28,2.59,2.82
2017-09-21,27.261803562655032,27.440071891019542,27.228791468956707,27.36083984375,1452400.0,0.7376026692800222,1.16,0.99,1.04,1.19,1.31,1.45,1.59,1.89,2.11,2.27,2.57,2.8
2017-09-22,27.400450230006538,27.473078332397098,27.01090155972507,27.09673500061035,1657900.0,-1.325194142758846,1.16,0.97,1.03,1.19,1.3,1.46,1.58,1.88,2.1,2.26,2.57,2.8
2017-09-23,27.400450230006538,27.473078332397098,27.01090155972507,27.09673500061035,1657900.0,-1.325194142758846,1.16,0.97,1.03,1.19,1.3,1.46,1.58,1.88,2.1,2.26,2.57,2.8
2017-09-24,27.400450230006538,27.473078332397098,27.01090155972507,27.09673500061035,1657900.0,-1.325194142758846,1.16,0.97,1.03,1.19,1.3,1.46,1.58,1.88,2.1,2.26,2.57,2.8
2017-09-25,27.136347881254153,27.30801475912671,26.92506750745772,27.22218132019043,1517500.0,-0.0698784217238426,1.16,0.97,1.05,1.19,1.3,1.44,1.56,1.85,2.07,2.22,2.53,2.76
2017-09-26,27.228785324804083,27.268398820838797,27.017502431755755,27.215579986572266,1727400.0,-0.518706320784986,1.16,0.96,1.06,1.19,1.31,1.45,1.57,1.87,2.08,2.24,2.54,2.78
2017-09-27,27.208975295034698,27.281603393942422,27.01750167403445,27.228784561157227,1955400.0,0.9905341742560267,1.16,0.99,1.07,1.2,1.33,1.47,1.6,1.91,2.14,2.31,2.62,2.86
2017-09-28,27.327820814649527,27.519294435632418,27.22218063042805,27.420255661010746,1942800.0,-0.2990877516567706,1.16,0.97,1.06,1.18,1.31,1.45,1.59,1.89,2.13,2.31,2.63,2.87
2017-09-29,27.36743546401011,27.664549254403862,27.341024789606102,27.62493324279785,2085900.0,-1.7316514244303105,1.06,0.96,1.06,1.2,1.31,1.47,1.62,1.92,2.16,2.33,2.63,2.86
2017-09-30,27.36743546401011,27.664549254403862,27.341024789606102,27.62493324279785,2085900.0,-1.7316514244303105,1.06,0.96,1.06,1.2,1.31,1.47,1.62,1.92,2.16,2.33,2.63,2.86
2017-10-01,27.36743546401011,27.664549254403862,27.341024789606102,27.62493324279785,2085900.0,-1.7316514244303105,1.06,0.96,1.06,1.2,1.31,1.47,1.62,1.92,2.16,2.33,2.63,2.86
2017-10-02,27.565515518188477,27.73057848536326,27.45987531994306,27.565515518188477,1458800.0,0.5889092497527597,1.16,0.95,1.01,1.22,1.31,1.49,1.63,1.94,2.17,2.34,2.64,2.87
2017-10-03,27.572109163713662,27.79659483659739,27.47307292249632,27.710763931274418,2222800.0,-0.4100763723254202,1.16,1.01,1.07,1.21,1.32,1.47,1.62,1.92,2.15,2.33,2.63,2.87
2017-10-04,27.723970938800996,27.77678976690293,27.58531616287998,27.605125427246097,2184000.0,-0.0300094373524189,1.16,1.0,1.08,1.21,1.33,1.47,1.62,1.92,2.15,2.33,2.64,2.87
2017-10-05,27.55891405842237,27.631539648174144,27.34763114364842,27.380645751953125,1825900.0,0.2561725378036499,1.16,1.02,1.07,1.21,1.35,1.49,1.63,1.94,2.17,2.35,2.65,2.89
2017-10-06,27.32122460266035,27.360838105116596,26.97128937944297,27.28160858154297,1805900.0,-0.2292647957801818,1.16,1.03,1.07,1.22,1.35,1.54,1.66,1.97,2.2,2.37,2.68,2.91
2017-10-07,27.32122460266035,27.360838105116596,26.97128937944297,27.28160858154297,1805900.0,-0.2292647957801818,1.16,1.03,1.07,1.22,1.35,1.54,1.66,1.97,2.2,2.37,2.68,2.91
2017-10-08,27.32122460266035,27.360838105116596,26.97128937944297,27.28160858154297,1805900.0,-0.2292647957801818,1.16,1.03,1.07,1.22,1.35,1.54,1.66,1.97,2.2,2.37,2.68,2.91
2017-10-09,27.32122460266035,27.360838105116596,26.97128937944297,27.28160858154297,1805900.0,-0.2292647957801818,1.16,1.03,1.07,1.22,1.35,1.54,1.66,1.97,2.2,2.37,2.68,2.91
2017-10-10,27.37404573413136,27.512698041642704,27.261804109573045,27.308021545410156,1209200.0,-0.3020841553807258,1.16,1.03,1.08,1.26,1.42,1.51,1.64,1.95,2.18,2.35,2.65,2.88
2017-10-11,27.26840507715807,27.56551895889035,27.26840507715807,27.539108276367188,1359100.0,-0.610776089131832,1.16,1.04,1.1,1.25,1.4,1.51,1.66,1.95,2.17,2.35,2.64,2.88
2017-10-12,27.393844604492184,27.545702195821143,27.30801117681568,27.393844604492188,1671700.0,-0.945959746838525,1.16,0.99,1.09,1.27,1.41,1.51,1.66,1.95,2.16,2.33,2.62,2.86
2017-10-13,27.51268759533452,27.545702195821143,27.374035340468133,27.393844604492188,1179200.0,-0.1036990880966186,1.16,0.97,1.09,1.26,1.39,1.51,1.64,1.91,2.12,2.28,2.58,2.81
2017-10-14,27.51268759533452,27.545702195821143,27.374035340468133,27.393844604492188,1179200.0,-0.1036990880966186,1.16,0.97,1.09,1.26,1.39,1.51,1.64,1.91,2.12,2.28,2.58,2.81
2017-10-15,27.51268759533452,27.545702195821143,27.374035340468133,27.393844604492188,1179200.0,-0.1036990880966186,1.16,0.97,1.09,1.26,1.39,1.51,1.64,1.91,2.12,2.28,2.58,2.81
2017-10-16,27.33442740645709,27.453272940119493,27.268400710721913,27.407052993774418,1008000.0,-0.6627713218331334,1.16,0.97,1.1,1.24,1.42,1.54,1.68,1.95,2.15,2.3,2.58,2.82
2017-10-17,27.387241892340413,27.407048638583067,27.09012810539807,27.268396377563477,1568900.0,-0.5281304642558097,1.16,0.99,1.09,1.25,1.41,1.54,1.69,1.97,2.15,2.3,2.58,2.8
2017-10-18,27.294809364936,27.30141077468953,26.63455756851148,26.713787078857425,1885300.0,0.0231082141399382,1.16,0.99,1.09,1.24,1.42,1.59,1.7,1.99,2.19,2.34,2.62,2.85
2017-10-19,26.608139499907704,26.878842560488657,26.50249934257514,26.627948760986328,2989000.0,0.0709818452596664,1.16,0.99,1.1,1.25,1.41,1.58,1.69,1.98,2.18,2.33,2.6,2.83
2017-10-20,26.56192871761064,26.575134055405396,25.94789436278792,25.954498291015625,3889400.0,0.1096080280840396,1.16,0.99,1.11,1.27,1.43,1.6,1.72,2.03,2.24,2.39,2.67,2.89
2017-10-21,26.56192871761064,26.575134055405396,25.94789436278792,25.954498291015625,3889400.0,0.1096080280840396,1.16,0.99,1.11,1.27,1.43,1.6,1.72,2.03,2.24,2.39,2.67,2.89
2017-10-22,26.56192871761064,26.575134055405396,25.94789436278792,25.954498291015625,3889400.0,0.1096080280840396,1.16,0.99,1.11,1.27,1.43,1.6,1.72,2.03,2.24,2.39,2.67,2.89
2017-10-23,26.046936762044552,26.11956487069354,25.677194808313793,25.782835006713867,2386600.0,0.1096080280840396,1.16,1.0,1.09,1.25,1.42,1.58,1.7,2.01,2.22,2.38,2.66,2.89
2017-10-24,25.84886041692645,26.000718037143756,25.591360084911845,25.657386779785156,2844300.0,-0.1390071138739586,1.16,1.0,1.12,1.27,1.43,1.6,1.73,2.05,2.26,2.42,2.7,2.92
2017-10-25,25.67719272889291,25.68379665750492,24.97732741566762,25.09617042541504,3476900.0,0.3535595163702963,1.16,1.01,1.12,1.27,1.43,1.61,1.74,2.06,2.28,2.44,2.72,2.95
2017-10-26,25.115977477524087,25.22821906742131,24.96411987543106,25.063156127929688,2882800.0,-0.755905918776989,1.16,0.99,1.11,1.29,1.43,1.63,1.76,2.07,2.3,2.46,2.74,2.96
2017-10-27,25.01694014164823,25.40648880194425,24.825466516374096,25.366872787475582,3080600.0,-3.7611846551299095,1.16,0.98,1.1,1.28,1.42,1.59,1.73,2.03,2.26,2.42,2.71,2.93
2017-10-28,25.01694014164823,25.40648880194425,24.825466516374096,25.366872787475582,3080600.0,-3.7611846551299095,1.16,0.98,1.1,1.28,1.42,1.59,1.73,2.03,2.26,2.42,2.71,2.93
2017-10-29,25.01694014164823,25.40648880194425,24.825466516374096,25.366872787475582,3080600.0,-3.7611846551299095,1.16,0.98,1.1,1.28,1.42,1.59,1.73,2.03,2.26,2.42,2.71,2.93
2017-10-30,25.399890810595053,25.677195393214088,25.380081541364365,25.47251892089844,1860900.0,-0.0557447522878647,1.16,0.97,1.12,1.24,1.42,1.58,1.71,2.0,2.22,2.37,2.66,2.88
2017-10-31,25.406491090688597,25.55834871517417,25.31405623392877,25.393285751342773,2442200.0,-0.0557447522878647,1.07,0.99,1.15,1.28,1.43,1.6,1.73,2.01,2.23,2.38,2.66,2.88
2017-11-01,25.32726632023835,25.6177762843125,25.29425422501697,25.30085563659668,2767800.0,-1.1686961967498064,1.16,1.06,1.18,1.3,1.46,1.61,1.74,2.01,2.22,2.37,2.63,2.85
2017-11-02,25.23482218544324,25.23482218544324,24.178417895409815,24.23784065246582,5013100.0,0.4969174563884733,1.16,1.02,1.17,1.29,1.46,1.61,1.73,2.0,2.21,2.35,2.61,2.83
2017-11-03,24.495337269068244,24.501941196573725,24.092585844347145,24.224634170532227,2784400.0,-0.5484014190733433,1.16,1.02,1.18,1.31,1.49,1.63,1.74,1.99,2.19,2.34,2.59,2.82
2017-11-04,24.495337269068244,24.501941196573725,24.092585844347145,24.224634170532227,2784400.0,-0.5484014190733433,1.16,1.02,1.18,1.31,1.49,1.63,1.74,1.99,2.19,2.34,2.59,2.82
2017-11-05,24.495337269068244,24.501941196573725,24.092585844347145,24.224634170532227,2784400.0,-0.5484014190733433,1.16,1.02,1.18,1.31,1.49,1.63,1.74,1.99,2.19,2.34,2.59,2.82
2017-11-06,24.31707641723742,24.36329384443256,24.105793511781336,24.31047248840332,2575800.0,-0.3200099766254424,1.16,1.03,1.19,1.3,1.5,1.61,1.73,1.99,2.17,2.32,2.58,2.8
2017-11-07,24.257649917258153,24.29726340952183,24.118995138353807,24.23784065246582,3236500.0,-0.9077137567510364,1.16,1.05,1.22,1.33,1.49,1.63,1.75,1.99,2.17,2.32,2.56,2.77
2017-11-08,24.36989035761656,24.36989035761656,24.218032767538727,24.290660858154297,2899200.0,-0.7634387910366058,1.16,1.05,1.23,1.35,1.53,1.65,1.77,2.01,2.19,2.32,2.57,2.79
2017-11-09,24.257654198969377,24.257654198969377,24.112397985268785,24.191627502441406,2299600.0,-0.2643461180850864,1.16,1.07,1.24,1.36,1.53,1.63,1.75,2.01,2.2,2.33,2.59,2.81
2017-11-10,24.191623454474303,24.191623454474303,23.986947026138303,24.085983276367188,2128700.0,0.0309449229389429,1.16,1.06,1.23,1.37,1.54,1.67,1.79,2.06,2.27,2.4,2.67,2.88
2017-11-11,24.191623454474303,24.191623454474303,23.986947026138303,24.085983276367188,2128700.0,0.0309449229389429,1.16,1.06,1.23,1.37,1.54,1.67,1.79,2.06,2.27,2.4,2.67,2.88
2017-11-12,24.191623454474303,24.191623454474303,23.986947026138303,24.085983276367188,2128700.0,0.0309449229389429,1.16,1.06,1.23,1.37,1.54,1.67,1.79,2.06,2.27,2.4,2.67,2.88
2017-11-13,24.013354331439142,24.013354331439142,23.76906190046484,23.914318084716797,2393800.0,-0.7651075199246405,1.16,1.07,1.24,1.37,1.55,1.7,1.82,2.08,2.27,2.4,2.67,2.87
2017-11-14,23.96049355367909,23.98725563800896,23.29139294952357,23.398448944091797,6841900.0,-4.226867247372866,1.16,1.06,1.26,1.4,1.55,1.68,1.81,2.06,2.26,2.38,2.64,2.84
2017-11-15,23.25124389297586,23.35829987786846,23.010367288863502,23.09735107421875,4243600.0,-0.8609475605189798,1.16,1.08,1.25,1.39,1.55,1.68,1.79,2.04,2.21,2.33,2.58,2.77
2017-11-16,23.13749838569809,23.237861937362418,23.043822164095573,23.083969116210938,2755500.0,0.078420529142022,1.16,1.08,1.27,1.42,1.59,1.72,1.83,2.07,2.25,2.37,2.62,2.81
2017-11-17,23.09064989148303,23.538948413167876,23.057195387456407,23.52556610107422,5705800.0,0.078420529142022,1.16,1.08,1.29,1.42,1.6,1.73,1.83,2.06,2.23,2.35,2.59,2.78
2017-11-18,23.09064989148303,23.538948413167876,23.057195387456407,23.52556610107422,5705800.0,0.078420529142022,1.16,1.08,1.29,1.42,1.6,1.73,1.83,2.06,2.23,2.35,2.59,2.78
2017-11-19,23.09064989148303,23.538948413167876,23.057195387456407,23.52556610107422,5705800.0,0.078420529142022,1.16,1.08,1.29,1.42,1.6,1.73,1.83,2.06,2.23,2.35,2.59,2.78
2017-11-20,23.69953186630361,24.12106577825883,23.58578603822886,24.000627517700195,4260600.0,0.4386836709454654,1.16,1.09,1.3,1.46,1.62,1.77,1.86,2.09,2.26,2.37,2.6,2.78
2017-11-21,24.22143881931174,24.669734933017185,24.127765156890653,24.62289810180664,4647100.0,0.6396359167993068,1.16,1.15,1.3,1.45,1.62,1.77,1.88,2.11,2.27,2.36,2.58,2.76
2017-11-22,24.84370756323424,24.94407112812924,24.59613848784385,24.74334144592285,4806100.0,0.3046957030892371,1.16,1.16,1.29,1.45,1.61,1.74,1.84,2.05,2.22,2.32,2.57,2.75
2017-11-23,24.84370756323424,24.94407112812924,24.59613848784385,24.74334144592285,4806100.0,0.3046957030892371,1.16,1.16,1.29,1.45,1.61,1.74,1.84,2.05,2.22,2.32,2.57,2.75
2017-11-24,25.03104462297058,25.10464607171409,24.816932709761467,24.86376953125,1691600.0,0.0569234862923621,1.16,1.14,1.29,1.45,1.61,1.75,1.85,2.07,2.23,2.34,2.58,2.76
2017-11-25,25.03104462297058,25.10464607171409,24.816932709761467,24.86376953125,1691600.0,0.0569234862923621,1.16,1.14,1.29,1.45,1.61,1.75,1.85,2.07,2.23,2.34,2.58,2.76
2017-11-26,25.03104462297058,25.10464607171409,24.816932709761467,24.86376953125,1691600.0,0.0569234862923621,1.16,1.14,1.29,1.45,1.61,1.75,1.85,2.07,2.23,2.34,2.58,2.76
2017-11-27,24.95744501175967,24.964137445273828,24.248200204190937,24.268272399902344,3280800.0,-0.3258546171709895,1.16,1.15,1.27,1.41,1.62,1.74,1.84,2.06,2.21,2.32,2.57,2.76
2017-11-28,24.38871405847688,24.482387721330916,24.208056614794423,24.26158332824707,1806000.0,-0.3417588025331496,1.16,1.16,1.3,1.46,1.61,1.75,1.85,2.07,2.24,2.34,2.58,2.77
2017-11-29,24.194674101032614,24.24820336646464,23.70623103983678,23.840051651000977,3064500.0,1.0992239385377611,1.16,1.17,1.29,1.45,1.61,1.78,1.86,2.09,2.27,2.37,2.62,2.81
2017-11-30,25.405748577370773,25.874116918172177,24.85039389839765,25.231781005859375,6969400.0,0.4739544093608855,1.07,1.14,1.27,1.44,1.62,1.78,1.9,2.14,2.31,2.42,2.65,2.83
2017-12-01,25.506109380134102,25.666694617120292,25.28530755074582,25.619857788085938,5912100.0,0.4739544093608855,1.16,1.14,1.27,1.45,1.62,1.78,1.9,2.13,2.28,2.37,2.58,2.76
2017-12-02,25.506109380134102,25.666694617120292,25.28530755074582,25.619857788085938,5912100.0,0.4739544093608855,1.16,1.14,1.27,1.45,1.62,1.78,1.9,2.13,2.28,2.37,2.58,2.76
2017-12-03,25.506109380134102,25.666694617120292,25.28530755074582,25.619857788085938,5912100.0,0.4739544093608855,1.16,1.14,1.27,1.45,1.62,1.78,1.9,2.13,2.28,2.37,2.58,2.76
2017-12-04,25.7135310872583,25.72691340285501,25.512801458139062,25.63323974609375,3287900.0,0.7583704199641942,1.16,1.16,1.29,1.45,1.66,1.8,1.93,2.15,2.29,2.37,2.58,2.77
2017-12-05,25.660001040401188,25.75367724671432,25.613164213452436,25.686765670776367,2246700.0,-1.5240886611863966,1.16,1.21,1.3,1.48,1.64,1.83,1.94,2.15,2.28,2.36,2.55,2.73
2017-12-06,25.69346066538936,25.780441894154475,25.439201756314972,25.519493103027344,2288500.0,-0.609465976245701,1.16,1.18,1.3,1.48,1.68,1.78,1.92,2.11,2.25,2.33,2.53,2.71
2017-12-07,25.43250761328813,25.77375028061881,25.352216271969738,25.72691345214844,1943300.0,-0.3985543083399532,1.16,1.16,1.29,1.47,1.67,1.8,1.92,2.14,2.29,2.37,2.58,2.76
2017-12-08,25.78043893951621,25.80720356949153,25.4458887220715,25.653310775756836,1613800.0,-0.8471543788909913,1.16,1.14,1.28,1.45,1.65,1.8,1.92,2.14,2.29,2.38,2.59,2.77
2017-12-09,25.78043893951621,25.80720356949153,25.4458887220715,25.653310775756836,1613800.0,-0.8471543788909913,1.16,1.14,1.28,1.45,1.65,1.8,1.92,2.14,2.29,2.38,2.59,2.77
2017-12-10,25.78043893951621,25.80720356949153,25.4458887220715,25.653310775756836,1613800.0,-0.8471543788909913,1.16,1.14,1.28,1.45,1.65,1.8,1.92,2.14,2.29,2.38,2.59,2.77
2017-12-11,25.753676942166457,25.94771412905286,25.55294476914197,25.793821334838867,2355300.0,-1.114734876668081,1.16,1.18,1.33,1.47,1.69,1.82,1.95,2.16,2.3,2.39,2.59,2.77
2017-12-12,25.78713211723778,25.920952718559825,25.5930923729416,25.673383712768555,1977500.0,-2.1932993680238724,1.17,1.26,1.34,1.49,1.7,1.83,1.95,2.18,2.32,2.4,2.6,2.79
2017-12-13,25.55294444260061,25.93433148260841,25.55294444260061,25.854040145874023,3589500.0,-0.4494981239549815,1.17,1.22,1.3,1.47,1.68,1.79,1.9,2.12,2.26,2.36,2.56,2.74
2017-12-14,25.820592084543716,26.14845249942854,25.80720976634268,25.87411880493164,3843700.0,-0.2640471756458281,1.41,1.21,1.32,1.48,1.7,1.82,1.92,2.14,2.27,2.35,2.53,2.71
2017-12-15,25.894189476511077,26.10160899488921,25.827277896053765,25.90757179260254,2798100.0,0.0032304869964717,1.41,1.24,1.31,1.48,1.71,1.84,1.95,2.16,2.28,2.35,2.52,2.68
2017-12-16,25.894189476511077,26.10160899488921,25.827277896053765,25.90757179260254,2798100.0,0.0032304869964717,1.41,1.24,1.31,1.48,1.71,1.84,1.95,2.16,2.28,2.35,2.52,2.68
2017-12-17,25.894189476511077,26.10160899488921,25.827277896053765,25.90757179260254,2798100.0,0.0032304869964717,1.41,1.24,1.31,1.48,1.71,1.84,1.95,2.16,2.28,2.35,2.52,2.68
2017-12-18,26.074847029404506,26.355868011309457,26.054772278971424,26.141756057739254,2887800.0,-0.3195486478507519,1.42,1.26,1.38,1.51,1.7,1.84,1.94,2.17,2.3,2.39,2.57,2.74
2017-12-19,26.181904114914516,26.248813146082664,25.947717400994136,25.98117446899414,2355200.0,-1.5814428518060597,1.42,1.25,1.37,1.51,1.71,1.87,1.97,2.23,2.37,2.46,2.66,2.82
2017-12-20,26.021314020694017,26.05476853004775,25.71352845077496,25.780437469482425,2054100.0,0.0181843359023332,1.42,1.22,1.38,1.51,1.72,1.87,1.98,2.24,2.4,2.49,2.71,2.88
2017-12-21,25.753683853624665,26.001250367067296,25.50611478776574,25.867429733276367,2057200.0,-0.9245907496660948,1.42,1.21,1.35,1.54,1.73,1.89,2.01,2.26,2.39,2.48,2.68,2.84
2017-12-22,25.83396303985793,25.894182169067523,25.63992333991424,25.84734535217285,1613100.0,-0.208024002611637,1.42,1.15,1.33,1.54,1.73,1.91,2.01,2.26,2.4,2.48,2.68,2.83
2017-12-23,25.83396303985793,25.894182169067523,25.63992333991424,25.84734535217285,1613100.0,-0.208024002611637,1.42,1.15,1.33,1.54,1.73,1.91,2.01,2.26,2.4,2.48,2.68,2.83
2017-12-24,25.83396303985793,25.894182169067523,25.63992333991424,25.84734535217285,1613100.0,-0.208024002611637,1.42,1.15,1.33,1.54,1.73,1.91,2.01,2.26,2.4,2.48,2.68,2.83
2017-12-25,25.83396303985793,25.894182169067523,25.63992333991424,25.84734535217285,1613100.0,-0.208024002611637,1.42,1.15,1.33,1.54,1.73,1.91,2.01,2.26,2.4,2.48,2.68,2.83
2017-12-26,25.860736078241395,26.07484804011094,25.80051692943959,25.96109962463379,939400.0,-0.4079649727791548,1.42,1.24,1.47,1.52,1.75,1.92,2.02,2.25,2.38,2.47,2.66,2.82
2017-12-27,25.94772312605059,26.094926089998214,25.86743176045029,26.028017044067383,1528300.0,1.3457534350454805,1.42,1.18,1.44,1.53,1.75,1.89,1.99,2.22,2.34,2.42,2.59,2.75
2017-12-28,26.05477611250759,26.262198214729423,25.99455695717971,26.23543357849121,1518500.0,1.1282714428380127,1.42,1.19,1.39,1.54,1.76,1.91,2.0,2.23,2.36,2.43,2.6,2.75
2017-12-29,26.309030460861305,26.349177408212743,26.10160839483581,26.168519973754883,1824700.0,-0.725858923047781,1.33,1.28,1.39,1.53,1.76,1.89,1.98,2.2,2.33,2.4,2.58,2.74
2017-12-30,26.309030460861305,26.349177408212743,26.10160839483581,26.168519973754883,1824700.0,-0.725858923047781,1.33,1.28,1.39,1.53,1.76,1.89,1.98,2.2,2.33,2.4,2.58,2.74
2017-12-31,26.309030460861305,26.349177408212743,26.10160839483581,26.168519973754883,1824700.0,-0.725858923047781,1.33,1.28,1.39,1.53,1.76,1.89,1.98,2.2,2.33,2.4,2.58,2.74
2018-01-01,26.309030460861305,26.349177408212743,26.10160839483581,26.168519973754883,1824700.0,-0.725858923047781,1.33,1.28,1.39,1.53,1.76,1.89,1.98,2.2,2.33,2.4,2.58,2.74
2018-01-02,26.335797033890472,26.911223892935897,26.215358735373243,26.857694625854492,2464100.0,0.6054339855909348,1.42,1.29,1.44,1.61,1.83,1.92,2.01,2.25,2.38,2.46,2.64,2.81
2018-01-03,26.958055910397505,27.098566382765465,26.710486922988647,27.038347244262695,1839000.0,1.0209301374852655,1.42,1.29,1.41,1.59,1.81,1.94,2.02,2.25,2.37,2.44,2.62,2.78
2018-01-04,27.158784217180894,27.29929468280194,27.091875200908593,27.27922248840332,2025700.0,-1.194827228784561,1.42,1.28,1.41,1.6,1.82,1.96,2.05,2.27,2.38,2.46,2.62,2.79
2018-01-05,27.45988298994319,27.573628840908235,27.15878727795388,27.259153366088867,2499700.0,-0.0942465290427208,1.42,1.27,1.39,1.58,1.8,1.96,2.06,2.29,2.4,2.47,2.64,2.81
2018-01-06,27.45988298994319,27.573628840908235,27.15878727795388,27.259153366088867,2499700.0,-0.0942465290427208,1.42,1.27,1.39,1.58,1.8,1.96,2.06,2.29,2.4,2.47,2.64,2.81
2018-01-07,27.45988298994319,27.573628840908235,27.15878727795388,27.259153366088867,2499700.0,-0.0942465290427208,1.42,1.27,1.39,1.58,1.8,1.96,2.06,2.29,2.4,2.47,2.64,2.81
2018-01-08,27.26585042790077,27.339451904927113,27.158794430157812,27.25246810913086,1497000.0,0.7232289314270018,1.42,1.3,1.45,1.6,1.79,1.96,2.07,2.29,2.41,2.49,2.65,2.81
2018-01-09,27.359518196082757,27.359518196082757,26.91122210001478,26.924604415893555,1726200.0,-0.1381173171102998,1.42,1.27,1.44,1.6,1.78,1.98,2.09,2.33,2.46,2.55,2.72,2.88
2018-01-10,26.857694992321775,26.998205491703793,26.08823091064693,26.201976776123047,3758400.0,-0.5317264515906571,1.42,1.31,1.42,1.59,1.78,1.98,2.08,2.32,2.47,2.55,2.73,2.88
2018-01-11,26.322414890370325,26.462925388759928,26.12837512454699,26.422780990600582,2389100.0,0.9095504730939864,1.42,1.32,1.43,1.58,1.77,1.98,2.09,2.32,2.46,2.54,2.72,2.91
2018-01-12,26.53652619958716,26.683729128976747,26.39601570466941,26.59005546569824,2462500.0,0.1302276775240898,1.42,1.31,1.43,1.59,1.78,1.99,2.12,2.35,2.48,2.55,2.71,2.85
2018-01-13,26.53652619958716,26.683729128976747,26.39601570466941,26.59005546569824,2462500.0,0.1302276775240898,1.42,1.31,1.43,1.59,1.78,1.99,2.12,2.35,2.48,2.55,2.71,2.85
2018-01-14,26.53652619958716,26.683729128976747,26.39601570466941,26.59005546569824,2462500.0,0.1302276775240898,1.42,1.31,1.43,1.59,1.78,1.99,2.12,2.35,2.48,2.55,2.71,2.85
2018-01-15,26.53652619958716,26.683729128976747,26.39601570466941,26.59005546569824,2462500.0,0.1302276775240898,1.42,1.31,1.43,1.59,1.78,1.99,2.12,2.35,2.48,2.55,2.71,2.85
2018-01-16,26.79747875896672,26.810861077376245,26.52984004802496,26.6168212890625,1842800.0,0.3117817193269729,1.42,1.33,1.45,1.63,1.79,2.03,2.12,2.36,2.48,2.54,2.69,2.83
2018-01-17,26.730562153966936,26.757326783210974,26.315720610346418,26.63688850402832,1711100.0,0.2935517951846123,1.42,1.31,1.44,1.63,1.79,2.05,2.15,2.39,2.51,2.57,2.71,2.84
2018-01-18,26.63019639972745,26.650271148116417,26.342483012835945,26.576669692993164,1741300.0,-0.0920490622520446,1.42,1.29,1.45,1.63,1.79,2.05,2.17,2.43,2.55,2.62,2.77,2.9
2018-01-19,26.54991097959468,26.596747815579768,26.28896216413029,26.355871200561523,2028300.0,-0.5561605149414389,1.42,1.28,1.44,1.62,1.79,2.06,2.2,2.45,2.57,2.64,2.78,2.91
2018-01-20,26.54991097959468,26.596747815579768,26.28896216413029,26.355871200561523,2028300.0,-0.5561605149414389,1.42,1.28,1.44,1.62,1.79,2.06,2.2,2.45,2.57,2.64,2.78,2.91
2018-01-21,26.54991097959468,26.596747815579768,26.28896216413029,26.355871200561523,2028300.0,-0.5561605149414389,1.42,1.28,1.44,1.62,1.79,2.06,2.2,2.45,2.57,2.64,2.78,2.91
2018-01-22,26.44954230393418,26.523143768310547,26.29564949315445,26.523143768310547,2593200.0,-0.1920308973640203,1.42,1.27,1.44,1.65,1.79,2.08,2.21,2.46,2.59,2.66,2.79,2.93
2018-01-23,26.47630770561836,26.569981371211423,26.322414890370325,26.422780990600582,2757300.0,0.3395942263305186,1.42,1.26,1.44,1.63,1.78,2.06,2.18,2.43,2.55,2.63,2.77,2.9
2018-01-24,26.590055307216097,26.63019970414425,26.315724201071593,26.42947006225586,2396700.0,0.1757008712738753,1.42,1.25,1.43,1.63,1.79,2.08,2.2,2.43,2.57,2.65,2.8,2.93
2018-01-25,26.54321313692917,26.67034385363112,25.72691233862301,25.84065818786621,2478800.0,0.117780216038227,1.42,1.23,1.42,1.64,1.8,2.08,2.2,2.41,2.55,2.63,2.76,2.89
2018-01-26,25.867427990757424,25.900882508847474,25.479350986563848,25.552949905395508,2959800.0,0.2961121313273905,1.42,1.24,1.41,1.64,1.8,2.13,2.24,2.47,2.6,2.66,2.79,2.91
2018-01-27,25.867427990757424,25.900882508847474,25.479350986563848,25.552949905395508,2959800.0,0.2961121313273905,1.42,1.24,1.41,1.64,1.8,2.13,2.24,2.47,2.6,2.66,2.79,2.91
2018-01-28,25.867427990757424,25.900882508847474,25.479350986563848,25.552949905395508,2959800.0,0.2961121313273905,1.42,1.24,1.41,1.64,1.8,2.13,2.24,2.47,2.6,2.66,2.79,2.91
2018-01-29,25.47265030123891,25.47265030123891,25.131410243377807,25.144792556762695,3563600.0,-2.1625664159655567,1.42,1.28,1.44,1.66,1.8,2.11,2.26,2.49,2.63,2.7,2.82,2.94
2018-01-30,25.057816851833223,25.164872840914576,24.60282826013345,24.629592895507812,3237500.0,-0.5366285182535647,1.42,1.49,1.44,1.66,1.88,2.13,2.27,2.51,2.65,2.73,2.86,2.98
2018-01-31,24.716567128381467,24.716567128381467,24.355254862870236,24.50914764404297,2326600.0,0.7226261515170336,1.34,1.43,1.46,1.66,1.9,2.14,2.29,2.52,2.66,2.72,2.83,2.95
2018-02-01,24.50915380402806,24.569372955484287,23.967181440922012,23.993946075439453,3740500.0,0.0846768617630004,1.42,1.41,1.48,1.64,1.89,2.16,2.33,2.56,2.72,2.78,2.9,3.01
2018-02-02,23.826670071111256,23.826670071111256,23.18433418056792,23.217788696289062,5280300.0,0.5606693401932715,1.42,1.4,1.48,1.65,1.88,2.15,2.33,2.58,2.76,2.84,2.97,3.08
2018-02-03,23.826670071111256,23.826670071111256,23.18433418056792,23.217788696289062,5280300.0,0.5606693401932715,1.42,1.4,1.48,1.65,1.88,2.15,2.33,2.58,2.76,2.84,2.97,3.08
2018-02-04,23.826670071111256,23.826670071111256,23.18433418056792,23.217788696289062,5280300.0,0.5606693401932715,1.42,1.4,1.48,1.65,1.88,2.15,2.33,2.58,2.76,2.84,2.97,3.08
2018-02-05,23.117420863964416,23.4452812192554,22.889926600729954,22.99698257446289,5824000.0,0.9168882090598344,1.42,1.4,1.51,1.67,1.85,2.08,2.25,2.5,2.68,2.77,2.92,3.04
2018-02-06,22.916690113881337,23.552336043581608,22.488466239847863,23.44528007507324,5080800.0,0.2951035723090172,1.42,1.48,1.52,1.69,1.87,2.1,2.3,2.52,2.7,2.79,2.94,3.06
2018-02-07,23.565713037355188,23.612549853475464,23.217780580165247,23.52556610107422,3326600.0,0.1605319180525838,1.42,1.36,1.55,1.73,1.91,2.15,2.33,2.57,2.75,2.84,3.01,3.12
2018-02-08,23.625939854275916,23.625939854275916,22.976911544799805,22.976911544799805,4223600.0,-0.8631320865824816,1.42,1.32,1.55,1.73,1.91,2.13,2.32,2.57,2.76,2.85,3.03,3.14
2018-02-09,23.07058391313078,23.204404517694098,22.25428052246873,22.762798309326172,4121000.0,0.1222342867404223,1.42,1.31,1.55,1.73,1.89,2.05,2.26,2.52,2.72,2.83,3.02,3.14
2018-02-10,23.07058391313078,23.204404517694098,22.25428052246873,22.762798309326172,4121000.0,0.1222342867404223,1.42,1.31,1.55,1.73,1.89,2.05,2.26,2.52,2.72,2.83,3.02,3.14
2018-02-11,23.07058391313078,23.204404517694098,22.25428052246873,22.762798309326172,4121000.0,0.1222342867404223,1.42,1.31,1.55,1.73,1.89,2.05,2.26,2.52,2.72,2.83,3.02,3.14
2018-02-12,22.990291372145116,23.35160621989452,22.84308845956226,23.237857818603516,2968300.0,0.213674560189247,1.42,1.35,1.62,1.82,1.93,2.09,2.3,2.56,2.77,2.86,3.02,3.14
2018-02-13,23.130805368858557,23.505502588593487,22.956840352234188,23.43859100341797,2318000.0,-0.1341030746698378,1.42,1.34,1.59,1.8,1.95,2.1,2.3,2.54,2.74,2.83,2.99,3.11
2018-02-14,23.250385268586,23.379477644795895,22.978608843894342,23.30473899841309,4396200.0,0.674040388315916,1.42,1.32,1.58,1.81,1.98,2.17,2.4,2.65,2.84,2.91,3.07,3.18
2018-02-15,23.454211795414224,23.95020147232964,23.128081703408945,23.474594116210938,4973400.0,0.8625370096415277,1.42,1.3,1.58,1.82,1.99,2.19,2.4,2.65,2.83,2.9,3.04,3.15
2018-02-16,23.62407437647985,23.7259885852404,23.25038376065404,23.28435516357422,3346200.0,-0.1430004052817821,1.42,1.35,1.62,1.83,2.0,2.21,2.38,2.63,2.81,2.87,3.02,3.13
2018-02-17,23.62407437647985,23.7259885852404,23.25038376065404,23.28435516357422,3346200.0,-0.1430004052817821,1.42,1.35,1.62,1.83,2.0,2.21,2.38,2.63,2.81,2.87,3.02,3.13
2018-02-18,23.62407437647985,23.7259885852404,23.25038376065404,23.28435516357422,3346200.0,-0.1430004052817821,1.42,1.35,1.62,1.83,2.0,2.21,2.38,2.63,2.81,2.87,3.02,3.13
2018-02-19,23.62407437647985,23.7259885852404,23.25038376065404,23.28435516357422,3346200.0,-0.1430004052817821,1.42,1.35,1.62,1.83,2.0,2.21,2.38,2.63,2.81,2.87,3.02,3.13
2018-02-20,23.20282247421887,23.52215676082595,23.121287999813312,23.155261993408203,3189100.0,-0.0726254913024604,1.42,1.39,1.66,1.87,2.01,2.25,2.4,2.65,2.81,2.88,3.04,3.15
2018-02-21,23.20282589774096,23.528956067927485,23.134880492377818,23.175647735595703,2882400.0,0.2003931477665901,1.42,1.4,1.64,1.85,2.03,2.26,2.44,2.69,2.86,2.94,3.11,3.22
2018-02-22,23.236795154003563,23.250384233818565,22.727216324274764,22.74759864807129,2820600.0,-0.6378938816487787,1.42,1.34,1.63,1.84,2.02,2.25,2.42,2.66,2.84,2.92,3.09,3.21
2018-02-23,22.890282833644093,22.99219964850927,22.70683412199814,22.937843322753903,3100000.0,-0.1607907116413116,1.42,1.38,1.64,1.85,2.02,2.25,2.39,2.62,2.79,2.88,3.04,3.16
2018-02-24,22.890282833644093,22.99219964850927,22.70683412199814,22.937843322753903,3100000.0,-0.1607907116413116,1.42,1.38,1.64,1.85,2.02,2.25,2.39,2.62,2.79,2.88,3.04,3.16
2018-02-25,22.890282833644093,22.99219964850927,22.70683412199814,22.937843322753903,3100000.0,-0.1607907116413116,1.42,1.38,1.64,1.85,2.02,2.25,2.39,2.62,2.79,2.88,3.04,3.16
2018-02-26,22.944638438271216,23.066937575524772,22.788367894414375,23.046552658081055,2647900.0,0.520245563238859,1.42,1.39,1.66,1.87,2.03,2.22,2.37,2.6,2.77,2.86,3.03,3.15
2018-02-27,23.005787420004193,23.073730231477484,22.380702668671,22.41467666625977,2758500.0,0.6487849615514277,1.42,1.49,1.66,1.87,2.08,2.27,2.43,2.67,2.83,2.9,3.06,3.17
2018-02-28,22.469028008104807,22.536970812354248,21.612935456117413,21.61972999572754,3344900.0,0.3464035829529164,1.35,1.5,1.65,1.86,2.07,2.25,2.42,2.65,2.8,2.87,3.02,3.13
2018-03-01,21.606139573361084,21.77599916527721,21.38192496386883,21.612934112548828,3830900.0,0.2149675562977791,1.42,1.5,1.63,1.85,2.05,2.22,2.36,2.58,2.74,2.81,2.97,3.09
2018-03-02,21.48384564332836,21.54499391523137,21.273218778172165,21.38872337341309,2890900.0,-0.404632846824825,1.42,1.5,1.65,1.86,2.06,2.25,2.4,2.63,2.79,2.86,3.02,3.14
2018-03-03,21.48384564332836,21.54499391523137,21.273218778172165,21.38872337341309,2890900.0,-0.404632846824825,1.42,1.5,1.65,1.86,2.06,2.25,2.4,2.63,2.79,2.86,3.02,3.14
2018-03-04,21.48384564332836,21.54499391523137,21.273218778172165,21.38872337341309,2890900.0,-0.404632846824825,1.42,1.5,1.65,1.86,2.06,2.25,2.4,2.63,2.79,2.86,3.02,3.14
2018-03-05,21.273216915629103,21.511020625707648,21.212067353153877,21.449871063232425,2617100.0,0.954169190255925,1.42,1.53,1.7,1.86,2.06,2.24,2.41,2.65,2.81,2.88,3.04,3.16
2018-03-06,21.619731521098707,21.64690968145677,21.49743239133947,21.58576011657715,2077500.0,1.8814753070473669,1.42,1.56,1.68,1.87,2.06,2.25,2.42,2.65,2.81,2.88,3.03,3.14
2018-03-07,21.504229506352285,21.565379078553978,21.191688400366917,21.354753494262695,2486500.0,1.2234750017523766,1.42,1.57,1.68,1.87,2.05,2.25,2.42,2.65,2.81,2.89,3.04,3.15
2018-03-08,21.42269335330137,21.667290297610492,21.334365635027204,21.66049575805664,1779100.0,0.0559334978461263,1.42,1.57,1.67,1.89,2.05,2.25,2.42,2.63,2.79,2.86,3.01,3.13
2018-03-09,21.7895923159878,21.7895923159878,21.470256690037,21.748825073242188,2976200.0,-1.2151568867266178,1.42,1.57,1.67,1.89,2.03,2.27,2.45,2.65,2.82,2.9,3.04,3.16
2018-03-10,21.7895923159878,21.7895923159878,21.470256690037,21.748825073242188,2976200.0,-1.2151568867266178,1.42,1.57,1.67,1.89,2.03,2.27,2.45,2.65,2.82,2.9,3.04,3.16
2018-03-11,21.7895923159878,21.7895923159878,21.470256690037,21.748825073242188,2976200.0,-1.2151568867266178,1.42,1.57,1.67,1.89,2.03,2.27,2.45,2.65,2.82,2.9,3.04,3.16
2018-03-12,21.721647300484634,22.231227446121753,21.66729227501916,22.190460205078125,2267200.0,-0.0225659608840941,1.42,1.6,1.71,1.89,2.05,2.27,2.43,2.64,2.79,2.87,3.0,3.13
2018-03-13,22.29917260296451,22.48262131919046,22.12931296851667,22.34673309326172,2380400.0,-0.1844396833330393,1.42,1.64,1.73,1.9,2.03,2.26,2.41,2.62,2.77,2.84,2.98,3.1
2018-03-14,22.48941157596944,22.84271987969891,22.47582508784891,22.48261833190918,3616500.0,-0.4875537753105162,1.42,1.71,1.76,1.94,2.05,2.26,2.41,2.61,2.75,2.81,2.94,3.05
2018-03-15,22.564146802792376,22.570942637675472,20.8111959255093,21.37512969970703,10937000.0,-1.38853857666254,1.43,1.7,1.77,1.95,2.07,2.29,2.42,2.62,2.76,2.82,2.94,3.05
2018-03-16,21.49063740342157,21.891507484793404,21.286806388687673,21.429489135742188,10581700.0,-4.278027770807966,1.43,1.71,1.78,1.96,2.08,2.31,2.44,2.65,2.78,2.85,2.96,3.08
2018-03-17,21.49063740342157,21.891507484793404,21.286806388687673,21.429489135742188,10581700.0,-4.278027770807966,1.43,1.71,1.78,1.96,2.08,2.31,2.44,2.65,2.78,2.85,2.96,3.08
2018-03-18,21.49063740342157,21.891507484793404,21.286806388687673,21.429489135742188,10581700.0,-4.278027770807966,1.43,1.71,1.78,1.96,2.08,2.31,2.44,2.65,2.78,2.85,2.96,3.08
2018-03-19,21.436284436898813,21.490639465772436,20.709285439741823,20.858762741088867,4724800.0,-0.2029717583209275,1.43,1.7,1.8,1.99,2.08,2.31,2.45,2.65,2.78,2.85,2.97,3.09
2018-03-20,20.9606796047601,21.001445555052612,20.27444651119286,20.335596084594727,3736100.0,0.4997456520795821,1.44,1.76,1.81,1.97,2.08,2.34,2.49,2.69,2.82,2.89,3.01,3.12
2018-03-21,20.37635952094421,21.246041227419656,20.1725284987032,21.15091896057129,5241800.0,0.427380859851837,1.44,1.71,1.74,1.95,2.06,2.31,2.46,2.69,2.82,2.89,3.01,3.12
2018-03-22,20.960682240020745,20.98106456976645,20.593784753481728,20.81120491027832,3596700.0,-0.3153649866580963,1.68,1.67,1.72,1.95,2.05,2.29,2.43,2.63,2.76,2.83,2.94,3.06
2018-03-23,20.919914818138924,21.02862488891676,20.27444763896005,20.32200813293457,3651100.0,0.122674722224474,1.68,1.69,1.74,1.92,2.04,2.28,2.41,2.61,2.74,2.82,2.94,3.06
2018-03-24,20.919914818138924,21.02862488891676,20.27444763896005,20.32200813293457,3651100.0,0.122674722224474,1.68,1.69,1.74,1.92,2.04,2.28,2.41,2.61,2.74,2.82,2.94,3.06
2018-03-25,20.919914818138924,21.02862488891676,20.27444763896005,20.32200813293457,3651100.0,0.122674722224474,1.68,1.69,1.74,1.92,2.04,2.28,2.41,2.61,2.74,2.82,2.94,3.06
2018-03-26,20.410331693179604,20.532629525800303,20.070612467628084,20.34918212890625,4365900.0,2.1104474663734436,1.68,1.71,1.79,1.94,2.06,2.33,2.44,2.64,2.78,2.85,2.96,3.08
2018-03-27,20.47147728534381,21.103355169614034,20.28802991243135,20.682104110717773,5110700.0,0.1346893180161714,1.68,1.69,1.77,1.93,2.1,2.26,2.39,2.58,2.7,2.78,2.9,3.03
2018-03-28,20.559810099155143,20.81799617067218,20.51904415016322,20.62775421142578,3091900.0,-0.2536674989387392,1.68,1.65,1.73,1.95,2.12,2.28,2.41,2.59,2.72,2.77,2.89,3.01
2018-03-29,20.648135860184407,21.4091075599696,20.600575371933974,21.381929397583008,3688100.0,-0.623615054413676,1.68,1.63,1.73,1.93,2.09,2.27,2.39,2.56,2.68,2.74,2.85,2.97
2018-03-30,20.648135860184407,21.4091075599696,20.600575371933974,21.381929397583008,3688100.0,-0.623615054413676,1.68,1.63,1.73,1.93,2.09,2.27,2.39,2.56,2.68,2.74,2.85,2.97
2018-03-31,20.648135860184407,21.4091075599696,20.600575371933974,21.381929397583008,3688100.0,-0.623615054413676,1.68,1.63,1.73,1.93,2.09,2.27,2.39,2.56,2.68,2.74,2.85,2.97
2018-04-01,20.648135860184407,21.4091075599696,20.600575371933974,21.381929397583008,3688100.0,-0.623615054413676,1.68,1.63,1.73,1.93,2.09,2.27,2.39,2.56,2.68,2.74,2.85,2.97
2018-04-02,21.341164591733115,21.341164591733115,20.553015983319582,20.784025192260746,2702200.0,0.6554499417543409,1.68,1.68,1.77,1.92,2.08,2.25,2.37,2.55,2.67,2.73,2.85,2.97
2018-04-03,20.89953416713738,20.89953416713738,20.226890022534445,20.593786239624023,3386500.0,-0.6420214846730231,1.69,1.7,1.75,1.92,2.09,2.28,2.41,2.6,2.73,2.79,2.9,3.02
2018-04-04,20.39674325846315,21.10335859608523,20.11817358837139,20.98785400390625,4441500.0,-0.8474540337920188,1.69,1.67,1.71,1.9,2.07,2.28,2.42,2.61,2.73,2.79,2.91,3.03
2018-04-05,21.03541449218836,21.558582427175704,20.892733034969652,21.395517349243164,5973000.0,-0.2817622609436511,1.69,1.67,1.72,1.93,2.07,2.3,2.45,2.64,2.76,2.83,2.95,3.07
2018-04-06,21.347954283286683,21.60614030149275,21.076179186247163,21.218860626220703,2744900.0,-0.3624870702624319,1.69,1.68,1.73,1.91,2.06,2.27,2.4,2.58,2.7,2.77,2.89,3.01
2018-04-07,21.347954283286683,21.60614030149275,21.076179186247163,21.218860626220703,2744900.0,-0.3624870702624319,1.69,1.68,1.73,1.91,2.06,2.27,2.4,2.58,2.7,2.77,2.89,3.01
2018-04-08,21.347954283286683,21.60614030149275,21.076179186247163,21.218860626220703,2744900.0,-0.3624870702624319,1.69,1.68,1.73,1.91,2.06,2.27,2.4,2.58,2.7,2.77,2.89,3.01
2018-04-09,21.30719249296256,21.61293905071363,21.178098810751504,21.48384666442871,3710200.0,-0.6649849377572536,1.69,1.67,1.76,1.93,2.08,2.29,2.43,2.6,2.72,2.78,2.89,3.02
2018-04-10,21.72844394869049,22.027395969791066,21.68088345878477,21.80318260192871,2755600.0,0.0112091600894926,1.69,1.63,1.74,1.93,2.09,2.32,2.45,2.62,2.74,2.8,2.89,3.02
2018-04-11,21.762417787956373,21.8711278615778,21.66050225592707,21.674091339111328,2307900.0,-2.3470440930686887,1.69,1.64,1.73,1.95,2.09,2.32,2.45,2.62,2.72,2.79,2.87,2.99
2018-04-12,21.680883055434837,21.87112501151847,21.63332256641393,21.70806121826172,1629600.0,-4.030026105145224,1.69,1.65,1.75,1.95,2.11,2.34,2.49,2.67,2.78,2.83,2.92,3.05
2018-04-13,21.742033428692828,21.973042637546783,21.606145201393023,21.782800674438477,2240000.0,-2.2522704154253006,1.69,1.64,1.76,1.97,2.12,2.37,2.51,2.67,2.77,2.82,2.91,3.03
2018-04-14,21.742033428692828,21.973042637546783,21.606145201393023,21.782800674438477,2240000.0,-2.2522704154253006,1.69,1.64,1.76,1.97,2.12,2.37,2.51,2.67,2.77,2.82,2.91,3.03
2018-04-15,21.742033428692828,21.973042637546783,21.606145201393023,21.782800674438477,2240000.0,-2.2522704154253006,1.69,1.64,1.76,1.97,2.12,2.37,2.51,2.67,2.77,2.82,2.91,3.03
2018-04-16,21.843954109527164,22.305972608928094,21.76241960361913,22.142906188964844,2068800.0,-0.5463522924110293,1.69,1.64,1.79,1.98,2.12,2.39,2.52,2.69,2.78,2.83,2.91,3.03
2018-04-17,22.38749845805217,22.81554542662355,22.244816999145748,22.407880783081055,3252100.0,0.4296375289559362,1.69,1.68,1.8,2.02,2.16,2.41,2.52,2.68,2.77,2.82,2.89,3.0
2018-04-18,22.482622877002935,22.83593125215733,22.42147330069059,22.489416122436523,2928400.0,-0.4238287359476089,1.69,1.67,1.81,2.01,2.17,2.42,2.57,2.73,2.83,2.87,2.95,3.06
2018-04-19,22.61171467148306,22.61171467148306,21.65370769198978,21.728445053100582,4518600.0,0.6662196069955825,1.69,1.67,1.82,2.01,2.21,2.44,2.58,2.77,2.87,2.92,3.01,3.11
2018-04-20,21.721647988141385,21.742031609308498,21.18489225666814,21.20527458190918,4633700.0,0.4597484618425368,1.7,1.65,1.81,2.01,2.22,2.46,2.62,2.8,2.91,2.96,3.04,3.14
2018-04-21,21.721647988141385,21.742031609308498,21.18489225666814,21.20527458190918,4633700.0,0.4597484618425368,1.7,1.65,1.81,2.01,2.22,2.46,2.62,2.8,2.91,2.96,3.04,3.14
2018-04-22,21.721647988141385,21.742031609308498,21.18489225666814,21.20527458190918,4633700.0,0.4597484618425368,1.7,1.65,1.81,2.01,2.22,2.46,2.62,2.8,2.91,2.96,3.04,3.14
2018-04-23,21.171306781952826,21.212072735304552,20.99465258952694,21.06939125061035,3514500.0,-0.7809018939733504,1.7,1.69,1.87,2.04,2.25,2.49,2.64,2.83,2.94,2.98,3.05,3.15
2018-04-24,20.8723457371744,20.892729354297252,19.880366363860286,19.968692779541016,10069000.0,-0.2976966314017771,1.7,1.7,1.87,2.05,2.25,2.48,2.63,2.83,2.95,3.0,3.08,3.18
2018-04-25,19.873574082605725,20.165732814928933,19.703714475062085,19.887163162231445,5645800.0,-0.2976966314017771,1.7,1.65,1.85,2.03,2.26,2.49,2.64,2.84,2.97,3.03,3.12,3.21
2018-04-26,20.023053745799334,20.13176381090614,19.961904172185974,19.98908233642578,3731400.0,0.695603847503662,1.7,1.62,1.82,2.02,2.25,2.49,2.63,2.82,2.95,3.0,3.08,3.18
2018-04-27,20.10458530653982,20.24726676940918,19.955109303163432,20.24726676940918,5449300.0,0.5291035696864127,1.7,1.62,1.82,2.02,2.24,2.49,2.62,2.8,2.92,2.96,3.03,3.13
2018-04-28,20.10458530653982,20.24726676940918,19.955109303163432,20.24726676940918,5449300.0,0.5291035696864127,1.7,1.62,1.82,2.02,2.24,2.49,2.62,2.8,2.92,2.96,3.03,3.13
2018-04-29,20.10458530653982,20.24726676940918,19.955109303163432,20.24726676940918,5449300.0,0.5291035696864127,1.7,1.62,1.82,2.02,2.24,2.49,2.62,2.8,2.92,2.96,3.03,3.13
2018-04-30,20.213298142215994,20.67531659281485,20.165737648053103,20.566606521606445,3919300.0,-0.2925274521112442,1.69,1.65,1.87,2.04,2.24,2.49,2.62,2.79,2.91,2.95,3.01,3.11
2018-05-01,20.553010539813908,20.865551565647667,20.54621600065328,20.80440330505371,2685300.0,0.3296214863657952,1.7,1.68,1.85,2.05,2.26,2.5,2.66,2.82,2.93,2.97,3.03,3.13
2018-05-02,20.824789825188994,21.082977181643734,20.78402387793207,20.83837890625,2231700.0,-0.6780513226985931,1.7,1.69,1.84,2.03,2.24,2.49,2.64,2.8,2.92,2.97,3.04,3.14
2018-05-03,20.906319651556107,21.110150650968013,20.682105033832656,20.994646072387695,2713200.0,-1.8337816242128608,1.7,1.68,1.84,2.02,2.24,2.49,2.62,2.78,2.9,2.94,3.02,3.12
2018-05-04,20.879145029616048,21.354752503354103,20.84517362260309,21.32077980041504,2548100.0,-9.096337849274278,1.7,1.67,1.84,2.03,2.24,2.51,2.63,2.78,2.9,2.95,3.02,3.12
2018-05-05,20.879145029616048,21.354752503354103,20.84517362260309,21.32077980041504,2548100.0,-9.096337849274278,1.7,1.67,1.84,2.03,2.24,2.51,2.63,2.78,2.9,2.95,3.02,3.12
2018-05-06,20.879145029616048,21.354752503354103,20.84517362260309,21.32077980041504,2548100.0,-9.096337849274278,1.7,1.67,1.84,2.03,2.24,2.51,2.63,2.78,2.9,2.95,3.02,3.12
2018-05-07,21.402314950767018,21.61973508577582,21.33437083459521,21.44308090209961,2427800.0,-0.3327495083212852,1.7,1.69,1.86,2.05,2.25,2.49,2.64,2.78,2.9,2.95,3.02,3.12
2018-05-08,21.4091061671682,21.42269524747744,21.08297601530262,21.1984806060791,3607200.0,-0.4653905257582664,1.7,1.69,1.87,2.05,2.26,2.51,2.66,2.81,2.93,2.97,3.04,3.13
2018-05-09,21.76241232714278,21.898300533034465,21.59934855355432,21.81676864624023,3605400.0,-0.4653905257582664,1.7,1.68,1.88,2.05,2.27,2.54,2.68,2.84,2.96,3.0,3.07,3.16
2018-05-10,22.47582278674001,22.910662933932997,22.278785035089527,22.50299835205078,4529800.0,-0.4653905257582664,1.7,1.69,1.9,2.05,2.27,2.54,2.69,2.83,2.94,2.97,3.04,3.12
2018-05-11,22.59133081754639,22.96502148563159,22.516592165558897,22.937843322753903,3715300.0,-0.4653905257582664,1.7,1.68,1.92,2.06,2.28,2.54,2.69,2.84,2.94,2.97,3.03,3.1
2018-05-12,22.59133081754639,22.96502148563159,22.516592165558897,22.937843322753903,3715300.0,-0.4653905257582664,1.7,1.68,1.92,2.06,2.28,2.54,2.69,2.84,2.94,2.97,3.03,3.1
2018-05-13,22.59133081754639,22.96502148563159,22.516592165558897,22.937843322753903,3715300.0,-0.4653905257582664,1.7,1.68,1.92,2.06,2.28,2.54,2.69,2.84,2.94,2.97,3.03,3.1
2018-05-14,23.14764639573641,23.182153391202775,22.89228883731228,22.94750213623047,3370300.0,0.6716783083975313,1.7,1.7,1.93,2.09,2.28,2.55,2.7,2.85,2.96,3.0,3.06,3.13
2018-05-15,22.78186654255058,22.885390169255007,22.636935571336533,22.82327651977539,3253200.0,-2.2724341731518503,1.7,1.69,1.92,2.09,2.31,2.58,2.75,2.92,3.04,3.08,3.14,3.2
2018-05-16,22.87159174004108,22.91300172613126,22.53341940147641,22.56792640686035,3313600.0,-0.7030229866504668,1.7,1.69,1.92,2.09,2.32,2.58,2.76,2.94,3.05,3.09,3.16,3.21
2018-05-17,22.636938458645695,22.885393088254204,22.554121126348036,22.77496910095215,5733500.0,2.1764080803841344,1.7,1.7,1.92,2.1,2.32,2.57,2.75,2.94,3.07,3.11,3.19,3.25
2018-05-18,22.65074119288059,22.685248194374516,21.960590632140253,22.195241928100582,5835600.0,-0.7578733731061218,1.7,1.68,1.91,2.09,2.32,2.55,2.71,2.9,3.02,3.06,3.14,3.2
2018-05-19,22.65074119288059,22.685248194374516,21.960590632140253,22.195241928100582,5835600.0,-0.7578733731061218,1.7,1.68,1.91,2.09,2.32,2.55,2.71,2.9,3.02,3.06,3.14,3.2
2018-05-20,22.65074119288059,22.685248194374516,21.960590632140253,22.195241928100582,5835600.0,-0.7578733731061218,1.7,1.68,1.91,2.09,2.32,2.55,2.71,2.9,3.02,3.06,3.14,3.2
2018-05-21,22.278057400218124,22.291860726207577,21.94678547461701,22.043407440185547,3328800.0,-0.22499923966825,1.7,1.71,1.93,2.14,2.35,2.58,2.73,2.9,3.02,3.06,3.13,3.2
2018-05-22,22.23665049424032,22.443695122741687,21.69143095410499,21.78805160522461,5220900.0,-0.350043274462223,1.7,1.73,1.93,2.13,2.34,2.59,2.73,2.9,3.02,3.06,3.14,3.21
2018-05-23,21.66382278850249,21.981292688570026,21.505088496647495,21.92608070373535,5085300.0,0.4570420458912849,1.7,1.76,1.92,2.11,2.29,2.53,2.67,2.83,2.95,3.01,3.09,3.17
2018-05-24,21.83636678626029,21.912283781225057,21.69833744202009,21.794958114624023,3333800.0,-0.50086572766304,1.7,1.74,1.91,2.09,2.28,2.5,2.65,2.82,2.93,2.98,3.06,3.13
2018-05-25,21.643121378459725,21.643121378459725,21.40847008930364,21.560302734375,2963400.0,-0.249342992901802,1.7,1.7,1.9,2.07,2.27,2.48,2.6,2.76,2.88,2.93,3.01,3.09
2018-05-26,21.643121378459725,21.643121378459725,21.40847008930364,21.560302734375,2963400.0,-0.249342992901802,1.7,1.7,1.9,2.07,2.27,2.48,2.6,2.76,2.88,2.93,3.01,3.09
2018-05-27,21.643121378459725,21.643121378459725,21.40847008930364,21.560302734375,2963400.0,-0.249342992901802,1.7,1.7,1.9,2.07,2.27,2.48,2.6,2.76,2.88,2.93,3.01,3.09
2018-05-28,21.643121378459725,21.643121378459725,21.40847008930364,21.560302734375,2963400.0,-0.249342992901802,1.7,1.7,1.9,2.07,2.27,2.48,2.6,2.76,2.88,2.93,3.01,3.09
2018-05-29,21.470585436218713,21.511994103347277,20.9529724898594,21.118608474731445,3693100.0,0.303751900792122,1.7,1.77,1.93,2.06,2.17,2.32,2.43,2.58,2.71,2.77,2.87,2.96
2018-05-30,21.166915937842084,21.53269617759811,21.090998961427644,21.484384536743164,4629700.0,-0.348923895508051,1.7,1.77,1.94,2.08,2.23,2.42,2.53,2.67,2.79,2.84,2.93,3.01
2018-05-31,21.401569239835148,21.4912882343444,21.256636936264528,21.44297790527344,4568400.0,-0.1443651122972369,1.7,1.76,1.93,2.08,2.23,2.4,2.54,2.68,2.78,2.83,2.91,3.0
2018-06-01,21.51889074692789,21.51889074692789,21.160012205252205,21.208322525024418,4706300.0,-0.6444643717259168,1.7,1.74,1.92,2.1,2.28,2.47,2.61,2.74,2.85,2.89,2.96,3.04
2018-06-02,21.51889074692789,21.51889074692789,21.160012205252205,21.208322525024418,4706300.0,-0.6444643717259168,1.7,1.74,1.92,2.1,2.28,2.47,2.61,2.74,2.85,2.89,2.96,3.04
2018-06-03,21.51889074692789,21.51889074692789,21.160012205252205,21.208322525024418,4706300.0,-0.6444643717259168,1.7,1.74,1.92,2.1,2.28,2.47,2.61,2.74,2.85,2.89,2.96,3.04
2018-06-04,21.304948762893012,21.650024049315032,21.298047099201643,21.511993408203125,3536700.0,-0.418244995176792,1.7,1.77,1.94,2.13,2.3,2.52,2.64,2.78,2.89,2.94,3.0,3.08
2018-06-05,21.429175885766792,21.808759510582146,21.415373874016893,21.739744186401367,3805000.0,-0.340634001418948,1.7,1.82,1.94,2.13,2.32,2.49,2.62,2.76,2.87,2.92,2.99,3.07
2018-06-06,21.850164708216187,21.92608168439338,21.346355159521888,21.373960494995117,4954700.0,-1.0273615941405296,1.7,1.81,1.95,2.13,2.32,2.52,2.65,2.81,2.93,2.97,3.05,3.13
2018-06-07,21.436076758524948,21.677629726062012,21.394668092088175,21.594812393188477,3605200.0,-4.027927652001381,1.7,1.78,1.94,2.12,2.31,2.5,2.63,2.77,2.88,2.93,3.0,3.08
2018-06-08,21.63621886880303,21.677627531046877,21.43607458796878,21.62241554260254,2715200.0,-1.320822399109602,1.7,1.78,1.93,2.12,2.3,2.5,2.63,2.77,2.88,2.93,3.0,3.08
2018-06-09,21.63621886880303,21.677627531046877,21.43607458796878,21.62241554260254,2715200.0,-1.320822399109602,1.7,1.78,1.93,2.12,2.3,2.5,2.63,2.77,2.88,2.93,3.0,3.08
2018-06-10,21.63621886880303,21.677627531046877,21.43607458796878,21.62241554260254,2715200.0,-1.320822399109602,1.7,1.78,1.93,2.12,2.3,2.5,2.63,2.77,2.88,2.93,3.0,3.08
2018-06-11,21.629318283122473,22.360878811898193,21.53269762762133,22.26425552368164,3318500.0,-0.7304929941892622,1.7,1.82,1.94,2.11,2.32,2.52,2.66,2.8,2.91,2.96,3.02,3.1
2018-06-12,22.28496409548886,22.42299474568413,22.153833793081297,22.40228843688965,2792900.0,-0.249353915452957,1.7,1.81,1.92,2.1,2.31,2.54,2.67,2.81,2.91,2.96,3.02,3.09
2018-06-13,22.45059610527891,22.616233392399753,22.215944817608342,22.367778778076172,3531400.0,0.5298713892698287,1.7,1.82,1.94,2.09,2.35,2.59,2.71,2.85,2.95,2.98,3.04,3.1
2018-06-14,22.39538608538573,22.671444728361617,22.347075757047065,22.4989070892334,2925400.0,0.3244787976145745,1.9,1.81,1.94,2.07,2.35,2.59,2.69,2.81,2.9,2.94,2.99,3.05
2018-06-15,22.3332731100495,22.48510707957469,22.084818480904836,22.10552215576172,4135100.0,0.6715987436473368,1.9,1.82,1.94,2.07,2.35,2.55,2.68,2.81,2.89,2.93,2.98,3.05
2018-06-16,22.3332731100495,22.48510707957469,22.084818480904836,22.10552215576172,4135100.0,0.6715987436473368,1.9,1.82,1.94,2.07,2.35,2.55,2.68,2.81,2.89,2.93,2.98,3.05
2018-06-17,22.3332731100495,22.48510707957469,22.084818480904836,22.10552215576172,4135100.0,0.6715987436473368,1.9,1.82,1.94,2.07,2.35,2.55,2.68,2.81,2.89,2.93,2.98,3.05
2018-06-18,22.077914012650982,22.298763275146484,22.008898700393488,22.298763275146484,4541500.0,-0.1045764386653899,1.9,1.84,1.94,2.13,2.35,2.56,2.67,2.8,2.89,2.92,2.98,3.05
2018-06-19,22.08481792642929,22.17453823641574,21.7949546384906,21.87777328491211,3763800.0,-0.13441701233387,1.91,1.85,1.94,2.13,2.34,2.54,2.64,2.77,2.84,2.89,2.95,3.02
2018-06-20,21.988194193918343,22.07791317499877,21.857065237239993,21.912277221679688,3612300.0,-1.073580363765359,1.92,1.85,1.94,2.14,2.36,2.56,2.67,2.8,2.89,2.93,2.99,3.06
2018-06-21,21.884677041790592,21.92608702963196,21.498193036443354,21.57411003112793,2852600.0,-0.3515148460865021,1.92,1.85,1.94,2.12,2.34,2.56,2.65,2.77,2.86,2.9,2.97,3.04
2018-06-22,21.8777700683309,21.96058738621846,21.712132799840717,21.898473739624023,3566100.0,0.2627364173531531,1.92,1.83,1.93,2.11,2.33,2.56,2.65,2.77,2.86,2.9,2.97,3.04
2018-06-23,21.8777700683309,21.96058738621846,21.712132799840717,21.898473739624023,3566100.0,0.2627364173531531,1.92,1.83,1.93,2.11,2.33,2.56,2.65,2.77,2.86,2.9,2.97,3.04
2018-06-24,21.8777700683309,21.96058738621846,21.712132799840717,21.898473739624023,3566100.0,0.2627364173531531,1.92,1.83,1.93,2.11,2.33,2.56,2.65,2.77,2.86,2.9,2.97,3.04
2018-06-25,21.767350922823027,21.83636493090028,21.532699609558467,21.58791160583496,3321400.0,0.2627364173531531,1.92,1.8,1.93,2.13,2.34,2.54,2.63,2.75,2.83,2.87,2.95,3.02
2018-06-26,21.66382568040467,22.271158911016496,21.64312200605141,22.195241928100582,4409800.0,0.2627364173531531,1.92,1.79,1.93,2.14,2.33,2.53,2.63,2.75,2.84,2.88,2.95,3.03
2018-06-27,22.312568716894496,22.34017273824319,21.801856147569875,21.863969802856445,4543600.0,0.2627364173531531,1.91,1.79,1.93,2.1,2.33,2.52,2.59,2.71,2.79,2.83,2.9,2.97
2018-06-28,21.96749587053927,23.20286489079332,21.88467721057573,22.850889205932617,8951300.0,0.2627364173531531,1.91,1.76,1.93,2.11,2.33,2.52,2.6,2.73,2.81,2.84,2.91,2.97
2018-06-29,23.85160896618834,24.921342016859743,23.78949529833176,24.63147735595703,17696700.0,0.3339911177754401,1.91,1.77,1.93,2.11,2.33,2.52,2.63,2.73,2.81,2.85,2.91,2.98
2018-06-30,23.85160896618834,24.921342016859743,23.78949529833176,24.63147735595703,17696700.0,0.3339911177754401,1.91,1.77,1.93,2.11,2.33,2.52,2.63,2.73,2.81,2.85,2.91,2.98
2018-07-01,23.85160896618834,24.921342016859743,23.78949529833176,24.63147735595703,17696700.0,0.3339911177754401,1.91,1.77,1.93,2.11,2.33,2.52,2.63,2.73,2.81,2.85,2.91,2.98
2018-07-02,24.507243315198867,24.507243315198867,23.975829742248298,24.1552677154541,4649200.0,-0.5407301932573318,1.91,1.9,1.98,2.14,2.34,2.57,2.65,2.75,2.83,2.87,2.92,2.99
2018-07-03,24.286399841308594,24.55556079981293,24.148371820802655,24.286399841308594,2126500.0,-0.019416745752096,1.91,1.91,1.98,2.12,2.33,2.53,2.63,2.72,2.79,2.83,2.89,2.96
2018-07-04,24.286399841308594,24.55556079981293,24.148371820802655,24.286399841308594,2126500.0,-0.019416745752096,1.91,1.91,1.98,2.12,2.33,2.53,2.63,2.72,2.79,2.83,2.89,2.96
2018-07-05,24.845421721865304,24.96274606073728,24.1345674428476,24.224285125732425,3828800.0,-3.383198120165616,1.91,1.87,1.96,2.11,2.32,2.55,2.65,2.74,2.8,2.84,2.88,2.95
2018-07-06,24.17597293746,24.638375175228862,23.98963197293064,24.576261520385746,3220300.0,1.6036065807566042,1.91,1.86,1.97,2.13,2.34,2.53,2.64,2.71,2.78,2.82,2.87,2.94
2018-07-07,24.17597293746,24.638375175228862,23.98963197293064,24.576261520385746,3220300.0,1.6036065807566042,1.91,1.86,1.97,2.13,2.34,2.53,2.64,2.71,2.78,2.82,2.87,2.94
2018-07-08,24.17597293746,24.638375175228862,23.98963197293064,24.576261520385746,3220300.0,1.6036065807566042,1.91,1.86,1.97,2.13,2.34,2.53,2.64,2.71,2.78,2.82,2.87,2.94
2018-07-09,24.645281379877673,24.645281379877673,24.320912334349927,24.479646682739254,3100400.0,-1.0450292378664017,1.91,1.87,1.98,2.15,2.34,2.57,2.66,2.75,2.82,2.86,2.9,2.96
2018-07-10,24.47964296706454,24.72809760777619,24.38992265064853,24.70049095153809,2738400.0,0.5447442531585692,1.91,1.88,1.99,2.15,2.36,2.59,2.69,2.77,2.83,2.87,2.91,2.97
2018-07-11,24.500342256234543,24.6383728799958,24.2794943113026,24.438228607177734,2118900.0,-1.4895563945174215,1.91,1.89,1.97,2.14,2.36,2.58,2.67,2.74,2.82,2.85,2.89,2.95
2018-07-12,24.576262041527855,24.76260301000859,24.272594107982,24.72809600830078,3692400.0,-0.8684460250296979,1.91,1.89,1.98,2.17,2.39,2.6,2.68,2.75,2.83,2.85,2.89,2.95
2018-07-13,24.63837649163574,24.71429347746855,24.507246195118856,24.555559158325195,2384000.0,0.1089465022087097,1.91,1.87,1.98,2.16,2.37,2.59,2.66,2.73,2.8,2.83,2.87,2.94
2018-07-14,24.63837649163574,24.71429347746855,24.507246195118856,24.555559158325195,2384000.0,0.1089465022087097,1.91,1.87,1.98,2.16,2.37,2.59,2.66,2.73,2.8,2.83,2.87,2.94
2018-07-15,24.63837649163574,24.71429347746855,24.507246195118856,24.555559158325195,2384000.0,0.1089465022087097,1.91,1.87,1.98,2.16,2.37,2.59,2.66,2.73,2.8,2.83,2.87,2.94
2018-07-16,24.493443067654994,24.521047087540044,24.27949545907527,24.403722763061523,2275500.0,0.90718088299036,1.91,1.9,2.01,2.19,2.39,2.59,2.67,2.75,2.82,2.85,2.9,2.96
2018-07-17,24.327810826508895,24.327810826508895,23.7963945010394,23.810197830200195,3331300.0,0.15291048027575,1.91,1.93,2.02,2.19,2.39,2.62,2.69,2.76,2.83,2.86,2.91,2.97
2018-07-18,23.74118049372957,23.761884168214664,23.465119214589382,23.610050201416016,2748000.0,0.1467147693037986,1.91,1.9,2.0,2.17,2.43,2.6,2.69,2.77,2.84,2.88,2.93,2.99
2018-07-19,23.962021458503315,24.438224261447907,23.83779418248043,24.320899963378903,7930200.0,-1.097579874098301,1.91,1.89,2.0,2.16,2.4,2.6,2.67,2.74,2.81,2.84,2.9,2.96
2018-07-20,24.576260836978033,24.576260836978033,23.817093673037736,23.886110305786133,3656900.0,0.8986952528357505,1.91,1.86,1.99,2.16,2.41,2.6,2.68,2.77,2.85,2.89,2.96,3.03
2018-07-21,24.576260836978033,24.576260836978033,23.817093673037736,23.886110305786133,3656900.0,0.8986952528357505,1.91,1.86,1.99,2.16,2.41,2.6,2.68,2.77,2.85,2.89,2.96,3.03
2018-07-22,24.576260836978033,24.576260836978033,23.817093673037736,23.886110305786133,3656900.0,0.8986952528357505,1.91,1.86,1.99,2.16,2.41,2.6,2.68,2.77,2.85,2.89,2.96,3.03
2018-07-23,23.927513072041215,23.927513072041215,23.63765116813509,23.851598739624023,2112200.0,-0.7253714352846143,1.91,1.88,1.99,2.19,2.42,2.64,2.72,2.83,2.92,2.96,3.04,3.1
2018-07-24,23.96892990755445,24.113860901010245,23.872309245250584,24.02414321899414,2685900.0,-0.9830922260880468,1.91,1.92,2.02,2.19,2.42,2.63,2.74,2.83,2.91,2.95,3.02,3.08
2018-07-25,24.20357948495157,24.2932997932674,23.955124866671063,24.113859176635746,3282400.0,1.1536835730075834,1.91,1.9,2.01,2.2,2.42,2.66,2.74,2.82,2.9,2.94,3.0,3.06
2018-07-26,23.96892262361144,24.35540778809308,23.89990863800016,24.258787155151367,2382900.0,-11.932394415140152,1.91,1.89,1.99,2.19,2.41,2.69,2.78,2.86,2.95,2.98,3.05,3.1
2018-07-27,24.182875811,24.534851431753783,24.044845174986893,24.113859176635746,2496900.0,0.015867345035076,1.91,1.9,2.0,2.2,2.43,2.67,2.76,2.84,2.92,2.96,3.03,3.09
2018-07-28,24.182875811,24.534851431753783,24.044845174986893,24.113859176635746,2496900.0,0.015867345035076,1.91,1.9,2.0,2.2,2.43,2.67,2.76,2.84,2.92,2.96,3.03,3.09
2018-07-29,24.182875811,24.534851431753783,24.044845174986893,24.113859176635746,2496900.0,0.015867345035076,1.91,1.9,2.0,2.2,2.43,2.67,2.76,2.84,2.92,2.96,3.03,3.09
2018-07-30,24.238084732149577,24.445129354831845,24.14836706304023,24.36921501159668,1818300.0,0.0892931949347258,1.91,1.91,2.04,2.21,2.43,2.66,2.77,2.85,2.94,2.98,3.05,3.11
2018-07-31,24.37612081832383,24.590068468224164,24.27259716743623,24.452037811279297,2875600.0,0.2483673021197318,1.91,1.94,2.03,2.21,2.44,2.67,2.77,2.85,2.92,2.96,3.03,3.08
2018-08-01,24.265693258145607,24.445131242939052,24.148368928225935,24.334707260131836,1929400.0,0.5700868740677834,1.91,1.93,2.03,2.22,2.45,2.67,2.78,2.87,2.96,3.0,3.07,3.13
2018-08-02,24.175967224910977,24.521042418564697,23.968922635261706,24.465831756591797,2635900.0,0.6456774473190305,1.91,1.89,2.02,2.22,2.45,2.66,2.76,2.85,2.93,2.98,3.06,3.12
2018-08-03,24.610766900309024,24.997252130844387,24.555556228926967,24.810911178588867,4120600.0,2.766971172764897,1.91,1.9,2.01,2.23,2.43,2.63,2.74,2.82,2.91,2.95,3.03,3.09
2018-08-04,24.610766900309024,24.997252130844387,24.555556228926967,24.810911178588867,4120600.0,2.766971172764897,1.91,1.9,2.01,2.23,2.43,2.63,2.74,2.82,2.91,2.95,3.03,3.09
2018-08-05,24.610766900309024,24.997252130844387,24.555556228926967,24.810911178588867,4120600.0,2.766971172764897,1.91,1.9,2.01,2.23,2.43,2.63,2.74,2.82,2.91,2.95,3.03,3.09
2018-08-06,24.879932354738212,25.238811036774155,24.879932354738212,25.19740104675293,1828500.0,0.9708141721785066,1.91,1.92,2.05,2.23,2.44,2.64,2.73,2.8,2.89,2.94,3.02,3.08
2018-08-07,25.183594388503337,25.190494735515557,24.610768176019736,24.755699157714844,4444700.0,0.4588828794658183,1.91,1.96,2.06,2.23,2.45,2.68,2.76,2.84,2.92,2.98,3.06,3.12
2018-08-08,24.80400797586256,24.80400797586256,24.43132870742269,24.686683654785156,2053000.0,0.4588828794658183,1.91,1.93,2.06,2.24,2.44,2.68,2.77,2.83,2.92,2.96,3.05,3.12
2018-08-09,24.67978418134036,24.997255456708636,24.62457350261257,24.97654914855957,2275300.0,-0.1564351469278336,1.91,1.91,2.06,2.25,2.44,2.64,2.74,2.8,2.89,2.93,3.01,3.08
2018-08-10,24.873029664057373,24.98345366100049,24.72809866170374,24.762605667114254,3022600.0,-0.2233756557106972,1.91,1.92,2.05,2.23,2.42,2.61,2.68,2.75,2.82,2.87,2.96,3.03
2018-08-11,24.873029664057373,24.98345366100049,24.72809866170374,24.762605667114254,3022600.0,-0.2233756557106972,1.91,1.92,2.05,2.23,2.42,2.61,2.68,2.75,2.82,2.87,2.96,3.03
2018-08-12,24.873029664057373,24.98345366100049,24.72809866170374,24.762605667114254,3022600.0,-0.2233756557106972,1.91,1.92,2.05,2.23,2.42,2.61,2.68,2.75,2.82,2.87,2.96,3.03
2018-08-13,24.735002640426032,24.81781999211077,24.56936530434041,24.638381958007812,2286300.0,1.0056462362408636,1.91,1.93,2.06,2.22,2.42,2.61,2.68,2.75,2.82,2.88,2.97,3.05
2018-08-14,24.596962501646708,24.596962501646708,24.376114560318857,24.50724220275879,2011600.0,-1.10044065117836,1.91,1.96,2.08,2.25,2.44,2.63,2.71,2.77,2.84,2.89,2.98,3.06
2018-08-15,24.383021195604368,24.383021195604368,23.803294604510384,24.21048355102539,1941000.0,-1.3368360549211502,1.91,1.96,2.07,2.23,2.45,2.61,2.68,2.73,2.81,2.86,2.95,3.03
2018-08-16,24.32090347526021,24.37611414329006,24.05864556215195,24.086252212524418,1999400.0,4.111838862299918,1.92,1.96,2.07,2.24,2.45,2.63,2.7,2.75,2.82,2.87,2.95,3.03
2018-08-17,24.307102945073375,24.89372985300976,24.2380863112062,24.86612319946289,3958000.0,4.052013231441378,1.92,1.95,2.05,2.24,2.44,2.61,2.68,2.75,2.82,2.87,2.95,3.03
2018-08-18,24.307102945073375,24.89372985300976,24.2380863112062,24.86612319946289,3958000.0,4.052013231441378,1.92,1.95,2.05,2.24,2.44,2.61,2.68,2.75,2.82,2.87,2.95,3.03
2018-08-19,24.307102945073375,24.89372985300976,24.2380863112062,24.86612319946289,3958000.0,4.052013231441378,1.92,1.95,2.05,2.24,2.44,2.61,2.68,2.75,2.82,2.87,2.95,3.03
2018-08-20,24.817814696785156,25.086973006867915,24.71429368744633,24.997255325317383,2179800.0,0.0038992511108516,1.92,1.93,2.06,2.25,2.43,2.6,2.65,2.7,2.77,2.82,2.91,2.99
2018-08-21,25.03176251158445,25.16979315776175,24.762604199532294,24.76950454711914,1797800.0,0.3407258987426759,1.92,1.94,2.08,2.25,2.45,2.61,2.67,2.73,2.8,2.85,2.93,3.0
2018-08-22,24.831619614549197,25.004157273877123,24.817816285877072,24.969650268554688,1528500.0,0.3407258987426759,1.92,1.95,2.09,2.24,2.43,2.6,2.65,2.7,2.77,2.82,2.91,2.99
2018-08-23,24.85232118479568,25.05246548450426,24.77640683260688,24.845420837402344,1633400.0,0.0875413864850997,1.92,1.94,2.08,2.23,2.43,2.61,2.66,2.72,2.78,2.82,2.9,2.97
2018-08-24,24.64527652886724,24.75570051612975,24.376118224459596,24.527952194213867,9491700.0,5.67136138677597,1.92,1.95,2.09,2.25,2.44,2.63,2.68,2.72,2.78,2.82,2.89,2.97
2018-08-25,24.64527652886724,24.75570051612975,24.376118224459596,24.527952194213867,9491700.0,5.67136138677597,1.92,1.95,2.09,2.25,2.44,2.63,2.68,2.72,2.78,2.82,2.89,2.97
2018-08-26,24.64527652886724,24.75570051612975,24.376118224459596,24.527952194213867,9491700.0,5.67136138677597,1.92,1.95,2.09,2.25,2.44,2.63,2.68,2.72,2.78,2.82,2.89,2.97
2018-08-27,24.576257548335416,24.63146821443084,24.41062028461916,24.562454223632812,3211900.0,0.2486689686775207,1.92,1.96,2.12,2.25,2.47,2.67,2.7,2.74,2.81,2.85,2.92,3.0
2018-08-28,24.71429102397448,24.755698370161287,24.141464829714213,24.162168502807617,4517500.0,-0.07293089851737,1.92,1.96,2.13,2.28,2.47,2.67,2.73,2.77,2.84,2.88,2.96,3.03
2018-08-29,24.23118538332364,24.251889056629807,23.996534099230914,24.0793514251709,3124600.0,0.4690047800540924,1.92,1.97,2.13,2.28,2.48,2.67,2.75,2.78,2.85,2.89,2.96,3.02
2018-08-30,23.962029537202657,24.120763858367475,23.803295216037835,23.989633560180664,3368900.0,0.4690047800540924,1.92,1.97,2.11,2.28,2.47,2.64,2.72,2.75,2.82,2.86,2.93,3.0
2018-08-31,23.830894003838075,23.913713952724965,23.49962210643554,23.582439422607425,3101200.0,0.0610130866989491,1.91,1.95,2.11,2.28,2.46,2.62,2.7,2.74,2.81,2.86,2.95,3.02
2018-09-01,23.830894003838075,23.913713952724965,23.49962210643554,23.582439422607425,3101200.0,0.0610130866989491,1.91,1.95,2.11,2.28,2.46,2.62,2.7,2.74,2.81,2.86,2.95,3.02
2018-09-02,23.830894003838075,23.913713952724965,23.49962210643554,23.582439422607425,3101200.0,0.0610130866989491,1.91,1.95,2.11,2.28,2.46,2.62,2.7,2.74,2.81,2.86,2.95,3.02
2018-09-03,23.830894003838075,23.913713952724965,23.49962210643554,23.582439422607425,3101200.0,0.0610130866989491,1.91,1.95,2.11,2.28,2.46,2.62,2.7,2.74,2.81,2.86,2.95,3.02
2018-09-04,23.47892294858808,23.837801564601666,23.4168092913412,23.54103660583496,3101600.0,0.5158686619251966,1.92,2.0,2.13,2.29,2.49,2.66,2.73,2.78,2.85,2.9,2.99,3.07
2018-09-05,23.51343041658704,23.92751971795701,23.271878762907157,23.89991569519043,3303300.0,-0.1640422567725181,1.92,2.0,2.14,2.3,2.49,2.66,2.72,2.77,2.85,2.9,3.0,3.08
2018-09-06,23.913715035177017,23.96202535785696,23.478919498342396,23.644554138183594,1943900.0,0.1274299276992678,1.92,1.98,2.13,2.3,2.5,2.64,2.71,2.76,2.83,2.88,2.98,3.06
2018-09-07,23.55484461209897,23.60315495147424,23.11314857625881,23.478927612304688,2279100.0,-0.1437366008758545,1.92,1.98,2.14,2.3,2.53,2.71,2.78,2.82,2.89,2.94,3.03,3.11
2018-09-08,23.55484461209897,23.60315495147424,23.11314857625881,23.478927612304688,2279100.0,-0.1437366008758545,1.92,1.98,2.14,2.3,2.53,2.71,2.78,2.82,2.89,2.94,3.03,3.11
2018-09-09,23.55484461209897,23.60315495147424,23.11314857625881,23.478927612304688,2279100.0,-0.1437366008758545,1.92,1.98,2.14,2.3,2.53,2.71,2.78,2.82,2.89,2.94,3.03,3.11
2018-09-10,23.541036182749774,23.644557187823725,23.27187788375584,23.29258155822754,1835400.0,-0.0410875156521798,1.92,1.98,2.14,2.32,2.54,2.73,2.78,2.83,2.89,2.94,3.02,3.09
2018-09-11,23.30638421852569,23.72737647217312,23.23736758440252,23.68596649169922,2715600.0,0.0589688867330551,1.92,2.02,2.15,2.31,2.55,2.76,2.83,2.87,2.94,2.98,3.06,3.13
2018-09-12,23.699769758342025,23.796390413153706,23.49272512192907,23.575542449951172,1786800.0,-1.004851460456848,1.92,2.01,2.16,2.33,2.56,2.74,2.82,2.87,2.93,2.97,3.04,3.11
2018-09-13,23.637657420524818,23.685967750621053,23.46511977511953,23.554840087890625,2303500.0,0.4371655248105524,1.92,2.01,2.15,2.33,2.55,2.76,2.83,2.87,2.93,2.97,3.04,3.11
2018-09-14,23.520332409598428,23.582443432752928,23.26497480618,23.38920211791992,1797600.0,0.430488109588623,1.92,2.02,2.16,2.33,2.56,2.78,2.85,2.9,2.96,2.99,3.07,3.13
2018-09-15,23.520332409598428,23.582443432752928,23.26497480618,23.38920211791992,1797600.0,0.430488109588623,1.92,2.02,2.16,2.33,2.56,2.78,2.85,2.9,2.96,2.99,3.07,3.13
2018-09-16,23.520332409598428,23.582443432752928,23.26497480618,23.38920211791992,1797600.0,0.430488109588623,1.92,2.02,2.16,2.33,2.56,2.78,2.85,2.9,2.96,2.99,3.07,3.13
2018-09-17,23.458219764258715,23.893012741362934,23.40300645323341,23.658361434936523,2233000.0,0.386746447533369,1.92,2.02,2.16,2.35,2.57,2.78,2.85,2.89,2.96,2.99,3.07,3.13
2018-09-18,23.610048423963775,23.8516026832052,23.437510795669304,23.830896377563477,4054500.0,2.7796747926622625,1.92,2.05,2.17,2.36,2.58,2.81,2.88,2.94,3.01,3.05,3.14,3.2
2018-09-19,23.865406632319285,23.927517652719825,23.56864169328954,23.886110305786133,3353800.0,-0.4587558619678021,1.92,2.03,2.16,2.36,2.58,2.81,2.89,2.96,3.04,3.08,3.16,3.23
2018-09-20,23.97582979044655,24.003433809884687,23.630754536674935,23.74117851257324,3609000.0,-0.3529510796070098,1.92,2.03,2.17,2.37,2.58,2.81,2.89,2.96,3.03,3.07,3.15,3.21
2018-09-21,23.803292761252298,23.94132076005457,23.582442171194955,23.761882781982425,4864500.0,-0.5925473440438509,1.92,2.05,2.18,2.38,2.58,2.81,2.89,2.95,3.03,3.07,3.14,3.2
2018-09-22,23.803292761252298,23.94132076005457,23.582442171194955,23.761882781982425,4864500.0,-0.5925473440438509,1.92,2.05,2.18,2.38,2.58,2.81,2.89,2.95,3.03,3.07,3.14,3.2
2018-09-23,23.803292761252298,23.94132076005457,23.582442171194955,23.761882781982425,4864500.0,-0.5925473440438509,1.92,2.05,2.18,2.38,2.58,2.81,2.89,2.95,3.03,3.07,3.14,3.2
2018-09-24,23.858505735325043,23.95512639689159,23.32708946399346,23.340892791748047,3157800.0,0.5985731482505798,1.93,2.07,2.22,2.38,2.6,2.83,2.89,2.96,3.04,3.08,3.15,3.21
2018-09-25,23.40990972247445,23.42371305195353,22.83708602903012,22.86469268798828,3241200.0,-0.3915909826755525,1.93,2.12,2.21,2.38,2.59,2.83,2.91,2.99,3.06,3.1,3.17,3.23
2018-09-26,22.78186849520433,22.816378128873783,22.29876521641697,22.374679565429688,4542000.0,-2.98594219982624,1.93,2.11,2.2,2.37,2.58,2.83,2.89,2.96,3.02,3.06,3.14,3.19
2018-09-27,22.43679322023312,22.52651352888595,22.34017256447565,22.374679565429688,3464700.0,0.1591466143727302,2.18,2.1,2.18,2.37,2.58,2.83,2.89,2.96,3.02,3.06,3.13,3.19
2018-09-28,22.44369600965375,22.519612990737844,22.188341045501655,22.284961700439453,4145000.0,0.0409197360277175,2.18,2.12,2.19,2.36,2.59,2.81,2.88,2.94,3.01,3.05,3.13,3.19
2018-09-29,22.44369600965375,22.519612990737844,22.188341045501655,22.284961700439453,4145000.0,0.0409197360277175,2.18,2.12,2.19,2.36,2.59,2.81,2.88,2.94,3.01,3.05,3.13,3.19
2018-09-30,22.44369600965375,22.519612990737844,22.188341045501655,22.284961700439453,4145000.0,0.0409197360277175,2.18,2.12,2.19,2.36,2.59,2.81,2.88,2.94,3.01,3.05,3.13,3.19
2018-10-01,22.485107326772663,23.01652096052206,22.46440101897262,22.89919662475586,2900600.0,0.1243015583604575,2.18,2.13,2.23,2.4,2.6,2.82,2.9,2.96,3.04,3.09,3.18,3.24
2018-10-02,22.843977843039465,23.12003906405444,22.678343216602418,23.023418426513672,3298500.0,0.3535507917404175,2.18,2.14,2.23,2.41,2.61,2.82,2.88,2.94,3.01,3.05,3.14,3.2
2018-10-03,23.05792679531713,23.416805350941388,22.912995830367443,23.3201847076416,3993700.0,-0.1294835340231656,2.18,2.15,2.23,2.41,2.62,2.85,2.94,3.02,3.1,3.15,3.24,3.3
2018-10-04,23.230463733726037,23.45821464290997,23.15454676399806,23.396100997924805,4150300.0,-0.9481457071378828,2.18,2.16,2.22,2.42,2.63,2.87,2.97,3.05,3.14,3.19,3.29,3.35
2018-10-05,23.368498230527667,23.465118887063458,23.16835393758042,23.26497459411621,3658200.0,-0.2869493030011654,2.18,2.15,2.23,2.41,2.64,2.88,2.99,3.07,3.18,3.23,3.34,3.4
2018-10-06,23.368498230527667,23.465118887063458,23.16835393758042,23.26497459411621,3658200.0,-0.2869493030011654,2.18,2.15,2.23,2.41,2.64,2.88,2.99,3.07,3.18,3.23,3.34,3.4
2018-10-07,23.368498230527667,23.465118887063458,23.16835393758042,23.26497459411621,3658200.0,-0.2869493030011654,2.18,2.15,2.23,2.41,2.64,2.88,2.99,3.07,3.18,3.23,3.34,3.4
2018-10-08,23.368498230527667,23.465118887063458,23.16835393758042,23.26497459411621,3658200.0,-0.2869493030011654,2.18,2.15,2.23,2.41,2.64,2.88,2.99,3.07,3.18,3.23,3.34,3.4
2018-10-09,23.216663826438772,23.42370846262762,23.092436518182385,23.258073806762695,2193900.0,-0.2869493030011654,2.18,2.17,2.25,2.46,2.65,2.88,2.98,3.05,3.15,3.21,3.3,3.37
2018-10-10,23.17525396084733,23.18215430712724,22.53341381549683,22.54721450805664,3755800.0,-0.2869493030011654,2.18,2.18,2.27,2.45,2.67,2.88,2.97,3.05,3.15,3.22,3.33,3.39
2018-10-11,22.429895053892785,22.4989090625108,21.90538042697727,21.974395751953125,5462000.0,-0.2869493030011654,2.18,2.14,2.27,2.44,2.66,2.85,2.94,3.0,3.09,3.14,3.25,3.32
2018-10-12,22.1676331449384,22.278057118743607,21.79495256243522,22.07101249694824,4115200.0,-0.2869493030011654,2.18,2.14,2.28,2.44,2.66,2.85,2.93,3.0,3.09,3.15,3.25,3.32
2018-10-13,22.1676331449384,22.278057118743607,21.79495256243522,22.07101249694824,4115200.0,-0.2869493030011654,2.18,2.14,2.28,2.44,2.66,2.85,2.93,3.0,3.09,3.15,3.25,3.32
2018-10-14,22.1676331449384,22.278057118743607,21.79495256243522,22.07101249694824,4115200.0,-0.2869493030011654,2.18,2.14,2.28,2.44,2.66,2.85,2.93,3.0,3.09,3.15,3.25,3.32
2018-10-15,22.1124227639889,22.54721568563887,22.07101278600142,22.3056640625,2368400.0,0.4459762051701544,2.18,2.17,2.31,2.47,2.67,2.85,2.94,3.01,3.1,3.16,3.27,3.34
2018-10-16,22.457503312079403,23.140750997359792,22.333275981534634,23.044130325317383,3540600.0,-1.4585993885993958,2.18,2.19,2.3,2.46,2.66,2.87,2.95,3.02,3.1,3.16,3.26,3.32
2018-10-17,22.995815660853953,22.995815660853953,22.32636879811712,22.367778778076172,4481100.0,-0.0623088739812374,2.19,2.2,2.31,2.47,2.66,2.89,2.97,3.04,3.13,3.19,3.29,3.35
2018-10-18,22.333271467092015,22.55411942503704,22.25735448791429,22.340171813964844,3402800.0,-0.540273129940033,2.19,2.19,2.32,2.47,2.67,2.87,2.95,3.03,3.11,3.17,3.28,3.36
2018-10-19,22.367778591362494,22.837081162786152,22.3539752648247,22.561019897460938,4712400.0,-0.3081081137061118,2.19,2.19,2.31,2.48,2.67,2.92,2.99,3.05,3.14,3.2,3.31,3.38
2018-10-20,22.367778591362494,22.837081162786152,22.3539752648247,22.561019897460938,4712400.0,-0.3081081137061118,2.19,2.19,2.31,2.48,2.67,2.92,2.99,3.05,3.14,3.2,3.31,3.38
2018-10-21,22.367778591362494,22.837081162786152,22.3539752648247,22.561019897460938,4712400.0,-0.3081081137061118,2.19,2.19,2.31,2.48,2.67,2.92,2.99,3.05,3.14,3.2,3.31,3.38
2018-10-22,22.630037834034344,22.69905183798438,22.1952422375457,22.22284889221191,2599700.0,-0.4082470759749415,2.19,2.18,2.34,2.49,2.68,2.92,2.99,3.05,3.13,3.2,3.31,3.38
2018-10-23,22.084821493888697,22.395389822689683,21.6086171618465,22.312572479248047,4368200.0,-0.6103944256901741,2.2,2.21,2.33,2.48,2.67,2.89,2.95,3.01,3.1,3.17,3.29,3.37
2018-10-24,22.271160628939217,22.395387950072188,21.739744340251622,21.75354766845703,2740600.0,0.6685490044474133,2.2,2.2,2.34,2.47,2.64,2.84,2.89,2.94,3.02,3.1,3.24,3.33
2018-10-25,22.00890345506166,22.04341177682417,21.449881806087777,21.525798797607425,4381500.0,0.6467465395107865,2.2,2.19,2.34,2.47,2.66,2.86,2.92,2.98,3.07,3.14,3.27,3.35
2018-10-26,21.353262028072365,21.725942704139147,20.82874736263643,21.57411003112793,4909500.0,0.8238847013562917,2.2,2.16,2.33,2.47,2.63,2.81,2.85,2.91,3.0,3.08,3.23,3.32
2018-10-27,21.353262028072365,21.725942704139147,20.82874736263643,21.57411003112793,4909500.0,0.8238847013562917,2.2,2.16,2.33,2.47,2.63,2.81,2.85,2.91,3.0,3.08,3.23,3.32
2018-10-28,21.353262028072365,21.725942704139147,20.82874736263643,21.57411003112793,4909500.0,0.8238847013562917,2.2,2.16,2.33,2.47,2.63,2.81,2.85,2.91,3.0,3.08,3.23,3.32
2018-10-29,21.68452657321435,21.801852199022537,20.849443868024892,21.042686462402344,4067400.0,0.3869804814457892,2.2,2.17,2.34,2.49,2.64,2.81,2.86,2.91,3.0,3.08,3.23,3.33
2018-10-30,21.021988068233775,21.16692038855794,20.69071607371841,21.035791397094727,5399700.0,-0.525473713874817,2.2,2.21,2.33,2.48,2.66,2.84,2.9,2.94,3.03,3.12,3.26,3.36
2018-10-31,21.24283523165368,21.63622084988394,21.146213255760845,21.47058486938477,5865800.0,-1.272419899702072,2.2,2.2,2.34,2.49,2.69,2.87,2.93,2.98,3.07,3.15,3.3,3.39
2018-11-01,21.594814257632393,21.87777591603645,21.4567836024489,21.85707092285156,4197300.0,-0.0181973055005073,2.2,2.21,2.32,2.49,2.67,2.84,2.91,2.96,3.06,3.14,3.29,3.38
2018-11-02,22.091717870212353,22.091717870212353,21.360159974696497,21.68453025817871,4472500.0,-1.029755815863609,2.19,2.19,2.33,2.5,2.7,2.91,2.98,3.04,3.13,3.22,3.37,3.46
2018-11-03,22.091717870212353,22.091717870212353,21.360159974696497,21.68453025817871,4472500.0,-1.029755815863609,2.19,2.19,2.33,2.5,2.7,2.91,2.98,3.04,3.13,3.22,3.37,3.46
2018-11-04,22.091717870212353,22.091717870212353,21.360159974696497,21.68453025817871,4472500.0,-1.029755815863609,2.19,2.19,2.33,2.5,2.7,2.91,2.98,3.04,3.13,3.22,3.37,3.46
2018-11-05,21.829459846504925,22.38848138575972,21.6845288726216,22.3056640625,4791000.0,0.867330729961395,2.2,2.2,2.36,2.51,2.71,2.91,2.99,3.03,3.12,3.2,3.34,3.43
2018-11-06,22.53341532012345,22.899194249830053,22.498905688274295,22.85778427124023,7229100.0,-0.4626603801152669,2.2,2.23,2.35,2.52,2.72,2.93,3.01,3.05,3.14,3.22,3.35,3.43
2018-11-07,23.03722947502343,23.23737116301443,22.609334175709066,22.892295837402344,5172100.0,0.3992684110999106,2.2,2.23,2.37,2.51,2.74,2.96,3.03,3.07,3.15,3.22,3.35,3.43
2018-11-08,22.85778684520057,22.96131048697503,22.561021880343738,22.705955505371097,3590400.0,-0.5468363780528308,2.2,2.21,2.35,2.52,2.74,2.98,3.05,3.09,3.17,3.24,3.36,3.43
2018-11-09,22.540317306999828,23.01652024821469,22.24355235396702,22.657644271850582,6466400.0,-0.545543933287263,2.19,2.21,2.36,2.52,2.73,2.94,3.01,3.05,3.13,3.19,3.32,3.4
2018-11-10,22.540317306999828,23.01652024821469,22.24355235396702,22.657644271850582,6466400.0,-0.545543933287263,2.19,2.21,2.36,2.52,2.73,2.94,3.01,3.05,3.13,3.19,3.32,3.4
2018-11-11,22.540317306999828,23.01652024821469,22.24355235396702,22.657644271850582,6466400.0,-0.545543933287263,2.19,2.21,2.36,2.52,2.73,2.94,3.01,3.05,3.13,3.19,3.32,3.4
2018-11-12,22.540317306999828,23.01652024821469,22.24355235396702,22.657644271850582,6466400.0,-0.545543933287263,2.19,2.21,2.36,2.52,2.73,2.94,3.01,3.05,3.13,3.19,3.32,3.4
2018-11-13,22.71975684965928,22.871590826543223,22.36088084874101,22.519615173339844,5108900.0,-0.1358614265918732,2.2,2.24,2.38,2.53,2.72,2.89,2.95,2.99,3.07,3.14,3.28,3.36
2018-11-14,22.42352724866965,22.61015988979536,21.96040385674896,22.236894607543945,4955900.0,0.0639076493680477,2.2,2.24,2.38,2.52,2.71,2.86,2.92,2.95,3.04,3.12,3.26,3.35
2018-11-15,22.21616378362121,22.49956838643215,22.057180971004048,22.3060245513916,3468500.0,-0.2058823853731154,2.2,2.2,2.37,2.51,2.7,2.86,2.91,2.94,3.02,3.11,3.27,3.36
2018-11-16,22.340583604740615,22.49956640334521,22.19542574125426,22.42353057861328,3763600.0,-1.2700532674789429,2.2,2.21,2.36,2.5,2.68,2.81,2.85,2.9,2.99,3.08,3.23,3.33
2018-11-17,22.340583604740615,22.49956640334521,22.19542574125426,22.42353057861328,3763600.0,-1.2700532674789429,2.2,2.21,2.36,2.5,2.68,2.81,2.85,2.9,2.99,3.08,3.23,3.33
2018-11-18,22.340583604740615,22.49956640334521,22.19542574125426,22.42353057861328,3763600.0,-1.2700532674789429,2.2,2.21,2.36,2.5,2.68,2.81,2.85,2.9,2.99,3.08,3.23,3.33
2018-11-19,22.319846828478067,23.114760796855556,22.319846828478067,22.976516723632812,4526000.0,0.0147834643721581,2.2,2.23,2.38,2.52,2.66,2.79,2.82,2.87,2.97,3.06,3.22,3.32
2018-11-20,22.77606106576579,23.052551872597167,22.492656472582414,22.8037109375,6520100.0,-1.0077323205769062,2.2,2.23,2.39,2.51,2.67,2.79,2.83,2.88,2.97,3.06,3.22,3.31
2018-11-21,22.789880733255995,23.31521499057899,22.741494787325045,23.135496139526367,5527200.0,0.0501224622130392,2.2,2.25,2.41,2.52,2.67,2.81,2.84,2.89,2.98,3.06,3.22,3.31
2018-11-22,22.789880733255995,23.31521499057899,22.741494787325045,23.135496139526367,5527200.0,0.0501224622130392,2.2,2.25,2.41,2.52,2.67,2.81,2.84,2.89,2.98,3.06,3.22,3.31
2018-11-23,22.831354705560337,22.86591835839821,22.11938775595327,22.126298904418945,3583600.0,0.0501224622130392,2.2,2.25,2.41,2.52,2.67,2.81,2.83,2.88,2.97,3.05,3.21,3.31
2018-11-24,22.831354705560337,22.86591835839821,22.11938775595327,22.126298904418945,3583600.0,0.0501224622130392,2.2,2.25,2.41,2.52,2.67,2.81,2.83,2.88,2.97,3.05,3.21,3.31
2018-11-25,22.831354705560337,22.86591835839821,22.11938775595327,22.126298904418945,3583600.0,0.0501224622130392,2.2,2.25,2.41,2.52,2.67,2.81,2.83,2.88,2.97,3.05,3.21,3.31
2018-11-26,22.610162828527265,22.803709279759747,22.250722432623167,22.319847106933594,4704300.0,0.0388609580695627,2.2,2.24,2.41,2.54,2.7,2.84,2.86,2.9,2.98,3.07,3.22,3.32
2018-11-27,22.29219438135624,22.4373522235569,22.084825658664386,22.119386672973633,5166400.0,0.1121867075562476,2.2,2.31,2.41,2.53,2.7,2.83,2.86,2.89,2.98,3.06,3.22,3.32
2018-11-28,22.147036807492796,22.430441347200592,21.84980733452652,22.361316680908203,5740000.0,-0.0868123918771744,2.2,2.31,2.4,2.53,2.69,2.81,2.84,2.87,2.97,3.06,3.23,3.34
2018-11-29,22.4235328693888,23.052552978926776,22.4235328693888,22.865922927856445,6912300.0,0.2024669880047443,2.2,2.31,2.37,2.52,2.69,2.81,2.83,2.85,2.94,3.03,3.21,3.33
2018-11-30,22.769141215871656,22.789879932567935,22.3544037976529,22.62398338317871,7078700.0,0.59845538623631,2.2,2.31,2.37,2.52,2.7,2.8,2.83,2.84,2.92,3.01,3.19,3.3
2018-12-01,22.769141215871656,22.789879932567935,22.3544037976529,22.62398338317871,7078700.0,0.59845538623631,2.2,2.31,2.37,2.52,2.7,2.8,2.83,2.84,2.92,3.01,3.19,3.3
2018-12-02,22.769141215871656,22.789879932567935,22.3544037976529,22.62398338317871,7078700.0,0.59845538623631,2.2,2.31,2.37,2.52,2.7,2.8,2.83,2.84,2.92,3.01,3.19,3.3
2018-12-03,23.011076748080896,23.183884468982367,22.91430484626992,23.121673583984375,5235200.0,0.129156082868576,2.19,2.3,2.38,2.56,2.72,2.83,2.84,2.83,2.9,2.98,3.15,3.27
2018-12-04,23.121676397793976,23.39125605331312,22.700025085587363,22.713850021362305,4003200.0,-0.058678629808128,2.2,2.37,2.42,2.58,2.71,2.8,2.81,2.79,2.84,2.91,3.05,3.16
2018-12-05,23.121676397793976,23.39125605331312,22.700025085587363,22.713850021362305,4003200.0,-0.058678629808128,2.2,2.37,2.42,2.58,2.71,2.8,2.81,2.79,2.84,2.91,3.05,3.16
2018-12-06,22.48573974629121,22.506478465798793,21.794510182751942,22.3405818939209,8552200.0,-0.5182989767054098,2.2,2.36,2.41,2.56,2.7,2.75,2.76,2.75,2.8,2.87,3.01,3.14
2018-12-07,22.56869200488228,22.56869200488228,21.97423295459246,22.07100486755371,5384400.0,-0.1325879693031311,2.19,2.32,2.4,2.54,2.68,2.72,2.72,2.7,2.77,2.85,3.01,3.14
2018-12-08,22.56869200488228,22.56869200488228,21.97423295459246,22.07100486755371,5384400.0,-0.1325879693031311,2.19,2.32,2.4,2.54,2.68,2.72,2.72,2.7,2.77,2.85,3.01,3.14
2018-12-09,22.56869200488228,22.56869200488228,21.97423295459246,22.07100486755371,5384400.0,-0.1325879693031311,2.19,2.32,2.4,2.54,2.68,2.72,2.72,2.7,2.77,2.85,3.01,3.14
2018-12-10,21.87054614344196,21.974231837392843,21.37977281732612,21.70465087890625,5455300.0,-0.0597556373104453,2.2,2.32,2.41,2.54,2.69,2.72,2.73,2.71,2.77,2.85,3.0,3.13
2018-12-11,22.181601710795977,22.250723752369495,21.58714266065099,21.766862869262695,6432000.0,2.798218288226052,2.19,2.28,2.41,2.55,2.7,2.78,2.78,2.75,2.81,2.89,3.02,3.13
2018-12-12,22.03643817181499,22.160861249967567,21.884367864594147,21.9534912109375,7032200.0,0.4732179762795568,2.19,2.3,2.43,2.56,2.7,2.77,2.78,2.77,2.84,2.91,3.04,3.15
2018-12-13,21.97423398982053,22.520307109355773,21.960409053483776,22.3060245513916,8038800.0,-0.0638723224401473,2.19,2.36,2.43,2.56,2.69,2.75,2.76,2.75,2.83,2.91,3.05,3.16
2018-12-14,22.236894505090948,22.395879916190115,22.050263183243302,22.08482551574707,14916600.0,-0.2089285179972648,2.19,2.36,2.42,2.56,2.68,2.73,2.72,2.73,2.81,2.89,3.03,3.14
2018-12-15,22.236894505090948,22.395879916190115,22.050263183243302,22.08482551574707,14916600.0,-0.2089285179972648,2.19,2.36,2.42,2.56,2.68,2.73,2.72,2.73,2.81,2.89,3.03,3.14
2018-12-16,22.236894505090948,22.395879916190115,22.050263183243302,22.08482551574707,14916600.0,-0.2089285179972648,2.19,2.36,2.42,2.56,2.68,2.73,2.72,2.73,2.81,2.89,3.03,3.14
2018-12-17,22.036442431848226,22.236898724735703,21.4696332554112,21.559494018554688,9143900.0,1.2062962357886131,2.2,2.36,2.4,2.54,2.66,2.7,2.68,2.69,2.77,2.86,3.0,3.11
2018-12-18,21.683916519671723,21.71156507341776,21.089457452319472,21.234615325927734,10794400.0,0.4170292019844055,2.2,2.35,2.39,2.53,2.64,2.65,2.64,2.65,2.74,2.82,2.96,3.07
2018-12-19,21.345209161258992,22.015703963891323,21.289910743163176,21.649351119995117,13327700.0,-0.2548792064189911,2.2,2.35,2.4,2.54,2.62,2.63,2.61,2.62,2.69,2.77,2.89,3.0
2018-12-20,21.711566368975845,22.20925355028691,21.17931816381531,21.462722778320312,11148600.0,-0.489177703857422,2.4,2.42,2.39,2.55,2.64,2.67,2.65,2.65,2.72,2.79,2.92,3.02
2018-12-21,21.448895001166324,21.842896397700073,21.227700008793526,21.26226234436035,11301600.0,-0.260080762207508,2.4,2.41,2.39,2.54,2.62,2.63,2.61,2.64,2.72,2.79,2.92,3.03
2018-12-22,21.448895001166324,21.842896397700073,21.227700008793526,21.26226234436035,11301600.0,-0.260080762207508,2.4,2.41,2.39,2.54,2.62,2.63,2.61,2.64,2.72,2.79,2.92,3.03
2018-12-23,21.448895001166324,21.842896397700073,21.227700008793526,21.26226234436035,11301600.0,-0.260080762207508,2.4,2.41,2.39,2.54,2.62,2.63,2.61,2.64,2.72,2.79,2.92,3.03
2018-12-24,21.130929274920764,21.22079003394695,20.183943641117327,20.19776725769043,4935000.0,-0.1937326118350029,2.4,2.42,2.45,2.52,2.61,2.55,2.56,2.58,2.66,2.74,2.88,3.0
2018-12-25,21.130929274920764,21.22079003394695,20.183943641117327,20.19776725769043,4935000.0,-0.1937326118350029,2.4,2.42,2.45,2.52,2.61,2.55,2.56,2.58,2.66,2.74,2.88,3.0
2018-12-26,20.2807126344406,20.930469983053353,19.921272286832,20.916645050048828,6684600.0,0.0719281062483787,2.4,2.41,2.44,2.54,2.61,2.61,2.6,2.67,2.74,2.81,2.94,3.06
2018-12-27,20.951209215520823,21.01342010498047,20.28762815250909,21.01342010498047,6909000.0,-0.438507153419778,2.4,2.43,2.41,2.49,2.58,2.56,2.55,2.6,2.68,2.77,2.92,3.05
2018-12-28,21.117102284092987,21.50419251565912,21.013417918587795,21.36594581604004,7434200.0,0.3708654241636395,2.4,2.39,2.4,2.48,2.57,2.52,2.5,2.56,2.63,2.72,2.89,3.04
2018-12-29,21.117102284092987,21.50419251565912,21.013417918587795,21.36594581604004,7434200.0,0.3708654241636395,2.4,2.39,2.4,2.48,2.57,2.52,2.5,2.56,2.63,2.72,2.89,3.04
2018-12-30,21.117102284092987,21.50419251565912,21.013417918587795,21.36594581604004,7434200.0,0.3708654241636395,2.4,2.39,2.4,2.48,2.57,2.52,2.5,2.56,2.63,2.72,2.89,3.04
2018-12-31,21.490371940881076,21.594056327416453,21.248440826686195,21.48345947265625,4469900.0,0.3708654241636395,2.4,2.44,2.45,2.56,2.63,2.48,2.46,2.51,2.59,2.69,2.87,3.02
2019-01-01,21.490371940881076,21.594056327416453,21.248440826686195,21.48345947265625,4469900.0,0.3708654241636395,2.4,2.44,2.45,2.56,2.63,2.48,2.46,2.51,2.59,2.69,2.87,3.02
2019-01-02,21.248440715944938,22.036443631609146,21.11019530742443,21.82907485961914,3921500.0,0.4541247915476559,2.4,2.4,2.42,2.51,2.6,2.5,2.47,2.49,2.56,2.66,2.83,2.97
2019-01-03,21.81524475187514,22.084825673659413,21.573313696291592,21.946578979492188,4681500.0,-0.295377168804407,2.4,2.42,2.41,2.47,2.5,2.39,2.35,2.37,2.44,2.56,2.75,2.92
2019-01-04,22.24381010429795,22.582511761533425,22.174688070488916,22.547950744628903,4488500.0,-0.6048061735928059,2.4,2.4,2.42,2.51,2.57,2.5,2.47,2.49,2.56,2.67,2.83,2.98
2019-01-05,22.24381010429795,22.582511761533425,22.174688070488916,22.547950744628903,4488500.0,-0.6048061735928059,2.4,2.4,2.42,2.51,2.57,2.5,2.47,2.49,2.56,2.67,2.83,2.98
2019-01-06,22.24381010429795,22.582511761533425,22.174688070488916,22.547950744628903,4488500.0,-0.6048061735928059,2.4,2.4,2.42,2.51,2.57,2.5,2.47,2.49,2.56,2.67,2.83,2.98
2019-01-07,22.810616606968345,23.25300390108847,22.64472005325516,23.163143157958984,6377400.0,0.0886738989502192,2.4,2.42,2.45,2.54,2.58,2.53,2.51,2.53,2.6,2.7,2.86,2.99
2019-01-08,23.39816427390656,23.799079450684467,23.370517042654313,23.64009666442871,5769100.0,0.4958573766052721,2.4,2.4,2.46,2.54,2.6,2.58,2.57,2.58,2.63,2.73,2.88,3.0
2019-01-09,23.83363914489746,24.02718293710659,23.62627041941105,23.83363914489746,5275500.0,0.131286077201366,2.4,2.4,2.45,2.52,2.59,2.56,2.54,2.57,2.64,2.74,2.9,3.03
2019-01-10,23.82672926549137,24.034098002020517,23.612446743537195,23.9857120513916,4913700.0,-0.9647120498120784,2.4,2.42,2.43,2.51,2.59,2.56,2.54,2.56,2.63,2.74,2.92,3.06
2019-01-11,23.88893937448257,23.95115025710504,23.68156800785002,23.87511444091797,3425000.0,-0.3236196842044592,2.4,2.41,2.43,2.5,2.58,2.55,2.51,2.52,2.6,2.71,2.9,3.04
2019-01-12,23.88893937448257,23.95115025710504,23.68156800785002,23.87511444091797,3425000.0,-0.3236196842044592,2.4,2.41,2.43,2.5,2.58,2.55,2.51,2.52,2.6,2.71,2.9,3.04
2019-01-13,23.88893937448257,23.95115025710504,23.68156800785002,23.87511444091797,3425000.0,-0.3236196842044592,2.4,2.41,2.43,2.5,2.58,2.55,2.51,2.52,2.6,2.71,2.9,3.04
2019-01-14,23.74377993899622,24.103220317039316,23.709218921976735,24.054834365844727,3837100.0,0.3782588616013526,2.4,2.42,2.45,2.52,2.57,2.53,2.51,2.53,2.6,2.71,2.91,3.06
2019-01-15,24.15851717124827,24.67694027519422,24.13086730619712,24.60090446472168,5425800.0,0.3040987104177477,2.4,2.41,2.45,2.52,2.57,2.53,2.51,2.53,2.61,2.72,2.92,3.08
2019-01-16,24.587079532196103,24.683851423038877,24.421185615561708,24.60090446472168,3643000.0,0.2552820816636086,2.4,2.41,2.43,2.49,2.57,2.55,2.53,2.54,2.62,2.73,2.92,3.07
2019-01-17,24.435010552982305,24.79445092699852,24.317502569065205,24.656204223632812,2647200.0,0.404920384287834,2.4,2.41,2.42,2.5,2.57,2.56,2.55,2.58,2.66,2.75,2.93,3.07
2019-01-18,24.75989586338066,25.03638933658932,24.752984713127177,24.953439712524418,2836600.0,0.3292064368724823,2.4,2.4,2.41,2.5,2.6,2.62,2.6,2.62,2.7,2.79,2.95,3.09
2019-01-19,24.75989586338066,25.03638933658932,24.752984713127177,24.953439712524418,2836600.0,0.3292064368724823,2.4,2.4,2.41,2.5,2.6,2.62,2.6,2.62,2.7,2.79,2.95,3.09
2019-01-20,24.75989586338066,25.03638933658932,24.752984713127177,24.953439712524418,2836600.0,0.3292064368724823,2.4,2.4,2.41,2.5,2.6,2.62,2.6,2.62,2.7,2.79,2.95,3.09
2019-01-21,24.75989586338066,25.03638933658932,24.752984713127177,24.953439712524418,2836600.0,0.3292064368724823,2.4,2.4,2.41,2.5,2.6,2.62,2.6,2.62,2.7,2.79,2.95,3.09
2019-01-22,24.829010852882217,24.96725755017469,24.5525200951337,24.6492919921875,5241500.0,-5.136516118422151,2.4,2.38,2.43,2.51,2.59,2.58,2.55,2.57,2.65,2.74,2.91,3.06
2019-01-23,24.80136540151323,24.822101484701435,24.372800345488542,24.61473274230957,3252500.0,-0.0676909862086178,2.4,2.37,2.41,2.51,2.59,2.58,2.57,2.59,2.66,2.76,2.93,3.07
2019-01-24,24.642384167476383,24.67694518725172,24.365890735600107,24.607820510864254,2482300.0,0.2155669406056402,2.4,2.38,2.37,2.5,2.58,2.56,2.54,2.55,2.62,2.72,2.89,3.04
2019-01-25,24.84283607564708,24.95343290740193,24.663117212859127,24.946521759033203,2561800.0,-0.004564180970192,2.4,2.36,2.39,2.51,2.6,2.6,2.58,2.59,2.66,2.76,2.92,3.06
2019-01-26,24.84283607564708,24.95343290740193,24.663117212859127,24.946521759033203,2561800.0,-0.004564180970192,2.4,2.36,2.39,2.51,2.6,2.6,2.58,2.59,2.66,2.76,2.92,3.06
2019-01-27,24.84283607564708,24.95343290740193,24.663117212859127,24.946521759033203,2561800.0,-0.004564180970192,2.4,2.36,2.39,2.51,2.6,2.6,2.58,2.59,2.66,2.76,2.92,3.06
2019-01-28,24.663118494168195,24.95343420379361,24.649293559876043,24.9257869720459,2494600.0,-0.1780372709035872,2.4,2.39,2.42,2.51,2.6,2.6,2.58,2.58,2.65,2.75,2.92,3.06
2019-01-29,24.987997170755406,25.250663004573024,24.90504756728366,25.19536590576172,3646800.0,0.5863296464085577,2.4,2.39,2.42,2.51,2.6,2.56,2.54,2.55,2.61,2.72,2.9,3.04
2019-01-30,25.292138913993416,25.430385622331062,25.084770169905266,25.257577896118164,2836600.0,-0.4426772370934485,2.4,2.4,2.42,2.5,2.57,2.52,2.49,2.49,2.58,2.7,2.9,3.06
2019-01-31,25.361257879518497,25.5064183559601,25.21610003991321,25.3128719329834,2607700.0,-1.1758943423628807,2.4,2.42,2.41,2.46,2.55,2.45,2.43,2.43,2.51,2.63,2.83,2.99
2019-02-01,25.409643984280372,25.679226221158437,25.368171822327085,25.57554054260254,3625200.0,0.6041367650032042,2.4,2.41,2.4,2.46,2.56,2.52,2.5,2.51,2.59,2.7,2.88,3.03
2019-02-02,25.409643984280372,25.679226221158437,25.368171822327085,25.57554054260254,3625200.0,0.6041367650032042,2.4,2.41,2.4,2.46,2.56,2.52,2.5,2.51,2.59,2.7,2.88,3.03
2019-02-03,25.409643984280372,25.679226221158437,25.368171822327085,25.57554054260254,3625200.0,0.6041367650032042,2.4,2.41,2.4,2.46,2.56,2.52,2.5,2.51,2.59,2.7,2.88,3.03
2019-02-04,25.48568116024357,25.886596326146492,25.312873444630892,25.879682540893555,2937500.0,-0.8707106783986092,2.4,2.41,2.42,2.49,2.57,2.53,2.52,2.53,2.62,2.73,2.92,3.06
2019-02-05,25.87277584410508,26.052494739056353,25.776003928605395,26.011022567749023,3424300.0,-2.9776573702692986,2.4,2.39,2.42,2.5,2.56,2.53,2.5,2.51,2.6,2.71,2.89,3.03
2019-02-06,25.921157341901733,26.052490256506236,25.858946458807708,25.879682540893555,1907300.0,-0.4961581230163574,2.4,2.4,2.42,2.5,2.56,2.52,2.5,2.5,2.59,2.7,2.88,3.03
2019-02-07,25.7898270335542,25.810563117735587,25.20227915899305,25.610105514526367,2783200.0,-1.1179835200309751,2.4,2.43,2.42,2.49,2.55,2.48,2.46,2.46,2.54,2.65,2.85,3.0
2019-02-08,25.50642665894173,25.50642665894173,24.780631950978297,24.953439712524418,4585300.0,-2.073382444679737,2.4,2.43,2.43,2.49,2.54,2.45,2.43,2.44,2.53,2.63,2.82,2.97
2019-02-09,25.50642665894173,25.50642665894173,24.780631950978297,24.953439712524418,4585300.0,-2.073382444679737,2.4,2.43,2.43,2.49,2.54,2.45,2.43,2.44,2.53,2.63,2.82,2.97
2019-02-10,25.50642665894173,25.50642665894173,24.780631950978297,24.953439712524418,4585300.0,-2.073382444679737,2.4,2.43,2.43,2.49,2.54,2.45,2.43,2.44,2.53,2.63,2.82,2.97
2019-02-11,24.918876594400373,25.20919498056648,24.815193528284375,25.091684341430664,2670000.0,0.0504470616579055,2.4,2.44,2.45,2.51,2.55,2.48,2.47,2.47,2.56,2.65,2.85,3.0
2019-02-12,25.312874086992515,25.312874086992515,24.614732058408684,24.656204223632812,5270100.0,-0.0686322674155234,2.4,2.42,2.43,2.5,2.55,2.5,2.48,2.49,2.58,2.68,2.87,3.02
2019-02-13,24.815194257838712,24.905052390413633,24.72533348842675,24.822105407714844,4259100.0,0.0435482859611509,2.4,2.42,2.44,2.51,2.55,2.53,2.52,2.53,2.61,2.71,2.89,3.04
2019-02-14,24.897230230035028,25.262333767850254,24.68659429470581,25.06574058532715,3724200.0,-0.6087043229490517,2.4,2.45,2.43,2.51,2.53,2.5,2.48,2.48,2.56,2.66,2.85,3.01
2019-02-15,25.332543158368644,25.45892255504254,25.086799044259777,25.14999008178711,4122500.0,1.2814780604094267,2.4,2.43,2.43,2.5,2.55,2.52,2.5,2.49,2.57,2.66,2.84,3.0
2019-02-16,25.332543158368644,25.45892255504254,25.086799044259777,25.14999008178711,4122500.0,1.2814780604094267,2.4,2.43,2.43,2.5,2.55,2.52,2.5,2.49,2.57,2.66,2.84,3.0
2019-02-17,25.332543158368644,25.45892255504254,25.086799044259777,25.14999008178711,4122500.0,1.2814780604094267,2.4,2.43,2.43,2.5,2.55,2.52,2.5,2.49,2.57,2.66,2.84,3.0
2019-02-18,25.332543158368644,25.45892255504254,25.086799044259777,25.14999008178711,4122500.0,1.2814780604094267,2.4,2.43,2.43,2.5,2.55,2.52,2.5,2.49,2.57,2.66,2.84,3.0
2019-02-19,25.072758247829636,25.564243835968693,25.044672744877467,25.479990005493164,3889800.0,-0.4265497028827666,2.4,2.44,2.45,2.52,2.54,2.5,2.47,2.47,2.55,2.65,2.84,2.99
2019-02-20,25.53615426060803,25.77487564086914,25.53615426060803,25.77487564086914,5390900.0,0.6868817619979379,2.4,2.41,2.45,2.51,2.54,2.5,2.47,2.47,2.55,2.65,2.84,3.0
2019-02-21,25.69062488271094,26.048705656547583,25.5923283047315,25.95743179321289,6267000.0,-0.3738955855369568,2.4,2.43,2.45,2.51,2.55,2.53,2.49,2.51,2.59,2.69,2.89,3.05
2019-02-22,26.05572935166764,26.11892039394385,25.718711352321517,25.985515594482425,3891700.0,-0.0170971751213074,2.4,2.43,2.46,2.51,2.55,2.48,2.46,2.47,2.55,2.65,2.86,3.02
2019-02-23,26.05572935166764,26.11892039394385,25.718711352321517,25.985515594482425,3891700.0,-0.0170971751213074,2.4,2.43,2.46,2.51,2.55,2.48,2.46,2.47,2.55,2.65,2.86,3.02
2019-02-24,26.05572935166764,26.11892039394385,25.718711352321517,25.985515594482425,3891700.0,-0.0170971751213074,2.4,2.43,2.46,2.51,2.55,2.48,2.46,2.47,2.55,2.65,2.86,3.02
2019-02-25,26.04169181575032,26.06977732424925,25.69765103259216,25.887224197387695,4247300.0,-0.0682892091572286,2.4,2.44,2.47,2.51,2.56,2.51,2.48,2.48,2.57,2.67,2.87,3.03
2019-02-26,25.866159191681703,26.2242400200647,25.85211643863396,26.147008895874023,3527200.0,-0.3243630789220333,2.4,2.43,2.45,2.51,2.55,2.48,2.44,2.45,2.54,2.64,2.84,3.01
2019-02-27,26.118923308529247,26.32253920951622,25.93637019785773,26.161048889160156,2863000.0,-2.6097966730594635,2.4,2.43,2.45,2.52,2.54,2.5,2.48,2.49,2.59,2.69,2.91,3.07
2019-02-28,26.13296706406344,26.210200869358033,25.908288364141743,25.971479415893555,3965200.0,-4.051737640053034,2.4,2.44,2.45,2.5,2.54,2.52,2.5,2.52,2.63,2.73,2.94,3.09
2019-03-01,26.02062011467318,26.28742431892057,25.99955465132058,26.154022216796875,3887600.0,-0.6938591301441192,2.4,2.44,2.44,2.52,2.55,2.55,2.54,2.56,2.67,2.76,2.97,3.13
2019-03-02,26.02062011467318,26.28742431892057,25.99955465132058,26.154022216796875,3887600.0,-0.6938591301441192,2.4,2.44,2.44,2.52,2.55,2.55,2.54,2.56,2.67,2.76,2.97,3.13
2019-03-03,26.02062011467318,26.28742431892057,25.99955465132058,26.154022216796875,3887600.0,-0.6938591301441192,2.4,2.44,2.44,2.52,2.55,2.55,2.54,2.56,2.67,2.76,2.97,3.13
2019-03-04,25.121906348941874,25.121906348941874,24.447870353469828,24.61638069152832,11012400.0,-1.2799870148301125,2.4,2.45,2.46,2.54,2.54,2.55,2.52,2.53,2.63,2.72,2.93,3.09
2019-03-05,24.616380932065315,25.03765276375653,24.616380932065315,25.009567260742188,5222200.0,0.1327427327632903,2.4,2.44,2.46,2.53,2.54,2.55,2.52,2.53,2.63,2.72,2.93,3.08
2019-03-06,24.995529165226323,25.374675491401717,24.98148908948485,25.32552719116211,3321200.0,-0.0669929981231689,2.4,2.43,2.47,2.53,2.54,2.52,2.49,2.49,2.59,2.69,2.9,3.06
2019-03-07,25.416797665132098,25.599348068237305,25.199139045938992,25.599348068237305,6438800.0,0.1782493814826011,2.4,2.45,2.45,2.52,2.52,2.47,2.44,2.44,2.54,2.64,2.86,3.03
2019-03-08,25.416799387848354,25.416799387848354,25.079781381932456,25.22722625732422,4889500.0,0.1392077654600143,2.4,2.45,2.46,2.52,2.53,2.45,2.43,2.42,2.51,2.62,2.83,3.0
2019-03-09,25.416799387848354,25.416799387848354,25.079781381932456,25.22722625732422,4889500.0,0.1392077654600143,2.4,2.45,2.46,2.52,2.53,2.45,2.43,2.42,2.51,2.62,2.83,3.0
2019-03-10,25.416799387848354,25.416799387848354,25.079781381932456,25.22722625732422,4889500.0,0.1392077654600143,2.4,2.45,2.46,2.52,2.53,2.45,2.43,2.42,2.51,2.62,2.83,3.0
2019-03-11,25.276370256653113,25.746790306362595,25.276370256653113,25.620410919189453,3409400.0,-0.4462102949619293,2.4,2.44,2.46,2.54,2.53,2.47,2.45,2.44,2.53,2.64,2.86,3.03
2019-03-12,25.62041201525695,25.97147272828476,25.62041201525695,25.817005157470703,2360900.0,0.1536350697278976,2.4,2.44,2.46,2.53,2.52,2.45,2.41,2.41,2.5,2.61,2.82,3.0
2019-03-13,25.92934629139566,26.069771122100946,25.80296421159899,25.95743179321289,2879900.0,0.6987687796354292,2.4,2.43,2.45,2.53,2.53,2.45,2.41,2.42,2.51,2.61,2.82,3.02
2019-03-14,25.8872192175486,26.07679234587658,25.852113677868825,26.013601303100582,2194900.0,-0.7984810471534728,2.4,2.48,2.45,2.52,2.52,2.46,2.42,2.43,2.53,2.63,2.86,3.04
2019-03-15,25.978501381783193,26.020629645538584,25.613397797714505,25.64148330688477,3294400.0,-0.7984810471534728,2.4,2.46,2.45,2.52,2.52,2.43,2.39,2.4,2.49,2.59,2.83,3.02
2019-03-16,25.978501381783193,26.020629645538584,25.613397797714505,25.64148330688477,3294400.0,-0.7984810471534728,2.4,2.46,2.45,2.52,2.52,2.43,2.39,2.4,2.49,2.59,2.83,3.02
2019-03-17,25.978501381783193,26.020629645538584,25.613397797714505,25.64148330688477,3294400.0,-0.7984810471534728,2.4,2.46,2.45,2.52,2.52,2.43,2.39,2.4,2.49,2.59,2.83,3.02
2019-03-18,25.669568202474732,25.887224197387695,25.627439939726333,25.887224197387695,5167700.0,-0.7984810471534728,2.4,2.47,2.44,2.51,2.52,2.45,2.41,2.42,2.51,2.6,2.83,3.01
2019-03-19,25.943390223741037,26.19615439484501,25.936367508776485,26.013601303100582,2958300.0,-0.7229249328374863,2.4,2.46,2.46,2.52,2.5,2.46,2.42,2.42,2.51,2.61,2.84,3.02
2019-03-20,26.01360215447352,26.273386370663268,25.788923479112484,25.99955940246582,3300100.0,-0.1121314465999602,2.41,2.45,2.48,2.49,2.47,2.4,2.34,2.34,2.44,2.54,2.79,2.98
2019-03-21,25.91530264635442,26.048704757812303,25.7397722836242,25.82402610778809,4527400.0,-0.4079083204269408,2.41,2.51,2.49,2.5,2.48,2.41,2.34,2.34,2.44,2.54,2.78,2.96
2019-03-22,25.739773583686944,25.79594458822047,25.51509492231467,25.704668045043945,2611100.0,-0.2210753969848155,2.41,2.49,2.46,2.48,2.45,2.31,2.24,2.24,2.34,2.44,2.69,2.88
2019-03-23,25.739773583686944,25.79594458822047,25.51509492231467,25.704668045043945,2611100.0,-0.2210753969848155,2.41,2.49,2.46,2.48,2.45,2.31,2.24,2.24,2.34,2.44,2.69,2.88
2019-03-24,25.739773583686944,25.79594458822047,25.51509492231467,25.704668045043945,2611100.0,-0.2210753969848155,2.41,2.49,2.46,2.48,2.45,2.31,2.24,2.24,2.34,2.44,2.69,2.88
2019-03-25,25.571266579701664,25.6414803445155,25.34658788905992,25.627437591552734,2377100.0,-0.172023456543684,2.4,2.47,2.46,2.49,2.41,2.26,2.19,2.21,2.32,2.43,2.68,2.87
2019-03-26,25.732754399204,25.99253860781953,25.59934959821091,25.69062614440918,2156200.0,-0.1820126995444297,2.4,2.46,2.46,2.49,2.44,2.24,2.18,2.18,2.29,2.41,2.67,2.86
2019-03-27,25.662544711825877,25.866160624727037,25.40276046200316,25.73977851867676,2430900.0,-0.3679874036461115,2.41,2.45,2.44,2.46,2.4,2.22,2.16,2.18,2.28,2.39,2.63,2.83
2019-03-28,25.711689137981615,25.795945648244224,25.53615875917271,25.718711853027344,2034300.0,-1.001697301864624,2.41,2.44,2.43,2.44,2.4,2.23,2.18,2.2,2.29,2.39,2.62,2.81
2019-03-29,25.89424251991581,25.89424251991581,25.451905210449578,25.458925247192383,4112700.0,-0.5186501070857045,2.43,2.43,2.4,2.44,2.4,2.27,2.21,2.23,2.31,2.41,2.63,2.81
2019-03-30,25.89424251991581,25.89424251991581,25.451905210449578,25.458925247192383,4112700.0,-0.5186501070857045,2.43,2.43,2.4,2.44,2.4,2.27,2.21,2.23,2.31,2.41,2.63,2.81
2019-03-31,25.89424251991581,25.89424251991581,25.451905210449578,25.458925247192383,4112700.0,-0.5186501070857045,2.43,2.43,2.4,2.44,2.4,2.27,2.21,2.23,2.31,2.41,2.63,2.81
2019-04-01,25.60637447658608,25.63445730377423,25.171057175404336,25.557226181030273,4125900.0,-0.2798064295202493,2.41,2.42,2.43,2.46,2.41,2.33,2.29,2.31,2.4,2.49,2.71,2.89
2019-04-02,25.620414216624575,25.79594458822047,25.564243212091046,25.704668045043945,2549700.0,0.8315555509179832,2.41,2.43,2.42,2.45,2.41,2.3,2.26,2.28,2.38,2.48,2.7,2.88
2019-04-03,25.66956148001801,25.894240132406637,25.599347727158563,25.8731746673584,2870300.0,0.8315555509179832,2.41,2.42,2.44,2.45,2.41,2.33,2.29,2.32,2.42,2.52,2.75,2.93
2019-04-04,25.838069208959748,25.985514072843287,25.68360430895925,25.859134674072266,2598300.0,-0.344658449292183,2.41,2.43,2.44,2.46,2.41,2.33,2.29,2.32,2.41,2.51,2.74,2.92
2019-04-05,25.81700871776517,25.950410842895508,25.683606592634828,25.950410842895508,2235500.0,0.2702379152178761,2.41,2.42,2.44,2.46,2.43,2.35,2.3,2.31,2.4,2.5,2.72,2.91
2019-04-06,25.81700871776517,25.950410842895508,25.683606592634828,25.950410842895508,2235500.0,0.2702379152178761,2.41,2.42,2.44,2.46,2.43,2.35,2.3,2.31,2.4,2.5,2.72,2.91
2019-04-07,25.81700871776517,25.950410842895508,25.683606592634828,25.950410842895508,2235500.0,0.2702379152178761,2.41,2.42,2.44,2.46,2.43,2.35,2.3,2.31,2.4,2.5,2.72,2.91
2019-04-08,25.98551600508301,26.09785533997347,25.87317667019255,26.04168701171875,2296700.0,0.3361523598432541,2.41,2.43,2.43,2.48,2.43,2.36,2.31,2.33,2.42,2.52,2.74,2.93
2019-04-09,26.076787688532217,26.083810402242506,25.78891802916232,25.866151809692383,2768800.0,-1.1074497087392954,2.41,2.42,2.42,2.46,2.42,2.35,2.31,2.31,2.4,2.51,2.73,2.92
2019-04-10,25.922321764350635,25.99253551398461,25.795942371770852,25.817005157470703,1934900.0,-0.0645244494080543,2.41,2.4,2.43,2.46,2.41,2.31,2.27,2.28,2.37,2.48,2.71,2.9
2019-04-11,25.774879370226483,26.154025619331577,25.76083661895804,26.097854614257812,1795500.0,-0.4868558906018733,2.41,2.42,2.43,2.46,2.44,2.35,2.3,2.31,2.4,2.51,2.74,2.94
2019-04-12,26.252319753334728,26.30849075317383,26.04168386069948,26.308490753173828,1924800.0,-0.3543893583118913,2.41,2.41,2.44,2.47,2.44,2.4,2.36,2.38,2.47,2.56,2.78,2.97
2019-04-13,26.252319753334728,26.30849075317383,26.04168386069948,26.308490753173828,1924800.0,-0.3543893583118913,2.41,2.41,2.44,2.47,2.44,2.4,2.36,2.38,2.47,2.56,2.78,2.97
2019-04-14,26.252319753334728,26.30849075317383,26.04168386069948,26.308490753173828,1924800.0,-0.3543893583118913,2.41,2.41,2.44,2.47,2.44,2.4,2.36,2.38,2.47,2.56,2.78,2.97
2019-04-15,26.34360022261459,26.35062025945239,26.132964298526343,26.16806983947754,2607600.0,-0.2108178585767746,2.41,2.42,2.43,2.46,2.43,2.4,2.36,2.37,2.46,2.55,2.77,2.96
2019-04-16,26.217222291095155,26.25935055394768,26.03467184216391,26.055734634399418,1590900.0,-0.1606991738080977,2.41,2.43,2.43,2.47,2.45,2.41,2.38,2.41,2.5,2.6,2.81,2.99
2019-04-17,26.13998748379186,26.25934955145977,25.92232881826885,26.062753677368164,3310200.0,2.8406449574977155,2.42,2.43,2.44,2.47,2.44,2.4,2.37,2.4,2.49,2.59,2.81,2.99
2019-04-18,26.06976903656894,26.13296007141211,25.90125871752693,26.111894607543945,2285800.0,0.427681542932987,2.43,2.44,2.42,2.47,2.44,2.38,2.36,2.38,2.46,2.57,2.78,2.96
2019-04-19,26.06976903656894,26.13296007141211,25.90125871752693,26.111894607543945,2285800.0,0.427681542932987,2.43,2.44,2.42,2.47,2.44,2.38,2.36,2.38,2.46,2.57,2.78,2.96
2019-04-20,26.06976903656894,26.13296007141211,25.90125871752693,26.111894607543945,2285800.0,0.427681542932987,2.43,2.44,2.42,2.47,2.44,2.38,2.36,2.38,2.46,2.57,2.78,2.96
2019-04-21,26.06976903656894,26.13296007141211,25.90125871752693,26.111894607543945,2285800.0,0.427681542932987,2.43,2.44,2.42,2.47,2.44,2.38,2.36,2.38,2.46,2.57,2.78,2.96
2019-04-22,26.168065385034375,26.308490203316502,26.076788851393896,26.210193634033203,3766800.0,0.2278857193887234,2.44,2.44,2.44,2.47,2.46,2.38,2.36,2.39,2.49,2.59,2.82,2.99
2019-04-23,26.154018194395444,26.455930565003847,26.02763614723936,26.44890785217285,2650700.0,-0.1539694108068942,2.44,2.43,2.45,2.46,2.43,2.36,2.34,2.36,2.46,2.57,2.81,2.98
2019-04-24,26.42082968221055,26.65252835715517,26.35763864752008,26.561254501342773,3482000.0,1.4046133840456605,2.44,2.42,2.44,2.46,2.42,2.32,2.28,2.32,2.41,2.53,2.76,2.94
2019-04-25,26.58232457886716,26.610410086074175,26.203178266716584,26.526153564453125,3659900.0,0.1103987991809845,2.44,2.43,2.43,2.46,2.42,2.33,2.29,2.33,2.42,2.54,2.76,2.94
2019-04-26,26.54721186882452,26.54721186882452,26.097851909940893,26.259342193603516,3565900.0,0.6848660679534075,2.44,2.42,2.42,2.46,2.41,2.28,2.25,2.29,2.39,2.51,2.74,2.92
2019-04-27,26.54721186882452,26.54721186882452,26.097851909940893,26.259342193603516,3565900.0,0.6848660679534075,2.44,2.42,2.42,2.46,2.41,2.28,2.25,2.29,2.39,2.51,2.74,2.92
2019-04-28,26.54721186882452,26.54721186882452,26.097851909940893,26.259342193603516,3565900.0,0.6848660679534075,2.44,2.42,2.42,2.46,2.41,2.28,2.25,2.29,2.39,2.51,2.74,2.92
2019-04-29,26.308491055988995,26.322533806110403,25.985513159958018,26.19615173339844,1564400.0,0.1499979365617037,2.45,2.45,2.44,2.47,2.42,2.3,2.27,2.32,2.42,2.54,2.78,2.96
2019-04-30,26.231255597202868,26.27338116650077,25.83104661858955,25.936363220214844,2836300.0,-3.7435490728457808,2.45,2.43,2.43,2.46,2.39,2.27,2.24,2.28,2.39,2.51,2.75,2.93
2019-05-01,25.97147400060936,26.09083336326342,25.795943635496347,25.859134674072266,8509200.0,0.6704780580475928,2.45,2.42,2.43,2.44,2.39,2.31,2.28,2.31,2.41,2.52,2.74,2.92
2019-05-02,25.83806978653544,25.83806978653544,25.346584217556327,25.48700904846191,3077000.0,0.3720672971467137,2.41,2.44,2.47,2.46,2.41,2.35,2.32,2.34,2.44,2.55,2.77,2.94
2019-05-03,25.53615791459918,25.767859292586618,25.50105237567467,25.73275375366211,2232100.0,0.0695442329160869,2.4,2.42,2.43,2.46,2.41,2.33,2.3,2.33,2.43,2.54,2.75,2.93
2019-05-04,25.53615791459918,25.767859292586618,25.50105237567467,25.73275375366211,2232100.0,0.0695442329160869,2.4,2.42,2.43,2.46,2.41,2.33,2.3,2.33,2.43,2.54,2.75,2.93
2019-05-05,25.53615791459918,25.767859292586618,25.50105237567467,25.73275375366211,2232100.0,0.0695442329160869,2.4,2.42,2.43,2.46,2.41,2.33,2.3,2.33,2.43,2.54,2.75,2.93
2019-05-06,25.4799889356544,25.831049672673455,25.4799889356544,25.80998420715332,2302700.0,-0.0310684144496918,2.4,2.43,2.44,2.46,2.39,2.31,2.27,2.3,2.4,2.51,2.73,2.91
2019-05-07,25.634451265876752,25.802961581221172,25.51509191289243,25.66955947875977,2144100.0,-0.0608833897858859,2.4,2.44,2.43,2.46,2.37,2.28,2.24,2.25,2.35,2.45,2.68,2.86
2019-05-08,25.683602842825156,25.950407054132384,25.648494629102036,25.78891944885254,2109300.0,-0.8928691335022446,2.39,2.42,2.43,2.45,2.37,2.3,2.26,2.28,2.38,2.49,2.71,2.89
2019-05-09,25.739770403594825,25.915300753504333,25.557220018176395,25.66253662109375,2244200.0,-0.716240046545863,2.38,2.43,2.43,2.46,2.36,2.26,2.22,2.25,2.34,2.45,2.69,2.87
2019-05-10,26.01359949469649,26.118918784795262,25.46594561429682,25.8731746673584,4505400.0,2.702546196058392,2.38,2.42,2.43,2.45,2.36,2.26,2.23,2.26,2.37,2.47,2.7,2.89
2019-05-11,26.01359949469649,26.118918784795262,25.46594561429682,25.8731746673584,4505400.0,2.702546196058392,2.38,2.42,2.43,2.45,2.36,2.26,2.23,2.26,2.37,2.47,2.7,2.89
2019-05-12,26.01359949469649,26.118918784795262,25.46594561429682,25.8731746673584,4505400.0,2.702546196058392,2.38,2.42,2.43,2.45,2.36,2.26,2.23,2.26,2.37,2.47,2.7,2.89
2019-05-13,25.88722190153415,26.17509164216422,25.718714222247968,26.161048889160156,3534700.0,0.6935690343379974,2.38,2.41,2.41,2.42,2.32,2.18,2.15,2.18,2.28,2.4,2.65,2.83
2019-05-14,25.852115011365616,25.873177800583736,25.571265322678713,25.585308074951172,2686300.0,0.3059526644647121,2.38,2.41,2.41,2.43,2.32,2.2,2.17,2.2,2.3,2.42,2.67,2.86
2019-05-15,25.5572251949707,25.85913767223998,25.501054185999152,25.746795654296875,2696800.0,-1.1869264394044872,2.4,2.4,2.42,2.43,2.3,2.16,2.12,2.15,2.25,2.37,2.63,2.82
2019-05-16,25.845093641285267,26.132963352069016,25.81700813818905,26.013601303100582,3175400.0,-1.4691751152276993,2.39,2.4,2.4,2.43,2.33,2.2,2.15,2.18,2.28,2.4,2.65,2.84
2019-05-17,25.978489192808812,26.37869813637355,25.943383662008102,26.35061264038086,3104400.0,-0.1911198299494571,2.39,2.39,2.39,2.42,2.33,2.2,2.15,2.17,2.27,2.39,2.63,2.82
2019-05-18,25.978489192808812,26.37869813637355,25.943383662008102,26.35061264038086,3104400.0,-0.1911198299494571,2.39,2.39,2.39,2.42,2.33,2.2,2.15,2.17,2.27,2.39,2.63,2.82
2019-05-19,25.978489192808812,26.37869813637355,25.943383662008102,26.35061264038086,3104400.0,-0.1911198299494571,2.39,2.39,2.39,2.42,2.33,2.2,2.15,2.17,2.27,2.39,2.63,2.82
2019-05-20,26.378706950558545,26.399769740400828,26.07679446370683,26.22423934936523,1534300.0,0.6294158250093459,2.39,2.39,2.39,2.42,2.34,2.21,2.17,2.21,2.3,2.41,2.65,2.83
2019-05-21,26.350616663415696,26.49104148643795,26.13296073219289,26.37870216369629,4496700.0,1.1294201910495758,2.39,2.37,2.39,2.42,2.36,2.26,2.2,2.23,2.33,2.43,2.67,2.84
2019-05-22,26.301467068362108,26.350615352217183,26.041682899645185,26.154022216796875,1673300.0,0.3409764915704727,2.38,2.36,2.38,2.41,2.37,2.23,2.17,2.19,2.28,2.39,2.64,2.82
2019-05-23,25.85211734997063,26.04169050522607,25.676586948257967,25.971479415893555,2380500.0,-0.0597074292600154,2.38,2.38,2.37,2.4,2.32,2.12,2.08,2.11,2.2,2.31,2.56,2.75
2019-05-24,26.09083214636835,26.36465907463224,25.985512860860386,26.308490753173828,1984500.0,-0.0597074292600154,2.38,2.37,2.35,2.39,2.33,2.16,2.1,2.12,2.22,2.32,2.57,2.75
2019-05-25,26.09083214636835,26.36465907463224,25.985512860860386,26.308490753173828,1984500.0,-0.0597074292600154,2.38,2.37,2.35,2.39,2.33,2.16,2.1,2.12,2.22,2.32,2.57,2.75
2019-05-26,26.09083214636835,26.36465907463224,25.985512860860386,26.308490753173828,1984500.0,-0.0597074292600154,2.38,2.37,2.35,2.39,2.33,2.16,2.1,2.12,2.22,2.32,2.57,2.75
2019-05-27,26.09083214636835,26.36465907463224,25.985512860860386,26.308490753173828,1984500.0,-0.0597074292600154,2.38,2.37,2.35,2.39,2.33,2.16,2.1,2.12,2.22,2.32,2.57,2.75
2019-05-28,26.427853007346144,26.708702680567686,26.336576461791992,26.336576461791992,4508300.0,0.1334795802831649,2.39,2.35,2.37,2.38,2.31,2.12,2.06,2.06,2.16,2.26,2.52,2.7
2019-05-29,26.322536895426236,26.44891630458986,25.838071333711355,26.06977272033691,4035600.0,0.5895962007343768,2.39,2.35,2.37,2.38,2.3,2.09,2.04,2.05,2.16,2.25,2.5,2.69
2019-05-30,26.139980370644924,26.210194120278896,25.795942371770852,25.817005157470703,3996100.0,-0.3091400153934956,2.39,2.37,2.38,2.4,2.29,2.06,2.0,2.03,2.12,2.22,2.46,2.65
2019-05-31,25.64850273190978,25.887224197387695,25.423824020681327,25.887224197387695,3623900.0,0.6302348561584947,2.4,2.35,2.35,2.35,2.21,1.95,1.9,1.93,2.03,2.14,2.39,2.58
2019-06-01,25.64850273190978,25.887224197387695,25.423824020681327,25.887224197387695,3623900.0,0.6302348561584947,2.4,2.35,2.35,2.35,2.21,1.95,1.9,1.93,2.03,2.14,2.39,2.58
2019-06-02,25.64850273190978,25.887224197387695,25.423824020681327,25.887224197387695,3623900.0,0.6302348561584947,2.4,2.35,2.35,2.35,2.21,1.95,1.9,1.93,2.03,2.14,2.39,2.58
2019-06-03,26.02062030734195,26.083811341106458,24.64446031406829,24.735736846923828,8848300.0,0.6302348561584947,2.38,2.36,2.35,2.31,2.11,1.82,1.79,1.83,1.95,2.07,2.34,2.53
2019-06-04,24.82701354189656,25.128925963145033,24.721694258807787,25.0867977142334,6093000.0,0.363151429221034,2.38,2.34,2.35,2.29,2.11,1.88,1.84,1.89,2.01,2.12,2.41,2.6
2019-06-05,25.199137334581515,25.22722283419212,24.939353159135084,24.974458694458008,3604700.0,0.3658323655836283,2.38,2.31,2.35,2.25,2.04,1.83,1.81,1.86,2.0,2.12,2.42,2.63
2019-06-06,25.072758412517828,25.1148866672228,24.763825913157703,24.869142532348633,4058600.0,-0.609454557299614,2.37,2.32,2.33,2.22,2.02,1.88,1.85,1.88,2.01,2.12,2.42,2.62
2019-06-07,24.988503997514304,25.086800577814405,24.911270204883955,24.93233299255371,3149500.0,-1.3331553451716898,2.37,2.3,2.28,2.15,1.97,1.85,1.82,1.85,1.97,2.09,2.36,2.57
2019-06-08,24.988503997514304,25.086800577814405,24.911270204883955,24.93233299255371,3149500.0,-1.3331553451716898,2.37,2.3,2.28,2.15,1.97,1.85,1.82,1.85,1.97,2.09,2.36,2.57
2019-06-09,24.988503997514304,25.086800577814405,24.911270204883955,24.93233299255371,3149500.0,-1.3331553451716898,2.37,2.3,2.28,2.15,1.97,1.85,1.82,1.85,1.97,2.09,2.36,2.57
2019-06-10,25.14297611006482,25.185101692989537,24.68659598691664,24.85510635375977,3950000.0,-1.0486656241118906,2.37,2.3,2.29,2.21,2.03,1.9,1.87,1.91,2.03,2.15,2.42,2.62
2019-06-11,24.925309994890696,24.93233003048629,24.412761688232425,24.412761688232425,6891000.0,0.4160777106881141,2.37,2.27,2.27,2.21,2.05,1.93,1.87,1.92,2.03,2.15,2.42,2.62
2019-06-12,24.29340200241416,24.377658507982844,23.886172939022373,23.998512268066406,6725800.0,0.4258141666650771,2.37,2.19,2.24,2.2,2.02,1.88,1.83,1.88,2.0,2.13,2.41,2.62
2019-06-13,24.068726782994712,24.188088843746343,23.977452906493102,24.08979225158691,3634100.0,0.1543897651135921,2.37,2.24,2.19,2.18,2.0,1.83,1.78,1.84,1.96,2.1,2.39,2.61
2019-06-14,23.970426995680945,24.30042494969852,23.942341493555855,24.209148406982425,3146600.0,-0.3535125404596327,2.36,2.23,2.2,2.18,2.0,1.84,1.79,1.85,1.96,2.09,2.38,2.59
2019-06-15,23.970426995680945,24.30042494969852,23.942341493555855,24.209148406982425,3146600.0,-0.3535125404596327,2.36,2.23,2.2,2.18,2.0,1.84,1.79,1.85,1.96,2.09,2.38,2.59
2019-06-16,23.970426995680945,24.30042494969852,23.942341493555855,24.209148406982425,3146600.0,-0.3535125404596327,2.36,2.23,2.2,2.18,2.0,1.84,1.79,1.85,1.96,2.09,2.38,2.59
2019-06-17,24.117870987785285,24.279361279945302,23.93532058736816,24.040639877319336,2448800.0,-0.2046746164560318,2.38,2.22,2.23,2.2,2.03,1.86,1.8,1.85,1.96,2.09,2.37,2.58
2019-06-18,24.160002488932207,24.37766113419508,24.0827686896976,24.28638458251953,3527300.0,-0.2046746164560318,2.37,2.18,2.22,2.2,2.04,1.86,1.8,1.83,1.93,2.06,2.34,2.55
2019-06-19,24.363614859930685,24.57425075933454,24.307443858286575,24.51807975769043,2351200.0,-0.2046746164560318,2.37,2.14,2.18,2.11,1.96,1.74,1.7,1.77,1.89,2.03,2.32,2.54
2019-06-20,24.855102459161305,24.99552461808255,24.714677621859067,24.869142532348633,3278500.0,-0.2046746164560318,2.37,2.17,2.14,2.04,1.91,1.72,1.69,1.74,1.87,2.01,2.31,2.53
2019-06-21,24.805954151110424,24.91829348520015,24.65148656234418,24.68659210205078,3855700.0,-0.1969300210475921,2.38,2.16,2.11,2.05,1.95,1.77,1.74,1.8,1.93,2.07,2.37,2.59
2019-06-22,24.805954151110424,24.91829348520015,24.65148656234418,24.68659210205078,3855700.0,-0.1969300210475921,2.38,2.16,2.11,2.05,1.95,1.77,1.74,1.8,1.93,2.07,2.37,2.59
2019-06-23,24.805954151110424,24.91829348520015,24.65148656234418,24.68659210205078,3855700.0,-0.1969300210475921,2.38,2.16,2.11,2.05,1.95,1.77,1.74,1.8,1.93,2.07,2.37,2.59
2019-06-24,24.721700344902796,24.834039691276043,24.609360998529542,24.6514892578125,1674500.0,-0.1969300210475921,2.38,2.12,2.13,2.1,1.92,1.72,1.69,1.75,1.88,2.02,2.33,2.55
2019-06-25,24.644462559111673,24.693610847807943,24.45489211892941,24.461912155151367,1894300.0,-0.1969300210475921,2.38,2.11,2.12,2.1,1.93,1.71,1.67,1.73,1.86,2.0,2.31,2.53
2019-06-26,24.56723240092396,24.693611806491628,24.363616523631062,24.61638069152832,1989300.0,-0.1969300210475921,2.38,2.11,2.15,2.12,1.96,1.77,1.74,1.8,1.92,2.05,2.35,2.57
2019-06-27,24.62339980202303,24.9955233249992,24.539145975352756,24.953397750854492,3923100.0,-9.277563005685806,2.38,2.19,2.14,2.12,1.93,1.74,1.71,1.76,1.88,2.01,2.31,2.52
2019-06-28,24.98148358618966,25.346584399430743,24.9604181204551,25.332544326782227,4183700.0,-3.0289367884397507,2.4,2.18,2.12,2.09,1.92,1.75,1.71,1.76,1.87,2.0,2.31,2.52
2019-06-29,24.98148358618966,25.346584399430743,24.9604181204551,25.332544326782227,4183700.0,-3.0289367884397507,2.4,2.18,2.12,2.09,1.92,1.75,1.71,1.76,1.87,2.0,2.31,2.52
2019-06-30,24.98148358618966,25.346584399430743,24.9604181204551,25.332544326782227,4183700.0,-3.0289367884397507,2.4,2.18,2.12,2.09,1.92,1.75,1.71,1.76,1.87,2.0,2.31,2.52
2019-07-01,25.50104834344276,25.606367621944106,25.31147524916863,25.395729064941406,3005000.0,-0.2990193720906972,2.39,2.17,2.21,2.1,1.94,1.78,1.74,1.79,1.9,2.03,2.34,2.55
2019-07-02,25.31147823981871,25.46594581897017,25.171053411352005,25.248287200927734,2838500.0,-0.8017687778919934,2.4,2.21,2.2,2.09,1.91,1.77,1.71,1.75,1.85,1.98,2.29,2.51
2019-07-03,25.25530924194428,25.465945139836624,25.227223741323765,25.451902389526367,1491800.0,0.2396879326552149,2.41,2.25,2.21,2.08,1.91,1.77,1.71,1.74,1.83,1.96,2.25,2.47
2019-07-04,25.25530924194428,25.465945139836624,25.227223741323765,25.451902389526367,1491800.0,0.2396879326552149,2.41,2.25,2.21,2.08,1.91,1.77,1.71,1.74,1.83,1.96,2.25,2.47
2019-07-05,25.5010531244021,25.56424416767392,25.311479994586644,25.550201416015625,1999900.0,0.1619989369064569,2.42,2.26,2.23,2.14,1.98,1.87,1.82,1.84,1.93,2.04,2.34,2.54
2019-07-06,25.5010531244021,25.56424416767392,25.311479994586644,25.550201416015625,1999900.0,0.1619989369064569,2.42,2.26,2.23,2.14,1.98,1.87,1.82,1.84,1.93,2.04,2.34,2.54
2019-07-07,25.5010531244021,25.56424416767392,25.311479994586644,25.550201416015625,1999900.0,0.1619989369064569,2.42,2.26,2.23,2.14,1.98,1.87,1.82,1.84,1.93,2.04,2.34,2.54
2019-07-08,25.494034312178144,25.529139853819405,25.24829016392703,25.26233291625977,2111600.0,0.1923998743295669,2.41,2.23,2.26,2.14,1.99,1.88,1.84,1.86,1.94,2.05,2.32,2.53
2019-07-09,25.13594571215294,25.71168504881042,25.121902962675858,25.66955947875977,2178100.0,0.1923998743295669,2.41,2.22,2.26,2.15,2.0,1.92,1.88,1.88,1.96,2.07,2.34,2.54
2019-07-10,25.760840718372492,25.915308328525388,25.732757889747628,25.802968978881836,1976700.0,-0.8104436472058297,2.41,2.18,2.2,2.07,1.93,1.82,1.79,1.82,1.93,2.07,2.36,2.57
2019-07-11,25.73275651440544,25.97849799162235,25.725733798838544,25.901264190673828,2090900.0,-1.424307968467474,2.4,2.17,2.17,2.08,1.97,1.85,1.84,1.88,1.99,2.13,2.42,2.65
2019-07-12,25.971479268217713,25.971479268217713,25.57126749047761,25.634458541870117,1774600.0,-0.3495648009702563,2.38,2.16,2.14,2.07,1.96,1.84,1.81,1.86,1.98,2.12,2.42,2.64
2019-07-13,25.971479268217713,25.971479268217713,25.57126749047761,25.634458541870117,1774600.0,-0.3495648009702563,2.38,2.16,2.14,2.07,1.96,1.84,1.81,1.86,1.98,2.12,2.42,2.64
2019-07-14,25.971479268217713,25.971479268217713,25.57126749047761,25.634458541870117,1774600.0,-0.3495648009702563,2.38,2.16,2.14,2.07,1.96,1.84,1.81,1.86,1.98,2.12,2.42,2.64
2019-07-15,25.66956227614935,25.73977335280556,25.388712612762724,25.49403190612793,1408400.0,0.7688622027635574,2.4,2.17,2.16,2.06,1.95,1.83,1.8,1.84,1.96,2.09,2.39,2.61
2019-07-16,25.42381472499605,25.437857474111077,25.07977674600967,25.24126434326172,2088100.0,0.3249614353990183,2.41,2.16,2.15,2.06,2.0,1.87,1.84,1.88,2.0,2.13,2.42,2.63
2019-07-17,25.34658446301161,25.458923793147793,25.262330635004695,25.353607177734375,2432000.0,-1.4315325936768202,2.41,2.13,2.14,2.04,1.95,1.83,1.8,1.83,1.94,2.06,2.35,2.57
2019-07-18,25.353607920589376,25.52913829646897,25.19212029618587,25.479990005493164,2346500.0,-0.2041788697242736,2.41,2.11,2.05,2.01,1.9,1.77,1.74,1.78,1.89,2.04,2.34,2.56
2019-07-19,25.38168966569545,25.4378579849029,25.149988318215694,25.157011032104492,1428000.0,-0.1136743426322936,2.41,2.11,2.06,2.03,1.94,1.8,1.77,1.8,1.91,2.05,2.35,2.57
2019-07-20,25.38168966569545,25.4378579849029,25.149988318215694,25.157011032104492,1428000.0,-0.1136743426322936,2.41,2.11,2.06,2.03,1.94,1.8,1.77,1.8,1.91,2.05,2.35,2.57
2019-07-21,25.38168966569545,25.4378579849029,25.149988318215694,25.157011032104492,1428000.0,-0.1136743426322936,2.41,2.11,2.06,2.03,1.94,1.8,1.77,1.8,1.91,2.05,2.35,2.57
2019-07-22,25.135945998773327,25.234242567853176,25.044669465321764,25.0867977142334,2392200.0,-0.1136743426322936,2.4,2.13,2.09,2.08,1.95,1.8,1.77,1.8,1.92,2.05,2.36,2.58
2019-07-23,25.14297217035945,25.14297217035945,24.855102459161305,24.869142532348633,1753400.0,-2.014656461775303,2.4,2.12,2.06,2.09,1.97,1.83,1.79,1.83,1.94,2.08,2.38,2.61
2019-07-24,24.855099906239793,24.883182728110995,24.50403918823291,24.567230224609375,1621200.0,-5.940166816115379,2.4,2.1,2.1,2.08,1.98,1.83,1.79,1.82,1.93,2.05,2.36,2.58
2019-07-25,24.637441114310743,24.637441114310743,23.47893968211949,23.563196182250977,5906700.0,-2.1671779379248615,2.4,2.16,2.1,2.08,1.99,1.86,1.83,1.85,1.95,2.08,2.38,2.6
2019-07-26,23.69660118973147,23.872131568914668,23.54213359896833,23.59128189086914,3354300.0,-1.1257004048675296,2.4,2.13,2.12,2.1,2.0,1.86,1.83,1.85,1.95,2.08,2.38,2.59
2019-07-27,23.69660118973147,23.872131568914668,23.54213359896833,23.59128189086914,3354300.0,-1.1257004048675296,2.4,2.13,2.12,2.1,2.0,1.86,1.83,1.85,1.95,2.08,2.38,2.59
2019-07-28,23.69660118973147,23.872131568914668,23.54213359896833,23.59128189086914,3354300.0,-1.1257004048675296,2.4,2.13,2.12,2.1,2.0,1.86,1.83,1.85,1.95,2.08,2.38,2.59
2019-07-29,23.724688817033226,23.724688817033226,23.387670780237546,23.43681907653809,3511900.0,-1.1257004048675296,2.4,2.12,2.12,2.1,1.98,1.85,1.81,1.84,1.93,2.06,2.37,2.59
2019-07-30,23.443836085423385,23.53511262892546,23.26830571320143,23.401710510253903,2708600.0,-1.1257004048675296,2.39,2.07,2.08,2.07,1.97,1.85,1.82,1.84,1.93,2.06,2.36,2.58
2019-07-31,23.55617746034067,23.75979335259611,23.296393236858897,23.443838119506836,2374000.0,0.2793380171060561,2.4,2.01,2.08,2.1,2.0,1.89,1.84,1.84,1.92,2.02,2.31,2.53
2019-08-01,23.42277064723056,23.780851387553987,23.05766719291965,23.61936378479004,3482700.0,0.2793380171060561,2.14,2.11,2.07,2.04,1.88,1.73,1.67,1.68,1.77,1.9,2.21,2.44
2019-08-02,23.66851535397921,23.87213123378469,23.43681664946823,23.52107048034668,2807800.0,-0.7837833985686302,2.14,2.11,2.06,2.02,1.85,1.72,1.67,1.66,1.75,1.86,2.16,2.39
2019-08-03,23.66851535397921,23.87213123378469,23.43681664946823,23.52107048034668,2807800.0,-0.7837833985686302,2.14,2.11,2.06,2.02,1.85,1.72,1.67,1.66,1.75,1.86,2.16,2.39
2019-08-04,23.66851535397921,23.87213123378469,23.43681664946823,23.52107048034668,2807800.0,-0.7837833985686302,2.14,2.11,2.06,2.02,1.85,1.72,1.67,1.66,1.75,1.86,2.16,2.39
2019-08-05,23.24022233923476,23.33852160652153,22.875121488551414,23.12086296081543,5449700.0,-0.7837833985686302,2.13,2.07,2.05,1.99,1.78,1.59,1.55,1.55,1.63,1.75,2.07,2.3
2019-08-06,23.205113129732265,23.387666204602976,22.797884086001996,23.00149726867676,4462300.0,0.3501396179199217,2.13,2.05,2.05,2.0,1.8,1.6,1.54,1.53,1.62,1.73,2.03,2.25
2019-08-07,22.861078254284525,23.605325370816907,22.62937686099199,23.53511428833008,4607200.0,0.3143609501421449,2.12,2.02,2.02,1.95,1.75,1.59,1.51,1.52,1.6,1.71,2.01,2.22
2019-08-08,23.661492283554978,23.914256422162243,23.394685395205013,23.829999923706055,3274600.0,0.9685383141040798,2.12,2.09,2.02,1.96,1.79,1.62,1.54,1.54,1.62,1.72,2.02,2.25
2019-08-09,23.822981394985224,23.970426259039435,23.647451029669025,23.73872756958008,2520400.0,-0.5192922195419671,2.12,2.05,2.0,1.95,1.78,1.63,1.58,1.57,1.65,1.74,2.03,2.26
2019-08-10,23.822981394985224,23.970426259039435,23.647451029669025,23.73872756958008,2520400.0,-0.5192922195419671,2.12,2.05,2.0,1.95,1.78,1.63,1.58,1.57,1.65,1.74,2.03,2.26
2019-08-11,23.822981394985224,23.970426259039435,23.647451029669025,23.73872756958008,2520400.0,-0.5192922195419671,2.12,2.05,2.0,1.95,1.78,1.63,1.58,1.57,1.65,1.74,2.03,2.26
2019-08-12,23.801921963815033,23.85107025876201,23.57022056330968,23.661497116088867,2021800.0,0.3759146113879978,2.12,2.09,2.0,1.94,1.75,1.58,1.51,1.49,1.56,1.65,1.92,2.14
2019-08-13,23.54915471230105,24.188085141934913,23.500006423743123,24.131914138793945,3037000.0,-0.557329997420311,2.12,2.05,2.0,1.96,1.86,1.66,1.6,1.57,1.62,1.68,1.94,2.15
2019-08-14,23.787908470191528,24.080528881449485,23.29544780356512,23.381092071533203,2305100.0,-0.4066503609064967,2.12,1.98,1.96,1.92,1.79,1.58,1.53,1.51,1.55,1.59,1.84,2.03
2019-08-15,23.338273666447037,23.7308128839202,23.266901167081254,23.60948371887207,2097500.0,-0.1918520331382753,2.13,2.08,1.91,1.86,1.72,1.48,1.44,1.42,1.47,1.52,1.8,1.98
2019-08-16,23.795046936526298,24.016297602215772,23.702264048000707,23.994884490966797,2437100.0,0.070908673107624,2.13,2.05,1.87,1.85,1.71,1.48,1.44,1.42,1.49,1.55,1.82,2.01
2019-08-17,23.795046936526298,24.016297602215772,23.702264048000707,23.994884490966797,2437100.0,0.070908673107624,2.13,2.05,1.87,1.85,1.71,1.48,1.44,1.42,1.49,1.55,1.82,2.01
2019-08-18,23.795046936526298,24.016297602215772,23.702264048000707,23.994884490966797,2437100.0,0.070908673107624,2.13,2.05,1.87,1.85,1.71,1.48,1.44,1.42,1.49,1.55,1.82,2.01
2019-08-19,24.166173743051967,24.308916008226653,24.044841864749696,24.05911636352539,4217100.0,-3.2883268035948277,2.13,2.06,1.94,1.9,1.75,1.53,1.49,1.47,1.54,1.6,1.88,2.08
2019-08-20,23.966337622801316,24.116215784936983,23.723676574427294,23.78791046142578,3048000.0,-0.2985334694385528,2.13,2.05,1.94,1.89,1.72,1.5,1.44,1.42,1.49,1.55,1.84,2.04
2019-08-21,23.90210758426963,24.280372356063616,23.90210758426963,24.159040451049805,3001800.0,0.0628049224615096,2.12,2.03,1.97,1.9,1.77,1.56,1.5,1.47,1.54,1.59,1.87,2.07
2019-08-22,24.1233547257066,24.251822515958196,23.79504936065597,23.830734252929688,5500200.0,-0.5833107903599738,2.12,2.1,2.0,1.91,1.79,1.61,1.53,1.5,1.56,1.62,1.9,2.11
2019-08-23,23.67371339580596,23.83073016195488,23.19552993174488,23.274038314819336,3948800.0,0.4704282283782959,2.12,2.07,1.97,1.87,1.73,1.51,1.43,1.4,1.46,1.52,1.82,2.02
2019-08-24,23.67371339580596,23.83073016195488,23.19552993174488,23.274038314819336,3948800.0,0.4704282283782959,2.12,2.07,1.97,1.87,1.73,1.51,1.43,1.4,1.46,1.52,1.82,2.02
2019-08-25,23.67371339580596,23.83073016195488,23.19552993174488,23.274038314819336,3948800.0,0.4704282283782959,2.12,2.07,1.97,1.87,1.73,1.51,1.43,1.4,1.46,1.52,1.82,2.02
2019-08-26,23.495287341298507,23.60948333844367,23.409643066022056,23.473876953125,2747600.0,-0.7703839857131243,2.12,2.09,2.01,1.9,1.75,1.54,1.47,1.43,1.49,1.54,1.84,2.04
2019-08-27,23.502424638685703,23.666577291532533,23.388231370506073,23.481014251708984,2311300.0,-1.6370699256658554,2.12,2.07,1.98,1.94,1.77,1.53,1.43,1.4,1.44,1.49,1.77,1.97
2019-08-28,23.559520721435547,23.759360989556903,23.466740559625222,23.559520721435547,3517300.0,-3.7112987749278545,2.12,2.07,1.99,1.89,1.74,1.5,1.42,1.37,1.42,1.47,1.76,1.94
2019-08-29,23.7522222569674,23.85214102922523,23.6451675963693,23.780771255493164,2755600.0,-0.6686278246343135,2.12,2.1,1.99,1.89,1.75,1.53,1.44,1.4,1.46,1.5,1.78,1.97
2019-08-30,23.902106548910226,24.03057161544421,23.787913261093443,23.880693435668945,2667800.0,-0.1238180845975875,2.13,2.1,1.99,1.89,1.76,1.5,1.42,1.39,1.45,1.5,1.78,1.96
2019-08-31,23.902106548910226,24.03057161544421,23.787913261093443,23.880693435668945,2667800.0,-0.1238180845975875,2.13,2.1,1.99,1.89,1.76,1.5,1.42,1.39,1.45,1.5,1.78,1.96
2019-09-01,23.902106548910226,24.03057161544421,23.787913261093443,23.880693435668945,2667800.0,-0.1238180845975875,2.13,2.1,1.99,1.89,1.76,1.5,1.42,1.39,1.45,1.5,1.78,1.96
2019-09-02,23.902106548910226,24.03057161544421,23.787913261093443,23.880693435668945,2667800.0,-0.1238180845975875,2.13,2.1,1.99,1.89,1.76,1.5,1.42,1.39,1.45,1.5,1.78,1.96
2019-09-03,23.752220547608538,24.044840954982963,23.616616898243564,23.887826919555664,8815100.0,0.0809889063239097,2.13,2.06,1.98,1.88,1.72,1.47,1.38,1.35,1.42,1.47,1.77,1.95
2019-09-04,24.05197886624681,24.273226776011978,24.002019485165505,24.02342987060547,5509500.0,0.140553817152977,2.13,2.05,1.97,1.87,1.69,1.43,1.36,1.32,1.4,1.47,1.77,1.97
2019-09-05,24.166171436837363,24.473066324771697,24.166171436837363,24.316049575805664,3166400.0,-0.5181281268596649,2.13,2.05,1.97,1.88,1.73,1.55,1.47,1.43,1.51,1.57,1.86,2.06
2019-09-06,24.33032757077993,24.565850005504064,24.294642683407467,24.50875473022461,3029100.0,-0.5986666195094584,2.12,2.05,1.96,1.88,1.73,1.53,1.46,1.42,1.5,1.55,1.83,2.02
2019-09-07,24.33032757077993,24.565850005504064,24.294642683407467,24.50875473022461,3029100.0,-0.5986666195094584,2.12,2.05,1.96,1.88,1.73,1.53,1.46,1.42,1.5,1.55,1.83,2.02
2019-09-08,24.33032757077993,24.565850005504064,24.294642683407467,24.50875473022461,3029100.0,-0.5986666195094584,2.12,2.05,1.96,1.88,1.73,1.53,1.46,1.42,1.5,1.55,1.83,2.02
2019-09-09,24.622944471539142,24.65862935379309,24.4516532251054,24.55157470703125,2500100.0,0.2768959105014801,2.13,2.04,1.96,1.87,1.74,1.58,1.52,1.49,1.57,1.63,1.91,2.11
2019-09-10,24.58013174759824,24.865616375861812,24.530172346039596,24.779972076416016,2153300.0,-1.990370698273182,2.13,2.04,1.95,1.89,1.81,1.67,1.61,1.58,1.66,1.72,2.0,2.19
2019-09-11,24.844196121256353,24.944114884716974,24.715728361783516,24.81564712524414,1991400.0,-0.0816036164760589,2.13,2.01,1.96,1.88,1.79,1.68,1.62,1.6,1.68,1.75,2.02,2.22
2019-09-12,24.765689849853516,24.922703896110608,24.59439858179391,24.765689849853516,1831300.0,-0.5060035437345504,2.13,1.99,1.95,1.9,1.82,1.72,1.67,1.65,1.72,1.79,2.06,2.22
2019-09-13,24.81564912361562,25.06544605238301,24.765689737862147,24.908432006835938,1780300.0,0.2769374027848244,2.14,1.99,1.96,1.92,1.88,1.79,1.76,1.75,1.83,1.9,2.17,2.37
2019-09-14,24.81564912361562,25.06544605238301,24.765689737862147,24.908432006835938,1780300.0,0.2769374027848244,2.14,1.99,1.96,1.92,1.88,1.79,1.76,1.75,1.83,1.9,2.17,2.37
2019-09-15,24.81564912361562,25.06544605238301,24.765689737862147,24.908432006835938,1780300.0,0.2769374027848244,2.14,1.99,1.96,1.92,1.88,1.79,1.76,1.75,1.83,1.9,2.17,2.37
2019-09-16,25.2866977103592,25.393755096989775,25.04403666023468,25.093996047973633,2611200.0,-0.0160633083432912,2.25,2.08,1.99,1.93,1.86,1.74,1.71,1.69,1.77,1.84,2.11,2.31
2019-09-17,25.06544694136985,25.21532782652838,25.02976205350636,25.15822982788086,1994800.0,-0.4615111611783503,2.3,2.1,1.99,1.93,1.87,1.72,1.68,1.66,1.75,1.81,2.08,2.27
2019-09-18,25.2438757263601,25.40089251015397,25.115407943725582,25.115407943725582,3038900.0,-0.995575568638742,2.25,1.94,1.95,1.91,1.87,1.77,1.72,1.68,1.76,1.8,2.06,2.25
2019-09-19,25.322382794815628,25.379480794150194,25.036900965890183,25.12254524230957,2189800.0,0.4529794491827488,1.9,2.01,1.93,1.92,1.88,1.74,1.68,1.66,1.73,1.79,2.04,2.22
2019-09-20,25.193912703396027,25.350929464552667,25.12254293336967,25.222461700439453,3976000.0,0.1510751545429229,1.9,1.95,1.91,1.91,1.84,1.69,1.63,1.61,1.68,1.74,1.99,2.17
2019-09-21,25.193912703396027,25.350929464552667,25.12254293336967,25.222461700439453,3976000.0,0.1510751545429229,1.9,1.95,1.91,1.91,1.84,1.69,1.63,1.61,1.68,1.74,1.99,2.17
2019-09-22,25.193912703396027,25.350929464552667,25.12254293336967,25.222461700439453,3976000.0,0.1510751545429229,1.9,1.95,1.91,1.91,1.84,1.69,1.63,1.61,1.68,1.74,1.99,2.17
2019-09-23,25.229598293431113,25.265285902023766,25.00835036661747,25.08685874938965,2230400.0,0.0524633992463349,1.9,1.94,1.94,1.93,1.81,1.68,1.61,1.59,1.65,1.72,1.98,2.16
2019-09-24,25.186776418238505,25.379478061369475,25.14395292334868,25.243871688842773,2909700.0,0.5220242477953434,1.9,1.9,1.92,1.91,1.78,1.6,1.53,1.52,1.58,1.64,1.91,2.09
2019-09-25,25.193913101371407,25.25814698444268,25.051170836481653,25.201051712036133,2181300.0,0.5325419101864097,1.9,1.8,1.89,1.9,1.82,1.68,1.61,1.6,1.66,1.73,1.99,2.18
2019-09-26,25.19391190641859,25.543630302682153,25.172501520604417,25.50080680847168,2177600.0,-0.4272049367427825,1.85,1.91,1.83,1.88,1.79,1.66,1.61,1.59,1.65,1.7,1.96,2.15
2019-09-27,25.57931838386436,25.736335159680348,25.457986496393143,25.72919654846191,3685300.0,-1.7841617614030836,1.83,1.9,1.8,1.85,1.74,1.63,1.58,1.56,1.62,1.69,1.95,2.13
2019-09-28,25.57931838386436,25.736335159680348,25.457986496393143,25.72919654846191,3685300.0,-1.7841617614030836,1.83,1.9,1.8,1.85,1.74,1.63,1.58,1.56,1.62,1.69,1.95,2.13
2019-09-29,25.57931838386436,25.736335159680348,25.457986496393143,25.72919654846191,3685300.0,-1.7841617614030836,1.83,1.9,1.8,1.85,1.74,1.63,1.58,1.56,1.62,1.69,1.95,2.13
2019-09-30,25.686374298580276,25.77915445844004,25.008350568578628,25.03689956665039,5205000.0,-1.711312748491764,1.9,1.91,1.88,1.83,1.75,1.63,1.56,1.55,1.62,1.68,1.94,2.12
2019-10-01,25.029762063260826,25.17964022589534,24.76569062586919,25.079721450805664,2619200.0,-1.8695197235792873,1.88,1.79,1.82,1.81,1.73,1.56,1.51,1.51,1.59,1.65,1.93,2.11
2019-10-02,24.958394005955647,24.98694028467359,24.358878591556987,24.36601448059082,8913800.0,-0.3648559972643851,1.85,1.75,1.79,1.75,1.67,1.48,1.43,1.43,1.53,1.6,1.9,2.09
2019-10-03,24.344604060707976,24.57299062566391,24.11621749575204,24.52303123474121,3829900.0,0.2195233777165413,1.83,1.78,1.7,1.66,1.58,1.39,1.34,1.34,1.45,1.54,1.85,2.04
2019-10-04,24.58726398532308,24.865609928285053,24.580125374046755,24.837060928344727,2392300.0,0.2195233777165413,1.82,1.73,1.71,1.65,1.58,1.4,1.35,1.34,1.43,1.52,1.81,2.01
2019-10-05,24.58726398532308,24.865609928285053,24.580125374046755,24.837060928344727,2392300.0,0.2195233777165413,1.82,1.73,1.71,1.65,1.58,1.4,1.35,1.34,1.43,1.52,1.81,2.01
2019-10-06,24.58726398532308,24.865609928285053,24.580125374046755,24.837060928344727,2392300.0,0.2195233777165413,1.82,1.73,1.71,1.65,1.58,1.4,1.35,1.34,1.43,1.52,1.81,2.01
2019-10-07,24.77996565104656,24.908433428195544,24.622948873957245,24.837060928344727,1448500.0,0.2553623765707015,1.82,1.76,1.75,1.73,1.64,1.46,1.41,1.38,1.47,1.56,1.85,2.05
2019-10-08,24.672906270118443,24.915567304850327,24.658631771301007,24.822784423828125,2634000.0,-2.5163918249309063,1.82,1.69,1.72,1.69,1.62,1.42,1.38,1.36,1.45,1.54,1.84,2.04
2019-10-09,24.887021283851528,25.12254645863604,24.865610894355697,25.101133346557617,2459200.0,-0.307786300778389,1.82,1.69,1.69,1.69,1.59,1.47,1.43,1.4,1.5,1.59,1.88,2.08
2019-10-10,25.26528459453213,25.51508150625986,25.193912103622676,25.450847625732425,3056700.0,-1.2656022310256958,1.82,1.74,1.68,1.68,1.63,1.53,1.49,1.48,1.57,1.67,1.96,2.16
2019-10-11,25.72919696098379,25.85052885040034,25.615003682900124,25.6292781829834,2464600.0,0.9842562777921556,1.82,1.76,1.68,1.68,1.67,1.63,1.6,1.59,1.68,1.76,2.04,2.22
2019-10-12,25.72919696098379,25.85052885040034,25.615003682900124,25.6292781829834,2464600.0,0.9842562777921556,1.82,1.76,1.68,1.68,1.67,1.63,1.6,1.59,1.68,1.76,2.04,2.22
2019-10-13,25.72919696098379,25.85052885040034,25.615003682900124,25.6292781829834,2464600.0,0.9842562777921556,1.82,1.76,1.68,1.68,1.67,1.63,1.6,1.59,1.68,1.76,2.04,2.22
2019-10-14,25.72919696098379,25.85052885040034,25.615003682900124,25.6292781829834,2464600.0,0.9842562777921556,1.82,1.76,1.68,1.68,1.67,1.63,1.6,1.59,1.68,1.76,2.04,2.22
2019-10-15,25.400889748926897,25.60072729015368,25.279557868480417,25.472259521484375,3888000.0,-0.3224934153258799,1.9,1.74,1.67,1.67,1.65,1.61,1.6,1.59,1.68,1.77,2.06,2.23
2019-10-16,25.429439243273844,25.57218151375692,25.4151647439673,25.465124130249023,2796000.0,1.6618309468030927,1.9,1.71,1.66,1.64,1.59,1.58,1.57,1.57,1.65,1.75,2.05,2.23
2019-10-17,25.550768697583045,25.593592195995555,25.35093115015612,25.50794792175293,2101900.0,-0.6633237227797508,1.85,1.74,1.66,1.63,1.59,1.6,1.57,1.57,1.66,1.76,2.05,2.24
2019-10-18,25.557906393386727,25.87907309094127,25.515082896507717,25.772018432617188,5128900.0,1.1322166658937929,1.85,1.75,1.66,1.63,1.58,1.58,1.56,1.56,1.66,1.76,2.06,2.25
2019-10-19,25.557906393386727,25.87907309094127,25.515082896507717,25.772018432617188,5128900.0,1.1322166658937929,1.85,1.75,1.66,1.63,1.58,1.58,1.56,1.56,1.66,1.76,2.06,2.25
2019-10-20,25.557906393386727,25.87907309094127,25.515082896507717,25.772018432617188,5128900.0,1.1322166658937929,1.85,1.75,1.66,1.63,1.58,1.58,1.56,1.56,1.66,1.76,2.06,2.25
2019-10-21,25.79342821985404,25.879072489037824,25.75060744655326,25.84338760375977,4719000.0,-0.264232151210308,1.85,1.76,1.67,1.65,1.59,1.62,1.59,1.61,1.7,1.8,2.1,2.28
2019-10-22,25.91476039284504,26.114597930750097,25.850526509578092,25.886211395263672,4221400.0,-0.138950288295746,1.85,1.75,1.65,1.64,1.59,1.6,1.59,1.6,1.68,1.78,2.07,2.26
2019-10-23,25.914760182590793,26.18596748966662,25.900485683915925,26.09318733215332,2699600.0,0.5014821533113717,1.85,1.74,1.65,1.64,1.58,1.58,1.58,1.58,1.67,1.77,2.06,2.25
2019-10-24,26.150286025318355,26.17883502640295,25.93617396234908,26.114601135253903,1643900.0,-0.4989033713936806,1.85,1.75,1.67,1.65,1.59,1.58,1.58,1.58,1.67,1.77,2.08,2.26
2019-10-25,25.978993672228153,26.071773828337527,25.97185506170762,26.036088943481445,1848100.0,-0.1859434861689804,1.83,1.73,1.66,1.66,1.6,1.63,1.62,1.62,1.71,1.8,2.1,2.29
2019-10-26,25.978993672228153,26.071773828337527,25.97185506170762,26.036088943481445,1848100.0,-0.1859434861689804,1.83,1.73,1.66,1.66,1.6,1.63,1.62,1.62,1.71,1.8,2.1,2.29
2019-10-27,25.978993672228153,26.071773828337527,25.97185506170762,26.036088943481445,1848100.0,-0.1859434861689804,1.83,1.73,1.66,1.66,1.6,1.63,1.62,1.62,1.71,1.8,2.1,2.29
2019-10-28,26.086048025097003,26.285888278627752,26.086048025097003,26.15028190612793,2933700.0,-0.2618297021836044,1.83,1.74,1.65,1.65,1.6,1.64,1.65,1.66,1.75,1.85,2.16,2.34
2019-10-29,26.100325040368723,26.143148539379737,25.950446877703826,26.00040626525879,2029400.0,-1.8037697002291675,1.82,1.66,1.63,1.64,1.59,1.64,1.65,1.66,1.74,1.84,2.15,2.33
2019-10-30,26.043229764269803,26.043229764269803,25.84338949146751,26.00040626525879,2031300.0,1.129954133182764,1.82,1.61,1.62,1.62,1.59,1.61,1.6,1.61,1.69,1.78,2.08,2.26
2019-10-31,26.007538238384527,26.021812735905847,25.821975215771392,25.986127853393555,2112400.0,-0.7127465754747389,1.58,1.59,1.54,1.57,1.53,1.52,1.52,1.51,1.6,1.69,2.0,2.17
2019-11-01,26.043236195296693,26.314443588256836,26.03609758240753,26.314443588256836,1996800.0,0.4268174804747107,1.57,1.58,1.52,1.55,1.53,1.56,1.55,1.55,1.63,1.73,2.03,2.21
2019-11-02,26.043236195296693,26.314443588256836,26.03609758240753,26.314443588256836,1996800.0,0.4268174804747107,1.57,1.58,1.52,1.55,1.53,1.56,1.55,1.55,1.63,1.73,2.03,2.21
2019-11-03,26.043236195296693,26.314443588256836,26.03609758240753,26.314443588256836,1996800.0,0.4268174804747107,1.57,1.58,1.52,1.55,1.53,1.56,1.55,1.55,1.63,1.73,2.03,2.21
2019-11-04,26.342985552572745,26.4286298262664,26.200243281361733,26.32157516479492,6333400.0,-0.3122683614492416,1.56,1.58,1.53,1.57,1.56,1.6,1.59,1.6,1.69,1.79,2.1,2.27
2019-11-05,26.364396951709143,26.521413728322777,26.150284897970316,26.350122451782227,3707000.0,-0.5610168222337959,1.56,1.56,1.56,1.58,1.62,1.63,1.63,1.66,1.77,1.86,2.17,2.34
2019-11-06,26.342987060546875,26.514278340321933,26.271617282147076,26.342987060546875,4267900.0,-0.0432407557964325,1.55,1.55,1.56,1.57,1.58,1.61,1.6,1.63,1.73,1.81,2.13,2.3
2019-11-07,26.457176710929005,26.46431532133944,26.171692191319018,26.214515686035156,2672400.0,-1.3147653713822365,1.55,1.57,1.56,1.58,1.58,1.68,1.7,1.74,1.84,1.92,2.24,2.4
2019-11-08,26.300159256523543,27.03528092215136,26.221653602162476,26.742660522460938,5525500.0,1.3212732905521989,1.55,1.56,1.55,1.58,1.58,1.68,1.7,1.74,1.86,1.94,2.27,2.43
2019-11-09,26.300159256523543,27.03528092215136,26.221653602162476,26.742660522460938,5525500.0,1.3212732905521989,1.55,1.56,1.55,1.58,1.58,1.68,1.7,1.74,1.86,1.94,2.27,2.43
2019-11-10,26.300159256523543,27.03528092215136,26.221653602162476,26.742660522460938,5525500.0,1.3212732905521989,1.55,1.56,1.55,1.58,1.58,1.68,1.7,1.74,1.86,1.94,2.27,2.43
2019-11-11,26.300159256523543,27.03528092215136,26.221653602162476,26.742660522460938,5525500.0,1.3212732905521989,1.55,1.56,1.55,1.58,1.58,1.68,1.7,1.74,1.86,1.94,2.27,2.43
2019-11-12,26.99959020638864,27.363580294172323,26.96390260815486,27.306482315063477,6254100.0,0.7304759118705986,1.55,1.56,1.59,1.59,1.58,1.66,1.69,1.73,1.84,1.92,2.24,2.39
2019-11-13,27.292223405384448,27.670488166217257,27.227989509905033,27.641939163208008,4450100.0,1.627098672091847,1.55,1.56,1.57,1.59,1.57,1.63,1.65,1.69,1.79,1.88,2.2,2.36
2019-11-14,27.654247257401835,27.654247257401835,27.140120759874183,27.31391143798828,4007200.0,0.447443678975105,1.55,1.59,1.57,1.58,1.55,1.58,1.59,1.63,1.73,1.82,2.15,2.31
2019-11-15,27.35011865653128,27.66873169606933,27.263224693440772,27.647008895874023,2250800.0,-0.4214240796864031,1.55,1.59,1.57,1.59,1.54,1.61,1.61,1.65,1.75,1.84,2.16,2.31
2019-11-16,27.35011865653128,27.66873169606933,27.263224693440772,27.647008895874023,2250800.0,-0.4214240796864031,1.55,1.59,1.57,1.59,1.54,1.61,1.61,1.65,1.75,1.84,2.16,2.31
2019-11-17,27.35011865653128,27.66873169606933,27.263224693440772,27.647008895874023,2250800.0,-0.4214240796864031,1.55,1.59,1.57,1.59,1.54,1.61,1.61,1.65,1.75,1.84,2.16,2.31
2019-11-18,27.63252507968873,27.683213453130428,27.494942746391143,27.56011390686035,6972300.0,-1.0192237943410871,1.55,1.59,1.57,1.58,1.54,1.6,1.59,1.63,1.73,1.81,2.14,2.3
2019-11-19,27.509420593530916,27.516660604589987,27.060462563225354,27.241493225097656,3577000.0,-0.1934738401323555,1.55,1.58,1.57,1.58,1.54,1.6,1.59,1.63,1.71,1.79,2.11,2.26
2019-11-20,27.132881315785745,27.32115202223467,27.01702178205352,27.306669235229492,2728200.0,-1.1761642619967458,1.55,1.57,1.57,1.58,1.54,1.56,1.55,1.58,1.66,1.73,2.05,2.2
2019-11-21,27.313909810260142,27.350115393702808,27.16908471418053,27.342872619628903,2293900.0,1.6632475275546308,1.55,1.57,1.58,1.59,1.55,1.6,1.59,1.62,1.71,1.77,2.09,2.24
2019-11-22,27.357352552301993,27.4080409162971,27.074945163669636,27.089427947998047,2627000.0,0.984116032719612,1.55,1.58,1.58,1.59,1.56,1.61,1.6,1.62,1.71,1.77,2.08,2.22
2019-11-23,27.357352552301993,27.4080409162971,27.074945163669636,27.089427947998047,2627000.0,0.984116032719612,1.55,1.58,1.58,1.59,1.56,1.61,1.6,1.62,1.71,1.77,2.08,2.22
2019-11-24,27.357352552301993,27.4080409162971,27.074945163669636,27.089427947998047,2627000.0,0.984116032719612,1.55,1.58,1.58,1.59,1.56,1.61,1.6,1.62,1.71,1.77,2.08,2.22
2019-11-25,27.212534682801692,27.437010970821593,27.11839795043028,27.357357025146484,2525600.0,0.8646782543510199,1.55,1.6,1.61,1.61,1.58,1.61,1.6,1.62,1.71,1.76,2.07,2.21
2019-11-26,27.335634236886623,27.40804540808718,27.248740278984133,27.31391143798828,2027800.0,-0.0733836963772773,1.55,1.63,1.6,1.62,1.59,1.58,1.58,1.58,1.68,1.74,2.04,2.18
2019-11-27,27.3356284173329,27.480453491210938,27.147357754907414,27.480453491210938,2176400.0,0.1392063722014427,1.55,1.65,1.62,1.63,1.6,1.63,1.61,1.63,1.71,1.77,2.06,2.19
2019-11-28,27.3356284173329,27.480453491210938,27.147357754907414,27.480453491210938,2176400.0,0.1392063722014427,1.55,1.65,1.62,1.63,1.6,1.63,1.61,1.63,1.71,1.77,2.06,2.19
2019-11-29,27.49493598891116,27.531141566427035,27.350110916539148,27.516658782958984,970600.0,0.9025807455182074,1.56,1.62,1.59,1.63,1.6,1.61,1.61,1.62,1.73,1.78,2.07,2.21
2019-11-30,27.49493598891116,27.531141566427035,27.350110916539148,27.516658782958984,970600.0,0.9025807455182074,1.56,1.62,1.59,1.63,1.6,1.61,1.61,1.62,1.73,1.78,2.07,2.21
2019-12-01,27.49493598891116,27.531141566427035,27.350110916539148,27.516658782958984,970600.0,0.9025807455182074,1.56,1.62,1.59,1.63,1.6,1.61,1.61,1.62,1.73,1.78,2.07,2.21
2019-12-02,27.465969655207516,27.51665801477638,27.154596725108263,27.393558502197266,2141700.0,1.2094003260135648,1.56,1.6,1.6,1.62,1.6,1.61,1.63,1.65,1.77,1.83,2.15,2.28
2019-12-03,27.277704568778184,27.523906431439215,27.19081060616525,27.494943618774418,2534900.0,0.0629049316048622,1.55,1.56,1.57,1.57,1.57,1.53,1.54,1.54,1.65,1.72,2.03,2.17
2019-12-04,27.654235279413378,27.79906032139496,27.61802970949496,27.704923629760746,4817400.0,0.3271739780902863,1.55,1.59,1.55,1.56,1.56,1.58,1.58,1.6,1.71,1.77,2.08,2.22
2019-12-05,27.791829199336032,27.885963158763573,27.69045246622403,27.85700035095215,2275500.0,-1.2577025294303894,1.55,1.52,1.54,1.55,1.56,1.58,1.6,1.62,1.73,1.8,2.11,2.24
2019-12-06,27.806316068572123,28.038035138951123,27.791833281384783,27.885967254638672,2366600.0,-1.8840260645083615,1.55,1.52,1.53,1.56,1.57,1.61,1.64,1.67,1.78,1.84,2.14,2.29
2019-12-07,27.806316068572123,28.038035138951123,27.791833281384783,27.885967254638672,2366600.0,-1.8840260645083615,1.55,1.52,1.53,1.56,1.57,1.61,1.64,1.67,1.78,1.84,2.14,2.29
2019-12-08,27.806316068572123,28.038035138951123,27.791833281384783,27.885967254638672,2366600.0,-1.8840260645083615,1.55,1.52,1.53,1.56,1.57,1.61,1.64,1.67,1.78,1.84,2.14,2.29
2019-12-09,27.893209035633255,28.168376457770854,27.878726248961897,28.095962524414062,5405800.0,1.654225144535303,1.55,1.54,1.54,1.58,1.56,1.63,1.63,1.67,1.77,1.83,2.13,2.27
2019-12-10,28.110442358803173,28.421815333762854,28.009065625059797,28.03078842163086,6797800.0,3.216973219066858,1.55,1.53,1.56,1.57,1.56,1.65,1.67,1.68,1.78,1.85,2.12,2.26
2019-12-11,28.1176813060815,28.16836966605516,27.914925103878417,27.98733901977539,2748800.0,0.616451784968376,1.55,1.54,1.57,1.58,1.55,1.61,1.62,1.64,1.74,1.79,2.08,2.23
2019-12-12,27.885954241660745,27.994573713723916,27.690443611639715,27.704923629760746,2469800.0,0.616451784968376,1.55,1.57,1.56,1.57,1.55,1.66,1.69,1.73,1.84,1.9,2.18,2.32
2019-12-13,27.71941671307677,27.76286507051272,27.502180450514928,27.74114227294922,3082700.0,0.2315530031919479,1.55,1.55,1.57,1.56,1.54,1.61,1.62,1.66,1.76,1.82,2.11,2.26
2019-12-14,27.71941671307677,27.76286507051272,27.502180450514928,27.74114227294922,3082700.0,0.2315530031919479,1.55,1.55,1.57,1.56,1.54,1.61,1.62,1.66,1.76,1.82,2.11,2.26
2019-12-15,27.71941671307677,27.76286507051272,27.502180450514928,27.74114227294922,3082700.0,0.2315530031919479,1.55,1.55,1.57,1.56,1.54,1.61,1.62,1.66,1.76,1.82,2.11,2.26
2019-12-16,27.922170065008743,28.13940630510856,27.856998916747933,27.97285842895508,3302500.0,0.1207755580544472,1.56,1.57,1.57,1.58,1.54,1.65,1.67,1.72,1.82,1.89,2.17,2.3
2019-12-17,28.02355014570595,28.132166897596697,27.87872504754263,27.900447845458984,3090500.0,0.0229620849713683,1.55,1.56,1.56,1.58,1.53,1.63,1.66,1.71,1.82,1.89,2.18,2.31
2019-12-18,28.052518118909003,28.385613939579123,28.016309769537237,28.29147720336914,3686900.0,0.3052259981632233,1.55,1.56,1.56,1.58,1.54,1.63,1.67,1.74,1.86,1.92,2.22,2.35
2019-12-19,28.255263427563683,28.363880157272757,28.182849512115872,28.3204345703125,2517800.0,-0.1948148398660122,1.55,1.54,1.57,1.57,1.52,1.62,1.65,1.73,1.84,1.92,2.21,2.35
2019-12-20,28.269755287524912,28.60285111861019,28.2480297247607,28.544919967651367,2772500.0,-0.6211366355419158,1.55,1.57,1.58,1.58,1.52,1.63,1.67,1.73,1.84,1.92,2.21,2.34
2019-12-21,28.269755287524912,28.60285111861019,28.2480297247607,28.544919967651367,2772500.0,-0.6211366355419158,1.55,1.57,1.58,1.58,1.52,1.63,1.67,1.73,1.84,1.92,2.21,2.34
2019-12-22,28.269755287524912,28.60285111861019,28.2480297247607,28.544919967651367,2772500.0,-0.6211366355419158,1.55,1.57,1.58,1.58,1.52,1.63,1.67,1.73,1.84,1.92,2.21,2.34
2019-12-23,28.581120870677445,28.668014812164117,28.45801858812178,28.65353202819824,1841000.0,1.2268725633621216,1.55,1.57,1.59,1.6,1.53,1.64,1.67,1.75,1.86,1.93,2.22,2.35
2019-12-24,28.631810855350412,28.675256447400574,28.515951339368726,28.64629364013672,939000.0,0.6674386328086256,1.55,1.55,1.58,1.61,1.53,1.62,1.64,1.72,1.83,1.9,2.2,2.33
2019-12-25,28.631810855350412,28.675256447400574,28.515951339368726,28.64629364013672,939000.0,0.6674386328086256,1.55,1.55,1.58,1.61,1.53,1.62,1.64,1.72,1.83,1.9,2.2,2.33
2019-12-26,28.64629715111639,28.834567851795892,28.595608779306172,28.72594833374023,855700.0,0.759747128933668,1.55,1.59,1.58,1.61,1.53,1.64,1.65,1.72,1.85,1.9,2.19,2.33
2019-12-27,28.798360650493297,28.86353180520771,28.610087198069884,28.668018341064453,1366700.0,0.4258172810077668,1.55,1.56,1.57,1.59,1.51,1.59,1.6,1.68,1.8,1.88,2.18,2.32
2019-12-28,28.798360650493297,28.86353180520771,28.610087198069884,28.668018341064453,1366700.0,0.4258172810077668,1.55,1.56,1.57,1.59,1.51,1.59,1.6,1.68,1.8,1.88,2.18,2.32
2019-12-29,28.798360650493297,28.86353180520771,28.610087198069884,28.668018341064453,1366700.0,0.4258172810077668,1.55,1.56,1.57,1.59,1.51,1.59,1.6,1.68,1.8,1.88,2.18,2.32
2019-12-30,28.696984488884564,28.71870728678932,28.523193818719548,28.63905334472656,2332900.0,0.7472936995327475,1.55,1.51,1.57,1.6,1.57,1.58,1.59,1.68,1.81,1.9,2.21,2.34
2019-12-31,28.639054839493276,28.834568317767538,28.62457205269787,28.798362731933594,1876600.0,0.3854693211615087,1.55,1.48,1.55,1.6,1.59,1.58,1.62,1.69,1.83,1.92,2.25,2.39
2020-01-01,28.639054839493276,28.834568317767538,28.62457205269787,28.798362731933594,1876600.0,0.3854693211615087,1.55,1.48,1.55,1.6,1.59,1.58,1.62,1.69,1.83,1.92,2.25,2.39
2020-01-02,28.82007875212791,28.94318102977908,28.64629087607841,28.754907608032227,2094200.0,-0.1000967435538769,1.55,1.53,1.54,1.57,1.56,1.58,1.59,1.67,1.79,1.88,2.19,2.33
2020-01-03,28.74767198961724,28.783877572466736,28.552158527459262,28.7042236328125,1824700.0,0.8410430587828158,1.55,1.52,1.52,1.55,1.55,1.53,1.54,1.59,1.71,1.8,2.11,2.26
2020-01-04,28.74767198961724,28.783877572466736,28.552158527459262,28.7042236328125,1824700.0,0.8410430587828158,1.55,1.52,1.52,1.55,1.55,1.53,1.54,1.59,1.71,1.8,2.11,2.26
2020-01-05,28.74767198961724,28.783877572466736,28.552158527459262,28.7042236328125,1824700.0,0.8410430587828158,1.55,1.52,1.52,1.55,1.55,1.53,1.54,1.59,1.71,1.8,2.11,2.26
2020-01-06,28.747668834153625,29.01559343260208,28.7114632552782,28.972145080566406,2216800.0,0.9358054772019386,1.55,1.54,1.56,1.56,1.54,1.54,1.56,1.61,1.72,1.81,2.13,2.28
2020-01-07,28.87077390907878,28.914222269473235,28.646297619480254,28.776639938354492,4846400.0,1.4627640917897222,1.55,1.52,1.54,1.56,1.53,1.54,1.55,1.62,1.74,1.83,2.16,2.31
2020-01-08,28.733192310157083,28.964911380214065,28.689743948655448,28.89974021911621,2442800.0,1.166109272278845,1.55,1.5,1.54,1.56,1.55,1.58,1.61,1.67,1.78,1.87,2.21,2.35
2020-01-09,28.878008457801588,28.878008457801588,28.544909980944652,28.849042892456055,3075300.0,-0.2263715378940105,1.55,1.53,1.54,1.56,1.54,1.58,1.59,1.65,1.77,1.85,2.17,2.38
2020-01-10,28.849044228890843,28.96490373333183,28.725941951623778,28.92145538330078,2724500.0,0.619080029428005,1.54,1.52,1.54,1.55,1.53,1.56,1.59,1.63,1.74,1.83,2.14,2.28
2020-01-11,28.849044228890843,28.96490373333183,28.725941951623778,28.92145538330078,2724500.0,0.619080029428005,1.54,1.52,1.54,1.55,1.53,1.56,1.59,1.63,1.74,1.83,2.14,2.28
2020-01-12,28.849044228890843,28.96490373333183,28.725941951623778,28.92145538330078,2724500.0,0.619080029428005,1.54,1.52,1.54,1.55,1.53,1.56,1.59,1.63,1.74,1.83,2.14,2.28
2020-01-13,28.94317943516649,29.16765565955537,28.71870044846927,29.160415649414062,2852700.0,0.9622797966003416,1.54,1.54,1.57,1.57,1.53,1.58,1.6,1.65,1.76,1.85,2.16,2.3
2020-01-14,29.2473120686922,29.25455484175748,29.008353041400692,29.131452560424805,1971200.0,-0.6060484936460849,1.54,1.53,1.57,1.57,1.53,1.58,1.59,1.63,1.74,1.82,2.12,2.27
2020-01-15,29.167660050971364,29.276279555602823,29.02283772787442,29.109731674194336,2580000.0,-0.3937104605138301,1.54,1.53,1.57,1.58,1.54,1.56,1.56,1.6,1.71,1.79,2.09,2.23
2020-01-16,29.167664782402152,29.355938252662945,29.13145919575483,29.319732666015625,2532100.0,0.5336641147732732,1.54,1.54,1.55,1.56,1.54,1.58,1.58,1.63,1.73,1.81,2.11,2.26
2020-01-17,29.334210778003396,29.442830293171703,29.254559597496858,29.341453552246097,1851000.0,-0.2413951717317103,1.55,1.54,1.56,1.57,1.56,1.58,1.56,1.63,1.74,1.84,2.16,2.29
2020-01-18,29.334210778003396,29.442830293171703,29.254559597496858,29.341453552246097,1851000.0,-0.2413951717317103,1.55,1.54,1.56,1.57,1.56,1.58,1.56,1.63,1.74,1.84,2.16,2.29
2020-01-19,29.334210778003396,29.442830293171703,29.254559597496858,29.341453552246097,1851000.0,-0.2413951717317103,1.55,1.54,1.56,1.57,1.56,1.58,1.56,1.63,1.74,1.84,2.16,2.29
2020-01-20,29.334210778003396,29.442830293171703,29.254559597496858,29.341453552246097,1851000.0,-0.2413951717317103,1.55,1.54,1.56,1.57,1.56,1.58,1.56,1.63,1.74,1.84,2.16,2.29
2020-01-21,29.442829888195813,29.62386056944697,29.43558987636172,29.500761032104492,5723100.0,-0.1687024142593144,1.55,1.52,1.56,1.57,1.54,1.53,1.53,1.57,1.69,1.78,2.1,2.23
2020-01-22,29.536964127513706,29.65282364326135,29.392139042251955,29.573169708251953,2820500.0,1.0445199981331823,1.55,1.52,1.55,1.56,1.55,1.53,1.52,1.57,1.68,1.77,2.07,2.22
2020-01-23,29.573170176023268,29.739718059900575,29.40662229214596,29.689029693603516,2566600.0,0.1035212799906731,1.55,1.55,1.55,1.56,1.55,1.51,1.51,1.55,1.65,1.74,2.03,2.18
2020-01-24,29.75420437345613,29.804892745764356,29.61662204323511,29.725238800048828,2537500.0,1.0757205709815023,1.55,1.54,1.54,1.55,1.55,1.49,1.48,1.51,1.61,1.7,2.0,2.14
2020-01-25,29.75420437345613,29.804892745764356,29.61662204323511,29.725238800048828,2537500.0,1.0757205709815023,1.55,1.54,1.54,1.55,1.55,1.49,1.48,1.51,1.61,1.7,2.0,2.14
2020-01-26,29.75420437345613,29.804892745764356,29.61662204323511,29.725238800048828,2537500.0,1.0757205709815023,1.55,1.54,1.54,1.55,1.55,1.49,1.48,1.51,1.61,1.7,2.0,2.14
2020-01-27,29.35593696694901,29.602138812600675,29.326971393976088,29.565933227539062,2361100.0,1.0757205709815023,1.55,1.53,1.55,1.57,1.53,1.44,1.41,1.44,1.52,1.61,1.91,2.05
2020-01-28,29.64557857821329,29.775920868642917,29.58765020597153,29.75419807434082,2440000.0,-0.3087939321994781,1.55,1.53,1.57,1.58,1.53,1.45,1.45,1.47,1.56,1.65,1.95,2.1
2020-01-29,29.783164978027344,29.855576137155865,29.674545477025905,29.783164978027344,1890300.0,-0.4373515117913484,1.55,1.52,1.56,1.57,1.51,1.42,1.39,1.41,1.51,1.6,1.89,2.05
2020-01-30,29.67454679801861,29.877300262451172,29.34869104281715,29.877300262451172,2676400.0,-1.9156773276627064,1.6,1.59,1.57,1.57,1.48,1.41,1.37,1.39,1.49,1.57,1.88,2.04
2020-01-31,29.652829506568807,29.70351788208681,29.305250890598515,29.4500732421875,4494900.0,-1.624811466783285,1.59,1.56,1.55,1.54,1.45,1.33,1.3,1.32,1.42,1.51,1.83,1.99
2020-02-01,29.652829506568807,29.70351788208681,29.305250890598515,29.4500732421875,4494900.0,-1.624811466783285,1.59,1.56,1.55,1.54,1.45,1.33,1.3,1.32,1.42,1.51,1.83,1.99
2020-02-02,29.652829506568807,29.70351788208681,29.305250890598515,29.4500732421875,4494900.0,-1.624811466783285,1.59,1.56,1.55,1.54,1.45,1.33,1.3,1.32,1.42,1.51,1.83,1.99
2020-02-03,29.421110167670435,29.870065530685046,29.384904580095096,29.739723205566406,6058500.0,-0.32027168571949,1.59,1.56,1.57,1.56,1.46,1.36,1.34,1.35,1.45,1.54,1.84,2.01
2020-02-04,29.94247084377901,30.33349774258073,29.783165737173984,29.86281967163086,8601100.0,-0.4115856662392615,1.59,1.55,1.57,1.57,1.48,1.41,1.4,1.42,1.52,1.61,1.91,2.08
2020-02-05,30.101783333346244,30.32626238651804,30.043854948136552,30.282814025878903,3757800.0,-0.3136060237884521,1.59,1.55,1.57,1.57,1.49,1.44,1.43,1.46,1.57,1.66,1.97,2.14
2020-02-06,30.290055810582707,30.565220465377276,30.24660745136348,30.492809295654297,5705800.0,0.3211607635021209,1.59,1.59,1.57,1.58,1.51,1.44,1.43,1.45,1.56,1.65,1.94,2.11
2020-02-07,30.369702621319437,30.840383443702077,30.31901425734699,30.543493270874023,7870200.0,-0.9239867450669408,1.58,1.57,1.56,1.57,1.49,1.41,1.39,1.41,1.51,1.59,1.89,2.05
2020-02-08,30.369702621319437,30.840383443702077,30.31901425734699,30.543493270874023,7870200.0,-0.9239867450669408,1.58,1.57,1.56,1.57,1.49,1.41,1.39,1.41,1.51,1.59,1.89,2.05
2020-02-09,30.369702621319437,30.840383443702077,30.31901425734699,30.543493270874023,7870200.0,-0.9239867450669408,1.58,1.57,1.56,1.57,1.49,1.41,1.39,1.41,1.51,1.59,1.89,2.05
2020-02-10,30.557973968197743,30.840381337416467,30.52900840153211,30.833141326904297,6112200.0,0.3348869327455758,1.58,1.58,1.58,1.58,1.45,1.37,1.36,1.38,1.47,1.56,1.87,2.03
2020-02-11,30.99245262607646,31.245897241697588,30.92004145721844,30.97072982788086,3259200.0,-0.2711148001253603,1.58,1.57,1.57,1.55,1.48,1.41,1.39,1.4,1.5,1.59,1.89,2.05
2020-02-12,31.1589957258001,31.20968408865649,30.927276706368417,31.180721282958984,3149800.0,0.030305340886116,1.58,1.57,1.58,1.56,1.49,1.44,1.42,1.45,1.55,1.62,1.93,2.09
2020-02-13,31.078621362487556,31.218183999859832,30.82152875418865,30.865602493286133,3550500.0,0.2957054674625397,1.58,1.59,1.59,1.56,1.48,1.44,1.42,1.43,1.53,1.61,1.91,2.07
2020-02-14,30.49098547693772,31.03455043341559,30.32204033153664,30.99782371520996,4147800.0,2.734183337539434,1.58,1.6,1.58,1.56,1.49,1.42,1.4,1.42,1.51,1.59,1.89,2.04
2020-02-15,30.49098547693772,31.03455043341559,30.32204033153664,30.99782371520996,4147800.0,2.734183337539434,1.58,1.6,1.58,1.56,1.49,1.42,1.4,1.42,1.51,1.59,1.89,2.04
2020-02-16,30.49098547693772,31.03455043341559,30.32204033153664,30.99782371520996,4147800.0,2.734183337539434,1.58,1.6,1.58,1.56,1.49,1.42,1.4,1.42,1.51,1.59,1.89,2.04
2020-02-17,30.49098547693772,31.03455043341559,30.32204033153664,30.99782371520996,4147800.0,2.734183337539434,1.58,1.6,1.58,1.56,1.49,1.42,1.4,1.42,1.51,1.59,1.89,2.04
2020-02-18,30.61586036907078,30.828879262345243,30.322041012687446,30.5277156829834,5690800.0,0.3889259546995163,1.59,1.61,1.58,1.56,1.47,1.41,1.37,1.39,1.48,1.55,1.85,2.0
2020-02-19,30.57178009819829,30.880290636743528,30.542400410487488,30.828872680664062,3643100.0,-0.5769484201446174,1.59,1.61,1.58,1.56,1.47,1.42,1.39,1.41,1.5,1.56,1.86,2.01
2020-02-20,30.821525506092986,30.90967297499862,30.549744482138347,30.67461585998535,2777300.0,-2.4021019767969847,1.59,1.61,1.58,1.55,1.46,1.39,1.35,1.37,1.45,1.52,1.81,1.97
2020-02-21,30.483637731666335,30.90967545941511,30.446911017704565,30.75541877746582,2224600.0,0.2911946699023247,1.58,1.6,1.56,1.53,1.43,1.34,1.3,1.3,1.39,1.46,1.75,1.9
2020-02-22,30.483637731666335,30.90967545941511,30.446911017704565,30.75541877746582,2224600.0,0.2911946699023247,1.58,1.6,1.56,1.53,1.43,1.34,1.3,1.3,1.39,1.46,1.75,1.9
2020-02-23,30.483637731666335,30.90967545941511,30.446911017704565,30.75541877746582,2224600.0,0.2911946699023247,1.58,1.6,1.56,1.53,1.43,1.34,1.3,1.3,1.39,1.46,1.75,1.9
2020-02-24,29.851930661823403,30.0869850133284,29.403857428620476,29.99884033203125,5013100.0,0.5670901834964752,1.58,1.6,1.53,1.49,1.35,1.26,1.21,1.21,1.3,1.38,1.68,1.84
2020-02-25,30.07229471478519,30.2338956373187,29.183495244988844,29.286331176757812,5178900.0,-0.1932385256513953,1.58,1.59,1.53,1.47,1.3,1.2,1.16,1.16,1.25,1.33,1.63,1.8
2020-02-26,28.80153282700269,29.352442037016065,28.669314392433947,28.80887985229492,6319300.0,0.5177015094086528,1.58,1.59,1.53,1.42,1.26,1.16,1.14,1.14,1.25,1.33,1.64,1.81
2020-02-27,28.08167170806791,28.11105419803158,27.236946137125795,27.662981033325195,9300200.0,0.8359348699450492,1.58,1.56,1.45,1.33,1.18,1.11,1.08,1.11,1.22,1.3,1.61,1.79
2020-02-28,26.80356588351838,27.50138185008703,26.05432915528274,27.494037628173828,9498200.0,-0.1922797672450542,1.58,1.45,1.27,1.11,0.97,0.86,0.85,0.89,1.03,1.13,1.46,1.65
2020-02-29,26.80356588351838,27.50138185008703,26.05432915528274,27.494037628173828,9498200.0,-0.1922797672450542,1.58,1.45,1.27,1.11,0.97,0.86,0.85,0.89,1.03,1.13,1.46,1.65
2020-03-01,26.80356588351838,27.50138185008703,26.05432915528274,27.494037628173828,9498200.0,-0.1922797672450542,1.58,1.45,1.27,1.11,0.97,0.86,0.85,0.89,1.03,1.13,1.46,1.65
2020-03-02,27.707051819174428,28.111051205934228,27.200213728487764,28.059633255004883,6644000.0,0.0783800780773162,1.59,1.41,1.13,0.95,0.89,0.84,0.85,0.88,1.01,1.1,1.46,1.66
2020-03-03,28.37549093584406,28.595854005908738,27.707054702142408,27.78785514831543,6161000.0,0.0423109587281942,1.59,1.11,0.95,0.83,0.73,0.71,0.72,0.77,0.91,1.02,1.44,1.64
2020-03-04,28.338767338132648,28.6252396408987,28.155130959224277,28.522403717041016,4073700.0,-1.3119388073682785,1.09,1.0,0.72,0.68,0.59,0.67,0.68,0.75,0.9,1.02,1.45,1.67
2020-03-05,27.98618040900191,28.47098029192409,27.802544047257623,28.272655487060547,4512900.0,-1.710392993874848,1.09,0.92,0.62,0.53,0.48,0.59,0.61,0.67,0.81,0.92,1.34,1.56
2020-03-06,27.54545755547339,28.01556624942246,27.192876035011597,27.92742156982422,6471400.0,1.7641271539032457,1.09,0.79,0.45,0.41,0.39,0.49,0.53,0.58,0.69,0.74,1.09,1.25
2020-03-07,27.54545755547339,28.01556624942246,27.192876035011597,27.92742156982422,6471400.0,1.7641271539032457,1.09,0.79,0.45,0.41,0.39,0.49,0.53,0.58,0.69,0.74,1.09,1.25
2020-03-08,27.54545755547339,28.01556624942246,27.192876035011597,27.92742156982422,6471400.0,1.7641271539032457,1.09,0.79,0.45,0.41,0.39,0.49,0.53,0.58,0.69,0.74,1.09,1.25
2020-03-09,24.00494666546137,24.644000452605756,19.83272808797395,22.947200775146484,9757400.0,-1.440754547715187,1.09,0.57,0.33,0.27,0.31,0.38,0.4,0.46,0.56,0.54,0.87,0.99
2020-03-10,24.636659434453332,24.66604193016034,21.88945773136651,23.747859954833984,9997300.0,-1.6944648325443266,1.09,0.57,0.44,0.43,0.43,0.5,0.58,0.63,0.73,0.76,1.16,1.28
2020-03-11,23.08676360891854,23.5935989582865,22.712145263059018,22.910472869873047,8807900.0,-0.8366390913724897,1.09,0.42,0.42,0.4,0.4,0.5,0.58,0.66,0.78,0.82,1.13,1.3
2020-03-12,21.022694339455818,21.33120352770056,18.797020809902,19.068801879882812,10726800.0,0.811538618057966,1.1,0.41,0.33,0.37,0.39,0.5,0.58,0.66,0.82,0.88,1.27,1.49
2020-03-13,21.492800948922216,22.75621867226595,18.88516364993412,22.719491958618164,9964700.0,-0.2369023365899919,1.1,0.33,0.28,0.38,0.38,0.49,0.58,0.7,0.89,0.94,1.31,1.56
2020-03-14,21.492800948922216,22.75621867226595,18.88516364993412,22.719491958618164,9964700.0,-0.2369023365899919,1.1,0.33,0.28,0.38,0.38,0.49,0.58,0.7,0.89,0.94,1.31,1.56
2020-03-15,21.492800948922216,22.75621867226595,18.88516364993412,22.719491958618164,9964700.0,-0.2369023365899919,1.1,0.33,0.28,0.38,0.38,0.49,0.58,0.7,0.89,0.94,1.31,1.56
2020-03-16,19.223053039617284,21.485452799755276,18.965961871208258,20.060434341430664,6878400.0,0.1446297690272332,0.25,0.25,0.24,0.29,0.29,0.36,0.43,0.49,0.67,0.73,1.1,1.34
2020-03-17,20.25876520710551,22.22000178427097,19.47280173179432,19.693164825439453,8159000.0,-0.2243427634239196,0.25,0.12,0.19,0.24,0.3,0.47,0.54,0.66,0.91,1.02,1.45,1.63
2020-03-18,18.385675677479043,19.178984817880146,16.57869289037771,17.570329666137695,9806500.0,0.5504724429920315,0.25,0.04,0.02,0.08,0.21,0.54,0.66,0.79,1.08,1.18,1.6,1.77
2020-03-19,17.496870487851467,18.6794889817889,16.777016361556555,18.24610710144043,8099400.0,0.0574500858783721,0.2,0.04,0.04,0.06,0.2,0.44,0.53,0.66,1.0,1.12,1.56,1.78
2020-03-20,18.833744471948492,20.486471697792048,18.56196344605561,18.826398849487305,9287700.0,0.6275173518806696,0.15,0.04,0.05,0.05,0.15,0.37,0.41,0.52,0.82,0.92,1.35,1.55
2020-03-21,18.833744471948492,20.486471697792048,18.56196344605561,18.826398849487305,9287700.0,0.6275173518806696,0.15,0.04,0.05,0.05,0.15,0.37,0.41,0.52,0.82,0.92,1.35,1.55
2020-03-22,18.833744471948492,20.486471697792048,18.56196344605561,18.826398849487305,9287700.0,0.6275173518806696,0.15,0.04,0.05,0.05,0.15,0.37,0.41,0.52,0.82,0.92,1.35,1.55
2020-03-23,18.451783946468947,19.083492136433236,17.15163804914886,17.4381103515625,11320300.0,1.1005764596629886,0.15,0.01,0.02,0.08,0.17,0.28,0.31,0.38,0.63,0.76,1.12,1.33
2020-03-24,18.503204182500316,19.86211383197637,18.503204182500316,19.77396774291992,11207100.0,-0.5052487254142761,0.12,0.01,0.01,0.09,0.25,0.38,0.44,0.52,0.75,0.84,1.19,1.39
2020-03-25,20.383636633389425,22.521163822321576,19.83272753518971,20.96392822265625,11164300.0,-0.7914263829588889,0.1,0.0,0.0,0.07,0.19,0.34,0.41,0.56,0.77,0.88,1.23,1.45
2020-03-26,21.287129808871203,22.513820939527815,21.044729832204183,21.84538459777832,8738000.0,0.7640183158218861,0.1,0.01,0.0,0.04,0.13,0.3,0.36,0.51,0.72,0.83,1.2,1.42
2020-03-27,21.15490710472824,21.206326459949725,20.26610783712667,20.37628936767578,6093500.0,0.3230762835592029,0.1,0.01,0.03,0.02,0.11,0.25,0.3,0.41,0.6,0.72,1.09,1.29
2020-03-28,21.15490710472824,21.206326459949725,20.26610783712667,20.37628936767578,6093500.0,0.3230762835592029,0.1,0.01,0.03,0.02,0.11,0.25,0.3,0.41,0.6,0.72,1.09,1.29
2020-03-29,21.15490710472824,21.206326459949725,20.26610783712667,20.37628936767578,6093500.0,0.3230762835592029,0.1,0.01,0.03,0.02,0.11,0.25,0.3,0.41,0.6,0.72,1.09,1.29
2020-03-30,20.12654656258337,20.758256145396107,19.40669230372452,20.714183807373047,5628300.0,0.2624181136488914,0.09,0.04,0.12,0.12,0.14,0.23,0.29,0.39,0.57,0.7,1.1,1.31
2020-03-31,21.16959994074903,21.426691132049573,20.42036323502777,21.36792755126953,8370200.0,0.1211569309234619,0.08,0.05,0.11,0.15,0.17,0.23,0.29,0.37,0.55,0.7,1.15,1.35
2020-04-01,20.552582715784453,20.736219090445218,19.759273633291325,19.986982345581055,6441600.0,-0.4928629677742719,0.06,0.03,0.09,0.14,0.16,0.23,0.28,0.37,0.51,0.62,1.04,1.27
2020-04-02,20.58196518150218,21.49280143051278,20.13389197958072,20.192655563354492,10258200.0,0.8046418167650699,0.05,0.09,0.09,0.15,0.14,0.23,0.29,0.39,0.53,0.63,1.04,1.26
2020-04-03,20.59665730539504,20.7582568174006,20.111855967309538,20.530548095703125,7078600.0,-0.4875500993803144,0.05,0.09,0.1,0.15,0.15,0.23,0.3,0.39,0.52,0.62,1.05,1.24
2020-04-04,20.59665730539504,20.7582568174006,20.111855967309538,20.530548095703125,7078600.0,-0.4875500993803144,0.05,0.09,0.1,0.15,0.15,0.23,0.3,0.39,0.52,0.62,1.05,1.24
2020-04-05,20.59665730539504,20.7582568174006,20.111855967309538,20.530548095703125,7078600.0,-0.4875500993803144,0.05,0.09,0.1,0.15,0.15,0.23,0.3,0.39,0.52,0.62,1.05,1.24
2020-04-06,21.566257289571233,21.566257289571233,20.83171175683145,21.04472923278809,6060900.0,-1.023879125714302,0.05,0.09,0.15,0.17,0.2,0.27,0.35,0.44,0.58,0.67,1.08,1.27
2020-04-07,21.98494899600503,21.98494899600503,20.63338504362208,20.684803009033203,7134900.0,-0.1941132545471192,0.05,0.1,0.14,0.2,0.2,0.28,0.36,0.48,0.64,0.75,1.13,1.32
2020-04-08,20.80967394607097,21.08145639735777,20.63338319430427,20.831710815429688,5947200.0,-0.2535796724259851,0.05,0.14,0.22,0.24,0.23,0.27,0.34,0.47,0.65,0.77,1.18,1.37
2020-04-09,21.176945523914213,21.50014591811781,20.831709662605697,21.08145523071289,9870700.0,-0.2239011302590373,0.05,0.2,0.25,0.24,0.25,0.23,0.29,0.41,0.6,0.73,1.15,1.35
2020-04-10,21.176945523914213,21.50014591811781,20.831709662605697,21.08145523071289,9870700.0,-0.2239011302590373,0.05,0.2,0.25,0.24,0.25,0.23,0.29,0.41,0.6,0.73,1.15,1.35
2020-04-11,21.176945523914213,21.50014591811781,20.831709662605697,21.08145523071289,9870700.0,-0.2239011302590373,0.05,0.2,0.25,0.24,0.25,0.23,0.29,0.41,0.6,0.73,1.15,1.35
2020-04-12,21.176945523914213,21.50014591811781,20.831709662605697,21.08145523071289,9870700.0,-0.2239011302590373,0.05,0.2,0.25,0.24,0.25,0.23,0.29,0.41,0.6,0.73,1.15,1.35
2020-04-13,21.411999846595272,21.53687263064887,20.802327171753426,21.08145523071289,6217000.0,0.6685003559105096,0.05,0.17,0.26,0.27,0.27,0.25,0.31,0.44,0.63,0.76,1.19,1.39
2020-04-14,21.26509042846277,21.71316218109665,21.103489539712083,21.676435470581055,6469400.0,1.1447974033653734,0.05,0.17,0.2,0.24,0.25,0.23,0.29,0.42,0.61,0.76,1.19,1.41
2020-04-15,21.081456957569188,21.11083804979389,20.655420612553065,20.84640121459961,4304700.0,-1.097113914787769,0.05,0.14,0.14,0.19,0.19,0.2,0.24,0.34,0.49,0.63,1.06,1.27
2020-04-16,20.861090691087348,21.27978137726122,20.80967273328133,20.934545516967773,5667400.0,-0.8390820175409317,0.05,0.14,0.14,0.18,0.17,0.2,0.25,0.35,0.5,0.61,1.01,1.21
2020-04-17,21.3018146995209,21.632360660444323,21.154905072214035,21.595632553100582,5829800.0,1.0108256042003632,0.05,0.12,0.12,0.16,0.16,0.2,0.26,0.36,0.53,0.65,1.08,1.27
2020-04-18,21.3018146995209,21.632360660444323,21.154905072214035,21.595632553100582,5829800.0,1.0108256042003632,0.05,0.12,0.12,0.16,0.16,0.2,0.26,0.36,0.53,0.65,1.08,1.27
2020-04-19,21.3018146995209,21.632360660444323,21.154905072214035,21.595632553100582,5829800.0,1.0108256042003632,0.05,0.12,0.12,0.16,0.16,0.2,0.26,0.36,0.53,0.65,1.08,1.27
2020-04-20,20.956580817541777,22.124508118476225,20.79497993248533,21.5368709564209,8263200.0,-0.424174419604242,0.05,0.1,0.12,0.15,0.15,0.2,0.26,0.35,0.51,0.63,1.04,1.23
2020-04-21,20.839057666115583,21.07411201565086,20.655421280411844,20.662765502929688,6291600.0,0.2099309293553233,0.05,0.08,0.11,0.14,0.17,0.2,0.24,0.34,0.48,0.58,0.98,1.17
2020-04-22,21.213674369069977,21.213674369069977,20.794983639573804,21.04472923278809,4562100.0,0.0022949054837227,0.05,0.09,0.12,0.14,0.16,0.22,0.26,0.37,0.52,0.63,1.03,1.22
2020-04-23,21.301819644897545,21.389965721952244,20.993310476757657,21.206329345703125,5068400.0,-0.4438262773910534,0.04,0.09,0.11,0.14,0.17,0.22,0.26,0.37,0.51,0.61,0.99,1.18
2020-04-24,21.309163604726347,21.55890916901332,21.184290822582863,21.456071853637695,2884500.0,0.4241485148668289,0.05,0.1,0.12,0.14,0.18,0.22,0.26,0.36,0.51,0.6,0.98,1.17
2020-04-25,21.309163604726347,21.55890916901332,21.184290822582863,21.456071853637695,2884500.0,0.4241485148668289,0.05,0.1,0.12,0.14,0.18,0.22,0.26,0.36,0.51,0.6,0.98,1.17
2020-04-26,21.309163604726347,21.55890916901332,21.184290822582863,21.456071853637695,2884500.0,0.4241485148668289,0.05,0.1,0.12,0.14,0.18,0.22,0.26,0.36,0.51,0.6,0.98,1.17
2020-04-27,21.44873081025588,21.83803905853959,21.24305755006307,21.78662109375,2856600.0,0.684460338205099,0.04,0.09,0.12,0.15,0.17,0.24,0.29,0.41,0.56,0.67,1.06,1.25
2020-04-28,22.175927671907036,22.572581488947005,21.904145237185695,22.32283592224121,4171000.0,0.3223188668489455,0.04,0.08,0.11,0.13,0.16,0.2,0.26,0.37,0.52,0.62,1.0,1.2
2020-04-29,22.785600174735105,23.637672783885275,22.785600174735105,23.483417510986328,3964400.0,0.2730757454410196,0.04,0.1,0.1,0.12,0.18,0.2,0.24,0.36,0.52,0.63,1.02,1.24
2020-04-30,23.387926938530676,23.439344895202236,22.484436382928045,22.53585433959961,4055100.0,-0.3006965816020965,0.05,0.1,0.09,0.11,0.16,0.2,0.24,0.36,0.53,0.64,1.05,1.28
2020-05-01,22.036364820980065,22.337528361450712,21.8527284474719,21.933528900146484,3357000.0,-0.5433505587279795,0.05,0.1,0.12,0.12,0.17,0.2,0.25,0.36,0.53,0.64,1.04,1.27
2020-05-02,22.036364820980065,22.337528361450712,21.8527284474719,21.933528900146484,3357000.0,-0.5433505587279795,0.05,0.1,0.12,0.12,0.17,0.2,0.25,0.36,0.53,0.64,1.04,1.27
2020-05-03,22.036364820980065,22.337528361450712,21.8527284474719,21.933528900146484,3357000.0,-0.5433505587279795,0.05,0.1,0.12,0.12,0.17,0.2,0.25,0.36,0.53,0.64,1.04,1.27
2020-05-04,21.75723749863505,22.242037398106618,21.654400179844444,22.117164611816406,3743900.0,-0.0782577618956566,0.05,0.1,0.13,0.14,0.16,0.19,0.24,0.36,0.52,0.64,1.05,1.29
2020-05-05,22.638691823219,22.866400533287894,22.34487390683425,22.484437942504883,3234200.0,0.0406958423554895,0.05,0.09,0.13,0.15,0.16,0.19,0.24,0.36,0.53,0.66,1.07,1.32
2020-05-06,22.47709168206258,22.69010914001292,22.352218896010896,22.462400436401367,4712800.0,-0.3490349054336549,0.05,0.08,0.12,0.16,0.16,0.17,0.24,0.37,0.57,0.72,1.16,1.41
2020-05-07,23.13818495104961,23.902112999707786,23.09411261009916,23.40996742248535,8451400.0,-1.9695676104165616,0.05,0.1,0.11,0.14,0.15,0.13,0.19,0.29,0.49,0.63,1.05,1.31
2020-05-08,23.78458522428194,23.909456620325013,23.402621209570263,23.534839630126953,5744400.0,0.9261842414271088,0.05,0.1,0.12,0.15,0.15,0.16,0.21,0.33,0.53,0.69,1.12,1.39
2020-05-09,23.78458522428194,23.909456620325013,23.402621209570263,23.534839630126953,5744400.0,0.9261842414271088,0.05,0.1,0.12,0.15,0.15,0.16,0.21,0.33,0.53,0.69,1.12,1.39
2020-05-10,23.78458522428194,23.909456620325013,23.402621209570263,23.534839630126953,5744400.0,0.9261842414271088,0.05,0.1,0.12,0.15,0.15,0.16,0.21,0.33,0.53,0.69,1.12,1.39
2020-05-11,23.373234685573625,24.276725202216028,23.30712548669402,24.195924758911133,6525900.0,-0.0452881120145319,0.05,0.09,0.12,0.16,0.16,0.17,0.24,0.36,0.56,0.73,1.16,1.43
2020-05-12,24.240000681745475,24.51178172299189,23.667056107747992,23.674400329589844,8124800.0,0.6938021704554558,0.05,0.1,0.13,0.16,0.16,0.17,0.22,0.34,0.53,0.69,1.11,1.38
2020-05-13,23.674400636914744,23.850692786162497,22.72683769013828,22.947200775146484,4229300.0,0.8408421184867617,0.05,0.1,0.13,0.15,0.15,0.16,0.2,0.31,0.5,0.64,1.07,1.35
2020-05-14,22.61346015247411,22.942710144865153,21.87264874003818,22.927743911743164,5208100.0,0.0989082977175712,0.05,0.09,0.12,0.15,0.15,0.16,0.2,0.31,0.48,0.63,1.03,1.3
2020-05-15,23.062436865225955,23.354271271141094,22.650875450358015,23.331823348999023,3854900.0,0.7175644151866436,0.05,0.09,0.12,0.15,0.15,0.16,0.19,0.31,0.49,0.64,1.05,1.32
2020-05-16,23.062436865225955,23.354271271141094,22.650875450358015,23.331823348999023,3854900.0,0.7175644151866436,0.05,0.09,0.12,0.15,0.15,0.16,0.19,0.31,0.49,0.64,1.05,1.32
2020-05-17,23.062436865225955,23.354271271141094,22.650875450358015,23.331823348999023,3854900.0,0.7175644151866436,0.05,0.09,0.12,0.15,0.15,0.16,0.19,0.31,0.49,0.64,1.05,1.32
2020-05-18,24.222297070059767,24.379441116309863,23.9454288482666,23.9454288482666,2866600.0,0.3167940825223921,0.05,0.1,0.13,0.15,0.17,0.18,0.24,0.38,0.57,0.73,1.17,1.44
2020-05-19,24.072638580934896,24.394405522972857,23.967877782042105,24.005294799804688,3695400.0,0.4853839427232742,0.05,0.09,0.13,0.15,0.16,0.17,0.22,0.35,0.54,0.7,1.15,1.43
2020-05-20,24.46923143358002,24.46923143358002,23.788283532927807,23.967872619628903,2559800.0,-0.3439240008592606,0.05,0.08,0.12,0.14,0.16,0.16,0.21,0.34,0.53,0.68,1.19,1.4
2020-05-21,23.945427561356777,24.020255880679052,23.279445814029327,23.586246490478516,2784400.0,-0.2455415464937685,0.05,0.09,0.12,0.14,0.16,0.17,0.21,0.35,0.53,0.68,1.16,1.4
2020-05-22,23.346789688506465,23.60120994050718,23.04747073749959,23.548828125,3016500.0,-1.2970388866961002,0.05,0.09,0.12,0.16,0.17,0.17,0.21,0.34,0.51,0.66,1.12,1.37
2020-05-23,23.346789688506465,23.60120994050718,23.04747073749959,23.548828125,3016500.0,-1.2970388866961002,0.05,0.09,0.12,0.16,0.17,0.17,0.21,0.34,0.51,0.66,1.12,1.37
2020-05-24,23.346789688506465,23.60120994050718,23.04747073749959,23.548828125,3016500.0,-1.2970388866961002,0.05,0.09,0.12,0.16,0.17,0.17,0.21,0.34,0.51,0.66,1.12,1.37
2020-05-25,23.346789688506465,23.60120994050718,23.04747073749959,23.548828125,3016500.0,-1.2970388866961002,0.05,0.09,0.12,0.16,0.17,0.17,0.21,0.34,0.51,0.66,1.12,1.37
2020-05-26,24.117531839982146,24.1624305384414,23.586243420207648,23.728418350219727,3109300.0,-0.1110385060310363,0.05,0.1,0.14,0.17,0.17,0.18,0.22,0.35,0.53,0.69,1.19,1.43
2020-05-27,23.98284026298748,24.102567279334796,23.361755830463803,24.06515312194824,2848600.0,-1.3597787898033855,0.05,0.11,0.15,0.17,0.18,0.19,0.22,0.34,0.52,0.68,1.19,1.44
2020-05-28,24.177400249847967,24.59644341102378,24.095087384754876,24.199848175048828,3177900.0,0.5820316150784492,0.05,0.14,0.15,0.18,0.17,0.17,0.22,0.34,0.54,0.7,1.23,1.47
2020-05-29,24.11005239363621,24.424334748535564,23.69848951635908,24.28215980529785,3468500.0,0.3934884965419769,0.05,0.13,0.14,0.18,0.17,0.16,0.19,0.3,0.5,0.65,1.18,1.41
2020-05-30,24.11005239363621,24.424334748535564,23.69848951635908,24.28215980529785,3468500.0,0.3934884965419769,0.05,0.13,0.14,0.18,0.17,0.16,0.19,0.3,0.5,0.65,1.18,1.41
2020-05-31,24.11005239363621,24.424334748535564,23.69848951635908,24.28215980529785,3468500.0,0.3934884965419769,0.05,0.13,0.14,0.18,0.17,0.16,0.19,0.3,0.5,0.65,1.18,1.41
2020-06-01,24.37195592031396,24.8807964981104,24.25971058377865,24.686241149902344,2963700.0,0.0225479342043399,0.05,0.12,0.14,0.18,0.17,0.14,0.2,0.31,0.5,0.66,1.22,1.46
2020-06-02,24.858349623489485,25.112769923143244,24.746104282209036,24.933177947998047,2859100.0,0.2223435305058956,0.06,0.12,0.15,0.18,0.17,0.17,0.2,0.32,0.52,0.68,1.24,1.48
2020-06-03,25.082834062082945,25.33725432735683,24.895760421573243,24.903242111206055,2757600.0,-2.5223708190023895,0.06,0.12,0.16,0.19,0.17,0.19,0.26,0.38,0.59,0.77,1.32,1.56
2020-06-04,24.76106771872811,24.843380579092464,24.386920429448153,24.48419952392578,2969500.0,-0.0406825803220273,0.06,0.13,0.15,0.18,0.17,0.19,0.26,0.4,0.63,0.82,1.38,1.61
2020-06-05,25.13521666232363,25.35222278947277,24.92569507998238,24.948143005371097,3001000.0,0.6969556808471679,0.07,0.13,0.15,0.18,0.18,0.22,0.29,0.47,0.71,0.91,1.46,1.68
2020-06-06,25.13521666232363,25.35222278947277,24.92569507998238,24.948143005371097,3001000.0,0.6969556808471679,0.07,0.13,0.15,0.18,0.18,0.22,0.29,0.47,0.71,0.91,1.46,1.68
2020-06-07,25.13521666232363,25.35222278947277,24.92569507998238,24.948143005371097,3001000.0,0.6969556808471679,0.07,0.13,0.15,0.18,0.18,0.22,0.29,0.47,0.71,0.91,1.46,1.68
2020-06-08,25.292356329005862,25.434534126636073,25.09031644909765,25.3671875,4530400.0,0.6969556808471679,0.07,0.15,0.17,0.19,0.19,0.22,0.29,0.45,0.69,0.88,1.43,1.65
2020-06-09,25.157658540880483,25.195072692374723,24.708683013916016,24.708683013916016,3551800.0,-0.1477715186774731,0.07,0.14,0.19,0.19,0.19,0.2,0.25,0.4,0.65,0.84,1.37,1.59
2020-06-10,24.858347087937855,24.858347087937855,24.139982115147905,24.1474666595459,3253500.0,-1.2282210923731325,0.08,0.13,0.17,0.19,0.18,0.17,0.22,0.33,0.56,0.75,1.31,1.53
2020-06-11,23.444067378209407,23.47399984425143,22.688289737750615,22.778085708618164,5794600.0,-0.3886332362890242,0.08,0.14,0.17,0.18,0.19,0.19,0.22,0.32,0.51,0.66,1.19,1.41
2020-06-12,23.391692126042607,23.51141916198229,22.80053863723892,23.204618453979492,7329400.0,-0.2988996729254722,0.08,0.14,0.16,0.18,0.18,0.19,0.22,0.33,0.54,0.71,1.24,1.45
2020-06-13,23.391692126042607,23.51141916198229,22.80053863723892,23.204618453979492,7329400.0,-0.2988996729254722,0.08,0.14,0.16,0.18,0.18,0.19,0.22,0.33,0.54,0.71,1.24,1.45
2020-06-14,23.391692126042607,23.51141916198229,22.80053863723892,23.204618453979492,7329400.0,-0.2988996729254722,0.08,0.14,0.16,0.18,0.18,0.19,0.22,0.33,0.54,0.71,1.24,1.45
2020-06-15,22.62094502387264,23.541347023397716,22.553598396857765,23.286928176879883,3110900.0,-0.1028919145464897,0.09,0.15,0.18,0.19,0.17,0.19,0.22,0.33,0.54,0.71,1.24,1.45
2020-06-16,23.952909412829808,24.12501968656172,23.5637972970533,24.02025604248047,3420900.0,-0.3303480371832846,0.09,0.14,0.17,0.19,0.18,0.21,0.23,0.34,0.56,0.75,1.31,1.54
2020-06-17,24.027741168467397,24.08760325487319,23.556314749507727,23.601213455200195,2479700.0,0.2690296121872961,0.09,0.13,0.17,0.18,0.19,0.19,0.23,0.34,0.55,0.74,1.3,1.52
2020-06-18,23.48896428719652,23.915491930897407,23.38420351218466,23.795764923095703,2373600.0,-0.328011453151703,0.09,0.13,0.16,0.17,0.19,0.19,0.22,0.34,0.54,0.71,1.24,1.47
2020-06-19,24.072632766575985,24.177396394682475,23.27195930480957,23.27195930480957,3564100.0,-4.237219378352165,0.09,0.13,0.15,0.17,0.18,0.19,0.22,0.33,0.53,0.7,1.23,1.47
2020-06-20,24.072632766575985,24.177396394682475,23.27195930480957,23.27195930480957,3564100.0,-4.237219378352165,0.09,0.13,0.15,0.17,0.18,0.19,0.22,0.33,0.53,0.7,1.23,1.47
2020-06-21,24.072632766575985,24.177396394682475,23.27195930480957,23.27195930480957,3564100.0,-4.237219378352165,0.09,0.13,0.15,0.17,0.18,0.19,0.22,0.33,0.53,0.7,1.23,1.47
2020-06-22,23.27196390850927,23.399174056143664,22.89781658337973,23.21958351135254,2498500.0,-1.8894507661461828,0.08,0.14,0.16,0.18,0.17,0.19,0.22,0.34,0.54,0.71,1.23,1.46
2020-06-23,23.49644851879549,23.49644851879549,23.09985332185082,23.144750595092773,3065900.0,-1.995603308081627,0.08,0.12,0.16,0.17,0.18,0.18,0.22,0.33,0.54,0.72,1.25,1.49
2020-06-24,22.9876101531195,23.02502574037794,22.306662164861763,22.52366828918457,3131500.0,-0.4131477177143097,0.08,0.11,0.15,0.17,0.17,0.19,0.21,0.33,0.52,0.69,1.21,1.44
2020-06-25,22.41142204971345,22.882846982041897,22.359040233002673,22.68080711364746,3486000.0,-0.5510455220937727,0.08,0.13,0.16,0.17,0.17,0.17,0.21,0.32,0.53,0.68,1.2,1.43
2020-06-26,22.598499526754036,22.598499526754036,22.097142042497463,22.17197036743164,4066200.0,-0.5831453353166579,0.08,0.12,0.14,0.17,0.17,0.17,0.19,0.3,0.49,0.64,1.15,1.37
2020-06-27,22.598499526754036,22.598499526754036,22.097142042497463,22.17197036743164,4066200.0,-0.5831453353166579,0.08,0.12,0.14,0.17,0.17,0.17,0.19,0.3,0.49,0.64,1.15,1.37
2020-06-28,22.598499526754036,22.598499526754036,22.097142042497463,22.17197036743164,4066200.0,-0.5831453353166579,0.08,0.12,0.14,0.17,0.17,0.17,0.19,0.3,0.49,0.64,1.15,1.37
2020-06-29,22.314142712836883,22.7107393285559,22.261762323965392,22.665842056274418,3107000.0,-0.0893301945179701,0.08,0.11,0.14,0.18,0.16,0.16,0.18,0.28,0.47,0.64,1.16,1.39
2020-06-30,22.605976156744116,22.837948479337683,22.366522145139076,22.763118743896484,3627700.0,-1.1706763962283726,0.08,0.13,0.16,0.18,0.16,0.16,0.18,0.29,0.49,0.66,1.18,1.41
2020-07-01,22.76312194001587,23.1148198905346,22.531151012110275,22.613462448120117,1735100.0,-1.9066714011132715,0.08,0.12,0.14,0.17,0.16,0.17,0.19,0.31,0.52,0.69,1.2,1.43
2020-07-02,22.927742591838214,23.26447568140519,22.867879090055027,22.920259475708008,1909500.0,-1.182904491201043,0.09,0.13,0.14,0.16,0.16,0.16,0.19,0.29,0.5,0.68,1.2,1.43
2020-07-03,22.927742591838214,23.26447568140519,22.867879090055027,22.920259475708008,1909500.0,-1.182904491201043,0.09,0.13,0.14,0.16,0.16,0.16,0.19,0.29,0.5,0.68,1.2,1.43
2020-07-04,22.927742591838214,23.26447568140519,22.867879090055027,22.920259475708008,1909500.0,-1.182904491201043,0.09,0.13,0.14,0.16,0.16,0.16,0.19,0.29,0.5,0.68,1.2,1.43
2020-07-05,22.927742591838214,23.26447568140519,22.867879090055027,22.920259475708008,1909500.0,-1.182904491201043,0.09,0.13,0.14,0.16,0.16,0.16,0.19,0.29,0.5,0.68,1.2,1.43
2020-07-06,23.324342722753023,23.324342722753023,22.61346228234748,22.815502166748047,2536700.0,-0.5611056461930275,0.09,0.12,0.15,0.16,0.16,0.16,0.19,0.31,0.51,0.69,1.21,1.45
2020-07-07,22.523667219830976,22.867882042714083,22.39645708370925,22.403940200805664,3283700.0,0.0453527122735978,0.09,0.12,0.15,0.17,0.15,0.16,0.19,0.29,0.48,0.65,1.15,1.38
2020-07-08,22.456321659378094,22.703258826248938,22.336594634668515,22.52366828918457,2285100.0,0.518479947000742,0.09,0.11,0.15,0.17,0.15,0.16,0.19,0.3,0.49,0.67,1.16,1.39
2020-07-09,22.576045286714105,22.576045286714105,22.022307523947283,22.14203453063965,2898100.0,-1.6642471626400943,0.09,0.11,0.13,0.16,0.15,0.16,0.18,0.28,0.46,0.62,1.09,1.32
2020-07-10,22.171968799012227,22.321628292811468,22.059724892292152,22.14952087402344,2619200.0,0.3725368874147533,0.09,0.1,0.13,0.15,0.15,0.16,0.19,0.3,0.49,0.65,1.12,1.33
2020-07-11,22.171968799012227,22.321628292811468,22.059724892292152,22.14952087402344,2619200.0,0.3725368874147533,0.09,0.1,0.13,0.15,0.15,0.16,0.19,0.3,0.49,0.65,1.12,1.33
2020-07-12,22.171968799012227,22.321628292811468,22.059724892292152,22.14952087402344,2619200.0,0.3725368874147533,0.09,0.1,0.13,0.15,0.15,0.16,0.19,0.3,0.49,0.65,1.12,1.33
2020-07-13,22.186934389593223,22.441354665309003,22.089656720529508,22.224349975585938,2968200.0,0.1705556064844131,0.09,0.11,0.14,0.15,0.16,0.16,0.19,0.3,0.48,0.64,1.11,1.33
2020-07-14,22.14952165255744,22.91278252869575,22.007345271176675,22.89033317565918,2861400.0,-0.3058416694402694,0.09,0.11,0.15,0.14,0.17,0.14,0.19,0.28,0.47,0.63,1.09,1.3
2020-07-15,23.279446153373577,23.346792783552303,23.06244002785131,23.182167053222656,2922000.0,0.1726071611046792,0.1,0.12,0.16,0.15,0.15,0.16,0.18,0.28,0.47,0.64,1.11,1.33
2020-07-16,23.084887780113288,23.33182493123164,22.99509180367997,23.002574920654297,2335300.0,0.7393708229064941,0.1,0.12,0.11,0.13,0.14,0.16,0.17,0.28,0.46,0.62,1.09,1.31
2020-07-17,23.04747357320025,23.18216683227394,22.845435111848428,22.942712783813477,2134000.0,-1.3868418596684933,0.09,0.11,0.11,0.13,0.14,0.14,0.18,0.29,0.47,0.64,1.11,1.33
2020-07-18,23.04747357320025,23.18216683227394,22.845435111848428,22.942712783813477,2134000.0,-1.3868418596684933,0.09,0.11,0.11,0.13,0.14,0.14,0.18,0.29,0.47,0.64,1.11,1.33
2020-07-19,23.04747357320025,23.18216683227394,22.845435111848428,22.942712783813477,2134000.0,-1.3868418596684933,0.09,0.11,0.11,0.13,0.14,0.14,0.18,0.29,0.47,0.64,1.11,1.33
2020-07-20,23.010058735725636,23.19713238398357,22.852917556273137,22.86039924621582,2583900.0,-1.0264678597450256,0.1,0.11,0.13,0.14,0.14,0.16,0.18,0.29,0.47,0.62,1.1,1.32
2020-07-21,23.084888653187576,23.571279856845347,23.069922418672892,23.167200088500977,2741400.0,0.266558438539505,0.1,0.09,0.13,0.13,0.15,0.14,0.17,0.27,0.45,0.61,1.09,1.31
2020-07-22,23.197132425138538,23.54134725345966,23.054956052577843,23.526382446289062,2631000.0,-0.8738916516304017,0.09,0.09,0.13,0.14,0.14,0.14,0.17,0.27,0.45,0.6,1.08,1.29
2020-07-23,23.42910213820939,23.60121097072866,23.26447784977639,23.384204864501953,2467100.0,-3.347420041449368,0.09,0.09,0.12,0.13,0.14,0.16,0.16,0.27,0.44,0.59,1.03,1.24
2020-07-24,23.376723795326207,23.466519777865233,23.25699677011332,23.40665626525879,1785600.0,-0.4594572558999061,0.09,0.1,0.11,0.14,0.16,0.14,0.17,0.27,0.44,0.59,1.03,1.23
2020-07-25,23.376723795326207,23.466519777865233,23.25699677011332,23.40665626525879,1785600.0,-0.4594572558999061,0.09,0.1,0.11,0.14,0.16,0.14,0.17,0.27,0.44,0.59,1.03,1.23
2020-07-26,23.376723795326207,23.466519777865233,23.25699677011332,23.40665626525879,1785600.0,-0.4594572558999061,0.09,0.1,0.11,0.14,0.16,0.14,0.17,0.27,0.44,0.59,1.03,1.23
2020-07-27,23.474002555567335,23.50393359780795,23.249513316098565,23.42910385131836,3861000.0,-0.082230545580387,0.1,0.1,0.11,0.14,0.14,0.15,0.18,0.3,0.46,0.62,1.05,1.25
2020-07-28,23.459038046787363,23.84815161535482,23.376725176866877,23.63114547729492,3431100.0,-0.082230545580387,0.1,0.09,0.11,0.12,0.14,0.14,0.16,0.26,0.44,0.59,1.01,1.22
2020-07-29,23.885563877304037,24.43182002432503,23.758353737211294,24.424335479736328,4575500.0,0.6548243463039397,0.1,0.09,0.11,0.12,0.13,0.12,0.15,0.25,0.43,0.58,1.03,1.24
2020-07-30,24.2896443170642,24.379441732768463,23.780805140069404,24.09508895874023,2858600.0,-0.1973605267703531,0.1,0.1,0.09,0.11,0.11,0.11,0.14,0.23,0.4,0.55,0.98,1.2
2020-07-31,24.13998420167104,24.16991667281559,23.578764640298573,23.9454288482666,2646200.0,0.1507802009582521,0.1,0.09,0.09,0.1,0.11,0.11,0.11,0.21,0.39,0.55,0.98,1.2
2020-08-01,24.13998420167104,24.16991667281559,23.578764640298573,23.9454288482666,2646200.0,0.1507802009582521,0.1,0.09,0.09,0.1,0.11,0.11,0.11,0.21,0.39,0.55,0.98,1.2
2020-08-02,24.13998420167104,24.16991667281559,23.578764640298573,23.9454288482666,2646200.0,0.1507802009582521,0.1,0.09,0.09,0.1,0.11,0.11,0.11,0.21,0.39,0.55,0.98,1.2
2020-08-03,23.982840814178637,24.02025497242507,23.73590365887968,23.77331924438477,1722900.0,0.1507802009582521,0.1,0.09,0.1,0.11,0.12,0.11,0.13,0.22,0.4,0.56,1.01,1.23
2020-08-04,23.922975263552956,24.71616705422423,23.79576513820637,24.67875289916992,3588200.0,0.0468362309038639,0.1,0.09,0.09,0.11,0.14,0.11,0.1,0.19,0.36,0.52,0.96,1.19
2020-08-05,24.9032431145498,24.985555976413185,24.431819576724248,24.58147621154785,3598100.0,-0.7214784063398837,0.1,0.08,0.1,0.12,0.12,0.11,0.13,0.22,0.39,0.55,1.0,1.22
2020-08-06,24.573993136261965,24.858345864527717,24.491680279038945,24.738618850708008,2117100.0,0.088765561580658,0.1,0.07,0.1,0.11,0.14,0.11,0.13,0.21,0.39,0.55,0.98,1.2
2020-08-07,24.69372177124023,24.731135930293185,24.431819803352205,24.69372177124023,1891700.0,0.9761468023061752,0.1,0.08,0.1,0.12,0.14,0.13,0.14,0.23,0.41,0.57,1.01,1.23
2020-08-08,24.69372177124023,24.731135930293185,24.431819803352205,24.69372177124023,1891700.0,0.9761468023061752,0.1,0.08,0.1,0.12,0.14,0.13,0.14,0.23,0.41,0.57,1.01,1.23
2020-08-09,24.69372177124023,24.731135930293185,24.431819803352205,24.69372177124023,1891700.0,0.9761468023061752,0.1,0.08,0.1,0.12,0.14,0.13,0.14,0.23,0.41,0.57,1.01,1.23
2020-08-10,24.81345268332468,25.090320929146458,24.768553972711228,25.067873001098633,2436700.0,0.365832507610321,0.1,0.09,0.11,0.13,0.13,0.14,0.15,0.24,0.42,0.59,1.04,1.25
2020-08-11,25.322292128114366,25.464467089927936,25.06039013147945,25.08283805847168,3213200.0,-0.6380972742335871,0.1,0.08,0.11,0.12,0.15,0.16,0.18,0.27,0.46,0.64,1.1,1.32
2020-08-12,25.397117168378937,25.629089517182585,25.32228885174153,25.42704963684082,4696700.0,0.2868136465549469,0.1,0.08,0.11,0.12,0.13,0.16,0.19,0.3,0.5,0.69,1.15,1.37
2020-08-13,25.526872378701153,25.526872378701153,24.91727600773092,25.04681396484375,4455000.0,0.3348475769162177,0.1,0.08,0.1,0.12,0.14,0.16,0.19,0.32,0.52,0.71,1.2,1.42
2020-08-14,24.90965441802735,25.3058927858542,24.886795462486212,25.04681396484375,2157700.0,-0.1314949519000945,0.1,0.09,0.1,0.12,0.13,0.14,0.18,0.29,0.51,0.71,1.21,1.45
2020-08-15,24.90965441802735,25.3058927858542,24.886795462486212,25.04681396484375,2157700.0,-0.1314949519000945,0.1,0.09,0.1,0.12,0.13,0.14,0.18,0.29,0.51,0.71,1.21,1.45
2020-08-16,24.90965441802735,25.3058927858542,24.886795462486212,25.04681396484375,2157700.0,-0.1314949519000945,0.1,0.09,0.1,0.12,0.13,0.14,0.18,0.29,0.51,0.71,1.21,1.45
2020-08-17,25.145871253792816,25.176351795365072,24.9325132763559,25.07729148864746,2270100.0,-0.044913622085005,0.1,0.09,0.1,0.12,0.13,0.14,0.18,0.29,0.49,0.69,1.19,1.43
2020-08-18,25.10015068293324,25.359229475221245,25.03919250598666,25.12301254272461,3034900.0,0.6071441173553466,0.09,0.08,0.09,0.13,0.13,0.14,0.17,0.27,0.47,0.67,1.16,1.4
2020-08-19,25.19920925261624,25.31350982333641,24.962989429627207,24.985851287841797,1994200.0,-1.3216314145829524,0.09,0.07,0.11,0.12,0.13,0.14,0.17,0.29,0.48,0.68,1.2,1.42
2020-08-20,24.886790987003263,25.130629491540983,24.696291973659157,24.985851287841797,2124800.0,-0.1051422208547592,0.09,0.08,0.11,0.13,0.12,0.13,0.15,0.26,0.46,0.65,1.15,1.38
2020-08-21,24.917274776227377,25.031572455068844,24.75725628177854,25.00109481811523,1615100.0,0.242224771529436,0.09,0.07,0.1,0.12,0.13,0.16,0.16,0.27,0.46,0.64,1.13,1.35
2020-08-22,24.917274776227377,25.031572455068844,24.75725628177854,25.00109481811523,1615100.0,0.242224771529436,0.09,0.07,0.1,0.12,0.13,0.16,0.16,0.27,0.46,0.64,1.13,1.35
2020-08-23,24.917274776227377,25.031572455068844,24.75725628177854,25.00109481811523,1615100.0,0.242224771529436,0.09,0.07,0.1,0.12,0.13,0.16,0.16,0.27,0.46,0.64,1.13,1.35
2020-08-24,25.100155879506772,25.20683779812283,24.89441653949626,24.99347686767578,2013600.0,1.0657781362533567,0.09,0.09,0.12,0.12,0.14,0.14,0.18,0.28,0.47,0.65,1.14,1.35
2020-08-25,25.023955945626028,25.138256541178084,24.688678655743495,24.902036666870117,2682600.0,-2.1620663255453105,0.09,0.08,0.11,0.12,0.13,0.15,0.18,0.3,0.49,0.69,1.18,1.39
2020-08-26,24.95537502981159,24.95537502981159,24.444838981710294,24.498178482055664,2196700.0,0.458840824663639,0.09,0.08,0.11,0.12,0.12,0.16,0.18,0.28,0.5,0.69,1.2,1.41
2020-08-27,24.528656044859677,24.84869595273279,24.513415772410028,24.711536407470703,2482300.0,0.500749558210373,0.08,0.09,0.11,0.11,0.13,0.16,0.19,0.31,0.53,0.74,1.28,1.5
2020-08-28,24.848697603676136,24.91727738086361,24.66581722891457,24.81059837341309,2039800.0,0.8156549111008643,0.09,0.09,0.1,0.11,0.12,0.14,0.16,0.28,0.51,0.74,1.29,1.52
2020-08-29,24.848697603676136,24.91727738086361,24.66581722891457,24.81059837341309,2039800.0,0.8156549111008643,0.09,0.09,0.1,0.11,0.12,0.14,0.16,0.28,0.51,0.74,1.29,1.52
2020-08-30,24.848697603676136,24.91727738086361,24.66581722891457,24.81059837341309,2039800.0,0.8156549111008643,0.09,0.09,0.1,0.11,0.12,0.14,0.16,0.28,0.51,0.74,1.29,1.52
2020-08-31,24.86393462211238,24.902033847387727,24.38387624464623,24.39911651611328,2584400.0,0.7687526196241379,0.09,0.08,0.11,0.13,0.12,0.14,0.15,0.28,0.5,0.72,1.26,1.49
2020-09-01,24.414356663176076,24.665813874139705,24.292435945453196,24.57437515258789,2675600.0,-0.3830863144248722,0.09,0.09,0.12,0.13,0.12,0.13,0.14,0.26,0.46,0.68,1.2,1.43
2020-09-02,24.62009931531288,25.100154848840234,24.604859041850673,24.81059837341309,2607000.0,-0.6905249934643506,0.09,0.1,0.12,0.12,0.13,0.14,0.16,0.26,0.45,0.66,1.16,1.38
2020-09-03,24.70391714578978,24.932518347291644,24.322920472392557,24.437219619750977,2709900.0,0.0779108852148056,0.09,0.1,0.11,0.12,0.12,0.13,0.15,0.24,0.43,0.63,1.13,1.34
2020-09-04,24.498176054141982,24.597233455374916,23.9800170143603,24.0638370513916,4279800.0,0.973099579103291,0.09,0.09,0.11,0.12,0.13,0.14,0.18,0.3,0.5,0.72,1.25,1.46
2020-09-05,24.498176054141982,24.597233455374916,23.9800170143603,24.0638370513916,4279800.0,0.973099579103291,0.09,0.09,0.11,0.12,0.13,0.14,0.18,0.3,0.5,0.72,1.25,1.46
2020-09-06,24.498176054141982,24.597233455374916,23.9800170143603,24.0638370513916,4279800.0,0.973099579103291,0.09,0.09,0.11,0.12,0.13,0.14,0.18,0.3,0.5,0.72,1.25,1.46
2020-09-07,24.498176054141982,24.597233455374916,23.9800170143603,24.0638370513916,4279800.0,0.973099579103291,0.09,0.09,0.11,0.12,0.13,0.14,0.18,0.3,0.5,0.72,1.25,1.46
2020-09-08,23.736176822572787,24.040974953894377,23.553297943779835,23.71331787109375,3270300.0,-0.2935239374637603,0.09,0.1,0.13,0.14,0.15,0.14,0.17,0.28,0.47,0.69,1.22,1.43
2020-09-09,24.00287806469693,24.383876129215928,23.87333866462478,24.178136825561523,2716900.0,0.2400195859372617,0.09,0.1,0.12,0.14,0.14,0.14,0.17,0.28,0.48,0.71,1.25,1.45
2020-09-10,24.216241041302656,24.330540186675517,23.644743861045857,23.659982681274418,2506100.0,2.1574915293604127,0.09,0.1,0.12,0.12,0.15,0.14,0.17,0.26,0.46,0.68,1.22,1.43
2020-09-11,23.774282734291848,23.919060970190873,23.599022498457973,23.76666259765625,1892200.0,-0.2217442691326142,0.09,0.1,0.11,0.12,0.13,0.13,0.16,0.26,0.45,0.67,1.21,1.42
2020-09-12,23.774282734291848,23.919060970190873,23.599022498457973,23.76666259765625,1892200.0,-0.2217442691326142,0.09,0.1,0.11,0.12,0.13,0.13,0.16,0.26,0.45,0.67,1.21,1.42
2020-09-13,23.774282734291848,23.919060970190873,23.599022498457973,23.76666259765625,1892200.0,-0.2217442691326142,0.09,0.1,0.11,0.12,0.13,0.13,0.16,0.26,0.45,0.67,1.21,1.42
2020-09-14,23.85809930837373,23.964779758837825,23.538060863766116,23.54568099975586,3198000.0,0.9117058813571928,0.09,0.1,0.11,0.13,0.14,0.14,0.16,0.27,0.46,0.68,1.21,1.42
2020-09-15,23.713319965464944,24.124797115742904,23.560920159648063,23.576160430908203,2657600.0,-0.3281223787926136,0.09,0.09,0.11,0.12,0.13,0.14,0.16,0.27,0.46,0.68,1.21,1.43
2020-09-16,23.774283162537632,23.96478222168171,23.538063282756394,23.583784103393555,2447700.0,0.3428922221064567,0.09,0.08,0.12,0.12,0.12,0.14,0.16,0.28,0.47,0.69,1.23,1.45
2020-09-17,23.408521673702975,23.53806107993363,23.17230326942085,23.499961853027344,2554300.0,0.7185721872374417,0.09,0.09,0.09,0.11,0.12,0.13,0.16,0.28,0.47,0.69,1.22,1.43
2020-09-18,23.33232113734934,23.41613971974035,23.179921336542048,23.240880966186523,2450700.0,0.1633706688880919,0.09,0.09,0.1,0.12,0.13,0.14,0.16,0.29,0.48,0.7,1.24,1.45
2020-09-19,23.33232113734934,23.41613971974035,23.179921336542048,23.240880966186523,2450700.0,0.1633706688880919,0.09,0.09,0.1,0.12,0.13,0.14,0.16,0.29,0.48,0.7,1.24,1.45
2020-09-20,23.33232113734934,23.41613971974035,23.179921336542048,23.240880966186523,2450700.0,0.1633706688880919,0.09,0.09,0.1,0.12,0.13,0.14,0.16,0.29,0.48,0.7,1.24,1.45
2020-09-21,23.012287688473165,23.027526509131345,22.372210712268732,22.905607223510746,3570700.0,0.5462864190340043,0.09,0.09,0.1,0.11,0.12,0.14,0.16,0.27,0.46,0.68,1.22,1.43
2020-09-22,22.958943380169263,23.324702637068626,22.936084425820273,23.24850273132324,2911700.0,0.955163680016994,0.09,0.08,0.1,0.11,0.12,0.13,0.15,0.27,0.46,0.68,1.21,1.42
2020-09-23,23.218021080555847,23.294220982667763,22.47126523732202,22.48650550842285,3033500.0,-0.5581302493810654,0.09,0.08,0.11,0.11,0.13,0.14,0.15,0.28,0.46,0.68,1.21,1.42
2020-09-24,22.402688556145197,22.768446392585272,22.151229861918587,22.58556747436523,2748900.0,0.8960367105901239,0.09,0.08,0.1,0.11,0.12,0.14,0.16,0.27,0.46,0.67,1.19,1.4
2020-09-25,22.555090135449333,22.913227863141604,22.4103104355769,22.85226821899414,2293700.0,0.9406207253850876,0.09,0.08,0.1,0.11,0.12,0.12,0.15,0.26,0.45,0.66,1.19,1.4
2020-09-26,22.555090135449333,22.913227863141604,22.4103104355769,22.85226821899414,2293700.0,0.9406207253850876,0.09,0.08,0.1,0.11,0.12,0.12,0.15,0.26,0.45,0.66,1.19,1.4
2020-09-27,22.555090135449333,22.913227863141604,22.4103104355769,22.85226821899414,2293700.0,0.9406207253850876,0.09,0.08,0.1,0.11,0.12,0.12,0.15,0.26,0.45,0.66,1.19,1.4
2020-09-28,23.01228712777066,23.233265282551592,22.821788066955975,22.92084693908691,2332900.0,-1.0523247383534906,0.09,0.09,0.11,0.11,0.12,0.14,0.16,0.26,0.46,0.67,1.2,1.42
2020-09-29,22.867505850302393,22.875125986614144,22.395067572720603,22.516986846923828,2273300.0,-2.2779094667057507,0.09,0.07,0.09,0.11,0.12,0.11,0.13,0.24,0.44,0.66,1.19,1.41
2020-09-30,22.58557107518324,22.707490373434194,22.242673593874684,22.250293731689453,3594500.0,0.6808599531650541,0.09,0.08,0.1,0.11,0.12,0.13,0.16,0.28,0.47,0.69,1.23,1.46
2020-10-01,22.26552646063804,22.440786675629848,22.03692820232494,22.128368377685547,3465100.0,-0.1479374989867212,0.09,0.09,0.09,0.1,0.12,0.14,0.16,0.27,0.46,0.68,1.23,1.45
2020-10-02,21.71689195686336,22.21980933854038,21.678792727769693,22.06740951538086,3010600.0,0.0604268014430999,0.09,0.1,0.09,0.11,0.12,0.13,0.16,0.28,0.48,0.7,1.25,1.48
2020-10-03,21.71689195686336,22.21980933854038,21.678792727769693,22.06740951538086,3010600.0,0.0604268014430999,0.09,0.1,0.09,0.11,0.12,0.13,0.16,0.28,0.48,0.7,1.25,1.48
2020-10-04,21.71689195686336,22.21980933854038,21.678792727769693,22.06740951538086,3010600.0,0.0604268014430999,0.09,0.1,0.09,0.11,0.12,0.13,0.16,0.28,0.48,0.7,1.25,1.48
2020-10-05,22.326480958427517,22.54746048358253,22.158842371110985,22.509361267089844,2235200.0,0.4792405962944031,0.09,0.09,0.1,0.11,0.12,0.14,0.19,0.33,0.55,0.78,1.34,1.57
2020-10-06,22.73796699321184,22.753207266206275,21.998831193690744,22.06740951538086,4050900.0,0.4775102660059929,0.09,0.08,0.1,0.11,0.14,0.14,0.17,0.32,0.53,0.76,1.33,1.56
2020-10-07,22.128369911231285,22.31886895749164,22.01406932076117,22.25790786743164,3667100.0,-0.3342324774712323,0.09,0.08,0.1,0.12,0.13,0.16,0.21,0.35,0.56,0.81,1.37,1.6
2020-10-08,22.379826192579653,23.111341754092127,22.356965786260304,23.103721618652344,2876800.0,0.4184358641505241,0.09,0.09,0.09,0.12,0.13,0.13,0.18,0.33,0.54,0.78,1.34,1.57
2020-10-09,23.179922610701432,23.294221740893615,22.715104500741965,22.730344772338867,2641400.0,0.377294898033142,0.09,0.1,0.1,0.12,0.15,0.16,0.2,0.34,0.55,0.79,1.34,1.58
2020-10-10,23.179922610701432,23.294221740893615,22.715104500741965,22.730344772338867,2641400.0,0.377294898033142,0.09,0.1,0.1,0.12,0.15,0.16,0.2,0.34,0.55,0.79,1.34,1.58
2020-10-11,23.179922610701432,23.294221740893615,22.715104500741965,22.730344772338867,2641400.0,0.377294898033142,0.09,0.1,0.1,0.12,0.15,0.16,0.2,0.34,0.55,0.79,1.34,1.58
2020-10-12,23.179922610701432,23.294221740893615,22.715104500741965,22.730344772338867,2641400.0,0.377294898033142,0.09,0.1,0.1,0.12,0.15,0.16,0.2,0.34,0.55,0.79,1.34,1.58
2020-10-13,22.60842726595772,22.76082708700341,22.555087764609453,22.562707901000977,2751300.0,1.023122232407331,0.09,0.09,0.11,0.12,0.13,0.16,0.18,0.31,0.52,0.74,1.29,1.52
2020-10-14,22.56270590431377,22.760825072783636,22.372206871561083,22.43316650390625,3494900.0,2.0214328523725267,0.09,0.1,0.12,0.12,0.13,0.14,0.18,0.3,0.51,0.73,1.28,1.5
2020-10-15,22.21980887517975,22.33410801346964,21.975970325923345,22.30362892150879,3445500.0,-0.2690412020310761,0.09,0.1,0.11,0.12,0.12,0.14,0.18,0.32,0.52,0.74,1.29,1.52
2020-10-16,22.402687587690583,22.532226997503923,22.174089313145817,22.44078826904297,5088000.0,0.0642964160069821,0.09,0.09,0.11,0.12,0.12,0.14,0.18,0.32,0.53,0.76,1.3,1.52
2020-10-17,22.402687587690583,22.532226997503923,22.174089313145817,22.44078826904297,5088000.0,0.0642964160069821,0.09,0.09,0.11,0.12,0.12,0.14,0.18,0.32,0.53,0.76,1.3,1.52
2020-10-18,22.402687587690583,22.532226997503923,22.174089313145817,22.44078826904297,5088000.0,0.0642964160069821,0.09,0.09,0.11,0.12,0.12,0.14,0.18,0.32,0.53,0.76,1.3,1.52
2020-10-19,22.532226310859023,22.623666489925824,22.128369274577537,22.14360809326172,2323300.0,-0.0390483532100915,0.09,0.09,0.11,0.11,0.13,0.16,0.19,0.34,0.54,0.78,1.32,1.55
2020-10-20,22.14360972179976,22.334108776589417,22.113130628797485,22.15122985839844,3016900.0,-0.0390483532100915,0.09,0.08,0.1,0.12,0.13,0.14,0.19,0.34,0.57,0.81,1.37,1.6
2020-10-21,22.097890001336665,22.204569005223057,22.00644981701088,22.02931022644043,3019200.0,0.3800984536064787,0.09,0.08,0.1,0.12,0.13,0.14,0.2,0.36,0.58,0.83,1.4,1.62
2020-10-22,22.006446505383288,22.402684822179943,21.94548687613705,22.37220573425293,2883100.0,-0.0563930030912161,0.09,0.09,0.09,0.11,0.13,0.16,0.21,0.38,0.62,0.87,1.43,1.67
2020-10-23,22.509368366050964,22.58556682306765,21.945489901059126,22.036930084228516,4086200.0,0.4071529768407345,0.09,0.08,0.1,0.11,0.12,0.18,0.21,0.37,0.61,0.85,1.41,1.64
2020-10-24,22.509368366050964,22.58556682306765,21.945489901059126,22.036930084228516,4086200.0,0.4071529768407345,0.09,0.08,0.1,0.11,0.12,0.18,0.21,0.37,0.61,0.85,1.41,1.64
2020-10-25,22.509368366050964,22.58556682306765,21.945489901059126,22.036930084228516,4086200.0,0.4071529768407345,0.09,0.08,0.1,0.11,0.12,0.18,0.21,0.37,0.61,0.85,1.41,1.64
2020-10-26,21.945490526784468,21.945490526784468,21.48829395807881,21.71689224243164,3897700.0,1.0484990649856625,0.09,0.08,0.11,0.12,0.12,0.16,0.18,0.35,0.58,0.81,1.37,1.59
2020-10-27,21.663557055801412,21.808336773212833,21.503537062158745,21.57211685180664,2444100.0,0.7444988153874872,0.09,0.08,0.1,0.11,0.12,0.16,0.19,0.34,0.56,0.79,1.34,1.57
2020-10-28,21.274935469286,21.396854753651564,20.96251712142518,20.992996215820312,5253800.0,-1.221120651811361,0.09,0.07,0.1,0.11,0.12,0.16,0.19,0.34,0.56,0.79,1.34,1.56
2020-10-29,20.871072862851047,21.092052431056228,20.55103444043155,21.000612258911133,4594900.0,0.3645611396059394,0.09,0.08,0.09,0.1,0.12,0.16,0.2,0.38,0.61,0.85,1.39,1.62
2020-10-30,20.909173540158267,21.053951753749008,20.688193971953083,21.000612258911133,4977400.0,-0.0515379607677459,0.09,0.08,0.09,0.11,0.13,0.14,0.19,0.38,0.64,0.88,1.43,1.65
2020-10-31,20.909173540158267,21.053951753749008,20.688193971953083,21.000612258911133,4977400.0,-0.0515379607677459,0.09,0.08,0.09,0.11,0.13,0.14,0.19,0.38,0.64,0.88,1.43,1.65
2020-11-01,20.909173540158267,21.053951753749008,20.688193971953083,21.000612258911133,4977400.0,-0.0515379607677459,0.09,0.08,0.09,0.11,0.13,0.14,0.19,0.38,0.64,0.88,1.43,1.65
2020-11-02,21.21397218821888,21.21397218821888,20.80249358402264,20.94727325439453,5229100.0,-0.0515379607677459,0.09,0.09,0.09,0.11,0.13,0.16,0.2,0.38,0.63,0.87,1.41,1.63
2020-11-03,21.252073208252625,21.320652981411808,21.0615741613421,21.122533798217773,4192700.0,-0.5407093465328214,0.09,0.09,0.1,0.12,0.14,0.17,0.21,0.39,0.65,0.9,1.44,1.66
2020-11-04,21.335888879212938,21.937866441647508,21.01585048788906,21.229209899902344,4556300.0,-0.2164892815053464,0.09,0.08,0.1,0.1,0.12,0.14,0.18,0.33,0.55,0.78,1.33,1.55
2020-11-05,21.549253304765823,21.90739099962538,21.404473618166246,21.633071899414062,4262200.0,0.4952686615288258,0.09,0.09,0.1,0.1,0.12,0.14,0.18,0.33,0.56,0.79,1.32,1.54
2020-11-06,21.770230928514664,21.89215020271472,20.909175872802734,20.909175872802734,5552800.0,0.0428294204175472,0.09,0.1,0.1,0.11,0.12,0.16,0.21,0.36,0.59,0.83,1.37,1.6
2020-11-07,21.770230928514664,21.89215020271472,20.909175872802734,20.909175872802734,5552800.0,0.0428294204175472,0.09,0.1,0.1,0.11,0.12,0.16,0.21,0.36,0.59,0.83,1.37,1.6
2020-11-08,21.770230928514664,21.89215020271472,20.909175872802734,20.909175872802734,5552800.0,0.0428294204175472,0.09,0.1,0.1,0.11,0.12,0.16,0.21,0.36,0.59,0.83,1.37,1.6
2020-11-09,22.105509020749103,22.61604651173723,21.899769706457093,22.059789657592773,7425100.0,0.1298338472843169,0.09,0.1,0.11,0.11,0.12,0.17,0.25,0.44,0.7,0.96,1.51,1.73
2020-11-10,22.379830709217245,23.179926197768676,22.273150244922544,23.172306060791016,10340500.0,-0.1291365027427673,0.09,0.09,0.1,0.11,0.12,0.19,0.26,0.46,0.72,0.98,1.53,1.75
2020-11-11,22.379830709217245,23.179926197768676,22.273150244922544,23.172306060791016,10340500.0,-0.1291365027427673,0.09,0.09,0.1,0.11,0.12,0.19,0.26,0.46,0.72,0.98,1.53,1.75
2020-11-12,23.109127064749472,23.109127064749472,22.15240486390705,22.510204315185547,12909500.0,0.1861710883677005,0.09,0.1,0.1,0.1,0.13,0.17,0.23,0.4,0.64,0.88,1.42,1.64
2020-11-13,22.712440129206353,22.759109110110295,22.08240221089244,22.113515853881836,9546000.0,0.461421638727188,0.09,0.1,0.09,0.1,0.12,0.17,0.23,0.41,0.65,0.89,1.43,1.65
2020-11-14,22.712440129206353,22.759109110110295,22.08240221089244,22.113515853881836,9546000.0,0.461421638727188,0.09,0.1,0.09,0.1,0.12,0.17,0.23,0.41,0.65,0.89,1.43,1.65
2020-11-15,22.712440129206353,22.759109110110295,22.08240221089244,22.113515853881836,9546000.0,0.461421638727188,0.09,0.1,0.09,0.1,0.12,0.17,0.23,0.41,0.65,0.89,1.43,1.65
2020-11-16,22.463532224053328,22.673544833462365,22.416863249822413,22.54909324645996,5454200.0,-0.4050936084240674,0.09,0.09,0.09,0.12,0.12,0.19,0.24,0.41,0.66,0.91,1.44,1.66
2020-11-17,22.51798382868602,23.101351270013843,22.269079140845513,23.08579444885254,4377200.0,-0.7078750133514403,0.09,0.08,0.09,0.1,0.12,0.18,0.22,0.39,0.63,0.87,1.4,1.62
2020-11-18,23.14024026820942,23.210244475102172,22.61909866333008,22.61909866333008,6456300.0,0.1414536479860547,0.09,0.07,0.09,0.1,0.11,0.16,0.22,0.4,0.64,0.88,1.42,1.62
2020-11-19,22.47131565082043,22.689106718490446,22.37797768151919,22.665771484375,3661500.0,-0.0650350227952002,0.08,0.08,0.07,0.1,0.11,0.18,0.22,0.39,0.63,0.86,1.38,1.58
2020-11-20,22.650213055118986,22.805776810591432,22.533538384039556,22.75132942199707,3480900.0,-0.385191798210144,0.08,0.09,0.07,0.1,0.11,0.16,0.21,0.38,0.62,0.83,1.33,1.53
2020-11-21,22.650213055118986,22.805776810591432,22.533538384039556,22.75132942199707,3480900.0,-0.385191798210144,0.08,0.09,0.07,0.1,0.11,0.16,0.21,0.38,0.62,0.83,1.33,1.53
2020-11-22,22.650213055118986,22.805776810591432,22.533538384039556,22.75132942199707,3480900.0,-0.385191798210144,0.08,0.09,0.07,0.1,0.11,0.16,0.21,0.38,0.62,0.83,1.33,1.53
2020-11-23,23.062455482770066,23.342472284011915,22.91466867282799,23.28802490234375,3737200.0,-0.385191798210144,0.08,0.08,0.08,0.08,0.1,0.16,0.22,0.39,0.64,0.86,1.36,1.56
2020-11-24,23.731388945256356,24.462543259091888,23.700275301289643,24.361425399780273,5671000.0,-0.6265495717525482,0.08,0.08,0.09,0.1,0.11,0.16,0.22,0.39,0.65,0.88,1.4,1.6
2020-11-25,24.361425943918555,24.77367283420426,24.29920013817545,24.750337600708008,5536600.0,-2.2187461853027344,0.08,0.07,0.09,0.09,0.11,0.17,0.21,0.39,0.65,0.88,1.41,1.62
2020-11-26,24.361425943918555,24.77367283420426,24.29920013817545,24.750337600708008,5536600.0,-2.2187461853027344,0.08,0.07,0.09,0.09,0.11,0.17,0.21,0.39,0.65,0.88,1.41,1.62
2020-11-27,24.734777902691256,24.859229499708615,24.62588312619608,24.781448364257812,2035300.0,-0.2229808270931244,0.08,0.09,0.09,0.1,0.11,0.16,0.2,0.37,0.61,0.84,1.36,1.57
2020-11-28,24.734777902691256,24.859229499708615,24.62588312619608,24.781448364257812,2035300.0,-0.2229808270931244,0.08,0.09,0.09,0.1,0.11,0.16,0.2,0.37,0.61,0.84,1.36,1.57
2020-11-29,24.734777902691256,24.859229499708615,24.62588312619608,24.781448364257812,2035300.0,-0.2229808270931244,0.08,0.09,0.09,0.1,0.11,0.16,0.2,0.37,0.61,0.84,1.36,1.57
2020-11-30,25.007015493751393,25.201471281518792,24.19807870452065,24.275859832763672,5594200.0,-1.2510608658194542,0.09,0.08,0.08,0.09,0.11,0.16,0.19,0.36,0.62,0.84,1.37,1.58
2020-12-01,24.69588529701995,24.83589370300577,24.229191104927207,24.376977920532227,4440100.0,-0.2399254962801934,0.09,0.07,0.09,0.1,0.12,0.17,0.22,0.42,0.68,0.92,1.46,1.66
2020-12-02,24.291416953465628,25.04590636886262,24.291416953465628,25.02256965637207,4163900.0,-0.7968222683994095,0.09,0.07,0.09,0.1,0.11,0.16,0.22,0.42,0.69,0.95,1.5,1.7
2020-12-03,25.069241174188036,25.691499135648925,25.069241174188036,25.458152770996097,4436000.0,0.1317770844325423,0.09,0.08,0.08,0.09,0.1,0.16,0.21,0.4,0.67,0.92,1.46,1.67
2020-12-04,25.784842308385063,26.080413011431723,25.714838096156065,25.96374130249023,4870200.0,-1.0757512152194977,0.09,0.07,0.09,0.1,0.11,0.16,0.21,0.42,0.7,0.97,1.53,1.73
2020-12-05,25.784842308385063,26.080413011431723,25.714838096156065,25.96374130249023,4870200.0,-1.0757512152194977,0.09,0.07,0.09,0.1,0.11,0.16,0.21,0.42,0.7,0.97,1.53,1.73
2020-12-06,25.784842308385063,26.080413011431723,25.714838096156065,25.96374130249023,4870200.0,-1.0757512152194977,0.09,0.07,0.09,0.1,0.11,0.16,0.21,0.42,0.7,0.97,1.53,1.73
2020-12-07,25.85484323173412,25.96373799975827,25.31036642445351,25.88595390319824,3905000.0,0.5261691585183143,0.09,0.09,0.08,0.1,0.1,0.14,0.2,0.4,0.67,0.94,1.49,1.69
2020-12-08,25.95596149626103,26.282648810157333,25.862623535359347,25.99485206604004,4489000.0,0.4165612785145638,0.09,0.08,0.09,0.09,0.1,0.14,0.2,0.39,0.65,0.92,1.46,1.67
2020-12-09,26.21264291546957,26.298203943788593,25.932626083574583,26.09596824645996,4935600.0,0.0174752669699954,0.09,0.07,0.08,0.09,0.1,0.16,0.21,0.41,0.68,0.95,1.48,1.69
2020-12-10,26.220422807880908,26.663781852810057,26.14264166451666,26.62489128112793,3803300.0,0.151807740330696,0.09,0.07,0.08,0.09,0.1,0.14,0.2,0.39,0.65,0.92,1.44,1.65
2020-12-11,26.469325800039663,26.53933001533078,26.267093048732235,26.523773193359375,2506500.0,-0.3565646193455903,0.09,0.08,0.08,0.08,0.1,0.11,0.18,0.37,0.63,0.9,1.42,1.63
2020-12-12,26.469325800039663,26.53933001533078,26.267093048732235,26.523773193359375,2506500.0,-0.3565646193455903,0.09,0.08,0.08,0.08,0.1,0.11,0.18,0.37,0.63,0.9,1.42,1.63
2020-12-13,26.469325800039663,26.53933001533078,26.267093048732235,26.523773193359375,2506500.0,-0.3565646193455903,0.09,0.08,0.08,0.08,0.1,0.11,0.18,0.37,0.63,0.9,1.42,1.63
2020-12-14,26.64044506366713,26.67155870432706,25.90151241737427,25.94040298461914,5127100.0,0.9689742103219032,0.09,0.07,0.09,0.08,0.1,0.13,0.17,0.37,0.63,0.9,1.43,1.63
2020-12-15,26.072633592653947,26.360427341131373,25.90929143545,26.22041893005371,3866500.0,-0.1228548400104045,0.09,0.07,0.08,0.08,0.09,0.11,0.18,0.37,0.64,0.92,1.45,1.65
2020-12-16,26.189308996146767,26.22042264015761,25.745949954053643,25.87818145751953,3163400.0,0.5887343809008597,0.09,0.08,0.09,0.09,0.09,0.13,0.18,0.37,0.64,0.92,1.46,1.66
2020-12-17,26.025966585312332,26.04152340717997,25.652611761970302,25.777063369750977,2659900.0,1.0035682022571564,0.09,0.08,0.08,0.09,0.09,0.13,0.19,0.38,0.66,0.94,1.47,1.68
2020-12-18,25.901512214945942,25.971516422303637,25.41148276344208,25.504823684692383,3957100.0,-0.0399397611618041,0.09,0.08,0.08,0.09,0.09,0.13,0.19,0.39,0.67,0.95,1.49,1.7
2020-12-19,25.901512214945942,25.971516422303637,25.41148276344208,25.504823684692383,3957100.0,-0.0399397611618041,0.09,0.08,0.08,0.09,0.09,0.13,0.19,0.39,0.67,0.95,1.49,1.7
2020-12-20,25.901512214945942,25.971516422303637,25.41148276344208,25.504823684692383,3957100.0,-0.0399397611618041,0.09,0.08,0.08,0.09,0.09,0.13,0.19,0.39,0.67,0.95,1.49,1.7
2020-12-21,25.007021438858413,25.162583732327445,24.586996125306698,25.147029876708984,5845000.0,-1.7437714040279388,0.09,0.08,0.09,0.09,0.09,0.13,0.18,0.39,0.66,0.95,1.48,1.68
2020-12-22,25.209253003042427,25.22480982508238,24.77367237098521,24.812562942504883,3497600.0,-0.5808123164024438,0.09,0.07,0.09,0.09,0.09,0.13,0.17,0.37,0.64,0.93,1.45,1.65
2020-12-23,24.905898171841866,25.201471806206833,24.84367237780397,24.968122482299805,3823000.0,0.5800034701824187,0.09,0.07,0.09,0.09,0.09,0.13,0.18,0.38,0.67,0.96,1.49,1.7
2020-12-24,24.991466117236165,25.07702716407984,24.843679259119003,25.03813362121582,1734900.0,0.4820277765393257,0.09,0.09,0.09,0.09,0.1,0.13,0.17,0.37,0.66,0.94,1.46,1.66
2020-12-25,24.991466117236165,25.07702716407984,24.843679259119003,25.03813362121582,1734900.0,0.4820277765393257,0.09,0.09,0.09,0.09,0.1,0.13,0.17,0.37,0.66,0.94,1.46,1.66
2020-12-26,24.991466117236165,25.07702716407984,24.843679259119003,25.03813362121582,1734900.0,0.4820277765393257,0.09,0.09,0.09,0.09,0.1,0.13,0.17,0.37,0.66,0.94,1.46,1.66
2020-12-27,24.991466117236165,25.07702716407984,24.843679259119003,25.03813362121582,1734900.0,0.4820277765393257,0.09,0.09,0.09,0.09,0.1,0.13,0.17,0.37,0.66,0.94,1.46,1.66
2020-12-28,25.123689055026833,25.240363723230452,24.60254744570012,24.734777450561523,3652100.0,-0.784085987601429,0.09,0.09,0.11,0.11,0.11,0.13,0.17,0.38,0.65,0.94,1.46,1.67
2020-12-29,24.991461725034377,25.139247073598177,24.758113861083984,24.758113861083984,3466900.0,-3.5955922901630397,0.09,0.08,0.1,0.12,0.11,0.12,0.17,0.37,0.66,0.94,1.47,1.67
2020-12-30,24.76589374137037,25.069244350570894,24.71144634829132,24.86701011657715,3087700.0,-0.3779261671006679,0.09,0.06,0.08,0.09,0.12,0.12,0.17,0.37,0.66,0.93,1.46,1.66
2020-12-31,24.905901684424126,25.06146693324885,24.874788041227117,24.882566452026367,3332900.0,-0.5330148488283156,0.09,0.08,0.09,0.09,0.1,0.13,0.17,0.36,0.65,0.93,1.45,1.65
2021-01-01,24.905901684424126,25.06146693324885,24.874788041227117,24.882566452026367,3332900.0,-0.5330148488283156,0.09,0.08,0.09,0.09,0.1,0.13,0.17,0.36,0.65,0.93,1.45,1.65
2021-01-02,24.905901684424126,25.06146693324885,24.874788041227117,24.882566452026367,3332900.0,-0.5330148488283156,0.09,0.08,0.09,0.09,0.1,0.13,0.17,0.36,0.65,0.93,1.45,1.65
2021-01-03,24.905901684424126,25.06146693324885,24.874788041227117,24.882566452026367,3332900.0,-0.5330148488283156,0.09,0.08,0.09,0.09,0.1,0.13,0.17,0.36,0.65,0.93,1.45,1.65
2021-01-04,25.162582314826356,25.34926121049766,24.71144634829132,24.86701011657715,7452200.0,0.1012061387300491,0.09,0.09,0.09,0.09,0.1,0.11,0.16,0.36,0.64,0.93,1.46,1.66
2021-01-05,24.99924192798267,26.018191581959307,24.960351354017888,25.93263053894043,6660800.0,0.543375089764595,0.09,0.08,0.09,0.09,0.1,0.13,0.17,0.38,0.66,0.96,1.49,1.7
2021-01-06,26.0959678596689,26.111524679783606,25.41926250405947,25.65260887145996,7235000.0,-0.2091789804399011,0.09,0.09,0.09,0.09,0.11,0.14,0.2,0.43,0.74,1.04,1.6,1.81
2021-01-07,25.71483629193678,26.274866983315324,25.403705822268652,26.212642669677734,5741900.0,-0.0834897598251701,0.09,0.09,0.09,0.09,0.11,0.14,0.22,0.46,0.78,1.08,1.64,1.85
2021-01-08,26.36820812579296,26.43821233369776,25.722613434319808,25.94040298461914,4710500.0,-0.7500211447477341,0.09,0.08,0.08,0.09,0.1,0.14,0.24,0.49,0.81,1.13,1.67,1.87
2021-01-09,26.36820812579296,26.43821233369776,25.722613434319808,25.94040298461914,4710500.0,-0.7500211447477341,0.09,0.08,0.08,0.09,0.1,0.14,0.24,0.49,0.81,1.13,1.67,1.87
2021-01-10,26.36820812579296,26.43821233369776,25.722613434319808,25.94040298461914,4710500.0,-0.7500211447477341,0.09,0.08,0.08,0.09,0.1,0.14,0.24,0.49,0.81,1.13,1.67,1.87
2021-01-11,25.67594309592829,25.909292434831883,25.504824005801783,25.85484504699707,3499900.0,-0.2288910001516343,0.09,0.09,0.08,0.1,0.1,0.14,0.22,0.5,0.84,1.15,1.68,1.88
2021-01-12,26.01818638705643,26.3059801375264,25.854844228721586,26.228199005126953,3321600.0,-10.187248475849628,0.09,0.09,0.09,0.09,0.11,0.14,0.23,0.5,0.83,1.15,1.68,1.88
2021-01-13,26.274868654007303,26.95157702349009,26.21264433641317,26.912683486938477,7385100.0,-1.5079463251167908,0.09,0.09,0.09,0.1,0.12,0.14,0.22,0.48,0.8,1.1,1.63,1.82
2021-01-14,27.01379687627069,27.752729441217568,26.93601575034355,27.690502166748047,9020900.0,-0.3801915049552917,0.09,0.09,0.09,0.09,0.1,0.16,0.23,0.49,0.82,1.15,1.69,1.88
2021-01-15,27.636060926069685,27.636060926069685,27.029359700977917,27.426048278808594,6243400.0,-0.101110853254795,0.09,0.08,0.09,0.1,0.1,0.13,0.2,0.46,0.78,1.11,1.66,1.85
2021-01-16,27.636060926069685,27.636060926069685,27.029359700977917,27.426048278808594,6243400.0,-0.101110853254795,0.09,0.08,0.09,0.1,0.1,0.13,0.2,0.46,0.78,1.11,1.66,1.85
2021-01-17,27.636060926069685,27.636060926069685,27.029359700977917,27.426048278808594,6243400.0,-0.101110853254795,0.09,0.08,0.09,0.1,0.1,0.13,0.2,0.46,0.78,1.11,1.66,1.85
2021-01-18,27.636060926069685,27.636060926069685,27.029359700977917,27.426048278808594,6243400.0,-0.101110853254795,0.09,0.08,0.09,0.1,0.1,0.13,0.2,0.46,0.78,1.11,1.66,1.85
2021-01-19,27.231588998485723,27.534942539702616,26.819343650886417,27.286039352416992,7188800.0,-0.1371959894895554,0.09,0.07,0.09,0.11,0.1,0.14,0.21,0.45,0.78,1.1,1.65,1.84
2021-01-20,27.433825768335616,27.706062712866412,27.332707917298393,27.659395217895508,2636300.0,0.0129280723631381,0.09,0.08,0.08,0.1,0.1,0.13,0.19,0.45,0.78,1.1,1.65,1.84
2021-01-21,27.659400246271105,27.729404468614124,27.17714761805889,27.26270866394043,2652800.0,0.0129280723631381,0.08,0.07,0.09,0.09,0.1,0.13,0.19,0.45,0.79,1.12,1.68,1.87
2021-01-22,26.827125869064307,27.06047225646884,26.764898583270934,26.95935440063477,3113600.0,0.3249439038336278,0.08,0.07,0.08,0.1,0.1,0.13,0.19,0.44,0.77,1.1,1.66,1.85
2021-01-23,26.827125869064307,27.06047225646884,26.764898583270934,26.95935440063477,3113600.0,0.3249439038336278,0.08,0.07,0.08,0.1,0.1,0.13,0.19,0.44,0.77,1.1,1.66,1.85
2021-01-24,26.827125869064307,27.06047225646884,26.764898583270934,26.95935440063477,3113600.0,0.3249439038336278,0.08,0.07,0.08,0.1,0.1,0.13,0.19,0.44,0.77,1.1,1.66,1.85
2021-01-25,26.951582181884703,27.029363335554347,26.671565281216683,26.89713478088379,3518600.0,0.3249439038336278,0.08,0.07,0.09,0.09,0.1,0.13,0.17,0.42,0.73,1.05,1.61,1.8
2021-01-26,27.0526923766489,27.2160375183638,26.81156906197124,27.114919662475582,2925200.0,0.4824662432074545,0.08,0.05,0.07,0.09,0.09,0.11,0.18,0.42,0.74,1.05,1.61,1.8
2021-01-27,26.82712328105856,26.904904413636448,26.29042337792711,26.321537017822266,3796700.0,-0.3563216626644134,0.08,0.05,0.08,0.09,0.09,0.12,0.18,0.41,0.72,1.04,1.6,1.79
2021-01-28,26.36821037498885,26.60155676552249,26.119307162798258,26.44599151611328,3760800.0,0.2525373548269271,0.07,0.05,0.07,0.08,0.08,0.12,0.18,0.42,0.75,1.07,1.63,1.81
2021-01-29,26.305981143497707,26.492660022419212,25.98707374100857,26.134859085083008,3766900.0,4.211545379832386,0.07,0.07,0.06,0.07,0.1,0.11,0.19,0.45,0.79,1.11,1.68,1.87
2021-01-30,26.305981143497707,26.492660022419212,25.98707374100857,26.134859085083008,3766900.0,4.211545379832386,0.07,0.07,0.06,0.07,0.1,0.11,0.19,0.45,0.79,1.11,1.68,1.87
2021-01-31,26.305981143497707,26.492660022419212,25.98707374100857,26.134859085083008,3766900.0,4.211545379832386,0.07,0.07,0.06,0.07,0.1,0.11,0.19,0.45,0.79,1.11,1.68,1.87
2021-02-01,26.337096987379688,26.554886558370875,26.07263695096452,26.329317092895508,3011300.0,0.6205258071422576,0.08,0.06,0.07,0.08,0.08,0.11,0.17,0.42,0.76,1.09,1.66,1.84
2021-02-02,26.663779478532167,26.928239496446345,26.554884700654593,26.796010971069336,3180600.0,0.6205258071422576,0.08,0.04,0.07,0.08,0.08,0.11,0.18,0.45,0.79,1.12,1.69,1.87
2021-02-03,26.86601438395023,27.239369168669228,26.741562789043897,27.10713768005371,4610400.0,-0.5170750692486762,0.08,0.03,0.04,0.06,0.08,0.11,0.19,0.46,0.81,1.15,1.73,1.92
2021-02-04,27.169362644315857,27.457156376653646,26.881568911978064,27.433822631835938,6425300.0,-0.4544707890599965,0.08,0.03,0.04,0.06,0.07,0.11,0.18,0.46,0.81,1.15,1.75,1.93
2021-02-05,27.62828085921314,27.636057785786345,27.216035506151677,27.356040954589844,3608200.0,0.6781755667179823,0.08,0.02,0.03,0.05,0.06,0.09,0.19,0.47,0.83,1.19,1.79,1.97
2021-02-06,27.62828085921314,27.636057785786345,27.216035506151677,27.356040954589844,3608200.0,0.6781755667179823,0.08,0.02,0.03,0.05,0.06,0.09,0.19,0.47,0.83,1.19,1.79,1.97
2021-02-07,27.62828085921314,27.636057785786345,27.216035506151677,27.356040954589844,3608200.0,0.6781755667179823,0.08,0.02,0.03,0.05,0.06,0.09,0.19,0.47,0.83,1.19,1.79,1.97
2021-02-08,27.612726936395543,27.947191190181055,27.472718506105775,27.853853225708008,3148900.0,-0.0554311294108628,0.07,0.04,0.05,0.05,0.07,0.11,0.2,0.48,0.83,1.19,1.78,1.96
2021-02-09,27.877183187323727,27.88496011365632,27.5738326186327,27.79162216186523,6875100.0,0.5759211704134941,0.08,0.04,0.04,0.06,0.07,0.11,0.19,0.48,0.83,1.18,1.78,1.95
2021-02-10,27.94719288094946,28.1183149654697,27.846075015809262,28.063867568969727,3747000.0,0.4282269123941657,0.08,0.05,0.05,0.06,0.07,0.11,0.19,0.46,0.8,1.15,1.75,1.92
2021-02-11,28.124865322054823,28.14863184677456,27.57028990844897,27.79212188720703,8688300.0,-0.4677603319287299,0.08,0.05,0.05,0.06,0.07,0.11,0.19,0.46,0.81,1.16,1.77,1.94
2021-02-12,27.514830887465155,27.586133479199727,27.166242117980968,27.388071060180664,17432900.0,0.2609827816486358,0.08,0.03,0.04,0.05,0.06,0.11,0.2,0.5,0.85,1.2,1.83,2.01
2021-02-13,27.514830887465155,27.586133479199727,27.166242117980968,27.388071060180664,17432900.0,0.2609827816486358,0.08,0.03,0.04,0.05,0.06,0.11,0.2,0.5,0.85,1.2,1.83,2.01
2021-02-14,27.514830887465155,27.586133479199727,27.166242117980968,27.388071060180664,17432900.0,0.2609827816486358,0.08,0.03,0.04,0.05,0.06,0.11,0.2,0.5,0.85,1.2,1.83,2.01
2021-02-15,27.514830887465155,27.586133479199727,27.166242117980968,27.388071060180664,17432900.0,0.2609827816486358,0.08,0.03,0.04,0.05,0.06,0.11,0.2,0.5,0.85,1.2,1.83,2.01
2021-02-16,27.681206123281196,27.83965668313635,27.46729832080569,27.53860092163086,7801000.0,-0.066279612481594,0.08,0.03,0.04,0.06,0.08,0.13,0.23,0.57,0.94,1.3,1.92,2.08
2021-02-17,27.506913620591696,27.665361160518607,27.22962438133339,27.34846305847168,3908100.0,0.4344174563884735,0.08,0.03,0.04,0.06,0.07,0.11,0.21,0.57,0.94,1.29,1.92,2.06
2021-02-18,27.28508275675602,27.40392143882471,26.991951169098,27.300928115844727,5103100.0,-0.1362438462674617,0.07,0.03,0.03,0.04,0.06,0.11,0.21,0.56,0.94,1.29,1.91,2.08
2021-02-19,27.380153519594877,27.514834531713408,27.197936432626413,27.45937728881836,3429200.0,-0.4480518437922001,0.07,0.03,0.04,0.06,0.07,0.11,0.22,0.59,0.98,1.34,1.98,2.14
2021-02-20,27.380153519594877,27.514834531713408,27.197936432626413,27.45937728881836,3429200.0,-0.4480518437922001,0.07,0.03,0.04,0.06,0.07,0.11,0.22,0.59,0.98,1.34,1.98,2.14
2021-02-21,27.380153519594877,27.514834531713408,27.197936432626413,27.45937728881836,3429200.0,-0.4480518437922001,0.07,0.03,0.04,0.06,0.07,0.11,0.22,0.59,0.98,1.34,1.98,2.14
2021-02-22,27.538600197484875,27.990185338964913,27.340537758422375,27.776277542114254,6994000.0,-0.6428485624492166,0.07,0.03,0.03,0.04,0.06,0.11,0.22,0.61,1.0,1.37,2.02,2.19
2021-02-23,27.8634195982308,28.235777912303597,27.388071002463853,28.219932556152344,6009800.0,-0.2378078289330004,0.07,0.03,0.04,0.05,0.08,0.11,0.22,0.59,1.0,1.37,2.03,2.21
2021-02-24,28.227858354840013,28.45760847665158,27.934723782616665,28.322927474975582,6556400.0,0.2752111896406858,0.07,0.03,0.03,0.05,0.08,0.12,0.24,0.62,1.02,1.38,2.07,2.24
2021-02-25,28.41007698469916,28.50514611004501,27.704975179180828,27.7128963470459,11199500.0,-0.35150839202106,0.07,0.04,0.04,0.06,0.09,0.17,0.34,0.81,1.23,1.54,2.25,2.33
2021-02-26,27.514831321301685,27.578212747039625,26.762193512723588,26.78596305847168,5362800.0,0.422594979405403,0.07,0.04,0.04,0.05,0.08,0.14,0.3,0.75,1.15,1.44,2.08,2.17
2021-02-27,27.514831321301685,27.578212747039625,26.762193512723588,26.78596305847168,5362800.0,0.422594979405403,0.07,0.04,0.04,0.05,0.08,0.14,0.3,0.75,1.15,1.44,2.08,2.17
2021-02-28,27.514831321301685,27.578212747039625,26.762193512723588,26.78596305847168,5362800.0,0.422594979405403,0.07,0.04,0.04,0.05,0.08,0.14,0.3,0.75,1.15,1.44,2.08,2.17
2021-03-01,27.26131088078703,27.72081713762872,27.04740310834617,27.530675888061523,4601500.0,1.0270340815186498,0.07,0.03,0.05,0.07,0.08,0.13,0.27,0.71,1.12,1.45,2.11,2.23
2021-03-02,27.601981746072912,27.918882858798387,27.546524504674903,27.74458694458008,3744200.0,1.0788008868694303,0.07,0.04,0.04,0.06,0.08,0.13,0.26,0.67,1.08,1.42,2.09,2.21
2021-03-03,27.744585801461895,28.08525342583822,27.34846093797248,27.83965492248535,5702300.0,-0.4761862307786941,0.07,0.04,0.05,0.07,0.08,0.14,0.29,0.73,1.14,1.47,2.12,2.25
2021-03-04,27.895114848077355,28.291239749716148,27.649519343264924,27.88719367980957,6994700.0,-0.9750328250229356,0.07,0.03,0.04,0.07,0.08,0.14,0.32,0.77,1.21,1.54,2.18,2.3
2021-03-05,28.14071297698704,28.267472822830506,27.77627879796122,28.07733154296875,6656400.0,0.952335951849818,0.07,0.04,0.04,0.07,0.08,0.14,0.32,0.79,1.23,1.56,2.18,2.28
2021-03-06,28.14071297698704,28.267472822830506,27.77627879796122,28.07733154296875,6656400.0,0.952335951849818,0.07,0.04,0.04,0.07,0.08,0.14,0.32,0.79,1.23,1.56,2.18,2.28
2021-03-07,28.14071297698704,28.267472822830506,27.77627879796122,28.07733154296875,6656400.0,0.952335951849818,0.07,0.04,0.04,0.07,0.08,0.14,0.32,0.79,1.23,1.56,2.18,2.28
2021-03-08,28.116943748689486,28.47345370311094,27.99810508242045,28.40215110778809,3885500.0,-1.3479612097144127,0.07,0.04,0.05,0.06,0.09,0.17,0.34,0.86,1.28,1.59,2.2,2.31
2021-03-09,28.50514292248958,28.65566927263749,28.20408720000109,28.219932556152344,3503600.0,0.3605340272188188,0.07,0.04,0.05,0.07,0.1,0.17,0.35,0.83,1.23,1.55,2.16,2.26
2021-03-10,28.322930019479283,28.600216237366173,28.24370624928106,28.449689865112305,5795900.0,-0.3748560461681335,0.07,0.03,0.04,0.06,0.08,0.16,0.32,0.8,1.2,1.53,2.15,2.24
2021-03-11,28.655665959708863,28.86957370973156,28.54475150166575,28.79034996032715,5395200.0,-0.3748560461681335,0.07,0.04,0.04,0.05,0.08,0.14,0.31,0.78,1.2,1.54,2.18,2.29
2021-03-12,28.790348894856976,28.964644763727144,28.663589087185635,28.845806121826172,7976800.0,1.653489790856838,0.07,0.03,0.04,0.06,0.09,0.14,0.34,0.85,1.3,1.64,2.31,2.4
2021-03-13,28.790348894856976,28.964644763727144,28.663589087185635,28.845806121826172,7976800.0,1.653489790856838,0.07,0.03,0.04,0.06,0.09,0.14,0.34,0.85,1.3,1.64,2.31,2.4
2021-03-14,28.790348894856976,28.964644763727144,28.663589087185635,28.845806121826172,7976800.0,1.653489790856838,0.07,0.03,0.04,0.06,0.09,0.14,0.34,0.85,1.3,1.64,2.31,2.4
2021-03-15,28.91711032501014,29.028024785171723,28.750738634767757,28.996334075927734,3364700.0,-0.4040961097925899,0.07,0.02,0.04,0.06,0.08,0.14,0.33,0.84,1.28,1.62,2.27,2.37
2021-03-16,28.964648479673127,28.9884150022255,28.61605669721109,28.877500534057617,3699300.0,-1.444877410307526,0.07,0.01,0.02,0.06,0.07,0.15,0.33,0.83,1.28,1.62,2.3,2.38
2021-03-17,28.719053425547017,29.12309946811395,28.608138944144052,29.020109176635746,2941600.0,-1.3602144792675974,0.07,0.01,0.02,0.05,0.07,0.13,0.29,0.8,1.27,1.63,2.32,2.42
2021-03-18,28.742818675310875,28.93295993655805,28.307081936769094,28.394229888916016,3275900.0,-0.5947270691394806,0.07,0.01,0.01,0.03,0.08,0.16,0.33,0.86,1.35,1.71,2.36,2.45
2021-03-19,28.45760651016943,28.853731342586215,28.188244525430942,28.73489570617676,3579500.0,1.047555297613144,0.07,0.01,0.01,0.03,0.07,0.16,0.33,0.9,1.38,1.74,2.36,2.45
2021-03-20,28.45760651016943,28.853731342586215,28.188244525430942,28.73489570617676,3579500.0,1.047555297613144,0.07,0.01,0.01,0.03,0.07,0.16,0.33,0.9,1.38,1.74,2.36,2.45
2021-03-21,28.45760651016943,28.853731342586215,28.188244525430942,28.73489570617676,3579500.0,1.047555297613144,0.07,0.01,0.01,0.03,0.07,0.16,0.33,0.9,1.38,1.74,2.36,2.45
2021-03-22,28.750741062136544,28.893346243582,28.67151428233761,28.73489570617676,4577800.0,-0.1790089011192321,0.07,0.02,0.03,0.05,0.06,0.15,0.32,0.87,1.34,1.69,2.29,2.38
2021-03-23,28.576442437183175,28.925031168399418,28.457603789940737,28.67943572998047,4486200.0,-0.8816668950021266,0.07,0.02,0.01,0.04,0.08,0.15,0.31,0.83,1.29,1.63,2.24,2.34
2021-03-24,28.790351945384277,29.35284846263904,28.719049357127155,29.170631408691406,4238800.0,-0.9670710451900958,0.07,0.02,0.02,0.04,0.07,0.14,0.31,0.83,1.27,1.62,2.21,2.31
2021-03-25,29.123097489821433,29.162712392368324,28.66359423776645,29.05971908569336,3932500.0,-0.4670195579528807,0.07,0.02,0.02,0.04,0.07,0.14,0.3,0.82,1.29,1.63,2.24,2.34
2021-03-26,29.25778257874034,29.439999652781825,29.138943911142785,29.37662124633789,4183600.0,-0.2093315124511718,0.07,0.02,0.02,0.04,0.06,0.14,0.31,0.85,1.32,1.67,2.27,2.37
2021-03-27,29.25778257874034,29.439999652781825,29.138943911142785,29.37662124633789,4183600.0,-0.2093315124511718,0.07,0.02,0.02,0.04,0.06,0.14,0.31,0.85,1.32,1.67,2.27,2.37
2021-03-28,29.25778257874034,29.439999652781825,29.138943911142785,29.37662124633789,4183600.0,-0.2093315124511718,0.07,0.02,0.02,0.04,0.06,0.14,0.31,0.85,1.32,1.67,2.27,2.37
2021-03-29,29.392466245961913,29.558841000120236,29.170637270008324,29.47169303894043,5303900.0,-0.3124130368232727,0.07,0.02,0.03,0.04,0.06,0.14,0.32,0.89,1.37,1.73,2.32,2.43
2021-03-30,29.19439636306404,29.26569894749243,28.97256744359454,29.02802467346191,3624000.0,0.2013687193393707,0.07,0.01,0.02,0.04,0.06,0.16,0.33,0.9,1.39,1.73,2.29,2.38
2021-03-31,29.09140836606299,29.13102024446619,28.68735934864956,28.837888717651367,3754900.0,-0.5670944340527055,0.06,0.01,0.03,0.05,0.07,0.16,0.35,0.92,1.4,1.74,2.31,2.41
2021-04-01,29.08348240590313,29.194396867554524,28.782429730618603,29.17855453491211,2385200.0,-0.593408018350601,0.07,0.02,0.02,0.04,0.06,0.17,0.35,0.9,1.37,1.69,2.24,2.34
2021-04-02,29.08348240590313,29.194396867554524,28.782429730618603,29.17855453491211,2385200.0,-0.593408018350601,0.07,0.02,0.02,0.04,0.06,0.17,0.35,0.9,1.37,1.69,2.24,2.34
2021-04-03,29.08348240590313,29.194396867554524,28.782429730618603,29.17855453491211,2385200.0,-0.593408018350601,0.07,0.02,0.02,0.04,0.06,0.17,0.35,0.9,1.37,1.69,2.24,2.34
2021-04-04,29.08348240590313,29.194396867554524,28.782429730618603,29.17855453491211,2385200.0,-0.593408018350601,0.07,0.02,0.02,0.04,0.06,0.17,0.35,0.9,1.37,1.69,2.24,2.34
2021-04-05,29.24986153693197,29.30532180405422,29.020111388880057,29.29739761352539,2384000.0,0.9943970199674366,0.07,0.03,0.03,0.04,0.06,0.17,0.37,0.94,1.4,1.73,2.28,2.36
2021-04-06,29.313238565893787,29.329083922376316,29.051794717221146,29.13102149963379,2694800.0,0.677103172056377,0.07,0.02,0.02,0.04,0.06,0.16,0.35,0.88,1.34,1.67,2.24,2.32
2021-04-07,29.123098270481066,29.305318364941563,29.0280291506442,29.107255935668945,2204200.0,-1.5020053219050171,0.07,0.01,0.02,0.04,0.06,0.16,0.34,0.87,1.34,1.68,2.26,2.35
2021-04-08,28.980495436979236,29.408307977527077,28.893347486547697,29.400386810302734,3188000.0,0.579644240438938,0.07,0.02,0.01,0.04,0.05,0.14,0.33,0.85,1.3,1.64,2.22,2.32
2021-04-09,29.42415376095655,29.455844474699095,29.091410333238255,29.218170166015625,2726100.0,-0.6535944640636444,0.07,0.02,0.02,0.03,0.06,0.16,0.35,0.87,1.33,1.67,2.23,2.34
2021-04-10,29.42415376095655,29.455844474699095,29.091410333238255,29.218170166015625,2726100.0,-0.6535944640636444,0.07,0.02,0.02,0.03,0.06,0.16,0.35,0.87,1.33,1.67,2.23,2.34
2021-04-11,29.42415376095655,29.455844474699095,29.091410333238255,29.218170166015625,2726100.0,-0.6535944640636444,0.07,0.02,0.02,0.03,0.06,0.16,0.35,0.87,1.33,1.67,2.23,2.34
2021-04-12,29.257781445360717,29.40038663207644,28.98841642847466,29.09933090209961,2203100.0,0.2186773940920829,0.07,0.02,0.02,0.04,0.06,0.18,0.38,0.89,1.35,1.69,2.24,2.34
2021-04-13,29.186478852002857,29.241936088815333,28.980495261298337,29.09933090209961,2947500.0,0.096021130681038,0.07,0.03,0.03,0.05,0.06,0.16,0.35,0.85,1.29,1.64,2.21,2.32
2021-04-14,29.194399306153343,29.51130038493576,29.15478742685371,29.384540557861328,2639000.0,0.2629837840795517,0.07,0.02,0.02,0.04,0.06,0.16,0.35,0.87,1.31,1.64,2.22,2.32
2021-04-15,29.46376574905206,29.558837890625,29.360775462303938,29.558837890625,2242800.0,1.1366722248494625,0.07,0.02,0.02,0.04,0.06,0.16,0.32,0.81,1.24,1.56,2.13,2.23
2021-04-16,29.709360466815916,29.709360466815916,29.368692891687697,29.566755294799805,5010700.0,-0.739199325442314,0.07,0.02,0.02,0.04,0.06,0.16,0.34,0.84,1.26,1.59,2.15,2.26
2021-04-17,29.709360466815916,29.709360466815916,29.368692891687697,29.566755294799805,5010700.0,-0.739199325442314,0.07,0.02,0.02,0.04,0.06,0.16,0.34,0.84,1.26,1.59,2.15,2.26
2021-04-18,29.709360466815916,29.709360466815916,29.368692891687697,29.566755294799805,5010700.0,-0.739199325442314,0.07,0.02,0.02,0.04,0.06,0.16,0.34,0.84,1.26,1.59,2.15,2.26
2021-04-19,29.669755110103157,29.772748428566526,29.479613831570255,29.61429786682129,2643200.0,0.997429184615612,0.07,0.01,0.02,0.04,0.08,0.16,0.34,0.85,1.28,1.61,2.18,2.29
2021-04-20,29.51130387858316,29.58260647864061,29.09933363627266,29.1547908782959,3869100.0,0.5412454903125763,0.07,0.01,0.03,0.04,0.07,0.15,0.31,0.81,1.25,1.58,2.16,2.27
2021-04-21,28.956729160397003,29.606373745082983,28.956729160397003,29.57468605041504,2313000.0,-2.1018862724304195,0.07,0.0,0.03,0.04,0.07,0.15,0.32,0.81,1.24,1.57,2.16,2.26
2021-04-22,29.55091441789353,29.598450489833105,29.305318935021297,29.3211612701416,3314100.0,0.3959022875642405,0.07,0.02,0.03,0.04,0.06,0.16,0.32,0.81,1.24,1.57,2.13,2.24
2021-04-23,29.519221551918623,29.519221551918623,29.178556972187625,29.384540557861328,2387600.0,0.2341429423540831,0.07,0.01,0.03,0.03,0.07,0.16,0.34,0.83,1.26,1.58,2.14,2.25
2021-04-24,29.519221551918623,29.519221551918623,29.178556972187625,29.384540557861328,2387600.0,0.2341429423540831,0.07,0.01,0.03,0.03,0.07,0.16,0.34,0.83,1.26,1.58,2.14,2.25
2021-04-25,29.519221551918623,29.519221551918623,29.178556972187625,29.384540557861328,2387600.0,0.2341429423540831,0.07,0.01,0.03,0.03,0.07,0.16,0.34,0.83,1.26,1.58,2.14,2.25
2021-04-26,29.37661921368036,29.49545485086246,29.344928501554744,29.45584297180176,2674800.0,-0.1372113414108755,0.07,0.02,0.03,0.04,0.06,0.18,0.35,0.85,1.27,1.58,2.13,2.24
2021-04-27,29.519217713464315,29.89950016743125,29.41622744511587,29.844039916992188,2828800.0,-0.1372113414108755,0.07,0.01,0.01,0.04,0.06,0.17,0.36,0.88,1.32,1.63,2.18,2.29
2021-04-28,29.962885128126196,30.343164643240748,29.875737172584603,30.224328994750977,4432800.0,0.7305491548031566,0.07,0.01,0.01,0.04,0.05,0.17,0.35,0.86,1.31,1.63,2.19,2.29
2021-04-29,30.46992373239229,30.604607757333827,30.31939737246267,30.557071685791016,2819000.0,-0.6260557547211645,0.06,0.01,0.01,0.04,0.05,0.16,0.35,0.86,1.32,1.65,2.2,2.31
2021-04-30,30.501614446754164,30.620453114514767,30.27978549060676,30.557071685791016,3162500.0,-2.2550247700419273,0.05,0.01,0.01,0.03,0.05,0.16,0.35,0.86,1.32,1.65,2.19,2.3
2021-05-01,30.501614446754164,30.620453114514767,30.27978549060676,30.557071685791016,3162500.0,-2.2550247700419273,0.05,0.01,0.01,0.03,0.05,0.16,0.35,0.86,1.32,1.65,2.19,2.3
2021-05-02,30.501614446754164,30.620453114514767,30.27978549060676,30.557071685791016,3162500.0,-2.2550247700419273,0.05,0.01,0.01,0.03,0.05,0.16,0.35,0.86,1.32,1.65,2.19,2.3
2021-05-03,30.715513229370114,30.85019419262924,30.54121737367762,30.715513229370117,2648500.0,-1.368319621309638,0.06,0.02,0.04,0.04,0.06,0.16,0.33,0.84,1.29,1.63,2.18,2.3
2021-05-04,30.81851855992718,30.905663499655507,30.66006799481477,30.88189697265625,3023800.0,-0.3299096822738648,0.06,0.01,0.02,0.04,0.06,0.16,0.33,0.82,1.28,1.61,2.16,2.27
2021-05-05,31.064104698525995,31.713749099636583,31.024492824739692,31.642446517944336,6473000.0,-1.530824080109596,0.06,0.01,0.02,0.04,0.06,0.16,0.32,0.8,1.25,1.59,2.14,2.25
2021-05-06,31.666218148865813,31.76920842306562,31.333471738287937,31.52361297607422,3247200.0,-0.7271727472543715,0.06,0.01,0.02,0.04,0.05,0.16,0.32,0.81,1.25,1.58,2.14,2.24
2021-05-07,31.222555663288933,31.46022993160493,30.53329937851486,31.420618057250977,5228900.0,0.4898201869800685,0.06,0.01,0.02,0.04,0.05,0.14,0.29,0.77,1.24,1.6,2.17,2.28
2021-05-08,31.222555663288933,31.46022993160493,30.53329937851486,31.420618057250977,5228900.0,0.4898201869800685,0.06,0.01,0.02,0.04,0.05,0.14,0.29,0.77,1.24,1.6,2.17,2.28
2021-05-09,31.222555663288933,31.46022993160493,30.53329937851486,31.420618057250977,5228900.0,0.4898201869800685,0.06,0.01,0.02,0.04,0.05,0.14,0.29,0.77,1.24,1.6,2.17,2.28
2021-05-10,31.59492370217561,31.96727906288918,31.515696906773513,31.729604721069336,8271000.0,0.2185892760753632,0.06,0.02,0.02,0.04,0.05,0.16,0.32,0.8,1.27,1.63,2.2,2.32
2021-05-11,31.476087251437963,31.78506421992576,31.35725158320066,31.57908058166504,5079000.0,-1.8180766031146047,0.06,0.01,0.01,0.04,0.05,0.16,0.31,0.8,1.28,1.64,2.23,2.35
2021-05-12,31.301779024708217,32.02272600892228,31.293857858812345,31.55530166625977,5741600.0,-2.434863559901714,0.06,0.01,0.02,0.04,0.05,0.16,0.35,0.87,1.34,1.69,2.29,2.4
2021-05-13,31.223158162589076,31.465010053580777,30.715267038786955,30.949058532714844,8903100.0,-1.9467904260382056,0.06,0.0,0.02,0.03,0.05,0.16,0.33,0.84,1.31,1.66,2.28,2.39
2021-05-14,31.247346987674188,31.610126414743345,31.207038845847418,31.400522232055664,5452500.0,-1.3527569696307182,0.06,0.01,0.01,0.03,0.06,0.16,0.33,0.82,1.29,1.63,2.25,2.35
2021-05-15,31.247346987674188,31.610126414743345,31.207038845847418,31.400522232055664,5452500.0,-1.3527569696307182,0.06,0.01,0.01,0.03,0.06,0.16,0.33,0.82,1.29,1.63,2.25,2.35
2021-05-16,31.247346987674188,31.610126414743345,31.207038845847418,31.400522232055664,5452500.0,-1.3527569696307182,0.06,0.01,0.01,0.03,0.06,0.16,0.33,0.82,1.29,1.63,2.25,2.35
2021-05-17,31.368277148630867,31.53757320384879,31.15867294816786,31.263473510742188,6655700.0,-1.5494002401828764,0.06,0.0,0.02,0.04,0.06,0.16,0.34,0.84,1.3,1.64,2.27,2.36
2021-05-18,31.32796287536621,31.4327664927544,31.02161549586199,31.32796287536621,7421500.0,0.9109355099499226,0.06,0.0,0.02,0.03,0.06,0.16,0.34,0.83,1.29,1.64,2.27,2.37
2021-05-19,31.078054783165985,31.09417865694988,30.505671102752675,30.6024112701416,7241400.0,-0.144658803939819,0.06,0.0,0.01,0.03,0.05,0.16,0.35,0.87,1.34,1.68,2.3,2.38
2021-05-20,30.70721624266379,31.20704405036498,30.537920173568732,31.11030387878418,4019700.0,-0.4139703586697577,0.06,0.01,0.01,0.03,0.05,0.15,0.34,0.83,1.29,1.63,2.25,2.34
2021-05-21,31.287660443587033,31.368276733009036,30.949065262323124,31.12642478942871,2754300.0,0.5246538817882538,0.06,0.0,0.01,0.02,0.04,0.17,0.34,0.84,1.29,1.63,2.24,2.33
2021-05-22,31.287660443587033,31.368276733009036,30.949065262323124,31.12642478942871,2754300.0,0.5246538817882538,0.06,0.0,0.01,0.02,0.04,0.17,0.34,0.84,1.29,1.63,2.24,2.33
2021-05-23,31.287660443587033,31.368276733009036,30.949065262323124,31.12642478942871,2754300.0,0.5246538817882538,0.06,0.0,0.01,0.02,0.04,0.17,0.34,0.84,1.29,1.63,2.24,2.33
2021-05-24,31.239284832058203,31.448889002954537,31.1264208111668,31.360212326049805,2367900.0,-4.191415172070265,0.06,0.01,0.02,0.03,0.04,0.15,0.32,0.82,1.28,1.61,2.22,2.31
2021-05-25,31.303785881470407,31.37633870038868,30.981314557032807,30.997438430786133,3013100.0,0.9567603662144392,0.06,0.01,0.02,0.04,0.04,0.15,0.3,0.79,1.23,1.56,2.16,2.26
2021-05-26,31.013563707203375,31.198983650781,30.95713168417169,31.11030387878418,3185800.0,-0.2894019186496734,0.06,0.0,0.02,0.04,0.04,0.14,0.31,0.8,1.24,1.58,2.17,2.27
2021-05-27,31.1506031381202,31.31183876162068,31.045799521547828,31.158666610717773,4397800.0,0.5208176188170908,0.06,0.0,0.02,0.04,0.04,0.14,0.31,0.81,1.28,1.61,2.2,2.29
2021-05-28,31.23122898082585,31.303784872720502,30.96518968544065,31.02162170410156,6133600.0,-0.8176691401749846,0.05,0.01,0.01,0.03,0.05,0.14,0.3,0.79,1.24,1.58,2.18,2.26
2021-05-29,31.23122898082585,31.303784872720502,30.96518968544065,31.02162170410156,6133600.0,-0.8176691401749846,0.05,0.01,0.01,0.03,0.05,0.14,0.3,0.79,1.24,1.58,2.18,2.26
2021-05-30,31.23122898082585,31.303784872720502,30.96518968544065,31.02162170410156,6133600.0,-0.8176691401749846,0.05,0.01,0.01,0.03,0.05,0.14,0.3,0.79,1.24,1.58,2.18,2.26
2021-05-31,31.23122898082585,31.303784872720502,30.96518968544065,31.02162170410156,6133600.0,-0.8176691401749846,0.05,0.01,0.01,0.03,0.05,0.14,0.3,0.79,1.24,1.58,2.18,2.26
2021-06-01,31.37633512201904,31.43277021137668,31.110298923715884,31.17479133605957,5671100.0,-0.9078976884484292,0.06,0.01,0.02,0.04,0.04,0.16,0.31,0.81,1.28,1.62,2.22,2.3
2021-06-02,31.3602123260498,31.39245699250883,31.23122443427193,31.360212326049805,6121400.0,0.3375937796663493,0.06,0.01,0.02,0.04,0.05,0.13,0.3,0.8,1.26,1.59,2.21,2.28
2021-06-03,31.263468207949085,31.360211430505267,31.06998791346439,31.14254379272461,4881700.0,-1.7124662697315214,0.06,0.0,0.02,0.04,0.04,0.16,0.34,0.84,1.3,1.63,2.22,2.3
2021-06-04,31.29572100567601,31.497264805596807,31.22316511469195,31.48920440673828,6985400.0,-0.1581152665894478,0.06,0.01,0.02,0.04,0.05,0.14,0.32,0.78,1.23,1.56,2.16,2.24
2021-06-05,31.29572100567601,31.497264805596807,31.22316511469195,31.48920440673828,6985400.0,-0.1581152665894478,0.06,0.01,0.02,0.04,0.05,0.14,0.32,0.78,1.23,1.56,2.16,2.24
2021-06-06,31.29572100567601,31.497264805596807,31.22316511469195,31.48920440673828,6985400.0,-0.1581152665894478,0.06,0.01,0.02,0.04,0.05,0.14,0.32,0.78,1.23,1.56,2.16,2.24
2021-06-07,31.553693262280753,31.900348805044818,31.53756939106917,31.86004066467285,2997100.0,-0.2943185865879056,0.06,0.01,0.02,0.04,0.05,0.16,0.33,0.79,1.24,1.57,2.17,2.25
2021-06-08,31.99708485163311,32.1502600708331,31.86809697380415,31.94065284729004,5018100.0,-1.8540201149880884,0.06,0.01,0.02,0.04,0.05,0.14,0.32,0.77,1.2,1.53,2.13,2.21
2021-06-09,32.06158447265625,32.1744484959318,31.932596578153625,32.06158447265625,3742900.0,-0.055091392248869,0.06,0.01,0.03,0.04,0.05,0.16,0.31,0.75,1.17,1.5,2.1,2.17
2021-06-10,32.24699968062107,32.28730781515914,31.86809645027344,32.04545593261719,3801200.0,0.3304874002933502,0.06,0.01,0.03,0.04,0.05,0.14,0.3,0.73,1.14,1.45,2.07,2.15
2021-06-11,32.08576908374339,32.1583249673814,31.940657316467387,31.989028930664062,3436200.0,0.3304874002933502,0.06,0.01,0.03,0.04,0.05,0.16,0.31,0.76,1.16,1.47,2.08,2.15
2021-06-12,32.08576908374339,32.1583249673814,31.940657316467387,31.989028930664062,3436200.0,0.3304874002933502,0.06,0.01,0.03,0.04,0.05,0.16,0.31,0.76,1.16,1.47,2.08,2.15
2021-06-13,32.08576908374339,32.1583249673814,31.940657316467387,31.989028930664062,3436200.0,0.3304874002933502,0.06,0.01,0.03,0.04,0.05,0.16,0.31,0.76,1.16,1.47,2.08,2.15
2021-06-14,32.04546194382584,32.835513215164234,32.01321420002082,32.81938934326172,13202400.0,0.3230141568928957,0.06,0.01,0.03,0.05,0.05,0.16,0.33,0.8,1.2,1.51,2.12,2.19
2021-06-15,32.90806408410357,33.004804225456105,32.666212193065405,32.875816345214844,3646500.0,0.0884616971015929,0.06,0.02,0.03,0.05,0.08,0.16,0.34,0.79,1.21,1.51,2.12,2.2
2021-06-16,32.9564321943315,33.157975928023056,32.682332593498444,32.80325698852539,3384200.0,0.0884616971015929,0.06,0.04,0.04,0.06,0.08,0.21,0.41,0.89,1.29,1.57,2.13,2.2
2021-06-17,32.81132522503332,32.90000497278614,32.279249813830134,32.57753372192383,4149300.0,0.157878141850233,0.1,0.05,0.04,0.06,0.08,0.23,0.43,0.9,1.27,1.52,2.05,2.11
2021-06-18,32.271187467057274,32.33568294960545,31.79554404686303,31.924531936645508,4793500.0,-0.2113339304924011,0.1,0.05,0.05,0.06,0.09,0.26,0.47,0.89,1.22,1.45,1.97,2.01
2021-06-19,32.271187467057274,32.33568294960545,31.79554404686303,31.924531936645508,4793500.0,-0.2113339304924011,0.1,0.05,0.05,0.06,0.09,0.26,0.47,0.89,1.22,1.45,1.97,2.01
2021-06-20,32.271187467057274,32.33568294960545,31.79554404686303,31.924531936645508,4793500.0,-0.2113339304924011,0.1,0.05,0.05,0.06,0.09,0.26,0.47,0.89,1.22,1.45,1.97,2.01
2021-06-21,32.16639298427617,32.36793679225957,31.940661828120938,32.24700927734375,2991600.0,-0.293144255876541,0.1,0.04,0.05,0.06,0.09,0.27,0.48,0.9,1.25,1.5,2.05,2.11
2021-06-22,32.27119355020113,32.33568904490676,31.81167391402414,32.24700927734375,3059400.0,-0.1499718725681305,0.1,0.04,0.04,0.06,0.09,0.25,0.44,0.87,1.23,1.48,2.03,2.1
2021-06-23,32.40017533699743,32.49691856076045,32.11801528930664,32.11801528930664,3872400.0,-0.7761040106415746,0.1,0.04,0.05,0.05,0.08,0.26,0.47,0.9,1.25,1.5,2.04,2.11
2021-06-24,32.22281698911507,32.35180487112635,32.04545749810693,32.31149673461914,2240600.0,-1.026665850076824,0.1,0.05,0.05,0.05,0.08,0.26,0.48,0.9,1.26,1.49,2.03,2.1
2021-06-25,32.43242724864887,32.52110701084445,32.279255070965576,32.44049072265625,1935900.0,-1.069084361195564,0.1,0.05,0.06,0.06,0.09,0.28,0.48,0.92,1.29,1.54,2.09,2.16
2021-06-26,32.43242724864887,32.52110701084445,32.279255070965576,32.44049072265625,1935900.0,-1.069084361195564,0.1,0.05,0.06,0.06,0.09,0.28,0.48,0.92,1.29,1.54,2.09,2.16
2021-06-27,32.43242724864887,32.52110701084445,32.279255070965576,32.44049072265625,1935900.0,-1.069084361195564,0.1,0.05,0.06,0.06,0.09,0.28,0.48,0.92,1.29,1.54,2.09,2.16
2021-06-28,32.39211493934078,32.39211493934078,32.05351980679796,32.11801528930664,5008300.0,-2.129997879266739,0.1,0.04,0.05,0.06,0.08,0.25,0.47,0.9,1.25,1.49,2.04,2.1
2021-06-29,32.12607568696329,32.206695040099135,32.02933553851414,32.11801528930664,3598000.0,-1.5563758118078113,0.1,0.04,0.04,0.06,0.08,0.27,0.47,0.89,1.24,1.49,2.03,2.1
2021-06-30,32.19056754313302,32.40823515910826,32.06964006470893,32.27924728393555,2418000.0,-2.4163564126938577,0.08,0.05,0.05,0.06,0.07,0.25,0.46,0.87,1.21,1.45,2.0,2.06
2021-07-01,32.44854498433887,32.738768487429105,32.38404950573496,32.56140899658203,2058100.0,-1.0617681145668028,0.1,0.05,0.05,0.05,0.09,0.25,0.47,0.89,1.24,1.48,2.01,2.07
2021-07-02,32.56140512315818,32.81132046004851,32.42435686039831,32.80325698852539,2606100.0,-0.2890819162130354,0.1,0.05,0.05,0.05,0.08,0.24,0.45,0.86,1.19,1.44,1.98,2.05
2021-07-03,32.56140512315818,32.81132046004851,32.42435686039831,32.80325698852539,2606100.0,-0.2890819162130354,0.1,0.05,0.05,0.05,0.08,0.24,0.45,0.86,1.19,1.44,1.98,2.05
2021-07-04,32.56140512315818,32.81132046004851,32.42435686039831,32.80325698852539,2606100.0,-0.2890819162130354,0.1,0.05,0.05,0.05,0.08,0.24,0.45,0.86,1.19,1.44,1.98,2.05
2021-07-05,32.56140512315818,32.81132046004851,32.42435686039831,32.80325698852539,2606100.0,-0.2890819162130354,0.1,0.05,0.05,0.05,0.08,0.24,0.45,0.86,1.19,1.44,1.98,2.05
2021-07-06,32.69845711696423,32.7145809850205,32.053514695966946,32.408233642578125,2423100.0,0.0057424372062087,0.1,0.05,0.05,0.06,0.07,0.22,0.42,0.81,1.13,1.37,1.92,2.0
2021-07-07,32.367927668096385,32.57753181617565,32.26312405639996,32.38404846191406,2597500.0,-0.4593083262443542,0.1,0.05,0.05,0.05,0.08,0.22,0.41,0.79,1.09,1.33,1.87,1.94
2021-07-08,32.04545940914131,32.24700317901012,31.860039509899668,32.11801528930664,2415900.0,-0.7550509423017502,0.1,0.06,0.06,0.06,0.07,0.19,0.37,0.74,1.06,1.3,1.84,1.91
2021-07-09,32.2470111728455,32.48080274192414,32.158331400069834,32.44855499267578,1992200.0,0.3812123835086822,0.1,0.06,0.06,0.05,0.08,0.23,0.41,0.79,1.12,1.37,1.91,1.99
2021-07-10,32.2470111728455,32.48080274192414,32.158331400069834,32.44855499267578,1992200.0,0.3812123835086822,0.1,0.06,0.06,0.05,0.08,0.23,0.41,0.79,1.12,1.37,1.91,1.99
2021-07-11,32.2470111728455,32.48080274192414,32.158331400069834,32.44855499267578,1992200.0,0.3812123835086822,0.1,0.06,0.06,0.05,0.08,0.23,0.41,0.79,1.12,1.37,1.91,1.99
2021-07-12,32.319563562043264,32.46467534259137,32.222823400115956,32.36793518066406,1802900.0,-0.6128812804818153,0.1,0.05,0.05,0.06,0.08,0.23,0.43,0.81,1.13,1.38,1.93,2.0
2021-07-13,32.23088187766785,32.23894535128115,32.08577010576961,32.16638946533203,2044500.0,-0.2962186932563782,0.1,0.05,0.05,0.06,0.08,0.26,0.47,0.85,1.16,1.42,1.96,2.04
2021-07-14,32.24701293002896,32.24701293002896,31.79555364189523,31.87617301940918,2616700.0,-0.6602929830551147,0.1,0.06,0.06,0.05,0.08,0.23,0.44,0.8,1.11,1.37,1.91,1.98
2021-07-15,31.763303656724652,31.860043818255736,31.52951211398644,31.61012840270996,2550500.0,-1.3282436802983282,0.1,0.05,0.05,0.05,0.07,0.23,0.43,0.78,1.07,1.31,1.85,1.92
2021-07-16,31.68267791725111,31.84391353756735,31.465010291121235,31.505321502685547,2136300.0,-0.9451038688421248,0.1,0.05,0.05,0.05,0.08,0.25,0.43,0.79,1.08,1.31,1.86,1.93
2021-07-17,31.68267791725111,31.84391353756735,31.465010291121235,31.505321502685547,2136300.0,-0.9451038688421248,0.1,0.05,0.05,0.05,0.08,0.25,0.43,0.79,1.08,1.31,1.86,1.93
2021-07-18,31.68267791725111,31.84391353756735,31.465010291121235,31.505321502685547,2136300.0,-0.9451038688421248,0.1,0.05,0.05,0.05,0.08,0.25,0.43,0.79,1.08,1.31,1.86,1.93
2021-07-19,30.88457409261745,31.03774627882834,30.118707010934124,30.47342300415039,6808900.0,-0.1768008768558502,0.1,0.05,0.05,0.06,0.07,0.21,0.38,0.7,0.97,1.19,1.74,1.81
2021-07-20,30.40893198503242,30.69915557253173,30.10258452319264,30.58628845214844,5691900.0,-0.0453039668500423,0.1,0.05,0.05,0.06,0.08,0.2,0.37,0.69,0.98,1.23,1.79,1.88
2021-07-21,30.932944390196702,31.28766347881935,30.876512367063935,31.118364334106445,2534700.0,-0.1806542947888373,0.1,0.04,0.05,0.05,0.07,0.22,0.39,0.74,1.05,1.3,1.87,1.94
2021-07-22,31.198983295075102,31.319907739343773,30.957131331223195,31.182859420776367,2122000.0,0.1824062913656234,0.1,0.04,0.05,0.05,0.07,0.2,0.37,0.71,1.02,1.27,1.82,1.9
2021-07-23,31.263475157431007,31.311846779461508,31.110302967306197,31.287662506103516,1884700.0,-1.2822098834440112,0.1,0.05,0.05,0.05,0.07,0.22,0.38,0.72,1.04,1.3,1.85,1.92
2021-07-24,31.263475157431007,31.311846779461508,31.110302967306197,31.287662506103516,1884700.0,-1.2822098834440112,0.1,0.05,0.05,0.05,0.07,0.22,0.38,0.72,1.04,1.3,1.85,1.92
2021-07-25,31.263475157431007,31.311846779461508,31.110302967306197,31.287662506103516,1884700.0,-1.2822098834440112,0.1,0.05,0.05,0.05,0.07,0.22,0.38,0.72,1.04,1.3,1.85,1.92
2021-07-26,31.287656444717623,31.682680517837536,31.142544682053273,31.360212326049805,3233600.0,0.5412440747022629,0.1,0.05,0.05,0.06,0.08,0.22,0.38,0.73,1.04,1.29,1.85,1.93
2021-07-27,31.33602955490873,31.49726521198857,31.19898124534521,31.42470932006836,2343500.0,-1.232993639074266,0.1,0.04,0.05,0.05,0.07,0.2,0.37,0.71,1.01,1.25,1.81,1.89
2021-07-28,31.448888421601797,31.819731294507605,31.31990053220834,31.714927673339844,3698700.0,-1.2101572342216969,0.1,0.04,0.05,0.05,0.07,0.2,0.38,0.72,1.01,1.26,1.83,1.9
2021-07-29,31.98902907302644,32.0857692265363,31.82779343363399,31.948720932006836,4311700.0,0.0124007761478424,0.1,0.05,0.06,0.05,0.08,0.2,0.37,0.73,1.04,1.28,1.84,1.91
2021-07-30,31.989031227572475,32.07771098897684,31.45695573446052,31.722991943359375,5534500.0,1.3290041461586952,0.07,0.05,0.06,0.05,0.07,0.19,0.35,0.69,1.0,1.24,1.81,1.89
2021-07-31,31.989031227572475,32.07771098897684,31.45695573446052,31.722991943359375,5534500.0,1.3290041461586952,0.07,0.05,0.06,0.05,0.07,0.19,0.35,0.69,1.0,1.24,1.81,1.89
2021-08-01,31.989031227572475,32.07771098897684,31.45695573446052,31.722991943359375,5534500.0,1.3290041461586952,0.07,0.05,0.06,0.05,0.07,0.19,0.35,0.69,1.0,1.24,1.81,1.89
2021-08-02,31.8600481762654,32.26313582564834,31.489208276908624,31.497268676757812,2551600.0,1.3615256845951078,0.1,0.05,0.05,0.06,0.07,0.17,0.33,0.66,0.96,1.2,1.77,1.86
2021-08-03,31.537567641092128,31.843915026485423,31.21509946069575,31.819730758666992,2244400.0,0.8590068295598028,0.1,0.05,0.05,0.06,0.07,0.17,0.33,0.65,0.95,1.19,1.76,1.85
2021-08-04,31.666559508449115,31.89229064594367,31.497263461813844,31.5859432220459,2757800.0,0.2369885891675948,0.1,0.05,0.05,0.05,0.07,0.17,0.34,0.67,0.96,1.19,1.74,1.83
2021-08-05,31.755240048229048,31.97290771723821,31.731055776777232,31.851980209350582,1748000.0,-0.2102966383099557,0.1,0.05,0.05,0.06,0.08,0.21,0.38,0.72,1.01,1.23,1.77,1.86
2021-08-06,31.916481170508757,31.948728921514338,31.706876939602083,31.87617301940918,1955300.0,-4.0349994599819174,0.1,0.04,0.06,0.06,0.09,0.21,0.42,0.77,1.07,1.31,1.85,1.94
2021-08-07,31.916481170508757,31.948728921514338,31.706876939602083,31.87617301940918,1955300.0,-4.0349994599819174,0.1,0.04,0.06,0.06,0.09,0.21,0.42,0.77,1.07,1.31,1.85,1.94
2021-08-08,31.916481170508757,31.948728921514338,31.706876939602083,31.87617301940918,1955300.0,-4.0349994599819174,0.1,0.04,0.06,0.06,0.09,0.21,0.42,0.77,1.07,1.31,1.85,1.94
2021-08-09,31.80360578817698,31.91646980117713,31.521442680362902,31.63430976867676,7116200.0,0.8891307413578032,0.1,0.04,0.06,0.06,0.08,0.23,0.43,0.79,1.09,1.33,1.87,1.96
2021-08-10,31.771364777245267,32.12608076112711,31.72299315772369,32.06964874267578,4365300.0,-1.8886274397373195,0.1,0.05,0.05,0.05,0.08,0.24,0.47,0.82,1.12,1.36,1.9,1.99
2021-08-11,32.214760538389726,32.50498410500278,32.10995997569063,32.47273635864258,4079100.0,1.288763478398323,0.1,0.05,0.05,0.06,0.08,0.23,0.45,0.81,1.11,1.35,1.9,1.99
2021-08-12,32.47109416114632,32.520278365754166,32.069405436191914,32.12678909301758,6972500.0,-0.7846178039908409,0.1,0.05,0.06,0.06,0.09,0.23,0.46,0.83,1.13,1.36,1.92,2.03
2021-08-13,32.06120911114886,32.28254741340846,31.856266586150134,32.12678909301758,3603800.0,0.2277123965322971,0.1,0.04,0.06,0.05,0.08,0.23,0.44,0.79,1.08,1.29,1.85,1.94
2021-08-14,32.06120911114886,32.28254741340846,31.856266586150134,32.12678909301758,3603800.0,0.2277123965322971,0.1,0.04,0.06,0.05,0.08,0.23,0.44,0.79,1.08,1.29,1.85,1.94
2021-08-15,32.06120911114886,32.28254741340846,31.856266586150134,32.12678909301758,3603800.0,0.2277123965322971,0.1,0.04,0.06,0.05,0.08,0.23,0.44,0.79,1.08,1.29,1.85,1.94
2021-08-16,32.0366168011227,32.22516354763803,31.782486945989113,32.143184661865234,3373800.0,0.1043459102511406,0.1,0.04,0.06,0.05,0.08,0.21,0.42,0.75,1.04,1.26,1.82,1.92
2021-08-17,32.08580471187546,32.09400416498729,31.479176522954393,31.716907501220703,4895300.0,0.0992067418992519,0.1,0.03,0.07,0.06,0.07,0.23,0.43,0.77,1.05,1.26,1.82,1.92
2021-08-18,31.725105159929026,31.75789671617141,31.298824310302734,31.298824310302734,4067600.0,0.0992067418992519,0.09,0.03,0.07,0.05,0.07,0.23,0.43,0.79,1.06,1.27,1.84,1.91
2021-08-19,30.921724538317676,30.94631663693602,30.380676478493974,30.58561897277832,4707600.0,-0.320620357990265,0.09,0.04,0.06,0.05,0.06,0.22,0.44,0.78,1.04,1.24,1.8,1.88
2021-08-20,30.4790571398711,31.036501141658725,30.405277694717583,31.020105361938477,3438700.0,0.7228956297039986,0.09,0.04,0.05,0.05,0.06,0.23,0.44,0.8,1.06,1.26,1.79,1.87
2021-08-21,30.4790571398711,31.036501141658725,30.405277694717583,31.020105361938477,3438700.0,0.7228956297039986,0.09,0.04,0.05,0.05,0.06,0.23,0.44,0.8,1.06,1.26,1.79,1.87
2021-08-22,30.4790571398711,31.036501141658725,30.405277694717583,31.020105361938477,3438700.0,0.7228956297039986,0.09,0.04,0.05,0.05,0.06,0.23,0.44,0.8,1.06,1.26,1.79,1.87
2021-08-23,31.429992545924662,31.766098234414677,31.34801676909312,31.74970245361328,3711400.0,-0.2895511090755462,0.09,0.04,0.05,0.06,0.07,0.23,0.43,0.78,1.05,1.25,1.79,1.87
2021-08-24,31.848066333534707,32.102196183929316,31.69231114423299,31.971033096313477,2536800.0,0.4092086926102637,0.09,0.03,0.05,0.05,0.06,0.24,0.44,0.8,1.08,1.29,1.83,1.91
2021-08-25,31.99563111646084,32.18417789433704,31.807084338584644,32.07761001586914,1940800.0,-2.2355941440910096,0.09,0.04,0.06,0.06,0.07,0.23,0.47,0.84,1.13,1.35,1.88,1.96
2021-08-26,31.979226431560615,32.15957683286277,31.815274932748896,31.905447006225582,3186100.0,-0.5690335482358932,0.09,0.04,0.05,0.06,0.07,0.25,0.46,0.84,1.13,1.34,1.87,1.94
2021-08-27,31.971035962131197,32.40551314245904,31.9382444054942,32.33173370361328,3044100.0,-0.3141383826732634,0.08,0.04,0.05,0.05,0.07,0.22,0.41,0.79,1.09,1.31,1.84,1.91
2021-08-28,31.971035962131197,32.40551314245904,31.9382444054942,32.33173370361328,3044100.0,-0.3141383826732634,0.08,0.04,0.05,0.05,0.07,0.22,0.41,0.79,1.09,1.31,1.84,1.91
2021-08-29,31.971035962131197,32.40551314245904,31.9382444054942,32.33173370361328,3044100.0,-0.3141383826732634,0.08,0.04,0.05,0.05,0.07,0.22,0.41,0.79,1.09,1.31,1.84,1.91
2021-08-30,32.41370558500662,32.52847288124011,32.29893828877312,32.4055061340332,4433500.0,-0.9265674948692322,0.08,0.04,0.05,0.05,0.08,0.2,0.4,0.77,1.07,1.29,1.82,1.9
2021-08-31,32.28254616070244,32.33992981530136,31.79888169538678,32.225162506103516,6028800.0,0.3736498653888702,0.06,0.03,0.04,0.06,0.07,0.2,0.4,0.77,1.08,1.3,1.85,1.92
2021-09-01,32.225160165890166,32.47109054305086,32.21696071458598,32.3563232421875,3305500.0,0.8896799460053443,0.08,0.04,0.05,0.06,0.07,0.2,0.42,0.78,1.08,1.31,1.84,1.92
2021-09-02,32.53667090432399,32.64324188232422,32.430103053498215,32.64324188232422,3152200.0,-0.2586083298083395,0.08,0.05,0.05,0.06,0.07,0.2,0.42,0.78,1.07,1.29,1.83,1.9
2021-09-03,32.67603594244117,32.84818690900001,32.553069179370745,32.81539535522461,3838100.0,-1.1282360553741455,0.08,0.04,0.05,0.05,0.08,0.21,0.42,0.78,1.09,1.33,1.87,1.94
2021-09-04,32.67603594244117,32.84818690900001,32.553069179370745,32.81539535522461,3838100.0,-1.1282360553741455,0.08,0.04,0.05,0.05,0.08,0.21,0.42,0.78,1.09,1.33,1.87,1.94
2021-09-05,32.67603594244117,32.84818690900001,32.553069179370745,32.81539535522461,3838100.0,-1.1282360553741455,0.08,0.04,0.05,0.05,0.08,0.21,0.42,0.78,1.09,1.33,1.87,1.94
2021-09-06,32.67603594244117,32.84818690900001,32.553069179370745,32.81539535522461,3838100.0,-1.1282360553741455,0.08,0.04,0.05,0.05,0.08,0.21,0.42,0.78,1.09,1.33,1.87,1.94
2021-09-07,32.790806235712786,32.95476089232634,32.651446810254996,32.75801467895508,4225000.0,3.8939747847616673,0.08,0.04,0.05,0.06,0.08,0.22,0.45,0.82,1.14,1.38,1.91,1.99
2021-09-08,32.74981765023731,33.19249427543746,32.733421872210464,33.12691116333008,3916000.0,1.647623177617788,0.08,0.05,0.05,0.06,0.08,0.22,0.43,0.81,1.11,1.35,1.88,1.95
2021-09-09,33.03673539295781,33.17609794025813,32.807200758786514,32.856388092041016,3016900.0,0.3496160879731178,0.08,0.07,0.04,0.05,0.07,0.23,0.43,0.79,1.08,1.3,1.83,1.9
2021-09-10,33.04493077672554,33.11871020393569,32.56946266199917,32.62684631347656,1777500.0,0.6912986636161803,0.08,0.06,0.05,0.06,0.08,0.23,0.45,0.82,1.12,1.35,1.86,1.94
2021-09-11,33.04493077672554,33.11871020393569,32.56946266199917,32.62684631347656,1777500.0,0.6912986636161803,0.08,0.06,0.05,0.06,0.08,0.23,0.45,0.82,1.12,1.35,1.86,1.94
2021-09-12,33.04493077672554,33.11871020393569,32.56946266199917,32.62684631347656,1777500.0,0.6912986636161803,0.08,0.06,0.05,0.06,0.08,0.23,0.45,0.82,1.12,1.35,1.86,1.94
2021-09-13,32.79900379868843,33.12691312428624,32.79900379868843,32.905574798583984,2792800.0,0.6912986636161803,0.08,0.06,0.06,0.06,0.07,0.21,0.44,0.81,1.11,1.33,1.83,1.91
2021-09-14,33.10231442820294,33.14330230394758,32.57766211345278,32.62684631347656,2307900.0,-1.0593829322606323,0.08,0.05,0.04,0.05,0.07,0.21,0.43,0.79,1.07,1.28,1.78,1.85
2021-09-15,32.83999500635318,33.07772598530082,32.70883190076391,33.01214599609375,2280600.0,0.0387970842421055,0.08,0.04,0.04,0.05,0.07,0.21,0.43,0.81,1.1,1.31,1.8,1.87
2021-09-16,32.946564215569936,33.03673944066415,32.74982111279641,32.839996337890625,2520800.0,-0.5516274496912956,0.08,0.06,0.04,0.05,0.07,0.23,0.46,0.84,1.13,1.34,1.83,1.88
2021-09-17,32.71702987584622,32.83999666167348,32.42191209160101,32.50389099121094,4366700.0,-6.620174311101437,0.08,0.06,0.04,0.05,0.07,0.23,0.47,0.88,1.17,1.37,1.85,1.91
2021-09-18,32.71702987584622,32.83999666167348,32.42191209160101,32.50389099121094,4366700.0,-6.620174311101437,0.08,0.06,0.04,0.05,0.07,0.23,0.47,0.88,1.17,1.37,1.85,1.91
2021-09-19,32.71702987584622,32.83999666167348,32.42191209160101,32.50389099121094,4366700.0,-6.620174311101437,0.08,0.06,0.04,0.05,0.07,0.23,0.47,0.88,1.17,1.37,1.85,1.91
2021-09-20,31.971034797753813,32.22516466167275,31.610337069408253,31.864463806152344,5784400.0,-1.6715436726808546,0.08,0.06,0.04,0.05,0.07,0.23,0.45,0.83,1.12,1.31,1.79,1.85
2021-09-21,32.192374143022384,32.44650401512587,32.028419487703204,32.15138626098633,3339300.0,-0.3421991283539681,0.08,0.05,0.03,0.04,0.07,0.22,0.46,0.84,1.13,1.33,1.81,1.86
2021-09-22,32.43010371623444,32.67603410134391,32.26614908376995,32.39731216430664,2989400.0,0.6036880016326904,0.08,0.04,0.03,0.05,0.08,0.25,0.48,0.86,1.13,1.32,1.78,1.84
2021-09-23,32.61865400540655,33.01214328991799,32.4710951328179,32.856388092041016,2184500.0,0.5058499276638031,0.08,0.05,0.03,0.04,0.08,0.27,0.53,0.94,1.22,1.41,1.87,1.92
2021-09-24,32.72522014592959,32.921966341407334,32.68423226729767,32.81539535522461,1745300.0,-1.11052318662405,0.08,0.06,0.03,0.05,0.08,0.29,0.55,0.97,1.27,1.47,1.94,1.99
2021-09-25,32.72522014592959,32.921966341407334,32.68423226729767,32.81539535522461,1745300.0,-1.11052318662405,0.08,0.06,0.03,0.05,0.08,0.29,0.55,0.97,1.27,1.47,1.94,1.99
2021-09-26,32.72522014592959,32.921966341407334,32.68423226729767,32.81539535522461,1745300.0,-1.11052318662405,0.08,0.06,0.03,0.05,0.08,0.29,0.55,0.97,1.27,1.47,1.94,1.99
2021-09-27,32.95475659625319,33.258070638783686,32.856385065979026,33.110511779785156,3411400.0,-0.1572141796350478,0.08,0.06,0.04,0.05,0.09,0.31,0.56,0.98,1.3,1.48,1.95,1.99
2021-09-28,33.14330230394758,33.20068595542497,32.520275334800914,32.62684631347656,5392400.0,0.7651699334383009,0.08,0.07,0.04,0.06,0.09,0.31,0.55,1.02,1.34,1.54,2.02,2.07
2021-09-29,32.66783398218025,32.92196381366558,32.47928725321028,32.64324188232422,2672700.0,0.2564353616908192,0.08,0.05,0.04,0.05,0.09,0.3,0.55,1.01,1.34,1.55,2.04,2.09
2021-09-30,32.76620884361771,32.93016034659629,32.544870561987274,32.62684631347656,2748600.0,-0.2815931625664235,0.06,0.07,0.04,0.05,0.09,0.28,0.53,0.98,1.32,1.52,2.02,2.08
2021-10-01,32.71702997394165,32.89738042644897,32.48749530869617,32.80720520019531,2477200.0,0.1434662491083145,0.08,0.08,0.04,0.05,0.09,0.27,0.49,0.93,1.26,1.48,1.99,2.04
2021-10-02,32.71702997394165,32.89738042644897,32.48749530869617,32.80720520019531,2477200.0,0.1434662491083145,0.08,0.08,0.04,0.05,0.09,0.27,0.49,0.93,1.26,1.48,1.99,2.04
2021-10-03,32.71702997394165,32.89738042644897,32.48749530869617,32.80720520019531,2477200.0,0.1434662491083145,0.08,0.08,0.04,0.05,0.09,0.27,0.49,0.93,1.26,1.48,1.99,2.04
2021-10-04,33.003942045341645,33.42202653736578,32.89737418650581,33.13510513305664,3933300.0,-0.7598186181858181,0.08,0.09,0.04,0.06,0.09,0.27,0.52,0.95,1.27,1.49,1.99,2.05
2021-10-05,33.29085965124452,33.38923117401314,32.8727752069228,32.938358306884766,4109000.0,-1.1761668622493744,0.08,0.1,0.04,0.06,0.09,0.28,0.54,0.98,1.32,1.54,2.04,2.1
2021-10-06,32.725227812124956,33.266279194641506,32.52848469773296,33.24168395996094,5535400.0,-0.2213964611291885,0.08,0.06,0.04,0.06,0.1,0.3,0.55,0.99,1.32,1.53,2.02,2.08
2021-10-07,33.29906586429729,33.57778786756175,33.282670084437584,33.446624755859375,4557300.0,-0.2213964611291885,0.08,0.03,0.05,0.06,0.1,0.32,0.57,1.02,1.36,1.58,2.08,2.13
2021-10-08,33.61877307897789,34.01226550995477,33.42202999066445,33.91389083862305,6659600.0,-0.2213964611291885,0.08,0.02,0.05,0.07,0.09,0.32,0.59,1.05,1.39,1.61,2.11,2.16
2021-10-09,33.61877307897789,34.01226550995477,33.42202999066445,33.91389083862305,6659600.0,-0.2213964611291885,0.08,0.02,0.05,0.07,0.09,0.32,0.59,1.05,1.39,1.61,2.11,2.16
2021-10-10,33.61877307897789,34.01226550995477,33.42202999066445,33.91389083862305,6659600.0,-0.2213964611291885,0.08,0.02,0.05,0.07,0.09,0.32,0.59,1.05,1.39,1.61,2.11,2.16
2021-10-11,33.61877307897789,34.01226550995477,33.42202999066445,33.91389083862305,6659600.0,-0.2213964611291885,0.08,0.02,0.05,0.07,0.09,0.32,0.59,1.05,1.39,1.61,2.11,2.16
2021-10-12,33.8811014950721,34.45493809315843,33.84830993884576,34.2991828918457,3680600.0,-0.498353064060211,0.08,0.03,0.06,0.06,0.1,0.35,0.64,1.08,1.39,1.59,2.05,2.1
2021-10-13,34.200805640005356,34.52051544189453,34.10243098775146,34.52051544189453,6563400.0,-0.5129084625659742,0.08,0.03,0.05,0.06,0.11,0.37,0.66,1.09,1.38,1.56,2.0,2.05
2021-10-14,34.791042951417275,34.995985482503514,34.64348407886119,34.86482238769531,3051100.0,-0.434462107717991,0.08,0.05,0.05,0.06,0.1,0.36,0.62,1.05,1.34,1.52,1.97,2.02
2021-10-15,35.036978436415566,35.06976686655755,34.85662799834705,34.88941955566406,4235200.0,0.1521018743515014,0.08,0.04,0.05,0.06,0.12,0.41,0.7,1.13,1.42,1.59,2.02,2.05
2021-10-16,35.036978436415566,35.06976686655755,34.85662799834705,34.88941955566406,4235200.0,0.1521018743515014,0.08,0.04,0.05,0.06,0.12,0.41,0.7,1.13,1.42,1.59,2.02,2.05
2021-10-17,35.036978436415566,35.06976686655755,34.85662799834705,34.88941955566406,4235200.0,0.1521018743515014,0.08,0.04,0.05,0.06,0.12,0.41,0.7,1.13,1.42,1.59,2.02,2.05
2021-10-18,34.987791720314455,35.22552582431212,34.864824941784605,34.963199615478516,4799000.0,-0.6095073819160461,0.08,0.05,0.06,0.06,0.11,0.44,0.72,1.16,1.43,1.59,1.99,2.01
2021-10-19,35.07796685957344,35.3320936147555,35.036978975883606,35.159942626953125,4955900.0,-0.5182069838047028,0.08,0.06,0.05,0.06,0.11,0.41,0.71,1.17,1.47,1.65,2.07,2.09
2021-10-20,35.21732413075684,35.422266663818284,35.0451731535072,35.397674560546875,4844200.0,-5.375564022921025,0.08,0.06,0.05,0.06,0.1,0.4,0.7,1.16,1.46,1.65,2.09,2.12
2021-10-21,35.200926540039575,35.29930120240879,34.81563672420501,34.856624603271484,3863000.0,-0.7755133658647537,0.08,0.06,0.06,0.06,0.12,0.45,0.78,1.23,1.52,1.68,2.1,2.13
2021-10-22,34.93040736099203,35.10255834576069,34.84023214215844,35.08616256713867,2732900.0,-1.3790219575166702,0.08,0.05,0.06,0.07,0.13,0.48,0.79,1.22,1.49,1.66,2.06,2.08
2021-10-23,34.93040736099203,35.10255834576069,34.84023214215844,35.08616256713867,2732900.0,-1.3790219575166702,0.08,0.05,0.06,0.07,0.13,0.48,0.79,1.22,1.49,1.66,2.06,2.08
2021-10-24,34.93040736099203,35.10255834576069,34.84023214215844,35.08616256713867,2732900.0,-1.3790219575166702,0.08,0.05,0.06,0.07,0.13,0.48,0.79,1.22,1.49,1.66,2.06,2.08
2021-10-25,35.15994033965266,35.15994033965266,34.71726371938015,34.97139358520508,6530000.0,-0.8854929804801941,0.08,0.07,0.06,0.06,0.14,0.47,0.76,1.19,1.47,1.64,2.07,2.09
2021-10-26,35.06156817373169,35.250114924812735,34.88941720020224,34.897613525390625,2869900.0,0.124265618622303,0.08,0.06,0.06,0.06,0.14,0.47,0.77,1.2,1.46,1.63,2.03,2.05
2021-10-27,34.750054931293256,35.01238111985777,34.56150817871094,34.56150817871094,4496200.0,-0.1536248624324798,0.08,0.06,0.06,0.07,0.12,0.5,0.77,1.16,1.41,1.54,1.93,1.95
2021-10-28,34.561510047559636,34.70087260180615,34.29098751911347,34.659881591796875,4154700.0,0.0948224961757659,0.08,0.06,0.06,0.06,0.15,0.5,0.77,1.18,1.44,1.57,1.98,1.96
2021-10-29,34.63528831401319,34.63528831401319,34.20081114177597,34.31557846069336,3021100.0,0.6885487409308553,0.07,0.06,0.05,0.07,0.15,0.48,0.75,1.18,1.44,1.55,1.98,1.93
2021-10-30,34.63528831401319,34.63528831401319,34.20081114177597,34.31557846069336,3021100.0,0.6885487409308553,0.07,0.06,0.05,0.07,0.15,0.48,0.75,1.18,1.44,1.55,1.98,1.93
2021-10-31,34.63528831401319,34.63528831401319,34.20081114177597,34.31557846069336,3021100.0,0.6885487409308553,0.07,0.06,0.05,0.07,0.15,0.48,0.75,1.18,1.44,1.55,1.98,1.93
2021-11-01,34.43034947843913,34.782850925654316,34.36476635934085,34.75825881958008,2584400.0,-0.727212443947792,0.08,0.05,0.05,0.06,0.15,0.5,0.79,1.2,1.46,1.58,2.01,1.98
2021-11-02,34.60249480661898,34.65168213788467,34.413948060862595,34.53691482543945,2522400.0,0.6388699263334274,0.08,0.05,0.05,0.07,0.15,0.46,0.73,1.15,1.42,1.56,1.97,1.96
2021-11-03,34.34017600292769,34.586106457726146,34.29099178827324,34.55331802368164,3201800.0,-0.2642272161319852,0.08,0.05,0.05,0.07,0.17,0.47,0.77,1.19,1.46,1.6,2.01,2.0
2021-11-04,35.01237878810806,35.028774564698274,34.20900449823539,34.37295913696289,4682300.0,-0.4271254055202006,0.08,0.05,0.04,0.07,0.14,0.41,0.69,1.1,1.37,1.53,1.96,1.96
2021-11-05,34.76644928149852,35.537032037870546,34.59429831366669,35.49604415893555,6164400.0,-1.0366363152861595,0.08,0.05,0.05,0.07,0.14,0.39,0.66,1.04,1.3,1.45,1.88,1.87
2021-11-06,34.76644928149852,35.537032037870546,34.59429831366669,35.49604415893555,6164400.0,-1.0366363152861595,0.08,0.05,0.05,0.07,0.14,0.39,0.66,1.04,1.3,1.45,1.88,1.87
2021-11-07,34.76644928149852,35.537032037870546,34.59429831366669,35.49604415893555,6164400.0,-1.0366363152861595,0.08,0.05,0.05,0.07,0.14,0.39,0.66,1.04,1.3,1.45,1.88,1.87
2021-11-08,35.51244508151269,35.52884086089729,34.65168699045947,34.70087432861328,6833100.0,-0.3199957832694053,0.08,0.04,0.06,0.07,0.16,0.45,0.75,1.13,1.38,1.51,1.91,1.89
2021-11-09,34.815638249062594,35.01238132806855,34.635287820661425,34.6680793762207,7698400.0,-0.7678873799741266,0.08,0.04,0.04,0.06,0.14,0.41,0.71,1.08,1.32,1.46,1.86,1.83
2021-11-10,34.69267467968121,34.88942090401174,34.51232423464281,34.594303131103516,7472800.0,-1.0017343051731586,0.08,0.06,0.05,0.07,0.17,0.51,0.83,1.23,1.45,1.56,1.96,1.92
2021-11-11,34.69267467968121,34.88942090401174,34.51232423464281,34.594303131103516,7472800.0,-1.0017343051731586,0.08,0.06,0.05,0.07,0.17,0.51,0.83,1.23,1.45,1.56,1.96,1.92
2021-11-12,34.33636573966871,34.344694366907426,33.619983046343165,33.6616325378418,5861100.0,-0.5605842769145964,0.08,0.05,0.05,0.07,0.17,0.53,0.85,1.24,1.47,1.58,1.99,1.95
2021-11-13,34.33636573966871,34.344694366907426,33.619983046343165,33.6616325378418,5861100.0,-0.5605842769145964,0.08,0.05,0.05,0.07,0.17,0.53,0.85,1.24,1.47,1.58,1.99,1.95
2021-11-14,34.33636573966871,34.344694366907426,33.619983046343165,33.6616325378418,5861100.0,-0.5605842769145964,0.08,0.05,0.05,0.07,0.17,0.53,0.85,1.24,1.47,1.58,1.99,1.95
2021-11-15,33.81989638975516,33.94484802163178,33.52001819302486,33.678287506103516,7428500.0,-0.4027192294597626,0.08,0.06,0.05,0.06,0.18,0.53,0.87,1.26,1.51,1.63,2.05,2.01
2021-11-16,33.66163214139107,33.86155414694344,33.536680490714275,33.594993591308594,7000900.0,-0.9416423439979552,0.08,0.06,0.05,0.07,0.17,0.54,0.87,1.27,1.52,1.63,2.06,2.02
2021-11-17,33.57000693885315,33.96984783881777,33.36175627151826,33.50336837768555,3058200.0,-3.617655701003968,0.08,0.06,0.05,0.06,0.18,0.52,0.85,1.24,1.49,1.6,2.04,2.0
2021-11-18,33.486709209603056,33.50336964493839,33.20348816420876,33.37841796875,5583700.0,-0.7679156213998795,0.08,0.12,0.05,0.06,0.18,0.52,0.84,1.22,1.47,1.59,2.01,1.97
2021-11-19,33.12017834206475,33.17849144110395,32.74532975533595,33.08686065673828,7536500.0,0.1219745092093944,0.08,0.11,0.05,0.06,0.18,0.52,0.86,1.22,1.45,1.54,1.95,1.91
2021-11-20,33.12017834206475,33.17849144110395,32.74532975533595,33.08686065673828,7536500.0,0.1219745092093944,0.08,0.11,0.05,0.06,0.18,0.52,0.86,1.22,1.45,1.54,1.95,1.91
2021-11-21,33.12017834206475,33.17849144110395,32.74532975533595,33.08686065673828,7536500.0,0.1219745092093944,0.08,0.11,0.05,0.06,0.18,0.52,0.86,1.22,1.45,1.54,1.95,1.91
2021-11-22,33.03687802990132,33.05353846071883,32.72866800390787,32.87860870361328,5315900.0,-1.3366360142827034,0.08,0.07,0.05,0.07,0.2,0.63,0.95,1.33,1.55,1.63,2.03,1.98
2021-11-23,32.98690175542819,33.22847327255177,32.878613705119896,33.161834716796875,5339200.0,-1.3606987632811067,0.08,0.06,0.06,0.07,0.21,0.6,0.95,1.33,1.58,1.67,2.08,2.02
2021-11-24,33.07853243469332,33.40340293979089,32.98690164040371,33.2368049621582,5300700.0,1.1238525211811063,0.08,0.14,0.06,0.1,0.24,0.64,0.97,1.34,1.58,1.64,2.03,1.96
2021-11-25,33.07853243469332,33.40340293979089,32.98690164040371,33.2368049621582,5300700.0,1.1238525211811063,0.08,0.14,0.06,0.1,0.24,0.64,0.97,1.34,1.58,1.64,2.03,1.96
2021-11-26,32.62870491475553,32.67868620643567,32.22886411427104,32.47876739501953,4829400.0,0.2755368612706662,0.08,0.11,0.06,0.1,0.2,0.5,0.81,1.16,1.4,1.48,1.89,1.83
2021-11-27,32.62870491475553,32.67868620643567,32.22886411427104,32.47876739501953,4829400.0,0.2755368612706662,0.08,0.11,0.06,0.1,0.2,0.5,0.81,1.16,1.4,1.48,1.89,1.83
2021-11-28,32.62870491475553,32.67868620643567,32.22886411427104,32.47876739501953,4829400.0,0.2755368612706662,0.08,0.11,0.06,0.1,0.2,0.5,0.81,1.16,1.4,1.48,1.89,1.83
2021-11-29,32.59538923312174,32.76199037130175,31.72073722974223,31.829025268554688,8629800.0,0.6348068024963138,0.08,0.07,0.06,0.1,0.21,0.51,0.83,1.18,1.42,1.52,1.93,1.87
2021-11-30,31.570797406693504,31.570797406693504,31.00435542762035,31.270915985107425,7314100.0,-2.2663408704102035,0.07,0.11,0.05,0.1,0.24,0.52,0.81,1.14,1.36,1.43,1.85,1.78
2021-12-01,31.80402954289612,31.8123581681156,30.871067813379153,30.879396438598633,5997400.0,-1.6001150347292423,0.08,0.09,0.06,0.1,0.25,0.56,0.85,1.15,1.35,1.43,1.84,1.77
2021-12-02,30.87940879009946,31.44585086114828,30.72113942640903,31.14596939086914,5622700.0,-0.3493540585041046,0.08,0.05,0.05,0.09,0.27,0.63,0.9,1.21,1.38,1.44,1.87,1.76
2021-12-03,31.41252406871041,31.437516304956652,30.99602281133376,31.054332733154297,4700800.0,-0.3493540585041046,0.08,0.04,0.06,0.09,0.26,0.6,0.86,1.13,1.29,1.35,1.77,1.69
2021-12-04,31.41252406871041,31.437516304956652,30.99602281133376,31.054332733154297,4700800.0,-0.3493540585041046,0.08,0.04,0.06,0.09,0.26,0.6,0.86,1.13,1.29,1.35,1.77,1.69
2021-12-05,31.41252406871041,31.437516304956652,30.99602281133376,31.054332733154297,4700800.0,-0.3493540585041046,0.08,0.04,0.06,0.09,0.26,0.6,0.86,1.13,1.29,1.35,1.77,1.69
2021-12-06,31.50415548637347,31.562465409364897,31.145964143624735,31.545804977416992,9964700.0,0.2952193915843963,0.08,0.05,0.05,0.12,0.28,0.65,0.91,1.21,1.38,1.43,1.84,1.75
2021-12-07,32.13724226706733,32.39547104285519,31.978969737233182,32.23720169067383,7525900.0,3.8881392069160934,0.08,0.05,0.06,0.15,0.31,0.7,0.99,1.26,1.43,1.48,1.88,1.8
2021-12-08,32.32883386937679,32.37881199449173,31.887340305726276,32.03728103637695,5961000.0,0.7528396025300026,0.08,0.04,0.07,0.13,0.29,0.68,0.99,1.27,1.44,1.52,1.93,1.87
2021-12-09,31.854022174031076,31.91233210429349,31.4291890505159,31.47083854675293,8717000.0,-0.215914785861969,0.08,0.03,0.06,0.12,0.28,0.7,0.99,1.26,1.42,1.49,1.91,1.87
2021-12-10,31.61244439171204,31.75405328642713,31.42918283134923,31.479164123535156,5376400.0,0.2416002191603183,0.08,0.03,0.06,0.13,0.27,0.67,0.98,1.25,1.42,1.48,1.91,1.88
2021-12-11,31.61244439171204,31.75405328642713,31.42918283134923,31.479164123535156,5376400.0,0.2416002191603183,0.08,0.03,0.06,0.13,0.27,0.67,0.98,1.25,1.42,1.48,1.91,1.88
2021-12-12,31.61244439171204,31.75405328642713,31.42918283134923,31.479164123535156,5376400.0,0.2416002191603183,0.08,0.03,0.06,0.13,0.27,0.67,0.98,1.25,1.42,1.48,1.91,1.88
2021-12-13,31.554137745641743,31.587455432902345,31.20427501935856,31.27924537658691,4195600.0,0.3515602946281433,0.08,0.01,0.05,0.11,0.27,0.66,0.95,1.21,1.37,1.42,1.86,1.81
2021-12-14,31.245917078269404,31.3625400777209,31.02933786316312,31.129297256469727,4388700.0,-0.2443419098854065,0.08,0.02,0.05,0.13,0.26,0.67,0.98,1.23,1.39,1.44,1.87,1.82
2021-12-15,31.05433333085653,31.1209750585926,30.75445191134914,30.88773536682129,11975500.0,0.0452035143971443,0.08,0.03,0.05,0.13,0.29,0.69,1.0,1.26,1.42,1.47,1.91,1.86
2021-12-16,31.287579065405524,31.46250885025301,31.09598884709836,31.112646102905273,10060200.0,-2.1217466369271274,0.08,0.04,0.05,0.13,0.26,0.64,0.92,1.19,1.36,1.44,1.91,1.87
2021-12-17,30.72946078696506,31.021013559736584,30.562859656474515,30.75444984436035,7510300.0,-0.5142203904688358,0.08,0.03,0.05,0.13,0.27,0.66,0.93,1.18,1.34,1.41,1.87,1.82
2021-12-18,30.72946078696506,31.021013559736584,30.562859656474515,30.75444984436035,7510300.0,-0.5142203904688358,0.08,0.03,0.05,0.13,0.27,0.66,0.93,1.18,1.34,1.41,1.87,1.82
2021-12-19,30.72946078696506,31.021013559736584,30.562859656474515,30.75444984436035,7510300.0,-0.5142203904688358,0.08,0.03,0.05,0.13,0.27,0.66,0.93,1.18,1.34,1.41,1.87,1.82
2021-12-20,30.412919830659792,30.854413315793117,30.163019716569664,30.729461669921875,12504400.0,-1.3424142226576803,0.08,0.03,0.07,0.16,0.27,0.65,0.91,1.17,1.34,1.43,1.9,1.85
2021-12-21,31.02934952523903,31.345891430272907,30.946050529118388,31.14596939086914,13365300.0,0.5613942593336105,0.08,0.03,0.07,0.16,0.29,0.7,0.96,1.24,1.4,1.48,1.92,1.89
2021-12-22,31.10432015758313,31.37920938924365,30.954379421167193,31.32923126220703,4154900.0,0.430584967136383,0.08,0.03,0.08,0.16,0.28,0.68,0.96,1.23,1.39,1.46,1.89,1.86
2021-12-23,31.454176490401885,31.829028292507004,31.420858801722428,31.654098510742188,4629800.0,0.6560623943805695,0.08,0.04,0.07,0.18,0.31,0.71,0.97,1.25,1.42,1.5,1.94,1.91
2021-12-24,31.454176490401885,31.829028292507004,31.420858801722428,31.654098510742188,4629800.0,0.6560623943805695,0.08,0.04,0.07,0.18,0.31,0.71,0.97,1.25,1.42,1.5,1.94,1.91
2021-12-25,31.454176490401885,31.829028292507004,31.420858801722428,31.654098510742188,4629800.0,0.6560623943805695,0.08,0.04,0.07,0.18,0.31,0.71,0.97,1.25,1.42,1.5,1.94,1.91
2021-12-26,31.454176490401885,31.829028292507004,31.420858801722428,31.654098510742188,4629800.0,0.6560623943805695,0.08,0.04,0.07,0.18,0.31,0.71,0.97,1.25,1.42,1.5,1.94,1.91
2021-12-27,31.737389868897633,32.0372712384869,31.537471074272748,32.02061080932617,2577700.0,0.8616569694131614,0.08,0.04,0.06,0.21,0.33,0.76,0.98,1.26,1.41,1.48,1.92,1.88
2021-12-28,32.053936220005504,32.13723837763988,31.854017396987786,31.903995513916016,2269100.0,-0.5218944018706679,0.08,0.03,0.06,0.2,0.39,0.74,0.99,1.27,1.41,1.49,1.94,1.9
2021-12-29,31.90399921223927,32.037279502251785,31.754058488768603,31.97896957397461,3079800.0,0.8271257840096948,0.08,0.01,0.05,0.19,0.38,0.75,0.99,1.29,1.47,1.55,2.0,1.96
2021-12-30,32.02061606515546,32.28717662017623,32.012287438034015,32.19554901123047,3304700.0,0.3930630981922149,0.08,0.06,0.05,0.19,0.38,0.73,0.98,1.27,1.44,1.52,1.97,1.93
2021-12-31,32.295505733998134,32.59538712782266,32.22053538554201,32.55373764038086,3780100.0,0.4865283519029615,0.07,0.06,0.06,0.19,0.39,0.73,0.97,1.26,1.44,1.52,1.94,1.9
2022-01-01,32.295505733998134,32.59538712782266,32.22053538554201,32.55373764038086,3780100.0,0.4865283519029615,0.07,0.06,0.06,0.19,0.39,0.73,0.97,1.26,1.44,1.52,1.94,1.9
2022-01-02,32.295505733998134,32.59538712782266,32.22053538554201,32.55373764038086,3780100.0,0.4865283519029615,0.07,0.06,0.06,0.19,0.39,0.73,0.97,1.26,1.44,1.52,1.94,1.9
2022-01-03,32.595389069470826,32.92858816650554,32.53707914804844,32.678688049316406,2991900.0,-0.2293626917526123,0.08,0.05,0.08,0.22,0.4,0.78,1.04,1.37,1.55,1.63,2.05,2.01
2022-01-04,32.978573150413645,33.04521170621468,32.43712018788627,32.46211242675781,4043700.0,1.4142307927832007,0.08,0.06,0.08,0.22,0.38,0.77,1.02,1.37,1.57,1.66,2.1,2.07
2022-01-05,32.66202802630948,33.186820503326736,32.628707162893555,32.78697967529297,4792200.0,0.8242548219859599,0.08,0.05,0.09,0.22,0.41,0.83,1.1,1.43,1.62,1.71,2.12,2.09
2022-01-06,32.81197274808877,33.34509391735329,32.69535288951876,33.33676528930664,5823900.0,0.1298874840140342,0.08,0.04,0.1,0.23,0.45,0.88,1.15,1.47,1.66,1.73,2.12,2.09
2022-01-07,33.07020239897719,33.85322366453459,32.82863089298037,33.803245544433594,6350000.0,0.2422425858676432,0.08,0.05,0.1,0.24,0.43,0.87,1.17,1.5,1.69,1.76,2.15,2.11
2022-01-08,33.07020239897719,33.85322366453459,32.82863089298037,33.803245544433594,6350000.0,0.2422425858676432,0.08,0.05,0.1,0.24,0.43,0.87,1.17,1.5,1.69,1.76,2.15,2.11
2022-01-09,33.07020239897719,33.85322366453459,32.82863089298037,33.803245544433594,6350000.0,0.2422425858676432,0.08,0.05,0.1,0.24,0.43,0.87,1.17,1.5,1.69,1.76,2.15,2.11
2022-01-10,33.794915158109816,33.94485588001289,33.52835458087163,33.936527252197266,4223800.0,1.335457697510719,0.08,0.05,0.13,0.28,0.46,0.92,1.21,1.53,1.71,1.78,2.15,2.11
2022-01-11,34.153096516362,34.44464606922144,33.91152507104886,34.436317443847656,3511800.0,-0.0790373384952545,0.08,0.04,0.11,0.28,0.46,0.9,1.22,1.51,1.69,1.75,2.13,2.08
2022-01-12,34.569601619869296,34.73620274513404,34.41133229857648,34.72787094116211,4374900.0,1.394487351179123,0.08,0.04,0.12,0.27,0.48,0.92,1.21,1.5,1.67,1.74,2.13,2.08
2022-01-13,34.81950822882082,35.05275111885959,34.71121700050471,34.77785873413086,4158700.0,1.606313683092594,0.08,0.05,0.12,0.28,0.47,0.91,1.18,1.47,1.64,1.7,2.1,2.05
2022-01-14,34.719541289174515,34.80284026052003,34.36967861868881,34.702880859375,4243100.0,1.277271268889308,0.08,0.05,0.13,0.3,0.51,0.99,1.26,1.55,1.72,1.78,2.18,2.12
2022-01-15,34.719541289174515,34.80284026052003,34.36967861868881,34.702880859375,4243100.0,1.277271268889308,0.08,0.05,0.13,0.3,0.51,0.99,1.26,1.55,1.72,1.78,2.18,2.12
2022-01-16,34.719541289174515,34.80284026052003,34.36967861868881,34.702880859375,4243100.0,1.277271268889308,0.08,0.05,0.13,0.3,0.51,0.99,1.26,1.55,1.72,1.78,2.18,2.12
2022-01-17,34.719541289174515,34.80284026052003,34.36967861868881,34.702880859375,4243100.0,1.277271268889308,0.08,0.05,0.13,0.3,0.51,0.99,1.26,1.55,1.72,1.78,2.18,2.12
2022-01-18,34.91114059045141,35.19436161576725,34.72787899240795,35.12771987915039,7259000.0,-1.4193880334496496,0.08,0.05,0.16,0.37,0.58,1.06,1.35,1.65,1.82,1.87,2.24,2.18
2022-01-19,35.211014520326266,35.244335381509295,34.64457259082368,35.09439468383789,7149400.0,1.737483281176537,0.08,0.05,0.17,0.36,0.57,1.04,1.33,1.62,1.78,1.83,2.2,2.14
2022-01-20,34.98610772569797,35.186029739440535,34.786185711955405,34.794517517089844,7449700.0,-1.3696979172527788,0.08,0.05,0.17,0.36,0.6,1.08,1.34,1.62,1.77,1.83,2.19,2.14
2022-01-21,34.569605510213634,34.65290449339411,33.65330398461838,33.994834899902344,10735400.0,-2.458973694592714,0.08,0.05,0.17,0.35,0.58,1.01,1.28,1.54,1.7,1.75,2.13,2.07
2022-01-22,34.569605510213634,34.65290449339411,33.65330398461838,33.994834899902344,10735400.0,-2.458973694592714,0.08,0.05,0.17,0.35,0.58,1.01,1.28,1.54,1.7,1.75,2.13,2.07
2022-01-23,34.569605510213634,34.65290449339411,33.65330398461838,33.994834899902344,10735400.0,-2.458973694592714,0.08,0.05,0.17,0.35,0.58,1.01,1.28,1.54,1.7,1.75,2.13,2.07
2022-01-24,33.145175843778425,33.60332666073912,32.51209205721395,33.511695861816406,10400200.0,-0.0739392563700674,0.08,0.05,0.19,0.39,0.58,0.99,1.25,1.53,1.69,1.75,2.15,2.1
2022-01-25,33.320098758065896,34.261392437723885,33.27011746597399,34.169761657714844,6235600.0,-0.4743425026535988,0.08,0.05,0.19,0.39,0.65,1.02,1.28,1.56,1.73,1.78,2.18,2.12
2022-01-26,34.527958655552816,34.85282916348081,34.11145735253686,34.369686126708984,5572800.0,0.6940480680204927,0.08,0.06,0.19,0.4,0.7,1.13,1.39,1.66,1.81,1.85,2.22,2.16
2022-01-27,34.644573111139465,34.852823730182706,34.10312023056614,34.311370849609375,4875400.0,0.3698665574192999,0.08,0.04,0.2,0.43,0.75,1.18,1.43,1.66,1.78,1.81,2.17,2.09
2022-01-28,34.18641994443039,34.59458934913333,34.111449599820375,34.56127166748047,3652200.0,0.325214102398604,0.08,0.04,0.19,0.43,0.75,1.15,1.38,1.61,1.74,1.78,2.14,2.07
2022-01-29,34.18641994443039,34.59458934913333,34.111449599820375,34.56127166748047,3652200.0,0.325214102398604,0.08,0.04,0.19,0.43,0.75,1.15,1.38,1.61,1.74,1.78,2.14,2.07
2022-01-30,34.18641994443039,34.59458934913333,34.111449599820375,34.56127166748047,3652200.0,0.325214102398604,0.08,0.04,0.19,0.43,0.75,1.15,1.38,1.61,1.74,1.78,2.14,2.07
2022-01-31,34.50295980784768,35.33596225432573,34.49463118154985,35.21101379394531,4388600.0,0.7343311347067355,0.08,0.03,0.22,0.49,0.78,1.18,1.39,1.62,1.75,1.79,2.17,2.11
2022-02-01,35.13604314346059,35.55254436310555,35.011091506506254,35.4359245300293,4590800.0,-0.3599035590887068,0.08,0.04,0.19,0.48,0.78,1.18,1.39,1.63,1.76,1.81,2.19,2.12
2022-02-02,35.477576057419924,36.002368514105456,35.477576057419924,35.89407730102539,4595500.0,-0.7150609605014324,0.08,0.04,0.19,0.45,0.76,1.16,1.38,1.6,1.74,1.78,2.17,2.11
2022-02-03,35.69415767927791,35.977378670867445,35.5525487723094,35.760799407958984,3769600.0,-0.914517305791378,0.08,0.03,0.2,0.48,0.78,1.19,1.42,1.66,1.78,1.82,2.2,2.14
2022-02-04,35.744136291525756,36.01902863521294,35.57753515998676,35.7108154296875,3690400.0,-2.877016126178205,0.08,0.05,0.23,0.56,0.89,1.31,1.55,1.78,1.9,1.93,2.29,2.23
2022-02-05,35.744136291525756,36.01902863521294,35.57753515998676,35.7108154296875,3690400.0,-2.877016126178205,0.08,0.05,0.23,0.56,0.89,1.31,1.55,1.78,1.9,1.93,2.29,2.23
2022-02-06,35.744136291525756,36.01902863521294,35.57753515998676,35.7108154296875,3690400.0,-2.877016126178205,0.08,0.05,0.23,0.56,0.89,1.31,1.55,1.78,1.9,1.93,2.29,2.23
2022-02-07,35.89407534927614,36.25226665351229,35.78578414208444,36.13564682006836,5976600.0,0.9365273267030716,0.08,0.03,0.27,0.58,0.88,1.3,1.54,1.76,1.88,1.92,2.28,2.22
2022-02-08,36.14398119995118,36.31891097796351,35.5775391950661,35.60253143310547,4831900.0,0.7697415053844451,0.08,0.03,0.25,0.59,0.91,1.35,1.59,1.81,1.93,1.96,2.31,2.25
2022-02-09,35.65250324601746,35.910735142385285,35.65250324601746,35.76912307739258,3024400.0,-0.1234882995486258,0.08,0.04,0.26,0.57,0.91,1.36,1.61,1.82,1.92,1.94,2.31,2.25
2022-02-10,35.694156646728516,36.15231057402629,35.62751809762766,35.694156646728516,5458300.0,-0.8092759568244221,0.08,0.05,0.4,0.74,1.14,1.61,1.82,1.96,2.03,2.03,2.37,2.3
2022-02-11,35.95239250184859,36.418875107161675,35.6775032930706,36.31891250610352,10721100.0,1.0952851735055449,0.08,0.03,0.36,0.71,1.07,1.5,1.71,1.84,1.92,1.92,2.3,2.24
2022-02-12,35.95239250184859,36.418875107161675,35.6775032930706,36.31891250610352,10721100.0,1.0952851735055449,0.08,0.03,0.36,0.71,1.07,1.5,1.71,1.84,1.92,1.92,2.3,2.24
2022-02-13,35.95239250184859,36.418875107161675,35.6775032930706,36.31891250610352,10721100.0,1.0952851735055449,0.08,0.03,0.36,0.71,1.07,1.5,1.71,1.84,1.92,1.92,2.3,2.24
2022-02-14,35.79009257205461,35.94239109927527,34.79169255032854,35.07090759277344,12542400.0,-0.3958904743194579,0.08,0.03,0.43,0.76,1.13,1.58,1.8,1.9,1.98,1.98,2.35,2.29
2022-02-15,34.82553891672389,35.11321356661547,34.54632708961744,34.943992614746094,5537100.0,0.6772969122976064,0.08,0.02,0.4,0.72,1.11,1.58,1.8,1.94,2.03,2.05,2.42,2.37
2022-02-16,35.10475327427575,35.409347108446,34.82553822509328,35.231666564941406,3990600.0,-2.1901997029781333,0.08,0.03,0.38,0.67,1.09,1.52,1.75,1.9,2.0,2.03,2.39,2.34
2022-02-17,35.13859218560159,35.290890704811,34.943989239416425,35.12166976928711,5485300.0,0.3692037686705589,0.08,0.06,0.36,0.65,1.05,1.49,1.7,1.85,1.94,1.97,2.35,2.31
2022-02-18,35.05398601099174,35.163980111632775,34.808615797108345,34.84246063232422,3298900.0,0.4493426866829395,0.08,0.03,0.35,0.65,1.03,1.47,1.68,1.82,1.9,1.92,2.3,2.24
2022-02-19,35.05398601099174,35.163980111632775,34.808615797108345,34.84246063232422,3298900.0,0.4493426866829395,0.08,0.03,0.35,0.65,1.03,1.47,1.68,1.82,1.9,1.92,2.3,2.24
2022-02-20,35.05398601099174,35.163980111632775,34.808615797108345,34.84246063232422,3298900.0,0.4493426866829395,0.08,0.03,0.35,0.65,1.03,1.47,1.68,1.82,1.9,1.92,2.3,2.24
2022-02-21,35.05398601099174,35.163980111632775,34.808615797108345,34.84246063232422,3298900.0,0.4493426866829395,0.08,0.03,0.35,0.65,1.03,1.47,1.68,1.82,1.9,1.92,2.3,2.24
2022-02-22,35.17243942599217,35.22320667841092,34.41094677781643,34.918609619140625,4440600.0,-0.0531979929655789,0.08,0.03,0.37,0.73,1.17,1.56,1.74,1.85,1.93,1.94,2.31,2.24
2022-02-23,35.11321174544711,35.2993551056111,34.92706838528312,35.147056579589844,4544100.0,-0.9039906896650794,0.08,0.02,0.34,0.74,1.16,1.58,1.78,1.89,1.98,1.99,2.36,2.29
2022-02-24,34.69015667473156,35.155511789478226,34.461708914193245,35.1047477722168,5902800.0,-1.1120927184820175,0.08,0.05,0.32,0.65,1.08,1.54,1.73,1.84,1.94,1.96,2.36,2.28
2022-02-25,35.28243301478979,36.05238524674086,35.20628375107502,36.043922424316406,6693000.0,1.2311701173312029,0.08,0.03,0.33,0.71,1.13,1.55,1.76,1.86,1.96,1.97,2.37,2.29
2022-02-26,35.28243301478979,36.05238524674086,35.20628375107502,36.043922424316406,6693000.0,1.2311701173312029,0.08,0.03,0.33,0.71,1.13,1.55,1.76,1.86,1.96,1.97,2.37,2.29
2022-02-27,35.28243301478979,36.05238524674086,35.20628375107502,36.043922424316406,6693000.0,1.2311701173312029,0.08,0.03,0.33,0.71,1.13,1.55,1.76,1.86,1.96,1.97,2.37,2.29
2022-02-28,35.79009390737434,36.593891002668165,35.75624907170233,36.534664154052734,7063900.0,-0.5908800251781939,0.08,0.06,0.35,0.69,1.01,1.44,1.62,1.71,1.81,1.83,2.25,2.17
2022-03-01,36.746192373499746,37.270774456445,36.356986416076545,36.703887939453125,7982300.0,0.9601748973946088,0.08,0.11,0.32,0.6,0.91,1.31,1.47,1.56,1.67,1.72,2.19,2.11
2022-03-02,37.02540209146438,37.76997235283598,36.86464396028172,37.56690979003906,6455700.0,0.4374775625765322,0.08,0.13,0.34,0.68,1.06,1.5,1.67,1.74,1.83,1.86,2.32,2.24
2022-03-03,37.397687832778296,37.87996544101057,37.397687832778296,37.58382797241211,4100100.0,1.1519338665530086,0.08,0.19,0.38,0.69,1.08,1.53,1.69,1.74,1.82,1.86,2.32,2.24
2022-03-04,37.38922670411724,37.98149844052728,37.279235825411504,37.86304473876953,10678200.0,-0.3467981182038783,0.08,0.15,0.34,0.69,1.05,1.5,1.62,1.65,1.7,1.74,2.23,2.16
2022-03-05,37.38922670411724,37.98149844052728,37.279235825411504,37.86304473876953,10678200.0,-0.3467981182038783,0.08,0.15,0.34,0.69,1.05,1.5,1.62,1.65,1.7,1.74,2.23,2.16
2022-03-06,37.38922670411724,37.98149844052728,37.279235825411504,37.86304473876953,10678200.0,-0.3467981182038783,0.08,0.15,0.34,0.69,1.05,1.5,1.62,1.65,1.7,1.74,2.23,2.16
2022-03-07,38.04918755471368,38.184563672962625,37.3892261540815,37.43153381347656,5694000.0,0.6512376740574836,0.08,0.17,0.38,0.75,1.07,1.55,1.68,1.71,1.77,1.78,2.29,2.19
2022-03-08,37.65152423506885,37.65998383159733,36.93233910814431,37.11001968383789,7389400.0,0.814321607351303,0.08,0.16,0.36,0.72,1.12,1.63,1.78,1.8,1.85,1.86,2.34,2.24
2022-03-09,36.82233504786266,37.60920964509599,36.77156779953053,37.31307220458984,4347800.0,-0.1765856854617596,0.08,0.18,0.38,0.75,1.15,1.68,1.83,1.87,1.92,1.94,2.38,2.29
2022-03-10,37.46537385688997,37.676899234542,37.11847236664547,37.60074996948242,4377900.0,0.3257473995909095,0.08,0.19,0.39,0.75,1.19,1.72,1.88,1.92,1.98,1.98,2.45,2.38
2022-03-11,37.56691175171059,37.87150561181127,37.45691764167285,37.61767578125,3941100.0,0.3893873617053031,0.08,0.17,0.4,0.78,1.22,1.75,1.91,1.96,2.01,2.0,2.45,2.36
2022-03-12,37.56691175171059,37.87150561181127,37.45691764167285,37.61767578125,3941100.0,0.3893873617053031,0.08,0.17,0.4,0.78,1.22,1.75,1.91,1.96,2.01,2.0,2.45,2.36
2022-03-13,37.56691175171059,37.87150561181127,37.45691764167285,37.61767578125,3941100.0,0.3893873617053031,0.08,0.17,0.4,0.78,1.22,1.75,1.91,1.96,2.01,2.0,2.45,2.36
2022-03-14,37.56690576831495,37.56690576831495,36.830795181022005,37.16077423095703,5296400.0,-0.0357304811477661,0.08,0.23,0.45,0.86,1.28,1.87,2.04,2.1,2.16,2.14,2.56,2.47
2022-03-15,36.6954236986384,37.32999986769026,36.47543871352046,37.27923583984375,4182700.0,0.5315707698464391,0.08,0.22,0.46,0.86,1.28,1.85,2.04,2.1,2.16,2.15,2.57,2.49
2022-03-16,37.32154111681741,37.61767537802774,36.780036623392014,37.245391845703125,3452600.0,-0.346301857382059,0.08,0.24,0.44,0.86,1.35,1.95,2.14,2.18,2.22,2.19,2.56,2.46
2022-03-17,37.45691637804813,38.06611053294089,37.448453554996114,37.86304473876953,4174100.0,-1.2038595266640182,0.33,0.2,0.4,0.81,1.3,1.94,2.14,2.17,2.22,2.2,2.6,2.5
2022-03-18,37.9307379440649,38.04919165685073,37.59229599814402,37.9391975402832,3581200.0,0.2978772539645434,0.33,0.19,0.42,0.83,1.29,1.97,2.15,2.14,2.17,2.14,2.53,2.42
2022-03-19,37.9307379440649,38.04919165685073,37.59229599814402,37.9391975402832,3581200.0,0.2978772539645434,0.33,0.19,0.42,0.83,1.29,1.97,2.15,2.14,2.17,2.14,2.53,2.42
2022-03-20,37.9307379440649,38.04919165685073,37.59229599814402,37.9391975402832,3581200.0,0.2978772539645434,0.33,0.19,0.42,0.83,1.29,1.97,2.15,2.14,2.17,2.14,2.53,2.42
2022-03-21,38.07457307425652,38.4553194505234,37.99842379900314,38.28609848022461,5271800.0,-0.3922633975744247,0.33,0.22,0.54,0.95,1.4,2.14,2.34,2.33,2.36,2.32,2.67,2.55
2022-03-22,38.4045492100716,38.57377016723495,38.08302971422337,38.25225067138672,3489600.0,-4.01615110039711,0.33,0.2,0.51,0.96,1.59,2.18,2.38,2.39,2.42,2.38,2.71,2.6
2022-03-23,38.42146993462329,38.43839235235568,38.116872870682606,38.125335693359375,3479900.0,-0.379205457866192,0.33,0.15,0.5,0.93,1.52,2.13,2.32,2.34,2.37,2.32,2.65,2.52
2022-03-24,38.31994316606382,38.48070131201083,38.20994905166769,38.42147445678711,2507900.0,0.969520404934883,0.33,0.16,0.52,0.96,1.55,2.13,2.35,2.37,2.39,2.34,2.63,2.51
2022-03-25,38.421472180274655,39.23372891317701,38.421472180274655,39.22526931762695,4348100.0,0.7655460394453255,0.33,0.17,0.55,1.01,1.67,2.3,2.51,2.55,2.56,2.48,2.74,2.6
2022-03-26,38.421472180274655,39.23372891317701,38.421472180274655,39.22526931762695,4348100.0,0.7655460394453255,0.33,0.17,0.55,1.01,1.67,2.3,2.51,2.55,2.56,2.48,2.74,2.6
2022-03-27,38.421472180274655,39.23372891317701,38.421472180274655,39.22526931762695,4348100.0,0.7655460394453255,0.33,0.17,0.55,1.01,1.67,2.3,2.51,2.55,2.56,2.48,2.74,2.6
2022-03-28,38.8191395377584,38.90374840066376,38.480697630894525,38.869903564453125,2843400.0,0.0831999443471432,0.33,0.19,0.59,1.08,1.69,2.35,2.55,2.54,2.55,2.46,2.72,2.57
2022-03-29,38.573766958572165,39.14911622849577,38.46377286142238,39.030662536621094,3017600.0,-0.5027122721076012,0.33,0.18,0.55,1.06,1.67,2.35,2.54,2.49,2.5,2.41,2.68,2.53
2022-03-30,39.19988150110147,39.27602753264514,38.95451130739121,39.216800689697266,2645000.0,0.3008824994321911,0.33,0.16,0.55,1.04,1.64,2.31,2.49,2.44,2.43,2.35,2.63,2.48
2022-03-31,39.03912679109376,39.34372387948338,38.96297751899635,38.996822357177734,3393400.0,0.3489862829446791,0.33,0.17,0.52,1.06,1.63,2.28,2.45,2.42,2.4,2.32,2.59,2.44
2022-04-01,39.106810974268306,39.36910036427768,38.96297204601265,39.25910949707031,2629500.0,0.5003414405509828,0.33,0.15,0.53,1.09,1.72,2.44,2.61,2.55,2.5,2.39,2.6,2.44
2022-04-02,39.106810974268306,39.36910036427768,38.96297204601265,39.25910949707031,2629500.0,0.5003414405509828,0.33,0.15,0.53,1.09,1.72,2.44,2.61,2.55,2.5,2.39,2.6,2.44
2022-04-03,39.106810974268306,39.36910036427768,38.96297204601265,39.25910949707031,2629500.0,0.5003414405509828,0.33,0.15,0.53,1.09,1.72,2.44,2.61,2.55,2.5,2.39,2.6,2.44
2022-04-04,39.38601898834511,39.60600715681817,39.24218330156096,39.45370864868164,2556900.0,0.3200555071234702,0.33,0.18,0.66,1.14,1.72,2.43,2.61,2.56,2.52,2.42,2.64,2.48
2022-04-05,39.59755069767001,40.12213273908096,39.34372088586608,39.35218048095703,2678700.0,0.7822254388593135,0.33,0.18,0.65,1.13,1.77,2.51,2.69,2.69,2.65,2.54,2.74,2.57
2022-04-06,39.45372038267297,39.64832337258668,39.19142771229104,39.37757110595703,3161300.0,1.7167481780052185,0.33,0.21,0.67,1.15,1.79,2.5,2.67,2.7,2.69,2.61,2.81,2.63
2022-04-07,39.37756928126858,39.41141411993438,38.55684969554101,39.03912734985352,4742300.0,2.478036730841268,0.33,0.21,0.68,1.15,1.78,2.47,2.66,2.7,2.73,2.66,2.87,2.69
2022-04-08,39.06450486516648,39.665239385610136,39.06450486516648,39.52140045166016,3397500.0,1.1144086681306362,0.33,0.2,0.7,1.19,1.81,2.53,2.73,2.76,2.79,2.72,2.94,2.76
2022-04-09,39.06450486516648,39.665239385610136,39.06450486516648,39.52140045166016,3397500.0,1.1144086681306362,0.33,0.2,0.7,1.19,1.81,2.53,2.73,2.76,2.79,2.72,2.94,2.76
2022-04-10,39.06450486516648,39.665239385610136,39.06450486516648,39.52140045166016,3397500.0,1.1144086681306362,0.33,0.2,0.7,1.19,1.81,2.53,2.73,2.76,2.79,2.72,2.94,2.76
2022-04-11,39.42833030925927,39.479097563392145,38.86144382907097,39.005279541015625,3352000.0,0.1877176892012356,0.33,0.22,0.77,1.23,1.85,2.5,2.73,2.79,2.84,2.79,3.02,2.84
2022-04-12,39.225265491503926,39.47063569759921,39.01374011955028,39.030662536621094,2671000.0,0.9588689510710536,0.33,0.21,0.74,1.2,1.77,2.39,2.58,2.66,2.73,2.72,2.99,2.82
2022-04-13,39.17450544865593,39.34372642288081,38.954520441498715,39.24219512939453,3234400.0,1.167322427034378,0.33,0.26,0.75,1.2,1.78,2.37,2.57,2.66,2.71,2.7,2.97,2.81
2022-04-14,39.174501784921475,39.4029495946166,39.01374364963438,39.106815338134766,2507500.0,1.875384926795959,0.33,0.37,0.79,1.25,1.84,2.47,2.67,2.79,2.84,2.83,3.09,2.92
2022-04-15,39.174501784921475,39.4029495946166,39.01374364963438,39.106815338134766,2507500.0,1.875384926795959,0.33,0.37,0.79,1.25,1.84,2.47,2.67,2.79,2.84,2.83,3.09,2.92
2022-04-16,39.174501784921475,39.4029495946166,39.01374364963438,39.106815338134766,2507500.0,1.875384926795959,0.33,0.37,0.79,1.25,1.84,2.47,2.67,2.79,2.84,2.83,3.09,2.92
2022-04-17,39.174501784921475,39.4029495946166,39.01374364963438,39.106815338134766,2507500.0,1.875384926795959,0.33,0.37,0.79,1.25,1.84,2.47,2.67,2.79,2.84,2.83,3.09,2.92
2022-04-18,39.19141880508598,39.267568064495144,38.95451143253341,39.081424713134766,2710800.0,0.4223372852429746,0.33,0.38,0.81,1.27,1.84,2.46,2.68,2.79,2.85,2.85,3.12,2.95
2022-04-19,39.0560427230463,39.37756217712281,38.93758903670782,39.27602767944336,2229900.0,0.0294764079153538,0.33,0.37,0.81,1.28,1.94,2.61,2.81,2.91,2.95,2.93,3.19,3.01
2022-04-20,39.42832626036738,39.809072558212094,39.30987257384255,39.62293243408203,2776000.0,0.564059894531965,0.33,0.35,0.82,1.29,1.93,2.6,2.79,2.87,2.88,2.85,3.08,2.9
2022-04-21,39.716005982767456,39.95291661386266,39.1575790834209,39.18296432495117,2994700.0,1.1668746098875995,0.33,0.5,0.83,1.32,2.01,2.68,2.87,2.96,2.96,2.9,3.12,2.94
2022-04-22,38.93759338310189,39.11527393244314,37.87996645470697,37.95611572265625,3875400.0,0.8546555638313293,0.33,0.46,0.83,1.34,2.06,2.72,2.88,2.94,2.95,2.9,3.14,2.95
2022-04-23,38.93759338310189,39.11527393244314,37.87996645470697,37.95611572265625,3875400.0,0.8546555638313293,0.33,0.46,0.83,1.34,2.06,2.72,2.88,2.94,2.95,2.9,3.14,2.95
2022-04-24,38.93759338310189,39.11527393244314,37.87996645470697,37.95611572265625,3875400.0,0.8546555638313293,0.33,0.46,0.83,1.34,2.06,2.72,2.88,2.94,2.95,2.9,3.14,2.95
2022-04-25,37.228460699287986,37.592284550695226,36.534657826283635,37.355377197265625,5380800.0,-0.1637395024299622,0.33,0.4,0.91,1.42,2.03,2.63,2.79,2.84,2.85,2.81,3.06,2.88
2022-04-26,37.27077229097594,37.50768291759085,37.00002005566283,37.0254020690918,3496300.0,-0.0994520336389542,0.33,0.38,0.83,1.4,1.99,2.54,2.72,2.79,2.8,2.77,3.03,2.86
2022-04-27,37.18616216078258,37.372302298954864,36.75464858146533,37.076168060302734,3196000.0,0.6103340480476619,0.33,0.37,0.82,1.39,1.97,2.58,2.75,2.81,2.84,2.82,3.08,2.91
2022-04-28,37.30461756482793,37.96457574269141,37.126937013498726,37.744590759277344,3375200.0,-0.660338219255209,0.33,0.37,0.82,1.38,2.04,2.63,2.8,2.86,2.88,2.85,3.1,2.92
2022-04-29,37.84611696934851,37.956111060123845,36.8223350030528,36.923866271972656,4433700.0,1.8530944492667911,0.33,0.37,0.85,1.41,2.1,2.7,2.87,2.92,2.94,2.89,3.14,2.96
2022-04-30,37.84611696934851,37.956111060123845,36.8223350030528,36.923866271972656,4433700.0,1.8530944492667911,0.33,0.37,0.85,1.41,2.1,2.7,2.87,2.92,2.94,2.89,3.14,2.96
2022-05-01,37.84611696934851,37.956111060123845,36.8223350030528,36.923866271972656,4433700.0,1.8530944492667911,0.33,0.37,0.85,1.41,2.1,2.7,2.87,2.92,2.94,2.89,3.14,2.96
2022-05-02,36.80541978621885,36.98310034848868,36.26391527589851,36.746192932128906,3682000.0,0.9922692924737928,0.33,0.41,0.9,1.49,2.1,2.73,2.93,3.01,3.04,2.99,3.26,3.07
2022-05-03,36.81388216339353,37.47384365937526,36.79696297033657,37.11001968383789,3833600.0,1.436420753598213,0.33,0.48,0.91,1.45,2.16,2.78,2.95,3.01,3.03,2.97,3.21,3.03
2022-05-04,37.51614363297235,38.33686318630625,37.262313808240414,38.235328674316406,4975400.0,0.1706066727638245,0.33,0.49,0.89,1.44,2.07,2.66,2.85,2.93,2.97,2.93,3.21,3.01
2022-05-05,38.42147424105938,38.55685037047085,37.34692480177148,37.71921157836914,5089500.0,0.123529180884361,0.83,0.49,0.85,1.37,2.08,2.71,2.91,3.01,3.07,3.05,3.35,3.15
2022-05-06,38.59069117226686,38.658377616080294,37.49075983242381,38.43839263916016,5652100.0,3.6723612565547223,0.83,0.48,0.85,1.41,2.08,2.72,2.94,3.06,3.13,3.12,3.43,3.23
2022-05-07,38.59069117226686,38.658377616080294,37.49075983242381,38.43839263916016,5652100.0,3.6723612565547223,0.83,0.48,0.85,1.41,2.08,2.72,2.94,3.06,3.13,3.12,3.43,3.23
2022-05-08,38.59069117226686,38.658377616080294,37.49075983242381,38.43839263916016,5652100.0,3.6723612565547223,0.83,0.48,0.85,1.41,2.08,2.72,2.94,3.06,3.13,3.12,3.43,3.23
2022-05-09,38.116876047863144,38.116876047863144,36.593893828834766,36.703887939453125,6738500.0,0.534576008096337,0.83,0.51,0.92,1.43,1.99,2.61,2.81,2.95,3.04,3.05,3.38,3.19
2022-05-10,37.09308899725108,37.36384121253152,35.90854563468341,36.33159637451172,5777200.0,2.5670804549008603,0.83,0.57,0.89,1.44,2.01,2.62,2.81,2.91,2.99,2.99,3.31,3.12
2022-05-11,36.746188969766315,37.397687522125715,36.42466949107519,36.49235916137695,8063600.0,0.7764027235098182,0.83,0.59,0.91,1.43,1.99,2.66,2.81,2.89,2.94,2.91,3.25,3.05
2022-05-12,36.37378335681704,36.6917200543949,36.107402012506995,36.67453384399414,9391100.0,-1.6392229944467542,0.83,0.61,0.96,1.44,1.96,2.56,2.73,2.81,2.86,2.84,3.22,3.0
2022-05-13,37.121363778694,37.86894586821274,37.044027474403485,37.62834548950195,5070600.0,0.2366447672247887,0.83,0.67,1.03,1.47,2.04,2.61,2.79,2.89,2.95,2.93,3.32,3.1
2022-05-14,37.121363778694,37.86894586821274,37.044027474403485,37.62834548950195,5070600.0,0.2366447672247887,0.83,0.67,1.03,1.47,2.04,2.61,2.79,2.89,2.95,2.93,3.32,3.1
2022-05-15,37.121363778694,37.86894586821274,37.044027474403485,37.62834548950195,5070600.0,0.2366447672247887,0.83,0.67,1.03,1.47,2.04,2.61,2.79,2.89,2.95,2.93,3.32,3.1
2022-05-16,37.80879588033249,38.53060029643803,37.70568190029865,38.307186126708984,4430600.0,0.6753202900290487,0.83,0.64,1.07,1.54,2.07,2.58,2.75,2.83,2.89,2.88,3.3,3.09
2022-05-17,38.59074883103683,38.70245755035205,38.28999836895835,38.57356262207031,3357800.0,-0.0695175733417272,0.83,0.61,1.06,1.57,2.16,2.71,2.89,2.96,3.0,2.98,3.36,3.17
2022-05-18,38.64230409989463,38.75400953156839,37.84316348103575,38.01502227783203,3345100.0,0.3265571668744087,0.83,0.56,1.03,1.56,2.16,2.68,2.84,2.89,2.91,2.89,3.24,3.07
2022-05-19,37.611162512926434,38.44467572215765,37.611162512926434,38.186885833740234,3893700.0,0.4561267560347913,0.83,0.65,1.05,1.52,2.11,2.63,2.78,2.84,2.87,2.84,3.24,3.05
2022-05-20,38.41030211087589,38.58216093852225,37.671311446550696,38.2728157043457,3489400.0,-0.3951616403646767,0.83,0.63,1.03,1.51,2.07,2.6,2.73,2.8,2.82,2.78,3.17,2.99
2022-05-21,38.41030211087589,38.58216093852225,37.671311446550696,38.2728157043457,3489400.0,-0.3951616403646767,0.83,0.63,1.03,1.51,2.07,2.6,2.73,2.8,2.82,2.78,3.17,2.99
2022-05-22,38.41030211087589,38.58216093852225,37.671311446550696,38.2728157043457,3489400.0,-0.3951616403646767,0.83,0.63,1.03,1.51,2.07,2.6,2.73,2.8,2.82,2.78,3.17,2.99
2022-05-23,38.55638303880675,38.99462324792648,38.401710409462694,38.59075546264648,2436600.0,-2.3902217969298367,0.83,0.55,1.07,1.57,2.09,2.65,2.8,2.88,2.9,2.86,3.26,3.08
2022-05-24,38.66808037188974,38.77978907745221,38.04079857254224,38.65089416503906,3557800.0,0.5817918777465819,0.83,0.55,1.06,1.53,2.02,2.5,2.66,2.76,2.8,2.76,3.16,2.98
2022-05-25,38.650895280679585,38.9172765776533,38.479036485146025,38.75400924682617,2752000.0,1.523462239652872,0.83,0.58,1.06,1.52,2.01,2.48,2.63,2.71,2.76,2.75,3.14,2.97
2022-05-26,38.80557002595166,39.52737438496845,38.77979235246558,39.39847946166992,2836600.0,1.981152847409248,0.83,0.71,1.07,1.52,1.99,2.46,2.63,2.7,2.75,2.75,3.18,2.99
2022-05-27,39.51878753215469,39.90546579131264,39.47582036741763,39.69923782348633,5710900.0,0.6525960186263546,0.83,0.69,1.08,1.54,2.01,2.47,2.64,2.71,2.76,2.74,3.16,2.97
2022-05-28,39.51878753215469,39.90546579131264,39.47582036741763,39.69923782348633,5710900.0,0.6525960186263546,0.83,0.69,1.08,1.54,2.01,2.47,2.64,2.71,2.76,2.74,3.16,2.97
2022-05-29,39.51878753215469,39.90546579131264,39.47582036741763,39.69923782348633,5710900.0,0.6525960186263546,0.83,0.69,1.08,1.54,2.01,2.47,2.64,2.71,2.76,2.74,3.16,2.97
2022-05-30,39.51878753215469,39.90546579131264,39.47582036741763,39.69923782348633,5710900.0,0.6525960186263546,0.83,0.69,1.08,1.54,2.01,2.47,2.64,2.71,2.76,2.74,3.16,2.97
2022-05-31,39.88828236338525,40.128886046545034,39.570345645347125,39.65627670288086,4054800.0,1.407169224694371,0.83,0.73,1.16,1.64,2.08,2.53,2.71,2.81,2.87,2.85,3.28,3.07
2022-06-01,39.98279624651968,40.077318750411,39.45003691669055,39.48440933227539,5981700.0,0.1981248632073402,0.83,0.77,1.15,1.63,2.16,2.66,2.84,2.94,2.98,2.94,3.31,3.09
2022-06-02,39.52737453726576,40.42103770481247,39.4070743566218,40.326515197753906,3471500.0,0.0336550418287516,0.83,0.85,1.17,1.64,2.15,2.65,2.83,2.92,2.95,2.92,3.3,3.09
2022-06-03,40.30073641252385,40.53274202426101,40.137469076495634,40.2234001159668,2500700.0,0.6309482185170053,0.83,0.87,1.21,1.68,2.18,2.66,2.87,2.95,2.99,2.96,3.33,3.11
2022-06-04,40.30073641252385,40.53274202426101,40.137469076495634,40.2234001159668,2500700.0,0.6309482185170053,0.83,0.87,1.21,1.68,2.18,2.66,2.87,2.95,2.99,2.96,3.33,3.11
2022-06-05,40.30073641252385,40.53274202426101,40.137469076495634,40.2234001159668,2500700.0,0.6309482185170053,0.83,0.87,1.21,1.68,2.18,2.66,2.87,2.95,2.99,2.96,3.33,3.11
2022-06-06,40.386671022002,40.61867995101245,40.31792617876874,40.48119354248047,2543600.0,0.3519764691591263,0.83,0.88,1.26,1.74,2.23,2.73,2.94,3.03,3.07,3.04,3.41,3.19
2022-06-07,40.58430781332756,40.90224452066937,40.3694850936225,40.84209442138672,2514800.0,0.0121902227401732,0.83,0.87,1.26,1.75,2.26,2.75,2.91,2.99,3.02,2.98,3.35,3.13
2022-06-08,40.893648968265374,40.96239052717668,40.28355329196528,40.54133987426758,2485200.0,0.1019274238642536,0.83,0.89,1.28,1.77,2.29,2.78,2.94,3.03,3.06,3.03,3.4,3.18
2022-06-09,40.36948488771595,40.412448775850905,39.63908895561799,39.673458099365234,2797400.0,-1.37676190584898,0.83,1.05,1.3,1.81,2.35,2.83,2.99,3.07,3.08,3.04,3.4,3.18
2022-06-10,39.45862648388744,39.45862648388744,38.839939422785456,39.14068984985352,3133200.0,0.6140567758120599,0.83,1.1,1.39,1.98,2.58,3.06,3.21,3.25,3.24,3.15,3.45,3.2
2022-06-11,39.45862648388744,39.45862648388744,38.839939422785456,39.14068984985352,3133200.0,0.6140567758120599,0.83,1.1,1.39,1.98,2.58,3.06,3.21,3.25,3.24,3.15,3.45,3.2
2022-06-12,39.45862648388744,39.45862648388744,38.839939422785456,39.14068984985352,3133200.0,0.6140567758120599,0.83,1.1,1.39,1.98,2.58,3.06,3.21,3.25,3.24,3.15,3.45,3.2
2022-06-13,38.32436910772165,38.45326404138045,37.58538175893872,37.80879592895508,5480600.0,0.0835440270602703,0.83,1.13,1.73,2.25,2.89,3.4,3.56,3.56,3.53,3.43,3.68,3.42
2022-06-14,37.94628514161882,38.02362145196054,36.65734882121338,36.89794921875,5778400.0,1.1575892493128774,0.83,1.19,1.83,2.43,3.15,3.45,3.6,3.61,3.6,3.49,3.72,3.45
2022-06-15,36.94950665453734,37.14714315724435,35.901170765632365,36.67453384399414,4820400.0,0.4340591616928577,0.83,1.21,1.74,2.32,2.93,3.2,3.35,3.38,3.39,3.33,3.64,3.39
2022-06-16,36.0816199306765,36.09021139586072,35.10202572503853,35.205142974853516,5365500.0,1.068463884294033,1.58,1.19,1.59,2.24,2.88,3.14,3.33,3.35,3.36,3.28,3.59,3.35
2022-06-17,34.92157811759821,35.19655091553722,33.86465081090743,34.792686462402344,8219800.0,1.2469050809741018,1.58,1.15,1.63,2.25,2.86,3.17,3.35,3.34,3.34,3.25,3.55,3.3
2022-06-18,34.92157811759821,35.19655091553722,33.86465081090743,34.792686462402344,8219800.0,1.2469050809741018,1.58,1.15,1.63,2.25,2.86,3.17,3.35,3.34,3.34,3.25,3.55,3.3
2022-06-19,34.92157811759821,35.19655091553722,33.86465081090743,34.792686462402344,8219800.0,1.2469050809741018,1.58,1.15,1.63,2.25,2.86,3.17,3.35,3.34,3.34,3.25,3.55,3.3
2022-06-20,34.92157811759821,35.19655091553722,33.86465081090743,34.792686462402344,8219800.0,1.2469050809741018,1.58,1.15,1.63,2.25,2.86,3.17,3.35,3.34,3.34,3.25,3.55,3.3
2022-06-21,35.41996483460052,35.93553795989944,35.32544233011112,35.651973724365234,3835700.0,0.9392113350331784,1.58,1.08,1.7,2.46,2.92,3.21,3.35,3.38,3.39,3.31,3.63,3.39
2022-06-22,34.86142558652386,35.71212487427384,34.57786134256325,35.445743560791016,3945500.0,0.6947175897657871,1.58,0.98,1.61,2.4,2.79,3.06,3.2,3.22,3.24,3.16,3.49,3.25
2022-06-23,35.514493161673705,35.651979569489846,34.827057844658476,35.05906677246094,5005300.0,1.8393663708120584,1.58,1.12,1.65,2.44,2.78,3.01,3.12,3.14,3.16,3.09,3.45,3.21
2022-06-24,35.42855953556194,36.021469011604324,35.170772949366736,35.90116882324219,3209900.0,-0.498058443889022,1.58,1.19,1.73,2.51,2.83,3.04,3.13,3.18,3.19,3.13,3.51,3.26
2022-06-25,35.42855953556194,36.021469011604324,35.170772949366736,35.90116882324219,3209900.0,-0.498058443889022,1.58,1.19,1.73,2.51,2.83,3.04,3.13,3.18,3.19,3.13,3.51,3.26
2022-06-26,35.42855953556194,36.021469011604324,35.170772949366736,35.90116882324219,3209900.0,-0.498058443889022,1.58,1.19,1.73,2.51,2.83,3.04,3.13,3.18,3.19,3.13,3.51,3.26
2022-06-27,36.06443421821073,36.48548485464156,36.00428412729203,36.2448844909668,3246800.0,-0.2459932975471018,1.58,1.16,1.79,2.56,2.89,3.08,3.21,3.24,3.27,3.2,3.56,3.31
2022-06-28,36.8549763452299,37.06120754850765,36.35658946070381,36.55422592163086,3369200.0,1.9968957044184208,1.58,1.12,1.79,2.55,2.88,3.1,3.21,3.25,3.27,3.2,3.55,3.3
2022-06-29,36.86357226342143,36.89794140011919,36.29644053373497,36.46829605102539,3219700.0,0.6325328946113586,1.58,1.12,1.78,2.55,2.88,3.06,3.13,3.15,3.17,3.1,3.46,3.22
2022-06-30,36.14177360618498,36.356596314376425,35.8324283819198,36.313629150390625,3173700.0,1.1114540584385393,1.58,1.28,1.72,2.51,2.8,2.92,2.99,3.01,3.04,2.98,3.38,3.14
2022-07-01,36.373784348306664,36.74327640922407,35.944138910379685,36.6573486328125,2826700.0,0.2861107289791107,1.58,1.27,1.73,2.52,2.79,2.84,2.85,2.88,2.92,2.88,3.35,3.11
2022-07-02,36.373784348306664,36.74327640922407,35.944138910379685,36.6573486328125,2826700.0,0.2861107289791107,1.58,1.27,1.73,2.52,2.79,2.84,2.85,2.88,2.92,2.88,3.35,3.11
2022-07-03,36.373784348306664,36.74327640922407,35.944138910379685,36.6573486328125,2826700.0,0.2861107289791107,1.58,1.27,1.73,2.52,2.79,2.84,2.85,2.88,2.92,2.88,3.35,3.11
2022-07-04,36.373784348306664,36.74327640922407,35.944138910379685,36.6573486328125,2826700.0,0.2861107289791107,1.58,1.27,1.73,2.52,2.79,2.84,2.85,2.88,2.92,2.88,3.35,3.11
2022-07-05,36.090212806539334,36.10739901551359,34.706754124485855,35.6090087890625,4152000.0,0.9338947487995028,1.58,1.33,1.9,2.59,2.77,2.82,2.82,2.82,2.87,2.82,3.31,3.05
2022-07-06,35.27388679365216,35.71212693865253,34.73253267015406,35.47152328491211,3410800.0,-0.2569815963506698,1.58,1.36,1.9,2.62,2.82,2.97,2.99,2.96,2.99,2.93,3.42,3.14
2022-07-07,35.98709979695455,36.219108707435744,35.772277095909104,36.090213775634766,2903200.0,-0.5042557660490273,1.58,1.55,1.95,2.64,2.87,3.03,3.05,3.05,3.07,3.01,3.45,3.2
2022-07-08,36.20192365189002,36.47689645575785,35.88398368409615,36.25347900390625,2189100.0,-0.8297472004778684,1.58,1.57,1.98,2.68,2.96,3.12,3.14,3.13,3.16,3.09,3.53,3.27
2022-07-09,36.20192365189002,36.47689645575785,35.88398368409615,36.25347900390625,2189100.0,-0.8297472004778684,1.58,1.57,1.98,2.68,2.96,3.12,3.14,3.13,3.16,3.09,3.53,3.27
2022-07-10,36.20192365189002,36.47689645575785,35.88398368409615,36.25347900390625,2189100.0,-0.8297472004778684,1.58,1.57,1.98,2.68,2.96,3.12,3.14,3.13,3.16,3.09,3.53,3.27
2022-07-11,35.901167049462515,36.25347613137398,35.70353056721307,36.17613983154297,2342000.0,-0.6766061089001596,1.58,1.58,2.18,2.79,2.97,3.07,3.09,3.05,3.06,2.99,3.43,3.18
2022-07-12,35.77227589113285,36.05584014243684,35.609008545959064,35.866798400878906,2191200.0,-0.3804070241749287,1.58,1.63,2.22,2.78,3.07,3.03,3.07,3.01,3.01,2.96,3.37,3.13
2022-07-13,35.58323203883711,36.02146890629432,35.46293185082667,35.78086853027344,3760100.0,0.2589200399816036,1.58,1.78,2.39,2.96,3.21,3.13,3.14,3.02,3.0,2.91,3.35,3.08
2022-07-14,34.95594821082783,35.35981591502335,34.40600265154361,35.31684875488281,3958000.0,1.4106799736618996,1.58,1.99,2.4,2.93,3.16,3.15,3.16,3.06,3.05,2.96,3.36,3.11
2022-07-15,35.77227983116769,35.90117149488984,35.428562172039555,35.73790740966797,2467400.0,1.0426840502768755,1.58,1.98,2.37,2.94,3.12,3.13,3.14,3.05,3.03,2.93,3.34,3.1
2022-07-16,35.77227983116769,35.90117149488984,35.428562172039555,35.73790740966797,2467400.0,1.0426840502768755,1.58,1.98,2.37,2.94,3.12,3.13,3.14,3.05,3.03,2.93,3.34,3.1
2022-07-17,35.77227983116769,35.90117149488984,35.428562172039555,35.73790740966797,2467400.0,1.0426840502768755,1.58,1.98,2.37,2.94,3.12,3.13,3.14,3.05,3.03,2.93,3.34,3.1
2022-07-18,36.244880922222265,36.76904875827518,36.19332230168248,36.48548126220703,2869600.0,1.3830551321152598,1.58,1.96,2.5,3.02,3.13,3.15,3.15,3.06,3.05,2.96,3.39,3.14
2022-07-19,36.70890057202658,37.16432360424962,36.665933413720744,37.07839584350586,2989200.0,0.4949496239423751,1.58,1.93,2.52,3.06,3.18,3.23,3.22,3.14,3.11,3.01,3.42,3.17
2022-07-20,37.05261865274339,37.104177281181784,36.68312334377064,37.01824951171875,2201000.0,-0.6280997991561887,1.58,1.92,2.51,3.04,3.18,3.25,3.25,3.18,3.15,3.04,3.43,3.17
2022-07-21,36.494079974458735,36.94091156727564,36.425335139594225,36.915130615234375,2368700.0,0.0185564979910848,1.58,2.15,2.48,3.0,3.11,3.1,3.07,3.0,2.99,2.91,3.33,3.08
2022-07-22,37.05261211603282,37.27602952191693,36.68311687224531,36.872161865234375,1819300.0,0.2522164955735206,1.58,2.15,2.49,2.97,3.01,2.98,2.93,2.87,2.85,2.77,3.23,3.0
2022-07-23,37.05261211603282,37.27602952191693,36.68311687224531,36.872161865234375,1819300.0,0.2522164955735206,1.58,2.15,2.49,2.97,3.01,2.98,2.93,2.87,2.85,2.77,3.23,3.0
2022-07-24,37.05261211603282,37.27602952191693,36.68311687224531,36.872161865234375,1819300.0,0.2522164955735206,1.58,2.15,2.49,2.97,3.01,2.98,2.93,2.87,2.85,2.77,3.23,3.0
2022-07-25,37.12135943329567,37.83456902010101,37.05261460289163,37.8173828125,2604800.0,0.4630422294139862,1.58,2.14,2.62,3.06,3.07,3.0,2.98,2.89,2.89,2.81,3.28,3.04
2022-07-26,37.82598020905922,38.01502522799941,37.50804354096957,37.65412139892578,2895700.0,0.1510349521413446,1.58,2.17,2.55,3.01,3.06,3.02,3.01,2.89,2.88,2.81,3.27,3.03
2022-07-27,37.80879436574327,38.47904012601523,37.64553029740205,38.32436752319336,3041800.0,0.3681853041052818,1.58,2.14,2.44,2.93,3.0,2.96,2.93,2.82,2.83,2.78,3.26,3.03
2022-07-28,38.582159260973995,38.582159260973995,37.93769114377243,38.41889190673828,2829000.0,0.2940122690051794,2.33,2.2,2.42,2.9,2.93,2.85,2.81,2.69,2.69,2.68,3.23,3.02
2022-07-29,38.62512306890715,38.84853724013024,38.24703300969745,38.60793685913086,2818300.0,1.4473825357854364,2.32,2.22,2.41,2.91,2.98,2.89,2.83,2.7,2.7,2.67,3.2,3.0
2022-07-30,38.62512306890715,38.84853724013024,38.24703300969745,38.60793685913086,2818300.0,1.4473825357854364,2.32,2.22,2.41,2.91,2.98,2.89,2.83,2.7,2.7,2.67,3.2,3.0
2022-07-31,38.62512306890715,38.84853724013024,38.24703300969745,38.60793685913086,2818300.0,1.4473825357854364,2.32,2.22,2.41,2.91,2.98,2.89,2.83,2.7,2.7,2.67,3.2,3.0
2022-08-01,38.21266202779731,38.35014842145209,37.73145801103849,38.264217376708984,2318200.0,1.5440449193120005,2.33,2.22,2.56,2.96,2.98,2.9,2.82,2.66,2.64,2.6,3.12,2.92
2022-08-02,38.44467335622588,38.504823452372335,37.77442427669698,37.80020523071289,3288100.0,0.3219579756259918,2.33,2.22,2.56,3.0,3.09,3.06,3.02,2.85,2.82,2.75,3.22,3.0
2022-08-03,37.98065385166134,38.040803945166985,37.628344756299285,37.94628143310547,2276400.0,0.5522849410772324,2.33,2.2,2.52,3.0,3.14,3.1,3.04,2.86,2.81,2.73,3.17,2.96
2022-08-04,37.83457534767235,37.88613397909821,37.104179431112335,37.164329528808594,2976900.0,-0.303000345826149,2.33,2.19,2.5,2.98,3.11,3.03,2.95,2.76,2.73,2.68,3.15,2.97
2022-08-05,36.69171910577984,36.837796973507935,36.442523978313154,36.75186920166016,3746900.0,-5.084524631500244,2.33,2.21,2.58,3.1,3.29,3.24,3.18,2.97,2.91,2.83,3.27,3.06
2022-08-06,36.69171910577984,36.837796973507935,36.442523978313154,36.75186920166016,3746900.0,-5.084524631500244,2.33,2.21,2.58,3.1,3.29,3.24,3.18,2.97,2.91,2.83,3.27,3.06
2022-08-07,36.69171910577984,36.837796973507935,36.442523978313154,36.75186920166016,3746900.0,-5.084524631500244,2.33,2.21,2.58,3.1,3.29,3.24,3.18,2.97,2.91,2.83,3.27,3.06
2022-08-08,37.02684601444741,37.413527585501946,36.98388212387129,37.30181884765625,2265000.0,-0.8409070372581482,2.33,2.23,2.65,3.15,3.3,3.21,3.14,2.91,2.85,2.77,3.22,3.0
2022-08-09,37.490855461001395,37.662714262557394,37.21588268968541,37.310401916503906,2375300.0,-0.2499841153621674,2.33,2.23,2.67,3.16,3.33,3.28,3.2,2.97,2.89,2.8,3.24,3.01
2022-08-10,37.602563592079896,37.8947225922943,37.43070805613491,37.70568084716797,2491500.0,0.3414956629276275,2.33,2.24,2.65,3.13,3.26,3.23,3.13,2.93,2.86,2.78,3.27,3.04
2022-08-11,37.9892464196416,38.30718638360748,37.89472390483738,38.04939651489258,6281000.0,0.6051772385835648,2.33,2.24,2.62,3.08,3.25,3.23,3.16,2.98,2.94,2.87,3.38,3.15
2022-08-12,38.02670889663541,38.096512961631205,37.73003413105387,37.96562576293945,6153100.0,0.7716973274946212,2.33,2.23,2.63,3.13,3.26,3.25,3.18,2.97,2.92,2.84,3.34,3.12
2022-08-13,38.02670889663541,38.096512961631205,37.73003413105387,37.96562576293945,6153100.0,0.7716973274946212,2.33,2.23,2.63,3.13,3.26,3.25,3.18,2.97,2.92,2.84,3.34,3.12
2022-08-14,38.02670889663541,38.096512961631205,37.73003413105387,37.96562576293945,6153100.0,0.7716973274946212,2.33,2.23,2.63,3.13,3.26,3.25,3.18,2.97,2.92,2.84,3.34,3.12
2022-08-15,37.24139101271848,37.42463042136981,37.01452032035049,37.27629470825195,2939100.0,-0.5521336942911147,2.33,2.27,2.72,3.13,3.23,3.2,3.14,2.91,2.86,2.79,3.31,3.1
2022-08-16,37.31119873954959,37.73876073032686,37.250118930667114,37.686405181884766,2975800.0,1.0848154872655866,2.33,2.26,2.7,3.12,3.26,3.25,3.19,2.95,2.9,2.82,3.31,3.11
2022-08-17,37.52061884016623,37.52061884016623,37.23266830715321,37.34610366821289,2251200.0,1.0003846064209936,2.33,2.22,2.68,3.15,3.27,3.28,3.27,3.04,2.99,2.89,3.37,3.15
2022-08-18,37.60787244812991,37.93072666139096,37.49444042264885,37.80856704711914,2893000.0,0.89382503926754,2.33,2.23,2.71,3.12,3.24,3.22,3.23,3.02,2.97,2.88,3.35,3.14
2022-08-19,37.73003417155942,37.834741933465395,37.46825977389488,37.76493453979492,1685000.0,-0.133436594158411,2.33,2.23,2.74,3.16,3.26,3.25,3.28,3.11,3.06,2.98,3.44,3.22
2022-08-20,37.73003417155942,37.834741933465395,37.46825977389488,37.76493453979492,1685000.0,-0.133436594158411,2.33,2.23,2.74,3.16,3.26,3.25,3.28,3.11,3.06,2.98,3.44,3.22
2022-08-21,37.73003417155942,37.834741933465395,37.46825977389488,37.76493453979492,1685000.0,-0.133436594158411,2.33,2.23,2.74,3.16,3.26,3.25,3.28,3.11,3.06,2.98,3.44,3.22
2022-08-22,37.59042549518553,37.66895382597771,37.31992681759028,37.494441986083984,2217300.0,0.9718887042254208,2.33,2.27,2.82,3.23,3.32,3.32,3.36,3.17,3.12,3.03,3.48,3.24
2022-08-23,37.75621406819344,38.21867644756288,37.59042648449121,38.14887237548828,2334200.0,0.3887228891253471,2.33,2.28,2.8,3.21,3.29,3.29,3.35,3.18,3.14,3.05,3.49,3.26
2022-08-24,38.07033948443979,38.576429808585246,38.06161189533731,38.48917388916016,2232800.0,0.6747964918613432,2.33,2.29,2.82,3.28,3.35,3.36,3.4,3.2,3.2,3.11,3.55,3.32
2022-08-25,38.65495838473506,38.75094188560785,38.41063916694955,38.72476577758789,2010900.0,-0.9770402628928424,2.33,2.42,2.88,3.25,3.33,3.35,3.37,3.15,3.11,3.03,3.47,3.25
2022-08-26,38.838195514407104,38.8730992087812,37.97435071454502,38.01797866821289,2478000.0,0.4462330043315887,2.33,2.39,2.89,3.26,3.36,3.37,3.4,3.2,3.14,3.04,3.44,3.21
2022-08-27,38.838195514407104,38.8730992087812,37.97435071454502,38.01797866821289,2478000.0,0.4462330043315887,2.33,2.39,2.89,3.26,3.36,3.37,3.4,3.2,3.14,3.04,3.44,3.21
2022-08-28,38.838195514407104,38.8730992087812,37.97435071454502,38.01797866821289,2478000.0,0.4462330043315887,2.33,2.39,2.89,3.26,3.36,3.37,3.4,3.2,3.14,3.04,3.44,3.21
2022-08-29,38.00925667325045,38.48044326097279,37.86091762762327,38.33210754394531,2131200.0,-0.9190922416746616,2.33,2.45,2.97,3.32,3.43,3.42,3.45,3.27,3.21,3.12,3.5,3.25
2022-08-30,38.19249738542746,38.19249738542746,37.171585865348,37.20648956298828,2922700.0,-0.9199116080999372,2.33,2.43,2.97,3.31,3.48,3.46,3.47,3.27,3.22,3.11,3.49,3.23
2022-08-31,36.84001801565993,36.84874227749697,35.967445373535156,35.967445373535156,5438200.0,0.3830160992220045,2.33,2.4,2.96,3.32,3.5,3.45,3.46,3.3,3.25,3.15,3.53,3.27
2022-09-01,35.775470686315316,35.86272660045179,35.4264403725699,35.78419494628906,4516800.0,0.1925167664885521,2.33,2.53,2.97,3.34,3.51,3.51,3.54,3.39,3.36,3.26,3.64,3.37
2022-09-02,36.22920685474126,36.508429759592474,35.862724711749294,36.0721435546875,4400800.0,0.4100350141525269,2.33,2.49,2.94,3.33,3.47,3.4,3.44,3.3,3.29,3.2,3.61,3.35
2022-09-03,36.22920685474126,36.508429759592474,35.862724711749294,36.0721435546875,4400800.0,0.4100350141525269,2.33,2.49,2.94,3.33,3.47,3.4,3.44,3.3,3.29,3.2,3.61,3.35
2022-09-04,36.22920685474126,36.508429759592474,35.862724711749294,36.0721435546875,4400800.0,0.4100350141525269,2.33,2.49,2.94,3.33,3.47,3.4,3.44,3.3,3.29,3.2,3.61,3.35
2022-09-05,36.22920685474126,36.508429759592474,35.862724711749294,36.0721435546875,4400800.0,0.4100350141525269,2.33,2.49,2.94,3.33,3.47,3.4,3.44,3.3,3.29,3.2,3.61,3.35
2022-09-06,36.16813411284963,36.32519744356427,35.566056902243446,35.627140045166016,2898500.0,-0.0213693827390671,2.33,2.44,3.04,3.4,3.61,3.5,3.55,3.43,3.41,3.33,3.74,3.49
2022-09-07,35.20830028068179,35.9587131896252,35.11232009833325,35.93253707885742,2118000.0,0.1983575564809143,2.33,2.3,3.07,3.42,3.6,3.45,3.5,3.37,3.35,3.27,3.67,3.42
2022-09-08,35.81037292057844,35.94998437465362,35.435166513638976,35.8889045715332,2751900.0,-3.459513015113771,2.33,2.57,3.06,3.44,3.6,3.48,3.54,3.39,3.37,3.29,3.69,3.45
2022-09-09,36.351370587385006,36.56078945410358,36.2204833796109,36.49098205566406,2116600.0,-1.3017125679180026,2.33,2.57,3.08,3.52,3.67,3.56,3.61,3.45,3.42,3.33,3.71,3.47
2022-09-10,36.351370587385006,36.56078945410358,36.2204833796109,36.49098205566406,2116600.0,-1.3017125679180026,2.33,2.57,3.08,3.52,3.67,3.56,3.61,3.45,3.42,3.33,3.71,3.47
2022-09-11,36.351370587385006,36.56078945410358,36.2204833796109,36.49098205566406,2116600.0,-1.3017125679180026,2.33,2.57,3.08,3.52,3.67,3.56,3.61,3.45,3.42,3.33,3.71,3.47
2022-09-12,36.892360295528334,37.55551718873324,36.892360295528334,37.45953369140625,2904700.0,0.9921707212924956,2.33,2.62,3.17,3.56,3.7,3.58,3.6,3.47,3.45,3.37,3.76,3.53
2022-09-13,36.97089508114266,37.154137831854754,36.46480477312794,36.630592346191406,2947700.0,0.2874352633953094,2.33,2.55,3.28,3.75,3.92,3.75,3.75,3.58,3.53,3.42,3.75,3.51
2022-09-14,36.73530011144667,37.32864966469815,36.66549604385231,36.82255935668945,2676900.0,-1.566550649702549,2.33,2.54,3.24,3.76,3.95,3.78,3.79,3.6,3.52,3.41,3.73,3.47
2022-09-15,36.5956905588509,36.770205729850574,36.35137131661137,36.534610748291016,2785700.0,0.4214764274656772,2.33,2.76,3.22,3.78,4.0,3.87,3.85,3.66,3.59,3.45,3.75,3.48
2022-09-16,36.133225355658865,36.1506772042523,35.487520272100944,35.766746520996094,3032600.0,-0.3777110353112219,2.33,2.68,3.2,3.77,3.96,3.85,3.81,3.62,3.56,3.45,3.79,3.52
2022-09-17,36.133225355658865,36.1506772042523,35.487520272100944,35.766746520996094,3032600.0,-0.3777110353112219,2.33,2.68,3.2,3.77,3.96,3.85,3.81,3.62,3.56,3.45,3.79,3.52
2022-09-18,36.133225355658865,36.1506772042523,35.487520272100944,35.766746520996094,3032600.0,-0.3777110353112219,2.33,2.68,3.2,3.77,3.96,3.85,3.81,3.62,3.56,3.45,3.79,3.52
2022-09-19,35.23447851957674,36.08959917105652,35.15594686134901,36.08087158203125,2214800.0,1.0509383976459503,2.33,2.62,3.37,3.87,4.05,3.95,3.9,3.69,3.62,3.49,3.77,3.52
2022-09-20,35.81037713548392,35.88890879568191,35.19085144314421,35.52242660522461,2617300.0,-0.1544509902596473,2.33,2.57,3.35,3.86,4.03,3.96,3.94,3.75,3.69,3.57,3.83,3.59
2022-09-21,35.76675124552885,35.82783105937419,35.025062561035156,35.025062561035156,2596100.0,-0.120139855891466,2.33,2.59,3.31,3.86,4.08,4.02,3.98,3.74,3.65,3.51,3.73,3.5
2022-09-22,35.295563978556686,35.39154750160031,34.86800192007162,34.963985443115234,2372700.0,-0.9250154718756676,3.08,2.73,3.29,3.87,4.08,4.11,4.12,3.91,3.84,3.7,3.9,3.65
2022-09-23,34.3182762992727,34.37935610491729,33.10539778915922,33.183929443359375,6415200.0,0.6960000991821289,3.08,2.67,3.24,3.85,4.15,4.2,4.21,3.96,3.85,3.69,3.87,3.61
2022-09-24,34.3182762992727,34.37935610491729,33.10539778915922,33.183929443359375,6415200.0,0.6960000991821289,3.08,2.67,3.24,3.85,4.15,4.2,4.21,3.96,3.85,3.69,3.87,3.61
2022-09-25,34.3182762992727,34.37935610491729,33.10539778915922,33.183929443359375,6415200.0,0.6960000991821289,3.08,2.67,3.24,3.85,4.15,4.2,4.21,3.96,3.85,3.69,3.87,3.61
2022-09-26,32.965787994898804,33.21011055842124,32.22410270111264,32.468421936035156,6395800.0,0.9132112637162207,3.08,2.73,3.39,3.95,4.17,4.27,4.37,4.15,4.06,3.88,4.01,3.72
2022-09-27,32.78254582102335,33.14902797129018,32.5033229106294,32.73019027709961,4170600.0,1.460612326860428,3.08,2.71,3.35,3.91,4.16,4.3,4.39,4.21,4.14,3.97,4.15,3.87
2022-09-28,32.83490242151439,33.67257117965088,32.57313135067171,33.57658767700195,4427500.0,0.891449550166726,3.08,2.63,3.4,3.87,3.99,4.07,4.12,3.92,3.83,3.72,3.98,3.7
2022-09-29,33.39335071946688,33.39335071946688,32.58185801007377,32.8959846496582,3841400.0,3.056872064247727,3.08,2.78,3.36,3.87,3.98,4.16,4.19,3.98,3.89,3.76,4.0,3.71
2022-09-30,32.852354033222475,33.11412510217809,32.32880856671152,32.3724365234375,3497900.0,1.1499523259699342,3.08,2.79,3.33,3.92,4.05,4.22,4.25,4.06,3.97,3.83,4.08,3.79
2022-10-01,32.852354033222475,33.11412510217809,32.32880856671152,32.3724365234375,3497900.0,1.1499523259699342,3.08,2.79,3.33,3.92,4.05,4.22,4.25,4.06,3.97,3.83,4.08,3.79
2022-10-02,32.852354033222475,33.11412510217809,32.32880856671152,32.3724365234375,3497900.0,1.1499523259699342,3.08,2.79,3.33,3.92,4.05,4.22,4.25,4.06,3.97,3.83,4.08,3.79
2022-10-03,33.13158061666865,33.820910397854306,32.983241553066605,33.5504150390625,4794300.0,1.664355276152491,3.08,2.87,3.46,3.97,4.01,4.12,4.12,3.9,3.79,3.67,4.0,3.73
2022-10-04,33.97797419603451,34.55387195093,33.969249935042214,34.39680862426758,4071300.0,0.4930362664163114,3.08,2.91,3.45,3.98,4.15,4.1,4.08,3.84,3.73,3.62,3.95,3.7
2022-10-05,34.05650564912664,34.327004338619886,33.4980597482633,33.9692497253418,3509500.0,0.973127707839012,3.08,2.89,3.46,4.0,4.14,4.15,4.17,3.96,3.87,3.76,4.05,3.78
2022-10-06,33.69002040203101,33.69874466131914,32.25900221961324,32.450965881347656,5749000.0,-0.4927453283453359,3.08,3.05,3.46,4.04,4.19,4.23,4.24,4.05,3.95,3.83,4.08,3.81
2022-10-07,32.459695026608834,32.75636978563191,32.13684415986596,32.32880783081055,4580100.0,-0.3676605559885502,3.08,3.03,3.45,4.09,4.24,4.3,4.33,4.14,4.03,3.89,4.13,3.86
2022-10-08,32.459695026608834,32.75636978563191,32.13684415986596,32.32880783081055,4580100.0,-0.3676605559885502,3.08,3.03,3.45,4.09,4.24,4.3,4.33,4.14,4.03,3.89,4.13,3.86
2022-10-09,32.459695026608834,32.75636978563191,32.13684415986596,32.32880783081055,4580100.0,-0.3676605559885502,3.08,3.03,3.45,4.09,4.24,4.3,4.33,4.14,4.03,3.89,4.13,3.86
2022-10-10,32.459695026608834,32.75636978563191,32.13684415986596,32.32880783081055,4580100.0,-0.3676605559885502,3.08,3.03,3.45,4.09,4.24,4.3,4.33,4.14,4.03,3.89,4.13,3.86
2022-10-11,31.61330263354358,31.93615354040393,31.32535542704653,31.43878746032715,4520900.0,0.1354125514626503,3.08,3.07,3.67,4.17,4.28,4.3,4.31,4.14,4.06,3.93,4.19,3.92
2022-10-12,31.255546966615984,31.368982324650705,31.037403839641502,31.081031799316406,3452700.0,0.7676247507333754,3.08,3.07,3.7,4.16,4.28,4.28,4.29,4.12,4.03,3.91,4.18,3.9
2022-10-13,30.63601999934645,32.56440436201945,30.55748834378692,32.398616790771484,6052200.0,0.1054453030228614,3.08,3.35,3.79,4.3,4.46,4.47,4.44,4.21,4.11,3.97,4.25,3.97
2022-10-14,32.459700275800294,32.590584164164696,31.31662901059011,31.395160675048828,3693500.0,-0.3416915833950043,3.08,3.3,3.81,4.31,4.5,4.48,4.47,4.25,4.15,4.0,4.26,3.99
2022-10-15,32.459700275800294,32.590584164164696,31.31662901059011,31.395160675048828,3693500.0,-0.3416915833950043,3.08,3.3,3.81,4.31,4.5,4.48,4.47,4.25,4.15,4.0,4.26,3.99
2022-10-16,32.459700275800294,32.590584164164696,31.31662901059011,31.395160675048828,3693500.0,-0.3416915833950043,3.08,3.3,3.81,4.31,4.5,4.48,4.47,4.25,4.15,4.0,4.26,3.99
2022-10-17,31.848886188757067,32.61675067819232,31.7529027115028,32.32007598876953,3140600.0,-4.597176939249039,3.08,3.3,3.97,4.38,4.5,4.45,4.45,4.24,4.15,4.02,4.29,4.04
2022-10-18,32.64293557980852,32.86980295471587,32.06703788962857,32.58185577392578,4212400.0,-1.6375159975141285,3.08,3.25,4.04,4.39,4.5,4.43,4.43,4.21,4.12,4.01,4.27,4.04
2022-10-19,32.54695515683365,32.68656663043519,32.27645979906823,32.538230895996094,2260700.0,-2.7806929498910904,3.08,3.31,4.07,4.45,4.6,4.55,4.56,4.35,4.26,4.14,4.38,4.15
2022-10-20,32.7650920764821,32.957059064491034,32.28517793505922,32.43351364135742,2549300.0,1.028419855509128,3.08,3.58,4.09,4.48,4.66,4.62,4.66,4.45,4.36,4.24,4.47,4.24
2022-10-21,32.459697614818246,33.23628660602445,32.28518244937193,33.05304718017578,3044000.0,0.4928927719593048,3.08,3.55,4.09,4.43,4.58,4.49,4.52,4.34,4.28,4.21,4.54,4.33
2022-10-22,32.459697614818246,33.23628660602445,32.28518244937193,33.05304718017578,3044000.0,0.4928927719593048,3.08,3.55,4.09,4.43,4.58,4.49,4.52,4.34,4.28,4.21,4.54,4.33
2022-10-23,32.459697614818246,33.23628660602445,32.28518244937193,33.05304718017578,3044000.0,0.4928927719593048,3.08,3.55,4.09,4.43,4.58,4.49,4.52,4.34,4.28,4.21,4.54,4.33
2022-10-24,33.05304752910864,33.26246306697503,32.84362866264229,32.88725662231445,2282400.0,0.1943879480240865,3.08,3.57,4.16,4.52,4.61,4.5,4.52,4.36,4.31,4.25,4.59,4.4
2022-10-25,32.895984198793855,33.306091013874926,32.695292921498876,33.27119064331055,2442000.0,0.0310064069926738,3.08,3.56,4.14,4.5,4.6,4.42,4.45,4.25,4.17,4.1,4.45,4.26
2022-10-26,33.47187880038546,33.995420924646474,33.36717104125319,33.70747375488281,3039300.0,0.2479194030165674,3.08,3.54,4.11,4.47,4.54,4.39,4.41,4.2,4.12,4.04,4.38,4.19
2022-10-27,34.10013879202363,34.47534194756055,33.91689601636104,34.07395935058594,2905200.0,0.3024477064609527,3.08,3.76,4.13,4.44,4.5,4.3,4.29,4.09,4.01,3.96,4.32,4.12
2022-10-28,34.03033138632353,34.16121860771106,33.7685602721488,34.07395935058594,3251000.0,1.7292140573263168,3.08,3.75,4.18,4.51,4.55,4.41,4.38,4.19,4.1,4.02,4.38,4.15
2022-10-29,34.03033138632353,34.16121860771106,33.7685602721488,34.07395935058594,3251000.0,1.7292140573263168,3.08,3.75,4.18,4.51,4.55,4.41,4.38,4.19,4.1,4.02,4.38,4.15
2022-10-30,34.03033138632353,34.16121860771106,33.7685602721488,34.07395935058594,3251000.0,1.7292140573263168,3.08,3.75,4.18,4.51,4.55,4.41,4.38,4.19,4.1,4.02,4.38,4.15
2022-10-31,33.85581474955456,34.196117516255775,33.716203272738674,33.98670196533203,2826100.0,0.8848055154085159,3.08,3.73,4.22,4.57,4.66,4.51,4.45,4.27,4.18,4.1,4.44,4.22
2022-11-01,34.58877499267019,34.728386466086214,33.92562132609411,33.96052169799805,8027300.0,1.3462936009746045,3.08,3.72,4.23,4.58,4.75,4.54,4.48,4.27,4.18,4.07,4.37,4.14
2022-11-02,34.05650186689137,34.63239955427386,33.73365099042233,33.7685546875,3072700.0,0.4066569861024616,3.08,3.7,4.22,4.57,4.76,4.61,4.54,4.3,4.2,4.1,4.41,4.15
2022-11-03,33.419521647326434,34.27464218436409,33.27118593974824,34.03904724121094,3011400.0,0.9333070926368237,3.83,3.75,4.25,4.57,4.78,4.71,4.63,4.36,4.26,4.14,4.42,4.18
2022-11-04,34.902896503374535,35.574777660496444,34.64112544531915,35.07741165161133,4245800.0,2.9507088484242554,3.83,3.73,4.21,4.55,4.76,4.66,4.58,4.33,4.26,4.17,4.49,4.27
2022-11-05,34.902896503374535,35.574777660496444,34.64112544531915,35.07741165161133,4245800.0,2.9507088484242554,3.83,3.73,4.21,4.55,4.76,4.66,4.58,4.33,4.26,4.17,4.49,4.27
2022-11-06,34.902896503374535,35.574777660496444,34.64112544531915,35.07741165161133,4245800.0,2.9507088484242554,3.83,3.73,4.21,4.55,4.76,4.66,4.58,4.33,4.26,4.17,4.49,4.27
2022-11-07,35.033790611691856,35.033790611691856,34.52769691477205,34.84182357788086,7784200.0,1.2138089882209897,3.83,3.78,4.29,4.62,4.8,4.72,4.63,4.39,4.31,4.22,4.55,4.34
2022-11-08,34.82437126860045,35.10359422577919,34.49279275872562,35.025062561035156,3514800.0,0.0927149206399915,3.83,3.66,4.28,4.6,4.77,4.67,4.55,4.31,4.22,4.14,4.47,4.28
2022-11-09,34.902896187682714,35.09486318186683,34.178659494060504,34.26591873168945,2968200.0,1.653690218925476,3.83,3.65,4.29,4.59,4.75,4.61,4.49,4.27,4.2,4.12,4.5,4.31
2022-11-10,34.93780795496017,35.749300745103575,34.87672813880747,35.69694519042969,2833600.0,2.0610583126544952,3.83,3.71,4.28,4.52,4.59,4.34,4.17,3.95,3.89,3.82,4.24,4.03
2022-11-11,34.93780795496017,35.749300745103575,34.87672813880747,35.69694519042969,2833600.0,2.0610583126544952,3.83,3.71,4.28,4.52,4.59,4.34,4.17,3.95,3.89,3.82,4.24,4.03
2022-11-12,34.93780795496017,35.749300745103575,34.87672813880747,35.69694519042969,2833600.0,2.0610583126544952,3.83,3.71,4.28,4.52,4.59,4.34,4.17,3.95,3.89,3.82,4.24,4.03
2022-11-13,34.93780795496017,35.749300745103575,34.87672813880747,35.69694519042969,2833600.0,2.0610583126544952,3.83,3.71,4.28,4.52,4.59,4.34,4.17,3.95,3.89,3.82,4.24,4.03
2022-11-14,36.5432758369619,36.55214100376488,35.524001424200016,35.594905853271484,7562500.0,-0.7383450269699096,3.83,3.72,4.34,4.55,4.63,4.4,4.24,4.0,3.95,3.88,4.28,4.07
2022-11-15,36.10010708615013,36.10010708615013,35.63035474381815,35.781028747558594,3008400.0,0.1299861138686537,3.83,3.77,4.31,4.54,4.6,4.37,4.17,3.93,3.88,3.8,4.2,3.98
2022-11-16,35.789889947784744,35.99374477906108,35.66580469231825,35.834205627441406,2957100.0,0.3300923518836497,3.83,3.81,4.32,4.54,4.62,4.35,4.13,3.83,3.77,3.67,4.03,3.85
2022-11-17,35.417638848376555,35.80762503254006,35.364461373132734,35.736717224121094,2790600.0,-0.3386752642691136,3.83,3.93,4.32,4.57,4.68,4.43,4.22,3.93,3.87,3.77,4.1,3.89
2022-11-18,35.541727627265416,35.78990160006719,35.45309623909597,35.763309478759766,2064000.0,0.3462774902582169,3.83,3.93,4.34,4.61,4.74,4.51,4.28,3.99,3.92,3.82,4.13,3.92
2022-11-19,35.541727627265416,35.78990160006719,35.45309623909597,35.763309478759766,2064000.0,0.3462774902582169,3.83,3.93,4.34,4.61,4.74,4.51,4.28,3.99,3.92,3.82,4.13,3.92
2022-11-20,35.541727627265416,35.78990160006719,35.45309623909597,35.763309478759766,2064000.0,0.3462774902582169,3.83,3.93,4.34,4.61,4.74,4.51,4.28,3.99,3.92,3.82,4.13,3.92
2022-11-21,35.42650097485572,35.66580973612796,35.09855746066593,35.63035583496094,2843800.0,0.000938355922699,3.83,3.97,4.41,4.65,4.75,4.48,4.32,3.97,3.94,3.83,4.14,3.91
2022-11-22,35.90511820090237,36.56100190455815,35.90511820090237,36.34828186035156,3280600.0,0.957416197285056,3.83,3.97,4.4,4.68,4.79,4.47,4.27,3.93,3.86,3.76,4.05,3.83
2022-11-23,36.23306348040047,36.773723711820814,36.162155668575245,36.7382698059082,2855600.0,0.9586244123056528,3.83,4.12,4.4,4.67,4.75,4.46,4.23,3.88,3.81,3.71,3.97,3.74
2022-11-24,36.23306348040047,36.773723711820814,36.162155668575245,36.7382698059082,2855600.0,0.9586244123056528,3.83,4.12,4.4,4.67,4.75,4.46,4.23,3.88,3.81,3.71,3.97,3.74
2022-11-25,36.85348807054869,37.33210220804758,36.84462290479552,36.99530029296875,1341800.0,0.5481804255396127,3.83,4.16,4.41,4.67,4.76,4.42,4.2,3.85,3.78,3.68,3.97,3.74
2022-11-26,36.85348807054869,37.33210220804758,36.84462290479552,36.99530029296875,1341800.0,0.5481804255396127,3.83,4.16,4.41,4.67,4.76,4.42,4.2,3.85,3.78,3.68,3.97,3.74
2022-11-27,36.85348807054869,37.33210220804758,36.84462290479552,36.99530029296875,1341800.0,0.5481804255396127,3.83,4.16,4.41,4.67,4.76,4.42,4.2,3.85,3.78,3.68,3.97,3.74
2022-11-28,36.60532068748826,36.942126043829866,36.41033095998159,36.51668930053711,2298200.0,-0.5857293754816054,3.83,4.11,4.41,4.72,4.76,4.46,4.22,3.88,3.8,3.69,3.97,3.74
2022-11-29,36.61417997057283,36.711673128122726,36.20646686533719,36.21533203125,3407200.0,0.1219608215615154,3.83,4.08,4.38,4.72,4.78,4.48,4.24,3.92,3.85,3.75,4.02,3.81
2022-11-30,36.62303953965353,37.01302228946887,36.05579067407852,36.59645080566406,4728100.0,1.905739270150661,3.83,4.07,4.37,4.7,4.74,4.38,4.13,3.82,3.76,3.68,4.0,3.8
2022-12-01,36.80917669617868,36.880084512741824,36.22420073381593,36.30397033691406,3321000.0,0.3850608021020888,3.83,4.04,4.33,4.65,4.66,4.25,3.98,3.68,3.62,3.53,3.85,3.64
2022-12-02,36.08238672589627,36.286241616989,35.798762235587205,35.99375534057617,3040400.0,1.478189934045076,3.83,3.91,4.34,4.65,4.69,4.28,3.99,3.67,3.61,3.51,3.79,3.56
2022-12-03,36.08238672589627,36.286241616989,35.798762235587205,35.99375534057617,3040400.0,1.478189934045076,3.83,3.91,4.34,4.65,4.69,4.28,3.99,3.67,3.61,3.51,3.79,3.56
2022-12-04,36.08238672589627,36.286241616989,35.798762235587205,35.99375534057617,3040400.0,1.478189934045076,3.83,3.91,4.34,4.65,4.69,4.28,3.99,3.67,3.61,3.51,3.79,3.56
2022-12-05,36.055789807741384,36.18874023663413,35.31127484429567,35.382179260253906,2565300.0,1.8922677040100095,3.83,3.93,4.36,4.73,4.77,4.41,4.13,3.8,3.72,3.6,3.84,3.62
2022-12-06,35.25810074829866,35.52400165700303,34.75289443147315,34.91243362426758,2712300.0,0.3438263237476348,3.83,3.87,4.37,4.74,4.73,4.34,4.07,3.73,3.64,3.51,3.77,3.52
2022-12-07,34.91243036962114,35.18719303850185,34.708575504736814,34.79720687866211,2415900.0,-0.3359476756304503,3.83,3.79,4.29,4.72,4.67,4.26,3.97,3.62,3.54,3.42,3.66,3.42
2022-12-08,35.169466386920526,35.18719333807054,34.602217474400874,34.7706184387207,2131400.0,0.6142712980508803,3.83,3.75,4.28,4.71,4.71,4.31,4.04,3.71,3.63,3.48,3.71,3.44
2022-12-09,34.56676426819085,34.983339175929494,34.56676426819085,34.68198776245117,2247500.0,-0.6007616296410561,3.83,3.81,4.31,4.72,4.72,4.33,4.07,3.75,3.69,3.57,3.82,3.56
2022-12-10,34.56676426819085,34.983339175929494,34.56676426819085,34.68198776245117,2247500.0,-0.6007616296410561,3.83,3.81,4.31,4.72,4.72,4.33,4.07,3.75,3.69,3.57,3.82,3.56
2022-12-11,34.56676426819085,34.983339175929494,34.56676426819085,34.68198776245117,2247500.0,-0.6007616296410561,3.83,3.81,4.31,4.72,4.72,4.33,4.07,3.75,3.69,3.57,3.82,3.56
2022-12-12,34.69084810172357,34.88584117910273,34.5579010425679,34.876976013183594,17834100.0,-1.126687679439783,3.83,3.86,4.38,4.78,4.75,4.39,4.1,3.8,3.73,3.61,3.84,3.57
2022-12-13,35.33787215123387,35.66581572044888,35.1340172569241,35.28469467163086,5438000.0,0.3210065364837646,3.83,3.89,4.35,4.7,4.64,4.22,3.96,3.66,3.6,3.51,3.74,3.53
2022-12-14,35.25809518522591,35.53285783636842,34.97447074969105,35.19605255126953,3887300.0,-0.0915605276823045,3.83,3.91,4.33,4.68,4.64,4.23,3.94,3.64,3.59,3.49,3.74,3.52
2022-12-15,35.00993276412393,35.00993276412393,34.29200634342099,34.50472640991211,3369400.0,-0.3229638207703827,4.33,3.95,4.34,4.7,4.65,4.23,3.96,3.62,3.56,3.44,3.69,3.48
2022-12-16,34.08814284266938,34.22995505752175,33.68929493181273,34.00837326049805,4599200.0,0.8997324407100677,4.33,3.94,4.31,4.68,4.61,4.17,3.91,3.61,3.58,3.48,3.73,3.53
2022-12-17,34.08814284266938,34.22995505752175,33.68929493181273,34.00837326049805,4599200.0,0.8997324407100677,4.33,3.94,4.31,4.68,4.61,4.17,3.91,3.61,3.58,3.48,3.73,3.53
2022-12-18,34.08814284266938,34.22995505752175,33.68929493181273,34.00837326049805,4599200.0,0.8997324407100677,4.33,3.94,4.31,4.68,4.61,4.17,3.91,3.61,3.58,3.48,3.73,3.53
2022-12-19,34.19450731164366,34.23882299842694,33.43226532711858,33.59180450439453,8478000.0,0.3155353665351866,4.33,3.95,4.37,4.71,4.64,4.25,3.99,3.7,3.67,3.57,3.82,3.62
2022-12-20,33.72475606870851,34.30087021704214,33.64498646941725,34.114742279052734,3547500.0,0.3549451678991316,4.33,3.89,4.35,4.7,4.64,4.25,4.03,3.79,3.78,3.69,3.94,3.74
2022-12-21,34.48699004732479,34.868111000886806,34.38063173363091,34.823795318603516,5296100.0,0.978160724043846,4.33,3.9,4.33,4.67,4.6,4.21,4.0,3.78,3.77,3.68,3.93,3.74
2022-12-22,34.70857818030169,34.770620823046094,33.88429349118847,34.41609191894531,2970600.0,0.1895448938012122,4.33,3.8,4.35,4.66,4.64,4.24,4.02,3.79,3.77,3.67,3.91,3.73
2022-12-23,34.56676623132366,35.04538380598352,34.50472358806077,35.001068115234375,2215200.0,0.3084385842084884,4.33,3.8,4.34,4.67,4.66,4.31,4.09,3.86,3.83,3.75,3.99,3.82
2022-12-24,34.56676623132366,35.04538380598352,34.50472358806077,35.001068115234375,2215200.0,0.3084385842084884,4.33,3.8,4.34,4.67,4.66,4.31,4.09,3.86,3.83,3.75,3.99,3.82
2022-12-25,34.56676623132366,35.04538380598352,34.50472358806077,35.001068115234375,2215200.0,0.3084385842084884,4.33,3.8,4.34,4.67,4.66,4.31,4.09,3.86,3.83,3.75,3.99,3.82
2022-12-26,34.56676623132366,35.04538380598352,34.50472358806077,35.001068115234375,2215200.0,0.3084385842084884,4.33,3.8,4.34,4.67,4.66,4.31,4.09,3.86,3.83,3.75,3.99,3.82
2022-12-27,34.956747937420616,35.19605671717907,34.88584351067943,35.15174102783203,1586400.0,-0.0220366083085537,4.33,3.87,4.46,4.76,4.75,4.32,4.17,3.94,3.93,3.84,4.1,3.93
2022-12-28,35.10742621114063,35.2226497111633,34.35404594923292,34.39836502075195,2305100.0,-0.4759574159979819,4.33,3.86,4.46,4.75,4.71,4.31,4.18,3.97,3.97,3.88,4.13,3.98
2022-12-29,34.4869938775185,34.903568775600725,34.44267819031342,34.80607223510742,1686400.0,0.1541632283478975,4.33,4.04,4.45,4.73,4.71,4.34,4.16,3.94,3.91,3.83,4.09,3.92
2022-12-30,34.61994498600878,34.86811554398617,34.566764131697795,34.6553955078125,1948000.0,0.062553660944104,4.33,4.12,4.42,4.76,4.73,4.41,4.22,3.99,3.96,3.88,4.14,3.97
2022-12-31,34.61994498600878,34.86811554398617,34.566764131697795,34.6553955078125,1948000.0,0.062553660944104,4.33,4.12,4.42,4.76,4.73,4.41,4.22,3.99,3.96,3.88,4.14,3.97
2023-01-01,34.61994498600878,34.86811554398617,34.566764131697795,34.6553955078125,1948000.0,0.062553660944104,4.33,4.12,4.42,4.76,4.73,4.41,4.22,3.99,3.96,3.88,4.14,3.97
2023-01-02,34.61994498600878,34.86811554398617,34.566764131697795,34.6553955078125,1948000.0,0.062553660944104,4.33,4.12,4.42,4.76,4.73,4.41,4.22,3.99,3.96,3.88,4.14,3.97
2023-01-03,34.48699494269312,34.823800261780775,34.3097288073275,34.593353271484375,2926300.0,0.025804251432419,4.33,4.17,4.53,4.77,4.72,4.4,4.18,3.94,3.89,3.79,4.06,3.88
2023-01-04,34.708580623777365,35.4796845100793,34.708580623777365,35.24924087524414,4101900.0,0.0724271051585674,4.33,4.2,4.55,4.77,4.71,4.36,4.11,3.85,3.79,3.69,3.97,3.81
2023-01-05,35.116287475227175,35.28469182992915,34.80607426562418,35.107425689697266,2282800.0,0.5951205790042876,4.33,4.3,4.66,4.81,4.78,4.45,4.18,3.9,3.82,3.71,3.96,3.78
2023-01-06,35.39991469754873,36.03807149953663,35.3024215248634,35.91398620605469,3519400.0,0.3068553656339645,4.33,4.32,4.67,4.79,4.71,4.24,3.96,3.69,3.63,3.55,3.84,3.67
2023-01-07,35.39991469754873,36.03807149953663,35.3024215248634,35.91398620605469,3519400.0,0.3068553656339645,4.33,4.32,4.67,4.79,4.71,4.24,3.96,3.69,3.63,3.55,3.84,3.67
2023-01-08,35.39991469754873,36.03807149953663,35.3024215248634,35.91398620605469,3519400.0,0.3068553656339645,4.33,4.32,4.67,4.79,4.71,4.24,3.96,3.69,3.63,3.55,3.84,3.67
2023-01-09,36.2685125097022,36.463505603110406,36.215335034096626,36.33942031860352,2397500.0,0.5700495596975088,4.33,4.37,4.7,4.83,4.69,4.19,3.93,3.66,3.6,3.53,3.83,3.66
2023-01-10,36.48123260960504,36.48123260960504,36.020341994272094,36.32169342041016,2209600.0,0.538330428302288,4.33,4.41,4.73,4.85,4.74,4.24,3.94,3.72,3.67,3.61,3.91,3.74
2023-01-11,36.48123107280279,36.69395110979177,36.3039649388237,36.61418151855469,1871600.0,1.1711908504366872,4.33,4.42,4.72,4.84,4.73,4.2,3.9,3.66,3.61,3.54,3.84,3.67
2023-01-12,36.85349431147117,37.22575019046187,36.61418551166115,37.154842376708984,2613000.0,1.1423499006778,4.33,4.57,4.66,4.76,4.66,4.12,3.79,3.53,3.48,3.43,3.73,3.56
2023-01-13,37.00415777811414,37.261193457969746,36.80916472704166,37.01301956176758,3010600.0,0.2224767953157424,4.33,4.58,4.67,4.77,4.69,4.22,3.88,3.6,3.55,3.49,3.79,3.61
2023-01-14,37.00415777811414,37.261193457969746,36.80916472704166,37.01301956176758,3010600.0,0.2224767953157424,4.33,4.58,4.67,4.77,4.69,4.22,3.88,3.6,3.55,3.49,3.79,3.61
2023-01-15,37.00415777811414,37.261193457969746,36.80916472704166,37.01301956176758,3010600.0,0.2224767953157424,4.33,4.58,4.67,4.77,4.69,4.22,3.88,3.6,3.55,3.49,3.79,3.61
2023-01-16,37.00415777811414,37.261193457969746,36.80916472704166,37.01301956176758,3010600.0,0.2224767953157424,4.33,4.58,4.67,4.77,4.69,4.22,3.88,3.6,3.55,3.49,3.79,3.61
2023-01-17,36.880080770424215,37.075073865115606,36.83576508010447,36.94212341308594,2359600.0,0.0932356398552655,4.33,4.6,4.71,4.82,4.67,4.18,3.86,3.6,3.57,3.53,3.81,3.64
2023-01-18,37.06621114598956,37.32324690031543,36.47237341813738,36.5078239440918,2219400.0,1.1469365805387497,4.33,4.59,4.69,4.79,4.63,4.06,3.72,3.43,3.4,3.37,3.65,3.54
2023-01-19,36.374876128107694,36.81803981373941,36.33942222180021,36.67622756958008,1893100.0,0.8889367580413817,4.33,4.69,4.71,4.79,4.65,4.09,3.76,3.48,3.43,3.39,3.69,3.57
2023-01-20,36.7205406689128,37.14597737134861,36.41032746330451,37.101661682128906,2506200.0,-1.5042275562882423,4.33,4.69,4.72,4.8,4.68,4.14,3.83,3.56,3.51,3.48,3.77,3.66
2023-01-21,36.7205406689128,37.14597737134861,36.41032746330451,37.101661682128906,2506200.0,-1.5042275562882423,4.33,4.69,4.72,4.8,4.68,4.14,3.83,3.56,3.51,3.48,3.77,3.66
2023-01-22,36.7205406689128,37.14597737134861,36.41032746330451,37.101661682128906,2506200.0,-1.5042275562882423,4.33,4.69,4.72,4.8,4.68,4.14,3.83,3.56,3.51,3.48,3.77,3.66
2023-01-23,37.21688512510677,37.27892776613865,36.90666853887696,37.119388580322266,2152200.0,-0.5997383687645197,4.33,4.69,4.73,4.82,4.7,4.21,3.88,3.61,3.56,3.52,3.8,3.69
2023-01-24,37.09279037593403,37.09279037593403,36.46349890239348,36.80916595458984,4284700.0,-0.1790123004466297,4.33,4.7,4.72,4.84,4.7,4.12,3.86,3.58,3.52,3.46,3.73,3.62
2023-01-25,36.534412530822365,36.64963264590234,35.71898965347681,35.869667053222656,4082000.0,0.7040076702833173,4.33,4.67,4.72,4.79,4.67,4.11,3.84,3.54,3.51,3.46,3.74,3.62
2023-01-26,36.188744503318794,36.241921976289674,35.83421223851836,36.029205322265625,2652200.0,1.4141073934733863,4.33,4.61,4.71,4.79,4.68,4.17,3.88,3.58,3.54,3.49,3.75,3.62
2023-01-27,36.02033900631463,36.383733044654186,35.92284246755302,36.19760513305664,2957800.0,0.70405575633049,4.33,4.61,4.73,4.81,4.68,4.19,3.9,3.62,3.58,3.52,3.77,3.64
2023-01-28,36.02033900631463,36.383733044654186,35.92284246755302,36.19760513305664,2957800.0,0.70405575633049,4.33,4.61,4.73,4.81,4.68,4.19,3.9,3.62,3.58,3.52,3.77,3.64
2023-01-29,36.02033900631463,36.383733044654186,35.92284246755302,36.19760513305664,2957800.0,0.70405575633049,4.33,4.61,4.73,4.81,4.68,4.19,3.9,3.62,3.58,3.52,3.77,3.64
2023-01-30,36.1621565469196,36.26851488617021,35.90512079441586,35.922847747802734,2255400.0,0.1988407149910927,4.33,4.6,4.72,4.82,4.71,4.25,3.96,3.68,3.62,3.55,3.79,3.66
2023-01-31,35.91398390299662,36.32169366431226,35.81648735549278,36.31283187866211,3256100.0,0.7131186239421367,4.33,4.58,4.7,4.8,4.68,4.21,3.9,3.63,3.59,3.52,3.78,3.65
2023-02-01,36.383737645491514,36.46350724355903,35.72785728899915,36.091251373291016,4433900.0,0.975588232278824,4.33,4.59,4.66,4.79,4.66,4.09,3.75,3.48,3.43,3.39,3.67,3.55
2023-02-02,36.23306419370354,36.35714948576992,35.91398579634962,35.97602844238281,3428000.0,0.1921140495687721,4.58,4.62,4.66,4.76,4.64,4.09,3.75,3.49,3.44,3.4,3.67,3.55
2023-02-03,35.80762371375676,36.13556386294054,35.701262005045585,35.95829772949219,3110400.0,0.6798389330506324,4.58,4.61,4.7,4.82,4.79,4.3,3.96,3.67,3.61,3.53,3.77,3.63
2023-02-04,35.80762371375676,36.13556386294054,35.701262005045585,35.95829772949219,3110400.0,0.6798389330506324,4.58,4.61,4.7,4.82,4.79,4.3,3.96,3.67,3.61,3.53,3.77,3.63
2023-02-05,35.80762371375676,36.13556386294054,35.701262005045585,35.95829772949219,3110400.0,0.6798389330506324,4.58,4.61,4.7,4.82,4.79,4.3,3.96,3.67,3.61,3.53,3.77,3.63
2023-02-06,35.922848292353784,36.12670318778711,35.57718114874637,35.88739776611328,2610500.0,0.9092327505350112,4.58,4.61,4.71,4.89,4.85,4.44,4.1,3.81,3.73,3.63,3.82,3.67
2023-02-07,35.851946068846225,36.32169853592937,35.71899559876905,36.11784362792969,2677900.0,-0.5098703796975315,4.58,4.62,4.71,4.89,4.88,4.47,4.11,3.85,3.78,3.67,3.87,3.72
2023-02-08,35.81648338543905,35.86966423665647,34.894702250757554,35.045379638671875,5168700.0,0.5871841609477997,4.58,4.64,4.72,4.88,4.87,4.45,4.08,3.82,3.75,3.63,3.86,3.7
2023-02-09,35.11628147519353,35.42649801286275,34.74402568727426,34.841522216796875,3608600.0,0.5655184356146491,4.57,4.66,4.77,4.9,4.88,4.48,4.15,3.87,3.79,3.67,3.9,3.75
2023-02-10,35.089701063542215,36.029209302298675,35.0010696780864,35.97602844238281,3695700.0,-2.71837755292654,4.58,4.66,4.79,4.89,4.89,4.5,4.19,3.93,3.86,3.74,3.96,3.83
2023-02-11,35.089701063542215,36.029209302298675,35.0010696780864,35.97602844238281,3695700.0,-2.71837755292654,4.58,4.66,4.79,4.89,4.89,4.5,4.19,3.93,3.86,3.74,3.96,3.83
2023-02-12,35.089701063542215,36.029209302298675,35.0010696780864,35.97602844238281,3695700.0,-2.71837755292654,4.58,4.66,4.79,4.89,4.89,4.5,4.19,3.93,3.86,3.74,3.96,3.83
2023-02-13,35.967157593660644,36.26850558070832,35.85193411674432,36.25078201293945,6664500.0,-0.719575297087431,4.58,4.66,4.81,4.99,4.91,4.52,4.22,3.93,3.84,3.72,3.92,3.79
2023-02-14,36.075995632603714,36.13906527863318,35.55341463745901,35.832725524902344,4916400.0,0.0714716389775274,4.58,4.63,4.8,4.98,4.99,4.6,4.32,4.0,3.9,3.77,3.94,3.81
2023-02-15,35.472321868781826,35.68856309353653,35.3191537222354,35.59846115112305,4033700.0,0.5105027430690824,4.58,4.64,4.79,4.97,4.96,4.62,4.35,4.04,3.94,3.81,3.97,3.85
2023-02-16,35.13895570616271,35.59846361463893,34.97677563563278,35.28311538696289,3683400.0,-0.093840155750513,4.58,4.66,4.84,4.98,4.99,4.62,4.35,4.06,3.98,3.86,4.05,3.92
2023-02-17,34.994793662342055,35.2020229746843,34.67944545595987,35.04885482788086,3549000.0,0.6342933177947998,4.58,4.64,4.84,4.99,5.0,4.6,4.33,4.03,3.95,3.82,4.01,3.88
2023-02-18,34.994793662342055,35.2020229746843,34.67944545595987,35.04885482788086,3549000.0,0.6342933177947998,4.58,4.64,4.84,4.99,5.0,4.6,4.33,4.03,3.95,3.82,4.01,3.88
2023-02-19,34.994793662342055,35.2020229746843,34.67944545595987,35.04885482788086,3549000.0,0.6342933177947998,4.58,4.64,4.84,4.99,5.0,4.6,4.33,4.03,3.95,3.82,4.01,3.88
2023-02-20,34.994793662342055,35.2020229746843,34.67944545595987,35.04885482788086,3549000.0,0.6342933177947998,4.58,4.64,4.84,4.99,5.0,4.6,4.33,4.03,3.95,3.82,4.01,3.88
2023-02-21,34.697462024688974,34.89568285910702,34.26498301626221,34.310035705566406,2912600.0,-0.009449940174818,4.58,4.63,4.86,5.07,5.07,4.67,4.44,4.16,4.08,3.95,4.12,3.98
2023-02-22,34.26498383158884,34.65241359696783,33.8144844241284,34.05775451660156,6886000.0,-0.72422339906916,4.58,4.62,4.84,5.08,5.07,4.66,4.43,4.13,4.07,3.93,4.09,3.94
2023-02-23,34.517264325474706,34.53528471342855,33.87755258274458,34.10280227661133,5627900.0,0.6696765758097172,4.58,4.66,4.84,5.05,5.03,4.66,4.4,4.09,4.02,3.88,4.04,3.88
2023-02-24,33.787459581053035,34.09379935206944,33.68834914968918,34.07577896118164,3461000.0,-0.0098979966714978,4.58,4.68,4.86,5.06,5.05,4.78,4.52,4.19,4.1,3.95,4.11,3.93
2023-02-25,33.787459581053035,34.09379935206944,33.68834914968918,34.07577896118164,3461000.0,-0.0098979966714978,4.58,4.68,4.86,5.06,5.05,4.78,4.52,4.19,4.1,3.95,4.11,3.93
2023-02-26,33.787459581053035,34.09379935206944,33.68834914968918,34.07577896118164,3461000.0,-0.0098979966714978,4.58,4.68,4.86,5.06,5.05,4.78,4.52,4.19,4.1,3.95,4.11,3.93
2023-02-27,34.29201459178381,34.670432427262455,34.192904176671526,34.25597381591797,3031000.0,0.3453996628522872,4.57,4.67,4.89,5.18,5.03,4.78,4.49,4.17,4.08,3.92,4.11,3.93
2023-02-28,34.28300543125697,34.31904621001587,33.79646522912534,33.805477142333984,3960300.0,0.8561710361391304,4.57,4.65,4.88,5.17,5.02,4.81,4.51,4.18,4.07,3.92,4.1,3.93
2023-03-01,33.8865660366191,34.39112317412709,33.832504870298514,34.24696350097656,4163000.0,4.357900330796838,4.58,4.67,4.9,5.2,5.06,4.89,4.61,4.27,4.17,4.01,4.17,3.97
2023-03-02,34.328054312660726,34.87766415312116,34.12082499260869,34.83261489868164,3546000.0,1.2385906503768631,4.57,4.75,4.91,5.18,5.04,4.89,4.63,4.32,4.24,4.08,4.24,4.03
2023-03-03,34.78756766052167,35.11192781054654,34.75152688006602,35.0128173828125,3125900.0,-0.385266214609146,4.57,4.75,4.91,5.18,5.03,4.86,4.6,4.26,4.15,3.97,4.12,3.9
2023-03-04,34.78756766052167,35.11192781054654,34.75152688006602,35.0128173828125,3125900.0,-0.385266214609146,4.57,4.75,4.91,5.18,5.03,4.86,4.6,4.26,4.15,3.97,4.12,3.9
2023-03-05,34.78756766052167,35.11192781054654,34.75152688006602,35.0128173828125,3125900.0,-0.385266214609146,4.57,4.75,4.91,5.18,5.03,4.86,4.6,4.26,4.15,3.97,4.12,3.9
2023-03-06,35.04885386041165,35.09390311193164,34.82360416577414,34.97677230834961,2930600.0,0.968862587062176,4.57,4.75,4.93,5.22,5.05,4.89,4.61,4.27,4.16,3.98,4.14,3.92
2023-03-07,35.01281421794687,35.01281421794687,34.28300394635965,34.53528594970703,5539600.0,0.5155766643583775,4.57,4.8,5.04,5.32,5.22,5.0,4.66,4.31,4.17,3.97,4.11,3.88
2023-03-08,34.47221321611166,34.7785529512842,34.3911231851237,34.5893440246582,2870100.0,0.3355673849582672,4.57,4.77,5.06,5.34,5.25,5.05,4.71,4.34,4.19,3.98,4.11,3.88
2023-03-09,34.68845457171716,35.039843561608514,34.16587360631318,34.228946685791016,4133500.0,-0.1863374263048172,4.57,4.83,5.05,5.32,5.18,4.9,4.56,4.22,4.1,3.93,4.09,3.88
2023-03-10,34.39112745020214,34.517270187301015,33.8775583359331,34.09379959106445,3853700.0,0.8595679402351378,4.57,4.81,5.01,5.17,4.9,4.6,4.31,3.96,3.86,3.7,3.9,3.7
2023-03-11,34.39112745020214,34.517270187301015,33.8775583359331,34.09379959106445,3853700.0,0.8595679402351378,4.57,4.81,5.01,5.17,4.9,4.6,4.31,3.96,3.86,3.7,3.9,3.7
2023-03-12,34.39112745020214,34.517270187301015,33.8775583359331,34.09379959106445,3853700.0,0.8595679402351378,4.57,4.81,5.01,5.17,4.9,4.6,4.31,3.96,3.86,3.7,3.9,3.7
2023-03-13,33.80547449410577,34.616371330430546,33.715372554266864,34.44518280029297,7196500.0,0.486167550086975,4.58,4.62,4.87,4.81,4.3,4.03,3.88,3.68,3.65,3.55,3.85,3.7
2023-03-14,34.58935036711711,34.97678020431849,34.129842398619715,34.46321105957031,3487900.0,0.486167550086975,4.58,4.47,4.88,4.93,4.45,4.2,4.05,3.78,3.74,3.64,3.91,3.77
2023-03-15,33.81448997272406,33.81448997272406,32.526061181006824,32.967552185058594,7605200.0,0.455620802938938,4.58,4.23,4.75,4.73,4.19,3.93,3.83,3.59,3.57,3.51,3.82,3.7
2023-03-16,32.69724792937209,33.354976654052734,32.58011712066416,33.354976654052734,5294000.0,0.5628695115447042,4.58,4.22,4.74,4.94,4.49,4.14,3.99,3.72,3.67,3.56,3.87,3.71
2023-03-17,33.27388987307907,33.33695952153514,32.72427999050064,32.940521240234375,4391300.0,-0.1495162546634675,4.58,4.31,4.52,4.71,4.26,3.81,3.68,3.44,3.45,3.39,3.76,3.6
2023-03-18,33.27388987307907,33.33695952153514,32.72427999050064,32.940521240234375,4391300.0,-0.1495162546634675,4.58,4.31,4.52,4.71,4.26,3.81,3.68,3.44,3.45,3.39,3.76,3.6
2023-03-19,33.27388987307907,33.33695952153514,32.72427999050064,32.940521240234375,4391300.0,-0.1495162546634675,4.58,4.31,4.52,4.71,4.26,3.81,3.68,3.44,3.45,3.39,3.76,3.6
2023-03-20,32.93150934221662,33.66131969374993,32.92250086544917,33.472110748291016,4530000.0,0.1931848935782908,4.58,4.34,4.81,4.8,4.34,3.92,3.77,3.56,3.55,3.47,3.83,3.65
2023-03-21,33.67933366197851,33.88656295849362,33.29190393113453,33.409034729003906,3545900.0,-0.7735330685973167,4.58,4.07,4.78,4.96,4.68,4.17,3.98,3.73,3.68,3.59,3.9,3.73
2023-03-22,33.55319536726841,33.78745353279931,32.949524410222885,32.985565185546875,4797800.0,-0.412237524986267,4.58,4.16,4.79,4.95,4.56,3.96,3.76,3.54,3.53,3.48,3.83,3.68
2023-03-23,33.111710581383925,33.43607074516848,32.67923150868389,32.84141159057617,4219500.0,-0.412237524986267,4.83,4.26,4.73,4.8,4.38,3.76,3.57,3.39,3.39,3.38,3.78,3.66
2023-03-24,32.499026086122136,33.120714013999255,32.273776388582036,33.093685150146484,3257800.0,0.3422495275735853,4.83,4.28,4.74,4.76,4.32,3.76,3.58,3.41,3.4,3.38,3.77,3.64
2023-03-25,32.499026086122136,33.120714013999255,32.273776388582036,33.093685150146484,3257800.0,0.3422495275735853,4.83,4.28,4.74,4.76,4.32,3.76,3.58,3.41,3.4,3.38,3.77,3.64
2023-03-26,32.499026086122136,33.120714013999255,32.273776388582036,33.093685150146484,3257800.0,0.3422495275735853,4.83,4.28,4.74,4.76,4.32,3.76,3.58,3.41,3.4,3.38,3.77,3.64
2023-03-27,33.32794957916101,33.33695805552799,32.97655713416657,33.17477798461914,2328000.0,1.6623186096549032,4.83,4.22,4.91,4.86,4.51,3.94,3.79,3.59,3.57,3.53,3.9,3.77
2023-03-28,33.111705538394204,33.382004488034795,33.00358664594549,33.093685150146484,4916700.0,1.4237998127937317,4.83,4.24,4.8,4.9,4.55,4.02,3.84,3.63,3.6,3.55,3.9,3.77
2023-03-29,33.472113508960376,34.10281004584118,33.44508120235238,34.08479309082031,4070100.0,0.100985527038574,4.83,4.34,4.8,4.92,4.59,4.08,3.87,3.67,3.62,3.57,3.91,3.78
2023-03-30,34.39112229742364,34.46320385068026,34.12983525946252,34.310035705566406,3176500.0,0.2035132776945827,4.83,4.74,4.97,4.92,4.63,4.1,3.87,3.66,3.61,3.55,3.88,3.74
2023-03-31,34.3550875204979,34.652415357266044,34.22894822992729,34.37310791015625,2693200.0,1.111338265240192,4.83,4.74,4.85,4.94,4.64,4.06,3.81,3.6,3.55,3.48,3.81,3.67
2023-04-01,34.3550875204979,34.652415357266044,34.22894822992729,34.37310791015625,2693200.0,1.111338265240192,4.83,4.74,4.85,4.94,4.64,4.06,3.81,3.6,3.55,3.48,3.81,3.67
2023-04-02,34.3550875204979,34.652415357266044,34.22894822992729,34.37310791015625,2693200.0,1.111338265240192,4.83,4.74,4.85,4.94,4.64,4.06,3.81,3.6,3.55,3.48,3.81,3.67
2023-04-03,34.96776745280471,35.18400525730111,34.76053812472985,35.14796447753906,3854700.0,-0.3048463314771653,4.83,4.7,4.9,4.88,4.6,3.97,3.73,3.52,3.48,3.43,3.78,3.64
2023-04-04,35.184000360187454,35.25608190967882,34.715480599605975,35.03984069824219,2451300.0,-0.7691886983811855,4.83,4.66,4.88,4.8,4.5,3.84,3.6,3.39,3.38,3.35,3.72,3.6
2023-04-05,35.111925831841674,35.43628596358749,35.021823885780165,35.36420440673828,2201500.0,-1.9884409196674824,4.83,4.62,4.86,4.82,4.43,3.79,3.55,3.36,3.34,3.3,3.67,3.56
2023-04-06,35.436281332463224,35.436281332463224,35.06686855744586,35.12092971801758,1853900.0,-0.2818656116724014,4.83,4.57,4.91,4.93,4.51,3.82,3.59,3.37,3.34,3.3,3.66,3.54
2023-04-07,35.436281332463224,35.436281332463224,35.06686855744586,35.12092971801758,1853900.0,-0.2818656116724014,4.83,4.57,4.91,4.93,4.51,3.82,3.59,3.37,3.34,3.3,3.66,3.54
2023-04-08,35.436281332463224,35.436281332463224,35.06686855744586,35.12092971801758,1853900.0,-0.2818656116724014,4.83,4.57,4.91,4.93,4.51,3.82,3.59,3.37,3.34,3.3,3.66,3.54
2023-04-09,35.436281332463224,35.436281332463224,35.06686855744586,35.12092971801758,1853900.0,-0.2818656116724014,4.83,4.57,4.91,4.93,4.51,3.82,3.59,3.37,3.34,3.3,3.66,3.54
2023-04-10,35.06687515883448,35.2290552340429,34.85964582652105,35.2020263671875,2942100.0,0.7812033127993343,4.83,4.53,5.08,4.98,4.65,4.0,3.75,3.52,3.47,3.41,3.74,3.62
2023-04-11,35.22904920570086,35.715589348070104,35.12994223184408,35.688560485839844,2571900.0,-0.4941163361072539,4.83,4.27,5.04,4.99,4.67,4.03,3.76,3.54,3.48,3.43,3.75,3.62
2023-04-12,35.769649505615234,36.1120299780844,35.70657987082319,35.769649505615234,3325400.0,-0.1592165920883415,4.83,4.27,5.02,4.98,4.64,3.95,3.68,3.46,3.43,3.41,3.75,3.64
2023-04-13,35.796681720386594,36.20213186562886,35.7246036040311,36.07599258422851,1910100.0,0.6255457922816277,4.83,4.08,5.1,4.95,4.66,3.96,3.7,3.51,3.48,3.45,3.8,3.69
2023-04-14,36.04896028318727,36.22916072963246,35.94084139013521,36.07599258422851,1740400.0,0.0670305918902159,4.83,4.29,5.14,5.03,4.77,4.08,3.83,3.6,3.56,3.52,3.85,3.74
2023-04-15,36.04896028318727,36.22916072963246,35.94084139013521,36.07599258422851,1740400.0,0.0670305918902159,4.83,4.29,5.14,5.03,4.77,4.08,3.83,3.6,3.56,3.52,3.85,3.74
2023-04-16,36.04896028318727,36.22916072963246,35.94084139013521,36.07599258422851,1740400.0,0.0670305918902159,4.83,4.29,5.14,5.03,4.77,4.08,3.83,3.6,3.56,3.52,3.85,3.74
2023-04-17,36.06698632269538,36.11203901914399,35.84173658860502,36.08500671386719,2343500.0,0.0462770015001297,4.83,4.09,5.21,5.07,4.8,4.18,3.92,3.69,3.64,3.6,3.92,3.81
2023-04-18,36.12104667745568,36.2561978896617,35.86876808084509,35.99490737915039,1585800.0,-0.0719435438513755,4.83,3.89,5.2,5.09,4.81,4.19,3.92,3.69,3.63,3.58,3.91,3.79
2023-04-19,35.81470673314244,35.958866421505014,35.73361669362361,35.82371520996094,1640800.0,-0.0249839350581168,4.83,3.95,5.16,5.1,4.84,4.24,3.97,3.71,3.66,3.6,3.9,3.79
2023-04-20,35.589451358926596,35.724602549028674,35.3822220545976,35.472320556640625,1951500.0,-0.8077226877212524,4.83,3.4,5.12,5.06,4.77,4.14,3.87,3.63,3.59,3.54,3.87,3.75
2023-04-21,35.51737328351799,35.58044636556571,35.283115093058264,35.41826629638672,1914900.0,-0.6071510529727673,4.83,3.36,5.14,5.07,4.78,4.17,3.89,3.66,3.62,3.57,3.9,3.78
2023-04-22,35.51737328351799,35.58044636556571,35.283115093058264,35.41826629638672,1914900.0,-0.6071510529727673,4.83,3.36,5.14,5.07,4.78,4.17,3.89,3.66,3.62,3.57,3.9,3.78
2023-04-23,35.51737328351799,35.58044636556571,35.283115093058264,35.41826629638672,1914900.0,-0.6071510529727673,4.83,3.36,5.14,5.07,4.78,4.17,3.89,3.66,3.62,3.57,3.9,3.78
2023-04-24,35.41826514743138,35.59846216330662,35.22905278150195,35.517372131347656,3774700.0,-0.1560914423316718,4.83,3.54,5.2,5.06,4.76,4.12,3.84,3.6,3.56,3.52,3.85,3.73
2023-04-25,35.337177516274764,35.76965657042589,35.27410786902593,35.35519790649414,2665000.0,0.2949335426092145,4.83,4.11,5.12,4.98,4.6,3.86,3.62,3.43,3.42,3.4,3.77,3.65
2023-04-26,35.36420111295161,35.463311525869315,35.102910649266285,35.2470703125,2995100.0,-0.527731079608202,4.83,3.91,5.16,5.0,4.64,3.9,3.65,3.46,3.45,3.43,3.81,3.7
2023-04-27,35.22905392431931,35.7065856555854,35.22905392431931,35.41826629638672,3476900.0,0.6253041848540306,4.83,4.27,5.18,5.05,4.78,4.07,3.82,3.6,3.57,3.53,3.88,3.76
2023-04-28,35.391236144873226,35.87777638198619,35.31915801921098,35.82371520996094,2291200.0,-0.5568269193172455,4.83,4.35,5.1,5.06,4.8,4.04,3.75,3.51,3.49,3.44,3.8,3.67
2023-04-29,35.391236144873226,35.87777638198619,35.31915801921098,35.82371520996094,2291200.0,-0.5568269193172455,4.83,4.35,5.1,5.06,4.8,4.04,3.75,3.51,3.49,3.44,3.8,3.67
2023-04-30,35.391236144873226,35.87777638198619,35.31915801921098,35.82371520996094,2291200.0,-0.5568269193172455,4.83,4.35,5.1,5.06,4.8,4.04,3.75,3.51,3.49,3.44,3.8,3.67
2023-05-01,35.66153693037492,35.94985629386037,35.589455370984595,35.643516540527344,1957600.0,1.5282402765005827,4.83,4.49,5.27,5.14,4.86,4.14,3.85,3.64,3.62,3.59,3.95,3.84
2023-05-02,35.508363182345725,35.508363182345725,34.58033550220738,34.742515563964844,4680100.0,-1.3079003861639649,4.83,4.56,5.24,5.06,4.74,3.97,3.67,3.46,3.44,3.44,3.82,3.72
2023-05-03,34.52627715777519,35.41826757034359,34.52627715777519,35.0128173828125,3631100.0,0.3086869940161704,4.83,4.7,5.26,5.08,4.7,3.89,3.58,3.37,3.37,3.38,3.79,3.7
2023-05-04,35.057864902668975,35.56242549293203,34.76954554738661,35.382225036621094,4856100.0,1.6054150760173795,5.08,5.76,5.26,5.04,4.59,3.75,3.47,3.29,3.32,3.37,3.8,3.73
2023-05-05,36.00391919665125,36.19312816166502,35.76064905433137,35.95886993408203,3219800.0,0.5128906778991223,5.08,5.59,5.26,5.13,4.73,3.92,3.63,3.41,3.41,3.44,3.85,3.76
2023-05-06,36.00391919665125,36.19312816166502,35.76064905433137,35.95886993408203,3219800.0,0.5128906778991223,5.08,5.59,5.26,5.13,4.73,3.92,3.63,3.41,3.41,3.44,3.85,3.76
2023-05-07,36.00391919665125,36.19312816166502,35.76064905433137,35.95886993408203,3219800.0,0.5128906778991223,5.08,5.59,5.26,5.13,4.73,3.92,3.63,3.41,3.41,3.44,3.85,3.76
2023-05-08,36.12104181723334,36.3102507392325,35.67955089553098,35.733612060546875,3065400.0,0.3124711625277993,5.08,5.51,5.31,5.14,4.79,4.0,3.7,3.49,3.5,3.52,3.92,3.84
2023-05-09,35.679552680948206,36.04896206778141,35.57143378254375,35.89579391479492,2483100.0,0.3124711625277993,5.08,5.56,5.29,5.18,4.81,4.01,3.67,3.51,3.51,3.53,3.94,3.85
2023-05-10,36.17510533036138,36.238174975121595,35.53539353244828,35.778663635253906,2205200.0,0.6710423678159713,5.08,5.5,5.24,5.13,4.7,3.9,3.55,3.37,3.4,3.43,3.88,3.8
2023-05-11,35.6435155784408,35.661535967801974,35.24707388657058,35.571434020996094,5698500.0,-0.1470019668340683,5.08,5.81,5.2,5.14,4.7,3.89,3.56,3.36,3.37,3.39,3.82,3.73
2023-05-12,35.569600041509815,35.725367754337384,35.13895203607821,35.22141647338867,4798300.0,0.1177289038896561,5.08,5.79,5.25,5.16,4.75,3.98,3.65,3.45,3.45,3.46,3.87,3.78
2023-05-13,35.569600041509815,35.725367754337384,35.13895203607821,35.22141647338867,4798300.0,0.1177289038896561,5.08,5.79,5.25,5.16,4.75,3.98,3.65,3.45,3.45,3.46,3.87,3.78
2023-05-14,35.569600041509815,35.725367754337384,35.13895203607821,35.22141647338867,4798300.0,0.1177289038896561,5.08,5.79,5.25,5.16,4.75,3.98,3.65,3.45,3.45,3.46,3.87,3.78
2023-05-15,35.35885791636442,35.487135151590735,35.01067435268407,35.40467071533203,3046100.0,0.5015349388122556,5.08,5.64,5.21,5.24,4.73,3.99,3.67,3.46,3.48,3.5,3.92,3.84
2023-05-16,35.212260991622855,35.38635105611931,34.01194587610372,34.02111053466797,5731500.0,0.1553881913423538,5.08,5.58,5.23,5.26,4.88,4.06,3.74,3.52,3.53,3.54,3.96,3.87
2023-05-17,34.176870582342325,34.30514782415169,33.95696773789561,34.076080322265625,3258100.0,0.0957340598106384,5.08,5.5,5.26,5.3,4.92,4.12,3.8,3.58,3.58,3.57,3.96,3.88
2023-05-18,33.90199069543323,34.0485937586288,33.553807109608975,33.94780349731445,3984600.0,-2.7152404822409153,5.08,5.59,5.31,5.38,5.02,4.24,3.94,3.69,3.67,3.65,4.02,3.91
2023-05-19,34.05775489253297,34.21352261315074,33.828687388024804,33.98445510864258,2755200.0,-0.6958146169781685,5.08,5.62,5.29,5.36,5.02,4.28,3.98,3.76,3.74,3.7,4.07,3.95
2023-05-20,34.05775489253297,34.21352261315074,33.828687388024804,33.98445510864258,2755200.0,-0.6958146169781685,5.08,5.62,5.29,5.36,5.02,4.28,3.98,3.76,3.74,3.7,4.07,3.95
2023-05-21,34.05775489253297,34.21352261315074,33.828687388024804,33.98445510864258,2755200.0,-0.6958146169781685,5.08,5.62,5.29,5.36,5.02,4.28,3.98,3.76,3.74,3.7,4.07,3.95
2023-05-22,33.920313133572094,34.03026454618403,33.70040681305585,33.78287124633789,3637400.0,-0.0329316556453704,5.08,5.69,5.4,5.43,5.07,4.29,3.98,3.77,3.74,3.72,4.09,3.97
2023-05-23,33.883665761397104,33.901991581687206,33.53548216647076,33.63627243041992,3350000.0,-0.0729434490203858,5.08,5.67,5.34,5.39,5.06,4.26,3.99,3.76,3.73,3.7,4.08,3.96
2023-05-24,33.60878759981935,33.74622951315002,33.41637171739085,33.535484313964844,3621300.0,0.7933150231838225,5.08,5.73,5.37,5.42,5.12,4.31,4.04,3.75,3.76,3.73,4.1,3.97
2023-05-25,33.407203262094,33.407203262094,32.80246520369845,32.903255462646484,5058200.0,0.7933150231838225,5.08,5.95,5.38,5.46,5.24,4.5,4.21,3.9,3.86,3.83,4.16,4.01
2023-05-26,33.049856786183426,33.1689728582547,32.84827627887704,32.87576675415039,5139400.0,-0.3618397861719131,5.08,6.02,5.34,5.44,5.25,4.54,4.23,3.92,3.86,3.8,4.13,3.96
2023-05-27,33.049856786183426,33.1689728582547,32.84827627887704,32.87576675415039,5139400.0,-0.3618397861719131,5.08,6.02,5.34,5.44,5.25,4.54,4.23,3.92,3.86,3.8,4.13,3.96
2023-05-28,33.049856786183426,33.1689728582547,32.84827627887704,32.87576675415039,5139400.0,-0.3618397861719131,5.08,6.02,5.34,5.44,5.25,4.54,4.23,3.92,3.86,3.8,4.13,3.96
2023-05-29,33.049856786183426,33.1689728582547,32.84827627887704,32.87576675415039,5139400.0,-0.3618397861719131,5.08,6.02,5.34,5.44,5.25,4.54,4.23,3.92,3.86,3.8,4.13,3.96
2023-05-30,32.875773175806266,33.09567604919209,32.610053999779666,32.628379821777344,3060000.0,0.9141218289732932,5.08,5.31,5.55,5.52,5.22,4.46,4.1,3.81,3.75,3.69,4.06,3.9
2023-05-31,32.44511664356629,32.518419912457944,32.17939753677241,32.25270080566406,3746700.0,0.5638211369514464,5.08,5.28,5.52,5.46,5.18,4.4,4.04,3.74,3.69,3.64,4.01,3.85
2023-06-01,32.481769558954824,33.37054900991622,32.47260490233583,33.18729782104492,5705000.0,0.1195213459432124,5.08,5.3,5.5,5.44,5.11,4.33,3.98,3.7,3.66,3.61,3.98,3.84
2023-06-02,33.627109498952535,34.35096363351531,33.471341782327286,34.29598617553711,6272300.0,0.0427670776844024,5.08,5.28,5.5,5.5,5.22,4.5,4.13,3.84,3.78,3.69,4.03,3.88
2023-06-03,33.627109498952535,34.35096363351531,33.471341782327286,34.29598617553711,6272300.0,0.0427670776844024,5.08,5.28,5.5,5.5,5.22,4.5,4.13,3.84,3.78,3.69,4.03,3.88
2023-06-04,33.627109498952535,34.35096363351531,33.471341782327286,34.29598617553711,6272300.0,0.0427670776844024,5.08,5.28,5.5,5.5,5.22,4.5,4.13,3.84,3.78,3.69,4.03,3.88
2023-06-05,34.55254106119655,34.653331321026975,34.18603515625,34.18603515625,4150400.0,1.8524583447724576,5.08,5.25,5.46,5.46,5.17,4.46,4.1,3.82,3.77,3.69,4.03,3.89
2023-06-06,34.021107115343305,34.56170657162768,34.01194245770015,34.525054931640625,2124700.0,-2.268086165189743,5.08,5.15,5.44,5.44,5.2,4.51,4.15,3.85,3.78,3.7,4.02,3.87
2023-06-07,34.53421561960559,34.80909942043975,34.48840281789747,34.72663497924805,2424600.0,0.6176089420914649,5.08,5.07,5.42,5.43,5.16,4.56,4.21,3.93,3.88,3.79,4.12,3.95
2023-06-08,34.818259723585165,35.029001402477014,34.65333084527109,35.019840240478516,2100900.0,1.0752928294241428,5.08,5.25,5.38,5.39,5.12,4.52,4.17,3.87,3.8,3.73,4.05,3.89
2023-06-09,35.093144388241555,35.120634868242384,34.66249981488337,34.76328659057617,2384800.0,0.0246510058641432,5.08,5.25,5.37,5.39,5.17,4.59,4.23,3.92,3.84,3.75,4.05,3.89
2023-06-10,35.093144388241555,35.120634868242384,34.66249981488337,34.76328659057617,2384800.0,0.0246510058641432,5.08,5.25,5.37,5.39,5.17,4.59,4.23,3.92,3.84,3.75,4.05,3.89
2023-06-11,35.093144388241555,35.120634868242384,34.66249981488337,34.76328659057617,2384800.0,0.0246510058641432,5.08,5.25,5.37,5.39,5.17,4.59,4.23,3.92,3.84,3.75,4.05,3.89
2023-06-12,34.61668098803299,34.63500680826566,34.19519760856017,34.36012649536133,2153100.0,-0.1956926845014094,5.08,5.24,5.4,5.38,5.18,4.55,4.16,3.89,3.82,3.73,4.04,3.87
2023-06-13,34.635000873703376,34.84574252733009,34.36012060789863,34.36928176879883,2516600.0,1.6683859303593631,5.08,5.19,5.36,5.36,5.26,4.67,4.3,4.01,3.94,3.84,4.12,3.94
2023-06-14,34.45174998877273,34.71746912291418,33.73706051998514,33.773712158203125,5108100.0,0.2118154317140579,5.08,5.18,5.36,5.36,5.27,4.74,4.37,4.06,3.95,3.83,4.09,3.9
2023-06-15,33.89282907551661,34.451750843388794,33.66376157391085,34.13105773925781,3052900.0,0.009494837373495,5.07,5.18,5.33,5.33,5.21,4.62,4.23,3.91,3.82,3.72,4.02,3.85
2023-06-16,34.23184926354745,34.47007793608752,34.20436228083321,34.341800689697266,3619000.0,-0.3175210217013955,5.08,5.18,5.34,5.35,5.24,4.7,4.32,3.99,3.88,3.77,4.05,3.86
2023-06-17,34.23184926354745,34.47007793608752,34.20436228083321,34.341800689697266,3619000.0,-0.3175210217013955,5.08,5.18,5.34,5.35,5.24,4.7,4.32,3.99,3.88,3.77,4.05,3.86
2023-06-18,34.23184926354745,34.47007793608752,34.20436228083321,34.341800689697266,3619000.0,-0.3175210217013955,5.08,5.18,5.34,5.35,5.24,4.7,4.32,3.99,3.88,3.77,4.05,3.86
2023-06-19,34.23184926354745,34.47007793608752,34.20436228083321,34.341800689697266,3619000.0,-0.3175210217013955,5.08,5.18,5.34,5.35,5.24,4.7,4.32,3.99,3.88,3.77,4.05,3.86
2023-06-20,34.213523079492546,34.29598752205121,33.63627198158189,33.80120086669922,4296800.0,-0.9320487203076482,5.07,5.17,5.39,5.41,5.24,4.68,4.29,3.96,3.85,3.74,4.01,3.83
2023-06-21,33.71873259421004,33.98445171174998,33.48050395126233,33.83784866333008,3516000.0,-0.7282406985759734,5.07,5.16,5.4,5.41,5.25,4.68,4.29,3.95,3.84,3.72,3.99,3.81
2023-06-22,33.66375910325134,33.74622353758886,33.51715605279489,33.617942810058594,2499200.0,-0.1967975748702883,5.07,5.18,5.4,5.41,5.29,4.77,4.37,4.03,3.92,3.8,4.06,3.88
2023-06-23,33.44385406289518,33.4621798818168,33.13232213181267,33.15980911254883,2224800.0,-0.0844834148883819,5.07,5.17,5.41,5.41,5.25,4.71,4.32,3.99,3.88,3.74,4.01,3.82
2023-06-24,33.44385406289518,33.4621798818168,33.13232213181267,33.15980911254883,2224800.0,-0.0844834148883819,5.07,5.17,5.41,5.41,5.25,4.71,4.32,3.99,3.88,3.74,4.01,3.82
2023-06-25,33.44385406289518,33.4621798818168,33.13232213181267,33.15980911254883,2224800.0,-0.0844834148883819,5.07,5.17,5.41,5.41,5.25,4.71,4.32,3.99,3.88,3.74,4.01,3.82
2023-06-26,33.15065001213912,33.90199115818355,33.13232419207794,33.764549255371094,3631900.0,-0.4516696780920027,5.07,5.17,5.5,5.45,5.27,4.65,4.3,3.96,3.85,3.72,4.01,3.83
2023-06-27,33.7370609209305,33.84701234159854,33.46218062161407,33.663761138916016,2164600.0,-1.918543647974729,5.07,5.17,5.44,5.46,5.33,4.74,4.38,4.02,3.9,3.77,4.03,3.84
2023-06-28,33.4621768412824,33.6912443140497,33.30640914224867,33.64543151855469,2288800.0,-0.3516006767749786,5.07,5.17,5.44,5.47,5.32,4.71,4.32,3.97,3.83,3.71,4.0,3.81
2023-06-29,33.682082651821325,33.92947596383621,33.617944033368495,33.9019889831543,2138600.0,0.8214012645184993,5.07,5.25,5.46,5.5,5.41,4.87,4.49,4.14,3.99,3.85,4.11,3.92
2023-06-30,34.04859368787488,34.094406489660905,33.90199062498395,34.039432525634766,2261800.0,0.1348757315427063,5.08,5.24,5.43,5.47,5.4,4.87,4.49,4.13,3.97,3.81,4.06,3.85
2023-07-01,34.04859368787488,34.094406489660905,33.90199062498395,34.039432525634766,2261800.0,0.1348757315427063,5.08,5.24,5.43,5.47,5.4,4.87,4.49,4.13,3.97,3.81,4.06,3.85
2023-07-02,34.04859368787488,34.094406489660905,33.90199062498395,34.039432525634766,2261800.0,0.1348757315427063,5.08,5.24,5.43,5.47,5.4,4.87,4.49,4.13,3.97,3.81,4.06,3.85
2023-07-03,34.158542607525284,34.286819841241005,34.0485911922393,34.195194244384766,975500.0,0.2238200902938842,5.08,5.27,5.44,5.53,5.43,4.94,4.56,4.19,4.03,3.86,4.08,3.87
2023-07-04,34.158542607525284,34.286819841241005,34.0485911922393,34.195194244384766,975500.0,0.2238200902938842,5.08,5.27,5.44,5.53,5.43,4.94,4.56,4.19,4.03,3.86,4.08,3.87
2023-07-05,34.16770680711373,34.213519604928734,33.59045576782597,33.709571838378906,4743700.0,1.7501254975795744,5.08,5.28,5.44,5.52,5.4,4.94,4.59,4.25,4.11,3.95,4.17,3.95
2023-07-06,33.535481365086504,33.535481365086504,33.04985937252833,33.24227523803711,3821700.0,0.0753766931593416,5.08,5.32,5.46,5.54,5.44,4.99,4.68,4.37,4.22,4.05,4.23,4.01
2023-07-07,33.06818855758583,33.54464943635163,33.040701572656694,33.37055587768555,3615500.0,1.4373160861432552,5.08,5.32,5.46,5.53,5.41,4.94,4.64,4.35,4.23,4.06,4.27,4.05
2023-07-08,33.06818855758583,33.54464943635163,33.040701572656694,33.37055587768555,3615500.0,1.4373160861432552,5.08,5.32,5.46,5.53,5.41,4.94,4.64,4.35,4.23,4.06,4.27,4.05
2023-07-09,33.06818855758583,33.54464943635163,33.040701572656694,33.37055587768555,3615500.0,1.4373160861432552,5.08,5.32,5.46,5.53,5.41,4.94,4.64,4.35,4.23,4.06,4.27,4.05
2023-07-10,33.34306765771059,33.36139347874891,33.08651315376004,33.14148712158203,2604400.0,-0.0657396018505096,5.07,5.34,5.48,5.54,5.38,4.85,4.54,4.25,4.14,4.01,4.24,4.05
2023-07-11,33.29725436491135,33.416370452268744,33.16897711481551,33.34306716918945,2664900.0,-0.3122624047100543,5.08,5.35,5.49,5.55,5.44,4.88,4.52,4.24,4.13,3.99,4.22,4.03
2023-07-12,33.645436667912605,33.84701369800001,33.48966894503897,33.764549255371094,3628200.0,0.5657585393637419,5.08,5.36,5.47,5.53,5.35,4.72,4.36,4.07,3.97,3.86,4.14,3.96
2023-07-13,33.90199018254547,34.241009105688974,33.81036458016917,34.20436096191406,2274500.0,0.0499974638223645,5.08,5.37,5.47,5.49,5.27,4.59,4.21,3.93,3.85,3.76,4.07,3.9
2023-07-14,34.08524414686458,34.167708585340336,33.69124777362406,33.700408935546875,2287500.0,0.0266305282711981,5.08,5.37,5.49,5.52,5.34,4.74,4.35,4.04,3.94,3.83,4.11,3.93
2023-07-15,34.08524414686458,34.167708585340336,33.69124777362406,33.700408935546875,2287500.0,0.0266305282711981,5.08,5.37,5.49,5.52,5.34,4.74,4.35,4.04,3.94,3.83,4.11,3.93
2023-07-16,34.08524414686458,34.167708585340336,33.69124777362406,33.700408935546875,2287500.0,0.0266305282711981,5.08,5.37,5.49,5.52,5.34,4.74,4.35,4.04,3.94,3.83,4.11,3.93
2023-07-17,33.73705757233185,33.792035024855366,33.416364504175434,33.4255256652832,2246200.0,0.2068887436762452,5.08,5.37,5.49,5.52,5.33,4.74,4.34,4.02,3.91,3.81,4.1,3.94
2023-07-18,33.443853135721675,33.718733421340346,33.3339017205327,33.56296920776367,5157700.0,0.5396071504801513,5.08,5.37,5.49,5.51,5.32,4.74,4.35,4.0,3.9,3.8,4.08,3.91
2023-07-19,33.718734714306486,33.87450242914864,33.654596095045775,33.75538635253906,1992500.0,0.3387048393487931,5.08,5.37,5.49,5.51,5.32,4.74,4.34,3.98,3.87,3.75,4.01,3.84
2023-07-20,33.8012037397439,34.15854852277422,33.74622977022728,34.14938735961914,4198800.0,0.8918516933917997,5.08,5.44,5.49,5.52,5.35,4.8,4.43,4.08,3.98,3.85,4.1,3.91
2023-07-21,34.17687217952615,34.369288051232346,34.03943376914723,34.26850128173828,2359400.0,0.3085001707077026,5.08,5.43,5.5,5.53,5.35,4.82,4.44,4.09,3.97,3.84,4.1,3.91
2023-07-22,34.17687217952615,34.369288051232346,34.03943376914723,34.26850128173828,2359400.0,0.3085001707077026,5.08,5.43,5.5,5.53,5.35,4.82,4.44,4.09,3.97,3.84,4.1,3.91
2023-07-23,34.17687217952615,34.369288051232346,34.03943376914723,34.26850128173828,2359400.0,0.3085001707077026,5.08,5.43,5.5,5.53,5.35,4.82,4.44,4.09,3.97,3.84,4.1,3.91
2023-07-24,34.47007363849325,34.72663159457992,34.3417964080961,34.561702728271484,5791900.0,0.3085001707077026,5.08,5.44,5.51,5.55,5.38,4.81,4.48,4.13,4.0,3.86,4.11,3.92
2023-07-25,34.52504981062027,34.56170144517087,34.12189231644037,34.33263397216797,6047400.0,0.5365710407495496,5.08,5.46,5.51,5.57,5.38,4.85,4.53,4.15,4.05,3.91,4.14,3.95
2023-07-26,34.076081944161466,34.25017549086841,33.87450490970643,34.231849670410156,4907900.0,0.406676709651947,5.08,5.46,5.51,5.55,5.37,4.82,4.47,4.09,3.99,3.86,4.12,3.94
2023-07-27,34.176867981260656,34.286819395116,33.636268578140964,33.691246032714844,4951200.0,0.0934142468031498,5.33,5.47,5.51,5.56,5.4,4.91,4.58,4.24,4.13,4.01,4.26,4.06
2023-07-28,33.75539114315885,33.85618141495646,33.22395279924169,33.37055587768555,9124200.0,-4.209915474057198,5.33,5.47,5.52,5.54,5.37,4.87,4.52,4.18,4.08,3.96,4.22,4.03
2023-07-29,33.75539114315885,33.85618141495646,33.22395279924169,33.37055587768555,9124200.0,-4.209915474057198,5.33,5.47,5.52,5.54,5.37,4.87,4.52,4.18,4.08,3.96,4.22,4.03
2023-07-30,33.75539114315885,33.85618141495646,33.22395279924169,33.37055587768555,9124200.0,-4.209915474057198,5.33,5.47,5.52,5.54,5.37,4.87,4.52,4.18,4.08,3.96,4.22,4.03
2023-07-31,33.5629705215371,33.86533779896562,33.52631888327528,33.71873474121094,6830800.0,0.6485753431916237,5.33,5.48,5.55,5.53,5.37,4.88,4.51,4.18,4.08,3.97,4.22,4.02
2023-08-01,33.51715898343121,33.553807127780395,33.21478819932443,33.31557846069336,3495000.0,0.6485753431916237,5.33,5.49,5.54,5.54,5.38,4.92,4.57,4.24,4.15,4.05,4.3,4.11
2023-08-02,33.12315921814607,33.22394597394565,32.77497566763541,33.16897201538086,7539800.0,0.2168863266706465,5.33,5.48,5.53,5.52,5.36,4.88,4.54,4.24,4.17,4.08,4.35,4.17
2023-08-03,33.21478350401603,33.25143513847681,32.87576462348446,32.97655487060547,4943900.0,0.3414420336484908,5.33,5.54,5.54,5.52,5.37,4.9,4.58,4.3,4.26,4.2,4.49,4.32
2023-08-04,33.141478183916014,33.46217472266103,32.86659793305745,32.93073654174805,7057600.0,1.8071399307809768,5.33,5.54,5.54,5.5,5.33,4.78,4.45,4.15,4.1,4.05,4.36,4.21
2023-08-05,33.141478183916014,33.46217472266103,32.86659793305745,32.93073654174805,7057600.0,1.8071399307809768,5.33,5.54,5.54,5.5,5.33,4.78,4.45,4.15,4.1,4.05,4.36,4.21
2023-08-06,33.141478183916014,33.46217472266103,32.86659793305745,32.93073654174805,7057600.0,1.8071399307809768,5.33,5.54,5.54,5.5,5.33,4.78,4.45,4.15,4.1,4.05,4.36,4.21
2023-08-07,33.00404184880493,33.28808677293758,32.738322741902664,32.97655487060547,3300700.0,0.4008355289697646,5.33,5.54,5.56,5.53,5.3,4.76,4.44,4.16,4.13,4.09,4.42,4.27
2023-08-08,32.85744052886477,33.013204740550925,32.43595719634554,33.00404357910156,5321700.0,-0.6556715518236159,5.33,5.54,5.57,5.53,5.35,4.74,4.36,4.1,4.06,4.02,4.35,4.2
2023-08-09,33.28809312697528,33.60878625149043,33.15981238187631,33.434696197509766,4331800.0,0.3098721876740454,5.33,5.51,5.55,5.54,5.35,4.79,4.41,4.12,4.07,4.0,4.33,4.18
2023-08-10,33.572134640319355,33.810366814710875,33.288093157004816,33.39804458618164,3939100.0,0.9485635180026292,5.33,5.55,5.54,5.52,5.33,4.82,4.47,4.21,4.17,4.09,4.41,4.24
2023-08-11,33.443851024025946,33.792034561314075,33.36138659401803,33.64543151855469,11635000.0,0.4847091231495141,5.33,5.54,5.54,5.52,5.36,4.89,4.56,4.31,4.26,4.16,4.45,4.27
2023-08-12,33.443851024025946,33.792034561314075,33.36138659401803,33.64543151855469,11635000.0,0.4847091231495141,5.33,5.54,5.54,5.52,5.36,4.89,4.56,4.31,4.26,4.16,4.45,4.27
2023-08-13,33.443851024025946,33.792034561314075,33.36138659401803,33.64543151855469,11635000.0,0.4847091231495141,5.33,5.54,5.54,5.52,5.36,4.89,4.56,4.31,4.26,4.16,4.45,4.27
2023-08-14,33.63610306098842,33.7947217673238,33.06694789229821,33.206905364990234,8211200.0,0.7230436429381368,5.33,5.55,5.56,5.56,5.37,4.96,4.64,4.36,4.29,4.19,4.46,4.29
2023-08-15,33.048286044089075,33.141592210570764,32.36716704547116,32.39516067504883,5024700.0,-1.0497639775276184,5.33,5.53,5.56,5.55,5.36,4.92,4.64,4.36,4.31,4.21,4.49,4.32
2023-08-16,32.29252243041992,32.572433783238246,32.20854866864783,32.29252243041992,6004300.0,0.0244661420583724,5.33,5.52,5.56,5.54,5.37,4.97,4.68,4.42,4.37,4.28,4.55,4.38
2023-08-17,32.469803650864655,32.74971504558651,32.41382350748018,32.525787353515625,4529200.0,-0.3733294457197191,5.33,5.55,5.56,5.53,5.36,4.94,4.67,4.42,4.38,4.3,4.58,4.41
2023-08-18,32.4231504488423,32.619088057762475,32.28319298003287,32.53511428833008,4599600.0,0.1191115491092204,5.33,5.53,5.55,5.52,5.35,4.92,4.63,4.38,4.34,4.26,4.55,4.38
2023-08-19,32.4231504488423,32.619088057762475,32.28319298003287,32.53511428833008,4599600.0,0.1191115491092204,5.33,5.53,5.55,5.52,5.35,4.92,4.63,4.38,4.34,4.26,4.55,4.38
2023-08-20,32.4231504488423,32.619088057762475,32.28319298003287,32.53511428833008,4599600.0,0.1191115491092204,5.33,5.53,5.55,5.52,5.35,4.92,4.63,4.38,4.34,4.26,4.55,4.38
2023-08-21,32.60975760480697,32.75904390314799,32.23654007932137,32.40448760986328,4603800.0,0.3997931480407714,5.33,5.55,5.57,5.58,5.37,4.97,4.7,4.46,4.42,4.34,4.64,4.45
2023-08-22,32.37649817241032,32.544445706226554,31.975290570434456,32.00328063964844,2895000.0,-0.2317311018705367,5.33,5.54,5.57,5.57,5.39,5.02,4.75,4.49,4.44,4.34,4.61,4.42
2023-08-23,31.844670877398695,32.21788491389611,31.686052153455545,32.1339111328125,2672900.0,-0.1794406622648239,5.33,5.54,5.57,5.55,5.35,4.95,4.64,4.36,4.3,4.19,4.46,4.27
2023-08-24,31.93796867015747,32.20855120823203,31.881984971473216,31.89131736755371,3402800.0,-0.0587691888213158,5.33,5.55,5.58,5.59,5.39,4.98,4.69,4.39,4.34,4.23,4.49,4.3
2023-08-25,31.984616933339833,32.20854814753098,31.947298030362894,32.09658432006836,3588800.0,0.9904205426573752,5.33,5.56,5.61,5.61,5.44,5.03,4.72,4.44,4.37,4.25,4.5,4.3
2023-08-26,31.984616933339833,32.20854814753098,31.947298030362894,32.09658432006836,3588800.0,0.9904205426573752,5.33,5.56,5.61,5.61,5.44,5.03,4.72,4.44,4.37,4.25,4.5,4.3
2023-08-27,31.984616933339833,32.20854814753098,31.947298030362894,32.09658432006836,3588800.0,0.9904205426573752,5.33,5.56,5.61,5.61,5.44,5.03,4.72,4.44,4.37,4.25,4.5,4.3
2023-08-28,32.189888247729904,32.49779323506893,32.18055941141632,32.367164611816406,6003200.0,-0.1628597527742384,5.33,5.56,5.58,5.56,5.44,4.98,4.69,4.38,4.32,4.2,4.48,4.29
2023-08-29,32.469806025754785,32.75904983837411,32.30185846478444,32.712398529052734,2587100.0,0.1286965571343898,5.33,5.54,5.56,5.52,5.37,4.87,4.56,4.26,4.21,4.12,4.42,4.23
2023-08-30,32.880344399839245,33.076282024477074,32.852350768272004,32.89900207519531,2861500.0,0.1057714894413947,5.33,5.55,5.56,5.51,5.39,4.9,4.57,4.27,4.22,4.12,4.42,4.23
2023-08-31,33.02962883176125,33.076280136021055,32.731056213378906,32.731056213378906,4711900.0,-0.4400338530540465,5.33,5.52,5.56,5.48,5.37,4.85,4.54,4.23,4.19,4.09,4.39,4.2
2023-09-01,32.93632176081837,33.29087807014991,32.93632176081837,33.132259368896484,6125300.0,-0.4400338530540465,5.33,5.51,5.53,5.47,5.36,4.87,4.57,4.29,4.27,4.18,4.48,4.29
2023-09-02,32.93632176081837,33.29087807014991,32.93632176081837,33.132259368896484,6125300.0,-0.4400338530540465,5.33,5.51,5.53,5.47,5.36,4.87,4.57,4.29,4.27,4.18,4.48,4.29
2023-09-03,32.93632176081837,33.29087807014991,32.93632176081837,33.132259368896484,6125300.0,-0.4400338530540465,5.33,5.51,5.53,5.47,5.36,4.87,4.57,4.29,4.27,4.18,4.48,4.29
2023-09-04,32.93632176081837,33.29087807014991,32.93632176081837,33.132259368896484,6125300.0,-0.4400338530540465,5.33,5.51,5.53,5.47,5.36,4.87,4.57,4.29,4.27,4.18,4.48,4.29
2023-09-05,33.169583245102146,33.24422818045738,32.90833308989166,32.92699432373047,4631900.0,2.9349629878997794,5.33,5.51,5.55,5.51,5.42,4.94,4.65,4.37,4.35,4.27,4.56,4.38
2023-09-06,31.02358955556306,31.46211962959937,30.69702687868468,30.98626708984375,36119700.0,3.418260918930172,5.33,5.52,5.55,5.52,5.44,5.01,4.73,4.44,4.39,4.3,4.56,4.37
2023-09-07,31.051581797281287,31.191539273885624,30.7903316375041,30.995601654052734,9020300.0,-0.3296416811645033,5.33,5.52,5.53,5.5,5.4,4.94,4.66,4.38,4.35,4.27,4.55,4.36
2023-09-08,31.191537285256523,31.49943873118261,31.0982346796465,31.294172286987305,7588100.0,0.6024900078773496,5.33,5.52,5.55,5.49,5.42,4.98,4.68,4.39,4.35,4.26,4.52,4.33
2023-09-09,31.191537285256523,31.49943873118261,31.0982346796465,31.294172286987305,7588100.0,0.6024900078773496,5.33,5.52,5.55,5.49,5.42,4.98,4.68,4.39,4.35,4.26,4.52,4.33
2023-09-10,31.191537285256523,31.49943873118261,31.0982346796465,31.294172286987305,7588100.0,0.6024900078773496,5.33,5.52,5.55,5.49,5.42,4.98,4.68,4.39,4.35,4.26,4.52,4.33
2023-09-11,31.536763080410804,31.723371862040807,31.434128072550976,31.452789306640625,4700800.0,-0.0296050645411016,5.33,5.52,5.55,5.51,5.4,4.97,4.64,4.4,4.37,4.29,4.56,4.37
2023-09-12,31.592742340172546,31.86332485752396,31.527429809676125,31.853992462158203,7742600.0,0.4204585831612344,5.33,5.52,5.56,5.53,5.42,4.98,4.66,4.41,4.36,4.27,4.54,4.35
2023-09-13,32.04993602615042,32.161903435808796,31.788685855480807,32.02194595336914,8158200.0,0.91972622834146,5.33,5.53,5.55,5.51,5.42,4.96,4.64,4.39,4.34,4.25,4.52,4.34
2023-09-14,32.413821240194856,32.973643990480035,32.283192609813156,32.95498275756836,8015300.0,1.078623030334711,5.33,5.52,5.55,5.5,5.42,5.0,4.68,4.42,4.38,4.29,4.57,4.39
2023-09-15,32.852346983764654,32.9923044476784,32.57243561520333,32.74038314819336,7579400.0,-0.035343661904335,5.33,5.51,5.56,5.49,5.43,5.02,4.72,4.45,4.41,4.33,4.59,4.42
2023-09-16,32.852346983764654,32.9923044476784,32.57243561520333,32.74038314819336,7579400.0,-0.035343661904335,5.33,5.51,5.56,5.49,5.43,5.02,4.72,4.45,4.41,4.33,4.59,4.42
2023-09-17,32.852346983764654,32.9923044476784,32.57243561520333,32.74038314819336,7579400.0,-0.035343661904335,5.33,5.51,5.56,5.49,5.43,5.02,4.72,4.45,4.41,4.33,4.59,4.42
2023-09-18,32.917660628106674,32.926993024290994,32.469801711448945,32.675071716308594,3994400.0,-0.7493680976331232,5.33,5.53,5.55,5.51,5.44,5.05,4.74,4.46,4.41,4.32,4.57,4.4
2023-09-19,32.889671671905916,33.057619216248455,32.41382266911301,32.60976028442383,4509600.0,-0.9889780655503272,5.33,5.53,5.54,5.51,5.45,5.08,4.79,4.51,4.47,4.37,4.6,4.43
2023-09-20,32.563108979721214,33.07628044998278,32.544447745986886,32.60976028442383,3838100.0,-0.1685822866857052,5.33,5.53,5.56,5.51,5.47,5.12,4.82,4.52,4.46,4.35,4.57,4.4
2023-09-21,32.52578447366184,32.61908707721922,31.99395180299917,32.00328063964844,6155000.0,-0.1441352069377899,5.33,5.52,5.57,5.52,5.46,5.12,4.85,4.61,4.57,4.49,4.74,4.56
2023-09-22,32.13390457189276,32.40448709561243,31.98461827592087,32.20854949951172,4442500.0,0.5846951119601725,5.33,5.52,5.56,5.52,5.46,5.1,4.8,4.57,4.53,4.44,4.7,4.53
2023-09-23,32.13390457189276,32.40448709561243,31.98461827592087,32.20854949951172,4442500.0,0.5846951119601725,5.33,5.52,5.56,5.52,5.46,5.1,4.8,4.57,4.53,4.44,4.7,4.53
2023-09-24,32.13390457189276,32.40448709561243,31.98461827592087,32.20854949951172,4442500.0,0.5846951119601725,5.33,5.52,5.56,5.52,5.46,5.1,4.8,4.57,4.53,4.44,4.7,4.53
2023-09-25,32.14323997994503,32.27386505625436,31.90064750171365,32.15256881713867,7060500.0,0.7316736131906507,5.33,5.54,5.58,5.52,5.45,5.09,4.83,4.62,4.61,4.55,4.84,4.67
2023-09-26,31.95663167992413,31.96596051725709,31.40613773635186,31.434127807617188,5223400.0,0.300920466892421,5.33,5.54,5.58,5.53,5.45,5.04,4.84,4.62,4.62,4.56,4.86,4.7
2023-09-27,31.63006844009727,31.695380978103668,31.032919642334456,31.37814712524414,8275000.0,0.5176982432603835,5.33,5.54,5.58,5.53,5.49,5.1,4.89,4.67,4.69,4.61,4.91,4.73
2023-09-28,31.37814605574283,31.471448661352856,31.13555358633075,31.294172286987305,3824600.0,0.2704017385840416,5.33,5.56,5.56,5.53,5.46,5.04,4.83,4.62,4.63,4.59,4.9,4.71
2023-09-29,31.499440205422744,31.58341397810842,30.93961742702919,30.967607498168945,5026200.0,1.0275936797261238,5.33,5.55,5.55,5.53,5.46,5.03,4.8,4.6,4.61,4.59,4.92,4.73
2023-09-30,31.499440205422744,31.58341397810842,30.93961742702919,30.967607498168945,5026200.0,1.0275936797261238,5.33,5.55,5.55,5.53,5.46,5.03,4.8,4.6,4.61,4.59,4.92,4.73
2023-10-01,31.499440205422744,31.58341397810842,30.93961742702919,30.967607498168945,5026200.0,1.0275936797261238,5.33,5.55,5.55,5.53,5.46,5.03,4.8,4.6,4.61,4.59,4.92,4.73
2023-10-02,30.920955526738148,30.93961676018458,29.568048135268803,29.847959518432617,10210700.0,-0.4425246641039848,5.33,5.56,5.62,5.58,5.49,5.12,4.88,4.72,4.73,4.69,5.0,4.81
2023-10-03,29.624030843948308,29.71733523402912,29.110859367953672,29.456083297729492,9044600.0,0.150723848491907,5.33,5.55,5.62,5.58,5.49,5.15,4.95,4.8,4.84,4.81,5.13,4.95
2023-10-04,29.325455952955497,29.409429719574927,28.95224020110974,29.2788028717041,4984000.0,-0.4430839121341707,5.33,5.56,5.61,5.57,5.42,5.05,4.85,4.72,4.75,4.73,5.05,4.87
2023-10-05,29.11085771272985,29.735994777203228,29.082865863407235,29.6240291595459,3936600.0,-1.005922398995608,5.33,5.57,5.61,5.56,5.39,5.03,4.82,4.68,4.73,4.72,5.06,4.89
2023-10-06,29.46541303703531,29.73599558224669,29.17617103807014,29.689342498779297,3679300.0,2.1748321726918216,5.33,5.59,5.63,5.59,5.43,5.08,4.87,4.75,4.79,4.78,5.13,4.95
2023-10-07,29.46541303703531,29.73599558224669,29.17617103807014,29.689342498779297,3679300.0,2.1748321726918216,5.33,5.59,5.63,5.59,5.43,5.08,4.87,4.75,4.79,4.78,5.13,4.95
2023-10-08,29.46541303703531,29.73599558224669,29.17617103807014,29.689342498779297,3679300.0,2.1748321726918216,5.33,5.59,5.63,5.59,5.43,5.08,4.87,4.75,4.79,4.78,5.13,4.95
2023-10-09,29.46541303703531,29.73599558224669,29.17617103807014,29.689342498779297,3679300.0,2.1748321726918216,5.33,5.59,5.63,5.59,5.43,5.08,4.87,4.75,4.79,4.78,5.13,4.95
2023-10-10,30.183852045550235,30.31448067631367,29.913273065705894,30.249164581298828,5041400.0,0.6131152510643005,5.33,5.6,5.61,5.57,5.37,4.96,4.74,4.62,4.66,4.66,5.03,4.85
2023-10-11,30.27715918978797,30.65970557980416,30.230507885496504,30.613054275512695,2911400.0,0.0812692865729332,5.33,5.58,5.61,5.56,5.38,4.99,4.73,4.59,4.61,4.58,4.92,4.73
2023-10-12,30.7436780472889,30.753006884044975,30.04389783479795,30.370460510253903,4227300.0,1.264943413902074,5.33,5.61,5.63,5.58,5.43,5.06,4.82,4.69,4.73,4.7,5.05,4.86
2023-10-13,30.678365746693412,30.697026979614424,30.277158137057267,30.538408279418945,4612300.0,1.2857560068368912,5.33,5.6,5.62,5.57,5.41,5.04,4.8,4.65,4.66,4.63,4.97,4.78
2023-10-14,30.678365746693412,30.697026979614424,30.277158137057267,30.538408279418945,4612300.0,1.2857560068368912,5.33,5.6,5.62,5.57,5.41,5.04,4.8,4.65,4.66,4.63,4.97,4.78
2023-10-15,30.678365746693412,30.697026979614424,30.277158137057267,30.538408279418945,4612300.0,1.2857560068368912,5.33,5.6,5.62,5.57,5.41,5.04,4.8,4.65,4.66,4.63,4.97,4.78
2023-10-16,30.706357069892437,31.014262086758624,30.49175822144012,30.930288314819336,4061700.0,0.5343279540538786,5.33,5.57,5.61,5.58,5.42,5.09,4.87,4.72,4.74,4.71,5.06,4.87
2023-10-17,30.594394199139895,30.80899305441067,30.258499100710328,30.407785415649418,7698000.0,0.382028192281723,5.33,5.58,5.62,5.6,5.48,5.19,5.01,4.86,4.88,4.83,5.14,4.94
2023-10-18,30.370461961844065,30.370461961844065,29.801308571965283,30.025238037109375,7221100.0,-0.7411984205245972,5.33,5.57,5.61,5.58,5.47,5.19,5.03,4.92,4.95,4.91,5.2,5.0
2023-10-19,29.959924431858216,30.211845738535455,29.73599497468949,29.94126319885254,8209400.0,-0.7807153463363647,5.33,5.58,5.6,5.56,5.44,5.14,5.01,4.95,5.0,4.98,5.3,5.11
2023-10-20,29.866618877055892,29.875951273382537,29.521394957563015,29.689342498779297,7049400.0,0.0634822212159632,5.33,5.56,5.58,5.54,5.41,5.07,4.93,4.86,4.93,4.93,5.27,5.09
2023-10-21,29.866618877055892,29.875951273382537,29.521394957563015,29.689342498779297,7049400.0,0.0634822212159632,5.33,5.56,5.58,5.54,5.41,5.07,4.93,4.86,4.93,4.93,5.27,5.09
2023-10-22,29.866618877055892,29.875951273382537,29.521394957563015,29.689342498779297,7049400.0,0.0634822212159632,5.33,5.56,5.58,5.54,5.41,5.07,4.93,4.86,4.93,4.93,5.27,5.09
2023-10-23,29.60536839129978,30.099878612995084,29.36277769892921,29.969253540039062,9783300.0,-3.330836242996156,5.33,5.57,5.58,5.56,5.42,5.05,4.89,4.81,4.87,4.86,5.19,5.01
2023-10-24,30.127872504327975,30.17452380803697,29.81063865613399,29.978586196899418,6477000.0,0.278955116868019,5.33,5.57,5.58,5.57,5.41,5.02,4.91,4.82,4.86,4.83,5.15,4.96
2023-10-25,29.83863005865888,30.21184762352583,29.689343744565395,30.09988021850586,6242100.0,-0.2064436413347723,5.33,5.56,5.59,5.57,5.43,5.08,4.98,4.89,4.98,4.95,5.27,5.09
2023-10-26,29.913272057607628,30.099877262448445,29.74532274620492,29.857288360595703,4770400.0,0.7308929413557052,5.33,5.57,5.59,5.55,5.39,5.02,4.89,4.79,4.86,4.86,5.19,5.01
2023-10-27,30.0065750590585,30.043897524229433,29.213490470507043,29.28813362121582,5452200.0,-0.1253849603235723,5.33,5.57,5.59,5.55,5.39,4.99,4.84,4.76,4.83,4.84,5.19,5.03
2023-10-28,30.0065750590585,30.043897524229433,29.213490470507043,29.28813362121582,5452200.0,-0.1253849603235723,5.33,5.57,5.59,5.55,5.39,4.99,4.84,4.76,4.83,4.84,5.19,5.03
2023-10-29,30.0065750590585,30.043897524229433,29.213490470507043,29.28813362121582,5452200.0,-0.1253849603235723,5.33,5.57,5.59,5.55,5.39,4.99,4.84,4.76,4.83,4.84,5.19,5.03
2023-10-30,29.512062974727932,29.838627425350037,29.362776673809215,29.72666358947754,4424000.0,0.4091948270797729,5.33,5.56,5.6,5.53,5.41,5.03,4.87,4.8,4.88,4.88,5.21,5.04
2023-10-31,29.745325174737307,29.959925804871112,29.55871817502805,29.89461326599121,4714500.0,1.9428306221961973,5.33,5.56,5.59,5.54,5.44,5.07,4.9,4.82,4.89,4.88,5.21,5.04
2023-11-01,30.02523878808024,30.28648894746596,29.801309317335377,30.23050880432129,7240000.0,0.3994759917259217,5.33,5.56,5.57,5.51,5.37,4.95,4.76,4.67,4.75,4.77,5.13,4.96
2023-11-02,30.473095318981777,31.40613559642674,30.463766482284456,31.266178131103516,6862900.0,-0.0541514083743095,5.33,5.52,5.54,5.5,5.38,4.98,4.78,4.65,4.68,4.67,4.99,4.82
2023-11-03,31.63007084375092,31.881988618481586,31.350155877576153,31.56475830078125,11493100.0,0.8293961822055279,5.33,5.53,5.53,5.45,5.29,4.83,4.62,4.49,4.55,4.57,4.93,4.77
2023-11-04,31.63007084375092,31.881988618481586,31.350155877576153,31.56475830078125,11493100.0,0.8293961822055279,5.33,5.53,5.53,5.45,5.29,4.83,4.62,4.49,4.55,4.57,4.93,4.77
2023-11-05,31.63007084375092,31.881988618481586,31.350155877576153,31.56475830078125,11493100.0,0.8293961822055279,5.33,5.53,5.53,5.45,5.29,4.83,4.62,4.49,4.55,4.57,4.93,4.77
2023-11-06,31.770022857567557,31.82600655929012,31.518101538715683,31.58341407775879,4267000.0,1.1355632301419971,5.33,5.53,5.56,5.47,5.33,4.93,4.72,4.6,4.66,4.67,5.0,4.84
2023-11-07,31.312834592216493,31.56475590710968,31.219528424145103,31.387475967407227,4131000.0,0.8399836197495459,5.33,5.53,5.55,5.47,5.33,4.91,4.64,4.53,4.58,4.58,4.91,4.75
2023-11-08,31.228860016541734,31.564755094417755,31.163547480206542,31.312833786010746,3760900.0,0.0750467553734779,5.33,5.52,5.54,5.46,5.34,4.93,4.65,4.51,4.54,4.49,4.82,4.64
2023-11-09,31.45278527294379,31.658055262338365,31.126222616421515,31.13555145263672,3174700.0,0.8519046823494132,5.33,5.53,5.54,5.46,5.39,5.03,4.77,4.65,4.68,4.62,4.97,4.77
2023-11-10,31.275513269735168,31.38747711625256,30.88363446802453,31.163549423217773,3319500.0,0.7344361115247011,5.33,5.53,5.53,5.46,5.38,5.04,4.8,4.65,4.68,4.61,4.93,4.73
2023-11-11,31.275513269735168,31.38747711625256,30.88363446802453,31.163549423217773,3319500.0,0.7344361115247011,5.33,5.53,5.53,5.46,5.38,5.04,4.8,4.65,4.68,4.61,4.93,4.73
2023-11-12,31.275513269735168,31.38747711625256,30.88363446802453,31.163549423217773,3319500.0,0.7344361115247011,5.33,5.53,5.53,5.46,5.38,5.04,4.8,4.65,4.68,4.61,4.93,4.73
2023-11-13,31.163550385022504,31.583415712237716,31.0702442106562,31.546096801757812,7615200.0,-0.376889556646347,5.33,5.53,5.55,5.48,5.37,5.02,4.8,4.66,4.69,4.63,4.95,4.75
2023-11-14,32.005490146469015,32.034022853501845,31.54894506433001,31.644060134887695,13770200.0,0.1226383000612259,5.33,5.52,5.52,5.41,5.24,4.8,4.56,4.42,4.45,4.44,4.8,4.61
2023-11-15,31.69161767125114,32.06255739700028,31.644061947382895,31.767709732055664,4784400.0,0.2934399340301752,5.33,5.52,5.53,5.41,5.27,4.9,4.68,4.52,4.56,4.53,4.87,4.68
2023-11-16,31.65356924469627,31.8057497265162,31.15898177171428,31.292142868041992,9590000.0,1.0952154467813668,5.33,5.53,5.51,5.38,5.23,4.83,4.59,4.43,4.47,4.45,4.82,4.63
2023-11-17,31.596501076665017,32.15766723474625,31.52040902825536,32.034019470214844,7474100.0,1.007029846310615,5.33,5.52,5.5,5.39,5.24,4.88,4.64,4.45,4.47,4.44,4.8,4.59
2023-11-18,31.596501076665017,32.15766723474625,31.52040902825536,32.034019470214844,7474100.0,1.007029846310615,5.33,5.52,5.5,5.39,5.24,4.88,4.64,4.45,4.47,4.44,4.8,4.59
2023-11-19,31.596501076665017,32.15766723474625,31.52040902825536,32.034019470214844,7474100.0,1.007029846310615,5.33,5.52,5.5,5.39,5.24,4.88,4.64,4.45,4.47,4.44,4.8,4.59
2023-11-20,32.05304248231726,32.19570963068251,31.948417729888263,32.034019470214844,9946300.0,-0.9250946380198002,5.33,5.53,5.54,5.43,5.25,4.89,4.62,4.44,4.46,4.42,4.74,4.57
2023-11-21,32.053042614318635,32.30033451613129,31.938908169502685,32.205223083496094,5787700.0,1.2317354157567024,5.33,5.52,5.53,5.42,5.24,4.86,4.6,4.41,4.44,4.41,4.75,4.57
2023-11-22,31.967443842944743,32.328873851413455,31.872328773206178,32.27180480957031,6390700.0,0.7224017605185507,5.33,5.54,5.54,5.42,5.26,4.89,4.62,4.44,4.46,4.42,4.73,4.55
2023-11-23,31.967443842944743,32.328873851413455,31.872328773206178,32.27180480957031,6390700.0,0.7224017605185507,5.33,5.54,5.54,5.42,5.26,4.89,4.62,4.44,4.46,4.42,4.73,4.55
2023-11-24,32.319361922850696,32.661768932125,32.30985222960155,32.55714416503906,1684600.0,-0.5307659059762955,5.33,5.55,5.54,5.45,5.27,4.92,4.67,4.49,4.51,4.47,4.79,4.6
2023-11-25,32.319361922850696,32.661768932125,32.30985222960155,32.55714416503906,1684600.0,-0.5307659059762955,5.33,5.55,5.54,5.45,5.27,4.92,4.67,4.49,4.51,4.47,4.79,4.6
2023-11-26,32.319361922850696,32.661768932125,32.30985222960155,32.55714416503906,1684600.0,-0.5307659059762955,5.33,5.55,5.54,5.45,5.27,4.92,4.67,4.49,4.51,4.47,4.79,4.6
2023-11-27,32.40496262771001,32.50007407020334,32.19571310030193,32.281314849853516,9124500.0,0.4618001878261566,5.33,5.54,5.49,5.45,5.24,4.84,4.6,4.38,4.43,4.39,4.72,4.53
2023-11-28,32.38594113813904,32.69981544402692,32.338385414653665,32.481056213378906,4345600.0,2.541851542890072,5.33,5.53,5.47,5.42,5.21,4.73,4.49,4.29,4.36,4.34,4.7,4.52
2023-11-29,32.67127913300982,33.004176454207425,32.67127913300982,32.82345962524414,4881500.0,2.1867429874837394,5.33,5.53,5.45,5.38,5.12,4.64,4.4,4.22,4.28,4.27,4.62,4.44
2023-11-30,32.94710383005265,33.25146478145928,32.72834462299593,33.165863037109375,4976600.0,1.4354492612183094,5.33,5.56,5.45,5.38,5.16,4.73,4.48,4.31,4.38,4.37,4.72,4.54
2023-12-01,33.16586497132032,33.6033870392185,33.16586497132032,33.460716247558594,7287800.0,0.2980711059644818,5.33,5.55,5.43,5.33,5.05,4.56,4.31,4.14,4.22,4.22,4.58,4.4
2023-12-02,33.16586497132032,33.6033870392185,33.16586497132032,33.460716247558594,7287800.0,0.2980711059644818,5.33,5.55,5.43,5.33,5.05,4.56,4.31,4.14,4.22,4.22,4.58,4.4
2023-12-03,33.16586497132032,33.6033870392185,33.16586497132032,33.460716247558594,7287800.0,0.2980711059644818,5.33,5.55,5.43,5.33,5.05,4.56,4.31,4.14,4.22,4.22,4.58,4.4
2023-12-04,33.25146929285775,33.57485330113607,33.20391356804872,33.432186126708984,10479000.0,0.7246451862156389,5.33,5.55,5.46,5.41,5.1,4.64,4.4,4.23,4.3,4.28,4.61,4.43
2023-12-05,33.36560474801581,33.5653409533816,33.30853570579604,33.37511444091797,4526300.0,0.4529934450984,5.33,5.54,5.45,5.37,5.06,4.57,4.33,4.14,4.2,4.18,4.48,4.3
2023-12-06,33.422668270159114,33.56533905349855,33.15635334474549,33.165863037109375,4025100.0,-0.8625070005655288,5.33,5.54,5.45,5.38,5.07,4.6,4.33,4.12,4.16,4.12,4.4,4.22
2023-12-07,33.28000193954181,33.28000193954181,33.032706392729644,33.09928512573242,2905100.0,0.6557670086622237,5.33,5.53,5.44,5.36,5.05,4.58,4.31,4.11,4.16,4.14,4.42,4.25
2023-12-08,33.165865146538366,33.25146689633276,33.04222099660011,33.21342086791992,3169300.0,0.3920124173164366,5.33,5.54,5.44,5.39,5.13,4.71,4.45,4.24,4.28,4.23,4.49,4.31
2023-12-09,33.165865146538366,33.25146689633276,33.04222099660011,33.21342086791992,3169300.0,0.3920124173164366,5.33,5.54,5.44,5.39,5.13,4.71,4.45,4.24,4.28,4.23,4.49,4.31
2023-12-10,33.165865146538366,33.25146689633276,33.04222099660011,33.21342086791992,3169300.0,0.3920124173164366,5.33,5.54,5.44,5.39,5.13,4.71,4.45,4.24,4.28,4.23,4.49,4.31
2023-12-11,33.24195656631043,33.346581328306186,33.12782211152818,33.28000259399414,3911400.0,0.2091554068028926,5.33,5.55,5.47,5.4,5.14,4.71,4.42,4.25,4.27,4.23,4.51,4.32
2023-12-12,33.260977625640024,33.40364477866706,32.7568768591255,32.98514938354492,3926700.0,0.1628259066492318,5.33,5.53,5.46,5.41,5.14,4.73,4.42,4.23,4.24,4.2,4.48,4.3
2023-12-13,33.06124157987125,33.81263434102651,32.9185744105598,33.746055603027344,8110200.0,1.4294500499963758,5.33,5.52,5.44,5.33,4.94,4.46,4.18,4.0,4.04,4.04,4.36,4.19
2023-12-14,34.07895262584191,34.23113311541624,33.71752260250196,33.822147369384766,7858100.0,1.44894490391016,5.33,5.54,5.43,5.31,4.9,4.37,4.09,3.9,3.93,3.92,4.21,4.03
2023-12-15,33.72703218650974,33.86018966092242,33.49876326702201,33.650943756103516,5659900.0,1.521531160920858,5.33,5.54,5.44,5.33,4.95,4.44,4.13,3.91,3.94,3.91,4.19,4.0
2023-12-16,33.72703218650974,33.86018966092242,33.49876326702201,33.650943756103516,5659900.0,1.521531160920858,5.33,5.54,5.44,5.33,4.95,4.44,4.13,3.91,3.94,3.91,4.19,4.0
2023-12-17,33.72703218650974,33.86018966092242,33.49876326702201,33.650943756103516,5659900.0,1.521531160920858,5.33,5.54,5.44,5.33,4.95,4.44,4.13,3.91,3.94,3.91,4.19,4.0
2023-12-18,33.9648122299887,34.03139096288749,33.669964592370874,33.77458572387695,3783900.0,-0.1620877347886563,5.33,5.52,5.46,5.36,4.95,4.43,4.15,3.94,3.97,3.95,4.23,4.05
2023-12-19,33.850676328929495,34.29770805492027,33.83165331630556,34.164546966552734,3457100.0,1.3288458697497842,5.33,5.51,5.43,5.35,4.93,4.41,4.15,3.94,3.96,3.93,4.23,4.03
2023-12-20,34.24064514249271,34.34526991650675,33.61290012667778,33.62240982055664,5787900.0,2.810259802266955,5.33,5.5,5.44,5.33,4.88,4.34,4.06,3.86,3.88,3.86,4.17,3.98
2023-12-21,33.765077614332526,34.0789519083729,33.746054600002594,34.05992889404297,4596800.0,0.6176280230283737,5.33,5.54,5.42,5.31,4.84,4.33,4.06,3.87,3.91,3.89,4.19,4.03
2023-12-22,34.17405884131342,34.44988707028892,34.11698980585584,34.297706604003906,3413200.0,0.216929204761982,5.33,5.54,5.44,5.31,4.82,4.31,4.04,3.87,3.92,3.9,4.21,4.05
2023-12-23,34.17405884131342,34.44988707028892,34.11698980585584,34.297706604003906,3413200.0,0.216929204761982,5.33,5.54,5.44,5.31,4.82,4.31,4.04,3.87,3.92,3.9,4.21,4.05
2023-12-24,34.17405884131342,34.44988707028892,34.11698980585584,34.297706604003906,3413200.0,0.216929204761982,5.33,5.54,5.44,5.31,4.82,4.31,4.04,3.87,3.92,3.9,4.21,4.05
2023-12-25,34.17405884131342,34.44988707028892,34.11698980585584,34.297706604003906,3413200.0,0.216929204761982,5.33,5.54,5.44,5.31,4.82,4.31,4.04,3.87,3.92,3.9,4.21,4.05
2023-12-26,34.33575246080527,34.706695786272014,34.28819674059739,34.54500198364258,2395000.0,1.5432272851467128,5.33,5.53,5.45,5.28,4.83,4.26,4.05,3.89,3.91,3.89,4.2,4.04
2023-12-27,34.478426711116484,34.73523197994332,34.392824954840876,34.53549575805664,3133500.0,0.4408192317932843,5.33,5.55,5.44,5.26,4.79,4.2,3.97,3.78,3.81,3.79,4.1,3.95
2023-12-28,34.468914801084175,34.69718371762867,34.231132563193405,34.316734313964844,3418100.0,0.6103626023977994,5.33,5.57,5.45,5.28,4.82,4.26,4.02,3.83,3.84,3.84,4.14,3.98
2023-12-29,34.31673548809431,34.36429121164576,34.18357438257347,34.259666442871094,3505700.0,0.3868130072951316,5.33,5.6,5.4,5.26,4.79,4.23,4.01,3.84,3.88,3.88,4.2,4.03
2023-12-30,34.31673548809431,34.36429121164576,34.18357438257347,34.259666442871094,3505700.0,0.3868130072951316,5.33,5.6,5.4,5.26,4.79,4.23,4.01,3.84,3.88,3.88,4.2,4.03
2023-12-31,34.31673548809431,34.36429121164576,34.18357438257347,34.259666442871094,3505700.0,0.3868130072951316,5.33,5.6,5.4,5.26,4.79,4.23,4.01,3.84,3.88,3.88,4.2,4.03
2024-01-01,34.31673548809431,34.36429121164576,34.18357438257347,34.259666442871094,3505700.0,0.3868130072951316,5.33,5.6,5.4,5.26,4.79,4.23,4.01,3.84,3.88,3.88,4.2,4.03
2024-01-02,34.26917663821398,34.54500491842921,34.19308820507103,34.52598190307617,4183500.0,0.3868130072951316,5.33,5.55,5.46,5.24,4.8,4.33,4.09,3.93,3.95,3.95,4.25,4.08
2024-01-03,34.41184341343051,34.80180611187354,34.40233009273235,34.68767166137695,3128500.0,0.6797879934310912,5.33,5.54,5.48,5.25,4.81,4.33,4.07,3.9,3.92,3.91,4.21,4.05
2024-01-04,34.858876386300935,35.08714529538163,34.68767289035596,34.71620559692383,5765200.0,0.8546715811826289,5.33,5.56,5.48,5.25,4.85,4.38,4.14,3.97,3.99,3.99,4.3,4.13
2024-01-05,34.86838707677703,35.17274804977276,34.73522960462503,34.90643310546875,2642700.0,-0.6168631948530672,5.33,5.54,5.47,5.24,4.84,4.4,4.17,4.02,4.04,4.05,4.37,4.21
2024-01-06,34.86838707677703,35.17274804977276,34.73522960462503,34.90643310546875,2642700.0,-0.6168631948530672,5.33,5.54,5.47,5.24,4.84,4.4,4.17,4.02,4.04,4.05,4.37,4.21
2024-01-07,34.86838707677703,35.17274804977276,34.73522960462503,34.90643310546875,2642700.0,-0.6168631948530672,5.33,5.54,5.47,5.24,4.84,4.4,4.17,4.02,4.04,4.05,4.37,4.21
2024-01-08,34.90643204295561,35.44857523636881,34.6971825197895,35.39150619506836,4590900.0,0.0266525298357008,5.33,5.54,5.49,5.24,4.82,4.36,4.11,3.97,3.99,4.01,4.33,4.17
2024-01-09,35.305905521924764,35.343951550616474,34.89691978416132,34.90643310546875,2962400.0,-0.8704527541995049,5.33,5.53,5.47,5.24,4.82,4.36,4.09,3.97,4.0,4.02,4.33,4.18
2024-01-10,34.9349668016319,35.220304768357806,34.887411078555765,35.09666061401367,5880800.0,0.0974967004731297,5.33,5.53,5.46,5.23,4.82,4.37,4.1,3.99,4.01,4.04,4.35,4.2
2024-01-11,35.15372532915495,35.22030406578725,34.62109543609653,34.83034133911133,3650800.0,1.2942518200725313,5.33,5.54,5.46,5.22,4.75,4.26,4.02,3.9,3.95,3.98,4.32,4.18
2024-01-12,35.267861461358606,35.31541718085019,34.98251988787146,35.039588928222656,2857400.0,1.9266365095973013,5.33,5.55,5.45,5.16,4.65,4.14,3.92,3.84,3.91,3.96,4.32,4.2
2024-01-13,35.267861461358606,35.31541718085019,34.98251988787146,35.039588928222656,2857400.0,1.9266365095973013,5.33,5.55,5.45,5.16,4.65,4.14,3.92,3.84,3.91,3.96,4.32,4.2
2024-01-14,35.267861461358606,35.31541718085019,34.98251988787146,35.039588928222656,2857400.0,1.9266365095973013,5.33,5.55,5.45,5.16,4.65,4.14,3.92,3.84,3.91,3.96,4.32,4.2
2024-01-15,35.267861461358606,35.31541718085019,34.98251988787146,35.039588928222656,2857400.0,1.9266365095973013,5.33,5.55,5.45,5.16,4.65,4.14,3.92,3.84,3.91,3.96,4.32,4.2
2024-01-16,34.95398617651138,35.334439178039396,34.77327299633336,34.849361419677734,4141900.0,1.9266365095973013,5.33,5.54,5.45,5.18,4.7,4.22,4.02,3.95,4.01,4.07,4.43,4.3
2024-01-17,34.57353628771741,34.64011502473874,34.212109894821346,34.32624435424805,6574600.0,-0.5192590802907944,5.33,5.54,5.47,5.2,4.8,4.34,4.12,4.02,4.07,4.1,4.42,4.31
2024-01-18,34.27868722934646,34.497446446075976,33.95530325064436,34.0409049987793,7443800.0,0.8782930597662923,5.33,5.53,5.45,5.2,4.8,4.34,4.13,4.04,4.1,4.14,4.48,4.37
2024-01-19,34.04090925538968,34.307224225879935,33.8982384479017,34.221622467041016,6381400.0,0.2468035593628883,5.33,5.54,5.45,5.21,4.84,4.39,4.18,4.08,4.12,4.15,4.47,4.36
2024-01-20,34.04090925538968,34.307224225879935,33.8982384479017,34.221622467041016,6381400.0,0.2468035593628883,5.33,5.54,5.45,5.21,4.84,4.39,4.18,4.08,4.12,4.15,4.47,4.36
2024-01-21,34.04090925538968,34.307224225879935,33.8982384479017,34.221622467041016,6381400.0,0.2468035593628883,5.33,5.54,5.45,5.21,4.84,4.39,4.18,4.08,4.12,4.15,4.47,4.36
2024-01-22,34.23113185822993,34.32624330011989,33.974326611204326,34.0504150390625,8502700.0,-0.1176500506699085,5.33,5.53,5.46,5.22,4.83,4.37,4.14,4.03,4.07,4.11,4.44,4.32
2024-01-23,34.06943565412889,34.28819485768723,33.9933472316284,34.078948974609375,5420900.0,0.4845764174824581,5.33,5.53,5.45,5.21,4.81,4.31,4.16,4.06,4.11,4.14,4.48,4.38
2024-01-24,34.36428790178124,34.36428790178124,33.72702965710942,33.76507568359375,5627800.0,1.7489833123981957,5.33,5.52,5.44,5.22,4.83,4.34,4.19,4.06,4.14,4.18,4.52,4.41
2024-01-25,33.92676632365256,34.021881391180784,33.822145191774766,33.9457893371582,8512500.0,-0.6033472120761871,5.33,5.54,5.44,5.19,4.76,4.28,4.12,4.01,4.07,4.14,4.49,4.38
2024-01-26,33.974327545100806,34.25966550688307,33.90774880829392,34.1550407409668,4115900.0,-0.0015418231487275,5.33,5.54,5.44,5.19,4.78,4.34,4.15,4.04,4.1,4.15,4.49,4.38
2024-01-27,33.974327545100806,34.25966550688307,33.90774880829392,34.1550407409668,4115900.0,-0.0015418231487275,5.33,5.54,5.44,5.19,4.78,4.34,4.15,4.04,4.1,4.15,4.49,4.38
2024-01-28,33.974327545100806,34.25966550688307,33.90774880829392,34.1550407409668,4115900.0,-0.0015418231487275,5.33,5.54,5.44,5.19,4.78,4.34,4.15,4.04,4.1,4.15,4.49,4.38
2024-01-29,34.155038689972145,34.21210773020924,33.907746772149025,34.193084716796875,4097400.0,-0.1313694193959236,5.33,5.53,5.42,5.19,4.76,4.29,4.1,3.97,4.02,4.08,4.42,4.31
2024-01-30,34.08846498179589,34.32624724209629,33.93628448033441,34.221622467041016,6881800.0,-2.2583425287157293,5.33,5.53,5.42,5.19,4.8,4.36,4.14,4.0,4.03,4.06,4.4,4.28
2024-01-31,34.24064012984155,34.392820607510096,33.72702965710942,33.76507568359375,5385500.0,-0.0088494345545767,5.33,5.53,5.42,5.18,4.73,4.27,4.05,3.91,3.95,3.99,4.34,4.22
2024-02-01,33.926766097193315,34.30721910822904,33.81263164519012,34.10748291015625,4457300.0,0.8651989921927452,5.33,5.49,5.42,5.15,4.68,4.2,3.96,3.8,3.83,3.87,4.21,4.1
2024-02-02,33.92676869351058,33.97432804473123,33.30853703860206,33.574851989746094,5092100.0,-0.0961795561015606,5.33,5.49,5.43,5.22,4.81,4.36,4.14,3.99,4.02,4.03,4.33,4.22
2024-02-03,33.92676869351058,33.97432804473123,33.30853703860206,33.574851989746094,5092100.0,-0.0961795561015606,5.33,5.49,5.43,5.22,4.81,4.36,4.14,3.99,4.02,4.03,4.33,4.22
2024-02-04,33.92676869351058,33.97432804473123,33.30853703860206,33.574851989746094,5092100.0,-0.0961795561015606,5.33,5.49,5.43,5.22,4.81,4.36,4.14,3.99,4.02,4.03,4.33,4.22
2024-02-05,33.441694264319274,33.4512039575309,32.861505015145354,32.89004135131836,6262600.0,0.7729169358499348,5.33,5.49,5.42,5.25,4.87,4.46,4.27,4.13,4.16,4.17,4.46,4.35
2024-02-06,32.91857358107301,33.21342123384853,32.823458508993,32.966129302978516,3344000.0,0.9983824118971824,5.33,5.48,5.44,5.23,4.82,4.39,4.14,4.03,4.07,4.09,4.39,4.29
2024-02-07,33.013686094165855,33.127824184358694,32.671279080125586,32.737857818603516,6189200.0,0.3280440121889113,5.33,5.47,5.43,5.23,4.83,4.41,4.16,4.06,4.09,4.09,4.41,4.31
2024-02-08,32.71883543989519,32.80443718557748,32.509585921945416,32.6712760925293,6682400.0,-0.9161525350064036,5.33,5.49,5.44,5.24,4.83,4.46,4.22,4.12,4.15,4.15,4.47,4.36
2024-02-09,32.83297243676215,32.87101846629687,32.2908292148342,32.55714416503906,6800800.0,-1.6306020431220531,5.33,5.49,5.44,5.26,4.86,4.48,4.25,4.14,4.17,4.17,4.48,4.37
2024-02-10,32.83297243676215,32.87101846629687,32.2908292148342,32.55714416503906,6800800.0,-1.6306020431220531,5.33,5.49,5.44,5.26,4.86,4.48,4.25,4.14,4.17,4.17,4.48,4.37
2024-02-11,32.83297243676215,32.87101846629687,32.2908292148342,32.55714416503906,6800800.0,-1.6306020431220531,5.33,5.49,5.44,5.26,4.86,4.48,4.25,4.14,4.17,4.17,4.48,4.37
2024-02-12,32.65225706738509,33.289511692501065,32.500072959366996,33.18488693237305,9441600.0,0.7809844352304933,5.33,5.49,5.43,5.27,4.87,4.46,4.25,4.13,4.16,4.17,4.48,4.37
2024-02-13,33.06123956708122,33.146841314764245,32.2052257185199,32.51909637451172,14184100.0,0.0802098885178564,5.33,5.48,5.45,5.32,4.99,4.64,4.44,4.31,4.33,4.31,4.59,4.46
2024-02-14,32.005490889644115,32.22425011460302,31.61552816197494,31.70112991333008,14366400.0,-0.4638161882758139,5.33,5.48,5.43,5.31,4.94,4.56,4.38,4.25,4.27,4.27,4.57,4.45
2024-02-15,31.720151563935257,32.443011655483744,31.6916188542031,32.347896575927734,4848200.0,1.0558762997388838,5.33,5.49,5.43,5.3,4.93,4.56,4.36,4.22,4.25,4.24,4.54,4.42
2024-02-16,32.30985267932231,32.813949878732075,32.300339357671675,32.737857818603516,5509100.0,0.4338107928633689,5.33,5.48,5.44,5.31,4.98,4.64,4.43,4.29,4.31,4.3,4.58,4.45
2024-02-17,32.30985267932231,32.813949878732075,32.300339357671675,32.737857818603516,5509100.0,0.4338107928633689,5.33,5.48,5.44,5.31,4.98,4.64,4.43,4.29,4.31,4.3,4.58,4.45
2024-02-18,32.30985267932231,32.813949878732075,32.300339357671675,32.737857818603516,5509100.0,0.4338107928633689,5.33,5.48,5.44,5.31,4.98,4.64,4.43,4.29,4.31,4.3,4.58,4.45
2024-02-19,32.30985267932231,32.813949878732075,32.300339357671675,32.737857818603516,5509100.0,0.4338107928633689,5.33,5.48,5.44,5.31,4.98,4.64,4.43,4.29,4.31,4.3,4.58,4.45
2024-02-20,32.576168508609484,32.96613125657448,32.5286127838858,32.75688171386719,10087900.0,0.6443762481212615,5.33,5.49,5.44,5.32,4.97,4.59,4.38,4.25,4.28,4.27,4.56,4.44
2024-02-21,32.77590115331801,33.12782146006849,32.75687813985024,33.09928512573242,6901700.0,0.6045780451968312,5.33,5.5,5.44,5.32,4.98,4.64,4.43,4.3,4.33,4.32,4.59,4.49
2024-02-22,33.08977602554209,33.241956507739914,32.89954951572759,33.194400787353516,13236000.0,-0.1703538000583646,5.33,5.49,5.45,5.32,5.02,4.69,4.49,4.33,4.35,4.33,4.58,4.47
2024-02-23,33.12782146006849,33.175377179603494,32.861502899788555,33.09928512573242,5722500.0,-0.1781827062368391,5.33,5.49,5.46,5.32,5.0,4.67,4.45,4.28,4.28,4.26,4.51,4.37
2024-02-24,33.12782146006849,33.175377179603494,32.861502899788555,33.09928512573242,5722500.0,-0.1781827062368391,5.33,5.49,5.46,5.32,5.0,4.67,4.45,4.28,4.28,4.26,4.51,4.37
2024-02-25,33.12782146006849,33.175377179603494,32.861502899788555,33.09928512573242,5722500.0,-0.1781827062368391,5.33,5.49,5.46,5.32,5.0,4.67,4.45,4.28,4.28,4.26,4.51,4.37
2024-02-26,33.0612405772758,33.08026359159426,32.62372213275804,32.70932388305664,9690900.0,-0.1804847121238708,5.33,5.5,5.47,5.34,5.03,4.69,4.48,4.29,4.32,4.28,4.53,4.4
2024-02-27,32.92807986849282,33.07075064772232,32.71883398809649,32.80443572998047,3920900.0,0.6857836171984673,5.33,5.5,5.45,5.33,5.03,4.7,4.5,4.32,4.34,4.31,4.57,4.44
2024-02-28,32.71883685688989,32.80443860627944,32.57616606515099,32.69981384277344,3099800.0,-0.252471442334354,5.33,5.5,5.45,5.31,5.0,4.64,4.44,4.26,4.28,4.27,4.53,4.4
2024-02-29,32.709325110189866,32.899551632242144,32.66176938674408,32.737857818603516,8208900.0,-0.3190094046294688,5.33,5.53,5.45,5.3,5.01,4.64,4.43,4.26,4.28,4.25,4.51,4.38
2024-03-01,32.73785512638247,33.184886872202966,32.690299406847465,33.09928512573242,5216300.0,0.5200936868786812,5.33,5.54,5.42,5.27,4.94,4.54,4.32,4.17,4.2,4.19,4.46,4.33
2024-03-02,32.73785512638247,33.184886872202966,32.690299406847465,33.09928512573242,5216300.0,0.5200936868786812,5.33,5.54,5.42,5.27,4.94,4.54,4.32,4.17,4.2,4.19,4.46,4.33
2024-03-03,32.73785512638247,33.184886872202966,32.690299406847465,33.09928512573242,5216300.0,0.5200936868786812,5.33,5.54,5.42,5.27,4.94,4.54,4.32,4.17,4.2,4.19,4.46,4.33
2024-03-04,33.099285600766514,33.19440066947043,32.899549398891615,33.023197174072266,3683500.0,0.4648209363222121,5.33,5.51,5.48,5.37,4.98,4.61,4.39,4.21,4.23,4.22,4.48,4.36
2024-03-05,33.042218832816104,33.31804345007423,33.004172806894736,33.08026123046875,3956100.0,0.8381261005997654,5.33,5.5,5.47,5.35,4.94,4.54,4.32,4.13,4.15,4.13,4.39,4.27
2024-03-06,33.34658378684466,33.67947748294811,33.2704917258672,33.33707046508789,4422700.0,2.701922811567783,5.33,5.5,5.47,5.35,4.95,4.55,4.32,4.12,4.12,4.11,4.36,4.24
2024-03-07,33.603390282582225,34.02188574849828,33.555830928592584,33.95530700683594,6232700.0,2.165138982236385,5.33,5.51,5.47,5.34,4.93,4.5,4.28,4.07,4.09,4.09,4.35,4.25
2024-03-08,34.1550415680089,34.20259729141263,33.955305352751736,34.088462829589844,4889500.0,0.5177525356411932,5.33,5.51,5.46,5.34,4.92,4.48,4.25,4.06,4.08,4.09,4.36,4.26
2024-03-09,34.1550415680089,34.20259729141263,33.955305352751736,34.088462829589844,4889500.0,0.5177525356411932,5.33,5.51,5.46,5.34,4.92,4.48,4.25,4.06,4.08,4.09,4.36,4.26
2024-03-10,34.1550415680089,34.20259729141263,33.955305352751736,34.088462829589844,4889500.0,0.5177525356411932,5.33,5.51,5.46,5.34,4.92,4.48,4.25,4.06,4.08,4.09,4.36,4.26
2024-03-11,34.107485950544984,34.26917613627373,33.97432847329328,34.259666442871094,3646600.0,0.2379087228327991,5.33,5.5,5.48,5.35,4.95,4.51,4.26,4.08,4.09,4.1,4.36,4.26
2024-03-12,34.24064260261076,34.36429038347997,34.126508143184054,34.32624435424805,3505900.0,0.0427527539432047,5.33,5.52,5.48,5.37,5.0,4.58,4.33,4.15,4.16,4.16,4.42,4.31
2024-03-13,34.478423131421074,34.630603612525555,34.34526566398826,34.37379837036133,2594400.0,-0.4120591059327126,5.33,5.52,5.48,5.37,5.01,4.61,4.37,4.19,4.2,4.19,4.45,4.35
2024-03-14,34.421356765688714,34.421356765688714,33.74605605506893,33.9267692565918,3952600.0,-0.978623989969492,5.33,5.52,5.48,5.38,5.04,4.68,4.46,4.29,4.3,4.29,4.54,4.44
2024-03-15,33.84116862007385,34.03139150092421,33.746053551379795,33.78409957885742,3791000.0,0.2783962562680244,5.33,5.52,5.48,5.38,5.05,4.72,4.51,4.33,4.33,4.31,4.55,4.43
2024-03-16,33.84116862007385,34.03139150092421,33.746053551379795,33.78409957885742,3791000.0,0.2783962562680244,5.33,5.52,5.48,5.38,5.05,4.72,4.51,4.33,4.33,4.31,4.55,4.43
2024-03-17,33.84116862007385,34.03139150092421,33.746053551379795,33.78409957885742,3791000.0,0.2783962562680244,5.33,5.52,5.48,5.38,5.05,4.72,4.51,4.33,4.33,4.31,4.55,4.43
2024-03-18,33.78409957885742,33.83165529907001,33.62240577621196,33.78409957885742,5164200.0,0.2894029747694729,5.33,5.52,5.48,5.39,5.06,4.73,4.52,4.36,4.35,4.34,4.57,4.46
2024-03-19,33.73654606968972,34.08846277624965,33.65094431638929,34.00286102294922,2761000.0,0.9874809300526975,5.33,5.52,5.48,5.39,5.06,4.68,4.47,4.31,4.31,4.3,4.54,4.44
2024-03-20,33.86018956682969,34.3357540474215,33.7841011366349,34.32624435424805,3625000.0,0.7894371921429411,5.33,5.5,5.47,5.36,5.01,4.59,4.41,4.25,4.28,4.27,4.53,4.45
2024-03-21,34.26917390829319,34.4594004184007,33.99334927831964,34.0409049987793,3466400.0,0.0062239654362199,5.33,5.51,5.48,5.36,5.01,4.62,4.42,4.26,4.28,4.27,4.53,4.44
2024-03-22,33.99334993101903,34.05041534535876,33.64142961066888,33.71752166748047,3118200.0,-2.0176758021116252,5.33,5.51,5.46,5.34,4.98,4.59,4.36,4.2,4.22,4.22,4.47,4.39
2024-03-23,33.99334993101903,34.05041534535876,33.64142961066888,33.71752166748047,3118200.0,-2.0176758021116252,5.33,5.51,5.46,5.34,4.98,4.59,4.36,4.2,4.22,4.22,4.47,4.39
2024-03-24,33.99334993101903,34.05041534535876,33.64142961066888,33.71752166748047,3118200.0,-2.0176758021116252,5.33,5.51,5.46,5.34,4.98,4.59,4.36,4.2,4.22,4.22,4.47,4.39
2024-03-25,33.879209908512024,34.240639901161764,33.83165418985861,34.183570861816406,4290100.0,0.5142474491149187,5.33,5.51,5.46,5.36,5.0,4.54,4.39,4.23,4.25,4.25,4.51,4.42
2024-03-26,34.24063901152156,34.25014870369766,33.86018601564163,33.907745361328125,2572100.0,0.2747256942093372,5.33,5.5,5.46,5.36,5.0,4.56,4.38,4.22,4.23,4.24,4.49,4.4
2024-03-27,33.90774851918981,34.23113250732422,33.708008682203115,34.23113250732422,5966700.0,0.7471636403352022,5.33,5.5,5.45,5.36,4.99,4.54,4.36,4.18,4.18,4.2,4.45,4.36
2024-03-28,34.28819837982183,34.487934591205075,34.202596628047715,34.41184616088867,3883700.0,0.8886589817702771,5.33,5.49,5.46,5.38,5.03,4.59,4.4,4.21,4.2,4.2,4.45,4.34
2024-03-29,34.28819837982183,34.487934591205075,34.202596628047715,34.41184616088867,3883700.0,0.8886589817702771,5.33,5.49,5.46,5.38,5.03,4.59,4.4,4.21,4.2,4.2,4.45,4.34
2024-03-30,34.28819837982183,34.487934591205075,34.202596628047715,34.41184616088867,3883700.0,0.8886589817702771,5.33,5.49,5.46,5.38,5.03,4.59,4.4,4.21,4.2,4.2,4.45,4.34
2024-03-31,34.28819837982183,34.487934591205075,34.202596628047715,34.41184616088867,3883700.0,0.8886589817702771,5.33,5.49,5.46,5.38,5.03,4.59,4.4,4.21,4.2,4.2,4.45,4.34
2024-04-01,34.44988865143737,34.44988865143737,33.98383391114791,34.078948974609375,4721300.0,2.737717807292938,5.33,5.49,5.44,5.36,5.06,4.72,4.51,4.34,4.33,4.33,4.58,4.47
2024-04-02,34.13601508133711,34.1835707999044,33.85067714166465,34.09796905517578,4438100.0,1.440871316939592,5.33,5.49,5.42,5.34,5.05,4.7,4.51,4.35,4.37,4.36,4.61,4.51
2024-04-03,34.12650674691423,34.2977102431841,33.90774753018471,34.0409049987793,3739600.0,0.3445454239845276,5.33,5.47,5.42,5.33,5.03,4.68,4.48,4.34,4.36,4.36,4.61,4.51
2024-04-04,34.08845800128797,34.14552703825065,33.72702802372823,33.898231506347656,3854500.0,0.7680914252996442,5.33,5.47,5.41,5.32,5.0,4.65,4.46,4.3,4.31,4.31,4.57,4.47
2024-04-05,33.76508062662475,33.77459032050361,33.413163900797876,33.62240982055664,3643600.0,0.316710265353322,5.33,5.47,5.43,5.34,5.05,4.73,4.54,4.38,4.39,4.39,4.65,4.54
2024-04-06,33.76508062662475,33.77459032050361,33.413163900797876,33.62240982055664,3643600.0,0.316710265353322,5.33,5.47,5.43,5.34,5.05,4.73,4.54,4.38,4.39,4.39,4.65,4.54
2024-04-07,33.76508062662475,33.77459032050361,33.413163900797876,33.62240982055664,3643600.0,0.316710265353322,5.33,5.47,5.43,5.34,5.05,4.73,4.54,4.38,4.39,4.39,4.65,4.54
2024-04-08,33.688980148903674,33.75556250250443,33.40364223629813,33.51778030395508,3246000.0,0.4197178930044173,5.33,5.48,5.43,5.35,5.07,4.78,4.6,4.43,4.43,4.42,4.65,4.55
2024-04-09,33.546316351514704,33.660450802283165,33.394135874400504,33.5938720703125,3296500.0,0.3469265028834341,5.33,5.48,5.43,5.34,5.03,4.74,4.52,4.37,4.38,4.36,4.6,4.5
2024-04-10,33.29902168315426,33.308535004124955,32.60469801131709,32.851993560791016,6514400.0,-0.6227826513350007,5.33,5.49,5.45,5.4,5.19,4.97,4.77,4.61,4.59,4.55,4.76,4.64
2024-04-11,32.918572642695416,32.94710534937156,32.45251787346124,32.86150360107422,4349100.0,0.0074615254998211,5.33,5.48,5.45,5.38,5.17,4.93,4.77,4.61,4.6,4.56,4.77,4.65
2024-04-12,32.8424800003987,33.09928524070234,32.27180410745871,32.509586334228516,4922500.0,-0.2139488831162453,5.33,5.48,5.45,5.36,5.13,4.88,4.7,4.54,4.53,4.5,4.73,4.61
2024-04-13,32.8424800003987,33.09928524070234,32.27180410745871,32.509586334228516,4922500.0,-0.2139488831162453,5.33,5.48,5.45,5.36,5.13,4.88,4.7,4.54,4.53,4.5,4.73,4.61
2024-04-14,32.8424800003987,33.09928524070234,32.27180410745871,32.509586334228516,4922500.0,-0.2139488831162453,5.33,5.48,5.45,5.36,5.13,4.88,4.7,4.54,4.53,4.5,4.73,4.61
2024-04-15,32.576165658456304,32.766392168976985,31.967443727405257,32.10060119628906,4758800.0,-0.3802843391895295,5.33,5.49,5.45,5.38,5.16,4.93,4.78,4.65,4.65,4.63,4.85,4.74
2024-04-16,31.96744269072969,32.005488717253805,31.33969776615689,31.358720779418945,8660800.0,0.5693083237856628,5.33,5.49,5.45,5.39,5.18,4.97,4.83,4.69,4.69,4.67,4.88,4.77
2024-04-17,31.520413089208652,31.758195328720813,31.24458482058998,31.70112991333008,7825400.0,1.021444335579872,5.33,5.49,5.45,5.38,5.16,4.93,4.77,4.62,4.61,4.59,4.81,4.71
2024-04-18,31.7486834150379,32.290826592945955,31.720147081069364,32.24327087402344,7831900.0,-0.5842776447534561,5.33,5.49,5.46,5.39,5.18,4.98,4.83,4.68,4.67,4.64,4.85,4.74
2024-04-19,32.2718065701767,33.213422228210895,32.262293248549376,33.15635681152344,10628100.0,-0.8161331024020908,5.33,5.49,5.45,5.39,5.17,4.97,4.81,4.66,4.65,4.62,4.83,4.72
2024-04-20,32.2718065701767,33.213422228210895,32.262293248549376,33.15635681152344,10628100.0,-0.8161331024020908,5.33,5.49,5.45,5.39,5.17,4.97,4.81,4.66,4.65,4.62,4.83,4.72
2024-04-21,32.2718065701767,33.213422228210895,32.262293248549376,33.15635681152344,10628100.0,-0.8161331024020908,5.33,5.49,5.45,5.39,5.17,4.97,4.81,4.66,4.65,4.62,4.83,4.72
2024-04-22,33.20391435276979,33.641432836583675,32.937599384929925,33.62240982055664,12530500.0,-0.9449643194675446,5.33,5.49,5.42,5.39,5.16,4.97,4.81,4.66,4.65,4.62,4.84,4.72
2024-04-23,33.54631675910951,33.79360867682395,33.460715012925895,33.68898391723633,12397900.0,0.5363255536649376,5.33,5.49,5.45,5.39,5.14,4.86,4.76,4.63,4.62,4.61,4.84,4.73
2024-04-24,33.72703269502135,33.9743282611755,33.49876377209194,33.917259216308594,8010300.0,0.7967799082398414,5.33,5.49,5.46,5.4,5.17,4.89,4.78,4.64,4.66,4.65,4.88,4.78
2024-04-25,33.7080086642177,34.57353586313488,33.58436451313596,34.48793411254883,10012100.0,-0.1774339005351067,5.33,5.48,5.47,5.41,5.21,4.96,4.85,4.7,4.71,4.7,4.93,4.82
2024-04-26,34.478424675915804,34.573536120265885,34.02188321215113,34.06943893432617,4385200.0,1.2230926603078842,5.33,5.48,5.46,5.4,5.21,4.96,4.84,4.68,4.68,4.67,4.89,4.78
2024-04-27,34.478424675915804,34.573536120265885,34.02188321215113,34.06943893432617,4385200.0,1.2230926603078842,5.33,5.48,5.46,5.4,5.21,4.96,4.84,4.68,4.68,4.67,4.89,4.78
2024-04-28,34.478424675915804,34.573536120265885,34.02188321215113,34.06943893432617,4385200.0,1.2230926603078842,5.33,5.48,5.46,5.4,5.21,4.96,4.84,4.68,4.68,4.67,4.89,4.78
2024-04-29,34.22161777068583,34.250150476960044,33.94578951580563,34.20259475708008,9231500.0,0.9352816790342328,5.33,5.48,5.45,5.43,5.2,4.97,4.8,4.65,4.64,4.63,4.86,4.75
2024-04-30,34.1265074595764,34.1265074595764,33.803123474121094,33.803123474121094,8323800.0,0.7587227225303648,5.33,5.48,5.46,5.44,5.25,5.04,4.87,4.72,4.71,4.69,4.9,4.79
2024-05-01,33.83165447695782,34.1550384461216,33.574849240127584,33.850677490234375,7581800.0,0.390413111075759,5.33,5.47,5.46,5.43,5.21,4.96,4.79,4.64,4.64,4.63,4.85,4.74
2024-05-02,34.13601665956327,34.68767317960128,34.00285919011103,34.640113830566406,5114800.0,0.447109080851078,5.33,5.51,5.46,5.42,5.16,4.87,4.71,4.57,4.57,4.58,4.82,4.72
2024-05-03,34.87789654289835,35.13470179249314,34.497447143263415,34.56402587890625,4208000.0,-0.6895019523799422,5.33,5.51,5.45,5.41,5.12,4.81,4.63,4.48,4.49,4.5,4.75,4.66
2024-05-04,34.87789654289835,35.13470179249314,34.497447143263415,34.56402587890625,4208000.0,-0.6895019523799422,5.33,5.51,5.45,5.41,5.12,4.81,4.63,4.48,4.49,4.5,4.75,4.66
2024-05-05,34.87789654289835,35.13470179249314,34.497447143263415,34.56402587890625,4208000.0,-0.6895019523799422,5.33,5.51,5.45,5.41,5.12,4.81,4.63,4.48,4.49,4.5,4.75,4.66
2024-05-06,34.77327422296915,34.992033436670496,34.75425120939484,34.87789535522461,4022000.0,-0.19964306242764,5.33,5.51,5.45,5.42,5.12,4.82,4.64,4.48,4.48,4.49,4.73,4.64
2024-05-07,35.03007888793945,35.1156770052134,34.934963821631534,35.03007888793945,4422200.0,0.8572050631046296,5.33,5.51,5.45,5.41,5.13,4.82,4.6,4.48,4.47,4.47,4.7,4.61
2024-05-08,34.88740989766328,35.705381368654294,34.811317840701804,35.41053009033203,5838000.0,0.025900349020958,5.33,5.51,5.45,5.41,5.13,4.84,4.63,4.5,4.49,4.48,4.73,4.64
2024-05-09,35.50564697881355,35.70538319615703,35.477110641857934,35.5341796875,4940300.0,2.867643110454082,5.33,5.51,5.46,5.41,5.12,4.8,4.6,4.47,4.46,4.45,4.7,4.6
2024-05-10,36.18094357937907,36.49481422406302,35.8100038955395,35.95267105102539,6880200.0,0.2656179285841061,5.33,5.51,5.47,5.43,5.17,4.87,4.65,4.52,4.51,4.5,4.74,4.64
2024-05-11,36.18094357937907,36.49481422406302,35.8100038955395,35.95267105102539,6880200.0,0.2656179285841061,5.33,5.51,5.47,5.43,5.17,4.87,4.65,4.52,4.51,4.5,4.74,4.64
2024-05-12,36.18094357937907,36.49481422406302,35.8100038955395,35.95267105102539,6880200.0,0.2656179285841061,5.33,5.51,5.47,5.43,5.17,4.87,4.65,4.52,4.51,4.5,4.74,4.64
2024-05-13,36.21899487128267,36.2475275808744,35.76244974819923,35.9812126159668,12823500.0,-0.5644837357103825,5.33,5.5,5.45,5.43,5.16,4.85,4.66,4.5,4.49,4.48,4.72,4.63
2024-05-14,35.74881794902451,36.0393042711626,35.53579932479347,35.81660079956055,11445100.0,1.4766598269343374,5.33,5.5,5.44,5.43,5.16,4.81,4.62,4.46,4.45,4.45,4.69,4.59
2024-05-15,35.92310826483255,36.0586702722176,35.6229444826975,35.81660079956055,7338400.0,1.086524724960327,5.33,5.49,5.45,5.4,5.1,4.73,4.51,4.35,4.35,4.36,4.61,4.52
2024-05-16,35.67135896559807,35.83596444015903,35.448655485710624,35.593894958496094,5709200.0,1.103687182534486,5.33,5.51,5.45,5.41,5.13,4.78,4.58,4.4,4.39,4.38,4.62,4.52
2024-05-17,35.69072441811844,35.72945642107337,35.468020941658246,35.58421325683594,7893600.0,1.107428083894774,5.33,5.5,5.46,5.41,5.14,4.83,4.6,4.44,4.43,4.42,4.66,4.56
2024-05-18,35.69072441811844,35.72945642107337,35.468020941658246,35.58421325683594,7893600.0,1.107428083894774,5.33,5.5,5.46,5.41,5.14,4.83,4.6,4.44,4.43,4.42,4.66,4.56
2024-05-19,35.69072441811844,35.72945642107337,35.468020941658246,35.58421325683594,7893600.0,1.107428083894774,5.33,5.5,5.46,5.41,5.14,4.83,4.6,4.44,4.43,4.42,4.66,4.56
2024-05-20,35.58421501970201,35.71009218869802,35.54548301482827,35.61326217651367,2704600.0,0.0505275395698847,5.33,5.5,5.45,5.43,5.15,4.82,4.62,4.46,4.44,4.44,4.68,4.58
2024-05-21,35.62294702457575,35.76818650232135,35.371192686583726,35.61326217651367,7873200.0,0.8036277184728533,5.33,5.5,5.45,5.42,5.14,4.82,4.61,4.43,4.42,4.41,4.65,4.55
2024-05-22,35.506748484295656,35.66167649277031,35.342143015821875,35.44865417480469,6600400.0,0.1863583996891974,5.33,5.49,5.45,5.43,5.16,4.86,4.64,4.47,4.44,4.43,4.63,4.55
2024-05-23,35.516433013867015,35.60357817101072,34.75149260045973,34.828956604003906,6789600.0,0.3498658295720815,5.33,5.51,5.46,5.44,5.2,4.91,4.71,4.52,4.5,4.47,4.67,4.58
2024-05-24,35.01292906067445,35.21626653518979,34.96451590393562,35.09039306640625,3053300.0,1.5338449329137802,5.33,5.56,5.46,5.44,5.21,4.93,4.71,4.53,4.49,4.46,4.65,4.57
2024-05-25,35.01292906067445,35.21626653518979,34.96451590393562,35.09039306640625,3053300.0,1.5338449329137802,5.33,5.56,5.46,5.44,5.21,4.93,4.71,4.53,4.49,4.46,4.65,4.57
2024-05-26,35.01292906067445,35.21626653518979,34.96451590393562,35.09039306640625,3053300.0,1.5338449329137802,5.33,5.56,5.46,5.44,5.21,4.93,4.71,4.53,4.49,4.46,4.65,4.57
2024-05-27,35.01292906067445,35.21626653518979,34.96451590393562,35.09039306640625,3053300.0,1.5338449329137802,5.33,5.56,5.46,5.44,5.21,4.93,4.71,4.53,4.49,4.46,4.65,4.57
2024-05-28,35.11944000284617,35.2162663157204,34.85800452566126,34.964515686035156,4506100.0,0.5310935722663999,5.33,5.5,5.46,5.43,5.21,4.94,4.75,4.56,4.56,4.54,4.74,4.66
2024-05-29,34.85800537949288,34.85800537949288,34.47069273113476,34.54815673828125,3301300.0,-3.0675650034099817,5.33,5.5,5.46,5.43,5.22,4.96,4.79,4.63,4.63,4.61,4.82,4.74
2024-05-30,34.65466501336236,34.87736847481907,34.51910670583975,34.625614166259766,3431000.0,-1.8880066871643064,5.33,5.48,5.46,5.42,5.19,4.92,4.74,4.57,4.57,4.55,4.76,4.69
2024-05-31,34.82895893123773,35.458337380497106,34.6062554466979,35.41960906982422,5358600.0,0.8722041716682726,5.33,5.48,5.46,5.42,5.18,4.89,4.69,4.52,4.52,4.51,4.73,4.65
2024-06-01,34.82895893123773,35.458337380497106,34.6062554466979,35.41960906982422,5358600.0,0.8722041716682726,5.33,5.48,5.46,5.42,5.18,4.89,4.69,4.52,4.52,4.51,4.73,4.65
2024-06-02,34.82895893123773,35.458337380497106,34.6062554466979,35.41960906982422,5358600.0,0.8722041716682726,5.33,5.48,5.46,5.42,5.18,4.89,4.69,4.52,4.52,4.51,4.73,4.65
2024-06-03,35.187219311998945,35.438969942767415,35.17753815814469,35.27436447143555,4811700.0,0.949731508269906,5.33,5.49,5.52,5.39,5.14,4.82,4.62,4.42,4.41,4.41,4.63,4.55
2024-06-04,35.08071077812981,35.11944278382138,34.6934018022763,34.887054443359375,4853700.0,-0.7006749496795237,5.33,5.48,5.52,5.38,5.11,4.77,4.55,4.35,4.33,4.33,4.56,4.48
2024-06-05,35.04197852240362,35.158174538649206,34.92578619984536,35.12912368774414,4871200.0,0.4888285472989082,5.33,5.48,5.51,5.37,5.08,4.72,4.5,4.31,4.29,4.29,4.52,4.44
2024-06-06,34.96451661509074,35.313097260599555,34.92578461143706,35.04197692871094,4191700.0,1.1484351605176926,5.33,5.48,5.51,5.36,5.08,4.72,4.49,4.29,4.28,4.28,4.51,4.43
2024-06-07,34.85800247464629,34.86768362788925,34.57720101267124,34.625614166259766,4015000.0,0.4169491678476334,5.33,5.47,5.52,5.4,5.17,4.87,4.65,4.46,4.45,4.43,4.64,4.55
2024-06-08,34.85800247464629,34.86768362788925,34.57720101267124,34.625614166259766,4015000.0,0.4169491678476334,5.33,5.47,5.52,5.4,5.17,4.87,4.65,4.46,4.45,4.43,4.64,4.55
2024-06-09,34.85800247464629,34.86768362788925,34.57720101267124,34.625614166259766,4015000.0,0.4169491678476334,5.33,5.47,5.52,5.4,5.17,4.87,4.65,4.46,4.45,4.43,4.64,4.55
2024-06-10,34.67403323180588,34.67403323180588,34.46101090996403,34.53847122192383,4519500.0,-0.2111586332321168,5.33,5.47,5.52,5.4,5.16,4.87,4.62,4.48,4.47,4.47,4.68,4.59
2024-06-11,34.451329274666875,34.451329274666875,34.1802089523786,34.344818115234375,4648900.0,-1.9102050103247168,5.33,5.46,5.52,5.39,5.17,4.81,4.57,4.41,4.4,4.39,4.62,4.53
2024-06-12,34.7030831206731,34.858007450483306,34.441647621551986,34.51911163330078,5115900.0,-0.1654386455193161,5.33,5.47,5.51,5.38,5.13,4.75,4.48,4.32,4.31,4.31,4.56,4.47
2024-06-13,34.40291397697175,34.451330828852214,34.160844492318276,34.247989654541016,3019100.0,0.5559512078762056,5.33,5.47,5.51,5.36,5.07,4.68,4.42,4.24,4.23,4.24,4.5,4.4
2024-06-14,34.11243157514628,34.13179757729786,33.88004693670187,34.00592041015625,6904200.0,-0.5406634695827961,5.33,5.47,5.51,5.36,5.07,4.67,4.41,4.22,4.2,4.2,4.46,4.34
2024-06-15,34.11243157514628,34.13179757729786,33.88004693670187,34.00592041015625,6904200.0,-0.5406634695827961,5.33,5.47,5.51,5.36,5.07,4.67,4.41,4.22,4.2,4.2,4.46,4.34
2024-06-16,34.11243157514628,34.13179757729786,33.88004693670187,34.00592041015625,6904200.0,-0.5406634695827961,5.33,5.47,5.51,5.36,5.07,4.67,4.41,4.22,4.2,4.2,4.46,4.34
2024-06-17,33.909093114447934,33.95750627158602,33.64765763347774,33.744483947753906,3358600.0,0.042597091756761,5.33,5.45,5.52,5.39,5.11,4.75,4.5,4.3,4.28,4.28,4.52,4.4
2024-06-18,33.7444847830924,33.88004679759682,33.61861131015483,33.69607162475586,5755300.0,-0.9706676974892616,5.33,5.4,5.5,5.37,5.09,4.69,4.43,4.24,4.22,4.22,4.47,4.36
2024-06-19,33.7444847830924,33.88004679759682,33.61861131015483,33.69607162475586,5755300.0,-0.9706676974892616,5.33,5.4,5.5,5.37,5.09,4.69,4.43,4.24,4.22,4.22,4.47,4.36
2024-06-20,33.686387487775114,33.87035895063895,33.50241233122438,33.64765548706055,4787900.0,0.443063050508499,5.33,5.42,5.5,5.37,5.1,4.7,4.45,4.26,4.25,4.25,4.49,4.39
2024-06-21,33.74448262980417,33.76384863064045,33.51209800714271,33.5992431640625,6678600.0,0.0534750833321598,5.33,5.42,5.49,5.36,5.1,4.7,4.45,4.26,4.25,4.25,4.49,4.39
2024-06-22,33.74448262980417,33.76384863064045,33.51209800714271,33.5992431640625,6678600.0,0.0534750833321598,5.33,5.42,5.49,5.36,5.1,4.7,4.45,4.26,4.25,4.25,4.49,4.39
2024-06-23,33.74448262980417,33.76384863064045,33.51209800714271,33.5992431640625,6678600.0,0.0534750833321598,5.33,5.42,5.49,5.36,5.1,4.7,4.45,4.26,4.25,4.25,4.49,4.39
2024-06-24,33.69607176310554,34.09306557299471,33.579879443883335,34.00592041015625,5119800.0,1.931978955864906,5.33,5.42,5.5,5.37,5.1,4.71,4.46,4.27,4.25,4.25,4.48,4.38
2024-06-25,34.005917039149374,34.054330192885494,33.734800423277605,33.88972473144531,6006800.0,0.6594508327543734,5.33,5.43,5.49,5.37,5.1,4.65,4.45,4.25,4.23,4.23,4.46,4.36
2024-06-26,33.76385270915238,34.27704255908736,33.608928377434964,34.21894454956055,4978600.0,1.5966948345303535,5.33,5.44,5.5,5.36,5.13,4.71,4.53,4.32,4.32,4.32,4.55,4.45
2024-06-27,34.30608483421029,34.30608483421029,34.054330522447124,34.141475677490234,3579600.0,1.8261099606752391,5.33,5.48,5.49,5.35,5.1,4.7,4.49,4.29,4.27,4.29,4.53,4.43
2024-06-28,34.24798766315947,34.51910798191411,34.19957450778124,34.46100997924805,4374200.0,-0.0016119855281433,5.33,5.47,5.48,5.33,5.09,4.71,4.52,4.33,4.33,4.36,4.61,4.51
2024-06-29,34.24798766315947,34.51910798191411,34.19957450778124,34.46100997924805,4374200.0,-0.0016119855281433,5.33,5.47,5.48,5.33,5.09,4.71,4.52,4.33,4.33,4.36,4.61,4.51
2024-06-30,34.24798766315947,34.51910798191411,34.19957450778124,34.46100997924805,4374200.0,-0.0016119855281433,5.33,5.47,5.48,5.33,5.09,4.71,4.52,4.33,4.33,4.36,4.61,4.51
2024-07-01,34.52879283208479,34.77086232857829,34.14148016022025,34.15116500854492,3513700.0,0.1870151520706711,5.33,5.48,5.47,5.37,5.1,4.77,4.58,4.44,4.45,4.48,4.76,4.64
2024-07-02,34.29640262199586,34.732128430686274,34.267355465978895,34.674034118652344,4763200.0,-0.0538406036794186,5.33,5.48,5.47,5.36,5.07,4.74,4.54,4.39,4.4,4.43,4.71,4.6
2024-07-03,34.80958954752719,35.09039101132912,34.674031239122634,34.75149154663086,2220400.0,-0.6200626157224176,5.33,5.49,5.47,5.36,5.04,4.71,4.48,4.33,4.33,4.36,4.64,4.53
2024-07-04,34.80958954752719,35.09039101132912,34.674031239122634,34.75149154663086,2220400.0,-0.6200626157224176,5.33,5.49,5.47,5.36,5.04,4.71,4.48,4.33,4.33,4.36,4.64,4.53
2024-07-05,34.790225835048055,34.828957838192636,34.402913190976456,34.480377197265625,2954500.0,1.4470957368612287,5.33,5.48,5.46,5.34,4.98,4.6,4.39,4.22,4.23,4.28,4.57,4.47
2024-07-06,34.790225835048055,34.828957838192636,34.402913190976456,34.480377197265625,2954500.0,1.4470957368612287,5.33,5.48,5.46,5.34,4.98,4.6,4.39,4.22,4.23,4.28,4.57,4.47
2024-07-07,34.790225835048055,34.828957838192636,34.402913190976456,34.480377197265625,2954500.0,1.4470957368612287,5.33,5.48,5.46,5.34,4.98,4.6,4.39,4.22,4.23,4.28,4.57,4.47
2024-07-08,34.480374818387034,34.49974081862322,34.18020735525642,34.25767135620117,2843400.0,-0.3062498569488525,5.33,5.48,5.46,5.33,4.99,4.62,4.4,4.23,4.23,4.28,4.57,4.46
2024-07-09,34.228620509003456,34.29639966298668,33.986551046581404,34.25767135620117,2650400.0,-0.3773359134793281,5.33,5.45,5.46,5.34,5.02,4.62,4.37,4.24,4.25,4.3,4.59,4.49
2024-07-10,34.27704168195209,34.64498465181081,34.21894367391198,34.63530349731445,2303900.0,0.7835242585279045,5.33,5.46,5.46,5.33,5.01,4.62,4.38,4.24,4.24,4.28,4.58,4.47
2024-07-11,34.71276175928519,34.819272920876074,34.59656944377111,34.66434860229492,3930100.0,0.6337833851575849,5.33,5.48,5.44,5.25,4.91,4.5,4.26,4.13,4.15,4.2,4.51,4.41
2024-07-12,34.81927565667637,35.05166399965074,34.625619319812294,34.954833984375,2917700.0,0.8351700343191624,5.33,5.47,5.43,5.23,4.87,4.45,4.22,4.1,4.13,4.18,4.5,4.39
2024-07-13,34.81927565667637,35.05166399965074,34.625619319812294,34.954833984375,2917700.0,0.8351700343191624,5.33,5.47,5.43,5.23,4.87,4.45,4.22,4.1,4.13,4.18,4.5,4.39
2024-07-14,34.81927565667637,35.05166399965074,34.625619319812294,34.954833984375,2917700.0,0.8351700343191624,5.33,5.47,5.43,5.23,4.87,4.45,4.22,4.1,4.13,4.18,4.5,4.39
2024-07-15,35.0516606915797,35.061341845349894,34.61593489817988,34.654666900634766,3119800.0,0.6501646265387534,5.33,5.48,5.43,5.23,4.85,4.44,4.23,4.13,4.16,4.23,4.56,4.46
2024-07-16,34.77086090817475,34.9741983904379,34.54815742374075,34.8676872253418,2857600.0,2.3762660369975492,5.33,5.48,5.43,5.23,4.85,4.43,4.21,4.09,4.11,4.17,4.48,4.38
2024-07-17,34.770859583293216,35.225951382749805,34.770859583293216,35.09039306640625,5535600.0,0.1886046444997189,5.33,5.47,5.43,5.23,4.85,4.42,4.19,4.07,4.09,4.16,4.46,4.37
2024-07-18,35.012927016567325,35.293728480420846,34.91610070874253,35.11943817138672,5934600.0,-0.0909172510728238,5.33,5.48,5.43,5.23,4.86,4.46,4.24,4.11,4.14,4.2,4.51,4.41
2024-07-19,35.01292800503083,35.52611409962656,34.92578284805354,35.38087463378906,6508400.0,1.433989782817661,5.33,5.48,5.43,5.24,4.87,4.49,4.28,4.16,4.18,4.25,4.55,4.45
2024-07-20,35.01292800503083,35.52611409962656,34.92578284805354,35.38087463378906,6508400.0,1.433989782817661,5.33,5.48,5.43,5.24,4.87,4.49,4.28,4.16,4.18,4.25,4.55,4.45
2024-07-21,35.01292800503083,35.52611409962656,34.92578284805354,35.38087463378906,6508400.0,1.433989782817661,5.33,5.48,5.43,5.24,4.87,4.49,4.28,4.16,4.18,4.25,4.55,4.45
2024-07-22,35.45833554810014,35.671357867385105,35.33246208096543,35.57453155517578,6790900.0,0.7779750265181065,5.33,5.49,5.43,5.24,4.88,4.5,4.29,4.17,4.2,4.26,4.57,4.48
2024-07-23,35.55516772815126,35.58421488485285,35.274366234411694,35.30341339111328,4664800.0,0.049022227525711,5.33,5.49,5.41,5.22,4.85,4.4,4.26,4.15,4.18,4.25,4.56,4.48
2024-07-24,35.29373123626701,35.62294587973905,35.216267229009034,35.4099235534668,3602000.0,1.112972566857934,5.33,5.5,5.4,5.19,4.82,4.37,4.24,4.12,4.2,4.28,4.62,4.54
2024-07-25,35.371192461199634,35.54548278833361,35.16785497743909,35.17753982543945,3503100.0,0.5139264240860938,5.33,5.49,5.39,5.19,4.83,4.41,4.26,4.13,4.18,4.27,4.59,4.5
2024-07-26,35.38087799007043,35.622947483116306,35.22595366226856,35.4970703125,3064500.0,-0.3048341982066631,5.33,5.49,5.38,5.18,4.79,4.36,4.2,4.06,4.1,4.2,4.53,4.45
2024-07-27,35.38087799007043,35.622947483116306,35.22595366226856,35.4970703125,3064500.0,-0.3048341982066631,5.33,5.49,5.38,5.18,4.79,4.36,4.2,4.06,4.1,4.2,4.53,4.45
2024-07-28,35.38087799007043,35.622947483116306,35.22595366226856,35.4970703125,3064500.0,-0.3048341982066631,5.33,5.49,5.38,5.18,4.79,4.36,4.2,4.06,4.1,4.2,4.53,4.45
2024-07-29,35.57453554056408,35.69072786696961,35.40992635894273,35.51643753051758,3556400.0,-0.4717770842835307,5.33,5.5,5.41,5.18,4.79,4.36,4.19,4.05,4.08,4.17,4.51,4.42
2024-07-30,35.545482156103745,36.107085132143645,35.526116154134726,36.02962112426758,5288500.0,-0.859134342521429,5.33,5.5,5.4,5.16,4.78,4.35,4.16,4.03,4.06,4.15,4.5,4.4
2024-07-31,36.23295974731445,36.37820291981991,36.06835426591642,36.23295974731445,4627200.0,0.349758142605424,5.33,5.49,5.41,5.14,4.73,4.29,4.1,3.97,4.0,4.09,4.44,4.35
2024-08-01,36.30074197885701,36.44598145517721,36.02962164108893,36.407249450683594,5788500.0,0.1971943974494932,5.33,5.55,5.37,5.08,4.62,4.16,3.96,3.84,3.89,3.99,4.35,4.27
2024-08-02,36.10708442574423,36.804242014553665,35.94247525907161,36.755828857421875,10451300.0,0.3220241554081435,5.33,5.54,5.29,4.88,4.33,3.88,3.7,3.62,3.68,3.8,4.19,4.11
2024-08-03,36.10708442574423,36.804242014553665,35.94247525907161,36.755828857421875,10451300.0,0.3220241554081435,5.33,5.54,5.29,4.88,4.33,3.88,3.7,3.62,3.68,3.8,4.19,4.11
2024-08-04,36.10708442574423,36.804242014553665,35.94247525907161,36.755828857421875,10451300.0,0.3220241554081435,5.33,5.54,5.29,4.88,4.33,3.88,3.7,3.62,3.68,3.8,4.19,4.11
2024-08-05,35.58421197506108,36.49439184959384,35.34214250584298,36.11676406860352,5973800.0,-0.2530805133283138,5.33,5.52,5.35,4.91,4.34,3.89,3.71,3.62,3.66,3.78,4.16,4.06
2024-08-06,36.203910883914766,37.21092080848208,35.865015088958046,37.065677642822266,7570200.0,-0.6842344030737877,5.33,5.5,5.34,5.0,4.46,3.99,3.76,3.73,3.79,3.9,4.28,4.18
2024-08-07,37.220604610862274,37.598236129710315,36.997901116374905,37.23028945922851,5357000.0,0.1314073279500007,5.33,5.5,5.34,4.99,4.45,4.0,3.81,3.79,3.85,3.96,4.35,4.26
2024-08-08,37.28838148188357,37.57886781601097,37.19155516629922,37.50140380859375,3912100.0,0.8586247563362119,5.33,5.55,5.34,5.01,4.48,4.04,3.86,3.83,3.89,3.99,4.38,4.28
2024-08-09,37.5110882042233,37.714425680711805,37.23996787521816,37.61759567260742,3740300.0,0.8900010287761684,5.33,5.54,5.33,5.02,4.5,4.05,3.86,3.8,3.85,3.94,4.33,4.23
2024-08-10,37.5110882042233,37.714425680711805,37.23996787521816,37.61759567260742,3740300.0,0.8900010287761684,5.33,5.54,5.33,5.02,4.5,4.05,3.86,3.8,3.85,3.94,4.33,4.23
2024-08-11,37.5110882042233,37.714425680711805,37.23996787521816,37.61759567260742,3740300.0,0.8900010287761684,5.33,5.54,5.33,5.02,4.5,4.05,3.86,3.8,3.85,3.94,4.33,4.23
2024-08-12,37.75315828189853,37.94681091380016,37.62728111621272,37.81125259399414,3232000.0,0.3845642805099487,5.33,5.53,5.33,5.02,4.47,4.01,3.82,3.75,3.8,3.9,4.3,4.19
2024-08-13,37.82093758261712,38.23729739139276,37.762839576618006,38.12110137939453,4966100.0,0.570948392152786,5.33,5.48,5.32,4.97,4.4,3.93,3.75,3.68,3.74,3.85,4.25,4.16
2024-08-14,38.246977378286175,38.45999970009447,38.05332105788654,38.28570938110352,7695100.0,0.6382268257439137,5.33,5.49,5.32,5.0,4.42,3.94,3.76,3.67,3.72,3.83,4.22,4.12
2024-08-15,38.23350862357148,38.243359647910175,37.859248597065424,37.98728561401367,4102300.0,-0.2373032420873642,5.33,5.53,5.34,5.04,4.52,4.08,3.9,3.79,3.83,3.92,4.28,4.18
2024-08-16,38.0365289476581,38.154718695726615,37.908495689514574,38.11532211303711,3323400.0,-0.9818819612264632,5.33,5.53,5.33,5.02,4.49,4.06,3.87,3.77,3.81,3.89,4.26,4.15
2024-08-17,38.0365289476581,38.154718695726615,37.908495689514574,38.11532211303711,3323400.0,-0.9818819612264632,5.33,5.53,5.33,5.02,4.49,4.06,3.87,3.77,3.81,3.89,4.26,4.15
2024-08-18,38.0365289476581,38.154718695726615,37.908495689514574,38.11532211303711,3323400.0,-0.9818819612264632,5.33,5.53,5.33,5.02,4.49,4.06,3.87,3.77,3.81,3.89,4.26,4.15
2024-08-19,38.16456596730552,38.61761539709279,38.11532211747037,38.53882598876953,8183500.0,-0.0968785434961318,5.33,5.51,5.31,5.0,4.48,4.06,3.86,3.75,3.78,3.86,4.23,4.11
2024-08-20,38.50927726734294,38.637314284541645,38.3910912745022,38.46003341674805,5534800.0,1.6062265150249004,5.33,5.48,5.29,4.97,4.43,3.99,3.8,3.7,3.73,3.82,4.19,4.07
2024-08-21,38.60776864879881,38.735805665742824,38.37139290652256,38.410789489746094,2678600.0,1.0919168572872875,5.33,5.45,5.26,4.92,4.36,3.92,3.74,3.64,3.69,3.79,4.15,4.06
2024-08-22,38.41079109823217,38.48958426797877,38.26305578348984,38.45018768310547,6150000.0,0.9851632602512836,5.33,5.51,5.28,4.96,4.43,3.99,3.82,3.72,3.77,3.86,4.21,4.13
2024-08-23,38.71610701119376,39.11991259278719,38.65701213691243,39.06081771850586,5943900.0,2.04357385635376,5.33,5.51,5.25,4.92,4.36,3.9,3.73,3.65,3.71,3.81,4.18,4.1
2024-08-24,38.71610701119376,39.11991259278719,38.65701213691243,39.06081771850586,5943900.0,2.04357385635376,5.33,5.51,5.25,4.92,4.36,3.9,3.73,3.65,3.71,3.81,4.18,4.1
2024-08-25,38.71610701119376,39.11991259278719,38.65701213691243,39.06081771850586,5943900.0,2.04357385635376,5.33,5.51,5.25,4.92,4.36,3.9,3.73,3.65,3.71,3.81,4.18,4.1
2024-08-26,39.18885817750641,39.44492847442813,39.15930885923698,39.28734588623047,3815900.0,1.0397145301103592,5.33,5.49,5.24,4.91,4.38,3.91,3.74,3.66,3.72,3.82,4.19,4.11
2024-08-27,39.17900599748775,39.356286873617435,39.0706672668457,39.0706672668457,2744200.0,1.5564022092148662,5.33,5.49,5.23,4.89,4.34,3.83,3.72,3.66,3.73,3.83,4.21,4.13
2024-08-28,38.94263349634193,39.05097222558087,38.67671218559137,38.77519989013672,2715700.0,0.9103371202945708,5.33,5.47,5.21,4.87,4.36,3.83,3.72,3.63,3.74,3.84,4.22,4.13
2024-08-29,38.89338772331191,39.031272005692,38.70625583402616,38.96232986450195,2006900.0,-0.7827053349465131,5.33,5.4,5.22,4.89,4.38,3.87,3.76,3.66,3.76,3.87,4.24,4.15
2024-08-30,39.01157553467702,39.71084800341357,38.82444363665943,39.57296371459961,4767400.0,0.3089210838079452,5.33,5.41,5.21,4.89,4.38,3.91,3.79,3.71,3.8,3.91,4.28,4.2
2024-08-31,39.01157553467702,39.71084800341357,38.82444363665943,39.57296371459961,4767400.0,0.3089210838079452,5.33,5.41,5.21,4.89,4.38,3.91,3.79,3.71,3.8,3.91,4.28,4.2
2024-09-01,39.01157553467702,39.71084800341357,38.82444363665943,39.57296371459961,4767400.0,0.3089210838079452,5.33,5.41,5.21,4.89,4.38,3.91,3.79,3.71,3.8,3.91,4.28,4.2
2024-09-02,39.01157553467702,39.71084800341357,38.82444363665943,39.57296371459961,4767400.0,0.3089210838079452,5.33,5.41,5.21,4.89,4.38,3.91,3.79,3.71,3.8,3.91,4.28,4.2
2024-09-03,39.366138081187586,39.72069983509293,39.060820180421274,39.5926628112793,3452900.0,0.9265047162771224,5.33,5.38,5.19,4.8,4.35,3.88,3.73,3.65,3.73,3.84,4.21,4.13
2024-09-04,39.5926616363416,40.055558350590005,39.57296334425751,39.79948806762695,3164400.0,1.7878567576408384,5.33,5.33,5.18,4.74,4.23,3.76,3.63,3.56,3.65,3.77,4.14,4.06
2024-09-05,39.927526700412606,40.193448018691456,39.8093369431341,39.83888626098633,3443100.0,0.4127042144536971,5.33,5.3,5.15,4.73,4.21,3.75,3.61,3.54,3.63,3.73,4.11,4.02
2024-09-06,39.779788970947266,40.144197974469655,39.5926608355309,39.779788970947266,3555700.0,-0.7147770139854399,5.33,5.28,5.13,4.69,4.1,3.66,3.54,3.5,3.6,3.72,4.1,4.03
2024-09-07,39.779788970947266,40.144197974469655,39.5926608355309,39.779788970947266,3555700.0,-0.7147770139854399,5.33,5.28,5.13,4.69,4.1,3.66,3.54,3.5,3.6,3.72,4.1,4.03
2024-09-08,39.779788970947266,40.144197974469655,39.5926608355309,39.779788970947266,3555700.0,-0.7147770139854399,5.33,5.28,5.13,4.69,4.1,3.66,3.54,3.5,3.6,3.72,4.1,4.03
2024-09-09,39.868430125310816,40.19344630839898,39.829033541227695,40.17374801635742,2731800.0,-0.0127674639225007,5.33,5.25,5.11,4.68,4.12,3.68,3.54,3.49,3.58,3.7,4.08,4.0
2024-09-10,40.18359508319513,40.213144399642445,39.435078774678686,39.65175247192383,2978600.0,0.423029165714979,5.33,5.18,5.06,4.65,4.07,3.59,3.42,3.43,3.53,3.65,4.04,3.97
2024-09-11,39.612358898369536,39.67145001602018,39.159305706346515,39.632057189941406,2823200.0,-0.4413921199738979,5.33,5.21,5.1,4.72,4.12,3.62,3.45,3.45,3.54,3.65,4.03,3.96
2024-09-12,39.769941913338506,39.897975174372974,39.61235933608723,39.87828063964844,2331900.0,0.6480054110288619,5.33,5.18,5.06,4.68,4.09,3.64,3.47,3.47,3.57,3.68,4.07,4.0
2024-09-13,39.87828254239301,40.173749419203865,39.868431517495715,40.114654541015625,2604200.0,0.6922826282680034,5.33,5.15,4.97,4.6,4.0,3.57,3.42,3.43,3.53,3.66,4.05,3.98
2024-09-14,39.87828254239301,40.173749419203865,39.868431517495715,40.114654541015625,2604200.0,0.6922826282680034,5.33,5.15,4.97,4.6,4.0,3.57,3.42,3.43,3.53,3.66,4.05,3.98
2024-09-15,39.87828254239301,40.173749419203865,39.868431517495715,40.114654541015625,2604200.0,0.6922826282680034,5.33,5.15,4.97,4.6,4.0,3.57,3.42,3.43,3.53,3.66,4.05,3.98
2024-09-16,40.27223789896544,40.587403074556505,40.232841312750246,40.557857513427734,3943600.0,0.0210281908512115,5.33,5.11,4.96,4.55,3.96,3.56,3.42,3.41,3.51,3.63,4.01,3.94
2024-09-17,40.52830902387271,40.60709843354482,40.14419797162687,40.20329284667969,2372100.0,1.8539974335581064,5.33,5.05,4.95,4.55,3.99,3.59,3.45,3.44,3.53,3.65,4.02,3.96
2024-09-18,40.20329232728765,40.301780027371656,39.88812717854091,39.9078254699707,3381700.0,1.573029556311667,5.33,4.91,4.84,4.5,3.95,3.61,3.49,3.47,3.58,3.7,4.08,4.03
2024-09-19,40.0457102731063,40.232838408522674,39.553264252159565,39.779788970947266,3931300.0,1.426304042339325,4.83,4.89,4.8,4.46,3.93,3.59,3.47,3.49,3.6,3.73,4.11,4.06
2024-09-20,39.681300754125544,39.95706932001271,39.53356544693461,39.9078254699707,3648100.0,0.4946280568838118,4.83,4.87,4.75,4.43,3.92,3.55,3.46,3.48,3.59,3.73,4.1,4.07
2024-09-21,39.681300754125544,39.95706932001271,39.53356544693461,39.9078254699707,3648100.0,0.4946280568838118,4.83,4.87,4.75,4.43,3.92,3.55,3.46,3.48,3.59,3.73,4.1,4.07
2024-09-22,39.681300754125544,39.95706932001271,39.53356544693461,39.9078254699707,3648100.0,0.4946280568838118,4.83,4.87,4.75,4.43,3.92,3.55,3.46,3.48,3.59,3.73,4.1,4.07
2024-09-23,39.98661779366277,40.301782965385144,39.86843179353317,40.26239013671875,2640100.0,0.8857199437916279,4.83,4.85,4.72,4.4,3.91,3.57,3.47,3.51,3.62,3.75,4.12,4.09
2024-09-24,40.38057533028033,40.4593685001697,40.12450504227014,40.24269104003906,2339800.0,-0.2735556487459689,4.83,4.78,4.69,4.36,3.88,3.49,3.44,3.47,3.6,3.74,4.13,4.09
2024-09-25,40.351029396392065,40.518459245258626,40.30178178713475,40.469215393066406,2713600.0,1.9057604186236856,4.83,4.79,4.69,4.36,3.89,3.53,3.49,3.52,3.65,3.79,4.18,4.14
2024-09-26,40.41012149198937,40.51846022366739,39.91767544404579,40.16389846801758,3079600.0,0.6591983735561371,4.83,4.9,4.68,4.38,3.96,3.6,3.54,3.55,3.65,3.79,4.17,4.12
2024-09-27,40.18359588130837,40.301781878249905,39.96692217975973,40.09495544433594,2622100.0,-0.6123831924051045,4.83,4.9,4.68,4.35,3.9,3.55,3.49,3.5,3.6,3.75,4.15,4.1
2024-09-28,40.18359588130837,40.301781878249905,39.96692217975973,40.09495544433594,2622100.0,-0.6123831924051045,4.83,4.9,4.68,4.35,3.9,3.55,3.49,3.5,3.6,3.75,4.15,4.1
2024-09-29,40.18359588130837,40.301781878249905,39.96692217975973,40.09495544433594,2622100.0,-0.6123831924051045,4.83,4.9,4.68,4.35,3.9,3.55,3.49,3.5,3.6,3.75,4.15,4.1
2024-09-30,40.016165882592894,40.154050171353845,39.72069901281014,39.99646759033203,3013400.0,-0.766789838671684,4.83,4.93,4.73,4.38,3.98,3.66,3.58,3.58,3.67,3.81,4.19,4.14
2024-10-01,40.0851081600856,40.51845932006836,39.91767455384482,40.51845932006836,3082000.0,1.6493626283481717,4.83,4.96,4.71,4.36,3.96,3.61,3.52,3.51,3.6,3.74,4.14,4.08
2024-10-02,40.57755485419599,40.7252864134379,40.16389822277529,40.43967056274414,2236800.0,1.181642850860953,4.83,4.92,4.69,4.36,3.97,3.63,3.54,3.55,3.65,3.79,4.19,4.14
2024-10-03,40.32148178677544,40.35103110499406,39.87828334121382,40.13435363769531,2914200.0,1.3192107714712615,4.83,4.99,4.68,4.37,4.02,3.7,3.62,3.62,3.71,3.85,4.24,4.18
2024-10-04,40.163899020937905,40.47906419539534,40.00631643370919,40.45936965942383,2297000.0,2.751593925990164,4.83,5.01,4.73,4.45,4.2,3.93,3.84,3.81,3.88,3.98,4.33,4.26
2024-10-05,40.163899020937905,40.47906419539534,40.00631643370919,40.45936965942383,2297000.0,2.751593925990164,4.83,5.01,4.73,4.45,4.2,3.93,3.84,3.81,3.88,3.98,4.33,4.26
2024-10-06,40.163899020937905,40.47906419539534,40.00631643370919,40.45936965942383,2297000.0,2.751593925990164,4.83,5.01,4.73,4.45,4.2,3.93,3.84,3.81,3.88,3.98,4.33,4.26
2024-10-07,40.38057371477315,40.469214148819894,40.00631368690195,40.20329284667969,2509800.0,-0.5556902289390564,4.83,5.0,4.77,4.45,4.24,3.99,3.89,3.86,3.92,4.03,4.37,4.3
2024-10-08,40.03586417485376,40.09495529457126,39.769942864929746,39.99646759033203,3267600.0,0.0892271026968954,4.83,4.96,4.75,4.44,4.21,3.98,3.86,3.86,3.94,4.04,4.38,4.32
2024-10-09,39.848731982543946,40.36087630634787,39.760091546557405,40.27223587036133,2155700.0,1.6407554671168323,4.83,4.93,4.75,4.46,4.24,3.99,3.89,3.91,3.97,4.06,4.41,4.34
2024-10-10,40.301782965385144,40.44951828334604,40.05555994016046,40.26239013671875,1909800.0,0.124179556965828,4.83,4.98,4.75,4.45,4.22,3.98,3.88,3.91,3.99,4.09,4.44,4.38
2024-10-11,40.24268986705335,40.53815673139602,40.20329328325699,40.44951629638672,2390500.0,-0.1180275436490774,4.83,4.97,4.73,4.44,4.18,3.95,3.85,3.88,3.97,4.08,4.44,4.39
2024-10-12,40.24268986705335,40.53815673139602,40.20329328325699,40.44951629638672,2390500.0,-0.1180275436490774,4.83,4.97,4.73,4.44,4.18,3.95,3.85,3.88,3.97,4.08,4.44,4.39
2024-10-13,40.24268986705335,40.53815673139602,40.20329328325699,40.44951629638672,2390500.0,-0.1180275436490774,4.83,4.97,4.73,4.44,4.18,3.95,3.85,3.88,3.97,4.08,4.44,4.39
2024-10-14,40.24268986705335,40.53815673139602,40.20329328325699,40.44951629638672,2390500.0,-0.1180275436490774,4.83,4.97,4.73,4.44,4.18,3.95,3.85,3.88,3.97,4.08,4.44,4.39
2024-10-15,40.380575310659,40.685893208234255,40.10480673031046,40.66619491577149,2607700.0,0.0079926215112208,4.83,4.93,4.73,4.42,4.18,3.95,3.86,3.86,3.93,4.03,4.37,4.32
2024-10-16,40.72528390832512,41.21772992297024,40.62679620822207,41.17833709716797,2269200.0,0.71322089061141,4.83,4.91,4.72,4.42,4.17,3.93,3.84,3.84,3.92,4.02,4.36,4.3
2024-10-17,40.892720569774475,41.395013889224856,40.85332398395654,41.2078857421875,3930900.0,-0.5487014278769493,4.83,4.93,4.74,4.45,4.21,3.96,3.89,3.9,3.99,4.09,4.44,4.39
2024-10-18,41.13894154521522,41.35561899934964,40.98135896686246,41.34576797485352,2380400.0,-2.0317340306937695,4.83,4.92,4.73,4.45,4.19,3.95,3.86,3.88,3.97,4.08,4.44,4.38
2024-10-19,41.13894154521522,41.35561899934964,40.98135896686246,41.34576797485352,2380400.0,-2.0317340306937695,4.83,4.92,4.73,4.45,4.19,3.95,3.86,3.88,3.97,4.08,4.44,4.38
2024-10-20,41.13894154521522,41.35561899934964,40.98135896686246,41.34576797485352,2380400.0,-2.0317340306937695,4.83,4.92,4.73,4.45,4.19,3.95,3.86,3.88,3.97,4.08,4.44,4.38
2024-10-21,41.33592226521144,41.52305040997464,40.79422860946107,40.91241836547851,2903100.0,0.1995529867708683,4.83,4.92,4.73,4.47,4.24,4.02,3.95,3.98,4.07,4.19,4.54,4.49
2024-10-22,40.71543751843051,40.91241667994583,40.58740049988581,40.82377624511719,2714000.0,0.4145689718425274,4.83,4.89,4.72,4.47,4.24,4.03,3.98,4.0,4.1,4.2,4.55,4.49
2024-10-23,40.62679745161202,40.744983446765765,40.41011999627594,40.59725189208984,2655300.0,2.465506687760353,4.83,4.88,4.73,4.48,4.27,4.07,4.03,4.05,4.14,4.24,4.58,4.51
2024-10-24,40.52831187949799,40.85332432252642,40.272237826624455,40.50861358642578,2875700.0,0.0747602842748163,4.83,4.87,4.7,4.48,4.25,4.07,4.02,4.03,4.12,4.21,4.54,4.47
2024-10-25,40.54800452151495,40.6464959822755,40.18359550936358,40.32147979736328,3119500.0,-0.2234116308391094,4.83,4.89,4.73,4.51,4.29,4.11,4.05,4.07,4.15,4.25,4.58,4.51
2024-10-26,40.54800452151495,40.6464959822755,40.18359550936358,40.32147979736328,3119500.0,-0.2234116308391094,4.83,4.89,4.73,4.51,4.29,4.11,4.05,4.07,4.15,4.25,4.58,4.51
2024-10-27,40.54800452151495,40.6464959822755,40.18359550936358,40.32147979736328,3119500.0,-0.2234116308391094,4.83,4.89,4.73,4.51,4.29,4.11,4.05,4.07,4.15,4.25,4.58,4.51
2024-10-28,40.134350780416895,40.41997037478294,40.045710346202085,40.25253677368164,2519100.0,0.6750797368586061,4.83,4.88,4.7,4.46,4.28,4.12,4.09,4.11,4.19,4.28,4.61,4.53
2024-10-29,40.252539066077176,40.252539066077176,39.513869991241314,39.789642333984375,2809800.0,0.211159072816372,4.83,4.88,4.7,4.45,4.29,4.11,4.08,4.11,4.18,4.28,4.61,4.52
2024-10-30,39.83888420766593,40.026012344781066,39.632057778686296,39.976768493652344,2371100.0,0.0468333959579468,4.83,4.87,4.67,4.44,4.28,4.15,4.14,4.14,4.2,4.29,4.6,4.49
2024-10-31,39.91767560186898,40.08510921250568,39.701001894721465,39.789642333984375,6129200.0,0.6160114109516144,4.83,4.76,4.64,4.43,4.27,4.16,4.12,4.15,4.21,4.28,4.58,4.47
2024-11-01,40.16389553099165,40.27223425474729,39.23809838110105,39.80933380126953,4900500.0,2.9943780899047847,4.83,4.75,4.61,4.42,4.28,4.21,4.18,4.22,4.3,4.37,4.68,4.57
2024-11-02,40.16389553099165,40.27223425474729,39.23809838110105,39.80933380126953,4900500.0,2.9943780899047847,4.83,4.75,4.61,4.42,4.28,4.21,4.18,4.22,4.3,4.37,4.68,4.57
2024-11-03,40.16389553099165,40.27223425474729,39.23809838110105,39.80933380126953,4900500.0,2.9943780899047847,4.83,4.75,4.61,4.42,4.28,4.21,4.18,4.22,4.3,4.37,4.68,4.57
2024-11-04,39.93737386716396,40.42981991671485,39.907828306451776,40.2131462097168,5882600.0,1.7527231648564336,4.83,4.75,4.65,4.39,4.25,4.17,4.1,4.17,4.24,4.31,4.6,4.5
2024-11-05,40.479061049939745,40.479061049939745,40.00631332498882,40.42981719970703,4890100.0,0.3444383670575917,4.83,4.72,4.64,4.39,4.27,4.19,4.11,4.16,4.22,4.26,4.55,4.44
2024-11-06,40.72528413561456,40.971507144311296,40.508610442765594,40.902565002441406,5974000.0,0.5054526003077626,4.83,4.68,4.64,4.41,4.31,4.27,4.2,4.27,4.37,4.42,4.71,4.6
2024-11-07,41.16848934422237,41.96625330388223,41.04045231826247,41.77912139892578,4509900.0,-0.0190982967615127,4.83,4.69,4.63,4.4,4.28,4.21,4.13,4.17,4.25,4.31,4.62,4.52
2024-11-08,41.69048309326172,41.857912941637025,41.4935039280057,41.69048309326172,4583000.0,-0.0470800679177047,4.58,4.7,4.63,4.42,4.32,4.26,4.18,4.2,4.25,4.3,4.58,4.47
2024-11-09,41.69048309326172,41.857912941637025,41.4935039280057,41.69048309326172,4583000.0,-0.0470800679177047,4.58,4.7,4.63,4.42,4.32,4.26,4.18,4.2,4.25,4.3,4.58,4.47
2024-11-10,41.69048309326172,41.857912941637025,41.4935039280057,41.69048309326172,4583000.0,-0.0470800679177047,4.58,4.7,4.63,4.42,4.32,4.26,4.18,4.2,4.25,4.3,4.58,4.47
2024-11-11,41.69048309326172,41.857912941637025,41.4935039280057,41.69048309326172,4583000.0,-0.0470800679177047,4.58,4.7,4.63,4.42,4.32,4.26,4.18,4.2,4.25,4.3,4.58,4.47
2024-11-12,42.35035868825784,42.35035868825784,41.286673457347575,41.542747497558594,4038700.0,0.0923584885895251,4.58,4.7,4.63,4.45,4.38,4.34,4.29,4.32,4.38,4.43,4.7,4.58
2024-11-13,41.58214312102381,41.93670485646862,41.355618402726286,41.84806442260742,3733400.0,-0.1964136809110642,4.58,4.69,4.6,4.4,4.31,4.27,4.25,4.3,4.38,4.44,4.73,4.63
2024-11-14,42.09428845654903,42.65567663230486,41.89730929239179,42.43899917602539,5627700.0,-0.1497719148173929,4.58,4.7,4.61,4.43,4.36,4.34,4.3,4.32,4.38,4.43,4.69,4.58
2024-11-15,42.310001373291016,42.310001373291016,41.900001525878906,42.18000030517578,5556400.0,0.8954892270267012,4.58,4.7,4.6,4.44,4.34,4.31,4.27,4.3,4.36,4.43,4.7,4.6
2024-11-16,42.310001373291016,42.310001373291016,41.900001525878906,42.18000030517578,5556400.0,0.8954892270267012,4.58,4.7,4.6,4.44,4.34,4.31,4.27,4.3,4.36,4.43,4.7,4.6
2024-11-17,42.310001373291016,42.310001373291016,41.900001525878906,42.18000030517578,5556400.0,0.8954892270267012,4.58,4.7,4.6,4.44,4.34,4.31,4.27,4.3,4.36,4.43,4.7,4.6
2024-11-18,42.13999938964844,42.7400016784668,42.130001068115234,42.560001373291016,4072800.0,-0.9160018637776376,4.58,4.7,4.63,4.44,4.33,4.29,4.25,4.28,4.35,4.42,4.7,4.61
2024-11-19,42.5099983215332,43.08000183105469,42.349998474121094,42.97999954223633,3345000.0,-0.0663829743862152,4.58,4.67,4.62,4.44,4.34,4.27,4.24,4.25,4.32,4.39,4.66,4.57
2024-11-20,42.91999816894531,42.97999954223633,42.43000030517578,42.790000915527344,3051200.0,-2.0473074093461037,4.58,4.68,4.62,4.44,4.37,4.31,4.26,4.28,4.34,4.41,4.66,4.59
2024-11-21,42.810001373291016,43.54999923706055,42.77000045776367,43.4900016784668,3764900.0,0.9702822118997572,4.58,4.72,4.63,4.45,4.39,4.34,4.3,4.3,4.36,4.43,4.68,4.61
2024-11-22,43.41999816894531,43.70000076293945,43.209999084472656,43.2599983215332,4554000.0,0.8825450539588926,4.58,4.72,4.63,4.46,4.42,4.37,4.32,4.3,4.35,4.41,4.67,4.6
2024-11-23,43.41999816894531,43.70000076293945,43.209999084472656,43.2599983215332,4554000.0,0.8825450539588926,4.58,4.72,4.63,4.46,4.42,4.37,4.32,4.3,4.35,4.41,4.67,4.6
2024-11-24,43.41999816894531,43.70000076293945,43.209999084472656,43.2599983215332,4554000.0,0.8825450539588926,4.58,4.72,4.63,4.46,4.42,4.37,4.32,4.3,4.35,4.41,4.67,4.6
2024-11-25,43.400001525878906,43.54999923706055,42.849998474121094,42.95000076293945,7654900.0,0.3887567073106767,4.58,4.74,4.62,4.46,4.37,4.21,4.21,4.17,4.21,4.27,4.53,4.45
2024-11-26,42.70000076293945,42.86000061035156,42.310001373291016,42.70000076293945,4560300.0,0.8765814378857609,4.58,4.74,4.61,4.45,4.37,4.21,4.21,4.17,4.24,4.3,4.56,4.48
2024-11-27,42.65999984741211,42.959999084472656,42.5099983215332,42.900001525878906,4078600.0,1.3747407495975494,4.58,4.76,4.6,4.43,4.34,4.19,4.17,4.11,4.17,4.25,4.52,4.44
2024-11-28,42.65999984741211,42.959999084472656,42.5099983215332,42.900001525878906,4078600.0,1.3747407495975494,4.58,4.76,4.6,4.43,4.34,4.19,4.17,4.11,4.17,4.25,4.52,4.44
2024-11-29,42.849998474121094,43.52000045776367,42.779998779296875,43.380001068115234,2648400.0,-0.0015970468521118,4.58,4.76,4.58,4.42,4.3,4.13,4.1,4.05,4.1,4.18,4.45,4.36
2024-11-30,42.849998474121094,43.52000045776367,42.779998779296875,43.380001068115234,2648400.0,-0.0015970468521118,4.58,4.76,4.58,4.42,4.3,4.13,4.1,4.05,4.1,4.18,4.45,4.36
2024-12-01,42.849998474121094,43.52000045776367,42.779998779296875,43.380001068115234,2648400.0,-0.0015970468521118,4.58,4.76,4.58,4.42,4.3,4.13,4.1,4.05,4.1,4.18,4.45,4.36
2024-12-02,43.27000045776367,43.470001220703125,42.68000030517578,43.36000061035156,8445800.0,0.5810230763163418,4.58,4.75,4.51,4.43,4.3,4.17,4.11,4.08,4.13,4.19,4.46,4.36
2024-12-03,43.650001525878906,43.88999938964844,43.45000076293945,43.4900016784668,4350300.0,1.7814110806211825,4.58,4.66,4.49,4.4,4.27,4.17,4.13,4.11,4.17,4.23,4.5,4.4
2024-12-04,43.790000915527344,44.02000045776367,43.45000076293945,43.63999938964844,5658800.0,0.7344667352735996,4.58,4.65,4.47,4.38,4.23,4.13,4.09,4.07,4.13,4.19,4.45,4.35
2024-12-05,43.5,44.13999938964844,43.4900016784668,43.91999816894531,5538100.0,1.2516993805766106,4.58,4.59,4.46,4.38,4.23,4.15,4.1,4.07,4.12,4.17,4.43,4.33
2024-12-06,43.869998931884766,43.869998931884766,43.119998931884766,43.13999938964844,4658100.0,-0.056874681264162,4.58,4.57,4.42,4.34,4.19,4.1,4.05,4.03,4.09,4.15,4.42,4.34
2024-12-07,43.869998931884766,43.869998931884766,43.119998931884766,43.13999938964844,4658100.0,-0.056874681264162,4.58,4.57,4.42,4.34,4.19,4.1,4.05,4.03,4.09,4.15,4.42,4.34
2024-12-08,43.869998931884766,43.869998931884766,43.119998931884766,43.13999938964844,4658100.0,-0.056874681264162,4.58,4.57,4.42,4.34,4.19,4.1,4.05,4.03,4.09,4.15,4.42,4.34
2024-12-09,43.33000183105469,43.5099983215332,42.349998474121094,42.349998474121094,5077800.0,-0.1438019648194312,4.58,4.56,4.42,4.34,4.2,4.13,4.09,4.07,4.13,4.2,4.47,4.39
2024-12-10,42.45000076293945,42.529998779296875,42.130001068115234,42.310001373291016,3598000.0,1.78484271466732,4.58,4.53,4.41,4.35,4.22,4.15,4.08,4.09,4.15,4.22,4.49,4.41
2024-12-11,42.47999954223633,42.7400016784668,42.27000045776367,42.34000015258789,8932000.0,1.3587491959333418,4.58,4.49,4.38,4.32,4.21,4.15,4.09,4.13,4.2,4.26,4.55,4.48
2024-12-12,42.310001373291016,42.31999969482422,41.95000076293945,42.04999923706055,4346500.0,0.1044328883290292,4.58,4.43,4.35,4.31,4.22,4.18,4.14,4.18,4.25,4.32,4.62,4.55
2024-12-13,42.04999923706055,42.099998474121094,41.7400016784668,41.90999984741211,2345900.0,-2.390046574175358,4.58,4.43,4.34,4.32,4.24,4.25,4.21,4.25,4.33,4.4,4.69,4.61
2024-12-14,42.04999923706055,42.099998474121094,41.7400016784668,41.90999984741211,2345900.0,-2.390046574175358,4.58,4.43,4.34,4.32,4.24,4.25,4.21,4.25,4.33,4.4,4.69,4.61
2024-12-15,42.04999923706055,42.099998474121094,41.7400016784668,41.90999984741211,2345900.0,-2.390046574175358,4.58,4.43,4.34,4.32,4.24,4.25,4.21,4.25,4.33,4.4,4.69,4.61
2024-12-16,41.88999938964844,41.93000030517578,41.380001068115234,41.529998779296875,3380400.0,-1.9603278078138824,4.58,4.43,4.37,4.3,4.24,4.25,4.22,4.25,4.32,4.39,4.68,4.6
2024-12-17,41.2599983215332,41.52000045776367,41.099998474121094,41.400001525878906,2535000.0,-0.5544514579814859,4.58,4.46,4.38,4.3,4.25,4.25,4.22,4.26,4.33,4.4,4.68,4.59
2024-12-18,41.349998474121094,41.349998474121094,40.5,40.5,4402100.0,1.1307081505656242,4.58,4.44,4.36,4.3,4.3,4.35,4.35,4.4,4.45,4.5,4.74,4.65
2024-12-19,40.72999954223633,41.130001068115234,40.470001220703125,40.709999084472656,4677300.0,-1.465439923107624,4.33,4.42,4.35,4.29,4.28,4.32,4.35,4.43,4.51,4.57,4.82,4.74
2024-12-20,40.54999923706055,41.41999816894531,40.349998474121094,41.369998931884766,3981700.0,-0.1793748587369919,4.33,4.43,4.34,4.29,4.27,4.3,4.32,4.37,4.45,4.52,4.79,4.72
2024-12-21,40.54999923706055,41.41999816894531,40.349998474121094,41.369998931884766,3981700.0,-0.1793748587369919,4.33,4.43,4.34,4.29,4.27,4.3,4.32,4.37,4.45,4.52,4.79,4.72
2024-12-22,40.54999923706055,41.41999816894531,40.349998474121094,41.369998931884766,3981700.0,-0.1793748587369919,4.33,4.43,4.34,4.29,4.27,4.3,4.32,4.37,4.45,4.52,4.79,4.72
2024-12-23,41.310001373291016,41.810001373291016,41.0099983215332,41.79999923706055,3696900.0,0.2593219885602592,4.33,4.44,4.36,4.3,4.26,4.3,4.36,4.44,4.52,4.59,4.85,4.78
2024-12-24,41.75,41.900001525878906,41.619998931884766,41.869998931884766,988600.0,-0.1854250580072403,4.33,4.44,4.4,4.3,4.24,4.29,4.36,4.43,4.52,4.59,4.84,4.76
2024-12-25,41.75,41.900001525878906,41.619998931884766,41.869998931884766,988600.0,-0.1854250580072403,4.33,4.44,4.4,4.3,4.24,4.29,4.36,4.43,4.52,4.59,4.84,4.76
2024-12-26,41.810001373291016,41.97999954223633,41.689998626708984,41.79999923706055,1320400.0,0.4569455981254577,4.33,4.45,4.35,4.31,4.23,4.3,4.35,4.42,4.49,4.58,4.83,4.76
2024-12-27,41.560001373291016,41.939998626708984,41.529998779296875,41.81999969482422,1792300.0,1.646793071180582,4.33,4.44,4.31,4.29,4.2,4.31,4.36,4.45,4.53,4.62,4.89,4.82
2024-12-28,41.560001373291016,41.939998626708984,41.529998779296875,41.81999969482422,1792300.0,1.646793071180582,4.33,4.44,4.31,4.29,4.2,4.31,4.36,4.45,4.53,4.62,4.89,4.82
2024-12-29,41.560001373291016,41.939998626708984,41.529998779296875,41.81999969482422,1792300.0,1.646793071180582,4.33,4.44,4.31,4.29,4.2,4.31,4.36,4.45,4.53,4.62,4.89,4.82
2024-12-30,41.619998931884766,42.20000076293945,41.470001220703125,42.119998931884766,2186700.0,-0.0969528052955866,4.33,4.43,4.37,4.25,4.17,4.24,4.29,4.37,4.46,4.55,4.84,4.77
2024-12-31,42.189998626708984,42.45000076293945,42.119998931884766,42.43000030517578,1646600.0,0.532195970416069,4.33,4.4,4.37,4.24,4.16,4.25,4.27,4.38,4.48,4.58,4.86,4.78
