Date,Open,High,Low,Close,Volume,Sentiment,US Federal Funds Rate,1 Mo,3 Mo,6 Mo,1 Yr,2 Yr,3 Yr,5 Yr,7 Yr,10 Yr,20 Yr,30 Yr,Corn_open,Corn_close,Corn_volume,Tmin,Tmax,Awnd,Prcp,Tmin_avg,Tmax_avg,Awnd_avg,Prcp_avg,Tmin_dev,Tmax_dev,Awnd_dev,Prcp_dev,Combined_dev
2019-05-24,27.564758119911986,29.64948772561961,26.406575005629968,26.869848251342773,44000.0,0.0,2.38,2.37,2.35,2.39,2.33,2.16,2.1,2.12,2.22,2.32,2.57,2.75,390.5,404.25,299952.0,5.55,11.95,2.35,6.35,5.248571428571428,10.604285714285714,2.5028571428571427,1.8071428571428572,0.3014285714285716,1.3457142857142852,-0.1528571428571425,4.542857142857143,0.5323518966193073
2019-05-25,27.564758119911986,29.64948772561961,26.406575005629968,26.869848251342773,44000.0,0.0,2.38,2.37,2.35,2.39,2.33,2.16,2.1,2.12,2.22,2.32,2.57,2.75,390.5,404.25,299952.0,5.55,11.95,2.35,6.35,5.248571428571428,10.604285714285714,2.5028571428571427,1.8071428571428572,0.3014285714285716,1.3457142857142852,-0.1528571428571425,4.542857142857143,0.5323518966193073
2019-05-26,27.564758119911986,29.64948772561961,26.406575005629968,26.869848251342773,44000.0,0.0,2.38,2.37,2.35,2.39,2.33,2.16,2.1,2.12,2.22,2.32,2.57,2.75,390.5,404.25,299952.0,5.55,11.95,2.35,6.35,5.248571428571428,10.604285714285714,2.5028571428571427,1.8071428571428572,0.3014285714285716,1.3457142857142852,-0.1528571428571425,4.542857142857143,0.5323518966193073
2019-05-27,27.564758119911986,29.64948772561961,26.406575005629968,26.869848251342773,44000.0,0.0,2.38,2.37,2.35,2.39,2.33,2.16,2.1,2.12,2.22,2.32,2.57,2.75,390.5,404.25,299952.0,5.55,11.95,2.35,6.35,5.248571428571428,10.604285714285714,2.5028571428571427,1.8071428571428572,0.3014285714285716,1.3457142857142852,-0.1528571428571425,4.542857142857143,0.5323518966193073
2019-05-28,27.101480879036764,28.259663822585345,26.415836788525635,26.6521053314209,61500.0,0.9273033924400806,2.39,2.35,2.37,2.38,2.31,2.12,2.06,2.06,2.16,2.26,2.52,2.7,408.0,420.25,417683.0,5.3,8.9,2.85,0.0,5.7371428571428575,12.294285714285715,2.2285714285714286,1.0057142857142856,-0.4371428571428577,-3.394285714285715,0.6214285714285714,-1.0057142857142856,0.5615729367431928
2019-05-29,27.703738946659364,27.703738946659364,25.628275077383076,26.406574249267575,207800.0,-1.3964392743073402,2.39,2.35,2.37,2.38,2.3,2.09,2.04,2.05,2.16,2.25,2.5,2.69,429.25,418.75,484436.0,5.0,9.15,1.3,18.3,5.658571428571429,12.102857142857143,2.1471428571428572,3.774285714285714,-0.6585714285714293,-2.952857142857143,-0.8471428571428572,14.525714285714288,1.6603447463153254
2019-05-30,26.860578373543905,27.018091323142173,26.14713726258428,26.684534072875977,666000.0,-0.2342983931303026,2.39,2.37,2.38,2.4,2.29,2.06,2.0,2.03,2.12,2.22,2.46,2.65,416.5,436.25,324914.0,3.6,14.15,0.8,0.0,6.014285714285714,12.387142857142855,2.1799999999999997,2.575714285714286,-2.414285714285714,1.7628571428571451,-1.3799999999999997,-2.575714285714286,0.937808296079054
2019-05-31,26.406573118179875,26.489962437827575,24.988956451416016,24.988956451416016,853800.0,0.0504606142640113,2.4,2.35,2.35,2.35,2.21,1.95,1.9,1.93,2.03,2.14,2.39,2.58,435.0,427.0,302171.0,6.65,14.7,1.5,0.0,5.585714285714285,11.974285714285717,2.024285714285714,1.5314285714285714,1.064285714285715,2.7257142857142824,-0.524285714285714,-1.5314285714285714,0.5801494262246589
2019-06-01,26.406573118179875,26.489962437827575,24.988956451416016,24.988956451416016,853800.0,0.0504606142640113,2.4,2.35,2.35,2.35,2.21,1.95,1.9,1.93,2.03,2.14,2.39,2.58,435.0,427.0,302171.0,6.65,14.7,1.5,0.0,5.585714285714285,11.974285714285717,2.024285714285714,1.5314285714285714,1.064285714285715,2.7257142857142824,-0.524285714285714,-1.5314285714285714,0.5801494262246589
2019-06-02,26.406573118179875,26.489962437827575,24.988956451416016,24.988956451416016,853800.0,0.0504606142640113,2.4,2.35,2.35,2.35,2.21,1.95,1.9,1.93,2.03,2.14,2.39,2.58,435.0,427.0,302171.0,6.65,14.7,1.5,0.0,5.585714285714285,11.974285714285717,2.024285714285714,1.5314285714285714,1.064285714285715,2.7257142857142824,-0.524285714285714,-1.5314285714285714,0.5801494262246589
2019-06-03,24.59053811249772,25.01674853556598,22.579932696541995,22.987611770629883,19259600.0,1.4784372299909587,2.38,2.36,2.35,2.31,2.11,1.82,1.79,1.83,1.95,2.07,2.34,2.53,426.25,424.25,288442.0,8.35,13.05,2.7,0.0,5.715714285714286,12.255714285714284,2.0900000000000003,1.812857142857143,2.6342857142857135,0.7942857142857171,0.6099999999999999,-1.812857142857143,0.6133331925158592
2019-06-04,22.56140324995244,25.88770468079609,22.56140324995244,25.711660385131836,20135100.0,1.115583782084286,2.38,2.34,2.35,2.29,2.11,1.88,1.84,1.89,2.01,2.12,2.41,2.6,435.0,425.25,306703.0,8.05,16.65,2.0,0.15,6.2457142857142856,12.73857142857143,1.99,2.0642857142857145,1.8042857142857152,3.9114285714285697,0.01,-1.9142857142857144,0.636862375662677
2019-06-05,25.51709182908009,26.147141973748013,24.516419897981525,25.95256805419922,10740200.0,1.2011683145537968,2.38,2.31,2.35,2.25,2.04,1.83,1.81,1.86,2.0,2.12,2.42,2.63,424.25,414.75,231859.0,6.4,15.55,1.5,0.0,6.51,13.0,1.9228571428571428,2.5957142857142856,-0.1099999999999994,2.5500000000000007,-0.4228571428571428,-2.5957142857142856,0.5332712809688042
2019-06-06,25.65606954354503,25.65606954354503,24.30331092103291,24.924097061157227,13986100.0,0.7526426091790197,2.37,2.32,2.33,2.22,2.02,1.88,1.85,1.88,2.01,2.12,2.42,2.62,414.5,420.5,279006.0,6.65,16.4,0.45,0.0,6.777142857142857,13.268571428571429,2.2685714285714287,0.8228571428571428,-0.1271428571428563,3.13142857142857,-1.8185714285714287,-0.8228571428571428,0.8185220847638736
2019-06-07,24.247721648820463,24.951897191397546,23.826143067693405,24.377437591552734,10049100.0,-0.0830277800559998,2.37,2.3,2.28,2.15,1.97,1.85,1.82,1.85,1.97,2.09,2.36,2.57,421.0,415.75,227751.0,8.35,16.4,2.7,0.0,6.905714285714286,13.237142857142857,2.2142857142857144,0.8928571428571429,1.444285714285714,3.162857142857142,0.4857142857142857,-0.8928571428571429,0.5907441937101272
2019-06-08,24.247721648820463,24.951897191397546,23.826143067693405,24.377437591552734,10049100.0,-0.0830277800559998,2.37,2.3,2.28,2.15,1.97,1.85,1.82,1.85,1.97,2.09,2.36,2.57,421.0,415.75,227751.0,8.35,16.4,2.7,0.0,6.905714285714286,13.237142857142857,2.2142857142857144,0.8928571428571429,1.444285714285714,3.162857142857142,0.4857142857142857,-0.8928571428571429,0.5907441937101272
2019-06-09,24.247721648820463,24.951897191397546,23.826143067693405,24.377437591552734,10049100.0,-0.0830277800559998,2.37,2.3,2.28,2.15,1.97,1.85,1.82,1.85,1.97,2.09,2.36,2.57,421.0,415.75,227751.0,8.35,16.4,2.7,0.0,6.905714285714286,13.237142857142857,2.2142857142857144,0.8928571428571429,1.444285714285714,3.162857142857142,0.4857142857142857,-0.8928571428571429,0.5907441937101272
2019-06-10,24.15505919057266,24.775845216273364,23.274841359487365,23.450883865356445,10247200.0,0.8560968227684496,2.37,2.3,2.29,2.21,2.03,1.9,1.87,1.91,2.03,2.15,2.42,2.62,413.0,415.75,279949.0,4.45,12.8,1.5,0.0,6.915714285714286,13.032857142857145,2.0885714285714285,1.0242857142857142,-2.465714285714286,-0.2328571428571439,-0.5885714285714285,-1.0242857142857142,0.4848818400518451
2019-06-11,23.17292665736972,23.497218264551847,22.72818479067559,23.117334365844727,11641200.0,0.3474756777286529,2.37,2.27,2.27,2.21,2.05,1.93,1.87,1.92,2.03,2.15,2.42,2.62,415.0,427.75,360317.0,6.65,11.65,1.55,3.95,7.165714285714286,13.535714285714286,2.21,1.687142857142857,-0.515714285714286,-1.885714285714286,-0.6599999999999999,2.2628571428571433,0.55450446928321
2019-06-12,23.265584056720368,23.580610019964283,22.68185875007835,23.2285213470459,13392000.0,0.5512725533917545,2.37,2.19,2.24,2.2,2.02,1.88,1.83,1.88,2.0,2.13,2.41,2.62,427.75,430.0,331360.0,5.3,10.85,2.7,0.0,6.791428571428571,13.231428571428571,1.9228571428571428,1.5257142857142856,-1.491428571428571,-2.3814285714285717,0.7771428571428574,-1.5257142857142856,0.6590950154058005
2019-06-13,23.21925166560416,23.339703684027675,22.88569617228995,23.135862350463867,9710800.0,0.3298765122890472,2.37,2.24,2.19,2.18,2.0,1.83,1.78,1.84,1.96,2.1,2.39,2.61,429.75,442.0,402152.0,3.35,13.05,1.95,0.0,6.978571428571429,13.64,2.04,2.222857142857143,-3.628571428571429,-0.5899999999999999,-0.09,-2.222857142857143,0.5811423242145152
2019-06-14,22.941289275329787,23.38603112705338,22.746713610671325,23.339704513549805,7036800.0,0.240455824881792,2.36,2.23,2.2,2.18,2.0,1.84,1.79,1.85,1.96,2.09,2.38,2.59,442.0,453.0,312814.0,9.45,15.0,2.2,0.0,7.427142857142857,13.57,2.212857142857143,2.045714285714286,2.0228571428571422,1.4299999999999995,-0.0128571428571429,-2.045714285714286,0.4663391170746776
2019-06-15,22.941289275329787,23.38603112705338,22.746713610671325,23.339704513549805,7036800.0,0.240455824881792,2.36,2.23,2.2,2.18,2.0,1.84,1.79,1.85,1.96,2.09,2.38,2.59,442.0,453.0,312814.0,9.45,15.0,2.2,0.0,7.427142857142857,13.57,2.212857142857143,2.045714285714286,2.0228571428571422,1.4299999999999995,-0.0128571428571429,-2.045714285714286,0.4663391170746776
2019-06-16,22.941289275329787,23.38603112705338,22.746713610671325,23.339704513549805,7036800.0,0.240455824881792,2.36,2.23,2.2,2.18,2.0,1.84,1.79,1.85,1.96,2.09,2.38,2.59,442.0,453.0,312814.0,9.45,15.0,2.2,0.0,7.427142857142857,13.57,2.212857142857143,2.045714285714286,2.0228571428571422,1.4299999999999995,-0.0128571428571429,-2.045714285714286,0.4663391170746776
2019-06-17,23.654734645976134,24.924102461385427,23.580610990822656,24.04388427734375,13710100.0,-2.07572372816503,2.38,2.22,2.23,2.2,2.03,1.86,1.8,1.85,1.96,2.09,2.37,2.58,458.25,454.75,279480.0,8.35,12.5,2.0,0.0,7.797142857142856,13.982857142857142,2.434285714285714,1.982857142857143,0.5528571428571434,-1.4828571428571422,-0.4342857142857141,-1.982857142857143,0.4427947031910143
2019-06-18,24.11800512120316,25.544885758396433,23.858571474782963,25.29471778869629,14485400.0,0.2444859994575382,2.37,2.18,2.22,2.2,2.04,1.86,1.8,1.83,1.93,2.06,2.34,2.55,455.5,449.75,221471.0,6.65,12.2,1.15,0.0,7.637142857142858,13.67142857142857,2.1357142857142857,1.3071428571428572,-0.9871428571428577,-1.4714285714285715,-0.9857142857142858,-1.3071428571428572,0.5773757975311862
2019-06-19,25.461501056180953,25.461501056180953,24.89630881165757,25.15574073791504,10228800.0,0.4348709136247632,2.37,2.14,2.18,2.11,1.96,1.74,1.7,1.77,1.89,2.03,2.32,2.54,449.75,441.0,193331.0,5.85,12.5,0.25,0.0,7.742857142857143,13.837142857142858,2.1585714285714284,0.5171428571428571,-1.8928571428571432,-1.337142857142858,-1.9085714285714284,-0.5171428571428571,0.8363629446488446
2019-06-20,25.35958042912831,25.572685716346424,24.479360479665893,25.16500473022461,7728000.0,0.8216578848659992,2.37,2.17,2.14,2.04,1.91,1.72,1.69,1.74,1.87,2.01,2.31,2.53,441.5,450.0,198628.0,7.8,13.6,1.7,2.65,7.938571428571429,13.737142857142857,2.204285714285714,4.491428571428571,-0.1385714285714288,-0.137142857142857,-0.5042857142857142,-1.8414285714285712,0.3028026792297721
2019-06-21,24.896306217226716,25.674603682140617,24.896306217226716,25.21133041381836,12548900.0,0.5269206874072552,2.38,2.16,2.11,2.05,1.95,1.77,1.74,1.8,1.93,2.07,2.37,2.59,452.0,442.25,251093.0,7.5,12.5,2.8,0.15,7.72,13.605714285714283,2.1342857142857143,3.18,-0.2199999999999997,-1.1057142857142832,0.6657142857142855,-3.03,0.5250348093815767
2019-06-22,24.896306217226716,25.674603682140617,24.896306217226716,25.21133041381836,12548900.0,0.5269206874072552,2.38,2.16,2.11,2.05,1.95,1.77,1.74,1.8,1.93,2.07,2.37,2.59,452.0,442.25,251093.0,7.5,12.5,2.8,0.15,7.72,13.605714285714283,2.1342857142857143,3.18,-0.2199999999999997,-1.1057142857142832,0.6657142857142855,-3.03,0.5250348093815767
2019-06-23,24.896306217226716,25.674603682140617,24.896306217226716,25.21133041381836,12548900.0,0.5269206874072552,2.38,2.16,2.11,2.05,1.95,1.77,1.74,1.8,1.93,2.07,2.37,2.59,452.0,442.25,251093.0,7.5,12.5,2.8,0.15,7.72,13.605714285714283,2.1342857142857143,3.18,-0.2199999999999997,-1.1057142857142832,0.6657142857142855,-3.03,0.5250348093815767
2019-06-24,25.14647180989667,26.36024901495265,25.065862362191137,25.95256805419922,6494900.0,0.284623434767127,2.38,2.12,2.13,2.1,1.92,1.72,1.69,1.75,1.88,2.02,2.33,2.55,442.25,446.75,172094.0,7.8,13.6,1.6,0.15,7.917142857142858,14.252857142857144,1.9885714285714284,1.8242857142857145,-0.1171428571428583,-0.6528571428571439,-0.3885714285714283,-1.6742857142857146,0.2986733621250074
2019-06-25,25.96183436569424,26.026692340461757,25.461498387920916,25.637542724609375,6698600.0,0.0474826670251786,2.38,2.11,2.12,2.1,1.93,1.71,1.67,1.73,1.86,2.0,2.31,2.53,451.0,447.5,158426.0,8.05,13.9,1.55,0.0,8.061428571428571,14.09142857142857,2.2728571428571427,0.8114285714285714,-0.0114285714285706,-0.1914285714285704,-0.7228571428571426,-0.8114285714285714,0.2738383468922434
2019-06-26,25.878439810193353,27.217299001731803,25.80431617296362,27.110746383666992,6735100.0,0.7206223383545873,2.38,2.11,2.15,2.12,1.96,1.77,1.74,1.8,1.92,2.05,2.35,2.57,447.0,443.25,158878.0,7.5,15.85,1.3,0.15,8.031428571428572,14.241428571428573,2.0885714285714285,1.1571428571428573,-0.531428571428572,1.6085714285714268,-0.7885714285714285,-1.0071428571428571,0.4700710593348116
2019-06-27,27.221935406408388,28.102155288759864,27.11075081600965,27.397979736328125,5879600.0,1.0306016132235527,2.38,2.19,2.14,2.12,1.93,1.74,1.71,1.76,1.88,2.01,2.31,2.52,443.0,440.0,141131.0,9.45,14.45,2.6,17.9,7.932857142857142,14.181428571428572,2.0814285714285714,2.2342857142857144,1.517142857142857,0.2685714285714269,0.5185714285714287,15.665714285714284,1.522210770696498
2019-06-28,27.425776767551408,27.56475838917343,27.11075081600965,27.397979736328125,15517800.0,0.2257075667148456,2.4,2.18,2.12,2.09,1.92,1.75,1.71,1.76,1.87,2.0,2.31,2.52,439.0,420.25,34514.0,10.85,15.85,2.3,0.0,8.127142857142857,14.184285714285714,2.357142857142857,0.9514285714285716,2.7228571428571424,1.6657142857142857,-0.0571428571428573,-0.9514285714285716,0.4768912737020608
2019-06-29,27.425776767551408,27.56475838917343,27.11075081600965,27.397979736328125,15517800.0,0.2257075667148456,2.4,2.18,2.12,2.09,1.92,1.75,1.71,1.76,1.87,2.0,2.31,2.52,439.0,420.25,34514.0,10.85,15.85,2.3,0.0,8.127142857142857,14.184285714285714,2.357142857142857,0.9514285714285716,2.7228571428571424,1.6657142857142857,-0.0571428571428573,-0.9514285714285716,0.4768912737020608
2019-06-30,27.425776767551408,27.56475838917343,27.11075081600965,27.397979736328125,15517800.0,0.2257075667148456,2.4,2.18,2.12,2.09,1.92,1.75,1.71,1.76,1.87,2.0,2.31,2.52,439.0,420.25,34514.0,10.85,15.85,2.3,0.0,8.127142857142857,14.184285714285714,2.357142857142857,0.9514285714285716,2.7228571428571424,1.6657142857142857,-0.0571428571428573,-0.9514285714285716,0.4768912737020608
2019-07-01,27.407243912100792,28.49130332896597,26.82352042636436,27.49989891052246,5272900.0,1.4396275915205476,2.39,2.17,2.21,2.1,1.94,1.78,1.74,1.79,1.9,2.03,2.34,2.55,424.25,412.0,13482.0,10.55,14.45,2.4,8.0,7.864285714285714,14.007142857142858,2.092857142857143,2.4757142857142855,2.685714285714287,0.4428571428571413,0.3071428571428569,5.524285714285714,0.7974734521014109
2019-07-02,27.33312321136719,27.42577821977044,26.073019338476556,26.860584259033203,5438300.0,0.3427214119583366,2.4,2.21,2.2,2.09,1.91,1.77,1.71,1.75,1.85,1.98,2.29,2.51,412.5,413.5,6526.0,10.55,15.3,1.0,0.0,8.21142857142857,14.101428571428572,2.2385714285714284,0.4214285714285714,2.3385714285714307,1.1985714285714284,-1.2385714285714284,-0.4214285714285714,0.6790864083965688
2019-07-03,26.66600448905323,26.777189060977353,26.12860767876153,26.684534072875977,2234900.0,-0.0750549659132959,2.41,2.25,2.21,2.08,1.91,1.77,1.71,1.74,1.83,1.96,2.25,2.47,417.0,433.0,3471.0,10.3,15.85,1.65,0.0,8.59,14.504285714285714,2.142857142857143,1.15,1.7100000000000009,1.3457142857142852,-0.4928571428571429,-1.15,0.4895419812418657
2019-07-04,26.66600448905323,26.777189060977353,26.12860767876153,26.684534072875977,2234900.0,-0.0750549659132959,2.41,2.25,2.21,2.08,1.91,1.77,1.71,1.74,1.83,1.96,2.25,2.47,417.0,433.0,3471.0,10.3,15.85,1.65,0.0,8.59,14.504285714285714,2.142857142857143,1.15,1.7100000000000009,1.3457142857142852,-0.4928571428571429,-1.15,0.4895419812418657
2019-07-05,26.360244770942003,27.166339118215795,26.18420046689781,26.536287307739254,2888200.0,-0.2137940768152476,2.42,2.26,2.23,2.14,1.98,1.87,1.82,1.84,1.93,2.04,2.34,2.54,433.0,434.0,2127.0,9.15,13.9,2.05,10.15,8.498571428571429,14.552857142857144,2.031428571428571,1.5414285714285716,0.6514285714285712,-0.6528571428571439,0.0185714285714286,8.608571428571429,0.7892078078600742
2019-07-06,26.360244770942003,27.166339118215795,26.18420046689781,26.536287307739254,2888200.0,-0.2137940768152476,2.42,2.26,2.23,2.14,1.98,1.87,1.82,1.84,1.93,2.04,2.34,2.54,433.0,434.0,2127.0,9.15,13.9,2.05,10.15,8.498571428571429,14.552857142857144,2.031428571428571,1.5414285714285716,0.6514285714285712,-0.6528571428571439,0.0185714285714286,8.608571428571429,0.7892078078600742
2019-07-07,26.360244770942003,27.166339118215795,26.18420046689781,26.536287307739254,2888200.0,-0.2137940768152476,2.42,2.26,2.23,2.14,1.98,1.87,1.82,1.84,1.93,2.04,2.34,2.54,433.0,434.0,2127.0,9.15,13.9,2.05,10.15,8.498571428571429,14.552857142857144,2.031428571428571,1.5414285714285716,0.6514285714285712,-0.6528571428571439,0.0185714285714286,8.608571428571429,0.7892078078600742
2019-07-08,26.30464992332407,26.30464992332407,25.609740171065095,25.73019218444824,3478600.0,0.0610642414540053,2.41,2.23,2.26,2.14,1.99,1.88,1.84,1.86,1.94,2.05,2.32,2.53,440.75,438.5,2083.0,10.3,15.3,3.0,0.0,8.382857142857143,14.355714285714283,2.0742857142857143,0.8471428571428571,1.917142857142858,0.9442857142857176,0.9257142857142856,-0.8471428571428571,0.5686301071430351
2019-07-09,25.452226236093413,25.730191186564937,24.859237169349072,25.007484436035156,5285700.0,0.3809507712721822,2.41,2.22,2.26,2.15,2.0,1.92,1.88,1.88,1.96,2.07,2.34,2.54,437.25,431.75,445.0,10.55,14.7,1.95,16.75,8.364285714285714,14.547142857142855,1.7414285714285715,1.97,2.185714285714287,0.1528571428571439,0.2085714285714284,14.78,1.4224601020158958
2019-07-10,24.840707114239535,25.01675141532466,24.497885954872988,24.553478240966797,5133700.0,-0.1403161482885479,2.41,2.18,2.2,2.07,1.93,1.82,1.79,1.82,1.93,2.07,2.36,2.57,430.0,434.25,494.0,8.6,13.35,3.35,0.0,8.525714285714285,14.565714285714286,2.2414285714285715,2.0642857142857145,0.0742857142857147,-1.2157142857142862,1.1085714285714283,-2.0642857142857145,0.5640797472371641
2019-07-11,24.59980724842634,24.831443858175167,24.05314470803935,24.488622665405273,6066200.0,1.20419754832983,2.4,2.17,2.17,2.08,1.97,1.85,1.84,1.88,1.99,2.13,2.42,2.65,433.25,447.75,597.0,7.2,14.45,1.1,0.0,8.635714285714286,14.352857142857143,2.15,0.9457142857142856,-1.435714285714286,0.097142857142856,-1.0499999999999998,-0.9457142857142856,0.4962330351772767
2019-07-12,24.479358199509033,25.693133599787817,24.331110903318365,25.572683334350582,5154500.0,-0.645383988507092,2.38,2.16,2.14,2.07,1.96,1.84,1.81,1.86,1.98,2.12,2.42,2.64,447.75,449.5,169365.0,10.0,15.3,1.5,0.25,8.467142857142857,14.398571428571428,1.937142857142857,1.6642857142857144,1.532857142857143,0.901428571428573,-0.437142857142857,-1.4142857142857144,0.4426694105454825
2019-07-13,24.479358199509033,25.693133599787817,24.331110903318365,25.572683334350582,5154500.0,-0.645383988507092,2.38,2.16,2.14,2.07,1.96,1.84,1.81,1.86,1.98,2.12,2.42,2.64,447.75,449.5,169365.0,10.0,15.3,1.5,0.25,8.467142857142857,14.398571428571428,1.937142857142857,1.6642857142857144,1.532857142857143,0.901428571428573,-0.437142857142857,-1.4142857142857144,0.4426694105454825
2019-07-14,24.479358199509033,25.693133599787817,24.331110903318365,25.572683334350582,5154500.0,-0.645383988507092,2.38,2.16,2.14,2.07,1.96,1.84,1.81,1.86,1.98,2.12,2.42,2.64,447.75,449.5,169365.0,10.0,15.3,1.5,0.25,8.467142857142857,14.398571428571428,1.937142857142857,1.6642857142857144,1.532857142857143,0.901428571428573,-0.437142857142857,-1.4142857142857144,0.4426694105454825
2019-07-15,25.39663931409664,26.193469866179395,25.387373637066936,26.017425537109375,3443100.0,0.263019200414419,2.4,2.17,2.16,2.06,1.95,1.83,1.8,1.84,1.96,2.09,2.39,2.61,459.25,441.0,164465.0,11.95,16.95,1.8,0.0,8.674285714285714,15.055714285714288,1.9185714285714288,0.47,3.275714285714285,1.8942857142857117,-0.1185714285714287,-0.47,0.5256055565460207
2019-07-16,25.8784375152446,26.406568604576652,25.679229926497,25.813579559326172,3735900.0,0.4852431640028952,2.41,2.16,2.15,2.06,2.0,1.87,1.84,1.88,2.0,2.13,2.42,2.63,437.75,435.25,144486.0,11.4,15.85,1.4,0.15,8.84,15.13,2.0214285714285714,0.8414285714285714,2.5600000000000005,0.7199999999999989,-0.6214285714285714,-0.6914285714285714,0.516093758462587
2019-07-17,25.572675852058165,25.67459473383939,24.877766191769883,24.905561447143555,3999300.0,-0.1519146468490361,2.41,2.13,2.14,2.04,1.95,1.83,1.8,1.83,1.94,2.06,2.35,2.57,435.25,436.0,125868.0,10.3,15.3,2.05,31.6,8.792857142857143,15.221428571428572,2.0185714285714287,1.6914285714285715,1.507142857142858,0.0785714285714291,0.0314285714285711,29.90857142857143,2.4850416783876095
2019-07-18,24.6276049513985,24.99822318368404,24.472871861509876,24.692462921142575,3009800.0,-2.0616198740899563,2.41,2.11,2.05,2.01,1.9,1.77,1.74,1.78,1.89,2.04,2.34,2.56,435.0,424.5,156004.0,10.55,16.65,1.6,0.15,8.96,15.10142857142857,2.142857142857143,1.4942857142857142,1.59,1.548571428571428,-0.5428571428571427,-1.3442857142857143,0.5234890634354459
2019-07-19,24.822182472161504,25.46149830763743,24.68319907838675,25.378108978271484,4694800.0,-1.4752522259950638,2.41,2.11,2.06,2.03,1.94,1.8,1.77,1.8,1.91,2.05,2.35,2.57,425.5,430.75,114521.0,11.4,17.8,2.15,0.0,8.974285714285715,14.64,2.0028571428571427,1.6085714285714283,2.4257142857142853,3.16,0.1471428571428572,-1.6085714285714283,0.6462524524055839
2019-07-20,24.822182472161504,25.46149830763743,24.68319907838675,25.378108978271484,4694800.0,-1.4752522259950638,2.41,2.11,2.06,2.03,1.94,1.8,1.77,1.8,1.91,2.05,2.35,2.57,425.5,430.75,114521.0,11.4,17.8,2.15,0.0,8.974285714285715,14.64,2.0028571428571427,1.6085714285714283,2.4257142857142853,3.16,0.1471428571428572,-1.6085714285714283,0.6462524524055839
2019-07-21,24.822182472161504,25.46149830763743,24.68319907838675,25.378108978271484,4694800.0,-1.4752522259950638,2.41,2.11,2.06,2.03,1.94,1.8,1.77,1.8,1.91,2.05,2.35,2.57,425.5,430.75,114521.0,11.4,17.8,2.15,0.0,8.974285714285715,14.64,2.0028571428571427,1.6085714285714283,2.4257142857142853,3.16,0.1471428571428572,-1.6085714285714283,0.6462524524055839
2019-07-22,25.33178051320969,25.804319422778732,25.211328483012235,25.720930099487305,2546100.0,0.1218243613839149,2.4,2.13,2.09,2.08,1.95,1.8,1.77,1.8,1.92,2.05,2.36,2.58,430.75,422.25,110947.0,7.2,13.05,1.35,0.0,8.55857142857143,14.437142857142858,1.7585714285714285,0.4985714285714285,-1.3585714285714294,-1.387142857142857,-0.4085714285714283,-0.4985714285714285,0.3870049963348796
2019-07-23,25.61900551029092,26.388038888675347,25.433697305801857,26.05448341369629,2921400.0,-0.3188134431838989,2.4,2.12,2.06,2.09,1.97,1.83,1.79,1.83,1.94,2.08,2.38,2.61,423.75,425.5,131110.0,6.1,13.6,0.65,0.0,8.26142857142857,14.602857142857143,1.7457142857142858,2.337142857142857,-2.161428571428571,-1.0028571428571436,-1.0957142857142856,-2.337142857142857,0.7577335885572443
2019-07-24,25.730190223514697,26.42509992281364,25.60047254458444,26.239789962768555,2311800.0,0.3982055932283401,2.4,2.1,2.1,2.08,1.98,1.83,1.79,1.82,1.93,2.05,2.36,2.58,425.0,424.0,93160.0,8.6,13.9,2.25,0.0,8.745714285714286,14.498571428571427,2.0700000000000003,2.315714285714286,-0.1457142857142859,-0.598571428571427,0.1799999999999997,-2.315714285714286,0.290918293991007
2019-07-25,26.03595377929118,26.313916987970767,25.711662191000336,25.961830139160156,3532200.0,0.0845929607748986,2.4,2.16,2.1,2.08,1.99,1.86,1.83,1.85,1.95,2.08,2.38,2.6,424.0,418.5,172277.0,9.45,13.6,3.0,0.4,8.641428571428571,14.561428571428571,1.9357142857142855,1.37,0.8085714285714278,-0.9614285714285716,1.0642857142857145,-0.97,0.5141954466380411
2019-07-26,25.683866936466185,26.429737110856436,25.61900896777957,26.388042449951172,3052700.0,0.212129607796669,2.4,2.13,2.12,2.1,2.0,1.86,1.83,1.85,1.95,2.08,2.38,2.59,418.25,414.5,120749.0,9.7,16.4,1.35,0.0,8.407142857142857,14.551428571428572,1.937142857142857,0.1414285714285714,1.2928571428571427,1.848571428571427,-0.587142857142857,-0.1414285714285714,0.4385300794400213
2019-07-27,25.683866936466185,26.429737110856436,25.61900896777957,26.388042449951172,3052700.0,0.212129607796669,2.4,2.13,2.12,2.1,2.0,1.86,1.83,1.85,1.95,2.08,2.38,2.59,418.25,414.5,120749.0,9.7,16.4,1.35,0.0,8.407142857142857,14.551428571428572,1.937142857142857,0.1414285714285714,1.2928571428571427,1.848571428571427,-0.587142857142857,-0.1414285714285714,0.4385300794400213
2019-07-28,25.683866936466185,26.429737110856436,25.61900896777957,26.388042449951172,3052700.0,0.212129607796669,2.4,2.13,2.12,2.1,2.0,1.86,1.83,1.85,1.95,2.08,2.38,2.59,418.25,414.5,120749.0,9.7,16.4,1.35,0.0,8.407142857142857,14.551428571428572,1.937142857142857,0.1414285714285714,1.2928571428571427,1.848571428571427,-0.587142857142857,-0.1414285714285714,0.4385300794400213
2019-07-29,26.276862167232043,26.823524803146764,26.239799454917023,26.666011810302734,6245200.0,0.2434176374226809,2.4,2.12,2.12,2.1,1.98,1.85,1.81,1.84,1.93,2.06,2.37,2.59,413.25,417.0,90112.0,7.8,13.05,2.15,0.0,7.747142857142856,14.264285714285714,1.65,1.032857142857143,0.0528571428571433,-1.2142857142857135,0.5,-1.032857142857143,0.3182891825204588
2019-07-30,26.061015122007788,27.26168417082786,25.874864303887136,27.112762451171875,7142300.0,0.0601512379944322,2.39,2.07,2.08,2.07,1.97,1.85,1.82,1.84,1.93,2.06,2.36,2.58,417.0,411.25,81026.0,6.1,11.95,1.55,0.0,8.345714285714287,14.431428571428572,1.8428571428571427,2.0,-2.2457142857142873,-2.481428571428573,-0.2928571428571427,-2.0,0.6440287373862279
2019-07-31,27.084843883930063,28.062131342391403,26.72184992842406,27.457143783569336,7662000.0,3.0301380008459087,2.4,2.01,2.08,2.1,2.0,1.89,1.84,1.84,1.92,2.02,2.31,2.53,410.75,400.25,151787.0,8.9,11.95,2.35,0.0,8.325714285714286,15.005714285714287,1.9028571428571428,0.2614285714285714,0.5742857142857147,-3.055714285714288,0.4471428571428573,-0.2614285714285714,0.4419640271725712
2019-08-01,27.457143005371098,30.51000387115404,27.280299892329843,29.085956573486328,11564200.0,2.7000963538885108,2.14,2.11,2.07,2.04,1.88,1.73,1.67,1.68,1.77,1.9,2.21,2.44,401.75,392.75,145330.0,8.9,14.15,1.85,0.0,8.368571428571428,14.61,1.9028571428571428,0.7114285714285714,0.531428571428572,-0.4599999999999991,-0.0528571428571427,-0.7114285714285714,0.1562061620887593
2019-08-02,28.79742692834386,29.355877699000228,28.713659223982106,29.281415939331055,7305800.0,1.1479732152074575,2.14,2.11,2.06,2.02,1.85,1.72,1.67,1.66,1.75,1.86,2.16,2.39,394.75,399.5,90361.0,10.3,11.65,2.1,0.25,8.102857142857143,14.371428571428572,1.7328571428571429,1.882857142857143,2.1971428571428575,-2.7214285714285715,0.3671428571428572,-1.632857142857143,0.6503715413650258
2019-08-03,28.79742692834386,29.355877699000228,28.713659223982106,29.281415939331055,7305800.0,1.1479732152074575,2.14,2.11,2.06,2.02,1.85,1.72,1.67,1.66,1.75,1.86,2.16,2.39,394.75,399.5,90361.0,10.3,11.65,2.1,0.25,8.102857142857143,14.371428571428572,1.7328571428571429,1.882857142857143,2.1971428571428575,-2.7214285714285715,0.3671428571428572,-1.632857142857143,0.6503715413650258
2019-08-04,28.79742692834386,29.355877699000228,28.713659223982106,29.281415939331055,7305800.0,1.1479732152074575,2.14,2.11,2.06,2.02,1.85,1.72,1.67,1.66,1.75,1.86,2.16,2.39,394.75,399.5,90361.0,10.3,11.65,2.1,0.25,8.102857142857143,14.371428571428572,1.7328571428571429,1.882857142857143,2.1971428571428575,-2.7214285714285715,0.3671428571428572,-1.632857142857143,0.6503715413650258
2019-08-05,28.508890499435424,28.82534584992512,27.587447605456333,27.829442977905273,5552500.0,-0.0051661748439075,2.13,2.07,2.05,1.99,1.78,1.59,1.55,1.55,1.63,1.75,2.07,2.3,400.0,405.25,109686.0,8.9,15.55,1.55,0.0,7.968571428571428,13.64,1.8085714285714285,4.078571428571428,0.9314285714285724,1.91,-0.2585714285714284,-4.078571428571428,0.6287214469872742
2019-08-06,27.978364802914964,28.12728476894419,27.429221762457427,27.969057083129883,5355900.0,0.0825604870915412,2.13,2.05,2.05,2.0,1.8,1.6,1.54,1.53,1.62,1.73,2.03,2.25,405.75,404.0,113069.0,8.05,15.0,1.0,0.25,8.332857142857144,13.631428571428572,1.88,2.007142857142857,-0.2828571428571429,1.3685714285714283,-0.8799999999999999,-1.7571428571428571,0.510536112899574
2019-08-07,27.53160839164142,28.695046883132804,27.391996127715704,28.51820373535156,4925200.0,3.0216159187257285,2.12,2.02,2.02,1.95,1.75,1.59,1.51,1.52,1.6,1.71,2.01,2.22,404.75,406.5,167530.0,8.35,15.3,1.2,0.0,8.594285714285714,14.294285714285715,1.9285714285714288,2.9299999999999997,-0.2442857142857146,1.0057142857142851,-0.7285714285714289,-2.9299999999999997,0.5282266096096706
2019-08-08,28.58335114558618,29.5885635355312,28.54612204332856,29.42102813720703,3962600.0,0.3689939714968204,2.12,2.09,2.02,1.96,1.79,1.62,1.54,1.54,1.62,1.72,2.02,2.25,407.25,411.0,184792.0,7.8,13.35,1.0,0.0,8.444285714285714,14.127142857142855,2.0,0.4071428571428571,-0.6442857142857141,-0.7771428571428558,-1.0,-0.4071428571428571,0.4228940547044537
2019-08-09,29.72817400297006,29.78401854065936,29.058032449635085,29.439640045166016,4753200.0,-0.1605406999588012,2.12,2.05,2.0,1.95,1.78,1.63,1.58,1.57,1.65,1.74,2.03,2.26,410.75,410.25,185366.0,6.95,13.9,2.0,3.3,8.19,14.255714285714284,1.747142857142857,0.92,-1.239999999999999,-0.3557142857142832,0.2528571428571429,2.38,0.3970004052840457
2019-08-10,29.72817400297006,29.78401854065936,29.058032449635085,29.439640045166016,4753200.0,-0.1605406999588012,2.12,2.05,2.0,1.95,1.78,1.63,1.58,1.57,1.65,1.74,2.03,2.26,410.75,410.25,185366.0,6.95,13.9,2.0,3.3,8.19,14.255714285714284,1.747142857142857,0.92,-1.239999999999999,-0.3557142857142832,0.2528571428571429,2.38,0.3970004052840457
2019-08-11,29.72817400297006,29.78401854065936,29.058032449635085,29.439640045166016,4753200.0,-0.1605406999588012,2.12,2.05,2.0,1.95,1.78,1.63,1.58,1.57,1.65,1.74,2.03,2.26,410.75,410.25,185366.0,6.95,13.9,2.0,3.3,8.19,14.255714285714284,1.747142857142857,0.92,-1.239999999999999,-0.3557142857142832,0.2528571428571429,2.38,0.3970004052840457
2019-08-12,29.30933901778321,29.625794394433804,27.466453077476334,27.578142166137695,7112500.0,-0.0137346014380455,2.12,2.09,2.0,1.94,1.75,1.58,1.51,1.49,1.56,1.65,1.92,2.14,409.75,385.25,248125.0,10.3,14.7,1.4,0.25,8.035714285714286,13.76142857142857,1.8014285714285714,0.92,2.2642857142857142,0.9385714285714286,-0.4014285714285714,-0.67,0.4457914111178184
2019-08-13,27.29891548982879,28.06213071072618,27.168610971704627,27.55021858215332,6855400.0,0.7901242747902868,2.12,2.05,2.0,1.96,1.86,1.66,1.6,1.57,1.62,1.68,1.94,2.15,379.0,366.0,312969.0,8.05,13.9,2.25,0.0,7.238571428571428,13.45,1.7,0.3385714285714286,0.8114285714285723,0.450000000000001,0.55,-0.3385714285714286,0.2856590853993924
2019-08-14,27.103463904341968,27.326843881886045,26.321633095304566,26.377477645874023,4580100.0,-0.1984821427613497,2.12,1.98,1.96,1.92,1.79,1.58,1.53,1.51,1.55,1.59,1.84,2.03,366.25,359.0,185092.0,7.2,12.8,1.85,0.0,7.3914285714285715,13.545714285714286,1.89,0.6542857142857142,-0.1914285714285712,-0.7457142857142856,-0.0399999999999998,-0.6542857142857142,0.1400694007179262
2019-08-15,26.926615940207057,27.205840418377537,25.995865312617543,26.451932907104492,3561600.0,1.6470685601234436,2.13,2.08,1.91,1.86,1.72,1.48,1.44,1.42,1.47,1.52,1.8,1.98,360.25,360.75,108781.0,6.95,13.35,1.4,9.4,7.557142857142857,13.72,1.9614285714285715,1.4057142857142857,-0.6071428571428568,-0.370000000000001,-0.5614285714285716,7.994285714285715,0.8599188114511235
2019-08-16,26.70323967272904,28.21105490251028,26.58224108036335,28.145902633666992,4285100.0,-1.112053098157048,2.13,2.05,1.87,1.85,1.71,1.48,1.44,1.42,1.49,1.55,1.82,2.01,361.5,371.0,104806.0,6.95,14.15,1.15,0.0,7.925714285714285,13.728571428571428,1.9342857142857144,1.65,-0.9757142857142852,0.4214285714285726,-0.7842857142857145,-1.65,0.4636093534461077
2019-08-17,26.70323967272904,28.21105490251028,26.58224108036335,28.145902633666992,4285100.0,-1.112053098157048,2.13,2.05,1.87,1.85,1.71,1.48,1.44,1.42,1.49,1.55,1.82,2.01,361.5,371.0,104806.0,6.95,14.15,1.15,0.0,7.925714285714285,13.728571428571428,1.9342857142857144,1.65,-0.9757142857142852,0.4214285714285726,-0.7842857142857145,-1.65,0.4636093534461077
2019-08-18,26.70323967272904,28.21105490251028,26.58224108036335,28.145902633666992,4285100.0,-1.112053098157048,2.13,2.05,1.87,1.85,1.71,1.48,1.44,1.42,1.49,1.55,1.82,2.01,361.5,371.0,104806.0,6.95,14.15,1.15,0.0,7.925714285714285,13.728571428571428,1.9342857142857144,1.65,-0.9757142857142852,0.4214285714285726,-0.7842857142857145,-1.65,0.4636093534461077
2019-08-19,28.62057836089557,28.70434604933897,28.155203102994832,28.45304298400879,4207300.0,0.96174194663763,2.13,2.06,1.94,1.9,1.75,1.53,1.49,1.47,1.54,1.6,1.88,2.08,367.25,365.0,78542.0,6.4,14.15,1.8,0.0,7.508571428571429,13.325714285714286,1.9657142857142855,1.022857142857143,-1.1085714285714283,0.8242857142857147,-0.1657142857142854,-1.022857142857143,0.2937901840040591
2019-08-20,28.49958533966131,28.55542988091188,28.006286862027732,28.164514541625977,3073700.0,1.423943683505058,2.13,2.05,1.94,1.89,1.72,1.5,1.44,1.42,1.49,1.55,1.84,2.04,366.5,359.5,89474.0,9.7,15.85,1.6,0.15,7.61,13.378571428571428,2.044285714285714,1.79,2.089999999999999,2.4714285714285715,-0.4442857142857139,-1.64,0.6413877699795613
2019-08-21,28.20174384027484,28.834654563071823,28.183130176572437,28.46235466003418,2815400.0,1.4236259758472436,2.12,2.03,1.97,1.9,1.77,1.56,1.5,1.47,1.54,1.59,1.87,2.07,360.0,362.5,125855.0,7.5,12.5,1.05,0.0,7.725714285714285,13.825714285714286,1.8485714285714288,1.6242857142857143,-0.2257142857142851,-1.3257142857142856,-0.7985714285714287,-1.6242857142857143,0.4695582219451302
2019-08-22,28.648505732453195,28.806733414440792,28.117976369130556,28.19243812561035,3351400.0,1.5764890257269142,2.12,2.1,2.0,1.91,1.79,1.61,1.53,1.5,1.56,1.62,1.9,2.11,363.0,363.25,99247.0,5.85,12.5,1.75,0.0,8.221428571428572,14.164285714285716,2.2471428571428573,0.2385714285714285,-2.371428571428572,-1.6642857142857164,-0.4971428571428573,-0.2385714285714285,0.5067772737229461
2019-08-23,27.736372173212494,28.071443017740464,26.814929126026797,27.03830909729004,3911600.0,1.1960526779294012,2.12,2.07,1.97,1.87,1.73,1.51,1.43,1.4,1.46,1.52,1.82,2.02,362.75,359.75,169868.0,6.95,13.05,2.45,0.0,8.522857142857143,14.464285714285714,2.1557142857142857,1.3214285714285714,-1.572857142857143,-1.4142857142857128,0.2942857142857145,-1.3214285714285714,0.4424975773628297
2019-08-24,27.736372173212494,28.071443017740464,26.814929126026797,27.03830909729004,3911600.0,1.1960526779294012,2.12,2.07,1.97,1.87,1.73,1.51,1.43,1.4,1.46,1.52,1.82,2.02,362.75,359.75,169868.0,6.95,13.05,2.45,0.0,8.522857142857143,14.464285714285714,2.1557142857142857,1.3214285714285714,-1.572857142857143,-1.4142857142857128,0.2942857142857145,-1.3214285714285714,0.4424975773628297
2019-08-25,27.736372173212494,28.071443017740464,26.814929126026797,27.03830909729004,3911600.0,1.1960526779294012,2.12,2.07,1.97,1.87,1.73,1.51,1.43,1.4,1.46,1.52,1.82,2.02,362.75,359.75,169868.0,6.95,13.05,2.45,0.0,8.522857142857143,14.464285714285714,2.1557142857142857,1.3214285714285714,-1.572857142857143,-1.4142857142857128,0.2942857142857145,-1.3214285714285714,0.4424975773628297
2019-08-26,27.317529312640485,27.433873132732423,26.684618647297807,27.0103816986084,3479800.0,0.490878067910671,2.12,2.09,2.01,1.9,1.75,1.54,1.47,1.43,1.49,1.54,1.84,2.04,358.0,358.5,122537.0,8.05,13.05,2.1,6.6,8.198571428571428,14.21,1.9785714285714289,0.3442857142857143,-0.1485714285714277,-1.16,0.1214285714285712,6.255714285714285,0.6281535409171697
2019-08-27,27.131382434886024,27.391993268876593,26.55897096984548,26.740467071533203,3528400.0,1.20085035264492,2.12,2.07,1.98,1.94,1.77,1.53,1.43,1.4,1.44,1.49,1.77,1.97,359.0,357.0,129886.0,6.95,11.65,2.65,0.0,8.248571428571429,14.087142857142858,1.7985714285714287,1.77,-1.298571428571429,-2.4371428571428577,0.8514285714285712,-1.77,0.6847495893870112
2019-08-28,26.507781099934025,27.48507045871374,26.34955340043252,27.149999618530273,5091800.0,-0.2931454479694366,2.12,2.07,1.99,1.89,1.74,1.5,1.42,1.37,1.42,1.47,1.76,1.94,357.25,362.75,172927.0,5.85,12.8,1.35,0.0,7.761428571428571,14.054285714285712,1.882857142857143,2.8614285714285717,-1.911428571428571,-1.254285714285711,-0.5328571428571429,-2.8614285714285717,0.6448528214452909
2019-08-29,27.50368317564112,28.13473347291505,27.475761790100016,27.652603149414062,3135600.0,0.344426207244396,2.12,2.1,1.99,1.89,1.75,1.53,1.44,1.4,1.46,1.5,1.78,1.97,363.0,359.75,122794.0,6.4,12.8,2.3,0.0,7.327142857142856,13.93,1.792857142857143,1.0857142857142856,-0.9271428571428552,-1.129999999999999,0.5071428571428569,-1.0857142857142856,0.3983798356824544
2019-08-30,27.92252066142584,27.950443821183043,27.233765364809265,27.289609909057617,5220200.0,0.7586887553334235,2.13,2.1,1.99,1.89,1.76,1.5,1.42,1.39,1.45,1.5,1.78,1.96,359.75,358.0,11240.0,4.7,11.65,1.05,0.9,7.0,13.84,2.03,0.3571428571428571,-2.3,-2.1899999999999995,-0.9799999999999998,0.5428571428571429,0.6962015262928631
2019-08-31,27.92252066142584,27.950443821183043,27.233765364809265,27.289609909057617,5220200.0,0.7586887553334235,2.13,2.1,1.99,1.89,1.76,1.5,1.42,1.39,1.45,1.5,1.78,1.96,359.75,358.0,11240.0,4.7,11.65,1.05,0.9,7.0,13.84,2.03,0.3571428571428571,-2.3,-2.1899999999999995,-0.9799999999999998,0.5428571428571429,0.6962015262928631
2019-09-01,27.92252066142584,27.950443821183043,27.233765364809265,27.289609909057617,5220200.0,0.7586887553334235,2.13,2.1,1.99,1.89,1.76,1.5,1.42,1.39,1.45,1.5,1.78,1.96,359.75,358.0,11240.0,4.7,11.65,1.05,0.9,7.0,13.84,2.03,0.3571428571428571,-2.3,-2.1899999999999995,-0.9799999999999998,0.5428571428571429,0.6962015262928631
2019-09-02,27.92252066142584,27.950443821183043,27.233765364809265,27.289609909057617,5220200.0,0.7586887553334235,2.13,2.1,1.99,1.89,1.76,1.5,1.42,1.39,1.45,1.5,1.78,1.96,359.75,358.0,11240.0,4.7,11.65,1.05,0.9,7.0,13.84,2.03,0.3571428571428571,-2.3,-2.1899999999999995,-0.9799999999999998,0.5428571428571429,0.6962015262928631
2019-09-03,26.98245993973165,27.084843074798595,26.06101704992686,26.275089263916016,3279100.0,0.2394956089556218,2.13,2.06,1.98,1.88,1.72,1.47,1.38,1.35,1.42,1.47,1.77,1.95,358.75,349.75,5335.0,6.1,13.35,2.8,0.15,6.974285714285714,13.375714285714285,2.217142857142857,1.22,-0.8742857142857146,-0.0257142857142849,0.5828571428571427,-1.07,0.322795218808775
2019-09-04,26.638085805793857,26.8428503206264,26.21924728083402,26.46124267578125,2962100.0,0.6680631935596465,2.13,2.05,1.97,1.87,1.69,1.43,1.36,1.32,1.4,1.47,1.77,1.97,350.5,346.0,3851.0,4.7,12.5,1.3,0.0,7.061428571428571,13.588571428571427,2.1271428571428572,0.7271428571428571,-2.361428571428571,-1.0885714285714272,-0.8271428571428572,-0.7271428571428571,0.5856729305865144
2019-09-05,26.749771338064804,26.98245898203746,26.01447930624944,26.489160537719727,4972700.0,1.2450588680803774,2.13,2.05,1.97,1.88,1.73,1.55,1.47,1.43,1.51,1.57,1.86,2.06,346.5,346.5,1813.0,8.6,15.55,2.05,0.0,7.174285714285714,13.414285714285716,2.2314285714285713,1.25,1.4257142857142853,2.1357142857142843,-0.1814285714285715,-1.25,0.4516862465167117
2019-09-06,26.47985754944625,26.81492658698107,25.9586358905858,26.42401123046875,5140000.0,0.4657657071948051,2.12,2.05,1.96,1.88,1.73,1.53,1.46,1.42,1.5,1.55,1.83,2.02,347.5,342.5,1357.0,7.2,13.35,1.1,0.0,6.775714285714286,13.695714285714288,1.981428571428571,0.4614285714285714,0.4242857142857144,-0.3457142857142887,-0.881428571428571,-0.4614285714285714,0.3398676786462875
2019-09-07,26.47985754944625,26.81492658698107,25.9586358905858,26.42401123046875,5140000.0,0.4657657071948051,2.12,2.05,1.96,1.88,1.73,1.53,1.46,1.42,1.5,1.55,1.83,2.02,347.5,342.5,1357.0,7.2,13.35,1.1,0.0,6.775714285714286,13.695714285714288,1.981428571428571,0.4614285714285714,0.4242857142857144,-0.3457142857142887,-0.881428571428571,-0.4614285714285714,0.3398676786462875
2019-09-08,26.47985754944625,26.81492658698107,25.9586358905858,26.42401123046875,5140000.0,0.4657657071948051,2.12,2.05,1.96,1.88,1.73,1.53,1.46,1.42,1.5,1.55,1.83,2.02,347.5,342.5,1357.0,7.2,13.35,1.1,0.0,6.775714285714286,13.695714285714288,1.981428571428571,0.4614285714285714,0.4242857142857144,-0.3457142857142887,-0.881428571428571,-0.4614285714285714,0.3398676786462875
2019-09-09,26.386779105265465,26.82423123557364,26.07963148712019,26.759078979492188,4661000.0,-0.046074779704213,2.13,2.04,1.96,1.87,1.74,1.58,1.52,1.49,1.57,1.63,1.91,2.11,343.25,340.75,938.0,8.35,13.35,2.75,4.95,6.112857142857142,12.365714285714288,2.19,1.512857142857143,2.2371428571428575,0.9842857142857112,0.56,3.4371428571428573,0.7051906588647205
2019-09-10,26.712545454495988,27.11276675909437,26.19132379104805,26.582239151000977,3682900.0,1.784444948658347,2.13,2.04,1.95,1.89,1.81,1.67,1.61,1.58,1.66,1.72,2.0,2.19,344.0,348.5,314.0,7.8,13.9,1.9,21.2,6.19,12.392857142857142,2.0642857142857145,1.7714285714285714,1.6099999999999994,1.507142857142858,-0.1642857142857146,19.428571428571427,1.82967066963476
2019-09-11,26.526395925689645,27.27099580297097,26.163403707423267,27.243074417114254,3033600.0,0.4166374392807482,2.13,2.01,1.96,1.88,1.79,1.68,1.62,1.6,1.68,1.75,2.02,2.22,349.75,348.25,328.0,8.05,11.4,2.6,11.45,6.234285714285714,12.547142857142855,2.0842857142857145,1.2385714285714289,1.8157142857142867,-1.147142857142855,0.5157142857142856,10.21142857142857,1.195461699646942
2019-09-12,27.457143087701485,28.006286091476788,26.89869236476285,27.829442977905273,7967600.0,1.1086096316576002,2.13,1.99,1.95,1.9,1.82,1.72,1.67,1.65,1.72,1.79,2.06,2.22,349.75,354.5,152.0,7.2,11.65,2.25,13.7,6.081428571428571,12.76,1.875714285714286,0.7828571428571428,1.1185714285714292,-1.1099999999999994,0.3742857142857141,12.917142857142856,1.3008276072686733
2019-09-13,27.959752126780536,28.24828434925138,27.82944582045008,28.03421211242676,4919600.0,0.1902482509613036,2.14,1.99,1.96,1.92,1.88,1.79,1.76,1.75,1.83,1.9,2.17,2.37,358.5,355.5,145836.0,5.85,10.3,2.45,0.0,5.6571428571428575,12.347142857142856,2.0900000000000003,1.6357142857142857,0.1928571428571421,-2.0471428571428554,0.3599999999999999,-1.6357142857142857,0.4083730098046791
2019-09-14,27.959752126780536,28.24828434925138,27.82944582045008,28.03421211242676,4919600.0,0.1902482509613036,2.14,1.99,1.96,1.92,1.88,1.79,1.76,1.75,1.83,1.9,2.17,2.37,358.5,355.5,145836.0,5.85,10.3,2.45,0.0,5.6571428571428575,12.347142857142856,2.0900000000000003,1.6357142857142857,0.1928571428571421,-2.0471428571428554,0.3599999999999999,-1.6357142857142857,0.4083730098046791
2019-09-15,27.959752126780536,28.24828434925138,27.82944582045008,28.03421211242676,4919600.0,0.1902482509613036,2.14,1.99,1.96,1.92,1.88,1.79,1.76,1.75,1.83,1.9,2.17,2.37,358.5,355.5,145836.0,5.85,10.3,2.45,0.0,5.6571428571428575,12.347142857142856,2.0900000000000003,1.6357142857142857,0.1928571428571421,-2.0471428571428554,0.3599999999999999,-1.6357142857142857,0.4083730098046791
2019-09-16,27.969054608000157,27.97836232696155,26.84284724265993,27.36406707763672,3300700.0,0.7656310480087994,2.25,2.08,1.99,1.93,1.86,1.74,1.71,1.69,1.77,1.84,2.11,2.31,372.0,374.0,133444.0,10.3,14.45,2.6,0.0,5.6414285714285715,12.412857142857142,2.202857142857143,0.5871428571428572,4.658571428571429,2.037142857142858,0.3971428571428572,-0.5871428571428572,0.7490775892183662
2019-09-17,27.289605579271,27.429217805373952,26.9545348164113,26.9731502532959,4118200.0,1.880023146048188,2.3,2.1,1.99,1.93,1.87,1.72,1.68,1.66,1.75,1.81,2.08,2.27,374.0,368.0,154625.0,12.2,15.55,4.2,0.0,5.525714285714286,11.747142857142856,2.105714285714286,0.2014285714285714,6.6742857142857135,3.802857142857144,2.0942857142857143,-0.2014285714285714,1.504559370556004
2019-09-18,26.75907642775516,27.41990841958264,26.75907642775516,27.131376266479492,3606000.0,1.7531319819390772,2.25,1.94,1.95,1.91,1.87,1.77,1.72,1.68,1.76,1.8,2.06,2.25,367.75,371.25,126832.0,8.05,13.05,1.7,0.0,5.5771428571428565,11.468571428571428,2.174285714285714,1.11,2.472857142857144,1.5814285714285727,-0.474285714285714,-1.11,0.5712024704870041
2019-09-19,27.233763074217244,27.652599783751256,27.047612242024854,27.122072219848633,3222400.0,1.3793903728947043,1.9,2.01,1.93,1.92,1.88,1.74,1.68,1.66,1.73,1.79,2.04,2.22,371.5,372.75,117069.0,6.65,14.15,1.6,0.0,5.191428571428571,11.802857142857144,2.27,1.8657142857142857,1.458571428571429,2.347142857142856,-0.6699999999999999,-1.8657142857142857,0.651010225829543
2019-09-20,27.31753186999914,27.5222963734345,26.85215654606479,26.917308807373047,6865000.0,1.0300887171179056,1.9,1.95,1.91,1.91,1.84,1.69,1.63,1.61,1.68,1.74,1.99,2.17,372.75,370.75,132998.0,11.1,15.3,3.3,0.0,5.211428571428572,11.891428571428571,2.35,1.8814285714285712,5.888571428571428,3.4085714285714293,0.9499999999999996,-1.8814285714285712,1.2236357126657478
2019-09-21,27.31753186999914,27.5222963734345,26.85215654606479,26.917308807373047,6865000.0,1.0300887171179056,1.9,1.95,1.91,1.91,1.84,1.69,1.63,1.61,1.68,1.74,1.99,2.17,372.75,370.75,132998.0,11.1,15.3,3.3,0.0,5.211428571428572,11.891428571428571,2.35,1.8814285714285712,5.888571428571428,3.4085714285714293,0.9499999999999996,-1.8814285714285712,1.2236357126657478
2019-09-22,27.31753186999914,27.5222963734345,26.85215654606479,26.917308807373047,6865000.0,1.0300887171179056,1.9,1.95,1.91,1.91,1.84,1.69,1.63,1.61,1.68,1.74,1.99,2.17,372.75,370.75,132998.0,11.1,15.3,3.3,0.0,5.211428571428572,11.891428571428571,2.35,1.8814285714285712,5.888571428571428,3.4085714285714293,0.9499999999999996,-1.8814285714285712,1.2236357126657478
2019-09-23,26.65670120731434,26.991772049112644,26.475205093095656,26.880081176757812,3314300.0,0.8603014629334209,1.9,1.94,1.94,1.93,1.81,1.68,1.61,1.59,1.65,1.72,1.98,2.16,371.25,373.25,100443.0,4.45,13.05,1.0,0.0,4.165714285714286,10.678571428571429,2.2014285714285715,1.532857142857143,0.2842857142857138,2.371428571428572,-1.2014285714285715,-1.532857142857143,0.6609868173283776
2019-09-24,26.72185315289578,26.98246400172363,26.02472210585211,26.284400939941406,2840500.0,1.1423341510817406,1.9,1.9,1.92,1.91,1.78,1.6,1.53,1.52,1.58,1.64,1.91,2.09,372.0,374.75,144294.0,7.5,13.9,2.9,0.0,4.351428571428571,11.032857142857145,1.9485714285714288,1.5614285714285714,3.148571428571429,2.8671428571428557,0.9514285714285712,-1.5614285714285714,0.901495545957176
2019-09-25,26.26578125004783,26.52639205671832,25.846944545890754,26.247167587280273,3154200.0,1.4278463274240492,1.9,1.8,1.89,1.9,1.82,1.68,1.61,1.6,1.66,1.73,1.99,2.18,375.25,374.25,119189.0,5.85,8.35,2.6,0.0,4.061428571428571,11.167142857142858,1.7957142857142858,1.262857142857143,1.7885714285714285,-2.8171428571428585,0.8042857142857143,-1.262857142857143,0.7088196983672215
2019-09-26,26.163404231105524,26.24717194088462,25.58633798321243,25.725950241088867,3532100.0,0.3786073550581931,1.85,1.91,1.83,1.88,1.79,1.66,1.61,1.59,1.65,1.7,1.96,2.15,373.5,372.5,175419.0,3.35,10.0,2.45,0.0,3.724285714285714,11.501428571428573,1.9228571428571428,0.1985714285714285,-0.3742857142857141,-1.501428571428573,0.5271428571428574,-0.1985714285714285,0.313650444635433
2019-09-27,25.64218072115431,26.275091472465743,25.41880076926781,25.874868392944336,4534900.0,0.2923800104763359,1.83,1.9,1.8,1.85,1.74,1.63,1.58,1.56,1.62,1.69,1.95,2.13,371.25,371.5,90796.0,4.7,10.3,2.0,0.0,3.7142857142857144,11.372857142857145,1.9585714285714284,0.0942857142857142,0.9857142857142858,-1.0728571428571438,0.0414285714285715,-0.0942857142857142,0.1969161852796487
2019-09-28,25.64218072115431,26.275091472465743,25.41880076926781,25.874868392944336,4534900.0,0.2923800104763359,1.83,1.9,1.8,1.85,1.74,1.63,1.58,1.56,1.62,1.69,1.95,2.13,371.25,371.5,90796.0,4.7,10.3,2.0,0.0,3.7142857142857144,11.372857142857145,1.9585714285714284,0.0942857142857142,0.9857142857142858,-1.0728571428571438,0.0414285714285715,-0.0942857142857142,0.1969161852796487
2019-09-29,25.64218072115431,26.275091472465743,25.41880076926781,25.874868392944336,4534900.0,0.2923800104763359,1.83,1.9,1.8,1.85,1.74,1.63,1.58,1.56,1.62,1.69,1.95,2.13,371.25,371.5,90796.0,4.7,10.3,2.0,0.0,3.7142857142857144,11.372857142857145,1.9585714285714284,0.0942857142857142,0.9857142857142858,-1.0728571428571438,0.0414285714285715,-0.0942857142857142,0.1969161852796487
2019-09-30,25.96794257080871,26.386781070041906,25.83763804894326,26.061017990112305,6245000.0,0.1958208270370959,1.9,1.91,1.88,1.83,1.75,1.63,1.56,1.55,1.62,1.68,1.94,2.12,372.0,388.0,337247.0,6.65,15.0,3.8,0.65,4.331428571428571,11.697142857142856,2.205714285714286,0.7857142857142857,2.3185714285714294,3.3028571428571443,1.594285714285714,-0.1357142857142856,0.9215222802083765
2019-10-01,26.088943087289643,26.414704416162312,25.344341452791596,25.642181396484375,5843200.0,0.1175824925303458,1.88,1.79,1.82,1.81,1.73,1.56,1.51,1.51,1.59,1.65,1.93,2.11,386.75,392.5,227065.0,4.45,6.65,3.0,10.9,3.66,10.774285714285716,2.112857142857143,1.4628571428571429,0.79,-4.124285714285715,0.887142857142857,9.437142857142858,1.3819402077295069
2019-10-02,25.269879619337075,25.753870380085363,24.7765829143866,25.07442283630371,5181600.0,0.7859703935682771,1.85,1.75,1.79,1.75,1.67,1.48,1.43,1.43,1.53,1.6,1.9,2.09,390.5,387.75,158921.0,3.6,5.0,2.35,4.95,3.46,10.117142857142856,2.112857142857143,1.6942857142857142,0.1400000000000001,-5.117142857142856,0.2371428571428571,3.2557142857142862,0.7463715984002337
2019-10-03,25.04650264474429,25.279190333212934,24.674202698247683,25.018579483032227,3622400.0,0.67514631152153,1.83,1.78,1.7,1.66,1.58,1.39,1.34,1.34,1.45,1.54,1.85,2.04,387.0,388.75,125489.0,2.8,5.0,2.2,0.0,3.3771428571428572,9.795714285714286,2.23,1.4828571428571429,-0.5771428571428574,-4.795714285714286,-0.0299999999999998,-1.4828571428571429,0.5669460677953331
2019-10-04,25.130271398993475,25.165640028525488,24.014301752602723,24.097137451171875,4851400.0,0.0986915305256844,1.82,1.73,1.71,1.65,1.58,1.4,1.35,1.34,1.43,1.52,1.81,2.01,388.0,384.75,116336.0,3.05,6.95,2.6,1.8,3.12,8.99,2.1114285714285717,3.067142857142857,-0.0700000000000002,-2.04,0.4885714285714284,-1.2671428571428571,0.4022032119092867
2019-10-05,25.130271398993475,25.165640028525488,24.014301752602723,24.097137451171875,4851400.0,0.0986915305256844,1.82,1.73,1.71,1.65,1.58,1.4,1.35,1.34,1.43,1.52,1.81,2.01,388.0,384.75,116336.0,3.05,6.95,2.6,1.8,3.12,8.99,2.1114285714285717,3.067142857142857,-0.0700000000000002,-2.04,0.4885714285714284,-1.2671428571428571,0.4022032119092867
2019-10-06,25.130271398993475,25.165640028525488,24.014301752602723,24.097137451171875,4851400.0,0.0986915305256844,1.82,1.73,1.71,1.65,1.58,1.4,1.35,1.34,1.43,1.52,1.81,2.01,388.0,384.75,116336.0,3.05,6.95,2.6,1.8,3.12,8.99,2.1114285714285717,3.067142857142857,-0.0700000000000002,-2.04,0.4885714285714284,-1.2671428571428571,0.4022032119092867
2019-10-07,24.19951629638672,24.63696845187951,23.948213201091185,24.19951629638672,5474100.0,0.236677510663867,1.82,1.76,1.75,1.73,1.64,1.46,1.41,1.38,1.47,1.56,1.85,2.05,387.5,387.0,100421.0,1.65,10.55,1.65,0.0,2.4114285714285715,9.634285714285712,2.092857142857143,1.1014285714285716,-0.7614285714285716,0.915714285714289,-0.442857142857143,-1.1014285714285716,0.3495945202077305
2019-10-08,23.86444817068234,24.599742100174605,23.817911344246735,24.40428352355957,6214200.0,0.5822496116161346,1.82,1.69,1.72,1.69,1.62,1.42,1.38,1.36,1.45,1.54,1.84,2.04,387.5,395.75,200460.0,5.55,11.65,4.05,0.0,2.6514285714285712,9.63,2.177142857142857,1.0742857142857145,2.898571428571429,2.0199999999999996,1.8728571428571428,-1.0742857142857145,1.0187883307068015
2019-10-09,24.93481039239833,24.97203949470277,23.95752115936701,24.357744216918945,3916700.0,0.4425614029169082,1.82,1.69,1.69,1.69,1.59,1.47,1.43,1.4,1.5,1.59,1.88,2.08,395.5,394.25,140853.0,6.1,11.1,3.5,0.0,2.2485714285714287,9.247142857142856,1.9314285714285713,0.8742857142857142,3.851428571428571,1.8528571428571432,1.5685714285714287,-0.8742857142857142,0.9961348841626456
2019-10-10,24.357744356562897,24.869656499228913,23.929598138378587,23.948213577270508,3003300.0,-6.479952607303858,1.82,1.74,1.68,1.68,1.63,1.53,1.49,1.48,1.57,1.67,1.96,2.16,392.75,380.25,297046.0,0.85,6.65,3.4,2.4,1.981428571428571,9.39,2.1457142857142855,0.1857142857142857,-1.1314285714285712,-2.74,1.2542857142857144,2.2142857142857144,0.8366379740896539
2019-10-11,24.292596122055663,25.241962359703567,24.190212966446698,24.81381607055664,4555600.0,0.8960719518363472,1.82,1.76,1.68,1.68,1.67,1.63,1.6,1.59,1.68,1.76,2.04,2.22,380.75,397.75,272436.0,-0.25,1.1,4.1,0.15,2.5614285714285714,9.515714285714289,2.4357142857142855,0.39,-2.8114285714285714,-8.415714285714289,1.664285714285714,-0.24,1.4097580133504215
2019-10-12,24.292596122055663,25.241962359703567,24.190212966446698,24.81381607055664,4555600.0,0.8960719518363472,1.82,1.76,1.68,1.68,1.67,1.63,1.6,1.59,1.68,1.76,2.04,2.22,380.75,397.75,272436.0,-0.25,1.1,4.1,0.15,2.5614285714285714,9.515714285714289,2.4357142857142855,0.39,-2.8114285714285714,-8.415714285714289,1.664285714285714,-0.24,1.4097580133504215
2019-10-13,24.292596122055663,25.241962359703567,24.190212966446698,24.81381607055664,4555600.0,0.8960719518363472,1.82,1.76,1.68,1.68,1.67,1.63,1.6,1.59,1.68,1.76,2.04,2.22,380.75,397.75,272436.0,-0.25,1.1,4.1,0.15,2.5614285714285714,9.515714285714289,2.4357142857142855,0.39,-2.8114285714285714,-8.415714285714289,1.664285714285714,-0.24,1.4097580133504215
2019-10-14,24.292596122055663,25.241962359703567,24.190212966446698,24.81381607055664,4555600.0,0.8960719518363472,1.82,1.76,1.68,1.68,1.67,1.63,1.6,1.59,1.68,1.76,2.04,2.22,380.75,397.75,272436.0,-0.25,1.1,4.1,0.15,2.5614285714285714,9.515714285714289,2.4357142857142855,0.39,-2.8114285714285714,-8.415714285714289,1.664285714285714,-0.24,1.4097580133504215
2019-10-15,24.404283901593928,25.21403783108633,24.260018672249135,24.851045608520508,3826500.0,-0.5434704385697842,1.9,1.74,1.67,1.67,1.65,1.61,1.6,1.59,1.68,1.77,2.06,2.23,397.0,393.25,143675.0,1.65,4.15,3.6,0.0,0.9071428571428573,7.377142857142857,1.9642857142857144,0.8014285714285714,0.7428571428571427,-3.227142857142857,1.6357142857142857,-0.8014285714285714,0.8325430419446271
2019-10-16,24.525278970268428,25.344338727344574,24.469434430647897,25.00926971435547,3023500.0,0.3694484233856199,1.9,1.71,1.66,1.64,1.59,1.58,1.57,1.57,1.65,1.75,2.05,2.23,392.0,391.75,139675.0,1.4,5.55,1.5,0.0,1.362857142857143,7.784285714285714,1.9485714285714288,1.0157142857142858,0.0371428571428569,-2.234285714285714,-0.4485714285714288,-1.0157142857142858,0.3846316860071483
2019-10-17,25.17680588460301,25.325725855526397,24.813813677385504,24.916196823120117,2196500.0,2.107713281642645,1.85,1.74,1.66,1.63,1.59,1.6,1.57,1.57,1.66,1.76,2.05,2.24,391.75,394.75,141532.0,0.85,10.0,2.35,0.0,1.3857142857142857,7.872857142857143,2.367142857142857,0.9957142857142858,-0.5357142857142857,2.1271428571428572,-0.0171428571428569,-0.9957142857142858,0.304724180124951
2019-10-18,24.757965659474497,24.795194759350423,23.86444418399624,24.236745834350582,4332300.0,0.4147964566946029,1.85,1.75,1.66,1.63,1.58,1.58,1.56,1.56,1.66,1.76,2.06,2.25,394.0,391.0,122010.0,5.0,11.1,3.0,0.0,1.4757142857142858,7.7785714285714285,2.3,0.4757142857142857,3.524285714285714,3.321428571428571,0.7000000000000002,-0.4757142857142857,0.8211208771236509
2019-10-19,24.757965659474497,24.795194759350423,23.86444418399624,24.236745834350582,4332300.0,0.4147964566946029,1.85,1.75,1.66,1.63,1.58,1.58,1.56,1.56,1.66,1.76,2.06,2.25,394.0,391.0,122010.0,5.0,11.1,3.0,0.0,1.4757142857142858,7.7785714285714285,2.3,0.4757142857142857,3.524285714285714,3.321428571428571,0.7000000000000002,-0.4757142857142857,0.8211208771236509
2019-10-20,24.757965659474497,24.795194759350423,23.86444418399624,24.236745834350582,4332300.0,0.4147964566946029,1.85,1.75,1.66,1.63,1.58,1.58,1.56,1.56,1.66,1.76,2.06,2.25,394.0,391.0,122010.0,5.0,11.1,3.0,0.0,1.4757142857142858,7.7785714285714285,2.3,0.4757142857142857,3.524285714285714,3.321428571428571,0.7000000000000002,-0.4757142857142857,0.8211208771236509
2019-10-21,24.46943619166268,24.739352965308868,23.66899004000965,23.734142303466797,3318300.0,1.9349742336198683,1.85,1.76,1.67,1.65,1.59,1.62,1.59,1.61,1.7,1.8,2.1,2.28,390.0,387.25,150187.0,2.8,5.3,4.3,5.6,1.0685714285714285,7.745714285714286,2.1328571428571426,0.6514285714285714,1.731428571428571,-2.4457142857142866,2.1671428571428573,4.948571428571428,1.326285213610921
2019-10-22,23.74345029621964,24.246054745285186,23.482839464129245,24.1809024810791,4166600.0,-0.5486953258514402,1.85,1.75,1.65,1.64,1.59,1.6,1.59,1.6,1.68,1.78,2.07,2.26,387.0,388.0,136694.0,0.0,5.85,3.6,0.0,1.1714285714285717,7.602857142857143,2.1799999999999997,1.0485714285714287,-1.1714285714285717,-1.7528571428571436,1.4200000000000004,-1.0485714285714287,0.7137046786811918
2019-10-23,24.097134011928787,24.218132591840657,23.46887802672775,23.836524963378903,4140000.0,1.1223555207252498,1.85,1.74,1.65,1.64,1.58,1.58,1.58,1.58,1.67,1.77,2.06,2.25,387.75,387.75,117561.0,-0.25,2.8,1.75,0.4,1.1828571428571428,7.027142857142857,2.162857142857143,1.5714285714285714,-1.4328571428571428,-4.227142857142857,-0.4128571428571428,-1.1714285714285713,0.6783783325206716
2019-10-24,23.8551386697879,24.711429349258648,23.734141864926883,24.543895721435547,5359700.0,-0.9595194309949876,1.85,1.75,1.67,1.65,1.59,1.58,1.58,1.58,1.67,1.77,2.08,2.26,388.5,386.75,130664.0,-1.35,4.7,1.4,0.0,0.6185714285714285,6.635714285714286,2.0642857142857145,0.18,-1.9685714285714289,-1.935714285714286,-0.6642857142857146,-0.18,0.5318546380529077
2019-10-25,24.54389257515069,25.093033761719596,24.42289401053449,24.87896156311035,2676900.0,0.2014147425070404,1.83,1.73,1.66,1.66,1.6,1.63,1.62,1.62,1.71,1.8,2.1,2.29,387.0,386.75,131677.0,-0.8,7.5,2.25,0.0,0.6214285714285716,6.6728571428571435,2.2214285714285715,0.48,-1.4214285714285717,0.8271428571428565,0.0285714285714284,-0.48,0.2438674993096363
2019-10-26,24.54389257515069,25.093033761719596,24.42289401053449,24.87896156311035,2676900.0,0.2014147425070404,1.83,1.73,1.66,1.66,1.6,1.63,1.62,1.62,1.71,1.8,2.1,2.29,387.0,386.75,131677.0,-0.8,7.5,2.25,0.0,0.6214285714285716,6.6728571428571435,2.2214285714285715,0.48,-1.4214285714285717,0.8271428571428565,0.0285714285714284,-0.48,0.2438674993096363
2019-10-27,24.54389257515069,25.093033761719596,24.42289401053449,24.87896156311035,2676900.0,0.2014147425070404,1.83,1.73,1.66,1.66,1.6,1.63,1.62,1.62,1.71,1.8,2.1,2.29,387.0,386.75,131677.0,-0.8,7.5,2.25,0.0,0.6214285714285716,6.6728571428571435,2.2214285714285715,0.48,-1.4214285714285717,0.8271428571428565,0.0285714285714284,-0.48,0.2438674993096363
2019-10-28,24.934812263302064,25.260573590155673,24.757969132105753,24.916196823120117,2943500.0,0.1823433637619017,1.83,1.74,1.65,1.65,1.6,1.64,1.65,1.66,1.75,1.85,2.16,2.34,386.0,384.0,122790.0,-2.15,1.1,1.25,0.0,0.2271428571428571,6.569999999999999,2.507142857142857,0.5242857142857144,-2.3771428571428572,-5.469999999999999,-1.2571428571428571,-0.5242857142857144,1.0429548273890057
2019-10-29,24.67419967824784,25.3536472193514,24.59043197863058,24.92550277709961,2837000.0,0.9090838618576524,1.82,1.66,1.63,1.64,1.59,1.64,1.65,1.66,1.74,1.84,2.15,2.33,383.5,386.25,153732.0,-3.3,1.1,1.5,0.0,0.3642857142857142,6.362857142857142,2.274285714285714,0.6614285714285714,-3.664285714285714,-5.262857142857142,-0.774285714285714,-0.6614285714285714,1.0263370979811903
2019-10-30,25.17680332036846,25.679409502494483,25.046498802898412,25.5770263671875,5993500.0,0.96475475654006,1.82,1.61,1.62,1.62,1.59,1.61,1.6,1.61,1.69,1.78,2.08,2.26,385.75,390.75,177034.0,-3.55,0.55,1.7,0.0,-0.3242857142857143,5.288571428571428,2.3457142857142856,0.3314285714285714,-3.2257142857142855,-4.738571428571428,-0.6457142857142857,-0.3314285714285714,0.8829032195673377
2019-10-31,24.664894451965143,25.57702974525696,23.50145603441962,24.553203582763672,7084400.0,1.2683990830555554,1.58,1.59,1.54,1.57,1.53,1.52,1.52,1.51,1.6,1.69,2.0,2.17,390.25,390.0,176193.0,-4.4,2.8,1.3,0.0,-1.07,5.311428571428571,2.0714285714285716,0.8928571428571429,-3.33,-2.5114285714285716,-0.7714285714285716,-0.8928571428571429,0.7889579459265713
2019-11-01,24.36705780029297,24.757973232526897,23.743454653045195,24.36705780029297,10081500.0,0.1636172235012054,1.57,1.58,1.52,1.55,1.53,1.56,1.55,1.55,1.63,1.73,2.03,2.21,389.25,389.25,151943.0,0.0,4.45,2.45,0.0,-0.4328571428571429,5.691428571428571,2.5,0.3157142857142857,0.4328571428571429,-1.241428571428571,-0.0499999999999998,-0.3157142857142857,0.1790159405272866
2019-11-02,24.36705780029297,24.757973232526897,23.743454653045195,24.36705780029297,10081500.0,0.1636172235012054,1.57,1.58,1.52,1.55,1.53,1.56,1.55,1.55,1.63,1.73,2.03,2.21,389.25,389.25,151943.0,0.0,4.45,2.45,0.0,-0.4328571428571429,5.691428571428571,2.5,0.3157142857142857,0.4328571428571429,-1.241428571428571,-0.0499999999999998,-0.3157142857142857,0.1790159405272866
2019-11-03,24.36705780029297,24.757973232526897,23.743454653045195,24.36705780029297,10081500.0,0.1636172235012054,1.57,1.58,1.52,1.55,1.53,1.56,1.55,1.55,1.63,1.73,2.03,2.21,389.25,389.25,151943.0,0.0,4.45,2.45,0.0,-0.4328571428571429,5.691428571428571,2.5,0.3157142857142857,0.4328571428571429,-1.241428571428571,-0.0499999999999998,-0.3157142857142857,0.1790159405272866
2019-11-04,24.35774256160338,24.59043020480736,23.8737518376753,23.95751953125,8316200.0,1.7714093555696306,1.56,1.58,1.53,1.57,1.56,1.6,1.59,1.6,1.69,1.79,2.1,2.27,386.75,383.25,145373.0,-1.9,3.35,2.35,0.0,-1.3928571428571428,5.188571428571429,1.85,0.1428571428571428,-0.5071428571428571,-1.8385714285714283,0.5,-0.1428571428571428,0.3417318582458527
2019-11-05,23.715525061867336,24.2274389613425,23.045385263313513,23.883060455322266,8240500.0,1.8935626260936256,1.56,1.56,1.56,1.58,1.62,1.63,1.63,1.66,1.77,1.86,2.17,2.34,383.25,381.75,157127.0,-3.55,-0.25,1.45,0.4,-0.7714285714285715,5.144285714285715,2.267142857142857,0.63,-2.7785714285714285,-5.394285714285715,-0.817142857142857,-0.2299999999999999,0.9329379449789466
2019-11-06,24.03198057823527,24.49735588540564,23.938905161748018,24.320512771606445,6560000.0,1.495246265083551,1.55,1.55,1.56,1.57,1.58,1.61,1.6,1.63,1.73,1.81,2.13,2.3,382.25,378.75,185339.0,-6.6,0.0,2.25,1.65,-1.372857142857143,4.758571428571429,2.12,0.2771428571428571,-5.227142857142857,-4.758571428571429,0.1299999999999999,1.3728571428571428,1.012507802058639
2019-11-07,24.63696454891023,24.64627226673546,24.31120330135539,24.33912467956543,4554200.0,1.0365183087997136,1.55,1.57,1.56,1.58,1.58,1.68,1.7,1.74,1.84,1.92,2.24,2.4,379.25,375.25,219147.0,-8.3,-0.8,1.0,0.0,-1.4885714285714289,4.6328571428571435,2.162857142857143,0.1414285714285714,-6.811428571428571,-5.432857142857143,-1.1628571428571428,-0.1414285714285714,1.3951529932104323
2019-11-08,24.29259618075537,24.53738409507639,24.115753032076093,24.385671615600582,2998800.0,1.1311026150360703,1.55,1.56,1.55,1.58,1.58,1.68,1.7,1.74,1.86,1.94,2.27,2.43,375.25,377.25,343769.0,-3.55,5.0,1.55,0.0,-0.8042857142857143,4.941428571428571,2.21,0.0357142857142857,-2.7457142857142856,0.0585714285714287,-0.6599999999999999,-0.0357142857142857,0.4387525350857824
2019-11-09,24.29259618075537,24.53738409507639,24.115753032076093,24.385671615600582,2998800.0,1.1311026150360703,1.55,1.56,1.55,1.58,1.58,1.68,1.7,1.74,1.86,1.94,2.27,2.43,375.25,377.25,343769.0,-3.55,5.0,1.55,0.0,-0.8042857142857143,4.941428571428571,2.21,0.0357142857142857,-2.7457142857142856,0.0585714285714287,-0.6599999999999999,-0.0357142857142857,0.4387525350857824
2019-11-10,24.29259618075537,24.53738409507639,24.115753032076093,24.385671615600582,2998800.0,1.1311026150360703,1.55,1.56,1.55,1.58,1.58,1.68,1.7,1.74,1.86,1.94,2.27,2.43,375.25,377.25,343769.0,-3.55,5.0,1.55,0.0,-0.8042857142857143,4.941428571428571,2.21,0.0357142857142857,-2.7457142857142856,0.0585714285714287,-0.6599999999999999,-0.0357142857142857,0.4387525350857824
2019-11-11,24.29259618075537,24.53738409507639,24.115753032076093,24.385671615600582,2998800.0,1.1311026150360703,1.55,1.56,1.55,1.58,1.58,1.68,1.7,1.74,1.86,1.94,2.27,2.43,375.25,377.25,343769.0,-3.55,5.0,1.55,0.0,-0.8042857142857143,4.941428571428571,2.21,0.0357142857142857,-2.7457142857142856,0.0585714285714287,-0.6599999999999999,-0.0357142857142857,0.4387525350857824
2019-11-12,25.065114159968513,25.353646351402677,24.69281427178477,24.86965560913086,4665500.0,1.052491160109639,1.55,1.56,1.59,1.59,1.58,1.66,1.69,1.73,1.84,1.92,2.24,2.39,373.5,377.75,220513.0,-7.75,-1.35,3.25,0.0,-2.1042857142857145,3.2514285714285713,2.4357142857142855,0.5971428571428572,-5.645714285714286,-4.601428571428571,0.8142857142857145,-0.5971428571428572,1.1616469595826728
2019-11-13,24.6648938162228,24.70212469675237,23.69691222564709,23.938907623291016,3759900.0,0.1679032091051339,1.55,1.56,1.57,1.59,1.57,1.63,1.65,1.69,1.79,1.88,2.2,2.36,377.0,375.25,195982.0,-3.0,2.2,1.8,0.15,-1.6157142857142857,4.27,2.2285714285714286,0.4057142857142857,-1.3842857142857143,-2.0699999999999994,-0.4285714285714286,-0.2557142857142856,0.4313476011211261
2019-11-14,23.929600519948625,24.99996528430342,23.929600519948625,24.553203582763672,7274500.0,0.4037520438432692,1.55,1.59,1.57,1.58,1.55,1.58,1.59,1.63,1.73,1.82,2.15,2.31,375.25,375.75,144893.0,-4.95,3.6,1.3,0.0,-1.602857142857143,3.8042857142857143,2.157142857142857,0.1842857142857143,-3.347142857142857,-0.2042857142857141,-0.857142857142857,-0.1842857142857143,0.5707396646084122
2019-11-15,24.730050917190287,24.776589526951646,23.673648441704444,23.715532302856445,4788600.0,1.1664173677563665,1.55,1.59,1.57,1.59,1.54,1.61,1.61,1.65,1.75,1.84,2.16,2.31,375.5,371.25,140175.0,-3.3,6.95,1.85,0.0,-2.1942857142857144,3.82,2.082857142857143,0.6928571428571428,-1.1057142857142854,3.1300000000000003,-0.2328571428571431,-0.6928571428571428,0.4732994465052488
2019-11-16,24.730050917190287,24.776589526951646,23.673648441704444,23.715532302856445,4788600.0,1.1664173677563665,1.55,1.59,1.57,1.59,1.54,1.61,1.61,1.65,1.75,1.84,2.16,2.31,375.5,371.25,140175.0,-3.3,6.95,1.85,0.0,-2.1942857142857144,3.82,2.082857142857143,0.6928571428571428,-1.1057142857142854,3.1300000000000003,-0.2328571428571431,-0.6928571428571428,0.4732994465052488
2019-11-17,24.730050917190287,24.776589526951646,23.673648441704444,23.715532302856445,4788600.0,1.1664173677563665,1.55,1.59,1.57,1.59,1.54,1.61,1.61,1.65,1.75,1.84,2.16,2.31,375.5,371.25,140175.0,-3.3,6.95,1.85,0.0,-2.1942857142857144,3.82,2.082857142857143,0.6928571428571428,-1.1057142857142854,3.1300000000000003,-0.2328571428571431,-0.6928571428571428,0.4732994465052488
2019-11-18,23.734147746760986,23.980796165063634,23.60384318996207,23.715532302856445,4656400.0,0.1338468808680771,1.55,1.59,1.57,1.58,1.54,1.6,1.59,1.63,1.73,1.81,2.14,2.3,371.0,367.75,206268.0,0.85,5.85,1.75,0.75,-1.8457142857142856,3.8042857142857143,2.4028571428571426,1.3028571428571427,2.6957142857142857,2.045714285714286,-0.6528571428571426,-0.5528571428571427,0.6340789171641148
2019-11-19,23.78067598970863,24.129707448120783,23.557296069356745,23.920289993286133,4135100.0,0.1572115570306778,1.55,1.58,1.57,1.58,1.54,1.6,1.59,1.63,1.71,1.79,2.11,2.26,367.75,370.0,202015.0,-0.5,5.0,1.5,0.0,-2.0914285714285716,3.407142857142857,2.4014285714285712,0.4142857142857143,1.5914285714285716,1.592857142857143,-0.9014285714285712,-0.4142857142857143,0.5509724555747109
2019-11-20,23.84583230038209,23.920292280953856,23.189653166822787,23.250150680541992,4531200.0,0.8898998647928237,1.55,1.57,1.57,1.58,1.54,1.56,1.55,1.58,1.66,1.73,2.05,2.2,369.75,366.75,297024.0,0.85,6.4,2.35,0.0,-2.6028571428571428,3.06,2.1542857142857144,0.3614285714285714,3.452857142857143,3.3400000000000003,0.1957142857142857,-0.3614285714285714,0.6717870206352264
2019-11-21,23.240844663463925,23.65037547423993,23.20361555808398,23.371150970458984,4165700.0,0.6625486090779305,1.55,1.57,1.58,1.59,1.55,1.6,1.59,1.62,1.71,1.77,2.09,2.24,366.75,368.5,158701.0,-3.85,3.6,3.35,0.15,-2.9971428571428573,2.612857142857143,2.36,0.0571428571428571,-0.8528571428571428,0.9871428571428572,0.9900000000000002,0.0928571428571428,0.4320946582107535
2019-11-22,23.29669254763631,23.80395179124602,23.29669254763631,23.77137565612793,11212400.0,0.5891028046607971,1.55,1.58,1.58,1.59,1.56,1.61,1.6,1.62,1.71,1.77,2.08,2.22,368.0,368.75,228112.0,-5.5,1.65,1.35,0.0,-2.95,2.774285714285714,2.0285714285714285,0.2314285714285714,-2.55,-1.124285714285714,-0.6785714285714284,-0.2314285714285714,0.5275270664003258
2019-11-23,23.29669254763631,23.80395179124602,23.29669254763631,23.77137565612793,11212400.0,0.5891028046607971,1.55,1.58,1.58,1.59,1.56,1.61,1.6,1.62,1.71,1.77,2.08,2.22,368.0,368.75,228112.0,-5.5,1.65,1.35,0.0,-2.95,2.774285714285714,2.0285714285714285,0.2314285714285714,-2.55,-1.124285714285714,-0.6785714285714284,-0.2314285714285714,0.5275270664003258
2019-11-24,23.29669254763631,23.80395179124602,23.29669254763631,23.77137565612793,11212400.0,0.5891028046607971,1.55,1.58,1.58,1.59,1.56,1.61,1.6,1.62,1.71,1.77,2.08,2.22,368.0,368.75,228112.0,-5.5,1.65,1.35,0.0,-2.95,2.774285714285714,2.0285714285714285,0.2314285714285714,-2.55,-1.124285714285714,-0.6785714285714284,-0.2314285714285714,0.5275270664003258
2019-11-25,23.95752385133744,24.301902406495596,23.87375614265751,24.134366989135746,6107900.0,0.875269643962383,1.55,1.6,1.61,1.61,1.58,1.61,1.6,1.62,1.71,1.76,2.07,2.21,368.75,370.5,199301.0,-2.15,5.3,3.0,0.0,-3.63,1.6114285714285714,2.047142857142857,0.0914285714285714,1.48,3.6885714285714286,0.9528571428571428,-0.0914285714285714,0.6996993752230037
2019-11-26,23.994754031364828,24.39032237446686,23.92029404530094,24.087827682495117,7580900.0,0.5594055615365505,1.55,1.63,1.6,1.62,1.59,1.58,1.58,1.58,1.68,1.74,2.04,2.18,369.75,367.5,207678.0,-1.9,0.55,3.3,3.7,-3.507142857142857,1.6842857142857144,2.177142857142857,0.8685714285714285,1.6071428571428572,-1.1342857142857143,1.1228571428571428,2.831428571428572,0.7629283702106917
2019-11-27,24.106536860185617,24.527488113838903,24.02234625260925,24.36846160888672,6745600.0,0.2997407615184783,1.55,1.65,1.62,1.63,1.6,1.63,1.61,1.63,1.71,1.77,2.06,2.19,367.25,362.75,163967.0,-2.15,-0.25,3.75,0.0,-3.919999999999999,1.5842857142857143,2.2457142857142856,0.8785714285714286,1.7699999999999991,-1.8342857142857143,1.5042857142857144,-0.8785714285714286,0.7850887521490888
2019-11-28,24.106536860185617,24.527488113838903,24.02234625260925,24.36846160888672,6745600.0,0.2997407615184783,1.55,1.65,1.62,1.63,1.6,1.63,1.61,1.63,1.71,1.77,2.06,2.19,367.25,362.75,163967.0,-2.15,-0.25,3.75,0.0,-3.919999999999999,1.5842857142857143,2.2457142857142856,0.8785714285714286,1.7699999999999991,-1.8342857142857143,1.5042857142857144,-0.8785714285714286,0.7850887521490888
2019-11-29,24.293627142043793,24.396527176080525,23.900738211628298,24.34040069580078,8233100.0,0.3180434219539164,1.56,1.62,1.59,1.63,1.6,1.61,1.61,1.62,1.73,1.78,2.07,2.21,365.75,371.25,15512.0,-1.35,0.3,2.35,2.4,-3.7071428571428577,1.56,2.2985714285714285,0.4871428571428571,2.3571428571428577,-1.26,0.0514285714285716,1.9128571428571428,0.4834495629093933
2019-11-30,24.293627142043793,24.396527176080525,23.900738211628298,24.34040069580078,8233100.0,0.3180434219539164,1.56,1.62,1.59,1.63,1.6,1.61,1.61,1.62,1.73,1.78,2.07,2.21,365.75,371.25,15512.0,-1.35,0.3,2.35,2.4,-3.7071428571428577,1.56,2.2985714285714285,0.4871428571428571,2.3571428571428577,-1.26,0.0514285714285716,1.9128571428571428,0.4834495629093933
2019-12-01,24.293627142043793,24.396527176080525,23.900738211628298,24.34040069580078,8233100.0,0.3180434219539164,1.56,1.62,1.59,1.63,1.6,1.61,1.61,1.62,1.73,1.78,2.07,2.21,365.75,371.25,15512.0,-1.35,0.3,2.35,2.4,-3.7071428571428577,1.56,2.2985714285714285,0.4871428571428571,2.3571428571428577,-1.26,0.0514285714285716,1.9128571428571428,0.4834495629093933
2019-12-02,24.349753243754872,24.452651484423324,23.423658372367925,23.55462074279785,7232800.0,-0.1923722624778747,1.56,1.6,1.6,1.62,1.6,1.61,1.63,1.65,1.77,1.83,2.15,2.28,371.75,373.5,6280.0,-6.9,0.0,1.3,0.0,-4.277142857142858,1.3228571428571427,2.16,0.1542857142857142,-2.6228571428571428,-1.3228571428571427,-0.8600000000000001,-0.1542857142857142,0.593090339121033
2019-12-03,23.21785867115807,23.26463222146277,22.731424453360223,23.0588321685791,8645000.0,0.1506018675863742,1.55,1.56,1.57,1.57,1.57,1.53,1.54,1.54,1.65,1.72,2.03,2.17,373.75,372.0,4939.0,-3.0,1.65,2.25,0.0,-4.355714285714285,0.5914285714285715,2.0357142857142856,0.1328571428571428,1.355714285714285,1.0585714285714285,0.2142857142857144,-0.1328571428571428,0.2793879424847788
2019-12-04,23.292694927933574,23.584555463129597,23.0307701790873,23.236568450927734,13263000.0,0.9248291775584216,1.55,1.59,1.55,1.56,1.56,1.58,1.58,1.6,1.71,1.77,2.08,2.22,371.75,368.75,2985.0,-2.75,1.95,1.15,0.0,-4.804285714285714,0.6228571428571429,2.2357142857142858,0.3657142857142857,2.0542857142857143,1.327142857142857,-1.085714285714286,-0.3657142857142857,0.617870259709589
2019-12-05,23.358180192005097,23.470434949837887,22.544339888575536,23.217863082885746,7510700.0,-0.3615874126553536,1.55,1.52,1.54,1.55,1.56,1.58,1.6,1.62,1.73,1.8,2.11,2.24,368.5,365.5,3029.0,-3.55,1.95,2.0,0.0,-5.005714285714285,0.1971428571428572,2.3414285714285716,0.0428571428571428,1.4557142857142855,1.752857142857143,-0.3414285714285716,-0.0428571428571428,0.3721986197597397
2019-12-06,23.386240359904452,23.91009164438232,23.330113882624673,23.629457473754883,5835800.0,3.0591442361474033,1.55,1.52,1.53,1.56,1.57,1.61,1.64,1.67,1.78,1.84,2.14,2.29,364.75,366.5,960.0,-3.3,-0.8,2.2,0.0,-5.267142857142857,-0.0357142857142857,2.0228571428571427,0.0699999999999999,1.967142857142857,-0.7642857142857143,0.1771428571428575,-0.0699999999999999,0.2971769847391182
2019-12-07,23.386240359904452,23.91009164438232,23.330113882624673,23.629457473754883,5835800.0,3.0591442361474033,1.55,1.52,1.53,1.56,1.57,1.61,1.64,1.67,1.78,1.84,2.14,2.29,364.75,366.5,960.0,-3.3,-0.8,2.2,0.0,-5.267142857142857,-0.0357142857142857,2.0228571428571427,0.0699999999999999,1.967142857142857,-0.7642857142857143,0.1771428571428575,-0.0699999999999999,0.2971769847391182
2019-12-08,23.386240359904452,23.91009164438232,23.330113882624673,23.629457473754883,5835800.0,3.0591442361474033,1.55,1.52,1.53,1.56,1.57,1.61,1.64,1.67,1.78,1.84,2.14,2.29,364.75,366.5,960.0,-3.3,-0.8,2.2,0.0,-5.267142857142857,-0.0357142857142857,2.0228571428571427,0.0699999999999999,1.967142857142857,-0.7642857142857143,0.1771428571428575,-0.0699999999999999,0.2971769847391182
2019-12-09,23.825899026700615,24.44329557738814,23.75574138207563,24.106534957885746,6603500.0,-1.0249985679984093,1.55,1.54,1.54,1.58,1.56,1.63,1.63,1.67,1.77,1.83,2.13,2.27,366.5,365.75,639.0,-6.9,-0.8,3.2,0.5,-4.8271428571428565,0.47,2.2114285714285717,0.2871428571428571,-2.072857142857144,-1.27,0.9885714285714284,0.2128571428571429,0.5769619655585021
2019-12-10,24.03169966551894,24.209433797049147,23.7791278564243,24.20008087158203,5134600.0,0.8257627403363583,1.55,1.53,1.56,1.57,1.56,1.65,1.67,1.68,1.78,1.85,2.12,2.26,365.75,363.25,888.0,-7.45,-3.55,2.35,0.15,-5.1171428571428565,0.4185714285714286,2.2,0.43,-2.3328571428571436,-3.968571428571429,0.1499999999999999,-0.28,0.6006347704209257
2019-12-11,24.21879452783067,24.574266447722593,24.16266803993206,24.508785247802734,5215000.0,1.9370728023350237,1.55,1.54,1.57,1.58,1.55,1.61,1.62,1.64,1.74,1.79,2.08,2.23,363.0,357.75,259.0,-9.4,-4.65,1.9,0.15,-5.515714285714286,-0.1171428571428571,2.26,0.1842857142857143,-3.8842857142857143,-4.532857142857143,-0.3599999999999999,-0.0342857142857143,0.827293438650021
2019-12-12,24.433946419261115,25.327300792021425,24.321691672634493,25.238431930541992,4930200.0,1.2778363097459076,1.55,1.57,1.56,1.57,1.55,1.66,1.69,1.73,1.84,1.9,2.18,2.32,358.25,367.0,664.0,-5.8,-3.55,1.65,0.0,-4.7942857142857145,0.2071428571428571,2.0628571428571427,0.1457142857142857,-1.0057142857142851,-3.757142857142857,-0.4128571428571428,-0.1457142857142857,0.5207023575335943
2019-12-13,25.238431849279653,25.39745836568861,24.7519975891783,24.78006172180176,6268800.0,0.7911435216665267,1.55,1.55,1.57,1.56,1.54,1.61,1.62,1.66,1.76,1.82,2.11,2.26,373.75,366.25,230831.0,-3.85,-0.25,2.2,0.0,-4.609999999999999,0.6657142857142856,2.1757142857142857,0.4728571428571428,0.7599999999999993,-0.9157142857142856,0.0242857142857144,-0.4728571428571428,0.1881526455559039
2019-12-14,25.238431849279653,25.39745836568861,24.7519975891783,24.78006172180176,6268800.0,0.7911435216665267,1.55,1.55,1.57,1.56,1.54,1.61,1.62,1.66,1.76,1.82,2.11,2.26,373.75,366.25,230831.0,-3.85,-0.25,2.2,0.0,-4.609999999999999,0.6657142857142856,2.1757142857142857,0.4728571428571428,0.7599999999999993,-0.9157142857142856,0.0242857142857144,-0.4728571428571428,0.1881526455559039
2019-12-15,25.238431849279653,25.39745836568861,24.7519975891783,24.78006172180176,6268800.0,0.7911435216665267,1.55,1.55,1.57,1.56,1.54,1.61,1.62,1.66,1.76,1.82,2.11,2.26,373.75,366.25,230831.0,-3.85,-0.25,2.2,0.0,-4.609999999999999,0.6657142857142856,2.1757142857142857,0.4728571428571428,0.7599999999999993,-0.9157142857142856,0.0242857142857144,-0.4728571428571428,0.1881526455559039
2019-12-16,25.201013893671877,25.78099167343239,25.11682328302461,25.771636962890625,9527400.0,3.4334278553724284,1.56,1.57,1.57,1.58,1.54,1.65,1.67,1.72,1.82,1.89,2.17,2.3,383.5,388.0,180896.0,-6.9,-2.15,0.8,0.0,-5.111428571428571,-0.0542857142857143,2.3,0.3257142857142857,-1.7885714285714291,-2.0957142857142856,-1.4999999999999998,-0.3257142857142857,0.7638298046211456
2019-12-17,25.50035267531383,25.771632092847117,24.86424675250714,25.041982650756836,9227900.0,0.2401404827833175,1.55,1.56,1.56,1.58,1.53,1.63,1.66,1.71,1.82,1.89,2.18,2.31,387.5,390.0,118236.0,-6.6,-0.5,1.5,0.0,-5.667142857142857,-0.3785714285714285,1.97,0.1428571428571428,-0.9328571428571424,-0.1214285714285715,-0.47,-0.1428571428571428,0.2334607012433061
2019-12-18,24.98585476015687,26.13645897683683,24.78005651683139,26.02420425415039,13869000.0,-0.031120030209422,1.55,1.56,1.56,1.58,1.54,1.63,1.67,1.74,1.86,1.92,2.22,2.35,389.25,387.0,125534.0,-6.35,-0.5,1.75,0.0,-5.784285714285714,-0.8814285714285713,2.11,0.0985714285714285,-0.5657142857142858,0.3814285714285713,-0.3599999999999999,-0.0985714285714285,0.187654507509269
2019-12-19,25.949370739401736,26.445159651563916,25.68744421867349,25.921306610107425,11975100.0,0.5286186672747134,1.55,1.54,1.57,1.57,1.52,1.62,1.65,1.73,1.84,1.92,2.21,2.35,387.0,386.5,99129.0,-5.5,1.1,1.2,0.0,-6.1,-0.7628571428571428,2.315714285714286,0.08,0.5999999999999996,1.862857142857143,-1.115714285714286,-0.08,0.5126311994045625
2019-12-20,25.89324287829023,26.42644881672641,25.668735208644915,26.3609676361084,30573900.0,0.4444490205496544,1.55,1.57,1.58,1.58,1.52,1.63,1.67,1.73,1.84,1.92,2.21,2.34,386.5,387.75,85326.0,-5.25,0.55,1.3,0.0,-5.498571428571428,-0.84,2.2728571428571427,0.2442857142857142,0.2485714285714282,1.39,-0.9728571428571426,-0.2442857142857142,0.4161287561913519
2019-12-21,25.89324287829023,26.42644881672641,25.668735208644915,26.3609676361084,30573900.0,0.4444490205496544,1.55,1.57,1.58,1.58,1.52,1.63,1.67,1.73,1.84,1.92,2.21,2.34,386.5,387.75,85326.0,-5.25,0.55,1.3,0.0,-5.498571428571428,-0.84,2.2728571428571427,0.2442857142857142,0.2485714285714282,1.39,-0.9728571428571426,-0.2442857142857142,0.4161287561913519
2019-12-22,25.89324287829023,26.42644881672641,25.668735208644915,26.3609676361084,30573900.0,0.4444490205496544,1.55,1.57,1.58,1.58,1.52,1.63,1.67,1.73,1.84,1.92,2.21,2.34,386.5,387.75,85326.0,-5.25,0.55,1.3,0.0,-5.498571428571428,-0.84,2.2728571428571427,0.2442857142857142,0.2485714285714282,1.39,-0.9728571428571426,-0.2442857142857142,0.4161287561913519
2019-12-23,26.370319804787226,26.889494521423288,26.286129213752822,26.809980392456055,5970800.0,1.2557294890284538,1.55,1.57,1.59,1.6,1.53,1.64,1.67,1.75,1.86,1.93,2.22,2.35,388.0,388.75,82257.0,-2.15,1.65,1.45,0.0,-6.398571428571429,-1.6214285714285714,2.351428571428571,0.3842857142857143,4.248571428571429,3.2714285714285714,-0.901428571428571,-0.3842857142857143,0.9310114680246886
2019-12-24,26.75386046046752,27.165458807799563,26.54806039468719,26.95030403137207,1698400.0,0.0828824266791343,1.55,1.55,1.58,1.61,1.53,1.62,1.64,1.72,1.83,1.9,2.2,2.33,388.5,387.5,50416.0,-1.9,1.65,1.0,0.0,-6.388571428571429,-1.2614285714285711,2.174285714285714,0.4899999999999999,4.488571428571429,2.911428571428571,-1.174285714285714,-0.4899999999999999,1.005411485989982
2019-12-25,26.75386046046752,27.165458807799563,26.54806039468719,26.95030403137207,1698400.0,0.0828824266791343,1.55,1.55,1.58,1.61,1.53,1.62,1.64,1.72,1.83,1.9,2.2,2.33,388.5,387.5,50416.0,-1.9,1.65,1.0,0.0,-6.388571428571429,-1.2614285714285711,2.174285714285714,0.4899999999999999,4.488571428571429,2.911428571428571,-1.174285714285714,-0.4899999999999999,1.005411485989982
2019-12-26,26.828695172233708,27.315129398953214,26.781921621071135,27.305774688720703,2599300.0,-0.0144538134336471,1.55,1.59,1.58,1.61,1.53,1.64,1.65,1.72,1.85,1.9,2.19,2.33,388.0,388.5,49930.0,-1.9,-0.5,2.25,0.0,-5.461428571428572,-0.8157142857142856,2.1685714285714286,0.4385714285714285,3.561428571428572,0.3157142857142856,0.0814285714285714,-0.4385714285714285,0.4112794691236002
2019-12-27,27.315121393749372,27.389957269448903,27.10932139740465,27.25899314880371,2738200.0,-0.2002829536795616,1.55,1.56,1.57,1.59,1.51,1.59,1.6,1.68,1.8,1.88,2.18,2.32,388.0,390.0,85213.0,-4.4,2.5,1.3,0.0,-5.308571428571429,-0.4128571428571428,2.005714285714286,0.3485714285714285,0.9085714285714284,2.912857142857143,-0.7057142857142857,-0.3485714285714285,0.5374638679714917
2019-12-28,27.315121393749372,27.389957269448903,27.10932139740465,27.25899314880371,2738200.0,-0.2002829536795616,1.55,1.56,1.57,1.59,1.51,1.59,1.6,1.68,1.8,1.88,2.18,2.32,388.0,390.0,85213.0,-4.4,2.5,1.3,0.0,-5.308571428571429,-0.4128571428571428,2.005714285714286,0.3485714285714285,0.9085714285714284,2.912857142857143,-0.7057142857142857,-0.3485714285714285,0.5374638679714917
2019-12-29,27.315121393749372,27.389957269448903,27.10932139740465,27.25899314880371,2738200.0,-0.2002829536795616,1.55,1.56,1.57,1.59,1.51,1.59,1.6,1.68,1.8,1.88,2.18,2.32,388.0,390.0,85213.0,-4.4,2.5,1.3,0.0,-5.308571428571429,-0.4128571428571428,2.005714285714286,0.3485714285714285,0.9085714285714284,2.912857142857143,-0.7057142857142857,-0.3485714285714285,0.5374638679714917
2019-12-30,27.249646070603266,27.343191387475272,26.93159484800405,26.9970760345459,2795600.0,-0.2632054025307296,1.55,1.51,1.57,1.6,1.57,1.58,1.59,1.68,1.81,1.9,2.21,2.34,389.25,388.25,123528.0,-3.55,-1.35,4.9,0.4,-6.2,-1.3342857142857143,2.2985714285714285,0.7571428571428571,2.6500000000000004,-0.0157142857142857,2.601428571428572,-0.3571428571428571,0.9724509486533276
2019-12-31,26.98772516153448,27.679957750042956,26.95030631577408,27.651893615722656,3414500.0,0.6363888136111199,1.55,1.48,1.55,1.6,1.59,1.58,1.62,1.69,1.83,1.92,2.25,2.39,388.25,387.75,85103.0,-4.4,-1.35,2.3,0.0,-7.005714285714285,-2.1728571428571426,2.2823529411764705,0.2028571428571428,2.605714285714285,0.8228571428571425,0.0176470588235293,-0.2028571428571428,0.3285856489881185
2020-01-01,26.98772516153448,27.679957750042956,26.95030631577408,27.651893615722656,3414500.0,0.6363888136111199,1.55,1.48,1.55,1.6,1.59,1.58,1.62,1.69,1.83,1.92,2.25,2.39,388.25,387.75,85103.0,-4.4,-1.35,2.3,0.0,-7.005714285714285,-2.1728571428571426,2.2823529411764705,0.2028571428571428,2.605714285714285,0.8228571428571425,0.0176470588235293,-0.2028571428571428,0.3285856489881185
2020-01-02,27.88575368989667,27.88575368989667,26.866113424161608,26.884822845458984,6896100.0,0.9205942861735816,1.55,1.53,1.54,1.57,1.56,1.58,1.59,1.67,1.79,1.88,2.19,2.33,387.75,391.5,103987.0,-1.9,1.1,1.55,0.0,-6.640000000000001,-1.3914285714285717,1.9928571428571429,0.2814285714285714,4.74,2.491428571428572,-0.4428571428571428,-0.2814285714285714,0.7819936454856068
2020-01-03,26.58547424932704,27.03448957077516,26.5293477802031,26.56676483154297,5611400.0,-0.1633902639150621,1.55,1.52,1.52,1.55,1.55,1.53,1.54,1.59,1.71,1.8,2.11,2.26,391.5,386.5,125931.0,-3.85,1.1,2.7,0.25,-6.651428571428572,-1.4028571428571428,2.4228571428571426,0.2928571428571428,2.801428571428572,2.5028571428571427,0.2771428571428576,-0.0428571428571428,0.5404624908284991
2020-01-04,26.58547424932704,27.03448957077516,26.5293477802031,26.56676483154297,5611400.0,-0.1633902639150621,1.55,1.52,1.52,1.55,1.55,1.53,1.54,1.59,1.71,1.8,2.11,2.26,391.5,386.5,125931.0,-3.85,1.1,2.7,0.25,-6.651428571428572,-1.4028571428571428,2.4228571428571426,0.2928571428571428,2.801428571428572,2.5028571428571427,0.2771428571428576,-0.0428571428571428,0.5404624908284991
2020-01-05,26.58547424932704,27.03448957077516,26.5293477802031,26.56676483154297,5611400.0,-0.1633902639150621,1.55,1.52,1.52,1.55,1.55,1.53,1.54,1.59,1.71,1.8,2.11,2.26,391.5,386.5,125931.0,-3.85,1.1,2.7,0.25,-6.651428571428572,-1.4028571428571428,2.4228571428571426,0.2928571428571428,2.801428571428572,2.5028571428571427,0.2771428571428576,-0.0428571428571428,0.5404624908284991
2020-01-06,26.267427536815717,26.66125141850954,26.169205746410256,26.529354095458984,6972800.0,-0.5839455053210257,1.55,1.54,1.56,1.56,1.54,1.54,1.56,1.61,1.72,1.81,2.13,2.28,386.25,384.75,112130.0,-3.0,1.95,1.75,0.0,-6.7628571428571425,-2.0771428571428574,2.1114285714285717,0.32,3.7628571428571425,4.027142857142858,-0.3614285714285716,-0.32,0.7975866225224877
2020-01-07,26.48257803685451,26.86611223533628,26.351615662025186,26.63224983215332,6014800.0,0.4204226408619432,1.55,1.52,1.54,1.56,1.53,1.54,1.55,1.62,1.74,1.83,2.16,2.31,385.0,384.5,93541.0,-5.25,0.85,1.8,0.0,-6.777142857142857,-1.522857142857143,1.9457142857142855,0.1428571428571428,1.5271428571428567,2.3728571428571428,-0.1457142857142854,-0.1428571428571428,0.3844914600974572
2020-01-08,26.660308162401893,26.92223463930201,26.28612875556469,26.84739875793457,3684500.0,0.7425291677936909,1.55,1.5,1.54,1.56,1.55,1.58,1.61,1.67,1.78,1.87,2.21,2.35,384.0,384.25,135523.0,-6.05,-1.6,3.3,0.0,-6.364285714285714,-0.9842857142857144,2.072857142857143,0.4285714285714285,0.314285714285714,-0.6157142857142857,1.2271428571428569,-0.4285714285714285,0.4418547727825601
2020-01-09,26.940952312685916,26.987725871116226,26.54806334301543,26.875471115112305,3703200.0,-0.0254372023046016,1.55,1.53,1.54,1.56,1.54,1.58,1.59,1.65,1.77,1.85,2.17,2.38,383.75,383.25,130937.0,-2.45,0.3,2.35,0.0,-6.558571428571429,-1.2671428571428571,2.5014285714285713,0.1571428571428571,4.1085714285714285,1.5671428571428572,-0.1514285714285712,-0.1571428571428571,0.5605170068664627
2020-01-10,26.950298728091276,27.062553449539113,26.491928701950112,26.51999282836914,4498700.0,-0.5370275676250459,1.54,1.52,1.54,1.55,1.53,1.56,1.59,1.63,1.74,1.83,2.14,2.28,383.25,385.75,226659.0,-9.4,-1.9,2.9,0.25,-6.08,-0.9942857142857142,2.317142857142857,0.2242857142857142,-3.3200000000000003,-0.9057142857142856,0.5828571428571427,0.0257142857142858,0.5392960594354866
2020-01-11,26.950298728091276,27.062553449539113,26.491928701950112,26.51999282836914,4498700.0,-0.5370275676250459,1.54,1.52,1.54,1.55,1.53,1.56,1.59,1.63,1.74,1.83,2.14,2.28,383.25,385.75,226659.0,-9.4,-1.9,2.9,0.25,-6.08,-0.9942857142857142,2.317142857142857,0.2242857142857142,-3.3200000000000003,-0.9057142857142856,0.5828571428571427,0.0257142857142858,0.5392960594354866
2020-01-12,26.950298728091276,27.062553449539113,26.491928701950112,26.51999282836914,4498700.0,-0.5370275676250459,1.54,1.52,1.54,1.55,1.53,1.56,1.59,1.63,1.74,1.83,2.14,2.28,383.25,385.75,226659.0,-9.4,-1.9,2.9,0.25,-6.08,-0.9942857142857142,2.317142857142857,0.2242857142857142,-3.3200000000000003,-0.9057142857142856,0.5828571428571427,0.0257142857142858,0.5392960594354866
2020-01-13,26.510645477265427,26.753862621047443,26.33758777688874,26.735153198242188,4735100.0,0.4148294031620025,1.54,1.54,1.57,1.57,1.53,1.58,1.6,1.65,1.76,1.85,2.16,2.3,386.5,389.5,139994.0,-4.65,-0.25,2.7,0.15,-7.075714285714286,-1.85,2.0628571428571427,0.2814285714285714,2.4257142857142853,1.6,0.6371428571428575,-0.1314285714285714,0.535794196771428
2020-01-14,26.716437228412165,26.93159196949009,26.47322014423197,26.79127311706543,5370600.0,-2.020631911233067,1.54,1.53,1.57,1.57,1.53,1.58,1.59,1.63,1.74,1.82,2.12,2.27,389.25,389.0,115957.0,-5.25,-0.25,2.15,0.0,-6.7,-1.602857142857143,2.24,0.4028571428571428,1.4500000000000002,1.352857142857143,-0.0900000000000003,-0.4028571428571428,0.2997291126817042
2020-01-15,26.800627355706,27.025135017724693,26.636924409722045,26.828691482543945,6336800.0,-1.5502538047730925,1.54,1.53,1.57,1.58,1.54,1.56,1.56,1.6,1.71,1.79,2.09,2.23,388.75,387.5,141478.0,-10.8,-3.3,3.25,0.15,-7.344285714285714,-1.8971428571428572,2.242857142857143,0.0542857142857142,-3.4557142857142864,-1.4028571428571426,1.0071428571428571,0.0957142857142858,0.7115909783753286
2020-01-16,26.912882490814606,27.37125253081475,26.683696578700378,27.333833694458008,5847900.0,-1.025996547192335,1.54,1.54,1.55,1.56,1.54,1.58,1.58,1.63,1.73,1.81,2.11,2.26,387.25,375.5,230557.0,-12.45,-6.9,1.5,0.0,-6.795714285714285,-1.44,2.44,0.1885714285714285,-5.654285714285714,-5.460000000000001,-0.94,-0.1885714285714285,1.234145045290452
2020-01-17,26.62289452448403,26.781921026448927,25.84647143470916,26.473222732543945,8668600.0,0.2460587657988072,1.55,1.54,1.56,1.57,1.56,1.58,1.56,1.63,1.74,1.84,2.16,2.29,377.0,389.25,293121.0,-6.9,-1.05,3.35,6.5,-7.140000000000001,-1.792857142857143,2.36,0.4228571428571429,0.2400000000000002,0.7428571428571429,0.9900000000000002,6.077142857142857,0.8218671398739099
2020-01-18,26.62289452448403,26.781921026448927,25.84647143470916,26.473222732543945,8668600.0,0.2460587657988072,1.55,1.54,1.56,1.57,1.56,1.58,1.56,1.63,1.74,1.84,2.16,2.29,377.0,389.25,293121.0,-6.9,-1.05,3.35,6.5,-7.140000000000001,-1.792857142857143,2.36,0.4228571428571429,0.2400000000000002,0.7428571428571429,0.9900000000000002,6.077142857142857,0.8218671398739099
2020-01-19,26.62289452448403,26.781921026448927,25.84647143470916,26.473222732543945,8668600.0,0.2460587657988072,1.55,1.54,1.56,1.57,1.56,1.58,1.56,1.63,1.74,1.84,2.16,2.29,377.0,389.25,293121.0,-6.9,-1.05,3.35,6.5,-7.140000000000001,-1.792857142857143,2.36,0.4228571428571429,0.2400000000000002,0.7428571428571429,0.9900000000000002,6.077142857142857,0.8218671398739099
2020-01-20,26.62289452448403,26.781921026448927,25.84647143470916,26.473222732543945,8668600.0,0.2460587657988072,1.55,1.54,1.56,1.57,1.56,1.58,1.56,1.63,1.74,1.84,2.16,2.29,377.0,389.25,293121.0,-6.9,-1.05,3.35,6.5,-7.140000000000001,-1.792857142857143,2.36,0.4228571428571429,0.2400000000000002,0.7428571428571429,0.9900000000000002,6.077142857142857,0.8218671398739099
2020-01-21,26.248711915294987,26.51999312098739,25.921304240373505,26.02420425415039,5514000.0,-0.1348217939957976,1.55,1.52,1.56,1.57,1.54,1.53,1.53,1.57,1.69,1.78,2.1,2.23,389.0,387.5,182958.0,-8.85,-1.6,3.7,0.0,-6.198571428571428,-0.9542857142857144,2.224285714285714,0.1685714285714285,-2.6514285714285712,-0.6457142857142857,1.475714285714286,-0.1685714285714285,0.7070207616133418
2020-01-22,26.02420547246764,26.426449053268264,25.724861910261144,26.34225845336914,8672900.0,0.71579410135746,1.55,1.52,1.55,1.56,1.55,1.53,1.52,1.57,1.68,1.77,2.07,2.22,387.5,388.75,155603.0,-1.6,1.1,1.85,0.0,-6.054285714285714,-1.0214285714285714,2.4014285714285712,0.1657142857142857,4.454285714285714,2.121428571428571,-0.5514285714285712,-0.1657142857142857,0.745587550439616
2020-01-23,26.201938588445692,26.669663300590255,25.734213876301133,26.613536834716797,4139400.0,1.1683728341013189,1.55,1.55,1.55,1.56,1.55,1.51,1.51,1.55,1.65,1.74,2.03,2.18,388.5,393.75,256298.0,-0.8,0.55,1.9,0.25,-6.347142857142857,-1.3857142857142857,2.355714285714286,0.2414285714285714,5.547142857142857,1.9357142857142855,-0.4557142857142859,0.0085714285714285,0.7936909192501668
2020-01-24,26.482575510816055,26.524670810742872,25.921305439867943,26.145814895629883,4996200.0,0.7768733948469161,1.55,1.54,1.54,1.55,1.55,1.49,1.48,1.51,1.61,1.7,2.0,2.14,393.25,387.25,196121.0,-1.35,-0.25,2.2,0.0,-6.485714285714286,-1.3014285714285714,2.192857142857143,0.3014285714285714,5.135714285714286,1.0514285714285714,0.0071428571428571,-0.3014285714285714,0.5861632094496696
2020-01-25,26.482575510816055,26.524670810742872,25.921305439867943,26.145814895629883,4996200.0,0.7768733948469161,1.55,1.54,1.54,1.55,1.55,1.49,1.48,1.51,1.61,1.7,2.0,2.14,393.25,387.25,196121.0,-1.35,-0.25,2.2,0.0,-6.485714285714286,-1.3014285714285714,2.192857142857143,0.3014285714285714,5.135714285714286,1.0514285714285714,0.0071428571428571,-0.3014285714285714,0.5861632094496696
2020-01-26,26.482575510816055,26.524670810742872,25.921305439867943,26.145814895629883,4996200.0,0.7768733948469161,1.55,1.54,1.54,1.55,1.55,1.49,1.48,1.51,1.61,1.7,2.0,2.14,393.25,387.25,196121.0,-1.35,-0.25,2.2,0.0,-6.485714285714286,-1.3014285714285714,2.192857142857143,0.3014285714285714,5.135714285714286,1.0514285714285714,0.0071428571428571,-0.3014285714285714,0.5861632094496696
2020-01-27,25.47229385868604,25.75292982772011,25.229076732547966,25.40681266784668,4195000.0,0.1957020759582519,1.55,1.53,1.55,1.57,1.53,1.44,1.41,1.44,1.52,1.61,1.91,2.05,384.25,380.5,264471.0,-3.3,0.55,1.8,0.15,-5.967142857142857,-0.6257142857142857,2.3214285714285716,0.3014285714285714,2.6671428571428573,1.1757142857142855,-0.5214285714285716,-0.1514285714285713,0.494144802752962
2020-01-28,25.5377734893071,25.799700020890892,25.25713932164688,25.780990600585938,5618800.0,-0.1509285680949686,1.55,1.53,1.57,1.58,1.53,1.45,1.45,1.47,1.56,1.65,1.95,2.1,382.5,386.5,243266.0,-3.85,-1.9,0.95,0.0,-6.057142857142857,-0.9414285714285716,2.2642857142857142,0.3385714285714286,2.207142857142857,-0.9585714285714284,-1.3142857142857145,-0.3385714285714286,0.6612712979137443
2020-01-29,25.771634589439163,26.183232894227388,25.73421753494665,26.00549697875977,3499600.0,0.398481085896492,1.55,1.52,1.56,1.57,1.51,1.42,1.39,1.41,1.51,1.6,1.89,2.05,385.5,384.25,136811.0,-5.5,-0.8,1.15,0.0,-6.609999999999999,-1.6457142857142857,2.3457142857142856,0.3014285714285714,1.1099999999999994,0.8457142857142856,-1.1957142857142855,-0.3014285714285714,0.5158500638132744
2020-01-30,26.13645925372388,27.546181606797163,25.818406284342537,27.352542877197266,9762200.0,2.805786412209272,1.6,1.59,1.57,1.57,1.48,1.41,1.37,1.39,1.49,1.57,1.88,2.04,384.5,379.5,160206.0,-1.6,0.55,2.05,0.0,-6.594285714285714,-1.5514285714285716,2.0,0.1828571428571428,4.994285714285715,2.101428571428571,0.0499999999999998,-0.1828571428571428,0.6607089488137152
2020-01-31,26.922239306376223,27.268354648615514,26.62289394478563,27.05320167541504,6788300.0,0.553752520121634,1.59,1.56,1.55,1.54,1.45,1.33,1.3,1.32,1.42,1.51,1.83,1.99,381.5,381.25,151805.0,-0.5,1.4,1.25,0.25,-5.5,-0.5585714285714286,2.017142857142857,0.3114285714285714,5.0,1.9585714285714289,-0.7671428571428569,-0.0614285714285713,0.8326084085339179
2020-02-01,26.922239306376223,27.268354648615514,26.62289394478563,27.05320167541504,6788300.0,0.553752520121634,1.59,1.56,1.55,1.54,1.45,1.33,1.3,1.32,1.42,1.51,1.83,1.99,381.5,381.25,151805.0,-0.5,1.4,1.25,0.25,-5.5,-0.5585714285714286,2.017142857142857,0.3114285714285714,5.0,1.9585714285714289,-0.7671428571428569,-0.0614285714285713,0.8326084085339179
2020-02-02,26.922239306376223,27.268354648615514,26.62289394478563,27.05320167541504,6788300.0,0.553752520121634,1.59,1.56,1.55,1.54,1.45,1.33,1.3,1.32,1.42,1.51,1.83,1.99,381.5,381.25,151805.0,-0.5,1.4,1.25,0.25,-5.5,-0.5585714285714286,2.017142857142857,0.3114285714285714,5.0,1.9585714285714289,-0.7671428571428569,-0.0614285714285713,0.8326084085339179
2020-02-03,27.184163389279423,28.30670356156116,26.959655711668763,28.17574119567871,9430800.0,-0.0155753558501601,1.59,1.56,1.57,1.56,1.46,1.36,1.34,1.35,1.45,1.54,1.84,2.01,380.5,378.75,216443.0,-3.85,0.3,3.55,0.0,-6.41,-0.9385714285714286,2.3657142857142857,0.2985714285714286,2.56,1.2385714285714289,1.1842857142857142,-0.2985714285714286,0.6786880893733985
2020-02-04,28.634116372217704,29.10184123012794,28.105586783195093,28.95216941833496,5853400.0,0.4798461943864821,1.59,1.55,1.57,1.57,1.48,1.41,1.4,1.42,1.52,1.61,1.91,2.08,378.25,382.25,176002.0,-5.5,-1.6,1.7,0.0,-6.185714285714286,-0.8671428571428572,2.35,0.4057142857142857,0.6857142857142859,-0.7328571428571429,-0.6500000000000001,-0.4057142857142857,0.3290915961328937
2020-02-05,28.362834327001405,29.663108825683594,27.773501807119377,29.663108825683594,5745300.0,-0.2253167927265167,1.59,1.55,1.57,1.57,1.49,1.44,1.43,1.46,1.57,1.66,1.97,2.14,381.5,380.75,122103.0,-4.95,-0.5,2.05,0.0,-5.428571428571429,-0.0128571428571428,1.887142857142857,0.3342857142857142,0.4785714285714286,-0.4871428571428572,0.1628571428571428,-0.3342857142857142,0.1536502678383272
2020-02-06,29.934387931887063,29.9998691200115,29.279572482185618,29.550853729248047,6383600.0,-6.921505853533745,1.59,1.59,1.57,1.58,1.51,1.44,1.43,1.45,1.56,1.65,1.94,2.11,380.25,379.25,191891.0,-3.55,0.0,2.15,0.0,-5.501428571428572,0.0114285714285713,1.9471428571428573,0.1285714285714285,1.951428571428572,-0.0114285714285713,0.2028571428571426,-0.1285714285714285,0.2459747117280276
2020-02-07,29.38247517971053,29.40118460208171,28.807173823512148,29.036359786987305,3716100.0,-6.050830882042646,1.58,1.57,1.56,1.57,1.49,1.41,1.39,1.41,1.51,1.59,1.89,2.05,380.25,383.5,256721.0,-7.45,-2.15,2.8,0.0,-6.121428571428571,-0.58,2.277142857142857,0.1885714285714285,-1.3285714285714292,-1.5699999999999998,0.5228571428571427,-0.1885714285714285,0.4056075656592849
2020-02-08,29.38247517971053,29.40118460208171,28.807173823512148,29.036359786987305,3716100.0,-6.050830882042646,1.58,1.57,1.56,1.57,1.49,1.41,1.39,1.41,1.51,1.59,1.89,2.05,380.25,383.5,256721.0,-7.45,-2.15,2.8,0.0,-6.121428571428571,-0.58,2.277142857142857,0.1885714285714285,-1.3285714285714292,-1.5699999999999998,0.5228571428571427,-0.1885714285714285,0.4056075656592849
2020-02-09,29.38247517971053,29.40118460208171,28.807173823512148,29.036359786987305,3716100.0,-6.050830882042646,1.58,1.57,1.56,1.57,1.49,1.41,1.39,1.41,1.51,1.59,1.89,2.05,380.25,383.5,256721.0,-7.45,-2.15,2.8,0.0,-6.121428571428571,-0.58,2.277142857142857,0.1885714285714285,-1.3285714285714292,-1.5699999999999998,0.5228571428571427,-0.1885714285714285,0.4056075656592849
2020-02-10,28.7557239703187,29.012972284608843,28.49847565602856,28.6247615814209,3416600.0,-0.6581592485308646,1.58,1.58,1.58,1.58,1.45,1.37,1.36,1.38,1.47,1.56,1.87,2.03,383.25,381.75,219017.0,-6.6,0.3,1.7,0.0,-6.738571428571428,-0.7985714285714286,2.487142857142857,0.3671428571428571,0.1385714285714288,1.0985714285714283,-0.7871428571428571,-0.3671428571428571,0.3419906084605115
2020-02-11,28.68088448067477,29.32634520172499,28.4470220815928,28.54056739807129,3705400.0,0.4919253885746002,1.58,1.57,1.57,1.55,1.48,1.41,1.39,1.4,1.5,1.59,1.89,2.05,381.0,379.75,200407.0,-5.8,0.85,2.15,0.0,-5.847142857142857,-0.91,2.6799999999999997,0.2942857142857143,0.0471428571428571,1.76,-0.5299999999999998,-0.2942857142857143,0.312625597245049
2020-02-12,28.755725116844346,29.083132886371725,28.671534496559335,28.94281578063965,3023400.0,-0.2794198691844941,1.58,1.57,1.58,1.56,1.49,1.44,1.42,1.45,1.55,1.62,1.93,2.09,379.75,383.0,241461.0,-11.35,0.3,3.7,0.0,-6.451428571428572,-0.7528571428571428,2.164285714285714,0.1485714285714285,-4.898571428571428,1.0528571428571427,1.535714285714286,-0.1485714285714285,0.962621482543612
2020-02-13,28.699597487109465,29.03635995482237,28.4891209447889,28.6247615814209,4543000.0,-1.4853910952806473,1.58,1.59,1.59,1.56,1.48,1.44,1.42,1.43,1.53,1.61,1.91,2.07,382.25,379.5,202459.0,-12.45,-8.3,1.9,0.0,-5.777142857142857,-0.2042857142857143,2.2471428571428573,0.4771428571428571,-6.672857142857143,-8.095714285714287,-0.3471428571428574,-0.4771428571428571,1.4061008548006844
2020-02-14,28.680889358732543,28.933461220913447,28.606053449667332,28.7276611328125,3895500.0,-0.2164061218500137,1.58,1.6,1.58,1.56,1.49,1.42,1.4,1.42,1.51,1.59,1.89,2.04,379.5,377.75,216864.0,-9.95,-0.5,4.65,0.0,-5.984285714285714,-0.4971428571428571,2.5114285714285716,0.68,-3.9657142857142857,-0.0028571428571428,2.138571428571429,-0.68,0.994113804893732
2020-02-15,28.680889358732543,28.933461220913447,28.606053449667332,28.7276611328125,3895500.0,-0.2164061218500137,1.58,1.6,1.58,1.56,1.49,1.42,1.4,1.42,1.51,1.59,1.89,2.04,379.5,377.75,216864.0,-9.95,-0.5,4.65,0.0,-5.984285714285714,-0.4971428571428571,2.5114285714285716,0.68,-3.9657142857142857,-0.0028571428571428,2.138571428571429,-0.68,0.994113804893732
2020-02-16,28.680889358732543,28.933461220913447,28.606053449667332,28.7276611328125,3895500.0,-0.2164061218500137,1.58,1.6,1.58,1.56,1.49,1.42,1.4,1.42,1.51,1.59,1.89,2.04,379.5,377.75,216864.0,-9.95,-0.5,4.65,0.0,-5.984285714285714,-0.4971428571428571,2.5114285714285716,0.68,-3.9657142857142857,-0.0028571428571428,2.138571428571429,-0.68,0.994113804893732
2020-02-17,28.680889358732543,28.933461220913447,28.606053449667332,28.7276611328125,3895500.0,-0.2164061218500137,1.58,1.6,1.58,1.56,1.49,1.42,1.4,1.42,1.51,1.59,1.89,2.04,379.5,377.75,216864.0,-9.95,-0.5,4.65,0.0,-5.984285714285714,-0.4971428571428571,2.5114285714285716,0.68,-3.9657142857142857,-0.0028571428571428,2.138571428571429,-0.68,0.994113804893732
2020-02-18,28.69959250526774,29.447951432248896,28.634111322185444,29.37311553955078,3524700.0,-0.1219436526298523,1.59,1.61,1.58,1.56,1.47,1.41,1.37,1.39,1.48,1.55,1.85,2.0,378.5,383.0,215110.0,-6.05,-1.9,2.05,0.0,-4.84,0.5642857142857142,2.2657142857142856,0.2485714285714285,-1.21,-2.464285714285714,-0.2157142857142857,-0.2485714285714285,0.3895994499496646
2020-02-19,29.373115903434297,29.747295371560327,29.20473469672047,29.485370635986328,3042600.0,0.3894917406141757,1.59,1.61,1.58,1.56,1.47,1.42,1.39,1.41,1.5,1.56,1.86,2.01,382.25,380.5,172265.0,-8.3,-4.65,1.45,0.0,-5.08,0.7300000000000001,2.137142857142857,0.0671428571428571,-3.2200000000000006,-5.380000000000001,-0.687142857142857,-0.0671428571428571,0.9250494713432406
2020-02-20,29.3450537956989,30.009223918191775,29.29828024666224,29.532142639160156,2460300.0,-1.2997885183431206,1.59,1.61,1.58,1.55,1.46,1.39,1.35,1.37,1.45,1.52,1.81,1.97,380.75,378.5,173142.0,-9.95,-1.6,1.65,0.0,-4.430000000000001,1.1257142857142857,2.42,0.6842857142857143,-5.519999999999999,-2.725714285714286,-0.77,-0.6842857142857143,0.9924099728047324
2020-02-21,29.326346160260137,29.625689755392575,29.167319652317452,29.204736709594727,3955200.0,0.3750408664345742,1.58,1.6,1.56,1.53,1.43,1.34,1.3,1.3,1.39,1.46,1.75,1.9,378.25,377.0,169068.0,-3.0,2.8,2.0,0.0,-4.73,0.7285714285714285,2.1399999999999997,0.4342857142857143,1.7300000000000004,2.071428571428571,-0.1399999999999996,-0.4342857142857143,0.3999330337500982
2020-02-22,29.326346160260137,29.625689755392575,29.167319652317452,29.204736709594727,3955200.0,0.3750408664345742,1.58,1.6,1.56,1.53,1.43,1.34,1.3,1.3,1.39,1.46,1.75,1.9,378.25,377.0,169068.0,-3.0,2.8,2.0,0.0,-4.73,0.7285714285714285,2.1399999999999997,0.4342857142857143,1.7300000000000004,2.071428571428571,-0.1399999999999996,-0.4342857142857143,0.3999330337500982
2020-02-23,29.326346160260137,29.625689755392575,29.167319652317452,29.204736709594727,3955200.0,0.3750408664345742,1.58,1.6,1.56,1.53,1.43,1.34,1.3,1.3,1.39,1.46,1.75,1.9,378.25,377.0,169068.0,-3.0,2.8,2.0,0.0,-4.73,0.7285714285714285,2.1399999999999997,0.4342857142857143,1.7300000000000004,2.071428571428571,-0.1399999999999996,-0.4342857142857143,0.3999330337500982
2020-02-24,28.503149386885163,28.89603830014033,28.31606053271467,28.680885314941406,3441300.0,-3.5514930933713913,1.58,1.6,1.53,1.49,1.35,1.26,1.21,1.21,1.3,1.38,1.68,1.84,376.25,372.25,170528.0,-2.15,2.2,1.75,0.0,-5.337142857142857,-0.0799999999999999,2.287142857142857,0.6642857142857143,3.1871428571428573,2.28,-0.5371428571428569,-0.6642857142857143,0.6762367335204502
2020-02-25,28.643464069236657,28.830552896048964,26.407738582637403,26.54805564880371,5045600.0,0.3462275415658949,1.58,1.59,1.53,1.47,1.3,1.2,1.16,1.16,1.25,1.33,1.63,1.8,373.0,372.5,119868.0,-3.55,0.85,3.55,0.0,-5.555714285714285,-0.4028571428571429,2.6042857142857145,0.2514285714285714,2.0057142857142853,1.252857142857143,0.9457142857142852,-0.2514285714285714,0.5608595209381491
2020-02-26,26.57612775281769,27.43954820227309,26.491937131001595,26.66031837463379,4157900.0,1.179615953937173,1.58,1.59,1.53,1.42,1.26,1.16,1.14,1.14,1.25,1.33,1.64,1.81,372.0,370.5,268795.0,-4.95,-0.5,1.55,0.0,-5.361428571428571,-0.0328571428571428,2.414285714285714,0.1542857142857143,0.411428571428571,-0.4671428571428572,-0.8642857142857141,-0.1542857142857143,0.320015211679727
2020-02-27,26.304840597135257,26.81933710594183,25.481644041970743,25.528417587280273,4702500.0,0.1442890800535678,1.58,1.56,1.45,1.33,1.18,1.11,1.08,1.11,1.22,1.3,1.61,1.79,369.75,364.5,156142.0,-3.85,0.55,1.45,0.0,-5.322857142857143,0.1871428571428571,2.225714285714286,0.0814285714285714,1.4728571428571429,0.3628571428571429,-0.775714285714286,-0.0814285714285714,0.3803160177067591
2020-02-28,24.817481560772393,25.444232940673828,24.19073018087096,25.444232940673828,9732700.0,0.2124348655343055,1.58,1.45,1.27,1.11,0.97,0.86,0.85,0.89,1.03,1.13,1.46,1.65,364.5,366.5,18809.0,-0.5,0.85,1.45,0.0,-4.645714285714286,0.7914285714285714,2.3528571428571428,0.9128571428571428,4.145714285714286,0.0585714285714286,-0.9028571428571428,-0.9128571428571428,0.701837575214035
2020-02-29,24.817481560772393,25.444232940673828,24.19073018087096,25.444232940673828,9732700.0,0.2124348655343055,1.58,1.45,1.27,1.11,0.97,0.86,0.85,0.89,1.03,1.13,1.46,1.65,364.5,366.5,18809.0,-0.5,0.85,1.45,0.0,-4.645714285714286,0.7914285714285714,2.3528571428571428,0.9128571428571428,4.145714285714286,0.0585714285714286,-0.9028571428571428,-0.9128571428571428,0.701837575214035
2020-03-01,24.817481560772393,25.444232940673828,24.19073018087096,25.444232940673828,9732700.0,0.2124348655343055,1.58,1.45,1.27,1.11,0.97,0.86,0.85,0.89,1.03,1.13,1.46,1.65,364.5,366.5,18809.0,-0.5,0.85,1.45,0.0,-4.645714285714286,0.7914285714285714,2.3528571428571428,0.9128571428571428,4.145714285714286,0.0585714285714286,-0.9028571428571428,-0.9128571428571428,0.701837575214035
2020-03-02,25.63221752112828,26.562759840644215,25.248720314590017,26.543960571289062,7440100.0,1.4056035876274109,1.59,1.41,1.13,0.95,0.89,0.84,0.85,0.88,1.01,1.1,1.46,1.66,366.5,374.75,6092.0,-2.15,3.6,2.15,0.0,-5.522857142857143,0.5371428571428571,2.454285714285714,0.0628571428571428,3.372857142857143,3.062857142857143,-0.3042857142857142,-0.0628571428571428,0.6477181681848857
2020-03-03,26.76954825702264,27.50270367687094,25.839005873828903,26.243181228637695,8503900.0,0.3659709915518759,1.59,1.11,0.95,0.83,0.73,0.71,0.72,0.77,0.91,1.02,1.44,1.64,375.75,381.75,3194.0,0.0,4.7,2.45,0.15,-4.831428571428571,1.042857142857143,2.204285714285714,0.0714285714285714,4.831428571428571,3.6571428571428575,0.245714285714286,0.0785714285714286,0.81652331832355
2020-03-04,26.49696769882022,27.18312498595545,26.1397887049709,27.164325714111328,6341400.0,0.7810306623578072,1.09,1.0,0.72,0.68,0.59,0.67,0.68,0.75,0.9,1.02,1.45,1.67,382.0,387.0,3275.0,-1.05,7.5,1.9,0.0,-3.4842857142857144,2.2542857142857144,2.3314285714285714,0.2842857142857142,2.434285714285714,5.2457142857142856,-0.4314285714285715,-0.2842857142857142,0.7897193022063766
2020-03-05,26.318377489514297,26.71785214500412,25.52882602140509,25.669816970825195,3974300.0,1.768942318856716,1.09,0.92,0.62,0.53,0.48,0.59,0.61,0.67,0.81,0.92,1.34,1.56,387.5,384.5,1830.0,-0.8,4.45,5.0,0.0,-3.7714285714285714,2.124285714285714,2.4571428571428573,0.5814285714285715,2.9714285714285715,2.325714285714286,2.5428571428571427,-0.5814285714285715,1.1917774849886529
2020-03-06,24.92725927166171,24.9836552828944,23.423351894013923,23.780529022216797,5843700.0,-0.0268500922247768,1.09,0.79,0.45,0.41,0.39,0.49,0.53,0.58,0.69,0.74,1.09,1.25,383.75,377.25,1277.0,-3.55,4.7,2.35,0.0,-3.5971428571428574,2.0785714285714287,2.5942857142857143,0.3685714285714286,0.0471428571428576,2.621428571428571,-0.2442857142857142,-0.3685714285714286,0.3117824700398028
2020-03-07,24.92725927166171,24.9836552828944,23.423351894013923,23.780529022216797,5843700.0,-0.0268500922247768,1.09,0.79,0.45,0.41,0.39,0.49,0.53,0.58,0.69,0.74,1.09,1.25,383.75,377.25,1277.0,-3.55,4.7,2.35,0.0,-3.5971428571428574,2.0785714285714287,2.5942857142857143,0.3685714285714286,0.0471428571428576,2.621428571428571,-0.2442857142857142,-0.3685714285714286,0.3117824700398028
2020-03-08,24.92725927166171,24.9836552828944,23.423351894013923,23.780529022216797,5843700.0,-0.0268500922247768,1.09,0.79,0.45,0.41,0.39,0.49,0.53,0.58,0.69,0.74,1.09,1.25,383.75,377.25,1277.0,-3.55,4.7,2.35,0.0,-3.5971428571428574,2.0785714285714287,2.5942857142857143,0.3685714285714286,0.0471428571428576,2.621428571428571,-0.2442857142857142,-0.3685714285714286,0.3117824700398028
2020-03-09,21.881852270051372,22.85939110109707,21.496476160635623,21.68446350097656,7758500.0,0.0647419020533562,1.09,0.57,0.33,0.27,0.31,0.38,0.4,0.46,0.56,0.54,0.87,0.99,372.0,374.25,921.0,-1.6,1.1,2.6,0.25,-3.525714285714286,1.637142857142857,2.525714285714286,0.9585714285714284,1.9257142857142855,-0.5371428571428569,0.0742857142857142,-0.7085714285714284,0.2970357002016756
2020-03-10,22.934580866151336,24.429088556595165,22.445810672074792,24.353893280029297,6696200.0,1.062766522169113,1.09,0.57,0.44,0.43,0.43,0.5,0.58,0.63,0.73,0.76,1.16,1.28,379.0,380.0,605.0,-3.3,1.95,1.15,0.25,-3.4099999999999997,2.257142857142857,2.412857142857143,0.3,0.1099999999999998,-0.3071428571428571,-1.262857142857143,-0.0499999999999999,0.3779430428408254
2020-03-11,23.50794623411755,24.118908087167075,22.98157929225301,23.498546600341797,6382300.0,2.3582699969410896,1.09,0.42,0.42,0.4,0.4,0.5,0.58,0.66,0.78,0.82,1.13,1.3,380.25,379.25,942.0,-2.75,8.05,1.85,0.0,-2.97,3.218571428571429,2.424285714285714,0.4285714285714285,0.2200000000000002,4.831428571428572,-0.5742857142857138,-0.4285714285714285,0.6007016476347498
2020-03-12,21.49647231853619,23.451551423990363,20.923107178460747,20.998302459716797,6448100.0,0.1164832971990109,1.1,0.41,0.33,0.37,0.39,0.5,0.58,0.66,0.82,0.88,1.27,1.49,377.5,369.75,342.0,-0.8,4.7,3.1,0.0,-2.4285714285714284,3.2142857142857144,2.681428571428571,0.5357142857142857,1.6285714285714283,1.4857142857142858,0.418571428571429,-0.5357142857142857,0.4255838914972141
2020-03-13,22.39881673352062,23.49854889344576,20.25574842903144,23.32935905456543,7214500.0,0.2200360745191573,1.1,0.33,0.28,0.38,0.38,0.49,0.58,0.7,0.89,0.94,1.31,1.56,370.0,370.75,191029.0,-1.6,3.35,2.15,0.0,-2.2071428571428573,4.0042857142857144,2.2,1.05,0.6071428571428572,-0.6542857142857144,-0.0500000000000002,-1.05,0.2046276037381079
2020-03-14,22.39881673352062,23.49854889344576,20.25574842903144,23.32935905456543,7214500.0,0.2200360745191573,1.1,0.33,0.28,0.38,0.38,0.49,0.58,0.7,0.89,0.94,1.31,1.56,370.0,370.75,191029.0,-1.6,3.35,2.15,0.0,-2.2071428571428573,4.0042857142857144,2.2,1.05,0.6071428571428572,-0.6542857142857144,-0.0500000000000002,-1.05,0.2046276037381079
2020-03-15,22.39881673352062,23.49854889344576,20.25574842903144,23.32935905456543,7214500.0,0.2200360745191573,1.1,0.33,0.28,0.38,0.38,0.49,0.58,0.7,0.89,0.94,1.31,1.56,370.0,370.75,191029.0,-1.6,3.35,2.15,0.0,-2.2071428571428573,4.0042857142857144,2.2,1.05,0.6071428571428572,-0.6542857142857144,-0.0500000000000002,-1.05,0.2046276037381079
2020-03-16,20.218153933826382,21.938247832602823,19.329908973618487,19.49439811706543,6308300.0,-0.2866053692996502,0.25,0.25,0.24,0.29,0.29,0.36,0.43,0.49,0.67,0.73,1.1,1.34,362.5,354.75,188791.0,-2.15,2.2,2.05,0.0,-1.8614285714285717,4.234285714285714,2.5014285714285713,0.4357142857142857,-0.2885714285714282,-2.034285714285714,-0.4514285714285715,-0.4357142857142857,0.3472056589815593
2020-03-17,19.954968060615457,22.690199114011307,19.475597429542347,21.30848503112793,7555300.0,-0.1356244236230851,0.25,0.12,0.19,0.24,0.3,0.47,0.54,0.66,0.91,1.02,1.45,1.63,355.25,344.0,219215.0,-2.75,3.35,1.65,0.0,-1.6271428571428572,3.5028571428571427,2.607142857142857,0.3685714285714286,-1.1228571428571428,-0.1528571428571425,-0.9571428571428572,-0.3685714285714286,0.4019158772357545
2020-03-18,19.813974372468863,21.994639204715263,19.15601435217525,20.274545669555664,7526200.0,0.002566907554865,0.25,0.04,0.02,0.08,0.21,0.54,0.66,0.79,1.08,1.18,1.6,1.77,344.0,335.25,255105.0,1.95,5.0,1.3,0.4,-1.282857142857143,3.3657142857142857,2.5342857142857143,0.6928571428571428,3.232857142857143,1.6342857142857143,-1.2342857142857142,-0.2928571428571428,0.7861023875048515
2020-03-19,19.907971232827656,23.310560163915525,19.30640894507666,21.86305046081543,5291400.0,0.3962366692721843,0.2,0.04,0.04,0.06,0.2,0.44,0.53,0.66,1.0,1.12,1.56,1.78,336.5,345.5,223252.0,-3.85,3.35,3.8,5.95,-1.7242857142857144,4.542857142857143,2.628571428571429,0.3728571428571429,-2.1257142857142854,-1.1928571428571426,1.1714285714285708,5.577142857142857,1.0426853214925171
2020-03-20,21.806652461936338,21.84424920510406,19.842173777707895,21.176891326904297,10607100.0,1.4486278668045995,0.15,0.04,0.05,0.05,0.15,0.37,0.41,0.52,0.82,0.92,1.35,1.55,346.5,343.75,189068.0,-4.95,-0.8,2.9,0.0,-1.4828571428571429,4.4071428571428575,2.544285714285714,0.1971428571428571,-3.467142857142857,-5.207142857142857,0.3557142857142858,-0.1971428571428571,0.8550561404881075
2020-03-21,21.806652461936338,21.84424920510406,19.842173777707895,21.176891326904297,10607100.0,1.4486278668045995,0.15,0.04,0.05,0.05,0.15,0.37,0.41,0.52,0.82,0.92,1.35,1.55,346.5,343.75,189068.0,-4.95,-0.8,2.9,0.0,-1.4828571428571429,4.4071428571428575,2.544285714285714,0.1971428571428571,-3.467142857142857,-5.207142857142857,0.3557142857142858,-0.1971428571428571,0.8550561404881075
2020-03-22,21.806652461936338,21.84424920510406,19.842173777707895,21.176891326904297,10607100.0,1.4486278668045995,0.15,0.04,0.05,0.05,0.15,0.37,0.41,0.52,0.82,0.92,1.35,1.55,346.5,343.75,189068.0,-4.95,-0.8,2.9,0.0,-1.4828571428571429,4.4071428571428575,2.544285714285714,0.1971428571428571,-3.467142857142857,-5.207142857142857,0.3557142857142858,-0.1971428571428571,0.8550561404881075
2020-03-23,20.885510862944695,22.11589497109591,20.133557970401913,20.60352897644043,8693500.0,0.2778141349554062,0.15,0.01,0.02,0.08,0.17,0.28,0.31,0.38,0.63,0.76,1.12,1.33,340.25,343.5,114729.0,1.4,5.0,1.45,0.0,-1.1814285714285715,3.97,2.52,1.2285714285714286,2.5814285714285714,1.0299999999999998,-1.07,-1.2285714285714286,0.7055175344661382
2020-03-24,21.62805990857094,22.530403129110613,20.208747649233377,20.98889923095703,8305600.0,0.0265287505462765,0.12,0.01,0.01,0.09,0.25,0.38,0.44,0.52,0.75,0.84,1.19,1.39,343.5,347.25,126658.0,3.35,7.8,3.35,1.0,-1.3042857142857145,3.857142857142857,2.6871428571428573,0.8142857142857143,4.654285714285715,3.9428571428571426,0.6628571428571428,0.1857142857142857,0.9436528703010876
2020-03-25,21.383680321354017,23.63014110889131,20.81031513244902,21.99464225769043,5823500.0,1.3468996584415436,0.1,0.0,0.0,0.07,0.19,0.34,0.41,0.56,0.77,0.88,1.23,1.45,347.5,348.5,118826.0,0.0,4.15,2.45,0.4,-1.4857142857142858,3.6471428571428577,2.67,1.1114285714285714,1.4857142857142858,0.5028571428571427,-0.2199999999999997,-0.7114285714285714,0.2928555115212353
2020-03-26,21.722063455046374,23.35756256546461,21.51057611473424,22.690202713012695,7085600.0,0.9331801384687424,0.1,0.01,0.0,0.04,0.13,0.3,0.36,0.51,0.72,0.83,1.2,1.42,348.25,348.75,113530.0,-0.5,4.45,1.5,0.0,-1.6257142857142857,4.941428571428572,2.5814285714285714,0.4514285714285714,1.1257142857142857,-0.491428571428572,-1.0814285714285714,-0.4514285714285714,0.4695183795831446
2020-03-27,21.722058723752504,23.319958939943543,21.30378484890484,21.816051483154297,4538800.0,-0.3039636015892029,0.1,0.01,0.03,0.02,0.11,0.25,0.3,0.41,0.6,0.72,1.09,1.29,348.5,346.0,114028.0,0.55,6.1,2.2,0.0,-1.0685714285714285,4.845714285714285,2.724285714285714,1.3057142857142856,1.6185714285714283,1.2542857142857144,-0.524285714285714,-1.3057142857142856,0.4942158712416602
2020-03-28,21.722058723752504,23.319958939943543,21.30378484890484,21.816051483154297,4538800.0,-0.3039636015892029,0.1,0.01,0.03,0.02,0.11,0.25,0.3,0.41,0.6,0.72,1.09,1.29,348.5,346.0,114028.0,0.55,6.1,2.2,0.0,-1.0685714285714285,4.845714285714285,2.724285714285714,1.3057142857142856,1.6185714285714283,1.2542857142857144,-0.524285714285714,-1.3057142857142856,0.4942158712416602
2020-03-29,21.722058723752504,23.319958939943543,21.30378484890484,21.816051483154297,4538800.0,-0.3039636015892029,0.1,0.01,0.03,0.02,0.11,0.25,0.3,0.41,0.6,0.72,1.09,1.29,348.5,346.0,114028.0,0.55,6.1,2.2,0.0,-1.0685714285714285,4.845714285714285,2.724285714285714,1.3057142857142856,1.6185714285714283,1.2542857142857144,-0.524285714285714,-1.3057142857142856,0.4942158712416602
2020-03-30,21.881849346818424,22.85938804727309,21.534070034812387,22.64320182800293,4469500.0,0.7106189727783202,0.09,0.04,0.12,0.12,0.14,0.23,0.29,0.39,0.57,0.7,1.1,1.31,343.0,341.25,108485.0,-2.15,8.9,1.8,0.0,-0.3985714285714286,5.834285714285714,2.6342857142857143,1.127142857142857,-1.7514285714285711,3.0657142857142867,-0.8342857142857143,-1.127142857142857,0.7230677553203754
2020-03-31,22.774791642755364,23.09437202987821,21.94764356554128,22.088634490966797,4090400.0,0.0894459784030913,0.08,0.05,0.11,0.15,0.17,0.23,0.29,0.37,0.55,0.7,1.15,1.35,341.75,340.75,208191.0,2.5,8.35,2.75,0.15,-0.3614285714285714,5.835714285714285,2.832857142857143,2.4257142857142853,2.861428571428571,2.5142857142857142,-0.0828571428571431,-2.275714285714286,0.6688110632974467
2020-04-01,21.853651263463817,22.182631318462473,21.00770383117947,21.15809440612793,6706600.0,-0.2453958299010992,0.06,0.03,0.09,0.14,0.16,0.23,0.28,0.37,0.51,0.62,1.04,1.27,341.25,334.75,151929.0,1.65,11.95,3.4,0.0,-0.8442857142857144,6.135714285714286,2.628571428571429,0.3014285714285714,2.494285714285714,5.814285714285713,0.7714285714285709,-0.3014285714285714,0.934077592825652
2020-04-02,21.47767151072573,22.02283770895944,20.50671069588855,20.904306411743164,6302000.0,1.1036655567586422,0.05,0.09,0.09,0.15,0.14,0.23,0.29,0.39,0.53,0.63,1.04,1.26,335.0,333.5,151692.0,-2.45,6.95,3.25,2.15,-0.7885714285714286,6.211428571428572,2.6599999999999997,0.2328571428571428,-1.6614285714285717,0.7385714285714284,0.5900000000000003,1.917142857142857,0.5215332275943734
2020-04-03,20.876110107175432,21.665661498365203,20.791516980002328,21.26148796081543,5961100.0,0.4923949986696242,0.05,0.09,0.1,0.15,0.15,0.23,0.3,0.39,0.52,0.62,1.05,1.24,334.5,330.75,158652.0,-3.3,-1.05,3.05,0.0,-0.8714285714285714,5.948571428571428,2.914285714285714,0.3642857142857142,-2.4285714285714284,-6.998571428571428,0.1357142857142856,-0.3642857142857142,0.8585890553552065
2020-04-04,20.876110107175432,21.665661498365203,20.791516980002328,21.26148796081543,5961100.0,0.4923949986696242,0.05,0.09,0.1,0.15,0.15,0.23,0.3,0.39,0.52,0.62,1.05,1.24,334.5,330.75,158652.0,-3.3,-1.05,3.05,0.0,-0.8714285714285714,5.948571428571428,2.914285714285714,0.3642857142857142,-2.4285714285714284,-6.998571428571428,0.1357142857142856,-0.3642857142857142,0.8585890553552065
2020-04-05,20.876110107175432,21.665661498365203,20.791516980002328,21.26148796081543,5961100.0,0.4923949986696242,0.05,0.09,0.1,0.15,0.15,0.23,0.3,0.39,0.52,0.62,1.05,1.24,334.5,330.75,158652.0,-3.3,-1.05,3.05,0.0,-0.8714285714285714,5.948571428571428,2.914285714285714,0.3642857142857142,-2.4285714285714284,-6.998571428571428,0.1357142857142856,-0.3642857142857142,0.8585890553552065
2020-04-06,22.088635771654992,23.096254012919957,21.82545138088367,22.80299186706543,6132500.0,0.1734735891222952,0.05,0.09,0.15,0.17,0.2,0.27,0.35,0.44,0.58,0.67,1.08,1.27,329.75,327.75,111044.0,4.15,10.85,2.8,0.0,0.1957142857142857,6.414285714285715,3.1914285714285717,1.6528571428571428,3.954285714285714,4.435714285714285,-0.3914285714285719,-1.6528571428571428,0.9604406020826852
2020-04-07,23.498546161840043,24.37269236590798,22.88758432019156,23.056774139404297,5777100.0,0.0918443514965474,0.05,0.1,0.14,0.2,0.2,0.28,0.36,0.48,0.64,0.75,1.13,1.32,328.0,331.5,157368.0,3.6,12.2,1.55,0.0,0.0414285714285714,6.062857142857142,2.9785714285714286,2.1042857142857145,3.5585714285714287,6.137142857142857,-1.4285714285714286,-2.1042857142857145,1.375661473351385
2020-04-08,23.075574064788142,24.598280806640787,22.9439827659998,24.48548698425293,4231800.0,1.0966329202055929,0.05,0.14,0.22,0.24,0.23,0.27,0.34,0.47,0.65,0.77,1.18,1.37,332.0,330.0,151312.0,1.1,6.95,3.2,0.15,-0.2228571428571428,5.911428571428572,2.6957142857142857,1.2357142857142858,1.322857142857143,1.0385714285714285,0.5042857142857144,-1.085714285714286,0.4267993004891964
2020-04-09,24.626477816233397,26.38416811666962,24.626477816233397,26.25257682800293,6076900.0,0.4600671473890542,0.05,0.2,0.25,0.24,0.25,0.23,0.29,0.41,0.6,0.73,1.15,1.35,330.75,331.75,169665.0,-2.75,2.5,3.9,0.0,-0.3,6.415714285714286,2.6228571428571428,0.92,-2.45,-3.9157142857142864,1.2771428571428571,-0.92,0.9595266081067558
2020-04-10,24.626477816233397,26.38416811666962,24.626477816233397,26.25257682800293,6076900.0,0.4600671473890542,0.05,0.2,0.25,0.24,0.25,0.23,0.29,0.41,0.6,0.73,1.15,1.35,330.75,331.75,169665.0,-2.75,2.5,3.9,0.0,-0.3,6.415714285714286,2.6228571428571428,0.92,-2.45,-3.9157142857142864,1.2771428571428571,-0.92,0.9595266081067558
2020-04-11,24.626477816233397,26.38416811666962,24.626477816233397,26.25257682800293,6076900.0,0.4600671473890542,0.05,0.2,0.25,0.24,0.25,0.23,0.29,0.41,0.6,0.73,1.15,1.35,330.75,331.75,169665.0,-2.75,2.5,3.9,0.0,-0.3,6.415714285714286,2.6228571428571428,0.92,-2.45,-3.9157142857142864,1.2771428571428571,-0.92,0.9595266081067558
2020-04-12,24.626477816233397,26.38416811666962,24.626477816233397,26.25257682800293,6076900.0,0.4600671473890542,0.05,0.2,0.25,0.24,0.25,0.23,0.29,0.41,0.6,0.73,1.15,1.35,330.75,331.75,169665.0,-2.75,2.5,3.9,0.0,-0.3,6.415714285714286,2.6228571428571428,0.92,-2.45,-3.9157142857142864,1.2771428571428571,-0.92,0.9595266081067558
2020-04-13,25.679211219807872,25.83900140704432,24.344493712537776,24.964855194091797,3453900.0,1.0996759086847303,0.05,0.17,0.26,0.27,0.27,0.25,0.31,0.44,0.63,0.76,1.19,1.39,332.25,331.5,147086.0,-4.65,0.3,2.95,0.0,1.042857142857143,7.161428571428572,2.762857142857143,0.9185714285714288,-5.692857142857143,-6.861428571428572,0.1871428571428572,-0.9185714285714288,1.2065165689292354
2020-04-14,25.93299495989374,26.172679335187848,24.476085855862436,24.852062225341797,2853300.0,0.546187096275389,0.05,0.17,0.2,0.24,0.25,0.23,0.29,0.42,0.61,0.76,1.19,1.41,331.25,326.0,191905.0,-3.85,0.3,2.05,0.0,0.8571428571428571,7.502857142857144,2.892857142857143,1.0942857142857143,-4.707142857142857,-7.202857142857144,-0.842857142857143,-1.0942857142857143,1.332715152572059
2020-04-15,24.5042875479843,24.579482835949698,23.13667201556575,23.97792053222656,2927100.0,2.084508970379829,0.05,0.14,0.14,0.19,0.19,0.2,0.24,0.34,0.49,0.63,1.06,1.27,326.0,319.25,161437.0,-3.55,1.95,1.0,0.0,1.1885714285714286,7.128571428571429,3.17,1.3714285714285714,-4.738571428571428,-5.178571428571429,-2.17,-1.3714285714285714,1.5487765862241532
2020-04-16,23.855725714658124,24.197864882958733,23.103772877687437,23.64893913269043,2663500.0,0.6330321505665778,0.05,0.14,0.14,0.18,0.17,0.2,0.25,0.35,0.5,0.61,1.01,1.21,318.75,319.75,136583.0,-3.3,3.05,0.65,0.0,0.6971428571428571,6.598571428571428,2.73,1.28,-3.997142857142857,-3.548571428571428,-2.08,-1.28,1.316355305996162
2020-04-17,24.382095877339445,24.734574125826672,23.423354611182894,23.97792053222656,5696900.0,0.0013530580326914,0.05,0.12,0.12,0.16,0.16,0.2,0.26,0.36,0.53,0.65,1.08,1.27,319.75,322.25,99361.0,-1.6,5.3,1.4,0.0,0.5085714285714285,7.4714285714285715,2.192857142857143,0.1328571428571428,-2.1085714285714285,-2.1714285714285717,-0.7928571428571431,-0.1328571428571428,0.5948048100573434
2020-04-18,24.382095877339445,24.734574125826672,23.423354611182894,23.97792053222656,5696900.0,0.0013530580326914,0.05,0.12,0.12,0.16,0.16,0.2,0.26,0.36,0.53,0.65,1.08,1.27,319.75,322.25,99361.0,-1.6,5.3,1.4,0.0,0.5085714285714285,7.4714285714285715,2.192857142857143,0.1328571428571428,-2.1085714285714285,-2.1714285714285717,-0.7928571428571431,-0.1328571428571428,0.5948048100573434
2020-04-19,24.382095877339445,24.734574125826672,23.423354611182894,23.97792053222656,5696900.0,0.0013530580326914,0.05,0.12,0.12,0.16,0.16,0.2,0.26,0.36,0.53,0.65,1.08,1.27,319.75,322.25,99361.0,-1.6,5.3,1.4,0.0,0.5085714285714285,7.4714285714285715,2.192857142857143,0.1328571428571428,-2.1085714285714285,-2.1714285714285717,-0.7928571428571431,-0.1328571428571428,0.5948048100573434
2020-04-20,24.306900185743583,24.306900185743583,23.094374170539645,23.15077018737793,4242500.0,0.4025122411549091,0.05,0.1,0.12,0.15,0.15,0.2,0.26,0.35,0.51,0.63,1.04,1.23,322.5,314.25,150677.0,0.3,10.3,3.4,0.0,1.4657142857142855,7.374285714285715,2.67,1.2571428571428571,-1.1657142857142857,2.9257142857142853,0.73,-1.2571428571428571,0.639626939334689
2020-04-21,22.568004275029665,23.45155012546344,22.427013354580943,22.812389373779297,5773900.0,-0.2739644926041366,0.05,0.08,0.11,0.14,0.17,0.2,0.24,0.34,0.48,0.58,0.98,1.17,314.25,309.25,197926.0,-1.35,11.4,1.15,0.0,1.032857142857143,7.845714285714286,2.4471428571428575,0.9528571428571428,-2.382857142857143,3.5542857142857143,-1.2971428571428576,-0.9528571428571428,0.931853830094768
2020-04-22,23.26356634188971,23.70063954991869,22.83119384819928,23.442155838012695,3936700.0,0.3992005884647369,0.05,0.09,0.12,0.14,0.16,0.22,0.26,0.37,0.52,0.63,1.03,1.22,310.0,317.5,146968.0,4.7,13.35,2.2,0.0,0.9385714285714286,8.504285714285714,2.4442857142857144,2.21,3.761428571428571,4.845714285714285,-0.2442857142857142,-2.21,0.9798605014283952
2020-04-23,23.761729243959856,24.28809614764093,23.50794452881486,23.874521255493164,2754500.0,0.4254013919271527,0.04,0.09,0.11,0.14,0.17,0.22,0.26,0.37,0.51,0.61,0.99,1.18,317.0,319.25,136849.0,1.4,12.8,1.9,0.0,1.5657142857142856,9.564285714285717,2.5557142857142856,0.43,-0.1657142857142857,3.235714285714284,-0.6557142857142857,-0.43,0.4878973268369792
2020-04-24,24.0437173964502,25.07765400266321,23.85572827066705,24.692277908325195,3851300.0,0.1311963722109795,0.05,0.1,0.12,0.14,0.18,0.22,0.26,0.36,0.51,0.6,0.98,1.17,319.25,315.75,113476.0,2.5,10.0,1.85,0.5,1.8585714285714283,9.187142857142858,2.5357142857142856,1.3142857142857145,0.6414285714285717,0.8128571428571423,-0.6857142857142855,-0.8142857142857145,0.3729216127502896
2020-04-25,24.0437173964502,25.07765400266321,23.85572827066705,24.692277908325195,3851300.0,0.1311963722109795,0.05,0.1,0.12,0.14,0.18,0.22,0.26,0.36,0.51,0.6,0.98,1.17,319.25,315.75,113476.0,2.5,10.0,1.85,0.5,1.8585714285714283,9.187142857142858,2.5357142857142856,1.3142857142857145,0.6414285714285717,0.8128571428571423,-0.6857142857142855,-0.8142857142857145,0.3729216127502896
2020-04-26,24.0437173964502,25.07765400266321,23.85572827066705,24.692277908325195,3851300.0,0.1311963722109795,0.05,0.1,0.12,0.14,0.18,0.22,0.26,0.36,0.51,0.6,0.98,1.17,319.25,315.75,113476.0,2.5,10.0,1.85,0.5,1.8585714285714283,9.187142857142858,2.5357142857142856,1.3142857142857145,0.6414285714285717,0.8128571428571423,-0.6857142857142855,-0.8142857142857145,0.3729216127502896
2020-04-27,24.748673390419224,24.964859625407698,23.977921218514485,24.024917602539062,4908800.0,-0.4444474689662455,0.04,0.09,0.12,0.15,0.17,0.24,0.29,0.41,0.56,0.67,1.06,1.25,315.0,305.5,108694.0,5.0,13.05,1.5,0.0,1.4828571428571429,8.068571428571428,2.8057142857142856,1.6242857142857143,3.517142857142857,4.981428571428573,-1.3057142857142856,-1.6242857142857143,1.2074839819920398
2020-04-28,24.57948214914591,24.92256075295147,24.259901736023497,24.61708068847656,3812800.0,0.7546295225620268,0.04,0.08,0.11,0.13,0.16,0.2,0.26,0.37,0.52,0.62,1.0,1.2,305.0,302.75,138104.0,5.0,9.7,3.1,1.8,1.8428571428571427,8.457142857142857,2.5785714285714287,1.412857142857143,3.1571428571428575,1.242857142857142,0.5214285714285714,0.387142857142857,0.5633183955380452
2020-04-29,25.209242177714938,25.62281712728971,24.870862510535854,25.42542839050293,2008800.0,-0.3253889875486494,0.04,0.1,0.1,0.12,0.18,0.2,0.24,0.36,0.52,0.63,1.02,1.24,302.75,304.5,121804.0,3.9,10.3,3.45,0.0,2.2657142857142856,8.384285714285713,2.7457142857142856,1.605714285714286,1.6342857142857143,1.9157142857142873,0.7042857142857146,-1.605714285714286,0.6211318734321478
2020-04-30,25.096451308160187,25.096451308160187,24.306899910186807,24.61708068847656,2678300.0,-0.052374243736267,0.05,0.1,0.09,0.11,0.16,0.2,0.24,0.36,0.53,0.64,1.05,1.28,305.25,311.5,11086.0,1.4,11.1,1.3,0.0,2.322857142857143,8.427142857142856,2.837142857142857,2.4985714285714287,-0.922857142857143,2.6728571428571435,-1.5371428571428571,-2.4985714285714287,0.9099374376760476
2020-05-01,24.278698266470396,24.278698266470396,23.583141502502073,23.959117889404297,2457600.0,0.439939185976982,0.05,0.1,0.12,0.12,0.17,0.2,0.25,0.36,0.53,0.64,1.04,1.27,311.0,311.5,3512.0,7.5,15.0,3.7,0.0,2.2342857142857144,8.697142857142856,2.624285714285714,0.9385714285714286,5.265714285714285,6.302857142857144,1.075714285714286,-0.9385714285714286,1.3615830963928648
2020-05-02,24.278698266470396,24.278698266470396,23.583141502502073,23.959117889404297,2457600.0,0.439939185976982,0.05,0.1,0.12,0.12,0.17,0.2,0.25,0.36,0.53,0.64,1.04,1.27,311.0,311.5,3512.0,7.5,15.0,3.7,0.0,2.2342857142857144,8.697142857142856,2.624285714285714,0.9385714285714286,5.265714285714285,6.302857142857144,1.075714285714286,-0.9385714285714286,1.3615830963928648
2020-05-03,24.278698266470396,24.278698266470396,23.583141502502073,23.959117889404297,2457600.0,0.439939185976982,0.05,0.1,0.12,0.12,0.17,0.2,0.25,0.36,0.53,0.64,1.04,1.27,311.0,311.5,3512.0,7.5,15.0,3.7,0.0,2.2342857142857144,8.697142857142856,2.624285714285714,0.9385714285714286,5.265714285714285,6.302857142857144,1.075714285714286,-0.9385714285714286,1.3615830963928648
2020-05-04,23.639537260215672,23.930918732857627,23.327477669173604,23.893321990966797,4121600.0,0.022316999733448,0.05,0.1,0.13,0.14,0.16,0.19,0.24,0.36,0.52,0.64,1.05,1.29,309.5,310.75,2622.0,4.45,7.5,2.4,5.85,2.894285714285714,9.622857142857145,2.3242857142857143,1.5442857142857145,1.555714285714286,-2.122857142857145,0.0757142857142856,4.305714285714285,0.6724311530849421
2020-05-05,23.87452958710514,24.917865918268305,23.695940081591328,24.607685089111328,2412300.0,0.7139326892793179,0.05,0.09,0.13,0.15,0.16,0.19,0.24,0.36,0.53,0.66,1.07,1.32,310.5,313.0,867.0,3.9,5.85,2.6,1.65,3.1685714285714286,9.69,2.42,1.087142857142857,0.7314285714285713,-3.84,0.1800000000000001,0.562857142857143,0.4720756054572251
2020-05-06,24.6170776904216,25.124645359990733,23.507946014404297,23.507946014404297,3304300.0,0.7368433848023412,0.05,0.08,0.12,0.16,0.16,0.17,0.24,0.37,0.57,0.72,1.16,1.41,315.0,311.75,522.0,3.05,8.9,1.75,0.0,3.5957142857142856,10.201428571428572,2.46,1.1585714285714286,-0.5457142857142858,-1.3014285714285716,-0.71,-1.1585714285714286,0.4371356785224322
2020-05-07,24.41029382541665,25.61342026684419,24.41029382541665,24.861467361450195,4475300.0,-0.4167423751205207,0.05,0.1,0.11,0.14,0.15,0.13,0.19,0.29,0.49,0.63,1.05,1.31,313.5,316.0,1076.0,1.1,7.8,1.1,0.4,3.725714285714286,10.217142857142855,2.6085714285714285,1.6785714285714286,-2.625714285714286,-2.4171428571428555,-1.5085714285714285,-1.2785714285714285,0.9439903454688416
2020-05-08,25.11524986553196,25.35023536806694,23.930922717619993,24.419692993164062,4765100.0,0.4345055148005483,0.05,0.1,0.12,0.15,0.15,0.16,0.21,0.33,0.53,0.69,1.12,1.39,317.75,319.0,1065.0,0.55,6.95,2.65,0.0,3.71,9.57857142857143,2.637142857142857,2.7085714285714286,-3.16,-2.628571428571429,0.0128571428571429,-2.7085714285714286,0.7206809276983006
2020-05-09,25.11524986553196,25.35023536806694,23.930922717619993,24.419692993164062,4765100.0,0.4345055148005483,0.05,0.1,0.12,0.15,0.15,0.16,0.21,0.33,0.53,0.69,1.12,1.39,317.75,319.0,1065.0,0.55,6.95,2.65,0.0,3.71,9.57857142857143,2.637142857142857,2.7085714285714286,-3.16,-2.628571428571429,0.0128571428571429,-2.7085714285714286,0.7206809276983006
2020-05-10,25.11524986553196,25.35023536806694,23.930922717619993,24.419692993164062,4765100.0,0.4345055148005483,0.05,0.1,0.12,0.15,0.15,0.16,0.21,0.33,0.53,0.69,1.12,1.39,317.75,319.0,1065.0,0.55,6.95,2.65,0.0,3.71,9.57857142857143,2.637142857142857,2.7085714285714286,-3.16,-2.628571428571429,0.0128571428571429,-2.7085714285714286,0.7206809276983006
2020-05-11,23.592544213301743,23.639540595495156,22.8311917064267,22.91578483581543,6871900.0,0.3744929246604442,0.05,0.09,0.12,0.16,0.16,0.17,0.24,0.36,0.56,0.73,1.16,1.43,320.0,318.5,333.0,1.4,6.4,2.2,0.0,3.612857142857143,9.424285714285714,2.69,1.7771428571428571,-2.212857142857143,-3.024285714285714,-0.4899999999999997,-1.7771428571428571,0.7206637253450164
2020-05-12,22.831189574354568,22.981580134685856,21.825450237043345,21.853649139404297,4881100.0,1.3751484695821996,0.05,0.1,0.13,0.16,0.16,0.17,0.22,0.34,0.53,0.69,1.11,1.38,318.75,323.75,274.0,1.4,6.65,1.15,0.0,3.3142857142857145,9.347142857142856,2.5114285714285716,1.16,-1.9142857142857144,-2.6971428571428557,-1.3614285714285717,-1.16,0.8521930711888176
2020-05-13,21.75965415315201,21.994639623040904,21.03589847562298,21.872447967529297,4581500.0,-0.1338945701718331,0.05,0.1,0.13,0.15,0.15,0.16,0.2,0.31,0.5,0.64,1.07,1.35,323.5,320.25,91.0,4.7,6.1,2.9,0.15,3.382857142857143,9.757142857142858,2.657142857142857,0.6371428571428571,1.3171428571428572,-3.6571428571428584,0.2428571428571428,-0.4871428571428571,0.5223785481109373
2020-05-14,21.522717515465835,22.08039895433033,21.15407950153592,22.04258918762207,3357400.0,0.682952139759436,0.05,0.09,0.12,0.15,0.15,0.16,0.2,0.31,0.48,0.63,1.03,1.3,320.25,320.25,107147.0,5.0,11.1,1.3,0.0,3.8871428571428575,10.59142857142857,2.398571428571429,1.0214285714285714,1.1128571428571423,0.5085714285714289,-1.098571428571429,-1.0214285714285714,0.5187423184860469
2020-05-15,21.92916248122904,21.99532776704614,21.38093350934176,21.522716522216797,3601200.0,0.3252585101872683,0.05,0.09,0.12,0.15,0.15,0.16,0.19,0.31,0.49,0.64,1.05,1.32,317.75,319.25,101614.0,2.2,11.1,1.05,0.0,3.8228571428571434,10.717142857142855,1.9957142857142856,1.6328571428571428,-1.6228571428571432,0.3828571428571443,-0.9457142857142856,-1.6328571428571428,0.5623450663149344
2020-05-16,21.92916248122904,21.99532776704614,21.38093350934176,21.522716522216797,3601200.0,0.3252585101872683,0.05,0.09,0.12,0.15,0.15,0.16,0.19,0.31,0.49,0.64,1.05,1.32,317.75,319.25,101614.0,2.2,11.1,1.05,0.0,3.8228571428571434,10.717142857142855,1.9957142857142856,1.6328571428571428,-1.6228571428571432,0.3828571428571443,-0.9457142857142856,-1.6328571428571428,0.5623450663149344
2020-05-17,21.92916248122904,21.99532776704614,21.38093350934176,21.522716522216797,3601200.0,0.3252585101872683,0.05,0.09,0.12,0.15,0.15,0.16,0.19,0.31,0.49,0.64,1.05,1.32,317.75,319.25,101614.0,2.2,11.1,1.05,0.0,3.8228571428571434,10.717142857142855,1.9957142857142856,1.6328571428571428,-1.6228571428571432,0.3828571428571443,-0.9457142857142856,-1.6328571428571428,0.5623450663149344
2020-05-18,22.392322772840203,22.95000422302758,21.77792847430787,22.694793701171875,5834600.0,0.2057509869337082,0.05,0.1,0.13,0.15,0.17,0.18,0.24,0.38,0.57,0.73,1.17,1.44,320.0,320.75,99372.0,3.6,9.45,2.3,0.0,4.212857142857143,11.298571428571428,2.512857142857143,1.3514285714285714,-0.6128571428571425,-1.8485714285714288,-0.212857142857143,-1.3514285714285714,0.3694544895146246
2020-05-19,22.789315557301133,23.044524267780403,22.297799413712593,22.67588806152344,6195900.0,0.476162767037749,0.05,0.09,0.13,0.15,0.16,0.17,0.22,0.35,0.54,0.7,1.15,1.43,320.75,321.25,126375.0,5.0,8.35,2.0,0.0,4.4871428571428575,10.858571428571429,2.605714285714286,1.29,0.5128571428571425,-2.508571428571429,-0.6057142857142859,-1.29,0.5145014445288002
2020-05-20,23.32809042356679,24.20242047125943,23.299733100950032,23.71563148498535,4719600.0,-3.8338137045502663,0.05,0.08,0.12,0.14,0.16,0.16,0.21,0.34,0.53,0.68,1.19,1.4,321.25,319.5,154473.0,6.95,10.3,2.95,0.0,4.507142857142857,10.517142857142858,2.281428571428571,1.4957142857142858,2.442857142857143,-0.217142857142857,0.668571428571429,-1.4957142857142858,0.5396952770987206
2020-05-21,23.573849640125587,24.084268852315983,23.167403676919633,23.205211639404297,4021000.0,-1.185302160680294,0.05,0.09,0.12,0.14,0.16,0.17,0.21,0.35,0.53,0.68,1.16,1.4,319.0,317.75,115119.0,7.2,10.55,2.85,0.0,4.74,10.937142857142858,2.5185714285714287,1.36,2.46,-0.387142857142857,0.3314285714285714,-1.36,0.4540539630371863
2020-05-22,23.157950962021843,23.31863885713838,22.921645339960396,23.19576072692871,3830600.0,0.1500326674431562,0.05,0.09,0.12,0.16,0.17,0.17,0.21,0.34,0.51,0.66,1.12,1.37,317.75,318.0,97188.0,6.95,10.85,2.1,0.0,5.537142857142857,11.582857142857142,2.6185714285714288,1.63,1.4128571428571428,-0.7328571428571422,-0.5185714285714287,-1.63,0.4565204421266623
2020-05-23,23.157950962021843,23.31863885713838,22.921645339960396,23.19576072692871,3830600.0,0.1500326674431562,0.05,0.09,0.12,0.16,0.17,0.17,0.21,0.34,0.51,0.66,1.12,1.37,317.75,318.0,97188.0,6.95,10.85,2.1,0.0,5.537142857142857,11.582857142857142,2.6185714285714288,1.63,1.4128571428571428,-0.7328571428571422,-0.5185714285714287,-1.63,0.4565204421266623
2020-05-24,23.157950962021843,23.31863885713838,22.921645339960396,23.19576072692871,3830600.0,0.1500326674431562,0.05,0.09,0.12,0.16,0.17,0.17,0.21,0.34,0.51,0.66,1.12,1.37,317.75,318.0,97188.0,6.95,10.85,2.1,0.0,5.537142857142857,11.582857142857142,2.6185714285714288,1.63,1.4128571428571428,-0.7328571428571422,-0.5185714285714287,-1.63,0.4565204421266623
2020-05-25,23.157950962021843,23.31863885713838,22.921645339960396,23.19576072692871,3830600.0,0.1500326674431562,0.05,0.09,0.12,0.16,0.17,0.17,0.21,0.34,0.51,0.66,1.12,1.37,317.75,318.0,97188.0,6.95,10.85,2.1,0.0,5.537142857142857,11.582857142857142,2.6185714285714288,1.63,1.4128571428571428,-0.7328571428571422,-0.5185714285714287,-1.63,0.4565204421266623
2020-05-26,24.037008292182065,24.632497669676575,23.819607551419683,24.235504150390625,3797800.0,-0.0893443450331687,0.05,0.1,0.14,0.17,0.17,0.18,0.22,0.35,0.53,0.69,1.19,1.43,316.75,319.0,145175.0,6.65,10.0,1.6,0.15,4.7057142857142855,11.122857142857145,2.068571428571429,1.39,1.9442857142857148,-1.1228571428571446,-0.4685714285714288,-1.24,0.4935995936254687
2020-05-27,24.471809899896968,24.74119816763703,24.06536393723824,24.38673973083496,5831000.0,0.2752545513212681,0.05,0.11,0.15,0.17,0.18,0.19,0.22,0.34,0.52,0.68,1.19,1.44,320.0,320.5,78423.0,4.7,14.15,1.0,0.0,5.018571428571429,11.347142857142856,2.2142857142857144,2.621428571428571,-0.3185714285714285,2.8028571428571443,-1.2142857142857144,-2.621428571428571,0.7875196875656636
2020-05-28,24.821539023398348,25.96525719673186,24.5001632815147,25.511550903320312,4069200.0,0.5845694839954375,0.05,0.14,0.15,0.18,0.17,0.17,0.22,0.34,0.54,0.7,1.23,1.47,320.25,327.5,246973.0,6.1,12.5,3.0,0.0,5.7371428571428575,12.294285714285715,2.2285714285714286,1.0057142857142856,0.3628571428571421,0.2057142857142846,0.7714285714285714,-1.0057142857142856,0.3356965251345754
2020-05-29,25.2658006366419,25.927457203226552,25.246895751226543,25.814029693603516,6293700.0,0.2104440703988075,0.05,0.13,0.14,0.18,0.17,0.16,0.19,0.3,0.5,0.65,1.18,1.41,327.5,325.75,192310.0,5.0,11.4,1.85,0.0,5.658571428571429,12.102857142857143,2.1471428571428572,3.774285714285714,-0.6585714285714293,-0.7028571428571428,-0.2971428571428571,-3.774285714285714,0.4919590502544342
2020-05-30,25.2658006366419,25.927457203226552,25.246895751226543,25.814029693603516,6293700.0,0.2104440703988075,0.05,0.13,0.14,0.18,0.17,0.16,0.19,0.3,0.5,0.65,1.18,1.41,327.5,325.75,192310.0,5.0,11.4,1.85,0.0,5.658571428571429,12.102857142857143,2.1471428571428572,3.774285714285714,-0.6585714285714293,-0.7028571428571428,-0.2971428571428571,-3.774285714285714,0.4919590502544342
2020-05-31,25.2658006366419,25.927457203226552,25.246895751226543,25.814029693603516,6293700.0,0.2104440703988075,0.05,0.13,0.14,0.18,0.17,0.16,0.19,0.3,0.5,0.65,1.18,1.41,327.5,325.75,192310.0,5.0,11.4,1.85,0.0,5.658571428571429,12.102857142857143,2.1471428571428572,3.774285714285714,-0.6585714285714293,-0.7028571428571428,-0.2971428571428571,-3.774285714285714,0.4919590502544342
2020-06-01,25.61553118523397,25.757314205608488,25.04839730086697,25.350868225097656,3167100.0,0.5211146622896194,0.05,0.12,0.14,0.18,0.17,0.14,0.2,0.31,0.5,0.66,1.22,1.46,325.5,323.25,151319.0,10.0,17.8,2.55,0.0,5.821428571428571,11.912857142857142,2.092857142857143,1.9599999999999995,4.178571428571429,5.887142857142859,0.4571428571428568,-1.9599999999999995,1.1407786515877991
2020-06-02,25.4548411208638,26.49458618680871,25.2847007897077,26.47568130493164,4302500.0,0.1678485721349716,0.06,0.12,0.15,0.18,0.17,0.17,0.2,0.32,0.52,0.68,1.24,1.48,323.5,324.25,130469.0,8.9,17.8,1.8,0.0,6.071428571428571,12.112857142857145,2.15,1.0271428571428571,2.828571428571429,5.687142857142856,-0.3499999999999998,-1.0271428571428571,0.898137008674918
2020-06-03,26.62691751764891,27.36419170617464,26.6080126352298,26.938840866088867,3287700.0,0.2988870218396187,0.06,0.12,0.16,0.19,0.17,0.19,0.26,0.38,0.59,0.77,1.32,1.56,324.25,324.0,128010.0,7.2,15.55,0.85,0.0,5.715714285714286,12.255714285714284,2.0900000000000003,1.812857142857143,1.484285714285714,3.294285714285717,-1.2400000000000002,-1.812857142857143,0.8792430076016519
2020-06-04,27.222410631553252,28.526818851810177,27.06172271464824,28.51736640930176,6759100.0,-3.4705212432600083,0.06,0.13,0.15,0.18,0.17,0.19,0.26,0.4,0.63,0.82,1.38,1.61,324.25,329.0,155612.0,6.95,16.4,0.65,0.0,6.2457142857142856,12.73857142857143,1.99,2.0642857142857145,0.7042857142857146,3.6614285714285697,-1.34,-2.0642857142857145,0.8833411493011059
2020-06-05,29.30189757232787,29.95410160374103,28.819833879793705,28.9710693359375,4189400.0,-1.803268601186573,0.07,0.13,0.15,0.18,0.18,0.22,0.29,0.47,0.71,0.91,1.46,1.68,328.75,331.25,215912.0,6.95,14.45,1.9,0.0,6.51,13.0,1.9228571428571428,2.5957142857142856,0.4400000000000004,1.4499999999999993,-0.0228571428571429,-2.5957142857142856,0.3670296535164568
2020-06-06,29.30189757232787,29.95410160374103,28.819833879793705,28.9710693359375,4189400.0,-1.803268601186573,0.07,0.13,0.15,0.18,0.18,0.22,0.29,0.47,0.71,0.91,1.46,1.68,328.75,331.25,215912.0,6.95,14.45,1.9,0.0,6.51,13.0,1.9228571428571428,2.5957142857142856,0.4400000000000004,1.4499999999999993,-0.0228571428571429,-2.5957142857142856,0.3670296535164568
2020-06-07,29.30189757232787,29.95410160374103,28.819833879793705,28.9710693359375,4189400.0,-1.803268601186573,0.07,0.13,0.15,0.18,0.18,0.22,0.29,0.47,0.71,0.91,1.46,1.68,328.75,331.25,215912.0,6.95,14.45,1.9,0.0,6.51,13.0,1.9228571428571428,2.5957142857142856,0.4400000000000004,1.4499999999999993,-0.0228571428571429,-2.5957142857142856,0.3670296535164568
2020-06-08,28.06365799418466,29.131758681656613,27.704472415835554,28.36612892150879,4850400.0,-0.3476172052323816,0.07,0.15,0.17,0.19,0.19,0.22,0.29,0.45,0.69,0.88,1.43,1.65,333.5,333.75,206335.0,12.8,16.95,4.1,0.0,6.927142857142857,12.771428571428572,2.3842857142857143,1.8714285714285712,5.872857142857144,4.178571428571427,1.7157142857142853,-1.8714285714285712,1.4894922775060149
2020-06-09,28.016391869440017,28.32358987618352,27.487067820600856,27.96913146972656,5365200.0,-1.4884336963295937,0.07,0.14,0.19,0.19,0.19,0.2,0.25,0.4,0.65,0.84,1.37,1.59,332.25,327.5,253631.0,6.65,15.3,3.3,12.7,6.945714285714286,13.122857142857145,2.4514285714285715,1.94,-0.2957142857142854,2.177142857142856,0.8485714285714283,10.76,1.2706188113411037
2020-06-10,27.865157053831776,28.479551278272893,27.543781280517575,27.543781280517575,4184300.0,-0.327954825013876,0.08,0.13,0.17,0.19,0.18,0.17,0.22,0.33,0.56,0.75,1.31,1.53,327.25,326.25,243286.0,6.65,11.65,3.65,0.0,6.915714285714286,13.032857142857145,2.0885714285714285,1.0242857142857142,-0.265714285714286,-1.3828571428571443,1.5614285714285714,-1.0242857142857142,0.6358651093337059
2020-06-11,26.872679864098625,26.882132306814935,25.53991608987399,25.61553382873535,5928500.0,0.2711088433861732,0.08,0.14,0.17,0.18,0.19,0.19,0.22,0.32,0.51,0.66,1.19,1.41,326.0,329.75,272975.0,7.2,13.9,2.1,0.0,7.165714285714286,13.535714285714286,2.21,1.687142857142857,0.0342857142857138,0.3642857142857139,-0.1099999999999998,-1.687142857142857,0.1937884987613701
2020-06-12,26.882123296496612,26.929383691368365,25.710047835565874,26.031423568725582,3843900.0,-0.2527411349583416,0.08,0.14,0.16,0.18,0.18,0.19,0.22,0.33,0.54,0.71,1.24,1.45,329.5,330.0,236621.0,5.85,16.1,1.2,0.0,6.791428571428571,13.231428571428571,1.9228571428571428,1.5257142857142856,-0.9414285714285712,2.86857142857143,-0.7228571428571429,-1.5257142857142856,0.6332377200603755
2020-06-13,26.882123296496612,26.929383691368365,25.710047835565874,26.031423568725582,3843900.0,-0.2527411349583416,0.08,0.14,0.16,0.18,0.18,0.19,0.22,0.33,0.54,0.71,1.24,1.45,329.5,330.0,236621.0,5.85,16.1,1.2,0.0,6.791428571428571,13.231428571428571,1.9228571428571428,1.5257142857142856,-0.9414285714285712,2.86857142857143,-0.7228571428571429,-1.5257142857142856,0.6332377200603755
2020-06-14,26.882123296496612,26.929383691368365,25.710047835565874,26.031423568725582,3843900.0,-0.2527411349583416,0.08,0.14,0.16,0.18,0.18,0.19,0.22,0.33,0.54,0.71,1.24,1.45,329.5,330.0,236621.0,5.85,16.1,1.2,0.0,6.791428571428571,13.231428571428571,1.9228571428571428,1.5257142857142856,-0.9414285714285712,2.86857142857143,-0.7228571428571429,-1.5257142857142856,0.6332377200603755
2020-06-15,25.275250615315297,25.624983749928184,25.06730230462615,25.303607940673828,5109000.0,-0.9223712161183356,0.09,0.15,0.18,0.19,0.17,0.19,0.22,0.33,0.54,0.71,1.24,1.45,329.25,329.25,170741.0,11.65,16.65,3.8,0.0,7.477142857142857,13.401428571428571,2.164285714285714,2.205714285714286,4.1728571428571435,3.2485714285714273,1.6357142857142857,-2.205714285714286,1.2611376441985969
2020-06-16,26.825411311970772,27.146787076911306,25.946355981494392,26.29608726501465,8797100.0,-2.890707917511463,0.09,0.14,0.17,0.19,0.18,0.21,0.23,0.34,0.56,0.75,1.31,1.54,331.75,329.0,229095.0,11.95,16.65,4.65,0.0,7.345714285714286,14.014285714285714,2.1042857142857145,3.567142857142857,4.604285714285713,2.6357142857142843,2.545714285714286,-3.567142857142857,1.601530584973604
2020-06-17,26.248830702164476,26.36225639879975,25.58717419460591,25.851837158203125,5295300.0,-0.832004765048623,0.09,0.13,0.17,0.18,0.19,0.19,0.23,0.34,0.55,0.74,1.3,1.52,328.0,330.25,225643.0,11.1,16.65,4.55,0.0,7.797142857142856,13.982857142857142,2.434285714285714,1.982857142857143,3.3028571428571434,2.6671428571428564,2.1157142857142857,-1.982857142857143,1.2447952195823837
2020-06-18,25.85183424716313,26.05978253615779,25.71950187883131,25.974712371826172,4402000.0,-0.4417480528354643,0.09,0.13,0.16,0.17,0.19,0.19,0.22,0.34,0.54,0.71,1.24,1.47,329.75,331.0,201444.0,7.5,13.05,1.7,19.55,7.637142857142858,13.67142857142857,2.1357142857142857,1.3071428571428572,-0.1371428571428579,-0.6214285714285701,-0.4357142857142857,18.242857142857144,1.6017924434425566
2020-06-19,26.45677852270069,26.45677852270069,25.2657979129589,25.64388656616211,6693100.0,0.396195590496063,0.09,0.13,0.15,0.17,0.18,0.19,0.22,0.33,0.53,0.7,1.23,1.47,329.75,332.5,170567.0,5.85,13.35,1.05,0.0,7.742857142857143,13.837142857142858,2.1585714285714284,0.5171428571428571,-1.8928571428571432,-0.4871428571428584,-1.1085714285714283,-0.5171428571428571,0.5525675142535417
2020-06-20,26.45677852270069,26.45677852270069,25.2657979129589,25.64388656616211,6693100.0,0.396195590496063,0.09,0.13,0.15,0.17,0.18,0.19,0.22,0.33,0.53,0.7,1.23,1.47,329.75,332.5,170567.0,5.85,13.35,1.05,0.0,7.742857142857143,13.837142857142858,2.1585714285714284,0.5171428571428571,-1.8928571428571432,-0.4871428571428584,-1.1085714285714283,-0.5171428571428571,0.5525675142535417
2020-06-21,26.45677852270069,26.45677852270069,25.2657979129589,25.64388656616211,6693100.0,0.396195590496063,0.09,0.13,0.15,0.17,0.18,0.19,0.22,0.33,0.53,0.7,1.23,1.47,329.75,332.5,170567.0,5.85,13.35,1.05,0.0,7.742857142857143,13.837142857142858,2.1585714285714284,0.5171428571428571,-1.8928571428571432,-0.4871428571428584,-1.1085714285714283,-0.5171428571428571,0.5525675142535417
2020-06-22,25.49265044731577,26.135402042616356,25.057848958064707,26.069236755371097,3936700.0,0.480848979204893,0.08,0.14,0.16,0.18,0.17,0.19,0.22,0.34,0.54,0.71,1.23,1.46,332.0,328.25,134480.0,6.95,12.2,1.3,0.15,7.65,13.737142857142857,2.0700000000000003,2.627142857142857,-0.7000000000000002,-1.5371428571428574,-0.7700000000000002,-2.477142857142857,0.5894351735397975
2020-06-23,26.31499469938218,26.38115998631327,25.87074077079565,25.91800117492676,3022700.0,-0.995634488761425,0.08,0.12,0.16,0.17,0.18,0.18,0.22,0.33,0.54,0.72,1.25,1.49,327.5,325.0,185863.0,6.65,12.8,2.0,0.0,7.967142857142858,13.96142857142857,2.13,1.2228571428571429,-1.3171428571428576,-1.1614285714285693,-0.1299999999999999,-1.2228571428571429,0.3465056982080032
2020-06-24,25.39812773298534,25.445388133794907,24.604140739877263,24.641948699951172,3985000.0,-0.2350567895919084,0.08,0.11,0.15,0.17,0.17,0.19,0.21,0.33,0.52,0.69,1.21,1.44,324.5,324.25,180307.0,6.1,14.45,0.8,0.0,7.917142857142858,14.252857142857144,1.9885714285714284,1.8242857142857145,-1.8171428571428585,0.1971428571428557,-1.1885714285714284,-1.8242857142857145,0.6453143490862077
2020-06-25,24.556879536700727,24.925517528935647,24.31112147616705,24.764829635620117,5600200.0,-0.0656416015699505,0.08,0.13,0.16,0.17,0.17,0.17,0.21,0.32,0.53,0.68,1.2,1.43,323.5,317.25,194687.0,8.35,15.55,2.1,4.3,8.061428571428571,14.09142857142857,2.2728571428571427,0.8114285714285714,0.2885714285714282,1.45857142857143,-0.1728571428571426,3.4885714285714284,0.463545862556978
2020-06-26,24.67975870936467,24.727019110646214,24.13625508028317,24.500165939331055,4319200.0,-0.1011653840541839,0.08,0.12,0.14,0.17,0.17,0.17,0.19,0.3,0.49,0.64,1.15,1.37,317.0,317.0,216581.0,10.0,15.0,0.95,1.8,8.031428571428572,14.241428571428573,2.0885714285714285,1.1571428571428573,1.968571428571428,0.7585714285714271,-1.1385714285714286,0.6428571428571428,0.5994908848748688
2020-06-27,24.67975870936467,24.727019110646214,24.13625508028317,24.500165939331055,4319200.0,-0.1011653840541839,0.08,0.12,0.14,0.17,0.17,0.17,0.19,0.3,0.49,0.64,1.15,1.37,317.0,317.0,216581.0,10.0,15.0,0.95,1.8,8.031428571428572,14.241428571428573,2.0885714285714285,1.1571428571428573,1.968571428571428,0.7585714285714271,-1.1385714285714286,0.6428571428571428,0.5994908848748688
2020-06-28,24.67975870936467,24.727019110646214,24.13625508028317,24.500165939331055,4319200.0,-0.1011653840541839,0.08,0.12,0.14,0.17,0.17,0.17,0.19,0.3,0.49,0.64,1.15,1.37,317.0,317.0,216581.0,10.0,15.0,0.95,1.8,8.031428571428572,14.241428571428573,2.0885714285714285,1.1571428571428573,1.968571428571428,0.7585714285714271,-1.1385714285714286,0.6428571428571428,0.5994908848748688
2020-06-29,24.906614201562487,25.171275357991156,24.613595720001207,24.70811653137207,3931000.0,0.5139924101531503,0.08,0.11,0.14,0.18,0.16,0.16,0.18,0.28,0.47,0.64,1.16,1.39,316.75,326.25,150216.0,12.5,14.15,3.0,0.0,7.992857142857143,14.28857142857143,2.148571428571429,1.5942857142857143,4.507142857142857,-0.1385714285714296,0.851428571428571,-1.5942857142857143,0.7810913141692091
2020-06-30,24.68921252504366,25.59662526083469,24.38673981024447,25.322511672973633,4590500.0,1.0722593478858469,0.08,0.13,0.16,0.18,0.16,0.16,0.18,0.29,0.49,0.66,1.18,1.41,325.25,338.5,21411.0,12.5,16.4,3.3,0.0,8.045714285714286,14.334285714285716,1.9057142857142857,0.2257142857142857,4.454285714285714,2.0657142857142823,1.394285714285714,-0.2257142857142857,0.9719181810682386
2020-07-01,25.47374864274427,25.899097711847332,25.01058800309965,25.558818817138672,4838000.0,0.2753411699086426,0.08,0.12,0.14,0.17,0.16,0.17,0.19,0.31,0.52,0.69,1.2,1.43,338.5,348.25,4582.0,9.45,15.3,1.5,10.9,7.864285714285714,14.007142857142858,2.092857142857143,2.4757142857142855,1.5857142857142854,1.2928571428571427,-0.592857142857143,8.424285714285714,1.067456180601016
2020-07-02,25.880189262235596,26.5702030042388,25.880189262235596,26.05978202819824,3766400.0,0.3097277730703354,0.09,0.13,0.14,0.16,0.16,0.16,0.19,0.29,0.5,0.68,1.2,1.43,347.5,342.5,2491.0,10.85,15.85,2.5,0.0,8.21142857142857,14.101428571428572,2.2385714285714284,0.4214285714285714,2.6385714285714297,1.748571428571427,0.2614285714285715,-0.4214285714285714,0.4893469547728871
2020-07-03,25.880189262235596,26.5702030042388,25.880189262235596,26.05978202819824,3766400.0,0.3097277730703354,0.09,0.13,0.14,0.16,0.16,0.16,0.19,0.29,0.5,0.68,1.2,1.43,347.5,342.5,2491.0,10.85,15.85,2.5,0.0,8.21142857142857,14.101428571428572,2.2385714285714284,0.4214285714285714,2.6385714285714297,1.748571428571427,0.2614285714285715,-0.4214285714285714,0.4893469547728871
2020-07-04,25.880189262235596,26.5702030042388,25.880189262235596,26.05978202819824,3766400.0,0.3097277730703354,0.09,0.13,0.14,0.16,0.16,0.16,0.19,0.29,0.5,0.68,1.2,1.43,347.5,342.5,2491.0,10.85,15.85,2.5,0.0,8.21142857142857,14.101428571428572,2.2385714285714284,0.4214285714285714,2.6385714285714297,1.748571428571427,0.2614285714285715,-0.4214285714285714,0.4893469547728871
2020-07-05,25.880189262235596,26.5702030042388,25.880189262235596,26.05978202819824,3766400.0,0.3097277730703354,0.09,0.13,0.14,0.16,0.16,0.16,0.19,0.29,0.5,0.68,1.2,1.43,347.5,342.5,2491.0,10.85,15.85,2.5,0.0,8.21142857142857,14.101428571428572,2.2385714285714284,0.4214285714285714,2.6385714285714297,1.748571428571427,0.2614285714285715,-0.4214285714285714,0.4893469547728871
2020-07-06,26.67417675267627,26.67417675267627,25.5966237421404,26.021974563598633,3668300.0,-0.0806228145956992,0.09,0.12,0.15,0.16,0.16,0.16,0.19,0.31,0.51,0.69,1.21,1.45,348.25,346.5,2094.0,10.3,15.0,1.65,2.3,8.182857142857141,14.43285714285714,1.9014285714285712,1.0885714285714283,2.117142857142859,0.5671428571428603,-0.2514285714285713,1.2114285714285715,0.4039143634134562
2020-07-07,25.77621741039685,25.77621741039685,25.42648430023864,25.653337478637695,5931800.0,0.1571238632313907,0.09,0.12,0.15,0.17,0.15,0.16,0.19,0.29,0.48,0.65,1.15,1.38,347.5,345.0,1273.0,9.7,15.0,2.3,0.65,8.442857142857143,14.30857142857143,2.0085714285714285,1.6957142857142855,1.2571428571428562,0.6914285714285704,0.2914285714285713,-1.0457142857142854,0.3322542095414748
2020-07-08,25.59662555828387,25.643885962746364,24.046461215192537,24.44345474243164,5560400.0,-0.01210299693048,0.09,0.11,0.15,0.17,0.15,0.16,0.19,0.3,0.49,0.67,1.16,1.39,343.5,348.25,352.0,12.2,16.4,3.2,0.0,8.382857142857143,14.355714285714283,2.0742857142857143,0.8471428571428571,3.8171428571428567,2.0442857142857154,1.125714285714286,-0.8471428571428571,0.8875685078403538
2020-07-09,24.604140468131643,24.62777066827544,24.046459090968288,24.3394775390625,4392200.0,0.0147560375044123,0.09,0.11,0.13,0.16,0.15,0.16,0.18,0.28,0.46,0.62,1.09,1.32,349.0,351.25,495.0,10.85,15.3,1.2,0.0,8.364285714285714,14.547142857142855,1.7414285714285715,1.97,2.4857142857142858,0.7528571428571453,-0.5414285714285716,-1.97,0.5900602042952199
2020-07-10,24.415096646292746,25.16182327270508,24.29221851685301,25.16182327270508,2464100.0,0.0794978588819503,0.09,0.1,0.13,0.15,0.15,0.16,0.19,0.3,0.49,0.65,1.12,1.33,350.25,340.5,806.0,8.9,15.85,0.85,0.75,8.525714285714285,14.565714285714286,2.2414285714285715,2.0642857142857145,0.3742857142857154,1.2842857142857138,-1.3914285714285717,-1.3142857142857145,0.6148769511275034
2020-07-11,24.415096646292746,25.16182327270508,24.29221851685301,25.16182327270508,2464100.0,0.0794978588819503,0.09,0.1,0.13,0.15,0.15,0.16,0.19,0.3,0.49,0.65,1.12,1.33,350.25,340.5,806.0,8.9,15.85,0.85,0.75,8.525714285714285,14.565714285714286,2.2414285714285715,2.0642857142857145,0.3742857142857154,1.2842857142857138,-1.3914285714285717,-1.3142857142857145,0.6148769511275034
2020-07-12,24.415096646292746,25.16182327270508,24.29221851685301,25.16182327270508,2464100.0,0.0794978588819503,0.09,0.1,0.13,0.15,0.15,0.16,0.19,0.3,0.49,0.65,1.12,1.33,350.25,340.5,806.0,8.9,15.85,0.85,0.75,8.525714285714285,14.565714285714286,2.2414285714285715,2.0642857142857145,0.3742857142857154,1.2842857142857138,-1.3914285714285717,-1.3142857142857145,0.6148769511275034
2020-07-13,25.624984390748335,25.6911496820373,25.142920664811538,25.369773864746097,2782600.0,1.2765589621849356,0.09,0.11,0.14,0.15,0.16,0.16,0.19,0.3,0.48,0.64,1.11,1.33,337.25,334.0,437.0,10.3,16.4,2.75,0.0,8.608571428571429,14.765714285714283,1.87,0.7742857142857144,1.6914285714285722,1.6342857142857152,0.8799999999999999,-0.7742857142857144,0.585899059369979
2020-07-14,25.209083306541352,25.747859825117335,25.057847855813662,25.59662437438965,8445800.0,-0.0626520514488221,0.09,0.11,0.15,0.14,0.17,0.14,0.19,0.28,0.47,0.63,1.09,1.3,334.0,334.75,112416.0,6.95,13.05,2.15,0.9,8.382857142857143,14.73,1.9285714285714288,1.1914285714285715,-1.4328571428571424,-1.6799999999999995,0.221428571428571,-0.2914285714285715,0.3513278780251395
2020-07-15,26.333899559940782,26.513490537782403,25.918001153036645,26.409517288208008,2994200.0,1.299798097461462,0.1,0.12,0.16,0.15,0.15,0.16,0.18,0.28,0.47,0.64,1.11,1.33,326.0,326.25,101702.0,6.1,14.15,0.9,0.0,8.674285714285714,15.055714285714288,1.9185714285714288,0.47,-2.5742857142857147,-0.9057142857142876,-1.018571428571429,-0.47,0.6218353049351778
2020-07-16,26.229923755241536,26.707260313200777,26.19684111275272,26.39061164855957,1977300.0,0.1405861675739289,0.1,0.12,0.11,0.13,0.14,0.16,0.17,0.28,0.46,0.62,1.09,1.31,326.0,330.25,109531.0,7.5,15.55,1.9,0.0,8.84,15.13,2.0214285714285714,0.8414285714285714,-1.34,0.4199999999999999,-0.1214285714285714,-0.8414285714285714,0.2563126047415253
2020-07-17,26.522944604260363,26.872677745717773,26.22992611462997,26.797060012817383,2704500.0,0.736723694950342,0.09,0.11,0.11,0.13,0.14,0.14,0.18,0.29,0.47,0.64,1.11,1.33,330.25,333.0,83693.0,11.4,16.65,3.05,0.0,8.792857142857143,15.221428571428572,2.0185714285714287,1.6914285714285715,2.6071428571428577,1.428571428571427,1.0314285714285711,-1.6914285714285715,0.7660232394610131
2020-07-18,26.522944604260363,26.872677745717773,26.22992611462997,26.797060012817383,2704500.0,0.736723694950342,0.09,0.11,0.11,0.13,0.14,0.14,0.18,0.29,0.47,0.64,1.11,1.33,330.25,333.0,83693.0,11.4,16.65,3.05,0.0,8.792857142857143,15.221428571428572,2.0185714285714287,1.6914285714285715,2.6071428571428577,1.428571428571427,1.0314285714285711,-1.6914285714285715,0.7660232394610131
2020-07-19,26.522944604260363,26.872677745717773,26.22992611462997,26.797060012817383,2704500.0,0.736723694950342,0.09,0.11,0.11,0.13,0.14,0.14,0.18,0.29,0.47,0.64,1.11,1.33,330.25,333.0,83693.0,11.4,16.65,3.05,0.0,8.792857142857143,15.221428571428572,2.0185714285714287,1.6914285714285715,2.6071428571428577,1.428571428571427,1.0314285714285711,-1.6914285714285715,0.7660232394610131
2020-07-20,26.58910777168972,26.71198770463233,26.201566696166992,26.201566696166992,1677300.0,0.1659021526575087,0.1,0.11,0.13,0.14,0.14,0.16,0.18,0.29,0.47,0.62,1.1,1.32,333.0,328.25,105214.0,9.15,14.45,1.35,0.0,8.87,14.605714285714283,1.9014285714285712,1.2585714285714285,0.2800000000000011,-0.1557142857142839,-0.5514285714285712,-1.2585714285714285,0.2846302340178944
2020-07-21,26.333901173443863,26.89158262966011,26.333901173443863,26.797060012817383,3064200.0,-0.3840793203562497,0.1,0.09,0.13,0.13,0.15,0.14,0.17,0.27,0.45,0.61,1.09,1.31,327.75,322.75,132248.0,8.35,13.9,1.65,0.0,8.772857142857143,14.347142857142856,1.8457142857142856,1.3471428571428572,-0.4228571428571435,-0.4471428571428557,-0.1957142857142857,-1.3471428571428572,0.2329904204561281
2020-07-22,26.50403951174781,27.108981329040816,26.50403951174781,27.090076446533203,1954200.0,0.938333731144666,0.09,0.09,0.13,0.14,0.14,0.14,0.17,0.27,0.45,0.6,1.08,1.29,323.0,327.5,122910.0,6.95,15.3,1.25,0.0,8.55857142857143,14.437142857142858,1.7585714285714285,0.4985714285714285,-1.6085714285714294,0.862857142857143,-0.5085714285714285,-0.4985714285714285,0.3943474700466637
2020-07-23,26.910482150335007,27.335832968416653,26.77342626705867,27.09952735900879,2428200.0,1.0525377253070474,0.09,0.09,0.12,0.13,0.14,0.16,0.16,0.27,0.44,0.59,1.03,1.24,327.25,328.0,92652.0,9.15,15.85,3.2,9.5,8.26142857142857,14.602857142857143,1.7457142857142858,2.337142857142857,0.8885714285714297,1.2471428571428564,1.4542857142857144,7.162857142857143,1.132091268482407
2020-07-24,27.16569673164382,27.23186202378183,26.759250733802915,26.957748413085938,1877400.0,0.7320458255708217,0.09,0.1,0.11,0.14,0.16,0.14,0.17,0.27,0.44,0.59,1.03,1.23,328.0,326.25,144237.0,12.5,16.65,3.75,0.0,8.745714285714286,14.498571428571427,2.0700000000000003,2.315714285714286,3.7542857142857144,2.1514285714285712,1.6799999999999995,-2.315714285714286,1.1536527907245686
2020-07-25,27.16569673164382,27.23186202378183,26.759250733802915,26.957748413085938,1877400.0,0.7320458255708217,0.09,0.1,0.11,0.14,0.16,0.14,0.17,0.27,0.44,0.59,1.03,1.23,328.0,326.25,144237.0,12.5,16.65,3.75,0.0,8.745714285714286,14.498571428571427,2.0700000000000003,2.315714285714286,3.7542857142857144,2.1514285714285712,1.6799999999999995,-2.315714285714286,1.1536527907245686
2020-07-26,27.16569673164382,27.23186202378183,26.759250733802915,26.957748413085938,1877400.0,0.7320458255708217,0.09,0.1,0.11,0.14,0.16,0.14,0.17,0.27,0.44,0.59,1.03,1.23,328.0,326.25,144237.0,12.5,16.65,3.75,0.0,8.745714285714286,14.498571428571427,2.0700000000000003,2.315714285714286,3.7542857142857144,2.1514285714285712,1.6799999999999995,-2.315714285714286,1.1536527907245686
2020-07-27,26.995557368200345,27.411455823428103,26.919939631147027,27.231863021850582,2683100.0,-0.2018643617630005,0.1,0.1,0.11,0.14,0.14,0.15,0.18,0.3,0.46,0.62,1.05,1.25,325.25,325.0,96017.0,7.5,15.55,0.95,0.0,8.682857142857141,14.5,1.88,1.627142857142857,-1.1828571428571415,1.0500000000000007,-0.93,-1.627142857142857,0.5712082422450988
2020-07-28,27.090076446743815,27.184599056413788,26.58910787750113,26.645822525024418,3500600.0,0.0260738264769315,0.1,0.09,0.11,0.12,0.14,0.14,0.16,0.26,0.44,0.59,1.01,1.22,323.0,320.0,110739.0,10.85,16.4,1.85,0.0,8.207142857142857,14.45285714285714,1.7242857142857144,0.5085714285714286,2.6428571428571423,1.9471428571428593,0.1257142857142856,-0.5085714285714286,0.4762602884750149
2020-07-29,26.589111355462876,27.250767906831182,26.589111355462876,27.231863021850582,2840200.0,0.8044225126504898,0.1,0.09,0.11,0.12,0.13,0.12,0.15,0.25,0.43,0.58,1.03,1.24,320.0,315.5,136660.0,9.45,14.7,2.15,0.0,7.747142857142856,14.264285714285714,1.65,1.032857142857143,1.7028571428571428,0.435714285714285,0.5,-1.032857142857143,0.4076790334780149
2020-07-30,26.674175280575408,26.96719552046147,26.267731166008044,26.919933319091797,3311900.0,-0.2078565508127213,0.1,0.1,0.09,0.11,0.11,0.11,0.14,0.23,0.4,0.55,0.98,1.2,315.5,315.75,120454.0,8.05,14.15,1.75,0.0,8.345714285714287,14.431428571428572,1.8428571428571427,2.0,-0.2957142857142862,-0.281428571428572,-0.0928571428571427,-2.0,0.2310248813336191
2020-07-31,26.844318515265915,27.127886345675662,26.485134760189503,26.99555397033691,7305100.0,-0.2763847112655639,0.1,0.09,0.09,0.1,0.11,0.11,0.11,0.21,0.39,0.55,0.98,1.2,315.75,316.0,77056.0,7.2,15.0,0.65,0.15,8.325714285714286,15.005714285714287,1.9028571428571428,0.2614285714285714,-1.1257142857142854,-0.0057142857142871,-1.252857142857143,-0.1114285714285714,0.4495339468679399
2020-08-01,26.844318515265915,27.127886345675662,26.485134760189503,26.99555397033691,7305100.0,-0.2763847112655639,0.1,0.09,0.09,0.1,0.11,0.11,0.11,0.21,0.39,0.55,0.98,1.2,315.75,316.0,77056.0,7.2,15.0,0.65,0.15,8.325714285714286,15.005714285714287,1.9028571428571428,0.2614285714285714,-1.1257142857142854,-0.0057142857142871,-1.252857142857143,-0.1114285714285714,0.4495339468679399
2020-08-02,26.844318515265915,27.127886345675662,26.485134760189503,26.99555397033691,7305100.0,-0.2763847112655639,0.1,0.09,0.09,0.1,0.11,0.11,0.11,0.21,0.39,0.55,0.98,1.2,315.75,316.0,77056.0,7.2,15.0,0.65,0.15,8.325714285714286,15.005714285714287,1.9028571428571428,0.2614285714285714,-1.1257142857142854,-0.0057142857142871,-1.252857142857143,-0.1114285714285714,0.4495339468679399
2020-08-03,27.20350650021925,27.316932200207553,26.91048620236665,26.957748413085938,3600600.0,0.6714690562803296,0.1,0.09,0.1,0.11,0.12,0.11,0.13,0.22,0.4,0.56,1.01,1.23,315.0,317.5,83190.0,5.3,12.8,0.75,0.0,8.37,14.59,1.747142857142857,2.387142857142857,-3.0699999999999994,-1.7899999999999991,-0.9971428571428572,-2.387142857142857,0.8832592684600775
2020-08-04,26.938840874103825,27.40956090811916,26.87267558848609,27.13733673095703,4663400.0,0.2838026955723762,0.1,0.09,0.09,0.11,0.14,0.11,0.1,0.19,0.36,0.52,0.96,1.19,316.5,308.25,161834.0,5.0,13.35,1.25,1.9,7.994285714285715,13.661428571428573,1.9628571428571429,1.5828571428571427,-2.9942857142857147,-0.3114285714285731,-0.7128571428571429,0.3171428571428571,0.5184308731385547
2020-08-05,27.411451988726665,27.543782559340432,26.986101150512695,26.986101150512695,5502300.0,2.0016302317380905,0.1,0.08,0.1,0.12,0.12,0.11,0.13,0.22,0.39,0.55,1.0,1.22,309.0,311.0,103355.0,8.35,12.8,2.4,0.15,7.968571428571428,13.64,1.8085714285714285,4.078571428571428,0.3814285714285716,-0.8399999999999999,0.5914285714285714,-3.928571428571429,0.568458928778282
2020-08-06,25.407579418363383,25.757312528526754,23.838510248928504,24.02755546569824,11668200.0,-0.9075665548443792,0.1,0.07,0.1,0.11,0.14,0.11,0.13,0.21,0.39,0.55,0.98,1.2,310.5,311.25,106028.0,8.6,15.0,1.85,0.0,8.332857142857144,13.631428571428572,1.88,2.007142857142857,0.267142857142856,1.3685714285714283,-0.0299999999999998,-2.007142857142857,0.3004624381313461
2020-08-07,23.951939780712365,24.10317524586869,23.469876059450716,23.933034896850582,7460000.0,0.7283475995063778,0.1,0.08,0.1,0.12,0.14,0.13,0.14,0.23,0.41,0.57,1.01,1.23,311.0,307.75,124482.0,11.1,14.45,3.35,0.0,8.594285714285714,14.294285714285715,1.9285714285714288,2.9299999999999997,2.5057142857142853,0.1557142857142839,1.4214285714285713,-2.9299999999999997,0.8543229933015543
2020-08-08,23.951939780712365,24.10317524586869,23.469876059450716,23.933034896850582,7460000.0,0.7283475995063778,0.1,0.08,0.1,0.12,0.14,0.13,0.14,0.23,0.41,0.57,1.01,1.23,311.0,307.75,124482.0,11.1,14.45,3.35,0.0,8.594285714285714,14.294285714285715,1.9285714285714288,2.9299999999999997,2.5057142857142853,0.1557142857142839,1.4214285714285713,-2.9299999999999997,0.8543229933015543
2020-08-09,23.951939780712365,24.10317524586869,23.469876059450716,23.933034896850582,7460000.0,0.7283475995063778,0.1,0.08,0.1,0.12,0.14,0.13,0.14,0.23,0.41,0.57,1.01,1.23,311.0,307.75,124482.0,11.1,14.45,3.35,0.0,8.594285714285714,14.294285714285715,1.9285714285714288,2.9299999999999997,2.5057142857142853,0.1557142857142839,1.4214285714285713,-2.9299999999999997,0.8543229933015543
2020-08-10,23.668371717278305,24.22605132072454,23.611657070526103,24.02755546569824,8355800.0,0.3613450229167938,0.1,0.09,0.11,0.13,0.13,0.14,0.15,0.24,0.42,0.59,1.04,1.25,307.5,310.5,167514.0,7.8,13.6,1.7,6.6,7.85,13.851428571428572,1.5814285714285714,1.49,-0.0499999999999998,-0.2514285714285726,0.1185714285714285,5.109999999999999,0.4551066830422619
2020-08-11,24.47180961369362,25.54936447492048,24.334753723246703,25.313058853149418,8120000.0,-0.0259131714701653,0.1,0.08,0.11,0.12,0.15,0.16,0.18,0.27,0.46,0.64,1.1,1.32,311.25,311.5,170713.0,7.2,15.3,1.75,0.0,8.022857142857143,13.947142857142856,1.7542857142857142,2.09,-0.822857142857143,1.352857142857145,-0.0042857142857142,-2.09,0.3501678554414199
2020-08-12,25.710050277479084,25.804571076200073,24.698660784199003,24.91606330871582,5139300.0,0.6635817810893058,0.1,0.08,0.11,0.12,0.13,0.16,0.19,0.3,0.5,0.69,1.15,1.37,311.25,314.5,209796.0,10.55,15.85,2.95,0.0,8.035714285714286,13.76142857142857,1.8014285714285714,0.92,2.5142857142857142,2.088571428571429,1.1485714285714288,-0.92,0.7824123055116973
2020-08-13,25.01105540976289,25.647493278402827,24.773578620148047,25.57150077819824,9040600.0,1.247651562094688,0.1,0.08,0.1,0.12,0.14,0.16,0.19,0.32,0.52,0.71,1.2,1.42,315.0,325.25,317363.0,11.4,15.85,3.4,0.0,7.238571428571428,13.45,1.7,0.3385714285714286,4.161428571428572,2.4000000000000004,1.7,-0.3385714285714286,1.062831475354342
2020-08-14,25.410014551830916,26.701888768635857,25.229531698176345,26.47391128540039,5367300.0,1.2890379503369331,0.1,0.09,0.1,0.12,0.13,0.14,0.18,0.29,0.51,0.71,1.21,1.45,324.5,324.5,160379.0,8.6,15.3,2.8,0.0,7.3914285714285715,13.545714285714286,1.89,0.6542857142857142,1.2085714285714282,1.7542857142857144,0.91,-0.6542857142857142,0.5496707670746033
2020-08-15,25.410014551830916,26.701888768635857,25.229531698176345,26.47391128540039,5367300.0,1.2890379503369331,0.1,0.09,0.1,0.12,0.13,0.14,0.18,0.29,0.51,0.71,1.21,1.45,324.5,324.5,160379.0,8.6,15.3,2.8,0.0,7.3914285714285715,13.545714285714286,1.89,0.6542857142857142,1.2085714285714282,1.7542857142857144,0.91,-0.6542857142857142,0.5496707670746033
2020-08-16,25.410014551830916,26.701888768635857,25.229531698176345,26.47391128540039,5367300.0,1.2890379503369331,0.1,0.09,0.1,0.12,0.13,0.14,0.18,0.29,0.51,0.71,1.21,1.45,324.5,324.5,160379.0,8.6,15.3,2.8,0.0,7.3914285714285715,13.545714285714286,1.89,0.6542857142857142,1.2085714285714282,1.7542857142857144,0.91,-0.6542857142857142,0.5496707670746033
2020-08-17,26.492911265688544,26.73038806602438,25.963813708250846,26.378923416137695,9275000.0,0.3295275866985321,0.1,0.09,0.1,0.12,0.13,0.14,0.18,0.29,0.49,0.69,1.19,1.43,327.0,331.0,111934.0,7.5,14.7,1.45,0.0,7.73,13.9,1.8842857142857143,0.9728571428571428,-0.2300000000000004,0.7999999999999989,-0.4342857142857144,-0.9728571428571428,0.2786871873582283
2020-08-18,26.454915361435027,26.996362164884687,26.41691820451722,26.97736358642578,3124700.0,-0.3176458552479744,0.09,0.08,0.09,0.13,0.13,0.14,0.17,0.27,0.47,0.67,1.16,1.4,330.0,327.0,130091.0,6.1,15.0,1.4,0.0,7.688571428571429,13.795714285714284,2.045714285714286,1.3942857142857144,-1.588571428571429,1.2042857142857155,-0.6457142857142859,-1.3942857142857144,0.5268624856324781
2020-08-19,26.73988695313607,27.176845201317885,26.597401237439197,27.129348754882812,5122000.0,-1.5232510119676588,0.09,0.07,0.11,0.12,0.13,0.14,0.17,0.29,0.48,0.68,1.2,1.42,326.0,325.0,87620.0,9.15,15.55,3.1,0.0,7.508571428571429,13.325714285714286,1.9657142857142855,1.022857142857143,1.6414285714285717,2.224285714285715,1.1342857142857146,-1.022857142857143,0.7168532304339048
2020-08-20,26.83487827472894,27.35732650756836,26.758885771555857,27.35732650756836,4583500.0,-1.0625348910689354,0.09,0.08,0.11,0.13,0.12,0.13,0.15,0.26,0.46,0.65,1.15,1.38,324.25,324.5,92738.0,9.45,15.3,2.75,0.0,7.61,13.378571428571428,2.044285714285714,1.79,1.839999999999999,1.9214285714285728,0.705714285714286,-1.79,0.655378187234729
2020-08-21,27.20534214239673,27.26233787997296,26.611650131176106,27.015361785888672,6864100.0,-0.3249783320352437,0.09,0.07,0.1,0.12,0.13,0.16,0.16,0.27,0.46,0.64,1.13,1.35,324.75,327.0,134880.0,10.3,16.95,2.65,0.0,7.725714285714285,13.825714285714286,1.8485714285714288,1.6242857142857143,2.5742857142857156,3.1242857142857137,0.8014285714285712,-1.6242857142857143,0.8339030542452349
2020-08-22,27.20534214239673,27.26233787997296,26.611650131176106,27.015361785888672,6864100.0,-0.3249783320352437,0.09,0.07,0.1,0.12,0.13,0.16,0.16,0.27,0.46,0.64,1.13,1.35,324.75,327.0,134880.0,10.3,16.95,2.65,0.0,7.725714285714285,13.825714285714286,1.8485714285714288,1.6242857142857143,2.5742857142857156,3.1242857142857137,0.8014285714285712,-1.6242857142857143,0.8339030542452349
2020-08-23,27.20534214239673,27.26233787997296,26.611650131176106,27.015361785888672,6864100.0,-0.3249783320352437,0.09,0.07,0.1,0.12,0.13,0.16,0.16,0.27,0.46,0.64,1.13,1.35,324.75,327.0,134880.0,10.3,16.95,2.65,0.0,7.725714285714285,13.825714285714286,1.8485714285714288,1.6242857142857143,2.5742857142857156,3.1242857142857137,0.8014285714285712,-1.6242857142857143,0.8339030542452349
2020-08-24,27.42382085683355,27.528309413741972,26.787382979028564,27.1103515625,4409500.0,-0.1160171087831256,0.09,0.09,0.12,0.12,0.14,0.14,0.18,0.28,0.47,0.65,1.14,1.35,328.0,331.75,126824.0,11.1,17.5,2.45,0.0,8.474285714285715,14.305714285714286,2.0942857142857143,1.3571428571428572,2.625714285714285,3.194285714285714,0.3557142857142858,-1.3571428571428572,0.7039260530885938
2020-08-25,27.26233638067084,27.708792096306233,27.176844590812383,27.214839935302734,2344000.0,0.7425018846988678,0.09,0.08,0.11,0.12,0.13,0.15,0.18,0.3,0.49,0.69,1.18,1.39,335.0,340.75,147003.0,11.65,17.8,2.8,0.0,8.331428571428573,14.015714285714289,1.8985714285714288,1.1728571428571428,3.3185714285714276,3.784285714285712,0.901428571428571,-1.1728571428571428,0.9480995751675864
2020-08-26,27.214839149551075,27.813281661281938,27.005860231377486,27.765785217285156,2458300.0,0.4646236106636933,0.09,0.08,0.11,0.12,0.12,0.16,0.18,0.28,0.5,0.69,1.2,1.41,340.25,340.5,89216.0,11.4,17.5,2.95,0.0,8.198571428571428,14.21,1.9785714285714289,0.3442857142857143,3.201428571428572,3.289999999999999,0.9714285714285712,-0.3442857142857143,0.8512848789333964
2020-08-27,27.775284165716116,27.97476560444991,27.59955185459172,27.82278060913086,1791300.0,1.013599008321762,0.08,0.09,0.11,0.11,0.13,0.16,0.19,0.31,0.53,0.74,1.28,1.5,340.0,344.25,123788.0,10.0,16.65,2.05,0.0,8.248571428571429,14.087142857142858,1.7985714285714287,1.77,1.751428571428571,2.5628571428571405,0.2514285714285711,-1.77,0.5758662727083308
2020-08-28,27.92726631017267,28.32622733510959,27.67079097732668,28.041255950927734,3202600.0,0.190935061313212,0.09,0.09,0.1,0.11,0.12,0.14,0.16,0.28,0.51,0.74,1.29,1.52,343.25,346.0,94064.0,8.05,15.0,2.9,1.8,7.761428571428571,14.054285714285712,1.882857142857143,2.8614285714285717,0.28857142857143,0.9457142857142884,1.017142857142857,-1.0614285714285716,0.4592700451836118
2020-08-29,27.92726631017267,28.32622733510959,27.67079097732668,28.041255950927734,3202600.0,0.190935061313212,0.09,0.09,0.1,0.11,0.12,0.14,0.16,0.28,0.51,0.74,1.29,1.52,343.25,346.0,94064.0,8.05,15.0,2.9,1.8,7.761428571428571,14.054285714285712,1.882857142857143,2.8614285714285717,0.28857142857143,0.9457142857142884,1.017142857142857,-1.0614285714285716,0.4592700451836118
2020-08-30,27.92726631017267,28.32622733510959,27.67079097732668,28.041255950927734,3202600.0,0.190935061313212,0.09,0.09,0.1,0.11,0.12,0.14,0.16,0.28,0.51,0.74,1.29,1.52,343.25,346.0,94064.0,8.05,15.0,2.9,1.8,7.761428571428571,14.054285714285712,1.882857142857143,2.8614285714285717,0.28857142857143,0.9457142857142884,1.017142857142857,-1.0614285714285716,0.4592700451836118
2020-08-31,27.955765586992097,27.955765586992097,27.10084957941089,27.11984634399414,3974800.0,1.540610112249851,0.09,0.08,0.11,0.13,0.12,0.14,0.15,0.28,0.5,0.72,1.26,1.49,348.75,348.5,11030.0,5.85,12.5,2.0,1.65,7.244285714285715,13.451428571428572,2.0628571428571427,1.227142857142857,-1.394285714285715,-0.951428571428572,-0.0628571428571427,0.4228571428571428,0.2562086847833258
2020-09-01,27.148348299047974,27.97476837836999,26.996363288658404,27.965269088745117,3797800.0,0.5496943402104081,0.09,0.09,0.12,0.13,0.12,0.13,0.14,0.26,0.46,0.68,1.2,1.43,347.75,349.5,3700.0,6.95,13.35,2.2,0.0,7.658571428571429,13.411428571428573,2.142857142857143,1.1828571428571428,-0.7085714285714291,-0.0614285714285731,0.0571428571428573,-1.1828571428571428,0.1780804146514864
2020-09-02,27.860774005336147,28.67769465694822,27.661294392344697,28.620698928833008,3610200.0,0.3669687062501906,0.09,0.1,0.12,0.12,0.13,0.14,0.16,0.26,0.45,0.66,1.16,1.38,349.25,349.75,2609.0,5.55,15.85,2.25,0.0,7.497142857142856,13.714285714285714,2.2314285714285713,0.5800000000000001,-1.9471428571428568,2.135714285714286,0.0185714285714286,-0.5800000000000001,0.4040241129215127
2020-09-03,28.42122235544073,28.69669449024312,27.651798061636107,27.936769485473633,3800800.0,0.5030252188444138,0.09,0.1,0.11,0.12,0.12,0.13,0.15,0.24,0.43,0.63,1.13,1.34,349.75,344.5,1449.0,5.85,11.95,3.1,0.0,6.974285714285714,13.375714285714285,2.217142857142857,1.22,-1.1242857142857146,-1.4257142857142853,0.882857142857143,-1.22,0.5519571160461574
2020-09-04,28.30723331788689,28.611205138246508,27.599553481432007,27.85127830505371,5136800.0,0.4153156280517577,0.09,0.09,0.11,0.12,0.13,0.14,0.18,0.3,0.5,0.72,1.25,1.46,344.0,347.25,1680.0,5.55,15.3,1.0,0.0,7.061428571428571,13.588571428571427,2.1271428571428572,0.7271428571428571,-1.5114285714285716,1.7114285714285735,-1.1271428571428572,-0.7271428571428571,0.6381620851513967
2020-09-05,28.30723331788689,28.611205138246508,27.599553481432007,27.85127830505371,5136800.0,0.4153156280517577,0.09,0.09,0.11,0.12,0.13,0.14,0.18,0.3,0.5,0.72,1.25,1.46,344.0,347.25,1680.0,5.55,15.3,1.0,0.0,7.061428571428571,13.588571428571427,2.1271428571428572,0.7271428571428571,-1.5114285714285716,1.7114285714285735,-1.1271428571428572,-0.7271428571428571,0.6381620851513967
2020-09-06,28.30723331788689,28.611205138246508,27.599553481432007,27.85127830505371,5136800.0,0.4153156280517577,0.09,0.09,0.11,0.12,0.13,0.14,0.18,0.3,0.5,0.72,1.25,1.46,344.0,347.25,1680.0,5.55,15.3,1.0,0.0,7.061428571428571,13.588571428571427,2.1271428571428572,0.7271428571428571,-1.5114285714285716,1.7114285714285735,-1.1271428571428572,-0.7271428571428571,0.6381620851513967
2020-09-07,28.30723331788689,28.611205138246508,27.599553481432007,27.85127830505371,5136800.0,0.4153156280517577,0.09,0.09,0.11,0.12,0.13,0.14,0.18,0.3,0.5,0.72,1.25,1.46,344.0,347.25,1680.0,5.55,15.3,1.0,0.0,7.061428571428571,13.588571428571427,2.1271428571428572,0.7271428571428571,-1.5114285714285716,1.7114285714285735,-1.1271428571428572,-0.7271428571428571,0.6381620851513967
2020-09-08,27.613800850476704,27.613800850476704,26.81587869115649,26.88237190246582,4213500.0,0.5187214631587265,0.09,0.1,0.13,0.14,0.15,0.14,0.17,0.28,0.47,0.69,1.22,1.43,348.0,351.0,874.0,3.35,4.7,2.55,0.25,5.634285714285714,12.36142857142857,2.044285714285714,1.3385714285714283,-2.2842857142857143,-7.66142857142857,0.5057142857142858,-1.0885714285714283,1.0548661676985636
2020-09-09,27.110350773903654,27.936768975014697,27.081852907318964,27.300331115722656,2818000.0,0.3476803824305534,0.09,0.1,0.12,0.14,0.14,0.14,0.17,0.28,0.48,0.71,1.25,1.45,349.75,350.0,112.0,2.8,5.3,1.45,0.5,6.112857142857142,12.365714285714288,2.19,1.512857142857143,-3.3128571428571423,-7.0657142857142885,-0.74,-1.012857142857143,1.158587094047052
2020-09-10,27.281329197848972,27.794279862746485,27.252833146557247,27.68029022216797,4138000.0,0.7132151052355766,0.09,0.1,0.12,0.12,0.15,0.14,0.17,0.26,0.46,0.68,1.22,1.43,349.75,357.25,665.0,2.8,9.45,1.0,0.0,6.19,12.392857142857142,2.0642857142857145,1.7714285714285714,-3.390000000000001,-2.942857142857143,-1.0642857142857145,-1.7714285714285714,0.9766447475090668
2020-09-11,27.870277078553485,27.974767449152125,27.48081527589115,27.566307067871097,3131400.0,0.6973580978810786,0.09,0.1,0.11,0.12,0.13,0.13,0.16,0.26,0.45,0.67,1.21,1.42,355.5,365.0,675.0,5.3,6.95,1.4,3.2,6.234285714285714,12.547142857142855,2.0842857142857145,1.2385714285714289,-0.9342857142857142,-5.597142857142855,-0.6842857142857146,1.9614285714285713,0.8780342969438313
2020-09-12,27.870277078553485,27.974767449152125,27.48081527589115,27.566307067871097,3131400.0,0.6973580978810786,0.09,0.1,0.11,0.12,0.13,0.13,0.16,0.26,0.45,0.67,1.21,1.42,355.5,365.0,675.0,5.3,6.95,1.4,3.2,6.234285714285714,12.547142857142855,2.0842857142857145,1.2385714285714289,-0.9342857142857142,-5.597142857142855,-0.6842857142857146,1.9614285714285713,0.8780342969438313
2020-09-13,27.870277078553485,27.974767449152125,27.48081527589115,27.566307067871097,3131400.0,0.6973580978810786,0.09,0.1,0.11,0.12,0.13,0.13,0.16,0.26,0.45,0.67,1.21,1.42,355.5,365.0,675.0,5.3,6.95,1.4,3.2,6.234285714285714,12.547142857142855,2.0842857142857145,1.2385714285714289,-0.9342857142857142,-5.597142857142855,-0.6842857142857146,1.9614285714285713,0.8780342969438313
2020-09-14,27.651794675924084,27.955764640613506,27.400068076824983,27.51880645751953,3917900.0,-0.0263180902693421,0.09,0.1,0.11,0.13,0.14,0.14,0.16,0.27,0.46,0.68,1.21,1.42,366.75,357.5,137658.0,5.55,15.85,2.15,0.0,5.3671428571428565,11.887142857142855,2.0114285714285716,0.5057142857142857,0.1828571428571432,3.962857142857144,0.1385714285714283,-0.5057142857142857,0.4157285009042471
2020-09-15,27.60430264596625,28.20274519486982,27.57580658960221,27.974767684936523,3127900.0,1.409801885485649,0.09,0.09,0.11,0.12,0.13,0.14,0.16,0.27,0.46,0.68,1.21,1.43,369.0,366.0,133018.0,8.05,15.3,3.15,0.0,5.314285714285714,12.201428571428572,2.1385714285714283,2.752857142857143,2.7357142857142867,3.0985714285714288,1.0114285714285716,-2.752857142857143,0.9910541547932096
2020-09-16,28.10775236684565,28.459216993401416,27.675544691397395,27.765785217285156,5769100.0,1.3146379217505455,0.09,0.08,0.12,0.12,0.12,0.14,0.16,0.28,0.47,0.69,1.23,1.45,365.5,371.75,158937.0,4.45,11.95,1.95,0.0,5.6414285714285715,12.412857142857142,2.202857142857143,0.5871428571428572,-1.1914285714285713,-0.4628571428571426,-0.2528571428571429,-0.5871428571428572,0.2615014491432756
2020-09-17,27.452316102242744,28.26923682594943,27.300331104130443,28.09825325012207,5728400.0,0.3438412249088285,0.09,0.09,0.09,0.11,0.12,0.13,0.16,0.28,0.47,0.69,1.22,1.43,371.5,375.25,235205.0,2.5,10.3,1.6,0.0,5.525714285714286,11.747142857142856,2.105714285714286,0.2014285714285714,-3.025714285714286,-1.4471428571428555,-0.5057142857142858,-0.2014285714285714,0.5490762300815148
2020-09-18,28.14574939711031,28.23124118962425,27.409571683177333,27.53780937194824,7175600.0,0.0195450484752654,0.09,0.09,0.1,0.12,0.13,0.14,0.16,0.29,0.48,0.7,1.24,1.45,374.25,378.5,191291.0,3.35,10.85,2.2,0.0,5.5771428571428565,11.468571428571428,2.174285714285714,1.11,-2.2271428571428564,-0.6185714285714283,0.0257142857142862,-1.11,0.3497996985292273
2020-09-19,28.14574939711031,28.23124118962425,27.409571683177333,27.53780937194824,7175600.0,0.0195450484752654,0.09,0.09,0.1,0.12,0.13,0.14,0.16,0.29,0.48,0.7,1.24,1.45,374.25,378.5,191291.0,3.35,10.85,2.2,0.0,5.5771428571428565,11.468571428571428,2.174285714285714,1.11,-2.2271428571428564,-0.6185714285714283,0.0257142857142862,-1.11,0.3497996985292273
2020-09-20,28.14574939711031,28.23124118962425,27.409571683177333,27.53780937194824,7175600.0,0.0195450484752654,0.09,0.09,0.1,0.12,0.13,0.14,0.16,0.29,0.48,0.7,1.24,1.45,374.25,378.5,191291.0,3.35,10.85,2.2,0.0,5.5771428571428565,11.468571428571428,2.174285714285714,1.11,-2.2271428571428564,-0.6185714285714283,0.0257142857142862,-1.11,0.3497996985292273
2020-09-21,26.777881357760936,27.091350624793936,26.5166572705341,26.806377410888672,6130200.0,-0.0961982011795044,0.09,0.09,0.1,0.11,0.12,0.14,0.16,0.27,0.46,0.68,1.22,1.43,377.5,369.75,209548.0,8.05,14.45,2.1,0.0,4.41,10.978571428571428,2.2928571428571427,0.9885714285714288,3.640000000000001,3.4714285714285715,-0.1928571428571426,-0.9885714285714288,0.7478975659931165
2020-09-22,26.68288803100586,26.825373720012458,26.416913416204068,26.68288803100586,5703500.0,0.6807634718716145,0.09,0.08,0.1,0.11,0.12,0.13,0.15,0.27,0.46,0.68,1.21,1.42,369.75,369.25,159145.0,6.95,15.85,1.85,0.0,3.951428571428572,10.187142857142858,2.1585714285714284,1.0928571428571427,2.998571428571428,5.662857142857142,-0.3085714285714283,-1.0928571428571427,0.9058979548610708
2020-09-23,26.511906776578215,26.891869250785277,26.01795465420704,26.084447860717773,4874200.0,-0.8471948504447937,0.09,0.08,0.11,0.11,0.13,0.14,0.15,0.28,0.46,0.68,1.21,1.42,368.25,368.5,122193.0,8.05,15.85,2.4,0.0,4.165714285714286,10.678571428571429,2.2014285714285715,1.532857142857143,3.8842857142857143,5.171428571428571,0.1985714285714284,-1.532857142857143,0.9526762119287192
2020-09-24,26.084449246124528,26.554654078544704,25.818476405955135,26.245933532714844,3031700.0,-0.966876357793808,0.09,0.08,0.1,0.11,0.12,0.14,0.16,0.27,0.46,0.67,1.19,1.4,368.0,363.5,152367.0,6.65,14.45,0.9,0.0,4.351428571428571,11.032857142857145,1.9485714285714288,1.5614285714285714,2.298571428571429,3.4171428571428546,-1.048571428571429,-1.5614285714285714,0.8936231420356268
2020-09-25,25.998958007055816,27.105598831431777,25.94196227681372,26.958362579345703,2556300.0,-1.1329727098345757,0.09,0.08,0.1,0.11,0.12,0.12,0.15,0.26,0.45,0.66,1.19,1.4,363.25,365.25,130065.0,6.65,13.6,1.55,0.0,4.061428571428571,11.167142857142858,1.7957142857142858,1.262857142857143,2.588571428571429,2.4328571428571415,-0.2457142857142857,-1.262857142857143,0.6017122152769999
2020-09-26,25.998958007055816,27.105598831431777,25.94196227681372,26.958362579345703,2556300.0,-1.1329727098345757,0.09,0.08,0.1,0.11,0.12,0.12,0.15,0.26,0.45,0.66,1.19,1.4,363.25,365.25,130065.0,6.65,13.6,1.55,0.0,4.061428571428571,11.167142857142858,1.7957142857142858,1.262857142857143,2.588571428571429,2.4328571428571415,-0.2457142857142857,-1.262857142857143,0.6017122152769999
2020-09-27,25.998958007055816,27.105598831431777,25.94196227681372,26.958362579345703,2556300.0,-1.1329727098345757,0.09,0.08,0.1,0.11,0.12,0.12,0.15,0.26,0.45,0.66,1.19,1.4,363.25,365.25,130065.0,6.65,13.6,1.55,0.0,4.061428571428571,11.167142857142858,1.7957142857142858,1.262857142857143,2.588571428571429,2.4328571428571415,-0.2457142857142857,-1.262857142857143,0.6017122152769999
2020-09-28,27.376320763046852,27.851274285825053,27.30982755974653,27.51880645751953,2714400.0,0.2565785050392149,0.09,0.09,0.11,0.11,0.12,0.14,0.16,0.26,0.46,0.67,1.2,1.42,364.25,366.75,162085.0,3.35,7.8,3.2,0.0,2.8957142857142855,10.874285714285715,1.9085714285714288,0.4614285714285714,0.4542857142857146,-3.0742857142857156,1.2914285714285714,-0.4614285714285714,0.6745230879388906
2020-09-29,27.32883195263822,27.56630876457605,27.05810853197344,27.157848358154297,1972000.0,0.3156879097223281,0.09,0.07,0.09,0.11,0.12,0.11,0.13,0.24,0.44,0.66,1.19,1.41,366.75,364.75,137617.0,2.8,13.35,2.05,0.0,4.017142857142857,11.224285714285717,2.204285714285714,0.3228571428571428,-1.217142857142857,2.125714285714283,-0.1542857142857143,-0.3228571428571428,0.3520363784851431
2020-09-30,27.328831663738235,28.06026067160765,27.096103593305504,27.3668270111084,8009400.0,0.5283018639311194,0.09,0.08,0.1,0.11,0.12,0.13,0.16,0.28,0.47,0.69,1.23,1.46,364.25,379.0,337543.0,5.0,10.0,3.75,0.0,4.331428571428571,11.697142857142856,2.205714285714286,0.7857142857142857,0.668571428571429,-1.6971428571428555,1.544285714285714,-0.7857142857142857,0.6755079652445386
2020-10-01,27.433317976091068,27.841778344667834,27.17684441993246,27.243337631225582,4918400.0,0.4968486130237578,0.09,0.09,0.09,0.1,0.12,0.14,0.16,0.27,0.46,0.68,1.23,1.45,379.0,382.75,216356.0,0.3,6.65,2.75,0.0,3.66,10.774285714285716,2.112857142857143,1.4628571428571429,-3.3600000000000003,-4.124285714285715,0.637142857142857,-1.4628571428571429,0.9312550681825152
2020-10-02,26.977360273744186,28.288233037573576,26.872871728659188,27.898771286010746,4851300.0,0.6140432349639011,0.09,0.1,0.09,0.11,0.12,0.13,0.16,0.28,0.48,0.7,1.25,1.48,381.5,379.75,164090.0,-0.25,7.2,0.85,0.0,3.46,10.117142857142856,2.112857142857143,1.6942857142857142,-3.71,-2.9171428571428555,-1.262857142857143,-1.6942857142857142,1.051443249328914
2020-10-03,26.977360273744186,28.288233037573576,26.872871728659188,27.898771286010746,4851300.0,0.6140432349639011,0.09,0.1,0.09,0.11,0.12,0.13,0.16,0.28,0.48,0.7,1.25,1.48,381.5,379.75,164090.0,-0.25,7.2,0.85,0.0,3.46,10.117142857142856,2.112857142857143,1.6942857142857142,-3.71,-2.9171428571428555,-1.262857142857143,-1.6942857142857142,1.051443249328914
2020-10-04,26.977360273744186,28.288233037573576,26.872871728659188,27.898771286010746,4851300.0,0.6140432349639011,0.09,0.1,0.09,0.11,0.12,0.13,0.16,0.28,0.48,0.7,1.25,1.48,381.5,379.75,164090.0,-0.25,7.2,0.85,0.0,3.46,10.117142857142856,2.112857142857143,1.6942857142857142,-3.71,-2.9171428571428555,-1.262857142857143,-1.6942857142857142,1.051443249328914
2020-10-05,28.2787388532806,28.76319176110384,28.2787388532806,28.601707458496097,5166300.0,0.3986456096172333,0.09,0.09,0.1,0.11,0.12,0.14,0.19,0.33,0.55,0.78,1.34,1.57,378.75,379.5,119040.0,4.7,13.05,2.4,0.0,3.532857142857143,9.555714285714286,2.3400000000000003,1.0642857142857145,1.1671428571428573,3.4942857142857147,0.0599999999999996,-1.0642857142857145,0.4911613436508365
2020-10-06,28.82018324027005,29.21439376762961,28.5257125293962,28.582706451416016,4972400.0,0.3209016770124434,0.09,0.08,0.1,0.11,0.14,0.14,0.17,0.32,0.53,0.76,1.33,1.56,378.5,385.0,213443.0,2.8,15.0,1.1,0.0,2.9885714285714284,8.911428571428571,2.5614285714285714,1.72,-0.1885714285714286,6.088571428571429,-1.4614285714285713,-1.72,1.0387174280914089
2020-10-07,28.886676010568117,29.52311386745966,28.848680667069264,29.00066566467285,5575400.0,-0.4357395996339617,0.09,0.08,0.1,0.12,0.13,0.16,0.21,0.35,0.56,0.81,1.37,1.6,384.5,388.75,186782.0,3.05,12.8,1.2,0.0,2.4114285714285715,9.634285714285712,2.092857142857143,1.1014285714285716,0.6385714285714283,3.165714285714289,-0.892857142857143,-1.1014285714285716,0.641926982187149
2020-10-08,30.192793796755137,31.00496384548846,29.728288970192104,30.710494995117188,7033600.0,1.2758780587464569,0.09,0.09,0.09,0.12,0.13,0.13,0.18,0.33,0.54,0.78,1.34,1.57,389.0,387.0,202957.0,1.65,12.8,2.95,0.0,2.6514285714285712,9.63,2.177142857142857,1.0742857142857145,-1.0014285714285711,3.17,0.7728571428571431,-1.0742857142857145,0.6415370129730178
2020-10-09,30.824489181011955,32.00237207277123,30.6725041748621,31.75539779663086,5323300.0,0.3237415552139282,0.09,0.1,0.1,0.12,0.15,0.16,0.2,0.34,0.55,0.79,1.34,1.58,387.0,395.0,280954.0,6.95,14.7,1.65,0.0,2.2485714285714287,9.247142857142856,1.9314285714285713,0.8742857142857142,4.701428571428572,5.452857142857143,-0.2814285714285713,-0.8742857142857142,1.0220914982701577
2020-10-10,30.824489181011955,32.00237207277123,30.6725041748621,31.75539779663086,5323300.0,0.3237415552139282,0.09,0.1,0.1,0.12,0.15,0.16,0.2,0.34,0.55,0.79,1.34,1.58,387.0,395.0,280954.0,6.95,14.7,1.65,0.0,2.2485714285714287,9.247142857142856,1.9314285714285713,0.8742857142857142,4.701428571428572,5.452857142857143,-0.2814285714285713,-0.8742857142857142,1.0220914982701577
2020-10-11,30.824489181011955,32.00237207277123,30.6725041748621,31.75539779663086,5323300.0,0.3237415552139282,0.09,0.1,0.1,0.12,0.15,0.16,0.2,0.34,0.55,0.79,1.34,1.58,387.0,395.0,280954.0,6.95,14.7,1.65,0.0,2.2485714285714287,9.247142857142856,1.9314285714285713,0.8742857142857142,4.701428571428572,5.452857142857143,-0.2814285714285713,-0.8742857142857142,1.0220914982701577
2020-10-12,30.824489181011955,32.00237207277123,30.6725041748621,31.75539779663086,5323300.0,0.3237415552139282,0.09,0.1,0.1,0.12,0.15,0.16,0.2,0.34,0.55,0.79,1.34,1.58,387.0,395.0,280954.0,6.95,14.7,1.65,0.0,2.2485714285714287,9.247142857142856,1.9314285714285713,0.8742857142857142,4.701428571428572,5.452857142857143,-0.2814285714285713,-0.8742857142857142,1.0220914982701577
2020-10-13,31.64141190367483,32.078368370412875,31.358339223387652,32.01187515258789,5405200.0,-0.6791254170238971,0.09,0.09,0.11,0.12,0.13,0.16,0.18,0.31,0.52,0.74,1.29,1.52,389.0,391.25,130273.0,3.05,8.9,2.35,0.0,1.7642857142857142,7.775714285714285,2.33,0.6371428571428571,1.2857142857142856,1.1242857142857154,0.02,-0.6371428571428571,0.2654140635612746
2020-10-14,32.097362253018204,32.638809018131354,31.79339226641461,32.125858306884766,3363700.0,0.1056718556210398,0.09,0.1,0.12,0.12,0.13,0.14,0.18,0.3,0.51,0.73,1.28,1.5,391.0,396.5,183507.0,2.2,8.9,3.85,0.0,1.2457142857142858,7.65,2.3842857142857143,1.1842857142857144,0.9542857142857144,1.25,1.4657142857142855,-1.1842857142857144,0.6755675539479389
2020-10-15,31.51792350774673,32.38708952944235,31.51792350774673,32.287349700927734,3035100.0,-0.1062283217906951,0.09,0.1,0.11,0.12,0.12,0.14,0.18,0.32,0.52,0.74,1.29,1.52,396.0,403.75,245381.0,-0.8,6.1,2.35,0.0,0.9071428571428573,7.377142857142857,1.9642857142857144,0.8014285714285714,-1.7071428571428573,-1.2771428571428576,0.3857142857142857,-0.8014285714285714,0.4277860500882097
2020-10-16,32.61031769430258,32.68630839017169,32.363339779608644,32.372840881347656,2802000.0,-0.2164061218500137,0.09,0.09,0.11,0.12,0.12,0.14,0.18,0.32,0.53,0.76,1.3,1.52,403.25,402.0,226808.0,0.55,6.1,2.35,0.0,1.362857142857143,7.784285714285714,1.9485714285714288,1.0157142857142858,-0.812857142857143,-1.6842857142857142,0.4014285714285712,-1.0157142857142858,0.3990473186454846
2020-10-17,32.61031769430258,32.68630839017169,32.363339779608644,32.372840881347656,2802000.0,-0.2164061218500137,0.09,0.09,0.11,0.12,0.12,0.14,0.18,0.32,0.53,0.76,1.3,1.52,403.25,402.0,226808.0,0.55,6.1,2.35,0.0,1.362857142857143,7.784285714285714,1.9485714285714288,1.0157142857142858,-0.812857142857143,-1.6842857142857142,0.4014285714285712,-1.0157142857142858,0.3990473186454846
2020-10-18,32.61031769430258,32.68630839017169,32.363339779608644,32.372840881347656,2802000.0,-0.2164061218500137,0.09,0.09,0.11,0.12,0.12,0.14,0.18,0.32,0.53,0.76,1.3,1.52,403.25,402.0,226808.0,0.55,6.1,2.35,0.0,1.362857142857143,7.784285714285714,1.9485714285714288,1.0157142857142858,-0.812857142857143,-1.6842857142857142,0.4014285714285712,-1.0157142857142858,0.3990473186454846
2020-10-19,32.54381630867384,32.80979276609737,31.527415981041305,31.84088706970215,5716500.0,0.0149530619382858,0.09,0.09,0.11,0.11,0.13,0.16,0.19,0.34,0.54,0.78,1.32,1.55,401.75,405.25,167466.0,0.3,1.1,1.65,0.15,1.4071428571428573,7.832857142857142,1.9885714285714284,0.0585714285714285,-1.1071428571428572,-6.732857142857142,-0.3385714285714285,0.0914285714285715,0.7478715765246181
2020-10-20,32.04987282903241,32.05937030732825,31.270945535252913,31.413433074951172,3697400.0,0.0149530619382858,0.09,0.08,0.1,0.12,0.13,0.14,0.19,0.34,0.57,0.81,1.37,1.6,404.25,408.75,179887.0,0.55,3.9,2.4,3.3,1.032857142857143,8.248571428571429,1.9114285714285717,0.4442857142857143,-0.4828571428571429,-4.348571428571429,0.4885714285714282,2.8557142857142854,0.7519099284191915
2020-10-21,31.44192977632187,31.62241448011108,31.09141447993909,31.251951217651367,3451400.0,0.0446244254708291,0.09,0.08,0.1,0.12,0.13,0.14,0.2,0.36,0.58,0.83,1.4,1.62,408.25,413.75,216167.0,0.3,2.5,2.05,0.4,1.0685714285714285,7.745714285714286,2.1328571428571426,0.6514285714285714,-0.7685714285714285,-5.245714285714286,-0.0828571428571427,-0.2514285714285713,0.5394700482020334
2020-10-22,31.289938079468424,31.698398415960153,31.109457037793828,31.470422744750977,2646200.0,0.1870471984148025,0.09,0.09,0.09,0.11,0.13,0.16,0.21,0.38,0.62,0.87,1.43,1.67,413.75,416.25,196234.0,-0.25,0.85,4.0,1.5,1.1714285714285717,7.602857142857143,2.1799999999999997,1.0485714285714287,-1.4214285714285717,-6.752857142857144,1.8200000000000005,0.4514285714285713,1.2041853671663278
2020-10-23,31.48942026987473,31.81713573924671,31.384929914222745,31.50841522216797,3552400.0,0.1870471984148025,0.09,0.08,0.1,0.11,0.12,0.18,0.21,0.37,0.61,0.85,1.41,1.64,415.0,419.25,168924.0,-3.55,1.4,2.85,0.4,1.1828571428571428,7.027142857142857,2.162857142857143,1.5714285714285714,-4.732857142857142,-5.627142857142857,0.6871428571428573,-1.1714285714285713,1.171202193205373
2020-10-24,31.48942026987473,31.81713573924671,31.384929914222745,31.50841522216797,3552400.0,0.1870471984148025,0.09,0.08,0.1,0.11,0.12,0.18,0.21,0.37,0.61,0.85,1.41,1.64,415.0,419.25,168924.0,-3.55,1.4,2.85,0.4,1.1828571428571428,7.027142857142857,2.162857142857143,1.5714285714285714,-4.732857142857142,-5.627142857142857,0.6871428571428573,-1.1714285714285713,1.171202193205373
2020-10-25,31.48942026987473,31.81713573924671,31.384929914222745,31.50841522216797,3552400.0,0.1870471984148025,0.09,0.08,0.1,0.11,0.12,0.18,0.21,0.37,0.61,0.85,1.41,1.64,415.0,419.25,168924.0,-3.55,1.4,2.85,0.4,1.1828571428571428,7.027142857142857,2.162857142857143,1.5714285714285714,-4.732857142857142,-5.627142857142857,0.6871428571428573,-1.1714285714285713,1.171202193205373
2020-10-26,31.185454100514193,31.3469365799273,30.59176211983375,31.071462631225582,2679000.0,0.0091725438833236,0.09,0.08,0.11,0.12,0.12,0.16,0.18,0.35,0.58,0.81,1.37,1.59,419.25,417.75,206162.0,-5.25,-1.9,1.05,0.0,0.1657142857142856,6.390000000000001,2.28,0.5128571428571428,-5.4157142857142855,-8.290000000000001,-1.2299999999999998,-0.5128571428571428,1.5452620163101178
2020-10-27,31.137957181214777,31.194952918308267,30.71050183564313,30.719999313354492,2268400.0,0.0091725438833236,0.09,0.08,0.1,0.11,0.12,0.16,0.19,0.34,0.56,0.79,1.34,1.57,416.75,416.0,207081.0,-5.25,0.55,2.25,0.0,0.1042857142857143,6.0128571428571425,2.505714285714286,0.71,-5.354285714285714,-5.462857142857143,-0.2557142857142858,-0.71,1.0636178361782065
2020-10-28,29.884075713792633,30.51101423843136,29.59910431597647,30.264039993286133,3974000.0,0.3265686519443987,0.09,0.07,0.1,0.11,0.12,0.16,0.19,0.34,0.56,0.79,1.34,1.56,415.0,401.5,320256.0,-1.9,5.0,1.9,0.0,0.2271428571428571,6.569999999999999,2.507142857142857,0.5242857142857144,-2.1271428571428572,-1.5699999999999994,-0.6071428571428572,-0.5242857142857144,0.5282890168822341
2020-10-29,30.017064641770357,31.04771478464133,29.960070723228498,30.871980667114254,3936000.0,-0.0065132081508637,0.09,0.08,0.09,0.1,0.12,0.16,0.2,0.38,0.61,0.85,1.39,1.62,401.0,398.5,279411.0,-1.9,3.35,1.6,0.0,0.3642857142857142,6.362857142857142,2.274285714285714,0.6614285714285714,-2.2642857142857142,-3.012857142857142,-0.6742857142857139,-0.6614285714285714,0.6870012347615505
2020-10-30,30.767487084049165,31.32793235778809,30.501514284175656,31.32793235778809,4327700.0,0.0638159364461898,0.09,0.08,0.09,0.11,0.13,0.14,0.19,0.38,0.64,0.88,1.43,1.65,397.25,398.5,209475.0,-1.35,5.3,2.05,0.0,-0.3242857142857143,5.288571428571428,2.3457142857142856,0.3314285714285714,-1.0257142857142858,0.0114285714285715,-0.2957142857142858,-0.3314285714285714,0.2010347657701437
2020-10-31,30.767487084049165,31.32793235778809,30.501514284175656,31.32793235778809,4327700.0,0.0638159364461898,0.09,0.08,0.09,0.11,0.13,0.14,0.19,0.38,0.64,0.88,1.43,1.65,397.25,398.5,209475.0,-1.35,5.3,2.05,0.0,-0.3242857142857143,5.288571428571428,2.3457142857142856,0.3314285714285714,-1.0257142857142858,0.0114285714285715,-0.2957142857142858,-0.3314285714285714,0.2010347657701437
2020-11-01,30.767487084049165,31.32793235778809,30.501514284175656,31.32793235778809,4327700.0,0.0638159364461898,0.09,0.08,0.09,0.11,0.13,0.14,0.19,0.38,0.64,0.88,1.43,1.65,397.25,398.5,209475.0,-1.35,5.3,2.05,0.0,-0.3242857142857143,5.288571428571428,2.3457142857142856,0.3314285714285714,-1.0257142857142858,0.0114285714285715,-0.2957142857142858,-0.3314285714285714,0.2010347657701437
2020-11-02,31.6129105198339,32.14485985739956,31.44192693360238,31.802892684936523,3722000.0,-0.2365080863237381,0.09,0.09,0.09,0.11,0.13,0.16,0.2,0.38,0.63,0.87,1.41,1.63,396.0,397.5,165146.0,-0.5,10.0,1.1,0.0,-0.6642857142857143,5.42,2.3442857142857143,0.2285714285714285,0.1642857142857142,4.58,-1.2442857142857142,-0.2285714285714285,0.7393147116187896
2020-11-03,31.726904587179657,31.869388504950372,30.90048264495293,31.280447006225582,3620600.0,-0.2365080863237381,0.09,0.09,0.1,0.12,0.14,0.17,0.21,0.39,0.65,0.9,1.44,1.66,396.25,401.0,184363.0,-0.25,12.2,0.7,0.0,-0.99,5.2057142857142855,2.13,0.5028571428571429,0.74,6.994285714285714,-1.43,-0.5028571428571429,1.0601042082371928
2020-11-04,31.30893828602677,31.71264809350081,30.50151867107868,31.137954711914062,3832400.0,0.339780282229185,0.09,0.08,0.1,0.1,0.12,0.14,0.18,0.33,0.55,0.78,1.33,1.55,400.0,405.25,176330.0,-0.8,13.05,0.45,0.0,-1.3928571428571428,5.188571428571429,1.85,0.1428571428571428,0.5928571428571427,7.861428571428572,-1.4,-0.1428571428571428,1.0808875925721364
2020-11-05,31.489413978172497,32.724292176146356,31.43241826185723,32.239837646484375,3876100.0,0.5193000435829161,0.09,0.09,0.1,0.1,0.12,0.14,0.18,0.33,0.56,0.79,1.32,1.54,405.0,409.25,245189.0,0.85,11.4,1.0,0.0,-0.7714285714285715,5.144285714285715,2.267142857142857,0.63,1.6214285714285714,6.255714285714285,-1.267142857142857,-0.63,1.0478261345631514
2020-11-06,32.47732767736276,32.666360467241546,31.931133905744502,32.01187515258789,2576800.0,0.5193000435829161,0.09,0.1,0.1,0.11,0.12,0.16,0.21,0.36,0.59,0.83,1.37,1.6,409.0,406.75,200681.0,6.1,13.9,3.8,0.0,-1.372857142857143,4.758571428571429,2.12,0.2771428571428571,7.472857142857142,9.141428571428571,1.6799999999999995,-0.2771428571428571,1.9072516709046825
2020-11-07,32.47732767736276,32.666360467241546,31.931133905744502,32.01187515258789,2576800.0,0.5193000435829161,0.09,0.1,0.1,0.11,0.12,0.16,0.21,0.36,0.59,0.83,1.37,1.6,409.0,406.75,200681.0,6.1,13.9,3.8,0.0,-1.372857142857143,4.758571428571429,2.12,0.2771428571428571,7.472857142857142,9.141428571428571,1.6799999999999995,-0.2771428571428571,1.9072516709046825
2020-11-08,32.47732767736276,32.666360467241546,31.931133905744502,32.01187515258789,2576800.0,0.5193000435829161,0.09,0.1,0.1,0.11,0.12,0.16,0.21,0.36,0.59,0.83,1.37,1.6,409.0,406.75,200681.0,6.1,13.9,3.8,0.0,-1.372857142857143,4.758571428571429,2.12,0.2771428571428571,7.472857142857142,9.141428571428571,1.6799999999999995,-0.2771428571428571,1.9072516709046825
2020-11-09,33.237254853729425,34.46263240000281,32.86678799820519,32.90478515625,4633900.0,0.5193000435829161,0.09,0.1,0.11,0.11,0.12,0.17,0.25,0.44,0.7,0.96,1.51,1.73,405.75,407.5,204111.0,-0.8,9.45,2.8,10.3,-0.9514285714285714,5.041428571428571,2.23,0.57,0.1514285714285713,4.408571428571428,0.5699999999999998,9.73,1.2836755972033616
2020-11-10,33.0092759898234,34.567123255321164,33.0092759898234,34.415138244628906,6713100.0,0.5193000435829161,0.09,0.09,0.1,0.11,0.12,0.19,0.26,0.46,0.72,0.98,1.53,1.75,407.0,423.0,355814.0,-3.85,-0.25,2.3,5.45,-1.97,3.628571428571429,2.5085714285714285,1.0799999999999998,-1.88,-3.878571428571429,-0.2085714285714286,4.37,0.8858566054315752
2020-11-11,33.0092759898234,34.567123255321164,33.0092759898234,34.415138244628906,6713100.0,0.5193000435829161,0.09,0.09,0.1,0.11,0.12,0.19,0.26,0.46,0.72,0.98,1.53,1.75,407.0,423.0,355814.0,-3.85,-0.25,2.3,5.45,-1.97,3.628571428571429,2.5085714285714285,1.0799999999999998,-1.88,-3.878571428571429,-0.2085714285714286,4.37,0.8858566054315752
2020-11-12,34.64256989560877,34.64256989560877,33.23646814764229,33.422359466552734,3750300.0,0.6465526819229124,0.09,0.1,0.1,0.1,0.13,0.17,0.23,0.4,0.64,0.88,1.42,1.64,417.25,408.25,234330.0,-5.8,-0.8,1.8,0.0,-2.1042857142857145,3.2514285714285713,2.4357142857142855,0.5971428571428572,-3.6957142857142857,-4.051428571428572,-0.6357142857142855,-0.5971428571428572,0.8885511299085507
2020-11-13,33.48909468912086,34.52818143012023,33.48909468912086,34.32798767089844,3361500.0,0.6465526819229124,0.09,0.1,0.09,0.1,0.12,0.17,0.23,0.41,0.65,0.89,1.43,1.65,407.5,410.5,188493.0,-5.5,1.4,3.5,0.0,-1.6157142857142857,4.27,2.2285714285714286,0.4057142857142857,-3.8842857142857143,-2.8699999999999997,1.2714285714285714,-0.4057142857142857,0.9656219250994668
2020-11-14,33.48909468912086,34.52818143012023,33.48909468912086,34.32798767089844,3361500.0,0.6465526819229124,0.09,0.1,0.09,0.1,0.12,0.17,0.23,0.41,0.65,0.89,1.43,1.65,407.5,410.5,188493.0,-5.5,1.4,3.5,0.0,-1.6157142857142857,4.27,2.2285714285714286,0.4057142857142857,-3.8842857142857143,-2.8699999999999997,1.2714285714285714,-0.4057142857142857,0.9656219250994668
2020-11-15,33.48909468912086,34.52818143012023,33.48909468912086,34.32798767089844,3361500.0,0.6465526819229124,0.09,0.1,0.09,0.1,0.12,0.17,0.23,0.41,0.65,0.89,1.43,1.65,407.5,410.5,188493.0,-5.5,1.4,3.5,0.0,-1.6157142857142857,4.27,2.2285714285714286,0.4057142857142857,-3.8842857142857143,-2.8699999999999997,1.2714285714285714,-0.4057142857142857,0.9656219250994668
2020-11-16,35.176413193233046,35.8151159426896,34.642569321117016,35.68165588378906,3498000.0,0.2019378244876861,0.09,0.09,0.09,0.12,0.12,0.19,0.24,0.41,0.66,0.91,1.44,1.66,409.0,416.25,132116.0,-2.75,5.0,2.35,0.0,-1.9228571428571428,3.962857142857142,2.3457142857142856,0.4042857142857143,-0.8271428571428572,1.0371428571428578,0.0042857142857144,-0.4042857142857143,0.1935284167379595
2020-11-17,35.28127087761483,35.552958455908374,34.85229317037199,35.29080581665039,3706200.0,0.2412097156047821,0.09,0.08,0.09,0.1,0.12,0.18,0.22,0.39,0.63,0.87,1.4,1.62,417.5,420.25,156573.0,-3.3,3.9,1.9,0.0,-2.13,3.0985714285714288,2.3242857142857143,0.3628571428571428,-1.17,0.8014285714285712,-0.4242857142857144,-0.3628571428571428,0.3155721883602312
2020-11-18,35.50053948591726,35.786525905922474,34.976226806640625,34.976226806640625,2329400.0,0.3179410584270955,0.09,0.07,0.09,0.1,0.11,0.16,0.22,0.4,0.64,0.88,1.42,1.62,419.0,425.75,205431.0,1.95,8.05,3.15,0.0,-1.8457142857142856,3.8042857142857143,2.4028571428571426,1.3028571428571427,3.795714285714286,4.245714285714286,0.7471428571428573,-1.3028571428571427,0.9985002320715696
2020-11-19,34.92855564396888,35.56726202925994,34.69023307146743,35.23360824584961,3274100.0,-0.0189672335982322,0.08,0.08,0.07,0.1,0.11,0.18,0.22,0.39,0.63,0.86,1.38,1.58,424.5,422.5,133305.0,1.1,7.5,1.25,0.0,-2.0914285714285716,3.407142857142857,2.4014285714285712,0.4142857142857143,3.1914285714285717,4.092857142857143,-1.1514285714285712,-0.4142857142857143,0.9693967840566184
2020-11-20,35.20977795584745,35.529129328289095,35.12874551794045,35.42426681518555,2536500.0,0.1961614806205034,0.08,0.09,0.07,0.1,0.11,0.16,0.21,0.38,0.62,0.83,1.33,1.53,422.25,423.25,137243.0,-1.6,3.6,1.25,0.0,-2.6028571428571428,3.06,2.1542857142857144,0.3614285714285714,1.002857142857143,0.54,-0.9042857142857144,-0.3614285714285714,0.4075474358124484
2020-11-21,35.20977795584745,35.529129328289095,35.12874551794045,35.42426681518555,2536500.0,0.1961614806205034,0.08,0.09,0.07,0.1,0.11,0.16,0.21,0.38,0.62,0.83,1.33,1.53,422.25,423.25,137243.0,-1.6,3.6,1.25,0.0,-2.6028571428571428,3.06,2.1542857142857144,0.3614285714285714,1.002857142857143,0.54,-0.9042857142857144,-0.3614285714285714,0.4075474358124484
2020-11-22,35.20977795584745,35.529129328289095,35.12874551794045,35.42426681518555,2536500.0,0.1961614806205034,0.08,0.09,0.07,0.1,0.11,0.16,0.21,0.38,0.62,0.83,1.33,1.53,422.25,423.25,137243.0,-1.6,3.6,1.25,0.0,-2.6028571428571428,3.06,2.1542857142857144,0.3614285714285714,1.002857142857143,0.54,-0.9042857142857144,-0.3614285714285714,0.4075474358124484
2020-11-23,35.77698758260546,36.5110216276907,35.76745627866261,36.024845123291016,2712000.0,0.4912030845880507,0.08,0.08,0.08,0.08,0.1,0.16,0.22,0.39,0.64,0.86,1.36,1.56,427.5,426.5,153801.0,-3.55,2.5,2.6,0.0,-3.065714285714286,2.47,2.3128571428571427,0.9485714285714286,-0.484285714285714,0.0299999999999998,0.2871428571428573,-0.9485714285714286,0.198233254985551
2020-11-24,36.37755616152823,37.18785142759727,36.13923359662395,37.08299255371094,4449400.0,0.8849623948335645,0.08,0.08,0.09,0.1,0.11,0.16,0.22,0.39,0.65,0.88,1.4,1.6,425.75,425.75,144304.0,-0.25,1.95,2.1,0.0,-3.25,2.5342857142857143,2.337142857142857,0.6142857142857143,3.0,-0.5842857142857143,-0.2371428571428571,-0.6142857142857143,0.436640816165997
2020-11-25,36.968597814158635,37.0734603322454,36.53485260522538,36.7779426574707,2738900.0,0.0804413408040999,0.08,0.07,0.09,0.09,0.11,0.17,0.21,0.39,0.65,0.88,1.41,1.62,426.0,420.0,124261.0,-1.35,-0.25,1.55,0.0,-3.63,1.6114285714285714,2.047142857142857,0.0914285714285714,2.28,-1.8614285714285712,-0.4971428571428571,-0.0914285714285714,0.5028788436396385
2020-11-26,36.968597814158635,37.0734603322454,36.53485260522538,36.7779426574707,2738900.0,0.0804413408040999,0.08,0.07,0.09,0.09,0.11,0.17,0.21,0.39,0.65,0.88,1.41,1.62,426.0,420.0,124261.0,-1.35,-0.25,1.55,0.0,-3.63,1.6114285714285714,2.047142857142857,0.0914285714285714,2.28,-1.8614285714285712,-0.4971428571428571,-0.0914285714285714,0.5028788436396385
2020-11-27,36.73981163954536,37.14972678852867,36.53008659499181,36.61588287353515,1368500.0,-0.1108593977987765,0.08,0.09,0.09,0.1,0.11,0.16,0.2,0.37,0.61,0.84,1.36,1.57,420.25,425.5,68262.0,-3.55,3.9,1.05,0.0,-3.919999999999999,1.5842857142857143,2.2457142857142856,0.8785714285714286,0.3699999999999992,2.315714285714286,-1.1957142857142855,-0.8785714285714286,0.6118676541799684
2020-11-28,36.73981163954536,37.14972678852867,36.53008659499181,36.61588287353515,1368500.0,-0.1108593977987765,0.08,0.09,0.09,0.1,0.11,0.16,0.2,0.37,0.61,0.84,1.36,1.57,420.25,425.5,68262.0,-3.55,3.9,1.05,0.0,-3.919999999999999,1.5842857142857143,2.2457142857142856,0.8785714285714286,0.3699999999999992,2.315714285714286,-1.1957142857142855,-0.8785714285714286,0.6118676541799684
2020-11-29,36.73981163954536,37.14972678852867,36.53008659499181,36.61588287353515,1368500.0,-0.1108593977987765,0.08,0.09,0.09,0.1,0.11,0.16,0.2,0.37,0.61,0.84,1.36,1.57,420.25,425.5,68262.0,-3.55,3.9,1.05,0.0,-3.919999999999999,1.5842857142857143,2.2457142857142856,0.8785714285714286,0.3699999999999992,2.315714285714286,-1.1957142857142855,-0.8785714285714286,0.6118676541799684
2020-11-30,36.615882795694944,36.787475352416855,35.977179996296606,36.530086517333984,4864600.0,-0.4420597553253174,0.09,0.08,0.08,0.09,0.11,0.16,0.19,0.36,0.62,0.84,1.37,1.58,427.5,419.75,14701.0,-5.8,2.2,1.3,0.0,-3.6628571428571424,1.052857142857143,2.355714285714286,0.6342857142857142,-2.1371428571428575,1.1471428571428572,-1.0557142857142858,-0.6342857142857142,0.6237814826147533
2020-12-01,36.89232467245816,37.5977572540837,36.45381213398684,36.52054214477539,3367500.0,0.0057831779122352,0.09,0.07,0.09,0.1,0.12,0.17,0.22,0.42,0.68,0.92,1.46,1.66,420.0,414.75,5316.0,-2.75,3.9,1.85,0.0,-3.7928571428571423,1.481428571428571,2.157142857142857,0.4257142857142857,1.0428571428571425,2.418571428571429,-0.3071428571428569,-0.4257142857142857,0.4087547430371269
2020-12-02,36.34896180877832,36.86850330035758,36.13923676956479,36.482421875,3503800.0,0.0057831779122352,0.09,0.07,0.09,0.1,0.11,0.16,0.22,0.42,0.69,0.95,1.5,1.7,414.5,419.0,3551.0,-4.4,1.95,1.3,0.0,-4.277142857142858,1.3228571428571427,2.16,0.1542857142857142,-0.1228571428571427,0.6271428571428572,-0.8600000000000001,-0.1542857142857142,0.3051694762469786
2020-12-03,36.37755289340865,36.81606550067372,36.09156656851896,36.42521667480469,2874200.0,-1.7082395534962416,0.09,0.08,0.08,0.09,0.1,0.16,0.21,0.4,0.67,0.92,1.46,1.67,419.25,422.5,2379.0,-3.0,3.6,1.65,0.0,-4.355714285714285,0.5914285714285715,2.0357142857142856,0.1328571428571428,1.355714285714285,3.0085714285714285,-0.3857142857142857,-0.1328571428571428,0.483941495290166
2020-12-04,36.596804264372835,37.006719274852934,36.46334423984683,36.84466171264648,3633500.0,-1.7329532615840435,0.09,0.07,0.09,0.1,0.11,0.16,0.21,0.42,0.7,0.97,1.53,1.73,422.25,417.0,1675.0,-2.45,5.3,0.8,0.0,-4.804285714285714,0.6228571428571429,2.2357142857142858,0.3657142857142857,2.354285714285714,4.677142857142857,-1.4357142857142855,-0.3657142857142857,1.011937477950415
2020-12-05,36.596804264372835,37.006719274852934,36.46334423984683,36.84466171264648,3633500.0,-1.7329532615840435,0.09,0.07,0.09,0.1,0.11,0.16,0.21,0.42,0.7,0.97,1.53,1.73,422.25,417.0,1675.0,-2.45,5.3,0.8,0.0,-4.804285714285714,0.6228571428571429,2.2357142857142858,0.3657142857142857,2.354285714285714,4.677142857142857,-1.4357142857142855,-0.3657142857142857,1.011937477950415
2020-12-06,36.596804264372835,37.006719274852934,36.46334423984683,36.84466171264648,3633500.0,-1.7329532615840435,0.09,0.07,0.09,0.1,0.11,0.16,0.21,0.42,0.7,0.97,1.53,1.73,422.25,417.0,1675.0,-2.45,5.3,0.8,0.0,-4.804285714285714,0.6228571428571429,2.2357142857142858,0.3657142857142857,2.354285714285714,4.677142857142857,-1.4357142857142855,-0.3657142857142857,1.011937477950415
2020-12-07,36.69214010696276,36.96382765894223,36.06773257510488,36.16782760620117,3012900.0,-0.697337344288826,0.09,0.09,0.08,0.1,0.1,0.14,0.2,0.4,0.67,0.94,1.49,1.69,415.25,419.5,1156.0,-2.75,4.45,1.05,0.0,-4.83,0.2628571428571429,1.79,0.0742857142857142,2.08,4.187142857142858,-0.74,-0.0742857142857142,0.7373047934846141
2020-12-08,35.99624052777647,36.65878063922869,35.85324916309648,36.62541198730469,4178100.0,0.9586871797218915,0.09,0.08,0.09,0.09,0.1,0.14,0.2,0.39,0.65,0.92,1.46,1.67,418.75,417.0,1757.0,-2.75,6.1,1.3,0.0,-4.975714285714286,0.3057142857142857,2.0085714285714285,0.5257142857142857,2.225714285714286,5.794285714285714,-0.7085714285714284,-0.5257142857142857,0.9082077531180284
2020-12-09,36.673088267963664,37.531047572767825,36.66355332610745,37.187862396240234,3293800.0,-0.2206375235691667,0.09,0.07,0.08,0.09,0.1,0.16,0.21,0.41,0.68,0.95,1.48,1.69,418.0,422.0,1079.0,0.85,7.2,1.2,0.0,-4.8271428571428565,0.47,2.2114285714285717,0.2871428571428571,5.677142857142856,6.73,-1.0114285714285718,-0.2871428571428571,1.3663707375402458
2020-12-10,36.863735843291245,37.39757974487846,36.69214692702778,36.93046951293945,3124000.0,0.6210448835045097,0.09,0.07,0.08,0.09,0.1,0.14,0.2,0.39,0.65,0.92,1.44,1.65,422.0,420.25,1262.0,0.55,4.45,3.0,0.0,-5.1171428571428565,0.4185714285714286,2.2,0.43,5.667142857142856,4.031428571428572,0.7999999999999998,-0.43,1.1004257318401804
2020-12-11,36.52055567737599,36.89233834282189,36.28223308296049,36.59681701660156,3131000.0,-1.0607550479471684,0.09,0.08,0.08,0.08,0.1,0.11,0.18,0.37,0.63,0.9,1.42,1.63,422.0,424.25,1724.0,-0.8,1.95,3.7,0.0,-5.515714285714286,-0.1171428571428571,2.26,0.1842857142857143,4.715714285714286,2.067142857142857,1.4400000000000004,-0.1842857142857143,1.0052665190859855
2020-12-12,36.52055567737599,36.89233834282189,36.28223308296049,36.59681701660156,3131000.0,-1.0607550479471684,0.09,0.08,0.08,0.08,0.1,0.11,0.18,0.37,0.63,0.9,1.42,1.63,422.0,424.25,1724.0,-0.8,1.95,3.7,0.0,-5.515714285714286,-0.1171428571428571,2.26,0.1842857142857143,4.715714285714286,2.067142857142857,1.4400000000000004,-0.1842857142857143,1.0052665190859855
2020-12-13,36.52055567737599,36.89233834282189,36.28223308296049,36.59681701660156,3131000.0,-1.0607550479471684,0.09,0.08,0.08,0.08,0.1,0.11,0.18,0.37,0.63,0.9,1.42,1.63,422.0,424.25,1724.0,-0.8,1.95,3.7,0.0,-5.515714285714286,-0.1171428571428571,2.26,0.1842857142857143,4.715714285714286,2.067142857142857,1.4400000000000004,-0.1842857142857143,1.0052665190859855
2020-12-14,38.13161316330438,38.3508695026117,36.90663523589379,36.94953155517578,3594000.0,1.5273994803428648,0.09,0.07,0.09,0.08,0.1,0.13,0.17,0.37,0.63,0.9,1.43,1.63,424.75,419.25,108692.0,-7.15,-3.3,1.5,0.0,-4.34,0.4599999999999999,2.337142857142857,0.5514285714285715,-2.8100000000000005,-3.76,-0.8371428571428572,-0.5514285714285715,0.8333822371160252
2020-12-15,37.407116323435545,37.48147212982599,36.45382593802859,37.3880500793457,3789100.0,1.9518679380416863,0.09,0.07,0.08,0.08,0.09,0.11,0.18,0.37,0.64,0.92,1.45,1.65,424.0,424.75,98612.0,-4.1,-1.05,1.95,0.0,-4.467142857142857,-0.0185714285714286,2.4028571428571426,1.0885714285714283,0.3671428571428574,-1.0314285714285714,-0.4528571428571426,-1.0885714285714283,0.3241967476217032
2020-12-16,37.4643104875552,37.4643104875552,36.81607275067724,37.25458908081055,3164700.0,-0.0603361576795577,0.09,0.08,0.09,0.09,0.09,0.13,0.18,0.37,0.64,0.92,1.46,1.66,425.25,427.25,111651.0,-3.0,0.0,1.95,0.0,-5.111428571428571,-0.0542857142857143,2.3,0.3257142857142857,2.111428571428571,0.0542857142857143,-0.3499999999999998,-0.3257142857142857,0.3191156437637903
2020-12-17,37.49290702874765,37.845623400678704,37.38041875090344,37.82655715942383,4322000.0,0.8073992878198623,0.09,0.08,0.08,0.09,0.09,0.13,0.19,0.38,0.66,0.94,1.47,1.68,426.25,432.5,119655.0,-5.8,2.2,1.05,0.0,-5.667142857142857,-0.3785714285714285,1.97,0.1428571428571428,-0.1328571428571425,2.5785714285714287,-0.92,-0.1428571428571428,0.4799715728411267
2020-12-18,37.57870320878837,37.82656073199731,37.011497933068505,37.56917190551758,9395000.0,0.8964848592877386,0.09,0.08,0.08,0.09,0.09,0.13,0.19,0.39,0.67,0.95,1.49,1.7,432.25,437.5,128812.0,-3.55,2.5,2.5,0.0,-5.784285714285714,-0.8814285714285713,2.11,0.0985714285714285,2.234285714285714,3.3814285714285712,0.3900000000000001,-0.0985714285714285,0.5940402640081759
2020-12-19,37.57870320878837,37.82656073199731,37.011497933068505,37.56917190551758,9395000.0,0.8964848592877386,0.09,0.08,0.08,0.09,0.09,0.13,0.19,0.39,0.67,0.95,1.49,1.7,432.25,437.5,128812.0,-3.55,2.5,2.5,0.0,-5.784285714285714,-0.8814285714285713,2.11,0.0985714285714285,2.234285714285714,3.3814285714285712,0.3900000000000001,-0.0985714285714285,0.5940402640081759
2020-12-20,37.57870320878837,37.82656073199731,37.011497933068505,37.56917190551758,9395000.0,0.8964848592877386,0.09,0.08,0.08,0.09,0.09,0.13,0.19,0.39,0.67,0.95,1.49,1.7,432.25,437.5,128812.0,-3.55,2.5,2.5,0.0,-5.784285714285714,-0.8814285714285713,2.11,0.0985714285714285,2.234285714285714,3.3814285714285712,0.3900000000000001,-0.0985714285714285,0.5940402640081759
2020-12-21,36.85420133904025,37.76935911669394,36.531035271493224,37.70262908935547,2894300.0,0.6114310782868415,0.09,0.08,0.09,0.09,0.09,0.13,0.18,0.39,0.66,0.95,1.48,1.68,438.0,440.0,141947.0,-2.75,3.6,3.15,0.0,-5.752857142857143,-1.0842857142857143,2.474285714285714,0.4899999999999999,3.0028571428571427,4.684285714285714,0.6757142857142857,-0.4899999999999999,0.8782737868233121
2020-12-22,37.759841526188445,37.85993660354449,37.13066987101112,37.15926742553711,2713800.0,0.421760383993387,0.09,0.07,0.09,0.09,0.09,0.13,0.17,0.37,0.64,0.93,1.45,1.65,440.0,443.5,140992.0,-1.35,7.5,4.05,0.0,-5.854285714285714,-1.2442857142857144,2.1142857142857143,0.1485714285714285,4.5042857142857144,8.744285714285715,1.9357142857142855,-0.1485714285714285,1.658847337704736
2020-12-23,37.283184520155906,37.69309964343383,37.283184520155906,37.34991455078125,2330800.0,0.331222802400589,0.09,0.07,0.09,0.09,0.09,0.13,0.18,0.38,0.67,0.96,1.49,1.7,442.75,447.25,147651.0,-8.0,3.9,6.1,2.65,-6.398571428571429,-1.6214285714285714,2.351428571428571,0.3842857142857143,-1.6014285714285714,5.521428571428571,3.7485714285714287,2.2657142857142856,1.7796455375339624
2020-12-24,37.20692064023659,37.70263205120293,37.20692064023659,37.65496826171875,847600.0,-0.4293653070926665,0.09,0.09,0.09,0.09,0.1,0.13,0.17,0.37,0.66,0.94,1.46,1.66,446.75,451.0,74879.0,-9.95,-6.35,2.15,0.0,-6.388571428571429,-1.2614285714285711,2.174285714285714,0.4899999999999999,-3.5614285714285705,-5.088571428571429,-0.024285714285714,-0.4899999999999999,0.7880223056331537
2020-12-25,37.20692064023659,37.70263205120293,37.20692064023659,37.65496826171875,847600.0,-0.4293653070926665,0.09,0.09,0.09,0.09,0.1,0.13,0.17,0.37,0.66,0.94,1.46,1.66,446.75,451.0,74879.0,-9.95,-6.35,2.15,0.0,-6.388571428571429,-1.2614285714285711,2.174285714285714,0.4899999999999999,-3.5614285714285705,-5.088571428571429,-0.024285714285714,-0.4899999999999999,0.7880223056331537
2020-12-26,37.20692064023659,37.70263205120293,37.20692064023659,37.65496826171875,847600.0,-0.4293653070926665,0.09,0.09,0.09,0.09,0.1,0.13,0.17,0.37,0.66,0.94,1.46,1.66,446.75,451.0,74879.0,-9.95,-6.35,2.15,0.0,-6.388571428571429,-1.2614285714285711,2.174285714285714,0.4899999999999999,-3.5614285714285705,-5.088571428571429,-0.024285714285714,-0.4899999999999999,0.7880223056331537
2020-12-27,37.20692064023659,37.70263205120293,37.20692064023659,37.65496826171875,847600.0,-0.4293653070926665,0.09,0.09,0.09,0.09,0.1,0.13,0.17,0.37,0.66,0.94,1.46,1.66,446.75,451.0,74879.0,-9.95,-6.35,2.15,0.0,-6.388571428571429,-1.2614285714285711,2.174285714285714,0.4899999999999999,-3.5614285714285705,-5.088571428571429,-0.024285714285714,-0.4899999999999999,0.7880223056331537
2020-12-28,37.53103802876025,37.72169681573783,36.53008394277033,36.55868148803711,2545800.0,0.0081010386347769,0.09,0.09,0.11,0.11,0.11,0.13,0.17,0.38,0.65,0.94,1.46,1.67,452.0,456.5,145219.0,-7.15,-1.6,0.95,0.0,-5.527142857142857,-0.1714285714285714,2.2114285714285717,0.4028571428571428,-1.6228571428571437,-1.4285714285714286,-1.2614285714285718,-0.4028571428571428,0.6362403902073833
2020-12-29,36.86372899133255,37.10205153294658,35.915206293932435,36.16782760620117,3183900.0,-0.0187518596649169,0.09,0.08,0.1,0.12,0.11,0.12,0.17,0.37,0.66,0.94,1.47,1.67,455.75,466.0,191298.0,-6.9,-1.35,2.2,2.65,-5.731428571428571,-1.4685714285714286,2.2314285714285713,0.8928571428571429,-1.168571428571429,0.1185714285714285,-0.0314285714285711,1.7571428571428571,0.2631486687869576
2020-12-30,36.40615905898705,36.88280425888404,36.23456649610299,36.64448165893555,3396800.0,0.110129565000534,0.09,0.06,0.08,0.09,0.12,0.12,0.17,0.37,0.66,0.93,1.46,1.66,466.0,474.5,163367.0,-4.95,-1.05,2.95,0.0,-6.2,-1.3342857142857143,2.2985714285714285,0.7571428571428571,1.25,0.2842857142857142,0.6514285714285717,-0.7571428571428571,0.3726090751376142
2020-12-31,36.85420111685742,37.14972240508458,36.50148474069281,36.911399841308594,2316800.0,0.4917015433311462,0.09,0.08,0.09,0.09,0.1,0.13,0.17,0.36,0.65,0.93,1.45,1.65,474.0,484.0,168459.0,-6.9,-1.35,1.75,0.0,-7.005714285714285,-2.1728571428571426,2.2823529411764705,0.2028571428571428,0.1057142857142849,0.8228571428571425,-0.5323529411764705,-0.2028571428571428,0.2353555250761996
2021-01-01,36.85420111685742,37.14972240508458,36.50148474069281,36.911399841308594,2316800.0,0.4917015433311462,0.09,0.08,0.09,0.09,0.1,0.13,0.17,0.36,0.65,0.93,1.45,1.65,474.0,484.0,168459.0,-6.9,-1.35,1.75,0.0,-7.005714285714285,-2.1728571428571426,2.2823529411764705,0.2028571428571428,0.1057142857142849,0.8228571428571425,-0.5323529411764705,-0.2028571428571428,0.2353555250761996
2021-01-02,36.85420111685742,37.14972240508458,36.50148474069281,36.911399841308594,2316800.0,0.4917015433311462,0.09,0.08,0.09,0.09,0.1,0.13,0.17,0.36,0.65,0.93,1.45,1.65,474.0,484.0,168459.0,-6.9,-1.35,1.75,0.0,-7.005714285714285,-2.1728571428571426,2.2823529411764705,0.2028571428571428,0.1057142857142849,0.8228571428571425,-0.5323529411764705,-0.2028571428571428,0.2353555250761996
2021-01-03,36.85420111685742,37.14972240508458,36.50148474069281,36.911399841308594,2316800.0,0.4917015433311462,0.09,0.08,0.09,0.09,0.1,0.13,0.17,0.36,0.65,0.93,1.45,1.65,474.0,484.0,168459.0,-6.9,-1.35,1.75,0.0,-7.005714285714285,-2.1728571428571426,2.2823529411764705,0.2028571428571428,0.1057142857142849,0.8228571428571425,-0.5323529411764705,-0.2028571428571428,0.2353555250761996
2021-01-04,37.05439287957326,37.36898042356334,36.31082761052598,36.55868148803711,3693700.0,0.6956584453582764,0.09,0.09,0.09,0.09,0.1,0.11,0.16,0.36,0.64,0.93,1.46,1.66,487.25,483.75,265157.0,-4.1,1.95,1.7,0.0,-7.15,-1.8785714285714288,2.1514285714285712,0.1785714285714285,3.0500000000000007,3.8285714285714287,-0.4514285714285713,-0.1785714285714285,0.7286028692019151
2021-01-05,36.49195149161805,37.22598545842247,36.434756401031926,37.00672912597656,2647700.0,0.7447719797492027,0.09,0.08,0.09,0.09,0.1,0.13,0.17,0.38,0.66,0.96,1.49,1.7,484.5,491.75,219646.0,-5.25,2.5,1.5,0.0,-6.574285714285714,-1.882857142857143,2.3657142857142857,0.23,1.3242857142857138,4.382857142857143,-0.8657142857142857,-0.23,0.7291535607287982
2021-01-06,37.48338341524068,39.57108837050264,37.16879943076974,39.151641845703125,4991400.0,0.1195813938975335,0.09,0.09,0.09,0.09,0.11,0.14,0.2,0.43,0.74,1.04,1.6,1.81,492.5,495.0,202374.0,0.3,1.65,2.1,4.2,-6.7628571428571425,-2.0771428571428574,2.1114285714285717,0.32,7.062857142857142,3.7271428571428578,-0.0114285714285715,3.88,1.2620847068984071
2021-01-07,39.704546616287274,40.50531069778176,39.44715777189466,39.847537994384766,3986200.0,-0.1777512896806001,0.09,0.09,0.09,0.09,0.11,0.14,0.22,0.46,0.78,1.08,1.64,1.85,495.0,494.0,185782.0,-1.05,0.85,1.5,0.0,-6.777142857142857,-1.522857142857143,1.9457142857142855,0.1428571428571428,5.727142857142857,2.3728571428571428,-0.4457142857142855,-0.1428571428571428,0.8536726548228729
2021-01-08,40.533911018819424,41.306077604817304,40.200257174073144,41.22981262207031,4667300.0,-0.4085970520973205,0.09,0.08,0.08,0.09,0.1,0.14,0.24,0.49,0.81,1.13,1.67,1.87,494.0,496.25,163270.0,-1.05,0.0,0.55,0.0,-6.364285714285714,-0.9842857142857144,2.072857142857143,0.4285714285714285,5.314285714285714,0.9842857142857144,-1.522857142857143,-0.4285714285714285,1.0138868164971708
2021-01-09,40.533911018819424,41.306077604817304,40.200257174073144,41.22981262207031,4667300.0,-0.4085970520973205,0.09,0.08,0.08,0.09,0.1,0.14,0.24,0.49,0.81,1.13,1.67,1.87,494.0,496.25,163270.0,-1.05,0.0,0.55,0.0,-6.364285714285714,-0.9842857142857144,2.072857142857143,0.4285714285714285,5.314285714285714,0.9842857142857144,-1.522857142857143,-0.4285714285714285,1.0138868164971708
2021-01-10,40.533911018819424,41.306077604817304,40.200257174073144,41.22981262207031,4667300.0,-0.4085970520973205,0.09,0.08,0.08,0.09,0.1,0.14,0.24,0.49,0.81,1.13,1.67,1.87,494.0,496.25,163270.0,-1.05,0.0,0.55,0.0,-6.364285714285714,-0.9842857142857144,2.072857142857143,0.4285714285714285,5.314285714285714,0.9842857142857144,-1.522857142857143,-0.4285714285714285,1.0138868164971708
2021-01-11,40.648302984112654,41.71598723778989,40.47194658353387,41.58252716064453,3624100.0,-0.1115424018353225,0.09,0.09,0.08,0.1,0.1,0.14,0.22,0.5,0.84,1.15,1.68,1.88,496.5,492.25,176563.0,-2.45,1.4,1.55,0.0,-6.1814285714285715,-1.2057142857142855,2.351428571428571,0.2142857142857143,3.7314285714285713,2.6057142857142854,-0.8014285714285709,-0.2142857142857143,0.7889431725607248
2021-01-12,41.468132903431176,42.75507350444917,41.067752676097335,42.49768829345703,4517800.0,1.041457811836153,0.09,0.09,0.09,0.09,0.11,0.14,0.23,0.5,0.83,1.15,1.68,1.88,491.5,517.25,248448.0,-3.0,3.05,0.7,0.0,-6.71,-2.0185714285714287,2.4099999999999997,0.1742857142857142,3.71,5.0685714285714285,-1.7099999999999995,-0.1742857142857142,1.2279116539169408
2021-01-13,42.40235669897348,42.85993565613876,41.43000005130439,42.06870651245117,2634700.0,0.7495294213294982,0.09,0.09,0.09,0.1,0.12,0.14,0.22,0.48,0.8,1.1,1.63,1.82,524.0,524.5,327689.0,-1.9,3.6,0.75,1.0,-7.075714285714286,-1.85,2.0628571428571427,0.2814285714285714,5.175714285714285,5.45,-1.3128571428571427,0.7185714285714286,1.3304046468465345
2021-01-14,42.240297343809914,42.65021249130757,42.00197475277705,42.14496612548828,2113100.0,0.0860195755958555,0.09,0.09,0.09,0.09,0.1,0.16,0.23,0.49,0.82,1.15,1.69,1.88,523.0,534.25,210370.0,-0.5,2.8,5.6,4.3,-6.7,-1.602857142857143,2.24,0.4028571428571428,6.2,4.402857142857143,3.359999999999999,3.897142857142857,2.137116882575378
2021-01-15,41.830376349557525,41.935238856797305,41.03914371239454,41.70644760131836,3792200.0,0.5460487343370913,0.09,0.08,0.09,0.1,0.1,0.13,0.2,0.46,0.78,1.11,1.66,1.85,534.0,531.5,167504.0,-1.35,-0.25,5.85,0.5,-7.344285714285714,-1.8971428571428572,2.242857142857143,0.0542857142857142,5.994285714285715,1.6471428571428572,3.6071428571428568,0.4457142857142858,1.6913747463980082
2021-01-16,41.830376349557525,41.935238856797305,41.03914371239454,41.70644760131836,3792200.0,0.5460487343370913,0.09,0.08,0.09,0.1,0.1,0.13,0.2,0.46,0.78,1.11,1.66,1.85,534.0,531.5,167504.0,-1.35,-0.25,5.85,0.5,-7.344285714285714,-1.8971428571428572,2.242857142857143,0.0542857142857142,5.994285714285715,1.6471428571428572,3.6071428571428568,0.4457142857142858,1.6913747463980082
2021-01-17,41.830376349557525,41.935238856797305,41.03914371239454,41.70644760131836,3792200.0,0.5460487343370913,0.09,0.08,0.09,0.1,0.1,0.13,0.2,0.46,0.78,1.11,1.66,1.85,534.0,531.5,167504.0,-1.35,-0.25,5.85,0.5,-7.344285714285714,-1.8971428571428572,2.242857142857143,0.0542857142857142,5.994285714285715,1.6471428571428572,3.6071428571428568,0.4457142857142858,1.6913747463980082
2021-01-18,41.830376349557525,41.935238856797305,41.03914371239454,41.70644760131836,3792200.0,0.5460487343370913,0.09,0.08,0.09,0.1,0.1,0.13,0.2,0.46,0.78,1.11,1.66,1.85,534.0,531.5,167504.0,-1.35,-0.25,5.85,0.5,-7.344285714285714,-1.8971428571428572,2.242857142857143,0.0542857142857142,5.994285714285715,1.6471428571428572,3.6071428571428568,0.4457142857142858,1.6913747463980082
2021-01-19,41.65879589636948,41.76365843401498,40.896164217831384,41.496734619140625,2507900.0,-1.2152203917503357,0.09,0.07,0.09,0.11,0.1,0.14,0.21,0.45,0.78,1.1,1.65,1.84,531.5,526.0,188564.0,-5.25,0.55,3.1,0.0,-6.774285714285714,-1.8857142857142857,2.1414285714285715,0.3157142857142857,1.524285714285714,2.435714285714286,0.9585714285714286,-0.3157142857142857,0.6209426447493258
2021-01-20,41.83038776090162,41.84945400710228,41.26794622578334,41.620662689208984,2660900.0,-0.9268494248390198,0.09,0.08,0.08,0.1,0.1,0.13,0.19,0.45,0.78,1.1,1.65,1.84,525.0,522.0,217777.0,-4.1,4.15,2.95,0.0,-6.951428571428572,-2.144285714285714,2.0,0.4942857142857143,2.8514285714285723,6.2942857142857145,0.9500000000000002,-0.4942857142857143,1.0691055136731455
2021-01-21,41.74459684275821,42.28797220159487,39.39950280604052,39.70455551147461,6190400.0,0.2487590592354532,0.08,0.07,0.09,0.09,0.1,0.13,0.19,0.45,0.79,1.12,1.68,1.87,521.0,524.25,169566.0,-4.1,1.4,3.2,0.0,-6.198571428571428,-0.9542857142857144,2.224285714285714,0.1685714285714285,2.0985714285714288,2.354285714285714,0.975714285714286,-0.1685714285714285,0.6606008706074116
2021-01-22,39.35182891958296,40.30511937702646,39.1325725507527,40.09539794921875,5239000.0,-0.6165992300957444,0.08,0.07,0.08,0.1,0.1,0.13,0.19,0.44,0.77,1.1,1.66,1.85,522.5,500.5,289548.0,-6.35,-2.45,1.45,0.0,-6.054285714285714,-1.0214285714285714,2.4014285714285712,0.1657142857142857,-0.2957142857142854,-1.4285714285714288,-0.9514285714285712,-0.1657142857142857,0.4117541243668903
2021-01-23,39.35182891958296,40.30511937702646,39.1325725507527,40.09539794921875,5239000.0,-0.6165992300957444,0.08,0.07,0.08,0.1,0.1,0.13,0.19,0.44,0.77,1.1,1.66,1.85,522.5,500.5,289548.0,-6.35,-2.45,1.45,0.0,-6.054285714285714,-1.0214285714285714,2.4014285714285712,0.1657142857142857,-0.2957142857142854,-1.4285714285714288,-0.9514285714285712,-0.1657142857142857,0.4117541243668903
2021-01-24,39.35182891958296,40.30511937702646,39.1325725507527,40.09539794921875,5239000.0,-0.6165992300957444,0.08,0.07,0.08,0.1,0.1,0.13,0.19,0.44,0.77,1.1,1.66,1.85,522.5,500.5,289548.0,-6.35,-2.45,1.45,0.0,-6.054285714285714,-1.0214285714285714,2.4014285714285712,0.1657142857142857,-0.2957142857142854,-1.4285714285714288,-0.9514285714285712,-0.1657142857142857,0.4117541243668903
2021-01-25,39.71407283828948,39.895196681974866,38.217407392665045,39.370887756347656,4729600.0,-0.1202298551797866,0.08,0.07,0.09,0.09,0.1,0.13,0.17,0.42,0.73,1.05,1.61,1.8,500.0,511.5,264763.0,-6.05,-3.0,3.1,0.0,-6.274285714285714,-1.5157142857142856,2.367142857142857,0.2928571428571428,0.2242857142857142,-1.4842857142857144,0.7328571428571431,-0.2928571428571428,0.3609274003850832
2021-01-26,39.6473456156766,39.876136898667816,37.62637110139614,37.63590240478515,3252100.0,-0.069507472217083,0.08,0.05,0.07,0.09,0.09,0.11,0.18,0.42,0.74,1.05,1.61,1.8,513.0,532.25,232259.0,-6.05,-3.55,2.15,0.0,-6.19,-0.3042857142857142,2.424285714285714,0.2071428571428571,0.1400000000000005,-3.2457142857142856,-0.274285714285714,-0.2071428571428571,0.3666054776270512
2021-01-27,37.01627624046437,37.05440510122481,34.83323986439387,36.8828125,5413500.0,0.5793026760220528,0.08,0.05,0.08,0.09,0.09,0.12,0.18,0.41,0.72,1.04,1.6,1.79,532.5,534.0,223887.0,-6.35,-2.75,1.55,0.0,-5.967142857142857,-0.6257142857142857,2.3214285714285716,0.3014285714285714,-0.3828571428571425,-2.1242857142857146,-0.7714285714285716,-0.3014285714285714,0.4386575235142491
2021-01-28,37.41663932753015,38.73218078580464,37.31177682655352,38.40806198120117,4019100.0,0.794445864856243,0.07,0.05,0.07,0.08,0.08,0.12,0.18,0.42,0.75,1.07,1.63,1.81,533.25,534.5,252543.0,-4.65,-1.9,3.5,0.0,-6.057142857142857,-0.9414285714285716,2.2642857142857142,0.3385714285714286,1.4071428571428566,-0.9585714285714284,1.2357142857142858,-0.3385714285714286,0.5661529881268602
2021-01-29,38.06488754106614,38.50340027048316,37.54057852663149,37.9981575012207,3686800.0,0.2936642095446586,0.07,0.07,0.06,0.07,0.1,0.11,0.19,0.45,0.79,1.11,1.68,1.87,534.5,547.0,279607.0,-1.9,-1.05,2.95,0.0,-6.609999999999999,-1.6457142857142857,2.3457142857142856,0.3014285714285714,4.709999999999999,0.5957142857142856,0.6042857142857145,-0.3014285714285714,0.6699601284301037
2021-01-30,38.06488754106614,38.50340027048316,37.54057852663149,37.9981575012207,3686800.0,0.2936642095446586,0.07,0.07,0.06,0.07,0.1,0.11,0.19,0.45,0.79,1.11,1.68,1.87,534.5,547.0,279607.0,-1.9,-1.05,2.95,0.0,-6.609999999999999,-1.6457142857142857,2.3457142857142856,0.3014285714285714,4.709999999999999,0.5957142857142856,0.6042857142857145,-0.3014285714285714,0.6699601284301037
2021-01-31,38.06488754106614,38.50340027048316,37.54057852663149,37.9981575012207,3686800.0,0.2936642095446586,0.07,0.07,0.06,0.07,0.1,0.11,0.19,0.45,0.79,1.11,1.68,1.87,534.5,547.0,279607.0,-1.9,-1.05,2.95,0.0,-6.609999999999999,-1.6457142857142857,2.3457142857142856,0.3014285714285714,4.709999999999999,0.5957142857142856,0.6042857142857145,-0.3014285714285714,0.6699601284301037
2021-02-01,38.26507735099091,39.17070398851281,37.99815719376886,38.80845260620117,2761800.0,0.6199959367513657,0.08,0.06,0.07,0.08,0.08,0.11,0.17,0.42,0.76,1.09,1.66,1.84,549.0,549.25,219066.0,-2.75,-1.05,1.2,0.0,-6.135714285714286,-0.7057142857142857,2.017142857142857,0.1928571428571428,3.385714285714286,-0.3442857142857143,-0.817142857142857,-0.1928571428571428,0.5756259573497495
2021-02-02,39.3518272751628,39.904737462902176,39.16117210085273,39.55202102661133,2451400.0,0.6386172771453856,0.08,0.04,0.07,0.08,0.08,0.11,0.18,0.45,0.79,1.12,1.69,1.87,549.75,543.0,175739.0,-3.3,-1.05,2.5,0.0,-6.098571428571428,-0.6985714285714285,2.12,0.1585714285714285,2.798571428571428,-0.3514285714285715,0.3799999999999999,-0.1585714285714285,0.4018902869519389
2021-02-03,39.59015178143292,40.171659545950945,39.297492365563286,39.90473937988281,2668700.0,1.0022446736693378,0.08,0.03,0.04,0.06,0.08,0.11,0.19,0.46,0.81,1.15,1.73,1.92,543.25,552.0,210137.0,-2.75,2.8,2.75,0.4,-6.41,-0.9385714285714286,2.3657142857142857,0.2985714285714286,3.66,3.738571428571429,0.3842857142857143,0.1014285714285714,0.7537057729664784
2021-02-04,39.89518456911668,41.306056952404575,39.2755482584217,40.66735076904297,3403300.0,0.9888154249638318,0.08,0.03,0.04,0.06,0.07,0.11,0.18,0.46,0.81,1.15,1.75,1.93,552.0,550.0,217079.0,-5.5,-0.25,4.25,4.55,-6.185714285714286,-0.8671428571428572,2.35,0.4057142857142857,0.6857142857142859,0.6171428571428572,1.9,4.144285714285714,0.9464700540109832
2021-02-05,42.59302225575612,42.831344894323905,41.70646174936276,41.849456787109375,3533300.0,0.5545163596980275,0.08,0.02,0.03,0.05,0.06,0.09,0.19,0.47,0.83,1.19,1.79,1.97,548.5,548.5,216445.0,-7.15,-4.1,3.05,0.0,-5.428571428571429,-0.0128571428571428,1.887142857142857,0.3342857142857142,-1.7214285714285715,-4.087142857142857,1.1628571428571428,-0.3342857142857142,0.8297286122244445
2021-02-06,42.59302225575612,42.831344894323905,41.70646174936276,41.849456787109375,3533300.0,0.5545163596980275,0.08,0.02,0.03,0.05,0.06,0.09,0.19,0.47,0.83,1.19,1.79,1.97,548.5,548.5,216445.0,-7.15,-4.1,3.05,0.0,-5.428571428571429,-0.0128571428571428,1.887142857142857,0.3342857142857142,-1.7214285714285715,-4.087142857142857,1.1628571428571428,-0.3342857142857142,0.8297286122244445
2021-02-07,42.59302225575612,42.831344894323905,41.70646174936276,41.849456787109375,3533300.0,0.5545163596980275,0.08,0.02,0.03,0.05,0.06,0.09,0.19,0.47,0.83,1.19,1.79,1.97,548.5,548.5,216445.0,-7.15,-4.1,3.05,0.0,-5.428571428571429,-0.0128571428571428,1.887142857142857,0.3342857142857142,-1.7214285714285715,-4.087142857142857,1.1628571428571428,-0.3342857142857142,0.8297286122244445
2021-02-08,41.88757432437815,42.07823311100511,41.27746911638298,41.57299041748047,2719500.0,-0.2279276102781295,0.07,0.04,0.05,0.05,0.07,0.11,0.2,0.48,0.83,1.19,1.78,1.96,548.75,563.75,267647.0,-12.15,-7.15,0.5,0.0,-6.587142857142857,-0.7157142857142856,2.032857142857143,0.2628571428571428,-5.562857142857143,-6.434285714285715,-1.532857142857143,-0.2628571428571428,1.4697861070995306
2021-02-09,41.6301891746681,41.9257105017949,41.1916764723619,41.40140151977539,4515600.0,0.3422484882175921,0.08,0.04,0.04,0.06,0.07,0.11,0.19,0.48,0.83,1.18,1.78,1.95,565.0,556.25,390741.0,-9.95,-6.35,1.1,0.0,-5.844285714285714,-0.8214285714285714,2.4985714285714287,0.1614285714285714,-4.105714285714285,-5.5285714285714285,-1.3985714285714286,-0.1614285714285714,1.21735784590548
2021-02-10,41.43000136074883,41.51579764521116,40.26698950488822,41.02962112426758,3234700.0,0.326467890292406,0.08,0.05,0.05,0.06,0.07,0.11,0.19,0.46,0.8,1.15,1.75,1.92,556.0,534.5,285720.0,-9.4,-6.05,1.45,0.0,-6.738571428571428,-0.7985714285714286,2.487142857142857,0.3671428571428571,-2.661428571428572,-5.251428571428571,-1.0371428571428571,-0.3671428571428571,0.9802074820594396
2021-02-11,40.95335357078057,41.75411762994172,40.877092231891694,41.50626373291016,3030100.0,1.6210987418889995,0.08,0.05,0.05,0.06,0.07,0.11,0.19,0.46,0.81,1.16,1.77,1.94,532.25,541.0,261046.0,-9.95,-8.0,1.75,0.15,-5.847142857142857,-0.91,2.6799999999999997,0.2942857142857143,-4.102857142857142,-7.09,-0.9299999999999996,-0.1442857142857143,1.216970085504621
2021-02-12,41.515791419063305,42.37852160469322,41.49196134371194,42.297489166259766,1973600.0,0.5015755556523797,0.08,0.03,0.04,0.05,0.06,0.11,0.2,0.5,0.85,1.2,1.83,2.01,541.0,538.75,117970.0,-11.9,-9.4,1.2,0.0,-6.451428571428572,-0.7528571428571428,2.164285714285714,0.1485714285714285,-5.448571428571428,-8.647142857142857,-0.9642857142857142,-0.1485714285714285,1.4776469286247758
2021-02-13,41.515791419063305,42.37852160469322,41.49196134371194,42.297489166259766,1973600.0,0.5015755556523797,0.08,0.03,0.04,0.05,0.06,0.11,0.2,0.5,0.85,1.2,1.83,2.01,541.0,538.75,117970.0,-11.9,-9.4,1.2,0.0,-6.451428571428572,-0.7528571428571428,2.164285714285714,0.1485714285714285,-5.448571428571428,-8.647142857142857,-0.9642857142857142,-0.1485714285714285,1.4776469286247758
2021-02-14,41.515791419063305,42.37852160469322,41.49196134371194,42.297489166259766,1973600.0,0.5015755556523797,0.08,0.03,0.04,0.05,0.06,0.11,0.2,0.5,0.85,1.2,1.83,2.01,541.0,538.75,117970.0,-11.9,-9.4,1.2,0.0,-6.451428571428572,-0.7528571428571428,2.164285714285714,0.1485714285714285,-5.448571428571428,-8.647142857142857,-0.9642857142857142,-0.1485714285714285,1.4776469286247758
2021-02-15,41.515791419063305,42.37852160469322,41.49196134371194,42.297489166259766,1973600.0,0.5015755556523797,0.08,0.03,0.04,0.05,0.06,0.11,0.2,0.5,0.85,1.2,1.83,2.01,541.0,538.75,117970.0,-11.9,-9.4,1.2,0.0,-6.451428571428572,-0.7528571428571428,2.164285714285714,0.1485714285714285,-5.448571428571428,-8.647142857142857,-0.9642857142857142,-0.1485714285714285,1.4776469286247758
2021-02-16,42.24982406450625,43.2364793388983,42.24029276196503,43.164981842041016,2532300.0,0.0695608407258987,0.08,0.03,0.04,0.06,0.08,0.13,0.23,0.57,0.94,1.3,1.92,2.08,547.0,552.25,146173.0,-15.5,-8.85,1.5,0.0,-6.091428571428571,-0.2842857142857142,2.3457142857142856,0.1342857142857142,-9.40857142857143,-8.565714285714286,-0.8457142857142856,-0.1342857142857142,1.804558391292701
2021-02-17,42.89806404535843,43.06488912267648,42.15449876559001,42.878997802734375,1877600.0,0.4489287585020064,0.08,0.03,0.04,0.06,0.07,0.11,0.21,0.57,0.94,1.29,1.92,2.06,552.0,553.0,121352.0,-9.1,-6.05,1.7,0.4,-5.31,0.28,2.33,0.4985714285714285,-3.79,-6.33,-0.6300000000000001,-0.0985714285714284,1.0421550448491266
2021-02-18,42.812268456690255,42.9743297033303,41.410930511773046,42.13543319702149,3106400.0,0.1357945017516612,0.07,0.03,0.03,0.04,0.06,0.11,0.21,0.56,0.94,1.29,1.91,2.08,552.75,550.25,123409.0,-9.95,-3.3,1.05,0.0,-4.84,0.5642857142857142,2.2657142857142856,0.2485714285714285,-5.109999999999999,-3.864285714285714,-1.2157142857142855,-0.2485714285714285,1.1326972886927489
2021-02-19,42.28796219962959,43.7178977818361,42.230763467196205,43.34611511230469,3558400.0,0.0954745262861252,0.07,0.03,0.04,0.06,0.07,0.11,0.22,0.59,0.98,1.34,1.98,2.14,549.25,542.75,203468.0,-9.65,-2.75,0.85,0.0,-5.08,0.7300000000000001,2.137142857142857,0.0671428571428571,-4.57,-3.48,-1.287142857142857,-0.0671428571428571,1.0565091303371572
2021-02-20,42.28796219962959,43.7178977818361,42.230763467196205,43.34611511230469,3558400.0,0.0954745262861252,0.07,0.03,0.04,0.06,0.07,0.11,0.22,0.59,0.98,1.34,1.98,2.14,549.25,542.75,203468.0,-9.65,-2.75,0.85,0.0,-5.08,0.7300000000000001,2.137142857142857,0.0671428571428571,-4.57,-3.48,-1.287142857142857,-0.0671428571428571,1.0565091303371572
2021-02-21,42.28796219962959,43.7178977818361,42.230763467196205,43.34611511230469,3558400.0,0.0954745262861252,0.07,0.03,0.04,0.06,0.07,0.11,0.22,0.59,0.98,1.34,1.98,2.14,549.25,542.75,203468.0,-9.65,-2.75,0.85,0.0,-5.08,0.7300000000000001,2.137142857142857,0.0671428571428571,-4.57,-3.48,-1.287142857142857,-0.0671428571428571,1.0565091303371572
2021-02-22,43.450977668968775,44.57585698220984,43.00293002252823,44.49959564208984,4308400.0,0.1538982838392257,0.07,0.03,0.03,0.04,0.06,0.11,0.22,0.61,1.0,1.37,2.02,2.19,544.25,551.0,140629.0,-3.0,4.7,1.9,0.0,-4.547142857142857,0.4714285714285714,2.2214285714285715,0.55,1.5471428571428572,4.228571428571429,-0.3214285714285716,-0.55,0.6161080368038104
2021-02-23,44.337526126941384,44.70454489473488,43.73695591211968,44.26126480102539,6306000.0,1.1931136045604942,0.07,0.03,0.04,0.05,0.08,0.11,0.22,0.59,1.0,1.37,2.03,2.21,550.75,553.75,134967.0,-1.6,6.4,1.6,0.0,-4.927142857142857,0.1142857142857143,2.47,0.81,3.327142857142857,6.2857142857142865,-0.8700000000000001,-0.81,1.1155668618460906
2021-02-24,44.31847537100192,44.947646933194974,44.15641410077024,44.242210388183594,3217000.0,0.4585069641470908,0.07,0.03,0.03,0.05,0.08,0.12,0.24,0.62,1.02,1.38,2.07,2.24,553.5,559.25,174397.0,-0.8,2.5,2.5,0.0,-5.337142857142857,-0.0799999999999999,2.287142857142857,0.6642857142857143,4.537142857142857,2.58,0.212857142857143,-0.6642857142857143,0.7385364986143327
2021-02-25,44.48053360939567,44.48053360939567,42.92666911023683,43.24125671386719,2920500.0,1.0567855762783436,0.07,0.04,0.04,0.06,0.09,0.17,0.34,0.81,1.23,1.54,2.25,2.33,559.0,554.75,128538.0,-2.45,2.8,2.15,0.0,-5.555714285714285,-0.4028571428571429,2.6042857142857145,0.2514285714285714,3.105714285714285,3.202857142857143,-0.4542857142857146,-0.2514285714285714,0.6893278370691267
2021-02-26,43.23169386685643,43.76706853217661,42.419065876048265,43.164772033691406,4889100.0,0.0836754962801934,0.07,0.04,0.04,0.05,0.08,0.14,0.3,0.75,1.15,1.44,2.08,2.17,554.5,555.5,21395.0,-0.25,4.7,2.85,0.0,-5.361428571428571,-0.0328571428571428,2.414285714285714,0.1542857142857143,5.111428571428571,4.732857142857143,0.4357142857142859,-0.1542857142857143,0.9867865082370378
2021-02-27,43.23169386685643,43.76706853217661,42.419065876048265,43.164772033691406,4889100.0,0.0836754962801934,0.07,0.04,0.04,0.05,0.08,0.14,0.3,0.75,1.15,1.44,2.08,2.17,554.5,555.5,21395.0,-0.25,4.7,2.85,0.0,-5.361428571428571,-0.0328571428571428,2.414285714285714,0.1542857142857143,5.111428571428571,4.732857142857143,0.4357142857142859,-0.1542857142857143,0.9867865082370378
2021-02-28,43.23169386685643,43.76706853217661,42.419065876048265,43.164772033691406,4889100.0,0.0836754962801934,0.07,0.04,0.04,0.05,0.08,0.14,0.3,0.75,1.15,1.44,2.08,2.17,554.5,555.5,21395.0,-0.25,4.7,2.85,0.0,-5.361428571428571,-0.0328571428571428,2.414285714285714,0.1542857142857143,5.111428571428571,4.732857142857143,0.4357142857142859,-0.1542857142857143,0.9867865082370378
2021-03-01,43.805312629249585,44.68486249353178,43.747949492350784,44.23552703857422,2553400.0,-0.3412153124809266,0.07,0.03,0.05,0.07,0.08,0.13,0.27,0.71,1.12,1.45,2.11,2.23,560.5,547.5,6534.0,-4.1,0.0,2.25,0.0,-4.8271428571428565,1.1785714285714286,2.26,0.4128571428571428,0.7271428571428569,-1.1785714285714286,-0.0099999999999997,-0.4128571428571428,0.1979748965871284
2021-03-02,44.29288268948916,44.751776766221774,43.70970366063128,43.76706314086914,2935800.0,0.8161326199769973,0.07,0.04,0.04,0.06,0.08,0.13,0.26,0.67,1.08,1.42,2.09,2.21,547.25,560.75,8112.0,-1.35,6.4,2.75,0.0,-5.522857142857143,0.5371428571428571,2.454285714285714,0.0628571428571428,4.1728571428571435,5.862857142857143,0.2957142857142858,-0.0628571428571428,0.9471125804500156
2021-03-03,43.556744318672266,43.93915427277307,43.11696758335509,43.34641647338867,2842400.0,0.3849660046398638,0.07,0.04,0.05,0.07,0.08,0.14,0.29,0.73,1.14,1.47,2.12,2.25,560.0,550.25,3809.0,-1.35,8.35,0.85,0.0,-4.831428571428571,1.042857142857143,2.204285714285714,0.0714285714285714,3.481428571428571,7.307142857142857,-1.354285714285714,-0.0714285714285714,1.2852989450066432
2021-03-04,43.10740761663075,43.34641519852669,41.17622591727559,41.92192840576172,3530300.0,0.7253124788403511,0.07,0.03,0.04,0.07,0.08,0.14,0.32,0.77,1.21,1.54,2.18,2.3,550.25,546.25,2129.0,-0.8,7.2,1.85,0.0,-3.4842857142857144,2.2542857142857144,2.3314285714285714,0.2842857142857142,2.684285714285714,4.945714285714286,-0.4814285714285713,-0.2842857142857142,0.8018801648128776
2021-03-05,42.39994032964814,43.03570132418287,41.01369937815149,42.8683967590332,2853600.0,0.5385672063566744,0.07,0.04,0.04,0.07,0.08,0.14,0.32,0.79,1.23,1.56,2.18,2.28,545.0,562.0,1441.0,-1.35,6.65,0.95,0.0,-3.7714285714285714,2.124285714285714,2.4571428571428573,0.5814285714285715,2.4214285714285713,4.525714285714287,-1.5071428571428571,-0.5814285714285715,1.0418173038604284
2021-03-06,42.39994032964814,43.03570132418287,41.01369937815149,42.8683967590332,2853600.0,0.5385672063566744,0.07,0.04,0.04,0.07,0.08,0.14,0.32,0.79,1.23,1.56,2.18,2.28,545.0,562.0,1441.0,-1.35,6.65,0.95,0.0,-3.7714285714285714,2.124285714285714,2.4571428571428573,0.5814285714285715,2.4214285714285713,4.525714285714287,-1.5071428571428571,-0.5814285714285715,1.0418173038604284
2021-03-07,42.39994032964814,43.03570132418287,41.01369937815149,42.8683967590332,2853600.0,0.5385672063566744,0.07,0.04,0.04,0.07,0.08,0.14,0.32,0.79,1.23,1.56,2.18,2.28,545.0,562.0,1441.0,-1.35,6.65,0.95,0.0,-3.7714285714285714,2.124285714285714,2.4571428571428573,0.5814285714285715,2.4214285714285713,4.525714285714287,-1.5071428571428571,-0.5814285714285715,1.0418173038604284
2021-03-08,43.34640264179502,44.27375295794252,42.88750865512471,42.925750732421875,3485300.0,0.8497440963983536,0.07,0.04,0.05,0.06,0.09,0.17,0.34,0.86,1.28,1.59,2.2,2.31,565.25,565.0,2320.0,-0.8,9.45,2.55,0.0,-3.488571428571429,1.94,2.5157142857142856,0.8657142857142858,2.6885714285714286,7.51,0.0342857142857142,-0.8657142857142858,0.9360898881873458
2021-03-09,43.050047168965776,43.46114052722272,42.60071536691505,42.744117736816406,3973900.0,-0.071234330534935,0.07,0.04,0.05,0.07,0.1,0.17,0.35,0.83,1.23,1.55,2.16,2.26,565.0,562.0,2224.0,4.15,11.4,3.25,0.0,-3.525714285714286,1.637142857142857,2.525714285714286,0.9585714285714284,7.675714285714286,9.762857142857143,0.7242857142857142,-0.9585714285714284,1.7731836759601631
2021-03-10,43.04048261699357,45.06726574111715,42.925760007279486,44.93342208862305,3388500.0,0.0716076642274856,0.07,0.03,0.04,0.06,0.08,0.16,0.32,0.8,1.2,1.53,2.15,2.24,564.5,547.75,1986.0,-0.8,4.7,3.95,5.2,-3.4099999999999997,2.257142857142857,2.412857142857143,0.3,2.609999999999999,2.442857142857143,1.5371428571428574,4.9,1.2345085684992854
2021-03-11,45.17243084701257,45.57396181510895,44.69441570577434,44.79957962036133,2487700.0,0.7602003663778305,0.07,0.04,0.04,0.05,0.08,0.14,0.31,0.78,1.2,1.54,2.18,2.29,547.0,555.0,672.0,-1.35,4.45,2.1,0.0,-2.97,3.218571428571429,2.424285714285714,0.4285714285714285,1.62,1.231428571428571,-0.3242857142857138,-0.4285714285714285,0.3704637367608742
2021-03-12,44.93341970762014,45.01946257208783,44.197276010944506,44.83781814575195,2176700.0,-0.0947296284139156,0.07,0.03,0.04,0.06,0.09,0.14,0.34,0.85,1.3,1.64,2.31,2.4,545.0,549.25,123442.0,-2.75,6.1,1.1,0.0,-2.4285714285714284,3.2142857142857144,2.681428571428571,0.5357142857142857,-0.3214285714285716,2.8857142857142852,-1.581428571428571,-0.5357142857142857,0.7305079309363108
2021-03-13,44.93341970762014,45.01946257208783,44.197276010944506,44.83781814575195,2176700.0,-0.0947296284139156,0.07,0.03,0.04,0.06,0.09,0.14,0.34,0.85,1.3,1.64,2.31,2.4,545.0,549.25,123442.0,-2.75,6.1,1.1,0.0,-2.4285714285714284,3.2142857142857144,2.681428571428571,0.5357142857142857,-0.3214285714285716,2.8857142857142852,-1.581428571428571,-0.5357142857142857,0.7305079309363108
2021-03-14,44.93341970762014,45.01946257208783,44.197276010944506,44.83781814575195,2176700.0,-0.0947296284139156,0.07,0.03,0.04,0.06,0.09,0.14,0.34,0.85,1.3,1.64,2.31,2.4,545.0,549.25,123442.0,-2.75,6.1,1.1,0.0,-2.4285714285714284,3.2142857142857144,2.681428571428571,0.5357142857142857,-0.3214285714285716,2.8857142857142852,-1.581428571428571,-0.5357142857142857,0.7305079309363108
2021-03-15,44.799588102588174,44.83783019639974,43.547186882510125,44.77090835571289,2993300.0,2.1118484735488887,0.07,0.02,0.04,0.06,0.08,0.14,0.33,0.84,1.28,1.62,2.27,2.37,537.0,549.5,140615.0,-0.5,0.3,3.5,7.25,-1.8914285714285717,3.6771428571428566,2.4299999999999997,0.3057142857142857,1.3914285714285717,-3.377142857142857,1.0700000000000005,6.944285714285714,1.231653658694985
2021-03-16,44.770898940606344,44.81869972433514,43.845459429209136,44.139915466308594,2300400.0,0.6587702743709086,0.07,0.01,0.02,0.06,0.07,0.15,0.33,0.83,1.28,1.62,2.3,2.38,549.5,554.25,132710.0,-0.5,0.55,1.35,1.9,-1.8614285714285717,4.234285714285714,2.5014285714285713,0.4357142857142857,1.3614285714285717,-3.684285714285714,-1.1514285714285712,1.4642857142857142,0.8486511682095301
2021-03-17,44.16860176620638,45.22023366543923,44.154261894838896,45.18199157714844,2711100.0,0.8977676779031754,0.07,0.01,0.02,0.05,0.07,0.13,0.29,0.8,1.27,1.63,2.32,2.42,554.0,558.0,129647.0,-0.25,0.85,2.1,0.0,-1.6271428571428572,3.5028571428571427,2.607142857142857,0.3685714285714286,1.3771428571428572,-2.6528571428571426,-0.5071428571428571,-0.3685714285714286,0.5079571920438882
2021-03-18,45.17243707333431,45.870338838101155,44.565359364950574,44.89518737792969,3180700.0,1.337251380085945,0.07,0.01,0.01,0.03,0.08,0.16,0.33,0.86,1.35,1.71,2.36,2.45,556.75,546.5,157912.0,-1.9,2.8,1.9,0.0,-1.282857142857143,3.3657142857142857,2.5342857142857143,0.6928571428571428,-0.617142857142857,-0.5657142857142858,-0.6342857142857143,-0.6928571428571428,0.3273156561424654
2021-03-19,44.675292893702675,45.57396001074268,44.04431307812864,45.000343322753906,9286600.0,1.0453124269843102,0.07,0.01,0.01,0.03,0.07,0.16,0.33,0.9,1.38,1.74,2.36,2.45,546.25,557.75,158521.0,-3.3,5.55,2.3,0.0,-1.7242857142857144,4.542857142857143,2.628571428571429,0.3728571428571429,-1.5757142857142854,1.0071428571428571,-0.3285714285714292,-0.3728571428571429,0.3449376623940963
2021-03-20,44.675292893702675,45.57396001074268,44.04431307812864,45.000343322753906,9286600.0,1.0453124269843102,0.07,0.01,0.01,0.03,0.07,0.16,0.33,0.9,1.38,1.74,2.36,2.45,546.25,557.75,158521.0,-3.3,5.55,2.3,0.0,-1.7242857142857144,4.542857142857143,2.628571428571429,0.3728571428571429,-1.5757142857142854,1.0071428571428571,-0.3285714285714292,-0.3728571428571429,0.3449376623940963
2021-03-21,44.675292893702675,45.57396001074268,44.04431307812864,45.000343322753906,9286600.0,1.0453124269843102,0.07,0.01,0.01,0.03,0.07,0.16,0.33,0.9,1.38,1.74,2.36,2.45,546.25,557.75,158521.0,-3.3,5.55,2.3,0.0,-1.7242857142857144,4.542857142857143,2.628571428571429,0.3728571428571429,-1.5757142857142854,1.0071428571428571,-0.3285714285714292,-0.3728571428571429,0.3449376623940963
2021-03-22,45.50703460929793,45.85120605383156,44.790011982174754,45.2202262878418,3358900.0,-0.1668833196163178,0.07,0.02,0.03,0.05,0.06,0.15,0.32,0.87,1.34,1.69,2.29,2.38,558.0,549.0,129296.0,-0.5,6.95,1.65,0.75,-1.5342857142857145,4.017142857142857,2.39,0.6714285714285714,1.0342857142857145,2.9328571428571433,-0.7400000000000002,0.0785714285714286,0.538883725505464
2021-03-23,44.63705379478478,44.933424503353024,43.566300870323495,43.833988189697266,4287200.0,0.9070743545889852,0.07,0.02,0.01,0.04,0.08,0.15,0.31,0.83,1.29,1.63,2.24,2.34,551.25,551.25,122094.0,2.2,3.9,4.35,13.1,-1.1814285714285715,3.97,2.52,1.2285714285714286,3.3814285714285717,-0.0700000000000002,1.8299999999999996,11.87142857142857,1.7348327410841375
2021-03-24,44.13990987384453,44.751772227735465,43.96782780361664,44.15903091430664,3425200.0,0.3348405063152313,0.07,0.02,0.02,0.04,0.07,0.14,0.31,0.83,1.27,1.62,2.21,2.31,551.0,553.25,92011.0,-0.8,5.0,3.55,0.0,-1.3042857142857145,3.857142857142857,2.6871428571428573,0.8142857142857143,0.5042857142857144,1.1428571428571428,0.8628571428571425,-0.8142857142857143,0.4345988685054731
2021-03-25,43.91047815884734,45.038594363584565,43.59498636484285,44.72310256958008,3739800.0,0.3089016936719417,0.07,0.02,0.02,0.04,0.07,0.14,0.3,0.82,1.29,1.63,2.24,2.34,552.25,546.5,142181.0,-2.15,5.85,1.35,0.0,-1.4857142857142858,3.6471428571428577,2.67,1.1114285714285714,-0.6642857142857141,2.202857142857142,-1.3199999999999998,-1.1114285714285714,0.6814241957864177
2021-03-26,45.268031318309234,45.93725322920121,44.84737931713205,45.803409576416016,3358500.0,0.1588188111782074,0.07,0.02,0.02,0.04,0.06,0.14,0.31,0.85,1.32,1.67,2.27,2.37,546.5,552.5,124031.0,-1.6,6.65,1.75,0.0,-1.6257142857142857,4.941428571428572,2.5814285714285714,0.4514285714285714,0.0257142857142855,1.7085714285714282,-0.8314285714285714,-0.4514285714285714,0.3995968667978367
2021-03-27,45.268031318309234,45.93725322920121,44.84737931713205,45.803409576416016,3358500.0,0.1588188111782074,0.07,0.02,0.02,0.04,0.06,0.14,0.31,0.85,1.32,1.67,2.27,2.37,546.5,552.5,124031.0,-1.6,6.65,1.75,0.0,-1.6257142857142857,4.941428571428572,2.5814285714285714,0.4514285714285714,0.0257142857142855,1.7085714285714282,-0.8314285714285714,-0.4514285714285714,0.3995968667978367
2021-03-28,45.268031318309234,45.93725322920121,44.84737931713205,45.803409576416016,3358500.0,0.1588188111782074,0.07,0.02,0.02,0.04,0.06,0.14,0.31,0.85,1.32,1.67,2.27,2.37,546.5,552.5,124031.0,-1.6,6.65,1.75,0.0,-1.6257142857142857,4.941428571428572,2.5814285714285714,0.4514285714285714,0.0257142857142855,1.7085714285714282,-0.8314285714285714,-0.4514285714285714,0.3995968667978367
2021-03-29,45.6791296218257,46.34835160597408,45.4305633318676,45.66957092285156,4063200.0,0.1588188111782074,0.07,0.02,0.03,0.04,0.06,0.14,0.32,0.89,1.37,1.73,2.32,2.43,551.75,546.75,119797.0,2.8,13.6,4.8,0.0,-0.4742857142857143,5.748571428571428,2.531428571428571,0.5085714285714286,3.274285714285714,7.851428571428571,2.2685714285714287,-0.5085714285714286,1.5898033987379134
2021-03-30,45.487922934702524,45.78428999045272,44.68485734547177,44.87606048583984,2573000.0,1.9384530931711197,0.07,0.01,0.02,0.04,0.06,0.16,0.33,0.9,1.39,1.73,2.29,2.38,546.25,539.25,136033.0,-1.6,3.35,4.65,0.0,-0.3985714285714286,5.834285714285714,2.6342857142857143,1.127142857142857,-1.2014285714285715,-2.4842857142857135,2.015714285714286,-1.127142857142857,0.9419375096092116
2021-03-31,44.79958592869445,45.210679299803616,44.22118796398657,44.57013702392578,3814100.0,2.215132430195808,0.06,0.01,0.03,0.05,0.07,0.16,0.35,0.92,1.4,1.74,2.31,2.41,538.25,564.25,145896.0,-3.85,1.95,2.75,0.0,-0.3614285714285714,5.835714285714285,2.832857142857143,2.4257142857142853,-3.488571428571429,-3.885714285714285,-0.0828571428571431,-2.4257142857142853,0.8500448039904743
2021-04-01,44.87605572016063,44.91429780295952,44.015630738980015,44.684852600097656,2976900.0,0.8682633080752565,0.07,0.02,0.02,0.04,0.06,0.17,0.35,0.9,1.37,1.69,2.24,2.34,575.0,559.75,249753.0,-4.4,6.65,2.95,0.0,-0.8442857142857144,6.135714285714286,2.628571428571429,0.3014285714285714,-3.555714285714286,0.5142857142857142,0.3214285714285712,-0.3014285714285714,0.4806138074992547
2021-04-02,44.87605572016063,44.91429780295952,44.015630738980015,44.684852600097656,2976900.0,0.8682633080752565,0.07,0.02,0.02,0.04,0.06,0.17,0.35,0.9,1.37,1.69,2.24,2.34,575.0,559.75,249753.0,-4.4,6.65,2.95,0.0,-0.8442857142857144,6.135714285714286,2.628571428571429,0.3014285714285714,-3.555714285714286,0.5142857142857142,0.3214285714285712,-0.3014285714285714,0.4806138074992547
2021-04-03,44.87605572016063,44.91429780295952,44.015630738980015,44.684852600097656,2976900.0,0.8682633080752565,0.07,0.02,0.02,0.04,0.06,0.17,0.35,0.9,1.37,1.69,2.24,2.34,575.0,559.75,249753.0,-4.4,6.65,2.95,0.0,-0.8442857142857144,6.135714285714286,2.628571428571429,0.3014285714285714,-3.555714285714286,0.5142857142857142,0.3214285714285712,-0.3014285714285714,0.4806138074992547
2021-04-04,44.87605572016063,44.91429780295952,44.015630738980015,44.684852600097656,2976900.0,0.8682633080752565,0.07,0.02,0.02,0.04,0.06,0.17,0.35,0.9,1.37,1.69,2.24,2.34,575.0,559.75,249753.0,-4.4,6.65,2.95,0.0,-0.8442857142857144,6.135714285714286,2.628571428571429,0.3014285714285714,-3.555714285714286,0.5142857142857142,0.3214285714285712,-0.3014285714285714,0.4806138074992547
2021-04-05,44.81870353429319,45.16287504154354,44.58925464713752,44.9716682434082,3039100.0,0.8682633080752565,0.07,0.03,0.03,0.04,0.06,0.17,0.37,0.94,1.4,1.73,2.28,2.36,561.25,553.25,143679.0,5.0,16.1,2.85,2.3,-0.0742857142857142,7.371428571428571,2.857142857142857,1.0085714285714285,5.074285714285714,8.728571428571431,-0.0071428571428571,1.2914285714285714,1.2818384143294204
2021-04-06,45.029037048159566,45.860786245123286,44.83783385742349,45.640899658203125,2541300.0,0.2260521799325943,0.07,0.02,0.02,0.04,0.06,0.16,0.35,0.88,1.34,1.67,2.24,2.32,553.75,554.25,134848.0,4.15,9.45,3.6,3.2,0.1957142857142857,6.414285714285715,3.1914285714285717,1.6528571428571428,3.954285714285714,3.0357142857142847,0.4085714285714283,1.5471428571428574,0.8429721017454123
2021-04-07,45.69825102136917,45.69825102136917,44.49365435812727,44.69441986083984,2208900.0,-0.0500194132328033,0.07,0.01,0.02,0.04,0.06,0.16,0.34,0.87,1.34,1.68,2.26,2.35,555.75,560.5,158002.0,3.9,5.55,2.6,5.35,0.0414285714285714,6.062857142857142,2.9785714285714286,2.1042857142857145,3.858571428571429,-0.5128571428571425,-0.3785714285714285,3.245714285714285,0.7533044203281789
2021-04-08,44.4649662447447,45.04814529285054,44.14947815212587,44.86650085449219,2181800.0,0.1231950279325245,0.07,0.02,0.01,0.04,0.05,0.14,0.33,0.85,1.3,1.64,2.22,2.32,560.75,579.75,258786.0,3.35,4.15,2.95,10.8,-0.2228571428571428,5.911428571428572,2.6957142857142857,1.2357142857142858,3.572857142857143,-1.7614285714285716,0.2542857142857144,9.564285714285717,1.287429750383287
2021-04-09,45.19155622379828,45.55006761410526,44.76134182603661,45.05771255493164,2552900.0,0.1426531262695789,0.07,0.02,0.02,0.03,0.06,0.16,0.35,0.87,1.33,1.67,2.23,2.34,579.0,577.25,249738.0,2.2,6.1,2.75,1.4,-0.3,6.415714285714286,2.6228571428571428,0.92,2.5,-0.3157142857142867,0.1271428571428572,0.4799999999999998,0.3285493162219987
2021-04-10,45.19155622379828,45.55006761410526,44.76134182603661,45.05771255493164,2552900.0,0.1426531262695789,0.07,0.02,0.02,0.03,0.06,0.16,0.35,0.87,1.33,1.67,2.23,2.34,579.0,577.25,249738.0,2.2,6.1,2.75,1.4,-0.3,6.415714285714286,2.6228571428571428,0.92,2.5,-0.3157142857142867,0.1271428571428572,0.4799999999999998,0.3285493162219987
2021-04-11,45.19155622379828,45.55006761410526,44.76134182603661,45.05771255493164,2552900.0,0.1426531262695789,0.07,0.02,0.02,0.03,0.06,0.16,0.35,0.87,1.33,1.67,2.23,2.34,579.0,577.25,249738.0,2.2,6.1,2.75,1.4,-0.3,6.415714285714286,2.6228571428571428,0.92,2.5,-0.3157142857142867,0.1271428571428572,0.4799999999999998,0.3285493162219987
2021-04-12,45.27759211802881,45.55484175903139,44.77089726492925,45.029022216796875,2449800.0,-0.4064991138875484,0.07,0.02,0.02,0.04,0.06,0.18,0.38,0.89,1.35,1.69,2.24,2.34,577.75,569.0,198642.0,1.1,5.55,4.65,0.0,0.5471428571428572,6.442857142857143,2.9771428571428573,1.09,0.5528571428571429,-0.8928571428571432,1.672857142857143,-1.09,0.657620495901753
2021-04-13,45.038584294716145,45.12462716048458,44.464963973938005,44.80913543701172,2542700.0,0.411876693367958,0.07,0.03,0.03,0.05,0.06,0.16,0.35,0.85,1.29,1.64,2.21,2.32,569.0,580.0,225715.0,-0.25,2.5,4.35,0.0,1.042857142857143,7.161428571428572,2.762857142857143,0.9185714285714288,-1.292857142857143,-4.661428571428572,1.5871428571428567,-0.9185714285714288,0.9961537154104678
2021-04-14,44.77090559222352,45.54528788579166,44.713542455046905,45.14375686645508,2958000.0,0.932389572262764,0.07,0.02,0.02,0.04,0.06,0.16,0.35,0.87,1.31,1.64,2.22,2.32,579.75,594.0,242724.0,-0.5,4.15,3.2,0.0,0.8571428571428571,7.502857142857144,2.892857142857143,1.0942857142857143,-1.3571428571428572,-3.352857142857143,0.3071428571428574,-1.0942857142857143,0.5659049068406341
2021-04-15,45.49748289605379,45.616986685584614,44.812010063752616,45.43056106567383,2190300.0,3.053261954337358,0.07,0.02,0.02,0.04,0.06,0.16,0.32,0.81,1.24,1.56,2.13,2.23,594.25,590.0,176855.0,0.55,4.7,1.9,0.0,1.1885714285714286,7.128571428571429,3.17,1.3714285714285714,-0.6385714285714286,-2.428571428571429,-1.27,-1.3714285714285714,0.7042406437608789
2021-04-16,45.86076953138323,46.02329291367144,45.21066870829887,45.411434173583984,2834900.0,1.049784619361162,0.07,0.02,0.02,0.04,0.06,0.16,0.34,0.84,1.26,1.59,2.15,2.26,590.5,585.5,165261.0,1.95,4.7,1.6,0.0,0.6971428571428571,6.598571428571428,2.73,1.28,1.252857142857143,-1.8985714285714277,-1.13,-1.28,0.6732999576160669
2021-04-17,45.86076953138323,46.02329291367144,45.21066870829887,45.411434173583984,2834900.0,1.049784619361162,0.07,0.02,0.02,0.04,0.06,0.16,0.34,0.84,1.26,1.59,2.15,2.26,590.5,585.5,165261.0,1.95,4.7,1.6,0.0,0.6971428571428571,6.598571428571428,2.73,1.28,1.252857142857143,-1.8985714285714277,-1.13,-1.28,0.6732999576160669
2021-04-18,45.86076953138323,46.02329291367144,45.21066870829887,45.411434173583984,2834900.0,1.049784619361162,0.07,0.02,0.02,0.04,0.06,0.16,0.34,0.84,1.26,1.59,2.15,2.26,590.5,585.5,165261.0,1.95,4.7,1.6,0.0,0.6971428571428571,6.598571428571428,2.73,1.28,1.252857142857143,-1.8985714285714277,-1.13,-1.28,0.6732999576160669
2021-04-19,45.61220551285284,45.7747325630372,44.83782329075149,45.43056106567383,3157200.0,1.4076320938766005,0.07,0.01,0.02,0.04,0.08,0.16,0.34,0.85,1.28,1.61,2.18,2.29,588.75,592.0,105991.0,-1.05,3.05,3.45,0.0,1.1557142857142857,6.97,2.682857142857143,0.9028571428571428,-2.2057142857142855,-3.92,0.7671428571428573,-0.9028571428571428,0.7990715293722147
2021-04-20,45.27760100241652,45.72215529092164,44.60837898304787,44.89518737792969,2421900.0,0.4369542794302105,0.07,0.01,0.03,0.04,0.07,0.15,0.31,0.81,1.25,1.58,2.16,2.27,593.0,606.5,180193.0,-2.75,4.15,2.05,0.15,1.4657142857142855,7.374285714285715,2.67,1.2571428571428571,-4.215714285714285,-3.224285714285715,-0.6200000000000001,-1.1071428571428572,0.9049465447883224
2021-04-21,44.81870608467941,46.17626749945566,44.67530006617587,46.15714645385742,2732600.0,0.7797453701496122,0.07,0.0,0.03,0.04,0.07,0.15,0.32,0.81,1.24,1.57,2.16,2.26,609.5,625.5,163261.0,-3.3,5.0,1.95,0.0,1.032857142857143,7.845714285714286,2.4471428571428575,0.9528571428571428,-4.332857142857143,-2.845714285714286,-0.4971428571428575,-0.9528571428571428,0.8400137349039738
2021-04-22,46.21450100608966,46.72119585593919,45.59307990396163,45.96593475341797,3445600.0,-0.4626635089516639,0.07,0.02,0.03,0.04,0.06,0.16,0.32,0.81,1.24,1.57,2.13,2.24,624.25,650.5,147251.0,0.0,8.05,2.25,0.65,0.9385714285714286,8.504285714285714,2.4442857142857144,2.21,-0.9385714285714286,-0.4542857142857137,-0.1942857142857144,-1.56,0.2975005984184962
2021-04-23,45.97549540817849,46.76422110308214,45.84165175512158,46.49175262451172,2501300.0,0.6225078254938123,0.07,0.01,0.03,0.03,0.07,0.16,0.34,0.83,1.26,1.58,2.14,2.25,653.0,655.5,157732.0,1.95,7.8,3.15,0.0,1.5657142857142856,9.564285714285717,2.5557142857142856,0.43,0.3842857142857143,-1.764285714285717,0.5942857142857143,-0.43,0.3720012685436578
2021-04-24,45.97549540817849,46.76422110308214,45.84165175512158,46.49175262451172,2501300.0,0.6225078254938123,0.07,0.01,0.03,0.03,0.07,0.16,0.34,0.83,1.26,1.58,2.14,2.25,653.0,655.5,157732.0,1.95,7.8,3.15,0.0,1.5657142857142856,9.564285714285717,2.5557142857142856,0.43,0.3842857142857143,-1.764285714285717,0.5942857142857143,-0.43,0.3720012685436578
2021-04-25,45.97549540817849,46.76422110308214,45.84165175512158,46.49175262451172,2501300.0,0.6225078254938123,0.07,0.01,0.03,0.03,0.07,0.16,0.34,0.83,1.26,1.58,2.14,2.25,653.0,655.5,157732.0,1.95,7.8,3.15,0.0,1.5657142857142856,9.564285714285717,2.5557142857142856,0.43,0.3842857142857143,-1.764285714285717,0.5942857142857143,-0.43,0.3720012685436578
2021-04-26,46.577796680985664,47.1705344369011,46.50609368017317,46.72119903564453,1890000.0,0.9501202851533888,0.07,0.02,0.03,0.04,0.06,0.18,0.35,0.85,1.27,1.58,2.13,2.24,661.0,680.5,157505.0,3.9,12.2,2.35,0.0,1.6228571428571428,7.895714285714287,2.6585714285714284,1.4742857142857144,2.277142857142857,4.3042857142857125,-0.3085714285714283,-1.4742857142857144,0.7583979574210673
2021-04-27,46.6447210292814,47.103615153521325,46.46307293114708,46.99845123291016,2083400.0,0.9501202851533888,0.07,0.01,0.01,0.04,0.06,0.17,0.36,0.88,1.32,1.63,2.18,2.29,688.5,695.5,166136.0,3.35,8.05,2.9,0.25,1.4828571428571429,8.068571428571428,2.8057142857142856,1.6242857142857143,1.8671428571428572,-0.0185714285714269,0.0942857142857143,-1.3742857142857143,0.306697165036754
2021-04-28,47.247016662912785,47.61987155115699,46.9028488111713,47.027130126953125,2641600.0,0.4607775062322616,0.07,0.01,0.01,0.04,0.05,0.17,0.35,0.86,1.31,1.63,2.19,2.29,697.75,686.25,107987.0,2.2,10.85,1.4,0.0,1.8428571428571427,8.457142857142857,2.5785714285714287,1.412857142857143,0.3571428571428574,2.3928571428571423,-1.1785714285714288,-1.412857142857143,0.6539861293961747
2021-04-29,47.380863189697266,47.54338659086968,46.864605950150434,47.380863189697266,1809000.0,-0.627435004338622,0.06,0.01,0.01,0.04,0.05,0.16,0.35,0.86,1.32,1.65,2.2,2.31,683.75,702.0,30786.0,2.5,11.1,2.05,0.0,2.2657142857142856,8.384285714285713,2.7457142857142856,1.605714285714286,0.2342857142857144,2.715714285714286,-0.6957142857142857,-1.605714285714286,0.5543195426444687
2021-04-30,47.227894047359726,47.5672843358158,46.55867216792604,46.61603164672851,2426100.0,-0.3891598954796791,0.05,0.01,0.01,0.03,0.05,0.16,0.35,0.86,1.32,1.65,2.19,2.3,702.5,740.0,9862.0,3.05,11.65,2.2,0.0,2.322857142857143,8.427142857142856,2.837142857142857,2.4985714285714287,0.7271428571428569,3.222857142857144,-0.637142857142857,-2.4985714285714287,0.6950254594742443
2021-05-01,47.227894047359726,47.5672843358158,46.55867216792604,46.61603164672851,2426100.0,-0.3891598954796791,0.05,0.01,0.01,0.03,0.05,0.16,0.35,0.86,1.32,1.65,2.19,2.3,702.5,740.0,9862.0,3.05,11.65,2.2,0.0,2.322857142857143,8.427142857142856,2.837142857142857,2.4985714285714287,0.7271428571428569,3.222857142857144,-0.637142857142857,-2.4985714285714287,0.6950254594742443
2021-05-02,47.227894047359726,47.5672843358158,46.55867216792604,46.61603164672851,2426100.0,-0.3891598954796791,0.05,0.01,0.01,0.03,0.05,0.16,0.35,0.86,1.32,1.65,2.19,2.3,702.5,740.0,9862.0,3.05,11.65,2.2,0.0,2.322857142857143,8.427142857142856,2.837142857142857,2.4985714285714287,0.7271428571428569,3.222857142857144,-0.637142857142857,-2.4985714285714287,0.6950254594742443
2021-05-03,47.06537697308126,47.7823997855541,46.91241225229905,47.54339218139648,2480700.0,0.8125070221722126,0.06,0.02,0.04,0.04,0.06,0.16,0.33,0.84,1.29,1.63,2.18,2.3,740.0,732.25,3094.0,3.6,9.45,4.35,0.0,2.072857142857143,9.381428571428572,2.21,0.8128571428571428,1.5271428571428571,0.0685714285714276,2.1399999999999997,-0.8128571428571428,0.7845243723691679
2021-05-04,46.84548514995614,47.64855075554832,46.61603627108714,47.60074996948242,3447100.0,1.7923076543956993,0.06,0.01,0.02,0.04,0.06,0.16,0.33,0.82,1.28,1.61,2.16,2.27,732.0,744.75,1827.0,0.0,8.35,2.25,0.0,2.894285714285714,9.622857142857145,2.3242857142857143,1.5442857142857145,-2.894285714285714,-1.272857142857145,-0.0742857142857142,-1.5442857142857145,0.5116144201214999
2021-05-05,45.45923784247632,45.87989348824061,44.75177749690802,45.58352279663086,4184300.0,0.8393582776188849,0.06,0.01,0.02,0.04,0.06,0.16,0.32,0.8,1.25,1.59,2.14,2.25,750.0,753.25,1778.0,1.1,4.7,2.05,1.0,3.1685714285714286,9.69,2.42,1.087142857142857,-2.0685714285714285,-4.989999999999999,-0.3700000000000001,-0.0871428571428569,0.7032361877701967
2021-05-06,45.70780876974659,46.319667562353686,44.52232962384579,46.28142547607422,3228800.0,0.2884488627314568,0.06,0.01,0.02,0.04,0.05,0.16,0.32,0.81,1.25,1.58,2.14,2.24,761.0,759.5,2419.0,-0.5,9.7,1.8,0.0,3.5957142857142856,10.201428571428572,2.46,1.1585714285714286,-4.095714285714285,-0.5014285714285727,-0.6599999999999999,-1.1585714285714286,0.6871945116782775
2021-05-07,46.1571438686022,47.12560307445894,46.06154229293217,46.71164321899414,3362700.0,-0.0606073699891567,0.06,0.01,0.02,0.04,0.05,0.14,0.29,0.77,1.24,1.6,2.17,2.28,763.25,772.75,680.0,1.1,8.9,1.8,0.0,3.725714285714286,10.217142857142855,2.6085714285714285,1.6785714285714286,-2.625714285714286,-1.317142857142855,-0.8085714285714285,-1.6785714285714286,0.6978751162531849
2021-05-08,46.1571438686022,47.12560307445894,46.06154229293217,46.71164321899414,3362700.0,-0.0606073699891567,0.06,0.01,0.02,0.04,0.05,0.14,0.29,0.77,1.24,1.6,2.17,2.28,763.25,772.75,680.0,1.1,8.9,1.8,0.0,3.725714285714286,10.217142857142855,2.6085714285714285,1.6785714285714286,-2.625714285714286,-1.317142857142855,-0.8085714285714285,-1.6785714285714286,0.6978751162531849
2021-05-09,46.1571438686022,47.12560307445894,46.06154229293217,46.71164321899414,3362700.0,-0.0606073699891567,0.06,0.01,0.02,0.04,0.05,0.14,0.29,0.77,1.24,1.6,2.17,2.28,763.25,772.75,680.0,1.1,8.9,1.8,0.0,3.725714285714286,10.217142857142855,2.6085714285714285,1.6785714285714286,-2.625714285714286,-1.317142857142855,-0.8085714285714285,-1.6785714285714286,0.6978751162531849
2021-05-10,47.027122068555514,47.782386767192904,44.78045266036802,44.923858642578125,5547300.0,0.2354285717010498,0.06,0.02,0.02,0.04,0.05,0.16,0.32,0.8,1.27,1.63,2.2,2.32,766.75,748.0,814.0,1.65,8.35,2.0,0.0,3.5814285714285714,10.002857142857144,2.5785714285714287,1.69,-1.9314285714285715,-1.652857142857144,-0.5785714285714287,-1.69,0.6000899139502784
2021-05-11,44.2546391493793,45.17242727266321,43.69058118147165,45.01946258544922,4086200.0,0.0220988802611828,0.06,0.01,0.01,0.04,0.05,0.16,0.31,0.8,1.28,1.64,2.23,2.35,747.25,759.5,404.0,-0.8,8.35,1.0,0.0,3.612857142857143,9.424285714285714,2.69,1.7771428571428571,-4.412857142857143,-1.0742857142857147,-1.69,-1.7771428571428571,1.087731330505216
2021-05-12,45.440124774549915,45.5070466123089,43.05961106691367,43.19345474243164,4909600.0,1.2403483670204876,0.06,0.01,0.02,0.04,0.05,0.16,0.35,0.87,1.34,1.69,2.29,2.4,764.25,757.5,328.0,2.2,9.7,1.95,0.0,3.3142857142857145,9.347142857142856,2.5114285714285716,1.16,-1.1142857142857143,0.3528571428571432,-0.5614285714285716,-1.16,0.3728675564803766
2021-05-13,43.33727733660357,44.32482915079183,43.03046505146758,44.02760314941406,6047400.0,0.4977100491523742,0.06,0.0,0.02,0.03,0.05,0.16,0.33,0.84,1.31,1.66,2.28,2.39,757.5,719.0,307.0,4.15,10.3,3.2,0.0,3.382857142857143,9.757142857142858,2.657142857142857,0.6371428571428571,0.7671428571428573,0.5428571428571427,0.5428571428571431,-0.6371428571428571,0.3104613665612287
2021-05-14,44.420699863317616,44.86174196263099,44.20017515617084,44.411109924316406,2211900.0,-0.1336122862994671,0.06,0.01,0.01,0.03,0.06,0.16,0.33,0.82,1.29,1.63,2.25,2.35,717.25,685.0,313038.0,4.7,10.3,2.2,6.5,3.8871428571428575,10.59142857142857,2.398571428571429,1.0214285714285714,0.8128571428571427,-0.29142857142857,-0.1985714285714288,5.478571428571429,0.5791458142309731
2021-05-15,44.420699863317616,44.86174196263099,44.20017515617084,44.411109924316406,2211900.0,-0.1336122862994671,0.06,0.01,0.01,0.03,0.06,0.16,0.33,0.82,1.29,1.63,2.25,2.35,717.25,685.0,313038.0,4.7,10.3,2.2,6.5,3.8871428571428575,10.59142857142857,2.398571428571429,1.0214285714285714,0.8128571428571427,-0.29142857142857,-0.1985714285714288,5.478571428571429,0.5791458142309731
2021-05-16,44.420699863317616,44.86174196263099,44.20017515617084,44.411109924316406,2211900.0,-0.1336122862994671,0.06,0.01,0.01,0.03,0.06,0.16,0.33,0.82,1.29,1.63,2.25,2.35,717.25,685.0,313038.0,4.7,10.3,2.2,6.5,3.8871428571428575,10.59142857142857,2.398571428571429,1.0214285714285714,0.8128571428571427,-0.29142857142857,-0.1985714285714288,5.478571428571429,0.5791458142309731
2021-05-17,44.6220396873479,44.74667962046246,43.99882539181641,44.31522750854492,4149000.0,0.8076745793223379,0.06,0.0,0.02,0.04,0.06,0.16,0.34,0.84,1.3,1.64,2.27,2.36,642.25,652.5,185347.0,4.15,10.3,2.45,0.15,4.502857142857143,11.347142857142856,2.8285714285714287,1.8771428571428572,-0.3528571428571423,-1.0471428571428554,-0.3785714285714285,-1.727142857142857,0.3539807255244044
2021-05-18,44.06594628372755,44.38234844322412,43.81666272631311,43.89336395263672,3353400.0,-0.1916149426251649,0.06,0.0,0.02,0.03,0.06,0.16,0.34,0.83,1.29,1.64,2.27,2.37,653.5,658.25,161908.0,7.5,10.0,1.8,0.0,4.212857142857143,11.298571428571428,2.512857142857143,1.3514285714285714,3.287142857142858,-1.298571428571428,-0.7128571428571429,-1.3514285714285714,0.7063954484920261
2021-05-19,43.461919298045366,43.55779676190201,42.608593776761694,42.97293472290039,3138400.0,0.9320438653230666,0.06,0.0,0.01,0.03,0.05,0.16,0.35,0.87,1.34,1.68,2.3,2.38,660.5,658.25,136686.0,7.5,11.65,2.05,0.65,4.4871428571428575,10.858571428571429,2.605714285714286,1.29,3.0128571428571425,0.7914285714285718,-0.555714285714286,-0.64,0.5421670365645326
2021-05-20,42.94415999639763,43.07838987060101,42.27300696789096,42.31135940551758,4225900.0,0.9261418431997298,0.06,0.01,0.01,0.03,0.05,0.15,0.34,0.83,1.29,1.63,2.25,2.34,662.25,664.5,119730.0,8.9,11.4,3.05,0.0,4.507142857142857,10.517142857142858,2.281428571428571,1.4957142857142858,4.392857142857143,0.8828571428571426,0.7685714285714287,-1.4957142857142858,0.8011145276248466
2021-05-21,42.81951956881505,43.42355770488096,42.761990908121625,42.857872009277344,4346100.0,0.392112050205469,0.06,0.0,0.01,0.02,0.04,0.17,0.34,0.84,1.29,1.63,2.24,2.33,664.75,659.5,109618.0,8.6,14.45,3.4,0.0,4.74,10.937142857142858,2.5185714285714287,1.36,3.859999999999999,3.5128571428571416,0.8814285714285712,-1.36,0.9853517920531109
2021-05-22,42.81951956881505,43.42355770488096,42.761990908121625,42.857872009277344,4346100.0,0.392112050205469,0.06,0.0,0.01,0.02,0.04,0.17,0.34,0.84,1.29,1.63,2.24,2.33,664.75,659.5,109618.0,8.6,14.45,3.4,0.0,4.74,10.937142857142858,2.5185714285714287,1.36,3.859999999999999,3.5128571428571416,0.8814285714285712,-1.36,0.9853517920531109
2021-05-23,42.81951956881505,43.42355770488096,42.761990908121625,42.857872009277344,4346100.0,0.392112050205469,0.06,0.0,0.01,0.02,0.04,0.17,0.34,0.84,1.29,1.63,2.24,2.33,664.75,659.5,109618.0,8.6,14.45,3.4,0.0,4.74,10.937142857142858,2.5185714285714287,1.36,3.859999999999999,3.5128571428571416,0.8814285714285712,-1.36,0.9853517920531109
2021-05-24,43.18386214212092,43.57696552864486,43.06209332172306,43.289329528808594,4032000.0,0.9742896929383278,0.06,0.01,0.02,0.03,0.04,0.15,0.32,0.82,1.28,1.61,2.22,2.31,652.25,657.25,106865.0,7.8,13.6,2.45,3.05,5.248571428571428,10.604285714285714,2.5028571428571427,1.8071428571428572,2.5514285714285716,2.9957142857142856,-0.0528571428571424,1.2428571428571429,0.590726778231638
2021-05-25,43.24138796953944,43.831044889278814,42.74282084434109,42.761993408203125,3549500.0,-0.090535506606102,0.06,0.01,0.02,0.04,0.04,0.15,0.3,0.79,1.23,1.56,2.16,2.26,660.0,620.25,211650.0,7.2,13.9,2.65,0.0,4.985714285714286,10.681428571428572,2.2542857142857144,1.3985714285714284,2.2142857142857144,3.218571428571428,0.3957142857142854,-1.3985714285714284,0.681789095325784
2021-05-26,42.9345703125,43.1646812821326,42.53188068750517,42.9345703125,4609100.0,-0.0922133624553681,0.06,0.0,0.02,0.04,0.04,0.14,0.31,0.8,1.24,1.58,2.17,2.27,621.0,624.5,182610.0,5.55,11.1,2.45,0.0,4.7057142857142855,11.122857142857145,2.068571428571429,1.39,0.8442857142857143,-0.0228571428571449,0.3814285714285712,-1.39,0.290669597500044
2021-05-27,43.43314984029276,43.91254443821539,43.19345254133144,43.31809616088867,3708600.0,0.960210472345352,0.06,0.0,0.02,0.04,0.04,0.14,0.31,0.81,1.28,1.61,2.2,2.29,626.0,664.5,160605.0,3.35,7.5,3.45,9.0,5.018571428571429,11.347142857142856,2.2142857142857144,2.621428571428571,-1.6685714285714286,-3.847142857142856,1.2357142857142858,6.378571428571429,1.2959001660689098
2021-05-28,43.54819213196886,43.79747930589544,43.289322335376006,43.62489700317383,3028100.0,0.3223019568249582,0.05,0.01,0.01,0.03,0.05,0.14,0.3,0.79,1.24,1.58,2.18,2.26,666.25,656.75,150329.0,3.05,6.95,2.2,0.0,5.7371428571428575,12.294285714285715,2.2285714285714286,1.0057142857142856,-2.6871428571428577,-5.344285714285715,-0.0285714285714284,-1.0057142857142856,0.769245231204406
2021-05-29,43.54819213196886,43.79747930589544,43.289322335376006,43.62489700317383,3028100.0,0.3223019568249582,0.05,0.01,0.01,0.03,0.05,0.14,0.3,0.79,1.24,1.58,2.18,2.26,666.25,656.75,150329.0,3.05,6.95,2.2,0.0,5.7371428571428575,12.294285714285715,2.2285714285714286,1.0057142857142856,-2.6871428571428577,-5.344285714285715,-0.0285714285714284,-1.0057142857142856,0.769245231204406
2021-05-30,43.54819213196886,43.79747930589544,43.289322335376006,43.62489700317383,3028100.0,0.3223019568249582,0.05,0.01,0.01,0.03,0.05,0.14,0.3,0.79,1.24,1.58,2.18,2.26,666.25,656.75,150329.0,3.05,6.95,2.2,0.0,5.7371428571428575,12.294285714285715,2.2285714285714286,1.0057142857142856,-2.6871428571428577,-5.344285714285715,-0.0285714285714284,-1.0057142857142856,0.769245231204406
2021-05-31,43.54819213196886,43.79747930589544,43.289322335376006,43.62489700317383,3028100.0,0.3223019568249582,0.05,0.01,0.01,0.03,0.05,0.14,0.3,0.79,1.24,1.58,2.18,2.26,666.25,656.75,150329.0,3.05,6.95,2.2,0.0,5.7371428571428575,12.294285714285715,2.2285714285714286,1.0057142857142856,-2.6871428571428577,-5.344285714285715,-0.0285714285714284,-1.0057142857142856,0.769245231204406
2021-06-01,44.10429350513992,44.2692060598272,43.82145250890856,44.075531005859375,2543100.0,0.7536913305521011,0.06,0.01,0.02,0.04,0.04,0.16,0.31,0.81,1.28,1.62,2.22,2.3,666.0,688.75,163972.0,2.5,14.15,0.85,0.0,5.821428571428571,11.912857142857142,2.092857142857143,1.9599999999999995,-3.321428571428571,2.2371428571428584,-1.2428571428571429,-1.9599999999999995,0.9755348071280364
2021-06-02,44.20976853447284,44.21456350434647,43.53861539428919,43.77831268310547,2729400.0,0.1208004355430601,0.06,0.01,0.02,0.04,0.05,0.13,0.3,0.8,1.26,1.59,2.21,2.28,683.25,675.0,163861.0,5.3,14.15,1.15,0.0,6.071428571428571,12.112857142857145,2.15,1.0271428571428571,-0.7714285714285714,2.0371428571428556,-1.0,-1.0271428571428571,0.5854236468910633
2021-06-03,43.45231675271781,44.26728593156921,43.279734441845086,44.08511734008789,3318100.0,1.5104231685400007,0.06,0.0,0.02,0.04,0.04,0.16,0.34,0.84,1.3,1.63,2.22,2.3,675.5,662.0,166363.0,7.2,16.4,1.5,0.0,5.715714285714286,12.255714285714284,2.0900000000000003,1.812857142857143,1.484285714285714,4.144285714285715,-0.5900000000000003,-1.812857142857143,0.7739237633231613
2021-06-04,44.29605182254621,44.45233270070978,43.92212470372922,44.065940856933594,1437600.0,0.1909786779433488,0.06,0.01,0.02,0.04,0.05,0.14,0.32,0.78,1.23,1.56,2.16,2.24,663.5,682.75,142300.0,10.0,18.6,2.35,0.0,6.2457142857142856,12.73857142857143,1.99,2.0642857142857145,3.7542857142857144,5.861428571428572,0.3600000000000001,-2.0642857142857145,1.0814819241158438
2021-06-05,44.29605182254621,44.45233270070978,43.92212470372922,44.065940856933594,1437600.0,0.1909786779433488,0.06,0.01,0.02,0.04,0.05,0.14,0.32,0.78,1.23,1.56,2.16,2.24,663.5,682.75,142300.0,10.0,18.6,2.35,0.0,6.2457142857142856,12.73857142857143,1.99,2.0642857142857145,3.7542857142857144,5.861428571428572,0.3600000000000001,-2.0642857142857145,1.0814819241158438
2021-06-06,44.29605182254621,44.45233270070978,43.92212470372922,44.065940856933594,1437600.0,0.1909786779433488,0.06,0.01,0.02,0.04,0.05,0.14,0.32,0.78,1.23,1.56,2.16,2.24,663.5,682.75,142300.0,10.0,18.6,2.35,0.0,6.2457142857142856,12.73857142857143,1.99,2.0642857142857145,3.7542857142857144,5.861428571428572,0.3600000000000001,-2.0642857142857145,1.0814819241158438
2021-06-07,44.1043044369256,44.37276425005771,43.346860069885,44.03718948364258,1989000.0,0.3907992392778396,0.06,0.01,0.02,0.04,0.05,0.16,0.33,0.79,1.24,1.57,2.17,2.25,695.0,679.25,254039.0,10.0,18.05,2.4,0.0,6.905714285714286,13.237142857142857,2.2142857142857144,0.8928571428571429,3.0942857142857143,4.812857142857144,0.1857142857142855,-0.8928571428571429,0.7970889086940997
2021-06-08,43.88377923965446,44.43987503722287,43.59614323005078,44.0084228515625,2464800.0,-0.6716018244624138,0.06,0.01,0.02,0.04,0.05,0.14,0.32,0.77,1.2,1.53,2.13,2.21,682.0,680.0,224000.0,10.85,17.5,2.15,0.0,6.927142857142857,12.771428571428572,2.3842857142857143,1.8714285714285712,3.9228571428571426,4.728571428571428,-0.2342857142857144,-1.8714285714285712,0.9562066624133754
2021-06-09,43.96047930624275,44.06594669372289,43.5386134138124,43.61531829833984,3077400.0,-0.0275760516524315,0.06,0.01,0.03,0.04,0.05,0.16,0.31,0.75,1.17,1.5,2.1,2.17,682.5,690.75,214261.0,10.3,17.5,1.8,0.0,6.945714285714286,13.122857142857145,2.4514285714285715,1.94,3.354285714285715,4.3771428571428554,-0.6514285714285715,-1.94,0.9923023896650384
2021-06-10,44.04677060113995,44.11388554655223,42.714054317252774,42.7236442565918,2921800.0,0.4639288708567617,0.06,0.01,0.03,0.04,0.05,0.14,0.3,0.73,1.14,1.45,2.07,2.15,691.0,699.0,256320.0,11.4,18.6,2.55,0.0,6.915714285714286,13.032857142857145,2.0885714285714285,1.0242857142857142,4.484285714285714,5.567142857142857,0.4614285714285713,-1.0242857142857142,1.0712822944508953
2021-06-11,43.04004249844039,43.43314588665386,42.47435677808539,42.7044677734375,2942800.0,1.1200956199318166,0.06,0.01,0.03,0.04,0.05,0.16,0.31,0.76,1.16,1.47,2.08,2.15,699.5,684.5,233946.0,7.8,15.0,3.0,5.1,7.165714285714286,13.535714285714286,2.21,1.687142857142857,0.6342857142857135,1.4642857142857135,0.79,3.412857142857143,0.655716428764715
2021-06-12,43.04004249844039,43.43314588665386,42.47435677808539,42.7044677734375,2942800.0,1.1200956199318166,0.06,0.01,0.03,0.04,0.05,0.16,0.31,0.76,1.16,1.47,2.08,2.15,699.5,684.5,233946.0,7.8,15.0,3.0,5.1,7.165714285714286,13.535714285714286,2.21,1.687142857142857,0.6342857142857135,1.4642857142857135,0.79,3.412857142857143,0.655716428764715
2021-06-13,43.04004249844039,43.43314588665386,42.47435677808539,42.7044677734375,2942800.0,1.1200956199318166,0.06,0.01,0.03,0.04,0.05,0.16,0.31,0.76,1.16,1.47,2.08,2.15,699.5,684.5,233946.0,7.8,15.0,3.0,5.1,7.165714285714286,13.535714285714286,2.21,1.687142857142857,0.6342857142857135,1.4642857142857135,0.79,3.412857142857143,0.655716428764715
2021-06-14,42.63734175796061,42.72363290162651,41.908660176450944,42.14835739135742,2263800.0,1.4427980259060855,0.06,0.01,0.03,0.05,0.05,0.16,0.33,0.8,1.2,1.51,2.12,2.19,675.75,659.25,159570.0,8.35,16.65,1.8,0.0,7.427142857142857,13.57,2.212857142857143,2.045714285714286,0.9228571428571426,3.0799999999999983,-0.412857142857143,-2.045714285714286,0.6060429020388203
2021-06-15,42.27300538296362,42.829101077740944,41.90866455415044,42.48394012451172,2747700.0,0.7336474359035492,0.06,0.02,0.03,0.05,0.08,0.16,0.34,0.79,1.21,1.51,2.12,2.2,662.75,667.5,176454.0,6.1,16.65,1.4,0.0,7.477142857142857,13.401428571428571,2.164285714285714,2.205714285714286,-1.3771428571428572,3.2485714285714273,-0.7642857142857142,-2.205714285714286,0.7685656084899761
2021-06-16,42.42642315484537,42.464775601596656,41.73130243055884,41.89908981323242,3422100.0,1.5389652363955972,0.06,0.04,0.04,0.06,0.08,0.21,0.41,0.89,1.29,1.57,2.13,2.2,670.0,673.0,169908.0,10.3,17.8,3.5,0.0,7.345714285714286,14.014285714285714,2.1042857142857145,3.567142857142857,2.954285714285714,3.7857142857142865,1.3957142857142857,-3.567142857142857,1.2337325146956624
2021-06-17,41.8607349689501,41.975788645123735,40.758125961690595,41.716915130615234,5380700.0,0.383024364709854,0.1,0.05,0.04,0.06,0.08,0.23,0.43,0.9,1.27,1.52,2.05,2.11,672.75,633.0,192026.0,9.15,16.4,2.35,0.0,7.797142857142856,13.982857142857142,2.434285714285714,1.982857142857143,1.352857142857144,2.4171428571428564,-0.084285714285714,-1.982857142857143,0.4988682918103756
2021-06-18,40.9786486680667,41.41010084681121,40.83482883682503,40.94988250732422,7900400.0,0.7857849858701228,0.1,0.05,0.05,0.06,0.09,0.26,0.47,0.89,1.22,1.45,1.97,2.01,631.0,655.25,184523.0,6.95,16.65,1.25,0.0,7.637142857142858,13.67142857142857,2.1357142857142857,1.3071428571428572,-0.6871428571428577,2.978571428571428,-0.8857142857142857,-1.3071428571428572,0.6453200131864506
2021-06-19,40.9786486680667,41.41010084681121,40.83482883682503,40.94988250732422,7900400.0,0.7857849858701228,0.1,0.05,0.05,0.06,0.09,0.26,0.47,0.89,1.22,1.45,1.97,2.01,631.0,655.25,184523.0,6.95,16.65,1.25,0.0,7.637142857142858,13.67142857142857,2.1357142857142857,1.3071428571428572,-0.6871428571428577,2.978571428571428,-0.8857142857142857,-1.3071428571428572,0.6453200131864506
2021-06-20,40.9786486680667,41.41010084681121,40.83482883682503,40.94988250732422,7900400.0,0.7857849858701228,0.1,0.05,0.05,0.06,0.09,0.26,0.47,0.89,1.22,1.45,1.97,2.01,631.0,655.25,184523.0,6.95,16.65,1.25,0.0,7.637142857142858,13.67142857142857,2.1357142857142857,1.3071428571428572,-0.6871428571428577,2.978571428571428,-0.8857142857142857,-1.3071428571428572,0.6453200131864506
2021-06-21,41.37174916993761,41.99495986094795,41.37174916993761,41.62103271484375,3819300.0,-0.5821969285607339,0.1,0.04,0.05,0.06,0.09,0.27,0.48,0.9,1.25,1.5,2.05,2.11,640.25,659.25,127442.0,5.85,11.4,2.0,0.0,7.72,13.605714285714283,2.1342857142857143,3.18,-1.87,-2.205714285714283,-0.1342857142857143,-3.18,0.6362446880759999
2021-06-22,41.6785624269856,41.89908347621689,41.32380783442693,41.69773864746094,2226100.0,-0.505200132727623,0.1,0.04,0.04,0.06,0.09,0.25,0.44,0.87,1.23,1.48,2.03,2.1,662.75,659.75,145930.0,4.15,14.7,1.65,0.0,7.65,13.737142857142857,2.0700000000000003,2.627142857142857,-3.5,0.9628571428571426,-0.4200000000000004,-2.627142857142857,0.7196229677513243
2021-06-23,41.68814579332374,42.2106877066389,41.68814579332374,41.774436950683594,2627100.0,0.7022453770041466,0.1,0.04,0.05,0.05,0.08,0.26,0.47,0.9,1.25,1.5,2.04,2.11,660.5,664.25,127090.0,8.05,17.2,2.25,0.0,7.967142857142858,13.96142857142857,2.13,1.2228571428571429,0.0828571428571427,3.2385714285714293,0.1200000000000001,-1.2228571428571429,0.39848690650281
2021-06-24,42.033312282473375,43.02565880727185,41.66897141777978,42.52229309082031,3528900.0,1.0076963640749452,0.1,0.05,0.05,0.05,0.08,0.26,0.48,0.9,1.26,1.49,2.03,2.1,664.0,653.25,143749.0,8.35,15.55,1.8,0.0,7.917142857142858,14.252857142857144,1.9885714285714284,1.8242857142857145,0.4328571428571415,1.2971428571428572,-0.1885714285714284,-1.8242857142857145,0.3382937648425136
2021-06-25,42.8099381576802,42.88663938984059,42.18672373048369,42.34012985229492,3675800.0,0.3548119515180587,0.1,0.05,0.06,0.06,0.09,0.28,0.48,0.92,1.29,1.54,2.09,2.16,653.25,636.5,123016.0,7.2,15.3,1.5,0.0,8.061428571428571,14.09142857142857,2.2728571428571427,0.8114285714285714,-0.8614285714285712,1.20857142857143,-0.7728571428571427,-0.8114285714285714,0.448617911210499
2021-06-26,42.8099381576802,42.88663938984059,42.18672373048369,42.34012985229492,3675800.0,0.3548119515180587,0.1,0.05,0.06,0.06,0.09,0.28,0.48,0.92,1.29,1.54,2.09,2.16,653.25,636.5,123016.0,7.2,15.3,1.5,0.0,8.061428571428571,14.09142857142857,2.2728571428571427,0.8114285714285714,-0.8614285714285712,1.20857142857143,-0.7728571428571427,-0.8114285714285714,0.448617911210499
2021-06-27,42.8099381576802,42.88663938984059,42.18672373048369,42.34012985229492,3675800.0,0.3548119515180587,0.1,0.05,0.06,0.06,0.09,0.28,0.48,0.92,1.29,1.54,2.09,2.16,653.25,636.5,123016.0,7.2,15.3,1.5,0.0,8.061428571428571,14.09142857142857,2.2728571428571427,0.8114285714285714,-0.8614285714285712,1.20857142857143,-0.7728571428571427,-0.8114285714285714,0.448617911210499
2021-06-28,42.33053435486588,42.63255156276619,41.76964002949438,42.51270294189453,3515000.0,1.185738433152437,0.1,0.04,0.05,0.06,0.08,0.25,0.47,0.9,1.25,1.49,2.04,2.1,637.75,675.5,83833.0,9.15,15.55,1.4,0.65,8.127142857142857,14.184285714285714,2.357142857142857,0.9514285714285716,1.0228571428571431,1.3657142857142863,-0.9571428571428572,-0.3014285714285716,0.4860438605784341
2021-06-29,42.896230751654016,43.20304300544624,42.36889376155121,42.45518493652344,2121800.0,0.3341694651171565,0.1,0.04,0.04,0.06,0.08,0.27,0.47,0.89,1.24,1.49,2.03,2.1,678.25,694.5,58727.0,8.35,15.3,0.8,0.15,7.992857142857143,14.28857142857143,2.148571428571429,1.5942857142857143,0.3571428571428567,1.011428571428571,-1.348571428571429,-1.4442857142857144,0.5897350073417981
2021-06-30,42.59899797075159,42.63255544134903,42.220275855443376,42.52229309082031,3230200.0,0.3487877501174806,0.08,0.05,0.05,0.06,0.07,0.25,0.46,0.87,1.21,1.45,2.0,2.06,694.0,720.0,18226.0,7.5,15.85,0.7,0.0,8.045714285714286,14.334285714285716,1.9057142857142857,0.2257142857142857,-0.5457142857142863,1.5157142857142831,-1.2057142857142855,-0.2257142857142857,0.5148894727179573
2021-07-01,42.70447247082715,43.04963717307753,42.25863534000219,42.78117370605469,2103800.0,0.5241704806685448,0.1,0.05,0.05,0.05,0.09,0.25,0.47,0.89,1.24,1.48,2.01,2.07,719.75,719.75,4706.0,7.8,16.1,0.9,0.0,7.864285714285714,14.007142857142858,2.092857142857143,2.4757142857142855,-0.064285714285714,2.0928571428571434,-1.192857142857143,-2.4757142857142855,0.6891534399626305
2021-07-02,42.89142699523049,42.97292318337354,42.37847502060984,42.66611099243164,1833900.0,1.3521381467580795,0.1,0.05,0.05,0.05,0.08,0.24,0.45,0.86,1.19,1.44,1.98,2.05,720.0,697.25,4751.0,8.6,16.4,1.1,0.0,8.21142857142857,14.101428571428572,2.2385714285714284,0.4214285714285714,0.3885714285714297,2.2985714285714263,-1.1385714285714283,-0.4214285714285714,0.5612331735609841
2021-07-03,42.89142699523049,42.97292318337354,42.37847502060984,42.66611099243164,1833900.0,1.3521381467580795,0.1,0.05,0.05,0.05,0.08,0.24,0.45,0.86,1.19,1.44,1.98,2.05,720.0,697.25,4751.0,8.6,16.4,1.1,0.0,8.21142857142857,14.101428571428572,2.2385714285714284,0.4214285714285714,0.3885714285714297,2.2985714285714263,-1.1385714285714283,-0.4214285714285714,0.5612331735609841
2021-07-04,42.89142699523049,42.97292318337354,42.37847502060984,42.66611099243164,1833900.0,1.3521381467580795,0.1,0.05,0.05,0.05,0.08,0.24,0.45,0.86,1.19,1.44,1.98,2.05,720.0,697.25,4751.0,8.6,16.4,1.1,0.0,8.21142857142857,14.101428571428572,2.2385714285714284,0.4214285714285714,0.3885714285714297,2.2985714285714263,-1.1385714285714283,-0.4214285714285714,0.5612331735609841
2021-07-05,42.89142699523049,42.97292318337354,42.37847502060984,42.66611099243164,1833900.0,1.3521381467580795,0.1,0.05,0.05,0.05,0.08,0.24,0.45,0.86,1.19,1.44,1.98,2.05,720.0,697.25,4751.0,8.6,16.4,1.1,0.0,8.21142857142857,14.101428571428572,2.2385714285714284,0.4214285714285714,0.3885714285714297,2.2985714285714263,-1.1385714285714283,-0.4214285714285714,0.5612331735609841
2021-07-06,42.61817490439698,42.66611362641179,42.014136766038206,42.27301025390625,2183600.0,1.3521381467580795,0.1,0.05,0.05,0.06,0.07,0.22,0.42,0.81,1.13,1.37,1.92,2.0,685.25,656.0,1707.0,10.3,15.0,1.75,1.5,8.182857142857141,14.43285714285714,1.9014285714285712,1.0885714285714283,2.117142857142859,0.5671428571428603,-0.1514285714285712,0.4114285714285717,0.3147356488271414
2021-07-07,41.95661095016821,42.522296686277784,41.11287914452264,41.5922737121582,3348100.0,1.3521381467580795,0.1,0.05,0.05,0.05,0.08,0.22,0.41,0.79,1.09,1.33,1.87,1.94,656.0,652.5,590.0,7.8,11.65,1.75,0.15,8.442857142857143,14.30857142857143,2.0085714285714285,1.6957142857142855,-0.6428571428571432,-2.6585714285714293,-0.2585714285714284,-1.5457142857142856,0.465498055838056
2021-07-08,41.17040979561387,41.50598823345508,40.80703077024739,41.13206100463867,2307700.0,0.1122841052711008,0.1,0.06,0.06,0.06,0.07,0.19,0.37,0.74,1.06,1.3,1.84,1.91,657.5,638.0,497.0,6.95,12.5,1.95,4.2,8.382857142857143,14.355714285714283,2.0742857142857143,0.8471428571428571,-1.4328571428571424,-1.8557142857142832,-0.1242857142857143,3.352857142857143,0.5781201638128491
2021-07-09,41.75526694830651,41.822381896524426,41.1847898884543,41.65938949584961,3265600.0,-0.2669227011501788,0.1,0.06,0.06,0.05,0.08,0.23,0.41,0.79,1.12,1.37,1.91,1.99,640.75,629.75,530.0,8.9,14.45,2.4,5.95,8.364285714285714,14.547142857142855,1.7414285714285715,1.97,0.5357142857142865,-0.097142857142856,0.6585714285714284,3.98,0.5443627297582586
2021-07-10,41.75526694830651,41.822381896524426,41.1847898884543,41.65938949584961,3265600.0,-0.2669227011501788,0.1,0.06,0.06,0.05,0.08,0.23,0.41,0.79,1.12,1.37,1.91,1.99,640.75,629.75,530.0,8.9,14.45,2.4,5.95,8.364285714285714,14.547142857142855,1.7414285714285715,1.97,0.5357142857142865,-0.097142857142856,0.6585714285714284,3.98,0.5443627297582586
2021-07-11,41.75526694830651,41.822381896524426,41.1847898884543,41.65938949584961,3265600.0,-0.2669227011501788,0.1,0.06,0.06,0.05,0.08,0.23,0.41,0.79,1.12,1.37,1.91,1.99,640.75,629.75,530.0,8.9,14.45,2.4,5.95,8.364285714285714,14.547142857142855,1.7414285714285715,1.97,0.5357142857142865,-0.097142857142856,0.6585714285714284,3.98,0.5443627297582586
2021-07-12,41.12246660775128,42.19630944600192,40.93070804369106,41.994964599609375,2485500.0,0.1338202357292175,0.1,0.05,0.05,0.06,0.08,0.23,0.43,0.81,1.13,1.38,1.93,2.0,629.75,669.25,431.0,6.65,13.9,1.25,0.0,8.467142857142857,14.398571428571428,1.937142857142857,1.6642857142857144,-1.8171428571428567,-0.4985714285714273,-0.687142857142857,-1.6642857142857144,0.5227933048466594
2021-07-13,42.110012903298674,42.282595223188416,41.17999002110387,41.2758674621582,2388200.0,-6.9329101368784904,0.1,0.05,0.05,0.06,0.08,0.26,0.47,0.85,1.16,1.42,1.96,2.04,669.5,677.0,329.0,9.45,14.45,0.85,0.0,8.608571428571429,14.765714285714283,1.87,0.7742857142857144,0.8414285714285707,-0.315714285714284,-1.02,-0.7742857142857144,0.4375984972277484
2021-07-14,41.32380144436328,41.87990077968605,40.82523441906016,40.911521911621094,3114200.0,-1.9862806703895328,0.1,0.06,0.06,0.05,0.08,0.23,0.44,0.8,1.11,1.37,1.91,1.98,682.0,683.0,88996.0,8.6,13.6,1.1,12.85,8.382857142857143,14.73,1.9285714285714288,1.1914285714285715,0.217142857142857,-1.1300000000000008,-0.8285714285714287,11.658571428571427,1.2428646946240922
2021-07-15,40.652668100167034,41.26629267175596,40.38420460697867,40.67184066772461,2904400.0,-0.8868809500709176,0.1,0.05,0.05,0.05,0.07,0.23,0.43,0.78,1.07,1.31,1.85,1.92,568.5,564.25,69356.0,7.2,14.15,1.25,0.0,8.674285714285714,15.055714285714288,1.9185714285714288,0.47,-1.4742857142857142,-0.9057142857142876,-0.6685714285714288,-0.47,0.426115315655184
2021-07-16,40.73895200281354,40.89235811829229,39.88083528709196,40.08697509765625,3419700.0,0.5385562032461165,0.1,0.05,0.05,0.05,0.08,0.25,0.43,0.79,1.08,1.31,1.86,1.93,564.0,556.0,83019.0,8.05,13.9,1.7,0.0,8.84,15.13,2.0214285714285714,0.8414285714285714,-0.7899999999999991,-1.2300000000000004,-0.3214285714285714,-0.8414285714285714,0.3249448830126332
2021-07-17,40.73895200281354,40.89235811829229,39.88083528709196,40.08697509765625,3419700.0,0.5385562032461165,0.1,0.05,0.05,0.05,0.08,0.25,0.43,0.79,1.08,1.31,1.86,1.93,564.0,556.0,83019.0,8.05,13.9,1.7,0.0,8.84,15.13,2.0214285714285714,0.8414285714285714,-0.7899999999999991,-1.2300000000000004,-0.3214285714285714,-0.8414285714285714,0.3249448830126332
2021-07-18,40.73895200281354,40.89235811829229,39.88083528709196,40.08697509765625,3419700.0,0.5385562032461165,0.1,0.05,0.05,0.05,0.08,0.25,0.43,0.79,1.08,1.31,1.86,1.93,564.0,556.0,83019.0,8.05,13.9,1.7,0.0,8.84,15.13,2.0214285714285714,0.8414285714285714,-0.7899999999999991,-1.2300000000000004,-0.3214285714285714,-0.8414285714285714,0.3249448830126332
2021-07-19,39.44458520093953,39.61716754121753,38.92683818010551,39.24324035644531,4629200.0,-0.5731588006019592,0.1,0.05,0.05,0.06,0.07,0.21,0.38,0.7,0.97,1.19,1.74,1.81,570.0,556.0,67343.0,8.35,15.0,0.95,0.0,8.974285714285715,14.64,2.0028571428571427,1.6085714285714283,-0.6242857142857154,0.3599999999999994,-1.0528571428571427,-1.6085714285714283,0.4949369649879436
2021-07-20,39.2240586468428,40.28831504383262,39.0610662691005,40.0102653503418,2978300.0,0.7408786136656998,0.1,0.05,0.05,0.06,0.08,0.2,0.37,0.69,0.98,1.23,1.79,1.88,558.0,571.75,77004.0,7.8,15.0,0.95,0.0,8.87,14.605714285714283,1.9014285714285712,1.2585714285714285,-1.0699999999999994,0.3942857142857168,-0.9514285714285712,-1.2585714285714285,0.4844777490566724
2021-07-21,40.50883812777799,40.92111771966582,40.331460833480655,40.47048568725586,3482700.0,-0.3123816400766373,0.1,0.04,0.05,0.05,0.07,0.22,0.39,0.74,1.05,1.3,1.87,1.94,572.0,571.75,78998.0,10.0,15.55,3.0,0.0,8.772857142857143,14.347142857142856,1.8457142857142856,1.3471428571428572,1.2271428571428569,1.2028571428571446,1.1542857142857144,-1.3471428571428572,0.6261030168607296
2021-07-22,40.595126259179075,40.638270008427625,40.00546941702054,40.52801132202149,1458500.0,1.3432927690446377,0.1,0.04,0.05,0.05,0.07,0.2,0.37,0.71,1.02,1.27,1.82,1.9,571.5,564.5,81023.0,10.85,16.1,3.4,0.65,8.55857142857143,14.437142857142858,1.7585714285714285,0.4985714285714285,2.29142857142857,1.6628571428571437,1.6414285714285717,0.1514285714285715,0.7995415677166314
2021-07-23,40.71018974206745,40.71018974206745,40.173270115194846,40.39379119873047,1590300.0,0.7350507061928508,0.1,0.05,0.05,0.05,0.07,0.22,0.38,0.72,1.04,1.3,1.85,1.92,564.75,547.25,81447.0,11.1,17.2,2.3,0.0,8.26142857142857,14.602857142857143,1.7457142857142858,2.337142857142857,2.838571428571429,2.597142857142856,0.554285714285714,-2.337142857142857,0.8047300018298377
2021-07-24,40.71018974206745,40.71018974206745,40.173270115194846,40.39379119873047,1590300.0,0.7350507061928508,0.1,0.05,0.05,0.05,0.07,0.22,0.38,0.72,1.04,1.3,1.85,1.92,564.75,547.25,81447.0,11.1,17.2,2.3,0.0,8.26142857142857,14.602857142857143,1.7457142857142858,2.337142857142857,2.838571428571429,2.597142857142856,0.554285714285714,-2.337142857142857,0.8047300018298377
2021-07-25,40.71018974206745,40.71018974206745,40.173270115194846,40.39379119873047,1590300.0,0.7350507061928508,0.1,0.05,0.05,0.05,0.07,0.22,0.38,0.72,1.04,1.3,1.85,1.92,564.75,547.25,81447.0,11.1,17.2,2.3,0.0,8.26142857142857,14.602857142857143,1.7457142857142858,2.337142857142857,2.838571428571429,2.597142857142856,0.554285714285714,-2.337142857142857,0.8047300018298377
2021-07-26,40.51842608863217,40.700598359918224,40.12532270071146,40.60471725463867,2840200.0,0.8600596357136961,0.1,0.05,0.05,0.06,0.08,0.22,0.38,0.73,1.04,1.29,1.85,1.93,549.25,549.75,72948.0,10.0,16.65,2.75,0.0,8.407142857142857,14.551428571428572,1.937142857142857,0.1414285714285714,1.5928571428571434,2.098571428571427,0.812857142857143,-0.1414285714285714,0.5471910076811464
2021-07-27,40.26913716980848,40.825236533938984,39.703451525171104,40.77729415893555,2860100.0,0.0551226139068604,0.1,0.04,0.05,0.05,0.07,0.2,0.37,0.71,1.01,1.25,1.81,1.89,554.0,548.75,67236.0,11.65,17.8,1.5,0.0,8.682857142857141,14.5,1.88,1.627142857142857,2.967142857142859,3.3000000000000007,-0.3799999999999999,-1.627142857142857,0.7716758032022133
2021-07-28,40.91152761997929,41.37174958945581,40.70059651291674,41.05534744262695,2819800.0,0.1621206253767013,0.1,0.04,0.05,0.05,0.07,0.2,0.38,0.72,1.01,1.26,1.83,1.9,554.0,549.25,62378.0,12.2,19.15,2.4,0.0,8.207142857142857,14.45285714285714,1.7242857142857144,0.5085714285714286,3.992857142857142,4.697142857142859,0.6757142857142855,-0.5085714285714286,0.9723826054650226
2021-07-29,41.486804384647854,41.97578521150501,41.33339827646815,41.438865661621094,2394500.0,0.5108574479818343,0.1,0.05,0.06,0.05,0.08,0.2,0.37,0.73,1.04,1.28,1.84,1.91,549.25,558.0,71556.0,9.15,15.55,2.15,0.0,7.747142857142856,14.264285714285714,1.65,1.032857142857143,1.402857142857144,1.2857142857142865,0.5,-1.032857142857143,0.4490280261247367
2021-07-30,41.04576826971825,41.702536551741794,40.95947709268347,41.01700210571289,2116200.0,0.1812227070331573,0.07,0.05,0.06,0.05,0.07,0.19,0.35,0.69,1.0,1.24,1.81,1.89,557.0,547.0,65198.0,8.05,11.1,1.5,20.85,8.345714285714287,14.431428571428572,1.8428571428571427,2.0,-0.2957142857142862,-3.3314285714285727,-0.3428571428571427,18.85,1.8592059078842849
2021-07-31,41.04576826971825,41.702536551741794,40.95947709268347,41.01700210571289,2116200.0,0.1812227070331573,0.07,0.05,0.06,0.05,0.07,0.19,0.35,0.69,1.0,1.24,1.81,1.89,557.0,547.0,65198.0,8.05,11.1,1.5,20.85,8.345714285714287,14.431428571428572,1.8428571428571427,2.0,-0.2957142857142862,-3.3314285714285727,-0.3428571428571427,18.85,1.8592059078842849
2021-08-01,41.04576826971825,41.702536551741794,40.95947709268347,41.01700210571289,2116200.0,0.1812227070331573,0.07,0.05,0.06,0.05,0.07,0.19,0.35,0.69,1.0,1.24,1.81,1.89,557.0,547.0,65198.0,8.05,11.1,1.5,20.85,8.345714285714287,14.431428571428572,1.8428571428571427,2.0,-0.2957142857142862,-3.3314285714285727,-0.3428571428571427,18.85,1.8592059078842849
2021-08-02,41.22792555988181,41.65938132630874,40.700592359799856,40.72935485839844,1803300.0,0.6277966648340224,0.1,0.05,0.05,0.06,0.07,0.17,0.33,0.66,0.96,1.2,1.77,1.86,547.25,558.75,83836.0,6.65,13.9,1.0,0.0,8.102857142857143,14.371428571428572,1.7328571428571429,1.882857142857143,-1.4528571428571428,-0.4714285714285715,-0.7328571428571429,-1.882857142857143,0.5161755149064883
2021-08-03,40.84441569607384,41.328605233441785,40.52801718335627,41.295047760009766,3147200.0,-0.2493416890501976,0.1,0.05,0.05,0.06,0.07,0.17,0.33,0.65,0.95,1.19,1.76,1.85,555.75,550.5,95208.0,8.35,13.6,1.65,0.0,8.37,14.59,1.747142857142857,2.387142857142857,-0.0199999999999995,-0.9900000000000002,-0.0971428571428572,-2.387142857142857,0.2944418509995749
2021-08-04,41.02658203911339,41.122459475770015,40.49924882252245,40.52801132202149,2159000.0,0.282209739089012,0.1,0.05,0.05,0.05,0.07,0.17,0.34,0.67,0.96,1.19,1.74,1.83,550.5,545.75,70049.0,8.9,13.6,2.75,1.5,7.994285714285715,13.661428571428573,1.9628571428571429,1.5828571428571427,0.9057142857142856,-0.0614285714285731,0.7871428571428571,-0.0828571428571427,0.306501514503194
2021-08-05,40.585545082558234,40.91152987118258,39.70345719292871,39.73221969604492,5051800.0,1.6440330743789668,0.1,0.05,0.05,0.06,0.08,0.21,0.38,0.72,1.01,1.23,1.77,1.86,546.75,555.75,92967.0,9.15,15.55,1.55,19.05,7.968571428571428,13.64,1.8085714285714285,4.078571428571428,1.1814285714285724,1.91,-0.2585714285714284,14.971428571428572,1.500726580038792
2021-08-06,42.18671955198611,43.826248002231594,41.94702228180438,42.91539764404297,6031100.0,4.06743662757799,0.1,0.04,0.06,0.06,0.09,0.21,0.42,0.77,1.07,1.31,1.85,1.94,555.0,555.0,142762.0,9.15,14.45,2.05,0.65,8.332857142857144,13.631428571428572,1.88,2.007142857142857,0.8171428571428567,0.8185714285714276,0.1699999999999999,-1.3571428571428572,0.2935569557819936
2021-08-07,42.18671955198611,43.826248002231594,41.94702228180438,42.91539764404297,6031100.0,4.06743662757799,0.1,0.04,0.06,0.06,0.09,0.21,0.42,0.77,1.07,1.31,1.85,1.94,555.0,555.0,142762.0,9.15,14.45,2.05,0.65,8.332857142857144,13.631428571428572,1.88,2.007142857142857,0.8171428571428567,0.8185714285714276,0.1699999999999999,-1.3571428571428572,0.2935569557819936
2021-08-08,42.18671955198611,43.826248002231594,41.94702228180438,42.91539764404297,6031100.0,4.06743662757799,0.1,0.04,0.06,0.06,0.09,0.21,0.42,0.77,1.07,1.31,1.85,1.94,555.0,555.0,142762.0,9.15,14.45,2.05,0.65,8.332857142857144,13.631428571428572,1.88,2.007142857142857,0.8171428571428567,0.8185714285714276,0.1699999999999999,-1.3571428571428572,0.2935569557819936
2021-08-09,43.011283910817426,43.68243707940722,42.723647883561945,43.31809616088867,4724200.0,-0.1506618335843085,0.1,0.04,0.06,0.06,0.08,0.23,0.43,0.79,1.09,1.33,1.87,1.96,554.0,550.25,144339.0,8.35,15.3,1.95,0.0,8.19,14.255714285714284,1.747142857142857,0.92,0.1600000000000001,1.0442857142857171,0.2028571428571428,-0.92,0.2258474562423774
2021-08-10,43.29891779557637,43.94130842690131,43.17427418218669,43.749549865722656,3043700.0,0.3741038776934146,0.1,0.05,0.05,0.05,0.08,0.24,0.47,0.82,1.12,1.36,1.9,1.99,548.5,549.25,143634.0,10.55,15.85,1.7,0.0,7.85,13.851428571428572,1.5814285714285714,1.49,2.700000000000001,1.998571428571427,0.1185714285714285,-1.49,0.5602948645620158
2021-08-11,43.7687198290112,43.98924086271227,43.4714939188107,43.855010986328125,2455500.0,0.7274501994252204,0.1,0.05,0.05,0.06,0.08,0.23,0.45,0.81,1.11,1.35,1.9,1.99,548.75,556.25,184260.0,10.85,15.3,2.0,0.0,8.022857142857143,13.947142857142856,1.7542857142857142,2.09,2.8271428571428565,1.352857142857145,0.2457142857142857,-2.09,0.6004362094181753
2021-08-12,43.86462861302676,44.41281595326828,43.38376226764163,44.29740905761719,2987400.0,0.7431806456297634,0.1,0.05,0.06,0.06,0.09,0.23,0.46,0.83,1.13,1.36,1.92,2.03,554.75,567.0,247372.0,8.35,13.6,1.9,0.0,8.035714285714286,13.76142857142857,1.8014285714285714,0.92,0.3142857142857131,-0.161428571428571,0.0985714285714285,-0.92,0.1403567074587021
2021-08-13,44.374344980105434,44.55707653609923,44.14353119288664,44.23008728027344,2872700.0,0.389179155230522,0.1,0.04,0.06,0.05,0.08,0.23,0.44,0.79,1.08,1.29,1.85,1.94,566.75,568.25,97466.0,6.4,13.9,1.3,0.0,7.238571428571428,13.45,1.7,0.3385714285714286,-0.8385714285714281,0.450000000000001,-0.3999999999999999,-0.3385714285714286,0.2479176865577083
2021-08-14,44.374344980105434,44.55707653609923,44.14353119288664,44.23008728027344,2872700.0,0.389179155230522,0.1,0.04,0.06,0.05,0.08,0.23,0.44,0.79,1.08,1.29,1.85,1.94,566.75,568.25,97466.0,6.4,13.9,1.3,0.0,7.238571428571428,13.45,1.7,0.3385714285714286,-0.8385714285714281,0.450000000000001,-0.3999999999999999,-0.3385714285714286,0.2479176865577083
2021-08-15,44.374344980105434,44.55707653609923,44.14353119288664,44.23008728027344,2872700.0,0.389179155230522,0.1,0.04,0.06,0.05,0.08,0.23,0.44,0.79,1.08,1.29,1.85,1.94,566.75,568.25,97466.0,6.4,13.9,1.3,0.0,7.238571428571428,13.45,1.7,0.3385714285714286,-0.8385714285714281,0.450000000000001,-0.3999999999999999,-0.3385714285714286,0.2479176865577083
2021-08-16,43.7588408589648,43.912717954797,43.38376566716877,43.44146728515625,4732800.0,0.389179155230522,0.1,0.04,0.06,0.05,0.08,0.21,0.42,0.75,1.04,1.26,1.82,1.92,568.25,564.75,60693.0,9.45,15.85,3.1,0.0,7.925714285714285,13.728571428571428,1.9342857142857144,1.65,1.524285714285714,2.121428571428572,1.1657142857142857,-1.65,0.754956218274799
2021-08-17,43.27797776184676,43.5184109716348,42.643234234755134,43.34529876708984,6382800.0,0.2233813665807248,0.1,0.03,0.07,0.06,0.07,0.23,0.43,0.77,1.05,1.26,1.82,1.92,567.5,558.25,67739.0,10.55,16.4,3.15,0.0,7.73,13.9,1.8842857142857143,0.9728571428571428,2.8200000000000003,2.4999999999999982,1.2657142857142856,-0.9728571428571428,0.8797108403857399
2021-08-18,43.10485928023392,43.590535320521546,42.220066958045656,42.2585334777832,3524700.0,-0.0235167294740676,0.09,0.03,0.07,0.05,0.07,0.23,0.43,0.79,1.06,1.27,1.84,1.91,559.0,561.75,64048.0,10.85,15.85,2.8,0.0,7.688571428571429,13.795714285714284,2.045714285714286,1.3942857142857144,3.161428571428571,2.054285714285715,0.754285714285714,-1.3942857142857144,0.7706643506038419
2021-08-19,41.604555572917825,42.01329491114189,40.84478951745848,40.92172622680664,2458000.0,-3.789862038567662,0.09,0.04,0.06,0.05,0.06,0.22,0.44,0.78,1.04,1.24,1.8,1.88,560.5,550.0,90493.0,11.1,16.1,2.6,0.0,7.508571428571429,13.325714285714286,1.9657142857142855,1.022857142857143,3.5914285714285707,2.774285714285716,0.6342857142857146,-1.022857142857143,0.8078510596449215
2021-08-20,40.86402752889301,41.171781725691766,40.23409006183856,40.3350715637207,3006200.0,-0.9615928884595633,0.09,0.04,0.05,0.05,0.06,0.23,0.44,0.8,1.06,1.26,1.79,1.87,550.25,538.75,83003.0,9.45,14.15,2.35,2.9,7.61,13.378571428571428,2.044285714285714,1.79,1.839999999999999,0.7714285714285722,0.305714285714286,1.11,0.4015407150264742
2021-08-21,40.86402752889301,41.171781725691766,40.23409006183856,40.3350715637207,3006200.0,-0.9615928884595633,0.09,0.04,0.05,0.05,0.06,0.23,0.44,0.8,1.06,1.26,1.79,1.87,550.25,538.75,83003.0,9.45,14.15,2.35,2.9,7.61,13.378571428571428,2.044285714285714,1.79,1.839999999999999,0.7714285714285722,0.305714285714286,1.11,0.4015407150264742
2021-08-22,40.86402752889301,41.171781725691766,40.23409006183856,40.3350715637207,3006200.0,-0.9615928884595633,0.09,0.04,0.05,0.05,0.06,0.23,0.44,0.8,1.06,1.26,1.79,1.87,550.25,538.75,83003.0,9.45,14.15,2.35,2.9,7.61,13.378571428571428,2.044285714285714,1.79,1.839999999999999,0.7714285714285722,0.305714285714286,1.11,0.4015407150264742
2021-08-23,40.55626328490363,40.74861054483136,40.25331882690267,40.34468460083008,3609800.0,-0.029636949300766,0.09,0.04,0.05,0.06,0.07,0.23,0.43,0.78,1.05,1.25,1.79,1.87,536.0,538.0,50271.0,9.15,15.55,1.8,0.0,8.522857142857143,14.464285714285714,2.1557142857142857,1.3214285714285714,0.6271428571428572,1.0857142857142872,-0.3557142857142856,-1.3214285714285714,0.3447489685895761
2021-08-24,40.40238968100976,41.18139449970508,40.40238968100976,40.92172622680664,3524600.0,-0.001833125948906,0.09,0.03,0.05,0.05,0.06,0.24,0.44,0.8,1.08,1.29,1.83,1.91,539.5,544.5,82653.0,11.1,15.55,2.25,0.0,8.474285714285715,14.305714285714286,2.0942857142857143,1.3571428571428572,2.625714285714285,1.2442857142857149,0.1557142857142857,-1.3571428571428572,0.491705216053181
2021-08-25,40.844785036269144,42.28257425800616,40.652437780922945,42.10465240478515,3784400.0,0.3016827479004861,0.09,0.04,0.06,0.06,0.07,0.23,0.47,0.84,1.13,1.35,1.88,1.96,544.5,551.25,80083.0,8.9,14.7,2.25,0.0,8.331428571428573,14.015714285714289,1.8985714285714288,1.1728571428571428,0.5685714285714276,0.6842857142857106,0.3514285714285712,-1.1728571428571428,0.293961356485051
2021-08-26,42.171979699233795,42.830767954960294,41.98925179712948,42.30662536621094,3495500.0,0.8661132901906965,0.09,0.04,0.05,0.06,0.07,0.25,0.46,0.84,1.13,1.34,1.87,1.94,550.0,552.75,73859.0,9.15,13.9,2.35,1.15,8.198571428571428,14.21,1.9785714285714289,0.3442857142857143,0.951428571428572,-0.3100000000000005,0.3714285714285712,0.8057142857142856,0.2757153039348552
2021-08-27,42.53743144564925,43.119279214558944,42.41240518338279,42.48934555053711,2580300.0,-0.7129431688226759,0.08,0.04,0.05,0.05,0.07,0.22,0.41,0.79,1.09,1.31,1.84,1.91,553.0,558.0,107357.0,10.0,15.3,1.7,1.9,8.248571428571429,14.087142857142858,1.7985714285714287,1.77,1.751428571428571,1.2128571428571426,-0.0985714285714287,0.1299999999999999,0.2972774225394816
2021-08-28,42.53743144564925,43.119279214558944,42.41240518338279,42.48934555053711,2580300.0,-0.7129431688226759,0.08,0.04,0.05,0.05,0.07,0.22,0.41,0.79,1.09,1.31,1.84,1.91,553.0,558.0,107357.0,10.0,15.3,1.7,1.9,8.248571428571429,14.087142857142858,1.7985714285714287,1.77,1.751428571428571,1.2128571428571426,-0.0985714285714287,0.1299999999999999,0.2972774225394816
2021-08-29,42.53743144564925,43.119279214558944,42.41240518338279,42.48934555053711,2580300.0,-0.7129431688226759,0.08,0.04,0.05,0.05,0.07,0.22,0.41,0.79,1.09,1.31,1.84,1.91,553.0,558.0,107357.0,10.0,15.3,1.7,1.9,8.248571428571429,14.087142857142858,1.7985714285714287,1.77,1.751428571428571,1.2128571428571426,-0.0985714285714287,0.1299999999999999,0.2972774225394816
2021-08-30,42.575900542770576,42.575900542770576,42.037328992589536,42.08541488647461,1854900.0,-0.1737074842676519,0.08,0.04,0.05,0.05,0.08,0.2,0.4,0.77,1.07,1.29,1.82,1.9,557.25,540.25,73569.0,6.95,13.6,1.4,0.65,7.0,13.84,2.03,0.3571428571428571,-0.0499999999999998,-0.2400000000000002,-0.6299999999999999,0.2928571428571429,0.2160265960591758
2021-08-31,42.21045127893577,42.34509328162465,41.81614098446715,42.287391662597656,4187000.0,-0.2650181204080583,0.06,0.03,0.04,0.06,0.07,0.2,0.4,0.77,1.08,1.3,1.85,1.92,540.0,534.0,8135.0,8.35,13.35,2.0,5.45,7.244285714285715,13.451428571428572,2.0628571428571427,1.227142857142857,1.105714285714285,-0.1014285714285723,-0.0628571428571427,4.222857142857143,0.4565226457410375
2021-09-01,42.66245893841835,42.792291225837694,41.970010288931846,42.68169403076172,2518000.0,0.4839549008756874,0.08,0.04,0.05,0.06,0.07,0.2,0.42,0.78,1.08,1.31,1.84,1.92,534.0,515.5,5192.0,7.8,12.8,2.6,0.0,7.658571428571429,13.411428571428573,2.142857142857143,1.1828571428571428,0.1414285714285705,-0.6114285714285721,0.4571428571428573,-1.1828571428571428,0.2776572754870537
2021-09-02,42.73940702750372,43.691524174250745,42.710556215660375,43.2010383605957,2817600.0,0.7467668540775775,0.08,0.05,0.05,0.06,0.07,0.2,0.42,0.78,1.07,1.29,1.83,1.9,515.5,516.25,1319.0,9.15,10.3,3.1,4.3,7.497142857142856,13.714285714285714,2.2314285714285713,0.5800000000000001,1.652857142857144,-3.414285714285713,0.8685714285714288,3.72,0.9535468784957148
2021-09-03,43.09525082759689,43.73480039201576,43.09525082759689,43.2010383605957,3472000.0,0.2955620735883711,0.08,0.04,0.05,0.05,0.08,0.21,0.42,0.78,1.09,1.33,1.87,1.94,516.75,508.0,967.0,9.15,10.3,1.7,0.0,6.974285714285714,13.375714285714285,2.217142857142857,1.22,2.175714285714286,-3.075714285714284,-0.5171428571428571,-1.22,0.685274320967754
2021-09-04,43.09525082759689,43.73480039201576,43.09525082759689,43.2010383605957,3472000.0,0.2955620735883711,0.08,0.04,0.05,0.05,0.08,0.21,0.42,0.78,1.09,1.33,1.87,1.94,516.75,508.0,967.0,9.15,10.3,1.7,0.0,6.974285714285714,13.375714285714285,2.217142857142857,1.22,2.175714285714286,-3.075714285714284,-0.5171428571428571,-1.22,0.685274320967754
2021-09-05,43.09525082759689,43.73480039201576,43.09525082759689,43.2010383605957,3472000.0,0.2955620735883711,0.08,0.04,0.05,0.05,0.08,0.21,0.42,0.78,1.09,1.33,1.87,1.94,516.75,508.0,967.0,9.15,10.3,1.7,0.0,6.974285714285714,13.375714285714285,2.217142857142857,1.22,2.175714285714286,-3.075714285714284,-0.5171428571428571,-1.22,0.685274320967754
2021-09-06,43.09525082759689,43.73480039201576,43.09525082759689,43.2010383605957,3472000.0,0.2955620735883711,0.08,0.04,0.05,0.05,0.08,0.21,0.42,0.78,1.09,1.33,1.87,1.94,516.75,508.0,967.0,9.15,10.3,1.7,0.0,6.974285714285714,13.375714285714285,2.217142857142857,1.22,2.175714285714286,-3.075714285714284,-0.5171428571428571,-1.22,0.685274320967754
2021-09-07,42.91251712892688,43.04715913587759,42.5951472080744,42.63361740112305,2455100.0,-0.3489786982536316,0.08,0.04,0.05,0.06,0.08,0.22,0.45,0.82,1.14,1.38,1.91,1.99,509.0,495.75,734.0,7.5,13.35,2.5,0.0,6.231428571428571,12.278571428571428,2.0085714285714285,1.032857142857143,1.268571428571429,1.0714285714285712,0.4914285714285715,-1.032857142857143,0.4168777661517786
2021-09-08,42.643225405057514,42.893274277225366,41.931541637209385,42.45087814331055,3013300.0,0.8840965330600737,0.08,0.05,0.05,0.06,0.08,0.22,0.43,0.81,1.11,1.35,1.88,1.95,497.5,498.25,451.0,5.55,13.35,1.85,0.0,5.634285714285714,12.36142857142857,2.044285714285714,1.3385714285714283,-0.0842857142857145,0.9885714285714292,-0.1942857142857139,-1.3385714285714283,0.244629417571435
2021-09-09,42.23929714005299,42.450879501616576,41.85460627296892,41.91231155395508,2703300.0,0.3678249791264534,0.08,0.07,0.04,0.05,0.07,0.23,0.43,0.79,1.08,1.3,1.83,1.9,498.5,496.0,164.0,4.15,12.8,1.1,0.0,6.112857142857142,12.365714285714288,2.19,1.512857142857143,-1.9628571428571415,0.4342857142857124,-1.09,-1.512857142857143,0.6273590463625509
2021-09-10,42.43164020283793,42.43164020283793,41.70072505971102,41.758426666259766,2061200.0,-0.0774543099105359,0.08,0.06,0.05,0.06,0.08,0.23,0.45,0.82,1.12,1.35,1.86,1.94,499.0,502.75,370.0,6.65,14.45,0.9,0.0,6.19,12.392857142857142,2.0642857142857145,1.7714285714285714,0.4599999999999999,2.057142857142857,-1.1642857142857146,-1.7714285714285714,0.6603180457599553
2021-09-11,42.43164020283793,42.43164020283793,41.70072505971102,41.758426666259766,2061200.0,-0.0774543099105359,0.08,0.06,0.05,0.06,0.08,0.23,0.45,0.82,1.12,1.35,1.86,1.94,499.0,502.75,370.0,6.65,14.45,0.9,0.0,6.19,12.392857142857142,2.0642857142857145,1.7714285714285714,0.4599999999999999,2.057142857142857,-1.1642857142857146,-1.7714285714285714,0.6603180457599553
2021-09-12,42.43164020283793,42.43164020283793,41.70072505971102,41.758426666259766,2061200.0,-0.0774543099105359,0.08,0.06,0.05,0.06,0.08,0.23,0.45,0.82,1.12,1.35,1.86,1.94,499.0,502.75,370.0,6.65,14.45,0.9,0.0,6.19,12.392857142857142,2.0642857142857145,1.7714285714285714,0.4599999999999999,2.057142857142857,-1.1642857142857146,-1.7714285714285714,0.6603180457599553
2021-09-13,41.9315356273934,42.17196875293744,40.98903821550696,41.489139556884766,1907400.0,0.2985811755061149,0.08,0.06,0.06,0.06,0.07,0.21,0.44,0.81,1.11,1.33,1.83,1.91,503.5,496.75,313.0,6.1,11.65,1.6,2.15,5.6571428571428575,12.347142857142856,2.0900000000000003,1.6357142857142857,0.4428571428571421,-0.6971428571428557,-0.4900000000000002,0.5142857142857142,0.269237438615921
2021-09-14,41.70072652228867,41.796898315722046,40.54664665749436,40.642818450927734,1787500.0,0.0899317786097526,0.08,0.05,0.04,0.05,0.07,0.21,0.43,0.79,1.07,1.28,1.78,1.85,497.0,503.0,114271.0,5.85,12.5,1.65,0.0,5.3671428571428565,11.887142857142855,2.0114285714285716,0.5057142857142857,0.4828571428571431,0.6128571428571448,-0.3614285714285716,-0.5057142857142857,0.2309152900911676
2021-09-15,40.681297804437854,41.44106761744033,40.618786491489395,41.325660705566406,2177900.0,0.2834830092615447,0.08,0.04,0.04,0.05,0.07,0.21,0.43,0.81,1.1,1.31,1.8,1.87,520.75,533.5,152827.0,4.45,13.35,2.35,0.0,5.314285714285714,12.201428571428572,2.1385714285714283,2.752857142857143,-0.8642857142857139,1.1485714285714277,0.2114285714285717,-2.752857142857143,0.4446353589591344
2021-09-16,41.258338614323705,41.33527533063962,40.68129673271669,40.950584411621094,2711200.0,0.9507443159818648,0.08,0.06,0.04,0.05,0.07,0.23,0.46,0.84,1.13,1.34,1.83,1.88,533.5,529.5,118905.0,8.9,16.95,4.3,2.9,5.6414285714285715,12.412857142857142,2.202857142857143,0.5871428571428572,3.258571428571429,4.537142857142857,2.097142857142857,2.3128571428571427,1.413475030537748
2021-09-17,40.8255565502736,41.28718783657461,39.729181786718776,40.26774978637695,7032100.0,1.8617322705686088,0.08,0.06,0.04,0.05,0.07,0.23,0.47,0.88,1.17,1.37,1.85,1.91,529.0,527.25,109533.0,5.3,11.65,1.75,0.15,5.525714285714286,11.747142857142856,2.105714285714286,0.2014285714285714,-0.2257142857142859,-0.097142857142856,-0.3557142857142858,-0.0514285714285714,0.128251881638102
2021-09-18,40.8255565502736,41.28718783657461,39.729181786718776,40.26774978637695,7032100.0,1.8617322705686088,0.08,0.06,0.04,0.05,0.07,0.23,0.47,0.88,1.17,1.37,1.85,1.91,529.0,527.25,109533.0,5.3,11.65,1.75,0.15,5.525714285714286,11.747142857142856,2.105714285714286,0.2014285714285714,-0.2257142857142859,-0.097142857142856,-0.3557142857142858,-0.0514285714285714,0.128251881638102
2021-09-19,40.8255565502736,41.28718783657461,39.729181786718776,40.26774978637695,7032100.0,1.8617322705686088,0.08,0.06,0.04,0.05,0.07,0.23,0.47,0.88,1.17,1.37,1.85,1.91,529.0,527.25,109533.0,5.3,11.65,1.75,0.15,5.525714285714286,11.747142857142856,2.105714285714286,0.2014285714285714,-0.2257142857142859,-0.097142857142856,-0.3557142857142858,-0.0514285714285714,0.128251881638102
2021-09-20,39.431039718729295,39.97922705058972,39.16175574342074,39.90229034423828,2506600.0,0.78828733228147,0.08,0.06,0.04,0.05,0.07,0.23,0.45,0.83,1.12,1.31,1.79,1.85,527.0,521.75,125356.0,5.0,12.5,3.05,14.85,5.211428571428572,11.891428571428571,2.35,1.8814285714285712,-0.2114285714285717,0.6085714285714285,0.6999999999999997,12.968571428571428,1.2675240158032872
2021-09-21,40.07540330087819,40.200429589891705,39.56087640879575,39.81573867797851,3350900.0,-0.074955329298973,0.08,0.05,0.03,0.04,0.07,0.22,0.46,0.84,1.13,1.33,1.81,1.86,522.0,517.0,119145.0,3.6,10.3,1.9,0.0,4.41,10.978571428571428,2.2928571428571427,0.9885714285714288,-0.81,-0.678571428571427,-0.3928571428571428,-0.9885714285714288,0.312595283424473
2021-09-22,40.27736994477057,40.772661740596085,40.181194465321326,40.3350715637207,2126700.0,0.4313262216746806,0.08,0.04,0.03,0.05,0.08,0.25,0.48,0.86,1.13,1.32,1.78,1.84,517.0,525.5,112326.0,2.5,10.85,1.45,0.0,3.951428571428572,10.187142857142858,2.1585714285714284,1.0928571428571427,-1.451428571428572,0.6628571428571419,-0.7085714285714284,-1.0928571428571427,0.4635267919011676
2021-09-23,40.585127282121114,41.1525498142619,40.50818689260792,40.78709030151367,2644000.0,-0.2298725098371506,0.08,0.05,0.03,0.04,0.08,0.27,0.53,0.94,1.22,1.41,1.87,1.92,524.5,529.25,95990.0,5.3,12.8,2.0,0.0,4.165714285714286,10.678571428571429,2.2014285714285715,1.532857142857143,1.1342857142857137,2.121428571428572,-0.2014285714285715,-1.532857142857143,0.4509653238003884
2021-09-24,40.633208868057366,40.921727960595575,40.42162648812701,40.690914154052734,2311800.0,-0.2657022885978222,0.08,0.06,0.03,0.05,0.08,0.29,0.55,0.97,1.27,1.47,1.94,1.99,528.5,526.75,93098.0,2.8,10.55,2.4,0.4,4.351428571428571,11.032857142857145,1.9485714285714288,1.5614285714285714,-1.5514285714285716,-0.482857142857144,0.451428571428571,-1.1614285714285717,0.394483727621344
2021-09-25,40.633208868057366,40.921727960595575,40.42162648812701,40.690914154052734,2311800.0,-0.2657022885978222,0.08,0.06,0.03,0.05,0.08,0.29,0.55,0.97,1.27,1.47,1.94,1.99,528.5,526.75,93098.0,2.8,10.55,2.4,0.4,4.351428571428571,11.032857142857145,1.9485714285714288,1.5614285714285714,-1.5514285714285716,-0.482857142857144,0.451428571428571,-1.1614285714285717,0.394483727621344
2021-09-26,40.633208868057366,40.921727960595575,40.42162648812701,40.690914154052734,2311800.0,-0.2657022885978222,0.08,0.06,0.03,0.05,0.08,0.29,0.55,0.97,1.27,1.47,1.94,1.99,528.5,526.75,93098.0,2.8,10.55,2.4,0.4,4.351428571428571,11.032857142857145,1.9485714285714288,1.5614285714285714,-1.5514285714285716,-0.482857142857144,0.451428571428571,-1.1614285714285717,0.394483727621344
2021-09-27,40.74861664616536,41.90269670981455,40.74861664616536,41.796905517578125,2967200.0,0.3124142736196517,0.08,0.06,0.04,0.05,0.09,0.31,0.56,0.98,1.3,1.48,1.95,1.99,524.75,539.5,144946.0,5.85,15.0,1.0,0.0,3.7142857142857144,11.372857142857145,1.9585714285714284,0.0942857142857142,2.1357142857142852,3.627142857142855,-0.9585714285714284,-0.0942857142857142,0.7571417234771931
2021-09-28,41.91231137400429,42.3258530454464,41.05156019709779,41.392974853515625,2988400.0,0.5733270347118378,0.08,0.07,0.04,0.06,0.09,0.31,0.55,1.02,1.34,1.54,2.02,2.07,538.75,532.5,125830.0,7.5,15.85,2.05,0.0,2.8957142857142855,10.874285714285715,1.9085714285714288,0.4614285714285714,4.604285714285714,4.975714285714284,0.141428571428571,-0.4614285714285714,0.9045631485622684
2021-09-29,41.52761806048094,41.57570396148351,40.9794307178696,41.21986389160156,2024700.0,0.922497346997261,0.08,0.05,0.04,0.05,0.09,0.3,0.55,1.01,1.34,1.55,2.04,2.09,533.5,539.0,107220.0,8.9,13.35,1.5,1.65,4.017142857142857,11.224285714285717,2.204285714285714,0.3228571428571428,4.8828571428571435,2.125714285714283,-0.7042857142857142,1.3271428571428572,0.9171256628598676
2021-09-30,41.25833177601749,41.43144394493541,40.45047621064018,40.46971130371094,2433200.0,0.3514139503240583,0.06,0.07,0.04,0.05,0.09,0.28,0.53,0.98,1.32,1.52,2.02,2.08,539.0,536.75,222135.0,8.35,11.1,0.85,12.7,4.331428571428571,11.697142857142856,2.205714285714286,0.7857142857142857,4.018571428571429,-0.5971428571428561,-1.355714285714286,11.914285714285713,1.7127185841550348
2021-10-01,40.729389981311165,42.18641851864248,40.57551285222035,41.83538436889648,3540600.0,0.9779306799173356,0.08,0.08,0.04,0.05,0.09,0.27,0.49,0.93,1.26,1.48,1.99,2.04,536.75,541.5,135599.0,8.9,11.4,0.9,2.05,3.66,10.774285714285716,2.112857142857143,1.4628571428571429,5.24,0.6257142857142846,-1.212857142857143,0.587142857142857,0.9070249933649582
2021-10-02,40.729389981311165,42.18641851864248,40.57551285222035,41.83538436889648,3540600.0,0.9779306799173356,0.08,0.08,0.04,0.05,0.09,0.27,0.49,0.93,1.26,1.48,1.99,2.04,536.75,541.5,135599.0,8.9,11.4,0.9,2.05,3.66,10.774285714285716,2.112857142857143,1.4628571428571429,5.24,0.6257142857142846,-1.212857142857143,0.587142857142857,0.9070249933649582
2021-10-03,40.729389981311165,42.18641851864248,40.57551285222035,41.83538436889648,3540600.0,0.9779306799173356,0.08,0.08,0.04,0.05,0.09,0.27,0.49,0.93,1.26,1.48,1.99,2.04,536.75,541.5,135599.0,8.9,11.4,0.9,2.05,3.66,10.774285714285716,2.112857142857143,1.4628571428571429,5.24,0.6257142857142846,-1.212857142857143,0.587142857142857,0.9070249933649582
2021-10-04,41.93154484226558,42.19121311516402,40.787084233908,40.92172622680664,2853900.0,0.4406544864177704,0.08,0.09,0.04,0.06,0.09,0.27,0.52,0.95,1.27,1.49,1.99,2.05,540.0,540.75,132923.0,3.6,14.15,0.1,0.0,3.12,8.99,2.1114285714285717,3.067142857142857,0.48,5.16,-2.0114285714285716,-3.067142857142857,1.2427635168118636
2021-10-05,41.05637084064256,42.20564121317572,40.85440783840178,41.796905517578125,3173800.0,-0.1808120533823967,0.08,0.1,0.04,0.06,0.09,0.28,0.54,0.98,1.32,1.54,2.04,2.1,540.0,537.5,119598.0,4.15,12.8,1.4,0.0,3.532857142857143,9.555714285714286,2.3400000000000003,1.0642857142857145,0.6171428571428574,3.2442857142857147,-0.9400000000000004,-1.0642857142857145,0.6560889156884753
2021-10-06,41.21025177119009,41.38817367183947,39.97731246963667,40.39278030395508,3050200.0,1.0735954493284223,0.08,0.06,0.04,0.06,0.1,0.3,0.55,0.99,1.32,1.53,2.02,2.08,537.0,532.25,126943.0,6.1,10.85,1.9,0.0,2.9885714285714284,8.911428571428571,2.5614285714285714,1.72,3.111428571428571,1.9385714285714288,-0.6614285714285715,-1.72,0.7570927411122533
2021-10-07,40.844786208311085,41.40258922923059,40.67167404040393,40.86402130126953,2005400.0,0.9224535152316092,0.08,0.03,0.05,0.06,0.1,0.32,0.57,1.02,1.36,1.58,2.08,2.13,532.75,534.0,104997.0,5.55,11.95,1.7,0.0,2.4114285714285715,9.634285714285712,2.092857142857143,1.1014285714285716,3.1385714285714283,2.3157142857142876,-0.392857142857143,-1.1014285714285716,0.6699920304393445
2021-10-08,41.12368635457555,41.54685106706165,40.87363748069467,41.142921447753906,1402700.0,-0.6943094432353973,0.08,0.02,0.05,0.07,0.09,0.32,0.59,1.05,1.39,1.61,2.11,2.16,533.25,530.5,95481.0,6.4,14.15,1.65,0.0,2.6514285714285712,9.63,2.177142857142857,1.0742857142857145,3.748571428571429,4.52,-0.5271428571428571,-1.0742857142857145,0.9395886366721165
2021-10-09,41.12368635457555,41.54685106706165,40.87363748069467,41.142921447753906,1402700.0,-0.6943094432353973,0.08,0.02,0.05,0.07,0.09,0.32,0.59,1.05,1.39,1.61,2.11,2.16,533.25,530.5,95481.0,6.4,14.15,1.65,0.0,2.6514285714285712,9.63,2.177142857142857,1.0742857142857145,3.748571428571429,4.52,-0.5271428571428571,-1.0742857142857145,0.9395886366721165
2021-10-10,41.12368635457555,41.54685106706165,40.87363748069467,41.142921447753906,1402700.0,-0.6943094432353973,0.08,0.02,0.05,0.07,0.09,0.32,0.59,1.05,1.39,1.61,2.11,2.16,533.25,530.5,95481.0,6.4,14.15,1.65,0.0,2.6514285714285712,9.63,2.177142857142857,1.0742857142857145,3.748571428571429,4.52,-0.5271428571428571,-1.0742857142857145,0.9395886366721165
2021-10-11,41.12368635457555,41.54685106706165,40.87363748069467,41.142921447753906,1402700.0,-0.6943094432353973,0.08,0.02,0.05,0.07,0.09,0.32,0.59,1.05,1.39,1.61,2.11,2.16,533.25,530.5,95481.0,6.4,14.15,1.65,0.0,2.6514285714285712,9.63,2.177142857142857,1.0742857142857145,3.748571428571429,4.52,-0.5271428571428571,-1.0742857142857145,0.9395886366721165
2021-10-12,40.594733470632946,40.93134209268618,40.18118814583992,40.34468460083008,1609000.0,0.1345284357666969,0.08,0.03,0.06,0.06,0.1,0.35,0.64,1.08,1.39,1.59,2.05,2.1,532.75,522.5,196596.0,2.8,10.55,1.85,0.0,1.9085714285714288,8.24,2.224285714285714,1.1728571428571428,0.891428571428571,2.3100000000000005,-0.3742857142857141,-1.1728571428571428,0.4621558494171849
2021-10-13,40.700532909765194,40.729383720559845,39.78688599116543,40.62359619140625,2374000.0,-0.3011177629232407,0.08,0.03,0.05,0.06,0.11,0.37,0.66,1.09,1.38,1.56,2.0,2.05,523.0,512.25,203330.0,3.9,9.45,4.0,3.95,1.7642857142857142,7.775714285714285,2.33,0.6371428571428571,2.1357142857142857,1.6742857142857144,1.67,3.312857142857143,1.0400950783520908
2021-10-14,40.96019214292086,41.94115984863073,40.90248686539013,41.71034240722656,1530600.0,0.7526476262137292,0.08,0.05,0.05,0.06,0.1,0.36,0.62,1.05,1.34,1.52,1.97,2.02,512.25,516.75,140335.0,2.2,6.95,2.25,0.0,1.2457142857142858,7.65,2.3842857142857143,1.1842857142857144,0.9542857142857144,-0.7000000000000002,-0.1342857142857143,-1.1842857142857144,0.2735529210934287
2021-10-15,42.0084900792529,42.24411359407896,41.67188505807282,41.844993591308594,2226100.0,0.5737810842692853,0.08,0.04,0.05,0.06,0.12,0.41,0.7,1.13,1.42,1.59,2.02,2.05,516.25,525.75,130243.0,1.4,7.2,2.2,0.0,0.9071428571428573,7.377142857142857,1.9642857142857144,0.8014285714285714,0.4928571428571426,-0.177142857142857,0.2357142857142857,-0.8014285714285714,0.1857224923542758
2021-10-16,42.0084900792529,42.24411359407896,41.67188505807282,41.844993591308594,2226100.0,0.5737810842692853,0.08,0.04,0.05,0.06,0.12,0.41,0.7,1.13,1.42,1.59,2.02,2.05,516.25,525.75,130243.0,1.4,7.2,2.2,0.0,0.9071428571428573,7.377142857142857,1.9642857142857144,0.8014285714285714,0.4928571428571426,-0.177142857142857,0.2357142857142857,-0.8014285714285714,0.1857224923542758
2021-10-17,42.0084900792529,42.24411359407896,41.67188505807282,41.844993591308594,2226100.0,0.5737810842692853,0.08,0.04,0.05,0.06,0.12,0.41,0.7,1.13,1.42,1.59,2.02,2.05,516.25,525.75,130243.0,1.4,7.2,2.2,0.0,0.9071428571428573,7.377142857142857,1.9642857142857144,0.8014285714285714,0.4928571428571426,-0.177142857142857,0.2357142857142857,-0.8014285714285714,0.1857224923542758
2021-10-18,40.80150597035771,41.85460437100633,40.49856151356455,41.62378692626953,2104600.0,0.5575969815254211,0.08,0.05,0.06,0.06,0.11,0.44,0.72,1.16,1.43,1.59,1.99,2.01,525.75,532.75,119583.0,2.8,12.2,2.4,0.0,1.4757142857142858,7.7785714285714285,2.3,0.4757142857142857,1.324285714285714,4.421428571428571,0.1,-0.4757142857142857,0.5459547688393973
2021-10-19,41.844985255528826,42.00367202049644,41.28718223601685,41.96039581298828,1418600.0,1.923297334462404,0.08,0.06,0.05,0.06,0.11,0.41,0.71,1.17,1.47,1.65,2.07,2.09,532.0,530.25,119081.0,4.15,10.85,1.8,0.0,1.4071428571428573,7.832857142857142,1.9885714285714284,0.0585714285714285,2.742857142857143,3.017142857142858,-0.1885714285714284,-0.0585714285714285,0.554313559472139
2021-10-20,41.883454614287935,42.825952135949166,41.883454614287935,42.441261291503906,2084900.0,0.0987864173948764,0.08,0.06,0.05,0.06,0.1,0.4,0.7,1.16,1.46,1.65,2.09,2.12,530.0,539.25,129884.0,1.65,5.85,2.8,7.25,1.032857142857143,8.248571428571429,1.9114285714285717,0.4442857142857143,0.617142857142857,-2.3985714285714295,0.8885714285714281,6.805714285714286,1.0209487224314464
2021-10-21,42.15274285548432,42.316235641295194,40.96019278226608,41.07559967041016,2653300.0,-0.7670773304998874,0.08,0.06,0.06,0.06,0.12,0.45,0.78,1.23,1.52,1.68,2.1,2.13,539.0,532.25,119388.0,1.65,5.85,2.1,0.0,1.0685714285714285,7.745714285714286,2.1328571428571426,0.6514285714285714,0.5814285714285714,-1.8957142857142868,-0.0328571428571424,-0.6514285714285714,0.2675249045781426
2021-10-22,41.114070892333984,41.59493721856011,40.95057810240218,41.114070892333984,1875700.0,-0.2359068989753723,0.08,0.05,0.06,0.07,0.13,0.48,0.79,1.22,1.49,1.66,2.06,2.08,533.0,538.0,109345.0,0.3,5.55,1.15,1.0,1.1714285714285717,7.602857142857143,2.1799999999999997,1.0485714285714287,-0.8714285714285717,-2.0528571428571434,-1.0299999999999998,-0.0485714285714287,0.5277470291262109
2021-10-23,41.114070892333984,41.59493721856011,40.95057810240218,41.114070892333984,1875700.0,-0.2359068989753723,0.08,0.05,0.06,0.07,0.13,0.48,0.79,1.22,1.49,1.66,2.06,2.08,533.0,538.0,109345.0,0.3,5.55,1.15,1.0,1.1714285714285717,7.602857142857143,2.1799999999999997,1.0485714285714287,-0.8714285714285717,-2.0528571428571434,-1.0299999999999998,-0.0485714285714287,0.5277470291262109
2021-10-24,41.114070892333984,41.59493721856011,40.95057810240218,41.114070892333984,1875700.0,-0.2359068989753723,0.08,0.05,0.06,0.07,0.13,0.48,0.79,1.22,1.49,1.66,2.06,2.08,533.0,538.0,109345.0,0.3,5.55,1.15,1.0,1.1714285714285717,7.602857142857143,2.1799999999999997,1.0485714285714287,-0.8714285714285717,-2.0528571428571434,-1.0299999999999998,-0.0485714285714287,0.5277470291262109
2021-10-25,41.34489893724694,41.45068647439947,40.86403248780509,40.89288330078125,3361100.0,0.3894347031600773,0.08,0.07,0.06,0.06,0.14,0.47,0.76,1.19,1.47,1.64,2.07,2.09,537.0,538.0,107050.0,0.0,5.85,2.05,0.0,0.6214285714285716,6.6728571428571435,2.2214285714285715,0.48,-0.6214285714285716,-0.8228571428571438,-0.1714285714285717,-0.48,0.2078221811023176
2021-10-26,41.01789806069753,41.21505134174705,40.68994394730542,41.07559967041016,1656700.0,0.1796648483723402,0.08,0.06,0.06,0.06,0.14,0.47,0.77,1.2,1.46,1.63,2.03,2.05,538.0,543.5,146995.0,2.8,6.65,4.0,0.0,0.1657142857142856,6.390000000000001,2.28,0.5128571428571428,2.6342857142857143,0.2599999999999998,1.7200000000000002,-0.5128571428571428,0.7664579560506873
2021-10-27,40.83517066039866,40.92172675247669,40.46009548430029,40.498565673828125,2147300.0,0.2045983523130417,0.08,0.06,0.06,0.07,0.12,0.5,0.77,1.16,1.41,1.54,1.93,1.95,542.5,557.25,241141.0,4.45,6.1,2.2,14.85,0.1042857142857143,6.0128571428571425,2.505714285714286,0.71,4.345714285714286,0.0871428571428571,-0.3057142857142856,14.14,1.5932010718082863
2021-10-28,40.5754998856237,41.48914665269398,40.5754998856237,41.392974853515625,2593400.0,1.9867239333689208,0.08,0.06,0.06,0.06,0.15,0.5,0.77,1.18,1.44,1.57,1.98,1.96,556.5,562.75,164258.0,3.6,7.2,3.05,0.0,0.2271428571428571,6.569999999999999,2.507142857142857,0.5242857142857144,3.3728571428571428,0.6300000000000008,0.5428571428571427,-0.5242857142857144,0.5498888604131676
2021-10-29,41.267950388431586,41.82575712052851,41.056368018502525,41.4987678527832,3683900.0,0.8500658273696897,0.07,0.06,0.05,0.07,0.15,0.48,0.75,1.18,1.44,1.55,1.98,1.93,562.5,568.25,135195.0,1.1,8.05,1.35,0.0,0.3642857142857142,6.362857142857142,2.274285714285714,0.6614285714285714,0.7357142857142859,1.6871428571428586,-0.924285714285714,-0.6614285714285714,0.504842864084283
2021-10-30,41.267950388431586,41.82575712052851,41.056368018502525,41.4987678527832,3683900.0,0.8500658273696897,0.07,0.06,0.05,0.07,0.15,0.48,0.75,1.18,1.44,1.55,1.98,1.93,562.5,568.25,135195.0,1.1,8.05,1.35,0.0,0.3642857142857142,6.362857142857142,2.274285714285714,0.6614285714285714,0.7357142857142859,1.6871428571428586,-0.924285714285714,-0.6614285714285714,0.504842864084283
2021-10-31,41.267950388431586,41.82575712052851,41.056368018502525,41.4987678527832,3683900.0,0.8500658273696897,0.07,0.06,0.05,0.07,0.15,0.48,0.75,1.18,1.44,1.55,1.98,1.93,562.5,568.25,135195.0,1.1,8.05,1.35,0.0,0.3642857142857142,6.362857142857142,2.274285714285714,0.6614285714285714,0.7357142857142859,1.6871428571428586,-0.924285714285714,-0.6614285714285714,0.504842864084283
2021-11-01,41.51800139259253,41.76805396409944,41.21024720359888,41.3641242980957,2651700.0,-0.0965988412499426,0.08,0.05,0.05,0.06,0.15,0.5,0.79,1.2,1.46,1.58,2.01,1.98,568.0,579.0,197409.0,-2.45,3.9,1.2,0.0,-0.4328571428571429,5.691428571428571,2.5,0.3157142857142857,-2.0171428571428573,-1.7914285714285714,-1.3,-0.3157142857142857,0.7057911445282495
2021-11-02,41.402593180246846,41.681496551681555,40.52741654507386,41.20063018798828,4306700.0,1.182668067514896,0.08,0.05,0.05,0.07,0.15,0.46,0.73,1.15,1.42,1.56,1.97,1.96,578.25,573.0,174067.0,-3.0,4.15,0.6,0.0,-0.6642857142857143,5.42,2.3442857142857143,0.2285714285714285,-2.335714285714286,-1.2699999999999996,-1.7442857142857142,-0.2285714285714285,0.8053114523676533
2021-11-03,40.989051942905895,43.41261910029846,40.989051942905895,43.09524917602539,4392900.0,1.052344985306263,0.08,0.05,0.05,0.07,0.17,0.47,0.77,1.19,1.46,1.6,2.01,2.0,572.0,564.0,149892.0,-2.15,5.3,1.0,0.0,-0.99,5.2057142857142855,2.13,0.5028571428571429,-1.16,0.0942857142857143,-1.13,-0.5028571428571429,0.4574426578098031
2021-11-04,43.758845751513846,45.82657289736999,43.45109152544034,45.58613967895508,4465900.0,-1.2877728901803491,0.08,0.05,0.04,0.07,0.14,0.41,0.69,1.1,1.37,1.53,1.96,1.96,563.75,559.25,149483.0,-2.45,3.6,1.45,0.0,-1.3928571428571428,5.188571428571429,1.85,0.1428571428571428,-1.0571428571428574,-1.5885714285714283,-0.4000000000000001,-0.1428571428571428,0.3454673386557986
2021-11-05,45.85541709486736,46.71135864195826,45.48995762835332,45.77847671508789,2727300.0,0.6524593234062194,0.08,0.05,0.05,0.07,0.14,0.39,0.66,1.04,1.3,1.45,1.88,1.87,560.0,553.0,192123.0,2.8,10.0,2.7,0.0,-0.7714285714285715,5.144285714285715,2.267142857142857,0.63,3.571428571428571,4.855714285714285,0.4328571428571433,-0.63,0.8905668908576356
2021-11-06,45.85541709486736,46.71135864195826,45.48995762835332,45.77847671508789,2727300.0,0.6524593234062194,0.08,0.05,0.05,0.07,0.14,0.39,0.66,1.04,1.3,1.45,1.88,1.87,560.0,553.0,192123.0,2.8,10.0,2.7,0.0,-0.7714285714285715,5.144285714285715,2.267142857142857,0.63,3.571428571428571,4.855714285714285,0.4328571428571433,-0.63,0.8905668908576356
2021-11-07,45.85541709486736,46.71135864195826,45.48995762835332,45.77847671508789,2727300.0,0.6524593234062194,0.08,0.05,0.05,0.07,0.14,0.39,0.66,1.04,1.3,1.45,1.88,1.87,560.0,553.0,192123.0,2.8,10.0,2.7,0.0,-0.7714285714285715,5.144285714285715,2.267142857142857,0.63,3.571428571428571,4.855714285714285,0.4328571428571433,-0.63,0.8905668908576356
2021-11-08,46.07660575306489,46.33627397859497,44.634006945932335,44.759033203125,4538200.0,0.1970990449190139,0.08,0.04,0.06,0.07,0.16,0.45,0.75,1.13,1.38,1.51,1.91,1.89,552.0,551.5,166976.0,0.55,7.8,1.85,0.0,-0.8042857142857143,4.941428571428571,2.21,0.0357142857142857,1.3542857142857143,2.8585714285714285,-0.3599999999999999,-0.0357142857142857,0.4571423469747996
2021-11-09,44.8359749254166,46.278573894292336,44.82635921319374,46.01890563964844,2541700.0,0.94221067125909,0.08,0.04,0.04,0.06,0.14,0.41,0.71,1.08,1.32,1.46,1.86,1.83,551.0,554.75,246899.0,0.55,6.65,0.85,0.0,-0.9514285714285714,5.041428571428571,2.23,0.57,1.5014285714285711,1.6085714285714294,-1.38,-0.57,0.6844830761351324
2021-11-10,45.76812780435811,46.47225239464243,45.62344310684729,45.98997497558594,2025300.0,-0.4713448174297811,0.08,0.06,0.05,0.07,0.17,0.51,0.83,1.23,1.45,1.56,1.96,1.92,555.5,569.25,209267.0,2.2,4.7,2.2,2.55,-1.97,3.628571428571429,2.5085714285714285,1.0799999999999998,4.17,1.0714285714285712,-0.3085714285714283,1.47,0.6703760991947342
2021-11-11,45.76812780435811,46.47225239464243,45.62344310684729,45.98997497558594,2025300.0,-0.4713448174297811,0.08,0.06,0.05,0.07,0.17,0.51,0.83,1.23,1.45,1.56,1.96,1.92,555.5,569.25,209267.0,2.2,4.7,2.2,2.55,-1.97,3.628571428571429,2.5085714285714285,1.0799999999999998,4.17,1.0714285714285712,-0.3085714285714283,1.47,0.6703760991947342
2021-11-12,46.202180376706394,47.041342094827954,46.139481954428575,46.97382354736328,3811500.0,0.4161471724510193,0.08,0.05,0.05,0.07,0.17,0.53,0.85,1.24,1.47,1.58,1.99,1.95,569.25,577.25,163539.0,-1.05,0.3,5.35,0.25,-2.1042857142857145,3.2514285714285713,2.4357142857142855,0.5971428571428572,1.0542857142857145,-2.9514285714285715,2.914285714285714,-0.3471428571428572,1.146654395409151
2021-11-13,46.202180376706394,47.041342094827954,46.139481954428575,46.97382354736328,3811500.0,0.4161471724510193,0.08,0.05,0.05,0.07,0.17,0.53,0.85,1.24,1.47,1.58,1.99,1.95,569.25,577.25,163539.0,-1.05,0.3,5.35,0.25,-2.1042857142857145,3.2514285714285713,2.4357142857142855,0.5971428571428572,1.0542857142857145,-2.9514285714285715,2.914285714285714,-0.3471428571428572,1.146654395409151
2021-11-14,46.202180376706394,47.041342094827954,46.139481954428575,46.97382354736328,3811500.0,0.4161471724510193,0.08,0.05,0.05,0.07,0.17,0.53,0.85,1.24,1.47,1.58,1.99,1.95,569.25,577.25,163539.0,-1.05,0.3,5.35,0.25,-2.1042857142857145,3.2514285714285713,2.4357142857142855,0.5971428571428572,1.0542857142857145,-2.9514285714285715,2.914285714285714,-0.3471428571428572,1.146654395409151
2021-11-15,47.325879042391485,47.64900769068897,46.38543960197025,46.655513763427734,1790700.0,0.2765402751974761,0.08,0.06,0.05,0.06,0.18,0.53,0.87,1.26,1.51,1.63,2.05,2.01,576.25,576.5,128056.0,-0.25,3.6,1.9,0.0,-2.1942857142857144,3.82,2.082857142857143,0.6928571428571428,1.9442857142857144,-0.2199999999999997,-0.1828571428571432,-0.6928571428571428,0.3008792819554273
2021-11-16,47.137793147648296,47.3596403152961,46.68445488310045,46.7133903503418,1645700.0,-0.051446755125653,0.08,0.06,0.05,0.07,0.17,0.54,0.87,1.27,1.52,1.63,2.06,2.02,576.0,571.0,137344.0,0.85,10.55,2.9,0.0,-1.9228571428571428,3.962857142857142,2.3457142857142856,0.4042857142857143,2.7728571428571427,6.587142857142858,0.5542857142857143,-0.4042857142857143,0.9724404048762711
2021-11-17,46.520484904737685,47.00276238085499,46.34686471897664,46.63623046875,1533100.0,-0.0139205195009708,0.08,0.06,0.05,0.06,0.18,0.52,0.85,1.24,1.49,1.6,2.04,2.0,570.75,575.25,185381.0,-2.45,3.05,3.4,0.0,-2.13,3.0985714285714288,2.3242857142857143,0.3628571428571428,-0.3200000000000003,-0.0485714285714289,1.0757142857142856,-0.3628571428571428,0.3505128927489318
2021-11-18,46.85807884514326,47.263190137310296,46.56870943132688,46.94488525390625,2404900.0,0.4712428599596023,0.08,0.12,0.05,0.06,0.18,0.52,0.84,1.22,1.47,1.59,2.01,1.97,575.0,573.0,171416.0,-3.0,0.55,2.15,0.0,-1.8457142857142856,3.8042857142857143,2.4028571428571426,1.3028571428571427,-1.1542857142857144,-3.2542857142857144,-0.2528571428571426,-1.3028571428571427,0.5408035030425163
2021-11-19,46.61693684409223,46.7712654701897,45.95621545888621,46.1153678894043,3253700.0,0.0012371167540551,0.08,0.11,0.05,0.06,0.18,0.52,0.86,1.22,1.45,1.54,1.95,1.91,573.0,570.75,130524.0,-1.6,4.7,2.95,0.0,-2.0914285714285716,3.407142857142857,2.4014285714285712,0.4142857142857143,0.4914285714285715,1.2928571428571431,0.5485714285714289,-0.4142857142857143,0.3300934536524478
2021-11-20,46.61693684409223,46.7712654701897,45.95621545888621,46.1153678894043,3253700.0,0.0012371167540551,0.08,0.11,0.05,0.06,0.18,0.52,0.86,1.22,1.45,1.54,1.95,1.91,573.0,570.75,130524.0,-1.6,4.7,2.95,0.0,-2.0914285714285716,3.407142857142857,2.4014285714285712,0.4142857142857143,0.4914285714285715,1.2928571428571431,0.5485714285714289,-0.4142857142857143,0.3300934536524478
2021-11-21,46.61693684409223,46.7712654701897,45.95621545888621,46.1153678894043,3253700.0,0.0012371167540551,0.08,0.11,0.05,0.06,0.18,0.52,0.86,1.22,1.45,1.54,1.95,1.91,573.0,570.75,130524.0,-1.6,4.7,2.95,0.0,-2.0914285714285716,3.407142857142857,2.4014285714285712,0.4142857142857143,0.4914285714285715,1.2928571428571431,0.5485714285714289,-0.4142857142857143,0.3300934536524478
2021-11-22,46.25040162408357,47.0365124313539,45.854934318412965,45.86457824707031,2710700.0,0.4621527791023254,0.08,0.07,0.05,0.07,0.2,0.63,0.95,1.33,1.55,1.63,2.03,1.98,570.5,576.75,172298.0,-3.55,3.35,1.05,0.0,-2.95,2.774285714285714,2.0285714285714285,0.2314285714285714,-0.5999999999999996,0.5757142857142861,-0.9785714285714284,-0.2314285714285714,0.3829744013135082
2021-11-23,46.009263449709074,46.28898521720894,45.353365909115674,46.20217514038086,2005200.0,0.6895857448689638,0.08,0.06,0.06,0.07,0.21,0.6,0.95,1.33,1.58,1.67,2.08,2.02,576.25,580.5,179297.0,-2.45,10.0,2.65,0.0,-3.065714285714286,2.47,2.3128571428571427,0.9485714285714286,0.6157142857142857,7.529999999999999,0.3371428571428572,-0.9485714285714286,0.8336207178522604
2021-11-24,45.85494133065578,46.153950998056104,45.5945110632689,45.88387680053711,1291900.0,0.4976647607982158,0.08,0.14,0.06,0.1,0.24,0.64,0.97,1.34,1.58,1.64,2.03,1.96,580.25,579.75,265928.0,-2.45,5.85,3.35,0.0,-3.25,2.5342857142857143,2.337142857142857,0.6142857142857143,0.7999999999999998,3.3157142857142854,1.012857142857143,-0.6142857142857143,0.6633020082165313
2021-11-25,45.85494133065578,46.153950998056104,45.5945110632689,45.88387680053711,1291900.0,0.4976647607982158,0.08,0.14,0.06,0.1,0.24,0.64,0.97,1.34,1.58,1.64,2.03,1.96,580.25,579.75,265928.0,-2.45,5.85,3.35,0.0,-3.25,2.5342857142857143,2.337142857142857,0.6142857142857143,0.7999999999999998,3.3157142857142854,1.012857142857143,-0.6142857142857143,0.6633020082165313
2021-11-26,44.56243063686627,45.343717637402854,44.48526448993285,45.17010116577149,1306500.0,1.1477187294512985,0.08,0.11,0.06,0.1,0.2,0.5,0.81,1.16,1.4,1.48,1.89,1.83,571.5,586.75,180220.0,-2.15,4.45,1.3,0.0,-3.507142857142857,1.6842857142857144,2.177142857142857,0.8685714285714285,1.3571428571428572,2.765714285714286,-0.877142857142857,-0.8685714285714285,0.6535383482479458
2021-11-27,44.56243063686627,45.343717637402854,44.48526448993285,45.17010116577149,1306500.0,1.1477187294512985,0.08,0.11,0.06,0.1,0.2,0.5,0.81,1.16,1.4,1.48,1.89,1.83,571.5,586.75,180220.0,-2.15,4.45,1.3,0.0,-3.507142857142857,1.6842857142857144,2.177142857142857,0.8685714285714285,1.3571428571428572,2.765714285714286,-0.877142857142857,-0.8685714285714285,0.6535383482479458
2021-11-28,44.56243063686627,45.343717637402854,44.48526448993285,45.17010116577149,1306500.0,1.1477187294512985,0.08,0.11,0.06,0.1,0.2,0.5,0.81,1.16,1.4,1.48,1.89,1.83,571.5,586.75,180220.0,-2.15,4.45,1.3,0.0,-3.507142857142857,1.6842857142857144,2.177142857142857,0.8685714285714285,1.3571428571428572,2.765714285714286,-0.877142857142857,-0.8685714285714285,0.6535383482479458
2021-11-29,45.61861545235432,45.719896939754925,44.78427764831312,44.93860626220703,2080700.0,0.5541758313775063,0.08,0.07,0.06,0.1,0.21,0.51,0.83,1.18,1.42,1.52,1.93,1.87,586.0,581.0,158234.0,-0.5,9.7,2.2,0.0,-3.7071428571428577,1.56,2.2985714285714285,0.4871428571428571,3.2071428571428577,8.139999999999999,-0.0985714285714283,-0.4871428571428571,1.0230528008653477
2021-11-30,44.65888098136121,44.774626512791855,43.1831134972971,43.40496063232422,4761900.0,-0.297381453216076,0.07,0.11,0.05,0.1,0.24,0.52,0.81,1.14,1.36,1.43,1.85,1.78,581.0,567.0,24986.0,-1.05,6.4,1.3,0.0,-3.6628571428571424,1.052857142857143,2.355714285714286,0.6342857142857142,2.612857142857142,5.347142857142858,-1.0557142857142858,-0.6342857142857142,1.0092968217298215
2021-12-01,44.15731521121688,45.30513771686223,43.05772338658657,43.0770149230957,2598900.0,0.3095661997795105,0.08,0.09,0.06,0.1,0.25,0.56,0.85,1.15,1.35,1.43,1.84,1.77,568.0,572.0,6270.0,0.3,8.05,1.65,0.0,-3.7928571428571423,1.481428571428571,2.157142857142857,0.4257142857142857,4.0928571428571425,6.568571428571429,-0.5071428571428571,-0.4257142857142857,1.0821042039771516
2021-12-02,43.38567728004276,44.85180111279488,43.29404339065675,44.55278778076172,2705200.0,0.0992223862558602,0.08,0.05,0.05,0.09,0.27,0.63,0.9,1.21,1.38,1.44,1.87,1.76,571.25,577.0,6237.0,0.85,5.85,1.3,0.0,-4.277142857142858,1.3228571428571427,2.16,0.1542857142857142,5.127142857142857,4.527142857142857,-0.8600000000000001,-0.1542857142857142,1.0853737664091645
2021-12-03,44.610659568104026,45.816353069944675,43.95958581300699,44.408103942871094,3760300.0,0.2077846992760896,0.08,0.04,0.06,0.09,0.26,0.6,0.86,1.13,1.29,1.35,1.77,1.69,576.25,586.0,3442.0,-1.05,5.3,1.45,0.0,-4.355714285714285,0.5914285714285715,2.0357142857142856,0.1328571428571428,3.305714285714285,4.708571428571428,-0.5857142857142856,-0.1328571428571428,0.8562915443106633
2021-12-04,44.610659568104026,45.816353069944675,43.95958581300699,44.408103942871094,3760300.0,0.2077846992760896,0.08,0.04,0.06,0.09,0.26,0.6,0.86,1.13,1.29,1.35,1.77,1.69,576.25,586.0,3442.0,-1.05,5.3,1.45,0.0,-4.355714285714285,0.5914285714285715,2.0357142857142856,0.1328571428571428,3.305714285714285,4.708571428571428,-0.5857142857142856,-0.1328571428571428,0.8562915443106633
2021-12-05,44.610659568104026,45.816353069944675,43.95958581300699,44.408103942871094,3760300.0,0.2077846992760896,0.08,0.04,0.06,0.09,0.26,0.6,0.86,1.13,1.29,1.35,1.77,1.69,576.25,586.0,3442.0,-1.05,5.3,1.45,0.0,-4.355714285714285,0.5914285714285715,2.0357142857142856,0.1328571428571428,3.305714285714285,4.708571428571428,-0.5857142857142856,-0.1328571428571428,0.8562915443106633
2021-12-06,44.98683621399263,45.86458095297247,44.697470503903,45.4305305480957,3202300.0,-0.4025410562753677,0.08,0.05,0.05,0.12,0.28,0.65,0.91,1.21,1.38,1.43,1.84,1.75,586.0,583.5,2208.0,-6.6,-1.05,2.65,0.0,-5.267142857142857,-0.0357142857142857,2.0228571428571427,0.0699999999999999,-1.3328571428571427,-1.0142857142857142,0.6271428571428572,-0.0699999999999999,0.3795658014842977
2021-12-07,45.9899765705368,46.70374511498275,45.80671246955415,46.0574951171875,2661700.0,-0.3249056041240691,0.08,0.05,0.06,0.15,0.31,0.7,0.99,1.26,1.43,1.48,1.88,1.8,584.0,586.25,1887.0,-5.25,-0.5,1.7,0.4,-4.83,0.2628571428571429,1.79,0.0742857142857142,-0.4199999999999999,-0.7628571428571429,-0.09,0.3257142857142858,0.1504281071383726
2021-12-08,46.38544021306081,46.636222840648834,45.81346066230027,46.40473175048828,2712200.0,-0.6758417896926403,0.08,0.04,0.07,0.13,0.29,0.68,0.99,1.27,1.44,1.52,1.93,1.87,585.0,584.75,2372.0,-5.8,1.1,1.95,0.0,-4.975714285714286,0.3057142857142857,2.0085714285714285,0.5257142857142857,-0.8242857142857138,0.7942857142857144,-0.0585714285714285,-0.5257142857142857,0.1975485275113672
2021-12-09,46.1057132884016,46.70373616390054,46.03819475469127,46.32756042480469,1983900.0,0.0401264429092406,0.08,0.03,0.06,0.12,0.28,0.7,0.99,1.26,1.42,1.49,1.91,1.87,585.75,588.5,2082.0,-0.8,5.3,2.05,0.0,-4.8271428571428565,0.47,2.2114285714285717,0.2871428571428571,4.027142857142857,4.83,-0.1614285714285719,-0.2871428571428571,0.8310909287816921
2021-12-10,46.68445823455399,46.9352408874467,45.99962146497274,46.26005172729492,2242500.0,0.5459480434656143,0.08,0.03,0.06,0.13,0.27,0.67,0.98,1.25,1.42,1.48,1.91,1.88,588.5,588.5,862.0,-1.05,0.3,2.9,8.9,-5.1171428571428565,0.4185714285714286,2.2,0.43,4.067142857142857,-0.1185714285714286,0.6999999999999997,8.47,1.2339279610679144
2021-12-11,46.68445823455399,46.9352408874467,45.99962146497274,46.26005172729492,2242500.0,0.5459480434656143,0.08,0.03,0.06,0.13,0.27,0.67,0.98,1.25,1.42,1.48,1.91,1.88,588.5,588.5,862.0,-1.05,0.3,2.9,8.9,-5.1171428571428565,0.4185714285714286,2.2,0.43,4.067142857142857,-0.1185714285714286,0.6999999999999997,8.47,1.2339279610679144
2021-12-12,46.68445823455399,46.9352408874467,45.99962146497274,46.26005172729492,2242500.0,0.5459480434656143,0.08,0.03,0.06,0.13,0.27,0.67,0.98,1.25,1.42,1.48,1.91,1.88,588.5,588.5,862.0,-1.05,0.3,2.9,8.9,-5.1171428571428565,0.4185714285714286,2.2,0.43,4.067142857142857,-0.1185714285714286,0.6999999999999997,8.47,1.2339279610679144
2021-12-13,45.91281148492358,45.96104217321395,44.90002958206944,44.977195739746094,2268800.0,-0.529832489788532,0.08,0.01,0.05,0.11,0.27,0.66,0.95,1.21,1.37,1.42,1.86,1.81,587.5,584.25,927.0,-4.65,2.8,0.85,0.0,-4.609999999999999,0.6657142857142856,2.1757142857142857,0.4728571428571428,-0.0400000000000009,2.1342857142857143,-1.3257142857142856,-0.4728571428571428,0.5698466273186567
2021-12-14,44.89038431738947,45.36301414090921,44.490093165184625,44.66853713989258,2425100.0,-0.6226228177547455,0.08,0.02,0.05,0.13,0.26,0.67,0.98,1.23,1.39,1.44,1.87,1.82,583.25,588.75,117292.0,-3.0,2.8,1.5,0.0,-4.34,0.4599999999999999,2.337142857142857,0.5514285714285715,1.34,2.34,-0.8371428571428572,-0.5514285714285715,0.5818892765362771
2021-12-15,44.62030571866185,44.62030571866185,43.5207137789552,44.45633316040039,2913100.0,0.2207375839352606,0.08,0.03,0.05,0.13,0.29,0.69,1.0,1.26,1.42,1.47,1.91,1.86,590.0,585.75,138521.0,-2.45,5.55,3.5,9.25,-4.467142857142857,-0.0185714285714286,2.4028571428571426,1.0885714285714283,2.017142857142857,5.5685714285714285,1.0971428571428574,8.161428571428571,1.569872762757809
2021-12-16,44.7939245177674,45.77295075086907,44.65888743168018,45.31478500366211,3363800.0,0.5332597568631171,0.08,0.04,0.05,0.13,0.26,0.64,0.92,1.19,1.36,1.44,1.91,1.87,587.5,591.25,101262.0,-4.1,-0.8,3.1,0.0,-5.111428571428571,-0.0542857142857143,2.3,0.3257142857142857,1.0114285714285716,-0.7457142857142858,0.8000000000000003,-0.3257142857142857,0.3942980203632014
2021-12-17,45.46911539992974,45.46911539992974,44.311648834877566,44.44668960571289,6903500.0,0.2989446222782135,0.08,0.03,0.05,0.13,0.27,0.66,0.93,1.18,1.34,1.41,1.87,1.82,591.0,593.25,129569.0,-3.3,-1.05,2.4,0.15,-5.667142857142857,-0.3785714285714285,1.97,0.1428571428571428,2.3671428571428574,-0.6714285714285715,0.4299999999999999,0.0071428571428572,0.3896007006775122
2021-12-18,45.46911539992974,45.46911539992974,44.311648834877566,44.44668960571289,6903500.0,0.2989446222782135,0.08,0.03,0.05,0.13,0.27,0.66,0.93,1.18,1.34,1.41,1.87,1.82,591.0,593.25,129569.0,-3.3,-1.05,2.4,0.15,-5.667142857142857,-0.3785714285714285,1.97,0.1428571428571428,2.3671428571428574,-0.6714285714285715,0.4299999999999999,0.0071428571428572,0.3896007006775122
2021-12-19,45.46911539992974,45.46911539992974,44.311648834877566,44.44668960571289,6903500.0,0.2989446222782135,0.08,0.03,0.05,0.13,0.27,0.66,0.93,1.18,1.34,1.41,1.87,1.82,591.0,593.25,129569.0,-3.3,-1.05,2.4,0.15,-5.667142857142857,-0.3785714285714285,1.97,0.1428571428571428,2.3671428571428574,-0.6714285714285715,0.4299999999999999,0.0071428571428572,0.3896007006775122
2021-12-20,44.060869624353565,44.060869624353565,42.33431541157727,43.17347717285156,3372700.0,-0.4651401117444038,0.08,0.03,0.07,0.16,0.27,0.65,0.91,1.17,1.34,1.43,1.9,1.85,595.0,591.0,106042.0,-5.8,-1.05,2.2,0.0,-5.498571428571428,-0.84,2.2728571428571427,0.2442857142857142,-0.3014285714285716,-0.21,-0.0728571428571425,-0.2442857142857142,0.0835578027992477
2021-12-21,43.665403105232606,44.48527334238797,43.47249137899454,44.19590759277344,2223400.0,0.2238941043615341,0.08,0.03,0.07,0.16,0.29,0.7,0.96,1.24,1.4,1.48,1.92,1.89,591.0,598.25,119312.0,-4.95,0.55,2.85,0.0,-5.752857142857143,-1.0842857142857143,2.474285714285714,0.4899999999999999,0.8028571428571425,1.6342857142857143,0.3757142857142859,-0.4899999999999999,0.346187564587802
2021-12-22,44.22483580350408,44.581723726274056,44.03192778842083,44.302001953125,2940500.0,0.3100688755512237,0.08,0.03,0.08,0.16,0.28,0.68,0.96,1.23,1.39,1.46,1.89,1.86,597.5,602.5,154966.0,-3.0,2.2,1.05,0.0,-5.854285714285714,-1.2442857142857144,2.1142857142857143,0.1485714285714285,2.854285714285714,3.444285714285715,-1.0642857142857145,-0.1485714285714285,0.8413711779553055
2021-12-23,44.38881118498766,45.13151880324149,44.31164503683869,44.793922424316406,1923800.0,0.042213812470436,0.08,0.04,0.07,0.18,0.31,0.71,0.97,1.25,1.42,1.5,1.94,1.91,601.5,605.75,108565.0,-3.3,2.8,1.05,0.0,-6.398571428571429,-1.6214285714285714,2.351428571428571,0.3842857142857143,3.0985714285714288,4.421428571428571,-1.301428571428571,-0.3842857142857143,1.025434366072075
2021-12-24,44.38881118498766,45.13151880324149,44.31164503683869,44.793922424316406,1923800.0,0.042213812470436,0.08,0.04,0.07,0.18,0.31,0.71,0.97,1.25,1.42,1.5,1.94,1.91,601.5,605.75,108565.0,-3.3,2.8,1.05,0.0,-6.398571428571429,-1.6214285714285714,2.351428571428571,0.3842857142857143,3.0985714285714288,4.421428571428571,-1.301428571428571,-0.3842857142857143,1.025434366072075
2021-12-25,44.38881118498766,45.13151880324149,44.31164503683869,44.793922424316406,1923800.0,0.042213812470436,0.08,0.04,0.07,0.18,0.31,0.71,0.97,1.25,1.42,1.5,1.94,1.91,601.5,605.75,108565.0,-3.3,2.8,1.05,0.0,-6.398571428571429,-1.6214285714285714,2.351428571428571,0.3842857142857143,3.0985714285714288,4.421428571428571,-1.301428571428571,-0.3842857142857143,1.025434366072075
2021-12-26,44.38881118498766,45.13151880324149,44.31164503683869,44.793922424316406,1923800.0,0.042213812470436,0.08,0.04,0.07,0.18,0.31,0.71,0.97,1.25,1.42,1.5,1.94,1.91,601.5,605.75,108565.0,-3.3,2.8,1.05,0.0,-6.398571428571429,-1.6214285714285714,2.351428571428571,0.3842857142857143,3.0985714285714288,4.421428571428571,-1.301428571428571,-0.3842857142857143,1.025434366072075
2021-12-27,44.74571159483827,45.363026285221125,44.610674466252746,45.34373474121094,1310500.0,0.0765154585242271,0.08,0.04,0.06,0.21,0.33,0.76,0.98,1.26,1.41,1.48,1.92,1.88,608.25,614.75,123211.0,-5.5,0.55,2.7,0.0,-5.308571428571429,-0.4128571428571428,2.005714285714286,0.3485714285714285,-0.1914285714285712,0.9628571428571427,0.6942857142857144,-0.3485714285714285,0.3094815610802015
2021-12-28,45.27620083436891,45.854935920103735,45.15081136002156,45.70060729980469,1616700.0,0.5519940480589864,0.08,0.03,0.06,0.2,0.39,0.74,0.99,1.27,1.41,1.49,1.94,1.9,614.25,604.75,134208.0,-8.3,-0.8,2.95,0.0,-5.527142857142857,-0.1714285714285714,2.2114285714285717,0.4028571428571428,-2.772857142857144,-0.6285714285714287,0.7385714285714284,-0.4028571428571428,0.5373058348933649
2021-12-29,45.53663192100099,45.8452891673604,45.36301175998826,45.671669006347656,1160900.0,0.5519940480589864,0.08,0.01,0.05,0.19,0.38,0.75,0.99,1.29,1.47,1.55,2.0,1.96,604.0,605.5,117570.0,-8.85,-4.1,1.1,0.0,-5.731428571428571,-1.4685714285714286,2.2314285714285713,0.8928571428571429,-3.1185714285714283,-2.631428571428571,-1.1314285714285712,-0.8928571428571429,0.8757567031146732
2021-12-30,45.816357174517144,46.06713982639378,45.39195434846249,45.449825286865234,1192200.0,0.4947706311941146,0.08,0.06,0.05,0.19,0.38,0.73,0.98,1.27,1.44,1.52,1.97,1.93,605.5,596.0,122776.0,-4.95,1.1,1.65,0.0,-6.2,-1.3342857142857143,2.2985714285714285,0.7571428571428571,1.25,2.434285714285714,-0.6485714285714286,-0.7571428571428571,0.5466537169526904
2021-12-31,45.27620766658187,45.73919359734392,45.2183367249148,45.604156494140625,1457000.0,0.4947706311941146,0.07,0.06,0.06,0.19,0.39,0.73,0.97,1.26,1.44,1.52,1.94,1.9,595.75,593.25,69868.0,-9.95,-3.0,3.15,0.0,-7.005714285714285,-2.1728571428571426,2.2823529411764705,0.2028571428571428,-2.944285714285714,-0.8271428571428574,0.8676470588235294,-0.2028571428571428,0.5883677569676742
2022-01-01,45.27620766658187,45.73919359734392,45.2183367249148,45.604156494140625,1457000.0,0.4947706311941146,0.07,0.06,0.06,0.19,0.39,0.73,0.97,1.26,1.44,1.52,1.94,1.9,595.75,593.25,69868.0,-9.95,-3.0,3.15,0.0,-7.005714285714285,-2.1728571428571426,2.2823529411764705,0.2028571428571428,-2.944285714285714,-0.8271428571428574,0.8676470588235294,-0.2028571428571428,0.5883677569676742
2022-01-02,45.27620766658187,45.73919359734392,45.2183367249148,45.604156494140625,1457000.0,0.4947706311941146,0.07,0.06,0.06,0.19,0.39,0.73,0.97,1.26,1.44,1.52,1.94,1.9,595.75,593.25,69868.0,-9.95,-3.0,3.15,0.0,-7.005714285714285,-2.1728571428571426,2.2823529411764705,0.2028571428571428,-2.944285714285714,-0.8271428571428574,0.8676470588235294,-0.2028571428571428,0.5883677569676742
2022-01-03,45.7199064150722,46.0864346493544,45.13152730282294,45.23762893676758,2071200.0,0.2378170862793921,0.08,0.05,0.08,0.22,0.4,0.78,1.04,1.37,1.55,1.63,2.05,2.01,599.0,589.25,146023.0,-6.35,3.05,0.85,0.0,-6.651428571428572,-1.4028571428571428,2.4228571428571426,0.2928571428571428,0.3014285714285725,4.452857142857143,-1.5728571428571425,-0.2928571428571428,0.834851940034791
2022-01-04,45.440183743695016,46.61694194615832,45.440183743695016,46.07678985595703,2529200.0,0.6602445775642993,0.08,0.06,0.08,0.22,0.38,0.77,1.02,1.37,1.57,1.66,2.1,2.07,591.75,609.5,210268.0,-7.15,3.05,4.3,0.0,-7.15,-1.8785714285714288,2.1514285714285712,0.1785714285714285,0.0,4.928571428571429,2.148571428571429,-0.1785714285714285,0.9912260549727524
2022-01-05,46.31792628314767,46.54941739635512,45.53663549723149,45.565574645996094,2498600.0,0.1503540128469467,0.08,0.05,0.09,0.22,0.41,0.83,1.1,1.43,1.62,1.71,2.12,2.09,608.5,602.25,148499.0,-9.4,-6.05,5.45,0.0,-6.574285714285714,-1.882857142857143,2.3657142857142857,0.23,-2.8257142857142865,-4.167142857142856,3.0842857142857145,-0.23,1.445923566121038
2022-01-06,45.85493483306853,46.53976783944314,45.40159291191251,46.20217514038086,2685800.0,0.0065403939224779,0.08,0.04,0.1,0.23,0.45,0.88,1.15,1.47,1.66,1.73,2.12,2.09,601.25,603.75,151442.0,-11.6,-9.1,2.6,0.0,-6.7628571428571425,-2.0771428571428574,2.1114285714285717,0.32,-4.837142857142857,-7.022857142857142,0.4885714285714284,-0.32,1.1746965347142868
2022-01-07,46.202173934878154,47.07027100102419,46.1057162523168,46.703739166259766,2463600.0,0.2574017308652402,0.08,0.05,0.1,0.24,0.43,0.87,1.17,1.5,1.69,1.76,2.15,2.11,605.25,606.75,140371.0,-10.25,-3.0,3.6,0.0,-6.777142857142857,-1.522857142857143,1.9457142857142855,0.1428571428571428,-3.4728571428571433,-1.477142857142857,1.6542857142857146,-0.1428571428571428,0.89655518464202
2022-01-08,46.202173934878154,47.07027100102419,46.1057162523168,46.703739166259766,2463600.0,0.2574017308652402,0.08,0.05,0.1,0.24,0.43,0.87,1.17,1.5,1.69,1.76,2.15,2.11,605.25,606.75,140371.0,-10.25,-3.0,3.6,0.0,-6.777142857142857,-1.522857142857143,1.9457142857142855,0.1428571428571428,-3.4728571428571433,-1.477142857142857,1.6542857142857146,-0.1428571428571428,0.89655518464202
2022-01-09,46.202173934878154,47.07027100102419,46.1057162523168,46.703739166259766,2463600.0,0.2574017308652402,0.08,0.05,0.1,0.24,0.43,0.87,1.17,1.5,1.69,1.76,2.15,2.11,605.25,606.75,140371.0,-10.25,-3.0,3.6,0.0,-6.777142857142857,-1.522857142857143,1.9457142857142855,0.1428571428571428,-3.4728571428571433,-1.477142857142857,1.6542857142857146,-0.1428571428571428,0.89655518464202
2022-01-10,46.588003341055696,46.588003341055696,45.1604624568405,45.71025848388672,2145200.0,-0.6712311990559101,0.08,0.05,0.13,0.28,0.46,0.92,1.21,1.53,1.71,1.78,2.15,2.11,605.25,599.75,135265.0,-8.0,-2.75,1.4,0.0,-6.08,-0.9942857142857142,2.317142857142857,0.2242857142857142,-1.92,-1.7557142857142858,-0.9171428571428571,-0.2242857142857142,0.5840309978784505
2022-01-11,45.82599485899197,46.771261758239135,45.57521224129343,46.694095611572266,1867000.0,1.0799868255853653,0.08,0.04,0.11,0.28,0.46,0.9,1.22,1.51,1.69,1.75,2.13,2.08,599.75,601.0,128305.0,-3.55,5.55,2.25,0.0,-6.1814285714285715,-1.2057142857142855,2.351428571428571,0.2142857142857143,2.6314285714285717,6.755714285714285,-0.1014285714285709,-0.2142857142857143,0.836725549829443
2022-01-12,47.23425256301498,47.60078075974306,46.77126667281784,47.128150939941406,1988000.0,-0.3235391397029161,0.08,0.04,0.12,0.27,0.48,0.92,1.21,1.5,1.67,1.74,2.13,2.08,601.0,599.0,181633.0,0.0,5.3,1.3,0.0,-6.71,-2.0185714285714287,2.4099999999999997,0.1742857142857142,6.71,7.3185714285714285,-1.1099999999999997,-0.1742857142857142,1.5274656098095838
2022-01-13,47.08956663532177,47.658654133761125,46.81949245961655,47.16673278808594,2107800.0,0.175880268216133,0.08,0.05,0.12,0.28,0.47,0.91,1.18,1.47,1.64,1.7,2.1,2.05,599.0,587.5,186546.0,-1.9,3.05,2.0,0.0,-7.075714285714286,-1.85,2.0628571428571427,0.2814285714285714,5.175714285714285,4.9,-0.0628571428571427,-0.2814285714285714,0.9161756575242844
2022-01-14,46.60728713398419,47.05098145407508,46.12018593503413,46.87736129760742,2039600.0,0.1426701098680496,0.08,0.05,0.13,0.3,0.51,0.99,1.26,1.55,1.72,1.78,2.18,2.12,587.5,596.25,140634.0,-5.5,-0.25,3.35,3.55,-6.7,-1.602857142857143,2.24,0.4028571428571428,1.2000000000000002,1.352857142857143,1.11,3.147142857142857,0.7641752695556308
2022-01-15,46.60728713398419,47.05098145407508,46.12018593503413,46.87736129760742,2039600.0,0.1426701098680496,0.08,0.05,0.13,0.3,0.51,0.99,1.26,1.55,1.72,1.78,2.18,2.12,587.5,596.25,140634.0,-5.5,-0.25,3.35,3.55,-6.7,-1.602857142857143,2.24,0.4028571428571428,1.2000000000000002,1.352857142857143,1.11,3.147142857142857,0.7641752695556308
2022-01-16,46.60728713398419,47.05098145407508,46.12018593503413,46.87736129760742,2039600.0,0.1426701098680496,0.08,0.05,0.13,0.3,0.51,0.99,1.26,1.55,1.72,1.78,2.18,2.12,587.5,596.25,140634.0,-5.5,-0.25,3.35,3.55,-6.7,-1.602857142857143,2.24,0.4028571428571428,1.2000000000000002,1.352857142857143,1.11,3.147142857142857,0.7641752695556308
2022-01-17,46.60728713398419,47.05098145407508,46.12018593503413,46.87736129760742,2039600.0,0.1426701098680496,0.08,0.05,0.13,0.3,0.51,0.99,1.26,1.55,1.72,1.78,2.18,2.12,587.5,596.25,140634.0,-5.5,-0.25,3.35,3.55,-6.7,-1.602857142857143,2.24,0.4028571428571428,1.2000000000000002,1.352857142857143,1.11,3.147142857142857,0.7641752695556308
2022-01-18,46.43366241455078,46.64586562482159,46.057486672331926,46.43366241455078,1877800.0,0.7148922830820083,0.08,0.05,0.16,0.37,0.58,1.06,1.35,1.65,1.82,1.87,2.24,2.18,592.75,599.5,141742.0,-6.35,5.55,3.35,0.0,-7.1414285714285715,-1.2,2.49,0.3314285714285714,0.7914285714285718,6.75,0.8599999999999999,-0.3314285714285714,0.8786796200550103
2022-01-19,46.71339427211367,46.78091282100168,45.49805303315957,45.54628372192383,2530800.0,-0.4952180534601211,0.08,0.05,0.17,0.36,0.57,1.04,1.33,1.62,1.78,1.83,2.2,2.14,600.0,610.5,179943.0,-9.1,-5.8,3.6,0.0,-6.774285714285714,-1.8857142857142857,2.1414285714285715,0.3157142857142857,-2.3257142857142856,-3.914285714285714,1.4585714285714286,-0.3157142857142857,0.9495047142921764
2022-01-20,45.81634868233933,46.279334501170126,44.75533997412094,44.890377044677734,2191200.0,0.1927522718906402,0.08,0.05,0.17,0.36,0.6,1.08,1.34,1.62,1.77,1.83,2.19,2.14,609.0,611.0,127683.0,-10.5,-5.25,1.3,0.0,-6.951428571428572,-2.144285714285714,2.0,0.4942857142857143,-3.548571428571428,-3.105714285714286,-0.7,-0.4942857142857143,0.8072763553501172
2022-01-21,44.53348927463957,45.09293277359813,43.713619241458744,43.82936477661133,2360700.0,0.1775330761447548,0.08,0.05,0.17,0.35,0.58,1.01,1.28,1.54,1.7,1.75,2.13,2.07,607.5,616.25,187471.0,-7.15,-1.05,3.45,0.15,-6.198571428571428,-0.9542857142857144,2.224285714285714,0.1685714285714285,-0.951428571428572,-0.0957142857142856,1.225714285714286,-0.0185714285714285,0.4262027670783995
2022-01-22,44.53348927463957,45.09293277359813,43.713619241458744,43.82936477661133,2360700.0,0.1775330761447548,0.08,0.05,0.17,0.35,0.58,1.01,1.28,1.54,1.7,1.75,2.13,2.07,607.5,616.25,187471.0,-7.15,-1.05,3.45,0.15,-6.198571428571428,-0.9542857142857144,2.224285714285714,0.1685714285714285,-0.951428571428572,-0.0957142857142856,1.225714285714286,-0.0185714285714285,0.4262027670783995
2022-01-23,44.53348927463957,45.09293277359813,43.713619241458744,43.82936477661133,2360700.0,0.1775330761447548,0.08,0.05,0.17,0.35,0.58,1.01,1.28,1.54,1.7,1.75,2.13,2.07,607.5,616.25,187471.0,-7.15,-1.05,3.45,0.15,-6.198571428571428,-0.9542857142857144,2.224285714285714,0.1685714285714285,-0.951428571428572,-0.0957142857142856,1.225714285714286,-0.0185714285714285,0.4262027670783995
2022-01-24,43.11559940324519,44.64924165067253,42.18962769749251,44.43703842163086,3365500.0,0.1526577621698379,0.08,0.05,0.19,0.39,0.58,0.99,1.25,1.53,1.69,1.75,2.15,2.1,617.5,621.0,194809.0,-9.1,0.85,2.8,0.0,-6.485714285714286,-1.3014285714285714,2.192857142857143,0.3014285714285714,-2.614285714285714,2.1514285714285712,0.6071428571428568,-0.3014285714285714,0.6032775252823425
2022-01-25,43.443552506286,44.784283195460546,42.652617802176046,44.41775131225586,4314600.0,0.8740029484033582,0.08,0.05,0.19,0.39,0.65,1.02,1.28,1.56,1.73,1.78,2.18,2.12,620.0,620.0,298396.0,-10.25,-4.65,1.4,0.0,-6.274285714285714,-1.5157142857142856,2.367142857142857,0.2928571428571428,-3.975714285714286,-3.134285714285715,-0.9671428571428572,-0.2928571428571428,0.9051198879080244
2022-01-26,44.79392451637458,45.44017815910932,43.77631888691152,44.37916564941406,2986200.0,-0.1160173565149307,0.08,0.06,0.19,0.4,0.7,1.13,1.39,1.66,1.81,1.85,2.22,2.16,619.0,627.0,172723.0,-9.65,3.05,2.55,0.0,-6.19,-0.3042857142857142,2.424285714285714,0.2071428571428571,-3.46,3.354285714285714,0.1257142857142859,-0.2071428571428571,0.6428013877840085
2022-01-27,44.83250820647987,45.8645815836654,44.65888804214168,45.17974853515625,2506200.0,0.4418672397732734,0.08,0.04,0.2,0.43,0.75,1.18,1.43,1.66,1.78,1.81,2.17,2.09,625.0,625.25,151696.0,-8.85,1.4,2.9,0.0,-5.967142857142857,-0.6257142857142857,2.3214285714285716,0.3014285714285714,-2.8828571428571426,2.025714285714286,0.5785714285714283,-0.3014285714285714,0.6102427415217629
2022-01-28,45.10258188439786,45.79706253408331,44.46597584868107,45.77777099609375,2271500.0,0.05657958984375,0.08,0.04,0.19,0.43,0.75,1.15,1.38,1.61,1.74,1.78,2.14,2.07,623.25,636.0,188658.0,-10.25,0.55,1.25,0.0,-6.057142857142857,-0.9414285714285716,2.2642857142857142,0.3385714285714286,-4.192857142857143,1.4914285714285715,-1.0142857142857142,-0.3385714285714286,0.8078513289828703
2022-01-29,45.10258188439786,45.79706253408331,44.46597584868107,45.77777099609375,2271500.0,0.05657958984375,0.08,0.04,0.19,0.43,0.75,1.15,1.38,1.61,1.74,1.78,2.14,2.07,623.25,636.0,188658.0,-10.25,0.55,1.25,0.0,-6.057142857142857,-0.9414285714285716,2.2642857142857142,0.3385714285714286,-4.192857142857143,1.4914285714285715,-1.0142857142857142,-0.3385714285714286,0.8078513289828703
2022-01-30,45.10258188439786,45.79706253408331,44.46597584868107,45.77777099609375,2271500.0,0.05657958984375,0.08,0.04,0.19,0.43,0.75,1.15,1.38,1.61,1.74,1.78,2.14,2.07,623.25,636.0,188658.0,-10.25,0.55,1.25,0.0,-6.057142857142857,-0.9414285714285716,2.2642857142857142,0.3385714285714286,-4.192857142857143,1.4914285714285715,-1.0142857142857142,-0.3385714285714286,0.8078513289828703
2022-01-31,45.758479099356435,46.49154281927376,45.58485893829626,46.37579727172851,2573500.0,0.2030752301216126,0.08,0.03,0.22,0.49,0.78,1.18,1.39,1.62,1.75,1.79,2.17,2.11,635.75,626.0,243891.0,-4.65,5.0,1.5,0.0,-5.5,-0.5585714285714286,2.017142857142857,0.3114285714285714,0.8499999999999996,5.558571428571429,-0.5171428571428569,-0.3114285714285714,0.6936617079085264
2022-02-01,46.250404972033465,46.626580768135376,45.68131747346053,46.23111343383789,4429000.0,0.2030752301216126,0.08,0.04,0.19,0.48,0.78,1.18,1.39,1.63,1.76,1.81,2.19,2.12,626.0,634.75,196298.0,-7.15,1.4,4.25,0.0,-6.135714285714286,-0.7057142857142857,2.017142857142857,0.1928571428571428,-1.0142857142857142,2.105714285714286,2.232857142857143,-0.1928571428571428,0.8793016566203485
2022-02-02,46.173236370801376,46.64586983281859,45.970680749715925,46.42402267456055,3597400.0,1.5444833412766454,0.08,0.04,0.19,0.45,0.76,1.16,1.38,1.6,1.74,1.78,2.17,2.11,634.5,622.5,275662.0,-9.1,-5.25,2.65,0.0,-6.098571428571428,-0.6985714285714285,2.12,0.1585714285714285,-3.001428571428572,-4.551428571428572,0.5299999999999998,-0.1585714285714285,0.8024082323327236
2022-02-03,46.3372076096461,47.6007718828322,45.690954062117825,46.809837341308594,4054900.0,-0.0901152947335506,0.08,0.03,0.2,0.48,0.78,1.19,1.42,1.66,1.78,1.82,2.2,2.14,622.5,616.75,215871.0,-11.05,-5.25,1.65,0.0,-6.41,-0.9385714285714286,2.3657142857142857,0.2985714285714286,-4.640000000000001,-4.311428571428571,-0.7157142857142857,-0.2985714285714286,0.9952778338481154
2022-02-04,46.5397700599177,48.95598091400954,46.5397700599177,48.46887969970703,4931500.0,1.0312720919027922,0.08,0.05,0.23,0.56,0.89,1.31,1.55,1.78,1.9,1.93,2.29,2.23,618.5,620.5,181430.0,-8.0,-4.1,2.95,0.0,-6.185714285714286,-0.8671428571428572,2.35,0.4057142857142857,-1.814285714285714,-3.232857142857142,0.6000000000000001,-0.4057142857142857,0.6233826870014558
2022-02-05,46.5397700599177,48.95598091400954,46.5397700599177,48.46887969970703,4931500.0,1.0312720919027922,0.08,0.05,0.23,0.56,0.89,1.31,1.55,1.78,1.9,1.93,2.29,2.23,618.5,620.5,181430.0,-8.0,-4.1,2.95,0.0,-6.185714285714286,-0.8671428571428572,2.35,0.4057142857142857,-1.814285714285714,-3.232857142857142,0.6000000000000001,-0.4057142857142857,0.6233826870014558
2022-02-06,46.5397700599177,48.95598091400954,46.5397700599177,48.46887969970703,4931500.0,1.0312720919027922,0.08,0.05,0.23,0.56,0.89,1.31,1.55,1.78,1.9,1.93,2.29,2.23,618.5,620.5,181430.0,-8.0,-4.1,2.95,0.0,-6.185714285714286,-0.8671428571428572,2.35,0.4057142857142857,-1.814285714285714,-3.232857142857142,0.6000000000000001,-0.4057142857142857,0.6233826870014558
2022-02-07,48.56533283388315,48.71001752605138,47.60077803138708,47.7936897277832,4646600.0,0.2640382945537567,0.08,0.03,0.27,0.58,0.88,1.3,1.54,1.76,1.88,1.92,2.28,2.22,628.75,635.25,232607.0,-4.65,6.4,1.5,0.0,-6.121428571428571,-0.58,2.277142857142857,0.1885714285714285,1.4714285714285706,6.98,-0.7771428571428571,-0.1885714285714285,0.9269408156357984
2022-02-08,47.89015203608821,48.63285606771865,47.591138693851654,48.58462905883789,4336000.0,0.7522259503602979,0.08,0.03,0.25,0.59,0.91,1.35,1.59,1.81,1.93,1.96,2.31,2.25,636.5,632.25,200583.0,-1.6,6.95,3.05,0.0,-6.587142857142857,-0.7157142857142856,2.032857142857143,0.2628571428571428,4.987142857142857,7.665714285714285,1.017142857142857,-0.2628571428571428,1.3782386259663193
2022-02-09,49.04760116421106,49.79513246969003,48.99937416890232,49.7131462097168,2901500.0,-0.1892831325531005,0.08,0.04,0.26,0.57,0.91,1.36,1.61,1.82,1.92,1.94,2.31,2.25,632.25,646.75,320406.0,-1.6,2.8,3.85,0.0,-5.844285714285714,-0.8214285714285714,2.4985714285714287,0.1614285714285714,4.244285714285715,3.621428571428571,1.3514285714285714,-0.1614285714285714,1.062465212926614
2022-02-10,49.48166623362443,50.52338730439873,48.90293475840648,49.144073486328125,4628200.0,0.5271717191208152,0.08,0.05,0.4,0.74,1.14,1.61,1.82,1.96,2.03,2.03,2.37,2.3,646.0,641.75,372991.0,-4.65,4.7,2.25,1.8,-6.738571428571428,-0.7985714285714286,2.487142857142857,0.3671428571428571,2.088571428571428,5.498571428571429,-0.2371428571428571,1.4328571428571428,0.815655079339088
2022-02-11,49.12477493466942,49.90606562623162,48.681080621701255,49.24052047729492,3194800.0,0.5271717191208152,0.08,0.03,0.36,0.71,1.07,1.5,1.71,1.84,1.92,1.92,2.3,2.24,641.0,651.0,243969.0,-8.0,2.5,4.95,0.0,-5.847142857142857,-0.91,2.6799999999999997,0.2942857142857143,-2.152857142857143,3.41,2.2700000000000005,-0.2942857142857143,1.1085869343443164
2022-02-12,49.12477493466942,49.90606562623162,48.681080621701255,49.24052047729492,3194800.0,0.5271717191208152,0.08,0.03,0.36,0.71,1.07,1.5,1.71,1.84,1.92,1.92,2.3,2.24,641.0,651.0,243969.0,-8.0,2.5,4.95,0.0,-5.847142857142857,-0.91,2.6799999999999997,0.2942857142857143,-2.152857142857143,3.41,2.2700000000000005,-0.2942857142857143,1.1085869343443164
2022-02-13,49.12477493466942,49.90606562623162,48.681080621701255,49.24052047729492,3194800.0,0.5271717191208152,0.08,0.03,0.36,0.71,1.07,1.5,1.71,1.84,1.92,1.92,2.3,2.24,641.0,651.0,243969.0,-8.0,2.5,4.95,0.0,-5.847142857142857,-0.91,2.6799999999999997,0.2942857142857143,-2.152857142857143,3.41,2.2700000000000005,-0.2942857142857143,1.1085869343443164
2022-02-14,49.385209993395016,49.722802725509766,48.58462768654458,49.09584426879883,5552300.0,-0.2993640676140784,0.08,0.03,0.43,0.76,1.13,1.58,1.8,1.9,1.98,1.98,2.35,2.29,651.25,655.75,144923.0,-5.5,-0.8,1.9,0.0,-5.984285714285714,-0.4971428571428571,2.5114285714285716,0.68,0.484285714285714,-0.3028571428571429,-0.6114285714285717,-0.68,0.2865127847644525
2022-02-15,48.652142689691466,49.31768785522516,48.420651598667654,49.0861930847168,4652900.0,0.4344833269715309,0.08,0.02,0.4,0.72,1.11,1.58,1.8,1.94,2.03,2.05,2.42,2.37,655.0,638.0,177958.0,-4.1,4.7,2.5,0.0,-6.337142857142857,-0.9671428571428572,2.28,0.26,2.2371428571428575,5.667142857142857,0.2200000000000002,-0.26,0.7471102735427247
2022-02-16,49.46237758361094,50.06040431302454,49.09584934498542,49.6359977722168,3283700.0,0.3813134208321571,0.08,0.03,0.38,0.67,1.09,1.52,1.75,1.9,2.0,2.03,2.39,2.34,637.75,647.0,126554.0,-4.95,0.55,3.55,0.0,-6.091428571428571,-0.2842857142857142,2.3457142857142856,0.1342857142857142,1.1414285714285706,0.8342857142857143,1.2042857142857142,-0.1342857142857142,0.5071041895733186
2022-02-17,49.05242955259215,49.75173392812744,48.671429998917944,49.45272064208984,2920200.0,0.5512309167534112,0.08,0.06,0.36,0.65,1.05,1.49,1.7,1.85,1.94,1.97,2.35,2.31,645.5,650.0,121279.0,-8.0,-2.75,2.05,0.0,-5.31,0.28,2.33,0.4985714285714285,-2.6900000000000004,-3.03,-0.2800000000000002,-0.4985714285714285,0.6092915390478104
2022-02-18,49.66493429558693,49.97359157466988,48.69073176889976,48.90293502807617,2670100.0,0.6285255663096904,0.08,0.03,0.35,0.65,1.03,1.47,1.68,1.82,1.9,1.92,2.3,2.24,648.5,654.25,154047.0,-6.05,4.45,3.65,0.0,-4.84,0.5642857142857142,2.2657142857142856,0.2485714285714285,-1.21,3.885714285714286,1.3842857142857143,-0.2485714285714285,0.818764340663281
2022-02-19,49.66493429558693,49.97359157466988,48.69073176889976,48.90293502807617,2670100.0,0.6285255663096904,0.08,0.03,0.35,0.65,1.03,1.47,1.68,1.82,1.9,1.92,2.3,2.24,648.5,654.25,154047.0,-6.05,4.45,3.65,0.0,-4.84,0.5642857142857142,2.2657142857142856,0.2485714285714285,-1.21,3.885714285714286,1.3842857142857143,-0.2485714285714285,0.818764340663281
2022-02-20,49.66493429558693,49.97359157466988,48.69073176889976,48.90293502807617,2670100.0,0.6285255663096904,0.08,0.03,0.35,0.65,1.03,1.47,1.68,1.82,1.9,1.92,2.3,2.24,648.5,654.25,154047.0,-6.05,4.45,3.65,0.0,-4.84,0.5642857142857142,2.2657142857142856,0.2485714285714285,-1.21,3.885714285714286,1.3842857142857143,-0.2485714285714285,0.818764340663281
2022-02-21,49.66493429558693,49.97359157466988,48.69073176889976,48.90293502807617,2670100.0,0.6285255663096904,0.08,0.03,0.35,0.65,1.03,1.47,1.68,1.82,1.9,1.92,2.3,2.24,648.5,654.25,154047.0,-6.05,4.45,3.65,0.0,-4.84,0.5642857142857142,2.2657142857142856,0.2485714285714285,-1.21,3.885714285714286,1.3842857142857143,-0.2485714285714285,0.818764340663281
2022-02-22,48.922223606440504,49.423792574459014,48.46888164545584,48.873992919921875,2923700.0,1.342275872826576,0.08,0.03,0.37,0.73,1.17,1.56,1.74,1.85,1.93,1.94,2.31,2.24,657.75,674.75,168824.0,-10.25,-6.6,4.6,1.0,-4.547142857142857,0.4714285714285714,2.2214285714285715,0.55,-5.702857142857143,-7.071428571428571,2.378571428571428,0.4499999999999999,1.7760819698593169
2022-02-23,49.18265026128289,49.68421551311884,48.526752711054925,48.632850646972656,3330800.0,-2.485712707042694,0.08,0.02,0.34,0.74,1.16,1.58,1.78,1.89,1.98,1.99,2.36,2.29,674.0,683.75,154730.0,-11.35,-6.35,2.0,0.0,-4.927142857142857,0.1142857142857143,2.47,0.81,-6.422857142857143,-6.4642857142857135,-0.4700000000000002,-0.81,1.309226445423627
2022-02-24,47.84191247122609,48.377240633294015,47.27282504125676,48.27596282958984,3156900.0,-0.2303337901830674,0.08,0.05,0.32,0.65,1.08,1.54,1.73,1.84,1.94,1.96,2.36,2.28,683.5,695.0,161611.0,-10.25,-6.6,1.75,1.9,-5.337142857142857,-0.0799999999999999,2.287142857142857,0.6642857142857143,-4.912857142857143,-6.52,-0.5371428571428569,1.2357142857142858,1.225212245586507
2022-02-25,48.50746599541089,50.021816868806425,48.40136436946211,50.00252532958984,3414300.0,-0.1152257099747657,0.08,0.03,0.33,0.71,1.13,1.55,1.76,1.86,1.96,1.97,2.37,2.29,696.75,659.5,94802.0,-12.15,-4.95,0.9,0.0,-5.555714285714285,-0.4028571428571429,2.6042857142857145,0.2514285714285714,-6.594285714285715,-4.547142857142857,-1.7042857142857146,-0.2514285714285714,1.456910159847709
2022-02-26,48.50746599541089,50.021816868806425,48.40136436946211,50.00252532958984,3414300.0,-0.1152257099747657,0.08,0.03,0.33,0.71,1.13,1.55,1.76,1.86,1.96,1.97,2.37,2.29,696.75,659.5,94802.0,-12.15,-4.95,0.9,0.0,-5.555714285714285,-0.4028571428571429,2.6042857142857145,0.2514285714285714,-6.594285714285715,-4.547142857142857,-1.7042857142857146,-0.2514285714285714,1.456910159847709
2022-02-27,48.50746599541089,50.021816868806425,48.40136436946211,50.00252532958984,3414300.0,-0.1152257099747657,0.08,0.03,0.33,0.71,1.13,1.55,1.76,1.86,1.96,1.97,2.37,2.29,696.75,659.5,94802.0,-12.15,-4.95,0.9,0.0,-5.555714285714285,-0.4028571428571429,2.6042857142857145,0.2514285714285714,-6.594285714285715,-4.547142857142857,-1.7042857142857146,-0.2514285714285714,1.456910159847709
2022-02-28,49.33517524428274,50.350703302899355,48.98699830671386,50.321685791015625,4551900.0,-1.0170116440131096,0.08,0.06,0.35,0.69,1.01,1.44,1.62,1.71,1.81,1.83,2.25,2.17,688.0,697.5,15651.0,-2.45,8.35,1.3,0.0,-4.645714285714286,0.7914285714285714,2.3528571428571428,0.9128571428571428,2.1957142857142857,7.558571428571428,-1.0528571428571427,-0.9128571428571428,1.171441807402199
2022-03-01,50.40873222615473,50.640853879869105,48.37768343631018,48.716190338134766,3091100.0,-1.6079613864421844,0.08,0.11,0.32,0.6,0.91,1.31,1.47,1.56,1.67,1.72,2.19,2.11,699.75,739.75,7258.0,0.85,7.2,1.3,0.0,-4.8271428571428565,1.1785714285714286,2.26,0.4128571428571428,5.677142857142856,6.021428571428571,-0.9599999999999996,-0.4128571428571428,1.304754165354886
2022-03-02,49.161095683355256,50.10891881005226,49.07405051409487,49.61566162109375,4594300.0,0.6086045100819318,0.08,0.13,0.34,0.68,1.06,1.5,1.67,1.74,1.83,1.86,2.32,2.24,741.75,739.0,3350.0,-1.6,5.55,2.15,0.0,-5.522857142857143,0.5371428571428571,2.454285714285714,0.0628571428571428,3.922857142857143,5.0128571428571425,-0.3042857142857142,-0.0628571428571428,0.8571658943412107
2022-03-03,49.954166707553746,50.07022569053551,49.25296856371934,49.82843399047851,3877000.0,-1.9405042380094528,0.08,0.19,0.38,0.69,1.08,1.53,1.69,1.74,1.82,1.86,2.32,2.24,745.0,751.25,3447.0,-2.75,1.1,2.8,0.15,-4.831428571428571,1.042857142857143,2.204285714285714,0.0714285714285714,2.081428571428571,0.0571428571428571,0.5957142857142856,0.0785714285714286,0.3632507458547061
2022-03-04,49.36419705842524,49.83810675026398,48.474401635226926,49.78974914550781,5847100.0,0.8075909167528152,0.08,0.15,0.34,0.69,1.05,1.5,1.62,1.65,1.7,1.74,2.23,2.16,761.75,756.5,2186.0,-1.05,5.55,3.2,0.0,-3.4842857142857144,2.2542857142857144,2.3314285714285714,0.2842857142857142,2.434285714285714,3.295714285714286,0.8685714285714288,-0.2842857142857142,0.7484789035005323
2022-03-05,49.36419705842524,49.83810675026398,48.474401635226926,49.78974914550781,5847100.0,0.8075909167528152,0.08,0.15,0.34,0.69,1.05,1.5,1.62,1.65,1.7,1.74,2.23,2.16,761.75,756.5,2186.0,-1.05,5.55,3.2,0.0,-3.4842857142857144,2.2542857142857144,2.3314285714285714,0.2842857142857142,2.434285714285714,3.295714285714286,0.8685714285714288,-0.2842857142857142,0.7484789035005323
2022-03-06,49.36419705842524,49.83810675026398,48.474401635226926,49.78974914550781,5847100.0,0.8075909167528152,0.08,0.15,0.34,0.69,1.05,1.5,1.62,1.65,1.7,1.74,2.23,2.16,761.75,756.5,2186.0,-1.05,5.55,3.2,0.0,-3.4842857142857144,2.2542857142857144,2.3314285714285714,0.2842857142857142,2.434285714285714,3.295714285714286,0.8685714285714288,-0.2842857142857142,0.7484789035005323
2022-03-07,50.18628428191897,52.24635058337565,49.422221630233125,49.53828430175781,8059100.0,-0.4747349619865417,0.08,0.17,0.38,0.75,1.07,1.55,1.68,1.71,1.77,1.78,2.29,2.19,782.75,749.25,1309.0,-5.8,-1.05,2.2,0.0,-3.257142857142857,1.4214285714285717,2.7,0.2757142857142857,-2.5428571428571427,-2.4714285714285715,-0.5,-0.2757142857142857,0.5919296425921238
2022-03-08,49.38353773525037,50.04121144906651,47.93278754702919,48.43571472167969,5231200.0,-0.0673854649066926,0.08,0.16,0.36,0.72,1.12,1.63,1.78,1.8,1.85,1.86,2.34,2.24,747.5,754.5,547.0,-3.85,0.55,2.15,0.0,-3.488571428571429,1.94,2.5157142857142856,0.8657142857142858,-0.3614285714285712,-1.39,-0.3657142857142856,-0.8657142857142858,0.312070269122996
2022-03-09,48.75487846020928,50.2249724455703,48.57111809558237,49.838104248046875,4827300.0,0.3609869792126119,0.08,0.18,0.38,0.75,1.15,1.68,1.83,1.87,1.92,1.94,2.38,2.29,756.25,735.0,188.0,-5.8,-2.75,2.45,0.0,-3.525714285714286,1.637142857142857,2.525714285714286,0.9585714285714284,-2.274285714285714,-4.387142857142857,-0.0757142857142856,-0.9585714285714284,0.6621929916521612
2022-03-10,49.37385911501639,51.92717860328787,49.37385911501639,51.83046340942383,4712500.0,1.2607282539829612,0.08,0.19,0.39,0.75,1.19,1.72,1.88,1.92,1.98,1.98,2.45,2.38,738.5,757.75,74.0,-7.15,-1.35,1.65,0.0,-3.4099999999999997,2.257142857142857,2.412857142857143,0.3,-3.7400000000000007,-3.607142857142857,-0.7628571428571429,-0.3,0.8674889510341468
2022-03-11,52.07226057713061,53.23286147318272,51.607054321081606,51.88850021362305,4039100.0,0.3307146430015563,0.08,0.17,0.4,0.78,1.22,1.75,1.91,1.96,2.01,2.0,2.45,2.36,758.0,764.5,233.0,-8.0,-2.75,3.35,0.0,-2.97,3.218571428571429,2.424285714285714,0.4285714285714285,-5.029999999999999,-5.968571428571429,0.9257142857142862,-0.4285714285714285,1.232592701131335
2022-03-12,52.07226057713061,53.23286147318272,51.607054321081606,51.88850021362305,4039100.0,0.3307146430015563,0.08,0.17,0.4,0.78,1.22,1.75,1.91,1.96,2.01,2.0,2.45,2.36,758.0,764.5,233.0,-8.0,-2.75,3.35,0.0,-2.97,3.218571428571429,2.424285714285714,0.4285714285714285,-5.029999999999999,-5.968571428571429,0.9257142857142862,-0.4285714285714285,1.232592701131335
2022-03-13,52.07226057713061,53.23286147318272,51.607054321081606,51.88850021362305,4039100.0,0.3307146430015563,0.08,0.17,0.4,0.78,1.22,1.75,1.91,1.96,2.01,2.0,2.45,2.36,758.0,764.5,233.0,-8.0,-2.75,3.35,0.0,-2.97,3.218571428571429,2.424285714285714,0.4285714285714285,-5.029999999999999,-5.968571428571429,0.9257142857142862,-0.4285714285714285,1.232592701131335
2022-03-14,52.16897925040801,53.000743342714706,51.46294788330899,52.43011474609375,4971100.0,0.2337478101253509,0.08,0.23,0.45,0.86,1.28,1.87,2.04,2.1,2.16,2.14,2.56,2.47,745.0,728.25,104100.0,-1.6,3.35,2.65,0.0,-2.0214285714285714,3.592857142857143,2.4957142857142856,0.6142857142857143,0.4214285714285712,-0.2428571428571428,0.1542857142857143,-0.6142857142857143,0.148019829617466
2022-03-15,52.34306766639654,53.61972758342217,52.10127595954398,53.18450546264648,5530400.0,1.3175121098756788,0.08,0.22,0.46,0.86,1.28,1.85,2.04,2.1,2.16,2.15,2.57,2.49,745.25,758.0,89348.0,-2.15,8.35,2.75,0.0,-1.8914285714285717,3.6771428571428566,2.4299999999999997,0.3057142857142857,-0.2585714285714282,4.6728571428571435,0.3200000000000003,-0.3057142857142857,0.5135650777733769
2022-03-16,53.66807865850964,54.25804721176917,52.16896740987998,52.96204376220703,5367600.0,0.3487938046455383,0.08,0.24,0.44,0.86,1.35,1.95,2.14,2.18,2.22,2.19,2.56,2.46,756.75,730.0,106537.0,2.2,9.15,1.65,0.0,-1.8614285714285717,4.234285714285714,2.5014285714285713,0.4357142857142857,4.061428571428571,4.915714285714286,-0.8514285714285714,-0.4357142857142857,1.0379759483082964
2022-03-17,52.623552917055,54.1274977998879,52.61388287103846,53.95824432373047,4400000.0,0.6006350535899398,0.33,0.2,0.4,0.81,1.3,1.94,2.14,2.17,2.22,2.2,2.6,2.5,730.0,754.5,90267.0,-0.25,6.65,2.15,0.0,-1.6271428571428572,3.5028571428571427,2.607142857142857,0.3685714285714286,1.3771428571428572,3.1471428571428577,-0.4571428571428573,-0.3685714285714286,0.5347286367359453
2022-03-18,53.967908265629355,54.14199858982886,53.23286309969152,54.016265869140625,11274700.0,0.5399408936500548,0.33,0.19,0.42,0.83,1.29,1.97,2.15,2.14,2.17,2.14,2.53,2.42,753.75,741.75,84411.0,-2.15,5.0,1.65,0.0,-1.282857142857143,3.3657142857142857,2.5342857142857143,0.6928571428571428,-0.867142857142857,1.6342857142857143,-0.8842857142857143,-0.6928571428571428,0.5044227858927524
2022-03-19,53.967908265629355,54.14199858982886,53.23286309969152,54.016265869140625,11274700.0,0.5399408936500548,0.33,0.19,0.42,0.83,1.29,1.97,2.15,2.14,2.17,2.14,2.53,2.42,753.75,741.75,84411.0,-2.15,5.0,1.65,0.0,-1.282857142857143,3.3657142857142857,2.5342857142857143,0.6928571428571428,-0.867142857142857,1.6342857142857143,-0.8842857142857143,-0.6928571428571428,0.5044227858927524
2022-03-20,53.967908265629355,54.14199858982886,53.23286309969152,54.016265869140625,11274700.0,0.5399408936500548,0.33,0.19,0.42,0.83,1.29,1.97,2.15,2.14,2.17,2.14,2.53,2.42,753.75,741.75,84411.0,-2.15,5.0,1.65,0.0,-1.282857142857143,3.3657142857142857,2.5342857142857143,0.6928571428571428,-0.867142857142857,1.6342857142857143,-0.8842857142857143,-0.6928571428571428,0.5044227858927524
2022-03-21,54.345113053434474,55.10917587806396,53.75997745415221,55.08016204833984,5814000.0,0.0948096970096228,0.33,0.22,0.54,0.95,1.4,2.14,2.34,2.33,2.36,2.32,2.67,2.55,746.5,756.25,93775.0,2.5,8.05,3.45,0.0,-1.6885714285714286,4.2628571428571425,2.307142857142857,0.5285714285714286,4.188571428571429,3.7871428571428583,1.1428571428571432,-0.5285714285714286,1.0434230670133506
2022-03-22,55.37029097130446,55.45733611778924,54.44181186843221,54.62557220458984,5106500.0,0.5693789422512053,0.33,0.2,0.51,0.96,1.59,2.18,2.38,2.39,2.42,2.38,2.71,2.6,756.75,753.0,104191.0,1.4,3.6,4.2,0.25,-1.5342857142857145,4.017142857142857,2.39,0.6714285714285714,2.934285714285714,-0.4171428571428568,1.81,-0.4214285714285714,0.8240243520610874
2022-03-23,55.29291804327764,55.83453271931803,54.59656053345215,55.52503967285156,3902500.0,1.0901496708393097,0.33,0.15,0.5,0.93,1.52,2.13,2.32,2.34,2.37,2.32,2.65,2.52,752.25,757.75,112399.0,0.85,2.2,4.7,0.0,-1.1814285714285715,3.97,2.52,1.2285714285714286,2.0314285714285716,-1.77,2.18,-1.2285714285714286,1.0126612824790624
2022-03-24,55.757163688715856,56.81137557631288,55.72814617787214,56.569583892822266,4758800.0,0.086466610431671,0.33,0.16,0.52,0.96,1.55,2.13,2.35,2.37,2.39,2.34,2.63,2.51,757.0,748.25,100951.0,0.55,4.7,2.0,0.0,-1.3042857142857145,3.857142857142857,2.6871428571428573,0.8142857142857143,1.8542857142857143,0.842857142857143,-0.6871428571428573,-0.8142857142857143,0.4879839431569544
2022-03-25,56.59860200880772,57.84624807575581,56.59860200880772,57.826904296875,4670200.0,0.3357130885124205,0.33,0.17,0.55,1.01,1.67,2.3,2.51,2.55,2.56,2.48,2.74,2.6,748.5,754.0,73846.0,-0.25,5.55,5.1,0.0,-1.4857142857142858,3.6471428571428577,2.67,1.1114285714285714,1.2357142857142858,1.902857142857142,2.4299999999999997,-1.1114285714285714,1.0077868168710082
2022-03-26,56.59860200880772,57.84624807575581,56.59860200880772,57.826904296875,4670200.0,0.3357130885124205,0.33,0.17,0.55,1.01,1.67,2.3,2.51,2.55,2.56,2.48,2.74,2.6,748.5,754.0,73846.0,-0.25,5.55,5.1,0.0,-1.4857142857142858,3.6471428571428577,2.67,1.1114285714285714,1.2357142857142858,1.902857142857142,2.4299999999999997,-1.1114285714285714,1.0077868168710082
2022-03-27,56.59860200880772,57.84624807575581,56.59860200880772,57.826904296875,4670200.0,0.3357130885124205,0.33,0.17,0.55,1.01,1.67,2.3,2.51,2.55,2.56,2.48,2.74,2.6,748.5,754.0,73846.0,-0.25,5.55,5.1,0.0,-1.4857142857142858,3.6471428571428577,2.67,1.1114285714285714,1.2357142857142858,1.902857142857142,2.4299999999999997,-1.1114285714285714,1.0077868168710082
2022-03-28,57.39167712678742,57.62379877837209,56.675972083062454,57.091854095458984,3276600.0,0.1555232852697372,0.33,0.19,0.59,1.08,1.69,2.35,2.55,2.54,2.55,2.46,2.72,2.57,749.0,748.5,89177.0,-1.9,4.7,3.65,0.0,-0.9685714285714284,5.011428571428572,2.4985714285714287,0.6571428571428571,-0.9314285714285716,-0.3114285714285714,1.1514285714285712,-0.6571428571428571,0.4717194586642715
2022-03-29,55.95060448458805,56.2117399940341,54.40313889836957,56.12469482421875,4215100.0,-0.1116072833538056,0.33,0.18,0.55,1.06,1.67,2.35,2.54,2.49,2.5,2.41,2.68,2.53,746.25,726.25,180171.0,0.85,4.15,3.55,2.9,-0.4742857142857143,5.748571428571428,2.531428571428571,0.5085714285714286,1.3242857142857145,-1.598571428571428,1.018571428571429,2.3914285714285715,0.7122279236452529
2022-03-30,56.60827591005043,57.1498906872658,56.08600860248252,56.45352935791016,3440100.0,-0.0060846135020257,0.33,0.16,0.55,1.04,1.64,2.31,2.49,2.44,2.43,2.35,2.63,2.48,727.0,738.0,109719.0,-1.35,1.1,4.1,2.3,-0.3985714285714286,5.834285714285714,2.6342857142857143,1.127142857142857,-0.9514285714285716,-4.734285714285713,1.4657142857142853,1.1728571428571428,0.9577114901042834
2022-03-31,56.13435761421732,57.004805453199545,55.47668394594723,55.592742919921875,4327800.0,1.1073875725269318,0.33,0.17,0.52,1.06,1.63,2.28,2.45,2.42,2.4,2.32,2.59,2.44,739.25,748.75,173737.0,-2.15,3.05,2.75,0.0,-0.3614285714285714,5.835714285714285,2.832857142857143,2.4257142857142853,-1.7885714285714285,-2.7857142857142856,-0.0828571428571431,-2.4257142857142853,0.6032857124419123
2022-04-01,56.00862763208243,56.53089857455259,55.74749216084735,56.37615203857422,2430900.0,0.3651842139661312,0.33,0.15,0.53,1.09,1.72,2.44,2.61,2.55,2.5,2.39,2.6,2.44,748.5,735.0,155927.0,-2.75,5.0,1.05,0.0,-0.8442857142857144,6.135714285714286,2.628571428571429,0.3014285714285714,-1.9057142857142857,-1.135714285714286,-1.578571428571429,-0.3014285714285714,0.7158075518812993
2022-04-02,56.00862763208243,56.53089857455259,55.74749216084735,56.37615203857422,2430900.0,0.3651842139661312,0.33,0.15,0.53,1.09,1.72,2.44,2.61,2.55,2.5,2.39,2.6,2.44,748.5,735.0,155927.0,-2.75,5.0,1.05,0.0,-0.8442857142857144,6.135714285714286,2.628571428571429,0.3014285714285714,-1.9057142857142857,-1.135714285714286,-1.578571428571429,-0.3014285714285714,0.7158075518812993
2022-04-03,56.00862763208243,56.53089857455259,55.74749216084735,56.37615203857422,2430900.0,0.3651842139661312,0.33,0.15,0.53,1.09,1.72,2.44,2.61,2.55,2.5,2.39,2.6,2.44,748.5,735.0,155927.0,-2.75,5.0,1.05,0.0,-0.8442857142857144,6.135714285714286,2.628571428571429,0.3014285714285714,-1.9057142857142857,-1.135714285714286,-1.578571428571429,-0.3014285714285714,0.7158075518812993
2022-04-04,56.41484584948739,56.94678689529732,55.46218588291339,56.74367904663086,2356800.0,0.3791171684861182,0.33,0.18,0.66,1.14,1.72,2.43,2.61,2.56,2.52,2.42,2.64,2.48,737.0,750.5,112649.0,-1.05,6.95,2.8,0.0,-1.18,5.985714285714286,2.462857142857143,0.45,0.1299999999999999,0.9642857142857144,0.3371428571428567,-0.45,0.2159761934461022
2022-04-05,56.86940127884686,57.19823810475285,56.13435620947072,56.36647415161133,3220000.0,-1.0664201825857165,0.33,0.18,0.65,1.13,1.77,2.51,2.69,2.69,2.65,2.54,2.74,2.57,750.75,759.75,123890.0,2.2,8.9,4.4,0.5,-0.0742857142857142,7.371428571428571,2.857142857142857,1.0085714285714285,2.2742857142857145,1.5285714285714294,1.5428571428571431,-0.5085714285714285,0.7884163532477313
2022-04-06,56.28910419464942,56.811375112190035,55.96993740411407,56.14402770996094,2868800.0,-0.0111377686262132,0.33,0.21,0.67,1.15,1.79,2.5,2.67,2.7,2.69,2.61,2.81,2.63,759.75,756.5,110915.0,1.4,4.45,5.75,0.25,0.1957142857142857,6.414285714285715,3.1914285714285717,1.6528571428571428,1.2042857142857142,-1.9642857142857144,2.5585714285714283,-1.4028571428571428,1.0670865006200236
2022-04-07,56.3084484319186,56.82104562029526,56.01346228290418,56.569583892822266,2321800.0,0.5370681509375571,0.33,0.21,0.68,1.15,1.78,2.47,2.66,2.7,2.73,2.66,2.87,2.69,755.75,757.75,149456.0,0.55,1.95,6.3,0.0,0.0414285714285714,6.062857142857142,2.9785714285714286,2.1042857142857145,0.5085714285714287,-4.112857142857142,3.321428571428571,-2.1042857142857145,1.4367773390143892
2022-04-08,57.25627169345982,58.329827364188496,56.927434854583005,57.68182373046875,2478900.0,0.1521410495042801,0.33,0.2,0.7,1.19,1.81,2.53,2.73,2.76,2.79,2.72,2.94,2.76,757.0,768.75,170872.0,-1.05,5.3,3.85,0.0,-0.2228571428571428,5.911428571428572,2.6957142857142857,1.2357142857142858,-0.8271428571428572,-0.6114285714285721,1.1542857142857144,-1.2357142857142858,0.5323152118532043
2022-04-09,57.25627169345982,58.329827364188496,56.927434854583005,57.68182373046875,2478900.0,0.1521410495042801,0.33,0.2,0.7,1.19,1.81,2.53,2.73,2.76,2.79,2.72,2.94,2.76,757.0,768.75,170872.0,-1.05,5.3,3.85,0.0,-0.2228571428571428,5.911428571428572,2.6957142857142857,1.2357142857142858,-0.8271428571428572,-0.6114285714285721,1.1542857142857144,-1.2357142857142858,0.5323152118532043
2022-04-10,57.25627169345982,58.329827364188496,56.927434854583005,57.68182373046875,2478900.0,0.1521410495042801,0.33,0.2,0.7,1.19,1.81,2.53,2.73,2.76,2.79,2.72,2.94,2.76,757.0,768.75,170872.0,-1.05,5.3,3.85,0.0,-0.2228571428571428,5.911428571428572,2.6957142857142857,1.2357142857142858,-0.8271428571428572,-0.6114285714285721,1.1542857142857144,-1.2357142857142858,0.5323152118532043
2022-04-11,57.7882080078125,58.09770104424662,57.40133986754584,57.7882080078125,2487700.0,0.0004164949059485,0.33,0.22,0.77,1.23,1.85,2.5,2.73,2.79,2.84,2.79,3.02,2.84,767.0,764.5,170234.0,-0.8,8.35,1.8,0.0,0.1128571428571428,6.154285714285715,2.8814285714285712,1.4585714285714286,-0.9128571428571428,2.195714285714285,-1.0814285714285712,-1.4585714285714286,0.666877305232547
2022-04-12,57.87526152983722,58.73603939257041,57.652813608300995,58.63932418823242,2813000.0,1.484255852177739,0.33,0.21,0.74,1.2,1.77,2.39,2.58,2.66,2.73,2.72,2.99,2.82,765.5,776.25,154266.0,1.4,9.7,4.4,1.8,0.5471428571428572,6.442857142857143,2.9771428571428573,1.09,0.8528571428571428,3.257142857142856,1.422857142857143,0.71,0.7809156391955135
2022-04-13,58.84242926665452,59.20027995573347,58.13639793330476,58.94881820678711,2193500.0,0.3727151751518249,0.33,0.26,0.75,1.2,1.78,2.37,2.57,2.66,2.71,2.7,2.97,2.81,775.0,783.5,182922.0,-1.35,2.8,5.15,0.0,1.042857142857143,7.161428571428572,2.762857142857143,0.9185714285714288,-2.3928571428571432,-4.361428571428572,2.3871428571428575,-0.9185714285714288,1.2882411470940969
2022-04-14,59.316336495779545,59.71287470197932,58.88111073545096,59.006839752197266,3714400.0,0.3420116784982382,0.33,0.37,0.79,1.25,1.84,2.47,2.67,2.79,2.84,2.83,3.09,2.92,783.5,790.25,108878.0,-1.6,2.2,5.7,0.0,0.8571428571428571,7.502857142857144,2.892857142857143,1.0942857142857143,-2.4571428571428573,-5.302857142857143,2.8071428571428574,-1.0942857142857143,1.4971378818552803
2022-04-15,59.316336495779545,59.71287470197932,58.88111073545096,59.006839752197266,3714400.0,0.3420116784982382,0.33,0.37,0.79,1.25,1.84,2.47,2.67,2.79,2.84,2.83,3.09,2.92,783.5,790.25,108878.0,-1.6,2.2,5.7,0.0,0.8571428571428571,7.502857142857144,2.892857142857143,1.0942857142857143,-2.4571428571428573,-5.302857142857143,2.8071428571428574,-1.0942857142857143,1.4971378818552803
2022-04-16,59.316336495779545,59.71287470197932,58.88111073545096,59.006839752197266,3714400.0,0.3420116784982382,0.33,0.37,0.79,1.25,1.84,2.47,2.67,2.79,2.84,2.83,3.09,2.92,783.5,790.25,108878.0,-1.6,2.2,5.7,0.0,0.8571428571428571,7.502857142857144,2.892857142857143,1.0942857142857143,-2.4571428571428573,-5.302857142857143,2.8071428571428574,-1.0942857142857143,1.4971378818552803
2022-04-17,59.316336495779545,59.71287470197932,58.88111073545096,59.006839752197266,3714400.0,0.3420116784982382,0.33,0.37,0.79,1.25,1.84,2.47,2.67,2.79,2.84,2.83,3.09,2.92,783.5,790.25,108878.0,-1.6,2.2,5.7,0.0,0.8571428571428571,7.502857142857144,2.892857142857143,1.0942857142857143,-2.4571428571428573,-5.302857142857143,2.8071428571428574,-1.0942857142857143,1.4971378818552803
2022-04-18,59.026189633598065,59.48075921800147,58.726370281713784,58.94881820678711,3289700.0,0.2513241618871688,0.33,0.38,0.81,1.27,1.84,2.46,2.68,2.79,2.85,2.85,3.12,2.95,791.0,813.25,114979.0,-3.0,4.45,3.9,0.0,1.45,7.825714285714285,2.9,2.417142857142857,-4.45,-3.375714285714285,1.0,-2.417142857142857,1.1430019176000492
2022-04-19,59.33568395369904,59.79992728201371,58.64899638513363,59.1325798034668,3865400.0,0.3629253227263688,0.33,0.37,0.81,1.28,1.94,2.61,2.81,2.91,2.95,2.93,3.19,3.01,813.25,804.0,133531.0,-3.85,3.6,3.55,0.0,1.1557142857142857,6.97,2.682857142857143,0.9028571428571428,-5.005714285714285,-3.3699999999999997,0.867142857142857,-0.9028571428571428,1.04030430998208
2022-04-20,59.53879281070166,59.85311908643006,58.42654945375135,59.306671142578125,4258500.0,0.402970939874649,0.33,0.35,0.82,1.29,1.93,2.6,2.79,2.87,2.88,2.85,3.08,2.9,803.5,815.75,128911.0,-0.25,8.05,2.0,1.0,1.4657142857142855,7.374285714285715,2.67,1.2571428571428571,-1.7157142857142855,0.6757142857142853,-0.6699999999999999,-0.2571428571428571,0.4135523648116931
2022-04-21,59.84828281506235,60.00302935599641,58.12672339654131,58.23311233520508,3942200.0,0.5747278835624455,0.33,0.5,0.83,1.32,2.01,2.68,2.87,2.96,2.96,2.9,3.12,2.94,814.0,799.25,111004.0,-0.25,9.15,2.25,0.0,1.032857142857143,7.845714285714286,2.4471428571428575,0.9528571428571428,-1.282857142857143,1.3042857142857145,-0.1971428571428575,-0.9528571428571428,0.3519254981321038
2022-04-22,57.87525466949544,58.19441775753711,55.31226147441336,55.78617477416992,4987500.0,0.8851354923099279,0.33,0.46,0.83,1.34,2.06,2.72,2.88,2.94,2.95,2.9,3.14,2.95,798.75,793.0,140795.0,5.85,14.15,4.55,0.5,0.9385714285714286,8.504285714285714,2.4442857142857144,2.21,4.911428571428571,5.645714285714286,2.1057142857142854,-1.71,1.611888485249494
2022-04-23,57.87525466949544,58.19441775753711,55.31226147441336,55.78617477416992,4987500.0,0.8851354923099279,0.33,0.46,0.83,1.34,2.06,2.72,2.88,2.94,2.95,2.9,3.14,2.95,798.75,793.0,140795.0,5.85,14.15,4.55,0.5,0.9385714285714286,8.504285714285714,2.4442857142857144,2.21,4.911428571428571,5.645714285714286,2.1057142857142854,-1.71,1.611888485249494
2022-04-24,57.87525466949544,58.19441775753711,55.31226147441336,55.78617477416992,4987500.0,0.8851354923099279,0.33,0.46,0.83,1.34,2.06,2.72,2.88,2.94,2.95,2.9,3.14,2.95,798.75,793.0,140795.0,5.85,14.15,4.55,0.5,0.9385714285714286,8.504285714285714,2.4442857142857144,2.21,4.911428571428571,5.645714285714286,2.1057142857142854,-1.71,1.611888485249494
2022-04-25,55.02211716586598,55.64110331072656,53.948561456739725,55.41865539550781,4215500.0,-0.1875011827796699,0.33,0.4,0.91,1.42,2.03,2.63,2.79,2.84,2.85,2.81,3.06,2.88,796.75,800.25,114116.0,-0.8,4.45,3.65,0.0,2.0385714285714283,8.355714285714285,2.78,1.5085714285714285,-2.838571428571428,-3.905714285714285,0.8700000000000001,-1.5085714285714285,0.9312805499165328
2022-04-26,55.36062506464791,55.873222249221605,54.64492006346826,54.770652770996094,4118800.0,0.8796291276812553,0.33,0.38,0.83,1.4,1.99,2.54,2.72,2.79,2.8,2.77,3.03,2.86,800.25,803.25,85308.0,-3.0,7.8,2.2,0.0,1.6228571428571428,7.895714285714287,2.6585714285714284,1.4742857142857144,-4.622857142857143,-0.0957142857142869,-0.4585714285714282,-1.4742857142857144,0.673538445883743
2022-04-27,55.06080644693843,56.00862947212568,54.63525438137943,55.341285705566406,4522700.0,2.0903172045946117,0.33,0.37,0.82,1.39,1.97,2.58,2.75,2.81,2.84,2.82,3.08,2.91,802.75,815.5,70673.0,0.85,8.6,4.4,0.0,1.4828571428571429,8.068571428571428,2.8057142857142856,1.6242857142857143,-0.6328571428571429,0.531428571428572,1.5942857142857148,-1.6242857142857143,0.656188261926721
2022-04-28,55.81519614278947,56.14886987539273,54.99794269096858,55.92158508300781,4599700.0,0.7788973674178126,0.33,0.37,0.82,1.38,2.04,2.63,2.8,2.86,2.88,2.85,3.1,2.92,816.25,816.0,47633.0,1.65,8.9,3.35,0.0,1.8428571428571427,8.457142857142857,2.5785714285714287,1.412857142857143,-0.1928571428571428,0.442857142857143,0.7714285714285714,-1.412857142857143,0.3709742192149591
2022-04-29,56.16337324689941,56.95644969196198,55.67978986871742,55.79584884643555,6933100.0,0.2421616688370705,0.33,0.37,0.85,1.41,2.1,2.7,2.87,2.92,2.94,2.89,3.14,2.96,816.25,818.25,11143.0,5.3,8.6,4.0,3.2,2.2657142857142856,8.384285714285713,2.7457142857142856,1.605714285714286,3.0342857142857143,0.2157142857142862,1.2542857142857144,1.594285714285714,0.7591717702955628
2022-04-30,56.16337324689941,56.95644969196198,55.67978986871742,55.79584884643555,6933100.0,0.2421616688370705,0.33,0.37,0.85,1.41,2.1,2.7,2.87,2.92,2.94,2.89,3.14,2.96,816.25,818.25,11143.0,5.3,8.6,4.0,3.2,2.2657142857142856,8.384285714285713,2.7457142857142856,1.605714285714286,3.0342857142857143,0.2157142857142862,1.2542857142857144,1.594285714285714,0.7591717702955628
2022-05-01,56.16337324689941,56.95644969196198,55.67978986871742,55.79584884643555,6933100.0,0.2421616688370705,0.33,0.37,0.85,1.41,2.1,2.7,2.87,2.92,2.94,2.89,3.14,2.96,816.25,818.25,11143.0,5.3,8.6,4.0,3.2,2.2657142857142856,8.384285714285713,2.7457142857142856,1.605714285714286,3.0342857142857143,0.2157142857142862,1.2542857142857144,1.594285714285714,0.7591717702955628
2022-05-02,55.873226071299,56.095673990943055,54.30641689976997,55.45734405517578,5231600.0,0.4439103305339813,0.33,0.41,0.9,1.49,2.1,2.73,2.93,3.01,3.04,2.99,3.26,3.07,811.5,813.0,2848.0,2.2,4.45,2.05,0.0,1.7514285714285711,8.715714285714286,2.202857142857143,0.63,0.448571428571429,-4.265714285714286,-0.152857142857143,-0.63,0.4784618237388334
2022-05-03,55.52504704947555,55.68946732756904,54.64492538988892,55.37997055053711,5304900.0,1.244626268744469,0.33,0.48,0.91,1.45,2.16,2.78,2.95,3.01,3.03,2.97,3.21,3.03,817.5,800.75,2214.0,1.4,7.5,2.15,0.0,2.072857142857143,9.381428571428572,2.21,0.8128571428571428,-0.672857142857143,-1.8814285714285717,-0.06,-0.8128571428571428,0.2946882044620968
2022-05-04,55.63144047355075,57.270788072209754,55.17687085039434,57.19824981689453,5025300.0,1.1501839272677896,0.33,0.49,0.89,1.44,2.07,2.66,2.85,2.93,2.97,2.93,3.21,3.01,801.0,798.5,1267.0,0.3,6.1,1.2,0.0,2.894285714285714,9.622857142857145,2.3242857142857143,1.5442857142857145,-2.5942857142857143,-3.522857142857145,-1.1242857142857143,-1.5442857142857145,0.94856676791157
2022-05-05,54.49983962670247,57.64313126082963,54.48049954028362,56.13435363769531,6842900.0,1.4908318184316158,0.83,0.49,0.85,1.37,2.08,2.71,2.91,3.01,3.07,3.05,3.35,3.15,799.75,803.75,410.0,4.45,7.8,1.9,0.65,3.1685714285714286,9.69,2.42,1.087142857142857,1.2814285714285716,-1.8899999999999997,-0.52,-0.4371428571428569,0.445867527420478
2022-05-06,55.26390905132503,55.38964176538937,53.029756157546124,53.90987777709961,5236400.0,0.936949875205755,0.83,0.48,0.85,1.41,2.08,2.72,2.94,3.06,3.13,3.12,3.43,3.23,800.0,792.25,1248.0,5.55,10.0,2.15,0.0,3.5957142857142856,10.201428571428572,2.46,1.1585714285714286,1.9542857142857144,-0.2014285714285719,-0.31,-1.1585714285714286,0.3707067742959903
2022-05-07,55.26390905132503,55.38964176538937,53.029756157546124,53.90987777709961,5236400.0,0.936949875205755,0.83,0.48,0.85,1.41,2.08,2.72,2.94,3.06,3.13,3.12,3.43,3.23,800.0,792.25,1248.0,5.55,10.0,2.15,0.0,3.5957142857142856,10.201428571428572,2.46,1.1585714285714286,1.9542857142857144,-0.2014285714285719,-0.31,-1.1585714285714286,0.3707067742959903
2022-05-08,55.26390905132503,55.38964176538937,53.029756157546124,53.90987777709961,5236400.0,0.936949875205755,0.83,0.48,0.85,1.41,2.08,2.72,2.94,3.06,3.13,3.12,3.43,3.23,800.0,792.25,1248.0,5.55,10.0,2.15,0.0,3.5957142857142856,10.201428571428572,2.46,1.1585714285714286,1.9542857142857144,-0.2014285714285719,-0.31,-1.1585714285714286,0.3707067742959903
2022-05-09,53.22802064050918,53.22802064050918,51.21147890140764,51.33721160888672,5314400.0,0.8607791252434256,0.83,0.51,0.92,1.43,1.99,2.61,2.81,2.95,3.04,3.05,3.38,3.19,792.25,784.5,745.0,6.1,13.6,3.45,0.0,3.5714285714285716,10.03,2.5985714285714288,0.8228571428571428,2.528571428571428,3.5700000000000003,0.8514285714285714,-0.8228571428571428,0.8168757467767517
2022-05-10,52.46880333047195,52.59453605813443,50.54800984444874,51.08575439453125,4323300.0,0.2534006871283054,0.83,0.57,0.89,1.44,2.01,2.62,2.81,2.91,2.99,2.99,3.31,3.12,787.5,786.5,597.0,6.4,12.8,2.3,0.0,3.5814285714285714,10.002857142857144,2.5785714285714287,1.69,2.818571428571429,2.797142857142857,-0.2785714285714289,-1.69,0.6947201881531944
2022-05-11,51.06640480230348,52.69124527373823,50.81494306504621,51.84013748168945,3899600.0,0.1749649019911885,0.83,0.59,0.91,1.43,1.99,2.66,2.81,2.89,2.94,2.91,3.25,3.05,788.0,802.25,653.0,7.2,14.45,2.35,5.45,3.612857142857143,9.424285714285714,2.69,1.7771428571428571,3.587142857142857,5.025714285714285,-0.3399999999999998,3.672857142857143,1.118051626132592
2022-05-12,51.42316045436176,52.42195339946075,51.08376712779549,52.412254333496094,3748600.0,0.4196009710431098,0.83,0.61,0.96,1.44,1.96,2.56,2.73,2.81,2.86,2.84,3.22,3.0,802.5,813.5,911.0,8.35,17.2,3.1,1.9,3.3142857142857145,9.347142857142856,2.5114285714285716,1.16,5.035714285714285,7.852857142857143,0.5885714285714285,0.74,1.3201236568339842
2022-05-13,52.82923374481618,54.240148437873984,52.75165970038192,53.78923797607422,3881300.0,0.3606901243329047,0.83,0.67,1.03,1.47,2.04,2.61,2.79,2.89,2.95,2.93,3.32,3.1,808.0,794.5,113807.0,5.85,12.5,1.7,0.0,3.382857142857143,9.757142857142858,2.657142857142857,0.6371428571428571,2.4671428571428566,2.742857142857142,-0.9571428571428572,-0.6371428571428571,0.7578344549158053
2022-05-14,52.82923374481618,54.240148437873984,52.75165970038192,53.78923797607422,3881300.0,0.3606901243329047,0.83,0.67,1.03,1.47,2.04,2.61,2.79,2.89,2.95,2.93,3.32,3.1,808.0,794.5,113807.0,5.85,12.5,1.7,0.0,3.382857142857143,9.757142857142858,2.657142857142857,0.6371428571428571,2.4671428571428566,2.742857142857142,-0.9571428571428572,-0.6371428571428571,0.7578344549158053
2022-05-15,52.82923374481618,54.240148437873984,52.75165970038192,53.78923797607422,3881300.0,0.3606901243329047,0.83,0.67,1.03,1.47,2.04,2.61,2.79,2.89,2.95,2.93,3.32,3.1,808.0,794.5,113807.0,5.85,12.5,1.7,0.0,3.382857142857143,9.757142857142858,2.657142857142857,0.6371428571428571,2.4671428571428566,2.742857142857142,-0.9571428571428572,-0.6371428571428571,0.7578344549158053
2022-05-16,53.73105870780723,55.44742757210686,53.60499671462526,54.82682037353515,3620700.0,1.1416903138160703,0.83,0.64,1.07,1.54,2.07,2.58,2.75,2.83,2.89,2.88,3.3,3.09,795.0,809.5,138859.0,3.6,13.6,1.3,0.0,4.0928571428571425,11.492857142857142,2.218571428571429,1.98,-0.4928571428571424,2.1071428571428577,-0.9185714285714288,-1.98,0.617739202594962
2022-05-17,55.544400080319285,56.165007323813875,54.95288264539133,55.864402770996094,4238000.0,1.2798962630331512,0.83,0.61,1.06,1.57,2.16,2.71,2.89,2.96,3.0,2.98,3.36,3.17,808.0,800.75,98317.0,5.85,10.3,2.85,0.4,4.502857142857143,11.347142857142856,2.8285714285714287,1.8771428571428572,1.347142857142857,-1.0471428571428554,0.0214285714285713,-1.477142857142857,0.3306702050306715
2022-05-18,55.30778096633339,56.53348109653275,55.13711512384959,55.360145568847656,4319300.0,2.2279862128198142,0.83,0.56,1.03,1.56,2.16,2.68,2.84,2.89,2.91,2.89,3.24,3.07,800.75,781.5,120123.0,3.9,14.45,1.75,0.0,4.212857142857143,11.298571428571428,2.512857142857143,1.3514285714285714,-0.3128571428571427,3.1514285714285712,-0.7628571428571429,-1.3514285714285714,0.5952194373869919
2022-05-19,54.76862936857367,57.28597001595495,54.72014513157872,57.21227264404297,6912300.0,0.2142921015620231,0.83,0.65,1.05,1.52,2.11,2.63,2.78,2.84,2.87,2.84,3.24,3.05,782.0,783.25,106424.0,5.0,15.85,3.0,0.0,4.4871428571428575,10.858571428571429,2.605714285714286,1.29,0.5128571428571425,4.991428571428571,0.3942857142857141,-1.29,0.6596387315746387
2022-05-20,57.668028419095265,57.9686328860851,56.28135788697018,57.435298919677734,9441900.0,-0.0490768626332283,0.83,0.63,1.03,1.51,2.07,2.6,2.73,2.8,2.82,2.78,3.17,2.99,781.25,778.75,88004.0,3.9,7.8,3.05,0.15,4.507142857142857,10.517142857142858,2.281428571428571,1.4957142857142858,-0.6071428571428572,-2.717142857142858,0.7685714285714287,-1.345714285714286,0.58823052044772
2022-05-21,57.668028419095265,57.9686328860851,56.28135788697018,57.435298919677734,9441900.0,-0.0490768626332283,0.83,0.63,1.03,1.51,2.07,2.6,2.73,2.8,2.82,2.78,3.17,2.99,781.25,778.75,88004.0,3.9,7.8,3.05,0.15,4.507142857142857,10.517142857142858,2.281428571428571,1.4957142857142858,-0.6071428571428572,-2.717142857142858,0.7685714285714287,-1.345714285714286,0.58823052044772
2022-05-22,57.668028419095265,57.9686328860851,56.28135788697018,57.435298919677734,9441900.0,-0.0490768626332283,0.83,0.63,1.03,1.51,2.07,2.6,2.73,2.8,2.82,2.78,3.17,2.99,781.25,778.75,88004.0,3.9,7.8,3.05,0.15,4.507142857142857,10.517142857142858,2.281428571428571,1.4957142857142858,-0.6071428571428572,-2.717142857142858,0.7685714285714287,-1.345714285714286,0.58823052044772
2022-05-23,58.036516859743216,59.32136950933449,57.39845733458495,59.06439971923828,4956300.0,0.7715220153331757,0.83,0.55,1.07,1.57,2.09,2.65,2.8,2.88,2.9,2.86,3.26,3.08,780.25,786.25,88355.0,1.4,10.0,2.05,0.0,5.52,10.918571428571427,2.462857142857143,1.5371428571428571,-4.119999999999999,-0.9185714285714272,-0.4128571428571432,-1.5371428571428571,0.6865385345457901
2022-05-24,58.821974222357106,60.31046287522428,58.42439755707009,60.20864486694336,5808300.0,0.3506257757544516,0.83,0.55,1.06,1.53,2.02,2.5,2.66,2.76,2.8,2.76,3.16,2.98,785.0,771.75,147022.0,3.05,10.0,2.5,0.15,5.248571428571428,10.604285714285714,2.5028571428571427,1.8071428571428572,-2.1985714285714284,-0.6042857142857141,-0.0028571428571426,-1.6571428571428573,0.3824985973962949
2022-05-25,59.80136738519804,60.5674308907404,59.534702237723735,60.131065368652344,5374200.0,0.9890239592641592,0.83,0.58,1.06,1.52,2.01,2.48,2.63,2.71,2.76,2.75,3.14,2.97,770.0,772.25,127425.0,4.7,6.4,2.75,1.4,4.985714285714286,10.681428571428572,2.2542857142857144,1.3985714285714284,-0.2857142857142856,-4.281428571428572,0.4957142857142855,0.0014285714285715,0.5076919069820572
2022-05-26,60.62561413008776,62.08985877033207,60.55773545995717,61.255916595458984,5745200.0,-1.0402555763721466,0.83,0.71,1.07,1.52,1.99,2.46,2.63,2.7,2.75,2.75,3.18,2.99,762.75,765.0,104920.0,5.0,12.2,2.05,0.0,4.7057142857142855,11.122857142857145,2.068571428571429,1.39,0.2942857142857145,1.0771428571428547,-0.0185714285714291,-1.39,0.2281186650181956
2022-05-27,61.03288924168852,61.20258962471903,59.365008506587905,61.00379943847656,6501900.0,-0.1265345960855484,0.83,0.69,1.08,1.54,2.01,2.47,2.64,2.71,2.76,2.74,3.16,2.97,765.0,777.25,101090.0,5.3,14.45,2.15,0.0,5.018571428571429,11.347142857142856,2.2142857142857144,2.621428571428571,0.2814285714285711,3.102857142857143,-0.0642857142857145,-2.621428571428571,0.4998665221835255
2022-05-28,61.03288924168852,61.20258962471903,59.365008506587905,61.00379943847656,6501900.0,-0.1265345960855484,0.83,0.69,1.08,1.54,2.01,2.47,2.64,2.71,2.76,2.74,3.16,2.97,765.0,777.25,101090.0,5.3,14.45,2.15,0.0,5.018571428571429,11.347142857142856,2.2142857142857144,2.621428571428571,0.2814285714285711,3.102857142857143,-0.0642857142857145,-2.621428571428571,0.4998665221835255
2022-05-29,61.03288924168852,61.20258962471903,59.365008506587905,61.00379943847656,6501900.0,-0.1265345960855484,0.83,0.69,1.08,1.54,2.01,2.47,2.64,2.71,2.76,2.74,3.16,2.97,765.0,777.25,101090.0,5.3,14.45,2.15,0.0,5.018571428571429,11.347142857142856,2.2142857142857144,2.621428571428571,0.2814285714285711,3.102857142857143,-0.0642857142857145,-2.621428571428571,0.4998665221835255
2022-05-30,61.03288924168852,61.20258962471903,59.365008506587905,61.00379943847656,6501900.0,-0.1265345960855484,0.83,0.69,1.08,1.54,2.01,2.47,2.64,2.71,2.76,2.74,3.16,2.97,765.0,777.25,101090.0,5.3,14.45,2.15,0.0,5.018571428571429,11.347142857142856,2.2142857142857144,2.621428571428571,0.2814285714285711,3.102857142857143,-0.0642857142857145,-2.621428571428571,0.4998665221835255
2022-05-31,61.07167235814942,62.03167646390993,60.470459720714,60.72257995605469,12551200.0,1.2975350489141415,0.83,0.73,1.16,1.64,2.08,2.53,2.71,2.81,2.87,2.85,3.28,3.07,777.0,753.5,175461.0,5.3,10.0,2.55,0.0,5.585714285714285,11.974285714285717,2.024285714285714,1.5314285714285714,-0.2857142857142856,-1.9742857142857169,0.5257142857142858,-1.5314285714285714,0.4473856822355785
2022-06-01,61.10076417789429,61.35288812067716,59.92839783155111,60.44137191772461,4259100.0,0.6694267578423022,0.83,0.77,1.15,1.63,2.16,2.66,2.84,2.94,2.98,2.94,3.31,3.09,753.75,731.25,210389.0,3.6,10.3,1.35,0.0,5.821428571428571,11.912857142857142,2.092857142857143,1.9599999999999995,-2.221428571428571,-1.6128571428571412,-0.7428571428571429,-1.9599999999999995,0.6888023937174581
2022-06-02,60.819554294437935,61.11046340686747,60.17955276744894,60.6450080871582,4820200.0,-0.5298216342926025,0.83,0.85,1.17,1.64,2.15,2.65,2.83,2.92,2.95,2.92,3.3,3.09,731.25,730.25,127143.0,5.3,12.8,1.75,0.0,6.071428571428571,12.112857142857145,2.15,1.0271428571428571,-0.7714285714285714,0.687142857142856,-0.3999999999999999,-1.0271428571428571,0.3146453990738274
2022-06-03,60.60621815343057,60.80015879134355,59.869248168293254,60.121368408203125,3425000.0,0.0785641167312859,0.83,0.87,1.21,1.68,2.18,2.66,2.87,2.95,2.99,2.96,3.33,3.11,730.25,727.0,105542.0,3.35,11.65,0.95,2.9,5.715714285714286,12.255714285714284,2.0900000000000003,1.812857142857143,-2.365714285714286,-0.6057142857142832,-1.1400000000000003,1.087142857142857,0.6588207864345184
2022-06-04,60.60621815343057,60.80015879134355,59.869248168293254,60.121368408203125,3425000.0,0.0785641167312859,0.83,0.87,1.21,1.68,2.18,2.66,2.87,2.95,2.99,2.96,3.33,3.11,730.25,727.0,105542.0,3.35,11.65,0.95,2.9,5.715714285714286,12.255714285714284,2.0900000000000003,1.812857142857143,-2.365714285714286,-0.6057142857142832,-1.1400000000000003,1.087142857142857,0.6588207864345184
2022-06-05,60.60621815343057,60.80015879134355,59.869248168293254,60.121368408203125,3425000.0,0.0785641167312859,0.83,0.87,1.21,1.68,2.18,2.66,2.87,2.95,2.99,2.96,3.33,3.11,730.25,727.0,105542.0,3.35,11.65,0.95,2.9,5.715714285714286,12.255714285714284,2.0900000000000003,1.812857142857143,-2.365714285714286,-0.6057142857142832,-1.1400000000000003,1.087142857142857,0.6588207864345184
2022-06-06,60.31531651417595,60.523802078402205,59.520163129478256,59.84986114501953,2699300.0,0.3878137469291686,0.83,0.88,1.26,1.74,2.23,2.73,2.94,3.03,3.07,3.04,3.41,3.19,732.25,742.5,131922.0,7.8,10.3,1.5,0.5,6.777142857142857,13.268571428571429,2.2685714285714287,0.8228571428571428,1.0228571428571431,-2.968571428571428,-0.7685714285714287,-0.3228571428571428,0.5674341823044885
2022-06-07,59.49107120856091,60.63531707534683,59.45228603443215,60.489864349365234,3560000.0,0.2910706922411918,0.83,0.87,1.26,1.75,2.26,2.75,2.91,2.99,3.02,2.98,3.35,3.13,739.0,757.0,227575.0,6.65,11.95,1.05,0.0,6.905714285714286,13.237142857142857,2.2142857142857144,0.8928571428571429,-0.2557142857142853,-1.2871428571428574,-1.1642857142857144,-0.8928571428571429,0.5103400419635027
2022-06-08,59.98561107139704,60.50924968402908,59.46197245876501,60.121368408203125,3734400.0,0.4019412249326706,0.83,0.89,1.28,1.77,2.29,2.78,2.94,3.03,3.06,3.03,3.4,3.18,757.0,764.5,223848.0,6.1,12.5,1.7,0.0,6.927142857142857,12.771428571428572,2.3842857142857143,1.8714285714285712,-0.8271428571428574,-0.2714285714285722,-0.6842857142857144,-1.8714285714285712,0.4280843917778875
2022-06-09,59.60743410425194,59.78198032381338,59.01591677119489,59.229251861572266,4500600.0,0.4384419368579981,0.83,1.05,1.3,1.81,2.35,2.83,2.99,3.07,3.08,3.04,3.4,3.18,764.5,773.0,226325.0,5.0,11.95,0.85,3.55,6.945714285714286,13.122857142857145,2.4514285714285715,1.94,-1.9457142857142855,-1.1728571428571453,-1.6014285714285714,1.61,0.8306387354804254
2022-06-10,58.33712415583524,58.487426400761755,56.21348349573763,56.22317886352539,3551200.0,0.4275721609592436,0.83,1.1,1.39,1.98,2.58,3.06,3.21,3.25,3.24,3.15,3.45,3.2,772.25,773.25,156100.0,6.65,13.35,0.85,0.5,6.915714285714286,13.032857142857145,2.0885714285714285,1.0242857142857142,-0.265714285714286,0.3171428571428549,-1.2385714285714284,-0.5242857142857142,0.4236095993255656
2022-06-11,58.33712415583524,58.487426400761755,56.21348349573763,56.22317886352539,3551200.0,0.4275721609592436,0.83,1.1,1.39,1.98,2.58,3.06,3.21,3.25,3.24,3.15,3.45,3.2,772.25,773.25,156100.0,6.65,13.35,0.85,0.5,6.915714285714286,13.032857142857145,2.0885714285714285,1.0242857142857142,-0.265714285714286,0.3171428571428549,-1.2385714285714284,-0.5242857142857142,0.4236095993255656
2022-06-12,58.33712415583524,58.487426400761755,56.21348349573763,56.22317886352539,3551200.0,0.4275721609592436,0.83,1.1,1.39,1.98,2.58,3.06,3.21,3.25,3.24,3.15,3.45,3.2,772.25,773.25,156100.0,6.65,13.35,0.85,0.5,6.915714285714286,13.032857142857145,2.0885714285714285,1.0242857142857142,-0.265714285714286,0.3171428571428549,-1.2385714285714284,-0.5242857142857142,0.4236095993255656
2022-06-13,54.90438709367672,55.4571155373059,54.08983932952158,54.53590393066406,3721400.0,0.4778967425227165,0.83,1.13,1.73,2.25,2.89,3.4,3.56,3.56,3.53,3.43,3.68,3.42,781.0,769.25,170044.0,10.3,17.2,2.75,6.5,6.978571428571429,13.64,2.04,2.222857142857143,3.321428571428572,3.5599999999999987,0.71,4.277142857142858,1.120670997280783
2022-06-14,54.53590562089781,55.02075540746688,54.177114115477266,54.681358337402344,4443200.0,0.7027337439358232,0.83,1.19,1.83,2.43,3.15,3.45,3.6,3.61,3.6,3.49,3.72,3.45,765.75,768.25,125798.0,10.0,15.55,2.75,0.0,7.427142857142857,13.57,2.212857142857143,2.045714285714286,2.572857142857143,1.9800000000000004,0.5371428571428569,-2.045714285714286,0.7026508491620586
2022-06-15,55.146809588741185,55.47650756706126,53.23650408707518,53.847412109375,4482700.0,1.2813520394265652,0.83,1.21,1.74,2.32,2.93,3.2,3.35,3.38,3.39,3.33,3.64,3.39,767.0,774.0,105906.0,7.5,13.9,1.9,2.15,7.477142857142857,13.401428571428571,2.164285714285714,2.205714285714286,0.0228571428571431,0.4985714285714291,-0.2642857142857142,-0.055714285714286,0.117917028893214
2022-06-16,52.94559438749432,53.07165636578599,52.05347256970153,52.402565002441406,4880000.0,1.130747526884079,1.58,1.19,1.59,2.24,2.88,3.14,3.33,3.35,3.36,3.28,3.59,3.35,774.0,788.25,121542.0,8.05,14.7,2.3,0.0,7.345714285714286,14.014285714285714,2.1042857142857145,3.567142857142857,0.7042857142857146,0.685714285714285,0.1957142857142852,-3.567142857142857,0.4514343786264932
2022-06-17,52.48013779284898,52.877714454192144,51.06437735968649,51.6074104309082,12994200.0,1.0975300073623655,1.58,1.15,1.63,2.25,2.86,3.17,3.35,3.34,3.34,3.25,3.55,3.3,787.5,784.5,116061.0,6.4,16.4,1.7,0.0,7.797142857142856,13.982857142857142,2.434285714285714,1.982857142857143,-1.397142857142856,2.4171428571428564,-0.7342857142857142,-1.982857142857143,0.6773972787984262
2022-06-18,52.48013779284898,52.877714454192144,51.06437735968649,51.6074104309082,12994200.0,1.0975300073623655,1.58,1.15,1.63,2.25,2.86,3.17,3.35,3.34,3.34,3.25,3.55,3.3,787.5,784.5,116061.0,6.4,16.4,1.7,0.0,7.797142857142856,13.982857142857142,2.434285714285714,1.982857142857143,-1.397142857142856,2.4171428571428564,-0.7342857142857142,-1.982857142857143,0.6773972787984262
2022-06-19,52.48013779284898,52.877714454192144,51.06437735968649,51.6074104309082,12994200.0,1.0975300073623655,1.58,1.15,1.63,2.25,2.86,3.17,3.35,3.34,3.34,3.25,3.55,3.3,787.5,784.5,116061.0,6.4,16.4,1.7,0.0,7.797142857142856,13.982857142857142,2.434285714285714,1.982857142857143,-1.397142857142856,2.4171428571428564,-0.7342857142857142,-1.982857142857143,0.6773972787984262
2022-06-20,52.48013779284898,52.877714454192144,51.06437735968649,51.6074104309082,12994200.0,1.0975300073623655,1.58,1.15,1.63,2.25,2.86,3.17,3.35,3.34,3.34,3.25,3.55,3.3,787.5,784.5,116061.0,6.4,16.4,1.7,0.0,7.797142857142856,13.982857142857142,2.434285714285714,1.982857142857143,-1.397142857142856,2.4171428571428564,-0.7342857142857142,-1.982857142857143,0.6773972787984262
2022-06-21,52.809838089546695,53.93468945119863,52.2958984973166,53.692264556884766,3590200.0,3.0475513264536853,1.58,1.08,1.7,2.46,2.92,3.21,3.35,3.38,3.39,3.31,3.63,3.39,777.5,760.75,192144.0,9.45,14.7,2.35,0.0,7.72,13.605714285714283,2.1342857142857143,3.18,1.7299999999999995,1.094285714285716,0.2157142857142857,-3.18,0.5547730191089031
2022-06-22,52.08256895658549,53.00378439296607,51.80135516142845,51.81105422973633,4488400.0,0.8866142127662896,1.58,0.98,1.61,2.4,2.79,3.06,3.2,3.22,3.24,3.16,3.49,3.25,762.0,768.0,167778.0,7.8,15.55,1.3,0.0,7.65,13.737142857142857,2.0700000000000003,2.627142857142857,0.1499999999999994,1.812857142857144,-0.7700000000000002,-2.627142857142857,0.5726443192525364
2022-06-23,51.63650552910143,51.917719310849265,49.21710597715082,49.38680267333984,5882000.0,0.6430981159210204,1.58,1.12,1.65,2.44,2.78,3.01,3.12,3.14,3.16,3.09,3.45,3.21,767.25,746.75,215839.0,10.3,16.95,2.95,0.0,7.967142857142858,13.96142857142857,2.13,1.2228571428571429,2.3328571428571427,2.9885714285714293,0.8200000000000003,-1.2228571428571429,0.7742270614313868
2022-06-24,49.87165342015942,51.97589989034911,49.66316784692357,51.93711471557617,8329500.0,-0.0238940436393023,1.58,1.19,1.73,2.51,2.83,3.04,3.13,3.18,3.19,3.13,3.51,3.26,745.0,750.25,155989.0,10.85,17.2,2.95,0.0,7.917142857142858,14.252857142857144,1.9885714285714284,1.8242857142857145,2.9328571428571415,2.9471428571428557,0.9614285714285716,-1.8242857142857145,0.9112053607029016
2022-06-25,49.87165342015942,51.97589989034911,49.66316784692357,51.93711471557617,8329500.0,-0.0238940436393023,1.58,1.19,1.73,2.51,2.83,3.04,3.13,3.18,3.19,3.13,3.51,3.26,745.0,750.25,155989.0,10.85,17.2,2.95,0.0,7.917142857142858,14.252857142857144,1.9885714285714284,1.8242857142857145,2.9328571428571415,2.9471428571428557,0.9614285714285716,-1.8242857142857145,0.9112053607029016
2022-06-26,49.87165342015942,51.97589989034911,49.66316784692357,51.93711471557617,8329500.0,-0.0238940436393023,1.58,1.19,1.73,2.51,2.83,3.04,3.13,3.18,3.19,3.13,3.51,3.26,745.0,750.25,155989.0,10.85,17.2,2.95,0.0,7.917142857142858,14.252857142857144,1.9885714285714284,1.8242857142857145,2.9328571428571415,2.9471428571428557,0.9614285714285716,-1.8242857142857145,0.9112053607029016
2022-06-27,52.082564721804424,52.67408207072503,51.471656636066136,52.59650802612305,4769100.0,-1.2724351584911346,1.58,1.16,1.79,2.56,2.89,3.08,3.21,3.24,3.27,3.2,3.56,3.31,740.0,744.25,121830.0,5.55,14.7,1.65,0.0,7.932857142857142,14.181428571428572,2.0814285714285714,2.2342857142857144,-2.3828571428571426,0.5185714285714269,-0.4314285714285715,-2.2342857142857144,0.5525689112010324
2022-06-28,53.226800062271295,54.03165234873713,52.26679971716519,52.625587463378906,4755300.0,-0.6284359768033027,1.58,1.12,1.79,2.55,2.88,3.1,3.21,3.25,3.27,3.2,3.55,3.3,747.5,759.5,86035.0,8.9,15.85,1.9,0.0,8.127142857142857,14.184285714285714,2.357142857142857,0.9514285714285716,0.7728571428571431,1.6657142857142857,-0.4571428571428573,-0.9514285714285716,0.4037771374212775
2022-06-29,52.83893089319989,53.284991805049536,52.342443710055605,52.877716064453125,3208200.0,0.0765542900189756,1.58,1.12,1.78,2.55,2.88,3.06,3.13,3.15,3.17,3.1,3.46,3.22,758.25,770.25,63702.0,7.8,18.35,3.25,0.0,7.992857142857143,14.28857142857143,2.148571428571429,1.5942857142857143,-0.192857142857143,4.061428571428571,1.101428571428571,-1.5942857142857143,0.7678873128788187
2022-06-30,52.26680498172499,53.08135271673481,51.94680236838432,52.49953079223633,3588100.0,0.1706615388393402,1.58,1.28,1.72,2.51,2.8,2.92,2.99,3.01,3.04,2.98,3.38,3.14,770.0,743.75,14477.0,9.7,16.95,2.35,0.0,8.045714285714286,14.334285714285716,1.9057142857142857,0.2257142857142857,1.654285714285713,2.615714285714283,0.4442857142857144,-0.2257142857142857,0.5025836946151149
2022-07-01,51.99528711240322,52.79044042112727,51.06437646303508,52.48013687133789,2130500.0,0.2911976911127567,1.58,1.27,1.73,2.52,2.79,2.84,2.85,2.88,2.92,2.88,3.35,3.11,748.0,754.5,5489.0,7.2,15.3,0.95,0.0,7.864285714285714,14.007142857142858,2.092857142857143,2.4757142857142855,-0.6642857142857137,1.2928571428571427,-1.142857142857143,-2.4757142857142855,0.6662145599244429
2022-07-02,51.99528711240322,52.79044042112727,51.06437646303508,52.48013687133789,2130500.0,0.2911976911127567,1.58,1.27,1.73,2.52,2.79,2.84,2.85,2.88,2.92,2.88,3.35,3.11,748.0,754.5,5489.0,7.2,15.3,0.95,0.0,7.864285714285714,14.007142857142858,2.092857142857143,2.4757142857142855,-0.6642857142857137,1.2928571428571427,-1.142857142857143,-2.4757142857142855,0.6662145599244429
2022-07-03,51.99528711240322,52.79044042112727,51.06437646303508,52.48013687133789,2130500.0,0.2911976911127567,1.58,1.27,1.73,2.52,2.79,2.84,2.85,2.88,2.92,2.88,3.35,3.11,748.0,754.5,5489.0,7.2,15.3,0.95,0.0,7.864285714285714,14.007142857142858,2.092857142857143,2.4757142857142855,-0.6642857142857137,1.2928571428571427,-1.142857142857143,-2.4757142857142855,0.6662145599244429
2022-07-04,51.99528711240322,52.79044042112727,51.06437646303508,52.48013687133789,2130500.0,0.2911976911127567,1.58,1.27,1.73,2.52,2.79,2.84,2.85,2.88,2.92,2.88,3.35,3.11,748.0,754.5,5489.0,7.2,15.3,0.95,0.0,7.864285714285714,14.007142857142858,2.092857142857143,2.4757142857142855,-0.6642857142857137,1.2928571428571427,-1.142857142857143,-2.4757142857142855,0.6662145599244429
2022-07-05,51.190434398489685,51.43285925883589,49.706791737776285,50.521339416503906,4655000.0,1.4733928740024564,1.58,1.33,1.9,2.59,2.77,2.82,2.82,2.82,2.87,2.82,3.31,3.05,750.25,736.0,3775.0,10.0,17.2,2.15,16.9,8.498571428571429,14.552857142857144,2.031428571428571,1.5414285714285716,1.501428571428571,2.647142857142855,0.1185714285714287,15.358571428571429,1.5828751907991476
2022-07-06,50.55043456905029,50.77346500397272,48.96982339212786,50.46316146850586,3851300.0,1.2475426942110062,1.58,1.36,1.9,2.62,2.82,2.97,2.99,2.96,2.99,2.93,3.42,3.14,746.0,744.25,2703.0,10.85,14.7,1.6,0.0,8.182857142857141,14.43285714285714,1.9014285714285712,1.0885714285714283,2.667142857142858,0.2671428571428595,-0.3014285714285711,-1.0885714285714283,0.4342635680042792
2022-07-07,51.86923375176346,51.97589760158037,51.1613497814475,51.24862289428711,3879700.0,0.3317640200257301,1.58,1.55,1.95,2.64,2.87,3.03,3.05,3.05,3.07,3.01,3.45,3.2,749.5,747.0,784.0,10.85,14.45,1.55,0.0,8.442857142857143,14.30857142857143,2.0085714285714285,1.6957142857142855,2.4071428571428566,0.1414285714285696,-0.4585714285714284,-1.6957142857142855,0.4894653379708733
2022-07-08,51.471660287748584,51.60741764976624,50.51165598630692,51.13226318359375,2554800.0,0.1737572774291038,1.58,1.57,1.98,2.68,2.96,3.12,3.14,3.13,3.16,3.09,3.53,3.27,750.75,778.25,1438.0,10.0,15.55,1.8,0.25,8.382857142857143,14.355714285714283,2.0742857142857143,0.8471428571428571,1.6171428571428574,1.1942857142857175,-0.2742857142857142,-0.5971428571428571,0.3668981947250088
2022-07-09,51.471660287748584,51.60741764976624,50.51165598630692,51.13226318359375,2554800.0,0.1737572774291038,1.58,1.57,1.98,2.68,2.96,3.12,3.14,3.13,3.16,3.09,3.53,3.27,750.75,778.25,1438.0,10.0,15.55,1.8,0.25,8.382857142857143,14.355714285714283,2.0742857142857143,0.8471428571428571,1.6171428571428574,1.1942857142857175,-0.2742857142857142,-0.5971428571428571,0.3668981947250088
2022-07-10,51.471660287748584,51.60741764976624,50.51165598630692,51.13226318359375,2554800.0,0.1737572774291038,1.58,1.57,1.98,2.68,2.96,3.12,3.14,3.13,3.16,3.09,3.53,3.27,750.75,778.25,1438.0,10.0,15.55,1.8,0.25,8.382857142857143,14.355714285714283,2.0742857142857143,0.8471428571428571,1.6171428571428574,1.1942857142857175,-0.2742857142857142,-0.5971428571428571,0.3668981947250088
2022-07-11,50.579529971597616,51.37468333168951,50.438923088529975,51.30680465698242,2249700.0,0.5797891467809676,1.58,1.58,2.18,2.79,2.97,3.07,3.09,3.05,3.06,2.99,3.43,3.18,783.25,781.25,1344.0,9.7,14.15,2.8,0.0,8.635714285714286,14.352857142857143,2.15,0.9457142857142856,1.0642857142857132,-0.2028571428571428,0.6499999999999999,-0.9457142857142856,0.3631138388720634
2022-07-12,51.03529353542201,51.87893119385143,50.58922888579568,50.96741485595703,2713300.0,-0.6151393055915833,1.58,1.63,2.22,2.78,3.07,3.03,3.07,3.01,3.01,2.96,3.37,3.13,781.0,732.75,1320.0,8.35,15.0,1.75,0.0,8.467142857142857,14.398571428571428,1.937142857142857,1.6642857142857144,-0.1171428571428574,0.6014285714285723,-0.187142857142857,-1.6642857142857144,0.2396581836184737
2022-07-13,50.298318193405706,50.82195687536505,50.06171198948813,50.39529037475586,1675200.0,0.2261655777692793,1.58,1.78,2.39,2.96,3.21,3.13,3.14,3.02,3.0,2.91,3.35,3.08,726.0,740.0,485.0,8.35,15.3,1.7,0.0,8.608571428571429,14.765714285714283,1.87,0.7742857142857144,-0.2585714285714289,0.5342857142857174,-0.1700000000000001,-0.7742857142857144,0.1733297815175279
2022-07-14,49.764985410255015,50.2983194743768,48.51407198230914,49.92983627319336,3560400.0,0.0293081812560556,1.58,1.99,2.4,2.93,3.16,3.15,3.16,3.06,3.05,2.96,3.36,3.11,738.25,695.0,102346.0,10.3,17.2,2.55,0.0,8.382857142857143,14.73,1.9285714285714288,1.1914285714285715,1.917142857142858,2.469999999999999,0.621428571428571,-1.1914285714285715,0.6378555683499547
2022-07-15,50.72498563860203,50.89953185644341,50.05685973740093,50.42437744140625,2589600.0,0.5321494340896606,1.58,1.98,2.37,2.94,3.12,3.13,3.14,3.05,3.03,2.93,3.34,3.1,606.75,604.25,81572.0,11.1,16.4,1.9,0.0,8.674285714285714,15.055714285714288,1.9185714285714288,0.47,2.4257142857142853,1.3442857142857108,-0.0185714285714289,-0.47,0.3753905159666504
2022-07-16,50.72498563860203,50.89953185644341,50.05685973740093,50.42437744140625,2589600.0,0.5321494340896606,1.58,1.98,2.37,2.94,3.12,3.13,3.14,3.05,3.03,2.93,3.34,3.1,606.75,604.25,81572.0,11.1,16.4,1.9,0.0,8.674285714285714,15.055714285714288,1.9185714285714288,0.47,2.4257142857142853,1.3442857142857108,-0.0185714285714289,-0.47,0.3753905159666504
2022-07-17,50.72498563860203,50.89953185644341,50.05685973740093,50.42437744140625,2589600.0,0.5321494340896606,1.58,1.98,2.37,2.94,3.12,3.13,3.14,3.05,3.03,2.93,3.34,3.1,606.75,604.25,81572.0,11.1,16.4,1.9,0.0,8.674285714285714,15.055714285714288,1.9185714285714288,0.47,2.4257142857142853,1.3442857142857108,-0.0185714285714289,-0.47,0.3753905159666504
2022-07-18,50.96740804228981,51.43286336744326,50.434070347635746,50.6571044921875,1867500.0,0.504873925819993,1.58,1.96,2.5,3.02,3.13,3.15,3.15,3.06,3.05,2.96,3.39,3.14,610.75,612.25,75978.0,10.55,17.2,2.75,0.0,8.96,15.10142857142857,2.142857142857143,1.4942857142857142,1.59,2.0985714285714288,0.6071428571428572,-1.4942857142857142,0.5971489943973057
2022-07-19,51.08376958014922,52.57710768695042,51.01589091157735,52.11165237426758,2273100.0,-0.1497197523713111,1.58,1.93,2.52,3.06,3.18,3.23,3.22,3.14,3.11,3.01,3.42,3.17,610.5,596.75,94156.0,11.65,16.1,3.65,0.0,8.974285714285715,14.64,2.0028571428571427,1.6085714285714283,2.6757142857142853,1.4600000000000009,1.6471428571428572,-1.6085714285714283,0.9336973299959666
2022-07-20,51.791653753495645,52.625595973423984,51.75771441659672,52.38317108154297,1679300.0,1.092793824151158,1.58,1.92,2.51,3.04,3.18,3.25,3.25,3.18,3.15,3.04,3.43,3.17,595.5,592.25,76176.0,9.7,16.4,2.55,0.0,8.87,14.605714285714283,1.9014285714285712,1.2585714285714285,0.8300000000000001,1.7942857142857154,0.6485714285714286,-1.2585714285714285,0.4948252124620199
2022-07-21,51.99528967667214,52.27650343850939,51.229229831099005,52.247413635253906,1482300.0,-0.0128938108682632,1.58,2.15,2.48,3.0,3.11,3.1,3.07,3.0,2.99,2.91,3.33,3.08,592.75,575.75,76755.0,10.3,16.4,1.75,0.0,8.772857142857143,14.347142857142856,1.8457142857142856,1.3471428571428572,1.5271428571428576,2.0528571428571425,-0.0957142857142856,-1.3471428571428572,0.438904087400742
2022-07-22,52.41225917561896,52.86801914120761,51.95650290914047,52.37347030639648,1971600.0,0.0949081853032112,1.58,2.15,2.49,2.97,3.01,2.98,2.93,2.87,2.85,2.77,3.23,3.0,575.0,564.25,95957.0,10.3,17.2,1.85,2.05,8.55857142857143,14.437142857142858,1.7585714285714285,0.4985714285714285,1.741428571428571,2.7628571428571416,0.0914285714285716,1.5514285714285714,0.5312325295944477
2022-07-23,52.41225917561896,52.86801914120761,51.95650290914047,52.37347030639648,1971600.0,0.0949081853032112,1.58,2.15,2.49,2.97,3.01,2.98,2.93,2.87,2.85,2.77,3.23,3.0,575.0,564.25,95957.0,10.3,17.2,1.85,2.05,8.55857142857143,14.437142857142858,1.7585714285714285,0.4985714285714285,1.741428571428571,2.7628571428571416,0.0914285714285716,1.5514285714285714,0.5312325295944477
2022-07-24,52.41225917561896,52.86801914120761,51.95650290914047,52.37347030639648,1971600.0,0.0949081853032112,1.58,2.15,2.49,2.97,3.01,2.98,2.93,2.87,2.85,2.77,3.23,3.0,575.0,564.25,95957.0,10.3,17.2,1.85,2.05,8.55857142857143,14.437142857142858,1.7585714285714285,0.4985714285714285,1.741428571428571,2.7628571428571416,0.0914285714285716,1.5514285714285714,0.5312325295944477
2022-07-25,52.964991096908946,53.920145794417834,52.53832460474449,53.78923797607422,2643000.0,0.2606062442064285,1.58,2.14,2.62,3.06,3.07,3.0,2.98,2.89,2.89,2.81,3.28,3.04,574.25,580.0,103447.0,7.8,10.55,1.3,0.75,8.641428571428571,14.561428571428571,1.9357142857142855,1.37,-0.8414285714285716,-4.011428571428571,-0.6357142857142855,-0.6200000000000001,0.6229398999248754
2022-07-26,53.96378248644083,54.3225702911664,53.38196052566147,53.779537200927734,1692200.0,0.2244780212640761,1.58,2.17,2.55,3.01,3.06,3.02,3.01,2.89,2.88,2.81,3.27,3.03,587.75,597.0,95701.0,8.9,13.35,1.7,0.25,8.407142857142857,14.551428571428572,1.937142857142857,0.1414285714285714,0.4928571428571437,-1.201428571428572,-0.2371428571428571,0.1085714285714286,0.2153944026967482
2022-07-27,54.215901050501465,55.171055687797995,53.30438481597548,54.89469146728515,2248500.0,0.5313251824118195,1.58,2.14,2.44,2.93,3.0,2.96,2.93,2.82,2.83,2.78,3.26,3.03,597.0,600.25,80955.0,7.8,16.4,1.4,2.4,8.682857142857141,14.5,1.88,1.627142857142857,-0.8828571428571417,1.8999999999999984,-0.48,0.7728571428571429,0.4252238557168244
2022-07-28,55.08379044618748,55.51239900549501,54.56500126697316,55.234092712402344,2293400.0,0.4404856488108634,2.33,2.2,2.42,2.9,2.93,2.85,2.81,2.69,2.69,2.68,3.23,3.02,603.75,615.0,72681.0,6.65,13.6,1.8,0.0,8.207142857142857,14.45285714285714,1.7242857142857144,0.5085714285714286,-1.557142857142857,-0.8528571428571396,0.0757142857142856,-0.5085714285714286,0.2733950459013373
2022-07-29,55.68984284471136,56.281360134370765,55.49590220397072,55.80620574951172,2338900.0,0.6740336492657661,2.32,2.22,2.41,2.91,2.98,2.89,2.83,2.7,2.7,2.67,3.2,3.0,615.0,616.25,99164.0,5.85,14.45,0.95,0.0,7.747142857142856,14.264285714285714,1.65,1.032857142857143,-1.8971428571428568,0.185714285714285,-0.7,-1.032857142857143,0.4590026299810424
2022-07-30,55.68984284471136,56.281360134370765,55.49590220397072,55.80620574951172,2338900.0,0.6740336492657661,2.32,2.22,2.41,2.91,2.98,2.89,2.83,2.7,2.7,2.67,3.2,3.0,615.0,616.25,99164.0,5.85,14.45,0.95,0.0,7.747142857142856,14.264285714285714,1.65,1.032857142857143,-1.8971428571428568,0.185714285714285,-0.7,-1.032857142857143,0.4590026299810424
2022-07-31,55.68984284471136,56.281360134370765,55.49590220397072,55.80620574951172,2338900.0,0.6740336492657661,2.32,2.22,2.41,2.91,2.98,2.89,2.83,2.7,2.7,2.67,3.2,3.0,615.0,616.25,99164.0,5.85,14.45,0.95,0.0,7.747142857142856,14.264285714285714,1.65,1.032857142857143,-1.8971428571428568,0.185714285714285,-0.7,-1.032857142857143,0.4590026299810424
2022-08-01,55.27287179117933,55.78681134517157,54.632870265772176,55.1759033203125,2621600.0,0.3327869325876235,2.33,2.22,2.56,2.96,2.98,2.9,2.82,2.66,2.64,2.6,3.12,2.92,619.75,607.0,91871.0,7.8,15.55,1.5,0.0,8.368571428571428,14.61,1.9028571428571428,0.7114285714285714,-0.5685714285714285,0.9400000000000012,-0.4028571428571428,-0.7114285714285714,0.2925953080002775
2022-08-02,55.11772785044706,55.21469633509292,54.00257178146689,54.05105972290039,3025200.0,1.2151772938668728,2.33,2.22,2.56,3.0,3.09,3.06,3.02,2.85,2.82,2.75,3.22,3.0,604.0,591.25,107008.0,11.4,20.3,2.55,8.25,8.102857142857143,14.371428571428572,1.7328571428571429,1.882857142857143,3.297142857142857,5.928571428571429,0.817142857142857,6.367142857142857,1.5026304276185474
2022-08-03,54.40014184202307,54.40014184202307,53.87650691014355,54.012264251708984,3164600.0,-0.1192131489515305,2.33,2.2,2.52,3.0,3.14,3.1,3.04,2.86,2.81,2.73,3.17,2.96,587.0,591.5,101905.0,9.15,15.85,2.05,0.0,8.37,14.59,1.747142857142857,2.387142857142857,0.7800000000000011,1.2599999999999998,0.3028571428571427,-2.387142857142857,0.4419309674996967
2022-08-04,53.90559794665893,54.06074972615973,53.023171507164946,53.54681015014648,3218800.0,1.9566428959369655,2.33,2.19,2.5,2.98,3.11,3.03,2.95,2.76,2.73,2.68,3.15,2.97,591.5,602.25,83780.0,7.8,15.55,2.05,0.0,7.994285714285715,13.661428571428573,1.9628571428571429,1.5828571428571427,-0.1942857142857148,1.888571428571428,0.0871428571428569,-1.5828571428571427,0.3182704775817679
2022-08-05,55.24378609198271,56.64015215134925,55.020755633139395,56.145606994628906,5728000.0,0.2437692172825336,2.33,2.21,2.58,3.1,3.29,3.24,3.18,2.97,2.91,2.83,3.27,3.06,602.0,610.25,125020.0,10.55,17.8,3.6,0.0,7.968571428571428,13.64,1.8085714285714285,4.078571428571428,2.5814285714285727,4.16,1.7914285714285716,-4.078571428571428,1.375707013765915
2022-08-06,55.24378609198271,56.64015215134925,55.020755633139395,56.145606994628906,5728000.0,0.2437692172825336,2.33,2.21,2.58,3.1,3.29,3.24,3.18,2.97,2.91,2.83,3.27,3.06,602.0,610.25,125020.0,10.55,17.8,3.6,0.0,7.968571428571428,13.64,1.8085714285714285,4.078571428571428,2.5814285714285727,4.16,1.7914285714285716,-4.078571428571428,1.375707013765915
2022-08-07,55.24378609198271,56.64015215134925,55.020755633139395,56.145606994628906,5728000.0,0.2437692172825336,2.33,2.21,2.58,3.1,3.29,3.24,3.18,2.97,2.91,2.83,3.27,3.06,602.0,610.25,125020.0,10.55,17.8,3.6,0.0,7.968571428571428,13.64,1.8085714285714285,4.078571428571428,2.5814285714285727,4.16,1.7914285714285716,-4.078571428571428,1.375707013765915
2022-08-08,57.512888025875064,58.85107089004853,57.23167423737503,57.29955291748047,4055600.0,0.2537760511040687,2.33,2.23,2.65,3.15,3.3,3.21,3.14,2.91,2.85,2.77,3.22,3.0,603.0,608.5,155070.0,6.65,13.35,1.15,0.0,8.444285714285714,14.127142857142855,2.0,0.4071428571428571,-1.7942857142857136,-0.7771428571428558,-0.8500000000000001,-0.4071428571428571,0.489063649843646
2022-08-09,57.338338512531855,58.31773348312298,57.338338512531855,57.91046142578125,3022100.0,0.8212426938116549,2.33,2.23,2.67,3.16,3.33,3.28,3.2,2.97,2.89,2.8,3.24,3.01,614.5,615.5,142242.0,7.2,15.0,1.7,0.0,8.19,14.255714285714284,1.747142857142857,0.92,-0.9899999999999992,0.7442857142857164,-0.0471428571428571,-0.92,0.2364779990545722
2022-08-10,58.870457823051574,59.09833780540578,57.95894159274494,58.26924514770508,2604500.0,0.5222289003431797,2.33,2.24,2.65,3.13,3.26,3.23,3.13,2.93,2.86,2.78,3.27,3.04,615.0,621.25,134330.0,9.7,16.1,1.55,0.0,7.85,13.851428571428572,1.5814285714285714,1.49,1.8499999999999996,2.248571428571429,-0.0314285714285713,-1.49,0.4785761931375352
2022-08-11,58.80391487747874,59.34830317064133,58.45880681659116,58.59004592895508,1985300.0,0.2114247679710388,2.33,2.24,2.62,3.08,3.25,3.23,3.16,2.98,2.94,2.87,3.38,3.15,621.0,629.25,112043.0,10.3,15.55,3.0,0.0,8.022857142857143,13.947142857142856,1.7542857142857142,2.09,2.2771428571428576,1.602857142857145,1.2457142857142858,-2.09,0.8382201822540324
2022-08-12,58.7844694542446,60.04823270707819,58.46366604485361,60.03850936889648,2744000.0,-0.3168200999498366,2.33,2.23,2.63,3.13,3.26,3.25,3.18,2.97,2.92,2.84,3.34,3.12,629.25,639.75,98631.0,10.85,17.2,3.0,0.0,8.035714285714286,13.76142857142857,1.8014285714285714,0.92,2.814285714285713,3.4385714285714286,1.1985714285714286,-0.92,0.93335781120881
2022-08-13,58.7844694542446,60.04823270707819,58.46366604485361,60.03850936889648,2744000.0,-0.3168200999498366,2.33,2.23,2.63,3.13,3.26,3.25,3.18,2.97,2.92,2.84,3.34,3.12,629.25,639.75,98631.0,10.85,17.2,3.0,0.0,8.035714285714286,13.76142857142857,1.8014285714285714,0.92,2.814285714285713,3.4385714285714286,1.1985714285714286,-0.92,0.93335781120881
2022-08-14,58.7844694542446,60.04823270707819,58.46366604485361,60.03850936889648,2744000.0,-0.3168200999498366,2.33,2.23,2.63,3.13,3.26,3.25,3.18,2.97,2.92,2.84,3.34,3.12,629.25,639.75,98631.0,10.85,17.2,3.0,0.0,8.035714285714286,13.76142857142857,1.8014285714285714,0.92,2.814285714285713,3.4385714285714286,1.1985714285714286,-0.92,0.93335781120881
2022-08-15,59.16360549150662,60.10656916177314,58.784476838866354,59.8927001953125,3836200.0,0.0371581017971038,2.33,2.27,2.72,3.13,3.23,3.2,3.14,2.91,2.86,2.79,3.31,3.1,630.5,626.75,56712.0,8.05,10.3,1.6,1.65,7.557142857142857,13.72,1.9614285714285715,1.4057142857142857,0.4928571428571437,-3.42,-0.3614285714285714,0.2442857142857142,0.4397099205127282
2022-08-16,59.92186045068923,60.58290658626093,59.92186045068923,60.36903762817383,2523100.0,-0.1656470298767089,2.33,2.26,2.7,3.12,3.26,3.25,3.19,2.95,2.9,2.82,3.31,3.11,624.0,611.0,67190.0,6.65,13.35,0.9,0.0,7.925714285714285,13.728571428571428,1.9342857142857144,1.65,-1.275714285714285,-0.3785714285714281,-1.0342857142857145,-1.65,0.5549759577353744
2022-08-17,59.78576491463728,60.17461690149408,59.50384740958448,60.145450592041016,1747600.0,0.2531310524791478,2.33,2.22,2.68,3.15,3.27,3.28,3.27,3.04,2.99,2.89,3.37,3.15,611.0,615.0,49240.0,7.2,14.15,1.05,0.0,7.73,13.9,1.8842857142857143,0.9728571428571428,-0.5300000000000002,0.25,-0.8342857142857143,-0.9728571428571428,0.3690724581511304
2022-08-18,60.55374732829374,61.05925344271361,60.38848393109518,60.63151550292969,1980500.0,0.6448001163080334,2.33,2.23,2.71,3.12,3.24,3.22,3.23,3.02,2.97,2.88,3.35,3.14,615.0,619.75,52153.0,9.45,15.85,1.95,0.0,7.688571428571429,13.795714285714284,2.045714285714286,1.3942857142857144,1.761428571428571,2.054285714285715,-0.0957142857142858,-1.3942857142857144,0.4643752123317051
2022-08-19,60.32043082416488,60.45166993971254,59.42607648749184,59.62050247192383,2232200.0,-0.4028932750225065,2.33,2.23,2.74,3.16,3.26,3.25,3.28,3.11,3.06,2.98,3.44,3.22,619.0,626.0,51219.0,8.35,11.4,2.35,4.55,7.508571428571429,13.325714285714286,1.9657142857142855,1.022857142857143,0.8414285714285707,-1.9257142857142853,0.3842857142857145,3.5271428571428567,0.6124341541074045
2022-08-20,60.32043082416488,60.45166993971254,59.42607648749184,59.62050247192383,2232200.0,-0.4028932750225065,2.33,2.23,2.74,3.16,3.26,3.25,3.28,3.11,3.06,2.98,3.44,3.22,619.0,626.0,51219.0,8.35,11.4,2.35,4.55,7.508571428571429,13.325714285714286,1.9657142857142855,1.022857142857143,0.8414285714285707,-1.9257142857142853,0.3842857142857145,3.5271428571428567,0.6124341541074045
2022-08-21,60.32043082416488,60.45166993971254,59.42607648749184,59.62050247192383,2232200.0,-0.4028932750225065,2.33,2.23,2.74,3.16,3.26,3.25,3.28,3.11,3.06,2.98,3.44,3.22,619.0,626.0,51219.0,8.35,11.4,2.35,4.55,7.508571428571429,13.325714285714286,1.9657142857142855,1.022857142857143,0.8414285714285707,-1.9257142857142853,0.3842857142857145,3.5271428571428567,0.6124341541074045
2022-08-22,59.03722443902077,59.630222021973466,58.9108469930553,59.338584899902344,1912800.0,1.1276553124189377,2.33,2.27,2.82,3.23,3.32,3.32,3.36,3.17,3.12,3.03,3.48,3.24,622.75,633.5,67378.0,8.35,14.7,2.0,0.0,8.221428571428572,14.164285714285716,2.2471428571428573,0.2385714285714285,0.1285714285714281,0.5357142857142829,-0.2471428571428573,-0.2385714285714285,0.1403695031551126
2022-08-23,59.5232840185808,60.24265900487688,59.5232840185808,60.04823303222656,1952700.0,0.9702262431383132,2.33,2.28,2.8,3.21,3.29,3.29,3.35,3.18,3.14,3.05,3.49,3.26,637.0,660.0,95345.0,9.7,15.85,2.05,0.0,8.522857142857143,14.464285714285714,2.1557142857142857,1.3214285714285714,1.1771428571428562,1.385714285714286,-0.1057142857142858,-1.3214285714285714,0.3529503945272106
2022-08-24,60.174617767333984,60.728729446139106,59.52329123623217,60.174617767333984,2307200.0,0.8226575404405593,2.33,2.29,2.82,3.28,3.35,3.36,3.4,3.2,3.2,3.11,3.55,3.32,659.75,665.75,76015.0,9.45,14.7,1.5,0.4,8.474285714285715,14.305714285714286,2.0942857142857143,1.3571428571428572,0.9757142857142842,0.3942857142857132,-0.5942857142857143,-0.9571428571428572,0.3564213109455976
2022-08-25,60.67039785354576,61.57933721342191,60.4468092656956,61.477264404296875,2522400.0,0.7254221141338347,2.33,2.42,2.88,3.25,3.33,3.35,3.37,3.15,3.11,3.03,3.47,3.25,665.0,657.5,78316.0,7.8,13.05,1.4,0.0,8.331428571428573,14.015714285714289,1.8985714285714288,1.1728571428571428,-0.5314285714285729,-0.965714285714288,-0.4985714285714289,-1.1728571428571428,0.3528928965991641
2022-08-26,61.71057883685586,61.988606284236,60.544026501952466,60.58291244506836,1889200.0,0.479342557489872,2.33,2.39,2.89,3.26,3.36,3.37,3.4,3.2,3.14,3.04,3.44,3.21,657.0,668.75,75544.0,6.95,13.9,2.25,0.15,8.198571428571428,14.21,1.9785714285714289,0.3442857142857143,-1.2485714285714282,-0.3100000000000005,0.2714285714285711,-0.1942857142857143,0.2287298516114315
2022-08-27,61.71057883685586,61.988606284236,60.544026501952466,60.58291244506836,1889200.0,0.479342557489872,2.33,2.39,2.89,3.26,3.36,3.37,3.4,3.2,3.14,3.04,3.44,3.21,657.0,668.75,75544.0,6.95,13.9,2.25,0.15,8.198571428571428,14.21,1.9785714285714289,0.3442857142857143,-1.2485714285714282,-0.3100000000000005,0.2714285714285711,-0.1942857142857143,0.2287298516114315
2022-08-28,61.71057883685586,61.988606284236,60.544026501952466,60.58291244506836,1889200.0,0.479342557489872,2.33,2.39,2.89,3.26,3.36,3.37,3.4,3.2,3.14,3.04,3.44,3.21,657.0,668.75,75544.0,6.95,13.9,2.25,0.15,8.198571428571428,14.21,1.9785714285714289,0.3442857142857143,-1.2485714285714282,-0.3100000000000005,0.2714285714285711,-0.1942857142857143,0.2287298516114315
2022-08-29,59.882977135308685,60.72872966569413,59.63994556623946,60.1843376159668,1803200.0,1.0884722620248797,2.33,2.45,2.97,3.32,3.43,3.42,3.45,3.27,3.21,3.12,3.5,3.25,675.0,683.75,86635.0,7.2,14.7,1.9,0.0,7.327142857142856,13.93,1.792857142857143,1.0857142857142856,-0.1271428571428554,0.7699999999999996,0.1071428571428569,-1.0857142857142856,0.1877338372446635
2022-08-30,59.8635303978106,60.14544416436823,59.01777797303676,60.04823303222656,2539200.0,2.2469769269227977,2.33,2.43,2.97,3.31,3.48,3.46,3.47,3.27,3.22,3.11,3.49,3.23,681.25,679.75,48457.0,6.4,14.7,0.9,0.0,7.0,13.84,2.03,0.3571428571428571,-0.5999999999999996,0.8599999999999994,-1.13,-0.3571428571428571,0.4565223925536648
2022-08-31,60.01907669148539,60.47597351022492,59.47468465298285,59.717716217041016,3710500.0,0.2038107924163339,2.33,2.4,2.96,3.32,3.5,3.45,3.46,3.3,3.25,3.15,3.53,3.27,680.75,673.75,7831.0,6.65,16.4,1.1,0.0,7.244285714285715,13.451428571428572,2.0628571428571427,1.227142857142857,-0.5942857142857143,2.948571428571426,-0.9628571428571426,-1.227142857142857,0.6487549818502728
2022-09-01,59.08582774212659,59.23164815175378,58.27896494505944,59.114994049072266,2468400.0,1.188513409346342,2.33,2.53,2.97,3.34,3.51,3.51,3.54,3.39,3.36,3.26,3.64,3.37,671.0,658.25,9013.0,7.5,16.65,1.55,0.0,7.658571428571429,13.411428571428573,2.142857142857143,1.1828571428571428,-0.1585714285714292,3.2385714285714258,-0.5928571428571427,-1.1828571428571428,0.5292700204888464
2022-09-02,59.8440886547009,60.47596844329011,59.29969666180985,59.53300857543945,2644100.0,0.6354943960905074,2.33,2.49,2.94,3.33,3.47,3.4,3.44,3.3,3.29,3.2,3.61,3.35,657.0,669.0,2137.0,7.5,16.4,2.0,0.0,7.497142857142856,13.714285714285714,2.2314285714285713,0.5800000000000001,0.0028571428571435,2.685714285714285,-0.2314285714285713,-0.5800000000000001,0.3259372617990586
2022-09-03,59.8440886547009,60.47596844329011,59.29969666180985,59.53300857543945,2644100.0,0.6354943960905074,2.33,2.49,2.94,3.33,3.47,3.4,3.44,3.3,3.29,3.2,3.61,3.35,657.0,669.0,2137.0,7.5,16.4,2.0,0.0,7.497142857142856,13.714285714285714,2.2314285714285713,0.5800000000000001,0.0028571428571435,2.685714285714285,-0.2314285714285713,-0.5800000000000001,0.3259372617990586
2022-09-04,59.8440886547009,60.47596844329011,59.29969666180985,59.53300857543945,2644100.0,0.6354943960905074,2.33,2.49,2.94,3.33,3.47,3.4,3.44,3.3,3.29,3.2,3.61,3.35,657.0,669.0,2137.0,7.5,16.4,2.0,0.0,7.497142857142856,13.714285714285714,2.2314285714285713,0.5800000000000001,0.0028571428571435,2.685714285714285,-0.2314285714285713,-0.5800000000000001,0.3259372617990586
2022-09-05,59.8440886547009,60.47596844329011,59.29969666180985,59.53300857543945,2644100.0,0.6354943960905074,2.33,2.49,2.94,3.33,3.47,3.4,3.44,3.3,3.29,3.2,3.61,3.35,657.0,669.0,2137.0,7.5,16.4,2.0,0.0,7.497142857142856,13.714285714285714,2.2314285714285713,0.5800000000000001,0.0028571428571435,2.685714285714285,-0.2314285714285713,-0.5800000000000001,0.3259372617990586
2022-09-06,59.8927004010735,60.028797486246035,58.35673910642929,58.63865661621094,2303200.0,0.2818883210420608,2.33,2.44,3.04,3.4,3.61,3.5,3.55,3.43,3.41,3.33,3.74,3.49,670.75,680.75,1289.0,9.15,15.55,1.5,0.0,6.775714285714286,13.695714285714288,1.981428571428571,0.4614285714285714,2.3742857142857146,1.8542857142857123,-0.4814285714285711,-0.4614285714285714,0.5356401584296693
2022-09-07,58.21578550506268,60.26211475862164,58.11371268214733,60.09685134887695,2058800.0,0.3205330520868301,2.33,2.3,3.07,3.42,3.6,3.45,3.5,3.37,3.35,3.27,3.67,3.42,678.5,676.75,1269.0,8.05,15.85,2.1,0.0,6.231428571428571,12.278571428571428,2.0085714285714285,1.032857142857143,1.8185714285714296,3.571428571428571,0.0914285714285716,-1.032857142857143,0.5637027008230695
2022-09-08,59.65938441848685,60.39820241414251,59.396909897006594,60.31071090698242,2873500.0,-0.6144983880221845,2.33,2.57,3.06,3.44,3.6,3.48,3.54,3.39,3.37,3.29,3.69,3.45,676.75,674.5,1219.0,10.3,17.2,3.45,0.0,5.634285714285714,12.36142857142857,2.044285714285714,1.3385714285714283,4.665714285714286,4.838571428571429,1.405714285714286,-1.3385714285714283,1.306729302787639
2022-09-09,60.84537702632715,61.224505638650946,60.07253479412577,60.77732849121094,2021200.0,1.949909936636686,2.33,2.57,3.08,3.52,3.67,3.56,3.61,3.45,3.42,3.33,3.71,3.47,678.75,698.5,1439.0,7.5,11.4,2.05,6.75,6.112857142857142,12.365714285714288,2.19,1.512857142857143,1.387142857142858,-0.965714285714288,-0.1400000000000001,5.237142857142857,0.6525834686052383
2022-09-10,60.84537702632715,61.224505638650946,60.07253479412577,60.77732849121094,2021200.0,1.949909936636686,2.33,2.57,3.08,3.52,3.67,3.56,3.61,3.45,3.42,3.33,3.71,3.47,678.75,698.5,1439.0,7.5,11.4,2.05,6.75,6.112857142857142,12.365714285714288,2.19,1.512857142857143,1.387142857142858,-0.965714285714288,-0.1400000000000001,5.237142857142857,0.6525834686052383
2022-09-11,60.84537702632715,61.224505638650946,60.07253479412577,60.77732849121094,2021200.0,1.949909936636686,2.33,2.57,3.08,3.52,3.67,3.56,3.61,3.45,3.42,3.33,3.71,3.47,678.75,698.5,1439.0,7.5,11.4,2.05,6.75,6.112857142857142,12.365714285714288,2.19,1.512857142857143,1.387142857142858,-0.965714285714288,-0.1400000000000001,5.237142857142857,0.6525834686052383
2022-09-12,61.117575601387344,61.117575601387344,59.58161807227415,60.378761291503906,4922200.0,1.4376208605244754,2.33,2.62,3.17,3.56,3.7,3.58,3.6,3.47,3.45,3.37,3.76,3.53,690.25,712.25,1332.0,3.05,13.6,0.8,0.0,6.081428571428571,12.76,1.875714285714286,0.7828571428571428,-3.031428571428571,0.8399999999999999,-1.0757142857142858,-0.7828571428571428,0.6985121840093454
2022-09-13,59.35803228514528,62.05082253905649,59.30942300421109,60.90371322631836,4939200.0,-1.6686287932097912,2.33,2.55,3.28,3.75,3.92,3.75,3.75,3.58,3.53,3.42,3.75,3.51,721.25,709.0,607.0,3.9,14.7,1.6,0.0,5.6571428571428575,12.347142857142856,2.0900000000000003,1.6357142857142857,-1.7571428571428576,2.352857142857143,-0.4900000000000002,-1.6357142857142857,0.6128775514562395
2022-09-14,61.2731111381303,62.50771552397013,61.010636627955726,62.0313720703125,5006500.0,0.5499703460372984,2.33,2.54,3.24,3.76,3.95,3.78,3.79,3.6,3.52,3.41,3.73,3.47,709.0,709.0,117138.0,7.5,16.4,2.75,0.0,5.3671428571428565,11.887142857142855,2.0114285714285716,0.5057142857142857,2.1328571428571435,4.512857142857143,0.7385714285714284,-0.5057142857142857,0.801916772971245
2022-09-15,62.03137294468608,62.19663261544005,60.237798954061766,60.38847732543945,5786400.0,0.5375954844057559,2.33,2.76,3.22,3.78,4.0,3.87,3.85,3.66,3.59,3.45,3.75,3.48,681.75,677.5,111789.0,9.45,13.6,2.0,11.95,5.314285714285714,12.201428571428572,2.1385714285714283,2.752857142857143,4.135714285714285,1.3985714285714277,-0.1385714285714283,9.197142857142856,1.2503508152002094
2022-09-16,59.52328425378783,59.88296989417368,58.69697850221755,59.63993835449219,7511800.0,0.3968230560421943,2.33,2.68,3.2,3.77,3.96,3.85,3.81,3.62,3.56,3.45,3.79,3.52,676.25,677.25,121327.0,9.45,12.8,1.45,2.4,5.6414285714285715,12.412857142857142,2.202857142857143,0.5871428571428572,3.808571428571428,0.3871428571428588,-0.7528571428571429,1.8128571428571427,0.7272360755163495
2022-09-17,59.52328425378783,59.88296989417368,58.69697850221755,59.63993835449219,7511800.0,0.3968230560421943,2.33,2.68,3.2,3.77,3.96,3.85,3.81,3.62,3.56,3.45,3.79,3.52,676.25,677.25,121327.0,9.45,12.8,1.45,2.4,5.6414285714285715,12.412857142857142,2.202857142857143,0.5871428571428572,3.808571428571428,0.3871428571428588,-0.7528571428571429,1.8128571428571427,0.7272360755163495
2022-09-18,59.52328425378783,59.88296989417368,58.69697850221755,59.63993835449219,7511800.0,0.3968230560421943,2.33,2.68,3.2,3.77,3.96,3.85,3.81,3.62,3.56,3.45,3.79,3.52,676.25,677.25,121327.0,9.45,12.8,1.45,2.4,5.6414285714285715,12.412857142857142,2.202857142857143,0.5871428571428572,3.808571428571428,0.3871428571428588,-0.7528571428571429,1.8128571428571427,0.7272360755163495
2022-09-19,58.8136381828476,59.94130448562205,58.8136381828476,59.70799255371094,2386800.0,0.2662599012255667,2.33,2.62,3.37,3.87,4.05,3.95,3.9,3.69,3.62,3.49,3.77,3.52,675.75,678.25,96685.0,5.85,15.3,1.85,0.0,5.191428571428571,11.802857142857144,2.27,1.8657142857142857,0.6585714285714284,3.4971428571428564,-0.4199999999999999,-1.8657142857142857,0.6033919668363623
2022-09-20,59.14416082487062,59.85381253788546,58.55116322277631,59.68855285644531,2707100.0,-2.0324518531560893,2.33,2.57,3.35,3.86,4.03,3.96,3.94,3.75,3.69,3.57,3.83,3.59,677.75,692.0,123234.0,7.8,17.5,1.55,0.0,5.211428571428572,11.891428571428571,2.35,1.8814285714285712,2.588571428571428,5.6085714285714285,-0.8,-1.8814285714285712,1.0568719490128593
2022-09-21,60.48568778549701,60.48568778549701,57.54986648661264,57.57902908325195,3101500.0,0.3108179681003092,2.33,2.59,3.31,3.86,4.08,4.02,3.98,3.74,3.65,3.51,3.73,3.5,692.0,685.5,127215.0,4.7,10.85,2.5,0.0,4.41,10.978571428571428,2.2928571428571427,0.9885714285714288,0.29,-0.1285714285714281,0.2071428571428573,-0.9885714285714288,0.1699171173936809
2022-09-22,57.89011175232225,58.90112384289717,57.89011175232225,58.09425735473633,3170800.0,-0.8835656456649301,3.08,2.73,3.29,3.87,4.08,4.11,4.12,3.91,3.84,3.7,3.9,3.65,683.5,688.25,97065.0,2.8,9.45,1.25,0.0,3.951428571428572,10.187142857142858,2.1585714285714284,1.0928571428571427,-1.151428571428572,-0.7371428571428584,-0.9085714285714284,-1.0928571428571427,0.4954752963911065
2022-09-23,57.14158264643465,57.17074895708329,55.49966212906629,56.3055534362793,2686800.0,-0.2366012064740062,3.08,2.67,3.24,3.85,4.15,4.2,4.21,3.96,3.85,3.69,3.87,3.61,687.0,676.75,154393.0,5.85,9.7,2.95,2.8,4.165714285714286,10.678571428571429,2.2014285714285715,1.532857142857143,1.6842857142857133,-0.9785714285714296,0.7485714285714287,1.267142857142857,0.5350618528928771
2022-09-24,57.14158264643465,57.17074895708329,55.49966212906629,56.3055534362793,2686800.0,-0.2366012064740062,3.08,2.67,3.24,3.85,4.15,4.2,4.21,3.96,3.85,3.69,3.87,3.61,687.0,676.75,154393.0,5.85,9.7,2.95,2.8,4.165714285714286,10.678571428571429,2.2014285714285715,1.532857142857143,1.6842857142857133,-0.9785714285714296,0.7485714285714287,1.267142857142857,0.5350618528928771
2022-09-25,57.14158264643465,57.17074895708329,55.49966212906629,56.3055534362793,2686800.0,-0.2366012064740062,3.08,2.67,3.24,3.85,4.15,4.2,4.21,3.96,3.85,3.69,3.87,3.61,687.0,676.75,154393.0,5.85,9.7,2.95,2.8,4.165714285714286,10.678571428571429,2.2014285714285715,1.532857142857143,1.6842857142857133,-0.9785714285714296,0.7485714285714287,1.267142857142857,0.5350618528928771
2022-09-26,56.26667837547911,57.32434943118912,55.9118505995668,56.00420379638672,3941600.0,1.6652414202690122,3.08,2.73,3.39,3.95,4.17,4.27,4.37,4.15,4.06,3.88,4.01,3.72,673.25,666.25,140725.0,2.8,10.85,1.15,0.0,3.724285714285714,11.501428571428573,1.9228571428571428,0.1985714285714285,-0.9242857142857144,-0.651428571428573,-0.7728571428571429,-0.1985714285714285,0.3613754957901537
2022-09-27,56.62635080825817,56.94715423233834,55.31398192952521,55.663944244384766,2357400.0,0.4366616457700728,3.08,2.71,3.35,3.91,4.16,4.3,4.39,4.21,4.14,3.97,4.15,3.87,666.25,667.5,163167.0,3.05,11.1,1.45,0.0,3.7142857142857144,11.372857142857145,1.9585714285714284,0.0942857142857142,-0.6642857142857146,-0.2728571428571449,-0.5085714285714285,-0.0942857142857142,0.2274846776450432
2022-09-28,55.88753955697904,57.058949755954224,55.57645574632309,56.75273132324219,3517500.0,0.2915027625858783,3.08,2.63,3.4,3.87,3.99,4.07,4.12,3.92,3.83,3.72,3.98,3.7,668.25,670.5,137430.0,0.55,10.3,2.25,0.0,2.8957142857142855,10.874285714285715,1.9085714285714288,0.4614285714285714,-2.345714285714285,-0.5742857142857147,0.3414285714285712,-0.4614285714285714,0.3913526740519711
2022-09-29,56.23750138551084,56.46109368361629,55.012623957300306,55.61534118652344,2431000.0,-0.6538107097148895,3.08,2.78,3.36,3.87,3.98,4.16,4.19,3.98,3.89,3.76,4.0,3.71,670.5,669.5,139450.0,4.7,12.5,3.5,0.0,4.017142857142857,11.224285714285717,2.204285714285714,0.3228571428571428,0.6828571428571433,1.2757142857142831,1.2957142857142858,-0.3228571428571428,0.5397892578955839
2022-09-30,55.35286894325703,56.38332413311591,54.81820023194408,55.5570182800293,3688200.0,-2.962023690342903,3.08,2.79,3.33,3.92,4.05,4.22,4.25,4.06,3.97,3.83,4.08,3.79,669.5,677.5,253847.0,6.95,13.9,3.25,0.0,4.331428571428571,11.697142857142856,2.205714285714286,0.7857142857142857,2.618571428571429,2.2028571428571446,1.044285714285714,-0.7857142857142857,0.7629050286898542
2022-10-01,55.35286894325703,56.38332413311591,54.81820023194408,55.5570182800293,3688200.0,-2.962023690342903,3.08,2.79,3.33,3.92,4.05,4.22,4.25,4.06,3.97,3.83,4.08,3.79,669.5,677.5,253847.0,6.95,13.9,3.25,0.0,4.331428571428571,11.697142857142856,2.205714285714286,0.7857142857142857,2.618571428571429,2.2028571428571446,1.044285714285714,-0.7857142857142857,0.7629050286898542
2022-10-02,55.35286894325703,56.38332413311591,54.81820023194408,55.5570182800293,3688200.0,-2.962023690342903,3.08,2.79,3.33,3.92,4.05,4.22,4.25,4.06,3.97,3.83,4.08,3.79,669.5,677.5,253847.0,6.95,13.9,3.25,0.0,4.331428571428571,11.697142857142856,2.205714285714286,0.7857142857142857,2.618571428571429,2.2028571428571446,1.044285714285714,-0.7857142857142857,0.7629050286898542
2022-10-03,56.849940746261815,57.817205294193094,56.281247799113814,57.53042984008789,3680100.0,-0.6815355196595192,3.08,2.87,3.46,3.97,4.01,4.12,4.12,3.9,3.79,3.67,4.0,3.73,680.0,680.75,132393.0,6.65,13.9,2.3,0.0,3.3771428571428572,9.795714285714286,2.23,1.4828571428571429,3.272857142857143,4.104285714285714,0.0699999999999998,-1.4828571428571429,0.7709275652022316
2022-10-04,58.308126009248966,60.09683827288584,58.24979710525961,60.03850936889648,3986600.0,-0.0902450978755952,3.08,2.91,3.45,3.98,4.15,4.1,4.08,3.84,3.73,3.62,3.95,3.7,680.75,683.0,119212.0,6.95,8.9,0.9,0.25,3.12,8.99,2.1114285714285717,3.067142857142857,3.83,-0.0899999999999998,-1.2114285714285715,-2.817142857142857,0.9063820511550972
2022-10-05,59.64966624988369,60.2329405063335,59.309419843315226,59.805206298828125,2978100.0,0.0142902508378026,3.08,2.89,3.46,4.0,4.14,4.15,4.17,3.96,3.87,3.76,4.05,3.78,683.0,684.0,114315.0,5.55,11.95,0.9,0.75,3.532857142857143,9.555714285714286,2.3400000000000003,1.0642857142857145,2.017142857142857,2.3942857142857132,-1.4400000000000004,-0.3142857142857145,0.7922663859844822
2022-10-06,59.50384820723233,60.232942911086774,59.05667101220979,59.19276809692383,3219100.0,-0.2849169671535493,3.08,3.05,3.46,4.04,4.19,4.23,4.24,4.05,3.95,3.83,4.08,3.81,683.75,675.5,128778.0,1.65,7.5,2.8,0.15,2.9885714285714284,8.911428571428571,2.5614285714285714,1.72,-1.3385714285714283,-1.411428571428571,0.2385714285714284,-1.57,0.4250038203323568
2022-10-07,59.00805631220984,59.54272493732057,58.424778414334334,59.13443374633789,2420500.0,-0.1853451207280159,3.08,3.03,3.45,4.09,4.24,4.3,4.33,4.14,4.03,3.89,4.13,3.86,675.5,683.25,113581.0,-0.5,6.1,0.95,0.0,2.4114285714285715,9.634285714285712,2.092857142857143,1.1014285714285716,-2.9114285714285715,-3.534285714285712,-1.142857142857143,-1.1014285714285716,0.9493172139969592
2022-10-08,59.00805631220984,59.54272493732057,58.424778414334334,59.13443374633789,2420500.0,-0.1853451207280159,3.08,3.03,3.45,4.09,4.24,4.3,4.33,4.14,4.03,3.89,4.13,3.86,675.5,683.25,113581.0,-0.5,6.1,0.95,0.0,2.4114285714285715,9.634285714285712,2.092857142857143,1.1014285714285716,-2.9114285714285715,-3.534285714285712,-1.142857142857143,-1.1014285714285716,0.9493172139969592
2022-10-09,59.00805631220984,59.54272493732057,58.424778414334334,59.13443374633789,2420500.0,-0.1853451207280159,3.08,3.03,3.45,4.09,4.24,4.3,4.33,4.14,4.03,3.89,4.13,3.86,675.5,683.25,113581.0,-0.5,6.1,0.95,0.0,2.4114285714285715,9.634285714285712,2.092857142857143,1.1014285714285716,-2.9114285714285715,-3.534285714285712,-1.142857142857143,-1.1014285714285716,0.9493172139969592
2022-10-10,59.00805631220984,59.54272493732057,58.424778414334334,59.13443374633789,2420500.0,-0.1853451207280159,3.08,3.03,3.45,4.09,4.24,4.3,4.33,4.14,4.03,3.89,4.13,3.86,675.5,683.25,113581.0,-0.5,6.1,0.95,0.0,2.4114285714285715,9.634285714285712,2.092857142857143,1.1014285714285716,-2.9114285714285715,-3.534285714285712,-1.142857142857143,-1.1014285714285716,0.9493172139969592
2022-10-11,58.90113130404674,60.00935466709534,58.58032785244454,59.06639099121094,2198800.0,0.1852782033383844,3.08,3.07,3.67,4.17,4.28,4.3,4.31,4.14,4.06,3.93,4.19,3.92,697.0,693.0,140432.0,5.85,14.45,3.4,0.0,2.5614285714285714,9.515714285714289,2.4357142857142855,0.39,3.2885714285714283,4.934285714285711,0.9642857142857144,-0.39,0.9946878150736552
2022-10-12,59.12472076857931,59.362890671719235,58.48311756434801,59.095558166503906,2395700.0,0.8582236245274542,3.08,3.07,3.7,4.16,4.28,4.28,4.29,4.12,4.03,3.91,4.18,3.9,693.25,693.0,180209.0,2.8,7.5,3.1,0.25,1.9085714285714288,8.24,2.224285714285714,1.1728571428571428,0.891428571428571,-0.7400000000000002,0.8757142857142859,-0.9228571428571428,0.4495814773916696
2022-10-13,58.43450819470624,61.47240265909275,57.85123023252367,61.19534683227539,3067800.0,1.0201999992132185,3.08,3.35,3.79,4.3,4.46,4.47,4.44,4.21,4.11,3.97,4.25,3.97,692.25,697.75,167244.0,1.1,5.55,3.7,0.0,1.7642857142857142,7.775714285714285,2.33,0.6371428571428571,-0.6642857142857141,-2.225714285714285,1.37,-0.6371428571428571,0.6597397797829895
2022-10-14,61.486986819126386,61.486986819126386,56.966598162515574,57.09297561645508,4043200.0,-0.3809017464518547,3.08,3.3,3.81,4.31,4.5,4.48,4.47,4.25,4.15,4.0,4.26,3.99,697.0,689.75,108816.0,-1.05,5.3,2.55,0.0,1.2457142857142858,7.65,2.3842857142857143,1.1842857142857144,-2.295714285714286,-2.3500000000000005,0.1657142857142854,-1.1842857142857144,0.5402824401433185
2022-10-15,61.486986819126386,61.486986819126386,56.966598162515574,57.09297561645508,4043200.0,-0.3809017464518547,3.08,3.3,3.81,4.31,4.5,4.48,4.47,4.25,4.15,4.0,4.26,3.99,697.0,689.75,108816.0,-1.05,5.3,2.55,0.0,1.2457142857142858,7.65,2.3842857142857143,1.1842857142857144,-2.295714285714286,-2.3500000000000005,0.1657142857142854,-1.1842857142857144,0.5402824401433185
2022-10-16,61.486986819126386,61.486986819126386,56.966598162515574,57.09297561645508,4043200.0,-0.3809017464518547,3.08,3.3,3.81,4.31,4.5,4.48,4.47,4.25,4.15,4.0,4.26,3.99,697.0,689.75,108816.0,-1.05,5.3,2.55,0.0,1.2457142857142858,7.65,2.3842857142857143,1.1842857142857144,-2.295714285714286,-2.3500000000000005,0.1657142857142854,-1.1842857142857144,0.5402824401433185
2022-10-17,58.18175715400978,59.285122573275366,58.18175715400978,58.67754364013672,2693300.0,-0.0595869608223436,3.08,3.3,3.97,4.38,4.5,4.45,4.45,4.24,4.15,4.02,4.29,4.04,689.0,683.5,106164.0,-2.15,3.35,3.0,0.0,1.3857142857142857,7.872857142857143,2.367142857142857,0.9957142857142858,-3.5357142857142856,-4.522857142857143,0.632857142857143,-0.9957142857142858,0.9423687609116798
2022-10-18,60.048236644599776,60.66067719736295,59.14415896950035,59.90241622924805,2934600.0,2.223197039216757,3.08,3.25,4.04,4.39,4.5,4.43,4.43,4.21,4.12,4.01,4.27,4.04,683.0,681.0,147455.0,-4.1,3.35,1.5,0.0,1.4757142857142858,7.7785714285714285,2.3,0.4757142857142857,-5.575714285714286,-4.428571428571429,-0.7999999999999998,-0.4757142857142857,1.1278179936241202
2022-10-19,59.51842688419906,60.50513812161317,59.39691110558014,60.07740020751953,2174000.0,-0.011333031579852,3.08,3.31,4.07,4.45,4.6,4.55,4.56,4.35,4.26,4.14,4.38,4.15,681.0,678.25,112233.0,-3.55,7.2,0.5,0.0,1.4071428571428573,7.832857142857142,1.9885714285714284,0.0585714285714285,-4.957142857142857,-0.6328571428571417,-1.4885714285714284,-0.0585714285714285,0.9142279470108636
2022-10-20,60.64123869786198,60.991204753807814,59.65938907330645,60.20378112792969,2886400.0,0.7885080417618153,3.08,3.58,4.09,4.48,4.66,4.62,4.66,4.45,4.36,4.24,4.47,4.24,678.0,684.0,134819.0,0.55,10.85,1.3,0.0,1.032857142857143,8.248571428571429,1.9114285714285717,0.4442857142857143,-0.4828571428571429,2.6014285714285705,-0.6114285714285717,-0.4442857142857143,0.4549029566955435
2022-10-21,60.23294217496878,61.27797864606204,59.66911087256309,61.12730026245117,2566200.0,2.6230194270610805,3.08,3.55,4.09,4.43,4.58,4.49,4.52,4.34,4.28,4.21,4.54,4.33,683.5,684.25,109021.0,2.8,11.4,1.35,0.0,1.0685714285714285,7.745714285714286,2.1328571428571426,0.6514285714285714,1.731428571428571,3.654285714285714,-0.7828571428571425,-0.6514285714285714,0.7181991999817923
2022-10-22,60.23294217496878,61.27797864606204,59.66911087256309,61.12730026245117,2566200.0,2.6230194270610805,3.08,3.55,4.09,4.43,4.58,4.49,4.52,4.34,4.28,4.21,4.54,4.33,683.5,684.25,109021.0,2.8,11.4,1.35,0.0,1.0685714285714285,7.745714285714286,2.1328571428571426,0.6514285714285714,1.731428571428571,3.654285714285714,-0.7828571428571425,-0.6514285714285714,0.7181991999817923
2022-10-23,60.23294217496878,61.27797864606204,59.66911087256309,61.12730026245117,2566200.0,2.6230194270610805,3.08,3.55,4.09,4.43,4.58,4.49,4.52,4.34,4.28,4.21,4.54,4.33,683.5,684.25,109021.0,2.8,11.4,1.35,0.0,1.0685714285714285,7.745714285714286,2.1328571428571426,0.6514285714285714,1.731428571428571,3.654285714285714,-0.7828571428571425,-0.6514285714285714,0.7181991999817923
2022-10-24,61.29256117972496,61.99249328763025,60.942595125772314,61.59392166137695,3123400.0,-0.357657181797549,3.08,3.57,4.16,4.52,4.61,4.5,4.52,4.36,4.31,4.25,4.59,4.4,682.25,681.5,119463.0,1.65,7.2,2.55,0.0,0.6185714285714285,6.635714285714286,2.0642857142857145,0.18,1.0314285714285714,0.5642857142857141,0.4857142857142853,-0.18,0.2857018293464036
2022-10-25,61.253675514558275,63.19793179065278,61.234236252244386,63.149322509765625,4597400.0,0.1507093282416463,3.08,3.56,4.14,4.5,4.6,4.42,4.45,4.25,4.17,4.1,4.45,4.26,681.5,686.25,116661.0,0.0,8.35,1.75,0.0,0.6214285714285716,6.6728571428571435,2.2214285714285715,0.48,-0.6214285714285716,1.6771428571428562,-0.4714285714285715,-0.48,0.3577885986753067
2022-10-26,63.6694110931444,64.42280299971267,62.89656509156797,64.0339584350586,5580600.0,1.0590696781873703,3.08,3.54,4.11,4.47,4.54,4.39,4.41,4.2,4.12,4.04,4.38,4.19,684.25,685.0,106226.0,-1.35,8.35,1.5,1.15,0.1657142857142856,6.390000000000001,2.28,0.5128571428571428,-1.5157142857142856,1.959999999999999,-0.7799999999999998,0.6371428571428571,0.5585983261601323
2022-10-27,64.50056982494918,64.83109657908602,63.975620803720595,64.13116455078125,3822600.0,0.5307390689849854,3.08,3.76,4.13,4.44,4.5,4.3,4.29,4.09,4.01,3.96,4.32,4.12,685.0,682.25,112300.0,3.9,5.0,2.25,1.15,0.1042857142857143,6.0128571428571425,2.505714285714286,0.71,3.795714285714286,-1.0128571428571425,-0.2557142857142858,0.4399999999999999,0.5365254267977579
2022-10-28,64.24781996381176,64.6463952842435,63.43415225486864,64.17977142333984,2951200.0,0.5676710493862628,3.08,3.75,4.18,4.51,4.55,4.41,4.38,4.19,4.1,4.02,4.38,4.15,681.25,680.75,115074.0,1.65,8.35,1.75,0.0,0.2271428571428571,6.569999999999999,2.507142857142857,0.5242857142857144,1.4228571428571428,1.7800000000000002,-0.7571428571428571,-0.5242857142857144,0.5204411328110748
2022-10-29,64.24781996381176,64.6463952842435,63.43415225486864,64.17977142333984,2951200.0,0.5676710493862628,3.08,3.75,4.18,4.51,4.55,4.41,4.38,4.19,4.1,4.02,4.38,4.15,681.25,680.75,115074.0,1.65,8.35,1.75,0.0,0.2271428571428571,6.569999999999999,2.507142857142857,0.5242857142857144,1.4228571428571428,1.7800000000000002,-0.7571428571428571,-0.5242857142857144,0.5204411328110748
2022-10-30,64.24781996381176,64.6463952842435,63.43415225486864,64.17977142333984,2951200.0,0.5676710493862628,3.08,3.75,4.18,4.51,4.55,4.41,4.38,4.19,4.1,4.02,4.38,4.15,681.25,680.75,115074.0,1.65,8.35,1.75,0.0,0.2271428571428571,6.569999999999999,2.507142857142857,0.5242857142857144,1.4228571428571428,1.7800000000000002,-0.7571428571428571,-0.5242857142857144,0.5204411328110748
2022-10-31,64.14088627533688,64.64638860709714,63.08126492116555,63.51871871948242,3672900.0,1.37675903737545,3.08,3.73,4.22,4.57,4.66,4.51,4.45,4.27,4.18,4.1,4.44,4.22,696.5,691.5,226696.0,-1.05,10.85,0.95,0.0,-1.07,5.311428571428571,2.0714285714285716,0.8928571428571429,0.02,5.538571428571428,-1.1214285714285717,-0.8928571428571429,0.8226992525267497
2022-11-01,64.18949698083532,65.3268829466313,63.96591209015829,65.23939514160156,3694100.0,0.104134127497673,3.08,3.72,4.23,4.58,4.75,4.54,4.48,4.27,4.18,4.07,4.37,4.14,689.0,697.75,146466.0,0.0,12.8,1.9,0.0,-0.4328571428571429,5.691428571428571,2.5,0.3157142857142857,0.4328571428571429,7.108571428571429,-0.6000000000000001,-0.3157142857142857,0.8036545490435101
2022-11-02,65.19078064809034,66.52259621312483,64.97691169725063,65.04496765136719,4385400.0,-0.2113998774439094,3.08,3.7,4.22,4.57,4.76,4.61,4.54,4.3,4.2,4.1,4.41,4.15,696.5,687.5,168334.0,7.2,12.5,4.6,0.0,-0.6642857142857143,5.42,2.3442857142857143,0.2285714285714285,7.864285714285715,7.08,2.2557142857142853,-0.2285714285714285,1.92657591075752
2022-11-03,63.92701910545228,65.7546136375886,63.89785650698887,65.1130142211914,5408700.0,0.8007092550396917,3.83,3.75,4.25,4.57,4.78,4.71,4.63,4.36,4.26,4.14,4.42,4.18,686.0,679.25,123352.0,1.4,9.15,3.1,3.2,-0.99,5.2057142857142855,2.13,0.5028571428571429,2.3899999999999997,3.944285714285715,0.9700000000000002,2.6971428571428575,1.012364891116823
2022-11-04,65.11301341943233,65.39492347893005,62.167468634785315,63.547889709472656,5722400.0,0.322455871850252,3.83,3.73,4.21,4.55,4.76,4.66,4.58,4.33,4.26,4.17,4.49,4.27,679.25,681.0,112564.0,-1.35,4.15,1.6,0.0,-1.3928571428571428,5.188571428571429,1.85,0.1428571428571428,0.0428571428571427,-1.0385714285714285,-0.25,-0.1428571428571428,0.1666312881957656
2022-11-05,65.11301341943233,65.39492347893005,62.167468634785315,63.547889709472656,5722400.0,0.322455871850252,3.83,3.73,4.21,4.55,4.76,4.66,4.58,4.33,4.26,4.17,4.49,4.27,679.25,681.0,112564.0,-1.35,4.15,1.6,0.0,-1.3928571428571428,5.188571428571429,1.85,0.1428571428571428,0.0428571428571427,-1.0385714285714285,-0.25,-0.1428571428571428,0.1666312881957656
2022-11-06,65.11301341943233,65.39492347893005,62.167468634785315,63.547889709472656,5722400.0,0.322455871850252,3.83,3.73,4.21,4.55,4.76,4.66,4.58,4.33,4.26,4.17,4.49,4.27,679.25,681.0,112564.0,-1.35,4.15,1.6,0.0,-1.3928571428571428,5.188571428571429,1.85,0.1428571428571428,0.0428571428571427,-1.0385714285714285,-0.25,-0.1428571428571428,0.1666312881957656
2022-11-07,63.509009999175426,65.15189832622868,63.44096145801623,64.19921875,3421800.0,0.4390272498130797,3.83,3.78,4.29,4.62,4.8,4.72,4.63,4.39,4.31,4.22,4.55,4.34,679.0,675.75,162563.0,-3.55,2.5,2.1,0.0,-1.4885714285714289,4.6328571428571435,2.162857142857143,0.1414285714285714,-2.061428571428571,-2.1328571428571435,-0.0628571428571427,-0.1414285714285714,0.3920748349012773
2022-11-08,64.24783181878163,65.63797290213144,64.04368615969703,65.31717681884766,2901300.0,0.2849203739315271,3.83,3.66,4.28,4.6,4.77,4.67,4.55,4.31,4.22,4.14,4.47,4.28,675.75,667.5,227158.0,1.4,8.05,3.05,0.0,-0.8042857142857143,4.941428571428571,2.21,0.0357142857142857,2.204285714285714,3.1085714285714294,0.8399999999999999,-0.0357142857142857,0.6849399835942421
2022-11-09,65.20050005049369,65.97820393082567,64.87483868291565,65.18106079101562,3595000.0,0.5227357409894465,3.83,3.65,4.29,4.59,4.75,4.61,4.49,4.27,4.2,4.12,4.5,4.31,667.0,664.5,246968.0,1.95,8.6,1.65,0.25,-0.9514285714285714,5.041428571428571,2.23,0.57,2.9014285714285712,3.5585714285714287,-0.5800000000000001,-0.3199999999999999,0.7384249457080694
2022-11-10,66.28202373668078,66.28202373668078,64.82056500686998,65.48309326171875,4523900.0,0.8262988738715649,3.83,3.71,4.28,4.52,4.59,4.34,4.17,3.95,3.89,3.82,4.24,4.03,664.5,653.25,229081.0,-3.55,4.15,3.85,3.95,-1.97,3.628571428571429,2.5085714285714285,1.0799999999999998,-1.5799999999999998,0.5214285714285714,1.3414285714285716,2.87,0.7722471329673866
2022-11-11,66.28202373668078,66.28202373668078,64.82056500686998,65.48309326171875,4523900.0,0.8262988738715649,3.83,3.71,4.28,4.52,4.59,4.34,4.17,3.95,3.89,3.82,4.24,4.03,664.5,653.25,229081.0,-3.55,4.15,3.85,3.95,-1.97,3.628571428571429,2.5085714285714285,1.0799999999999998,-1.5799999999999998,0.5214285714285714,1.3414285714285716,2.87,0.7722471329673866
2022-11-12,66.28202373668078,66.28202373668078,64.82056500686998,65.48309326171875,4523900.0,0.8262988738715649,3.83,3.71,4.28,4.52,4.59,4.34,4.17,3.95,3.89,3.82,4.24,4.03,664.5,653.25,229081.0,-3.55,4.15,3.85,3.95,-1.97,3.628571428571429,2.5085714285714285,1.0799999999999998,-1.5799999999999998,0.5214285714285714,1.3414285714285716,2.87,0.7722471329673866
2022-11-13,66.28202373668078,66.28202373668078,64.82056500686998,65.48309326171875,4523900.0,0.8262988738715649,3.83,3.71,4.28,4.52,4.59,4.34,4.17,3.95,3.89,3.82,4.24,4.03,664.5,653.25,229081.0,-3.55,4.15,3.85,3.95,-1.97,3.628571428571429,2.5085714285714285,1.0799999999999998,-1.5799999999999998,0.5214285714285714,1.3414285714285716,2.87,0.7722471329673866
2022-11-14,63.261680717985946,65.93127673232532,63.164251617225105,65.01543426513672,3240400.0,0.3339184075593947,3.83,3.72,4.34,4.55,4.63,4.4,4.24,4.0,3.95,3.88,4.28,4.07,657.0,657.25,181567.0,-2.75,0.0,1.95,0.0,-1.602857142857143,3.8042857142857143,2.157142857142857,0.1842857142857143,-1.147142857142857,-3.8042857142857143,-0.207142857142857,-0.1842857142857143,0.4854248440821709
2022-11-15,65.00569152832031,65.32721426274534,63.15450881197023,65.00569152832031,3422100.0,0.4006927534937858,3.83,3.77,4.31,4.54,4.6,4.37,4.17,3.93,3.88,3.8,4.2,3.98,657.0,666.75,234097.0,-3.0,-1.05,2.75,0.15,-2.1942857142857144,3.82,2.082857142857143,0.6928571428571428,-0.8057142857142856,-4.87,0.6671428571428568,-0.5428571428571428,0.691865582256536
2022-11-16,64.59648976842223,64.87903196266565,63.38834499519456,63.670894622802734,3064300.0,0.879166930913925,3.83,3.81,4.32,4.54,4.62,4.35,4.13,3.83,3.77,3.67,4.03,3.85,665.25,665.25,121435.0,-3.85,-0.8,3.1,0.0,-1.9228571428571428,3.962857142857142,2.3457142857142856,0.4042857142857143,-1.9271428571428573,-4.7628571428571425,0.7542857142857144,-0.4042857142857143,0.7995193244947286
2022-11-17,62.89145374882608,63.95344369506778,62.12174741879792,63.74884033203125,3637400.0,1.0925469631329177,3.83,3.93,4.32,4.57,4.68,4.43,4.22,3.93,3.87,3.77,4.1,3.89,665.0,667.5,138561.0,-4.95,-0.5,4.45,0.15,-2.13,3.0985714285714288,2.3242857142857143,0.3628571428571428,-2.8200000000000003,-3.5985714285714288,2.125714285714286,-0.2128571428571428,1.1405922586536106
2022-11-18,63.953442944415215,64.24573770724498,63.115539219892106,63.52474594116211,2999700.0,0.3604006171226501,3.83,3.93,4.34,4.61,4.74,4.51,4.28,3.99,3.92,3.82,4.13,3.92,667.5,667.75,131275.0,-5.8,-1.35,3.5,0.0,-1.8457142857142856,3.8042857142857143,2.4028571428571426,1.3028571428571427,-3.954285714285714,-5.154285714285715,1.0971428571428574,-1.3028571428571427,1.1809726923018915
2022-11-19,63.953442944415215,64.24573770724498,63.115539219892106,63.52474594116211,2999700.0,0.3604006171226501,3.83,3.93,4.34,4.61,4.74,4.51,4.28,3.99,3.92,3.82,4.13,3.92,667.5,667.75,131275.0,-5.8,-1.35,3.5,0.0,-1.8457142857142856,3.8042857142857143,2.4028571428571426,1.3028571428571427,-3.954285714285714,-5.154285714285715,1.0971428571428574,-1.3028571428571427,1.1809726923018915
2022-11-20,63.953442944415215,64.24573770724498,63.115539219892106,63.52474594116211,2999700.0,0.3604006171226501,3.83,3.93,4.34,4.61,4.74,4.51,4.28,3.99,3.92,3.82,4.13,3.92,667.5,667.75,131275.0,-5.8,-1.35,3.5,0.0,-1.8457142857142856,3.8042857142857143,2.4028571428571426,1.3028571428571427,-3.954285714285714,-5.154285714285715,1.0971428571428574,-1.3028571428571427,1.1809726923018915
2022-11-21,63.32988868813179,64.03139018293868,62.404300980651136,63.476036071777344,3290300.0,1.0636540353298187,3.83,3.97,4.41,4.65,4.75,4.48,4.32,3.97,3.94,3.83,4.14,3.91,666.5,659.5,143717.0,-2.75,2.5,1.0,0.0,-2.9971428571428573,2.612857142857143,2.36,0.0571428571428571,0.2471428571428573,-0.1128571428571429,-1.36,-0.0571428571428571,0.4014629563506492
2022-11-22,64.23112989177706,64.6257226562037,63.70012744043921,64.39188385009766,1896700.0,-0.3853191137313843,3.83,3.97,4.4,4.68,4.79,4.47,4.27,3.93,3.86,3.76,4.05,3.83,659.5,656.75,107549.0,-3.85,5.85,0.75,0.0,-2.95,2.774285714285714,2.0285714285714285,0.2314285714285714,-0.8999999999999999,3.0757142857142856,-1.2785714285714285,-0.2314285714285714,0.6945124001972005
2022-11-23,64.29444993568185,64.60622755387155,63.64166670906042,64.10933685302734,1653700.0,0.5653062611818312,3.83,4.12,4.4,4.67,4.75,4.46,4.23,3.88,3.81,3.71,3.97,3.74,657.75,663.25,104569.0,-3.85,6.65,1.45,0.0,-3.065714285714286,2.47,2.3128571428571427,0.9485714285714286,-0.7842857142857143,4.18,-0.8628571428571428,-0.9485714285714286,0.7179181098949565
2022-11-24,64.29444993568185,64.60622755387155,63.64166670906042,64.10933685302734,1653700.0,0.5653062611818312,3.83,4.12,4.4,4.67,4.75,4.46,4.23,3.88,3.81,3.71,3.97,3.74,657.75,663.25,104569.0,-3.85,6.65,1.45,0.0,-3.065714285714286,2.47,2.3128571428571427,0.9485714285714286,-0.7842857142857143,4.18,-0.8628571428571428,-0.9485714285714286,0.7179181098949565
2022-11-25,64.30417922416893,64.62570190429688,63.92420057796787,64.62570190429688,704300.0,0.6698134690523145,3.83,4.16,4.41,4.67,4.76,4.42,4.2,3.85,3.78,3.68,3.97,3.74,661.25,668.0,71244.0,-3.0,6.95,1.3,0.0,-3.63,1.6114285714285714,2.047142857142857,0.0914285714285714,0.6299999999999999,5.338571428571429,-0.7471428571428571,-0.0914285714285714,0.6999921339338293
2022-11-26,64.30417922416893,64.62570190429688,63.92420057796787,64.62570190429688,704300.0,0.6698134690523145,3.83,4.16,4.41,4.67,4.76,4.42,4.2,3.85,3.78,3.68,3.97,3.74,661.25,668.0,71244.0,-3.0,6.95,1.3,0.0,-3.63,1.6114285714285714,2.047142857142857,0.0914285714285714,0.6299999999999999,5.338571428571429,-0.7471428571428571,-0.0914285714285714,0.6999921339338293
2022-11-27,64.30417922416893,64.62570190429688,63.92420057796787,64.62570190429688,704300.0,0.6698134690523145,3.83,4.16,4.41,4.67,4.76,4.42,4.2,3.85,3.78,3.68,3.97,3.74,661.25,668.0,71244.0,-3.0,6.95,1.3,0.0,-3.63,1.6114285714285714,2.047142857142857,0.0914285714285714,0.6299999999999999,5.338571428571429,-0.7471428571428571,-0.0914285714285714,0.6999921339338293
2022-11-28,64.02164571533622,64.05087370569987,62.988883744541326,63.261688232421875,2570200.0,0.6698134690523145,3.83,4.11,4.41,4.72,4.76,4.46,4.22,3.88,3.8,3.69,3.97,3.74,665.0,668.75,149233.0,-0.5,4.15,2.95,0.0,-4.102857142857142,1.882857142857143,2.0914285714285716,0.74,3.6028571428571423,2.2671428571428573,0.8585714285714285,-0.74,0.8058195021261796
2022-11-29,63.33962971289842,64.18727110289886,63.30065658423478,63.88523864746094,1736500.0,0.6535560451447963,3.83,4.08,4.38,4.72,4.78,4.48,4.24,3.92,3.85,3.75,4.02,3.81,667.5,665.75,110381.0,-3.85,0.0,3.45,2.65,-3.7071428571428577,1.56,2.2985714285714285,0.4871428571428571,-0.1428571428571423,-1.56,1.1514285714285717,2.162857142857143,0.6176010084177269
2022-11-30,64.05086719246607,65.46361519442276,63.13891979237635,65.43438720703125,5060000.0,2.9940508613362904,3.83,4.07,4.37,4.7,4.74,4.38,4.13,3.82,3.76,3.68,4.0,3.8,665.75,662.0,18198.0,-6.35,-2.45,3.0,0.0,-3.6628571428571424,1.052857142857143,2.355714285714286,0.6342857142857142,-2.6871428571428573,-3.502857142857143,0.6442857142857141,-0.6342857142857142,0.7558079764219102
2022-12-01,65.619502671779,65.68770378930846,64.14829864122747,64.54776763916016,1705900.0,1.0563646405935283,3.83,4.04,4.33,4.65,4.66,4.25,3.98,3.68,3.62,3.53,3.85,3.64,661.75,650.0,8565.0,-4.95,2.2,3.45,0.0,-3.7928571428571423,1.481428571428571,2.157142857142857,0.4257142857142857,-1.157142857142858,0.7185714285714291,1.2928571428571431,-0.4257142857142857,0.5456292876573011
2022-12-02,64.27496191115995,65.81436702911427,64.13855967877049,65.58052825927734,1865100.0,-0.0695605725049972,3.83,3.91,4.34,4.65,4.69,4.28,3.99,3.67,3.61,3.51,3.79,3.56,650.25,635.0,5678.0,-6.6,2.5,4.4,0.0,-4.277142857142858,1.3228571428571427,2.16,0.1542857142857142,-2.322857142857142,1.1771428571428573,2.24,-0.1542857142857142,0.9238100072168952
2022-12-03,64.27496191115995,65.81436702911427,64.13855967877049,65.58052825927734,1865100.0,-0.0695605725049972,3.83,3.91,4.34,4.65,4.69,4.28,3.99,3.67,3.61,3.51,3.79,3.56,650.25,635.0,5678.0,-6.6,2.5,4.4,0.0,-4.277142857142858,1.3228571428571427,2.16,0.1542857142857142,-2.322857142857142,1.1771428571428573,2.24,-0.1542857142857142,0.9238100072168952
2022-12-04,64.27496191115995,65.81436702911427,64.13855967877049,65.58052825927734,1865100.0,-0.0695605725049972,3.83,3.91,4.34,4.65,4.69,4.28,3.99,3.67,3.61,3.51,3.79,3.56,650.25,635.0,5678.0,-6.6,2.5,4.4,0.0,-4.277142857142858,1.3228571428571427,2.16,0.1542857142857142,-2.322857142857142,1.1771428571428573,2.24,-0.1542857142857142,0.9238100072168952
2022-12-05,65.23951927171774,65.38566663689346,62.38480281429204,62.70632553100586,2573200.0,0.3342172279953955,3.83,3.93,4.36,4.73,4.77,4.41,4.13,3.8,3.72,3.6,3.84,3.62,635.5,628.75,762.0,-3.85,0.85,2.05,0.0,-5.005714285714285,0.1971428571428572,2.3414285714285716,0.0428571428571428,1.1557142857142852,0.6528571428571428,-0.2914285714285718,-0.0428571428571428,0.2415800175786824
2022-12-06,62.84272813894127,63.71960490197135,61.54689955765035,62.02431106567383,2674200.0,-0.0532147549092769,3.83,3.87,4.37,4.74,4.73,4.34,4.07,3.73,3.64,3.51,3.77,3.52,630.75,625.5,512.0,-5.25,1.4,1.1,0.0,-5.267142857142857,-0.0357142857142857,2.0228571428571427,0.0699999999999999,0.0171428571428569,1.4357142857142855,-0.9228571428571426,-0.0699999999999999,0.3714292427990497
2022-12-07,62.03405075997887,62.67709617939957,61.576129544654464,62.12173843383789,2747600.0,0.4175957832485437,3.83,3.79,4.29,4.72,4.67,4.26,3.97,3.62,3.54,3.42,3.66,3.42,626.5,627.75,662.0,-5.25,-1.9,1.85,0.0,-4.83,0.2628571428571429,1.79,0.0742857142857142,-0.4199999999999999,-2.162857142857143,0.06,-0.0742857142857142,0.2366145350269438
2022-12-08,62.647873239409144,62.95965083453399,61.85868411111569,62.10226058959961,1892300.0,1.3644400313496587,3.83,3.75,4.28,4.71,4.71,4.31,4.04,3.71,3.63,3.48,3.71,3.44,628.0,632.0,425.0,-5.8,0.55,1.35,8.75,-4.975714285714286,0.3057142857142857,2.0085714285714285,0.5257142857142857,-0.8242857142857138,0.2442857142857143,-0.6585714285714284,8.224285714285715,0.9137844718226952
2022-12-09,61.897650972657594,62.355575922677986,61.020777916254104,61.37152862548828,2078700.0,0.6516694277524948,3.83,3.81,4.31,4.72,4.72,4.33,4.07,3.75,3.69,3.57,3.82,3.56,631.5,634.75,453.0,-0.5,0.3,1.8,0.5,-4.8271428571428565,0.47,2.2114285714285717,0.2871428571428571,4.3271428571428565,-0.1699999999999999,-0.4114285714285717,0.2128571428571429,0.5412596502976054
2022-12-10,61.897650972657594,62.355575922677986,61.020777916254104,61.37152862548828,2078700.0,0.6516694277524948,3.83,3.81,4.31,4.72,4.72,4.33,4.07,3.75,3.69,3.57,3.82,3.56,631.5,634.75,453.0,-0.5,0.3,1.8,0.5,-4.8271428571428565,0.47,2.2114285714285717,0.2871428571428571,4.3271428571428565,-0.1699999999999999,-0.4114285714285717,0.2128571428571429,0.5412596502976054
2022-12-11,61.897650972657594,62.355575922677986,61.020777916254104,61.37152862548828,2078700.0,0.6516694277524948,3.83,3.81,4.31,4.72,4.72,4.33,4.07,3.75,3.69,3.57,3.82,3.56,631.5,634.75,453.0,-0.5,0.3,1.8,0.5,-4.8271428571428565,0.47,2.2114285714285717,0.2871428571428571,4.3271428571428565,-0.1699999999999999,-0.4114285714285717,0.2128571428571429,0.5412596502976054
2022-12-12,61.38127044298623,61.65407490006127,60.036727287849864,60.68951416015625,3637200.0,-0.3207387179136277,3.83,3.86,4.38,4.78,4.75,4.39,4.1,3.8,3.73,3.61,3.84,3.57,634.5,641.25,263.0,-1.35,0.3,4.05,2.4,-4.7942857142857145,0.2071428571428571,2.0628571428571427,0.1457142857142857,3.4442857142857144,0.0928571428571428,1.987142857142857,2.254285714285714,1.0352236010128515
2022-12-13,61.59561675262112,61.99020943077944,60.76745455379217,61.030517578125,2384600.0,-0.0745192915201187,3.83,3.89,4.35,4.7,4.64,4.22,3.96,3.66,3.6,3.51,3.74,3.53,642.5,643.75,184.0,0.0,1.4,4.2,10.15,-4.609999999999999,0.6657142857142856,2.1757142857142857,0.4728571428571428,4.609999999999999,0.7342857142857143,2.0242857142857145,9.677142857142858,1.7836771775280225
2022-12-14,61.11821523957555,61.40563744368746,59.82239018577158,60.11468124389648,2956500.0,0.0670656291767955,3.83,3.91,4.33,4.68,4.64,4.23,3.94,3.64,3.59,3.49,3.74,3.52,644.25,639.0,92295.0,-3.55,1.1,1.85,1.0,-4.34,0.4599999999999999,2.337142857142857,0.5514285714285715,0.79,0.6400000000000001,-0.4871428571428571,0.4485714285714285,0.2908286652491807
2022-12-15,59.42292011184518,59.78341226409608,58.38040935080453,58.68244552612305,3922600.0,0.0812749750912188,4.33,3.95,4.34,4.7,4.65,4.23,3.96,3.62,3.56,3.44,3.69,3.48,650.25,653.5,93735.0,-3.55,-0.25,4.65,3.05,-4.467142857142857,-0.0185714285714286,2.4028571428571426,1.0885714285714283,0.9171428571428571,-0.2314285714285714,2.2471428571428578,1.9614285714285715,0.859574890615461
2022-12-16,58.209902739363585,58.53629802811936,57.484045912160624,58.24400329589844,9735200.0,0.584193371236324,4.33,3.94,4.31,4.68,4.61,4.17,3.91,3.61,3.58,3.48,3.73,3.53,653.5,653.0,66395.0,-4.65,-3.0,4.8,0.9,-5.111428571428571,-0.0542857142857143,2.3,0.3257142857142857,0.4614285714285708,-2.9457142857142857,2.5,0.5742857142857143,0.9978512332633692
2022-12-17,58.209902739363585,58.53629802811936,57.484045912160624,58.24400329589844,9735200.0,0.584193371236324,4.33,3.94,4.31,4.68,4.61,4.17,3.91,3.61,3.58,3.48,3.73,3.53,653.5,653.0,66395.0,-4.65,-3.0,4.8,0.9,-5.111428571428571,-0.0542857142857143,2.3,0.3257142857142857,0.4614285714285708,-2.9457142857142857,2.5,0.5742857142857143,0.9978512332633692
2022-12-18,58.209902739363585,58.53629802811936,57.484045912160624,58.24400329589844,9735200.0,0.584193371236324,4.33,3.94,4.31,4.68,4.61,4.17,3.91,3.61,3.58,3.48,3.73,3.53,653.5,653.0,66395.0,-4.65,-3.0,4.8,0.9,-5.111428571428571,-0.0542857142857143,2.3,0.3257142857142857,0.4614285714285708,-2.9457142857142857,2.5,0.5742857142857143,0.9978512332633692
2022-12-19,58.487585137163784,58.74090676614687,56.52435923761502,56.80203628540039,3379000.0,0.8675387054681778,4.33,3.95,4.37,4.71,4.64,4.25,3.99,3.7,3.67,3.57,3.82,3.62,650.5,647.25,83168.0,-9.1,-5.5,2.1,0.0,-6.1,-0.7628571428571428,2.315714285714286,0.08,-3.0,-4.7371428571428575,-0.2157142857142857,-0.08,0.7269128941891531
2022-12-20,57.04560886653971,57.88351252294227,56.81177753530485,57.37687301635742,2645200.0,0.0795009955763817,4.33,3.89,4.35,4.7,4.64,4.25,4.03,3.79,3.78,3.69,3.94,3.74,647.75,652.0,91464.0,-10.5,-8.3,1.55,0.0,-5.498571428571428,-0.84,2.2728571428571427,0.2442857142857142,-5.001428571428572,-7.460000000000001,-0.7228571428571426,-0.2442857142857142,1.2824142301545367
2022-12-21,57.57173409784182,58.36092319179302,56.918947231236814,57.8640251159668,2429000.0,0.117634281516075,4.33,3.9,4.33,4.67,4.6,4.21,4.0,3.78,3.77,3.68,3.93,3.74,651.5,662.25,125592.0,-11.05,-7.75,2.85,1.9,-5.752857142857143,-1.0842857142857143,2.474285714285714,0.4899999999999999,-5.297142857142858,-6.6657142857142855,0.3757142857142859,1.41,1.2428841003019713
2022-12-22,57.70813474932687,57.71787988911802,56.47076588026127,57.38661575317383,2305700.0,0.2698401063680649,4.33,3.8,4.35,4.66,4.64,4.24,4.02,3.79,3.77,3.67,3.91,3.73,662.0,660.5,79924.0,-13.85,-11.05,5.65,0.0,-5.854285714285714,-1.2442857142857144,2.1142857142857143,0.1485714285714285,-7.995714285714285,-9.805714285714286,3.535714285714286,-0.1485714285714285,2.4976198574592297
2022-12-23,57.396361225088825,58.10273152582004,57.30867354419207,57.854286193847656,1136400.0,0.3578613018617032,4.33,3.8,4.34,4.67,4.66,4.31,4.09,3.86,3.83,3.75,3.99,3.82,659.5,666.25,94496.0,-11.9,-10.25,5.8,0.0,-6.398571428571429,-1.6214285714285714,2.351428571428571,0.3842857142857143,-5.501428571428572,-8.628571428571428,3.448571428571429,-0.3842857142857143,2.166067762727892
2022-12-24,57.396361225088825,58.10273152582004,57.30867354419207,57.854286193847656,1136400.0,0.3578613018617032,4.33,3.8,4.34,4.67,4.66,4.31,4.09,3.86,3.83,3.75,3.99,3.82,659.5,666.25,94496.0,-11.9,-10.25,5.8,0.0,-6.398571428571429,-1.6214285714285714,2.351428571428571,0.3842857142857143,-5.501428571428572,-8.628571428571428,3.448571428571429,-0.3842857142857143,2.166067762727892
2022-12-25,57.396361225088825,58.10273152582004,57.30867354419207,57.854286193847656,1136400.0,0.3578613018617032,4.33,3.8,4.34,4.67,4.66,4.31,4.09,3.86,3.83,3.75,3.99,3.82,659.5,666.25,94496.0,-11.9,-10.25,5.8,0.0,-6.398571428571429,-1.6214285714285714,2.351428571428571,0.3842857142857143,-5.501428571428572,-8.628571428571428,3.448571428571429,-0.3842857142857143,2.166067762727892
2022-12-26,57.396361225088825,58.10273152582004,57.30867354419207,57.854286193847656,1136400.0,0.3578613018617032,4.33,3.8,4.34,4.67,4.66,4.31,4.09,3.86,3.83,3.75,3.99,3.82,659.5,666.25,94496.0,-11.9,-10.25,5.8,0.0,-6.398571428571429,-1.6214285714285714,2.351428571428571,0.3842857142857143,-5.501428571428572,-8.628571428571428,3.448571428571429,-0.3842857142857143,2.166067762727892
2022-12-27,58.097860733726975,58.48758085617833,57.73736488168994,58.224517822265625,1683900.0,-0.3637295663356781,4.33,3.87,4.46,4.76,4.75,4.32,4.17,3.94,3.93,3.84,4.1,3.93,669.0,674.75,123172.0,-4.95,0.85,3.5,0.0,-5.308571428571429,-0.4128571428571428,2.005714285714286,0.3485714285714285,0.3585714285714285,1.262857142857143,1.4942857142857142,-0.3485714285714285,0.5640254707831368
2022-12-28,58.22451718742214,58.39015111808653,56.97740686248433,57.12355422973633,1656800.0,-0.2303833663463593,4.33,3.86,4.46,4.75,4.71,4.31,4.18,3.97,3.97,3.88,4.13,3.98,673.25,682.75,122193.0,0.3,1.95,1.7,0.0,-5.527142857142857,-0.1714285714285714,2.2114285714285717,0.4028571428571428,5.8271428571428565,2.121428571428571,-0.5114285714285718,-0.4028571428571428,0.880380057499686
2022-12-29,57.23073012804377,58.09298921309935,57.23073012804377,57.464561462402344,1548200.0,-0.0958157144486903,4.33,4.04,4.45,4.73,4.71,4.34,4.16,3.94,3.91,3.83,4.09,3.92,681.75,679.5,104937.0,-3.85,1.65,1.95,2.65,-5.731428571428571,-1.4685714285714286,2.2314285714285713,0.8928571428571429,1.8814285714285712,3.1185714285714283,-0.2814285714285713,1.7571428571428571,0.6401291869191392
2022-12-30,57.250216346252685,57.64968163959447,56.831268204468905,57.26970291137695,1858200.0,-0.1513913962990046,4.33,4.12,4.42,4.76,4.73,4.41,4.22,3.99,3.96,3.88,4.14,3.97,679.5,678.5,90321.0,-4.1,-0.25,1.5,0.0,-6.2,-1.3342857142857143,2.2985714285714285,0.7571428571428571,2.1000000000000005,1.0842857142857143,-0.7985714285714285,-0.7571428571428571,0.5558020382125821
2022-12-31,57.250216346252685,57.64968163959447,56.831268204468905,57.26970291137695,1858200.0,-0.1513913962990046,4.33,4.12,4.42,4.76,4.73,4.41,4.22,3.99,3.96,3.88,4.14,3.97,679.5,678.5,90321.0,-4.1,-0.25,1.5,0.0,-6.2,-1.3342857142857143,2.2985714285714285,0.7571428571428571,2.1000000000000005,1.0842857142857143,-0.7985714285714285,-0.7571428571428571,0.5558020382125821
2023-01-01,57.250216346252685,57.64968163959447,56.831268204468905,57.26970291137695,1858200.0,-0.1513913962990046,4.33,4.12,4.42,4.76,4.73,4.41,4.22,3.99,3.96,3.88,4.14,3.97,679.5,678.5,90321.0,-4.1,-0.25,1.5,0.0,-6.2,-1.3342857142857143,2.2985714285714285,0.7571428571428571,2.1000000000000005,1.0842857142857143,-0.7985714285714285,-0.7571428571428571,0.5558020382125821
2023-01-02,57.250216346252685,57.64968163959447,56.831268204468905,57.26970291137695,1858200.0,-0.1513913962990046,4.33,4.12,4.42,4.76,4.73,4.41,4.22,3.99,3.96,3.88,4.14,3.97,679.5,678.5,90321.0,-4.1,-0.25,1.5,0.0,-6.2,-1.3342857142857143,2.2985714285714285,0.7571428571428571,2.1000000000000005,1.0842857142857143,-0.7985714285714285,-0.7571428571428571,0.5558020382125821
2023-01-03,57.22098205053854,57.60096073687831,56.80203023824549,57.41584396362305,2351100.0,-0.378537118434906,4.33,4.17,4.53,4.77,4.72,4.4,4.18,3.94,3.89,3.79,4.06,3.88,677.25,670.5,155538.0,-3.0,-1.35,3.95,8.15,-6.651428571428572,-1.4028571428571428,2.4228571428571426,0.2928571428571428,3.651428571428572,0.0528571428571427,1.5271428571428576,7.857142857142858,1.3643225441224838
2023-01-04,57.72762540042659,58.26349290975236,57.2112444553813,58.15631866455078,3428600.0,0.4529497474431991,4.33,4.2,4.55,4.77,4.71,4.36,4.11,3.85,3.79,3.69,3.97,3.81,670.75,653.75,175762.0,-2.75,-1.35,2.9,0.75,-7.15,-1.8785714285714288,2.1514285714285712,0.1785714285714285,4.4,0.5285714285714287,0.7485714285714287,0.5714285714285715,0.6955736296673588
2023-01-05,57.70813465553154,58.15631445146822,57.38661565990108,57.52301788330078,3314700.0,-0.9337496310472488,4.33,4.3,4.66,4.81,4.78,4.45,4.18,3.9,3.82,3.71,3.96,3.78,654.5,652.75,138833.0,-8.3,-2.15,1.6,0.25,-6.574285714285714,-1.882857142857143,2.3657142857142857,0.23,-1.7257142857142869,-0.2671428571428569,-0.7657142857142856,0.0199999999999999,0.3884629033492475
2023-01-06,58.23426463989927,59.56906269485552,58.05888927890565,59.44240188598633,2867000.0,0.0914172902703285,4.33,4.32,4.67,4.79,4.71,4.24,3.96,3.69,3.63,3.55,3.84,3.67,653.75,654.0,114158.0,-9.95,-4.65,0.6,0.0,-6.7628571428571425,-2.0771428571428574,2.1114285714285717,0.32,-3.187142857142857,-2.572857142857143,-1.5114285714285716,-0.32,0.9346727913701358
2023-01-07,58.23426463989927,59.56906269485552,58.05888927890565,59.44240188598633,2867000.0,0.0914172902703285,4.33,4.32,4.67,4.79,4.71,4.24,3.96,3.69,3.63,3.55,3.84,3.67,653.75,654.0,114158.0,-9.95,-4.65,0.6,0.0,-6.7628571428571425,-2.0771428571428574,2.1114285714285717,0.32,-3.187142857142857,-2.572857142857143,-1.5114285714285716,-0.32,0.9346727913701358
2023-01-08,58.23426463989927,59.56906269485552,58.05888927890565,59.44240188598633,2867000.0,0.0914172902703285,4.33,4.32,4.67,4.79,4.71,4.24,3.96,3.69,3.63,3.55,3.84,3.67,653.75,654.0,114158.0,-9.95,-4.65,0.6,0.0,-6.7628571428571425,-2.0771428571428574,2.1114285714285717,0.32,-3.187142857142857,-2.572857142857143,-1.5114285714285716,-0.32,0.9346727913701358
2023-01-09,59.62752838756276,60.36313046371409,59.1890899409599,59.53984069824219,2243100.0,0.2274626940488815,4.33,4.37,4.7,4.83,4.69,4.19,3.93,3.66,3.6,3.53,3.83,3.66,655.5,652.75,112236.0,-8.0,-0.5,1.0,0.0,-6.558571428571429,-1.2671428571428571,2.5014285714285713,0.1571428571428571,-1.4414285714285713,0.7671428571428571,-1.5014285714285711,-0.1571428571428571,0.6109284342086029
2023-01-10,59.84186457840609,60.20236042527499,58.93576354127276,60.163387298583984,1736300.0,0.4876681193709373,4.33,4.41,4.73,4.85,4.74,4.24,3.94,3.72,3.67,3.61,3.91,3.74,651.75,655.0,181158.0,-6.35,-0.5,0.9,0.0,-6.08,-0.9942857142857142,2.317142857142857,0.2242857142857142,-0.2699999999999996,0.4942857142857142,-1.4171428571428573,-0.2242857142857142,0.4629510882553259
2023-01-11,61.20589716670294,61.332557976083336,60.06108846208896,60.48491287231445,2807600.0,0.4448770731687546,4.33,4.42,4.72,4.84,4.73,4.2,3.9,3.66,3.61,3.54,3.84,3.67,654.5,656.0,110880.0,-3.3,-1.05,2.0,0.0,-6.1814285714285715,-1.2057142857142855,2.351428571428571,0.2142857142857143,2.8814285714285717,0.1557142857142854,-0.351428571428571,-0.2142857142857143,0.3903194334415191
2023-01-12,60.50439865494269,61.236105612692505,60.12441992505099,60.972068786621094,2888500.0,0.632919557392597,4.33,4.57,4.66,4.76,4.66,4.12,3.79,3.53,3.48,3.43,3.73,3.56,656.0,671.0,242526.0,-4.95,-2.15,3.35,0.0,-6.71,-2.0185714285714287,2.4099999999999997,0.1742857142857142,1.7599999999999998,-0.1314285714285712,0.9400000000000004,-0.1742857142857142,0.4393949224081083
2023-01-13,60.96231211955349,61.3910053230765,60.285169902428414,61.10845947265625,2066300.0,-0.3498763367533683,4.33,4.58,4.67,4.77,4.69,4.22,3.88,3.6,3.55,3.49,3.79,3.61,670.75,675.0,158823.0,-7.75,-3.0,1.15,0.0,-7.075714285714286,-1.85,2.0628571428571427,0.2814285714285714,-0.6742857142857144,-1.15,-0.9128571428571428,-0.2814285714285714,0.4228044187262733
2023-01-14,60.96231211955349,61.3910053230765,60.285169902428414,61.10845947265625,2066300.0,-0.3498763367533683,4.33,4.58,4.67,4.77,4.69,4.22,3.88,3.6,3.55,3.49,3.79,3.61,670.75,675.0,158823.0,-7.75,-3.0,1.15,0.0,-7.075714285714286,-1.85,2.0628571428571427,0.2814285714285714,-0.6742857142857144,-1.15,-0.9128571428571428,-0.2814285714285714,0.4228044187262733
2023-01-15,60.96231211955349,61.3910053230765,60.285169902428414,61.10845947265625,2066300.0,-0.3498763367533683,4.33,4.58,4.67,4.77,4.69,4.22,3.88,3.6,3.55,3.49,3.79,3.61,670.75,675.0,158823.0,-7.75,-3.0,1.15,0.0,-7.075714285714286,-1.85,2.0628571428571427,0.2814285714285714,-0.6742857142857144,-1.15,-0.9128571428571428,-0.2814285714285714,0.4228044187262733
2023-01-16,60.96231211955349,61.3910053230765,60.285169902428414,61.10845947265625,2066300.0,-0.3498763367533683,4.33,4.58,4.67,4.77,4.69,4.22,3.88,3.6,3.55,3.49,3.79,3.61,670.75,675.0,158823.0,-7.75,-3.0,1.15,0.0,-7.075714285714286,-1.85,2.0628571428571427,0.2814285714285714,-0.6742857142857144,-1.15,-0.9128571428571428,-0.2814285714285714,0.4228044187262733
2023-01-17,61.162055315396834,61.91226759944565,61.040267075992766,61.08898162841797,3163500.0,0.8905293345451353,4.33,4.6,4.71,4.82,4.67,4.18,3.86,3.6,3.57,3.53,3.81,3.64,671.5,685.25,179918.0,-3.3,-0.8,2.35,0.0,-7.140000000000001,-1.792857142857143,2.36,0.4228571428571429,3.8400000000000007,0.9928571428571428,-0.0099999999999997,-0.4228571428571429,0.4717229747550561
2023-01-18,61.32280780985094,61.43972718585775,59.83212107424123,59.92955017089844,2621500.0,0.2558351596817373,4.33,4.59,4.69,4.79,4.63,4.06,3.72,3.43,3.4,3.37,3.65,3.54,684.25,681.25,175374.0,-3.0,-1.6,2.6,3.55,-7.1414285714285715,-1.2,2.49,0.3314285714285714,4.1414285714285715,-0.4000000000000001,0.1099999999999998,3.2185714285714284,0.6961166390835323
2023-01-19,60.0367216697138,60.7577095888201,59.578800476286766,60.621307373046875,3085700.0,-0.0044165551662445,4.33,4.69,4.71,4.79,4.65,4.09,3.76,3.48,3.43,3.39,3.69,3.57,680.0,677.25,149959.0,-2.75,-1.05,3.4,1.0,-6.774285714285714,-1.8857142857142857,2.1414285714285715,0.3157142857142857,4.024285714285714,0.8357142857142856,1.2585714285714285,0.6842857142857143,0.831433352864704
2023-01-20,60.79669026096584,61.371530896441335,60.065960828582504,60.75771713256836,2570800.0,0.2872092984616757,4.33,4.69,4.72,4.8,4.68,4.14,3.83,3.56,3.51,3.48,3.77,3.66,675.5,676.25,134978.0,-4.4,-1.35,1.0,0.0,-6.951428571428572,-2.144285714285714,2.0,0.4942857142857143,2.5514285714285716,0.794285714285714,-1.0,-0.4942857142857143,0.6075689044145974
2023-01-21,60.79669026096584,61.371530896441335,60.065960828582504,60.75771713256836,2570800.0,0.2872092984616757,4.33,4.69,4.72,4.8,4.68,4.14,3.83,3.56,3.51,3.48,3.77,3.66,675.5,676.25,134978.0,-4.4,-1.35,1.0,0.0,-6.951428571428572,-2.144285714285714,2.0,0.4942857142857143,2.5514285714285716,0.794285714285714,-1.0,-0.4942857142857143,0.6075689044145974
2023-01-22,60.79669026096584,61.371530896441335,60.065960828582504,60.75771713256836,2570800.0,0.2872092984616757,4.33,4.69,4.72,4.8,4.68,4.14,3.83,3.56,3.51,3.48,3.77,3.66,675.5,676.25,134978.0,-4.4,-1.35,1.0,0.0,-6.951428571428572,-2.144285714285714,2.0,0.4942857142857143,2.5514285714285716,0.794285714285714,-1.0,-0.4942857142857143,0.6075689044145974
2023-01-23,60.71874266935605,60.8648900392927,59.98314068292367,60.30953598022461,2754300.0,-0.1909393593668937,4.33,4.69,4.73,4.82,4.7,4.21,3.88,3.61,3.56,3.52,3.8,3.69,674.0,666.25,184766.0,-8.55,0.85,1.1,0.0,-6.347142857142857,-1.3857142857142857,2.355714285714286,0.2414285714285714,-2.2028571428571437,2.2357142857142858,-1.2557142857142858,-0.2414285714285714,0.7414279488120953
2023-01-24,60.4849100808429,60.94283131154546,59.627519876170425,60.90385818481445,2169400.0,1.600722029805183,4.33,4.7,4.72,4.84,4.7,4.12,3.86,3.58,3.52,3.46,3.73,3.62,667.0,677.0,165294.0,-6.9,-0.25,0.8,0.0,-6.485714285714286,-1.3014285714285714,2.192857142857143,0.3014285714285714,-0.4142857142857146,1.0514285714285714,-1.392857142857143,-0.3014285714285714,0.5210979512130354
2023-01-25,60.29979357845792,61.52742113496782,59.84186860076335,61.5079345703125,2149800.0,-0.5879252552986145,4.33,4.67,4.72,4.79,4.67,4.11,3.84,3.54,3.51,3.46,3.74,3.62,676.75,674.75,126030.0,-8.3,-0.5,3.35,0.0,-6.274285714285714,-1.5157142857142856,2.367142857142857,0.2928571428571428,-2.0257142857142867,1.0157142857142856,0.9828571428571432,-0.2928571428571428,0.5566247906516237
2023-01-26,61.86842672473047,62.009701530969906,60.962321910010075,61.5079345703125,3726500.0,-0.2957532585132868,4.33,4.61,4.71,4.79,4.68,4.17,3.88,3.58,3.54,3.49,3.75,3.62,674.0,682.5,146553.0,-7.45,0.55,2.3,0.65,-6.19,-0.3042857142857142,2.424285714285714,0.2071428571428571,-1.2599999999999998,0.8542857142857143,-0.1242857142857141,0.4428571428571429,0.2539264578874125
2023-01-27,61.186411404600435,62.43839437074364,61.069495734160725,62.18994903564453,3738500.0,-0.1451228484511375,4.33,4.61,4.73,4.81,4.68,4.19,3.9,3.62,3.58,3.52,3.77,3.64,681.75,683.0,141239.0,-5.25,1.95,3.3,0.0,-5.967142857142857,-0.6257142857142857,2.3214285714285716,0.3014285714285714,0.7171428571428571,2.5757142857142856,0.9785714285714282,-0.3014285714285714,0.5618852483311211
2023-01-28,61.186411404600435,62.43839437074364,61.069495734160725,62.18994903564453,3738500.0,-0.1451228484511375,4.33,4.61,4.73,4.81,4.68,4.19,3.9,3.62,3.58,3.52,3.77,3.64,681.75,683.0,141239.0,-5.25,1.95,3.3,0.0,-5.967142857142857,-0.6257142857142857,2.3214285714285716,0.3014285714285714,0.7171428571428571,2.5757142857142856,0.9785714285714282,-0.3014285714285714,0.5618852483311211
2023-01-29,61.186411404600435,62.43839437074364,61.069495734160725,62.18994903564453,3738500.0,-0.1451228484511375,4.33,4.61,4.73,4.81,4.68,4.19,3.9,3.62,3.58,3.52,3.77,3.64,681.75,683.0,141239.0,-5.25,1.95,3.3,0.0,-5.967142857142857,-0.6257142857142857,2.3214285714285716,0.3014285714285714,0.7171428571428571,2.5757142857142856,0.9785714285714282,-0.3014285714285714,0.5618852483311211
2023-01-30,61.65894947719589,62.31660522429887,60.59208331447814,60.92334747314453,2869300.0,0.0111651122570037,4.33,4.6,4.72,4.82,4.71,4.25,3.96,3.68,3.62,3.55,3.79,3.66,685.0,683.75,127942.0,-12.15,-8.3,1.5,0.0,-6.594285714285714,-1.5514285714285716,2.0,0.1828571428571428,-5.555714285714286,-6.748571428571429,-0.5,-0.1828571428571428,1.211272270356936
2023-01-31,61.00129093487264,62.81350044237961,60.87463013147648,62.79401016235352,3797200.0,0.531491296365857,4.33,4.58,4.7,4.8,4.68,4.21,3.9,3.63,3.59,3.52,3.78,3.65,683.5,679.75,161229.0,-12.45,-6.6,1.2,0.0,-5.5,-0.5585714285714286,2.017142857142857,0.3114285714285714,-6.949999999999999,-6.041428571428571,-0.817142857142857,-0.3114285714285714,1.3779319004700192
2023-02-01,62.365321052254,63.53448512726174,62.25814681148584,62.823246002197266,4132900.0,0.5553250187076626,4.33,4.59,4.66,4.79,4.66,4.09,3.75,3.48,3.43,3.39,3.67,3.55,679.25,681.0,144367.0,-11.9,-3.3,0.45,0.0,-6.135714285714286,-0.7057142857142857,2.017142857142857,0.1928571428571428,-5.764285714285714,-2.5942857142857143,-1.567142857142857,-0.1928571428571428,1.1799511002590852
2023-02-02,60.738231325228206,61.36178652062963,59.49112093442536,60.40696716308594,9167000.0,-0.1524640303105116,4.58,4.62,4.66,4.76,4.64,4.09,3.75,3.49,3.44,3.4,3.67,3.55,681.0,675.25,149905.0,-10.5,-3.3,2.2,0.0,-6.098571428571428,-0.6985714285714285,2.12,0.1585714285714285,-4.401428571428572,-2.601428571428571,0.08,-0.1585714285714285,0.6526568950546373
2023-02-03,59.53009120240709,60.299793783844095,59.53009120240709,59.91981506347656,4689600.0,0.9949526265263556,4.58,4.61,4.7,4.82,4.79,4.3,3.96,3.67,3.61,3.53,3.77,3.63,674.25,677.5,124847.0,-9.65,-3.55,2.85,0.0,-6.41,-0.9385714285714286,2.3657142857142857,0.2985714285714286,-3.24,-2.611428571428571,0.4842857142857144,-0.2985714285714286,0.6653916509056811
2023-02-04,59.53009120240709,60.299793783844095,59.53009120240709,59.91981506347656,4689600.0,0.9949526265263556,4.58,4.61,4.7,4.82,4.79,4.3,3.96,3.67,3.61,3.53,3.77,3.63,674.25,677.5,124847.0,-9.65,-3.55,2.85,0.0,-6.41,-0.9385714285714286,2.3657142857142857,0.2985714285714286,-3.24,-2.611428571428571,0.4842857142857144,-0.2985714285714286,0.6653916509056811
2023-02-05,59.53009120240709,60.299793783844095,59.53009120240709,59.91981506347656,4689600.0,0.9949526265263556,4.58,4.61,4.7,4.82,4.79,4.3,3.96,3.67,3.61,3.53,3.77,3.63,674.25,677.5,124847.0,-9.65,-3.55,2.85,0.0,-6.41,-0.9385714285714286,2.3657142857142857,0.2985714285714286,-3.24,-2.611428571428571,0.4842857142857144,-0.2985714285714286,0.6653916509056811
2023-02-06,59.67136820058944,59.82238815355829,58.692193374968475,59.14037322998047,4277400.0,0.3470735698938368,4.58,4.61,4.71,4.89,4.85,4.44,4.1,3.81,3.73,3.63,3.82,3.67,677.25,679.0,123611.0,-2.45,1.95,2.45,0.0,-5.501428571428572,0.0114285714285713,1.9471428571428573,0.1285714285714285,3.0514285714285716,1.9385714285714288,0.5028571428571429,-0.1285714285714285,0.5849683412806719
2023-02-07,59.01370230468993,59.37419441182736,58.30245951312399,59.15010452270508,4114400.0,-0.1382184185786175,4.58,4.62,4.71,4.89,4.88,4.47,4.11,3.85,3.78,3.67,3.87,3.72,677.0,674.0,149454.0,-3.0,1.95,1.8,0.0,-6.121428571428571,-0.58,2.277142857142857,0.1885714285714285,3.121428571428571,2.53,-0.4771428571428571,-0.1885714285714285,0.6373090848280121
2023-02-08,58.93089332166041,60.43619416248895,58.88704762321382,60.2900505065918,4131400.0,-0.1356167867779733,4.58,4.64,4.72,4.88,4.87,4.45,4.08,3.82,3.75,3.63,3.86,3.7,673.75,678.5,223791.0,-4.4,2.5,1.35,0.0,-6.587142857142857,-0.7157142857142856,2.032857142857143,0.2628571428571428,2.187142857142857,3.2157142857142857,-0.6828571428571428,-0.2628571428571428,0.6675960443491312
2023-02-09,61.85381715367323,62.15098078172368,60.6602900707886,60.991554260253906,4260000.0,0.757872626185417,4.57,4.66,4.77,4.9,4.88,4.48,4.15,3.87,3.79,3.67,3.9,3.75,678.25,670.75,214275.0,-5.25,0.3,3.8,0.0,-5.844285714285714,-0.8214285714285714,2.4985714285714287,0.1614285714285714,0.5942857142857143,1.1214285714285714,1.3014285714285712,-0.1614285714285714,0.5080015987844555
2023-02-10,61.244866434721395,63.31039751641021,61.244866434721395,62.813499450683594,4935500.0,-0.0670245215296745,4.58,4.66,4.79,4.89,4.89,4.5,4.19,3.93,3.86,3.74,3.96,3.83,670.75,680.5,226648.0,-7.45,0.0,2.05,0.0,-6.738571428571428,-0.7985714285714286,2.487142857142857,0.3671428571428571,-0.7114285714285717,0.7985714285714286,-0.4371428571428573,-0.3671428571428571,0.276687207673218
2023-02-11,61.244866434721395,63.31039751641021,61.244866434721395,62.813499450683594,4935500.0,-0.0670245215296745,4.58,4.66,4.79,4.89,4.89,4.5,4.19,3.93,3.86,3.74,3.96,3.83,670.75,680.5,226648.0,-7.45,0.0,2.05,0.0,-6.738571428571428,-0.7985714285714286,2.487142857142857,0.3671428571428571,-0.7114285714285717,0.7985714285714286,-0.4371428571428573,-0.3671428571428571,0.276687207673218
2023-02-12,61.244866434721395,63.31039751641021,61.244866434721395,62.813499450683594,4935500.0,-0.0670245215296745,4.58,4.66,4.79,4.89,4.89,4.5,4.19,3.93,3.86,3.74,3.96,3.83,670.75,680.5,226648.0,-7.45,0.0,2.05,0.0,-6.738571428571428,-0.7985714285714286,2.487142857142857,0.3671428571428571,-0.7114285714285717,0.7985714285714286,-0.4371428571428573,-0.3671428571428571,0.276687207673218
2023-02-13,62.423779012998466,62.5806452964582,60.709002256170855,60.864891052246094,3864300.0,0.6842123568058014,4.58,4.66,4.81,4.99,4.91,4.52,4.22,3.93,3.84,3.72,3.92,3.79,680.0,685.0,193009.0,-4.65,3.35,1.8,0.0,-5.777142857142857,-0.2042857142857143,2.2471428571428573,0.4771428571428571,1.1271428571428563,3.5542857142857143,-0.4471428571428573,-0.4771428571428571,0.5504743676715274
2023-02-14,60.44593801121647,61.17666742513345,60.03672760674832,60.58234024047851,2741500.0,0.5708024054765701,4.58,4.63,4.8,4.98,4.99,4.6,4.32,4.0,3.9,3.77,3.94,3.81,684.0,682.25,137226.0,0.0,3.05,2.75,7.75,-5.984285714285714,-0.4971428571428571,2.5114285714285716,0.68,5.984285714285714,3.547142857142857,0.2385714285714284,7.07,1.4571851116472812
2023-02-15,60.036729548225885,60.67002988077317,59.958787007562194,60.51414108276367,2574700.0,0.3772419802844524,4.58,4.64,4.79,4.97,4.96,4.62,4.35,4.04,3.94,3.81,3.97,3.85,682.0,676.25,116550.0,-5.8,0.0,4.5,0.0,-6.337142857142857,-0.9671428571428572,2.28,0.26,0.5371428571428574,0.9671428571428572,2.22,-0.26,0.744353667464745
2023-02-16,60.14390284707584,61.47870089131522,60.085443154986635,61.1376953125,2277100.0,1.3618387430906294,4.58,4.66,4.84,4.98,4.99,4.62,4.35,4.06,3.98,3.86,4.05,3.92,676.5,676.0,134971.0,-7.15,-2.75,1.3,0.0,-6.091428571428571,-0.2842857142857142,2.3457142857142856,0.1342857142857142,-1.0585714285714296,-2.4657142857142857,-1.0457142857142856,-0.1342857142857142,0.5895305943754696
2023-02-17,60.806429573112865,61.34229706158194,59.92955279803113,60.22184753417969,4037100.0,0.4498421847820281,4.58,4.64,4.84,4.99,5.0,4.6,4.33,4.03,3.95,3.82,4.01,3.88,676.0,677.75,144084.0,-8.3,0.85,1.55,0.0,-5.31,0.28,2.33,0.4985714285714285,-2.990000000000001,0.57,-0.78,-0.4985714285714285,0.5712147617831363
2023-02-18,60.806429573112865,61.34229706158194,59.92955279803113,60.22184753417969,4037100.0,0.4498421847820281,4.58,4.64,4.84,4.99,5.0,4.6,4.33,4.03,3.95,3.82,4.01,3.88,676.0,677.75,144084.0,-8.3,0.85,1.55,0.0,-5.31,0.28,2.33,0.4985714285714285,-2.990000000000001,0.57,-0.78,-0.4985714285714285,0.5712147617831363
2023-02-19,60.806429573112865,61.34229706158194,59.92955279803113,60.22184753417969,4037100.0,0.4498421847820281,4.58,4.64,4.84,4.99,5.0,4.6,4.33,4.03,3.95,3.82,4.01,3.88,676.0,677.75,144084.0,-8.3,0.85,1.55,0.0,-5.31,0.28,2.33,0.4985714285714285,-2.990000000000001,0.57,-0.78,-0.4985714285714285,0.5712147617831363
2023-02-20,60.806429573112865,61.34229706158194,59.92955279803113,60.22184753417969,4037100.0,0.4498421847820281,4.58,4.64,4.84,4.99,5.0,4.6,4.33,4.03,3.95,3.82,4.01,3.88,676.0,677.75,144084.0,-8.3,0.85,1.55,0.0,-5.31,0.28,2.33,0.4985714285714285,-2.990000000000001,0.57,-0.78,-0.4985714285714285,0.5712147617831363
2023-02-21,60.29005560176526,60.582346654943464,58.4729732980921,58.51681900024414,3398200.0,-0.1037816926836967,4.58,4.63,4.86,5.07,5.07,4.67,4.44,4.16,4.08,3.95,4.12,3.98,678.5,680.5,156078.0,-7.45,-2.75,2.95,3.55,-4.73,0.7285714285714285,2.1399999999999997,0.4342857142857143,-2.72,-3.4785714285714286,0.8100000000000005,3.1157142857142857,0.9947195724672452
2023-02-22,58.701927561520925,60.40696280189705,58.04914442492707,60.34850311279297,5076300.0,-0.1073807030916215,4.58,4.62,4.84,5.08,5.07,4.66,4.43,4.13,4.07,3.93,4.09,3.94,680.0,674.0,114787.0,-6.35,-5.25,5.3,3.95,-4.547142857142857,0.4714285714285714,2.2214285714285715,0.55,-1.8028571428571425,-5.7214285714285715,3.0785714285714283,3.4000000000000004,1.7231435464492295
2023-02-23,60.54336939749473,60.96524627012437,59.48137579386351,60.40696716308594,4058500.0,0.4848733693361281,4.58,4.66,4.84,5.05,5.03,4.66,4.4,4.09,4.02,3.88,4.04,3.88,674.5,660.25,173384.0,-12.15,-5.5,3.4,2.8,-4.927142857142857,0.1142857142857143,2.47,0.81,-7.222857142857143,-5.614285714285714,0.9299999999999996,1.99,1.5295477769040695
2023-02-24,59.598290051093294,60.24133551237546,58.906533754885096,60.09518814086914,2909800.0,1.0082915276288986,4.58,4.68,4.86,5.06,5.05,4.78,4.52,4.19,4.1,3.95,4.11,3.93,660.5,650.0,146407.0,-12.75,-6.35,1.3,0.0,-5.337142857142857,-0.0799999999999999,2.287142857142857,0.6642857142857143,-7.412857142857143,-6.27,-0.9871428571428568,-0.6642857142857143,1.5124681916532798
2023-02-25,59.598290051093294,60.24133551237546,58.906533754885096,60.09518814086914,2909800.0,1.0082915276288986,4.58,4.68,4.86,5.06,5.05,4.78,4.52,4.19,4.1,3.95,4.11,3.93,660.5,650.0,146407.0,-12.75,-6.35,1.3,0.0,-5.337142857142857,-0.0799999999999999,2.287142857142857,0.6642857142857143,-7.412857142857143,-6.27,-0.9871428571428568,-0.6642857142857143,1.5124681916532798
2023-02-26,59.598290051093294,60.24133551237546,58.906533754885096,60.09518814086914,2909800.0,1.0082915276288986,4.58,4.68,4.86,5.06,5.05,4.78,4.52,4.19,4.1,3.95,4.11,3.93,660.5,650.0,146407.0,-12.75,-6.35,1.3,0.0,-5.337142857142857,-0.0799999999999999,2.287142857142857,0.6642857142857143,-7.412857142857143,-6.27,-0.9871428571428568,-0.6642857142857143,1.5124681916532798
2023-02-27,59.97827357189865,60.83566010260984,59.685978823533986,60.51414108276367,3516400.0,0.205956682562828,4.57,4.67,4.89,5.18,5.03,4.78,4.49,4.17,4.08,3.92,4.11,3.93,650.75,642.75,105656.0,-2.15,1.65,2.35,0.0,-5.322857142857143,0.1871428571428571,2.225714285714286,0.0814285714285714,3.172857142857143,1.4628571428571429,0.1242857142857141,-0.0814285714285714,0.45226102881074
2023-02-28,60.289507502909075,61.01224097248514,59.97697511760048,60.83644104003906,6824500.0,0.2461127191781997,4.57,4.65,4.88,5.17,5.02,4.81,4.51,4.18,4.07,3.92,4.1,3.93,642.0,629.5,15545.0,-4.1,1.65,1.95,0.0,-4.645714285714286,0.7914285714285714,2.3528571428571428,0.9128571428571428,0.5457142857142863,0.8585714285714285,-0.4028571428571428,-0.9128571428571428,0.2995564407455546
2023-03-01,60.68993067059787,61.53962773172105,60.64109819134791,60.69969940185547,2758600.0,0.3451792746782302,4.58,4.67,4.9,5.2,5.06,4.89,4.61,4.27,4.17,4.01,4.17,3.97,630.0,640.5,5431.0,-5.5,1.4,3.6,0.0,-4.8271428571428565,1.1785714285714286,2.26,0.4128571428571428,-0.6728571428571435,0.2214285714285713,1.3400000000000003,-0.4128571428571428,0.4720402887300162
2023-03-02,60.94387734639545,62.11587197846915,60.592277466501315,62.067039489746094,2537100.0,0.8422005623579024,4.57,4.75,4.91,5.18,5.04,4.89,4.63,4.32,4.24,4.08,4.24,4.03,641.0,637.75,1871.0,-6.05,-0.5,1.65,0.0,-5.522857142857143,0.5371428571428571,2.454285714285714,0.0628571428571428,-0.5271428571428567,-1.0371428571428571,-0.8042857142857143,-0.0628571428571428,0.3538427002856037
2023-03-03,61.70566548992435,62.26236397565229,61.44196561894593,62.213531494140625,2412700.0,1.204096898436546,4.57,4.75,4.91,5.18,5.03,4.86,4.6,4.26,4.15,3.97,4.12,3.9,639.75,645.25,1043.0,-4.4,2.5,0.85,0.0,-4.831428571428571,1.042857142857143,2.204285714285714,0.0714285714285714,0.4314285714285706,1.457142857142857,-1.354285714285714,-0.0714285714285714,0.5273975297676183
2023-03-04,61.70566548992435,62.26236397565229,61.44196561894593,62.213531494140625,2412700.0,1.204096898436546,4.57,4.75,4.91,5.18,5.03,4.86,4.6,4.26,4.15,3.97,4.12,3.9,639.75,645.25,1043.0,-4.4,2.5,0.85,0.0,-4.831428571428571,1.042857142857143,2.204285714285714,0.0714285714285714,0.4314285714285706,1.457142857142857,-1.354285714285714,-0.0714285714285714,0.5273975297676183
2023-03-05,61.70566548992435,62.26236397565229,61.44196561894593,62.213531494140625,2412700.0,1.204096898436546,4.57,4.75,4.91,5.18,5.03,4.86,4.6,4.26,4.15,3.97,4.12,3.9,639.75,645.25,1043.0,-4.4,2.5,0.85,0.0,-4.831428571428571,1.042857142857143,2.204285714285714,0.0714285714285714,0.4314285714285706,1.457142857142857,-1.354285714285714,-0.0714285714285714,0.5273975297676183
2023-03-06,61.881462467711955,62.545594616661035,61.33452901396584,61.77402877807617,3932600.0,0.6566137820482253,4.57,4.75,4.93,5.22,5.05,4.89,4.61,4.27,4.16,3.98,4.14,3.92,645.25,644.5,369.0,-4.4,0.55,2.55,0.0,-3.5971428571428574,2.0785714285714287,2.5942857142857143,0.3685714285714286,-0.8028571428571429,-1.5285714285714287,-0.0442857142857144,-0.3685714285714286,0.2391888810302097
2023-03-07,61.334544890927894,61.53964359204445,60.38718262714557,61.500579833984375,4239300.0,1.0930630341172216,4.57,4.8,5.04,5.32,5.22,5.0,4.66,4.31,4.17,3.97,4.11,3.88,644.25,642.0,702.0,-5.8,-0.5,1.85,0.0,-3.257142857142857,1.4214285714285717,2.7,0.2757142857142857,-2.5428571428571427,-1.9214285714285717,-0.8500000000000001,-0.2757142857142857,0.6411346866746136
2023-03-08,61.510336168056625,61.510336168056625,60.1039404828517,60.748538970947266,4877400.0,0.0446548461914063,4.57,4.77,5.06,5.34,5.25,5.05,4.71,4.34,4.19,3.98,4.11,3.88,644.0,634.5,808.0,-1.35,0.0,2.4,0.0,-3.488571428571429,1.94,2.5157142857142856,0.8657142857142858,2.138571428571429,-1.94,-0.1157142857142856,-0.8657142857142858,0.4541603591741071
2023-03-09,60.88527018529228,60.9536364079716,58.51197495319677,58.5217399597168,2485400.0,1.9116850718855856,4.57,4.83,5.05,5.32,5.18,4.9,4.56,4.22,4.1,3.93,4.09,3.88,633.75,618.5,597.0,-1.35,0.55,2.2,2.3,-3.525714285714286,1.637142857142857,2.525714285714286,0.9585714285714284,2.1757142857142857,-1.087142857142857,-0.3257142857142856,1.3414285714285714,0.4816803285185221
2023-03-10,58.21897729076327,58.39477721648143,57.0420946616878,57.515777587890625,2632500.0,0.139828760176897,4.57,4.81,5.01,5.17,4.9,4.6,4.31,3.96,3.86,3.7,3.9,3.7,620.0,624.25,540.0,-3.3,-0.25,2.05,0.0,-3.4099999999999997,2.257142857142857,2.412857142857143,0.3,0.1099999999999998,-2.507142857142857,-0.362857142857143,-0.3,0.3347825967179456
2023-03-11,58.21897729076327,58.39477721648143,57.0420946616878,57.515777587890625,2632500.0,0.139828760176897,4.57,4.81,5.01,5.17,4.9,4.6,4.31,3.96,3.86,3.7,3.9,3.7,620.0,624.25,540.0,-3.3,-0.25,2.05,0.0,-3.4099999999999997,2.257142857142857,2.412857142857143,0.3,0.1099999999999998,-2.507142857142857,-0.362857142857143,-0.3,0.3347825967179456
2023-03-12,58.21897729076327,58.39477721648143,57.0420946616878,57.515777587890625,2632500.0,0.139828760176897,4.57,4.81,5.01,5.17,4.9,4.6,4.31,3.96,3.86,3.7,3.9,3.7,620.0,624.25,540.0,-3.3,-0.25,2.05,0.0,-3.4099999999999997,2.257142857142857,2.412857142857143,0.3,0.1099999999999998,-2.507142857142857,-0.362857142857143,-0.3,0.3347825967179456
2023-03-13,56.68561169052445,57.94550986117457,56.23146252322869,57.2520751953125,2897900.0,1.0095561230555177,4.58,4.62,4.87,4.81,4.3,4.03,3.88,3.68,3.65,3.55,3.85,3.7,622.25,624.5,542.0,-4.95,-1.05,1.95,0.0,-2.2071428571428573,4.0042857142857144,2.2,1.05,-2.742857142857143,-5.054285714285714,-0.2500000000000002,-1.05,0.8136945074464008
2023-03-14,58.24827800421581,58.63210872432553,56.82723290328177,57.54507827758789,3774800.0,1.2269229069352148,4.58,4.47,4.88,4.93,4.45,4.2,4.05,3.78,3.74,3.64,3.91,3.77,624.0,627.5,153530.0,-5.25,1.95,3.85,0.0,-2.0214285714285714,3.592857142857143,2.4957142857142856,0.6142857142857143,-3.2285714285714286,-1.642857142857143,1.3542857142857143,-0.6142857142857143,0.8436539119206392
2023-03-15,56.36331242045257,56.45121238230796,54.82994931694835,55.523380279541016,4254000.0,1.0131978318095207,4.58,4.23,4.75,4.73,4.19,3.93,3.83,3.59,3.57,3.51,3.82,3.7,623.75,626.5,156411.0,1.1,4.7,2.7,0.0,-1.8914285714285717,3.6771428571428566,2.4299999999999997,0.3057142857142857,2.991428571428572,1.0228571428571436,0.2700000000000004,-0.3057142857142857,0.4562775053028525
2023-03-16,54.9422632394058,55.84567716908102,54.5076478290375,55.63080978393555,4861400.0,-0.7194681018590928,4.58,4.22,4.74,4.94,4.49,4.14,3.99,3.72,3.67,3.56,3.87,3.71,626.0,632.75,167311.0,-3.55,4.15,5.0,3.45,-1.8614285714285717,4.234285714285714,2.5014285714285713,0.4357142857142857,-1.6885714285714282,-0.0842857142857136,2.4985714285714287,3.0142857142857142,1.0685205200239722
2023-03-17,55.0936525317191,55.79685226905523,54.800653883055695,55.28898620605469,12011000.0,-0.2670837398618459,4.58,4.31,4.52,4.71,4.26,3.81,3.68,3.44,3.45,3.39,3.76,3.6,633.25,634.25,141477.0,-7.15,-3.3,4.05,0.0,-1.6271428571428572,3.5028571428571427,2.607142857142857,0.3685714285714286,-5.522857142857143,-6.8028571428571425,1.4428571428571426,-0.3685714285714286,1.4801383725219952
2023-03-18,55.0936525317191,55.79685226905523,54.800653883055695,55.28898620605469,12011000.0,-0.2670837398618459,4.58,4.31,4.52,4.71,4.26,3.81,3.68,3.44,3.45,3.39,3.76,3.6,633.25,634.25,141477.0,-7.15,-3.3,4.05,0.0,-1.6271428571428572,3.5028571428571427,2.607142857142857,0.3685714285714286,-5.522857142857143,-6.8028571428571425,1.4428571428571426,-0.3685714285714286,1.4801383725219952
2023-03-19,55.0936525317191,55.79685226905523,54.800653883055695,55.28898620605469,12011000.0,-0.2670837398618459,4.58,4.31,4.52,4.71,4.26,3.81,3.68,3.44,3.45,3.39,3.76,3.6,633.25,634.25,141477.0,-7.15,-3.3,4.05,0.0,-1.6271428571428572,3.5028571428571427,2.607142857142857,0.3685714285714286,-5.522857142857143,-6.8028571428571425,1.4428571428571426,-0.3685714285714286,1.4801383725219952
2023-03-20,55.630811251722,56.53910957111894,55.630811251722,56.27540969848633,4243200.0,0.9964863122440876,4.58,4.34,4.81,4.8,4.34,3.92,3.77,3.56,3.55,3.47,3.83,3.65,633.0,633.0,115794.0,-3.85,1.1,2.35,0.0,-1.4828571428571429,4.4071428571428575,2.544285714285714,0.1971428571428571,-2.3671428571428574,-3.3071428571428574,-0.1942857142857139,-0.1971428571428571,0.5554557604042586
2023-03-21,57.017678165665814,57.57437666788228,56.75397828687702,57.1446418762207,2758500.0,0.442432664334774,4.58,4.07,4.78,4.96,4.68,4.17,3.98,3.73,3.68,3.59,3.9,3.73,632.75,630.0,133312.0,-2.15,3.05,2.45,0.0,-1.6885714285714286,4.2628571428571425,2.307142857142857,0.5285714285714286,-0.4614285714285713,-1.2128571428571426,0.1428571428571432,-0.5285714285714286,0.220843334784622
2023-03-22,57.02744918108272,57.2911490876581,56.08985199704583,56.09961700439453,2320900.0,0.7490708082914351,4.58,4.16,4.79,4.95,4.56,3.96,3.76,3.54,3.53,3.48,3.83,3.68,631.25,633.5,154747.0,-2.75,1.1,2.55,0.0,-1.5342857142857145,4.017142857142857,2.39,0.6714285714285714,-1.2157142857142855,-2.917142857142857,0.1599999999999997,-0.6714285714285714,0.4449506333699486
2023-03-23,56.15821887954804,56.67584996569842,55.20108794398691,55.48432159423828,2454200.0,0.7490708082914351,4.83,4.26,4.73,4.8,4.38,3.76,3.57,3.39,3.39,3.38,3.78,3.66,633.0,631.75,186439.0,-2.15,0.85,1.45,0.0,-1.1814285714285715,3.97,2.52,1.2285714285714286,-0.9685714285714284,-3.12,-1.07,-1.2285714285714286,0.7261940710099701
2023-03-24,54.81041496753164,55.79684827577309,54.59555129425187,55.513614654541016,2559300.0,0.0461684986948967,4.83,4.28,4.74,4.76,4.32,3.76,3.58,3.41,3.4,3.38,3.77,3.64,631.0,643.0,191256.0,-2.45,2.2,1.85,0.0,-1.3042857142857145,3.857142857142857,2.6871428571428573,0.8142857142857143,-1.1457142857142857,-1.657142857142857,-0.8371428571428572,-0.8142857142857143,0.5288724818802057
2023-03-25,54.81041496753164,55.79684827577309,54.59555129425187,55.513614654541016,2559300.0,0.0461684986948967,4.83,4.28,4.74,4.76,4.32,3.76,3.58,3.41,3.4,3.38,3.77,3.64,631.0,643.0,191256.0,-2.45,2.2,1.85,0.0,-1.3042857142857145,3.857142857142857,2.6871428571428573,0.8142857142857143,-1.1457142857142857,-1.657142857142857,-0.8371428571428572,-0.8142857142857143,0.5288724818802057
2023-03-26,54.81041496753164,55.79684827577309,54.59555129425187,55.513614654541016,2559300.0,0.0461684986948967,4.83,4.28,4.74,4.76,4.32,3.76,3.58,3.41,3.4,3.38,3.77,3.64,631.0,643.0,191256.0,-2.45,2.2,1.85,0.0,-1.3042857142857145,3.857142857142857,2.6871428571428573,0.8142857142857143,-1.1457142857142857,-1.657142857142857,-0.8371428571428572,-0.8142857142857143,0.5288724818802057
2023-03-27,56.05078258040215,57.00303283109321,55.79685141562581,56.35354995727539,3560800.0,1.1378879845142362,4.83,4.22,4.91,4.86,4.51,3.94,3.79,3.59,3.57,3.53,3.9,3.77,643.0,648.25,145573.0,-3.85,0.3,1.5,0.0,-1.0685714285714285,4.845714285714285,2.724285714285714,1.3057142857142856,-2.7814285714285716,-4.545714285714285,-1.2242857142857142,-1.3057142857142856,1.057295196771547
2023-03-28,56.59282747538491,57.23058931208784,56.45121066749312,56.74420928955078,2224400.0,1.3155695497989657,4.83,4.24,4.8,4.9,4.55,4.02,3.84,3.63,3.6,3.55,3.9,3.77,646.75,647.25,135236.0,-5.25,3.05,2.15,0.0,-0.9685714285714284,5.011428571428572,2.4985714285714287,0.6571428571428571,-4.281428571428572,-1.9614285714285715,-0.3485714285714287,-0.6571428571428571,0.7004406872777125
2023-03-29,57.37904174789764,58.599872423384824,57.23254057656735,58.5412712097168,4911900.0,0.3999024741351603,4.83,4.34,4.8,4.92,4.59,4.08,3.87,3.67,3.62,3.57,3.91,3.78,646.25,650.5,156693.0,-5.25,-1.05,2.3,0.0,-0.4742857142857143,5.748571428571428,2.531428571428571,0.5085714285714286,-4.775714285714286,-6.798571428571428,-0.2314285714285713,-0.5085714285714286,1.0964653297226643
2023-03-30,59.29330406978563,59.31283780791114,58.170142070165525,58.55104064941406,3152500.0,0.248358156532049,4.83,4.74,4.97,4.92,4.63,4.1,3.87,3.66,3.61,3.55,3.88,3.74,649.75,649.5,119486.0,-1.9,2.5,3.1,0.25,-0.3985714285714286,5.834285714285714,2.6342857142857143,1.127142857142857,-1.5014285714285711,-3.3342857142857136,0.4657142857142857,-0.877142857142857,0.6033790352111531
2023-03-31,58.707307638118166,59.02276838527937,58.44360775830757,58.90264129638672,2700100.0,0.6947154104709625,4.83,4.74,4.85,4.94,4.64,4.06,3.81,3.6,3.55,3.48,3.81,3.67,648.75,660.5,201892.0,0.3,1.4,3.1,4.85,-0.3614285714285714,5.835714285714285,2.832857142857143,2.4257142857142853,0.6614285714285714,-4.435714285714285,0.2671428571428569,2.4242857142857144,0.6824783309252317
2023-04-01,58.707307638118166,59.02276838527937,58.44360775830757,58.90264129638672,2700100.0,0.6947154104709625,4.83,4.74,4.85,4.94,4.64,4.06,3.81,3.6,3.55,3.48,3.81,3.67,648.75,660.5,201892.0,0.3,1.4,3.1,4.85,-0.3614285714285714,5.835714285714285,2.832857142857143,2.4257142857142853,0.6614285714285714,-4.435714285714285,0.2671428571428569,2.4242857142857144,0.6824783309252317
2023-04-02,58.707307638118166,59.02276838527937,58.44360775830757,58.90264129638672,2700100.0,0.6947154104709625,4.83,4.74,4.85,4.94,4.64,4.06,3.81,3.6,3.55,3.48,3.81,3.67,648.75,660.5,201892.0,0.3,1.4,3.1,4.85,-0.3614285714285714,5.835714285714285,2.832857142857143,2.4257142857142853,0.6614285714285714,-4.435714285714285,0.2671428571428569,2.4242857142857144,0.6824783309252317
2023-04-03,59.15657581541196,59.644908126072906,58.956361505394504,59.576541900634766,3420300.0,0.6791434921324253,4.83,4.7,4.9,4.88,4.6,3.97,3.73,3.52,3.48,3.43,3.78,3.64,659.5,657.75,153870.0,0.0,3.05,2.2,0.0,-0.8714285714285714,5.948571428571428,2.914285714285714,0.3642857142857142,0.8714285714285714,-2.898571428571429,-0.714285714285714,-0.3642857142857142,0.5363898555138341
2023-04-04,59.15658221011907,59.23471717659739,58.516868006218985,58.99055099487305,3465200.0,-0.4889933988451959,4.83,4.66,4.88,4.8,4.5,3.84,3.6,3.39,3.38,3.35,3.72,3.6,657.0,653.75,140103.0,0.0,0.85,3.75,2.15,-1.18,5.985714285714286,2.462857142857143,0.45,1.18,-5.135714285714286,1.287142857142857,1.7,1.004662256962338
2023-04-05,58.638945449374006,59.43492578388702,58.61452734328125,59.303077697753906,2956100.0,0.3657661080360412,4.83,4.62,4.86,4.82,4.43,3.79,3.55,3.36,3.34,3.3,3.67,3.56,653.75,652.75,143556.0,-2.45,0.55,4.5,0.0,-0.0742857142857142,7.371428571428571,2.857142857142857,1.0085714285714285,-2.375714285714286,-6.821428571428571,1.6428571428571428,-1.0085714285714285,1.2939523083362872
2023-04-06,59.058912077634986,59.06867708475311,57.7111138288571,58.404544830322266,3045900.0,0.0713227810338137,4.83,4.57,4.91,4.93,4.51,3.82,3.59,3.37,3.34,3.3,3.66,3.54,652.25,643.5,0.0,-3.0,5.3,1.7,0.0,0.1957142857142857,6.414285714285715,3.1914285714285717,1.6528571428571428,-3.1957142857142857,-1.1142857142857148,-1.4914285714285718,-1.6528571428571428,0.9153742005468898
2023-04-07,59.058912077634986,59.06867708475311,57.7111138288571,58.404544830322266,3045900.0,0.0713227810338137,4.83,4.57,4.91,4.93,4.51,3.82,3.59,3.37,3.34,3.3,3.66,3.54,652.25,643.5,0.0,-3.0,5.3,1.7,0.0,0.1957142857142857,6.414285714285715,3.1914285714285717,1.6528571428571428,-3.1957142857142857,-1.1142857142857148,-1.4914285714285718,-1.6528571428571428,0.9153742005468898
2023-04-08,59.058912077634986,59.06867708475311,57.7111138288571,58.404544830322266,3045900.0,0.0713227810338137,4.83,4.57,4.91,4.93,4.51,3.82,3.59,3.37,3.34,3.3,3.66,3.54,652.25,643.5,0.0,-3.0,5.3,1.7,0.0,0.1957142857142857,6.414285714285715,3.1914285714285717,1.6528571428571428,-3.1957142857142857,-1.1142857142857148,-1.4914285714285718,-1.6528571428571428,0.9153742005468898
2023-04-09,59.058912077634986,59.06867708475311,57.7111138288571,58.404544830322266,3045900.0,0.0713227810338137,4.83,4.57,4.91,4.93,4.51,3.82,3.59,3.37,3.34,3.3,3.66,3.54,652.25,643.5,0.0,-3.0,5.3,1.7,0.0,0.1957142857142857,6.414285714285715,3.1914285714285717,1.6528571428571428,-3.1957142857142857,-1.1142857142857148,-1.4914285714285718,-1.6528571428571428,0.9153742005468898
2023-04-10,58.4826777065698,59.28354238620364,58.33617652525735,58.88311004638672,2040900.0,0.2246787771582601,4.83,4.53,5.08,4.98,4.65,4.0,3.75,3.52,3.47,3.41,3.74,3.62,644.5,654.0,150098.0,0.3,12.5,0.7,0.0,0.3557142857142857,6.554285714285714,2.7385714285714284,1.84,-0.0557142857142857,5.945714285714286,-2.0385714285714283,-1.84,1.1790378668024484
2023-04-11,58.93194640593457,59.69374365721029,58.678015230736015,59.5081787109375,2119900.0,0.7827674895524979,4.83,4.27,5.04,4.99,4.67,4.03,3.76,3.54,3.48,3.43,3.75,3.62,653.5,651.0,200256.0,6.1,15.3,3.9,0.0,0.1128571428571428,6.154285714285715,2.8814285714285712,1.4585714285714286,5.987142857142857,9.145714285714286,1.018571428571429,-1.4585714285714286,1.6846797048230586
2023-04-12,59.89884156351166,60.76807245933042,59.66444042077143,60.348106384277344,2904500.0,0.6872541084885596,4.83,4.27,5.02,4.98,4.64,3.95,3.68,3.46,3.43,3.41,3.75,3.64,651.0,656.0,150111.0,7.8,16.65,3.45,0.0,0.5471428571428572,6.442857142857143,2.9771428571428573,1.09,7.252857142857143,10.207142857142856,0.4728571428571428,-1.09,1.7129456109241072
2023-04-13,60.57273513975757,61.40192237937416,60.25043405364707,61.25640106201172,2642600.0,0.1607387289404869,4.83,4.08,5.1,4.95,4.66,3.96,3.7,3.51,3.48,3.45,3.8,3.69,656.0,652.25,147150.0,8.35,16.4,4.85,0.0,1.042857142857143,7.161428571428572,2.762857142857143,0.9185714285714288,7.307142857142857,9.238571428571426,2.0871428571428567,-0.9185714285714288,2.059059363362837
2023-04-14,61.432204147273275,61.88635333025127,60.387173334946226,60.680171966552734,1697400.0,0.3288234584033488,4.83,4.29,5.14,5.03,4.77,4.08,3.83,3.6,3.56,3.52,3.85,3.74,653.75,666.25,154000.0,3.35,10.55,3.4,0.0,0.8571428571428571,7.502857142857144,2.892857142857143,1.0942857142857143,2.492857142857143,3.047142857142857,0.5071428571428571,-1.0942857142857143,0.6998198118166779
2023-04-15,61.432204147273275,61.88635333025127,60.387173334946226,60.680171966552734,1697400.0,0.3288234584033488,4.83,4.29,5.14,5.03,4.77,4.08,3.83,3.6,3.56,3.52,3.85,3.74,653.75,666.25,154000.0,3.35,10.55,3.4,0.0,0.8571428571428571,7.502857142857144,2.892857142857143,1.0942857142857143,2.492857142857143,3.047142857142857,0.5071428571428571,-1.0942857142857143,0.6998198118166779
2023-04-16,61.432204147273275,61.88635333025127,60.387173334946226,60.680171966552734,1697400.0,0.3288234584033488,4.83,4.29,5.14,5.03,4.77,4.08,3.83,3.6,3.56,3.52,3.85,3.74,653.75,666.25,154000.0,3.35,10.55,3.4,0.0,0.8571428571428571,7.502857142857144,2.892857142857143,1.0942857142857143,2.492857142857143,3.047142857142857,0.5071428571428571,-1.0942857142857143,0.6998198118166779
2023-04-17,60.99270444538011,61.37360303971323,60.63622023041107,61.30523681640625,1641800.0,0.1516666114330292,4.83,4.09,5.21,5.07,4.8,4.18,3.92,3.69,3.64,3.6,3.92,3.81,666.0,676.5,146895.0,-0.25,8.35,2.2,0.0,0.5085714285714285,7.4714285714285715,2.192857142857143,0.1328571428571428,-0.7585714285714285,0.8785714285714281,0.0071428571428571,-0.1328571428571428,0.1539042072346353
2023-04-18,61.441978608373795,61.58847980956008,61.08061369797601,61.500579833984375,1624400.0,0.3944800794124602,4.83,3.89,5.2,5.09,4.81,4.19,3.92,3.69,3.63,3.58,3.91,3.79,676.0,677.5,130891.0,-0.25,9.7,3.75,0.0,1.45,7.825714285714285,2.9,2.417142857142857,-1.7,1.8742857142857143,0.8500000000000001,-2.417142857142857,0.7261817069062501
2023-04-19,61.334539540028096,61.50057446859949,60.64110852969342,60.7973747253418,1482500.0,0.1932657213183118,4.83,3.95,5.16,5.1,4.84,4.24,3.97,3.71,3.66,3.6,3.9,3.79,675.75,672.25,114514.0,3.05,8.6,2.55,4.3,1.1557142857142857,6.97,2.682857142857143,0.9028571428571428,1.894285714285714,1.63,-0.132857142857143,3.397142857142857,0.6082205387949705
2023-04-20,60.30903781857253,60.567853336179105,59.99650545100839,60.445770263671875,1691100.0,0.9654242694377898,4.83,3.4,5.12,5.06,4.77,4.14,3.87,3.63,3.59,3.54,3.87,3.75,672.0,663.75,120915.0,0.85,5.0,3.3,1.9,1.4657142857142855,7.374285714285715,2.67,1.2571428571428571,-0.6157142857142855,-2.374285714285715,0.6299999999999999,0.6428571428571428,0.4691875377110823
2023-04-21,60.65087637718061,60.65087637718061,59.71327915938323,60.04534530639648,1626400.0,0.5440105590387248,4.83,3.36,5.14,5.07,4.78,4.17,3.89,3.66,3.62,3.57,3.9,3.78,664.25,663.25,127468.0,-0.25,2.8,4.45,0.4,1.032857142857143,7.845714285714286,2.4471428571428575,0.9528571428571428,-1.282857142857143,-5.045714285714286,2.0028571428571427,-0.5528571428571428,1.1095328819136725
2023-04-22,60.65087637718061,60.65087637718061,59.71327915938323,60.04534530639648,1626400.0,0.5440105590387248,4.83,3.36,5.14,5.07,4.78,4.17,3.89,3.66,3.62,3.57,3.9,3.78,664.25,663.25,127468.0,-0.25,2.8,4.45,0.4,1.032857142857143,7.845714285714286,2.4471428571428575,0.9528571428571428,-1.282857142857143,-5.045714285714286,2.0028571428571427,-0.5528571428571428,1.1095328819136725
2023-04-23,60.65087637718061,60.65087637718061,59.71327915938323,60.04534530639648,1626400.0,0.5440105590387248,4.83,3.36,5.14,5.07,4.78,4.17,3.89,3.66,3.62,3.57,3.9,3.78,664.25,663.25,127468.0,-0.25,2.8,4.45,0.4,1.032857142857143,7.845714285714286,2.4471428571428575,0.9528571428571428,-1.282857142857143,-5.045714285714286,2.0028571428571427,-0.5528571428571428,1.1095328819136725
2023-04-24,60.318800688367176,60.38717063417465,59.903719001682205,60.07463455200195,1393700.0,0.2053957432508469,4.83,3.54,5.2,5.06,4.76,4.12,3.84,3.6,3.56,3.52,3.85,3.73,663.25,651.25,134977.0,-2.15,7.5,1.55,0.0,1.8585714285714283,9.187142857142858,2.5357142857142856,1.3142857142857145,-4.008571428571428,-1.6871428571428575,-0.9857142857142857,-1.3142857142857145,0.8750794746280399
2023-04-25,59.65954939442546,59.78163245550549,58.97100286728736,59.11750030517578,1718400.0,-1.571968238800764,4.83,4.11,5.12,4.98,4.6,3.86,3.62,3.43,3.42,3.4,3.77,3.65,651.25,646.5,100633.0,-1.05,7.2,2.45,0.0,2.0385714285714283,8.355714285714285,2.78,1.5085714285714285,-3.088571428571428,-1.1557142857142848,-0.3299999999999996,-1.5085714285714285,0.5859083387156617
2023-04-26,58.71708200540509,58.92218442840919,57.82831725798816,58.24828338623047,1762700.0,0.4690211564302442,4.83,3.91,5.16,5.0,4.64,3.9,3.65,3.46,3.45,3.43,3.81,3.7,648.0,641.5,65293.0,2.5,10.3,2.65,0.0,1.6228571428571428,7.895714285714287,2.6585714285714284,1.4742857142857144,0.8771428571428572,2.404285714285714,-0.0085714285714284,-1.4742857142857144,0.3938487695137272
2023-04-27,58.24827855598842,59.31772752941905,58.24827855598842,59.254241943359375,1791000.0,0.5676480233669279,4.83,4.27,5.18,5.05,4.78,4.07,3.82,3.6,3.57,3.53,3.88,3.76,642.0,627.0,59707.0,5.55,10.55,2.7,0.15,1.4828571428571429,8.068571428571428,2.8057142857142856,1.6242857142857143,4.067142857142857,2.481428571428573,-0.1057142857142854,-1.4742857142857144,0.7213975341925236
2023-04-28,59.19564352520965,59.90860825447262,59.122392933188955,59.69374084472656,2980000.0,0.2193042263388634,4.83,4.35,5.1,5.06,4.8,4.04,3.75,3.51,3.49,3.44,3.8,3.67,628.25,636.0,13722.0,0.85,8.05,3.15,0.25,1.8428571428571427,8.457142857142857,2.5785714285714287,1.412857142857143,-0.9928571428571428,-0.4071428571428566,0.5714285714285712,-1.162857142857143,0.3689504082180249
2023-04-29,59.19564352520965,59.90860825447262,59.122392933188955,59.69374084472656,2980000.0,0.2193042263388634,4.83,4.35,5.1,5.06,4.8,4.04,3.75,3.51,3.49,3.44,3.8,3.67,628.25,636.0,13722.0,0.85,8.05,3.15,0.25,1.8428571428571427,8.457142857142857,2.5785714285714287,1.412857142857143,-0.9928571428571428,-0.4071428571428566,0.5714285714285712,-1.162857142857143,0.3689504082180249
2023-04-30,59.19564352520965,59.90860825447262,59.122392933188955,59.69374084472656,2980000.0,0.2193042263388634,4.83,4.35,5.1,5.06,4.8,4.04,3.75,3.51,3.49,3.44,3.8,3.67,628.25,636.0,13722.0,0.85,8.05,3.15,0.25,1.8428571428571427,8.457142857142857,2.5785714285714287,1.412857142857143,-0.9928571428571428,-0.4071428571428566,0.5714285714285712,-1.162857142857143,0.3689504082180249
2023-05-01,59.762106533504586,60.42623877068022,59.5667765907775,60.02580642700195,1846400.0,-0.2256476134061811,4.83,4.49,5.27,5.14,4.86,4.14,3.85,3.64,3.62,3.59,3.95,3.84,632.5,639.5,2753.0,1.1,8.05,3.8,0.0,2.2342857142857144,8.697142857142856,2.624285714285714,0.9385714285714286,-1.1342857142857143,-0.647142857142855,1.1757142857142855,-0.9385714285714286,0.5462369560435214
2023-05-02,59.464215379296235,59.576533434085626,57.29113839594763,59.22493362426758,2617800.0,0.3788573294878007,4.83,4.56,5.24,5.06,4.74,3.97,3.67,3.46,3.44,3.44,3.82,3.72,641.75,638.0,5508.0,0.85,9.7,3.0,0.0,1.7514285714285711,8.715714285714286,2.202857142857143,0.63,-0.9014285714285712,0.9842857142857132,0.7971428571428572,-0.63,0.4264620787875183
2023-05-03,59.45934230092146,59.64490723495546,58.54615955238405,58.599876403808594,2372200.0,1.1622087359428406,4.83,4.7,5.26,5.08,4.7,3.89,3.58,3.37,3.37,3.38,3.79,3.7,636.5,645.25,2081.0,-0.25,12.2,0.5,0.0,2.072857142857143,9.381428571428572,2.21,0.8128571428571428,-2.322857142857143,2.8185714285714276,-1.71,-0.8128571428571428,0.9663643546909556
2023-05-04,58.94170849133796,59.15657590055559,55.513617304863274,55.55268478393555,4165200.0,0.4036936610937118,5.08,5.76,5.26,5.04,4.59,3.75,3.47,3.29,3.32,3.37,3.8,3.73,642.25,646.5,2272.0,5.3,13.35,1.7,0.0,2.894285714285714,9.622857142857145,2.3242857142857143,1.5442857142857145,2.4057142857142857,3.727142857142855,-0.6242857142857143,-1.5442857142857145,0.8135485766228696
2023-05-05,56.28518173148353,57.510893117427344,56.20704677544835,56.89071273803711,3142500.0,0.0895849000662565,5.08,5.59,5.26,5.13,4.73,3.92,3.63,3.41,3.41,3.44,3.85,3.76,644.0,653.25,1223.0,5.0,11.65,1.65,0.0,3.1685714285714286,9.69,2.42,1.087142857142857,1.8314285714285712,1.9600000000000009,-0.77,-1.087142857142857,0.6201995422210334
2023-05-06,56.28518173148353,57.510893117427344,56.20704677544835,56.89071273803711,3142500.0,0.0895849000662565,5.08,5.59,5.26,5.13,4.73,3.92,3.63,3.41,3.41,3.44,3.85,3.76,644.0,653.25,1223.0,5.0,11.65,1.65,0.0,3.1685714285714286,9.69,2.42,1.087142857142857,1.8314285714285712,1.9600000000000009,-0.77,-1.087142857142857,0.6201995422210334
2023-05-07,56.28518173148353,57.510893117427344,56.20704677544835,56.89071273803711,3142500.0,0.0895849000662565,5.08,5.59,5.26,5.13,4.73,3.92,3.63,3.41,3.41,3.44,3.85,3.76,644.0,653.25,1223.0,5.0,11.65,1.65,0.0,3.1685714285714286,9.69,2.42,1.087142857142857,1.8314285714285712,1.9600000000000009,-0.77,-1.087142857142857,0.6201995422210334
2023-05-08,57.55484740182217,57.66228110808563,56.18751541867264,56.246116638183594,2399400.0,0.1099959537386894,5.08,5.51,5.31,5.14,4.79,4.0,3.7,3.49,3.5,3.52,3.92,3.84,652.75,656.5,677.0,3.9,13.9,1.1,0.0,3.71,9.57857142857143,2.637142857142857,2.7085714285714286,0.1899999999999999,4.321428571428571,-1.537142857142857,-2.7085714285714286,0.9925241714595612
2023-05-09,55.7870851626902,56.00195258329182,55.32317093258769,55.76755142211914,2771700.0,0.5282295793294907,5.08,5.56,5.29,5.18,4.81,4.01,3.67,3.51,3.51,3.53,3.94,3.85,654.75,642.25,1588.0,5.55,13.6,1.9,0.0,3.5714285714285716,10.03,2.5985714285714288,0.8228571428571428,1.978571428571428,3.5700000000000003,-0.6985714285714288,-0.8228571428571428,0.7249578974150246
2023-05-10,56.334015277218334,56.50981520592892,55.08388576254736,56.22658157348633,2707400.0,0.2940889894962311,5.08,5.5,5.24,5.13,4.7,3.9,3.55,3.37,3.4,3.43,3.88,3.8,642.0,645.5,1067.0,5.85,13.35,1.85,0.0,3.5814285714285714,10.002857142857144,2.5785714285714287,1.69,2.268571428571428,3.347142857142856,-0.7285714285714286,-1.69,0.8093012237803274
2023-05-11,55.484319104509886,55.81638522853286,55.11806986738219,55.50385284423828,2211100.0,0.5639744736254213,5.08,5.81,5.2,5.14,4.7,3.89,3.56,3.36,3.37,3.39,3.82,3.73,641.75,632.5,987.0,8.05,14.7,2.55,0.5,3.612857142857143,9.424285714285714,2.69,1.7771428571428571,4.437142857142858,5.275714285714285,-0.1400000000000001,-1.2771428571428571,0.9766722202682934
2023-05-12,55.74801619426077,56.04101482406841,55.07899961356152,55.689414978027344,1937800.0,0.6749948542565104,5.08,5.79,5.25,5.16,4.75,3.98,3.65,3.45,3.45,3.46,3.87,3.78,634.75,633.25,169418.0,8.6,11.65,3.3,3.95,3.3142857142857145,9.347142857142856,2.5114285714285716,1.16,5.285714285714285,2.3028571428571443,0.7885714285714283,2.79,1.1054272885003402
2023-05-13,55.74801619426077,56.04101482406841,55.07899961356152,55.689414978027344,1937800.0,0.6749948542565104,5.08,5.79,5.25,5.16,4.75,3.98,3.65,3.45,3.45,3.46,3.87,3.78,634.75,633.25,169418.0,8.6,11.65,3.3,3.95,3.3142857142857145,9.347142857142856,2.5114285714285716,1.16,5.285714285714285,2.3028571428571443,0.7885714285714283,2.79,1.1054272885003402
2023-05-14,55.74801619426077,56.04101482406841,55.07899961356152,55.689414978027344,1937800.0,0.6749948542565104,5.08,5.79,5.25,5.16,4.75,3.98,3.65,3.45,3.45,3.46,3.87,3.78,634.75,633.25,169418.0,8.6,11.65,3.3,3.95,3.3142857142857145,9.347142857142856,2.5114285714285716,1.16,5.285714285714285,2.3028571428571443,0.7885714285714283,2.79,1.1054272885003402
2023-05-15,55.88962994870961,56.62212839482994,55.62104942054001,56.54888153076172,2049300.0,0.0586290843784809,5.08,5.64,5.21,5.24,4.73,3.99,3.67,3.46,3.48,3.5,3.92,3.84,581.5,592.5,164174.0,3.9,11.4,1.15,0.0,3.8228571428571434,10.717142857142855,1.9957142857142856,1.6328571428571428,0.0771428571428565,0.682857142857145,-0.8457142857142856,-1.6328571428571428,0.416858986152384
2023-05-16,56.20704656474254,56.3828464894829,55.5526830759599,55.64058303833008,2066900.0,0.4663071185350417,5.08,5.58,5.23,5.26,4.88,4.06,3.74,3.52,3.53,3.54,3.96,3.87,592.0,581.25,133849.0,4.45,13.35,1.55,0.0,4.0928571428571425,11.492857142857142,2.218571428571429,1.98,0.3571428571428576,1.8571428571428577,-0.6685714285714288,-1.98,0.5177643452364337
2023-05-17,55.757787885661486,55.77732162674789,54.54672201806608,54.65415573120117,2952100.0,0.6508155167102814,5.08,5.5,5.26,5.3,4.92,4.12,3.8,3.58,3.58,3.57,3.96,3.88,581.75,561.5,265000.0,5.55,13.35,1.0,0.0,4.502857142857143,11.347142857142856,2.8285714285714287,1.8771428571428572,1.0471428571428572,2.0028571428571436,-1.8285714285714287,-1.8771428571428572,0.8967419114610504
2023-05-18,54.34161182398649,54.95691149810159,53.58957971688568,54.87877655029297,2714300.0,1.1317219212651248,5.08,5.59,5.31,5.38,5.02,4.24,3.94,3.69,3.67,3.65,4.02,3.91,561.25,555.25,181018.0,5.3,11.95,2.35,0.4,4.212857142857143,11.298571428571428,2.512857142857143,1.3514285714285714,1.0871428571428572,0.6514285714285712,-0.1628571428571428,-0.9514285714285714,0.2714194605760694
2023-05-19,55.210848233107086,55.9892507778466,55.04481704067439,55.64058303833008,2284100.0,0.1668576300144195,5.08,5.62,5.29,5.36,5.02,4.28,3.98,3.76,3.74,3.7,4.07,3.95,555.0,554.5,183019.0,2.8,6.95,2.15,0.0,4.4871428571428575,10.858571428571429,2.605714285714286,1.29,-1.6871428571428575,-3.908571428571429,-0.4557142857142859,-1.29,0.6967491381590176
2023-05-20,55.210848233107086,55.9892507778466,55.04481704067439,55.64058303833008,2284100.0,0.1668576300144195,5.08,5.62,5.29,5.36,5.02,4.28,3.98,3.76,3.74,3.7,4.07,3.95,555.0,554.5,183019.0,2.8,6.95,2.15,0.0,4.4871428571428575,10.858571428571429,2.605714285714286,1.29,-1.6871428571428575,-3.908571428571429,-0.4557142857142859,-1.29,0.6967491381590176
2023-05-21,55.210848233107086,55.9892507778466,55.04481704067439,55.64058303833008,2284100.0,0.1668576300144195,5.08,5.62,5.29,5.36,5.02,4.28,3.98,3.76,3.74,3.7,4.07,3.95,555.0,554.5,183019.0,2.8,6.95,2.15,0.0,4.4871428571428575,10.858571428571429,2.605714285714286,1.29,-1.6871428571428575,-3.908571428571429,-0.4557142857142859,-1.29,0.6967491381590176
2023-05-22,56.02147817070732,56.03124317673166,55.23037855827328,55.533145904541016,2179400.0,-0.4184849858283996,5.08,5.69,5.4,5.43,5.07,4.29,3.98,3.77,3.74,3.72,4.09,3.97,554.75,571.0,148542.0,8.6,14.15,2.55,0.0,5.537142857142857,11.582857142857142,2.6185714285714288,1.63,3.0628571428571423,2.5671428571428585,-0.0685714285714289,-1.63,0.6375957466376935
2023-05-23,55.259683604576985,55.523379762005504,54.527185171169634,54.72251510620117,2627400.0,-0.050336368381977,5.08,5.67,5.34,5.39,5.06,4.26,3.99,3.76,3.73,3.7,4.08,3.96,570.25,577.5,133375.0,8.05,14.7,1.8,0.0,5.52,10.918571428571427,2.462857142857143,1.5371428571428571,2.530000000000001,3.781428571428572,-0.662857142857143,-1.5371428571428571,0.8392582149192463
2023-05-24,54.79088349601862,54.85924972112004,53.77027076009052,53.96072006225586,1870900.0,0.8566190735436976,5.08,5.73,5.37,5.42,5.12,4.31,4.04,3.75,3.76,3.73,4.1,3.97,577.0,587.25,152816.0,6.95,15.0,1.85,0.0,5.248571428571428,10.604285714285714,2.5028571428571427,1.8071428571428572,1.701428571428572,4.395714285714286,-0.6528571428571426,-1.8071428571428572,0.8308842840945267
2023-05-25,53.65795688667139,54.04862425410337,53.34542448299786,53.5700569152832,2255200.0,0.1021822988986969,5.08,5.95,5.38,5.46,5.24,4.5,4.21,3.9,3.86,3.83,4.16,4.01,587.5,590.75,145545.0,8.9,14.45,2.95,0.0,4.985714285714286,10.681428571428572,2.2542857142857144,1.3985714285714284,3.9142857142857146,3.768571428571427,0.6957142857142857,-1.3985714285714284,0.9643354835542912
2023-05-26,53.8923523504404,54.478349613909565,53.68725368079416,53.88258361816406,2953600.0,0.514380781445652,5.08,6.02,5.34,5.44,5.25,4.54,4.23,3.92,3.86,3.8,4.13,3.96,590.25,604.0,178644.0,7.5,14.7,2.75,0.0,4.7057142857142855,11.122857142857145,2.068571428571429,1.39,2.7942857142857145,3.5771428571428547,0.681428571428571,-1.39,0.8406226885475745
2023-05-27,53.8923523504404,54.478349613909565,53.68725368079416,53.88258361816406,2953600.0,0.514380781445652,5.08,6.02,5.34,5.44,5.25,4.54,4.23,3.92,3.86,3.8,4.13,3.96,590.25,604.0,178644.0,7.5,14.7,2.75,0.0,4.7057142857142855,11.122857142857145,2.068571428571429,1.39,2.7942857142857145,3.5771428571428547,0.681428571428571,-1.39,0.8406226885475745
2023-05-28,53.8923523504404,54.478349613909565,53.68725368079416,53.88258361816406,2953600.0,0.514380781445652,5.08,6.02,5.34,5.44,5.25,4.54,4.23,3.92,3.86,3.8,4.13,3.96,590.25,604.0,178644.0,7.5,14.7,2.75,0.0,4.7057142857142855,11.122857142857145,2.068571428571429,1.39,2.7942857142857145,3.5771428571428547,0.681428571428571,-1.39,0.8406226885475745
2023-05-29,53.8923523504404,54.478349613909565,53.68725368079416,53.88258361816406,2953600.0,0.514380781445652,5.08,6.02,5.34,5.44,5.25,4.54,4.23,3.92,3.86,3.8,4.13,3.96,590.25,604.0,178644.0,7.5,14.7,2.75,0.0,4.7057142857142855,11.122857142857145,2.068571428571429,1.39,2.7942857142857145,3.5771428571428547,0.681428571428571,-1.39,0.8406226885475745
2023-05-30,53.83374949324065,53.83374949324065,52.91763840439285,53.687252044677734,3789800.0,0.8844066262245177,5.08,5.31,5.55,5.52,5.22,4.46,4.1,3.81,3.75,3.69,4.06,3.9,603.75,594.0,176207.0,9.45,16.4,1.5,0.0,6.014285714285714,12.387142857142855,2.1799999999999997,2.575714285714286,3.435714285714285,4.012857142857143,-0.6799999999999997,-2.575714285714286,1.0274265960170994
2023-05-31,53.40324658518164,53.618701925384414,51.875483222650765,52.38473892211914,6882800.0,0.2282641977071761,5.08,5.28,5.52,5.46,5.18,4.4,4.04,3.74,3.69,3.64,4.01,3.85,594.25,594.0,170159.0,9.7,16.4,2.3,0.0,5.585714285714285,11.974285714285717,2.024285714285714,1.5314285714285714,4.114285714285714,4.425714285714282,0.2757142857142858,-1.5314285714285714,0.9339188702959376
2023-06-01,52.340667435335895,52.747093200683594,51.669820222745386,52.747093200683594,3872400.0,0.2282641977071761,5.08,5.3,5.5,5.44,5.11,4.33,3.98,3.7,3.66,3.61,3.98,3.84,594.0,592.5,153589.0,9.7,16.1,2.3,0.0,5.821428571428571,11.912857142857142,2.092857142857143,1.9599999999999995,3.878571428571428,4.1871428571428595,0.2071428571428568,-1.9599999999999995,0.9077044913580298
2023-06-02,54.127955752084965,54.96039069718191,53.71663227464504,54.764522552490234,3365400.0,-0.5213929675519469,5.08,5.28,5.5,5.5,5.22,4.5,4.13,3.84,3.78,3.69,4.03,3.88,592.5,609.0,199864.0,10.3,15.85,2.05,0.0,6.071428571428571,12.112857142857145,2.15,1.0271428571428571,4.2285714285714295,3.737142857142855,-0.1,-1.0271428571428571,0.80205666100701
2023-06-03,54.127955752084965,54.96039069718191,53.71663227464504,54.764522552490234,3365400.0,-0.5213929675519469,5.08,5.28,5.5,5.5,5.22,4.5,4.13,3.84,3.78,3.69,4.03,3.88,592.5,609.0,199864.0,10.3,15.85,2.05,0.0,6.071428571428571,12.112857142857145,2.15,1.0271428571428571,4.2285714285714295,3.737142857142855,-0.1,-1.0271428571428571,0.80205666100701
2023-06-04,54.127955752084965,54.96039069718191,53.71663227464504,54.764522552490234,3365400.0,-0.5213929675519469,5.08,5.28,5.5,5.5,5.22,4.5,4.13,3.84,3.78,3.69,4.03,3.88,592.5,609.0,199864.0,10.3,15.85,2.05,0.0,6.071428571428571,12.112857142857145,2.15,1.0271428571428571,4.2285714285714295,3.737142857142855,-0.1,-1.0271428571428571,0.80205666100701
2023-06-05,54.75472963390856,55.75365378779403,54.7057635327706,55.03873825073242,3424200.0,-1.333696212619543,5.08,5.25,5.46,5.46,5.17,4.46,4.1,3.82,3.77,3.69,4.03,3.89,609.0,597.5,168376.0,7.8,16.95,0.7,0.0,6.51,13.0,1.9228571428571428,2.5957142857142856,1.29,3.9499999999999993,-1.2228571428571429,-2.5957142857142856,0.9709849843770426
2023-06-06,54.695966926020795,56.64484909185614,54.60782645146796,56.42939376831055,3438000.0,-0.7520278543233871,5.08,5.15,5.44,5.44,5.2,4.51,4.15,3.85,3.78,3.7,4.02,3.87,599.75,608.0,185929.0,8.6,17.5,0.65,0.0,6.777142857142857,13.268571428571429,2.2685714285714287,0.8228571428571428,1.822857142857143,4.231428571428571,-1.6185714285714288,-0.8228571428571428,1.0112135798550022
2023-06-07,56.615473419446104,57.34997617080224,56.4685713748252,56.889686584472656,5948900.0,-0.6859122738242147,5.08,5.07,5.42,5.43,5.16,4.56,4.21,3.93,3.88,3.79,4.12,3.95,605.0,604.25,174301.0,9.45,16.4,1.35,0.0,6.905714285714286,13.237142857142857,2.2142857142857144,0.8928571428571429,2.5442857142857136,3.162857142857142,-0.8642857142857143,-0.8928571428571429,0.7941314672201465
2023-06-08,56.977825805400755,56.977825805400755,56.12580367869401,56.63505935668945,2850300.0,-1.6713582053780556,5.08,5.25,5.38,5.39,5.12,4.52,4.17,3.87,3.8,3.73,4.05,3.89,600.0,610.25,178765.0,10.0,15.55,2.1,0.0,6.927142857142857,12.771428571428572,2.3842857142857143,1.8714285714285712,3.072857142857143,2.7785714285714285,-0.2842857142857142,-1.8714285714285712,0.7324142043517274
2023-06-09,56.10621954270723,56.223738940675894,54.735146201533695,55.273780822753906,4734000.0,0.3833262138068676,5.08,5.25,5.37,5.39,5.17,4.59,4.23,3.92,3.84,3.75,4.05,3.89,608.25,604.25,174688.0,9.15,14.15,1.8,6.2,6.945714285714286,13.122857142857145,2.4514285714285715,1.94,2.204285714285714,1.0271428571428558,-0.6514285714285715,4.26,0.7942943825686202
2023-06-10,56.10621954270723,56.223738940675894,54.735146201533695,55.273780822753906,4734000.0,0.3833262138068676,5.08,5.25,5.37,5.39,5.17,4.59,4.23,3.92,3.84,3.75,4.05,3.89,608.25,604.25,174688.0,9.15,14.15,1.8,6.2,6.945714285714286,13.122857142857145,2.4514285714285715,1.94,2.204285714285714,1.0271428571428558,-0.6514285714285715,4.26,0.7942943825686202
2023-06-11,56.10621954270723,56.223738940675894,54.735146201533695,55.273780822753906,4734000.0,0.3833262138068676,5.08,5.25,5.37,5.39,5.17,4.59,4.23,3.92,3.84,3.75,4.05,3.89,608.25,604.25,174688.0,9.15,14.15,1.8,6.2,6.945714285714286,13.122857142857145,2.4514285714285715,1.94,2.204285714285714,1.0271428571428558,-0.6514285714285715,4.26,0.7942943825686202
2023-06-12,55.2835738074615,56.10621702812128,54.92122016737152,55.822208404541016,3261100.0,0.1998905390501022,5.08,5.24,5.4,5.38,5.18,4.55,4.16,3.89,3.82,3.73,4.04,3.87,609.0,617.25,208159.0,4.45,13.9,1.2,0.0,6.791428571428571,13.231428571428571,1.9228571428571428,1.5257142857142856,-2.3414285714285707,0.668571428571429,-0.7228571428571429,-1.5257142857142856,0.5839192058891348
2023-06-13,55.97889719679854,56.82112753067832,55.97889719679854,56.50774002075195,2184300.0,0.1211316213011741,5.08,5.19,5.36,5.36,5.26,4.67,4.3,4.01,3.94,3.84,4.12,3.94,617.0,612.5,202991.0,7.5,15.3,1.5,0.0,6.978571428571429,13.64,2.04,2.222857142857143,0.5214285714285714,1.66,-0.54,-2.222857142857143,0.5013612336260764
2023-06-14,56.7574750609068,56.86716032175351,55.68020216811061,55.851585388183594,2447100.0,-0.4196043089032173,5.08,5.18,5.36,5.36,5.27,4.74,4.37,4.06,3.95,3.83,4.09,3.9,610.25,607.75,187535.0,6.65,16.1,0.7,0.0,7.427142857142857,13.57,2.212857142857143,2.045714285714286,-0.7771428571428567,2.530000000000001,-1.5128571428571431,-2.045714285714286,0.8430295243528007
2023-06-15,55.959304959377334,56.791743492878126,55.959304959377334,56.4881477355957,3801400.0,0.7769146412611008,5.07,5.18,5.33,5.33,5.21,4.62,4.23,3.91,3.82,3.72,4.02,3.85,608.0,623.25,194030.0,6.65,16.65,1.15,0.0,7.477142857142857,13.401428571428571,2.164285714285714,2.205714285714286,-0.8271428571428565,3.2485714285714273,-1.0142857142857142,-2.205714285714286,0.7847564667716083
2023-06-16,56.47836175963072,56.674229902515094,55.601858451399664,56.047454833984375,10092000.0,-0.1479044333100319,5.08,5.18,5.34,5.35,5.24,4.7,4.32,3.99,3.88,3.77,4.05,3.86,623.0,640.25,223694.0,8.05,15.3,1.75,0.0,7.345714285714286,14.014285714285714,2.1042857142857145,3.567142857142857,0.7042857142857146,1.2857142857142865,-0.3542857142857145,-3.567142857142857,0.5427723745416686
2023-06-17,56.47836175963072,56.674229902515094,55.601858451399664,56.047454833984375,10092000.0,-0.1479044333100319,5.08,5.18,5.34,5.35,5.24,4.7,4.32,3.99,3.88,3.77,4.05,3.86,623.0,640.25,223694.0,8.05,15.3,1.75,0.0,7.345714285714286,14.014285714285714,2.1042857142857145,3.567142857142857,0.7042857142857146,1.2857142857142865,-0.3542857142857145,-3.567142857142857,0.5427723745416686
2023-06-18,56.47836175963072,56.674229902515094,55.601858451399664,56.047454833984375,10092000.0,-0.1479044333100319,5.08,5.18,5.34,5.35,5.24,4.7,4.32,3.99,3.88,3.77,4.05,3.86,623.0,640.25,223694.0,8.05,15.3,1.75,0.0,7.345714285714286,14.014285714285714,2.1042857142857145,3.567142857142857,0.7042857142857146,1.2857142857142865,-0.3542857142857145,-3.567142857142857,0.5427723745416686
2023-06-19,56.47836175963072,56.674229902515094,55.601858451399664,56.047454833984375,10092000.0,-0.1479044333100319,5.08,5.18,5.34,5.35,5.24,4.7,4.32,3.99,3.88,3.77,4.05,3.86,623.0,640.25,223694.0,8.05,15.3,1.75,0.0,7.345714285714286,14.014285714285714,2.1042857142857145,3.567142857142857,0.7042857142857146,1.2857142857142865,-0.3542857142857145,-3.567142857142857,0.5427723745416686
2023-06-20,55.63613315424022,55.79282691590352,55.068115933289526,55.37171173095703,3439500.0,0.193837657570839,5.07,5.17,5.39,5.41,5.24,4.68,4.29,3.96,3.85,3.74,4.01,3.83,640.75,643.75,151986.0,11.1,16.65,3.05,0.0,7.938571428571429,13.737142857142857,2.204285714285714,4.491428571428571,3.161428571428571,2.912857142857142,0.8457142857142856,-4.491428571428571,1.1063653767966648
2023-06-21,55.077918304535395,57.59481426843445,54.936892780584095,57.359771728515625,4451100.0,0.072182630188763,5.07,5.16,5.4,5.41,5.25,4.68,4.29,3.95,3.84,3.72,3.99,3.81,650.0,671.0,150762.0,9.45,16.1,2.25,0.0,7.72,13.605714285714283,2.1342857142857143,3.18,1.7299999999999995,2.494285714285718,0.1157142857142856,-3.18,0.6417681839937259
2023-06-22,57.17369005536733,57.24714107105356,56.5175323806772,56.69381332397461,2015100.0,0.0818906798958777,5.07,5.18,5.4,5.41,5.29,4.77,4.37,4.03,3.92,3.8,4.06,3.88,668.25,660.5,117760.0,10.3,16.4,1.95,0.0,7.65,13.737142857142857,2.0700000000000003,2.627142857142857,2.6500000000000004,2.662857142857142,-0.1200000000000003,-2.627142857142857,0.6986790692062768
2023-06-23,56.30208454049629,56.68402536439007,55.783033401471585,56.047454833984375,4214000.0,-2.3238992176484317,5.07,5.17,5.41,5.41,5.25,4.71,4.32,3.99,3.88,3.74,4.01,3.82,655.75,630.75,142972.0,10.0,16.1,2.0,0.0,7.967142857142858,13.96142857142857,2.13,1.2228571428571429,2.032857142857142,2.1385714285714315,-0.1299999999999999,-1.2228571428571429,0.4921881960138141
2023-06-24,56.30208454049629,56.68402536439007,55.783033401471585,56.047454833984375,4214000.0,-2.3238992176484317,5.07,5.17,5.41,5.41,5.25,4.71,4.32,3.99,3.88,3.74,4.01,3.82,655.75,630.75,142972.0,10.0,16.1,2.0,0.0,7.967142857142858,13.96142857142857,2.13,1.2228571428571429,2.032857142857142,2.1385714285714315,-0.1299999999999999,-1.2228571428571429,0.4921881960138141
2023-06-25,56.30208454049629,56.68402536439007,55.783033401471585,56.047454833984375,4214000.0,-2.3238992176484317,5.07,5.17,5.41,5.41,5.25,4.71,4.32,3.99,3.88,3.74,4.01,3.82,655.75,630.75,142972.0,10.0,16.1,2.0,0.0,7.967142857142858,13.96142857142857,2.13,1.2228571428571429,2.032857142857142,2.1385714285714315,-0.1299999999999999,-1.2228571428571429,0.4921881960138141
2023-06-26,56.26290642209114,57.046375205637574,56.204144862372466,56.81133270263672,1862400.0,-0.5455965325236319,5.07,5.17,5.5,5.45,5.27,4.65,4.3,3.96,3.85,3.72,4.01,3.83,634.5,637.25,117529.0,7.5,14.45,1.85,0.0,8.031428571428572,14.241428571428573,2.0885714285714285,1.1571428571428573,-0.531428571428572,0.2085714285714264,-0.2385714285714284,-1.1571428571428573,0.2203345319258889
2023-06-27,56.64484976133794,56.801543525075594,55.2443976134877,56.145389556884766,3870100.0,-0.0998057872056961,5.07,5.17,5.44,5.46,5.33,4.74,4.38,4.02,3.9,3.77,4.03,3.84,643.0,623.0,93042.0,6.95,14.45,1.7,0.15,7.932857142857142,14.181428571428572,2.0814285714285714,2.2342857142857144,-0.9828571428571422,0.2685714285714269,-0.3814285714285714,-2.0842857142857145,0.3775766698034029
2023-06-28,56.43919172122006,56.44898344732529,55.17094837783062,55.76344680786133,2973800.0,-0.2583495229482649,5.07,5.17,5.44,5.47,5.32,4.71,4.32,3.97,3.83,3.71,4.0,3.81,625.0,590.0,89617.0,9.45,15.85,1.8,1.15,8.127142857142857,14.184285714285714,2.357142857142857,0.9514285714285716,1.322857142857142,1.6657142857142857,-0.5571428571428572,0.1985714285714283,0.4228410880561969
2023-06-29,55.5969564025679,56.53711893234699,55.47943702031396,56.50774002075195,1927400.0,0.2162585705518722,5.07,5.25,5.46,5.5,5.41,4.87,4.49,4.14,3.99,3.85,4.11,3.92,591.75,581.0,42588.0,8.6,16.95,0.95,0.0,7.992857142857143,14.28857142857143,2.148571428571429,1.5942857142857143,0.6071428571428568,2.6614285714285693,-1.198571428571429,-1.5942857142857143,0.7184640814723346
2023-06-30,56.65464335566583,56.65464335566583,55.44026758061587,56.11600875854492,5278800.0,5.536965181818232e-05,5.08,5.24,5.43,5.47,5.4,4.87,4.49,4.13,3.97,3.81,4.06,3.85,585.0,554.5,6458.0,9.15,13.35,1.05,0.0,8.045714285714286,14.334285714285716,1.9057142857142857,0.2257142857142857,1.104285714285714,-0.9842857142857168,-0.8557142857142856,-0.2257142857142857,0.4294471441373311
2023-07-01,56.65464335566583,56.65464335566583,55.44026758061587,56.11600875854492,5278800.0,5.536965181818232e-05,5.08,5.24,5.43,5.47,5.4,4.87,4.49,4.13,3.97,3.81,4.06,3.85,585.0,554.5,6458.0,9.15,13.35,1.05,0.0,8.045714285714286,14.334285714285716,1.9057142857142857,0.2257142857142857,1.104285714285714,-0.9842857142857168,-0.8557142857142856,-0.2257142857142857,0.4294471441373311
2023-07-02,56.65464335566583,56.65464335566583,55.44026758061587,56.11600875854492,5278800.0,5.536965181818232e-05,5.08,5.24,5.43,5.47,5.4,4.87,4.49,4.13,3.97,3.81,4.06,3.85,585.0,554.5,6458.0,9.15,13.35,1.05,0.0,8.045714285714286,14.334285714285716,1.9057142857142857,0.2257142857142857,1.104285714285714,-0.9842857142857168,-0.8557142857142856,-0.2257142857142857,0.4294471441373311
2023-07-03,56.497948384215526,57.10513999469072,56.375531263117566,56.801544189453125,2013500.0,0.7363837510347366,5.08,5.27,5.44,5.53,5.43,4.94,4.56,4.19,4.03,3.86,4.08,3.87,558.5,557.25,1610.0,10.85,16.95,1.5,0.0,8.59,14.504285714285714,2.142857142857143,1.15,2.26,2.445714285714285,-0.6428571428571428,-1.15,0.6701314776512353
2023-07-04,56.497948384215526,57.10513999469072,56.375531263117566,56.801544189453125,2013500.0,0.7363837510347366,5.08,5.27,5.44,5.53,5.43,4.94,4.56,4.19,4.03,3.86,4.08,3.87,558.5,557.25,1610.0,10.85,16.95,1.5,0.0,8.59,14.504285714285714,2.142857142857143,1.15,2.26,2.445714285714285,-0.6428571428571428,-1.15,0.6701314776512353
2023-07-05,55.89075972374979,56.16203647870641,55.13666982008452,55.38150405883789,4413100.0,0.7795077264308927,5.08,5.28,5.44,5.52,5.4,4.94,4.59,4.25,4.11,3.95,4.17,3.95,558.0,548.25,1921.0,6.4,11.95,1.95,0.0,8.498571428571429,14.552857142857144,2.031428571428571,1.5414285714285716,-2.0985714285714288,-2.602857142857145,-0.0814285714285711,-1.5414285714285716,0.5478110422210023
2023-07-06,54.98977214965223,55.59696002268653,54.793904009226125,55.45005798339844,3614600.0,0.2400027364492416,5.08,5.32,5.46,5.54,5.44,4.99,4.68,4.37,4.22,4.05,4.23,4.01,547.25,566.75,1410.0,4.45,13.05,0.8,0.0,8.182857142857141,14.43285714285714,1.9014285714285712,1.0885714285714283,-3.7328571428571418,-1.382857142857139,-1.1014285714285712,-1.0885714285714283,0.8382864956779289
2023-07-07,55.254191161626984,56.35986420692832,55.254191161626984,56.11600875854492,3735800.0,-1.0464503639377654,5.08,5.32,5.46,5.53,5.41,4.94,4.64,4.35,4.23,4.06,4.27,4.05,567.0,560.5,1322.0,6.65,10.3,1.3,2.15,8.442857142857143,14.30857142857143,2.0085714285714285,1.6957142857142855,-1.7928571428571427,-4.008571428571429,-0.7085714285714284,0.4542857142857144,0.7173919346643836
2023-07-08,55.254191161626984,56.35986420692832,55.254191161626984,56.11600875854492,3735800.0,-1.0464503639377654,5.08,5.32,5.46,5.53,5.41,4.94,4.64,4.35,4.23,4.06,4.27,4.05,567.0,560.5,1322.0,6.65,10.3,1.3,2.15,8.442857142857143,14.30857142857143,2.0085714285714285,1.6957142857142855,-1.7928571428571427,-4.008571428571429,-0.7085714285714284,0.4542857142857144,0.7173919346643836
2023-07-09,55.254191161626984,56.35986420692832,55.254191161626984,56.11600875854492,3735800.0,-1.0464503639377654,5.08,5.32,5.46,5.53,5.41,4.94,4.64,4.35,4.23,4.06,4.27,4.05,567.0,560.5,1322.0,6.65,10.3,1.3,2.15,8.442857142857143,14.30857142857143,2.0085714285714285,1.6957142857142855,-1.7928571428571427,-4.008571428571429,-0.7085714285714284,0.4542857142857144,0.7173919346643836
2023-07-10,54.81349427616622,54.98977523886542,52.02238152401175,52.97233963012695,8954000.0,0.0292020831257104,5.07,5.34,5.48,5.54,5.38,4.85,4.54,4.25,4.14,4.01,4.24,4.05,561.0,570.75,518.0,9.15,16.95,1.9,0.0,8.525714285714285,14.565714285714286,2.2414285714285715,2.0642857142857145,0.6242857142857154,2.3842857142857135,-0.3414285714285716,-2.0642857142857145,0.5041247991128338
2023-07-11,52.815646506272344,53.41304269434258,52.394531283071174,53.393455505371094,4271700.0,-0.260870821774006,5.08,5.35,5.49,5.55,5.44,4.88,4.52,4.24,4.13,3.99,4.22,4.03,567.5,571.75,789.0,8.05,12.5,2.25,0.0,8.635714285714286,14.352857142857143,2.15,0.9457142857142856,-0.5857142857142854,-1.8528571428571432,0.1,-0.9457142857142856,0.3053884160398705
2023-07-12,53.765603931293874,53.82044656535765,52.766679721865415,52.913578033447266,5022200.0,0.1412258110940455,5.08,5.36,5.47,5.53,5.35,4.72,4.36,4.07,3.97,3.86,4.14,3.96,573.0,549.75,713.0,7.5,13.9,1.4,8.75,8.467142857142857,14.398571428571428,1.937142857142857,1.6642857142857144,-0.9671428571428572,-0.4985714285714273,-0.5371428571428571,7.085714285714285,0.826366345796051
2023-07-13,52.82543635404541,53.54035191464375,52.64817659641329,53.48159408569336,3528300.0,0.1540610343217849,5.08,5.37,5.47,5.49,5.27,4.59,4.21,3.93,3.85,3.76,4.07,3.9,547.5,593.5,129.0,8.05,16.4,1.0,0.0,8.608571428571429,14.765714285714283,1.87,0.7742857142857144,-0.5585714285714278,1.6342857142857152,-0.8700000000000001,-0.7742857142857144,0.4783790999316648
2023-07-14,53.71663283938832,53.71663283938832,52.698125200857106,53.129032135009766,2873800.0,-0.0675906240940094,5.08,5.37,5.49,5.52,5.34,4.74,4.35,4.04,3.94,3.83,4.11,3.93,609.75,599.75,107632.0,10.0,15.85,1.65,0.0,8.382857142857143,14.73,1.9285714285714288,1.1914285714285715,1.6171428571428574,1.1199999999999992,-0.2785714285714289,-1.1914285714285715,0.4083203992950807
2023-07-15,53.71663283938832,53.71663283938832,52.698125200857106,53.129032135009766,2873800.0,-0.0675906240940094,5.08,5.37,5.49,5.52,5.34,4.74,4.35,4.04,3.94,3.83,4.11,3.93,609.75,599.75,107632.0,10.0,15.85,1.65,0.0,8.382857142857143,14.73,1.9285714285714288,1.1914285714285715,1.6171428571428574,1.1199999999999992,-0.2785714285714289,-1.1914285714285715,0.4083203992950807
2023-07-16,53.71663283938832,53.71663283938832,52.698125200857106,53.129032135009766,2873800.0,-0.0675906240940094,5.08,5.37,5.49,5.52,5.34,4.74,4.35,4.04,3.94,3.83,4.11,3.93,609.75,599.75,107632.0,10.0,15.85,1.65,0.0,8.382857142857143,14.73,1.9285714285714288,1.1914285714285715,1.6171428571428574,1.1199999999999992,-0.2785714285714289,-1.1914285714285715,0.4083203992950807
2023-07-17,53.129034685234366,53.775396985426205,53.04089420175937,53.46200942993164,2633200.0,0.2506522201001645,5.08,5.37,5.49,5.52,5.33,4.74,4.34,4.02,3.91,3.81,4.1,3.94,512.0,499.25,87969.0,5.55,13.05,1.05,0.0,8.792857142857143,15.221428571428572,2.0185714285714287,1.6914285714285715,-3.242857142857143,-2.171428571428571,-0.9685714285714286,-1.6914285714285715,0.8683851717074327
2023-07-18,54.03001339564554,54.46092400997067,53.78517917782396,53.96146011352539,5000600.0,0.3325230181217193,5.08,5.37,5.49,5.51,5.32,4.74,4.35,4.0,3.9,3.8,4.08,3.91,497.75,528.75,132495.0,8.05,14.15,2.2,0.0,8.96,15.10142857142857,2.142857142857143,1.4942857142857142,-0.91,-0.9514285714285702,0.0571428571428573,-1.4942857142857142,0.2933540378330469
2023-07-19,54.35319718685927,55.3031551620011,54.35319718685927,55.02893829345703,4543600.0,0.3599355071783066,5.08,5.37,5.49,5.51,5.32,4.74,4.34,3.98,3.87,3.75,4.01,3.84,526.75,545.5,193393.0,8.6,15.85,1.25,0.25,8.974285714285715,14.64,2.0028571428571427,1.6085714285714283,-0.3742857142857154,1.209999999999999,-0.7528571428571427,-1.3585714285714283,0.4409242969224091
2023-07-20,55.53819845979648,55.78793043223663,55.01915106316023,55.45005798339844,2328400.0,-1.1414164006710052,5.08,5.44,5.49,5.52,5.35,4.8,4.43,4.08,3.98,3.85,4.1,3.91,545.0,537.25,123962.0,7.8,14.15,2.1,0.0,8.87,14.605714285714283,1.9014285714285712,1.2585714285714285,-1.0699999999999994,-0.4557142857142828,0.1985714285714288,-1.2585714285714285,0.2874394201737313
2023-07-21,55.58716644809629,55.67530692748667,55.05342957658589,55.185638427734375,1891900.0,0.6727484166622162,5.08,5.43,5.5,5.53,5.35,4.82,4.44,4.09,3.97,3.84,4.1,3.91,536.5,527.0,121026.0,6.65,14.7,0.65,0.5,8.772857142857143,14.347142857142856,1.8457142857142856,1.3471428571428572,-2.1228571428571428,0.3528571428571432,-1.1957142857142855,-0.8471428571428572,0.6120354257527589
2023-07-22,55.58716644809629,55.67530692748667,55.05342957658589,55.185638427734375,1891900.0,0.6727484166622162,5.08,5.43,5.5,5.53,5.35,4.82,4.44,4.09,3.97,3.84,4.1,3.91,536.5,527.0,121026.0,6.65,14.7,0.65,0.5,8.772857142857143,14.347142857142856,1.8457142857142856,1.3471428571428572,-2.1228571428571428,0.3528571428571432,-1.1957142857142855,-0.8471428571428572,0.6120354257527589
2023-07-23,55.58716644809629,55.67530692748667,55.05342957658589,55.185638427734375,1891900.0,0.6727484166622162,5.08,5.43,5.5,5.53,5.35,4.82,4.44,4.09,3.97,3.84,4.1,3.91,536.5,527.0,121026.0,6.65,14.7,0.65,0.5,8.772857142857143,14.347142857142856,1.8457142857142856,1.3471428571428572,-2.1228571428571428,0.3528571428571432,-1.1957142857142855,-0.8471428571428572,0.6120354257527589
2023-07-24,55.391301469750154,55.743859647827705,54.91142470112166,55.52840805053711,2508900.0,-0.02004081197083,5.08,5.44,5.51,5.55,5.38,4.81,4.48,4.13,4.0,3.86,4.11,3.92,534.0,560.5,115440.0,9.15,16.95,2.05,0.0,8.745714285714286,14.498571428571427,2.0700000000000003,2.315714285714286,0.4042857142857148,2.451428571428572,-0.0200000000000004,-2.315714285714286,0.4225615089081652
2023-07-25,55.46964706954526,55.46964706954526,54.66659102859927,55.068119049072266,3082200.0,0.5529111614450812,5.08,5.46,5.51,5.57,5.38,4.85,4.53,4.15,4.05,3.91,4.14,3.95,559.75,557.5,104803.0,9.7,17.8,2.25,0.0,8.641428571428571,14.561428571428571,1.9357142857142855,1.37,1.0585714285714278,3.2385714285714293,0.3142857142857145,-1.37,0.5523852975113809
2023-07-26,54.75473406005023,55.107295994141666,54.314031642435936,54.63721466064453,3173200.0,-0.1033878885209561,5.08,5.46,5.51,5.55,5.37,4.82,4.47,4.09,3.99,3.86,4.12,3.94,557.0,540.25,106980.0,11.1,20.0,1.3,0.0,8.407142857142857,14.551428571428572,1.937142857142857,0.1414285714285714,2.692857142857143,5.448571428571428,-0.637142857142857,-0.1414285714285714,0.8742134742438173
2023-07-27,54.76452448952292,55.14646906632449,54.30423862947233,54.44134521484375,2904400.0,-2.0417602006345983,5.33,5.47,5.51,5.56,5.4,4.91,4.58,4.24,4.13,4.01,4.26,4.06,540.25,533.25,95908.0,13.05,18.6,2.2,0.0,8.682857142857141,14.5,1.88,1.627142857142857,4.367142857142859,4.100000000000001,0.3200000000000003,-1.627142857142857,0.9501788343405876
2023-07-28,54.94570382200885,55.08770814018625,54.65680119031555,54.97998046875,2697200.0,-1.656637094914913,5.33,5.47,5.52,5.54,5.37,4.87,4.52,4.18,4.08,3.96,4.22,4.03,533.0,521.0,90547.0,10.55,17.2,2.35,0.0,8.207142857142857,14.45285714285714,1.7242857142857144,0.5085714285714286,2.3428571428571434,2.74714285714286,0.6257142857142857,-0.5085714285714286,0.6477213744439716
2023-07-29,54.94570382200885,55.08770814018625,54.65680119031555,54.97998046875,2697200.0,-1.656637094914913,5.33,5.47,5.52,5.54,5.37,4.87,4.52,4.18,4.08,3.96,4.22,4.03,533.0,521.0,90547.0,10.55,17.2,2.35,0.0,8.207142857142857,14.45285714285714,1.7242857142857144,0.5085714285714286,2.3428571428571434,2.74714285714286,0.6257142857142857,-0.5085714285714286,0.6477213744439716
2023-07-30,54.94570382200885,55.08770814018625,54.65680119031555,54.97998046875,2697200.0,-1.656637094914913,5.33,5.47,5.52,5.54,5.37,4.87,4.52,4.18,4.08,3.96,4.22,4.03,533.0,521.0,90547.0,10.55,17.2,2.35,0.0,8.207142857142857,14.45285714285714,1.7242857142857144,0.5085714285714286,2.3428571428571434,2.74714285714286,0.6257142857142857,-0.5085714285714286,0.6477213744439716
2023-07-31,55.20521930730867,55.312946962683185,54.862452891002256,55.26398086547851,2184800.0,-0.0194737017154693,5.33,5.48,5.55,5.53,5.37,4.88,4.51,4.18,4.08,3.97,4.22,4.02,516.25,504.0,111158.0,9.7,16.1,2.3,0.0,8.325714285714286,15.005714285714287,1.9028571428571428,0.2614285714285714,1.3742857142857137,1.0942857142857143,0.397142857142857,-0.2614285714285714,0.3431004806240862
2023-08-01,54.9897784634384,55.2150255432348,54.5686632207268,54.78411483764648,3106000.0,0.1325470358133316,5.33,5.49,5.54,5.54,5.38,4.92,4.57,4.24,4.15,4.05,4.3,4.11,504.0,497.0,116230.0,10.85,15.55,1.75,0.0,8.368571428571428,14.61,1.9028571428571428,0.7114285714285714,2.4814285714285713,0.9400000000000012,-0.1528571428571428,-0.7114285714285714,0.4025254271458158
2023-08-02,54.255269413701875,55.25418983150707,54.06919299919236,54.74493789672851,3378600.0,1.2565825451165438,5.33,5.48,5.53,5.52,5.36,4.88,4.54,4.24,4.17,4.08,4.35,4.17,497.25,488.25,158406.0,11.1,16.4,1.45,0.0,8.102857142857143,14.371428571428572,1.7328571428571429,1.882857142857143,2.9971428571428564,2.0285714285714267,-0.2828571428571429,-1.882857142857143,0.6649340260493287
2023-08-03,54.42175672922532,55.08280845629854,53.97126260634756,54.539276123046875,4796700.0,-0.8428202383220194,5.33,5.54,5.54,5.52,5.37,4.9,4.58,4.3,4.26,4.2,4.49,4.32,486.25,480.75,101378.0,9.7,16.65,1.0,0.0,8.37,14.59,1.747142857142857,2.387142857142857,1.33,2.0599999999999987,-0.7471428571428571,-2.387142857142857,0.677101207259062
2023-08-04,53.94188562309125,56.30208772547165,53.61870260866865,54.86246109008789,7329700.0,-0.0249583646655083,5.33,5.54,5.54,5.5,5.33,4.78,4.45,4.15,4.1,4.05,4.36,4.21,482.5,484.25,96911.0,9.45,16.65,1.65,0.0,7.994285714285715,13.661428571428573,1.9628571428571429,1.5828571428571427,1.4557142857142846,2.9885714285714258,-0.3128571428571429,-1.5828571428571427,0.5850150138450769
2023-08-05,53.94188562309125,56.30208772547165,53.61870260866865,54.86246109008789,7329700.0,-0.0249583646655083,5.33,5.54,5.54,5.5,5.33,4.78,4.45,4.15,4.1,4.05,4.36,4.21,482.5,484.25,96911.0,9.45,16.65,1.65,0.0,7.994285714285715,13.661428571428573,1.9628571428571429,1.5828571428571427,1.4557142857142846,2.9885714285714258,-0.3128571428571429,-1.5828571428571427,0.5850150138450769
2023-08-06,53.94188562309125,56.30208772547165,53.61870260866865,54.86246109008789,7329700.0,-0.0249583646655083,5.33,5.54,5.54,5.5,5.33,4.78,4.45,4.15,4.1,4.05,4.36,4.21,482.5,484.25,96911.0,9.45,16.65,1.65,0.0,7.994285714285715,13.661428571428573,1.9628571428571429,1.5828571428571427,1.4557142857142846,2.9885714285714258,-0.3128571428571429,-1.5828571428571427,0.5850150138450769
2023-08-07,54.81349037123243,54.8624564716329,53.26613619463451,53.44241714477539,3939500.0,0.5486693512648343,5.33,5.54,5.56,5.53,5.3,4.76,4.44,4.16,4.13,4.09,4.42,4.27,484.75,482.25,164880.0,8.35,14.15,1.2,0.0,8.594285714285714,14.294285714285715,1.9285714285714288,2.9299999999999997,-0.2442857142857146,-0.144285714285715,-0.7285714285714289,-2.9299999999999997,0.4581859077800617
2023-08-08,52.972333923896926,53.711734341354415,52.78626125481359,53.06047439575195,2916100.0,-0.312561591155827,5.33,5.54,5.57,5.53,5.35,4.74,4.36,4.1,4.06,4.02,4.35,4.2,482.0,485.75,124554.0,7.2,14.45,0.75,0.0,8.444285714285714,14.127142857142855,2.0,0.4071428571428571,-1.2442857142857138,0.3228571428571438,-1.25,-0.4071428571428571,0.5085708628008797
2023-08-09,52.91357801274003,53.1682077301144,52.14969633236542,52.267215728759766,3674600.0,0.0669497847557067,5.33,5.51,5.55,5.54,5.35,4.79,4.41,4.12,4.07,4.0,4.33,4.18,485.75,481.0,120224.0,8.6,15.0,0.85,0.0,8.19,14.255714285714284,1.747142857142857,0.92,0.4100000000000001,0.7442857142857164,-0.8971428571428571,-0.92,0.410905578235953
2023-08-10,52.512044720386534,52.60508292347175,51.013660424955326,51.13117980957031,5140500.0,-0.2854546234011651,5.33,5.55,5.54,5.52,5.33,4.82,4.47,4.21,4.17,4.09,4.41,4.24,481.5,483.25,93318.0,8.6,15.55,2.1,0.15,7.85,13.851428571428572,1.5814285714285714,1.49,0.75,1.6985714285714284,0.5185714285714287,-1.34,0.4510990903529859
2023-08-11,51.14097658031027,51.581675217868735,50.89614234350048,51.327049255371094,2990000.0,-0.7390638291835785,5.33,5.54,5.54,5.52,5.36,4.89,4.56,4.31,4.26,4.16,4.45,4.27,483.0,474.5,174425.0,8.9,16.95,1.5,0.0,8.022857142857143,13.947142857142856,1.7542857142857142,2.09,0.8771428571428572,3.0028571428571436,-0.2542857142857142,-2.09,0.5564378423920102
2023-08-12,51.14097658031027,51.581675217868735,50.89614234350048,51.327049255371094,2990000.0,-0.7390638291835785,5.33,5.54,5.54,5.52,5.36,4.89,4.56,4.31,4.26,4.16,4.45,4.27,483.0,474.5,174425.0,8.9,16.95,1.5,0.0,8.022857142857143,13.947142857142856,1.7542857142857142,2.09,0.8771428571428572,3.0028571428571436,-0.2542857142857142,-2.09,0.5564378423920102
2023-08-13,51.14097658031027,51.581675217868735,50.89614234350048,51.327049255371094,2990000.0,-0.7390638291835785,5.33,5.54,5.54,5.52,5.36,4.89,4.56,4.31,4.26,4.16,4.45,4.27,483.0,474.5,174425.0,8.9,16.95,1.5,0.0,8.022857142857143,13.947142857142856,1.7542857142857142,2.09,0.8771428571428572,3.0028571428571436,-0.2542857142857142,-2.09,0.5564378423920102
2023-08-14,50.92552947998047,50.98429105121837,50.44565265455738,50.92552947998047,2305400.0,-0.7390638291835785,5.33,5.55,5.56,5.56,5.37,4.96,4.64,4.36,4.29,4.19,4.46,4.29,476.25,475.75,73606.0,6.65,12.5,3.2,1.9,7.3914285714285715,13.545714285714286,1.89,0.6542857142857142,-0.7414285714285711,-1.0457142857142865,1.3100000000000005,1.2457142857142856,0.6022597994597516
2023-08-15,50.31833581513018,50.33792300332184,49.10395629836646,49.60342025756836,5545700.0,0.541062742471695,5.33,5.53,5.56,5.55,5.36,4.92,4.64,4.36,4.31,4.21,4.49,4.32,474.0,464.0,89967.0,5.85,14.15,1.05,0.0,7.557142857142857,13.72,1.9614285714285715,1.4057142857142857,-1.7071428571428573,0.4299999999999997,-0.9114285714285716,-1.4057142857142857,0.5470763118053057
2023-08-16,49.55445159848811,49.867839145264576,48.97174861338381,48.97664260864258,4172100.0,0.9014033228158947,5.33,5.52,5.56,5.54,5.37,4.97,4.68,4.42,4.37,4.28,4.55,4.38,463.0,469.5,70843.0,9.15,16.4,3.15,0.0,7.925714285714285,13.728571428571428,1.9342857142857144,1.65,1.224285714285715,2.671428571428571,1.2157142857142855,-1.65,0.7853306741047982
2023-08-17,48.96684715688943,49.94618410002722,48.917881056907326,49.387962341308594,3909300.0,0.5166341960430145,5.33,5.55,5.56,5.53,5.36,4.94,4.67,4.42,4.38,4.3,4.58,4.41,470.0,473.0,69172.0,7.2,12.5,1.85,0.0,7.73,13.9,1.8842857142857143,0.9728571428571428,-0.5300000000000002,-1.4000000000000004,-0.0342857142857142,-0.9728571428571428,0.2478922558842729
2023-08-18,49.0060234079838,49.94618601279126,49.0060234079838,49.711143493652344,4778200.0,-0.073059357702732,5.33,5.53,5.55,5.52,5.35,4.92,4.63,4.38,4.34,4.26,4.55,4.38,473.75,479.5,66477.0,6.95,14.45,3.65,0.0,7.688571428571429,13.795714285714284,2.045714285714286,1.3942857142857144,-0.7385714285714284,0.6542857142857148,1.604285714285714,-1.3942857142857144,0.660720325775552
2023-08-19,49.0060234079838,49.94618601279126,49.0060234079838,49.711143493652344,4778200.0,-0.073059357702732,5.33,5.53,5.55,5.52,5.35,4.92,4.63,4.38,4.34,4.26,4.55,4.38,473.75,479.5,66477.0,6.95,14.45,3.65,0.0,7.688571428571429,13.795714285714284,2.045714285714286,1.3942857142857144,-0.7385714285714284,0.6542857142857148,1.604285714285714,-1.3942857142857144,0.660720325775552
2023-08-20,49.0060234079838,49.94618601279126,49.0060234079838,49.711143493652344,4778200.0,-0.073059357702732,5.33,5.53,5.55,5.52,5.35,4.92,4.63,4.38,4.34,4.26,4.55,4.38,473.75,479.5,66477.0,6.95,14.45,3.65,0.0,7.688571428571429,13.795714285714284,2.045714285714286,1.3942857142857144,-0.7385714285714284,0.6542857142857148,1.604285714285714,-1.3942857142857144,0.660720325775552
2023-08-21,49.72094214368375,49.82181448678482,49.11864821818429,49.17251205444336,2486300.0,0.3415799997746943,5.33,5.55,5.57,5.58,5.37,4.97,4.7,4.46,4.42,4.34,4.64,4.45,486.0,469.25,74711.0,10.0,17.8,2.55,0.0,7.725714285714285,13.825714285714286,1.8485714285714288,1.6242857142857143,2.274285714285715,3.974285714285715,0.7014285714285711,-1.6242857142857143,0.8484165520868674
2023-08-22,49.00602335944411,49.16271712675681,48.163792959185514,48.35966110229492,3498300.0,0.3502342142164706,5.33,5.54,5.57,5.57,5.39,5.02,4.75,4.49,4.44,4.34,4.61,4.42,469.25,466.5,72976.0,13.6,19.15,2.95,0.0,8.221428571428572,14.164285714285716,2.2471428571428573,0.2385714285714285,5.378571428571428,4.985714285714282,0.7028571428571428,-0.2385714285714285,1.1103249570974951
2023-08-23,48.2813085115957,48.310691159043905,47.67412067852398,48.06585693359375,5037600.0,-0.2912668399512769,5.33,5.54,5.57,5.55,5.35,4.95,4.64,4.36,4.3,4.19,4.46,4.27,467.0,476.25,84523.0,13.35,18.6,2.15,0.0,8.522857142857143,14.464285714285714,2.1557142857142857,1.3214285714285714,4.8271428571428565,4.135714285714288,-0.0057142857142857,-1.3214285714285714,0.8874876699777914
2023-08-24,47.83082014259694,48.69753176035913,47.72309247280039,48.62408447265625,3935200.0,0.254372239112854,5.33,5.55,5.58,5.59,5.39,4.98,4.69,4.39,4.34,4.23,4.49,4.3,476.25,472.25,85162.0,11.1,16.95,1.25,2.55,8.474285714285715,14.305714285714286,2.0942857142857143,1.3571428571428572,2.625714285714285,2.6442857142857132,-0.8442857142857143,1.1928571428571426,0.7775148001959196
2023-08-25,48.89828932994975,49.39774948079485,48.604489021460054,48.9080810546875,5374200.0,0.9473814517259598,5.33,5.56,5.61,5.61,5.44,5.03,4.72,4.44,4.37,4.25,4.5,4.3,471.25,470.75,84408.0,8.9,16.4,2.0,7.6,8.331428571428573,14.015714285714289,1.8985714285714288,1.1728571428571428,0.5685714285714276,2.38428571428571,0.1014285714285712,6.427142857142857,0.7745569247303417
2023-08-26,48.89828932994975,49.39774948079485,48.604489021460054,48.9080810546875,5374200.0,0.9473814517259598,5.33,5.56,5.61,5.61,5.44,5.03,4.72,4.44,4.37,4.25,4.5,4.3,471.25,470.75,84408.0,8.9,16.4,2.0,7.6,8.331428571428573,14.015714285714289,1.8985714285714288,1.1728571428571428,0.5685714285714276,2.38428571428571,0.1014285714285712,6.427142857142857,0.7745569247303417
2023-08-27,48.89828932994975,49.39774948079485,48.604489021460054,48.9080810546875,5374200.0,0.9473814517259598,5.33,5.56,5.61,5.61,5.44,5.03,4.72,4.44,4.37,4.25,4.5,4.3,471.25,470.75,84408.0,8.9,16.4,2.0,7.6,8.331428571428573,14.015714285714289,1.8985714285714288,1.1728571428571428,0.5685714285714276,2.38428571428571,0.1014285714285712,6.427142857142857,0.7745569247303417
2023-08-28,49.094163312914155,50.06370482034993,49.094163312914155,49.87763214111328,3791900.0,0.3700893074274063,5.33,5.56,5.58,5.56,5.44,4.98,4.69,4.38,4.32,4.2,4.48,4.29,476.25,478.5,87576.0,8.9,16.1,1.3,0.0,7.761428571428571,14.054285714285712,1.882857142857143,2.8614285714285717,1.1385714285714297,2.04571428571429,-0.582857142857143,-2.8614285714285717,0.6510983029045857
2023-08-29,50.09308498967679,50.31833203313977,49.740523100474256,50.249778747558594,3143500.0,0.3119378015398978,5.33,5.54,5.56,5.52,5.37,4.87,4.56,4.26,4.21,4.12,4.42,4.23,476.5,469.5,98795.0,7.8,15.55,1.45,0.0,7.327142857142856,13.93,1.792857142857143,1.0857142857142856,0.4728571428571442,1.620000000000001,-0.3428571428571429,-1.0857142857142856,0.3520933564422207
2023-08-30,50.21060494016686,50.50440527252316,49.9902518889942,50.200809478759766,3462800.0,0.8301947806030512,5.33,5.55,5.56,5.51,5.39,4.9,4.57,4.27,4.22,4.12,4.42,4.23,469.0,461.75,74605.0,6.65,15.3,1.55,0.0,7.0,13.84,2.03,0.3571428571428571,-0.3499999999999996,1.4600000000000009,-0.4799999999999997,-0.3571428571428571,0.3077408453358957
2023-08-31,50.35799546500943,50.37764398226149,49.56225112794421,49.621192932128906,3958200.0,-0.468968778848648,5.33,5.52,5.56,5.48,5.37,4.85,4.54,4.23,4.19,4.09,4.39,4.2,461.75,461.0,12073.0,9.45,15.0,3.85,0.0,7.244285714285715,13.451428571428572,2.0628571428571427,1.227142857142857,2.2057142857142846,1.548571428571428,1.7871428571428574,-1.227142857142857,0.9052496467645716
2023-09-01,50.102571170114146,50.495534011653405,49.95520916764408,50.210636138916016,3573200.0,0.6678168773651123,5.33,5.51,5.53,5.47,5.36,4.87,4.57,4.29,4.27,4.18,4.48,4.29,461.0,464.75,3311.0,9.45,17.2,3.3,0.0,7.658571428571429,13.411428571428573,2.142857142857143,1.1828571428571428,1.79142857142857,3.7885714285714265,1.157142857142857,-1.1828571428571428,0.8765252805714235
2023-09-02,50.102571170114146,50.495534011653405,49.95520916764408,50.210636138916016,3573200.0,0.6678168773651123,5.33,5.51,5.53,5.47,5.36,4.87,4.57,4.29,4.27,4.18,4.48,4.29,461.0,464.75,3311.0,9.45,17.2,3.3,0.0,7.658571428571429,13.411428571428573,2.142857142857143,1.1828571428571428,1.79142857142857,3.7885714285714265,1.157142857142857,-1.1828571428571428,0.8765252805714235
2023-09-03,50.102571170114146,50.495534011653405,49.95520916764408,50.210636138916016,3573200.0,0.6678168773651123,5.33,5.51,5.53,5.47,5.36,4.87,4.57,4.29,4.27,4.18,4.48,4.29,461.0,464.75,3311.0,9.45,17.2,3.3,0.0,7.658571428571429,13.411428571428573,2.142857142857143,1.1828571428571428,1.79142857142857,3.7885714285714265,1.157142857142857,-1.1828571428571428,0.8765252805714235
2023-09-04,50.102571170114146,50.495534011653405,49.95520916764408,50.210636138916016,3573200.0,0.6678168773651123,5.33,5.51,5.53,5.47,5.36,4.87,4.57,4.29,4.27,4.18,4.48,4.29,461.0,464.75,3311.0,9.45,17.2,3.3,0.0,7.658571428571429,13.411428571428573,2.142857142857143,1.1828571428571428,1.79142857142857,3.7885714285714265,1.157142857142857,-1.1828571428571428,0.8765252805714235
2023-09-05,50.62324014221525,50.986732056385975,50.05344818491626,50.063270568847656,6091000.0,0.0329908877611161,5.33,5.51,5.55,5.51,5.42,4.94,4.65,4.37,4.35,4.27,4.56,4.38,466.0,471.0,1553.0,8.05,15.0,2.6,0.0,7.174285714285714,13.414285714285716,2.2314285714285713,1.25,0.8757142857142863,1.5857142857142836,0.3685714285714287,-1.25,0.4062898917569655
2023-09-06,49.955213607595496,50.112398008667256,49.27735658064323,49.61137390136719,4988300.0,0.4586764355190095,5.33,5.52,5.55,5.52,5.44,5.01,4.73,4.44,4.39,4.3,4.56,4.37,473.5,471.5,841.0,5.0,12.2,2.5,0.0,6.775714285714286,13.695714285714288,1.981428571428571,0.4614285714285714,-1.7757142857142858,-1.495714285714289,0.5185714285714289,-0.4614285714285714,0.4610602842666433
2023-09-07,49.25770784807233,49.74890956773412,47.980584126466034,48.68791580200195,9868200.0,0.4586764355190095,5.33,5.52,5.53,5.5,5.4,4.94,4.66,4.38,4.35,4.27,4.55,4.36,471.25,470.75,741.0,3.35,11.65,1.0,0.25,6.231428571428571,12.278571428571428,2.0085714285714285,1.032857142857143,-2.8814285714285712,-0.6285714285714281,-1.0085714285714285,-0.7828571428571429,0.6494220737269875
2023-09-08,48.8058041545118,49.04157888608757,48.39319275289652,48.70756530761719,2997600.0,0.9567017406225204,5.33,5.52,5.55,5.49,5.42,4.98,4.68,4.39,4.35,4.26,4.52,4.33,471.25,468.5,233.0,5.0,15.55,0.85,0.0,5.634285714285714,12.36142857142857,2.044285714285714,1.3385714285714283,-0.6342857142857143,3.1885714285714304,-1.194285714285714,-1.3385714285714283,0.7427589952947079
2023-09-09,48.8058041545118,49.04157888608757,48.39319275289652,48.70756530761719,2997600.0,0.9567017406225204,5.33,5.52,5.55,5.49,5.42,4.98,4.68,4.39,4.35,4.26,4.52,4.33,471.25,468.5,233.0,5.0,15.55,0.85,0.0,5.634285714285714,12.36142857142857,2.044285714285714,1.3385714285714283,-0.6342857142857143,3.1885714285714304,-1.194285714285714,-1.3385714285714283,0.7427589952947079
2023-09-10,48.8058041545118,49.04157888608757,48.39319275289652,48.70756530761719,2997600.0,0.9567017406225204,5.33,5.52,5.55,5.49,5.42,4.98,4.68,4.39,4.35,4.26,4.52,4.33,471.25,468.5,233.0,5.0,15.55,0.85,0.0,5.634285714285714,12.36142857142857,2.044285714285714,1.3385714285714283,-0.6342857142857143,3.1885714285714304,-1.194285714285714,-1.3385714285714283,0.7427589952947079
2023-09-11,48.84510099517764,49.36577362724703,48.69773897785864,48.93351745605469,3350800.0,-0.5988946110010147,5.33,5.52,5.55,5.51,5.4,4.97,4.64,4.4,4.37,4.29,4.56,4.37,470.25,471.25,430.0,4.7,13.05,1.1,0.0,6.234285714285714,12.547142857142855,2.0842857142857145,1.2385714285714289,-1.5342857142857138,0.5028571428571453,-0.9842857142857144,-1.2385714285714289,0.5435299710253441
2023-09-12,49.15946368838708,50.800075455851406,48.62896498908899,50.72148513793945,6620700.0,0.1364641040563583,5.33,5.52,5.56,5.53,5.42,4.98,4.66,4.41,4.36,4.27,4.54,4.35,473.5,463.25,174.0,4.7,12.5,1.3,0.15,6.081428571428571,12.76,1.875714285714286,0.7828571428571428,-1.3814285714285708,-0.2599999999999998,-0.5757142857142858,-0.6328571428571428,0.352793303924398
2023-09-13,50.947439862170825,52.46034196606815,50.947439862170825,51.07515335083008,6209400.0,-0.180769219994545,5.33,5.53,5.55,5.51,5.42,4.96,4.64,4.39,4.34,4.25,4.52,4.34,466.75,464.0,120.0,5.55,14.15,1.9,0.0,5.6571428571428575,12.347142857142856,2.0900000000000003,1.6357142857142857,-0.1071428571428576,1.8028571428571445,-0.1900000000000004,-1.6357142857142857,0.3349582431123771
2023-09-14,51.6645937312923,51.99369796307434,51.251982364335255,51.68424224853515,4979700.0,-0.180769219994545,5.33,5.52,5.55,5.5,5.42,5.0,4.68,4.42,4.38,4.29,4.57,4.39,455.75,462.5,113552.0,6.65,14.7,2.1,1.8,5.3671428571428565,11.887142857142855,2.0114285714285716,0.5057142857142857,1.2828571428571438,2.812857142857144,0.0885714285714285,1.2942857142857145,0.4720553571458076
2023-09-15,51.586000511254305,52.31298067091778,51.49758405599214,51.62529754638672,11690000.0,0.7265328466892242,5.33,5.51,5.56,5.49,5.43,5.02,4.72,4.45,4.41,4.33,4.59,4.42,480.0,476.25,110377.0,6.95,13.35,0.9,0.65,5.314285714285714,12.201428571428572,2.1385714285714283,2.752857142857143,1.635714285714286,1.1485714285714277,-1.2385714285714284,-2.102857142857143,0.7410095934622505
2023-09-16,51.586000511254305,52.31298067091778,51.49758405599214,51.62529754638672,11690000.0,0.7265328466892242,5.33,5.51,5.56,5.49,5.43,5.02,4.72,4.45,4.41,4.33,4.59,4.42,480.0,476.25,110377.0,6.95,13.35,0.9,0.65,5.314285714285714,12.201428571428572,2.1385714285714283,2.752857142857143,1.635714285714286,1.1485714285714277,-1.2385714285714284,-2.102857142857143,0.7410095934622505
2023-09-17,51.586000511254305,52.31298067091778,51.49758405599214,51.62529754638672,11690000.0,0.7265328466892242,5.33,5.51,5.56,5.49,5.43,5.02,4.72,4.45,4.41,4.33,4.59,4.42,480.0,476.25,110377.0,6.95,13.35,0.9,0.65,5.314285714285714,12.201428571428572,2.1385714285714283,2.752857142857143,1.635714285714286,1.1485714285714277,-1.2385714285714284,-2.102857142857143,0.7410095934622505
2023-09-18,51.51723359173685,51.78248296276567,50.77060864732252,50.9572639465332,4218300.0,0.485344501212239,5.33,5.53,5.55,5.51,5.44,5.05,4.74,4.46,4.41,4.32,4.57,4.4,475.25,471.5,143316.0,7.5,15.3,2.15,0.0,5.5771428571428565,11.468571428571428,2.174285714285714,1.11,1.9228571428571437,3.8314285714285727,-0.024285714285714,-1.11,0.582486996777513
2023-09-19,51.40917088968031,51.70389115540113,51.134095393778914,51.615474700927734,5439500.0,0.2467266693711281,5.33,5.53,5.54,5.51,5.45,5.08,4.79,4.51,4.47,4.37,4.6,4.43,471.25,476.25,139647.0,5.55,15.85,1.75,0.0,5.191428571428571,11.802857142857144,2.27,1.8657142857142857,0.3585714285714285,4.047142857142855,-0.52,-1.8657142857142857,0.6471841700689062
2023-09-20,52.05755738518019,52.05755738518019,50.78042997766603,50.85902404785156,4121300.0,-0.1693089827895164,5.33,5.53,5.56,5.51,5.47,5.12,4.82,4.52,4.46,4.35,4.57,4.4,476.0,482.25,162298.0,6.65,15.55,2.0,0.0,5.211428571428572,11.891428571428571,2.35,1.8814285714285712,1.4385714285714286,3.6585714285714297,-0.3500000000000001,-1.8814285714285712,0.6711395376178976
2023-09-21,50.34816969666012,50.86884225234913,50.102568868871536,50.62324142456055,3519100.0,0.0956331044435501,5.33,5.52,5.57,5.52,5.46,5.12,4.85,4.61,4.57,4.49,4.74,4.56,481.0,475.25,115196.0,7.8,11.4,2.2,2.3,4.41,10.978571428571428,2.2928571428571427,0.9885714285714288,3.3899999999999997,0.4214285714285726,-0.0928571428571425,1.311428571428571,0.4750983911377765
2023-09-22,50.68219302670105,50.87867446191726,50.33344025928882,50.51518249511719,3208600.0,0.5534669160842896,5.33,5.52,5.56,5.52,5.46,5.1,4.8,4.57,4.53,4.44,4.7,4.53,475.0,477.25,88610.0,7.8,11.4,2.2,0.0,3.951428571428572,10.187142857142858,2.1585714285714284,1.0928571428571427,3.848571428571428,1.2128571428571426,0.0414285714285718,-1.0928571428571427,0.5510503227635
2023-09-23,50.68219302670105,50.87867446191726,50.33344025928882,50.51518249511719,3208600.0,0.5534669160842896,5.33,5.52,5.56,5.52,5.46,5.1,4.8,4.57,4.53,4.44,4.7,4.53,475.0,477.25,88610.0,7.8,11.4,2.2,0.0,3.951428571428572,10.187142857142858,2.1585714285714284,1.0928571428571427,3.848571428571428,1.2128571428571426,0.0414285714285718,-1.0928571428571427,0.5510503227635
2023-09-24,50.68219302670105,50.87867446191726,50.33344025928882,50.51518249511719,3208600.0,0.5534669160842896,5.33,5.52,5.56,5.52,5.46,5.1,4.8,4.57,4.53,4.44,4.7,4.53,475.0,477.25,88610.0,7.8,11.4,2.2,0.0,3.951428571428572,10.187142857142858,2.1585714285714284,1.0928571428571427,3.848571428571428,1.2128571428571426,0.0414285714285718,-1.0928571428571427,0.5510503227635
2023-09-25,50.132046081147934,50.466063398899635,49.798028763396225,50.36782455444336,4334400.0,0.0514231473207473,5.33,5.54,5.58,5.52,5.45,5.09,4.83,4.62,4.61,4.55,4.84,4.67,475.25,481.25,101591.0,6.1,11.95,1.65,0.0,4.061428571428571,11.167142857142858,1.7957142857142858,1.262857142857143,2.0385714285714283,0.7828571428571411,-0.1457142857142859,-1.262857142857143,0.3898212785348523
2023-09-26,50.13204164210243,50.51517834815664,49.650666100290714,49.89626693725586,3817800.0,-0.08360674418509,5.33,5.54,5.58,5.53,5.45,5.04,4.84,4.62,4.62,4.56,4.86,4.7,481.0,479.75,117585.0,5.55,11.1,1.25,0.0,3.724285714285714,11.501428571428573,1.9228571428571428,0.1985714285714285,1.8257142857142856,-0.401428571428573,-0.6728571428571428,-0.1985714285714285,0.3976327376750304
2023-09-27,50.13204348903479,50.42676750230809,49.51313205533248,49.856971740722656,2591000.0,-1.0265787616372108,5.33,5.54,5.58,5.53,5.49,5.1,4.89,4.67,4.69,4.61,4.91,4.73,479.75,483.25,125713.0,6.1,11.95,1.3,0.0,3.7142857142857144,11.372857142857145,1.9585714285714284,0.0942857142857142,2.3857142857142852,0.5771428571428547,-0.6585714285714284,-0.0942857142857142,0.4517824155892692
2023-09-28,49.91591750176489,50.32852512595966,49.56225168241422,50.014156341552734,3086000.0,-0.0959034860134124,5.33,5.56,5.56,5.53,5.46,5.04,4.83,4.62,4.63,4.59,4.9,4.71,483.75,488.5,114318.0,5.85,14.45,2.5,0.0,2.8957142857142855,10.874285714285715,1.9085714285714288,0.4614285714285714,2.954285714285714,3.575714285714284,0.5914285714285712,-0.4614285714285714,0.7587985793019856
2023-09-29,50.39729769768164,50.64289856730735,50.023983326530434,50.259761810302734,3507200.0,0.4652686272747814,5.33,5.55,5.55,5.53,5.46,5.03,4.8,4.6,4.61,4.59,4.92,4.73,487.5,476.75,209423.0,9.15,15.85,1.9,0.0,4.017142857142857,11.224285714285717,2.204285714285714,0.3228571428571428,5.1328571428571435,4.625714285714283,-0.3042857142857142,-0.3228571428571428,0.9579251119622167
2023-09-30,50.39729769768164,50.64289856730735,50.023983326530434,50.259761810302734,3507200.0,0.4652686272747814,5.33,5.55,5.55,5.53,5.46,5.03,4.8,4.6,4.61,4.59,4.92,4.73,487.5,476.75,209423.0,9.15,15.85,1.9,0.0,4.017142857142857,11.224285714285717,2.204285714285714,0.3228571428571428,5.1328571428571435,4.625714285714283,-0.3042857142857142,-0.3228571428571428,0.9579251119622167
2023-10-01,50.39729769768164,50.64289856730735,50.023983326530434,50.259761810302734,3507200.0,0.4652686272747814,5.33,5.55,5.55,5.53,5.46,5.03,4.8,4.6,4.61,4.59,4.92,4.73,487.5,476.75,209423.0,9.15,15.85,1.9,0.0,4.017142857142857,11.224285714285717,2.204285714285714,0.3228571428571428,5.1328571428571435,4.625714285714283,-0.3042857142857142,-0.3228571428571428,0.9579251119622167
2023-10-02,50.0436270476793,50.0436270476793,48.854919852080094,49.169288635253906,3666300.0,0.1815311014652252,5.33,5.56,5.62,5.58,5.49,5.12,4.88,4.72,4.73,4.69,5.0,4.81,477.0,488.75,159224.0,11.1,16.95,3.7,0.0,3.46,10.117142857142856,2.112857142857143,1.6942857142857142,7.64,6.832857142857144,1.5871428571428572,-1.6942857142857142,1.8205327902013912
2023-10-03,48.67808592898547,49.73908336077192,48.540550057658656,49.45418548583984,3856900.0,-0.0920094735920429,5.33,5.55,5.62,5.58,5.49,5.15,4.95,4.8,4.84,4.81,5.13,4.95,488.0,487.5,138101.0,8.05,14.45,3.3,9.25,3.3771428571428572,9.795714285714286,2.23,1.4828571428571429,4.6728571428571435,4.654285714285713,1.0699999999999998,7.767142857142857,1.7032881945756586
2023-10-04,49.621193849952654,50.12222168021876,49.262618709291736,49.562252044677734,2759500.0,0.0701893046498298,5.33,5.56,5.61,5.57,5.42,5.05,4.85,4.72,4.75,4.73,5.05,4.87,487.5,486.0,129880.0,6.1,10.3,2.05,0.0,3.12,8.99,2.1114285714285717,3.067142857142857,2.9799999999999995,1.3100000000000005,-0.0614285714285718,-3.067142857142857,0.6377910481975976
2023-10-05,49.24787957935019,49.64083865959283,48.56019650446149,48.95315933227539,2497300.0,0.1141952201724052,5.33,5.57,5.61,5.56,5.39,5.03,4.82,4.68,4.73,4.72,5.06,4.89,486.0,497.5,186342.0,5.0,9.7,3.2,0.0,3.532857142857143,9.555714285714286,2.3400000000000003,1.0642857142857145,1.467142857142857,0.1442857142857132,0.8599999999999999,-1.0642857142857145,0.4612272742842717
2023-10-06,48.79597429989569,49.601548522796534,48.570021971212725,49.169288635253906,2920400.0,-0.3816337287425995,5.33,5.59,5.63,5.59,5.43,5.08,4.87,4.75,4.79,4.78,5.13,4.95,496.0,492.0,125225.0,1.95,6.65,3.9,0.25,2.9885714285714284,8.911428571428571,2.5614285714285714,1.72,-1.0385714285714285,-2.2614285714285707,1.3385714285714283,-1.47,0.7537503533624065
2023-10-07,48.79597429989569,49.601548522796534,48.570021971212725,49.169288635253906,2920400.0,-0.3816337287425995,5.33,5.59,5.63,5.59,5.43,5.08,4.87,4.75,4.79,4.78,5.13,4.95,496.0,492.0,125225.0,1.95,6.65,3.9,0.25,2.9885714285714284,8.911428571428571,2.5614285714285714,1.72,-1.0385714285714285,-2.2614285714285707,1.3385714285714283,-1.47,0.7537503533624065
2023-10-08,48.79597429989569,49.601548522796534,48.570021971212725,49.169288635253906,2920400.0,-0.3816337287425995,5.33,5.59,5.63,5.59,5.43,5.08,4.87,4.75,4.79,4.78,5.13,4.95,496.0,492.0,125225.0,1.95,6.65,3.9,0.25,2.9885714285714284,8.911428571428571,2.5614285714285714,1.72,-1.0385714285714285,-2.2614285714285707,1.3385714285714283,-1.47,0.7537503533624065
2023-10-09,48.79597429989569,49.601548522796534,48.570021971212725,49.169288635253906,2920400.0,-0.3816337287425995,5.33,5.59,5.63,5.59,5.43,5.08,4.87,4.75,4.79,4.78,5.13,4.95,496.0,492.0,125225.0,1.95,6.65,3.9,0.25,2.9885714285714284,8.911428571428571,2.5614285714285714,1.72,-1.0385714285714285,-2.2614285714285707,1.3385714285714283,-1.47,0.7537503533624065
2023-10-10,49.837323404268254,50.289228063156415,49.56716472121558,49.63101959228515,2248400.0,0.2890956550836562,5.33,5.6,5.61,5.57,5.37,4.96,4.74,4.62,4.66,4.66,5.03,4.85,488.0,485.5,110081.0,-0.5,9.15,0.65,0.0,1.981428571428571,9.39,2.1457142857142855,0.1857142857142857,-2.4814285714285713,-0.2400000000000002,-1.4957142857142856,-0.1857142857142857,0.665004054541538
2023-10-11,49.58189932768868,49.64084113149593,47.734979941108605,49.00228118896485,4008900.0,0.5922289714217186,5.33,5.58,5.61,5.56,5.38,4.99,4.73,4.59,4.61,4.58,4.92,4.73,485.5,488.0,102590.0,2.5,11.1,2.9,0.0,2.5614285714285714,9.515714285714289,2.4357142857142855,0.39,-0.0614285714285713,1.584285714285711,0.4642857142857144,-0.39,0.2894848779498576
2023-10-12,49.30682900308783,49.30682900308783,48.26548371925952,48.57002639770508,1897000.0,-0.642260270193219,5.33,5.61,5.63,5.58,5.43,5.06,4.82,4.69,4.73,4.7,5.05,4.86,487.75,496.0,208365.0,4.15,6.65,4.8,15.1,1.9085714285714288,8.24,2.224285714285714,1.1728571428571428,2.2414285714285715,-1.59,2.5757142857142856,13.927142857142856,2.113238820897638
2023-10-13,48.589668875592714,48.96298319855814,48.18688365129916,48.67808532714844,2248000.0,0.2023486942052841,5.33,5.6,5.62,5.57,5.41,5.04,4.8,4.65,4.66,4.63,4.97,4.78,495.0,493.25,138232.0,4.15,5.0,3.8,3.45,1.7642857142857142,7.775714285714285,2.33,0.6371428571428571,2.385714285714286,-2.775714285714285,1.4699999999999998,2.812857142857143,1.060149505006892
2023-10-14,48.589668875592714,48.96298319855814,48.18688365129916,48.67808532714844,2248000.0,0.2023486942052841,5.33,5.6,5.62,5.57,5.41,5.04,4.8,4.65,4.66,4.63,4.97,4.78,495.0,493.25,138232.0,4.15,5.0,3.8,3.45,1.7642857142857142,7.775714285714285,2.33,0.6371428571428571,2.385714285714286,-2.775714285714285,1.4699999999999998,2.812857142857143,1.060149505006892
2023-10-15,48.589668875592714,48.96298319855814,48.18688365129916,48.67808532714844,2248000.0,0.2023486942052841,5.33,5.6,5.62,5.57,5.41,5.04,4.8,4.65,4.66,4.63,4.97,4.78,495.0,493.25,138232.0,4.15,5.0,3.8,3.45,1.7642857142857142,7.775714285714285,2.33,0.6371428571428571,2.385714285714286,-2.775714285714285,1.4699999999999998,2.812857142857143,1.060149505006892
2023-10-16,48.99245926492487,49.15455673446141,48.50125753729057,48.93351745605469,2174900.0,0.3870651628822087,5.33,5.57,5.61,5.58,5.42,5.09,4.87,4.72,4.74,4.71,5.06,4.87,493.5,490.0,113486.0,1.1,8.9,0.8,0.0,1.362857142857143,7.784285714285714,1.9485714285714288,1.0157142857142858,-0.2628571428571429,1.1157142857142863,-1.1485714285714288,-1.0157142857142858,0.502419736247331
2023-10-17,48.80579826068878,50.67236610685254,48.77632735969369,50.65271759033203,3335200.0,0.7549164444208143,5.33,5.58,5.62,5.6,5.48,5.19,5.01,4.86,4.88,4.83,5.14,4.94,490.0,489.0,102031.0,0.3,11.4,1.8,0.0,1.3857142857142857,7.872857142857143,2.367142857142857,0.9957142857142858,-1.0857142857142856,3.5271428571428576,-0.567142857142857,-0.9957142857142858,0.6170479399739444
2023-10-18,50.5151770105409,51.01620480332281,50.21063437921393,50.328521728515625,3455700.0,0.013504683971405,5.33,5.57,5.61,5.58,5.47,5.19,5.03,4.92,4.95,4.91,5.2,5.0,488.5,492.0,119274.0,5.3,8.05,2.9,0.15,1.4757142857142858,7.7785714285714285,2.3,0.4757142857142857,3.824285714285714,0.2714285714285722,0.6000000000000001,-0.3257142857142857,0.5623702850215703
2023-10-19,50.431671801198505,51.006376824248754,49.95520560774669,50.063270568847656,2617000.0,0.013504683971405,5.33,5.58,5.6,5.56,5.44,5.14,5.01,4.95,5.0,4.98,5.3,5.11,492.0,505.0,279440.0,4.15,10.85,1.7,0.0,1.4071428571428573,7.832857142857142,1.9885714285714284,0.0585714285714285,2.742857142857143,3.017142857142858,-0.2885714285714285,-0.0585714285714285,0.5811490542772282
2023-10-20,50.57412457779543,50.72148658098339,49.36576889339697,49.37559127807617,2363800.0,0.2506081573665141,5.33,5.56,5.58,5.54,5.41,5.07,4.93,4.86,4.93,4.93,5.27,5.09,504.0,495.5,264540.0,2.8,13.05,1.3,0.0,1.032857142857143,8.248571428571429,1.9114285714285717,0.4442857142857143,1.767142857142857,4.801428571428572,-0.6114285714285717,-0.4442857142857143,0.752629559530991
2023-10-21,50.57412457779543,50.72148658098339,49.36576889339697,49.37559127807617,2363800.0,0.2506081573665141,5.33,5.56,5.58,5.54,5.41,5.07,4.93,4.86,4.93,4.93,5.27,5.09,504.0,495.5,264540.0,2.8,13.05,1.3,0.0,1.032857142857143,8.248571428571429,1.9114285714285717,0.4442857142857143,1.767142857142857,4.801428571428572,-0.6114285714285717,-0.4442857142857143,0.752629559530991
2023-10-22,50.57412457779543,50.72148658098339,49.36576889339697,49.37559127807617,2363800.0,0.2506081573665141,5.33,5.56,5.58,5.54,5.41,5.07,4.93,4.86,4.93,4.93,5.27,5.09,504.0,495.5,264540.0,2.8,13.05,1.3,0.0,1.032857142857143,8.248571428571429,1.9114285714285717,0.4442857142857143,1.767142857142857,4.801428571428572,-0.6114285714285717,-0.4442857142857143,0.752629559530991
2023-10-23,46.54627177174167,48.4226620203155,46.54627177174167,47.91181182861328,5078100.0,-0.502642773091793,5.33,5.57,5.58,5.56,5.42,5.05,4.89,4.81,4.87,4.86,5.19,5.01,494.25,490.25,126442.0,4.7,11.1,1.3,0.0,1.1828571428571428,7.027142857142857,2.162857142857143,1.5714285714285714,3.5171428571428573,4.072857142857143,-0.8628571428571428,-1.5714285714285714,1.0106481957698914
2023-10-24,47.59744064715017,47.92654485332046,47.24377485944489,47.558143615722656,3765900.0,0.1528827771544457,5.33,5.57,5.58,5.57,5.41,5.02,4.91,4.82,4.86,4.83,5.15,4.96,490.75,484.0,161081.0,5.0,7.8,1.9,0.0,0.6185714285714285,6.635714285714286,2.0642857142857145,0.18,4.381428571428572,1.1642857142857137,-0.1642857142857146,-0.18,0.5582438024683402
2023-10-25,47.67603414826483,48.29494931810652,47.558146793675945,47.77427673339844,2394400.0,0.4048216640949249,5.33,5.56,5.59,5.57,5.43,5.08,4.98,4.89,4.98,4.95,5.27,5.09,483.5,480.0,177281.0,4.7,7.2,1.9,0.75,0.6214285714285716,6.6728571428571435,2.2214285714285715,0.48,4.078571428571428,0.5271428571428567,-0.3214285714285716,0.27,0.5275960285538159
2023-10-26,48.15741351948347,48.45213378018812,47.75462828875377,47.85286712646485,2856600.0,0.0075726360082625,5.33,5.57,5.59,5.55,5.39,5.02,4.89,4.79,4.86,4.86,5.19,5.01,480.0,479.25,190730.0,1.95,8.05,1.8,2.15,0.1657142857142856,6.390000000000001,2.28,0.5128571428571428,1.7842857142857145,1.66,-0.4799999999999997,1.637142857142857,0.5564826113467924
2023-10-27,46.66415830243896,47.351841384831275,46.3792604365438,46.9785270690918,5864100.0,0.0903621464967727,5.33,5.57,5.59,5.55,5.39,4.99,4.84,4.76,4.83,4.84,5.19,5.03,479.25,480.75,126300.0,-2.45,2.2,3.55,0.0,0.1042857142857143,6.0128571428571425,2.505714285714286,0.71,-2.5542857142857143,-3.8128571428571423,1.044285714285714,-0.71,0.8819608441808435
2023-10-28,46.66415830243896,47.351841384831275,46.3792604365438,46.9785270690918,5864100.0,0.0903621464967727,5.33,5.57,5.59,5.55,5.39,4.99,4.84,4.76,4.83,4.84,5.19,5.03,479.25,480.75,126300.0,-2.45,2.2,3.55,0.0,0.1042857142857143,6.0128571428571425,2.505714285714286,0.71,-2.5542857142857143,-3.8128571428571423,1.044285714285714,-0.71,0.8819608441808435
2023-10-29,46.66415830243896,47.351841384831275,46.3792604365438,46.9785270690918,5864100.0,0.0903621464967727,5.33,5.57,5.59,5.55,5.39,4.99,4.84,4.76,4.83,4.84,5.19,5.03,479.25,480.75,126300.0,-2.45,2.2,3.55,0.0,0.1042857142857143,6.0128571428571425,2.505714285714286,0.71,-2.5542857142857143,-3.8128571428571423,1.044285714285714,-0.71,0.8819608441808435
2023-10-30,47.32237112396727,47.49920404005086,46.688724213501345,47.37149429321289,3637600.0,0.3908628821372986,5.33,5.56,5.6,5.53,5.41,5.03,4.87,4.8,4.88,4.88,5.21,5.04,480.0,478.25,136565.0,-3.55,3.35,3.05,0.0,-0.3242857142857143,5.288571428571428,2.3457142857142856,0.3314285714285714,-3.2257142857142855,-1.938571428571428,0.7042857142857142,-0.3314285714285714,0.6709598328590664
2023-10-31,47.18483130355142,47.48937768861006,46.49715196240504,47.29289627075195,3755200.0,1.2765579149127009,5.33,5.56,5.59,5.54,5.44,5.07,4.9,4.82,4.89,4.88,5.21,5.04,478.25,478.75,136045.0,-3.85,0.85,2.7,0.0,-1.07,5.311428571428571,2.0714285714285716,0.8928571428571429,-2.78,-4.461428571428572,0.6285714285714286,-0.8928571428571429,0.8582734934705875
2023-11-01,47.292899606585145,47.45008400244446,46.59539408418265,46.899940490722656,4446800.0,0.206184983253479,5.33,5.56,5.57,5.51,5.37,4.95,4.76,4.67,4.75,4.77,5.13,4.96,478.75,475.0,180119.0,-1.9,5.55,2.0,0.0,-0.4328571428571429,5.691428571428571,2.5,0.3157142857142857,-1.467142857142857,-0.1414285714285714,-0.5,-0.3157142857142857,0.3060517441504776
2023-11-02,47.07677101355106,48.71738670595871,47.07677101355106,48.68791580200195,2771400.0,0.2840288504958151,5.33,5.52,5.54,5.5,5.38,4.98,4.78,4.65,4.68,4.67,4.99,4.82,475.0,470.0,202193.0,-3.0,6.65,1.3,0.0,-0.6642857142857143,5.42,2.3442857142857143,0.2285714285714285,-2.335714285714286,1.2300000000000004,-1.0442857142857145,-0.2285714285714285,0.61421068416946
2023-11-03,48.92369275842977,49.75873796845388,48.81562777556779,49.34612655639648,2843100.0,0.0807910412549972,5.33,5.53,5.53,5.45,5.29,4.83,4.62,4.49,4.55,4.57,4.93,4.77,470.0,477.25,200217.0,1.65,7.8,1.45,0.0,-0.99,5.2057142857142855,2.13,0.5028571428571429,2.6399999999999997,2.5942857142857143,-0.6799999999999999,-0.5028571428571429,0.6769135309329393
2023-11-04,48.92369275842977,49.75873796845388,48.81562777556779,49.34612655639648,2843100.0,0.0807910412549972,5.33,5.53,5.53,5.45,5.29,4.83,4.62,4.49,4.55,4.57,4.93,4.77,470.0,477.25,200217.0,1.65,7.8,1.45,0.0,-0.99,5.2057142857142855,2.13,0.5028571428571429,2.6399999999999997,2.5942857142857143,-0.6799999999999999,-0.5028571428571429,0.6769135309329393
2023-11-05,48.92369275842977,49.75873796845388,48.81562777556779,49.34612655639648,2843100.0,0.0807910412549972,5.33,5.53,5.53,5.45,5.29,4.83,4.62,4.49,4.55,4.57,4.93,4.77,470.0,477.25,200217.0,1.65,7.8,1.45,0.0,-0.99,5.2057142857142855,2.13,0.5028571428571429,2.6399999999999997,2.5942857142857143,-0.6799999999999999,-0.5028571428571429,0.6769135309329393
2023-11-06,49.28717592070811,49.36576999017355,48.854919781362675,49.0906982421875,2640900.0,0.3475992176681757,5.33,5.53,5.56,5.47,5.33,4.93,4.72,4.6,4.66,4.67,5.0,4.84,477.25,477.25,131646.0,1.95,8.9,2.2,0.0,-1.372857142857143,4.758571428571429,2.12,0.2771428571428571,3.322857142857143,4.1414285714285715,0.08,-0.2771428571428571,0.6872980532766378
2023-11-07,48.65843883029767,48.972807616085454,48.2654797218487,48.412837982177734,3070700.0,0.8924705237150192,5.33,5.53,5.55,5.47,5.33,4.91,4.64,4.53,4.58,4.58,4.91,4.75,477.0,468.5,215810.0,1.65,5.85,2.1,0.0,-1.4885714285714289,4.6328571428571435,2.162857142857143,0.1414285714285714,3.138571428571429,1.2171428571428562,-0.0628571428571427,-0.1414285714285714,0.4173008121088116
2023-11-08,48.45213317129191,48.7095238696546,47.72515678719442,47.76445007324219,2811700.0,-0.8280861787497996,5.33,5.52,5.54,5.46,5.34,4.93,4.65,4.51,4.54,4.49,4.82,4.64,469.0,476.0,322782.0,0.3,7.2,2.1,0.0,-0.8042857142857143,4.941428571428571,2.21,0.0357142857142857,1.1042857142857143,2.258571428571429,-0.1099999999999998,-0.0357142857142857,0.3181336421003199
2023-11-09,48.79596928591376,48.79596928591376,43.515551637825986,43.726768493652344,7045300.0,0.21768818795681,5.33,5.53,5.54,5.46,5.39,5.03,4.77,4.65,4.68,4.62,4.97,4.77,475.0,468.0,257163.0,-0.8,5.85,2.35,0.0,-0.9514285714285714,5.041428571428571,2.23,0.57,0.1514285714285713,0.8085714285714287,0.1200000000000001,-0.57,0.1563785934542255
2023-11-10,43.589239028809835,43.87413692220174,42.58718708305228,42.783668518066406,5287900.0,0.5386238694190979,5.33,5.53,5.53,5.46,5.38,5.04,4.8,4.65,4.68,4.61,4.93,4.73,468.0,464.0,230543.0,-0.8,3.05,1.35,0.0,-1.97,3.628571428571429,2.5085714285714285,1.0799999999999998,1.17,-0.5785714285714292,-1.1585714285714284,-1.0799999999999998,0.5503876539557438
2023-11-11,43.589239028809835,43.87413692220174,42.58718708305228,42.783668518066406,5287900.0,0.5386238694190979,5.33,5.53,5.53,5.46,5.38,5.04,4.8,4.65,4.68,4.61,4.93,4.73,468.0,464.0,230543.0,-0.8,3.05,1.35,0.0,-1.97,3.628571428571429,2.5085714285714285,1.0799999999999998,1.17,-0.5785714285714292,-1.1585714285714284,-1.0799999999999998,0.5503876539557438
2023-11-12,43.589239028809835,43.87413692220174,42.58718708305228,42.783668518066406,5287900.0,0.5386238694190979,5.33,5.53,5.53,5.46,5.38,5.04,4.8,4.65,4.68,4.61,4.93,4.73,468.0,464.0,230543.0,-0.8,3.05,1.35,0.0,-1.97,3.628571428571429,2.5085714285714285,1.0799999999999998,1.17,-0.5785714285714292,-1.1585714285714284,-1.0799999999999998,0.5503876539557438
2023-11-13,42.665778749874626,44.55199142546198,42.45947494115191,44.49304962158203,7620400.0,0.5386238694190979,5.33,5.53,5.55,5.48,5.37,5.02,4.8,4.66,4.69,4.63,4.95,4.75,463.25,477.25,249727.0,-1.6,9.7,2.25,0.0,-1.6157142857142857,4.27,2.2285714285714286,0.4057142857142857,0.0157142857142855,5.43,0.0214285714285713,-0.4057142857142857,0.4803219512511869
2023-11-14,44.68952996588824,46.16313498843024,44.68952996588824,45.46562576293945,4344200.0,0.8686510808765887,5.33,5.52,5.52,5.41,5.24,4.8,4.56,4.42,4.45,4.44,4.8,4.61,477.0,478.25,183143.0,2.5,10.0,2.9,0.0,-1.602857142857143,3.8042857142857143,2.157142857142857,0.1842857142857143,4.102857142857143,6.195714285714286,0.7428571428571429,-0.1842857142857143,1.097154297066725
2023-11-15,45.563871333611736,46.41856125340194,45.563871333611736,45.907711029052734,2854000.0,0.0615792945027351,5.33,5.52,5.53,5.41,5.27,4.9,4.68,4.52,4.56,4.53,4.87,4.68,477.75,470.75,245509.0,-2.45,8.9,1.55,0.0,-2.1942857142857144,3.82,2.082857142857143,0.6928571428571428,-0.2557142857142858,5.08,-0.5328571428571431,-0.6928571428571428,0.6336954203067922
2023-11-16,46.467681017516426,47.10624473955925,45.51966156729253,46.14348983764648,3101000.0,0.270327940583229,5.33,5.53,5.51,5.38,5.23,4.83,4.59,4.43,4.47,4.45,4.82,4.63,471.0,474.75,182325.0,0.0,10.3,3.2,0.0,-1.9228571428571428,3.962857142857142,2.3457142857142856,0.4042857142857143,1.9228571428571428,6.337142857142858,0.8542857142857145,-0.4042857142857143,0.9539596277365248
2023-11-17,46.36944402459482,46.75258077407828,45.981394208495175,46.48733139038086,3495300.0,0.1114278472959994,5.33,5.52,5.5,5.39,5.24,4.88,4.64,4.45,4.47,4.44,4.8,4.59,474.5,467.0,132235.0,-3.3,5.0,1.25,0.0,-2.13,3.0985714285714288,2.3242857142857143,0.3628571428571428,-1.17,1.9014285714285712,-1.0742857142857145,-0.3628571428571428,0.579441280063956
2023-11-18,46.36944402459482,46.75258077407828,45.981394208495175,46.48733139038086,3495300.0,0.1114278472959994,5.33,5.52,5.5,5.39,5.24,4.88,4.64,4.45,4.47,4.44,4.8,4.59,474.5,467.0,132235.0,-3.3,5.0,1.25,0.0,-2.13,3.0985714285714288,2.3242857142857143,0.3628571428571428,-1.17,1.9014285714285712,-1.0742857142857145,-0.3628571428571428,0.579441280063956
2023-11-19,46.36944402459482,46.75258077407828,45.981394208495175,46.48733139038086,3495300.0,0.1114278472959994,5.33,5.52,5.5,5.39,5.24,4.88,4.64,4.45,4.47,4.44,4.8,4.59,474.5,467.0,132235.0,-3.3,5.0,1.25,0.0,-2.13,3.0985714285714288,2.3242857142857143,0.3628571428571428,-1.17,1.9014285714285712,-1.0742857142857145,-0.3628571428571428,0.579441280063956
2023-11-20,46.47750170080066,46.47750170080066,45.809467153708155,46.03541946411133,3238800.0,0.1986612048931421,5.33,5.53,5.54,5.43,5.25,4.89,4.62,4.44,4.46,4.42,4.74,4.57,467.0,469.5,139825.0,3.05,5.3,1.65,0.0,-2.6028571428571428,3.06,2.1542857142857144,0.3614285714285714,5.652857142857142,2.24,-0.5042857142857144,-0.3614285714285714,0.8687468297732197
2023-11-21,46.01577252056281,46.22207632220971,45.42633201655129,45.45580291748047,2709300.0,0.1986612048931421,5.33,5.52,5.53,5.42,5.24,4.86,4.6,4.41,4.44,4.41,4.75,4.57,469.25,470.0,173228.0,-1.9,4.15,3.0,0.0,-2.9971428571428573,2.612857142857143,2.36,0.0571428571428571,1.0971428571428574,1.5371428571428574,0.6400000000000001,-0.0571428571428571,0.4027130249672943
2023-11-22,45.47544822697316,45.642454983889415,44.689526361191525,45.54421615600586,1984300.0,-0.8790745735168456,5.33,5.54,5.54,5.42,5.26,4.89,4.62,4.44,4.46,4.42,4.73,4.55,468.75,468.75,126935.0,-2.45,7.8,1.8,0.0,-2.95,2.774285714285714,2.0285714285714285,0.2314285714285714,0.5,5.025714285714286,-0.2285714285714284,-0.2314285714285714,0.5342729130918412
2023-11-23,45.47544822697316,45.642454983889415,44.689526361191525,45.54421615600586,1984300.0,-0.8790745735168456,5.33,5.54,5.54,5.42,5.26,4.89,4.62,4.44,4.46,4.42,4.73,4.55,468.75,468.75,126935.0,-2.45,7.8,1.8,0.0,-2.95,2.774285714285714,2.0285714285714285,0.2314285714285714,0.5,5.025714285714286,-0.2285714285714284,-0.2314285714285714,0.5342729130918412
2023-11-24,45.387043038954054,46.467685403959536,45.27897805293911,45.84877014160156,1411400.0,-0.148524135351181,5.33,5.55,5.54,5.45,5.27,4.92,4.67,4.49,4.51,4.47,4.79,4.6,468.0,463.25,113555.0,-5.25,-0.8,1.4,0.0,-3.25,2.5342857142857143,2.337142857142857,0.6142857142857143,-2.0,-3.3342857142857145,-0.9371428571428572,-0.6142857142857143,0.7555436207853417
2023-11-25,45.387043038954054,46.467685403959536,45.27897805293911,45.84877014160156,1411400.0,-0.148524135351181,5.33,5.55,5.54,5.45,5.27,4.92,4.67,4.49,4.51,4.47,4.79,4.6,468.0,463.25,113555.0,-5.25,-0.8,1.4,0.0,-3.25,2.5342857142857143,2.337142857142857,0.6142857142857143,-2.0,-3.3342857142857145,-0.9371428571428572,-0.6142857142857143,0.7555436207853417
2023-11-26,45.387043038954054,46.467685403959536,45.27897805293911,45.84877014160156,1411400.0,-0.148524135351181,5.33,5.55,5.54,5.45,5.27,4.92,4.67,4.49,4.51,4.47,4.79,4.6,468.0,463.25,113555.0,-5.25,-0.8,1.4,0.0,-3.25,2.5342857142857143,2.337142857142857,0.6142857142857143,-2.0,-3.3342857142857145,-0.9371428571428572,-0.6142857142857143,0.7555436207853417
2023-11-27,45.11195969883276,45.45089005129373,44.78776854447252,44.9253044128418,3223100.0,0.2662972919642924,5.33,5.54,5.49,5.45,5.24,4.84,4.6,4.38,4.43,4.39,4.72,4.53,464.25,455.5,180939.0,-5.8,-0.5,2.4,0.0,-3.919999999999999,1.5842857142857143,2.2457142857142856,0.8785714285714286,-1.8800000000000008,-2.0842857142857145,0.1542857142857143,-0.8785714285714286,0.4533160515426584
2023-11-28,44.84671043813009,45.465621795336425,44.50286704766664,44.69934844970703,4426900.0,-1.4029383193701506,5.33,5.53,5.47,5.42,5.21,4.73,4.49,4.29,4.36,4.34,4.7,4.52,455.5,451.5,181371.0,-5.8,3.6,1.7,0.0,-4.102857142857142,1.882857142857143,2.0914285714285716,0.74,-1.6971428571428575,1.717142857142857,-0.3914285714285717,-0.74,0.4593823724837713
2023-11-29,44.94494926536476,45.22984711094478,44.4832185327055,44.69934844970703,3426500.0,0.1944430507719516,5.33,5.53,5.45,5.38,5.12,4.64,4.4,4.22,4.28,4.27,4.62,4.44,451.0,449.75,139560.0,-2.15,6.1,1.35,0.0,-3.7071428571428577,1.56,2.2985714285714285,0.4871428571428571,1.5571428571428578,4.539999999999999,-0.9485714285714284,-0.4871428571428571,0.8057534598841317
2023-11-30,44.8176572936192,44.90638575988165,44.38387577011183,44.56133270263672,7518600.0,-2.3462225474650036,5.33,5.56,5.45,5.38,5.16,4.73,4.48,4.31,4.38,4.37,4.72,4.54,449.75,461.75,14188.0,-4.65,3.05,1.9,0.0,-3.6628571428571424,1.052857142857143,2.355714285714286,0.6342857142857142,-0.987142857142858,1.9971428571428569,-0.4557142857142859,-0.6342857142857142,0.4254571483919812
2023-12-01,44.71906821707013,45.76901851685069,44.44302579326964,45.54719924926758,5788300.0,0.5543554369360206,5.33,5.55,5.43,5.33,5.05,4.56,4.31,4.14,4.22,4.22,4.58,4.4,460.25,464.5,3312.0,-5.8,1.95,0.9,0.0,-3.7928571428571423,1.481428571428571,2.157142857142857,0.4257142857142857,-2.0071428571428576,0.4685714285714288,-1.2571428571428571,-0.4257142857142857,0.594378636892672
2023-12-02,44.71906821707013,45.76901851685069,44.44302579326964,45.54719924926758,5788300.0,0.5543554369360206,5.33,5.55,5.43,5.33,5.05,4.56,4.31,4.14,4.22,4.22,4.58,4.4,460.25,464.5,3312.0,-5.8,1.95,0.9,0.0,-3.7928571428571423,1.481428571428571,2.157142857142857,0.4257142857142857,-2.0071428571428576,0.4685714285714288,-1.2571428571428571,-0.4257142857142857,0.594378636892672
2023-12-03,44.71906821707013,45.76901851685069,44.44302579326964,45.54719924926758,5788300.0,0.5543554369360206,5.33,5.55,5.43,5.33,5.05,4.56,4.31,4.14,4.22,4.22,4.58,4.4,460.25,464.5,3312.0,-5.8,1.95,0.9,0.0,-3.7928571428571423,1.481428571428571,2.157142857142857,0.4257142857142857,-2.0071428571428576,0.4685714285714288,-1.2571428571428571,-0.4257142857142857,0.594378636892672
2023-12-04,45.251446770078694,45.561994550368695,44.53175816550131,44.5810546875,5222800.0,0.0971056818962096,5.33,5.55,5.46,5.41,5.1,4.64,4.4,4.23,4.3,4.28,4.61,4.43,461.25,460.25,1925.0,-2.75,3.35,1.6,0.0,-4.804285714285714,0.6228571428571429,2.2357142857142858,0.3657142857142857,2.0542857142857143,2.7271428571428573,-0.6357142857142857,-0.3657142857142857,0.6109411927765994
2023-12-05,44.30500314483139,44.539642978167066,43.26984024047851,43.26984024047851,4894000.0,-0.0264085587114095,5.33,5.54,5.45,5.37,5.06,4.57,4.33,4.14,4.2,4.18,4.48,4.3,460.25,468.5,639.0,-2.75,3.6,1.1,0.0,-5.005714285714285,0.1971428571428572,2.3414285714285716,0.0428571428571428,2.2557142857142853,3.402857142857143,-1.2414285714285715,-0.0428571428571428,0.821908914365824
2023-12-06,43.46701526008862,43.9698073841073,43.35856894137184,43.52616882324219,3746300.0,-0.3675877004861831,5.33,5.54,5.45,5.38,5.07,4.6,4.33,4.12,4.16,4.12,4.4,4.22,467.75,464.75,347.0,-0.8,6.65,1.8,0.0,-5.267142857142857,-0.0357142857142857,2.0228571428571427,0.0699999999999999,4.467142857142857,6.685714285714286,-0.2228571428571426,-0.0699999999999999,1.0222558627339655
2023-12-07,43.624752108970384,44.06839440800047,43.47687008902836,43.871219635009766,4821500.0,0.3759304992854595,5.33,5.53,5.44,5.36,5.05,4.58,4.31,4.11,4.16,4.14,4.42,4.25,465.0,468.25,322.0,-1.6,8.05,1.55,0.0,-4.83,0.2628571428571429,1.79,0.0742857142857142,3.23,7.787142857142857,-0.24,-0.0742857142857142,1.0022575674371963
2023-12-08,43.98952167302478,44.6796314773631,43.87121831710263,44.51203536987305,5691400.0,-0.1132081598043442,5.33,5.54,5.44,5.39,5.13,4.71,4.45,4.24,4.28,4.23,4.49,4.31,468.0,465.75,319.0,1.65,5.3,3.4,0.0,-4.975714285714286,0.3057142857142857,2.0085714285714285,0.5257142857142857,6.625714285714286,4.994285714285714,1.3914285714285717,-0.5257142857142857,1.433592784812986
2023-12-09,43.98952167302478,44.6796314773631,43.87121831710263,44.51203536987305,5691400.0,-0.1132081598043442,5.33,5.54,5.44,5.39,5.13,4.71,4.45,4.24,4.28,4.23,4.49,4.31,468.0,465.75,319.0,1.65,5.3,3.4,0.0,-4.975714285714286,0.3057142857142857,2.0085714285714285,0.5257142857142857,6.625714285714286,4.994285714285714,1.3914285714285717,-0.5257142857142857,1.433592784812986
2023-12-10,43.98952167302478,44.6796314773631,43.87121831710263,44.51203536987305,5691400.0,-0.1132081598043442,5.33,5.54,5.44,5.39,5.13,4.71,4.45,4.24,4.28,4.23,4.49,4.31,468.0,465.75,319.0,1.65,5.3,3.4,0.0,-4.975714285714286,0.3057142857142857,2.0085714285714285,0.5257142857142857,6.625714285714286,4.994285714285714,1.3914285714285717,-0.5257142857142857,1.433592784812986
2023-12-11,44.9261014266195,45.25144037400196,44.62048033309017,45.15285110473633,5526700.0,-0.1132081598043442,5.33,5.55,5.47,5.4,5.14,4.71,4.42,4.25,4.27,4.23,4.51,4.32,465.5,460.5,379.0,-4.95,4.45,1.6,0.0,-5.515714285714286,-0.1171428571428571,2.26,0.1842857142857143,0.5657142857142858,4.567142857142858,-0.6599999999999997,-0.1842857142857143,0.615171064341343
2023-12-12,45.01483372636032,45.01483372636032,44.08811708103141,44.17684555053711,4052500.0,0.0298883430659771,5.33,5.53,5.46,5.41,5.14,4.73,4.42,4.23,4.24,4.2,4.48,4.3,459.25,462.5,265.0,-4.4,1.1,1.3,0.0,-4.7942857142857145,0.2071428571428571,2.0628571428571427,0.1457142857142857,0.3942857142857141,0.892857142857143,-0.7628571428571427,-0.1457142857142857,0.3251557750495144
2023-12-13,44.50218434524623,45.08384796751492,44.07825981914548,44.89653396606445,8684900.0,-0.201546810567379,5.33,5.52,5.44,5.33,4.94,4.46,4.18,4.0,4.04,4.04,4.36,4.19,462.5,456.75,256.0,-3.3,3.9,1.45,0.0,-4.609999999999999,0.6657142857142856,2.1757142857142857,0.4728571428571428,1.3099999999999996,3.2342857142857144,-0.7257142857142858,-0.4728571428571428,0.6157998630287397
2023-12-14,45.2662316309524,46.84855286797264,45.2662316309524,45.88240051269531,7659600.0,0.0672154081985354,5.33,5.54,5.43,5.31,4.9,4.37,4.09,3.9,3.93,3.92,4.21,4.03,459.0,456.75,106424.0,-1.05,5.85,2.35,0.0,-4.34,0.4599999999999999,2.337142857142857,0.5514285714285715,3.29,5.39,0.0128571428571429,-0.5514285714285715,0.7891324648970613
2023-12-15,45.72465775853557,46.04999294636315,45.40917961727411,45.89225387573242,13716800.0,0.0672154081985354,5.33,5.54,5.44,5.33,4.95,4.44,4.13,3.91,3.94,3.91,4.19,4.0,479.25,483.0,108554.0,1.95,3.6,1.8,0.5,-4.467142857142857,-0.0185714285714286,2.4028571428571426,1.0885714285714283,6.417142857142857,3.6185714285714288,-0.6028571428571425,-0.5885714285714283,1.095716556465652
2023-12-16,45.72465775853557,46.04999294636315,45.40917961727411,45.89225387573242,13716800.0,0.0672154081985354,5.33,5.54,5.44,5.33,4.95,4.44,4.13,3.91,3.94,3.91,4.19,4.0,479.25,483.0,108554.0,1.95,3.6,1.8,0.5,-4.467142857142857,-0.0185714285714286,2.4028571428571426,1.0885714285714283,6.417142857142857,3.6185714285714288,-0.6028571428571425,-0.5885714285714283,1.095716556465652
2023-12-17,45.72465775853557,46.04999294636315,45.40917961727411,45.89225387573242,13716800.0,0.0672154081985354,5.33,5.54,5.44,5.33,4.95,4.44,4.13,3.91,3.94,3.91,4.19,4.0,479.25,483.0,108554.0,1.95,3.6,1.8,0.5,-4.467142857142857,-0.0185714285714286,2.4028571428571426,1.0885714285714283,6.417142857142857,3.6185714285714288,-0.6028571428571425,-0.5885714285714283,1.095716556465652
2023-12-18,46.21759874460566,46.7302517300229,45.74438147209665,46.51335906982422,7038500.0,-0.4686226025223732,5.33,5.52,5.46,5.36,4.95,4.43,4.15,3.94,3.97,3.95,4.23,4.05,482.5,477.0,129446.0,-4.1,0.3,2.05,0.0,-5.784285714285714,-0.8814285714285713,2.11,0.0985714285714285,1.6842857142857142,1.1814285714285713,-0.06,-0.0985714285714285,0.2757085014790007
2023-12-19,46.858407380745774,47.494294083604736,46.76967891614228,47.183746337890625,6079700.0,0.9134170934557913,5.33,5.51,5.43,5.35,4.93,4.41,4.15,3.94,3.96,3.93,4.23,4.03,477.25,472.75,130033.0,-2.75,3.35,2.2,0.0,-6.1,-0.7628571428571428,2.315714285714286,0.08,3.3499999999999996,4.112857142857143,-0.1157142857142856,-0.08,0.6817077766536256
2023-12-20,47.10487433498537,47.198533202235694,45.8035260441634,45.93169021606445,4518500.0,0.4368885289877652,5.33,5.5,5.44,5.33,4.88,4.34,4.06,3.86,3.88,3.86,4.17,3.98,472.75,469.75,131027.0,-3.3,3.9,1.65,0.0,-5.498571428571428,-0.84,2.2728571428571427,0.2442857142857142,2.1985714285714284,4.74,-0.6228571428571428,-0.2442857142857142,0.7750411469898262
2023-12-21,46.24717154966147,46.690813897750026,46.12886817710333,46.621803283691406,3070000.0,0.8139089047908781,5.33,5.54,5.42,5.31,4.84,4.33,4.06,3.87,3.91,3.89,4.19,4.03,470.0,472.5,108597.0,-1.35,4.7,1.6,0.0,-5.752857142857143,-1.0842857142857143,2.474285714285714,0.4899999999999999,4.402857142857142,5.784285714285715,-0.8742857142857141,-0.4899999999999999,1.1505580244626836
2023-12-22,46.78447155019551,47.0260086930956,46.523212791454746,46.789398193359375,2657600.0,0.2854873239994048,5.33,5.54,5.44,5.31,4.82,4.31,4.04,3.87,3.92,3.9,4.21,4.05,472.5,473.0,80484.0,-1.35,5.3,0.6,0.0,-5.854285714285714,-1.2442857142857144,2.1142857142857143,0.1485714285714285,4.5042857142857144,6.5442857142857145,-1.5142857142857142,-0.1485714285714285,1.36687814437057
2023-12-23,46.78447155019551,47.0260086930956,46.523212791454746,46.789398193359375,2657600.0,0.2854873239994048,5.33,5.54,5.44,5.31,4.82,4.31,4.04,3.87,3.92,3.9,4.21,4.05,472.5,473.0,80484.0,-1.35,5.3,0.6,0.0,-5.854285714285714,-1.2442857142857144,2.1142857142857143,0.1485714285714285,4.5042857142857144,6.5442857142857145,-1.5142857142857142,-0.1485714285714285,1.36687814437057
2023-12-24,46.78447155019551,47.0260086930956,46.523212791454746,46.789398193359375,2657600.0,0.2854873239994048,5.33,5.54,5.44,5.31,4.82,4.31,4.04,3.87,3.92,3.9,4.21,4.05,472.5,473.0,80484.0,-1.35,5.3,0.6,0.0,-5.854285714285714,-1.2442857142857144,2.1142857142857143,0.1485714285714285,4.5042857142857144,6.5442857142857145,-1.5142857142857142,-0.1485714285714285,1.36687814437057
2023-12-25,46.78447155019551,47.0260086930956,46.523212791454746,46.789398193359375,2657600.0,0.2854873239994048,5.33,5.54,5.44,5.31,4.82,4.31,4.04,3.87,3.92,3.9,4.21,4.05,472.5,473.0,80484.0,-1.35,5.3,0.6,0.0,-5.854285714285714,-1.2442857142857144,2.1142857142857143,0.1485714285714285,4.5042857142857144,6.5442857142857145,-1.5142857142857142,-0.1485714285714285,1.36687814437057
2023-12-26,46.82883461316427,47.44007308561838,46.63165982052851,47.32176971435547,2636000.0,0.095443770289421,5.33,5.53,5.45,5.28,4.83,4.26,4.05,3.89,3.91,3.89,4.2,4.04,473.0,480.25,114198.0,-1.05,0.0,1.3,0.0,-5.461428571428572,-0.8157142857142856,2.1685714285714286,0.4385714285714285,4.411428571428572,0.8157142857142856,-0.8685714285714285,-0.4385714285714285,0.7418273147318722
2023-12-27,47.2034660289259,47.64710836920456,46.934320878038925,47.30205154418945,1856500.0,0.3539503812789917,5.33,5.55,5.44,5.26,4.79,4.2,3.97,3.78,3.81,3.79,4.1,3.95,479.75,476.5,107950.0,-0.25,0.85,0.85,0.65,-5.308571428571429,-0.4128571428571428,2.005714285714286,0.3485714285714285,5.058571428571429,1.262857142857143,-1.1557142857142857,0.3014285714285715,0.904439864933964
2023-12-28,47.32177110150673,47.5386637558435,47.104878447169945,47.410499572753906,1984000.0,0.3558276742696761,5.33,5.57,5.45,5.28,4.82,4.26,4.02,3.83,3.84,3.84,4.14,3.98,476.0,474.25,99398.0,-1.6,0.85,1.95,0.0,-5.527142857142857,-0.1714285714285714,2.2114285714285717,0.4028571428571428,3.9271428571428566,1.0214285714285714,-0.2614285714285718,-0.4028571428571428,0.5480239093998225
2023-12-29,47.282328925445086,47.54851430279502,46.848547436872586,47.24289321899414,2120300.0,-0.1816698610782623,5.33,5.6,5.4,5.26,4.79,4.23,4.01,3.84,3.88,3.88,4.2,4.03,473.75,471.25,109649.0,-3.0,2.2,1.45,0.0,-5.731428571428571,-1.4685714285714286,2.2314285714285713,0.8928571428571429,2.7314285714285713,3.668571428571429,-0.7814285714285714,-0.8928571428571429,0.8303332639195066
2023-12-30,47.282328925445086,47.54851430279502,46.848547436872586,47.24289321899414,2120300.0,-0.1816698610782623,5.33,5.6,5.4,5.26,4.79,4.23,4.01,3.84,3.88,3.88,4.2,4.03,473.75,471.25,109649.0,-3.0,2.2,1.45,0.0,-5.731428571428571,-1.4685714285714286,2.2314285714285713,0.8928571428571429,2.7314285714285713,3.668571428571429,-0.7814285714285714,-0.8928571428571429,0.8303332639195066
2023-12-31,47.282328925445086,47.54851430279502,46.848547436872586,47.24289321899414,2120300.0,-0.1816698610782623,5.33,5.6,5.4,5.26,4.79,4.23,4.01,3.84,3.88,3.88,4.2,4.03,473.75,471.25,109649.0,-3.0,2.2,1.45,0.0,-5.731428571428571,-1.4685714285714286,2.2314285714285713,0.8928571428571429,2.7314285714285713,3.668571428571429,-0.7814285714285714,-0.8928571428571429,0.8303332639195066
2024-01-01,47.282328925445086,47.54851430279502,46.848547436872586,47.24289321899414,2120300.0,-0.1816698610782623,5.33,5.6,5.4,5.26,4.79,4.23,4.01,3.84,3.88,3.88,4.2,4.03,473.75,471.25,109649.0,-3.0,2.2,1.45,0.0,-5.731428571428571,-1.4685714285714286,2.2314285714285713,0.8928571428571429,2.7314285714285713,3.668571428571429,-0.7814285714285714,-0.8928571428571429,0.8303332639195066
2024-01-02,47.15417083632999,48.14989802794095,47.077270076735395,47.87385559082031,3123400.0,-0.1816698610782623,5.33,5.55,5.46,5.24,4.8,4.33,4.09,3.93,3.95,3.95,4.25,4.08,470.5,463.75,187193.0,-2.75,1.4,1.3,0.0,-6.640000000000001,-1.3914285714285717,1.9928571428571429,0.2814285714285714,3.890000000000001,2.791428571428572,-0.6928571428571428,-0.2814285714285714,0.7948143086786382
2024-01-03,47.59780960153201,47.78315291881056,47.17388513649797,47.400638580322266,3469300.0,0.6675357073545455,5.33,5.54,5.48,5.25,4.81,4.33,4.07,3.9,3.92,3.91,4.21,4.05,464.75,465.25,147913.0,-3.3,-0.5,1.6,0.0,-6.651428571428572,-1.4028571428571428,2.4228571428571426,0.2928571428571428,3.3514285714285723,0.9028571428571428,-0.8228571428571425,-0.2928571428571428,0.6271955720319531
2024-01-04,47.42035283138163,47.548517004230774,46.7401037800368,46.92741775512695,3079900.0,-0.2578908503055572,5.33,5.56,5.48,5.25,4.85,4.38,4.14,3.97,3.99,3.99,4.3,4.13,465.0,466.5,127034.0,-2.45,-0.5,1.9,0.0,-7.15,-1.8785714285714288,2.1514285714285712,0.1785714285714285,4.7,1.3785714285714288,-0.2514285714285713,-0.1785714285714285,0.6284218613276635
2024-01-05,46.927417439211126,47.08515651211888,46.257025439154155,46.66123580932617,2773800.0,0.3179517164826392,5.33,5.54,5.47,5.24,4.84,4.4,4.17,4.02,4.04,4.05,4.37,4.21,466.5,460.75,151589.0,-0.5,0.55,2.6,0.0,-6.574285714285714,-1.882857142857143,2.3657142857142857,0.23,6.074285714285714,2.4328571428571433,0.2342857142857144,-0.23,0.8407293208612396
2024-01-06,46.927417439211126,47.08515651211888,46.257025439154155,46.66123580932617,2773800.0,0.3179517164826392,5.33,5.54,5.47,5.24,4.84,4.4,4.17,4.02,4.04,4.05,4.37,4.21,466.5,460.75,151589.0,-0.5,0.55,2.6,0.0,-6.574285714285714,-1.882857142857143,2.3657142857142857,0.23,6.074285714285714,2.4328571428571433,0.2342857142857144,-0.23,0.8407293208612396
2024-01-07,46.927417439211126,47.08515651211888,46.257025439154155,46.66123580932617,2773800.0,0.3179517164826392,5.33,5.54,5.47,5.24,4.84,4.4,4.17,4.02,4.04,4.05,4.37,4.21,466.5,460.75,151589.0,-0.5,0.55,2.6,0.0,-6.574285714285714,-1.882857142857143,2.3657142857142857,0.23,6.074285714285714,2.4328571428571433,0.2342857142857144,-0.23,0.8407293208612396
2024-01-08,46.35561352331654,46.572506153309874,45.6260679793001,46.34575271606445,2414600.0,-0.0038294850382953,5.33,5.54,5.49,5.24,4.82,4.36,4.11,3.97,3.99,4.01,4.33,4.17,461.0,455.0,214324.0,-2.75,-1.6,3.05,9.0,-6.364285714285714,-0.9842857142857144,2.072857142857143,0.4285714285714285,3.614285714285714,-0.6157142857142857,0.9771428571428568,8.571428571428571,1.3147182237867137
2024-01-09,46.03028211643307,46.08943568724468,45.350032975684606,45.85282516479492,3042800.0,0.3668583482503891,5.33,5.53,5.47,5.24,4.82,4.36,4.09,3.97,4.0,4.02,4.33,4.18,454.75,459.25,215153.0,-8.0,-2.45,2.6,0.25,-6.558571428571429,-1.2671428571428571,2.5014285714285713,0.1571428571428571,-1.4414285714285713,-1.182857142857143,0.0985714285714287,0.0928571428571428,0.2632557922000586
2024-01-10,45.32045104035055,45.66550408123363,45.212004724416985,45.39931869506836,2595400.0,-0.0012253618333488,5.33,5.53,5.46,5.23,4.82,4.37,4.1,3.99,4.01,4.04,4.35,4.2,459.0,459.5,193507.0,-7.45,-2.15,1.6,0.9,-6.08,-0.9942857142857142,2.317142857142857,0.2242857142857142,-1.37,-1.1557142857142857,-0.7171428571428571,0.6757142857142858,0.4658569494037677
2024-01-11,45.60635403548854,45.91197515297174,45.18243330720671,45.37960433959961,4007900.0,0.4874132946133613,5.33,5.54,5.46,5.22,4.75,4.26,4.02,3.9,3.95,3.98,4.32,4.18,459.0,457.75,165189.0,-8.85,-4.1,2.5,0.65,-6.1814285714285715,-1.2057142857142855,2.351428571428571,0.2142857142857143,-2.668571428571428,-2.894285714285714,0.148571428571429,0.4357142857142857,0.5561059967476046
2024-01-12,45.76409438541522,45.89225856865748,45.19229160620503,45.45847702026367,3299000.0,0.5647437870502471,5.33,5.55,5.45,5.16,4.65,4.14,3.92,3.84,3.91,3.96,4.32,4.2,457.0,447.0,314095.0,-8.85,-7.45,3.8,1.5,-6.71,-2.0185714285714287,2.4099999999999997,0.1742857142857142,-2.1399999999999997,-5.4314285714285715,1.39,1.3257142857142858,1.1159805163083818
2024-01-13,45.76409438541522,45.89225856865748,45.19229160620503,45.45847702026367,3299000.0,0.5647437870502471,5.33,5.55,5.45,5.16,4.65,4.14,3.92,3.84,3.91,3.96,4.32,4.2,457.0,447.0,314095.0,-8.85,-7.45,3.8,1.5,-6.71,-2.0185714285714287,2.4099999999999997,0.1742857142857142,-2.1399999999999997,-5.4314285714285715,1.39,1.3257142857142858,1.1159805163083818
2024-01-14,45.76409438541522,45.89225856865748,45.19229160620503,45.45847702026367,3299000.0,0.5647437870502471,5.33,5.55,5.45,5.16,4.65,4.14,3.92,3.84,3.91,3.96,4.32,4.2,457.0,447.0,314095.0,-8.85,-7.45,3.8,1.5,-6.71,-2.0185714285714287,2.4099999999999997,0.1742857142857142,-2.1399999999999997,-5.4314285714285715,1.39,1.3257142857142858,1.1159805163083818
2024-01-15,45.76409438541522,45.89225856865748,45.19229160620503,45.45847702026367,3299000.0,0.5647437870502471,5.33,5.55,5.45,5.16,4.65,4.14,3.92,3.84,3.91,3.96,4.32,4.2,457.0,447.0,314095.0,-8.85,-7.45,3.8,1.5,-6.71,-2.0185714285714287,2.4099999999999997,0.1742857142857142,-2.1399999999999997,-5.4314285714285715,1.39,1.3257142857142858,1.1159805163083818
2024-01-16,45.37467703493586,45.40228127993219,44.62048317992078,44.84723663330078,5702900.0,0.0748222991824149,5.33,5.54,5.45,5.18,4.7,4.22,4.02,3.95,4.01,4.07,4.43,4.3,447.75,443.5,175650.0,-10.25,-6.05,2.55,0.0,-6.795714285714285,-1.44,2.44,0.1885714285714285,-3.454285714285714,-4.609999999999999,0.1099999999999998,-0.1885714285714285,0.7387074515292591
2024-01-17,44.36415615519352,44.98525539438914,44.04374760858012,44.206417083740234,3644900.0,-0.6923909746110439,5.33,5.54,5.47,5.2,4.8,4.34,4.12,4.02,4.07,4.1,4.42,4.31,443.5,442.25,205711.0,-8.3,-3.55,1.0,0.0,-7.140000000000001,-1.792857142857143,2.36,0.4228571428571429,-1.16,-1.757142857142857,-1.36,-0.4228571428571429,0.6481329206987504
2024-01-18,44.05853987099958,44.10783639185976,43.44730137245784,43.78249740600586,4040000.0,0.8000252172350881,5.33,5.53,5.45,5.2,4.8,4.34,4.13,4.04,4.1,4.14,4.48,4.37,442.0,444.0,180948.0,-9.1,-3.55,2.65,1.65,-7.1414285714285715,-1.2,2.49,0.3314285714285714,-1.958571428571428,-2.3499999999999996,0.1599999999999997,1.3185714285714285,0.518013999395558
2024-01-19,43.545886121685264,44.99511655883937,43.38814703579611,44.95568084716797,5114100.0,-0.0309976860880851,5.33,5.54,5.45,5.21,4.84,4.39,4.18,4.08,4.12,4.15,4.47,4.36,443.5,445.5,148101.0,-10.8,-7.45,2.7,0.0,-6.774285714285714,-1.8857142857142857,2.1414285714285715,0.3157142857142857,-4.025714285714287,-5.564285714285715,0.5585714285714287,-0.3157142857142857,0.9994635403302582
2024-01-20,43.545886121685264,44.99511655883937,43.38814703579611,44.95568084716797,5114100.0,-0.0309976860880851,5.33,5.54,5.45,5.21,4.84,4.39,4.18,4.08,4.12,4.15,4.47,4.36,443.5,445.5,148101.0,-10.8,-7.45,2.7,0.0,-6.774285714285714,-1.8857142857142857,2.1414285714285715,0.3157142857142857,-4.025714285714287,-5.564285714285715,0.5585714285714287,-0.3157142857142857,0.9994635403302582
2024-01-21,43.545886121685264,44.99511655883937,43.38814703579611,44.95568084716797,5114100.0,-0.0309976860880851,5.33,5.54,5.45,5.21,4.84,4.39,4.18,4.08,4.12,4.15,4.47,4.36,443.5,445.5,148101.0,-10.8,-7.45,2.7,0.0,-6.774285714285714,-1.8857142857142857,2.1414285714285715,0.3157142857142857,-4.025714285714287,-5.564285714285715,0.5585714285714287,-0.3157142857142857,0.9994635403302582
2024-01-22,44.52683149831167,44.91625070495565,44.16698719621392,44.33458709716797,4708200.0,-0.0309976860880851,5.33,5.53,5.46,5.22,4.83,4.37,4.14,4.03,4.07,4.11,4.44,4.32,445.5,445.75,112771.0,-4.95,1.1,0.95,0.0,-6.054285714285714,-1.0214285714285714,2.4014285714285712,0.1657142857142857,1.104285714285714,2.121428571428571,-1.4514285714285713,-0.1657142857142857,0.6770926514142293
2024-01-23,44.837371060246575,45.23172059896725,44.41837702585331,44.78807830810547,2634600.0,0.2250281125307083,5.33,5.53,5.45,5.21,4.81,4.31,4.16,4.06,4.11,4.14,4.48,4.38,445.75,446.5,152301.0,-2.45,0.0,1.35,0.0,-6.347142857142857,-1.3857142857142857,2.355714285714286,0.2414285714285714,3.897142857142857,1.3857142857142857,-1.0057142857142858,-0.2414285714285714,0.7620196467930264
2024-01-24,44.96553873740142,45.01976189723162,44.27542887112308,44.76836395263672,2454400.0,0.2250281125307083,5.33,5.52,5.44,5.22,4.83,4.34,4.19,4.06,4.14,4.18,4.52,4.41,446.5,452.25,156004.0,-0.25,0.85,2.0,0.0,-6.485714285714286,-1.3014285714285714,2.192857142857143,0.3014285714285714,6.235714285714286,2.1514285714285712,-0.192857142857143,-0.3014285714285714,0.827234689877662
2024-01-25,45.10355732733415,45.18242874095747,44.37401179450245,44.60076522827149,3958100.0,-0.3869843557476996,5.33,5.54,5.44,5.19,4.76,4.28,4.12,4.01,4.07,4.14,4.49,4.38,451.5,451.75,169289.0,0.0,0.55,0.95,0.0,-6.274285714285714,-1.5157142857142856,2.367142857142857,0.2928571428571428,6.274285714285714,2.065714285714286,-1.417142857142857,-0.2928571428571428,1.151710093627819
2024-01-26,45.01482703529983,45.29086945015451,44.610620458921545,45.21200180053711,3226200.0,0.6024438142776488,5.33,5.54,5.44,5.19,4.78,4.34,4.15,4.04,4.1,4.15,4.49,4.38,451.0,446.25,135726.0,-0.8,0.55,0.95,0.0,-6.19,-0.3042857142857142,2.424285714285714,0.2071428571428571,5.390000000000001,0.8542857142857143,-1.474285714285714,-0.2071428571428571,0.9800334518279372
2024-01-27,45.01482703529983,45.29086945015451,44.610620458921545,45.21200180053711,3226200.0,0.6024438142776488,5.33,5.54,5.44,5.19,4.78,4.34,4.15,4.04,4.1,4.15,4.49,4.38,451.0,446.25,135726.0,-0.8,0.55,0.95,0.0,-6.19,-0.3042857142857142,2.424285714285714,0.2071428571428571,5.390000000000001,0.8542857142857143,-1.474285714285714,-0.2071428571428571,0.9800334518279372
2024-01-28,45.01482703529983,45.29086945015451,44.610620458921545,45.21200180053711,3226200.0,0.6024438142776488,5.33,5.54,5.44,5.19,4.78,4.34,4.15,4.04,4.1,4.15,4.49,4.38,451.0,446.25,135726.0,-0.8,0.55,0.95,0.0,-6.19,-0.3042857142857142,2.424285714285714,0.2071428571428571,5.390000000000001,0.8542857142857143,-1.474285714285714,-0.2071428571428571,0.9800334518279372
2024-01-29,45.09370332466251,45.29087435043702,44.65991804204759,45.2810173034668,2123200.0,-0.6765076965093613,5.33,5.53,5.42,5.19,4.76,4.29,4.1,3.97,4.02,4.08,4.42,4.31,446.25,440.25,203565.0,-3.0,3.6,1.55,0.0,-6.609999999999999,-1.6457142857142857,2.3457142857142856,0.3014285714285714,3.609999999999999,5.2457142857142856,-0.7957142857142856,-0.3014285714285714,0.9976155807077286
2024-01-30,44.97539847719409,45.493967176759696,44.93596652651713,45.18243408203125,2948200.0,0.3810832351446152,5.33,5.53,5.42,5.19,4.8,4.36,4.14,4.0,4.03,4.06,4.4,4.28,439.75,447.75,194898.0,-0.8,4.15,1.1,0.0,-6.594285714285714,-1.5514285714285716,2.0,0.1828571428571428,5.7942857142857145,5.701428571428572,-0.8999999999999999,-0.1828571428571428,1.2555513434424892
2024-01-31,45.35988949552918,45.69508553796485,44.81766159885882,44.837379455566406,5825300.0,-0.4223679378628732,5.33,5.53,5.42,5.18,4.73,4.27,4.05,3.91,3.95,3.99,4.34,4.22,447.25,448.25,135485.0,-0.8,5.0,0.9,0.0,-5.5,-0.5585714285714286,2.017142857142857,0.3114285714285714,4.7,5.558571428571429,-1.117142857142857,-0.3114285714285714,1.210959827856697
2024-02-01,55.69180738462871,56.943859187129185,51.62016254218467,53.296142578125,12192900.0,0.7258256673812866,5.33,5.49,5.42,5.15,4.68,4.2,3.96,3.8,3.83,3.87,4.21,4.1,448.0,447.25,153724.0,-1.6,5.0,1.6,0.0,-6.135714285714286,-0.7057142857142857,2.017142857142857,0.1928571428571428,4.5357142857142865,5.7057142857142855,-0.4171428571428568,-0.1928571428571428,1.0106317805948304
2024-02-02,53.532752695416455,53.72992749342317,52.14267582262397,52.290557861328125,5601500.0,0.3669046014547347,5.33,5.49,5.43,5.22,4.81,4.36,4.14,3.99,4.02,4.03,4.33,4.22,446.5,442.75,129450.0,0.85,3.9,3.0,0.0,-6.098571428571428,-0.6985714285714285,2.12,0.1585714285714285,6.9485714285714275,4.598571428571429,0.8799999999999999,-0.1585714285714285,1.26544044370708
2024-02-03,53.532752695416455,53.72992749342317,52.14267582262397,52.290557861328125,5601500.0,0.3669046014547347,5.33,5.49,5.43,5.22,4.81,4.36,4.14,3.99,4.02,4.03,4.33,4.22,446.5,442.75,129450.0,0.85,3.9,3.0,0.0,-6.098571428571428,-0.6985714285714285,2.12,0.1585714285714285,6.9485714285714275,4.598571428571429,0.8799999999999999,-0.1585714285714285,1.26544044370708
2024-02-04,53.532752695416455,53.72992749342317,52.14267582262397,52.290557861328125,5601500.0,0.3669046014547347,5.33,5.49,5.43,5.22,4.81,4.36,4.14,3.99,4.02,4.03,4.33,4.22,446.5,442.75,129450.0,0.85,3.9,3.0,0.0,-6.098571428571428,-0.6985714285714285,2.12,0.1585714285714285,6.9485714285714275,4.598571428571429,0.8799999999999999,-0.1585714285714285,1.26544044370708
2024-02-05,51.75818313330843,51.75818313330843,50.92512164894611,51.06807327270508,5824300.0,0.571869846433401,5.33,5.49,5.42,5.25,4.87,4.46,4.27,4.13,4.16,4.17,4.46,4.35,442.75,442.75,137664.0,-1.05,3.6,1.35,0.0,-5.428571428571429,-0.0128571428571428,1.887142857142857,0.3342857142857142,4.378571428571429,3.612857142857143,-0.5371428571428569,-0.3342857142857142,0.8691482930718261
2024-02-06,51.01877740600733,51.67438192164174,50.58499591818096,51.353973388671875,4725400.0,0.1125751882791517,5.33,5.48,5.44,5.23,4.82,4.39,4.14,4.03,4.07,4.09,4.39,4.29,442.75,438.75,193360.0,1.1,5.55,2.2,0.0,-5.501428571428572,0.0114285714285713,1.9471428571428573,0.1285714285714285,6.601428571428572,5.538571428571428,0.2528571428571429,-0.1285714285714285,1.1391096867089183
2024-02-07,51.600444814180435,53.42430312315836,51.600444814180435,53.305999755859375,7010000.0,0.1125751882791517,5.33,5.47,5.43,5.23,4.83,4.41,4.16,4.06,4.09,4.09,4.41,4.31,438.5,434.25,245418.0,2.5,6.4,3.9,0.0,-6.121428571428571,-0.58,2.277142857142857,0.1885714285714285,8.62142857142857,6.98,1.6228571428571428,-0.1885714285714285,1.815564852348733
2024-02-08,53.22713072686248,53.56232672623891,51.90606458353139,52.48772811889648,6199800.0,-1.104094384238124,5.33,5.49,5.44,5.24,4.83,4.46,4.22,4.12,4.15,4.15,4.47,4.36,434.5,433.25,222878.0,1.1,5.3,3.6,0.4,-6.587142857142857,-0.7157142857142856,2.032857142857143,0.2628571428571428,7.687142857142858,6.015714285714285,1.5671428571428572,0.1371428571428572,1.631741806279245
2024-02-09,52.29055503150994,53.149246360127805,52.132815953800254,52.8426399230957,2929800.0,0.8187327012419701,5.33,5.49,5.44,5.26,4.86,4.48,4.25,4.14,4.17,4.17,4.48,4.37,433.0,429.0,206271.0,0.3,1.65,3.3,0.0,-5.844285714285714,-0.8214285714285714,2.4985714285714287,0.1614285714285714,6.144285714285714,2.4714285714285715,0.8014285714285712,-0.1614285714285714,0.9971952709412628
2024-02-10,52.29055503150994,53.149246360127805,52.132815953800254,52.8426399230957,2929800.0,0.8187327012419701,5.33,5.49,5.44,5.26,4.86,4.48,4.25,4.14,4.17,4.17,4.48,4.37,433.0,429.0,206271.0,0.3,1.65,3.3,0.0,-5.844285714285714,-0.8214285714285714,2.4985714285714287,0.1614285714285714,6.144285714285714,2.4714285714285715,0.8014285714285712,-0.1614285714285714,0.9971952709412628
2024-02-11,52.29055503150994,53.149246360127805,52.132815953800254,52.8426399230957,2929800.0,0.8187327012419701,5.33,5.49,5.44,5.26,4.86,4.48,4.25,4.14,4.17,4.17,4.48,4.37,433.0,429.0,206271.0,0.3,1.65,3.3,0.0,-5.844285714285714,-0.8214285714285714,2.4985714285714287,0.1614285714285714,6.144285714285714,2.4714285714285715,0.8014285714285712,-0.1614285714285714,0.9971952709412628
2024-02-12,53.85808815217998,54.52848016505954,53.69048826856198,54.26229476928711,3274500.0,0.0235319398343562,5.33,5.49,5.43,5.27,4.87,4.46,4.25,4.13,4.16,4.17,4.48,4.37,430.25,430.5,198795.0,-1.9,4.45,1.25,0.0,-6.451428571428572,-0.7528571428571428,2.164285714285714,0.1485714285714285,4.551428571428572,5.202857142857143,-0.914285714285714,-0.1485714285714285,1.1011594942794063
2024-02-13,53.808800396070346,54.21300705073676,52.59617667127453,52.872222900390625,3525700.0,-0.3125862330198288,5.33,5.48,5.45,5.32,4.99,4.64,4.44,4.31,4.33,4.31,4.59,4.46,430.25,430.75,182682.0,-1.9,2.8,1.1,0.0,-5.777142857142857,-0.2042857142857143,2.2471428571428573,0.4771428571428571,3.877142857142857,3.004285714285714,-1.1471428571428572,-0.4771428571428571,0.9480930372272834
2024-02-14,53.34543183320583,53.53767620227633,52.79827362560642,53.31585693359375,3260500.0,-0.2613275051116943,5.33,5.48,5.43,5.31,4.94,4.56,4.38,4.25,4.27,4.27,4.57,4.45,430.75,424.25,230224.0,-3.0,1.65,2.35,0.9,-5.984285714285714,-0.4971428571428571,2.5114285714285716,0.68,2.984285714285714,2.147142857142857,-0.1614285714285714,0.2199999999999999,0.5112141720808795
2024-02-15,53.52289418790076,54.62706776150417,53.52289418790076,53.90738296508789,3048100.0,0.0814429596066474,5.33,5.49,5.43,5.3,4.93,4.56,4.36,4.22,4.25,4.24,4.54,4.42,424.0,417.75,217729.0,-6.05,-0.5,1.1,0.75,-6.337142857142857,-0.9671428571428572,2.28,0.26,0.2871428571428573,0.4671428571428572,-1.1799999999999995,0.49,0.419398990723585
2024-02-16,53.996105642548635,54.4988977370688,53.74963811839648,54.02568054199219,3892700.0,0.0814429596066474,5.33,5.48,5.44,5.31,4.98,4.64,4.43,4.29,4.31,4.3,4.58,4.45,417.5,416.5,176972.0,-6.9,-2.15,2.25,0.15,-6.091428571428571,-0.2842857142857142,2.3457142857142856,0.1342857142857142,-0.8085714285714296,-1.8657142857142857,-0.0957142857142856,0.0157142857142857,0.2534332700763623
2024-02-17,53.996105642548635,54.4988977370688,53.74963811839648,54.02568054199219,3892700.0,0.0814429596066474,5.33,5.48,5.44,5.31,4.98,4.64,4.43,4.29,4.31,4.3,4.58,4.45,417.5,416.5,176972.0,-6.9,-2.15,2.25,0.15,-6.091428571428571,-0.2842857142857142,2.3457142857142856,0.1342857142857142,-0.8085714285714296,-1.8657142857142857,-0.0957142857142856,0.0157142857142857,0.2534332700763623
2024-02-18,53.996105642548635,54.4988977370688,53.74963811839648,54.02568054199219,3892700.0,0.0814429596066474,5.33,5.48,5.44,5.31,4.98,4.64,4.43,4.29,4.31,4.3,4.58,4.45,417.5,416.5,176972.0,-6.9,-2.15,2.25,0.15,-6.091428571428571,-0.2842857142857142,2.3457142857142856,0.1342857142857142,-0.8085714285714296,-1.8657142857142857,-0.0957142857142856,0.0157142857142857,0.2534332700763623
2024-02-19,53.996105642548635,54.4988977370688,53.74963811839648,54.02568054199219,3892700.0,0.0814429596066474,5.33,5.48,5.44,5.31,4.98,4.64,4.43,4.29,4.31,4.3,4.58,4.45,417.5,416.5,176972.0,-6.9,-2.15,2.25,0.15,-6.091428571428571,-0.2842857142857142,2.3457142857142856,0.1342857142857142,-0.8085714285714296,-1.8657142857142857,-0.0957142857142856,0.0157142857142857,0.2534332700763623
2024-02-20,53.61162154145578,53.92709969878072,53.187697062401085,53.59190368652344,3113400.0,1.0002383664250374,5.33,5.49,5.44,5.32,4.97,4.59,4.38,4.25,4.28,4.27,4.56,4.44,416.25,418.75,217838.0,-2.75,7.2,0.65,0.0,-4.430000000000001,1.1257142857142857,2.42,0.6842857142857143,1.6800000000000006,6.074285714285715,-1.77,-0.6842857142857143,1.1776695390956866
2024-02-21,53.453880310058594,53.76935845467836,53.19755196705745,53.453880310058594,2326000.0,-0.2697211150079966,5.33,5.5,5.44,5.32,4.98,4.64,4.43,4.3,4.33,4.32,4.59,4.49,418.5,411.0,180048.0,-1.05,7.8,0.45,0.0,-4.73,0.7285714285714285,2.1399999999999997,0.4342857142857143,3.6800000000000006,7.071428571428571,-1.6899999999999995,-0.4342857142857143,1.4028773890512347
2024-02-22,53.30600575007876,54.094701222087245,53.14826665567706,53.93696212768555,4256400.0,0.4495792090892792,5.33,5.49,5.45,5.32,5.02,4.69,4.49,4.33,4.35,4.33,4.58,4.47,410.0,406.0,199941.0,-0.25,6.4,2.0,0.0,-4.547142857142857,0.4714285714285714,2.2214285714285715,0.55,4.297142857142857,5.928571428571429,-0.2214285714285715,-0.55,0.9819848795633538
2024-02-23,53.84822520034832,54.33130321658068,53.71513438815964,54.124271392822266,2400300.0,-0.1632398255169392,5.33,5.49,5.46,5.32,5.0,4.67,4.45,4.28,4.28,4.26,4.51,4.37,406.0,399.75,218218.0,-1.9,3.9,2.8,0.0,-4.927142857142857,0.1142857142857143,2.47,0.81,3.027142857142857,3.7857142857142856,0.3299999999999996,-0.81,0.7396236754301839
2024-02-24,53.84822520034832,54.33130321658068,53.71513438815964,54.124271392822266,2400300.0,-0.1632398255169392,5.33,5.49,5.46,5.32,5.0,4.67,4.45,4.28,4.28,4.26,4.51,4.37,406.0,399.75,218218.0,-1.9,3.9,2.8,0.0,-4.927142857142857,0.1142857142857143,2.47,0.81,3.027142857142857,3.7857142857142856,0.3299999999999996,-0.81,0.7396236754301839
2024-02-25,53.84822520034832,54.33130321658068,53.71513438815964,54.124271392822266,2400300.0,-0.1632398255169392,5.33,5.49,5.46,5.32,5.0,4.67,4.45,4.28,4.28,4.26,4.51,4.37,406.0,399.75,218218.0,-1.9,3.9,2.8,0.0,-4.927142857142857,0.1142857142857143,2.47,0.81,3.027142857142857,3.7857142857142856,0.3299999999999996,-0.81,0.7396236754301839
2024-02-26,53.838370693331626,54.41510384134643,53.71020651795181,54.04540252685547,2593700.0,0.0858166329562662,5.33,5.5,5.47,5.34,5.03,4.69,4.48,4.29,4.32,4.28,4.53,4.4,399.75,407.0,227175.0,0.85,10.55,1.45,0.0,-5.361428571428571,-0.0328571428571428,2.414285714285714,0.1542857142857143,6.211428571428571,10.582857142857144,-0.9642857142857142,-0.1542857142857143,1.7060765662303938
2024-02-27,54.296805277263424,54.55806029422235,54.079912616785855,54.35102844238281,2186100.0,-0.2829245924949646,5.33,5.5,5.45,5.33,5.03,4.7,4.5,4.32,4.34,4.31,4.57,4.44,406.5,408.25,139596.0,-6.6,3.9,4.2,0.65,-5.322857142857143,0.1871428571428571,2.225714285714286,0.0814285714285714,-1.2771428571428567,3.712857142857142,1.9742857142857144,0.5685714285714286,0.9941899533397902
2024-02-28,54.104555594450034,54.299755961181894,53.39472787368789,53.76935958862305,3568600.0,-0.2829245924949646,5.33,5.5,5.45,5.31,5.0,4.64,4.44,4.26,4.28,4.27,4.53,4.4,408.25,413.25,118959.0,-8.0,-1.6,1.85,0.0,-4.645714285714286,0.7914285714285714,2.3528571428571428,0.9128571428571428,-3.354285714285714,-2.3914285714285715,-0.5028571428571427,-0.9128571428571428,0.7109345797722686
2024-02-29,53.868236928458664,53.88801279862283,52.65204920232414,52.91901779174805,6804300.0,0.1599893700331451,5.33,5.53,5.45,5.3,5.01,4.64,4.43,4.26,4.28,4.25,4.51,4.38,415.0,415.75,8781.0,-2.45,8.35,3.25,0.0,-2.5833333333333335,4.050000000000001,2.7222222222222223,1.0,0.1333333333333333,4.299999999999999,0.5277777777777777,-1.0,0.5815224230330461
2024-03-01,52.88935628620495,53.7298100295186,52.88935628620495,53.05744552612305,4274200.0,0.5840694718062875,5.33,5.54,5.42,5.27,4.94,4.54,4.32,4.17,4.2,4.19,4.46,4.33,415.5,412.25,3475.0,0.85,9.15,3.8,0.0,-4.8271428571428565,1.1785714285714286,2.26,0.4128571428571428,5.677142857142856,7.9714285714285715,1.54,-0.4128571428571428,1.6189498826496376
2024-03-02,52.88935628620495,53.7298100295186,52.88935628620495,53.05744552612305,4274200.0,0.5840694718062875,5.33,5.54,5.42,5.27,4.94,4.54,4.32,4.17,4.2,4.19,4.46,4.33,415.5,412.25,3475.0,0.85,9.15,3.8,0.0,-4.8271428571428565,1.1785714285714286,2.26,0.4128571428571428,5.677142857142856,7.9714285714285715,1.54,-0.4128571428571428,1.6189498826496376
2024-03-03,52.88935628620495,53.7298100295186,52.88935628620495,53.05744552612305,4274200.0,0.5840694718062875,5.33,5.54,5.42,5.27,4.94,4.54,4.32,4.17,4.2,4.19,4.46,4.33,415.5,412.25,3475.0,0.85,9.15,3.8,0.0,-4.8271428571428565,1.1785714285714286,2.26,0.4128571428571428,5.677142857142856,7.9714285714285715,1.54,-0.4128571428571428,1.6189498826496376
2024-03-04,52.76081433156921,53.383741037028614,52.75092451060709,53.00800704956055,2490200.0,0.5840694718062875,5.33,5.51,5.48,5.37,4.98,4.61,4.39,4.21,4.23,4.22,4.48,4.36,412.0,417.5,2214.0,-2.15,4.7,1.95,0.0,-3.4842857142857144,2.2542857142857144,2.3314285714285714,0.2842857142857142,1.3342857142857143,2.4457142857142857,-0.3814285714285714,-0.2842857142857142,0.4468444779618269
2024-03-05,52.83991176547384,53.50239018254236,52.76081206048944,53.33429718017578,2904900.0,-0.0331383198499679,5.33,5.5,5.47,5.35,4.94,4.54,4.32,4.13,4.15,4.13,4.39,4.27,417.25,413.5,1544.0,-4.4,6.65,1.5,0.0,-3.7714285714285714,2.124285714285714,2.4571428571428573,0.5814285714285715,-0.628571428571429,4.525714285714287,-0.9571428571428572,-0.5814285714285715,0.7283082179973237
2024-03-06,53.49250009395081,53.927561670699674,53.16620768325052,53.42328643798828,4142500.0,-0.5080838799476624,5.33,5.5,5.47,5.35,4.95,4.55,4.32,4.12,4.12,4.11,4.36,4.24,413.25,418.0,2542.0,-3.3,7.8,2.85,0.0,-3.5971428571428574,2.0785714285714287,2.5942857142857143,0.3685714285714286,0.2971428571428576,5.7214285714285715,0.2557142857142858,-0.3685714285714286,0.5900383867541266
2024-03-07,53.81879662933457,54.520823014049,53.66553835753588,53.87812423706055,3330900.0,0.5757131874561308,5.33,5.51,5.47,5.34,4.93,4.5,4.28,4.07,4.09,4.09,4.35,4.25,418.25,426.0,1645.0,0.0,3.9,3.2,0.0,-3.257142857142857,1.4214285714285717,2.7,0.2757142857142857,3.257142857142857,2.478571428571428,0.5,-0.2757142857142857,0.65861155247322
2024-03-08,53.86823552337612,54.22419363332329,53.789135816644226,54.06599044799805,4260600.0,-0.4413608908653259,5.33,5.51,5.46,5.34,4.92,4.48,4.25,4.06,4.08,4.09,4.36,4.26,424.25,426.25,755.0,-1.6,4.15,3.25,0.0,-3.488571428571429,1.94,2.5157142857142856,0.8657142857142858,1.8885714285714288,2.2100000000000004,0.7342857142857144,-0.8657142857142858,0.6189747191282761
2024-03-09,53.86823552337612,54.22419363332329,53.789135816644226,54.06599044799805,4260600.0,-0.4413608908653259,5.33,5.51,5.46,5.34,4.92,4.48,4.25,4.06,4.08,4.09,4.36,4.26,424.25,426.25,755.0,-1.6,4.15,3.25,0.0,-3.488571428571429,1.94,2.5157142857142856,0.8657142857142858,1.8885714285714288,2.2100000000000004,0.7342857142857144,-0.8657142857142858,0.6189747191282761
2024-03-10,53.86823552337612,54.22419363332329,53.789135816644226,54.06599044799805,4260600.0,-0.4413608908653259,5.33,5.51,5.46,5.34,4.92,4.48,4.25,4.06,4.08,4.09,4.36,4.26,424.25,426.25,755.0,-1.6,4.15,3.25,0.0,-3.488571428571429,1.94,2.5157142857142856,0.8657142857142858,1.8885714285714288,2.2100000000000004,0.7342857142857144,-0.8657142857142858,0.6189747191282761
2024-03-11,53.967118264289006,55.06465080980779,53.967118264289006,54.47138977050781,4053600.0,0.1456902921199798,5.33,5.5,5.48,5.35,4.95,4.51,4.26,4.08,4.09,4.1,4.36,4.26,421.75,428.25,615.0,-1.35,13.35,1.3,0.0,-2.97,3.218571428571429,2.424285714285714,0.4285714285714285,1.62,10.131428571428572,-1.124285714285714,-0.4285714285714285,1.3087854603731703
2024-03-12,54.580154693429655,54.74824393673387,53.56666300737459,54.49116516113281,4423800.0,0.2564290547743439,5.33,5.52,5.48,5.37,5.0,4.58,4.33,4.15,4.16,4.16,4.42,4.31,425.0,429.0,527.0,0.85,11.1,0.95,0.0,-2.4285714285714284,3.2142857142857144,2.681428571428571,0.5357142857142857,3.2785714285714285,7.885714285714285,-1.731428571428571,-0.5357142857142857,1.450957968071183
2024-03-13,54.718579296841675,55.16352693621009,54.580151980562945,54.67902755737305,3165200.0,-0.4903596937656402,5.33,5.52,5.48,5.37,5.01,4.61,4.37,4.19,4.2,4.19,4.45,4.35,430.0,426.5,75.0,2.5,11.1,1.9,0.0,-2.2071428571428573,4.0042857142857144,2.2,1.05,4.707142857142857,7.095714285714285,-0.3000000000000002,-1.05,1.1748740795996613
2024-03-14,54.47138901647819,54.59993028956312,53.881092668645465,54.58015441894531,3514800.0,0.5282747596502303,5.33,5.52,5.48,5.38,5.04,4.68,4.46,4.29,4.3,4.29,4.54,4.44,426.0,422.5,153348.0,2.5,8.6,3.25,0.0,-2.0214285714285714,3.592857142857143,2.4957142857142856,0.6142857142857143,4.521428571428571,5.007142857142856,0.7542857142857144,-0.6142857142857143,1.0758260531376926
2024-03-15,54.22419704215587,55.05476476029286,54.22419704215587,54.47138977050781,6496000.0,0.1863481327891349,5.33,5.52,5.48,5.38,5.05,4.72,4.51,4.33,4.33,4.31,4.55,4.43,433.75,436.75,140242.0,-0.25,6.65,2.3,0.0,-1.8914285714285717,3.6771428571428566,2.4299999999999997,0.3057142857142857,1.6414285714285717,2.972857142857144,-0.1299999999999999,-0.3057142857142857,0.452326503115557
2024-03-16,54.22419704215587,55.05476476029286,54.22419704215587,54.47138977050781,6496000.0,0.1863481327891349,5.33,5.52,5.48,5.38,5.05,4.72,4.51,4.33,4.33,4.31,4.55,4.43,433.75,436.75,140242.0,-0.25,6.65,2.3,0.0,-1.8914285714285717,3.6771428571428566,2.4299999999999997,0.3057142857142857,1.6414285714285717,2.972857142857144,-0.1299999999999999,-0.3057142857142857,0.452326503115557
2024-03-17,54.22419704215587,55.05476476029286,54.22419704215587,54.47138977050781,6496000.0,0.1863481327891349,5.33,5.52,5.48,5.38,5.05,4.72,4.51,4.33,4.33,4.31,4.55,4.43,433.75,436.75,140242.0,-0.25,6.65,2.3,0.0,-1.8914285714285717,3.6771428571428566,2.4299999999999997,0.3057142857142857,1.6414285714285717,2.972857142857144,-0.1299999999999999,-0.3057142857142857,0.452326503115557
2024-03-18,54.82734950556275,54.82734950556275,53.907792227463815,54.09565734863281,3169500.0,-0.2439470589160919,5.33,5.52,5.48,5.39,5.06,4.73,4.52,4.36,4.35,4.34,4.57,4.46,437.0,436.0,121822.0,-3.85,3.35,2.25,0.0,-1.282857142857143,3.3657142857142857,2.5342857142857143,0.6928571428571428,-2.567142857142857,-0.0157142857142855,-0.2842857142857142,-0.6928571428571428,0.3691283520904708
2024-03-19,54.085768444255216,54.39722991677467,53.72981032031206,54.05610275268555,3134600.0,0.7656106501817703,5.33,5.52,5.48,5.39,5.06,4.68,4.47,4.31,4.31,4.3,4.54,4.44,436.5,439.5,115115.0,-0.5,8.9,2.75,0.0,-1.7242857142857144,4.542857142857143,2.628571428571429,0.3728571428571429,1.2242857142857144,4.357142857142858,0.121428571428571,-0.3728571428571429,0.5292085973666267
2024-03-20,54.2340790605646,55.23867285913327,54.026438089429305,55.10419845581055,5427100.0,-0.3132287152111529,5.33,5.5,5.47,5.36,5.01,4.59,4.41,4.25,4.28,4.27,4.53,4.45,439.0,439.0,131971.0,-4.1,2.2,2.5,0.0,-1.4828571428571429,4.4071428571428575,2.544285714285714,0.1971428571428571,-2.6171428571428565,-2.2071428571428573,-0.044285714285714,-0.1971428571428571,0.4488995421492028
2024-03-21,55.19318485427756,55.262398507400064,54.62958580921644,55.15363311767578,2467400.0,-0.1469621174037456,5.33,5.51,5.48,5.36,5.01,4.62,4.42,4.26,4.28,4.27,4.53,4.44,439.0,440.75,158789.0,-1.9,4.7,3.3,0.0,-1.6885714285714286,4.2628571428571425,2.307142857142857,0.5285714285714286,-0.2114285714285713,0.4371428571428577,0.9928571428571428,-0.5285714285714286,0.3627381634376957
2024-03-22,55.31184015105149,55.45027123881536,54.35273498864425,54.45161056518555,1993500.0,0.1169942542910575,5.33,5.51,5.46,5.34,4.98,4.59,4.36,4.2,4.22,4.22,4.47,4.39,440.25,439.25,132898.0,-4.1,1.1,2.3,0.15,-1.5342857142857145,4.017142857142857,2.39,0.6714285714285714,-2.565714285714285,-2.917142857142857,-0.0900000000000003,-0.5214285714285714,0.5394075901828113
2024-03-23,55.31184015105149,55.45027123881536,54.35273498864425,54.45161056518555,1993500.0,0.1169942542910575,5.33,5.51,5.46,5.34,4.98,4.59,4.36,4.2,4.22,4.22,4.47,4.39,440.25,439.25,132898.0,-4.1,1.1,2.3,0.15,-1.5342857142857145,4.017142857142857,2.39,0.6714285714285714,-2.565714285714285,-2.917142857142857,-0.0900000000000003,-0.5214285714285714,0.5394075901828113
2024-03-24,55.31184015105149,55.45027123881536,54.35273498864425,54.45161056518555,1993500.0,0.1169942542910575,5.33,5.51,5.46,5.34,4.98,4.59,4.36,4.2,4.22,4.22,4.47,4.39,440.25,439.25,132898.0,-4.1,1.1,2.3,0.15,-1.5342857142857145,4.017142857142857,2.39,0.6714285714285714,-2.565714285714285,-2.917142857142857,-0.0900000000000003,-0.5214285714285714,0.5394075901828113
2024-03-25,54.659253244964376,55.03498723689866,54.32109453815431,55.00532531738281,2132600.0,-0.0830997712910176,5.33,5.51,5.46,5.36,5.0,4.54,4.39,4.23,4.25,4.25,4.51,4.42,439.0,437.75,118606.0,-1.35,0.85,4.65,5.85,-1.4857142857142858,3.6471428571428577,2.67,1.1114285714285714,0.1357142857142856,-2.7971428571428576,1.9800000000000004,4.738571428571428,1.1406032759071656
2024-03-26,55.02509454026815,55.717231057766966,55.00531867235945,55.66779327392578,3283700.0,0.6625055074691772,5.33,5.5,5.46,5.36,5.0,4.56,4.38,4.22,4.23,4.24,4.49,4.4,437.25,432.5,155311.0,-3.55,-1.35,4.45,0.15,-1.6257142857142857,4.941428571428572,2.5814285714285714,0.4514285714285714,-1.9242857142857144,-6.291428571428572,1.8685714285714288,-0.3014285714285714,1.2145479438557545
2024-03-27,55.954543669476266,56.39949131523169,55.89521605942169,56.35993957519531,2629300.0,0.3356334492564201,5.33,5.5,5.45,5.36,4.99,4.54,4.36,4.18,4.18,4.2,4.45,4.36,432.0,426.75,165189.0,-6.05,-0.5,1.85,0.0,-1.0685714285714285,4.845714285714285,2.724285714285714,1.3057142857142856,-4.981428571428571,-5.345714285714285,-0.8742857142857141,-1.3057142857142856,1.232008571129476
2024-03-28,56.50825761986736,57.52669042502312,56.43904395962541,57.02241516113281,4563900.0,-0.2177670262753964,5.33,5.49,5.46,5.38,5.03,4.59,4.4,4.21,4.2,4.2,4.45,4.34,426.75,442.0,360086.0,-4.4,4.7,1.85,0.0,-0.9685714285714284,5.011428571428572,2.4985714285714287,0.6571428571428571,-3.431428571428572,-0.3114285714285714,-0.6485714285714286,-0.6571428571428571,0.5681292504480541
2024-03-29,56.50825761986736,57.52669042502312,56.43904395962541,57.02241516113281,4563900.0,-0.2177670262753964,5.33,5.49,5.46,5.38,5.03,4.59,4.4,4.21,4.2,4.2,4.45,4.34,426.75,442.0,360086.0,-4.4,4.7,1.85,0.0,-0.9685714285714284,5.011428571428572,2.4985714285714287,0.6571428571428571,-3.431428571428572,-0.3114285714285714,-0.6485714285714286,-0.6571428571428571,0.5681292504480541
2024-03-30,56.50825761986736,57.52669042502312,56.43904395962541,57.02241516113281,4563900.0,-0.2177670262753964,5.33,5.49,5.46,5.38,5.03,4.59,4.4,4.21,4.2,4.2,4.45,4.34,426.75,442.0,360086.0,-4.4,4.7,1.85,0.0,-0.9685714285714284,5.011428571428572,2.4985714285714287,0.6571428571428571,-3.431428571428572,-0.3114285714285714,-0.6485714285714286,-0.6571428571428571,0.5681292504480541
2024-03-31,56.50825761986736,57.52669042502312,56.43904395962541,57.02241516113281,4563900.0,-0.2177670262753964,5.33,5.49,5.46,5.38,5.03,4.59,4.4,4.21,4.2,4.2,4.45,4.34,426.75,442.0,360086.0,-4.4,4.7,1.85,0.0,-0.9685714285714284,5.011428571428572,2.4985714285714287,0.6571428571428571,-3.431428571428572,-0.3114285714285714,-0.6485714285714286,-0.6571428571428571,0.5681292504480541
2024-04-01,56.92353745958728,57.10151651410744,56.37476933679369,57.03230285644531,3847100.0,1.1981506943702698,5.33,5.49,5.44,5.36,5.06,4.72,4.51,4.34,4.33,4.33,4.58,4.47,441.75,435.5,200474.0,0.0,2.5,2.8,6.2,-0.8442857142857144,6.135714285714286,2.628571428571429,0.3014285714285714,0.8442857142857144,-3.635714285714286,0.1714285714285708,5.898571428571429,0.8794164269884337
2024-04-02,57.15095326027477,57.41792183718801,56.46870274495963,56.52802658081055,3092900.0,0.5423416644334793,5.33,5.49,5.42,5.34,5.05,4.7,4.51,4.35,4.37,4.36,4.61,4.51,435.75,426.5,235504.0,0.55,6.65,3.8,0.0,-0.7885714285714286,6.211428571428572,2.6599999999999997,0.2328571428571428,1.3385714285714283,0.4385714285714286,1.14,-0.2328571428571428,0.4836037059014187
2024-04-03,56.56758015607365,56.99275192883057,56.42915283877819,56.76533508300781,3025200.0,0.2156596928834915,5.33,5.47,5.42,5.33,5.03,4.68,4.48,4.34,4.36,4.36,4.61,4.51,428.25,431.75,187684.0,0.3,6.1,4.15,0.0,-0.8714285714285714,5.948571428571428,2.914285714285714,0.3642857142857142,1.1714285714285717,0.1514285714285712,1.2357142857142862,-0.3642857142857142,0.4807166408118096
2024-04-04,57.467361191612255,57.50691293116578,56.28083540803693,56.31050109863281,2627400.0,0.017092827707529,5.33,5.47,5.41,5.32,5.0,4.65,4.46,4.3,4.31,4.31,4.57,4.47,432.25,435.25,153811.0,-0.8,7.8,2.15,0.0,-1.18,5.985714285714286,2.462857142857143,0.45,0.3799999999999999,1.814285714285714,-0.3128571428571431,-0.45,0.3017058732283932
2024-04-05,56.23139238404879,56.409371423607254,55.63121006824362,56.21161651611328,2227500.0,-0.52202557772398,5.33,5.47,5.43,5.34,5.05,4.73,4.54,4.38,4.39,4.39,4.65,4.54,435.0,434.25,192940.0,-1.05,8.35,2.55,0.0,-0.0742857142857142,7.371428571428571,2.857142857142857,1.0085714285714285,-0.975714285714286,0.9785714285714286,-0.3071428571428574,-1.0085714285714285,0.3308797602087307
2024-04-06,56.23139238404879,56.409371423607254,55.63121006824362,56.21161651611328,2227500.0,-0.52202557772398,5.33,5.47,5.43,5.34,5.05,4.73,4.54,4.38,4.39,4.39,4.65,4.54,435.0,434.25,192940.0,-1.05,8.35,2.55,0.0,-0.0742857142857142,7.371428571428571,2.857142857142857,1.0085714285714285,-0.975714285714286,0.9785714285714286,-0.3071428571428574,-1.0085714285714285,0.3308797602087307
2024-04-07,56.23139238404879,56.409371423607254,55.63121006824362,56.21161651611328,2227500.0,-0.52202557772398,5.33,5.47,5.43,5.34,5.05,4.73,4.54,4.38,4.39,4.39,4.65,4.54,435.0,434.25,192940.0,-1.05,8.35,2.55,0.0,-0.0742857142857142,7.371428571428571,2.857142857142857,1.0085714285714285,-0.975714285714286,0.9785714285714286,-0.3071428571428574,-1.0085714285714285,0.3308797602087307
2024-04-08,56.458810226330634,56.87409591674805,56.21161753046778,56.87409591674805,3770300.0,0.232231006026268,5.33,5.48,5.43,5.35,5.07,4.78,4.6,4.43,4.43,4.42,4.65,4.55,433.75,435.5,215991.0,1.65,5.3,2.4,0.5,-0.2228571428571428,5.911428571428572,2.6957142857142857,1.2357142857142858,1.8728571428571428,-0.6114285714285721,-0.2957142857142858,-0.7357142857142858,0.3597208791079541
2024-04-09,57.08173687602615,57.200388313919184,56.20173148225219,56.87409591674805,1902000.0,0.232231006026268,5.33,5.48,5.43,5.34,5.03,4.74,4.52,4.37,4.38,4.36,4.6,4.5,435.0,431.25,219304.0,1.1,9.7,1.95,0.0,-0.3,6.415714285714286,2.6228571428571428,0.92,1.4,3.284285714285713,-0.6728571428571428,-0.92,0.6488549184693417
2024-04-10,55.98420552588666,56.7949973364169,55.60847531154637,56.51814270019531,2133300.0,0.5652729719877243,5.33,5.49,5.45,5.4,5.19,4.97,4.77,4.61,4.59,4.55,4.76,4.64,431.0,434.25,210255.0,1.65,11.1,2.15,0.0,0.3557142857142857,6.554285714285714,2.7385714285714284,1.84,1.2942857142857145,4.545714285714285,-0.5885714285714285,-1.84,0.7907119112955112
2024-04-11,56.27094784195018,56.508254501011784,55.40082845453949,55.82600021362305,1870600.0,-0.0025367885828017,5.33,5.48,5.45,5.38,5.17,4.93,4.77,4.61,4.6,4.56,4.77,4.65,434.0,428.75,250695.0,2.5,7.5,3.9,0.0,0.1128571428571428,6.154285714285715,2.8814285714285712,1.4585714285714286,2.387142857142857,1.3457142857142852,1.018571428571429,-1.4585714285714286,0.7173305634277087
2024-04-12,54.056099977496906,55.059705547814225,53.0426121302664,53.15631866455078,3906700.0,-0.3903135359287262,5.33,5.48,5.45,5.36,5.13,4.88,4.7,4.54,4.53,4.5,4.73,4.61,428.25,435.5,202052.0,1.1,9.45,1.35,0.0,0.5471428571428572,6.442857142857143,2.9771428571428573,1.09,0.5528571428571429,3.007142857142856,-1.6271428571428572,-1.09,0.8172603680123544
2024-04-13,54.056099977496906,55.059705547814225,53.0426121302664,53.15631866455078,3906700.0,-0.3903135359287262,5.33,5.48,5.45,5.36,5.13,4.88,4.7,4.54,4.53,4.5,4.73,4.61,428.25,435.5,202052.0,1.1,9.45,1.35,0.0,0.5471428571428572,6.442857142857143,2.9771428571428573,1.09,0.5528571428571429,3.007142857142856,-1.6271428571428572,-1.09,0.8172603680123544
2024-04-14,54.056099977496906,55.059705547814225,53.0426121302664,53.15631866455078,3906700.0,-0.3903135359287262,5.33,5.48,5.45,5.36,5.13,4.88,4.7,4.54,4.53,4.5,4.73,4.61,428.25,435.5,202052.0,1.1,9.45,1.35,0.0,0.5471428571428572,6.442857142857143,2.9771428571428573,1.09,0.5528571428571429,3.007142857142856,-1.6271428571428572,-1.09,0.8172603680123544
2024-04-15,53.897897066881875,53.977000544924806,52.592719854065,53.06732940673828,2709500.0,0.0517314411699771,5.33,5.49,5.45,5.38,5.16,4.93,4.78,4.65,4.65,4.63,4.85,4.74,434.5,431.5,152252.0,4.15,14.15,4.45,0.0,1.1885714285714286,7.128571428571429,3.17,1.3714285714285714,2.9614285714285717,7.021428571428571,1.2800000000000002,-1.3714285714285714,1.2953193604772724
2024-04-16,52.92890103873927,53.15631787579494,52.607553538203625,52.72126007080078,2742800.0,0.207619696855545,5.33,5.49,5.45,5.39,5.18,4.97,4.83,4.69,4.69,4.67,4.88,4.77,431.25,431.0,148116.0,5.3,10.3,3.15,16.65,0.6971428571428571,6.598571428571428,2.73,1.28,4.602857142857143,3.701428571428573,0.4199999999999999,15.37,2.037388267952314
2024-04-17,52.988233099398215,53.72981128024152,52.88935751736378,52.92890548706055,2656500.0,-0.0084562152624129,5.33,5.49,5.45,5.38,5.16,4.93,4.77,4.62,4.61,4.59,4.81,4.71,431.0,430.25,139235.0,3.9,8.35,3.8,0.4,0.5085714285714285,7.4714285714285715,2.192857142857143,0.1328571428571428,3.3914285714285715,0.8785714285714281,1.6071428571428568,0.2671428571428572,0.8373856853621978
2024-04-18,53.25519699749186,53.55677239950382,53.00800429235821,53.35407257080078,1614900.0,0.1092292778193952,5.33,5.49,5.46,5.39,5.18,4.98,4.83,4.68,4.67,4.64,4.85,4.74,429.5,426.75,180777.0,0.85,5.55,3.1,0.0,1.45,7.825714285714285,2.9,2.417142857142857,-0.6,-2.275714285714285,0.2000000000000001,-2.417142857142857,0.482594432571055
2024-04-19,53.29474752195074,54.22419071421823,53.27497165336701,54.18463897705078,2052600.0,-0.7084335833787917,5.33,5.49,5.45,5.39,5.17,4.97,4.81,4.66,4.65,4.62,4.83,4.72,427.25,433.5,163574.0,-0.5,4.45,3.95,0.0,1.1557142857142857,6.97,2.682857142857143,0.9028571428571428,-1.6557142857142857,-2.5199999999999996,1.2671428571428571,-0.9028571428571428,0.768520464976658
2024-04-20,53.29474752195074,54.22419071421823,53.27497165336701,54.18463897705078,2052600.0,-0.7084335833787917,5.33,5.49,5.45,5.39,5.17,4.97,4.81,4.66,4.65,4.62,4.83,4.72,427.25,433.5,163574.0,-0.5,4.45,3.95,0.0,1.1557142857142857,6.97,2.682857142857143,0.9028571428571428,-1.6557142857142857,-2.5199999999999996,1.2671428571428571,-0.9028571428571428,0.768520464976658
2024-04-21,53.29474752195074,54.22419071421823,53.27497165336701,54.18463897705078,2052600.0,-0.7084335833787917,5.33,5.49,5.45,5.39,5.17,4.97,4.81,4.66,4.65,4.62,4.83,4.72,427.25,433.5,163574.0,-0.5,4.45,3.95,0.0,1.1557142857142857,6.97,2.682857142857143,0.9028571428571428,-1.6557142857142857,-2.5199999999999996,1.2671428571428571,-0.9028571428571428,0.768520464976658
2024-04-22,54.18464455031244,54.837233193253525,53.7990245029193,54.58015441894531,2315600.0,-0.1235155463218689,5.33,5.49,5.42,5.39,5.16,4.97,4.81,4.66,4.65,4.62,4.84,4.72,432.25,439.75,192556.0,2.8,11.65,2.95,0.0,0.9385714285714286,8.504285714285714,2.4442857142857144,2.21,1.8614285714285712,3.145714285714286,0.5057142857142858,-2.21,0.7359641726074543
2024-04-23,54.056099973344125,54.94599523744728,54.056099973344125,54.56037521362305,2576200.0,0.0713394209742546,5.33,5.49,5.45,5.39,5.14,4.86,4.76,4.63,4.62,4.61,4.84,4.73,439.25,443.0,144096.0,2.2,10.0,3.0,0.0,1.5657142857142856,9.564285714285717,2.5557142857142856,0.43,0.6342857142857146,0.4357142857142833,0.4442857142857144,-0.43,0.246860452788208
2024-04-24,54.03632826037282,54.44666529498275,53.690256201042416,54.15497970581055,1811700.0,0.5039841569960116,5.33,5.49,5.46,5.4,5.17,4.89,4.78,4.64,4.66,4.65,4.88,4.78,442.75,437.75,161654.0,0.3,10.0,1.3,0.0,1.8585714285714283,9.187142857142858,2.5357142857142856,1.3142857142857145,-1.5585714285714285,0.8128571428571423,-1.2357142857142855,-1.3142857142857145,0.6443552118541704
2024-04-25,54.18464141412756,54.33295854924576,53.45295310292671,54.08576583862305,1593400.0,-0.6066242530941961,5.33,5.48,5.47,5.41,5.21,4.96,4.85,4.7,4.71,4.7,4.93,4.82,437.75,441.0,168023.0,5.55,11.1,4.1,0.0,2.0385714285714283,8.355714285714285,2.78,1.5085714285714285,3.5114285714285716,2.7442857142857147,1.3199999999999998,-1.5085714285714285,1.0198745655096333
2024-04-26,53.7594719037033,54.57520863732622,53.749585854482994,54.30329513549805,2350200.0,0.3604259528219699,5.33,5.48,5.46,5.4,5.21,4.96,4.84,4.68,4.68,4.67,4.89,4.78,441.0,440.0,165048.0,4.15,7.5,3.3,13.7,1.6228571428571428,7.895714285714287,2.6585714285714284,1.4742857142857144,2.5271428571428576,-0.3957142857142868,0.6414285714285715,12.225714285714284,1.3909089438557534
2024-04-27,53.7594719037033,54.57520863732622,53.749585854482994,54.30329513549805,2350200.0,0.3604259528219699,5.33,5.48,5.46,5.4,5.21,4.96,4.84,4.68,4.68,4.67,4.89,4.78,441.0,440.0,165048.0,4.15,7.5,3.3,13.7,1.6228571428571428,7.895714285714287,2.6585714285714284,1.4742857142857144,2.5271428571428576,-0.3957142857142868,0.6414285714285715,12.225714285714284,1.3909089438557534
2024-04-28,53.7594719037033,54.57520863732622,53.749585854482994,54.30329513549805,2350200.0,0.3604259528219699,5.33,5.48,5.46,5.4,5.21,4.96,4.84,4.68,4.68,4.67,4.89,4.78,441.0,440.0,165048.0,4.15,7.5,3.3,13.7,1.6228571428571428,7.895714285714287,2.6585714285714284,1.4742857142857144,2.5271428571428576,-0.3957142857142868,0.6414285714285715,12.225714285714284,1.3909089438557534
2024-04-29,54.580150966840606,54.87678146362305,54.37250999627904,54.87678146362305,2348000.0,-0.0857067909091711,5.33,5.48,5.45,5.43,5.2,4.97,4.8,4.65,4.64,4.63,4.86,4.75,440.0,439.25,117196.0,2.2,6.95,2.5,0.0,2.2657142857142856,8.384285714285713,2.7457142857142856,1.605714285714286,-0.0657142857142853,-1.4342857142857133,-0.2457142857142855,-1.605714285714286,0.3137700469596113
2024-04-30,54.48127236614702,54.53071392617239,53.50239133617269,53.52216720581055,3520000.0,0.1743664480745793,5.33,5.48,5.46,5.44,5.25,5.04,4.87,4.72,4.71,4.69,4.9,4.79,439.25,439.5,14833.0,1.65,10.0,2.35,1.5,2.322857142857143,8.427142857142856,2.837142857142857,2.4985714285714287,-0.672857142857143,1.5728571428571438,-0.4871428571428571,-0.9985714285714288,0.3986974302389452
2024-05-01,53.77924747799105,54.11542972755472,53.04755914014524,53.30463790893555,3590000.0,0.2791260182857513,5.33,5.47,5.46,5.43,5.21,4.96,4.79,4.64,4.64,4.63,4.85,4.74,440.0,443.25,4184.0,2.2,8.35,1.25,0.25,2.2342857142857144,8.697142857142856,2.624285714285714,0.9385714285714286,-0.0342857142857142,-0.3471428571428561,-1.374285714285714,-0.6885714285714286,0.4538542835791171
2024-05-02,56.35994005475678,57.05208042383663,55.677689506700936,56.34016418457031,6605000.0,0.8202499747276307,5.33,5.51,5.46,5.42,5.16,4.87,4.71,4.57,4.57,4.58,4.82,4.72,442.75,452.0,2944.0,3.6,8.35,1.95,4.85,1.7514285714285711,8.715714285714286,2.202857142857143,0.63,1.848571428571429,-0.3657142857142865,-0.2528571428571429,4.22,0.597521059231753
2024-05-03,56.38960143115178,56.755449368286335,55.934767736827304,56.51814270019531,2977600.0,-0.1190789863467217,5.33,5.51,5.45,5.41,5.12,4.81,4.63,4.48,4.49,4.5,4.75,4.66,451.25,447.0,2540.0,1.95,9.45,1.85,0.25,2.072857142857143,9.381428571428572,2.21,0.8128571428571428,-0.122857142857143,0.0685714285714276,-0.3599999999999999,-0.5628571428571428,0.1574154650396425
2024-05-04,56.38960143115178,56.755449368286335,55.934767736827304,56.51814270019531,2977600.0,-0.1190789863467217,5.33,5.51,5.45,5.41,5.12,4.81,4.63,4.48,4.49,4.5,4.75,4.66,451.25,447.0,2540.0,1.95,9.45,1.85,0.25,2.072857142857143,9.381428571428572,2.21,0.8128571428571428,-0.122857142857143,0.0685714285714276,-0.3599999999999999,-0.5628571428571428,0.1574154650396425
2024-05-05,56.38960143115178,56.755449368286335,55.934767736827304,56.51814270019531,2977600.0,-0.1190789863467217,5.33,5.51,5.45,5.41,5.12,4.81,4.63,4.48,4.49,4.5,4.75,4.66,451.25,447.0,2540.0,1.95,9.45,1.85,0.25,2.072857142857143,9.381428571428572,2.21,0.8128571428571428,-0.122857142857143,0.0685714285714276,-0.3599999999999999,-0.5628571428571428,0.1574154650396425
2024-05-06,57.07185216090004,57.143042270926486,55.628243916726554,55.72712326049805,3205100.0,0.7326911687850952,5.33,5.51,5.45,5.42,5.12,4.82,4.64,4.48,4.48,4.49,4.73,4.64,447.0,457.0,1907.0,5.55,11.1,3.9,9.15,3.5957142857142856,10.201428571428572,2.46,1.1585714285714286,1.9542857142857144,0.8985714285714277,1.44,7.991428571428572,1.263108781208274
2024-05-07,56.023752439482045,57.239940050503925,56.023752439482045,56.87409591674805,5527600.0,0.9986028373241423,5.33,5.51,5.45,5.41,5.13,4.82,4.6,4.48,4.47,4.47,4.7,4.61,457.0,453.75,1021.0,2.8,9.15,2.5,0.0,3.725714285714286,10.217142857142855,2.6085714285714285,1.6785714285714286,-0.9257142857142862,-1.067142857142855,-0.1085714285714285,-1.6785714285714286,0.3323790330235877
2024-05-08,56.67634649921585,56.9937411065713,56.1720750103965,56.18196105957031,4291900.0,0.2854622602462768,5.33,5.51,5.45,5.41,5.13,4.84,4.63,4.5,4.49,4.48,4.73,4.64,452.75,445.5,634.0,2.2,11.65,2.55,0.0,3.71,9.57857142857143,2.637142857142857,2.7085714285714286,-1.5099999999999998,2.071428571428571,-0.0871428571428571,-2.7085714285714286,0.5426222740958846
2024-05-09,56.41926806661307,57.289383729836864,56.41926806661307,57.18062210083008,4051600.0,-0.3154880551155656,5.33,5.51,5.46,5.41,5.12,4.8,4.6,4.47,4.46,4.45,4.7,4.6,447.25,442.75,573.0,4.45,10.55,2.15,0.25,3.5714285714285716,10.03,2.5985714285714288,0.8228571428571428,0.8785714285714286,0.5200000000000014,-0.4485714285714288,-0.5728571428571428,0.2886029238626078
2024-05-10,57.348710253366114,58.10017445223943,56.80488703119788,56.83454895019531,3754500.0,0.6388417608104645,5.33,5.51,5.47,5.43,5.17,4.87,4.65,4.52,4.51,4.5,4.74,4.64,443.25,455.75,316.0,3.6,11.65,2.3,0.0,3.5814285714285714,10.002857142857144,2.5785714285714287,1.69,0.0185714285714286,1.6471428571428568,-0.2785714285714289,-1.69,0.3420999584392395
2024-05-11,57.348710253366114,58.10017445223943,56.80488703119788,56.83454895019531,3754500.0,0.6388417608104645,5.33,5.51,5.47,5.43,5.17,4.87,4.65,4.52,4.51,4.5,4.74,4.64,443.25,455.75,316.0,3.6,11.65,2.3,0.0,3.5814285714285714,10.002857142857144,2.5785714285714287,1.69,0.0185714285714286,1.6471428571428568,-0.2785714285714289,-1.69,0.3420999584392395
2024-05-12,57.348710253366114,58.10017445223943,56.80488703119788,56.83454895019531,3754500.0,0.6388417608104645,5.33,5.51,5.47,5.43,5.17,4.87,4.65,4.52,4.51,4.5,4.74,4.64,443.25,455.75,316.0,3.6,11.65,2.3,0.0,3.5814285714285714,10.002857142857144,2.5785714285714287,1.69,0.0185714285714286,1.6471428571428568,-0.2785714285714289,-1.69,0.3420999584392395
2024-05-13,57.01252855339136,57.79365845059738,56.64668438543042,56.65657043457031,3034100.0,-0.0346327871084213,5.33,5.5,5.45,5.43,5.16,4.85,4.66,4.5,4.49,4.48,4.72,4.63,453.5,458.5,317.0,4.7,11.95,1.25,0.0,3.382857142857143,9.757142857142858,2.657142857142857,0.6371428571428571,1.3171428571428572,2.1928571428571413,-1.407142857142857,-0.6371428571428571,0.7274521564565578
2024-05-14,57.01252821658688,57.28938285320703,56.56758057068912,56.90376281738281,3898000.0,-0.2313785161823034,5.33,5.5,5.44,5.43,5.16,4.81,4.62,4.46,4.45,4.45,4.69,4.59,461.0,453.75,246243.0,2.5,12.5,1.5,0.0,3.8871428571428575,10.59142857142857,2.398571428571429,1.0214285714285714,-1.3871428571428577,1.9085714285714293,-0.898571428571429,-1.0214285714285714,0.6042848267901166
2024-05-15,57.23005388563756,57.54646023394819,56.26105897245361,56.48847579956055,4157400.0,0.2771711647510528,5.33,5.49,5.45,5.4,5.1,4.73,4.51,4.35,4.35,4.36,4.61,4.52,467.75,462.5,222335.0,6.65,11.1,2.65,1.4,3.8228571428571434,10.717142857142855,1.9957142857142856,1.6328571428571428,2.827142857142857,0.3828571428571443,0.6542857142857144,-0.2328571428571428,0.4864846566302558
2024-05-16,56.36982310340656,56.498364366845635,55.26240083494278,55.37116622924805,5081800.0,0.1857687775045633,5.33,5.51,5.45,5.41,5.13,4.78,4.58,4.4,4.39,4.38,4.62,4.52,462.25,457.0,200532.0,5.0,12.5,1.9,0.0,4.0928571428571425,11.492857142857142,2.218571428571429,1.98,0.9071428571428576,1.007142857142858,-0.3185714285714289,-1.98,0.4056265201951229
2024-05-17,55.56892361565336,55.924881732141614,55.24262741825195,55.81611633300781,5282000.0,0.1712879836559295,5.33,5.5,5.46,5.41,5.14,4.83,4.6,4.44,4.43,4.42,4.66,4.56,457.25,452.5,217848.0,7.8,16.4,2.9,0.0,4.502857142857143,11.347142857142856,2.8285714285714287,1.8771428571428572,3.297142857142857,5.0528571428571425,0.0714285714285711,-1.8771428571428572,0.8814107490193699
2024-05-18,55.56892361565336,55.924881732141614,55.24262741825195,55.81611633300781,5282000.0,0.1712879836559295,5.33,5.5,5.46,5.41,5.14,4.83,4.6,4.44,4.43,4.42,4.66,4.56,457.25,452.5,217848.0,7.8,16.4,2.9,0.0,4.502857142857143,11.347142857142856,2.8285714285714287,1.8771428571428572,3.297142857142857,5.0528571428571425,0.0714285714285711,-1.8771428571428572,0.8814107490193699
2024-05-19,55.56892361565336,55.924881732141614,55.24262741825195,55.81611633300781,5282000.0,0.1712879836559295,5.33,5.5,5.46,5.41,5.14,4.83,4.6,4.44,4.43,4.42,4.66,4.56,457.25,452.5,217848.0,7.8,16.4,2.9,0.0,4.502857142857143,11.347142857142856,2.8285714285714287,1.8771428571428572,3.297142857142857,5.0528571428571425,0.0714285714285711,-1.8771428571428572,0.8814107490193699
2024-05-20,55.9051045733732,56.35993825757354,55.72712551923195,56.10285949707031,2869800.0,-0.3569755852222442,5.33,5.5,5.45,5.43,5.15,4.82,4.62,4.46,4.44,4.44,4.68,4.58,452.75,460.5,185086.0,5.85,12.8,2.1,0.4,4.507142857142857,10.517142857142858,2.281428571428571,1.4957142857142858,1.3428571428571423,2.282857142857143,-0.181428571428571,-1.0957142857142856,0.4439590135337999
2024-05-21,56.1621836038475,56.33027660994957,55.79633944495918,56.01387023925781,3032200.0,-0.3264461271464827,5.33,5.5,5.45,5.42,5.14,4.82,4.61,4.43,4.42,4.41,4.65,4.55,460.0,458.0,168069.0,5.0,8.6,3.4,14.75,4.74,10.937142857142858,2.5185714285714287,1.36,0.2599999999999998,-2.337142857142858,0.8814285714285712,13.39,1.4940936844262276
2024-05-22,55.59858602595509,56.46870545485152,55.59858602595509,56.34016418457031,2955100.0,0.3708087299019098,5.33,5.49,5.45,5.43,5.16,4.86,4.64,4.47,4.44,4.43,4.63,4.55,458.5,461.25,175899.0,5.0,11.1,1.9,0.0,5.537142857142857,11.582857142857142,2.6185714285714288,1.63,-0.5371428571428574,-0.4828571428571422,-0.7185714285714289,-1.63,0.408824529098295
2024-05-23,56.30060641807154,56.350047974176505,54.570257566510286,54.94599151611328,3121400.0,-0.2517008315771817,5.33,5.51,5.46,5.44,5.2,4.91,4.71,4.52,4.5,4.47,4.67,4.58,461.25,464.0,166864.0,5.3,13.35,2.95,0.0,5.52,10.918571428571427,2.462857142857143,1.5371428571428571,-0.2199999999999997,2.4314285714285724,0.4871428571428571,-1.5371428571428571,0.4685680472473073
2024-05-24,54.94599294999577,55.42554739058365,54.659248513293136,54.88666534423828,2282200.0,0.4884321466088295,5.33,5.56,5.46,5.44,5.21,4.93,4.71,4.53,4.49,4.46,4.65,4.57,464.5,464.75,169182.0,4.15,9.7,2.8,9.65,5.248571428571428,10.604285714285714,2.5028571428571427,1.8071428571428572,-1.098571428571428,-0.9042857142857148,0.2971428571428571,7.842857142857143,0.8661148332453332
2024-05-25,54.94599294999577,55.42554739058365,54.659248513293136,54.88666534423828,2282200.0,0.4884321466088295,5.33,5.56,5.46,5.44,5.21,4.93,4.71,4.53,4.49,4.46,4.65,4.57,464.5,464.75,169182.0,4.15,9.7,2.8,9.65,5.248571428571428,10.604285714285714,2.5028571428571427,1.8071428571428572,-1.098571428571428,-0.9042857142857148,0.2971428571428571,7.842857142857143,0.8661148332453332
2024-05-26,54.94599294999577,55.42554739058365,54.659248513293136,54.88666534423828,2282200.0,0.4884321466088295,5.33,5.56,5.46,5.44,5.21,4.93,4.71,4.53,4.49,4.46,4.65,4.57,464.5,464.75,169182.0,4.15,9.7,2.8,9.65,5.248571428571428,10.604285714285714,2.5028571428571427,1.8071428571428572,-1.098571428571428,-0.9042857142857148,0.2971428571428571,7.842857142857143,0.8661148332453332
2024-05-27,54.94599294999577,55.42554739058365,54.659248513293136,54.88666534423828,2282200.0,0.4884321466088295,5.33,5.56,5.46,5.44,5.21,4.93,4.71,4.53,4.49,4.46,4.65,4.57,464.5,464.75,169182.0,4.15,9.7,2.8,9.65,5.248571428571428,10.604285714285714,2.5028571428571427,1.8071428571428572,-1.098571428571428,-0.9042857142857148,0.2971428571428571,7.842857142857143,0.8661148332453332
2024-05-28,54.842174577324855,55.16352585344232,54.421947726338054,55.03498458862305,2418800.0,-0.2217874154448509,5.33,5.5,5.46,5.43,5.21,4.94,4.75,4.56,4.56,4.54,4.74,4.66,467.0,462.5,166128.0,4.45,11.1,1.75,0.15,5.7371428571428575,12.294285714285715,2.2285714285714286,1.0057142857142856,-1.2871428571428574,-1.1942857142857155,-0.4785714285714286,-0.8557142857142855,0.411330768981754
2024-05-29,54.48127279132313,54.886668692409245,53.62104320060117,53.66059494018555,4255800.0,0.746225155889988,5.33,5.5,5.46,5.43,5.22,4.96,4.79,4.63,4.63,4.61,4.82,4.74,462.5,455.25,166319.0,3.05,12.2,2.3,0.0,5.658571428571429,12.102857142857143,2.1471428571428572,3.774285714285714,-2.6085714285714294,0.097142857142856,0.1528571428571425,-3.774285714285714,0.584446197017902
2024-05-30,53.75947181681737,54.63947729860397,53.75947181681737,54.61970520019531,2172400.0,0.3313971161842346,5.33,5.48,5.46,5.42,5.19,4.92,4.74,4.57,4.57,4.55,4.76,4.69,455.25,448.75,225176.0,8.05,12.5,3.15,2.4,6.014285714285714,12.387142857142855,2.1799999999999997,2.575714285714286,2.0357142857142865,0.1128571428571447,0.9700000000000002,-0.1757142857142861,0.4715619399876637
2024-05-31,54.56037587009211,55.39094353596128,54.367565855860114,55.31184005737305,3593400.0,0.2641588151454925,5.33,5.48,5.46,5.42,5.18,4.89,4.69,4.52,4.52,4.51,4.73,4.65,449.0,446.25,174860.0,5.85,10.55,1.85,1.0,5.585714285714285,11.974285714285717,2.024285714285714,1.5314285714285714,0.2642857142857142,-1.4242857142857162,-0.1742857142857139,-0.5314285714285714,0.2284468395081341
2024-06-01,54.56037587009211,55.39094353596128,54.367565855860114,55.31184005737305,3593400.0,0.2641588151454925,5.33,5.48,5.46,5.42,5.18,4.89,4.69,4.52,4.52,4.51,4.73,4.65,449.0,446.25,174860.0,5.85,10.55,1.85,1.0,5.585714285714285,11.974285714285717,2.024285714285714,1.5314285714285714,0.2642857142857142,-1.4242857142857162,-0.1742857142857139,-0.5314285714285714,0.2284468395081341
2024-06-02,54.56037587009211,55.39094353596128,54.367565855860114,55.31184005737305,3593400.0,0.2641588151454925,5.33,5.48,5.46,5.42,5.18,4.89,4.69,4.52,4.52,4.51,4.73,4.65,449.0,446.25,174860.0,5.85,10.55,1.85,1.0,5.585714285714285,11.974285714285717,2.024285714285714,1.5314285714285714,0.2642857142857142,-1.4242857142857162,-0.1742857142857139,-0.5314285714285714,0.2284468395081341
2024-06-03,55.13385660498419,55.381049298064376,54.323064873430106,54.94599151611328,2310900.0,-0.2720793262124061,5.33,5.49,5.52,5.39,5.14,4.82,4.62,4.42,4.41,4.41,4.63,4.55,445.75,443.5,262804.0,8.6,15.55,1.55,1.4,5.715714285714286,12.255714285714284,2.0900000000000003,1.812857142857143,2.8842857142857135,3.294285714285717,-0.5400000000000003,-0.412857142857143,0.7118521461189321
2024-06-04,54.47001613823108,54.69808966285872,53.18090310293216,53.25031661987305,2995900.0,-0.2720793262124061,5.33,5.48,5.52,5.38,5.11,4.77,4.55,4.35,4.33,4.33,4.56,4.48,442.5,442.5,221274.0,6.1,12.8,2.5,7.0,6.2457142857142856,12.73857142857143,1.99,2.0642857142857145,-0.1457142857142859,0.0614285714285713,0.51,4.935714285714285,0.53997566750539
2024-06-05,53.180904131215776,53.63209200005554,53.022244120461245,53.607303619384766,2033700.0,0.0849023610353471,5.33,5.48,5.51,5.37,5.08,4.72,4.5,4.31,4.29,4.29,4.52,4.44,442.5,439.25,183305.0,5.55,13.35,2.45,0.0,6.51,13.0,1.9228571428571428,2.5957142857142856,-0.96,0.3499999999999996,0.5271428571428574,-2.5957142857142856,0.4610404755060657
2024-06-06,53.577551729211535,54.544389351745075,53.423850909234375,54.46009826660156,2624000.0,-0.0765129774808883,5.33,5.48,5.51,5.36,5.08,4.72,4.49,4.29,4.28,4.28,4.51,4.43,439.25,452.0,261537.0,6.1,12.8,3.5,0.0,6.777142857142857,13.268571428571429,2.2685714285714287,0.8228571428571428,-0.677142857142857,-0.468571428571428,1.231428571428571,-0.8228571428571428,0.4953467116883533
2024-06-07,53.50813711177641,54.212190651542514,52.27852301172757,52.45701599121094,3750700.0,-0.1201347550377251,5.33,5.47,5.52,5.4,5.17,4.87,4.65,4.46,4.45,4.43,4.64,4.55,452.0,448.75,238072.0,4.15,11.65,1.0,1.0,6.905714285714286,13.237142857142857,2.2142857142857144,0.8928571428571429,-2.7557142857142853,-1.5871428571428563,-1.2142857142857144,0.1071428571428571,0.7182741198181272
2024-06-08,53.50813711177641,54.212190651542514,52.27852301172757,52.45701599121094,3750700.0,-0.1201347550377251,5.33,5.47,5.52,5.4,5.17,4.87,4.65,4.46,4.45,4.43,4.64,4.55,452.0,448.75,238072.0,4.15,11.65,1.0,1.0,6.905714285714286,13.237142857142857,2.2142857142857144,0.8928571428571429,-2.7557142857142853,-1.5871428571428563,-1.2142857142857144,0.1071428571428571,0.7182741198181272
2024-06-09,53.50813711177641,54.212190651542514,52.27852301172757,52.45701599121094,3750700.0,-0.1201347550377251,5.33,5.47,5.52,5.4,5.17,4.87,4.65,4.46,4.45,4.43,4.64,4.55,452.0,448.75,238072.0,4.15,11.65,1.0,1.0,6.905714285714286,13.237142857142857,2.2142857142857144,0.8928571428571429,-2.7557142857142853,-1.5871428571428563,-1.2142857142857144,0.1071428571428571,0.7182741198181272
2024-06-10,52.21902295862945,52.2289375538289,51.22243780858343,51.2769775390625,5329900.0,0.4052348509430884,5.33,5.47,5.52,5.4,5.16,4.87,4.62,4.48,4.47,4.47,4.68,4.59,448.75,451.75,230930.0,4.45,13.35,1.4,0.0,6.915714285714286,13.032857142857145,2.0885714285714285,1.0242857142857142,-2.465714285714286,0.3171428571428549,-0.6885714285714286,-1.0242857142857142,0.5185704051852044
2024-06-11,50.672090142167086,52.0008692135958,49.59121758568587,51.20756912231445,6635800.0,0.3577618300914764,5.33,5.46,5.52,5.39,5.17,4.81,4.57,4.41,4.4,4.39,4.62,4.53,450.75,449.5,271960.0,9.15,15.3,2.15,0.0,7.165714285714286,13.535714285714286,2.21,1.687142857142857,1.984285714285714,1.7642857142857142,-0.06,-1.687142857142857,0.4746575265498776
2024-06-12,51.62405614419446,52.27852921909228,51.08857714216351,51.50505828857422,3326000.0,-0.0078317746520043,5.33,5.47,5.51,5.38,5.13,4.75,4.48,4.32,4.31,4.31,4.56,4.47,449.0,454.25,276468.0,8.9,15.3,1.95,5.35,6.791428571428571,13.231428571428571,1.9228571428571428,1.5257142857142856,2.1085714285714294,2.0685714285714294,0.0271428571428571,3.824285714285714,0.6686279522365668
2024-06-13,51.20756642855812,51.52488644837815,50.5332604407523,51.1480712890625,3512600.0,0.2608973383903503,5.33,5.47,5.51,5.36,5.07,4.68,4.42,4.24,4.23,4.24,4.5,4.4,453.5,458.5,296248.0,8.05,14.45,1.8,0.75,6.978571428571429,13.64,2.04,2.222857142857143,1.071428571428572,0.8099999999999987,-0.24,-1.4728571428571429,0.3441943874424112
2024-06-14,51.1381487590224,51.36622226832995,50.05727634715013,50.75141525268555,1619300.0,0.2608973383903503,5.33,5.47,5.51,5.36,5.07,4.67,4.41,4.22,4.2,4.2,4.46,4.34,458.0,450.0,228388.0,5.85,14.45,1.2,0.0,7.427142857142857,13.57,2.212857142857143,2.045714285714286,-1.5771428571428574,0.879999999999999,-1.0128571428571431,-2.045714285714286,0.6487277652757009
2024-06-15,51.1381487590224,51.36622226832995,50.05727634715013,50.75141525268555,1619300.0,0.2608973383903503,5.33,5.47,5.51,5.36,5.07,4.67,4.41,4.22,4.2,4.2,4.46,4.34,458.0,450.0,228388.0,5.85,14.45,1.2,0.0,7.427142857142857,13.57,2.212857142857143,2.045714285714286,-1.5771428571428574,0.879999999999999,-1.0128571428571431,-2.045714285714286,0.6487277652757009
2024-06-16,51.1381487590224,51.36622226832995,50.05727634715013,50.75141525268555,1619300.0,0.2608973383903503,5.33,5.47,5.51,5.36,5.07,4.67,4.41,4.22,4.2,4.2,4.46,4.34,458.0,450.0,228388.0,5.85,14.45,1.2,0.0,7.427142857142857,13.57,2.212857142857143,2.045714285714286,-1.5771428571428574,0.879999999999999,-1.0128571428571431,-2.045714285714286,0.6487277652757009
2024-06-17,50.83074668329849,51.76287753669986,50.721671001695725,51.604217529296875,2622900.0,0.4859030544757842,5.33,5.45,5.52,5.39,5.11,4.75,4.5,4.3,4.28,4.28,4.52,4.4,448.0,443.75,172134.0,7.2,13.6,3.15,28.2,7.797142857142856,13.982857142857142,2.434285714285714,1.982857142857143,-0.5971428571428561,-0.3828571428571425,0.7157142857142857,26.217142857142857,2.3215315987995027
2024-06-18,51.84220456233456,52.357850521273775,50.939825079879135,51.45547103881836,2577800.0,-0.1100206300616264,5.33,5.4,5.5,5.37,5.09,4.69,4.43,4.24,4.22,4.22,4.47,4.36,444.25,450.0,191652.0,7.5,14.7,3.5,1.0,7.637142857142858,13.67142857142857,2.1357142857142857,1.3071428571428572,-0.1371428571428579,1.0285714285714285,1.3642857142857143,-0.3071428571428571,0.4863702731565205
2024-06-19,51.84220456233456,52.357850521273775,50.939825079879135,51.45547103881836,2577800.0,-0.1100206300616264,5.33,5.4,5.5,5.37,5.09,4.69,4.43,4.24,4.22,4.22,4.47,4.36,444.25,450.0,191652.0,7.5,14.7,3.5,1.0,7.637142857142858,13.67142857142857,2.1357142857142857,1.3071428571428572,-0.1371428571428579,1.0285714285714285,1.3642857142857143,-0.3071428571428571,0.4863702731565205
2024-06-20,51.34639042891461,52.465937729226624,51.16789745547378,51.93144989013672,3617600.0,-0.0082457959651947,5.33,5.42,5.5,5.37,5.1,4.7,4.45,4.26,4.25,4.25,4.49,4.39,448.25,439.75,229750.0,7.8,9.7,2.2,44.45,7.938571428571429,13.737142857142857,2.204285714285714,4.491428571428571,-0.1385714285714288,-4.037142857142857,-0.004285714285714,39.95857142857143,3.456156668273832
2024-06-21,52.00086855356756,52.59584645154164,51.534806883654,52.47684860229492,8774000.0,0.1067646443843842,5.33,5.42,5.49,5.36,5.1,4.7,4.45,4.26,4.25,4.25,4.49,4.39,440.0,435.0,217553.0,8.9,12.8,1.95,37.95,7.72,13.605714285714283,2.1342857142857143,3.18,1.1800000000000006,-0.8057142857142825,-0.1842857142857143,34.77,2.9337559644916817
2024-06-22,52.00086855356756,52.59584645154164,51.534806883654,52.47684860229492,8774000.0,0.1067646443843842,5.33,5.42,5.49,5.36,5.1,4.7,4.45,4.26,4.25,4.25,4.49,4.39,440.0,435.0,217553.0,8.9,12.8,1.95,37.95,7.72,13.605714285714283,2.1342857142857143,3.18,1.1800000000000006,-0.8057142857142825,-0.1842857142857143,34.77,2.9337559644916817
2024-06-23,52.00086855356756,52.59584645154164,51.534806883654,52.47684860229492,8774000.0,0.1067646443843842,5.33,5.42,5.49,5.36,5.1,4.7,4.45,4.26,4.25,4.25,4.49,4.39,440.0,435.0,217553.0,8.9,12.8,1.95,37.95,7.72,13.605714285714283,2.1342857142857143,3.18,1.1800000000000006,-0.8057142857142825,-0.1842857142857143,34.77,2.9337559644916817
2024-06-24,52.64542336821671,52.91316283643534,52.30827038409913,52.4669303894043,2909400.0,0.3267636895179748,5.33,5.42,5.5,5.37,5.1,4.71,4.46,4.27,4.25,4.25,4.48,4.38,435.0,433.5,203582.0,11.1,17.2,2.2,0.0,7.917142857142858,14.252857142857144,1.9885714285714284,1.8242857142857145,3.1828571428571415,2.9471428571428557,0.2114285714285717,-1.8242857142857145,0.7330745490879556
2024-06-25,52.169444783576715,52.63551021690159,51.76287827240598,52.59584426879883,3808400.0,0.3267636895179748,5.33,5.43,5.49,5.37,5.1,4.65,4.45,4.25,4.23,4.23,4.46,4.36,433.5,425.5,172164.0,10.55,15.85,1.75,0.0,8.061428571428571,14.09142857142857,2.2728571428571427,0.8114285714285714,2.4885714285714293,1.758571428571429,-0.5228571428571427,-0.8114285714285714,0.5768267616076762
2024-06-26,52.466936013101325,53.28998747948369,52.33802356286305,53.19082260131836,3410400.0,0.2120306342840195,5.33,5.44,5.5,5.36,5.13,4.71,4.53,4.32,4.32,4.32,4.55,4.45,425.0,420.0,161453.0,8.35,13.9,1.9,0.0,8.031428571428572,14.241428571428573,2.0885714285714285,1.1571428571428573,0.3185714285714276,-0.3414285714285725,-0.1885714285714286,-1.1571428571428573,0.1980209417401041
2024-06-27,53.170985646911745,53.37922998409942,52.804085082038384,53.20073699951172,2958100.0,0.0386140756309032,5.33,5.48,5.49,5.35,5.1,4.7,4.49,4.29,4.27,4.29,4.53,4.43,420.0,413.75,142693.0,8.05,11.95,2.45,3.2,7.932857142857142,14.181428571428572,2.0814285714285714,2.2342857142857144,0.1171428571428583,-2.231428571428573,0.3685714285714287,0.9657142857142856,0.3664378592734272
2024-06-28,53.65688252225248,54.13286253995706,53.07678223030812,53.488304138183594,6301400.0,0.0126561652868986,5.33,5.47,5.48,5.33,5.09,4.71,4.52,4.33,4.33,4.36,4.61,4.51,414.0,397.25,15899.0,8.35,14.45,2.2,1.9,8.127142857142857,14.184285714285714,2.357142857142857,0.9514285714285716,0.2228571428571424,0.2657142857142851,-0.157142857142857,0.9485714285714284,0.1583194602286455
2024-06-29,53.65688252225248,54.13286253995706,53.07678223030812,53.488304138183594,6301400.0,0.0126561652868986,5.33,5.47,5.48,5.33,5.09,4.71,4.52,4.33,4.33,4.36,4.61,4.51,414.0,397.25,15899.0,8.35,14.45,2.2,1.9,8.127142857142857,14.184285714285714,2.357142857142857,0.9514285714285716,0.2228571428571424,0.2657142857142851,-0.157142857142857,0.9485714285714284,0.1583194602286455
2024-06-30,53.65688252225248,54.13286253995706,53.07678223030812,53.488304138183594,6301400.0,0.0126561652868986,5.33,5.47,5.48,5.33,5.09,4.71,4.52,4.33,4.33,4.36,4.61,4.51,414.0,397.25,15899.0,8.35,14.45,2.2,1.9,8.127142857142857,14.184285714285714,2.357142857142857,0.9514285714285716,0.2228571428571424,0.2657142857142851,-0.157142857142857,0.9485714285714284,0.1583194602286455
2024-07-01,53.45855726559856,53.79075106622726,52.42726532242742,52.62559127807617,2549800.0,0.5060269385576247,5.33,5.48,5.47,5.37,5.1,4.77,4.58,4.44,4.45,4.48,4.76,4.64,397.25,398.25,1731.0,8.6,10.0,3.5,0.25,7.864285714285714,14.007142857142858,2.092857142857143,2.4757142857142855,0.7357142857142858,-4.007142857142858,1.407142857142857,-2.2257142857142855,0.9449568923086424
2024-07-02,52.54626486305053,52.744587042353395,52.17936050928343,52.32810592651367,2186800.0,0.1309822350740433,5.33,5.48,5.47,5.36,5.07,4.74,4.54,4.39,4.4,4.43,4.71,4.6,398.25,402.0,764.0,8.9,12.5,1.1,0.0,8.21142857142857,14.101428571428572,2.2385714285714284,0.4214285714285714,0.6885714285714304,-1.6014285714285723,-1.1385714285714283,-0.4214285714285714,0.5323126304926512
2024-07-03,52.41735009133576,52.70492253440205,51.82237223160346,52.040531158447266,1238100.0,-0.2740258872509002,5.33,5.49,5.47,5.36,5.04,4.71,4.48,4.33,4.33,4.36,4.64,4.53,402.25,403.5,584.0,8.35,14.45,1.3,0.0,8.59,14.504285714285714,2.142857142857143,1.15,-0.2400000000000002,-0.0542857142857151,-0.8428571428571427,-1.15,0.3424270885739013
2024-07-04,52.41735009133576,52.70492253440205,51.82237223160346,52.040531158447266,1238100.0,-0.2740258872509002,5.33,5.49,5.47,5.36,5.04,4.71,4.48,4.33,4.33,4.36,4.64,4.53,402.25,403.5,584.0,8.35,14.45,1.3,0.0,8.59,14.504285714285714,2.142857142857143,1.15,-0.2400000000000002,-0.0542857142857151,-0.8428571428571427,-1.15,0.3424270885739013
2024-07-05,51.65379835032777,52.030617288470125,51.30673076437624,52.0008659362793,1493500.0,0.7960313409566878,5.33,5.48,5.46,5.34,4.98,4.6,4.39,4.22,4.23,4.28,4.57,4.47,406.0,411.25,398.0,7.8,13.05,1.9,0.0,8.498571428571429,14.552857142857144,2.031428571428571,1.5414285714285716,-0.6985714285714293,-1.5028571428571436,-0.1314285714285712,-1.5414285714285716,0.3422321773828525
2024-07-06,51.65379835032777,52.030617288470125,51.30673076437624,52.0008659362793,1493500.0,0.7960313409566878,5.33,5.48,5.46,5.34,4.98,4.6,4.39,4.22,4.23,4.28,4.57,4.47,406.0,411.25,398.0,7.8,13.05,1.9,0.0,8.498571428571429,14.552857142857144,2.031428571428571,1.5414285714285716,-0.6985714285714293,-1.5028571428571436,-0.1314285714285712,-1.5414285714285716,0.3422321773828525
2024-07-07,51.65379835032777,52.030617288470125,51.30673076437624,52.0008659362793,1493500.0,0.7960313409566878,5.33,5.48,5.46,5.34,4.98,4.6,4.39,4.22,4.23,4.28,4.57,4.47,406.0,411.25,398.0,7.8,13.05,1.9,0.0,8.498571428571429,14.552857142857144,2.031428571428571,1.5414285714285716,-0.6985714285714293,-1.5028571428571436,-0.1314285714285712,-1.5414285714285716,0.3422321773828525
2024-07-08,52.020700711718646,52.12482099110997,51.068740629209664,51.28689956665039,2996900.0,0.1362948790192604,5.33,5.48,5.46,5.33,4.99,4.62,4.4,4.23,4.23,4.28,4.57,4.46,411.75,395.75,666.0,7.8,14.15,0.75,0.0,8.382857142857143,14.355714285714283,2.0742857142857143,0.8471428571428571,-0.5828571428571427,-0.2057142857142828,-1.3242857142857145,-0.8471428571428571,0.4920603096999406
2024-07-09,51.197652351926,51.25714749202477,50.265521474345995,50.29527282714844,2577500.0,0.1298016160726547,5.33,5.45,5.46,5.34,5.02,4.62,4.37,4.24,4.25,4.3,4.59,4.49,400.25,400.25,585.0,7.5,15.0,0.35,0.0,8.364285714285714,14.547142857142855,1.7414285714285715,1.97,-0.8642857142857139,0.4528571428571446,-1.3914285714285717,-1.97,0.6437200353743071
2024-07-10,50.37459925165901,50.632424125948184,49.93828518030809,50.59275817871094,3435900.0,0.0614998042583465,5.33,5.46,5.46,5.33,5.01,4.62,4.38,4.24,4.24,4.28,4.58,4.47,399.75,403.25,214.0,8.6,14.45,1.25,0.5,8.525714285714285,14.565714285714286,2.2414285714285715,2.0642857142857145,0.0742857142857147,-0.1157142857142865,-0.9914285714285715,-1.5642857142857145,0.4042409940601488
2024-07-11,51.01915764496913,52.040531198240785,50.94974412869355,51.83229064941406,2243900.0,-0.379366971552372,5.33,5.48,5.44,5.25,4.91,4.5,4.26,4.13,4.15,4.2,4.51,4.41,411.0,406.75,65.0,7.2,14.15,1.65,0.0,8.635714285714286,14.352857142857143,2.15,0.9457142857142856,-1.435714285714286,-0.2028571428571428,-0.5,-0.9457142857142856,0.3572331900932184
2024-07-12,52.209109620331674,52.85862342998817,51.604217164276186,52.65533828735352,2496000.0,-0.2460954068228601,5.33,5.47,5.43,5.23,4.87,4.45,4.22,4.1,4.13,4.18,4.5,4.39,395.75,400.0,211323.0,9.7,15.3,2.9,0.0,8.467142857142857,14.398571428571428,1.937142857142857,1.6642857142857144,1.2328571428571422,0.901428571428573,0.9628571428571427,-1.6642857142857144,0.5754672172517167
2024-07-13,52.209109620331674,52.85862342998817,51.604217164276186,52.65533828735352,2496000.0,-0.2460954068228601,5.33,5.47,5.43,5.23,4.87,4.45,4.22,4.1,4.13,4.18,4.5,4.39,395.75,400.0,211323.0,9.7,15.3,2.9,0.0,8.467142857142857,14.398571428571428,1.937142857142857,1.6642857142857144,1.2328571428571422,0.901428571428573,0.9628571428571427,-1.6642857142857144,0.5754672172517167
2024-07-14,52.209109620331674,52.85862342998817,51.604217164276186,52.65533828735352,2496000.0,-0.2460954068228601,5.33,5.47,5.43,5.23,4.87,4.45,4.22,4.1,4.13,4.18,4.5,4.39,395.75,400.0,211323.0,9.7,15.3,2.9,0.0,8.467142857142857,14.398571428571428,1.937142857142857,1.6642857142857144,1.2328571428571422,0.901428571428573,0.9628571428571427,-1.6642857142857144,0.5754672172517167
2024-07-15,52.57601004994888,52.828875734675805,52.01078354250252,52.45701599121094,2646100.0,-0.0261419415473938,5.33,5.48,5.43,5.23,4.85,4.44,4.23,4.13,4.16,4.23,4.56,4.46,403.0,390.5,140155.0,9.15,15.55,1.55,0.4,8.674285714285714,15.055714285714288,1.9185714285714288,0.47,0.475714285714286,0.4942857142857129,-0.3685714285714287,-0.0699999999999999,0.1885755504381206
2024-07-16,52.52642859874002,53.77091646175916,52.47188886802173,53.74612808227539,2818000.0,0.2181699126958847,5.33,5.48,5.43,5.23,4.85,4.43,4.21,4.09,4.11,4.17,4.48,4.38,390.0,395.75,133849.0,7.5,13.9,1.35,0.0,8.84,15.13,2.0214285714285714,0.8414285714285714,-1.34,-1.2300000000000004,-0.6714285714285713,-0.8414285714285714,0.4697669935615363
2024-07-17,53.76596318659027,55.21373624562589,53.76596318659027,55.07490921020508,3089900.0,0.6934989988803864,5.33,5.47,5.43,5.23,4.85,4.42,4.19,4.07,4.09,4.16,4.46,4.37,395.75,398.0,115086.0,6.4,12.8,1.4,0.0,8.792857142857143,15.221428571428572,2.0185714285714287,1.6914285714285715,-2.3928571428571423,-2.421428571428571,-0.6185714285714288,-1.6914285714285715,0.7161274853667177
2024-07-18,54.35102508278087,55.65997116424575,54.23202723337266,54.73775863647461,2592000.0,0.52456708997488,5.33,5.48,5.43,5.23,4.86,4.46,4.24,4.11,4.14,4.2,4.51,4.41,398.0,391.25,114790.0,5.55,13.35,1.45,0.0,8.96,15.10142857142857,2.142857142857143,1.4942857142857142,-3.410000000000001,-1.751428571428571,-0.6928571428571428,-1.4942857142857142,0.7603511974347232
2024-07-19,54.81708682866705,54.81708682866705,53.89487429962843,54.32127380371094,2088300.0,0.6413009427487849,5.33,5.48,5.43,5.24,4.87,4.49,4.28,4.16,4.18,4.25,4.55,4.45,391.0,390.5,111883.0,8.9,11.95,1.85,0.15,8.974285714285715,14.64,2.0028571428571427,1.6085714285714283,-0.0742857142857147,-2.6900000000000013,-0.1528571428571425,-1.4585714285714284,0.3802770200717091
2024-07-20,54.81708682866705,54.81708682866705,53.89487429962843,54.32127380371094,2088300.0,0.6413009427487849,5.33,5.48,5.43,5.24,4.87,4.49,4.28,4.16,4.18,4.25,4.55,4.45,391.0,390.5,111883.0,8.9,11.95,1.85,0.15,8.974285714285715,14.64,2.0028571428571427,1.6085714285714283,-0.0742857142857147,-2.6900000000000013,-0.1528571428571425,-1.4585714285714284,0.3802770200717091
2024-07-21,54.81708682866705,54.81708682866705,53.89487429962843,54.32127380371094,2088300.0,0.6413009427487849,5.33,5.48,5.43,5.24,4.87,4.49,4.28,4.16,4.18,4.25,4.55,4.45,391.0,390.5,111883.0,8.9,11.95,1.85,0.15,8.974285714285715,14.64,2.0028571428571427,1.6085714285714283,-0.0742857142857147,-2.6900000000000013,-0.1528571428571425,-1.4585714285714284,0.3802770200717091
2024-07-22,54.440268027895016,54.509681544146105,53.48830420848181,54.31135559082031,1494700.0,1.22855344414711,5.33,5.49,5.43,5.24,4.88,4.5,4.29,4.17,4.2,4.26,4.57,4.48,391.0,400.25,150907.0,7.5,14.15,0.65,0.0,8.55857142857143,14.437142857142858,1.7585714285714285,0.4985714285714285,-1.0585714285714296,-0.2871428571428573,-1.1085714285714283,-0.4985714285714285,0.4576526051919913
2024-07-23,54.09319598434149,54.33118788189326,53.80562354476937,53.93453598022461,1625500.0,0.0740397050976753,5.33,5.49,5.41,5.22,4.85,4.4,4.26,4.15,4.18,4.25,4.56,4.48,399.0,402.5,143835.0,8.9,15.3,0.65,0.0,8.26142857142857,14.602857142857143,1.7457142857142858,2.337142857142857,0.6385714285714297,0.6971428571428575,-1.0957142857142856,-2.337142857142857,0.5919490563424344
2024-07-24,54.23202199135768,54.44026631631676,53.28998036249517,53.36930847167969,1999600.0,-0.1615837514400482,5.33,5.5,5.4,5.19,4.82,4.37,4.24,4.12,4.2,4.28,4.62,4.54,401.5,403.75,149625.0,8.9,14.15,1.9,0.0,8.745714285714286,14.498571428571427,2.0700000000000003,2.315714285714286,0.1542857142857148,-0.348571428571427,-0.1700000000000003,-2.315714285714286,0.2687010546889531
2024-07-25,53.17098252134499,55.44180686074952,53.09165441216532,54.817081451416016,2798200.0,-0.2477557025849819,5.33,5.49,5.39,5.19,4.83,4.41,4.26,4.13,4.18,4.27,4.59,4.5,403.0,406.0,119013.0,8.9,14.7,2.3,0.0,8.641428571428571,14.561428571428571,1.9357142857142855,1.37,0.2585714285714289,0.1385714285714279,0.3642857142857143,-1.37,0.239716163160521
2024-07-26,54.98566164063475,55.59055409689941,54.73775514431336,54.92616271972656,2272000.0,0.4505948424339294,5.33,5.49,5.38,5.18,4.79,4.36,4.2,4.06,4.1,4.2,4.53,4.45,405.75,394.5,154397.0,11.4,16.95,2.8,0.0,8.407142857142857,14.551428571428572,1.937142857142857,0.1414285714285714,2.992857142857144,2.3985714285714277,0.8628571428571428,-0.1414285714285714,0.7145592760730071
2024-07-27,54.98566164063475,55.59055409689941,54.73775514431336,54.92616271972656,2272000.0,0.4505948424339294,5.33,5.49,5.38,5.18,4.79,4.36,4.2,4.06,4.1,4.2,4.53,4.45,405.75,394.5,154397.0,11.4,16.95,2.8,0.0,8.407142857142857,14.551428571428572,1.937142857142857,0.1414285714285714,2.992857142857144,2.3985714285714277,0.8628571428571428,-0.1414285714285714,0.7145592760730071
2024-07-28,54.98566164063475,55.59055409689941,54.73775514431336,54.92616271972656,2272000.0,0.4505948424339294,5.33,5.49,5.38,5.18,4.79,4.36,4.2,4.06,4.1,4.2,4.53,4.45,405.75,394.5,154397.0,11.4,16.95,2.8,0.0,8.407142857142857,14.551428571428572,1.937142857142857,0.1414285714285714,2.992857142857144,2.3985714285714277,0.8628571428571428,-0.1414285714285714,0.7145592760730071
2024-07-29,54.8567517267836,55.58063827541043,54.57909764861251,54.99557876586914,1906900.0,-0.0597981959581375,5.33,5.5,5.41,5.18,4.79,4.36,4.19,4.05,4.08,4.17,4.51,4.42,392.75,396.25,142225.0,9.7,16.4,1.25,0.15,7.747142857142856,14.264285714285714,1.65,1.032857142857143,1.9528571428571428,2.1357142857142843,-0.3999999999999999,-0.8828571428571429,0.5305125282963475
2024-07-30,55.14432289365221,55.580636975250826,54.72783800338502,55.06499099731445,2002900.0,0.3816707357764244,5.33,5.5,5.4,5.16,4.78,4.35,4.16,4.03,4.06,4.15,4.5,4.4,396.0,388.75,123321.0,9.45,15.55,2.05,12.45,8.345714285714287,14.431428571428572,1.8428571428571427,2.0,1.1042857142857123,1.1185714285714283,0.207142857142857,10.45,1.0630868573869323
2024-07-31,55.32281685898039,56.08636935238669,54.965830884634265,55.630218505859375,3682600.0,0.3437839704565701,5.33,5.49,5.41,5.14,4.73,4.29,4.1,3.97,4.0,4.09,4.44,4.35,387.75,382.75,156261.0,9.15,15.85,2.25,1.0,8.325714285714286,15.005714285714287,1.9028571428571428,0.2614285714285714,0.8242857142857147,0.8442857142857125,0.3471428571428572,0.7385714285714287,0.295641228486769
2024-08-01,53.50814300152157,55.20382271050739,52.44710338599804,52.556182861328125,6146400.0,0.1460449807345866,5.33,5.55,5.37,5.08,4.62,4.16,3.96,3.84,3.89,3.99,4.35,4.27,382.5,382.0,116742.0,8.9,15.3,1.65,0.0,8.368571428571428,14.61,1.9028571428571428,0.7114285714285714,0.531428571428572,0.6900000000000013,-0.2528571428571429,-0.7114285714285714,0.2285779029337092
2024-08-02,51.84220646819817,52.506597860339056,50.59275936300094,51.1480712890625,3784000.0,0.4500122889876364,5.33,5.54,5.29,4.88,4.33,3.88,3.7,3.62,3.68,3.8,4.19,4.11,383.0,386.5,113751.0,8.9,16.95,0.6,0.0,8.102857142857143,14.371428571428572,1.7328571428571429,1.882857142857143,0.7971428571428572,2.5785714285714274,-1.132857142857143,-1.882857142857143,0.7341634047035464
2024-08-03,51.84220646819817,52.506597860339056,50.59275936300094,51.1480712890625,3784000.0,0.4500122889876364,5.33,5.54,5.29,4.88,4.33,3.88,3.7,3.62,3.68,3.8,4.19,4.11,383.0,386.5,113751.0,8.9,16.95,0.6,0.0,8.102857142857143,14.371428571428572,1.7328571428571429,1.882857142857143,0.7971428571428572,2.5785714285714274,-1.132857142857143,-1.882857142857143,0.7341634047035464
2024-08-04,51.84220646819817,52.506597860339056,50.59275936300094,51.1480712890625,3784000.0,0.4500122889876364,5.33,5.54,5.29,4.88,4.33,3.88,3.7,3.62,3.68,3.8,4.19,4.11,383.0,386.5,113751.0,8.9,16.95,0.6,0.0,8.102857142857143,14.371428571428572,1.7328571428571429,1.882857142857143,0.7971428571428572,2.5785714285714274,-1.132857142857143,-1.882857142857143,0.7341634047035464
2024-08-05,50.1564426385867,51.762875627123336,49.87878479880979,50.88032913208008,3627700.0,0.1112351045012474,5.33,5.52,5.35,4.91,4.34,3.89,3.71,3.62,3.66,3.78,4.16,4.06,385.75,390.75,157029.0,8.6,16.4,3.0,0.0,7.968571428571428,13.64,1.8085714285714285,4.078571428571428,0.6314285714285717,2.759999999999998,1.1914285714285715,-4.078571428571428,0.9204072697443276
2024-08-06,50.74149687507281,51.51496767049923,50.52334174337798,50.75141525268555,3654300.0,0.1088216304779052,5.33,5.5,5.34,5.0,4.46,3.99,3.76,3.73,3.79,3.9,4.28,4.18,390.75,388.75,107227.0,7.5,12.2,2.1,0.0,8.332857142857144,13.631428571428572,1.88,2.007142857142857,-0.8328571428571436,-1.4314285714285724,0.2200000000000002,-2.007142857142857,0.4089127464113177
2024-08-07,51.029072825326224,51.95128530384743,50.325019276316304,50.354766845703125,2520500.0,0.943440847098827,5.33,5.5,5.34,4.99,4.45,4.0,3.81,3.79,3.85,3.96,4.35,4.26,387.75,383.25,199142.0,7.8,14.45,2.2,0.0,8.594285714285714,14.294285714285715,1.9285714285714288,2.9299999999999997,-0.7942857142857145,0.1557142857142839,0.2714285714285713,-2.9299999999999997,0.3873364687057641
2024-08-08,50.64234043043656,51.20756695800708,50.53326096322943,51.11832046508789,2645700.0,0.037544178776443,5.33,5.55,5.34,5.01,4.48,4.04,3.86,3.83,3.89,3.99,4.38,4.28,383.0,379.25,157714.0,6.4,11.4,2.9,0.0,8.444285714285714,14.127142857142855,2.0,0.4071428571428571,-2.0442857142857136,-2.727142857142855,0.8999999999999999,-0.4071428571428571,0.684166644094648
2024-08-09,51.05882135005383,51.33647540296351,50.35476405727853,51.12823486328125,1841200.0,0.0478839278221131,5.33,5.54,5.33,5.02,4.5,4.05,3.86,3.8,3.85,3.94,4.33,4.23,379.0,376.75,157231.0,5.3,11.95,2.05,0.0,8.19,14.255714285714284,1.747142857142857,0.92,-2.8899999999999997,-2.3057142857142843,0.3028571428571427,-0.92,0.6078852602043605
2024-08-10,51.05882135005383,51.33647540296351,50.35476405727853,51.12823486328125,1841200.0,0.0478839278221131,5.33,5.54,5.33,5.02,4.5,4.05,3.86,3.8,3.85,3.94,4.33,4.23,379.0,376.75,157231.0,5.3,11.95,2.05,0.0,8.19,14.255714285714284,1.747142857142857,0.92,-2.8899999999999997,-2.3057142857142843,0.3028571428571427,-0.92,0.6078852602043605
2024-08-11,51.05882135005383,51.33647540296351,50.35476405727853,51.12823486328125,1841200.0,0.0478839278221131,5.33,5.54,5.33,5.02,4.5,4.05,3.86,3.8,3.85,3.94,4.33,4.23,379.0,376.75,157231.0,5.3,11.95,2.05,0.0,8.19,14.255714285714284,1.747142857142857,0.92,-2.8899999999999997,-2.3057142857142843,0.3028571428571427,-0.92,0.6078852602043605
2024-08-12,51.098485924709784,51.30673025697423,50.70183779936686,50.79108428955078,1724700.0,-0.0736327320337296,5.33,5.53,5.33,5.02,4.47,4.01,3.82,3.75,3.8,3.9,4.3,4.19,376.25,383.25,203695.0,8.05,11.4,1.55,0.15,8.035714285714286,13.76142857142857,1.8014285714285714,0.92,0.0142857142857142,-2.3614285714285703,-0.2514285714285713,-0.77,0.320801596013781
2024-08-13,50.91007663329936,51.594297179817126,50.572923657605216,51.29681015014648,2181500.0,0.2469078302383422,5.33,5.48,5.32,4.97,4.4,3.93,3.75,3.68,3.74,3.85,4.25,4.16,382.75,377.75,172577.0,6.1,11.65,2.05,0.0,7.238571428571428,13.45,1.7,0.3385714285714286,-1.1385714285714288,-1.799999999999999,0.3499999999999998,-0.3385714285714286,0.372027697449732
2024-08-14,51.43564006418886,51.63396602268031,50.82083299734307,51.55463790893555,2011900.0,0.2310133427381515,5.33,5.49,5.32,5.0,4.42,3.94,3.76,3.67,3.72,3.83,4.22,4.12,377.25,381.0,125031.0,9.15,12.8,3.0,8.9,7.3914285714285715,13.545714285714286,1.89,0.6542857142857142,1.758571428571429,-0.7457142857142856,1.11,8.245714285714286,1.1638277237979433
2024-08-15,52.228937411362814,52.50659525197694,51.95128335350152,52.31818389892578,2270800.0,0.2955979779362678,5.33,5.53,5.34,5.04,4.52,4.08,3.9,3.79,3.83,3.92,4.28,4.18,380.75,375.0,151990.0,8.35,14.45,1.2,0.4,7.557142857142857,13.72,1.9614285714285715,1.4057142857142857,0.7928571428571427,0.7299999999999986,-0.7614285714285716,-1.0057142857142858,0.4154342831785385
2024-08-16,52.33801692805032,53.46846991655609,52.149609357550304,53.3494758605957,2926100.0,0.3351097851991652,5.33,5.53,5.33,5.02,4.49,4.06,3.87,3.77,3.81,3.89,4.26,4.15,374.5,370.5,137465.0,8.35,13.9,2.6,0.0,7.925714285714285,13.728571428571428,1.9342857142857144,1.65,0.4242857142857144,0.1714285714285726,0.6657142857142857,-1.65,0.360433139361937
2024-08-17,52.33801692805032,53.46846991655609,52.149609357550304,53.3494758605957,2926100.0,0.3351097851991652,5.33,5.53,5.33,5.02,4.49,4.06,3.87,3.77,3.81,3.89,4.26,4.15,374.5,370.5,137465.0,8.35,13.9,2.6,0.0,7.925714285714285,13.728571428571428,1.9342857142857144,1.65,0.4242857142857144,0.1714285714285726,0.6657142857142857,-1.65,0.360433139361937
2024-08-18,52.33801692805032,53.46846991655609,52.149609357550304,53.3494758605957,2926100.0,0.3351097851991652,5.33,5.53,5.33,5.02,4.49,4.06,3.87,3.77,3.81,3.89,4.26,4.15,374.5,370.5,137465.0,8.35,13.9,2.6,0.0,7.925714285714285,13.728571428571428,1.9342857142857144,1.65,0.4242857142857144,0.1714285714285726,0.6657142857142857,-1.65,0.360433139361937
2024-08-19,53.5478039292013,54.172529367546154,53.36435175765278,53.85520935058594,2517400.0,0.7706131190061569,5.33,5.51,5.31,5.0,4.48,4.06,3.86,3.75,3.78,3.86,4.23,4.11,370.25,378.0,151084.0,8.05,14.7,1.65,0.0,7.508571428571429,13.325714285714286,1.9657142857142855,1.022857142857143,0.5414285714285718,1.3742857142857137,-0.3157142857142856,-1.022857142857143,0.3262783078269035
2024-08-20,53.75604604650908,53.75604604650908,53.07182544927943,53.151153564453125,2760700.0,0.7706131190061569,5.33,5.48,5.29,4.97,4.43,3.99,3.8,3.7,3.73,3.82,4.19,4.07,377.75,375.0,122507.0,7.5,10.55,2.1,5.2,7.61,13.378571428571428,2.044285714285714,1.79,-0.1100000000000003,-2.8285714285714274,0.055714285714286,3.41,0.5208531483796148
2024-08-21,53.418895800352075,53.96428938708595,53.2999017300791,53.825462341308594,1584600.0,0.1671118177473545,5.33,5.45,5.26,4.92,4.36,3.92,3.74,3.64,3.69,3.79,4.15,4.06,374.75,375.5,96191.0,8.35,12.2,3.15,0.0,7.725714285714285,13.825714285714286,1.8485714285714288,1.6242857142857143,0.6242857142857146,-1.6257142857142863,1.3014285714285712,-1.6242857142857143,0.6657791454075842
2024-08-22,53.775880647793365,54.10311906251119,53.518059537238,54.09320068359375,1922200.0,0.1228020265698432,5.33,5.51,5.28,4.96,4.43,3.99,3.82,3.72,3.77,3.86,4.21,4.13,375.5,371.5,131932.0,9.45,13.9,3.65,0.0,8.221428571428572,14.164285714285716,2.2471428571428573,0.2385714285714285,1.2285714285714278,-0.264285714285716,1.4028571428571426,-0.2385714285714285,0.5302376981901078
2024-08-23,54.38076953413083,55.16911038178181,54.28160844806568,55.11457443237305,4475900.0,0.2442375570535659,5.33,5.51,5.25,4.92,4.36,3.9,3.73,3.65,3.71,3.81,4.18,4.1,371.0,367.75,138358.0,9.45,14.15,2.45,0.0,8.522857142857143,14.464285714285714,2.1557142857142857,1.3214285714285714,0.9271428571428562,-0.3142857142857131,0.2942857142857145,-1.3214285714285714,0.2933037702390598
2024-08-24,54.38076953413083,55.16911038178181,54.28160844806568,55.11457443237305,4475900.0,0.2442375570535659,5.33,5.51,5.25,4.92,4.36,3.9,3.73,3.65,3.71,3.81,4.18,4.1,371.0,367.75,138358.0,9.45,14.15,2.45,0.0,8.522857142857143,14.464285714285714,2.1557142857142857,1.3214285714285714,0.9271428571428562,-0.3142857142857131,0.2942857142857145,-1.3214285714285714,0.2933037702390598
2024-08-25,54.38076953413083,55.16911038178181,54.28160844806568,55.11457443237305,4475900.0,0.2442375570535659,5.33,5.51,5.25,4.92,4.36,3.9,3.73,3.65,3.71,3.81,4.18,4.1,371.0,367.75,138358.0,9.45,14.15,2.45,0.0,8.522857142857143,14.464285714285714,2.1557142857142857,1.3214285714285714,0.9271428571428562,-0.3142857142857131,0.2942857142857145,-1.3214285714285714,0.2933037702390598
2024-08-26,55.33272828945159,55.80375289417233,54.9162471983751,55.18398666381836,2602500.0,0.2283212840557098,5.33,5.49,5.24,4.91,4.38,3.91,3.74,3.66,3.72,3.82,4.19,4.11,367.25,362.0,143588.0,10.55,16.65,1.65,0.0,8.198571428571428,14.21,1.9785714285714289,0.3442857142857143,2.3514285714285723,2.4399999999999977,-0.3285714285714289,-0.3442857142857143,0.5309991537642752
2024-08-27,54.87658289120606,55.183988312436384,54.48984935715201,55.09474182128906,3809600.0,0.4740866755892056,5.33,5.49,5.23,4.89,4.34,3.83,3.72,3.66,3.73,3.83,4.21,4.13,361.5,367.25,161618.0,8.35,12.5,1.2,9.9,8.248571428571429,14.087142857142858,1.7985714285714287,1.77,0.1014285714285705,-1.587142857142858,-0.5985714285714288,8.13,0.9326257365908056
2024-08-28,55.055075429080325,55.57072139790762,54.628675950679934,55.53105545043945,2308000.0,0.2212831377983093,5.33,5.47,5.21,4.87,4.36,3.83,3.72,3.63,3.74,3.84,4.22,4.13,367.0,365.25,160784.0,6.95,15.3,1.95,0.0,7.761428571428571,14.054285714285712,1.882857142857143,2.8614285714285717,-0.8114285714285705,1.245714285714289,0.0671428571428569,-2.8614285714285717,0.4173834086274295
2024-08-29,56.02686918827525,56.93420788918503,55.402143747005056,56.522682189941406,2807100.0,0.0979910474270581,5.33,5.4,5.22,4.89,4.38,3.87,3.76,3.66,3.76,3.87,4.24,4.15,364.25,371.75,100531.0,7.8,14.15,1.6,3.2,7.327142857142856,13.93,1.792857142857143,1.0857142857142856,0.4728571428571442,0.2200000000000006,-0.1928571428571428,2.1142857142857148,0.2781650228348222
2024-08-30,56.29461076529024,57.087910841029334,56.230156434457825,56.82017135620117,4229100.0,-0.7649849653244019,5.33,5.41,5.21,4.89,4.38,3.91,3.79,3.71,3.8,3.91,4.28,4.2,371.25,378.0,6393.0,6.1,13.05,0.95,0.0,7.0,13.84,2.03,0.3571428571428571,-0.9000000000000004,-0.7899999999999991,-1.0799999999999998,-0.3571428571428571,0.4651755914744924
2024-08-31,56.29461076529024,57.087910841029334,56.230156434457825,56.82017135620117,4229100.0,-0.7649849653244019,5.33,5.41,5.21,4.89,4.38,3.91,3.79,3.71,3.8,3.91,4.28,4.2,371.25,378.0,6393.0,6.1,13.05,0.95,0.0,7.0,13.84,2.03,0.3571428571428571,-0.9000000000000004,-0.7899999999999991,-1.0799999999999998,-0.3571428571428571,0.4651755914744924
2024-09-01,56.29461076529024,57.087910841029334,56.230156434457825,56.82017135620117,4229100.0,-0.7649849653244019,5.33,5.41,5.21,4.89,4.38,3.91,3.79,3.71,3.8,3.91,4.28,4.2,371.25,378.0,6393.0,6.1,13.05,0.95,0.0,7.0,13.84,2.03,0.3571428571428571,-0.9000000000000004,-0.7899999999999991,-1.0799999999999998,-0.3571428571428571,0.4651755914744924
2024-09-02,56.29461076529024,57.087910841029334,56.230156434457825,56.82017135620117,4229100.0,-0.7649849653244019,5.33,5.41,5.21,4.89,4.38,3.91,3.79,3.71,3.8,3.91,4.28,4.2,371.25,378.0,6393.0,6.1,13.05,0.95,0.0,7.0,13.84,2.03,0.3571428571428571,-0.9000000000000004,-0.7899999999999991,-1.0799999999999998,-0.3571428571428571,0.4651755914744924
2024-09-03,56.14385572904964,56.273151762959984,55.04981907767039,55.26862716674805,3146400.0,-0.3743779435753823,5.33,5.38,5.19,4.8,4.35,3.88,3.73,3.65,3.73,3.84,4.21,4.13,378.0,386.5,3017.0,7.2,13.05,3.5,0.0,6.974285714285714,13.375714285714285,2.217142857142857,1.22,0.2257142857142859,-0.3257142857142838,1.282857142857143,-1.22,0.4867054841546843
2024-09-04,55.49738120415478,55.775865270633474,54.88571863512216,55.19900894165039,2449300.0,0.2275265399366617,5.33,5.33,5.18,4.74,4.23,3.76,3.63,3.56,3.65,3.77,4.14,4.06,385.5,390.5,1519.0,8.35,15.55,3.1,0.0,7.061428571428571,13.588571428571427,2.1271428571428572,0.7271428571428571,1.2885714285714285,1.9614285714285735,0.9728571428571428,-0.7271428571428571,0.5964620977680416
2024-09-05,55.55705929066569,56.00461959847634,54.65199457665274,54.811126708984375,3896700.0,0.6054173577576875,5.33,5.3,5.15,4.73,4.21,3.75,3.61,3.54,3.63,3.73,4.11,4.02,389.0,390.0,485.0,6.1,12.5,2.2,0.0,7.174285714285714,13.414285714285716,2.2314285714285713,1.25,-1.0742857142857147,-0.9142857142857164,-0.0314285714285711,-1.25,0.2795997999414182
2024-09-06,54.62215381576107,55.35814228722447,54.58237362882435,55.02993392944336,5004100.0,0.3683010935783385,5.33,5.28,5.13,4.69,4.1,3.66,3.54,3.5,3.6,3.72,4.1,4.03,389.75,383.75,504.0,3.6,11.95,0.95,0.0,6.775714285714286,13.695714285714288,1.981428571428571,0.4614285714285714,-3.1757142857142857,-1.745714285714289,-1.0314285714285711,-0.4614285714285714,0.7485731764817057
2024-09-07,54.62215381576107,55.35814228722447,54.58237362882435,55.02993392944336,5004100.0,0.3683010935783385,5.33,5.28,5.13,4.69,4.1,3.66,3.54,3.5,3.6,3.72,4.1,4.03,389.75,383.75,504.0,3.6,11.95,0.95,0.0,6.775714285714286,13.695714285714288,1.981428571428571,0.4614285714285714,-3.1757142857142857,-1.745714285714289,-1.0314285714285711,-0.4614285714285714,0.7485731764817057
2024-09-08,54.62215381576107,55.35814228722447,54.58237362882435,55.02993392944336,5004100.0,0.3683010935783385,5.33,5.28,5.13,4.69,4.1,3.66,3.54,3.5,3.6,3.72,4.1,4.03,389.75,383.75,504.0,3.6,11.95,0.95,0.0,6.775714285714286,13.695714285714288,1.981428571428571,0.4614285714285714,-3.1757142857142857,-1.745714285714289,-1.0314285714285711,-0.4614285714285714,0.7485731764817057
2024-09-09,55.338247182160295,55.954883676079774,54.94041877711926,55.49737930297851,4233700.0,-0.259487509727478,5.33,5.25,5.11,4.68,4.12,3.68,3.54,3.49,3.58,3.7,4.08,4.0,383.75,384.25,504.0,6.95,14.45,2.55,0.0,6.112857142857142,12.365714285714288,2.19,1.512857142857143,0.8371428571428581,2.084285714285711,0.3599999999999999,-1.512857142857143,0.4614420989456541
2024-09-10,55.60678294330364,55.60678294330364,54.73155438815951,55.07965850830078,2525100.0,-1.076848953962326,5.33,5.18,5.06,4.65,4.07,3.59,3.42,3.43,3.53,3.65,4.04,3.97,382.75,379.5,296.0,9.15,15.3,2.1,0.25,6.19,12.392857142857142,2.0642857142857145,1.7714285714285714,2.96,2.9071428571428584,0.0357142857142855,-1.5214285714285714,0.638443528679136
2024-09-11,54.9603066218025,54.99014650264674,53.63752158731745,54.85090637207031,2764000.0,0.3395280689001083,5.33,5.21,5.1,4.72,4.12,3.62,3.45,3.45,3.54,3.65,4.03,3.96,379.75,380.5,117.0,8.05,15.3,2.05,0.0,6.234285714285714,12.547142857142855,2.0842857142857145,1.2385714285714289,1.8157142857142867,2.7528571428571453,-0.0342857142857147,-1.2385714285714289,0.4975787516579262
2024-09-12,54.88074595971407,55.422788473178706,54.711665937507895,55.397926330566406,2491800.0,0.4958368390798567,5.33,5.18,5.06,4.68,4.09,3.64,3.47,3.47,3.57,3.68,4.07,4.0,380.5,386.25,123.0,8.35,15.0,3.0,0.0,6.081428571428571,12.76,1.875714285714286,0.7828571428571428,2.2685714285714287,2.24,1.124285714285714,-0.7828571428571428,0.7547812080788656
2024-09-13,55.62667533988766,56.39747380283696,55.62667533988766,56.322879791259766,1703300.0,-0.1554191261529922,5.33,5.15,4.97,4.6,4.0,3.57,3.42,3.43,3.53,3.66,4.05,3.98,381.25,390.75,229028.0,7.5,14.7,2.95,0.0,5.6571428571428575,12.347142857142856,2.0900000000000003,1.6357142857142857,1.8428571428571423,2.352857142857143,0.8599999999999999,-1.6357142857142857,0.7201010191801744
2024-09-14,55.62667533988766,56.39747380283696,55.62667533988766,56.322879791259766,1703300.0,-0.1554191261529922,5.33,5.15,4.97,4.6,4.0,3.57,3.42,3.43,3.53,3.66,4.05,3.98,381.25,390.75,229028.0,7.5,14.7,2.95,0.0,5.6571428571428575,12.347142857142856,2.0900000000000003,1.6357142857142857,1.8428571428571423,2.352857142857143,0.8599999999999999,-1.6357142857142857,0.7201010191801744
2024-09-15,55.62667533988766,56.39747380283696,55.62667533988766,56.322879791259766,1703300.0,-0.1554191261529922,5.33,5.15,4.97,4.6,4.0,3.57,3.42,3.43,3.53,3.66,4.05,3.98,381.25,390.75,229028.0,7.5,14.7,2.95,0.0,5.6571428571428575,12.347142857142856,2.0900000000000003,1.6357142857142857,1.8428571428571423,2.352857142857143,0.8599999999999999,-1.6357142857142857,0.7201010191801744
2024-09-16,56.59142055717998,56.879844941245665,55.49738381779487,55.96483612060547,2208800.0,-0.0105201276019215,5.33,5.11,4.96,4.55,3.96,3.56,3.42,3.41,3.51,3.63,4.01,3.94,413.0,410.75,150818.0,10.55,14.7,2.7,0.0,5.6414285714285715,12.412857142857142,2.202857142857143,0.5871428571428572,4.908571428571429,2.287142857142858,0.4971428571428573,-0.5871428571428572,0.8193753869627344
2024-09-17,56.35271925251554,56.83011564358198,56.22342321097382,56.73065948486328,1922500.0,0.3784987777471542,5.33,5.05,4.95,4.55,3.99,3.59,3.45,3.44,3.53,3.65,4.02,3.96,410.0,412.5,123973.0,10.55,15.0,3.95,0.15,5.525714285714286,11.747142857142856,2.105714285714286,0.2014285714285714,5.024285714285715,3.2528571428571436,1.8442857142857143,-0.0514285714285714,1.2283684559057064
2024-09-18,56.42233805780114,57.585994817576555,56.42233805780114,57.12848663330078,2484100.0,-0.1381675144657493,5.33,4.91,4.84,4.5,3.95,3.61,3.49,3.47,3.58,3.7,4.08,4.03,412.0,412.75,134644.0,10.3,14.7,3.1,0.0,5.5771428571428565,11.468571428571428,2.174285714285714,1.11,4.722857142857144,3.2314285714285713,0.9257142857142862,-1.11,1.0347217193363822
2024-09-19,57.96393178837421,58.60046030146953,57.486535403552715,58.282196044921875,3626800.0,0.3592340135946869,4.83,4.89,4.8,4.46,3.93,3.59,3.47,3.49,3.6,3.73,4.11,4.06,412.25,405.75,166204.0,6.95,14.45,2.0,0.0,5.191428571428571,11.802857142857144,2.27,1.8657142857142857,1.758571428571429,2.647142857142855,-0.27,-1.8657142857142857,0.5958230101363207
2024-09-20,57.73517920241783,57.73517920241783,56.700818478596915,57.267730712890625,8144000.0,0.5648071318864821,4.83,4.87,4.75,4.43,3.92,3.55,3.46,3.48,3.59,3.73,4.1,4.07,406.0,401.75,178231.0,5.55,15.3,1.5,0.0,5.211428571428572,11.891428571428571,2.35,1.8814285714285712,0.3385714285714281,3.4085714285714293,-0.8500000000000001,-1.8814285714285712,0.6831943506651061
2024-09-21,57.73517920241783,57.73517920241783,56.700818478596915,57.267730712890625,8144000.0,0.5648071318864821,4.83,4.87,4.75,4.43,3.92,3.55,3.46,3.48,3.59,3.73,4.1,4.07,406.0,401.75,178231.0,5.55,15.3,1.5,0.0,5.211428571428572,11.891428571428571,2.35,1.8814285714285712,0.3385714285714281,3.4085714285714293,-0.8500000000000001,-1.8814285714285712,0.6831943506651061
2024-09-22,57.73517920241783,57.73517920241783,56.700818478596915,57.267730712890625,8144000.0,0.5648071318864821,4.83,4.87,4.75,4.43,3.92,3.55,3.46,3.48,3.59,3.73,4.1,4.07,406.0,401.75,178231.0,5.55,15.3,1.5,0.0,5.211428571428572,11.891428571428571,2.35,1.8814285714285712,0.3385714285714281,3.4085714285714293,-0.8500000000000001,-1.8814285714285712,0.6831943506651061
2024-09-23,57.29756718205894,57.82469164554516,57.26773109363798,57.68545150756836,3200000.0,1.7473895996809,4.83,4.85,4.72,4.4,3.91,3.57,3.47,3.51,3.62,3.75,4.12,4.09,401.5,413.5,228072.0,2.8,11.4,1.55,0.15,4.165714285714286,10.678571428571429,2.2014285714285715,1.532857142857143,-1.3657142857142863,0.7214285714285715,-0.6514285714285715,-1.382857142857143,0.467621806776182
2024-09-24,57.91420273323881,58.22252288645014,55.36808492977555,57.53626251220703,4220400.0,0.5079530999064443,4.83,4.78,4.69,4.36,3.88,3.49,3.44,3.47,3.6,3.74,4.13,4.09,413.0,411.75,210496.0,4.45,12.2,1.3,0.0,4.351428571428571,11.032857142857145,1.9485714285714288,1.5614285714285714,0.0985714285714287,1.1671428571428546,-0.6485714285714288,-1.5614285714285714,0.3997475162464055
2024-09-25,57.73517796126215,57.76004389691922,56.5118490483145,56.84006118774414,2350200.0,-0.2813355438411234,4.83,4.79,4.69,4.36,3.89,3.53,3.49,3.52,3.65,3.79,4.18,4.14,411.75,415.25,158957.0,4.15,14.45,0.35,0.0,4.061428571428571,11.167142857142858,1.7957142857142858,1.262857142857143,0.0885714285714289,3.282857142857141,-1.4457142857142855,-1.262857142857143,0.7614956306604286
2024-09-26,57.24783696172862,57.874417559184,57.03897296856776,57.70534133911133,2107100.0,-0.4177007228136062,4.83,4.9,4.68,4.38,3.96,3.6,3.54,3.55,3.65,3.79,4.17,4.12,414.75,413.25,204872.0,4.7,14.45,2.05,0.0,3.724285714285714,11.501428571428573,1.9228571428571428,0.1985714285714285,0.975714285714286,2.948571428571426,0.127142857142857,-0.1985714285714285,0.3796293592375977
2024-09-27,58.06339011011735,58.75462062859418,58.0335502285222,58.262306213378906,2434500.0,0.119597364217043,4.83,4.9,4.68,4.35,3.9,3.55,3.49,3.5,3.6,3.75,4.15,4.1,413.0,418.0,218578.0,5.0,16.1,0.8,0.0,3.7142857142857144,11.372857142857145,1.9585714285714284,0.0942857142857142,1.2857142857142856,4.727142857142857,-1.1585714285714284,-0.0942857142857142,0.8215907305190581
2024-09-28,58.06339011011735,58.75462062859418,58.0335502285222,58.262306213378906,2434500.0,0.119597364217043,4.83,4.9,4.68,4.35,3.9,3.55,3.49,3.5,3.6,3.75,4.15,4.1,413.0,418.0,218578.0,5.0,16.1,0.8,0.0,3.7142857142857144,11.372857142857145,1.9585714285714284,0.0942857142857142,1.2857142857142856,4.727142857142857,-1.1585714285714284,-0.0942857142857142,0.8215907305190581
2024-09-29,58.06339011011735,58.75462062859418,58.0335502285222,58.262306213378906,2434500.0,0.119597364217043,4.83,4.9,4.68,4.35,3.9,3.55,3.49,3.5,3.6,3.75,4.15,4.1,413.0,418.0,218578.0,5.0,16.1,0.8,0.0,3.7142857142857144,11.372857142857145,1.9585714285714284,0.0942857142857142,1.2857142857142856,4.727142857142857,-1.1585714285714284,-0.0942857142857142,0.8215907305190581
2024-09-30,58.35181657541019,58.481112616283134,57.78490812682551,58.471168518066406,3266000.0,-0.4033553022891282,4.83,4.93,4.73,4.38,3.98,3.66,3.58,3.58,3.67,3.81,4.19,4.14,416.5,424.75,272926.0,5.55,13.6,3.4,0.0,4.331428571428571,11.697142857142856,2.205714285714286,0.7857142857142857,1.2185714285714289,1.902857142857144,1.194285714285714,-0.7857142857142857,0.6492077499081718
2024-10-01,57.7749627477963,58.50000927941906,57.58599453379372,57.675506591796875,3513600.0,-0.3114398419857025,4.83,4.96,4.71,4.36,3.96,3.61,3.52,3.51,3.6,3.74,4.14,4.08,423.5,429.0,262757.0,2.5,9.7,1.85,0.0,3.66,10.774285714285716,2.112857142857143,1.4628571428571429,-1.16,-1.0742857142857165,-0.2628571428571429,-1.4628571428571429,0.3792339069489387
2024-10-02,57.94403929855946,58.59051569822887,57.535268955843264,58.32197952270508,3010000.0,-0.3114398419857025,4.83,4.92,4.69,4.36,3.97,3.63,3.54,3.55,3.65,3.79,4.19,4.14,428.5,432.5,239747.0,5.3,13.6,2.25,0.0,3.46,10.117142857142856,2.112857142857143,1.6942857142857142,1.84,3.482857142857144,0.137142857142857,-1.6942857142857142,0.6222963417936758
2024-10-03,58.04349955584908,58.20263168359195,57.6456673394873,57.77496337890625,1666900.0,0.523984581232071,4.83,4.99,4.68,4.37,4.02,3.7,3.62,3.62,3.71,3.85,4.24,4.18,431.5,428.25,181331.0,2.8,10.55,2.35,0.0,3.3771428571428572,9.795714285714286,2.23,1.4828571428571429,-0.5771428571428574,0.7542857142857144,0.1200000000000001,-1.4828571428571429,0.2624990985660761
2024-10-04,58.292144524388185,58.48111274298942,57.79485614427091,58.01366424560547,1327000.0,-0.0067287096753716,4.83,5.01,4.73,4.45,4.2,3.93,3.84,3.81,3.88,3.98,4.33,4.26,427.5,424.75,165354.0,0.85,11.4,1.9,0.0,3.12,8.99,2.1114285714285717,3.067142857142857,-2.27,2.41,-0.2114285714285717,-3.067142857142857,0.7017781315139228
2024-10-05,58.292144524388185,58.48111274298942,57.79485614427091,58.01366424560547,1327000.0,-0.0067287096753716,4.83,5.01,4.73,4.45,4.2,3.93,3.84,3.81,3.88,3.98,4.33,4.26,427.5,424.75,165354.0,0.85,11.4,1.9,0.0,3.12,8.99,2.1114285714285717,3.067142857142857,-2.27,2.41,-0.2114285714285717,-3.067142857142857,0.7017781315139228
2024-10-06,58.292144524388185,58.48111274298942,57.79485614427091,58.01366424560547,1327000.0,-0.0067287096753716,4.83,5.01,4.73,4.45,4.2,3.93,3.84,3.81,3.88,3.98,4.33,4.26,427.5,424.75,165354.0,0.85,11.4,1.9,0.0,3.12,8.99,2.1114285714285717,3.067142857142857,-2.27,2.41,-0.2114285714285717,-3.067142857142857,0.7017781315139228
2024-10-07,57.71528873478044,57.86447676784735,56.89973608710235,57.148380279541016,2224100.0,-0.2158488556742667,4.83,5.0,4.77,4.45,4.24,3.99,3.89,3.86,3.92,4.03,4.37,4.3,424.0,426.0,161439.0,0.3,11.1,0.8,0.0,2.4114285714285715,9.634285714285712,2.092857142857143,1.1014285714285716,-2.1114285714285717,1.465714285714288,-1.292857142857143,-1.1014285714285716,0.7473465706717157
2024-10-08,56.790330695661034,56.9693548135143,56.20353026358848,56.58147048950195,1741200.0,0.185112953186035,4.83,4.96,4.75,4.44,4.21,3.98,3.86,3.86,3.94,4.04,4.38,4.32,426.0,420.75,229659.0,3.05,13.6,0.95,0.0,2.6514285714285712,9.63,2.177142857142857,1.0742857142857145,0.3985714285714286,3.969999999999999,-1.227142857142857,-1.0742857142857145,0.7727035603012288
2024-10-09,56.49195669807388,56.92957288118732,56.16871850664029,56.19358444213867,1660500.0,0.185112953186035,4.83,4.93,4.75,4.46,4.24,3.99,3.89,3.91,3.97,4.06,4.41,4.34,420.25,421.0,148815.0,2.2,14.45,0.65,0.0,2.2485714285714287,9.247142857142856,1.9314285714285713,0.8742857142857142,-0.0485714285714284,5.202857142857143,-1.2814285714285711,-0.8742857142857142,0.8395367089682074
2024-10-10,55.716192166385696,56.312936722089034,55.34819981683562,56.243316650390625,2156400.0,0.8493681102991104,4.83,4.98,4.75,4.45,4.22,3.98,3.88,3.91,3.99,4.09,4.44,4.38,421.0,418.5,171360.0,2.8,14.7,1.6,0.0,1.981428571428571,9.39,2.1457142857142855,0.1857142857142857,0.8185714285714287,5.309999999999999,-0.5457142857142854,-0.1857142857142857,0.6684130004637615
2024-10-11,56.34277388104822,57.1881625930814,56.33282598899559,56.531742095947266,2883600.0,0.2740206980379297,4.83,4.97,4.73,4.44,4.18,3.95,3.85,3.88,3.97,4.08,4.44,4.39,418.5,415.75,224069.0,3.9,11.1,2.0,0.0,2.5614285714285714,9.515714285714289,2.4357142857142855,0.39,1.3385714285714283,1.584285714285711,-0.4357142857142855,-0.39,0.4000064342018975
2024-10-12,56.34277388104822,57.1881625930814,56.33282598899559,56.531742095947266,2883600.0,0.2740206980379297,4.83,4.97,4.73,4.44,4.18,3.95,3.85,3.88,3.97,4.08,4.44,4.39,418.5,415.75,224069.0,3.9,11.1,2.0,0.0,2.5614285714285714,9.515714285714289,2.4357142857142855,0.39,1.3385714285714283,1.584285714285711,-0.4357142857142855,-0.39,0.4000064342018975
2024-10-13,56.34277388104822,57.1881625930814,56.33282598899559,56.531742095947266,2883600.0,0.2740206980379297,4.83,4.97,4.73,4.44,4.18,3.95,3.85,3.88,3.97,4.08,4.44,4.39,418.5,415.75,224069.0,3.9,11.1,2.0,0.0,2.5614285714285714,9.515714285714289,2.4357142857142855,0.39,1.3385714285714283,1.584285714285711,-0.4357142857142855,-0.39,0.4000064342018975
2024-10-14,56.34277388104822,57.1881625930814,56.33282598899559,56.531742095947266,2883600.0,0.2740206980379297,4.83,4.97,4.73,4.44,4.18,3.95,3.85,3.88,3.97,4.08,4.44,4.39,418.5,415.75,224069.0,3.9,11.1,2.0,0.0,2.5614285714285714,9.515714285714289,2.4357142857142855,0.39,1.3385714285714283,1.584285714285711,-0.4357142857142855,-0.39,0.4000064342018975
2024-10-15,57.277674533191885,57.45669864967768,56.82017014395449,56.9892463684082,3149700.0,0.2171112149953842,4.83,4.93,4.73,4.42,4.18,3.95,3.86,3.86,3.93,4.03,4.37,4.32,408.0,401.25,305403.0,-1.35,6.65,0.95,0.0,0.9071428571428573,7.377142857142857,1.9642857142857144,0.8014285714285714,-2.257142857142857,-0.7271428571428569,-1.0142857142857145,-0.8014285714285714,0.6026449941445388
2024-10-16,58.162846340331186,58.71981067138552,57.61582990115786,58.63029861450195,2482500.0,0.7909797579050063,4.83,4.91,4.72,4.42,4.17,3.93,3.84,3.84,3.92,4.02,4.36,4.3,401.25,404.75,214285.0,-1.9,8.9,3.25,0.0,1.362857142857143,7.784285714285714,1.9485714285714288,1.0157142857142858,-3.262857142857143,1.1157142857142863,1.3014285714285712,-1.0157142857142858,0.8210644999566444
2024-10-17,58.4413266088538,58.80534281271487,58.053442293694694,58.63029861450195,2659900.0,0.1331529561430216,4.83,4.93,4.74,4.45,4.21,3.96,3.89,3.9,3.99,4.09,4.44,4.39,404.5,406.75,255482.0,4.45,11.65,4.9,0.0,1.3857142857142857,7.872857142857143,2.367142857142857,0.9957142857142858,3.0642857142857145,3.7771428571428576,2.5328571428571434,-0.9957142857142858,1.3479841596652622
2024-10-18,59.04801890753101,59.35633905711447,58.610406515807576,59.08780288696289,2604300.0,0.1331529561430216,4.83,4.92,4.73,4.45,4.19,3.95,3.86,3.88,3.97,4.08,4.44,4.38,406.75,404.75,193538.0,6.4,11.95,2.85,0.15,1.4757142857142858,7.7785714285714285,2.3,0.4757142857142857,4.924285714285714,4.171428571428571,0.5500000000000003,-0.3257142857142857,0.967847989931676
2024-10-19,59.04801890753101,59.35633905711447,58.610406515807576,59.08780288696289,2604300.0,0.1331529561430216,4.83,4.92,4.73,4.45,4.19,3.95,3.86,3.88,3.97,4.08,4.44,4.38,406.75,404.75,193538.0,6.4,11.95,2.85,0.15,1.4757142857142858,7.7785714285714285,2.3,0.4757142857142857,4.924285714285714,4.171428571428571,0.5500000000000003,-0.3257142857142857,0.967847989931676
2024-10-20,59.04801890753101,59.35633905711447,58.610406515807576,59.08780288696289,2604300.0,0.1331529561430216,4.83,4.92,4.73,4.45,4.19,3.95,3.86,3.88,3.97,4.08,4.44,4.38,406.75,404.75,193538.0,6.4,11.95,2.85,0.15,1.4757142857142858,7.7785714285714285,2.3,0.4757142857142857,4.924285714285714,4.171428571428571,0.5500000000000003,-0.3257142857142857,0.967847989931676
2024-10-21,59.14748089092112,59.15742498911664,58.232468302554715,58.928672790527344,3047100.0,0.1888038069009781,4.83,4.92,4.73,4.47,4.24,4.02,3.95,3.98,4.07,4.19,4.54,4.49,403.75,409.5,241760.0,8.05,14.15,3.05,0.0,1.0685714285714285,7.745714285714286,2.1328571428571426,0.6514285714285714,6.981428571428572,6.404285714285714,0.9171428571428571,-0.6514285714285714,1.46367476242721
2024-10-22,58.650189397644944,58.878941584083705,58.00868696884516,58.799373626708984,2349400.0,0.309765744023025,4.83,4.89,4.72,4.47,4.24,4.03,3.98,4.0,4.1,4.2,4.55,4.49,409.0,416.5,267224.0,3.9,11.65,2.25,0.0,1.1714285714285717,7.602857142857143,2.1799999999999997,1.0485714285714287,2.728571428571428,4.047142857142857,0.0700000000000002,-1.0485714285714287,0.6820688840587652
2024-10-23,59.16737054612863,60.549831575306754,58.9982905314041,60.46031951904297,2783100.0,-0.0154492985457181,4.83,4.88,4.73,4.48,4.27,4.07,4.03,4.05,4.14,4.24,4.58,4.51,416.0,419.0,246005.0,1.65,8.9,1.75,0.0,1.1828571428571428,7.027142857142857,2.162857142857143,1.5714285714285714,0.4671428571428571,1.8728571428571437,-0.4128571428571428,-1.5714285714285714,0.4287598452423783
2024-10-24,60.5697227246095,60.86809497667964,60.102270460160554,60.45037078857422,3673400.0,0.380937445908785,4.83,4.87,4.7,4.48,4.25,4.07,4.02,4.03,4.12,4.21,4.54,4.47,418.75,421.5,287987.0,4.45,9.7,2.75,0.0,0.6185714285714285,6.635714285714286,2.0642857142857145,0.18,3.831428571428572,3.064285714285713,0.6857142857142855,-0.18,0.8017583276572375
2024-10-25,60.619453401878275,60.87307153432364,60.0028168819415,60.022705078125,2632300.0,0.380937445908785,4.83,4.89,4.73,4.51,4.29,4.11,4.05,4.07,4.15,4.25,4.58,4.51,420.5,415.25,247609.0,0.55,7.8,1.15,0.0,0.6214285714285716,6.6728571428571435,2.2214285714285715,0.48,-0.0714285714285715,1.1271428571428563,-1.0714285714285716,-0.48,0.4231845010394287
2024-10-26,60.619453401878275,60.87307153432364,60.0028168819415,60.022705078125,2632300.0,0.380937445908785,4.83,4.89,4.73,4.51,4.29,4.11,4.05,4.07,4.15,4.25,4.58,4.51,420.5,415.25,247609.0,0.55,7.8,1.15,0.0,0.6214285714285716,6.6728571428571435,2.2214285714285715,0.48,-0.0714285714285715,1.1271428571428563,-1.0714285714285716,-0.48,0.4231845010394287
2024-10-27,60.619453401878275,60.87307153432364,60.0028168819415,60.022705078125,2632300.0,0.380937445908785,4.83,4.89,4.73,4.51,4.29,4.11,4.05,4.07,4.15,4.25,4.58,4.51,420.5,415.25,247609.0,0.55,7.8,1.15,0.0,0.6214285714285716,6.6728571428571435,2.2214285714285715,0.48,-0.0714285714285715,1.1271428571428563,-1.0714285714285716,-0.48,0.4231845010394287
2024-10-28,60.18183686242248,60.91782531931786,60.04259672587693,60.79847717285156,3028600.0,0.2191042006015777,4.83,4.88,4.7,4.46,4.28,4.12,4.09,4.11,4.19,4.28,4.61,4.53,413.25,410.75,251359.0,6.1,11.95,2.35,0.0,0.2271428571428571,6.569999999999999,2.507142857142857,0.5242857142857144,5.872857142857143,5.38,-0.157142857142857,-0.5242857142857144,1.0639456843451125
2024-10-29,60.579667662724994,61.047119933659125,60.370807462779176,60.46031951904297,2511000.0,0.4208821505308151,4.83,4.88,4.7,4.45,4.29,4.11,4.08,4.11,4.18,4.28,4.61,4.52,410.0,413.75,197431.0,4.45,10.85,1.25,0.0,0.3642857142857142,6.362857142857142,2.274285714285714,0.6614285714285714,4.085714285714286,4.4871428571428575,-1.024285714285714,-0.6614285714285714,1.0693540305403857
2024-10-30,60.60950340875503,62.04169630090871,60.60950340875503,61.236087799072266,3067100.0,0.4228791818022727,4.83,4.87,4.67,4.44,4.28,4.15,4.14,4.14,4.2,4.29,4.6,4.49,413.25,411.5,170092.0,2.8,6.4,3.4,0.0,-0.3242857142857143,5.288571428571428,2.3457142857142856,0.3314285714285714,3.124285714285714,1.111428571428572,1.0542857142857145,-0.3314285714285714,0.6882446904206211
2024-10-31,61.3554355716736,61.614027639644235,60.5896110534668,60.5896110534668,3605900.0,0.3108338490128517,4.83,4.76,4.64,4.43,4.27,4.16,4.12,4.15,4.21,4.28,4.58,4.47,411.5,410.75,238814.0,-1.05,5.0,2.25,6.6,-1.07,5.311428571428571,2.0714285714285716,0.8928571428571429,0.02,-0.3114285714285714,0.1785714285714283,5.707142857142856,0.5198449493179396
2024-11-01,60.48021348018344,61.01728204126438,60.201729410501954,60.52994155883789,2458800.0,-0.1337720155715942,4.83,4.75,4.61,4.42,4.28,4.21,4.18,4.22,4.3,4.37,4.68,4.57,410.75,414.5,197406.0,-1.6,7.8,2.15,0.0,-0.4328571428571429,5.691428571428571,2.5,0.3157142857142857,-1.1671428571428573,2.1085714285714285,-0.3500000000000001,-0.3157142857142857,0.3979797148727399
2024-11-02,60.48021348018344,61.01728204126438,60.201729410501954,60.52994155883789,2458800.0,-0.1337720155715942,4.83,4.75,4.61,4.42,4.28,4.21,4.18,4.22,4.3,4.37,4.68,4.57,410.75,414.5,197406.0,-1.6,7.8,2.15,0.0,-0.4328571428571429,5.691428571428571,2.5,0.3157142857142857,-1.1671428571428573,2.1085714285714285,-0.3500000000000001,-0.3157142857142857,0.3979797148727399
2024-11-03,60.48021348018344,61.01728204126438,60.201729410501954,60.52994155883789,2458800.0,-0.1337720155715942,4.83,4.75,4.61,4.42,4.28,4.21,4.18,4.22,4.3,4.37,4.68,4.57,410.75,414.5,197406.0,-1.6,7.8,2.15,0.0,-0.4328571428571429,5.691428571428571,2.5,0.3157142857142857,-1.1671428571428573,2.1085714285714285,-0.3500000000000001,-0.3157142857142857,0.3979797148727399
2024-11-04,60.728856081653,61.30570860819783,60.41556198569352,60.8780403137207,2578400.0,-0.1462719924747943,4.83,4.75,4.65,4.39,4.25,4.17,4.1,4.17,4.24,4.31,4.6,4.5,414.0,416.5,219138.0,2.8,7.5,2.05,0.0,-1.3928571428571428,5.188571428571429,1.85,0.1428571428571428,4.192857142857143,2.3114285714285714,0.1999999999999997,-0.1428571428571428,0.6407541485490423
2024-11-05,60.59955894706256,61.6040797498794,60.331022781396506,61.41511154174805,2166000.0,0.1576891168951989,4.83,4.72,4.64,4.39,4.27,4.19,4.11,4.16,4.22,4.26,4.55,4.44,416.25,418.5,167928.0,0.55,4.45,1.0,0.0,-0.7714285714285715,5.144285714285715,2.267142857142857,0.63,1.3214285714285716,-0.6942857142857148,-1.267142857142857,-0.63,0.567877167323828
2024-11-06,63.40426804617748,63.40426804617748,60.45037387370791,61.40517044067383,4744500.0,0.9372568428516386,4.83,4.68,4.64,4.41,4.31,4.27,4.2,4.27,4.37,4.42,4.71,4.6,418.0,426.25,283193.0,-0.5,3.9,1.0,0.0,-1.372857142857143,4.758571428571429,2.12,0.2771428571428571,0.872857142857143,-0.858571428571429,-1.12,-0.2771428571428571,0.4727390033025738
2024-11-07,57.6854510150972,58.87894386386656,56.98924653714763,58.32197952270508,7352900.0,0.9630978554487228,4.83,4.69,4.63,4.4,4.28,4.21,4.13,4.17,4.25,4.31,4.62,4.52,425.75,427.5,310584.0,-1.6,5.85,1.2,0.0,-1.4885714285714289,4.6328571428571435,2.162857142857143,0.1414285714285714,-0.1114285714285712,1.2171428571428562,-0.9628571428571427,-0.1414285714285714,0.3786836289099874
2024-11-08,58.6501927651141,59.21710121492705,57.83464012524251,58.01366424560547,4673800.0,0.818032756447792,4.58,4.7,4.63,4.42,4.32,4.26,4.18,4.2,4.25,4.3,4.58,4.47,427.5,431.0,347310.0,-0.8,8.6,0.8,0.0,-0.8042857142857143,4.941428571428571,2.21,0.0357142857142857,0.0042857142857142,3.658571428571429,-1.41,-0.0357142857142857,0.6790299767942097
2024-11-09,58.6501927651141,59.21710121492705,57.83464012524251,58.01366424560547,4673800.0,0.818032756447792,4.58,4.7,4.63,4.42,4.32,4.26,4.18,4.2,4.25,4.3,4.58,4.47,427.5,431.0,347310.0,-0.8,8.6,0.8,0.0,-0.8042857142857143,4.941428571428571,2.21,0.0357142857142857,0.0042857142857142,3.658571428571429,-1.41,-0.0357142857142857,0.6790299767942097
2024-11-10,58.6501927651141,59.21710121492705,57.83464012524251,58.01366424560547,4673800.0,0.818032756447792,4.58,4.7,4.63,4.42,4.32,4.26,4.18,4.2,4.25,4.3,4.58,4.47,427.5,431.0,347310.0,-0.8,8.6,0.8,0.0,-0.8042857142857143,4.941428571428571,2.21,0.0357142857142857,0.0042857142857142,3.658571428571429,-1.41,-0.0357142857142857,0.6790299767942097
2024-11-11,58.6501927651141,59.21710121492705,57.83464012524251,58.01366424560547,4673800.0,0.818032756447792,4.58,4.7,4.63,4.42,4.32,4.26,4.18,4.2,4.25,4.3,4.58,4.47,427.5,431.0,347310.0,-0.8,8.6,0.8,0.0,-0.8042857142857143,4.941428571428571,2.21,0.0357142857142857,0.0042857142857142,3.658571428571429,-1.41,-0.0357142857142857,0.6790299767942097
2024-11-12,58.23246462464071,58.23246462464071,56.69087150907298,56.820167541503906,2695900.0,0.4149414896965027,4.58,4.7,4.63,4.45,4.38,4.34,4.29,4.32,4.38,4.43,4.7,4.58,429.75,428.5,250503.0,0.55,6.1,3.75,0.15,-2.1042857142857145,3.2514285714285713,2.4357142857142855,0.5971428571428572,2.654285714285715,2.8485714285714283,1.3142857142857145,-0.4471428571428572,0.8647828684338279
2024-11-13,56.98427167950476,57.705342082063574,56.944491493922534,57.347293853759766,2396000.0,0.3161015845835206,4.58,4.69,4.6,4.4,4.31,4.27,4.25,4.3,4.38,4.44,4.73,4.63,428.5,426.5,235165.0,1.4,4.7,2.1,6.85,-1.6157142857142857,4.27,2.2285714285714286,0.4057142857142857,3.0157142857142856,0.4300000000000006,-0.1285714285714285,6.444285714285714,0.8507409720414183
2024-11-14,57.36718806762507,57.5362642964295,56.80027961550192,57.09865188598633,2628300.0,-0.0109770745038987,4.58,4.7,4.61,4.43,4.36,4.34,4.3,4.32,4.38,4.43,4.69,4.58,426.0,419.0,292267.0,-0.8,4.45,1.0,0.0,-1.602857142857143,3.8042857142857143,2.157142857142857,0.1842857142857143,0.8028571428571429,0.6457142857142859,-1.157142857142857,-0.1842857142857143,0.4516853879591134
2024-11-15,56.93951709635272,57.148377296536985,54.88074359394419,54.91057968139648,5636700.0,0.3456743732094763,4.58,4.7,4.6,4.44,4.34,4.31,4.27,4.3,4.36,4.43,4.7,4.6,418.75,424.0,218570.0,-0.25,8.05,2.1,0.0,-2.1942857142857144,3.82,2.082857142857143,0.6928571428571428,1.9442857142857144,4.23,0.0171428571428569,-0.6928571428571428,0.5824525658188124
2024-11-16,56.93951709635272,57.148377296536985,54.88074359394419,54.91057968139648,5636700.0,0.3456743732094763,4.58,4.7,4.6,4.44,4.34,4.31,4.27,4.3,4.36,4.43,4.7,4.6,418.75,424.0,218570.0,-0.25,8.05,2.1,0.0,-2.1942857142857144,3.82,2.082857142857143,0.6928571428571428,1.9442857142857144,4.23,0.0171428571428569,-0.6928571428571428,0.5824525658188124
2024-11-17,56.93951709635272,57.148377296536985,54.88074359394419,54.91057968139648,5636700.0,0.3456743732094763,4.58,4.7,4.6,4.44,4.34,4.31,4.27,4.3,4.36,4.43,4.7,4.6,418.75,424.0,218570.0,-0.25,8.05,2.1,0.0,-2.1942857142857144,3.82,2.082857142857143,0.6928571428571428,1.9442857142857144,4.23,0.0171428571428569,-0.6928571428571428,0.5824525658188124
2024-11-18,55.11943838160686,56.74059944989206,55.010038132589195,56.68092727661133,4190700.0,-0.3940895013511181,4.58,4.7,4.63,4.44,4.33,4.29,4.25,4.28,4.35,4.42,4.7,4.61,423.75,429.25,190964.0,-0.8,6.95,2.05,17.9,-1.8457142857142856,3.8042857142857143,2.4028571428571426,1.3028571428571427,1.0457142857142856,3.145714285714286,-0.3528571428571427,16.597142857142856,1.7406327101743344
2024-11-19,56.02451090778678,58.09322860293423,55.86537498338157,57.92415237426758,4217600.0,0.5696712285280227,4.58,4.67,4.62,4.44,4.34,4.27,4.24,4.25,4.32,4.39,4.66,4.57,428.75,427.25,215160.0,1.4,5.3,4.45,0.65,-2.0914285714285716,3.407142857142857,2.4014285714285712,0.4142857142857143,3.4914285714285715,1.8928571428571428,2.048571428571429,0.2357142857142857,1.0451193399734016
2024-11-20,58.14295388546869,58.70489215796836,57.6854495068387,58.44132614135742,3507200.0,0.6127628950634971,4.58,4.68,4.62,4.44,4.37,4.31,4.26,4.28,4.34,4.41,4.66,4.59,427.0,430.25,224875.0,-1.6,1.65,5.0,0.15,-2.6028571428571428,3.06,2.1542857142857144,0.3614285714285714,1.002857142857143,-1.41,2.8457142857142856,-0.2114285714285713,0.9875876697695742
2024-11-21,59.00823971157917,60.73880111178473,58.57062351850854,60.43048095703125,4520600.0,0.2013115808367727,4.58,4.72,4.63,4.45,4.39,4.34,4.3,4.3,4.36,4.43,4.68,4.61,430.0,426.75,187445.0,-2.45,0.85,2.75,0.0,-2.9971428571428573,2.612857142857143,2.36,0.0571428571428571,0.5471428571428572,-1.762857142857143,0.3900000000000001,-0.0571428571428571,0.3030786992551192
2024-11-22,60.152001397304865,60.93771794053147,59.73428098334188,60.89793395996094,3745800.0,0.2013115808367727,4.58,4.72,4.63,4.46,4.42,4.37,4.32,4.3,4.35,4.41,4.67,4.6,426.75,425.5,159873.0,-3.55,3.35,0.45,0.0,-2.95,2.774285714285714,2.0285714285714285,0.2314285714285714,-0.5999999999999996,0.5757142857142861,-1.5785714285714283,-0.2314285714285714,0.5439873701440435
2024-11-23,60.152001397304865,60.93771794053147,59.73428098334188,60.89793395996094,3745800.0,0.2013115808367727,4.58,4.72,4.63,4.46,4.42,4.37,4.32,4.3,4.35,4.41,4.67,4.6,426.75,425.5,159873.0,-3.55,3.35,0.45,0.0,-2.95,2.774285714285714,2.0285714285714285,0.2314285714285714,-0.5999999999999996,0.5757142857142861,-1.5785714285714283,-0.2314285714285714,0.5439873701440435
2024-11-24,60.152001397304865,60.93771794053147,59.73428098334188,60.89793395996094,3745800.0,0.2013115808367727,4.58,4.72,4.63,4.46,4.42,4.37,4.32,4.3,4.35,4.41,4.67,4.6,426.75,425.5,159873.0,-3.55,3.35,0.45,0.0,-2.95,2.774285714285714,2.0285714285714285,0.2314285714285714,-0.5999999999999996,0.5757142857142861,-1.5785714285714283,-0.2314285714285714,0.5439873701440435
2024-11-25,61.29576561560443,63.85182374267187,61.29576561560443,63.782203674316406,9733800.0,-0.048825889825821,4.58,4.74,4.62,4.46,4.37,4.21,4.21,4.17,4.21,4.27,4.53,4.45,425.25,424.75,226269.0,-3.85,0.0,2.7,0.0,-3.63,1.6114285714285714,2.047142857142857,0.0914285714285714,-0.2200000000000002,-1.6114285714285714,0.652857142857143,-0.0914285714285714,0.3337029479298634
2024-11-26,62.996490665256616,63.52858906772297,62.41963433674624,62.906978607177734,3959100.0,-0.048825889825821,4.58,4.74,4.61,4.45,4.37,4.21,4.21,4.17,4.24,4.3,4.56,4.48,424.25,420.0,210241.0,-5.25,1.4,1.8,0.0,-3.507142857142857,1.6842857142857144,2.177142857142857,0.8685714285714285,-1.7428571428571429,-0.2842857142857145,-0.377142857142857,-0.8685714285714285,0.3532964538618228
2024-11-27,63.01638166172896,63.7523663107655,62.02180494053755,62.16104507446289,2517700.0,-0.048825889825821,4.58,4.76,4.6,4.43,4.34,4.19,4.17,4.11,4.17,4.25,4.52,4.44,420.0,415.75,145009.0,-4.1,-0.5,2.05,0.4,-3.919999999999999,1.5842857142857143,2.2457142857142856,0.8785714285714286,-0.1800000000000006,-2.0842857142857145,-0.1957142857142857,-0.4785714285714285,0.2759412877076655
2024-11-28,63.01638166172896,63.7523663107655,62.02180494053755,62.16104507446289,2517700.0,-0.048825889825821,4.58,4.76,4.6,4.43,4.34,4.19,4.17,4.11,4.17,4.25,4.52,4.44,420.0,415.75,145009.0,-4.1,-0.5,2.05,0.4,-3.919999999999999,1.5842857142857143,2.2457142857142856,0.8785714285714286,-0.1800000000000006,-2.0842857142857145,-0.1957142857142857,-0.4785714285714285,0.2759412877076655
2024-11-29,61.44494621891217,62.220718611038585,60.97749775815345,61.9024543762207,2467400.0,-0.0955859646201134,4.58,4.76,4.58,4.42,4.3,4.13,4.1,4.05,4.1,4.18,4.45,4.36,416.0,423.0,7903.0,-7.45,-3.0,1.7,0.0,-3.7071428571428577,1.56,2.2985714285714285,0.4871428571428571,-3.7428571428571424,-4.5600000000000005,-0.5985714285714285,-0.4871428571428571,0.9157248724477832
2024-11-30,61.44494621891217,62.220718611038585,60.97749775815345,61.9024543762207,2467400.0,-0.0955859646201134,4.58,4.76,4.58,4.42,4.3,4.13,4.1,4.05,4.1,4.18,4.45,4.36,416.0,423.0,7903.0,-7.45,-3.0,1.7,0.0,-3.7071428571428577,1.56,2.2985714285714285,0.4871428571428571,-3.7428571428571424,-4.5600000000000005,-0.5985714285714285,-0.4871428571428571,0.9157248724477832
2024-12-01,61.44494621891217,62.220718611038585,60.97749775815345,61.9024543762207,2467400.0,-0.0955859646201134,4.58,4.76,4.58,4.42,4.3,4.13,4.1,4.05,4.1,4.18,4.45,4.36,416.0,423.0,7903.0,-7.45,-3.0,1.7,0.0,-3.7071428571428577,1.56,2.2985714285714285,0.4871428571428571,-3.7428571428571424,-4.5600000000000005,-0.5985714285714285,-0.4871428571428571,0.9157248724477832
2024-12-02,62.08196963370998,62.29638944004259,61.40380484179293,62.0620231628418,3224600.0,-0.0311046727001666,4.58,4.75,4.51,4.43,4.3,4.17,4.11,4.08,4.13,4.19,4.46,4.36,423.0,424.5,3895.0,-6.05,-3.0,1.95,0.0,-4.277142857142858,1.3228571428571427,2.16,0.1542857142857142,-1.7728571428571422,-4.322857142857143,-0.2100000000000002,-0.1542857142857142,0.5839221070416628
2024-12-03,62.231567231028045,62.32132444913089,61.443698739280904,61.832645416259766,2631000.0,0.0424776673316954,4.58,4.66,4.49,4.4,4.27,4.17,4.13,4.11,4.17,4.23,4.5,4.4,425.0,423.25,4091.0,-4.65,0.85,2.4,0.0,-4.355714285714285,0.5914285714285715,2.0357142857142856,0.1328571428571428,-0.2942857142857153,0.2585714285714284,0.3642857142857143,-0.1328571428571428,0.1563687976041502
2024-12-04,61.36391167802766,61.61722767229672,60.79644732862206,61.0048828125,2407700.0,0.7706435993313789,4.58,4.65,4.47,4.38,4.23,4.13,4.09,4.07,4.13,4.19,4.45,4.35,423.25,422.0,1723.0,-6.6,2.2,4.85,0.0,-4.804285714285714,0.6228571428571429,2.2357142857142858,0.3657142857142857,-1.7957142857142854,1.5771428571428574,2.614285714285714,-0.3657142857142857,1.0244682564142744
2024-12-05,61.03480455815457,61.32402267874675,60.57604714201544,60.615936279296875,2475300.0,-0.4417280182242392,4.58,4.59,4.46,4.38,4.23,4.15,4.1,4.07,4.12,4.17,4.43,4.33,421.5,426.5,2566.0,-8.0,-2.75,1.95,0.0,-5.005714285714285,0.1971428571428572,2.3414285714285716,0.0428571428571428,-2.9942857142857147,-2.947142857142857,-0.3914285714285717,-0.0428571428571428,0.6251027472664777
2024-12-06,60.20704389875527,60.81539795168713,59.259607446045024,59.32942199707031,2953700.0,-0.4417280182242392,4.58,4.57,4.42,4.34,4.19,4.1,4.05,4.03,4.09,4.15,4.42,4.34,426.5,430.75,1372.0,-4.95,3.35,0.95,0.0,-5.267142857142857,-0.0357142857142857,2.0228571428571427,0.0699999999999999,0.3171428571428567,3.3857142857142857,-1.0728571428571427,-0.0699999999999999,0.5979948117397855
2024-12-07,60.20704389875527,60.81539795168713,59.259607446045024,59.32942199707031,2953700.0,-0.4417280182242392,4.58,4.57,4.42,4.34,4.19,4.1,4.05,4.03,4.09,4.15,4.42,4.34,426.5,430.75,1372.0,-4.95,3.35,0.95,0.0,-5.267142857142857,-0.0357142857142857,2.0228571428571427,0.0699999999999999,0.3171428571428567,3.3857142857142857,-1.0728571428571427,-0.0699999999999999,0.5979948117397855
2024-12-08,60.20704389875527,60.81539795168713,59.259607446045024,59.32942199707031,2953700.0,-0.4417280182242392,4.58,4.57,4.42,4.34,4.19,4.1,4.05,4.03,4.09,4.15,4.42,4.34,426.5,430.75,1372.0,-4.95,3.35,0.95,0.0,-5.267142857142857,-0.0357142857142857,2.0228571428571427,0.0699999999999999,0.3171428571428567,3.3857142857142857,-1.0728571428571427,-0.0699999999999999,0.5979948117397855
2024-12-09,59.648557541829895,60.655829596935185,59.49896091179628,59.5787467956543,3394400.0,-0.1178242787718772,4.58,4.56,4.42,4.34,4.2,4.13,4.09,4.07,4.13,4.2,4.47,4.39,431.25,434.0,1586.0,-3.0,1.4,3.05,0.0,-4.8271428571428565,0.47,2.2114285714285717,0.2871428571428571,1.8271428571428563,0.93,0.8385714285714281,-0.2871428571428571,0.492114355258464
2024-12-10,59.62861324209129,59.72834179614484,57.99304060745003,59.25960922241211,3749200.0,-0.1330045163631439,4.58,4.53,4.41,4.35,4.22,4.15,4.08,4.09,4.15,4.22,4.49,4.41,433.5,440.5,1685.0,-3.0,0.55,2.25,0.0,-5.1171428571428565,0.4185714285714286,2.2,0.43,2.1171428571428565,0.1314285714285714,0.0499999999999998,-0.43,0.2535371541417747
2024-12-11,59.3693118996884,60.33669483595397,59.15987965711557,59.61863708496094,5431300.0,-0.1389820873737334,4.58,4.49,4.38,4.32,4.21,4.15,4.09,4.13,4.2,4.26,4.55,4.48,440.0,438.0,570.0,-8.85,-3.0,3.2,0.0,-5.515714285714286,-0.1171428571428571,2.26,0.1842857142857143,-3.3342857142857136,-2.882857142857143,0.9400000000000004,-0.1842857142857143,0.8095732202914598
2024-12-12,59.64856005986029,59.97766733366685,59.10502916523362,59.13993453979492,2009500.0,-0.3793663084506988,4.58,4.43,4.35,4.31,4.22,4.18,4.14,4.18,4.25,4.32,4.62,4.55,436.5,431.75,334.0,-8.85,-5.8,1.3,0.15,-4.7942857142857145,0.2071428571428571,2.0628571428571427,0.1457142857142857,-4.055714285714285,-6.007142857142857,-0.7628571428571427,0.0042857142857142,1.068799203319334
2024-12-13,59.090068148356,59.58871851247715,58.55152484204907,59.32942199707031,1990100.0,-0.2274863794445991,4.58,4.43,4.34,4.32,4.24,4.25,4.21,4.25,4.33,4.4,4.69,4.61,434.25,430.0,170867.0,-6.9,-2.45,3.35,0.65,-4.609999999999999,0.6657142857142856,2.1757142857142857,0.4728571428571428,-2.290000000000001,-3.1157142857142857,1.1742857142857144,0.1771428571428572,0.7941815053424279
2024-12-14,59.090068148356,59.58871851247715,58.55152484204907,59.32942199707031,1990100.0,-0.2274863794445991,4.58,4.43,4.34,4.32,4.24,4.25,4.21,4.25,4.33,4.4,4.69,4.61,434.25,430.0,170867.0,-6.9,-2.45,3.35,0.65,-4.609999999999999,0.6657142857142856,2.1757142857142857,0.4728571428571428,-2.290000000000001,-3.1157142857142857,1.1742857142857144,0.1771428571428572,0.7941815053424279
2024-12-15,59.090068148356,59.58871851247715,58.55152484204907,59.32942199707031,1990100.0,-0.2274863794445991,4.58,4.43,4.34,4.32,4.24,4.25,4.21,4.25,4.33,4.4,4.69,4.61,434.25,430.0,170867.0,-6.9,-2.45,3.35,0.65,-4.609999999999999,0.6657142857142856,2.1757142857142857,0.4728571428571428,-2.290000000000001,-3.1157142857142857,1.1742857142857144,0.1771428571428572,0.7941815053424279
2024-12-16,59.18481253743636,59.93278807859435,58.76095668725989,58.79087829589844,3978300.0,-0.1006129533052443,4.58,4.43,4.37,4.3,4.24,4.25,4.22,4.25,4.32,4.39,4.68,4.6,441.25,445.0,157167.0,-3.0,3.6,2.75,0.0,-5.111428571428571,-0.0542857142857143,2.3,0.3257142857142857,2.111428571428571,3.6542857142857144,0.4500000000000002,-0.3257142857142857,0.6386585492000814
2024-12-17,58.48470819109729,58.94047155020249,57.60907599031323,58.411903381347656,4885300.0,-0.1006129533052443,4.58,4.46,4.38,4.3,4.25,4.25,4.22,4.26,4.33,4.4,4.68,4.59,445.0,443.5,164416.0,-3.55,-0.5,1.3,0.65,-5.667142857142857,-0.3785714285714285,1.97,0.1428571428571428,2.1171428571428574,-0.1214285714285715,-0.6699999999999999,0.5071428571428572,0.4251158134144467
2024-12-18,58.31217715900982,58.83077401522375,56.217843262253496,56.25773620605469,4224100.0,-0.2315735518932342,4.58,4.44,4.36,4.3,4.3,4.35,4.35,4.4,4.45,4.5,4.74,4.65,443.75,437.25,176178.0,-4.95,-1.6,1.7,0.0,-5.784285714285714,-0.8814285714285713,2.11,0.0985714285714285,0.8342857142857136,-0.7185714285714287,-0.4099999999999999,-0.0985714285714285,0.2533385653195569
2024-12-19,56.63671196135274,56.77633346123752,56.0084114074707,56.0084114074707,4026800.0,0.1725243842229246,4.33,4.42,4.35,4.29,4.28,4.32,4.35,4.43,4.51,4.57,4.82,4.74,437.0,440.75,182519.0,-5.8,1.1,4.45,0.9,-6.1,-0.7628571428571428,2.315714285714286,0.08,0.2999999999999998,1.862857142857143,2.1342857142857143,0.8200000000000001,0.8158748811947371
2024-12-20,56.26770798240493,57.733741341226086,56.14803295446051,57.32484817504883,11010700.0,0.1725243842229246,4.33,4.43,4.34,4.29,4.27,4.3,4.32,4.37,4.45,4.52,4.79,4.72,439.75,446.25,191422.0,-8.3,-4.1,1.6,0.0,-5.498571428571428,-0.84,2.2728571428571427,0.2442857142857142,-2.8014285714285725,-3.26,-0.6728571428571426,-0.2442857142857142,0.7239129887578933
2024-12-21,56.26770798240493,57.733741341226086,56.14803295446051,57.32484817504883,11010700.0,0.1725243842229246,4.33,4.43,4.34,4.29,4.27,4.3,4.32,4.37,4.45,4.52,4.79,4.72,439.75,446.25,191422.0,-8.3,-4.1,1.6,0.0,-5.498571428571428,-0.84,2.2728571428571427,0.2442857142857142,-2.8014285714285725,-3.26,-0.6728571428571426,-0.2442857142857142,0.7239129887578933
2024-12-22,56.26770798240493,57.733741341226086,56.14803295446051,57.32484817504883,11010700.0,0.1725243842229246,4.33,4.43,4.34,4.29,4.27,4.3,4.32,4.37,4.45,4.52,4.79,4.72,439.75,446.25,191422.0,-8.3,-4.1,1.6,0.0,-5.498571428571428,-0.84,2.2728571428571427,0.2442857142857142,-2.8014285714285725,-3.26,-0.6728571428571426,-0.2442857142857142,0.7239129887578933
2024-12-23,57.414604437507144,57.504361658065434,55.99843918469911,56.766357421875,2456500.0,-0.0323128178715705,4.33,4.44,4.36,4.3,4.26,4.3,4.36,4.44,4.52,4.59,4.85,4.78,446.0,447.75,132878.0,-4.4,0.3,1.15,0.0,-6.398571428571429,-1.6214285714285714,2.351428571428571,0.3842857142857143,1.998571428571428,1.9214285714285717,-1.201428571428571,-0.3842857142857143,0.6935340786442475
2024-12-24,56.985765758872525,57.359753550049305,56.24776531474798,57.32484817504883,986400.0,-0.0323128178715705,4.33,4.44,4.4,4.3,4.24,4.29,4.36,4.43,4.52,4.59,4.84,4.76,447.25,448.5,88153.0,-3.55,-1.35,1.8,0.0,-6.388571428571429,-1.2614285714285711,2.174285714285714,0.4899999999999999,2.838571428571429,-0.0885714285714289,-0.3742857142857139,-0.4899999999999999,0.4085141122261331
2024-12-25,56.985765758872525,57.359753550049305,56.24776531474798,57.32484817504883,986400.0,-0.0323128178715705,4.33,4.44,4.4,4.3,4.24,4.29,4.36,4.43,4.52,4.59,4.84,4.76,447.25,448.5,88153.0,-3.55,-1.35,1.8,0.0,-6.388571428571429,-1.2614285714285711,2.174285714285714,0.4899999999999999,2.838571428571429,-0.0885714285714289,-0.3742857142857139,-0.4899999999999999,0.4085141122261331
2024-12-26,56.736439133626185,57.6639291367015,56.467167474242984,57.27498245239258,1401600.0,-0.0323128178715705,4.33,4.45,4.35,4.31,4.23,4.3,4.35,4.42,4.49,4.58,4.83,4.76,448.5,453.75,176165.0,0.3,2.8,2.5,0.0,-5.461428571428572,-0.8157142857142856,2.1685714285714286,0.4385714285714285,5.761428571428572,3.6157142857142857,0.3314285714285714,-0.4385714285714285,0.9502748474726216
2024-12-27,56.81622334367791,57.763655985956426,56.796276872712006,57.08549499511719,1502100.0,0.3296422362327575,4.33,4.44,4.31,4.29,4.2,4.31,4.36,4.45,4.53,4.62,4.89,4.82,453.25,454.0,162024.0,-1.05,3.9,1.3,0.0,-5.308571428571429,-0.4128571428571428,2.005714285714286,0.3485714285714285,4.258571428571429,4.312857142857142,-0.7057142857142857,-0.3485714285714285,0.9613088799325932
2024-12-28,56.81622334367791,57.763655985956426,56.796276872712006,57.08549499511719,1502100.0,0.3296422362327575,4.33,4.44,4.31,4.29,4.2,4.31,4.36,4.45,4.53,4.62,4.89,4.82,453.25,454.0,162024.0,-1.05,3.9,1.3,0.0,-5.308571428571429,-0.4128571428571428,2.005714285714286,0.3485714285714285,4.258571428571429,4.312857142857142,-0.7057142857142857,-0.3485714285714285,0.9613088799325932
2024-12-29,56.81622334367791,57.763655985956426,56.796276872712006,57.08549499511719,1502100.0,0.3296422362327575,4.33,4.44,4.31,4.29,4.2,4.31,4.36,4.45,4.53,4.62,4.89,4.82,453.25,454.0,162024.0,-1.05,3.9,1.3,0.0,-5.308571428571429,-0.4128571428571428,2.005714285714286,0.3485714285714285,4.258571428571429,4.312857142857142,-0.7057142857142857,-0.3485714285714285,0.9613088799325932
2024-12-30,56.52700457936229,56.806247560913306,56.06824716555694,56.40732955932617,1802000.0,0.2581843137741089,4.33,4.43,4.37,4.25,4.17,4.24,4.29,4.37,4.46,4.55,4.84,4.77,453.75,452.25,217069.0,-2.75,1.65,1.8,5.6,-6.2,-1.3342857142857143,2.2985714285714285,0.7571428571428571,3.45,2.984285714285714,-0.4985714285714284,4.8428571428571425,1.0731069070017156
